simulation_time_s,body_name,ground_truth_color,x_m,y_m,z_m,vx_m_s,vy_m_s,vz_m_s,wx_rad_s,wy_rad_s,wz_rad_s,touch_left_N,touch_right_N,bilateral_finger_contact,wrist_relative_x_m,wrist_relative_y_m,wrist_relative_z_m,slip_from_first_bilateral_contact_m
0,object_red_01,RED,0,-0.25,0.008,0,0,0,0,0,0,0,0,0,-0.19,0.415692194,-0.092,
0.04,object_red_01,RED,0,-0.25,0.0078649486,0,0,0.00199105093,0,0,0,0,0,0,-0.19,0.415692194,-0.091651426,
0.08,object_red_01,RED,0,-0.25,0.00792305256,0,0,0.000842489064,0,0,0,0,0,0,-0.19,0.415692194,-0.0914022479,
0.12,object_red_01,RED,0,-0.25,0.00794109802,0,0,0.000217432202,0,0,0,0,0,0,-0.19,0.415692194,-0.0910599429,
0.16,object_red_01,RED,0,-0.25,0.00794559181,0,0,5.26718427e-05,0,0,0,0,0,0,-0.19,0.415692194,-0.0902982311,
0.2,object_red_01,RED,0,-0.25,0.00794667412,0,0,1.26284259e-05,0,0,0,0,0,0,-0.19,0.415692194,-0.0890204493,
0.24,object_red_01,RED,0,-0.25,0.00794693338,0,0,3.02287131e-06,0,0,0,0,0,0,-0.19,0.415692194,-0.0872156415,
0.28,object_red_01,RED,0,-0.25,0.00794699543,0,0,7.23431101e-07,0,0,0,0,0,0,-0.19,0.415692194,-0.0849338475,
0.32,object_red_01,RED,0,-0.25,0.00794701028,0,0,1.73128143e-07,0,0,0,0,0,0,-0.19,0.415692194,-0.0822720285,
0.36,object_red_01,RED,0,-0.25,0.00794701383,0,0,4.14323528e-08,0,0,0,0,0,0,-0.19,0.415692194,-0.0793619801,
0.4,object_red_01,RED,0,-0.25,0.00794701468,0,0,9.91545163e-09,0,0,0,0,0,0,-0.19,0.415692194,-0.0763574681,
0.44,object_red_01,RED,0,-0.25,0.00794701489,0,0,2.37293463e-09,0,0,0,0,0,0,-0.19,0.415692194,-0.0734192831,
0.48,object_red_01,RED,0,-0.25,0.00794701493,0,0,5.67883332e-10,0,0,0,0,0,0,-0.19,0.415692194,-0.070701489,
0.52,object_red_01,RED,0,-0.25,0.00794701495,0,0,1.92911365e-10,0,0,0,0,0,0,-0.19,0.415692194,-0.0683434877,
0.56,object_red_01,RED,0,-0.25,0.00794701495,0,0,2.4572964e-11,0,0,0,0,0,0,-0.19,0.415692194,-0.0664490349,
0.6,object_red_01,RED,0,-0.25,0.00794701495,0,0,4.17251459e-11,0,0,0,0,0,0,-0.19,0.415692194,-0.0650760125,
0.64,object_red_01,RED,0,-0.25,0.00794701495,0,0,6.26703118e-12,0,0,0,0,0,0,-0.19,0.415692194,-0.0642303678,
0.68,object_red_01,RED,0,-0.25,0.00794701495,0,0,-1.06856975e-11,0,0,0,0,0,0,-0.19,0.415692194,-0.0638410694,
0.72,object_red_01,RED,0,-0.25,0.00794701495,0,0,-1.94071332e-11,0,0,0,0,0,0,-0.19,0.415692194,-0.063756159,
0.76,object_red_01,RED,0,-0.25,0.00794701495,0,0,1.23797188e-11,0,0,0,0,0,0,-0.190002151,0.415691209,-0.063756334,
0.8,object_red_01,RED,0,-0.25,0.00794701495,0,0,-6.45775151e-12,0,0,0,0,0,0,-0.190043225,0.415672405,-0.0637563148,
0.84,object_red_01,RED,0,-0.25,0.00794701495,0,0,-1.81453688e-11,0,0,0,0,0,0,-0.190222871,0.415590144,-0.0637563141,
0.88,object_red_01,RED,0,-0.25,0.00794701495,0,0,2.02660798e-11,0,0,0,0,0,0,-0.19067046,0.41538485,-0.0637563141,
0.92,object_red_01,RED,0,-0.25,0.00794701495,0,0,-3.64393282e-12,0,0,0,0,0,0,-0.191518062,0.414994572,-0.0637563141,
0.96,object_red_01,RED,0,-0.25,0.00794701495,0,0,-1.57940884e-11,0,0,0,0,0,0,-0.19288936,0.414358805,-0.0637563141,
1,object_red_01,RED,0,-0.25,0.00794701495,0,0,3.13698803e-11,0,0,0,0,0,0,-0.194894919,0.413419118,-0.0637563141,
1.04,object_red_01,RED,0,-0.25,0.00794701495,0,0,3.42728157e-12,0,0,0,0,0,0,-0.197630548,0.412118249,-0.0637563141,
1.08,object_red_01,RED,0,-0.25,0.00794701495,0,0,-1.14185225e-11,0,0,0,0,0,0,-0.201176353,0.410398909,-0.0637563141,
1.12,object_red_01,RED,0,-0.25,0.00794701495,0,0,-2.05950876e-11,0,0,0,0,0,0,-0.205596047,0.408202615,-0.0637563141,
1.16,object_red_01,RED,0,-0.25,0.00794701495,0,0,9.78165561e-12,0,0,0,0,0,0,-0.210936917,0.405468444,-0.0637563141,
1.2,object_red_01,RED,0,-0.25,0.00794701495,0,0,-9.57616392e-12,0,0,0,0,0,0,-0.217228699,0.402132664,-0.0637563141,
1.24,object_red_01,RED,0,-0.25,0.00794701495,0,0,-1.88627053e-11,0,0,0,0,0,0,-0.224484859,0.39812748,-0.0637563141,
1.28,object_red_01,RED,0,-0.25,0.00794701495,0,0,1.90601886e-11,0,0,0,0,0,0,-0.232700607,0.393381921,-0.0637563141,
1.32,object_red_01,RED,0,-0.25,0.00794701495,0,0,-3.69349278e-12,0,0,0,0,0,0,-0.241852774,0.38782228,-0.0637563141,
1.36,object_red_01,RED,0,-0.25,0.00794701495,0,0,-1.5254357e-11,0,0,0,0,0,0,-0.251900561,0.381372494,-0.0637563141,
1.4,object_red_01,RED,0,-0.25,0.00794701495,0,0,2.92001448e-11,0,0,0,0,0,0,-0.262785925,0.373955111,-0.0637563141,
1.44,object_red_01,RED,0,-0.25,0.00794701495,0,0,1.26235681e-12,0,0,0,0,0,0,-0.274431889,0.365494202,-0.0637563141,
1.48,object_red_01,RED,0,-0.25,0.00794701495,0,0,-1.18639697e-11,0,0,0,0,0,0,-0.28674433,0.35591653,-0.0637563141,
1.52,object_red_01,RED,0,-0.25,0.00794701495,0,0,-2.01593226e-11,0,0,0,0,0,0,-0.299612789,0.345153714,-0.0637563141,
1.56,object_red_01,RED,0,-0.25,0.00794701495,0,0,9.28430016e-12,0,0,0,0,0,0,-0.312910454,0.333145595,-0.0637563141,
1.6,object_red_01,RED,0,-0.25,0.00794701495,0,0,-9.25144572e-12,0,0,0,0,0,0,-0.32649728,0.319841372,-0.0637563141,
1.64,object_red_01,RED,0,-0.25,0.00794701495,0,0,-1.81436915e-11,0,0,0,0,0,0,-0.340219442,0.305204443,-0.0637563141,
1.68,object_red_01,RED,0,-0.25,0.00794701495,0,0,1.73293372e-11,0,0,0,0,0,0,-0.35391445,0.28921209,-0.0637563141,
1.72,object_red_01,RED,0,-0.25,0.00794701495,0,0,-5.59693852e-12,0,0,0,0,0,0,-0.367411081,0.271860671,-0.0637563141,
1.76,object_red_01,RED,0,-0.25,0.00794701495,0,0,-1.5533134e-11,0,0,0,0,0,0,-0.380534573,0.253165217,-0.0637563141,
1.8,object_red_01,RED,0,-0.25,0.00794701495,0,0,2.78155244e-11,0,0,0,0,0,0,-0.393109077,0.233161977,-0.0637563141,
1.84,object_red_01,RED,0,-0.25,0.00794701495,0,0,1.09761732e-12,0,0,0,0,0,0,-0.404961389,0.21190941,-0.0637563141,
1.88,object_red_01,RED,0,-0.25,0.00794701495,0,0,-1.37503922e-11,0,0,0,0,0,0,-0.415925434,0.189487288,-0.0637563141,
1.92,object_red_01,RED,0,-0.25,0.00794701495,0,0,3.74914292e-11,0,0,0,0,0,0,-0.425845203,0.16599801,-0.0637563141,
1.96,object_red_01,RED,0,-0.25,0.00794701495,0,0,7.60507513e-12,0,0,0,0,0,0,-0.43457925,0.141564236,-0.0637563141,
2,object_red_01,RED,0,-0.25,0.00794701495,0,0,-1.10717063e-11,0,0,0,0,0,0,-0.442004094,0.116327216,-0.0637563141,
2.04,object_red_01,RED,0,-0.25,0.00794701495,0,0,-1.83466136e-11,0,0,0,0,0,0,-0.448017273,0.0904447244,-0.0637563141,
2.08,object_red_01,RED,0,-0.25,0.00794701495,0,0,1.63798502e-11,0,0,0,0,0,0,-0.452540155,0.0640875942,-0.0637563141,
2.12,object_red_01,RED,0,-0.25,0.00794701495,0,0,-5.50127321e-12,0,0,0,0,0,0,-0.455519936,0.0374364438,-0.0637563141,
2.16,object_red_01,RED,0,-0.25,0.00794701495,0,0,-1.72446888e-11,0,0,0,0,0,0,-0.456931038,0.0106777193,-0.0637563141,
2.2,object_red_01,RED,0,-0.25,0.00794701495,0,0,2.39258331e-11,0,0,0,0,0,0,-0.456775721,-0.0160005224,-0.0637563141,
2.24,object_red_01,RED,0,-0.25,0.00794701495,0,0,-2.91153585e-13,0,0,0,0,0,0,-0.4550839,-0.0424123513,-0.0637563141,
2.28,object_red_01,RED,0,-0.25,0.00794701495,0,0,-1.53744115e-11,0,0,0,0,0,0,-0.451912188,-0.0683785387,-0.0637563141,
2.32,object_red_01,RED,0,-0.25,0.00794701495,0,0,3.54665228e-11,0,0,0,0,0,0,-0.447342173,-0.0937300165,-0.0637563141,
2.36,object_red_01,RED,0,-0.25,0.00794701495,0,0,7.02742521e-12,0,0,0,0,0,0,-0.441478319,-0.118310243,-0.0637563141,
2.4,object_red_01,RED,0,-0.25,0.00794701495,0,0,-1.07607851e-11,0,0,0,0,0,0,-0.434444617,-0.141980193,-0.0637563141,
2.44,object_red_01,RED,0,-0.25,0.00794701495,0,0,-1.98971119e-11,0,0,0,0,0,0,-0.426381756,-0.164618277,-0.0637563141,
2.48,object_red_01,RED,0,-0.25,0.00794701495,0,0,1.27915871e-11,0,0,0,0,0,0,-0.417443154,-0.186123259,-0.0637563141,
2.52,object_red_01,RED,0,-0.25,0.00794701495,0,0,-6.64160193e-12,0,0,0,0,0,0,-0.407791125,-0.206414932,-0.0637563141,
2.56,object_red_01,RED,0,-0.25,0.00794701495,0,0,-1.86959744e-11,0,0,0,0,0,0,-0.397593793,-0.225432849,-0.0637563141,
2.6,object_red_01,RED,0,-0.25,0.00794701495,0,0,2.23909661e-11,0,0,0,0,0,0,-0.387019828,-0.243138867,-0.0637563141,
2.64,object_red_01,RED,0,-0.25,0.00794701495,0,0,-5.62382568e-13,0,0,0,0,0,0,-0.376236763,-0.259512643,-0.0637563141,
2.68,object_red_01,RED,0,-0.25,0.00794701495,0,0,-1.48925589e-11,0,0,0,0,0,0,-0.365405953,-0.274553191,-0.0637563141,
2.72,object_red_01,RED,0,-0.25,0.00794701495,0,0,3.26985454e-11,0,0,0,0,0,0,-0.35468093,-0.288274954,-0.0637563141,
2.76,object_red_01,RED,0,-0.25,0.00794701495,0,0,3.71480928e-12,0,0,0,0,0,0,-0.344204338,-0.300706541,-0.0637563141,
2.8,object_red_01,RED,0,-0.25,0.00794701495,0,0,-1.16899834e-11,0,0,0,0,0,0,-0.334105394,-0.311888871,-0.0637563141,
2.84,object_red_01,RED,0,-0.25,0.00794701495,0,0,-2.11958669e-11,0,0,0,0,0,0,-0.324499807,-0.321871064,-0.0637563141,
2.88,object_red_01,RED,0,-0.25,0.00794701495,0,0,1.16659226e-11,0,0,0,0,0,0,-0.315486119,-0.330710798,-0.0637563141,
2.92,object_red_01,RED,0,-0.25,0.00794701495,0,0,-6.6637642e-12,0,0,0,0,0,0,-0.30714625,-0.338470548,-0.0637563141,
2.96,object_red_01,RED,0,-0.25,0.00794701495,0,0,-1.80819227e-11,0,0,0,0,0,0,-0.299544436,-0.345216252,-0.0637563141,
3,object_red_01,RED,0,-0.25,0.00794701495,0,0,2.0034725e-11,0,0,0,0,0,0,-0.292727764,-0.351015065,-0.0637563141,
3.04,object_red_01,RED,0,-0.25,0.00794701495,0,0,-3.6244079e-12,0,0,0,0,0,0,-0.286723951,-0.355936055,-0.0637563141,
3.08,object_red_01,RED,0,-0.25,0.00794701495,0,0,-1.56458011e-11,0,0,0,0,0,0,-0.281543174,-0.360047927,-0.0637563141,
3.12,object_red_01,RED,0,-0.25,0.00794701495,0,0,3.10622031e-11,0,0,0,0,0,0,-0.277177749,-0.36341921,-0.0637563141,
3.16,object_red_01,RED,0,-0.25,0.00794701495,0,0,3.39394182e-12,0,0,0,0,0,0,-0.273602538,-0.366118321,-0.0637563141,
3.2,object_red_01,RED,0,-0.25,0.00794701495,0,0,-1.13074935e-11,0,0,0,0,0,0,-0.270775125,-0.368214259,-0.0637563141,
3.24,object_red_01,RED,0,-0.25,0.00794701495,0,0,-2.03943282e-11,0,0,0,0,0,0,-0.268636643,-0.369777211,-0.0637563141,
3.28,object_red_01,RED,0,-0.25,0.00794701495,0,0,9.68666479e-12,0,0,0,0,0,0,-0.267112025,-0.37087991,-0.0637563141,
3.32,object_red_01,RED,0,-0.25,0.00794701495,0,0,-9.48260419e-12,0,0,0,0,0,0,-0.266110721,-0.371598873,-0.0637563141,
3.36,object_red_01,RED,0,-0.25,0.00794701495,0,0,-1.86788084e-11,0,0,0,0,0,0,-0.265527219,-0.372015883,-0.0637563141,
3.4,object_red_01,RED,0,-0.25,0.00794701495,0,0,1.88733439e-11,0,0,0,0,0,0,-0.265241456,-0.372219505,-0.0637563141,
3.44,object_red_01,RED,0,-0.25,0.00794701495,0,0,-3.65725159e-12,0,0,0,0,0,0,-0.265124527,-0.372302612,-0.0637563141,
3.48,object_red_01,RED,0,-0.25,0.00794701495,0,0,-1.51054986e-11,0,0,0,0,0,0,-0.26507981,-0.372334286,-0.0637563141,
3.52,object_red_01,RED,0,-0.25,0.00794701495,0,0,2.89130203e-11,0,0,0,0,0,0,-0.265062894,-0.372346228,-0.0637563141,
3.56,object_red_01,RED,0,-0.25,0.00794701495,0,0,1.24945202e-12,0,0,0,0,0,0,-0.265056503,-0.372350749,-0.0637563141,
3.6,object_red_01,RED,0,-0.25,0.00794701495,0,0,-1.41190674e-11,0,0,0,0,0,0,-0.265054087,-0.372352503,-0.0637563141,
3.64,object_red_01,RED,0,-0.25,0.00794701495,0,0,-2.0950783e-11,0,0,0,0,0,0,-0.265053172,-0.372353235,-0.0637563141,
3.68,object_red_01,RED,0,-0.25,0.00794701495,0,0,8.89115375e-12,0,0,0,0,0,0,-0.265052828,-0.372353601,-0.0637563141,
3.72,object_red_01,RED,0,-0.25,0.00794701495,0,0,-9.29648758e-12,0,0,0,0,0,0,-0.265052701,-0.372353854,-0.0637563141,
3.76,object_red_01,RED,0,-0.25,0.00794701495,0,0,-1.80222487e-11,0,0,0,0,0,0,-0.265052658,-0.372354094,-0.0637563141,
3.8,object_red_01,RED,0,-0.25,0.00794701495,0,0,1.71410008e-11,0,0,0,0,0,0,-0.26505265,-0.372354366,-0.0637563141,
3.84,object_red_01,RED,0,-0.25,0.00794701495,0,0,-5.54985531e-12,0,0,0,0,0,0,-0.265052656,-0.372354693,-0.0637563141,
3.88,object_red_01,RED,0,-0.25,0.00794701495,0,0,-1.77199034e-11,0,0,0,0,0,0,-0.265052669,-0.37235509,-0.0637563141,
3.92,object_red_01,RED,0,-0.25,0.00794701495,0,0,2.68948483e-11,0,0,0,0,0,0,-0.265052688,-0.372355564,-0.0637563141,
3.96,object_red_01,RED,0,-0.25,0.00794701495,0,0,7.76735592e-13,0,0,0,0,0,0,-0.26505271,-0.372356123,-0.0637563141,
4,object_red_01,RED,0,-0.25,0.00794701495,0,0,-1.37488291e-11,0,0,0,0,0,0,-0.265052737,-0.372356776,-0.0637563141,
4.04,object_red_01,RED,0,-0.25,0.00794701495,0,0,3.70838934e-11,0,0,0,0,0,0,-0.265052768,-0.372357529,-0.0637563141,
4.08,object_red_01,RED,0,-0.25,0.00794701495,0,0,7.5123291e-12,0,0,0,0,0,0,-0.265052804,-0.372358389,-0.0637563141,
4.12,object_red_01,RED,0,-0.25,0.00794701495,0,0,-1.09690461e-11,0,0,0,0,0,0,-0.265052844,-0.372359363,-0.0637563141,
4.16,object_red_01,RED,0,-0.25,0.00794701495,0,0,-2.04546909e-11,0,0,0,0,0,0,-0.265052889,-0.372360459,-0.0637563141,
4.2,object_red_01,RED,0,-0.25,0.00794701495,0,0,1.5540343e-11,0,0,0,0,0,0,-0.26505294,-0.372361683,-0.0637563141,
4.24,object_red_01,RED,0,-0.25,0.00794701495,0,0,-5.75838044e-12,0,0,0,0,0,0,-0.265052996,-0.372363042,-0.0637563141,
4.28,object_red_01,RED,0,-0.25,0.00794701495,0,0,-1.72063705e-11,0,0,0,0,0,0,-0.265053058,-0.372364544,-0.0637563141,
4.32,object_red_01,RED,0,-0.25,0.00794701495,0,0,2.36502323e-11,0,0,0,0,0,0,-0.265053126,-0.372366195,-0.0637563141,
4.36,object_red_01,RED,0,-0.25,0.00794701495,0,0,-3.05368125e-13,0,0,0,0,0,0,-0.265053201,-0.372368002,-0.0637563141,
4.4,object_red_01,RED,0,-0.25,0.00794701495,0,0,-1.52298464e-11,0,0,0,0,0,0,-0.265053282,-0.372369972,-0.0637563141,
4.44,object_red_01,RED,0,-0.25,0.00794701495,0,0,3.37311356e-11,0,0,0,0,0,0,-0.26505337,-0.372372113,-0.0637563141,
4.48,object_red_01,RED,0,-0.25,0.00794701495,0,0,6.25874799e-12,0,0,0,0,0,0,-0.265053465,-0.37237443,-0.0637563141,
4.52,object_red_01,RED,0,-0.25,0.00794701495,0,0,-1.09645958e-11,0,0,0,0,0,0,-0.265053568,-0.37237693,-0.0637563141,
4.56,object_red_01,RED,0,-0.25,0.00794701495,0,0,-1.98289978e-11,0,0,0,0,0,0,-0.265053678,-0.372379621,-0.0637563141,
4.6,object_red_01,RED,0,-0.25,0.00794701495,0,0,1.26237856e-11,0,0,0,0,0,0,-0.265053796,-0.372382509,-0.0637563141,
4.64,object_red_01,RED,0,-0.25,0.00794701495,0,0,-6.59358013e-12,0,0,0,0,0,0,-0.265053923,-0.372385601,-0.0637563141,
4.68,object_red_01,RED,0,-0.25,0.00794701495,0,0,-1.85160068e-11,0,0,0,0,0,0,-0.265054058,-0.372388904,-0.0637563141,
4.72,object_red_01,RED,0,-0.25,0.00794701495,0,0,2.21657925e-11,0,0,0,0,0,0,-0.265054201,-0.372392423,-0.0637563141,
4.76,object_red_01,RED,0,-0.25,0.00794701495,0,0,-5.58039335e-13,0,0,0,0,0,0,-0.265054354,-0.372396167,-0.0637563141,
4.8,object_red_01,RED,0,-0.25,0.00794701495,0,0,-1.4744243e-11,0,0,0,0,0,0,-0.265054515,-0.37240014,-0.0637563141,
4.84,object_red_01,RED,0,-0.25,0.00794701495,0,0,3.23701014e-11,0,0,0,0,0,0,-0.265054686,-0.372404351,-0.0637563141,
4.88,object_red_01,RED,0,-0.25,0.00794701495,0,0,3.67655528e-12,0,0,0,0,0,0,-0.265054867,-0.372408805,-0.0637563141,
4.92,object_red_01,RED,0,-0.25,0.00794701495,0,0,-1.15724663e-11,0,0,0,0,0,0,-0.265055058,-0.372413509,-0.0637563141,
4.96,object_red_01,RED,0,-0.25,0.00794701495,0,0,-2.098302e-11,0,0,0,0,0,0,-0.265055259,-0.37241847,-0.0637563141,
5,object_red_01,RED,0,-0.25,0.00794701495,0,0,1.15485054e-11,0,0,0,0,0,0,-0.265055471,-0.372423693,-0.0637563141,
5.04,object_red_01,RED,0,-0.25,0.00794701495,0,0,-6.59696692e-12,0,0,0,0,0,0,-0.265055693,-0.372429186,-0.0637563141,
5.08,object_red_01,RED,0,-0.25,0.00794701495,0,0,-1.78998674e-11,0,0,0,0,0,0,-0.265055926,-0.372434955,-0.0637563141,
5.12,object_red_01,RED,0,-0.25,0.00794701495,0,0,1.98344438e-11,0,0,0,0,0,0,-0.265056171,-0.372441006,-0.0637563141,
5.16,object_red_01,RED,0,-0.25,0.00794701495,0,0,-3.58729592e-12,0,0,0,0,0,0,-0.265056427,-0.372447345,-0.0637563141,
5.2,object_red_01,RED,0,-0.25,0.00794701495,0,0,-1.54886595e-11,0,0,0,0,0,0,-0.265056695,-0.372453979,-0.0637563141,
5.24,object_red_01,RED,0,-0.25,0.00794701495,0,0,2.98185005e-11,0,0,0,0,0,0,-0.265056974,-0.372460914,-0.0637563141,
5.28,object_red_01,RED,0,-0.25,0.00794701495,0,0,2.89874551e-12,0,0,0,0,0,0,-0.265057266,-0.372468156,-0.0637563141,
5.32,object_red_01,RED,0,-0.25,0.00794701495,0,0,-1.1397438e-11,0,0,0,0,0,0,-0.265057571,-0.372475712,-0.0637563141,
5.36,object_red_01,RED,0,-0.25,0.00794701495,0,0,-2.02759689e-11,0,0,0,0,0,0,-0.265057888,-0.372483588,-0.0637563141,
5.4,object_red_01,RED,0,-0.25,0.00794701495,0,0,9.56304148e-12,0,0,0,0,0,0,-0.265058218,-0.372491789,-0.0637563141,
5.44,object_red_01,RED,0,-0.25,0.00794701495,0,0,-9.40015415e-12,0,0,0,0,0,0,-0.265058562,-0.372500322,-0.0637563141,
5.48,object_red_01,RED,0,-0.25,0.00794701495,0,0,-1.84970029e-11,0,0,0,0,0,0,-0.265058918,-0.372509194,-0.0637563141,
5.52,object_red_01,RED,0,-0.25,0.00794701495,0,0,1.76884694e-11,0,0,0,0,0,0,-0.265059289,-0.372518409,-0.0637563141,
5.56,object_red_01,RED,0,-0.25,0.00794701495,0,0,-4.08798463e-12,0,0,0,0,0,0,-0.265059674,-0.372527975,-0.0637563141,
5.6,object_red_01,RED,0,-0.25,0.00794701495,0,0,-1.51552014e-11,0,0,0,0,0,0,-0.265060072,-0.372537896,-0.0637563141,
5.64,object_red_01,RED,0,-0.25,0.00794701495,0,0,2.85707472e-11,0,0,0,0,0,0,-0.265060485,-0.37254818,-0.0637563141,
5.68,object_red_01,RED,0,-0.25,0.00794701495,0,0,1.21082687e-12,0,0,0,0,0,0,-0.265060913,-0.372558832,-0.0637563141,
5.72,object_red_01,RED,0,-0.25,0.00794701495,0,0,-1.39903657e-11,0,0,0,0,0,0,-0.265061356,-0.372569858,-0.0637563141,
5.76,object_red_01,RED,0,-0.25,0.00794701495,0,0,3.82626296e-11,0,0,0,0,0,0,-0.265061814,-0.372581263,-0.0637563141,
5.8,object_red_01,RED,0,-0.25,0.00794701495,0,0,7.76366201e-12,0,0,0,0,0,0,-0.265062288,-0.372593055,-0.0637563141,
5.84,object_red_01,RED,0,-0.25,0.00794701495,0,0,-9.67228961e-12,0,0,0,0,0,0,-0.265062777,-0.372605237,-0.0637563141,
5.88,object_red_01,RED,0,-0.25,0.00794701495,0,0,-1.80385582e-11,0,0,0,0,0,0,-0.265063282,-0.372617817,-0.0637563141,
5.92,object_red_01,RED,0,-0.25,0.00794701495,0,0,1.69132755e-11,0,0,0,0,0,0,-0.265063803,-0.3726308,-0.0637563141,
5.96,object_red_01,RED,0,-0.25,0.00794701495,0,0,-5.52064467e-12,0,0,0,0,0,0,-0.265064341,-0.372644192,-0.0637563141,
6,object_red_01,RED,0,-0.25,0.00794701495,0,0,-1.75552674e-11,0,0,0,0,0,0,-0.265064895,-0.372657998,-0.0637563141,
6.04,object_red_01,RED,0,-0.25,0.00794701495,0,0,2.44252121e-11,0,0,0,0,0,0,-0.265065466,-0.372672224,-0.0637563141,
6.08,object_red_01,RED,0,-0.25,0.00794701495,0,0,-2.91753143e-13,0,0,0,0,0,0,-0.265066054,-0.372686876,-0.0637563141,
6.12,object_red_01,RED,0,-0.25,0.00794701495,0,0,-1.40776621e-11,0,0,0,0,0,0,-0.26506666,-0.372701958,-0.0637563141,
6.16,object_red_01,RED,0,-0.25,0.00794701495,0,0,3.65970445e-11,0,0,0,0,0,0,-0.265067283,-0.372717478,-0.0637563141,
6.2,object_red_01,RED,0,-0.25,0.00794701495,0,0,7.37716784e-12,0,0,0,0,0,0,-0.265067925,-0.37273344,-0.0637563141,
6.24,object_red_01,RED,0,-0.25,0.00794701495,0,0,-1.0886721e-11,0,0,0,0,0,0,-0.265068584,-0.37274985,-0.0637563141,
6.28,object_red_01,RED,0,-0.25,0.00794701495,0,0,-2.02633746e-11,0,0,0,0,0,0,-0.265069261,-0.372766713,-0.0637563141,
6.32,object_red_01,RED,0,-0.25,0.00794701495,0,0,1.53811958e-11,0,0,0,0,0,0,-0.265069958,-0.372784034,-0.0637563141,
6.36,object_red_01,RED,0,-0.25,0.00794701495,0,0,-5.70310683e-12,0,0,0,0,0,0,-0.265070673,-0.37280182,-0.0637563141,
6.4,object_red_01,RED,0,-0.25,0.00794701495,0,0,-1.70351715e-11,0,0,0,0,0,0,-0.265071407,-0.372820075,-0.0637563141,
6.44,object_red_01,RED,0,-0.25,0.00794701495,0,0,2.34143987e-11,0,0,0,0,0,0,-0.26507216,-0.372838804,-0.0637563141,
6.48,object_red_01,RED,0,-0.25,0.00794701495,0,0,-3.02659404e-13,0,0,0,0,0,0,-0.265072933,-0.372858014,-0.0637563141,
6.52,object_red_01,RED,0,-0.25,0.00794701495,0,0,-1.50772052e-11,0,0,0,0,0,0,-0.265073726,-0.372877709,-0.0637563141,
6.56,object_red_01,RED,0,-0.25,0.00794701495,0,0,3.33939052e-11,0,0,0,0,0,0,-0.265074538,-0.372897894,-0.0637563141,
6.6,object_red_01,RED,0,-0.25,0.00794701495,0,0,6.19646882e-12,0,0,0,0,0,0,-0.265075371,-0.372918575,-0.0637563141,
6.64,object_red_01,RED,0,-0.25,0.00794701495,0,0,-1.0854591e-11,0,0,0,0,0,0,-0.265076225,-0.372939756,-0.0637563141,
6.68,object_red_01,RED,0,-0.25,0.00794701495,0,0,-1.96306223e-11,0,0,0,0,0,0,-0.265077099,-0.372961443,-0.0637563141,
6.72,object_red_01,RED,0,-0.25,0.00794701495,0,0,1.24976891e-11,0,0,0,0,0,0,-0.265077995,-0.372983641,-0.0637563141,
6.76,object_red_01,RED,0,-0.25,0.00794701495,0,0,-6.52741096e-12,0,0,0,0,0,0,-0.265078911,-0.373006355,-0.0637563141,
6.8,object_red_01,RED,0,-0.25,0.00794701495,0,0,-1.83312606e-11,0,0,0,0,0,0,-0.265079849,-0.37302959,-0.0637563141,
6.84,object_red_01,RED,0,-0.25,0.00794701495,0,0,2.04717534e-11,0,0,0,0,0,0,-0.265080809,-0.373053351,-0.0637563141,
6.88,object_red_01,RED,0,-0.25,0.00794701495,0,0,-1.25204293e-12,0,0,0,0,0,0,-0.26508179,-0.373077643,-0.0637563141,
6.92,object_red_01,RED,0,-0.25,0.00794701495,0,0,-1.49009991e-11,0,0,0,0,0,0,-0.265082794,-0.37310247,-0.0637563141,
6.96,object_red_01,RED,0,-0.25,0.00794701495,0,0,3.19671051e-11,0,0,0,0,0,0,-0.26508382,-0.373127838,-0.0637563141,
7,object_red_01,RED,0,-0.25,0.00794701495,0,0,3.6006647e-12,0,0,0,0,0,0,-0.265084869,-0.373153751,-0.0637563141,
7.04,object_red_01,RED,0,-0.25,0.00794701495,0,0,-1.1475013e-11,0,0,0,0,0,0,-0.265085941,-0.373180215,-0.0637563141,
7.08,object_red_01,RED,0,-0.25,0.00794701495,0,0,-2.07806439e-11,0,0,0,0,0,0,-0.265087035,-0.373207233,-0.0637563141,
7.12,object_red_01,RED,0,-0.25,0.00794701495,0,0,9.88826644e-12,0,0,0,0,0,0,-0.265088153,-0.373234811,-0.0637563141,
7.16,object_red_01,RED,0,-0.25,0.00794701495,0,0,-7.23510805e-12,0,0,0,0,0,0,-0.265089295,-0.373262953,-0.0637563141,
7.2,object_red_01,RED,0,-0.25,0.00794701495,0,0,-1.80186835e-11,0,0,0,0,0,0,-0.265090461,-0.373291664,-0.0637563141,
7.24,object_red_01,RED,0,-0.25,0.00794701495,0,0,1.95473979e-11,0,0,0,0,0,0,-0.26509165,-0.373320948,-0.0637563141,
7.28,object_red_01,RED,0,-0.25,0.00794701495,0,0,-3.59163559e-12,0,0,0,0,0,0,-0.265092864,-0.373350811,-0.0637563141,
7.32,object_red_01,RED,0,-0.25,0.00794701495,0,0,-1.53489088e-11,0,0,0,0,0,0,-0.265094102,-0.373381256,-0.0637563141,
7.36,object_red_01,RED,0,-0.25,0.00794701495,0,0,2.95091281e-11,0,0,0,0,0,0,-0.265095365,-0.373412288,-0.0637563141,
7.4,object_red_01,RED,0,-0.25,0.00794701495,0,0,1.28213511e-12,0,0,0,0,0,0,-0.265096653,-0.373443911,-0.0637563141,
7.44,object_red_01,RED,0,-0.25,0.00794701495,0,0,-1.19800664e-11,0,0,0,0,0,0,-0.265097967,-0.37347613,-0.0637563141,
7.48,object_red_01,RED,0,-0.25,0.00794701495,0,0,-2.03600677e-11,0,0,0,0,0,0,-0.265099305,-0.37350895,-0.0637563141,
7.52,object_red_01,RED,0,-0.25,0.00794701495,0,0,9.37651088e-12,0,0,0,0,0,0,-0.265100669,-0.373542374,-0.0637563141,
7.56,object_red_01,RED,0,-0.25,0.00794701495,0,0,-9.34412395e-12,0,0,0,0,0,0,-0.26510206,-0.373576407,-0.0637563141,
7.6,object_red_01,RED,0,-0.25,0.00794701495,0,0,-1.83244121e-11,0,0,0,0,0,0,-0.265103476,-0.373611053,-0.0637563141,
7.64,object_red_01,RED,0,-0.25,0.00794701495,0,0,1.75022885e-11,0,0,0,0,0,0,-0.265104918,-0.373646317,-0.0637563141,
7.68,object_red_01,RED,0,-0.25,0.00794701495,0,0,-5.65244054e-12,0,0,0,0,0,0,-0.265106387,-0.373682201,-0.0637563141,
7.72,object_red_01,RED,0,-0.25,0.00794701495,0,0,-1.56882234e-11,0,0,0,0,0,0,-0.265107883,-0.373718712,-0.0637563141,
7.76,object_red_01,RED,0,-0.25,0.00794701495,0,0,2.80882558e-11,0,0,0,0,0,0,-0.265109405,-0.373755852,-0.0637563141,
7.8,object_red_01,RED,0,-0.25,0.00794701495,0,0,1.10704967e-12,0,0,0,0,0,0,-0.265110955,-0.373793626,-0.0637563141,
7.84,object_red_01,RED,0,-0.25,0.00794701495,0,0,-1.38868989e-11,0,0,0,0,0,0,-0.265112532,-0.373832037,-0.0637563141,
7.88,object_red_01,RED,0,-0.25,0.00794701495,0,0,3.78572993e-11,0,0,0,0,0,0,-0.265114136,-0.373871091,-0.0637563141,
7.92,object_red_01,RED,0,-0.25,0.00794701495,0,0,7.67965954e-12,0,0,0,0,0,0,-0.265115768,-0.373910789,-0.0637563141,
7.96,object_red_01,RED,0,-0.25,0.00794701495,0,0,-9.5750219e-12,0,0,0,0,0,0,-0.265117429,-0.373951138,-0.0637563141,
8,object_red_01,RED,0,-0.25,0.00794701495,0,0,-1.78540939e-11,0,0,0,0,0,0,-0.265119117,-0.37399214,-0.0637563141,
8.04,object_red_01,RED,0,-0.25,0.00794701495,0,0,1.6736784e-11,0,0,0,0,0,0,-0.265120833,-0.374033798,-0.0637563141,
8.08,object_red_01,RED,0,-0.25,0.00794701495,0,0,-5.46426116e-12,0,0,0,0,0,0,-0.265122579,-0.374076118,-0.0637563141,
8.12,object_red_01,RED,0,-0.25,0.00794701495,0,0,-1.73730764e-11,0,0,0,0,0,0,-0.265124352,-0.374119103,-0.0637563141,
8.16,object_red_01,RED,0,-0.25,0.00794701495,0,0,2.41700855e-11,0,0,0,0,0,0,-0.265126155,-0.374162756,-0.0637563141,
8.2,object_red_01,RED,0,-0.25,0.00794701495,0,0,-2.88580478e-13,0,0,0,0,0,0,-0.265127987,-0.37420708,-0.0637563141,
8.24,object_red_01,RED,0,-0.25,0.00794701495,0,0,-1.39311342e-11,0,0,0,0,0,0,-0.265129848,-0.374252081,-0.0637563141,
8.28,object_red_01,RED,0,-0.25,0.00794701495,0,0,3.62191226e-11,0,0,0,0,0,0,-0.265131738,-0.37429776,-0.0637563141,
8.32,object_red_01,RED,0,-0.25,0.00794701495,0,0,7.30032082e-12,0,0,0,0,0,0,-0.265133658,-0.374344122,-0.0637563141,
8.36,object_red_01,RED,0,-0.25,0.00794701495,0,0,-1.07745785e-11,0,0,0,0,0,0,-0.265135608,-0.37439117,-0.0637563141,
8.4,object_red_01,RED,0,-0.25,0.00794701495,0,0,-2.00524476e-11,0,0,0,0,0,0,-0.265137587,-0.374438908,-0.0637563141,
8.44,object_red_01,RED,0,-0.25,0.00794701495,0,0,1.29263308e-11,0,0,0,0,0,0,-0.265139597,-0.374487339,-0.0637563141,
8.48,object_red_01,RED,0,-0.25,0.00794701495,0,0,-6.70116525e-12,0,0,0,0,0,0,-0.265141637,-0.374536465,-0.0637563141,
8.52,object_red_01,RED,0,-0.25,0.00794701495,0,0,-1.73093697e-11,0,0,0,0,0,0,-0.265143707,-0.374586292,-0.0637563141,
8.56,object_red_01,RED,0,-0.25,0.00794701495,0,0,2.30454024e-11,0,0,0,0,0,0,-0.265145807,-0.374636821,-0.0637563141,
8.6,object_red_01,RED,0,-0.25,0.00794701495,0,0,-3.60316975e-13,0,0,0,0,0,0,-0.265147938,-0.374688056,-0.0637563141,
8.64,object_red_01,RED,0,-0.25,0.00794701495,0,0,-1.49462373e-11,0,0,0,0,0,0,-0.2651501,-0.37474,-0.0637563141,
8.68,object_red_01,RED,0,-0.25,0.00794701495,0,0,3.30380456e-11,0,0,0,0,0,0,-0.265152293,-0.374792657,-0.0637563141,
8.72,object_red_01,RED,0,-0.25,0.00794701495,0,0,3.76147137e-12,0,0,0,0,0,0,-0.265154516,-0.374846029,-0.0637563141,
8.76,object_red_01,RED,0,-0.25,0.00794701495,0,0,-1.17978041e-11,0,0,0,0,0,0,-0.265156771,-0.374900119,-0.0637563141,
8.8,object_red_01,RED,0,-0.25,0.00794701495,0,0,-1.98680262e-11,0,0,0,0,0,0,-0.265159056,-0.374954931,-0.0637563141,
8.84,object_red_01,RED,0,-0.25,0.00794701495,0,0,1.22363029e-11,0,0,0,0,0,0,-0.265161373,-0.375010467,-0.0637563141,
8.88,object_red_01,RED,0,-0.25,0.00794701495,0,0,-6.51942398e-12,0,0,0,0,0,0,-0.265163721,-0.37506673,-0.0637563141,
8.92,object_red_01,RED,0,-0.25,0.00794701495,0,0,-1.81663284e-11,0,0,0,0,0,0,-0.2651661,-0.375123723,-0.0637563141,
8.96,object_red_01,RED,0,-0.25,0.00794701495,0,0,2.02520615e-11,0,0,0,0,0,0,-0.265168511,-0.37518145,-0.0637563141,
9,object_red_01,RED,0,-0.25,0.00794701495,0,0,-3.64641313e-12,0,0,0,0,0,0,-0.265170954,-0.375239911,-0.0637563141,
9.04,object_red_01,RED,0,-0.25,0.00794701495,0,0,-1.57900949e-11,0,0,0,0,0,0,-0.265173427,-0.375299112,-0.0637563141,
9.08,object_red_01,RED,0,-0.25,0.00794701495,0,0,3.13622216e-11,0,0,0,0,0,0,-0.265175933,-0.375359053,-0.0637563141,
9.12,object_red_01,RED,0,-0.25,0.00794701495,0,0,3.42734224e-12,0,0,0,0,0,0,-0.265178469,-0.375419738,-0.0637563141,
9.16,object_red_01,RED,0,-0.25,0.00794701495,0,0,-1.14160993e-11,0,0,0,0,0,0,-0.265181038,-0.375481169,-0.0637563141,
9.2,object_red_01,RED,0,-0.25,0.00794701495,0,0,-2.05900056e-11,0,0,0,0,0,0,-0.265183638,-0.375543349,-0.0637563141,
9.24,object_red_01,RED,0,-0.25,0.00794701495,0,0,9.77856859e-12,0,0,0,0,0,0,-0.265186269,-0.375606281,-0.0637563141,
9.28,object_red_01,RED,0,-0.25,0.00794701495,0,0,-9.57350516e-12,0,0,0,0,0,0,-0.265188932,-0.375669966,-0.0637563141,
9.32,object_red_01,RED,0,-0.25,0.00794701495,0,0,-1.88575983e-11,0,0,0,0,0,0,-0.265191627,-0.375734407,-0.0637563141,
9.36,object_red_01,RED,0,-0.25,0.00794701495,0,0,1.90550281e-11,0,0,0,0,0,0,-0.265194353,-0.375799607,-0.0637563141,
9.4,object_red_01,RED,0,-0.25,0.00794701495,0,0,-3.69170837e-12,0,0,0,0,0,0,-0.26519711,-0.375865567,-0.0637563141,
9.44,object_red_01,RED,0,-0.25,0.00794701495,0,0,-1.52509131e-11,0,0,0,0,0,0,-0.265199898,-0.375932291,-0.0637563141,
9.48,object_red_01,RED,0,-0.25,0.00794701495,0,0,2.91915011e-11,0,0,0,0,0,0,-0.265202718,-0.37599978,-0.0637563141,
9.52,object_red_01,RED,0,-0.25,0.00794701495,0,0,1.26153599e-12,0,0,0,0,0,0,-0.265205569,-0.376068036,-0.0637563141,
9.56,object_red_01,RED,0,-0.25,0.00794701495,0,0,-1.18608434e-11,0,0,0,0,0,0,-0.265208451,-0.376137062,-0.0637563141,
9.6,object_red_01,RED,0,-0.25,0.00794701495,0,0,-2.01532734e-11,0,0,0,0,0,0,-0.265211364,-0.376206859,-0.0637563141,
9.64,object_red_01,RED,0,-0.25,0.00794701495,0,0,9.27883276e-12,0,0,0,0,0,0,-0.265214308,-0.37627743,-0.0637563141,
9.68,object_red_01,RED,0,-0.25,0.00794701495,0,0,-9.24838369e-12,0,0,0,0,0,0,-0.265217282,-0.376348777,-0.0637563141,
9.72,object_red_01,RED,0,-0.25,0.00794701495,0,0,-1.81362898e-11,0,0,0,0,0,0,-0.265220286,-0.376420901,-0.0637563141,
9.76,object_red_01,RED,0,-0.25,0.00794701495,0,0,1.73215073e-11,0,0,0,0,0,0,-0.265223321,-0.376493804,-0.0637563141,
9.8,object_red_01,RED,0,-0.25,0.00794701495,0,0,-5.59443679e-12,0,0,0,0,0,0,-0.265226385,-0.376567489,-0.0637563141,
9.84,object_red_01,RED,0,-0.25,0.00794701495,0,0,-1.55264924e-11,0,0,0,0,0,0,-0.26522948,-0.376641957,-0.0637563141,
9.88,object_red_01,RED,0,-0.25,0.00794701495,0,0,2.78009708e-11,0,0,0,0,0,0,-0.265232604,-0.376717209,-0.0637563141,
9.92,object_red_01,RED,0,-0.25,0.00794701495,0,0,1.0963504e-12,0,0,0,0,0,0,-0.265235757,-0.376793248,-0.0637563141,
9.96,object_red_01,RED,0,-0.25,0.00794701495,0,0,-1.3743997e-11,0,0,0,0,0,0,-0.265238939,-0.376870075,-0.0637563141,
10,object_red_01,RED,0,-0.25,0.00794701495,0,0,3.74702876e-11,0,0,0,0,0,0,-0.265242149,-0.376947692,-0.0637563141,
10.04,object_red_01,RED,0,-0.25,0.00794701495,0,0,7.59965056e-12,0,0,0,0,0,0,-0.265245388,-0.3770261,-0.0637563141,
10.08,object_red_01,RED,0,-0.25,0.00794701495,0,0,-1.10660104e-11,0,0,0,0,0,0,-0.265248655,-0.3771053,-0.0637563141,
10.12,object_red_01,RED,0,-0.25,0.00794701495,0,0,-1.83365246e-11,0,0,0,0,0,0,-0.265251949,-0.377185295,-0.0637563141,
10.16,object_red_01,RED,0,-0.25,0.00794701495,0,0,1.63701502e-11,0,0,0,0,0,0,-0.265255223,-0.377266141,-0.0637563141,
10.2,object_red_01,RED,0,-0.25,0.00794701495,0,0,-5.49847883e-12,0,0,0,0,0,0,-0.265256925,-0.377349626,-0.0637563141,
10.24,object_red_01,RED,0,-0.25,0.00794701495,0,0,-1.72343821e-11,0,0,0,0,0,0,-0.265254472,-0.377438566,-0.0637563141,
10.28,object_red_01,RED,0,-0.25,0.00794701495,0,0,2.39116542e-11,0,0,0,0,0,0,-0.265246627,-0.377534223,-0.0637563141,
10.32,object_red_01,RED,0,-0.25,0.00794701495,0,0,-2.91467639e-13,0,0,0,0,0,0,-0.265232942,-0.377637054,-0.0637563141,
10.36,object_red_01,RED,0,-0.25,0.00794701495,0,0,-1.53652147e-11,0,0,0,0,0,0,-0.265213307,-0.377747193,-0.0637563141,
10.4,object_red_01,RED,0,-0.25,0.00794701495,0,0,3.54421015e-11,0,0,0,0,0,0,-0.265187772,-0.377864621,-0.0637563141,
10.44,object_red_01,RED,0,-0.25,0.00794701495,0,0,7.02251097e-12,0,0,0,0,0,0,-0.265156466,-0.377989216,-0.0637563141,
10.48,object_red_01,RED,0,-0.25,0.00794701495,0,0,-1.07536903e-11,0,0,0,0,0,0,-0.265119574,-0.378120781,-0.0637563141,
10.52,object_red_01,RED,0,-0.25,0.00794701495,0,0,-1.98833042e-11,0,0,0,0,0,0,-0.265077317,-0.378259065,-0.0637563141,
10.56,object_red_01,RED,0,-0.25,0.00794701495,0,0,1.27825902e-11,0,0,0,0,0,0,-0.265029943,-0.378403776,-0.0637563141,
10.6,object_red_01,RED,0,-0.25,0.00794701495,0,0,-6.63651996e-12,0,0,0,0,0,0,-0.264977728,-0.378554596,-0.0637563141,
10.64,object_red_01,RED,0,-0.25,0.00794701495,0,0,-1.86829268e-11,0,0,0,0,0,0,-0.264920971,-0.378711178,-0.0637563141,
10.68,object_red_01,RED,0,-0.25,0.00794701495,0,0,2.23764911e-11,0,0,0,0,0,0,-0.264859994,-0.378873153,-0.0637563141,
10.72,object_red_01,RED,0,-0.25,0.00794701495,0,0,-5.61825835e-13,0,0,0,0,0,0,-0.264795145,-0.379040125,-0.0637563141,
10.76,object_red_01,RED,0,-0.25,0.00794701495,0,0,-1.48832729e-11,0,0,0,0,0,0,-0.264726799,-0.379211672,-0.0637563141,
10.8,object_red_01,RED,0,-0.25,0.00794701495,0,0,3.26772325e-11,0,0,0,0,0,0,-0.264655355,-0.379387343,-0.0637563141,
10.84,object_red_01,RED,0,-0.25,0.00794701495,0,0,3.71202204e-12,0,0,0,0,0,0,-0.264581244,-0.379566658,-0.0637563141,
10.88,object_red_01,RED,0,-0.25,0.00794701495,0,0,-1.16828565e-11,0,0,0,0,0,0,-0.264504921,-0.379749107,-0.0637563141,
10.92,object_red_01,RED,0,-0.25,0.00794701495,0,0,-2.11812812e-11,0,0,0,0,0,0,-0.264426876,-0.37993415,-0.0637563141,
10.96,object_red_01,RED,0,-0.25,0.00794701495,0,0,1.16576644e-11,0,0,0,0,0,0,-0.264347625,-0.380121215,-0.0637563141,
11,object_red_01,RED,0,-0.25,0.00794701495,0,0,-6.65998127e-12,0,0,0,0,0,0,-0.264267718,-0.380309699,-0.0637563141,
11.04,object_red_01,RED,0,-0.25,0.00794701495,0,0,-1.80689001e-11,0,0,0,0,0,0,-0.264187738,-0.380498966,-0.0637563141,
11.08,object_red_01,RED,0,-0.25,0.00794701495,0,0,2.00199751e-11,0,0,0,0,0,0,-0.264108301,-0.380688346,-0.0637563141,
11.12,object_red_01,RED,0,-0.25,0.00794701495,0,0,-3.62094616e-12,0,0,0,0,0,0,-0.264030057,-0.380877135,-0.0637563141,
11.16,object_red_01,RED,0,-0.25,0.00794701495,0,0,-1.56341917e-11,0,0,0,0,0,0,-0.263953692,-0.381064593,-0.0637563141,
11.2,object_red_01,RED,0,-0.25,0.00794701495,0,0,3.10390987e-11,0,0,0,0,0,0,-0.263879931,-0.381249944,-0.0637563141,
11.24,object_red_01,RED,0,-0.25,0.00794701495,0,0,3.39109749e-12,0,0,0,0,0,0,-0.263809533,-0.381432375,-0.0637563141,
11.28,object_red_01,RED,0,-0.25,0.00794701495,0,0,-1.12989176e-11,0,0,0,0,0,0,-0.263743298,-0.381611035,-0.0637563141,
11.32,object_red_01,RED,0,-0.25,0.00794701495,0,0,-2.03801386e-11,0,0,0,0,0,0,-0.263682064,-0.381785034,-0.0637563141,
11.36,object_red_01,RED,0,-0.25,0.00794701495,0,0,9.67887767e-12,0,0,0,0,0,0,-0.263626711,-0.38195344,-0.0637563141,
11.4,object_red_01,RED,0,-0.25,0.00794701495,0,0,-9.47637663e-12,0,0,0,0,0,0,-0.26357816,-0.382115282,-0.0637563141,
11.44,object_red_01,RED,0,-0.25,0.00794701495,0,0,-1.86653755e-11,0,0,0,0,0,0,-0.263537374,-0.382269546,-0.0637563141,
11.48,object_red_01,RED,0,-0.25,0.00794701495,0,0,1.88594506e-11,0,0,0,0,0,0,-0.263505361,-0.382415171,-0.0637563141,
11.52,object_red_01,RED,0,-0.25,0.00794701495,0,0,-3.65464636e-12,0,0,0,0,0,0,-0.26348317,-0.382551056,-0.0637563141,
11.56,object_red_01,RED,0,-0.25,0.00794701495,0,0,-1.50940071e-11,0,0,0,0,0,0,-0.263471897,-0.38267605,-0.0637563141,
11.6,object_red_01,RED,0,-0.25,0.00794701495,0,0,2.88933384e-11,0,0,0,0,0,0,-0.263472685,-0.382788954,-0.0637563141,
11.64,object_red_01,RED,0,-0.25,0.00794701495,0,0,1.25009084e-12,0,0,0,0,0,0,-0.263486721,-0.382888522,-0.0637563141,
11.68,object_red_01,RED,0,-0.25,0.00794701495,0,0,-1.41093495e-11,0,0,0,0,0,0,-0.263515238,-0.382973454,-0.0637563141,
11.72,object_red_01,RED,0,-0.25,0.00794701495,0,0,-2.09366006e-11,0,0,0,0,0,0,-0.263559522,-0.3830424,-0.0637563141,
11.76,object_red_01,RED,0,-0.25,0.00794701495,0,0,8.88535088e-12,0,0,0,0,0,0,-0.263620901,-0.383093953,-0.0637563141,
11.8,object_red_01,RED,0,-0.25,0.00794701495,0,0,-9.29087742e-12,0,0,0,0,0,0,-0.263700754,-0.38312665,-0.0637563141,
11.84,object_red_01,RED,0,-0.25,0.00794701495,0,0,-1.80104003e-11,0,0,0,0,0,0,-0.263800511,-0.383138969,-0.0637563141,
11.88,object_red_01,RED,0,-0.25,0.00794701495,0,0,1.71300303e-11,0,0,0,0,0,0,-0.263921647,-0.383129327,-0.0637563141,
11.92,object_red_01,RED,0,-0.25,0.00794701495,0,0,-5.54559773e-12,0,0,0,0,0,0,-0.264065689,-0.383096078,-0.0637563141,
11.96,object_red_01,RED,0,-0.25,0.00794701495,0,0,-1.77084511e-11,0,0,0,0,0,0,-0.264234211,-0.383037509,-0.0637563141,
12,object_red_01,RED,0,-0.25,0.00794701495,0,0,2.68776324e-11,0,0,0,0,0,0,-0.264428838,-0.382951837,-0.0637563141,
12.04,object_red_01,RED,0,-0.25,0.00794701495,0,0,7.759683e-13,0,0,0,0,0,0,-0.264651242,-0.382837209,-0.0637563141,
12.08,object_red_01,RED,0,-0.25,0.00794701495,0,0,-1.3740189e-11,0,0,0,0,0,0,-0.264903141,-0.382691697,-0.0637563141,
12.12,object_red_01,RED,0,-0.25,0.00794701495,0,0,3.70573344e-11,0,0,0,0,0,0,-0.265186256,-0.382513401,-0.0637563141,
12.16,object_red_01,RED,0,-0.25,0.00794701495,0,0,7.50677961e-12,0,0,0,0,0,0,-0.265500044,-0.382306848,-0.0637563141,
12.2,object_red_01,RED,0,-0.25,0.00794701495,0,0,-1.09614124e-11,0,0,0,0,0,0,-0.265839648,-0.38209084,-0.0637563141,
12.24,object_red_01,RED,0,-0.25,0.00794701495,0,0,-2.04406513e-11,0,0,0,0,0,0,-0.266199969,-0.381884411,-0.0637563141,
12.28,object_red_01,RED,0,-0.25,0.00794701495,0,0,1.55293011e-11,0,0,0,0,0,0,-0.266577747,-0.381698498,-0.0637563141,
12.32,object_red_01,RED,0,-0.25,0.00794701495,0,0,-5.7548616e-12,0,0,0,0,0,0,-0.266971649,-0.38153609,-0.0637563141,
12.36,object_red_01,RED,0,-0.25,0.00794701495,0,0,-1.71939475e-11,0,0,0,0,0,0,-0.267381452,-0.38139566,-0.0637563141,
12.4,object_red_01,RED,0,-0.25,0.00794701495,0,0,2.36333519e-11,0,0,0,0,0,0,-0.267807239,-0.38127439,-0.0637563141,
12.44,object_red_01,RED,0,-0.25,0.00794701495,0,0,-3.04715034e-13,0,0,0,0,0,0,-0.268248954,-0.381169924,-0.0637563141,
12.48,object_red_01,RED,0,-0.25,0.00794701495,0,0,-1.52185119e-11,0,0,0,0,0,0,-0.268706276,-0.381080802,-0.0637563141,
12.52,object_red_01,RED,0,-0.25,0.00794701495,0,0,3.37061861e-11,0,0,0,0,0,0,-0.269178683,-0.381006204,-0.0637563141,
12.56,object_red_01,RED,0,-0.25,0.00794701495,0,0,6.25496863e-12,0,0,0,0,0,0,-0.26966554,-0.38094555,-0.0637563141,
12.6,object_red_01,RED,0,-0.25,0.00794701495,0,0,-1.09565053e-11,0,0,0,0,0,0,-0.270166174,-0.38089822,-0.0637563141,
12.64,object_red_01,RED,0,-0.25,0.00794701495,0,0,-1.98147618e-11,0,0,0,0,0,0,-0.270679896,-0.380863444,-0.0637563141,
12.68,object_red_01,RED,0,-0.25,0.00794701495,0,0,1.26158843e-11,0,0,0,0,0,0,-0.271206004,-0.38084031,-0.0637563141,
12.72,object_red_01,RED,0,-0.25,0.00794701495,0,0,-6.5879093e-12,0,0,0,0,0,0,-0.27174377,-0.380827802,-0.0637563141,
12.76,object_red_01,RED,0,-0.25,0.00794701495,0,0,-1.85038943e-11,0,0,0,0,0,0,-0.272292432,-0.380824845,-0.0637563141,
12.8,object_red_01,RED,0,-0.25,0.00794701495,0,0,2.21521276e-11,0,0,0,0,0,0,-0.272851186,-0.380830324,-0.0637563141,
12.84,object_red_01,RED,0,-0.25,0.00794701495,0,0,-5.56943713e-13,0,0,0,0,0,0,-0.273419188,-0.380843087,-0.0637563141,
12.88,object_red_01,RED,0,-0.25,0.00794701495,0,0,-1.47357136e-11,0,0,0,0,0,0,-0.27399555,-0.380861942,-0.0637563141,
12.92,object_red_01,RED,0,-0.25,0.00794701495,0,0,3.23508334e-11,0,0,0,0,0,0,-0.274579347,-0.380885654,-0.0637563141,
12.96,object_red_01,RED,0,-0.25,0.00794701495,0,0,3.67337191e-12,0,0,0,0,0,0,-0.27516961,-0.380912932,-0.0637563141,
13,object_red_01,RED,0,-0.25,0.00794701495,0,0,-1.15656606e-11,0,0,0,0,0,0,-0.275765335,-0.380942438,-0.0637563141,
13.04,object_red_01,RED,0,-0.25,0.00794701495,0,0,-2.09697262e-11,0,0,0,0,0,0,-0.276365474,-0.380972778,-0.0637563141,
13.08,object_red_01,RED,0,-0.25,0.00794701495,0,0,1.15400831e-11,0,0,0,0,0,0,-0.276968941,-0.381002505,-0.0637563141,
13.12,object_red_01,RED,0,-0.25,0.00794701495,0,0,-6.59249164e-12,0,0,0,0,0,0,-0.277574606,-0.381030119,-0.0637563141,
13.16,object_red_01,RED,0,-0.25,0.00794701495,0,0,-1.78880154e-11,0,0,0,0,0,0,-0.2781813,-0.381054067,-0.0637563141,
13.2,object_red_01,RED,0,-0.25,0.00794701495,0,0,1.98215176e-11,0,0,0,0,0,0,-0.278787807,-0.381072741,-0.0637563141,
13.24,object_red_01,RED,0,-0.25,0.00794701495,0,0,-3.5848049e-12,0,0,0,0,0,0,-0.279392869,-0.381084477,-0.0637563141,
13.28,object_red_01,RED,0,-0.25,0.00794701495,0,0,-1.54784992e-11,0,0,0,0,0,0,-0.279995183,-0.381087557,-0.0637563141,
13.32,object_red_01,RED,0,-0.25,0.00794701495,0,0,2.97969949e-11,0,0,0,0,0,0,-0.280593395,-0.381080201,-0.0637563141,
13.36,object_red_01,RED,0,-0.25,0.00794701495,0,0,2.896904e-12,0,0,0,0,0,0,-0.281186109,-0.381060574,-0.0637563141,
13.4,object_red_01,RED,0,-0.25,0.00794701495,0,0,-1.1389708e-11,0,0,0,0,0,0,-0.281773619,-0.381026082,-0.0637563141,
13.44,object_red_01,RED,0,-0.25,0.00794701495,0,0,-2.02618899e-11,0,0,0,0,0,0,-0.282361475,-0.38097642,-0.0637563141,
13.48,object_red_01,RED,0,-0.25,0.00794701495,0,0,9.55654269e-12,0,0,0,0,0,0,-0.282952136,-0.380919592,-0.0637563141,
13.52,object_red_01,RED,0,-0.25,0.00794701495,0,0,-9.39322711e-12,0,0,0,0,0,0,-0.283545457,-0.380863724,-0.0637563141,
13.56,object_red_01,RED,0,-0.25,0.00794701495,0,0,-1.84839768e-11,0,0,0,0,0,0,-0.284141218,-0.380812533,-0.0637563141,
13.6,object_red_01,RED,0,-0.25,0.00794701495,0,0,1.76771206e-11,0,0,0,0,0,0,-0.284739662,-0.380765974,-0.0637563141,
13.64,object_red_01,RED,0,-0.25,0.00794701495,0,0,-4.08533657e-12,0,0,0,0,0,0,-0.285341269,-0.380722353,-0.0637563141,
13.68,object_red_01,RED,0,-0.25,0.00794701495,0,0,-1.51450588e-11,0,0,0,0,0,0,-0.285946463,-0.380679948,-0.0637563141,
13.72,object_red_01,RED,0,-0.25,0.00794701495,0,0,2.85528711e-11,0,0,0,0,0,0,-0.286555488,-0.380637665,-0.0637563141,
13.76,object_red_01,RED,0,-0.25,0.00794701495,0,0,1.21074836e-12,0,0,0,0,0,0,-0.287168429,-0.380595031,-0.0637563141,
13.8,object_red_01,RED,0,-0.25,0.00794701495,0,0,-1.39810439e-11,0,0,0,0,0,0,-0.287785276,-0.380551913,-0.0637563141,
13.84,object_red_01,RED,0,-0.25,0.00794701495,0,0,3.82399677e-11,0,0,0,0,0,0,-0.288405992,-0.380508267,-0.0637563141,
13.88,object_red_01,RED,0,-0.25,0.00794701495,0,0,7.76031447e-12,0,0,0,0,0,0,-0.289030546,-0.380463996,-0.0637563141,
13.92,object_red_01,RED,0,-0.25,0.00794701495,0,0,-9.66687574e-12,0,0,0,0,0,0,-0.289658924,-0.38041892,-0.0637563141,
13.96,object_red_01,RED,0,-0.25,0.00794701495,0,0,-1.80281551e-11,0,0,0,0,0,0,-0.290291123,-0.380372795,-0.0637563141,
14,object_red_01,RED,0,-0.25,0.00794701495,0,0,1.69036148e-11,0,0,0,0,0,0,-0.290927142,-0.380325347,-0.0637563141,
14.04,object_red_01,RED,0,-0.25,0.00794701495,0,0,-5.51698664e-12,0,0,0,0,0,0,-0.291566979,-0.380276292,-0.0637563141,
14.08,object_red_01,RED,0,-0.25,0.00794701495,0,0,-1.75451498e-11,0,0,0,0,0,0,-0.29221063,-0.380225345,-0.0637563141,
14.12,object_red_01,RED,0,-0.25,0.00794701495,0,0,2.44098733e-11,0,0,0,0,0,0,-0.292858084,-0.38017222,-0.0637563141,
14.16,object_red_01,RED,0,-0.25,0.00794701495,0,0,-2.92256345e-13,0,0,0,0,0,0,-0.293509328,-0.380116629,-0.0637563141,
14.2,object_red_01,RED,0,-0.25,0.00794701495,0,0,-1.40687865e-11,0,0,0,0,0,0,-0.294164347,-0.38005827,-0.0637563141,
14.24,object_red_01,RED,0,-0.25,0.00794701495,0,0,3.65751499e-11,0,0,0,0,0,0,-0.294823122,-0.379996837,-0.0637563141,
14.28,object_red_01,RED,0,-0.25,0.00794701495,0,0,7.37222148e-12,0,0,0,0,0,0,-0.295485632,-0.379932009,-0.0637563141,
14.32,object_red_01,RED,0,-0.25,0.00794701495,0,0,-1.08802115e-11,0,0,0,0,0,0,-0.296151854,-0.379863456,-0.0637563141,
14.36,object_red_01,RED,0,-0.25,0.00794701495,0,0,-2.02503877e-11,0,0,0,0,0,0,-0.296821762,-0.379790838,-0.0637563141,
14.4,object_red_01,RED,0,-0.25,0.00794701495,0,0,1.53738405e-11,0,0,0,0,0,0,-0.297495326,-0.379713804,-0.0637563141,
14.44,object_red_01,RED,0,-0.25,0.00794701495,0,0,-5.69934888e-12,0,0,0,0,0,0,-0.298172553,-0.379631973,-0.0637563141,
14.48,object_red_01,RED,0,-0.25,0.00794701495,0,0,-1.70254251e-11,0,0,0,0,0,0,-0.298853634,-0.37954502,-0.0637563141,
14.52,object_red_01,RED,0,-0.25,0.00794701495,0,0,2.34011264e-11,0,0,0,0,0,0,-0.299538714,-0.379452959,-0.0637563141,
14.56,object_red_01,RED,0,-0.25,0.00794701495,0,0,-3.02577321e-13,0,0,0,0,0,0,-0.300227837,-0.37935596,-0.0637563141,
14.6,object_red_01,RED,0,-0.25,0.00794701495,0,0,-1.50687864e-11,0,0,0,0,0,0,-0.300921007,-0.379254199,-0.0637563141,
14.64,object_red_01,RED,0,-0.25,0.00794701495,0,0,3.3375326e-11,0,0,0,0,0,0,-0.30161821,-0.379147854,-0.0637563141,
14.68,object_red_01,RED,0,-0.25,0.00794701495,0,0,6.19402062e-12,0,0,0,0,0,0,-0.302319418,-0.379037127,-0.0637563141,
14.72,object_red_01,RED,0,-0.25,0.00794701495,0,0,-1.08489166e-11,0,0,0,0,0,0,-0.303024593,-0.378922259,-0.0637563141,
14.76,object_red_01,RED,0,-0.25,0.00794701495,0,0,-1.9620255e-11,0,0,0,0,0,0,-0.30373369,-0.378803531,-0.0637563141,
14.8,object_red_01,RED,0,-0.25,0.00794701495,0,0,1.24926928e-11,0,0,0,0,0,0,-0.304446659,-0.378681251,-0.0637563141,
14.84,object_red_01,RED,0,-0.25,0.00794701495,0,0,-6.52370298e-12,0,0,0,0,0,0,-0.305163449,-0.378555744,-0.0637563141,
14.88,object_red_01,RED,0,-0.25,0.00794701495,0,0,-1.83222137e-11,0,0,0,0,0,0,-0.305884009,-0.378427351,-0.0637563141,
14.92,object_red_01,RED,0,-0.25,0.00794701495,0,0,2.04624032e-11,0,0,0,0,0,0,-0.306608291,-0.378296422,-0.0637563141,
14.96,object_red_01,RED,0,-0.25,0.00794701495,0,0,-1.25165393e-12,0,0,0,0,0,0,-0.307336247,-0.378163319,-0.0637563141,
15,object_red_01,RED,0,-0.25,0.00794701495,0,0,-1.489399e-11,0,0,0,0,0,0,-0.308067832,-0.378028418,-0.0637563141,
15.04,object_red_01,RED,0,-0.25,0.00794701495,0,0,3.1952059e-11,0,0,0,0,0,0,-0.308803002,-0.377892105,-0.0637563141,
15.08,object_red_01,RED,0,-0.25,0.00794701495,0,0,3.59886246e-12,0,0,0,0,0,0,-0.309541716,-0.377754783,-0.0637563141,
15.12,object_red_01,RED,0,-0.25,0.00794701495,0,0,-1.14693601e-11,0,0,0,0,0,0,-0.310283932,-0.377616869,-0.0637563141,
15.16,object_red_01,RED,0,-0.25,0.00794701495,0,0,-2.07710331e-11,0,0,0,0,0,0,-0.311029613,-0.377478793,-0.0637563141,
15.2,object_red_01,RED,0,-0.25,0.00794701495,0,0,9.88531147e-12,0,0,0,0,0,0,-0.311778722,-0.377340999,-0.0637563141,
15.24,object_red_01,RED,0,-0.25,0.00794701495,0,0,-7.23142862e-12,0,0,0,0,0,0,-0.312531227,-0.377203948,-0.0637563141,
15.28,object_red_01,RED,0,-0.25,0.00794701495,0,0,-1.80113853e-11,0,0,0,0,0,0,-0.313287095,-0.377068112,-0.0637563141,
15.32,object_red_01,RED,0,-0.25,0.00794701495,0,0,1.95407028e-11,0,0,0,0,0,0,-0.314046303,-0.376933975,-0.0637563141,
15.36,object_red_01,RED,0,-0.25,0.00794701495,0,0,-3.59055067e-12,0,0,0,0,0,0,-0.314809048,-0.376801779,-0.0637563141,
15.4,object_red_01,RED,0,-0.25,0.00794701495,0,0,-1.53428633e-11,0,0,0,0,0,0,-0.31557574,-0.376671353,-0.0637563141,
15.44,object_red_01,RED,0,-0.25,0.00794701495,0,0,2.94990534e-11,0,0,0,0,0,0,-0.316346533,-0.376542552,-0.0637563141,
15.48,object_red_01,RED,0,-0.25,0.00794701495,0,0,1.2827204e-12,0,0,0,0,0,0,-0.317121429,-0.3764152,-0.0637563141,
15.52,object_red_01,RED,0,-0.25,0.00794701495,0,0,-1.19751629e-11,0,0,0,0,0,0,-0.317900394,-0.376289015,-0.0637563141,
15.56,object_red_01,RED,0,-0.25,0.00794701495,0,0,-2.03539543e-11,0,0,0,0,0,0,-0.318683393,-0.376163617,-0.0637563141,
15.6,object_red_01,RED,0,-0.25,0.00794701495,0,0,9.37388067e-12,0,0,0,0,0,0,-0.319470393,-0.376038562,-0.0637563141,
15.64,object_red_01,RED,0,-0.25,0.00794701495,0,0,-9.34102267e-12,0,0,0,0,0,0,-0.32026136,-0.375913373,-0.0637563141,
15.68,object_red_01,RED,0,-0.25,0.00794701495,0,0,-1.83192123e-11,0,0,0,0,0,0,-0.321056253,-0.375787564,-0.0637563141,
15.72,object_red_01,RED,0,-0.25,0.00794701495,0,0,1.74952045e-11,0,0,0,0,0,0,-0.321855026,-0.375660638,-0.0637563141,
15.76,object_red_01,RED,0,-0.25,0.00794701495,0,0,-5.65107369e-12,0,0,0,0,0,0,-0.322657624,-0.375532091,-0.0637563141,
15.8,object_red_01,RED,0,-0.25,0.00794701495,0,0,-1.56826454e-11,0,0,0,0,0,0,-0.323463989,-0.375401407,-0.0637563141,
15.84,object_red_01,RED,0,-0.25,0.00794701495,0,0,2.80782882e-11,0,0,0,0,0,0,-0.324274053,-0.375268055,-0.0637563141,
15.88,object_red_01,RED,0,-0.25,0.00794701495,0,0,1.1073316e-12,0,0,0,0,0,0,-0.325087745,-0.375131491,-0.0637563141,
15.92,object_red_01,RED,0,-0.25,0.00794701495,0,0,-1.38812352e-11,0,0,0,0,0,0,-0.325904986,-0.374991152,-0.0637563141,
15.96,object_red_01,RED,0,-0.25,0.00794701495,0,0,3.78465929e-11,0,0,0,0,0,0,-0.32672569,-0.374846463,-0.0637563141,
16,object_red_01,RED,0,-0.25,0.00794701495,0,0,7.67779305e-12,0,0,0,0,0,0,-0.327549765,-0.374696835,-0.0637563141,
16.04,object_red_01,RED,0,-0.25,0.00794701495,0,0,-9.57264151e-12,0,0,0,0,0,0,-0.32837711,-0.374541661,-0.0637563141,
16.08,object_red_01,RED,0,-0.25,0.00794701495,0,0,-1.7848366e-11,0,0,0,0,0,0,-0.329207618,-0.37438032,-0.0637563141,
16.12,object_red_01,RED,0,-0.25,0.00794701495,0,0,1.67334721e-11,0,0,0,0,0,0,-0.330041172,-0.374212179,-0.0637563141,
16.16,object_red_01,RED,0,-0.25,0.00794701495,0,0,-5.46234471e-12,0,0,0,0,0,0,-0.33087775,-0.374036542,-0.0637563141,
16.2,object_red_01,RED,0,-0.25,0.00794701495,0,0,-1.73685726e-11,0,0,0,0,0,0,-0.3317176,-0.373852967,-0.0637563141,
16.24,object_red_01,RED,0,-0.25,0.00794701495,0,0,2.41630514e-11,0,0,0,0,0,0,-0.332560889,-0.373661617,-0.0637563141,
16.28,object_red_01,RED,0,-0.25,0.00794701495,0,0,-2.8827713e-13,0,0,0,0,0,0,-0.333407685,-0.37346286,-0.0637563141,
16.32,object_red_01,RED,0,-0.25,0.00794701495,0,0,-1.39273941e-11,0,0,0,0,0,0,-0.334258009,-0.373257081,-0.0637563141,
16.36,object_red_01,RED,0,-0.25,0.00794701495,0,0,3.62063427e-11,0,0,0,0,0,0,-0.335111865,-0.373044689,-0.0637563141,
16.4,object_red_01,RED,0,-0.25,0.00794701495,0,0,7.2996713e-12,0,0,0,0,0,0,-0.335969237,-0.372826153,-0.0637563141,
16.44,object_red_01,RED,0,-0.25,0.00794701495,0,0,-1.07705814e-11,0,0,0,0,0,0,-0.336830096,-0.372602017,-0.0637563141,
16.48,object_red_01,RED,0,-0.25,0.00794701495,0,0,-2.00471658e-11,0,0,0,0,0,0,-0.337694403,-0.372372888,-0.0637563141,
16.52,object_red_01,RED,0,-0.25,0.00794701495,0,0,1.29250996e-11,0,0,0,0,0,0,-0.338562122,-0.372139419,-0.0637563141,
16.56,object_red_01,RED,0,-0.25,0.00794701495,0,0,-6.69939155e-12,0,0,0,0,0,0,-0.339433215,-0.371902291,-0.0637563141,
16.6,object_red_01,RED,0,-0.25,0.00794701495,0,0,-1.73061757e-11,0,0,0,0,0,0,-0.340307653,-0.371662202,-0.0637563141,
16.64,object_red_01,RED,0,-0.25,0.00794701495,0,0,2.30409307e-11,0,0,0,0,0,0,-0.341185415,-0.371419871,-0.0637563141,
16.68,object_red_01,RED,0,-0.25,0.00794701495,0,0,-3.5917139e-13,0,0,0,0,0,0,-0.342066484,-0.371176032,-0.0637563141,
16.72,object_red_01,RED,0,-0.25,0.00794701495,0,0,-1.49440888e-11,0,0,0,0,0,0,-0.342950852,-0.37093144,-0.0637563141,
16.76,object_red_01,RED,0,-0.25,0.00794701495,0,0,3.30340914e-11,0,0,0,0,0,0,-0.343838518,-0.370686871,-0.0637563141,
16.8,object_red_01,RED,0,-0.25,0.00794701495,0,0,3.76024013e-12,0,0,0,0,0,0,-0.344729489,-0.370443123,-0.0637563141,
16.84,object_red_01,RED,0,-0.25,0.00794701495,0,0,-1.17962909e-11,0,0,0,0,0,0,-0.345623779,-0.370201013,-0.0637563141,
16.88,object_red_01,RED,0,-0.25,0.00794701495,0,0,-1.98647322e-11,0,0,0,0,0,0,-0.346521451,-0.369961332,-0.0637563141,
16.92,object_red_01,RED,0,-0.25,0.00794701495,0,0,1.22350895e-11,0,0,0,0,0,0,-0.34742301,-0.369724204,-0.0637563141,
16.96,object_red_01,RED,0,-0.25,0.00794701495,0,0,-6.518621e-12,0,0,0,0,0,0,-0.348328945,-0.36948928,-0.0637563141,
17,object_red_01,RED,0,-0.25,0.00794701495,0,0,-1.81643477e-11,0,0,0,0,0,0,-0.349239326,-0.369256272,-0.0637563141,
17.04,object_red_01,RED,0,-0.25,0.00794701495,0,0,2.02486533e-11,0,0,0,0,0,0,-0.350154051,-0.3690248,-0.0637563141,
17.08,object_red_01,RED,0,-0.25,0.00794701495,0,0,-3.64561729e-12,0,0,0,0,0,0,-0.351072985,-0.368794314,-0.0637563141,
17.12,object_red_01,RED,0,-0.25,0.00794701495,0,0,-1.57886852e-11,0,0,0,0,0,0,-0.351995989,-0.368564121,-0.0637563141,
17.16,object_red_01,RED,0,-0.25,0.00794701495,0,0,3.13564759e-11,0,0,0,0,0,0,-0.352922922,-0.368333439,-0.0637563141,
17.2,object_red_01,RED,0,-0.25,0.00794701495,0,0,3.42636439e-12,0,0,0,0,0,0,-0.353853638,-0.36810145,-0.0637563141,
17.24,object_red_01,RED,0,-0.25,0.00794701495,0,0,-1.14140222e-11,0,0,0,0,0,0,-0.354787978,-0.367867317,-0.0637563141,
17.28,object_red_01,RED,0,-0.25,0.00794701495,0,0,-2.05869436e-11,0,0,0,0,0,0,-0.355725767,-0.367630194,-0.0637563141,
17.32,object_red_01,RED,0,-0.25,0.00794701495,0,0,9.77614181e-12,0,0,0,0,0,0,-0.356666819,-0.367389225,-0.0637563141,
17.36,object_red_01,RED,0,-0.25,0.00794701495,0,0,-9.57237385e-12,0,0,0,0,0,0,-0.357610934,-0.367143535,-0.0637563141,
17.4,object_red_01,RED,0,-0.25,0.00794701495,0,0,-1.88535263e-11,0,0,0,0,0,0,-0.358557898,-0.366892234,-0.0637563141,
17.44,object_red_01,RED,0,-0.25,0.00794701495,0,0,1.90483758e-11,0,0,0,0,0,0,-0.359507482,-0.366634408,-0.0637563141,
17.48,object_red_01,RED,0,-0.25,0.00794701495,0,0,-3.69085543e-12,0,0,0,0,0,0,-0.360459446,-0.366369127,-0.0637563141,
17.52,object_red_01,RED,0,-0.25,0.00794701495,0,0,-1.52463486e-11,0,0,0,0,0,0,-0.361413533,-0.366095438,-0.0637563141,
17.56,object_red_01,RED,0,-0.25,0.00794701495,0,0,2.91857732e-11,0,0,0,0,0,0,-0.36236949,-0.365812356,-0.0637563141,
17.6,object_red_01,RED,0,-0.25,0.00794701495,0,0,1.2607794e-12,0,0,0,0,0,0,-0.363327376,-0.365518906,-0.0637563141,
17.64,object_red_01,RED,0,-0.25,0.00794701495,0,0,-1.18577279e-11,0,0,0,0,0,0,-0.364287469,-0.365214953,-0.0637563141,
17.68,object_red_01,RED,0,-0.25,0.00794701495,0,0,-2.01483806e-11,0,0,0,0,0,0,-0.365249939,-0.364901003,-0.0637563141,
17.72,object_red_01,RED,0,-0.25,0.00794701495,0,0,9.27801907e-12,0,0,0,0,0,0,-0.3662149,-0.364577683,-0.0637563141,
17.76,object_red_01,RED,0,-0.25,0.00794701495,0,0,-9.24648152e-12,0,0,0,0,0,0,-0.367182439,-0.364245652,-0.0637563141,
17.8,object_red_01,RED,0,-0.25,0.00794701495,0,0,-1.81327103e-11,0,0,0,0,0,0,-0.368152622,-0.363905643,-0.0637563141,
17.84,object_red_01,RED,0,-0.25,0.00794701495,0,0,1.73186986e-11,0,0,0,0,0,0,-0.369125501,-0.363558503,-0.0637563141,
17.88,object_red_01,RED,0,-0.25,0.00794701495,0,0,-5.59375872e-12,0,0,0,0,0,0,-0.370101114,-0.363205187,-0.0637563141,
17.92,object_red_01,RED,0,-0.25,0.00794701495,0,0,-1.55235125e-11,0,0,0,0,0,0,-0.371079502,-0.36284673,-0.0637563141,
17.96,object_red_01,RED,0,-0.25,0.00794701495,0,0,2.77968738e-11,0,0,0,0,0,0,-0.37206071,-0.362484215,-0.0637563141,
18,object_red_01,RED,0,-0.25,0.00794701495,0,0,1.09562236e-12,0,0,0,0,0,0,-0.373044797,-0.362118757,-0.0637563141,
18.04,object_red_01,RED,0,-0.25,0.00794701495,0,0,-1.37413489e-11,0,0,0,0,0,0,-0.374031838,-0.361751493,-0.0637563141,
18.08,object_red_01,RED,0,-0.25,0.00794701495,0,0,3.74662692e-11,0,0,0,0,0,0,-0.375021922,-0.361383581,-0.0637563141,
18.12,object_red_01,RED,0,-0.25,0.00794701495,0,0,7.60090677e-12,0,0,0,0,0,0,-0.376015155,-0.361016204,-0.0637563141,
18.16,object_red_01,RED,0,-0.25,0.00794701495,0,0,-1.10641475e-11,0,0,0,0,0,0,-0.377011657,-0.360650571,-0.0637563141,
18.2,object_red_01,RED,0,-0.25,0.00794701495,0,0,-1.83345582e-11,0,0,0,0,0,0,-0.378011607,-0.360287853,-0.0637563141,
18.24,object_red_01,RED,0,-0.25,0.00794701495,0,0,1.63706284e-11,0,0,0,0,0,0,-0.379015709,-0.359928282,-0.0637563141,
18.28,object_red_01,RED,0,-0.25,0.00794701495,0,0,-5.49763303e-12,0,0,0,0,0,0,-0.380024604,-0.3595713,-0.0637563141,
18.32,object_red_01,RED,0,-0.25,0.00794701495,0,0,-1.72340002e-11,0,0,0,0,0,0,-0.381038314,-0.35921645,-0.0637563141,
18.36,object_red_01,RED,0,-0.25,0.00794701495,0,0,2.39115436e-11,0,0,0,0,0,0,-0.3820566,-0.358863165,-0.0637563141,
18.4,object_red_01,RED,0,-0.25,0.00794701495,0,0,-2.91563997e-13,0,0,0,0,0,0,-0.383079154,-0.358510649,-0.0637563141,
18.44,object_red_01,RED,0,-0.25,0.00794701495,0,0,-1.53648828e-11,0,0,0,0,0,0,-0.384105661,-0.3581579,-0.0637563141,
18.48,object_red_01,RED,0,-0.25,0.00794701495,0,0,3.5441916e-11,0,0,0,0,0,0,-0.385135798,-0.357803787,-0.0637563141,
18.52,object_red_01,RED,0,-0.25,0.00794701495,0,0,7.02197208e-12,0,0,0,0,0,0,-0.386169229,-0.357447121,-0.0637563141,
18.56,object_red_01,RED,0,-0.25,0.00794701495,0,0,-1.07531335e-11,0,0,0,0,0,0,-0.387205599,-0.357086687,-0.0637563141,
18.6,object_red_01,RED,0,-0.25,0.00794701495,0,0,-1.9883886e-11,0,0,0,0,0,0,-0.388244527,-0.356721264,-0.0637563141,
18.64,object_red_01,RED,0,-0.25,0.00794701495,0,0,1.27833039e-11,0,0,0,0,0,0,-0.389285613,-0.356349618,-0.0637563141,
18.68,object_red_01,RED,0,-0.25,0.00794701495,0,0,-6.6369161e-12,0,0,0,0,0,0,-0.390328431,-0.355970499,-0.0637563141,
18.72,object_red_01,RED,0,-0.25,0.00794701495,0,0,-1.86838083e-11,0,0,0,0,0,0,-0.391372534,-0.355582637,-0.0637563141,
18.76,object_red_01,RED,0,-0.25,0.00794701495,0,0,2.23762127e-11,0,0,0,0,0,0,-0.39241745,-0.355184738,-0.0637563141,
18.8,object_red_01,RED,0,-0.25,0.00794701495,0,0,-5.62568146e-13,0,0,0,0,0,0,-0.393462706,-0.354775472,-0.0637563141,
18.84,object_red_01,RED,0,-0.25,0.00794701495,0,0,-1.48832586e-11,0,0,0,0,0,0,-0.394508219,-0.354353532,-0.0637563141,
18.88,object_red_01,RED,0,-0.25,0.00794701495,0,0,3.26795308e-11,0,0,0,0,0,0,-0.395554283,-0.353918771,-0.0637563141,
18.92,object_red_01,RED,0,-0.25,0.00794701495,0,0,3.71208271e-12,0,0,0,0,0,0,-0.396601165,-0.353471908,-0.0637563141,
18.96,object_red_01,RED,0,-0.25,0.00794701495,0,0,-1.1683192e-11,0,0,0,0,0,0,-0.397649108,-0.35301384,-0.0637563141,
19,object_red_01,RED,0,-0.25,0.00794701495,0,0,-2.11823376e-11,0,0,0,0,0,0,-0.39869834,-0.352545516,-0.0637563141,
19.04,object_red_01,RED,0,-0.25,0.00794701495,0,0,1.16588385e-11,0,0,0,0,0,0,-0.399749074,-0.352068002,-0.0637563141,
19.08,object_red_01,RED,0,-0.25,0.00794701495,0,0,-6.65996699e-12,0,0,0,0,0,0,-0.40080151,-0.351582525,-0.0637563141,
19.12,object_red_01,RED,0,-0.25,0.00794701495,0,0,-1.80699493e-11,0,0,0,0,0,0,-0.401855841,-0.351090454,-0.0637563141,
19.16,object_red_01,RED,0,-0.25,0.00794701495,0,0,2.00214705e-11,0,0,0,0,0,0,-0.402912267,-0.350593268,-0.0637563141,
19.2,object_red_01,RED,0,-0.25,0.00794701495,0,0,-3.6215707e-12,0,0,0,0,0,0,-0.403971006,-0.350092507,-0.0637563141,
19.24,object_red_01,RED,0,-0.25,0.00794701495,0,0,-1.56357834e-11,0,0,0,0,0,0,-0.405032296,-0.349589746,-0.0637563141,
19.28,object_red_01,RED,0,-0.25,0.00794701495,0,0,3.10423606e-11,0,0,0,0,0,0,-0.406096403,-0.349086585,-0.0637563141,
19.32,object_red_01,RED,0,-0.25,0.00794701495,0,0,3.39206463e-12,0,0,0,0,0,0,-0.40716362,-0.348584647,-0.0637563141,
19.36,object_red_01,RED,0,-0.25,0.00794701495,0,0,-1.13000025e-11,0,0,0,0,0,0,-0.408234269,-0.348085573,-0.0637563141,
19.4,object_red_01,RED,0,-0.25,0.00794701495,0,0,-2.03817125e-11,0,0,0,0,0,0,-0.409309074,-0.347590268,-0.0637563141,
19.44,object_red_01,RED,0,-0.25,0.00794701495,0,0,9.67930592e-12,0,0,0,0,0,0,-0.410389039,-0.347098057,-0.0637563141,
19.48,object_red_01,RED,0,-0.25,0.00794701495,0,0,-9.47702259e-12,0,0,0,0,0,0,-0.41147431,-0.346608251,-0.0637563141,
19.52,object_red_01,RED,0,-0.25,0.00794701495,0,0,-1.86664104e-11,0,0,0,0,0,0,-0.412564516,-0.346120166,-0.0637563141,
19.56,object_red_01,RED,0,-0.25,0.00794701495,0,0,1.8860953e-11,0,0,0,0,0,0,-0.413659126,-0.345632856,-0.0637563141,
19.6,object_red_01,RED,0,-0.25,0.00794701495,0,0,-3.6544929e-12,0,0,0,0,0,0,-0.414757572,-0.345145083,-0.0637563141,
19.64,object_red_01,RED,0,-0.25,0.00794701495,0,0,-1.50953811e-11,0,0,0,0,0,0,-0.415859273,-0.344655405,-0.0637563141,
19.68,object_red_01,RED,0,-0.25,0.00794701495,0,0,2.88954369e-11,0,0,0,0,0,0,-0.416963627,-0.344162273,-0.0637563141,
19.72,object_red_01,RED,0,-0.25,0.00794701495,0,0,1.2490773e-12,0,0,0,0,0,0,-0.418070007,-0.343664099,-0.0637563141,
19.76,object_red_01,RED,0,-0.25,0.00794701495,0,0,-1.41105272e-11,0,0,0,0,0,0,-0.419177751,-0.343159284,-0.0637563141,
19.8,object_red_01,RED,0,-0.25,0.00794701495,0,0,-2.09384242e-11,0,0,0,0,0,0,-0.420286166,-0.342646221,-0.0637563141,
19.84,object_red_01,RED,0,-0.25,0.00794701495,0,0,8.8858862e-12,0,0,0,0,0,0,-0.421394523,-0.342123293,-0.0637563141,
19.88,object_red_01,RED,0,-0.25,0.00794701495,0,0,-9.29164471e-12,0,0,0,0,0,0,-0.422502059,-0.341588863,-0.0637563141,
19.92,object_red_01,RED,0,-0.25,0.00794701495,0,0,-1.80118314e-11,0,0,0,0,0,0,-0.423608015,-0.341041246,-0.0637563141,
19.96,object_red_01,RED,0,-0.25,0.00794701495,0,0,1.71307798e-11,0,0,0,0,0,0,-0.424712175,-0.34047889,-0.0637563141,
20,object_red_01,RED,0,-0.25,0.00794701495,0,0,-5.54662555e-12,0,0,0,0,0,0,-0.425814854,-0.339901806,-0.0637563141,
20.04,object_red_01,RED,0,-0.25,0.00794701495,0,0,-1.77096323e-11,0,0,0,0,0,0,-0.426916455,-0.33931098,-0.0637563141,
20.08,object_red_01,RED,0,-0.25,0.00794701495,0,0,2.68802769e-11,0,0,0,0,0,0,-0.428017415,-0.338707587,-0.0637563141,
20.12,object_red_01,RED,0,-0.25,0.00794701495,0,0,7.76546446e-13,0,0,0,0,0,0,-0.429118177,-0.338092889,-0.0637563141,
20.16,object_red_01,RED,0,-0.25,0.00794701495,0,0,-1.37414453e-11,0,0,0,0,0,0,-0.430219179,-0.337468313,-0.0637563141,
20.2,object_red_01,RED,0,-0.25,0.00794701495,0,0,3.70591402e-11,0,0,0,0,0,0,-0.431320854,-0.336835493,-0.0637563141,
20.24,object_red_01,RED,0,-0.25,0.00794701495,0,0,7.50571968e-12,0,0,0,0,0,0,-0.432423639,-0.336196251,-0.0637563141,
20.28,object_red_01,RED,0,-0.25,0.00794701495,0,0,-1.09620441e-11,0,0,0,0,0,0,-0.433527989,-0.335552528,-0.0637563141,
20.32,object_red_01,RED,0,-0.25,0.00794701495,0,0,-2.04408582e-11,0,0,0,0,0,0,-0.434634386,-0.334906337,-0.0637563141,
20.36,object_red_01,RED,0,-0.25,0.00794701495,0,0,1.55293975e-11,0,0,0,0,0,0,-0.435743351,-0.334259726,-0.0637563141,
20.4,object_red_01,RED,0,-0.25,0.00794701495,0,0,-5.75535766e-12,0,0,0,0,0,0,-0.436855441,-0.333614763,-0.0637563141,
20.44,object_red_01,RED,0,-0.25,0.00794701495,0,0,-1.71938904e-11,0,0,0,0,0,0,-0.437971297,-0.33297345,-0.0637563141,
20.48,object_red_01,RED,0,-0.25,0.00794701495,0,0,2.36348437e-11,0,0,0,0,0,0,-0.439092156,-0.332336184,-0.0637563141,
20.52,object_red_01,RED,0,-0.25,0.00794701495,0,0,-3.05457345e-13,0,0,0,0,0,0,-0.440218892,-0.331701898,-0.0637563141,
20.56,object_red_01,RED,0,-0.25,0.00794701495,0,0,-1.52188902e-11,0,0,0,0,0,0,-0.441351277,-0.331069761,-0.0637563141,
20.6,object_red_01,RED,0,-0.25,0.00794701495,0,0,3.37070961e-11,0,0,0,0,0,0,-0.442488595,-0.330438851,-0.0637563141,
20.64,object_red_01,RED,0,-0.25,0.00794701495,0,0,6.25530053e-12,0,0,0,0,0,0,-0.44362998,-0.329807896,-0.0637563141,
20.68,object_red_01,RED,0,-0.25,0.00794701495,0,0,-1.09564803e-11,0,0,0,0,0,0,-0.444774526,-0.329175289,-0.0637563141,
20.72,object_red_01,RED,0,-0.25,0.00794701495,0,0,-1.98148332e-11,0,0,0,0,0,0,-0.445921298,-0.328539208,-0.0637563141,
20.76,object_red_01,RED,0,-0.25,0.00794701495,0,0,1.26158093e-11,0,0,0,0,0,0,-0.447069332,-0.327897731,-0.0637563141,
20.8,object_red_01,RED,0,-0.25,0.00794701495,0,0,-6.58834113e-12,0,0,0,0,0,0,-0.448217622,-0.327248902,-0.0637563141,
20.84,object_red_01,RED,0,-0.25,0.00794701495,0,0,-1.85038658e-11,0,0,0,0,0,0,-0.449365118,-0.326590765,-0.0637563141,
20.88,object_red_01,RED,0,-0.25,0.00794701495,0,0,2.2150179e-11,0,0,0,0,0,0,-0.450510727,-0.325921362,-0.0637563141,
20.92,object_red_01,RED,0,-0.25,0.00794701495,0,0,-5.57432639e-13,0,0,0,0,0,0,-0.451653306,-0.325238725,-0.0637563141,
20.96,object_red_01,RED,0,-0.25,0.00794701495,0,0,-1.47347714e-11,0,0,0,0,0,0,-0.452791852,-0.324540791,-0.0637563141,
21,object_red_01,RED,0,-0.25,0.00794701495,0,0,3.23503338e-11,0,0,0,0,0,0,-0.453926262,-0.323826294,-0.0637563141,
21.04,object_red_01,RED,0,-0.25,0.00794701495,0,0,3.67446397e-12,0,0,0,0,0,0,-0.455056991,-0.323095905,-0.0637563141,
21.08,object_red_01,RED,0,-0.25,0.00794701495,0,0,-1.15655571e-11,0,0,0,0,0,0,-0.456184679,-0.322350969,-0.0637563141,
21.12,object_red_01,RED,0,-0.25,0.00794701495,0,0,-2.09696263e-11,0,0,0,0,0,0,-0.457310043,-0.321592961,-0.0637563141,
21.16,object_red_01,RED,0,-0.25,0.00794701495,0,0,1.15410823e-11,0,0,0,0,0,0,-0.458433825,-0.320823497,-0.0637563141,
21.2,object_red_01,RED,0,-0.25,0.00794701495,0,0,-6.5932054e-12,0,0,0,0,0,0,-0.459556775,-0.320044437,-0.0637563141,
21.24,object_red_01,RED,0,-0.25,0.00794701495,0,0,-1.78880332e-11,0,0,0,0,0,0,-0.460679652,-0.319257894,-0.0637563141,
21.28,object_red_01,RED,0,-0.25,0.00794701495,0,0,1.98201044e-11,0,0,0,0,0,0,-0.461803236,-0.318466176,-0.0637563141,
21.32,object_red_01,RED,0,-0.25,0.00794701495,0,0,-3.58515107e-12,0,0,0,0,0,0,-0.462928343,-0.317671706,-0.0637563141,
21.36,object_red_01,RED,0,-0.25,0.00794701495,0,0,-1.54781815e-11,0,0,0,0,0,0,-0.464055835,-0.316876965,-0.0637563141,
21.4,object_red_01,RED,0,-0.25,0.00794701495,0,0,2.97964096e-11,0,0,0,0,0,0,-0.465186625,-0.316084458,-0.0637563141,
21.44,object_red_01,RED,0,-0.25,0.00794701495,0,0,2.89785687e-12,0,0,0,0,0,0,-0.46632182,-0.315296318,-0.0637563141,
21.48,object_red_01,RED,0,-0.25,0.00794701495,0,0,-1.13895509e-11,0,0,0,0,0,0,-0.467463039,-0.314512111,-0.0637563141,
21.52,object_red_01,RED,0,-0.25,0.00794701495,0,0,-2.0261865e-11,0,0,0,0,0,0,-0.468610753,-0.313730544,-0.0637563141,
21.56,object_red_01,RED,0,-0.25,0.00794701495,0,0,9.55699949e-12,0,0,0,0,0,0,-0.469764275,-0.312950657,-0.0637563141,
21.6,object_red_01,RED,0,-0.25,0.00794701495,0,0,-9.39343767e-12,0,0,0,0,0,0,-0.470922467,-0.312171279,-0.0637563141,
21.64,object_red_01,RED,0,-0.25,0.00794701495,0,0,-1.84838733e-11,0,0,0,0,0,0,-0.472084053,-0.311390819,-0.0637563141,
21.68,object_red_01,RED,0,-0.25,0.00794701495,0,0,1.76734483e-11,0,0,0,0,0,0,-0.4732477,-0.31060732,-0.0637563141,
21.72,object_red_01,RED,0,-0.25,0.00794701495,0,0,-4.08611814e-12,0,0,0,0,0,0,-0.474412041,-0.309818613,-0.0637563141,
21.76,object_red_01,RED,0,-0.25,0.00794701495,0,0,-1.51428426e-11,0,0,0,0,0,0,-0.475575659,-0.309022441,-0.0637563141,
21.8,object_red_01,RED,0,-0.25,0.00794701495,0,0,2.85514293e-11,0,0,0,0,0,0,-0.476737086,-0.308216532,-0.0637563141,
21.84,object_red_01,RED,0,-0.25,0.00794701495,0,0,1.21109096e-12,0,0,0,0,0,0,-0.477894798,-0.307398619,-0.0637563141,
21.88,object_red_01,RED,0,-0.25,0.00794701495,0,0,-1.39801268e-11,0,0,0,0,0,0,-0.479047213,-0.306566446,-0.0637563141,
21.92,object_red_01,RED,0,-0.25,0.00794701495,0,0,3.82379335e-11,0,0,0,0,0,0,-0.480192985,-0.305717649,-0.0637563141,
21.96,object_red_01,RED,0,-0.25,0.00794701495,0,0,7.75982911e-12,0,0,0,0,0,0,-0.481331955,-0.304851096,-0.0637563141,
22,object_red_01,RED,0,-0.25,0.00794701495,0,0,-9.66615484e-12,0,0,0,0,0,0,-0.482464746,-0.303967775,-0.0637563141,
22.04,object_red_01,RED,0,-0.25,0.00794701495,0,0,-1.80272094e-11,0,0,0,0,0,0,-0.483592295,-0.303069286,-0.0637563141,
22.08,object_red_01,RED,0,-0.25,0.00794701495,0,0,1.69027155e-11,0,0,0,0,0,0,-0.484715674,-0.302157361,-0.0637563141,
22.12,object_red_01,RED,0,-0.25,0.00794701495,0,0,-5.51670114e-12,0,0,0,0,0,0,-0.485836008,-0.301233922,-0.0637563141,
22.16,object_red_01,RED,0,-0.25,0.00794701495,0,0,-1.75442041e-11,0,0,0,0,0,0,-0.486954446,-0.300301193,-0.0637563141,
22.2,object_red_01,RED,0,-0.25,0.00794701495,0,0,2.44098162e-11,0,0,0,0,0,0,-0.488072163,-0.299361691,-0.0637563141,
22.24,object_red_01,RED,0,-0.25,0.00794701495,0,0,-2.91424814e-13,0,0,0,0,0,0,-0.489190373,-0.298418144,-0.0637563141,
22.28,object_red_01,RED,0,-0.25,0.00794701495,0,0,-1.40690328e-11,0,0,0,0,0,0,-0.490310342,-0.297473401,-0.0637563141,
22.32,object_red_01,RED,0,-0.25,0.00794701495,0,0,3.65749286e-11,0,0,0,0,0,0,-0.491433395,-0.296530357,-0.0637563141,
22.36,object_red_01,RED,0,-0.25,0.00794701495,0,0,7.37229286e-12,0,0,0,0,0,0,-0.492561005,-0.295591664,-0.0637563141,
22.4,object_red_01,RED,0,-0.25,0.00794701495,0,0,-1.08801865e-11,0,0,0,0,0,0,-0.493695107,-0.294657218,-0.0637563141,
22.44,object_red_01,RED,0,-0.25,0.00794701495,0,0,-2.02500058e-11,0,0,0,0,0,0,-0.494836387,-0.293725391,-0.0637563141,
22.48,object_red_01,RED,0,-0.25,0.00794701495,0,0,1.53731446e-11,0,0,0,0,0,0,-0.49598399,-0.292795079,-0.0637563141,
22.52,object_red_01,RED,0,-0.25,0.00794701495,0,0,-5.6994488e-12,0,0,0,0,0,0,-0.497136416,-0.291865064,-0.0637563141,
22.56,object_red_01,RED,0,-0.25,0.00794701495,0,0,-1.70251182e-11,0,0,0,0,0,0,-0.498291943,-0.290933666,-0.0637563141,
22.6,object_red_01,RED,0,-0.25,0.00794701495,0,0,2.34024504e-11,0,0,0,0,0,0,-0.499448767,-0.289998765,-0.0637563141,
22.64,object_red_01,RED,0,-0.25,0.00794701495,0,0,-3.0219189e-13,0,0,0,0,0,0,-0.50060503,-0.289057968,-0.0637563141,
22.68,object_red_01,RED,0,-0.25,0.00794701495,0,0,-1.50690219e-11,0,0,0,0,0,0,-0.501758814,-0.288108765,-0.0637563141,
22.72,object_red_01,RED,0,-0.25,0.00794701495,0,0,3.33747121e-11,0,0,0,0,0,0,-0.502908142,-0.287148628,-0.0637563141,
22.76,object_red_01,RED,0,-0.25,0.00794701495,0,0,6.19248604e-12,0,0,0,0,0,0,-0.504050966,-0.286175042,-0.0637563141,
22.8,object_red_01,RED,0,-0.25,0.00794701495,0,0,-1.08484634e-11,0,0,0,0,0,0,-0.505185224,-0.285185469,-0.0637563141,
22.84,object_red_01,RED,0,-0.25,0.00794701495,0,0,-1.96195412e-11,0,0,0,0,0,0,-0.506309746,-0.284177637,-0.0637563141,
22.88,object_red_01,RED,0,-0.25,0.00794701495,0,0,1.24916685e-11,0,0,0,0,0,0,-0.507424869,-0.283151733,-0.0637563141,
22.92,object_red_01,RED,0,-0.25,0.00794701495,0,0,-6.52387071e-12,0,0,0,0,0,0,-0.508531679,-0.282109374,-0.0637563141,
22.96,object_red_01,RED,0,-0.25,0.00794701495,0,0,-1.83214964e-11,0,0,0,0,0,0,-0.509631582,-0.281052429,-0.0637563141,
23,object_red_01,RED,0,-0.25,0.00794701495,0,0,2.04615109e-11,0,0,0,0,0,0,-0.510726117,-0.279982928,-0.0637563141,
23.04,object_red_01,RED,0,-0.25,0.00794701495,0,0,-1.25208932e-12,0,0,0,0,0,0,-0.51181689,-0.278903197,-0.0637563141,
23.08,object_red_01,RED,0,-0.25,0.00794701495,0,0,-1.48929765e-11,0,0,0,0,0,0,-0.512905549,-0.277815923,-0.0637563141,
23.12,object_red_01,RED,0,-0.25,0.00794701495,0,0,3.19515737e-11,0,0,0,0,0,0,-0.51399379,-0.276724081,-0.0637563141,
23.16,object_red_01,RED,0,-0.25,0.00794701495,0,0,3.59774185e-12,0,0,0,0,0,0,-0.515083373,-0.275630828,-0.0637563141,
23.2,object_red_01,RED,0,-0.25,0.00794701495,0,0,-1.14689532e-11,0,0,0,0,0,0,-0.516176126,-0.274539395,-0.0637563141,
23.24,object_red_01,RED,0,-0.25,0.00794701495,0,0,-2.07697198e-11,0,0,0,0,0,0,-0.51727406,-0.273452589,-0.0637563141,
23.28,object_red_01,RED,0,-0.25,0.00794701495,0,0,9.88238149e-12,0,0,0,0,0,0,-0.518379392,-0.272369792,-0.0637563141,
23.32,object_red_01,RED,0,-0.25,0.00794701495,0,0,-7.23079337e-12,0,0,0,0,0,0,-0.519492517,-0.271289158,-0.0637563141,
23.36,object_red_01,RED,0,-0.25,0.00794701495,0,0,-1.80091976e-11,0,0,0,0,0,0,-0.520612133,-0.270209526,-0.0637563141,
23.4,object_red_01,RED,0,-0.25,0.00794701495,0,0,1.95385116e-11,0,0,0,0,0,0,-0.521736248,-0.269129592,-0.0637563141,
23.44,object_red_01,RED,0,-0.25,0.00794701495,0,0,-3.58936583e-12,0,0,0,0,0,0,-0.522862618,-0.268047536,-0.0637563141,
23.48,object_red_01,RED,0,-0.25,0.00794701495,0,0,-1.53418283e-11,0,0,0,0,0,0,-0.523988893,-0.266961057,-0.0637563141,
23.52,object_red_01,RED,0,-0.25,0.00794701495,0,0,2.94970085e-11,0,0,0,0,0,0,-0.525112652,-0.265867569,-0.0637563141,
23.56,object_red_01,RED,0,-0.25,0.00794701495,0,0,1.28149273e-12,0,0,0,0,0,0,-0.526231406,-0.264764369,-0.0637563141,
23.6,object_red_01,RED,0,-0.25,0.00794701495,0,0,-1.1974549e-11,0,0,0,0,0,0,-0.527342591,-0.26364875,-0.0637563141,
23.64,object_red_01,RED,0,-0.25,0.00794701495,0,0,-2.03516132e-11,0,0,0,0,0,0,-0.528443571,-0.262518033,-0.0637563141,
23.68,object_red_01,RED,0,-0.25,0.00794701495,0,0,9.37354164e-12,0,0,0,0,0,0,-0.529532169,-0.261369455,-0.0637563141,
23.72,object_red_01,RED,0,-0.25,0.00794701495,0,0,-9.34023396e-12,0,0,0,0,0,0,-0.530608098,-0.260202217,-0.0637563141,
23.76,object_red_01,RED,0,-0.25,0.00794701495,0,0,-1.83178241e-11,0,0,0,0,0,0,-0.531672466,-0.25901778,-0.0637563141,
23.8,object_red_01,RED,0,-0.25,0.00794701495,0,0,1.74966213e-11,0,0,0,0,0,0,-0.532726994,-0.257818114,-0.0637563141,
23.84,object_red_01,RED,0,-0.25,0.00794701495,0,0,-5.65068826e-12,0,0,0,0,0,0,-0.533773668,-0.256605322,-0.0637563141,
23.88,object_red_01,RED,0,-0.25,0.00794701495,0,0,-1.56824741e-11,0,0,0,0,0,0,-0.534814593,-0.255381788,-0.0637563141,
23.92,object_red_01,RED,0,-0.25,0.00794701495,0,0,2.80787485e-11,0,0,0,0,0,0,-0.53585195,-0.254150295,-0.0637563141,
23.96,object_red_01,RED,0,-0.25,0.00794701495,0,0,1.10801324e-12,0,0,0,0,0,0,-0.536887987,-0.252913985,-0.0637563141,
24,object_red_01,RED,0,-0.25,0.00794701495,0,0,-1.38821239e-11,0,0,0,0,0,0,-0.537925022,-0.251676244,-0.0637563141,
24.04,object_red_01,RED,0,-0.25,0.00794701495,0,0,3.78472459e-11,0,0,0,0,0,0,-0.538965461,-0.250440564,-0.0637563141,
24.08,object_red_01,RED,0,-0.25,0.00794701495,0,0,7.67866741e-12,0,0,0,0,0,0,-0.540011912,-0.249209686,-0.0637563141,
24.12,object_red_01,RED,0,-0.25,0.00794701495,0,0,-9.57250233e-12,0,0,0,0,0,0,-0.541066722,-0.247982298,-0.0637563141,
24.16,object_red_01,RED,0,-0.25,0.00794701495,0,0,-1.78493795e-11,0,0,0,0,0,0,-0.542129832,-0.246756445,-0.0637563141,
24.2,object_red_01,RED,0,-0.25,0.00794701495,0,0,1.67334186e-11,0,0,0,0,0,0,-0.54319941,-0.245530975,-0.0637563141,
24.24,object_red_01,RED,0,-0.25,0.00794701495,0,0,-5.46302278e-12,0,0,0,0,0,0,-0.544272911,-0.244304551,-0.0637563141,
24.28,object_red_01,RED,0,-0.25,0.00794701495,0,0,-1.73692257e-11,0,0,0,0,0,0,-0.545347514,-0.243075264,-0.0637563141,
24.32,object_red_01,RED,0,-0.25,0.00794701495,0,0,2.41627159e-11,0,0,0,0,0,0,-0.546420274,-0.241840698,-0.0637563141,
24.36,object_red_01,RED,0,-0.25,0.00794701495,0,0,-2.87823892e-13,0,0,0,0,0,0,-0.547488161,-0.240598147,-0.0637563141,
24.4,object_red_01,RED,0,-0.25,0.00794701495,0,0,-1.39272514e-11,0,0,0,0,0,0,-0.54854806,-0.239344806,-0.0637563141,
24.44,object_red_01,RED,0,-0.25,0.00794701495,0,0,3.62071564e-11,0,0,0,0,0,0,-0.549596777,-0.238077881,-0.0637563141,
24.48,object_red_01,RED,0,-0.25,0.00794701495,0,0,7.29910386e-12,0,0,0,0,0,0,-0.550631179,-0.236794518,-0.0637563141,
24.52,object_red_01,RED,0,-0.25,0.00794701495,0,0,-1.07709954e-11,0,0,0,0,0,0,-0.551649722,-0.23549264,-0.0637563141,
24.56,object_red_01,RED,0,-0.25,0.00794701495,0,0,-2.0047098e-11,0,0,0,0,0,0,-0.552653147,-0.234173107,-0.0637563141,
24.6,object_red_01,RED,0,-0.25,0.00794701495,0,0,1.29231689e-11,0,0,0,0,0,0,-0.553643351,-0.232837884,-0.0637563141,
24.64,object_red_01,RED,0,-0.25,0.00794701495,0,0,-6.69873846e-12,0,0,0,0,0,0,-0.55462273,-0.231489086,-0.0637563141,
24.68,object_red_01,RED,0,-0.25,0.00794701495,0,0,-1.73056618e-11,0,0,0,0,0,0,-0.555593907,-0.230129045,-0.0637563141,
24.72,object_red_01,RED,0,-0.25,0.00794701495,0,0,2.30408736e-11,0,0,0,0,0,0,-0.556559623,-0.228760495,-0.0637563141,
24.76,object_red_01,RED,0,-0.25,0.00794701495,0,0,-3.60288425e-13,0,0,0,0,0,0,-0.557522716,-0.227386604,-0.0637563141,
24.8,object_red_01,RED,0,-0.25,0.00794701495,0,0,-1.49436213e-11,0,0,0,0,0,0,-0.558486109,-0.226010857,-0.0637563141,
24.84,object_red_01,RED,0,-0.25,0.00794701495,0,0,3.30335168e-11,0,0,0,0,0,0,-0.559452821,-0.224636906,-0.0637563141,
24.88,object_red_01,RED,0,-0.25,0.00794701495,0,0,3.76067553e-12,0,0,0,0,0,0,-0.56042604,-0.223267648,-0.0637563141,
24.92,object_red_01,RED,0,-0.25,0.00794701495,0,0,-1.17955308e-11,0,0,0,0,0,0,-0.561408383,-0.221901554,-0.0637563141,
24.96,object_red_01,RED,0,-0.25,0.00794701495,0,0,-1.98645573e-11,0,0,0,0,0,0,-0.562399633,-0.22053645,-0.0637563141,
25,object_red_01,RED,0,-0.25,0.00794701495,0,0,1.22333122e-11,0,0,0,0,0,0,-0.563397559,-0.219171228,-0.0637563141,
25.04,object_red_01,RED,0,-0.25,0.00794701495,0,0,-6.51852465e-12,0,0,0,0,0,0,-0.564399093,-0.217804659,-0.0637563141,
25.08,object_red_01,RED,0,-0.25,0.00794701495,0,0,-1.81630772e-11,0,0,0,0,0,0,-0.565400835,-0.21643491,-0.0637563141,
25.12,object_red_01,RED,0,-0.25,0.00794701495,0,0,2.02469867e-11,0,0,0,0,0,0,-0.566399227,-0.215059596,-0.0637563141,
25.16,object_red_01,RED,0,-0.25,0.00794701495,0,0,-3.64603484e-12,0,0,0,0,0,0,-0.567390607,-0.213676012,-0.0637563141,
25.2,object_red_01,RED,0,-0.25,0.00794701495,0,0,-1.57863441e-11,0,0,0,0,0,0,-0.568371222,-0.212281352,-0.0637563141,
25.24,object_red_01,RED,0,-0.25,0.00794701495,0,0,3.13555979e-11,0,0,0,0,0,0,-0.569337233,-0.210872829,-0.0637563141,
25.28,object_red_01,RED,0,-0.25,0.00794701495,0,0,3.4270389e-12,0,0,0,0,0,0,-0.570285228,-0.209447525,-0.0637563141,
25.32,object_red_01,RED,0,-0.25,0.00794701495,0,0,-1.14130765e-11,0,0,0,0,0,0,-0.571214354,-0.208004445,-0.0637563141,
25.36,object_red_01,RED,0,-0.25,0.00794701495,0,0,-2.05866331e-11,0,0,0,0,0,0,-0.572126114,-0.206545143,-0.0637563141,
25.4,object_red_01,RED,0,-0.25,0.00794701495,0,0,9.77643088e-12,0,0,0,0,0,0,-0.573023094,-0.20507169,-0.0637563141,
25.44,object_red_01,RED,0,-0.25,0.00794701495,0,0,-9.57264151e-12,0,0,0,0,0,0,-0.573908348,-0.203586253,-0.0637563141,
25.48,object_red_01,RED,0,-0.25,0.00794701495,0,0,-1.8853926e-11,0,0,0,0,0,0,-0.574785157,-0.202091309,-0.0637563141,
25.52,object_red_01,RED,0,-0.25,0.00794701495,0,0,1.90475514e-11,0,0,0,0,0,0,-0.575656943,-0.200589803,-0.0637563141,
25.56,object_red_01,RED,0,-0.25,0.00794701495,0,0,-3.69150852e-12,0,0,0,0,0,0,-0.576527239,-0.199085117,-0.0637563141,
25.6,object_red_01,RED,0,-0.25,0.00794701495,0,0,-1.52457169e-11,0,0,0,0,0,0,-0.577399688,-0.197580905,-0.0637563141,
25.64,object_red_01,RED,0,-0.25,0.00794701495,0,0,2.91844599e-11,0,0,0,0,0,0,-0.578278057,-0.196080674,-0.0637563141,
25.68,object_red_01,RED,0,-0.25,0.00794701495,0,0,1.26156097e-12,0,0,0,0,0,0,-0.579165778,-0.194584041,-0.0637563141,
25.72,object_red_01,RED,0,-0.25,0.00794701495,0,0,-1.1857296e-11,0,0,0,0,0,0,-0.580063402,-0.193088225,-0.0637563141,
25.76,object_red_01,RED,0,-0.25,0.00794701495,0,0,-2.01481415e-11,0,0,0,0,0,0,-0.580968749,-0.191591987,-0.0637563141,
25.8,object_red_01,RED,0,-0.25,0.00794701495,0,0,9.27766219e-12,0,0,0,0,0,0,-0.58187841,-0.190094393,-0.0637563141,
25.84,object_red_01,RED,0,-0.25,0.00794701495,0,0,-9.24567854e-12,0,0,0,0,0,0,-0.582788472,-0.188593968,-0.0637563141,
25.88,object_red_01,RED,0,-0.25,0.00794701495,0,0,-1.81327567e-11,0,0,0,0,0,0,-0.583694797,-0.187088601,-0.0637563141,
25.92,object_red_01,RED,0,-0.25,0.00794701495,0,0,1.73181062e-11,0,0,0,0,0,0,-0.584593108,-0.185575759,-0.0637563141,
25.96,object_red_01,RED,0,-0.25,0.00794701495,0,0,-5.59354459e-12,0,0,0,0,0,0,-0.585479029,-0.184052741,-0.0637563141,
26,object_red_01,RED,0,-0.25,0.00794701495,0,0,-1.55238301e-11,0,0,0,0,0,0,-0.58634809,-0.18251685,-0.0637563141,
26.04,object_red_01,RED,0,-0.25,0.00794701495,0,0,2.77957425e-11,0,0,0,0,0,0,-0.587196311,-0.180965235,-0.0637563141,
26.08,object_red_01,RED,0,-0.25,0.00794701495,0,0,1.0962469e-12,0,0,0,0,0,0,-0.588022682,-0.179397023,-0.0637563141,
26.12,object_red_01,RED,0,-0.25,0.00794701495,0,0,-1.37417022e-11,0,0,0,0,0,0,-0.588828991,-0.177813824,-0.0637563141,
26.16,object_red_01,RED,0,-0.25,0.00794701495,0,0,3.74641172e-11,0,0,0,0,0,0,-0.589618319,-0.176217661,-0.0637563141,
26.2,object_red_01,RED,0,-0.25,0.00794701495,0,0,7.60047138e-12,0,0,0,0,0,0,-0.590394305,-0.174610622,-0.0637563141,
26.24,object_red_01,RED,0,-0.25,0.00794701495,0,0,-1.10636194e-11,0,0,0,0,0,0,-0.59116087,-0.172995117,-0.0637563141,
26.28,object_red_01,RED,0,-0.25,0.00794701495,0,0,-1.83341121e-11,0,0,0,0,0,0,-0.591922107,-0.171374058,-0.0637563141,
26.32,object_red_01,RED,0,-0.25,0.00794701495,0,0,1.63689047e-11,0,0,0,0,0,0,-0.592682247,-0.169750811,-0.0637563141,
26.36,object_red_01,RED,0,-0.25,0.00794701495,0,0,-5.49855021e-12,0,0,0,0,0,0,-0.593445641,-0.168129019,-0.0637563141,
26.4,object_red_01,RED,0,-0.25,0.00794701495,0,0,-1.72332972e-11,0,0,0,0,0,0,-0.594216726,-0.166511469,-0.0637563141,
26.44,object_red_01,RED,0,-0.25,0.00794701495,0,0,2.39099948e-11,0,0,0,0,0,0,-0.594998479,-0.164895898,-0.0637563141,
26.48,object_red_01,RED,0,-0.25,0.00794701495,0,0,-2.90785998e-13,0,0,0,0,0,0,-0.59579015,-0.163279878,-0.0637563141,
26.52,object_red_01,RED,0,-0.25,0.00794701495,0,0,-1.53644331e-11,0,0,0,0,0,0,-0.596588608,-0.161662593,-0.0637563141,
26.56,object_red_01,RED,0,-0.25,0.00794701495,0,0,3.54424156e-11,0,0,0,0,0,0,-0.597389699,-0.16004325,-0.0637563141,
26.6,object_red_01,RED,0,-0.25,0.00794701495,0,0,7.02256807e-12,0,0,0,0,0,0,-0.598188828,-0.158420411,-0.0637563141,
26.64,object_red_01,RED,0,-0.25,0.00794701495,0,0,-1.07538259e-11,0,0,0,0,0,0,-0.598981182,-0.156792018,-0.0637563141,
26.68,object_red_01,RED,0,-0.25,0.00794701495,0,0,-1.98833435e-11,0,0,0,0,0,0,-0.599761811,-0.155155658,-0.0637563141,
26.72,object_red_01,RED,0,-0.25,0.00794701495,0,0,1.27818229e-11,0,0,0,0,0,0,-0.600525658,-0.153508816,-0.0637563141,
26.76,object_red_01,RED,0,-0.25,0.00794701495,0,0,-6.63637364e-12,0,0,0,0,0,0,-0.601267706,-0.151848893,-0.0637563141,
26.8,object_red_01,RED,0,-0.25,0.00794701495,0,0,-1.86828376e-11,0,0,0,0,0,0,-0.601985047,-0.150173867,-0.0637563141,
26.84,object_red_01,RED,0,-0.25,0.00794701495,0,0,2.23752313e-11,0,0,0,0,0,0,-0.602678623,-0.148484674,-0.0637563141,
26.88,object_red_01,RED,0,-0.25,0.00794701495,0,0,-5.61861523e-13,0,0,0,0,0,0,-0.603351523,-0.146783208,-0.0637563141,
26.92,object_red_01,RED,0,-0.25,0.00794701495,0,0,-1.4882759e-11,0,0,0,0,0,0,-0.60400776,-0.14507135,-0.0637563141,
26.96,object_red_01,RED,0,-0.25,0.00794701495,0,0,3.26792132e-11,0,0,0,0,0,0,-0.604651782,-0.143351168,-0.0637563141,
27,object_red_01,RED,0,-0.25,0.00794701495,0,0,3.71210056e-12,0,0,0,0,0,0,-0.605288284,-0.141625203,-0.0637563141,
27.04,object_red_01,RED,0,-0.25,0.00794701495,0,0,-1.16828672e-11,0,0,0,0,0,0,-0.605922135,-0.139896516,-0.0637563141,
27.08,object_red_01,RED,0,-0.25,0.00794701495,0,0,-2.11817238e-11,0,0,0,0,0,0,-0.606558348,-0.138168542,-0.0637563141,
27.12,object_red_01,RED,0,-0.25,0.00794701495,0,0,1.16581212e-11,0,0,0,0,0,0,-0.607202023,-0.136444306,-0.0637563141,
27.16,object_red_01,RED,0,-0.25,0.00794701495,0,0,-6.65992417e-12,0,0,0,0,0,0,-0.607856851,-0.134721944,-0.0637563141,
27.2,object_red_01,RED,0,-0.25,0.00794701495,0,0,-1.80690714e-11,0,0,0,0,0,0,-0.608522418,-0.132998525,-0.0637563141,
27.24,object_red_01,RED,0,-0.25,0.00794701495,0,0,2.0020978e-11,0,0,0,0,0,0,-0.609195443,-0.131273307,-0.0637563141,
27.28,object_red_01,RED,0,-0.25,0.00794701495,0,0,-3.62173487e-12,0,0,0,0,0,0,-0.609871375,-0.129545901,-0.0637563141,
27.32,object_red_01,RED,0,-0.25,0.00794701495,0,0,-1.56342524e-11,0,0,0,0,0,0,-0.610545101,-0.127815324,-0.0637563141,
27.36,object_red_01,RED,0,-0.25,0.00794701495,0,0,3.10409794e-11,0,0,0,0,0,0,-0.611211233,-0.12607992,-0.0637563141,
27.4,object_red_01,RED,0,-0.25,0.00794701495,0,0,3.39206463e-12,0,0,0,0,0,0,-0.611864221,-0.124337614,-0.0637563141,
27.44,object_red_01,RED,0,-0.25,0.00794701495,0,0,-1.12995993e-11,0,0,0,0,0,0,-0.612498402,-0.122586193,-0.0637563141,
27.48,object_red_01,RED,0,-0.25,0.00794701495,0,0,-2.03803635e-11,0,0,0,0,0,0,-0.613108199,-0.12082331,-0.0637563141,
27.52,object_red_01,RED,0,-0.25,0.00794701495,0,0,9.67955931e-12,0,0,0,0,0,0,-0.613690594,-0.119047287,-0.0637563141,
27.56,object_red_01,RED,0,-0.25,0.00794701495,0,0,-9.47637307e-12,0,0,0,0,0,0,-0.614246883,-0.117259222,-0.0637563141,
27.6,object_red_01,RED,0,-0.25,0.00794701495,0,0,-1.86658394e-11,0,0,0,0,0,0,-0.614780671,-0.115460859,-0.0637563141,
27.64,object_red_01,RED,0,-0.25,0.00794701495,0,0,1.88576911e-11,0,0,0,0,0,0,-0.615296569,-0.113653834,-0.0637563141,
27.68,object_red_01,RED,0,-0.25,0.00794701495,0,0,-3.65465707e-12,0,0,0,0,0,0,-0.615799666,-0.111839973,-0.0637563141,
27.72,object_red_01,RED,0,-0.25,0.00794701495,0,0,-1.50941463e-11,0,0,0,0,0,0,-0.616295328,-0.110021602,-0.0637563141,
27.76,object_red_01,RED,0,-0.25,0.00794701495,0,0,2.88945732e-11,0,0,0,0,0,0,-0.616789124,-0.108201576,-0.0637563141,
27.8,object_red_01,RED,0,-0.25,0.00794701495,0,0,1.24872399e-12,0,0,0,0,0,0,-0.617286775,-0.106383115,-0.0637563141,
27.84,object_red_01,RED,0,-0.25,0.00794701495,0,0,-1.41096029e-11,0,0,0,0,0,0,-0.617793858,-0.104568006,-0.0637563141,
27.88,object_red_01,RED,0,-0.25,0.00794701495,0,0,-2.09367326e-11,0,0,0,0,0,0,-0.618313019,-0.102752782,-0.0637563141,
27.92,object_red_01,RED,0,-0.25,0.00794701495,0,0,8.88448723e-12,0,0,0,0,0,0,-0.618842483,-0.100935283,-0.0637563141,
27.96,object_red_01,RED,0,-0.25,0.00794701495,0,0,-9.29064188e-12,0,0,0,0,0,0,-0.619378057,-0.0991153728,-0.0637563141,
28,object_red_01,RED,0,-0.25,0.00794701495,0,0,-1.80099899e-11,0,0,0,0,0,0,-0.619914482,-0.0972929628,-0.0637563141,
28.04,object_red_01,RED,0,-0.25,0.00794701495,0,0,1.71305835e-11,0,0,0,0,0,0,-0.620446003,-0.0954672845,-0.0637563141,
28.08,object_red_01,RED,0,-0.25,0.00794701495,0,0,-5.54567268e-12,0,0,0,0,0,0,-0.620966603,-0.0936369305,-0.0637563141,
28.12,object_red_01,RED,0,-0.25,0.00794701495,0,0,-1.77083297e-11,0,0,0,0,0,0,-0.621470114,-0.0918001541,-0.0637563141,
28.16,object_red_01,RED,0,-0.25,0.00794701495,0,0,2.68793526e-11,0,0,0,0,0,0,-0.621950265,-0.0899551208,-0.0637563141,
28.2,object_red_01,RED,0,-0.25,0.00794701495,0,0,7.75957593e-13,0,0,0,0,0,0,-0.622401713,-0.0880997475,-0.0637563141,
28.24,object_red_01,RED,0,-0.25,0.00794701495,0,0,-1.37405852e-11,0,0,0,0,0,0,-0.622823592,-0.0862339319,-0.0637563141,
28.28,object_red_01,RED,0,-0.25,0.00794701495,0,0,3.70609281e-11,0,0,0,0,0,0,-0.623218869,-0.0843591957,-0.0637563141,
28.32,object_red_01,RED,0,-0.25,0.00794701495,0,0,7.50631923e-12,0,0,0,0,0,0,-0.623592225,-0.0824769334,-0.0637563141,
28.36,object_red_01,RED,0,-0.25,0.00794701495,0,0,-1.09622511e-11,0,0,0,0,0,0,-0.623949108,-0.0805884708,-0.0637563141,
28.4,object_red_01,RED,0,-0.25,0.00794701495,0,0,-2.04412187e-11,0,0,0,0,0,0,-0.624295379,-0.0786954978,-0.0637563141,
28.44,object_red_01,RED,0,-0.25,0.00794701495,0,0,1.55305002e-11,0,0,0,0,0,0,-0.624637155,-0.0768002653,-0.0637563141,
28.48,object_red_01,RED,0,-0.25,0.00794701495,0,0,-5.75445119e-12,0,0,0,0,0,0,-0.624980751,-0.0749054987,-0.0637563141,
28.52,object_red_01,RED,0,-0.25,0.00794701495,0,0,-1.71949147e-11,0,0,0,0,0,0,-0.625332532,-0.0730136259,-0.0637563141,
28.56,object_red_01,RED,0,-0.25,0.00794701495,0,0,2.36365067e-11,0,0,0,0,0,0,-0.625696689,-0.0711220969,-0.0637563141,
28.6,object_red_01,RED,0,-0.25,0.00794701495,0,0,-3.04818529e-13,0,0,0,0,0,0,-0.626072423,-0.0692276743,-0.0637563141,
28.64,object_red_01,RED,0,-0.25,0.00794701495,0,0,-1.522015e-11,0,0,0,0,0,0,-0.626455746,-0.0673301605,-0.0637563141,
28.68,object_red_01,RED,0,-0.25,0.00794701495,0,0,3.37096157e-11,0,0,0,0,0,0,-0.626841217,-0.0654300674,-0.0637563141,
28.72,object_red_01,RED,0,-0.25,0.00794701495,0,0,6.25566812e-12,0,0,0,0,0,0,-0.627222719,-0.0635273704,-0.0637563141,
28.76,object_red_01,RED,0,-0.25,0.00794701495,0,0,-1.09574725e-11,0,0,0,0,0,0,-0.62759379,-0.0616213338,-0.0637563141,
28.8,object_red_01,RED,0,-0.25,0.00794701495,0,0,-1.9816639e-11,0,0,0,0,0,0,-0.627947772,-0.0597107695,-0.0637563141,
28.84,object_red_01,RED,0,-0.25,0.00794701495,0,0,1.26187857e-11,0,0,0,0,0,0,-0.628277894,-0.057794347,-0.0637563141,
28.88,object_red_01,RED,0,-0.25,0.00794701495,0,0,-6.58884076e-12,0,0,0,0,0,0,-0.628577964,-0.0558703869,-0.0637563141,
28.92,object_red_01,RED,0,-0.25,0.00794701495,0,0,-1.85070241e-11,0,0,0,0,0,0,-0.628846189,-0.0539385388,-0.0637563141,
28.96,object_red_01,RED,0,-0.25,0.00794701495,0,0,2.21535658e-11,0,0,0,0,0,0,-0.629085376,-0.0520001136,-0.0637563141,
29,object_red_01,RED,0,-0.25,0.00794701495,0,0,-5.57557547e-13,0,0,0,0,0,0,-0.629300468,-0.0500562018,-0.0637563141,
29.04,object_red_01,RED,0,-0.25,0.00794701495,0,0,-1.47371376e-11,0,0,0,0,0,0,-0.629497352,-0.0481076808,-0.0637563141,
29.08,object_red_01,RED,0,-0.25,0.00794701495,0,0,3.2355712e-11,0,0,0,0,0,0,-0.62968241,-0.0461557166,-0.0637563141,
29.12,object_red_01,RED,0,-0.25,0.00794701495,0,0,3.67597714e-12,0,0,0,0,0,0,-0.629862331,-0.0442020328,-0.0637563141,
29.16,object_red_01,RED,0,-0.25,0.00794701495,0,0,-1.15677056e-11,0,0,0,0,0,0,-0.630044022,-0.0422488569,-0.0637563141,
29.2,object_red_01,RED,0,-0.25,0.00794701495,0,0,-2.09741301e-11,0,0,0,0,0,0,-0.630234405,-0.0402981012,-0.0637563141,
29.24,object_red_01,RED,0,-0.25,0.00794701495,0,0,1.15438589e-11,0,0,0,0,0,0,-0.630437722,-0.0383466573,-0.0637563141,
29.28,object_red_01,RED,0,-0.25,0.00794701495,0,0,-6.59456512e-12,0,0,0,0,0,0,-0.630652826,-0.0363912908,-0.0637563141,
29.32,object_red_01,RED,0,-0.25,0.00794701495,0,0,-1.78926013e-11,0,0,0,0,0,0,-0.630875356,-0.0344322108,-0.0637563141,
29.36,object_red_01,RED,0,-0.25,0.00794701495,0,0,1.98250472e-11,0,0,0,0,0,0,-0.631099475,-0.0324704696,-0.0637563141,
29.4,object_red_01,RED,0,-0.25,0.00794701495,0,0,-3.58640729e-12,0,0,0,0,0,0,-0.631318636,-0.0305066086,-0.0637563141,
29.44,object_red_01,RED,0,-0.25,0.00794701495,0,0,-1.54818396e-11,0,0,0,0,0,0,-0.631525921,-0.0285404544,-0.0637563141,
29.48,object_red_01,RED,0,-0.25,0.00794701495,0,0,2.98054208e-11,0,0,0,0,0,0,-0.631714208,-0.0265713784,-0.0637563141,
29.52,object_red_01,RED,0,-0.25,0.00794701495,0,0,2.89715025e-12,0,0,0,0,0,0,-0.631876267,-0.0245985935,-0.0637563141,
29.56,object_red_01,RED,0,-0.25,0.00794701495,0,0,-1.13923275e-11,0,0,0,0,0,0,-0.632005909,-0.0226208835,-0.0637563141,
29.6,object_red_01,RED,0,-0.25,0.00794701495,0,0,-2.02668577e-11,0,0,0,0,0,0,-0.632102195,-0.020638452,-0.0637563141,
29.64,object_red_01,RED,0,-0.25,0.00794701495,0,0,9.55915148e-12,0,0,0,0,0,0,-0.632168681,-0.0186524113,-0.0637563141,
29.68,object_red_01,RED,0,-0.25,0.00794701495,0,0,-9.39557538e-12,0,0,0,0,0,0,-0.632210927,-0.0166633554,-0.0637563141,
29.72,object_red_01,RED,0,-0.25,0.00794701495,0,0,-1.84893086e-11,0,0,0,0,0,0,-0.632235403,-0.0146716634,-0.0637563141,
29.76,object_red_01,RED,0,-0.25,0.00794701495,0,0,1.76803504e-11,0,0,0,0,0,0,-0.632249072,-0.0126780502,-0.0637563141,
29.8,object_red_01,RED,0,-0.25,0.00794701495,0,0,-4.08613599e-12,0,0,0,0,0,0,-0.632259211,-0.0106838,-0.0637563141,
29.84,object_red_01,RED,0,-0.25,0.00794701495,0,0,-1.51486954e-11,0,0,0,0,0,0,-0.632273319,-0.00869066619,-0.0637563141,
29.88,object_red_01,RED,0,-0.25,0.00794701495,0,0,2.8559584e-11,0,0,0,0,0,0,-0.632298414,-0.00669896143,-0.0637563141,
29.92,object_red_01,RED,0,-0.25,0.00794701495,0,0,1.20954924e-12,0,0,0,0,0,0,-0.632336964,-0.00470404923,-0.0637563141,
29.96,object_red_01,RED,0,-0.25,0.00794701495,0,0,-1.39847519e-11,0,0,0,0,0,0,-0.632386274,-0.00270410352,-0.0637563141,
30,object_red_01,RED,0,-0.25,0.00794701495,0,0,3.82442752e-11,0,0,0,0,0,0,-0.632441108,-0.000700334028,-0.0637563141,
30.04,object_red_01,RED,0,-0.25,0.00794701495,0,0,7.75996473e-12,0,0,0,0,0,0,-0.632495031,0.00130567194,-0.0637563141,
30.08,object_red_01,RED,0,-0.25,0.00794701495,0,0,-9.66773225e-12,0,0,0,0,0,0,-0.632540994,0.00331296298,-0.0637563141,
30.12,object_red_01,RED,0,-0.25,0.00794701495,0,0,-1.80304641e-11,0,0,0,0,0,0,-0.632571628,0.00532125172,-0.0637563141,
30.16,object_red_01,RED,0,-0.25,0.00794701495,0,0,1.69042251e-11,0,0,0,0,0,0,-0.632579383,0.00733060366,-0.0637563141,
30.2,object_red_01,RED,0,-0.25,0.00794701495,0,0,-5.51815007e-12,0,0,0,0,0,0,-0.632556746,0.00934134806,-0.0637563141,
30.24,object_red_01,RED,0,-0.25,0.00794701495,0,0,-1.75466344e-11,0,0,0,0,0,0,-0.632499144,0.0113540214,-0.0637563141,
30.28,object_red_01,RED,0,-0.25,0.00794701495,0,0,2.44116363e-11,0,0,0,0,0,0,-0.632408074,0.0133677666,-0.0637563141,
30.32,object_red_01,RED,0,-0.25,0.00794701495,0,0,-2.91353438e-13,0,0,0,0,0,0,-0.632288469,0.0153820555,-0.0637563141,
30.36,object_red_01,RED,0,-0.25,0.00794701495,0,0,-1.4070264e-11,0,0,0,0,0,0,-0.632146748,0.0173970045,-0.0637563141,
30.4,object_red_01,RED,0,-0.25,0.00794701495,0,0,3.65805566e-11,0,0,0,0,0,0,-0.631990061,0.0194127405,-0.0637563141,
30.44,object_red_01,RED,0,-0.25,0.00794701495,0,0,7.37284602e-12,0,0,0,0,0,0,-0.631825986,0.0214289199,-0.0637563141,
30.48,object_red_01,RED,0,-0.25,0.00794701495,0,0,-1.0881953e-11,0,0,0,0,0,0,-0.631662387,0.0234446415,-0.0637563141,
30.52,object_red_01,RED,0,-0.25,0.00794701495,0,0,-2.02529287e-11,0,0,0,0,0,0,-0.631507204,0.0254589679,-0.0637563141,
30.56,object_red_01,RED,0,-0.25,0.00794701495,0,0,1.53736299e-11,0,0,0,0,0,0,-0.631365557,0.0274753056,-0.0637563141,
30.6,object_red_01,RED,0,-0.25,0.00794701495,0,0,-5.69969148e-12,0,0,0,0,0,0,-0.631236415,0.0294975259,-0.0637563141,
30.64,object_red_01,RED,0,-0.25,0.00794701495,0,0,-1.70273665e-11,0,0,0,0,0,0,-0.631115188,0.0315249314,-0.0637563141,
30.68,object_red_01,RED,0,-0.25,0.00794701495,0,0,2.34039207e-11,0,0,0,0,0,0,-0.630995627,0.0335552647,-0.0637563141,
30.72,object_red_01,RED,0,-0.25,0.00794701495,0,0,-3.02202597e-13,0,0,0,0,0,0,-0.630870647,0.0355865663,-0.0637563141,
30.76,object_red_01,RED,0,-0.25,0.00794701495,0,0,-1.5070453e-11,0,0,0,0,0,0,-0.630732708,0.0376175936,-0.0637563141,
30.8,object_red_01,RED,0,-0.25,0.00794701495,0,0,3.33789983e-11,0,0,0,0,0,0,-0.630574036,0.0396476069,-0.0637563141,
30.84,object_red_01,RED,0,-0.25,0.00794701495,0,0,6.19386003e-12,0,0,0,0,0,0,-0.630386745,0.0416760922,-0.0637563141,
30.88,object_red_01,RED,0,-0.25,0.00794701495,0,0,-1.0849998e-11,0,0,0,0,0,0,-0.63016439,0.0437031937,-0.0637563141,
30.92,object_red_01,RED,0,-0.25,0.00794701495,0,0,-1.96217681e-11,0,0,0,0,0,0,-0.629906576,0.0457283334,-0.0637563141,
30.96,object_red_01,RED,0,-0.25,0.00794701495,0,0,1.24933887e-11,0,0,0,0,0,0,-0.629617595,0.047751076,-0.0637563141,
31,object_red_01,RED,0,-0.25,0.00794701495,0,0,-6.52391711e-12,0,0,0,0,0,0,-0.62930379,0.0497719368,-0.0637563141,
31.04,object_red_01,RED,0,-0.25,0.00794701495,0,0,-1.83240445e-11,0,0,0,0,0,0,-0.628972457,0.0517917557,-0.0637563141,
31.08,object_red_01,RED,0,-0.25,0.00794701495,0,0,2.04633703e-11,0,0,0,0,0,0,-0.628631426,0.0538110484,-0.0637563141,
31.12,object_red_01,RED,0,-0.25,0.00794701495,0,0,-1.25190731e-12,0,0,0,0,0,0,-0.628288866,0.0558297712,-0.0637563141,
31.16,object_red_01,RED,0,-0.25,0.00794701495,0,0,-1.48949964e-11,0,0,0,0,0,0,-0.627953148,0.057847525,-0.0637563141,
31.2,object_red_01,RED,0,-0.25,0.00794701495,0,0,3.19554708e-11,0,0,0,0,0,0,-0.627630667,0.059867005,-0.0637563141,
31.24,object_red_01,RED,0,-0.25,0.00794701495,0,0,3.59875896e-12,0,0,0,0,0,0,-0.627321421,0.0618930759,-0.0637563141,
31.28,object_red_01,RED,0,-0.25,0.00794701495,0,0,-1.14701952e-11,0,0,0,0,0,0,-0.627021199,0.0639255015,-0.0637563141,
31.32,object_red_01,RED,0,-0.25,0.00794701495,0,0,-2.07723358e-11,0,0,0,0,0,0,-0.626723875,0.0659615279,-0.0637563141,
31.36,object_red_01,RED,0,-0.25,0.00794701495,0,0,9.88420514e-12,0,0,0,0,0,0,-0.62642234,0.067998345,-0.0637563141,
31.4,object_red_01,RED,0,-0.25,0.00794701495,0,0,-7.23195323e-12,0,0,0,0,0,0,-0.626108949,0.0700338212,-0.0637563141,
31.44,object_red_01,RED,0,-0.25,0.00794701495,0,0,-1.8011189e-11,0,0,0,0,0,0,-0.625775771,0.0720664008,-0.0637563141,
31.48,object_red_01,RED,0,-0.25,0.00794701495,0,0,1.95401532e-11,0,0,0,0,0,0,-0.625414737,0.0740947904,-0.0637563141,
31.52,object_red_01,RED,0,-0.25,0.00794701495,0,0,-3.58991542e-12,0,0,0,0,0,0,-0.625018728,0.0761184281,-0.0637563141,
31.56,object_red_01,RED,0,-0.25,0.00794701495,0,0,-1.53432879e-11,0,0,0,0,0,0,-0.624586395,0.0781367297,-0.0637563141,
31.6,object_red_01,RED,0,-0.25,0.00794701495,0,0,2.94970085e-11,0,0,0,0,0,0,-0.624121724,0.0801494597,-0.0637563141,
31.64,object_red_01,RED,0,-0.25,0.00794701495,0,0,1.28153556e-12,0,0,0,0,0,0,-0.623631082,0.0821576037,-0.0637563141,
31.68,object_red_01,RED,0,-0.25,0.00794701495,0,0,-1.19748238e-11,0,0,0,0,0,0,-0.62312192,0.0841626847,-0.0637563141,
31.72,object_red_01,RED,0,-0.25,0.00794701495,0,0,-2.03522092e-11,0,0,0,0,0,0,-0.622602289,0.0861660089,-0.0637563141,
31.76,object_red_01,RED,0,-0.25,0.00794701495,0,0,9.37205345e-12,0,0,0,0,0,0,-0.622080615,0.0881683441,-0.0637563141,
31.8,object_red_01,RED,0,-0.25,0.00794701495,0,0,-9.34002697e-12,0,0,0,0,0,0,-0.62156554,0.0901700564,-0.0637563141,
31.84,object_red_01,RED,0,-0.25,0.00794701495,0,0,-1.83171674e-11,0,0,0,0,0,0,-0.62106378,0.0921742051,-0.0637563141,
31.88,object_red_01,RED,0,-0.25,0.00794701495,0,0,1.74924815e-11,0,0,0,0,0,0,-0.620575361,0.0941859628,-0.0637563141,
31.92,object_red_01,RED,0,-0.25,0.00794701495,0,0,-5.64944988e-12,0,0,0,0,0,0,-0.620096043,0.0962049375,-0.0637563141,
31.96,object_red_01,RED,0,-0.25,0.00794701495,0,0,-1.56812e-11,0,0,0,0,0,0,-0.619619684,0.098227796,-0.0637563141,
32,object_red_01,RED,0,-0.25,0.00794701495,0,0,2.80780633e-11,0,0,0,0,0,0,-0.619139134,0.100250981,-0.0637563141,
32.04,object_red_01,RED,0,-0.25,0.00794701495,0,0,1.10737443e-12,0,0,0,0,0,0,-0.618646679,0.102271573,-0.0637563141,
32.08,object_red_01,RED,0,-0.25,0.00794701495,0,0,-1.3881146e-11,0,0,0,0,0,0,-0.618134303,0.10428724,-0.0637563141,
32.12,object_red_01,RED,0,-0.25,0.00794701495,0,0,3.78443481e-11,0,0,0,0,0,0,-0.617593858,0.106295927,-0.0637563141,
32.16,object_red_01,RED,0,-0.25,0.00794701495,0,0,7.67612999e-12,0,0,0,0,0,0,-0.617018193,0.108296449,-0.0637563141,
32.2,object_red_01,RED,0,-0.25,0.00794701495,0,0,-9.57146381e-12,0,0,0,0,0,0,-0.616406131,0.110288058,-0.0637563141,
32.24,object_red_01,RED,0,-0.25,0.00794701495,0,0,-1.78472382e-11,0,0,0,0,0,0,-0.615761846,0.112270918,-0.0637563141,
32.28,object_red_01,RED,0,-0.25,0.00794701495,0,0,1.67324265e-11,0,0,0,0,0,0,-0.61509188,0.114246649,-0.0637563141,
32.32,object_red_01,RED,0,-0.25,0.00794701495,0,0,-5.46224121e-12,0,0,0,0,0,0,-0.614403873,0.11621749,-0.0637563141,
32.36,object_red_01,RED,0,-0.25,0.00794701495,0,0,-1.73677768e-11,0,0,0,0,0,0,-0.613706066,0.118185493,-0.0637563141,
32.4,object_red_01,RED,0,-0.25,0.00794701495,0,0,2.41616382e-11,0,0,0,0,0,0,-0.613007087,0.120152186,-0.0637563141,
32.44,object_red_01,RED,0,-0.25,0.00794701495,0,0,-2.88894533e-13,0,0,0,0,0,0,-0.612315739,0.122118766,-0.0637563141,
32.48,object_red_01,RED,0,-0.25,0.00794701495,0,0,-1.39262914e-11,0,0,0,0,0,0,-0.611638156,0.12408945,-0.0637563141,
32.52,object_red_01,RED,0,-0.25,0.00794701495,0,0,3.62043442e-11,0,0,0,0,0,0,-0.610973471,0.126069055,-0.0637563141,
32.56,object_red_01,RED,0,-0.25,0.00794701495,0,0,7.29813315e-12,0,0,0,0,0,0,-0.610317092,0.128056285,-0.0637563141,
32.6,object_red_01,RED,0,-0.25,0.00794701495,0,0,-1.07698677e-11,0,0,0,0,0,0,-0.60966275,0.130047054,-0.0637563141,
32.64,object_red_01,RED,0,-0.25,0.00794701495,0,0,-2.00451744e-11,0,0,0,0,0,0,-0.60900324,0.13203712,-0.0637563141,
32.68,object_red_01,RED,0,-0.25,0.00794701495,0,0,1.29237649e-11,0,0,0,0,0,0,-0.608330819,0.134022875,-0.0637563141,
32.72,object_red_01,RED,0,-0.25,0.00794701495,0,0,-6.69841727e-12,0,0,0,0,0,0,-0.607637466,0.13600126,-0.0637563141,
32.76,object_red_01,RED,0,-0.25,0.00794701495,0,0,-1.73047838e-11,0,0,0,0,0,0,-0.606915047,0.137969512,-0.0637563141,
32.8,object_red_01,RED,0,-0.25,0.00794701495,0,0,2.30383183e-11,0,0,0,0,0,0,-0.606157011,0.139926003,-0.0637563141,
32.84,object_red_01,RED,0,-0.25,0.00794701495,0,0,-3.60056453e-13,0,0,0,0,0,0,-0.605363303,0.141869987,-0.0637563141,
32.88,object_red_01,RED,0,-0.25,0.00794701495,0,0,-1.49420546e-11,0,0,0,0,0,0,-0.60453867,0.143802319,-0.0637563141,
32.92,object_red_01,RED,0,-0.25,0.00794701495,0,0,3.30294733e-11,0,0,0,0,0,0,-0.603689949,0.145725435,-0.0637563141,
32.96,object_red_01,RED,0,-0.25,0.00794701495,0,0,3.76065768e-12,0,0,0,0,0,0,-0.602824968,0.147642331,-0.0637563141,
33,object_red_01,RED,0,-0.25,0.00794701495,0,0,-1.17944458e-11,0,0,0,0,0,0,-0.601952122,0.149555763,-0.0637563141,
33.04,object_red_01,RED,0,-0.25,0.00794701495,0,0,-1.98629514e-11,0,0,0,0,0,0,-0.601080171,0.151467975,-0.0637563141,
33.08,object_red_01,RED,0,-0.25,0.00794701495,0,0,1.22338904e-11,0,0,0,0,0,0,-0.60021785,0.153381168,-0.0637563141,
33.12,object_red_01,RED,0,-0.25,0.00794701495,0,0,-6.51797862e-12,0,0,0,0,0,0,-0.599369605,0.155301047,-0.0637563141,
33.16,object_red_01,RED,0,-0.25,0.00794701495,0,0,-1.81622743e-11,0,0,0,0,0,0,-0.598533175,0.157231015,-0.0637563141,
33.2,object_red_01,RED,0,-0.25,0.00794701495,0,0,2.02494027e-11,0,0,0,0,0,0,-0.597703494,0.159168315,-0.0637563141,
33.24,object_red_01,RED,0,-0.25,0.00794701495,0,0,-3.6459706e-12,0,0,0,0,0,0,-0.596874139,0.161108022,-0.0637563141,
33.28,object_red_01,RED,0,-0.25,0.00794701495,0,0,-1.5787379e-11,0,0,0,0,0,0,-0.596037872,0.163045282,-0.0637563141,
33.32,object_red_01,RED,0,-0.25,0.00794701495,0,0,3.13561154e-11,0,0,0,0,0,0,-0.595186987,0.164975877,-0.0637563141,
33.36,object_red_01,RED,0,-0.25,0.00794701495,0,0,3.42632157e-12,0,0,0,0,0,0,-0.594313543,0.166896062,-0.0637563141,
33.4,object_red_01,RED,0,-0.25,0.00794701495,0,0,-1.14131621e-11,0,0,0,0,0,0,-0.593409581,0.1688025,-0.0637563141,
33.44,object_red_01,RED,0,-0.25,0.00794701495,0,0,-2.05867759e-11,0,0,0,0,0,0,-0.592470009,0.170693408,-0.0637563141,
33.48,object_red_01,RED,0,-0.25,0.00794701495,0,0,9.77577422e-12,0,0,0,0,0,0,-0.591496452,0.172568479,-0.0637563141,
33.52,object_red_01,RED,0,-0.25,0.00794701495,0,0,-9.5723453e-12,0,0,0,0,0,0,-0.590494381,0.174429589,-0.0637563141,
33.56,object_red_01,RED,0,-0.25,0.00794701495,0,0,-1.88535905e-11,0,0,0,0,0,0,-0.589470935,0.176280113,-0.0637563141,
33.6,object_red_01,RED,0,-0.25,0.00794701495,0,0,1.90486863e-11,0,0,0,0,0,0,-0.588434095,0.178123795,-0.0637563141,
33.64,object_red_01,RED,0,-0.25,0.00794701495,0,0,-3.69151566e-12,0,0,0,0,0,0,-0.587392344,0.179964054,-0.0637563141,
33.68,object_red_01,RED,0,-0.25,0.00794701495,0,0,-1.52459703e-11,0,0,0,0,0,0,-0.58635448,0.181803816,-0.0637563141,
33.72,object_red_01,RED,0,-0.25,0.00794701495,0,0,2.91842172e-11,0,0,0,0,0,0,-0.585328548,0.183646741,-0.0637563141,
33.76,object_red_01,RED,0,-0.25,0.00794701495,0,0,1.26115769e-12,0,0,0,0,0,0,-0.584316231,0.185499329,-0.0637563141,
33.8,object_red_01,RED,0,-0.25,0.00794701495,0,0,-1.18574531e-11,0,0,0,0,0,0,-0.583313958,0.187362422,-0.0637563141,
33.84,object_red_01,RED,0,-0.25,0.00794701495,0,0,-2.0147988e-11,0,0,0,0,0,0,-0.582316267,0.189231645,-0.0637563141,
33.88,object_red_01,RED,0,-0.25,0.00794701495,0,0,9.278119e-12,0,0,0,0,0,0,-0.581316629,0.191101291,-0.0637563141,
33.92,object_red_01,RED,0,-0.25,0.00794701495,0,0,-9.24624955e-12,0,0,0,0,0,0,-0.580307841,0.192965984,-0.0637563141,
33.96,object_red_01,RED,0,-0.25,0.00794701495,0,0,-1.81334062e-11,0,0,0,0,0,0,-0.579282323,0.194820954,-0.0637563141,
34,object_red_01,RED,0,-0.25,0.00794701495,0,0,1.73199299e-11,0,0,0,0,0,0,-0.578232324,0.196661797,-0.0637563141,
34.04,object_red_01,RED,0,-0.25,0.00794701495,0,0,-5.59361954e-12,0,0,0,0,0,0,-0.577150425,0.198484938,-0.0637563141,
34.08,object_red_01,RED,0,-0.25,0.00794701495,0,0,-1.55246973e-11,0,0,0,0,0,0,-0.576033961,0.200288828,-0.0637563141,
34.12,object_red_01,RED,0,-0.25,0.00794701495,0,0,2.77962493e-11,0,0,0,0,0,0,-0.57488625,0.202074204,-0.0637563141,
34.16,object_red_01,RED,0,-0.25,0.00794701495,0,0,1.09552957e-12,0,0,0,0,0,0,-0.573713398,0.203844186,-0.0637563141,
34.2,object_red_01,RED,0,-0.25,0.00794701495,0,0,-1.37417914e-11,0,0,0,0,0,0,-0.572522771,0.205603099,-0.0637563141,
34.24,object_red_01,RED,0,-0.25,0.00794701495,0,0,3.74644098e-11,0,0,0,0,0,0,-0.571322419,0.207355381,-0.0637563141,
34.28,object_red_01,RED,0,-0.25,0.00794701495,0,0,7.5990046e-12,0,0,0,0,0,0,-0.570120821,0.209105057,-0.0637563141,
34.32,object_red_01,RED,0,-0.25,0.00794701495,0,0,-1.10637014e-11,0,0,0,0,0,0,-0.568926663,0.210855774,-0.0637563141,
34.36,object_red_01,RED,0,-0.25,0.00794701495,0,0,-1.83335911e-11,0,0,0,0,0,0,-0.567745911,0.212613227,-0.0637563141,
34.4,object_red_01,RED,0,-0.25,0.00794701495,0,0,1.63664101e-11,0,0,0,0,0,0,-0.566577297,0.214382576,-0.0637563141,
34.44,object_red_01,RED,0,-0.25,0.00794701495,0,0,-5.49778292e-12,0,0,0,0,0,0,-0.565416399,0.216161673,-0.0637563141,
34.48,object_red_01,RED,0,-0.25,0.00794701495,0,0,-1.72308168e-11,0,0,0,0,0,0,-0.564257522,0.217944731,-0.0637563141,
34.52,object_red_01,RED,0,-0.25,0.00794701495,0,0,2.39082782e-11,0,0,0,0,0,0,-0.563094137,0.21972543,-0.0637563141,
34.56,object_red_01,RED,0,-0.25,0.00794701495,0,0,-2.900651e-13,0,0,0,0,0,0,-0.561919177,0.22149795,-0.0637563141,
34.6,object_red_01,RED,0,-0.25,0.00794701495,0,0,-1.53629556e-11,0,0,0,0,0,0,-0.560725296,0.223257004,-0.0637563141,
34.64,object_red_01,RED,0,-0.25,0.00794701495,0,0,3.54413485e-11,0,0,0,0,0,0,-0.559505045,0.224997638,-0.0637563141,
34.68,object_red_01,RED,0,-0.25,0.00794701495,0,0,7.02210412e-12,0,0,0,0,0,0,-0.55825243,0.22671654,-0.0637563141,
34.72,object_red_01,RED,0,-0.25,0.00794701495,0,0,-1.07527552e-11,0,0,0,0,0,0,-0.556967625,0.228413007,-0.0637563141,
34.76,object_red_01,RED,0,-0.25,0.00794701495,0,0,-1.98828617e-11,0,0,0,0,0,0,-0.555655242,0.23008929,-0.0637563141,
34.8,object_red_01,RED,0,-0.25,0.00794701495,0,0,1.27828043e-11,0,0,0,0,0,0,-0.554321807,0.231749779,-0.0637563141,
34.84,object_red_01,RED,0,-0.25,0.00794701495,0,0,-6.63702316e-12,0,0,0,0,0,0,-0.552974782,0.233399649,-0.0637563141,
34.88,object_red_01,RED,0,-0.25,0.00794701495,0,0,-1.86828341e-11,0,0,0,0,0,0,-0.551622176,0.235043944,-0.0637563141,
34.92,object_red_01,RED,0,-0.25,0.00794701495,0,0,2.23750992e-11,0,0,0,0,0,0,-0.550272342,0.236687261,-0.0637563141,
34.96,object_red_01,RED,0,-0.25,0.00794701495,0,0,-5.60990735e-13,0,0,0,0,0,0,-0.54893329,0.238334344,-0.0637563141,
35,object_red_01,RED,0,-0.25,0.00794701495,0,0,-1.48828696e-11,0,0,0,0,0,0,-0.547607397,0.239992211,-0.0637563141,
35.04,object_red_01,RED,0,-0.25,0.00794701495,0,0,3.26796415e-11,0,0,0,0,0,0,-0.546291419,0.241662574,-0.0637563141,
35.08,object_red_01,RED,0,-0.25,0.00794701495,0,0,3.71263588e-12,0,0,0,0,0,0,-0.544980527,0.243340702,-0.0637563141,
35.12,object_red_01,RED,0,-0.25,0.00794701495,0,0,-1.1682571e-11,0,0,0,0,0,0,-0.543668979,0.245019788,-0.0637563141,
35.16,object_red_01,RED,0,-0.25,0.00794701495,0,0,-2.1183212e-11,0,0,0,0,0,0,-0.542350371,0.246693071,-0.0637563141,
35.2,object_red_01,RED,0,-0.25,0.00794701495,0,0,1.16592882e-11,0,0,0,0,0,0,-0.541017897,0.248354349,-0.0637563141,
35.24,object_red_01,RED,0,-0.25,0.00794701495,0,0,-6.66022038e-12,0,0,0,0,0,0,-0.539664578,0.249997823,-0.0637563141,
35.28,object_red_01,RED,0,-0.25,0.00794701495,0,0,-1.80707416e-11,0,0,0,0,0,0,-0.538283494,0.251618375,-0.0637563141,
35.32,object_red_01,RED,0,-0.25,0.00794701495,0,0,2.00218702e-11,0,0,0,0,0,0,-0.536871243,0.253213524,-0.0637563141,
35.36,object_red_01,RED,0,-0.25,0.00794701495,0,0,-3.62146007e-12,0,0,0,0,0,0,-0.535430315,0.254784107,-0.0637563141,
35.4,object_red_01,RED,0,-0.25,0.00794701495,0,0,-1.56359262e-11,0,0,0,0,0,0,-0.533966115,0.256333997,-0.0637563141,
35.44,object_red_01,RED,0,-0.25,0.00794701495,0,0,3.10440165e-11,0,0,0,0,0,0,-0.532485348,0.257868705,-0.0637563141,
35.48,object_red_01,RED,0,-0.25,0.00794701495,0,0,3.39143652e-12,0,0,0,0,0,0,-0.530995418,0.259394105,-0.0637563141,
35.52,object_red_01,RED,0,-0.25,0.00794701495,0,0,-1.13002988e-11,0,0,0,0,0,0,-0.529504165,0.260915762,-0.0637563141,
35.56,object_red_01,RED,0,-0.25,0.00794701495,0,0,-2.03824369e-11,0,0,0,0,0,0,-0.528019655,0.262438841,-0.0637563141,
35.6,object_red_01,RED,0,-0.25,0.00794701495,0,0,9.67937373e-12,0,0,0,0,0,0,-0.526547782,0.263969758,-0.0637563141,
35.64,object_red_01,RED,0,-0.25,0.00794701495,0,0,-9.47722244e-12,0,0,0,0,0,0,-0.525087312,0.265514203,-0.0637563141,
35.68,object_red_01,RED,0,-0.25,0.00794701495,0,0,-1.86669636e-11,0,0,0,0,0,0,-0.523634216,0.267070009,-0.0637563141,
35.72,object_red_01,RED,0,-0.25,0.00794701495,0,0,1.88604106e-11,0,0,0,0,0,0,-0.522183582,0.268630633,-0.0637563141,
35.76,object_red_01,RED,0,-0.25,0.00794701495,0,0,-3.65542079e-12,0,0,0,0,0,0,-0.520729787,0.270188631,-0.0637563141,
35.8,object_red_01,RED,0,-0.25,0.00794701495,0,0,-1.50953026e-11,0,0,0,0,0,0,-0.519266696,0.271736932,-0.0637563141,
35.84,object_red_01,RED,0,-0.25,0.00794701495,0,0,2.88944197e-11,0,0,0,0,0,0,-0.517787896,0.273268976,-0.0637563141,
35.88,object_red_01,RED,0,-0.25,0.00794701495,0,0,1.24908444e-12,0,0,0,0,0,0,-0.516286873,0.274778523,-0.0637563141,
35.92,object_red_01,RED,0,-0.25,0.00794701495,0,0,-1.41099027e-11,0,0,0,0,0,0,-0.514757946,0.276260961,-0.0637563141,
35.96,object_red_01,RED,0,-0.25,0.00794701495,0,0,-2.09373358e-11,0,0,0,0,0,0,-0.513200673,0.27771525,-0.0637563141,
36,object_red_01,RED,0,-0.25,0.00794701495,0,0,8.88442656e-12,0,0,0,0,0,0,-0.511618945,0.279144096,-0.0637563141,
36.04,object_red_01,RED,0,-0.25,0.00794701495,0,0,-9.29084173e-12,0,0,0,0,0,0,-0.510018515,0.280552823,-0.0637563141,
36.08,object_red_01,RED,0,-0.25,0.00794701495,0,0,-1.8010072e-11,0,0,0,0,0,0,-0.508406047,0.281947827,-0.0637563141,
36.12,object_red_01,RED,0,-0.25,0.00794701495,0,0,1.71311152e-11,0,0,0,0,0,0,-0.506788736,0.283335522,-0.0637563141,
36.16,object_red_01,RED,0,-0.25,0.00794701495,0,0,-5.54516948e-12,0,0,0,0,0,0,-0.505174109,0.284721937,-0.0637563141,
36.2,object_red_01,RED,0,-0.25,0.00794701495,0,0,-1.77087187e-11,0,0,0,0,0,0,-0.503569492,0.286113032,-0.0637563141,
36.24,object_red_01,RED,0,-0.25,0.00794701495,0,0,2.68780963e-11,0,0,0,0,0,0,-0.501977106,0.28751624,-0.0637563141,
36.28,object_red_01,RED,0,-0.25,0.00794701495,0,0,7.75764878e-13,0,0,0,0,0,0,-0.500393782,0.288933513,-0.0637563141,
36.32,object_red_01,RED,0,-0.25,0.00794701495,0,0,-1.37404781e-11,0,0,0,0,0,0,-0.498815364,0.290359744,-0.0637563141,
36.36,object_red_01,RED,0,-0.25,0.00794701495,0,0,3.70559889e-11,0,0,0,0,0,0,-0.497237076,0.291787295,-0.0637563141,
36.4,object_red_01,RED,0,-0.25,0.00794701495,0,0,7.50618005e-12,0,0,0,0,0,0,-0.495653574,0.293208363,-0.0637563141,
36.44,object_red_01,RED,0,-0.25,0.00794701495,0,0,-1.09614874e-11,0,0,0,0,0,0,-0.49405913,0.294615633,-0.0637563141,
36.48,object_red_01,RED,0,-0.25,0.00794701495,0,0,-2.04397876e-11,0,0,0,0,0,0,-0.49244785,0.296002199,-0.0637563141,
36.52,object_red_01,RED,0,-0.25,0.00794701495,0,0,1.55292583e-11,0,0,0,0,0,0,-0.490813812,0.297361697,-0.0637563141,
36.56,object_red_01,RED,0,-0.25,0.00794701495,0,0,-5.75411572e-12,0,0,0,0,0,0,-0.489153483,0.298690725,-0.0637563141,
36.6,object_red_01,RED,0,-0.25,0.00794701495,0,0,-1.71933623e-11,0,0,0,0,0,0,-0.487468618,0.299990102,-0.0637563141,
36.64,object_red_01,RED,0,-0.25,0.00794701495,0,0,2.36321385e-11,0,0,0,0,0,0,-0.485763754,0.301264291,-0.0637563141,
36.68,object_red_01,RED,0,-0.25,0.00794701495,0,0,-3.05774968e-13,0,0,0,0,0,0,-0.484044659,0.302519752,-0.0637563141,
36.72,object_red_01,RED,0,-0.25,0.00794701495,0,0,-1.52173092e-11,0,0,0,0,0,0,-0.482317764,0.303763524,-0.0637563141,
36.76,object_red_01,RED,0,-0.25,0.00794701495,0,0,3.3703538e-11,0,0,0,0,0,0,-0.480589909,0.305002444,-0.0637563141,
36.8,object_red_01,RED,0,-0.25,0.00794701495,0,0,6.25459034e-12,0,0,0,0,0,0,-0.478868167,0.306242969,-0.0637563141,
36.84,object_red_01,RED,0,-0.25,0.00794701495,0,0,-1.09557237e-11,0,0,0,0,0,0,-0.477157995,0.307492181,-0.0637563141,
36.88,object_red_01,RED,0,-0.25,0.00794701495,0,0,-1.98132344e-11,0,0,0,0,0,0,-0.475458205,0.308756201,-0.0637563141,
36.92,object_red_01,RED,0,-0.25,0.00794701495,0,0,1.26140178e-11,0,0,0,0,0,0,-0.473765188,0.310033097,-0.0637563141,
36.96,object_red_01,RED,0,-0.25,0.00794701495,0,0,-6.58762023e-12,0,0,0,0,0,0,-0.472074974,0.311315916,-0.0637563141,
37,object_red_01,RED,0,-0.25,0.00794701495,0,0,-1.85019564e-11,0,0,0,0,0,0,-0.470383092,0.312596437,-0.0637563141,
37.04,object_red_01,RED,0,-0.25,0.00794701495,0,0,2.21484767e-11,0,0,0,0,0,0,-0.468684616,0.313866658,-0.0637563141,
37.08,object_red_01,RED,0,-0.25,0.00794701495,0,0,-5.57800226e-13,0,0,0,0,0,0,-0.466974353,0.315119058,-0.0637563141,
37.12,object_red_01,RED,0,-0.25,0.00794701495,0,0,-1.47330227e-11,0,0,0,0,0,0,-0.465247028,0.316346423,-0.0637563141,
37.16,object_red_01,RED,0,-0.25,0.00794701495,0,0,3.23466294e-11,0,0,0,0,0,0,-0.463497611,0.317542855,-0.0637563141,
37.2,object_red_01,RED,0,-0.25,0.00794701495,0,0,3.67380374e-12,0,0,0,0,0,0,-0.461724918,0.318706565,-0.0637563141,
37.24,object_red_01,RED,0,-0.25,0.00794701495,0,0,-1.15640011e-11,0,0,0,0,0,0,-0.45993184,0.319840266,-0.0637563141,
37.28,object_red_01,RED,0,-0.25,0.00794701495,0,0,-2.0966757e-11,0,0,0,0,0,0,-0.458123054,0.320949812,-0.0637563141,
37.32,object_red_01,RED,0,-0.25,0.00794701495,0,0,1.15371995e-11,0,0,0,0,0,0,-0.456304094,0.322042473,-0.0637563141,
37.36,object_red_01,RED,0,-0.25,0.00794701495,0,0,-6.59258086e-12,0,0,0,0,0,0,-0.454480999,0.323125738,-0.0637563141,
37.4,object_red_01,RED,0,-0.25,0.00794701495,0,0,-1.78841718e-11,0,0,0,0,0,0,-0.452660123,0.324206789,-0.0637563141,
37.44,object_red_01,RED,0,-0.25,0.00794701495,0,0,1.98153436e-11,0,0,0,0,0,0,-0.450847837,0.32529255,-0.0637563141,
37.48,object_red_01,RED,0,-0.25,0.00794701495,0,0,-3.58445516e-12,0,0,0,0,0,0,-0.44904672,0.326390771,-0.0637563141,
37.52,object_red_01,RED,0,-0.25,0.00794701495,0,0,-1.54741131e-11,0,0,0,0,0,0,-0.447253874,0.327504519,-0.0637563141,
37.56,object_red_01,RED,0,-0.25,0.00794701495,0,0,2.97892291e-11,0,0,0,0,0,0,-0.445465895,0.328629098,-0.0637563141,
37.6,object_red_01,RED,0,-0.25,0.00794701495,0,0,2.89551931e-12,0,0,0,0,0,0,-0.443679179,0.329756532,-0.0637563141,
37.64,object_red_01,RED,0,-0.25,0.00794701495,0,0,-1.1386496e-11,0,0,0,0,0,0,-0.441889693,0.330878325,-0.0637563141,
37.68,object_red_01,RED,0,-0.25,0.00794701495,0,0,-2.0255591e-11,0,0,0,0,0,0,-0.440093051,0.331986362,-0.0637563141,
37.72,object_red_01,RED,0,-0.25,0.00794701495,0,0,9.55522937e-12,0,0,0,0,0,0,-0.438284694,0.333072944,-0.0637563141,
37.76,object_red_01,RED,0,-0.25,0.00794701495,0,0,-9.39144271e-12,0,0,0,0,0,0,-0.43646,0.334130711,-0.0637563141,
37.8,object_red_01,RED,0,-0.25,0.00794701495,0,0,-1.84793195e-11,0,0,0,0,0,0,-0.434615217,0.335154695,-0.0637563141,
37.84,object_red_01,RED,0,-0.25,0.00794701495,0,0,1.76706397e-11,0,0,0,0,0,0,-0.432750799,0.336144792,-0.0637563141,
37.88,object_red_01,RED,0,-0.25,0.00794701495,0,0,-4.08397686e-12,0,0,0,0,0,0,-0.43087002,0.337105256,-0.0637563141,
37.92,object_red_01,RED,0,-0.25,0.00794701495,0,0,-1.51406228e-11,0,0,0,0,0,0,-0.428977363,0.338042928,-0.0637563141,
37.96,object_red_01,RED,0,-0.25,0.00794701495,0,0,2.85400055e-11,0,0,0,0,0,0,-0.42707795,0.338965614,-0.0637563141,
38,object_red_01,RED,0,-0.25,0.00794701495,0,0,1.20998107e-12,0,0,0,0,0,0,-0.425177296,0.339881119,-0.0637563141,
38.04,object_red_01,RED,0,-0.25,0.00794701495,0,0,-1.39759834e-11,0,0,0,0,0,0,-0.423281156,0.340796911,-0.0637563141,
38.08,object_red_01,RED,0,-0.25,0.00794701495,0,0,3.82219773e-11,0,0,0,0,0,0,-0.421394782,0.341720434,-0.0637563141,
38.12,object_red_01,RED,0,-0.25,0.00794701495,0,0,7.75589986e-12,0,0,0,0,0,0,-0.419518118,0.342658926,-0.0637563141,
38.16,object_red_01,RED,0,-0.25,0.00794701495,0,0,-9.66232551e-12,0,0,0,0,0,0,-0.417647925,0.34361247,-0.0637563141,
38.2,object_red_01,RED,0,-0.25,0.00794701495,0,0,-1.80199005e-11,0,0,0,0,0,0,-0.415781233,0.344574738,-0.0637563141,
38.24,object_red_01,RED,0,-0.25,0.00794701495,0,0,1.68953316e-11,0,0,0,0,0,0,-0.413914918,0.345537256,-0.0637563141,
38.28,object_red_01,RED,0,-0.25,0.00794701495,0,0,-5.51547347e-12,0,0,0,0,0,0,-0.412045497,0.346491424,-0.0637563141,
38.32,object_red_01,RED,0,-0.25,0.00794701495,0,0,-1.75364134e-11,0,0,0,0,0,0,-0.410169212,0.347429065,-0.0637563141,
38.36,object_red_01,RED,0,-0.25,0.00794701495,0,0,2.43988957e-11,0,0,0,0,0,0,-0.408282209,0.348342344,-0.0637563141,
38.4,object_red_01,RED,0,-0.25,0.00794701495,0,0,-2.90446962e-13,0,0,0,0,0,0,-0.406380555,0.349223958,-0.0637563141,
38.44,object_red_01,RED,0,-0.25,0.00794701495,0,0,-1.40626196e-11,0,0,0,0,0,0,-0.404461731,0.350069971,-0.0637563141,
38.48,object_red_01,RED,0,-0.25,0.00794701495,0,0,3.65588976e-11,0,0,0,0,0,0,-0.402526968,0.350881647,-0.0637563141,
38.52,object_red_01,RED,0,-0.25,0.00794701495,0,0,7.37061552e-12,0,0,0,0,0,0,-0.400579457,0.3516643,-0.0637563141,
38.56,object_red_01,RED,0,-0.25,0.00794701495,0,0,-1.08758861e-11,0,0,0,0,0,0,-0.398623271,0.352425396,-0.0637563141,
38.6,object_red_01,RED,0,-0.25,0.00794701495,0,0,-2.02421366e-11,0,0,0,0,0,0,-0.396662983,0.353173079,-0.0637563141,
38.64,object_red_01,RED,0,-0.25,0.00794701495,0,0,1.53672953e-11,0,0,0,0,0,0,-0.394703484,0.353915375,-0.0637563141,
38.68,object_red_01,RED,0,-0.25,0.00794701495,0,0,-5.69746098e-12,0,0,0,0,0,0,-0.392749838,0.354659978,-0.0637563141,
38.72,object_red_01,RED,0,-0.25,0.00794701495,0,0,-1.70187443e-11,0,0,0,0,0,0,-0.390805978,0.355414694,-0.0637563141,
38.76,object_red_01,RED,0,-0.25,0.00794701495,0,0,2.33940815e-11,0,0,0,0,0,0,-0.388870258,0.356185607,-0.0637563141,
38.8,object_red_01,RED,0,-0.25,0.00794701495,0,0,-3.02141927e-13,0,0,0,0,0,0,-0.386939678,0.356970825,-0.0637563141,
38.84,object_red_01,RED,0,-0.25,0.00794701495,0,0,-1.50635331e-11,0,0,0,0,0,0,-0.385011789,0.357763211,-0.0637563141,
38.88,object_red_01,RED,0,-0.25,0.00794701495,0,0,3.33651156e-11,0,0,0,0,0,0,-0.383084033,0.358554101,-0.0637563141,
38.92,object_red_01,RED,0,-0.25,0.00794701495,0,0,6.1925931e-12,0,0,0,0,0,0,-0.381153556,0.359334886,-0.0637563141,
38.96,object_red_01,RED,0,-0.25,0.00794701495,0,0,-1.08452015e-11,0,0,0,0,0,0,-0.379217289,0.36009737,-0.0637563141,
39,object_red_01,RED,0,-0.25,0.00794701495,0,0,-1.96142808e-11,0,0,0,0,0,0,-0.377272117,0.360833652,-0.0637563141,
39.04,object_red_01,RED,0,-0.25,0.00794701495,0,0,1.24887421e-11,0,0,0,0,0,0,-0.375314807,0.361536555,-0.0637563141,
39.08,object_red_01,RED,0,-0.25,0.00794701495,0,0,-6.52231471e-12,0,0,0,0,0,0,-0.373343645,0.362202845,-0.0637563141,
39.12,object_red_01,RED,0,-0.25,0.00794701495,0,0,-1.83167178e-11,0,0,0,0,0,0,-0.371359996,0.362834593,-0.0637563141,
39.16,object_red_01,RED,0,-0.25,0.00794701495,0,0,2.04551442e-11,0,0,0,0,0,0,-0.369366688,0.363437685,-0.0637563141,
39.2,object_red_01,RED,0,-0.25,0.00794701495,0,0,-1.25297438e-12,0,0,0,0,0,0,-0.367367237,0.364019915,-0.0637563141,
39.24,object_red_01,RED,0,-0.25,0.00794701495,0,0,-1.48886582e-11,0,0,0,0,0,0,-0.365365568,0.364589615,-0.0637563141,
39.28,object_red_01,RED,0,-0.25,0.00794701495,0,0,3.19436366e-11,0,0,0,0,0,0,-0.363365873,0.365154961,-0.0637563141,
39.32,object_red_01,RED,0,-0.25,0.00794701495,0,0,3.59751345e-12,0,0,0,0,0,0,-0.36137248,0.365723806,-0.0637563141,
39.36,object_red_01,RED,0,-0.25,0.00794701495,0,0,-1.14660482e-11,0,0,0,0,0,0,-0.359388263,0.366304077,-0.0637563141,
39.4,object_red_01,RED,0,-0.25,0.00794701495,0,0,-2.07641596e-11,0,0,0,0,0,0,-0.357410967,0.36690101,-0.0637563141,
39.44,object_red_01,RED,0,-0.25,0.00794701495,0,0,9.88068987e-12,0,0,0,0,0,0,-0.355437922,0.367511911,-0.0637563141,
39.48,object_red_01,RED,0,-0.25,0.00794701495,0,0,-7.22931588e-12,0,0,0,0,0,0,-0.35346722,0.368129411,-0.0637563141,
39.52,object_red_01,RED,0,-0.25,0.00794701495,0,0,-1.8004444e-11,0,0,0,0,0,0,-0.35149693,0.36874485,-0.0637563141,
39.56,object_red_01,RED,0,-0.25,0.00794701495,0,0,1.95326623e-11,0,0,0,0,0,0,-0.349524874,0.36934967,-0.0637563141,
39.6,object_red_01,RED,0,-0.25,0.00794701495,0,0,-3.58907319e-12,0,0,0,0,0,0,-0.347548702,0.369935703,-0.0637563141,
39.64,object_red_01,RED,0,-0.25,0.00794701495,0,0,-1.53372138e-11,0,0,0,0,0,0,-0.34556604,0.370495057,-0.0637563141,
39.68,object_red_01,RED,0,-0.25,0.00794701495,0,0,2.94894604e-11,0,0,0,0,0,0,-0.343574354,0.371020547,-0.0637563141,
39.72,object_red_01,RED,0,-0.25,0.00794701495,0,0,1.28137496e-12,0,0,0,0,0,0,-0.34157222,0.371508974,-0.0637563141,
39.76,object_red_01,RED,0,-0.25,0.00794701495,0,0,-1.19718046e-11,0,0,0,0,0,0,-0.339560733,0.371962516,-0.0637563141,
39.8,object_red_01,RED,0,-0.25,0.00794701495,0,0,-2.03457604e-11,0,0,0,0,0,0,-0.337542181,0.372387143,-0.0637563141,
39.84,object_red_01,RED,0,-0.25,0.00794701495,0,0,9.36941967e-12,0,0,0,0,0,0,-0.335519423,0.372790712,-0.0637563141,
39.88,object_red_01,RED,0,-0.25,0.00794701495,0,0,-9.33763587e-12,0,0,0,0,0,0,-0.333495671,0.373181618,-0.0637563141,
39.92,object_red_01,RED,0,-0.25,0.00794701495,0,0,-1.83120034e-11,0,0,0,0,0,0,-0.331474371,0.373568119,-0.0637563141,
39.96,object_red_01,RED,0,-0.25,0.00794701495,0,0,1.74881882e-11,0,0,0,0,0,0,-0.329459079,0.373958165,-0.0637563141,
40,object_red_01,RED,0,-0.25,0.00794701495,0,0,-5.64862192e-12,0,0,0,0,0,0,-0.32745223,0.374359648,-0.0637563141,
40.04,object_red_01,RED,0,-0.25,0.00794701495,0,0,-1.56771958e-11,0,0,0,0,0,0,-0.325451552,0.374777898,-0.0637563141,
40.08,object_red_01,RED,0,-0.25,0.00794701495,0,0,2.80690949e-11,0,0,0,0,0,0,-0.323454566,0.375210556,-0.0637563141,
40.12,object_red_01,RED,0,-0.25,0.00794701495,0,0,1.10709249e-12,0,0,0,0,0,0,-0.321459857,0.375650513,-0.0637563141,
40.16,object_red_01,RED,0,-0.25,0.00794701495,0,0,-1.38768492e-11,0,0,0,0,0,0,-0.319466137,0.376089274,-0.0637563141,
40.2,object_red_01,RED,0,-0.25,0.00794701495,0,0,3.78313719e-11,0,0,0,0,0,0,-0.317471928,0.37651838,-0.0637563141,
40.24,object_red_01,RED,0,-0.25,0.00794701495,0,0,7.67348194e-12,0,0,0,0,0,0,-0.315475603,0.37692974,-0.0637563141,
40.28,object_red_01,RED,0,-0.25,0.00794701495,0,0,-9.56848029e-12,0,0,0,0,0,0,-0.313475505,0.377315544,-0.0637563141,
40.32,object_red_01,RED,0,-0.25,0.00794701495,0,0,-1.78413354e-11,0,0,0,0,0,0,-0.311469859,0.37766843,-0.0637563141,
40.36,object_red_01,RED,0,-0.25,0.00794701495,0,0,1.67270983e-11,0,0,0,0,0,0,-0.309457205,0.377984368,-0.0637563141,
40.4,object_red_01,RED,0,-0.25,0.00794701495,0,0,-5.46037116e-12,0,0,0,0,0,0,-0.307438099,0.378264788,-0.0637563141,
40.44,object_red_01,RED,0,-0.25,0.00794701495,0,0,-1.73622987e-11,0,0,0,0,0,0,-0.305414181,0.378515176,-0.0637563141,
40.48,object_red_01,RED,0,-0.25,0.00794701495,0,0,2.41543185e-11,0,0,0,0,0,0,-0.303387591,0.37874315,-0.0637563141,
40.52,object_red_01,RED,0,-0.25,0.00794701495,0,0,-2.88733937e-13,0,0,0,0,0,0,-0.301360788,0.378957039,-0.0637563141,
40.56,object_red_01,RED,0,-0.25,0.00794701495,0,0,-1.39220552e-11,0,0,0,0,0,0,-0.299336444,0.379165115,-0.0637563141,
40.6,object_red_01,RED,0,-0.25,0.00794701495,0,0,3.61949154e-11,0,0,0,0,0,0,-0.297317348,0.379375362,-0.0637563141,
40.64,object_red_01,RED,0,-0.25,0.00794701495,0,0,7.2977834e-12,0,0,0,0,0,0,-0.295305846,0.379595589,-0.0637563141,
40.68,object_red_01,RED,0,-0.25,0.00794701495,0,0,-1.0767266e-11,0,0,0,0,0,0,-0.293300357,0.379832086,-0.0637563141,
40.72,object_red_01,RED,0,-0.25,0.00794701495,0,0,-2.00408633e-11,0,0,0,0,0,0,-0.291298237,0.380084176,-0.0637563141,
40.76,object_red_01,RED,0,-0.25,0.00794701495,0,0,1.29198891e-11,0,0,0,0,0,0,-0.289298368,0.380345656,-0.0637563141,
40.8,object_red_01,RED,0,-0.25,0.00794701495,0,0,-6.69666142e-12,0,0,0,0,0,0,-0.287300063,0.380608407,-0.0637563141,
40.84,object_red_01,RED,0,-0.25,0.00794701495,0,0,-1.73000266e-11,0,0,0,0,0,0,-0.285302544,0.380864126,-0.0637563141,
40.88,object_red_01,RED,0,-0.25,0.00794701495,0,0,2.30329723e-11,0,0,0,0,0,0,-0.283304891,0.381104837,-0.0637563141,
40.92,object_red_01,RED,0,-0.25,0.00794701495,0,0,-3.60138535e-13,0,0,0,0,0,0,-0.281306135,0.381322868,-0.0637563141,
40.96,object_red_01,RED,0,-0.25,0.00794701495,0,0,-1.49386214e-11,0,0,0,0,0,0,-0.279305303,0.381510764,-0.0637563141,
41,object_red_01,RED,0,-0.25,0.00794701495,0,0,3.30222536e-11,0,0,0,0,0,0,-0.277301084,0.381662939,-0.0637563141,
41.04,object_red_01,RED,0,-0.25,0.00794701495,0,0,3.76001173e-12,0,0,0,0,0,0,-0.275293291,0.381778949,-0.0637563141,
41.08,object_red_01,RED,0,-0.25,0.00794701495,0,0,-1.17918656e-11,0,0,0,0,0,0,-0.273282847,0.381862996,-0.0637563141,
41.12,object_red_01,RED,0,-0.25,0.00794701495,0,0,-1.98582869e-11,0,0,0,0,0,0,-0.27127115,0.381922,-0.0637563141,
41.16,object_red_01,RED,0,-0.25,0.00794701495,0,0,1.22291546e-11,0,0,0,0,0,0,-0.269259881,0.381964007,-0.0637563141,
41.2,object_red_01,RED,0,-0.25,0.00794701495,0,0,-6.51645117e-12,0,0,0,0,0,0,-0.267250934,0.381997219,-0.0637563141,
41.24,object_red_01,RED,0,-0.25,0.00794701495,0,0,-1.81567498e-11,0,0,0,0,0,0,-0.265246331,0.382029603,-0.0637563141,
41.28,object_red_01,RED,0,-0.25,0.00794701495,0,0,2.02411767e-11,0,0,0,0,0,0,-0.263248096,0.38206886,-0.0637563141,
41.32,object_red_01,RED,0,-0.25,0.00794701495,0,0,-3.64471082e-12,0,0,0,0,0,0,-0.261256265,0.382122274,-0.0637563141,
41.36,object_red_01,RED,0,-0.25,0.00794701495,0,0,-1.57819259e-11,0,0,0,0,0,0,-0.259267884,0.382192451,-0.0637563141,
41.4,object_red_01,RED,0,-0.25,0.00794701495,0,0,3.13445275e-11,0,0,0,0,0,0,-0.257281586,0.382275276,-0.0637563141,
41.44,object_red_01,RED,0,-0.25,0.00794701495,0,0,3.42524379e-12,0,0,0,0,0,0,-0.255297093,0.382363474,-0.0637563141,
41.48,object_red_01,RED,0,-0.25,0.00794701495,0,0,-1.14095041e-11,0,0,0,0,0,0,-0.253314278,0.382449031,-0.0637563141,
41.52,object_red_01,RED,0,-0.25,0.00794701495,0,0,-2.05791708e-11,0,0,0,0,0,0,-0.251332908,0.382524108,-0.0637563141,
41.56,object_red_01,RED,0,-0.25,0.00794701495,0,0,9.77361153e-12,0,0,0,0,0,0,-0.249352665,0.382581201,-0.0637563141,
41.6,object_red_01,RED,0,-0.25,0.00794701495,0,0,-9.56913338e-12,0,0,0,0,0,0,-0.247373253,0.382613026,-0.0637563141,
41.64,object_red_01,RED,0,-0.25,0.00794701495,0,0,-1.88473202e-11,0,0,0,0,0,0,-0.245394197,0.382612728,-0.0637563141,
41.68,object_red_01,RED,0,-0.25,0.00794701495,0,0,1.90431475e-11,0,0,0,0,0,0,-0.243414718,0.382576713,-0.0637563141,
41.72,object_red_01,RED,0,-0.25,0.00794701495,0,0,-3.68962776e-12,0,0,0,0,0,0,-0.24143497,0.382506606,-0.0637563141,
41.76,object_red_01,RED,0,-0.25,0.00794701495,0,0,-1.5242091e-11,0,0,0,0,0,0,-0.239455613,0.382407771,-0.0637563141,
41.8,object_red_01,RED,0,-0.25,0.00794701495,0,0,2.91767263e-11,0,0,0,0,0,0,-0.237477567,0.382287512,-0.0637563141,
41.84,object_red_01,RED,0,-0.25,0.00794701495,0,0,1.26160379e-12,0,0,0,0,0,0,-0.235501947,0.382153772,-0.0637563141,
41.88,object_red_01,RED,0,-0.25,0.00794701495,0,0,-1.18545052e-11,0,0,0,0,0,0,-0.233530017,0.382014442,-0.0637563141,
41.92,object_red_01,RED,0,-0.25,0.00794701495,0,0,-2.01433557e-11,0,0,0,0,0,0,-0.231563116,0.38187715,-0.0637563141,
41.96,object_red_01,RED,0,-0.25,0.00794701495,0,0,9.2767807e-12,0,0,0,0,0,0,-0.229602403,0.381749304,-0.0637563141,
42,object_red_01,RED,0,-0.25,0.00794701495,0,0,-9.24404046e-12,0,0,0,0,0,0,-0.227646339,0.381637092,-0.0637563141,
42.04,object_red_01,RED,0,-0.25,0.00794701495,0,0,-1.81293699e-11,0,0,0,0,0,0,-0.225692318,0.3815408,-0.0637563141,
42.08,object_red_01,RED,0,-0.25,0.00794701495,0,0,1.73158543e-11,0,0,0,0,0,0,-0.223739799,0.381455272,-0.0637563141,
42.12,object_red_01,RED,0,-0.25,0.00794701495,0,0,-5.59235261e-12,0,0,0,0,0,0,-0.221789087,0.381373235,-0.0637563141,
42.16,object_red_01,RED,0,-0.25,0.00794701495,0,0,-1.55210536e-11,0,0,0,0,0,0,-0.219840578,0.381287079,-0.0637563141,
42.2,object_red_01,RED,0,-0.25,0.00794701495,0,0,2.77900645e-11,0,0,0,0,0,0,-0.217894585,0.38118945,-0.0637563141,
42.24,object_red_01,RED,0,-0.25,0.00794701495,0,0,1.09571872e-12,0,0,0,0,0,0,-0.21595138,0.381073289,-0.0637563141,
42.28,object_red_01,RED,0,-0.25,0.00794701495,0,0,-1.37385331e-11,0,0,0,0,0,0,-0.214011279,0.380931722,-0.0637563141,
42.32,object_red_01,RED,0,-0.25,0.00794701495,0,0,3.74546848e-11,0,0,0,0,0,0,-0.212074285,0.380758422,-0.0637563141,
42.36,object_red_01,RED,0,-0.25,0.00794701495,0,0,7.59629588e-12,0,0,0,0,0,0,-0.210139915,0.380550604,-0.0637563141,
42.4,object_red_01,RED,0,-0.25,0.00794701495,0,0,-1.10609677e-11,0,0,0,0,0,0,-0.208208147,0.380310403,-0.0637563141,
42.44,object_red_01,RED,0,-0.25,0.00794701495,0,0,-1.83290337e-11,0,0,0,0,0,0,-0.206279206,0.380043285,-0.0637563141,
42.48,object_red_01,RED,0,-0.25,0.00794701495,0,0,1.63628663e-11,0,0,0,0,0,0,-0.204353467,0.379756374,-0.0637563141,
42.52,object_red_01,RED,0,-0.25,0.00794701495,0,0,-5.4967444e-12,0,0,0,0,0,0,-0.202431449,0.379457293,-0.0637563141,
42.56,object_red_01,RED,0,-0.25,0.00794701495,0,0,-1.72269911e-11,0,0,0,0,0,0,-0.200513782,0.379153578,-0.0637563141,
42.6,object_red_01,RED,0,-0.25,0.00794701495,0,0,2.39006052e-11,0,0,0,0,0,0,-0.198601145,0.378852504,-0.0637563141,
42.64,object_red_01,RED,0,-0.25,0.00794701495,0,0,-2.91075071e-13,0,0,0,0,0,0,-0.196694055,0.378561129,-0.0637563141,
42.68,object_red_01,RED,0,-0.25,0.00794701495,0,0,-1.53584696e-11,0,0,0,0,0,0,-0.194790695,0.378285225,-0.0637563141,
42.72,object_red_01,RED,0,-0.25,0.00794701495,0,0,3.54278513e-11,0,0,0,0,0,0,-0.1928886,0.378024961,-0.0637563141,
42.76,object_red_01,RED,0,-0.25,0.00794701495,0,0,7.02010916e-12,0,0,0,0,0,0,-0.190987546,0.37777548,-0.0637563141,
42.8,object_red_01,RED,0,-0.25,0.00794701495,0,0,-1.07493649e-11,0,0,0,0,0,0,-0.189088262,0.377529966,-0.0637563141,
42.84,object_red_01,RED,0,-0.25,0.00794701495,0,0,-1.98753637e-11,0,0,0,0,0,0,-0.187191625,0.377281283,-0.0637563141,
42.88,object_red_01,RED,0,-0.25,0.00794701495,0,0,1.27770157e-11,0,0,0,0,0,0,-0.185298464,0.377022531,-0.0637563141,
42.92,object_red_01,RED,0,-0.25,0.00794701495,0,0,-6.63389689e-12,0,0,0,0,0,0,-0.183409574,0.376747095,-0.0637563141,
42.96,object_red_01,RED,0,-0.25,0.00794701495,0,0,-1.86752718e-11,0,0,0,0,0,0,-0.181525793,0.37644854,-0.0637563141,
43,object_red_01,RED,0,-0.25,0.00794701495,0,0,2.23663235e-11,0,0,0,0,0,0,-0.179647789,0.376120724,-0.0637563141,
43.04,object_red_01,RED,0,-0.25,0.00794701495,0,0,-5.62803687e-13,0,0,0,0,0,0,-0.177775325,0.375760156,-0.0637563141,
43.08,object_red_01,RED,0,-0.25,0.00794701495,0,0,-1.48766563e-11,0,0,0,0,0,0,-0.175908118,0.375368061,-0.0637563141,
43.12,object_red_01,RED,0,-0.25,0.00794701495,0,0,3.26638495e-11,0,0,0,0,0,0,-0.174045948,0.374949138,-0.0637563141,
43.16,object_red_01,RED,0,-0.25,0.00794701495,0,0,3.70955957e-12,0,0,0,0,0,0,-0.172188656,0.374509916,-0.0637563141,
43.2,object_red_01,RED,0,-0.25,0.00794701495,0,0,-1.16775569e-11,0,0,0,0,0,0,-0.170336181,0.374057565,-0.0637563141,
43.24,object_red_01,RED,0,-0.25,0.00794701495,0,0,-2.11720273e-11,0,0,0,0,0,0,-0.168488552,0.373599241,-0.0637563141,
43.28,object_red_01,RED,0,-0.25,0.00794701495,0,0,1.16512084e-11,0,0,0,0,0,0,-0.166645848,0.373141868,-0.0637563141,
43.32,object_red_01,RED,0,-0.25,0.00794701495,0,0,-6.65643388e-12,0,0,0,0,0,0,-0.164808119,0.37269214,-0.0637563141,
43.36,object_red_01,RED,0,-0.25,0.00794701495,0,0,-1.80600852e-11,0,0,0,0,0,0,-0.162974244,0.372256203,-0.0637563141,
43.4,object_red_01,RED,0,-0.25,0.00794701495,0,0,2.00102002e-11,0,0,0,0,0,0,-0.161141386,0.37183618,-0.0637563141,
43.44,object_red_01,RED,0,-0.25,0.00794701495,0,0,-3.61977559e-12,0,0,0,0,0,0,-0.159308899,0.371428762,-0.0637563141,
43.48,object_red_01,RED,0,-0.25,0.00794701495,0,0,-1.56261441e-11,0,0,0,0,0,0,-0.157477653,0.371028018,-0.0637563141,
43.52,object_red_01,RED,0,-0.25,0.00794701495,0,0,3.10233139e-11,0,0,0,0,0,0,-0.155648912,0.370627351,-0.0637563141,
43.56,object_red_01,RED,0,-0.25,0.00794701495,0,0,3.39074061e-12,0,0,0,0,0,0,-0.153823956,0.370220284,-0.0637563141,
43.6,object_red_01,RED,0,-0.25,0.00794701495,0,0,-1.12937215e-11,0,0,0,0,0,0,-0.152004031,0.369800622,-0.0637563141,
43.64,object_red_01,RED,0,-0.25,0.00794701495,0,0,-2.03697748e-11,0,0,0,0,0,0,-0.1501904,0.369362383,-0.0637563141,
43.68,object_red_01,RED,0,-0.25,0.00794701495,0,0,9.67321041e-12,0,0,0,0,0,0,-0.148384372,0.368899699,-0.0637563141,
43.72,object_red_01,RED,0,-0.25,0.00794701495,0,0,-9.47127682e-12,0,0,0,0,0,0,-0.146586604,0.368407559,-0.0637563141,
43.76,object_red_01,RED,0,-0.25,0.00794701495,0,0,-1.86556897e-11,0,0,0,0,0,0,-0.144796787,0.367884659,-0.0637563141,
43.8,object_red_01,RED,0,-0.25,0.00794701495,0,0,1.88501681e-11,0,0,0,0,0,0,-0.143014404,0.367333765,-0.0637563141,
43.84,object_red_01,RED,0,-0.25,0.00794701495,0,0,-3.65219103e-12,0,0,0,0,0,0,-0.141238853,0.366760167,-0.0637563141,
43.88,object_red_01,RED,0,-0.25,0.00794701495,0,0,-1.5086634e-11,0,0,0,0,0,0,-0.139469548,0.366170313,-0.0637563141,
43.92,object_red_01,RED,0,-0.25,0.00794701495,0,0,2.88785528e-11,0,0,0,0,0,0,-0.137705971,0.365570925,-0.0637563141,
43.96,object_red_01,RED,0,-0.25,0.00794701495,0,0,1.24776041e-12,0,0,0,0,0,0,-0.13594766,0.364968582,-0.0637563141,
44,object_red_01,RED,0,-0.25,0.00794701495,0,0,-1.4101855e-11,0,0,0,0,0,0,-0.134194169,0.364369624,-0.0637563141,
44.04,object_red_01,RED,0,-0.25,0.00794701495,0,0,-2.09259156e-11,0,0,0,0,0,0,-0.132444952,0.363780201,-0.0637563141,
44.08,object_red_01,RED,0,-0.25,0.00794701495,0,0,8.88015827e-12,0,0,0,0,0,0,-0.130697955,0.363205364,-0.0637563141,
44.12,object_red_01,RED,0,-0.25,0.00794701495,0,0,-9.28578117e-12,0,0,0,0,0,0,-0.128950849,0.362645509,-0.0637563141,
44.16,object_red_01,RED,0,-0.25,0.00794701495,0,0,-1.80007503e-11,0,0,0,0,0,0,-0.127203769,0.362096707,-0.0637563141,
44.2,object_red_01,RED,0,-0.25,0.00794701495,0,0,1.71214509e-11,0,0,0,0,0,0,-0.125458043,0.361553264,-0.0637563141,
44.24,object_red_01,RED,0,-0.25,0.00794701495,0,0,-5.54331013e-12,0,0,0,0,0,0,-0.123715283,0.361009154,-0.0637563141,
44.28,object_red_01,RED,0,-0.25,0.00794701495,0,0,-1.76987725e-11,0,0,0,0,0,0,-0.121977112,0.360458543,-0.0637563141,
44.32,object_red_01,RED,0,-0.25,0.00794701495,0,0,2.68597634e-11,0,0,0,0,0,0,-0.120245143,0.359895855,-0.0637563141,
44.36,object_red_01,RED,0,-0.25,0.00794701495,0,0,7.7531164e-13,0,0,0,0,0,0,-0.118521011,0.359315691,-0.0637563141,
44.4,object_red_01,RED,0,-0.25,0.00794701495,0,0,-1.37319166e-11,0,0,0,0,0,0,-0.116806394,0.358712752,-0.0637563141,
44.44,object_red_01,RED,0,-0.25,0.00794701495,0,0,3.70353862e-11,0,0,0,0,0,0,-0.115102251,0.358082511,-0.0637563141,
44.48,object_red_01,RED,0,-0.25,0.00794701495,0,0,7.50142284e-12,0,0,0,0,0,0,-0.113408292,0.357423824,-0.0637563141,
44.52,object_red_01,RED,0,-0.25,0.00794701495,0,0,-1.09551599e-11,0,0,0,0,0,0,-0.111723763,0.356739258,-0.0637563141,
44.56,object_red_01,RED,0,-0.25,0.00794701495,0,0,-2.04276287e-11,0,0,0,0,0,0,-0.110047717,0.35603368,-0.0637563141,
44.6,object_red_01,RED,0,-0.25,0.00794701495,0,0,1.5519023e-11,0,0,0,0,0,0,-0.108379177,0.355313014,-0.0637563141,
44.64,object_red_01,RED,0,-0.25,0.00794701495,0,0,-5.75104298e-12,0,0,0,0,0,0,-0.106717203,0.354583426,-0.0637563141,
44.68,object_red_01,RED,0,-0.25,0.00794701495,0,0,-1.71827879e-11,0,0,0,0,0,0,-0.105060894,0.353850948,-0.0637563141,
44.72,object_red_01,RED,0,-0.25,0.00794701495,0,0,2.36181381e-11,0,0,0,0,0,0,-0.103409359,0.353121387,-0.0637563141,
44.76,object_red_01,RED,0,-0.25,0.00794701495,0,0,-3.05625078e-13,0,0,0,0,0,0,-0.101761659,0.352400367,-0.0637563141,
44.8,object_red_01,RED,0,-0.25,0.00794701495,0,0,-1.52084943e-11,0,0,0,0,0,0,-0.100115944,0.351692856,-0.0637563141,
44.84,object_red_01,RED,0,-0.25,0.00794701495,0,0,3.36836384e-11,0,0,0,0,0,0,-0.0984696736,0.351000085,-0.0637563141,
44.88,object_red_01,RED,0,-0.25,0.00794701495,0,0,6.25089663e-12,0,0,0,0,0,0,-0.0968227528,0.350319037,-0.0637563141,
44.92,object_red_01,RED,0,-0.25,0.00794701495,0,0,-1.09489751e-11,0,0,0,0,0,0,-0.0951765778,0.349644759,-0.0637563141,
44.96,object_red_01,RED,0,-0.25,0.00794701495,0,0,-1.9801543e-11,0,0,0,0,0,0,-0.0935329777,0.34897184,-0.0637563141,
45,object_red_01,RED,0,-0.25,0.00794701495,0,0,1.26094961e-11,0,0,0,0,0,0,-0.091893846,0.348295003,-0.0637563141,
45.04,object_red_01,RED,0,-0.25,0.00794701495,0,0,-6.58402644e-12,0,0,0,0,0,0,-0.09026107,0.347609215,-0.0637563141,
45.08,object_red_01,RED,0,-0.25,0.00794701495,0,0,-1.84926312e-11,0,0,0,0,0,0,-0.0886365509,0.346909631,-0.0637563141,
45.12,object_red_01,RED,0,-0.25,0.00794701495,0,0,2.06502578e-11,0,0,0,0,0,0,-0.0870222358,0.346191513,-0.0637563141,
45.16,object_red_01,RED,0,-0.25,0.00794701495,0,0,-1.26445522e-12,0,0,0,0,0,0,-0.0854198899,0.345450295,-0.0637563141,
45.2,object_red_01,RED,0,-0.25,0.00794701495,0,0,-1.50314103e-11,0,0,0,0,0,0,-0.0838298716,0.344683222,-0.0637563141,
45.24,object_red_01,RED,0,-0.25,0.00794701495,0,0,3.22494188e-11,0,0,0,0,0,0,-0.0822514871,0.343891117,-0.0637563141,
45.28,object_red_01,RED,0,-0.25,0.00794701495,0,0,3.63301233e-12,0,0,0,0,0,0,-0.0806836129,0.343077516,-0.0637563141,
45.32,object_red_01,RED,0,-0.25,0.00794701495,0,0,-1.15756604e-11,0,0,0,0,0,0,-0.079124976,0.342247422,-0.0637563141,
45.36,object_red_01,RED,0,-0.25,0.00794701495,0,0,-2.09643445e-11,0,0,0,0,0,0,-0.0775742867,0.341406361,-0.0637563141,
45.4,object_red_01,RED,0,-0.25,0.00794701495,0,0,1.15318142e-11,0,0,0,0,0,0,-0.0760302826,0.340559857,-0.0637563141,
45.44,object_red_01,RED,0,-0.25,0.00794701495,0,0,-6.58993638e-12,0,0,0,0,0,0,-0.0744917187,0.339713242,-0.0637563141,
45.48,object_red_01,RED,0,-0.25,0.00794701495,0,0,-1.78777408e-11,0,0,0,0,0,0,-0.0729573355,0.33887165,-0.0637563141,
45.52,object_red_01,RED,0,-0.25,0.00794701495,0,0,1.98088055e-11,0,0,0,0,0,0,-0.0714257759,0.33804006,-0.0637563141,
45.56,object_red_01,RED,0,-0.25,0.00794701495,0,0,-3.58278139e-12,0,0,0,0,0,0,-0.0698946444,0.337222256,-0.0637563141,
45.6,object_red_01,RED,0,-0.25,0.00794701495,0,0,-1.54692952e-11,0,0,0,0,0,0,-0.0683621119,0.336418055,-0.0637563141,
45.64,object_red_01,RED,0,-0.25,0.00794701495,0,0,2.97772273e-11,0,0,0,0,0,0,-0.0668287792,0.335624101,-0.0637563141,
45.68,object_red_01,RED,0,-0.25,0.00794701495,0,0,2.89347795e-12,0,0,0,0,0,0,-0.0652963666,0.334835809,-0.0637563141,
45.72,object_red_01,RED,0,-0.25,0.00794701495,0,0,-1.13822313e-11,0,0,0,0,0,0,-0.0637669006,0.334048408,-0.0637563141,
45.76,object_red_01,RED,0,-0.25,0.00794701495,0,0,-2.0247836e-11,0,0,0,0,0,0,-0.0622424545,0.333257308,-0.0637563141,
45.8,object_red_01,RED,0,-0.25,0.00794701495,0,0,9.54880552e-12,0,0,0,0,0,0,-0.0607251024,0.332458143,-0.0637563141,
45.84,object_red_01,RED,0,-0.25,0.00794701495,0,0,-9.38686393e-12,0,0,0,0,0,0,-0.0592169359,0.331646698,-0.0637563141,
45.88,object_red_01,RED,0,-0.25,0.00794701495,0,0,-1.8470319e-11,0,0,0,0,0,0,-0.057720086,0.33081885,-0.0637563141,
45.92,object_red_01,RED,0,-0.25,0.00794701495,0,0,1.76614785e-11,0,0,0,0,0,0,-0.0562365358,0.329970598,-0.0637563141,
45.96,object_red_01,RED,0,-0.25,0.00794701495,0,0,-4.08224242e-12,0,0,0,0,0,0,-0.0547668533,0.329099335,-0.0637563141,
46,object_red_01,RED,0,-0.25,0.00794701495,0,0,-1.51330855e-11,0,0,0,0,0,0,-0.0533103035,0.328205585,-0.0637563141,
46.04,object_red_01,RED,0,-0.25,0.00794701495,0,0,2.85295882e-11,0,0,0,0,0,0,-0.0518656045,0.327292357,-0.0637563141,
46.08,object_red_01,RED,0,-0.25,0.00794701495,0,0,1.20860351e-12,0,0,0,0,0,0,-0.050431271,0.32636403,-0.0637563141,
46.12,object_red_01,RED,0,-0.25,0.00794701495,0,0,-1.39696702e-11,0,0,0,0,0,0,-0.0490057725,0.325425495,-0.0637563141,
46.16,object_red_01,RED,0,-0.25,0.00794701495,0,0,3.82055287e-11,0,0,0,0,0,0,-0.0475875894,0.324481656,-0.0637563141,
46.2,object_red_01,RED,0,-0.25,0.00794701495,0,0,7.75267367e-12,0,0,0,0,0,0,-0.0461752146,0.323537245,-0.0637563141,
46.24,object_red_01,RED,0,-0.25,0.00794701495,0,0,-9.6581857e-12,0,0,0,0,0,0,-0.0447671299,0.322596806,-0.0637563141,
46.28,object_red_01,RED,0,-0.25,0.00794701495,0,0,-1.80117493e-11,0,0,0,0,0,0,-0.0433617796,0.321664747,-0.0637563141,
46.32,object_red_01,RED,0,-0.25,0.00794701495,0,0,1.68864845e-11,0,0,0,0,0,0,-0.0419571318,0.320745001,-0.0637563141,
46.36,object_red_01,RED,0,-0.25,0.00794701495,0,0,-5.51229724e-12,0,0,0,0,0,0,-0.040550861,0.31983865,-0.0637563141,
46.4,object_red_01,RED,0,-0.25,0.00794701495,0,0,-1.75284335e-11,0,0,0,0,0,0,-0.039142948,0.318943461,-0.0637563141,
46.44,object_red_01,RED,0,-0.25,0.00794701495,0,0,2.43848525e-11,0,0,0,0,0,0,-0.0377349216,0.318055666,-0.0637563141,
46.48,object_red_01,RED,0,-0.25,0.00794701495,0,0,-2.90960869e-13,0,0,0,0,0,0,-0.0363288212,0.317171123,-0.0637563141,
46.52,object_red_01,RED,0,-0.25,0.00794701495,0,0,-1.40555106e-11,0,0,0,0,0,0,-0.0349268026,0.316285797,-0.0637563141,
46.56,object_red_01,RED,0,-0.25,0.00794701495,0,0,3.65385126e-11,0,0,0,0,0,0,-0.0335310353,0.315395864,-0.0637563141,
46.6,object_red_01,RED,0,-0.25,0.00794701495,0,0,7.365894e-12,0,0,0,0,0,0,-0.032143696,0.314497667,-0.0637563141,
46.64,object_red_01,RED,0,-0.25,0.00794701495,0,0,-1.08695622e-11,0,0,0,0,0,0,-0.030766983,0.31358765,-0.0637563141,
46.68,object_red_01,RED,0,-0.25,0.00794701495,0,0,-2.02307985e-11,0,0,0,0,0,0,-0.0294031263,0.312662322,-0.0637563141,
46.72,object_red_01,RED,0,-0.25,0.00794701495,0,0,1.30418244e-11,0,0,0,0,0,0,-0.0280539579,0.311718389,-0.0637563141,
46.76,object_red_01,RED,0,-0.25,0.00794701495,0,0,-6.76078209e-12,0,0,0,0,0,0,-0.0267196363,0.310754236,-0.0637563141,
46.8,object_red_01,RED,0,-0.25,0.00794701495,0,0,-1.74640452e-11,0,0,0,0,0,0,-0.0253991614,0.309770951,-0.0637563141,
46.84,object_red_01,RED,0,-0.25,0.00794701495,0,0,2.3249852e-11,0,0,0,0,0,0,-0.024091054,0.308771535,-0.0637563141,
46.88,object_red_01,RED,0,-0.25,0.00794701495,0,0,-3.62451119e-13,0,0,0,0,0,0,-0.0227936658,0.307759969,-0.0637563141,
46.92,object_red_01,RED,0,-0.25,0.00794701495,0,0,-1.50796355e-11,0,0,0,0,0,0,-0.0215053105,0.30674054,-0.0637563141,
46.96,object_red_01,RED,0,-0.25,0.00794701495,0,0,3.33351627e-11,0,0,0,0,0,0,-0.020224307,0.305717476,-0.0637563141,
47,object_red_01,RED,0,-0.25,0.00794701495,0,0,6.18325712e-12,0,0,0,0,0,0,-0.0189489788,0.304694834,-0.0637563141,
47.04,object_red_01,RED,0,-0.25,0.00794701495,0,0,-1.08390989e-11,0,0,0,0,0,0,-0.0176776361,0.303676507,-0.0637563141,
47.08,object_red_01,RED,0,-0.25,0.00794701495,0,0,-1.96007479e-11,0,0,0,0,0,0,-0.0164085583,0.302666276,-0.0637563141,
47.12,object_red_01,RED,0,-0.25,0.00794701495,0,0,1.24788423e-11,0,0,0,0,0,0,-0.0151397306,0.301667576,-0.0637563141,
47.16,object_red_01,RED,0,-0.25,0.00794701495,0,0,-6.51720419e-12,0,0,0,0,0,0,-0.0138689232,0.300681514,-0.0637563141,
47.2,object_red_01,RED,0,-0.25,0.00794701495,0,0,-1.83029172e-11,0,0,0,0,0,0,-0.0125960197,0.299706293,-0.0637563141,
47.24,object_red_01,RED,0,-0.25,0.00794701495,0,0,2.04391917e-11,0,0,0,0,0,0,-0.0113224787,0.298738747,-0.0637563141,
47.28,object_red_01,RED,0,-0.25,0.00794701495,0,0,-1.25142552e-12,0,0,0,0,0,0,-0.0100503114,0.297775356,-0.0637563141,
47.32,object_red_01,RED,0,-0.25,0.00794701495,0,0,-1.48771667e-11,0,0,0,0,0,0,-0.00878167276,0.296812694,-0.0637563141,
47.36,object_red_01,RED,0,-0.25,0.00794701495,0,0,3.1917463e-11,0,0,0,0,0,0,-0.00751874125,0.295847527,-0.0637563141,
47.4,object_red_01,RED,0,-0.25,0.00794701495,0,0,3.59482971e-12,0,0,0,0,0,0,-0.00626370021,0.294876775,-0.0637563141,
47.44,object_red_01,RED,0,-0.25,0.00794701495,0,0,-1.14564874e-11,0,0,0,0,0,0,-0.00501874437,0.29389746,-0.0637563141,
47.48,object_red_01,RED,0,-0.25,0.00794701495,0,0,-2.0748439e-11,0,0,0,0,0,0,-0.00378608748,0.292906662,-0.0637563141,
47.52,object_red_01,RED,0,-0.25,0.00794701495,0,0,9.87279925e-12,0,0,0,0,0,0,-0.00256790597,0.291901517,-0.0637563141,
47.56,object_red_01,RED,0,-0.25,0.00794701495,0,0,-7.22336312e-12,0,0,0,0,0,0,-0.00136534511,0.290879675,-0.0637563141,
47.6,object_red_01,RED,0,-0.25,0.00794701495,0,0,-1.79908754e-11,0,0,0,0,0,0,-0.000177888255,0.289840823,-0.0637563141,
47.64,object_red_01,RED,0,-0.25,0.00794701495,0,0,1.95184942e-11,0,0,0,0,0,0,0.000995786659,0.288786714,-0.0637563141,
47.68,object_red_01,RED,0,-0.25,0.00794701495,0,0,-3.58580059e-12,0,0,0,0,0,0,0.00215731684,0.287720367,-0.0637563141,
47.72,object_red_01,RED,0,-0.25,0.00794701495,0,0,-1.53260471e-11,0,0,0,0,0,0,0.00330844208,0.286645341,-0.0637563141,
47.76,object_red_01,RED,0,-0.25,0.00794701495,0,0,2.94676658e-11,0,0,0,0,0,0,0.00445092085,0.285565282,-0.0637563141,
47.8,object_red_01,RED,0,-0.25,0.00794701495,0,0,1.2810609e-12,0,0,0,0,0,0,0.00558650785,0.284483712,-0.0637563141,
47.84,object_red_01,RED,0,-0.25,0.00794701495,0,0,-1.19624579e-11,0,0,0,0,0,0,0.00671695947,0.283403994,-0.0637563141,
47.88,object_red_01,RED,0,-0.25,0.00794701495,0,0,-2.03316315e-11,0,0,0,0,0,0,0.00784404632,0.282329363,-0.0637563141,
47.92,object_red_01,RED,0,-0.25,0.00794701495,0,0,9.36426989e-12,0,0,0,0,0,0,0.00896956351,0.281262966,-0.0637563141,
47.96,object_red_01,RED,0,-0.25,0.00794701495,0,0,-9.3311121e-12,0,0,0,0,0,0,0.0100955329,0.280207611,-0.0637563141,
48,object_red_01,RED,0,-0.25,0.00794701495,0,0,-1.82994876e-11,0,0,0,0,0,0,0.01122391,0.279163995,-0.0637563141,
48.04,object_red_01,RED,0,-0.25,0.00794701495,0,0,1.74779636e-11,0,0,0,0,0,0,0.012354636,0.278130467,-0.0637563141,
48.08,object_red_01,RED,0,-0.25,0.00794701495,0,0,-5.64456062e-12,0,0,0,0,0,0,0.0134862606,0.277104341,-0.0637563141,
48.12,object_red_01,RED,0,-0.25,0.00794701495,0,0,-1.56670176e-11,0,0,0,0,0,0,0.0146168384,0.27608269,-0.0637563141,
48.16,object_red_01,RED,0,-0.25,0.00794701495,0,0,2.80516114e-11,0,0,0,0,0,0,0.0157442874,0.275062696,-0.0637563141,
48.2,object_red_01,RED,0,-0.25,0.00794701495,0,0,1.1055365e-12,0,0,0,0,0,0,0.0168664998,0.274041714,-0.0637563141,
48.24,object_red_01,RED,0,-0.25,0.00794701495,0,0,-1.38681163e-11,0,0,0,0,0,0,0.0179813652,0.273017236,-0.0637563141,
48.28,object_red_01,RED,0,-0.25,0.00794701495,0,0,3.78084888e-11,0,0,0,0,0,0,0.019086769,0.271986839,-0.0637563141,
48.32,object_red_01,RED,0,-0.25,0.00794701495,0,0,7.66936711e-12,0,0,0,0,0,0,0.02018059,0.270948154,-0.0637563141,
48.36,object_red_01,RED,0,-0.25,0.00794701495,0,0,-1.11651197e-11,0,0,0,0,0,0,0.0212606995,0.269898863,-0.0637563141,
48.4,object_red_01,RED,0,-0.25,0.00794701495,0,0,-1.85021527e-11,0,0,0,0,0,0,0.0223253198,0.268836732,-0.0637563141,
48.44,object_red_01,RED,0,-0.25,0.00794701495,0,0,1.65197366e-11,0,0,0,0,0,0,0.0233742521,0.267760537,-0.0637563141,
48.48,object_red_01,RED,0,-0.25,0.00794701495,0,0,-5.54889887e-12,0,0,0,0,0,0,0.0244085073,0.266670922,-0.0637563141,
48.52,object_red_01,RED,0,-0.25,0.00794701495,0,0,-1.73912523e-11,0,0,0,0,0,0,0.0254295918,0.265569936,-0.0637563141,
48.56,object_red_01,RED,0,-0.25,0.00794701495,0,0,2.41294154e-11,0,0,0,0,0,0,0.0264391939,0.264460366,-0.0637563141,
48.6,object_red_01,RED,0,-0.25,0.00794701495,0,0,-2.93280591e-13,0,0,0,0,0,0,0.0274390545,0.263345233,-0.0637563141,
48.64,object_red_01,RED,0,-0.25,0.00794701495,0,0,-1.39161845e-11,0,0,0,0,0,0,0.0284309211,0.262227512,-0.0637563141,
48.68,object_red_01,RED,0,-0.25,0.00794701495,0,0,3.61719537e-11,0,0,0,0,0,0,0.029416539,0.261110041,-0.0637563141,
48.72,object_red_01,RED,0,-0.25,0.00794701495,0,0,7.29128818e-12,0,0,0,0,0,0,0.0303976563,0.259995526,-0.0637563141,
48.76,object_red_01,RED,0,-0.25,0.00794701495,0,0,-1.0760603e-11,0,0,0,0,0,0,0.0313760325,0.258886578,-0.0637563141,
48.8,object_red_01,RED,0,-0.25,0.00794701495,0,0,-2.00281619e-11,0,0,0,0,0,0,0.0323534418,0.257785743,-0.0637563141,
48.84,object_red_01,RED,0,-0.25,0.00794701495,0,0,1.29130406e-11,0,0,0,0,0,0,0.0333318052,0.256695275,-0.0637563141,
48.88,object_red_01,RED,0,-0.25,0.00794701495,0,0,-6.69316042e-12,0,0,0,0,0,0,0.0343128331,0.255615637,-0.0637563141,
48.92,object_red_01,RED,0,-0.25,0.00794701495,0,0,-1.72902588e-11,0,0,0,0,0,0,0.0352964171,0.254545414,-0.0637563141,
48.96,object_red_01,RED,0,-0.25,0.00794701495,0,0,2.30191325e-11,0,0,0,0,0,0,0.0362812068,0.253482397,-0.0637563141,
49,object_red_01,RED,0,-0.25,0.00794701495,0,0,-3.59474738e-13,0,0,0,0,0,0,0.037265398,0.252424223,-0.0637563141,
49.04,object_red_01,RED,0,-0.25,0.00794701495,0,0,-1.49298707e-11,0,0,0,0,0,0,0.038247054,0.251368633,-0.0637563141,
49.08,object_red_01,RED,0,-0.25,0.00794701495,0,0,3.29999236e-11,0,0,0,0,0,0,0.0392242101,0.250313526,-0.0637563141,
49.12,object_red_01,RED,0,-0.25,0.00794701495,0,0,3.75693185e-12,0,0,0,0,0,0,0.0401949009,0.249256919,-0.0637563141,
49.16,object_red_01,RED,0,-0.25,0.00794701495,0,0,-1.17840713e-11,0,0,0,0,0,0,0.0411571636,0.248196902,-0.0637563141,
49.2,object_red_01,RED,0,-0.25,0.00794701495,0,0,-1.98452822e-11,0,0,0,0,0,0,0.0421090379,0.247131615,-0.0637563141,
49.24,object_red_01,RED,0,-0.25,0.00794701495,0,0,1.22217065e-11,0,0,0,0,0,0,0.0430485659,0.246059236,-0.0637563141,
49.28,object_red_01,RED,0,-0.25,0.00794701495,0,0,-6.51205441e-12,0,0,0,0,0,0,0.0439738174,0.244977988,-0.0637563141,
49.32,object_red_01,RED,0,-0.25,0.00794701495,0,0,-1.8145483e-11,0,0,0,0,0,0,0.0448835854,0.243886241,-0.0637563141,
49.36,object_red_01,RED,0,-0.25,0.00794701495,0,0,2.02295424e-11,0,0,0,0,0,0,0.0457782127,0.242783491,-0.0637563141,
49.4,object_red_01,RED,0,-0.25,0.00794701495,0,0,-3.64206633e-12,0,0,0,0,0,0,0.0466588826,0.241670677,-0.0637563141,
49.44,object_red_01,RED,0,-0.25,0.00794701495,0,0,-1.57722616e-11,0,0,0,0,0,0,0.0475271069,0.240549697,-0.0637563141,
49.48,object_red_01,RED,0,-0.25,0.00794701495,0,0,3.13280289e-11,0,0,0,0,0,0,0.0483845124,0.239422893,-0.0637563141,
49.52,object_red_01,RED,0,-0.25,0.00794701495,0,0,3.42350221e-12,0,0,0,0,0,0,0.0492327567,0.238292697,-0.0637563141,
49.56,object_red_01,RED,0,-0.25,0.00794701495,0,0,-1.14031445e-11,0,0,0,0,0,0,0.0500734994,0.237161458,-0.0637563141,
49.6,object_red_01,RED,0,-0.25,0.00794701495,0,0,-2.0567176e-11,0,0,0,0,0,0,0.0509083973,0.236031401,-0.0637563141,
49.64,object_red_01,RED,0,-0.25,0.00794701495,0,0,9.76681296e-12,0,0,0,0,0,0,0.0517391075,0.234904647,-0.0637563141,
49.68,object_red_01,RED,0,-0.25,0.00794701495,0,0,-9.5630914e-12,0,0,0,0,0,0,0.0525672912,0.233783247,-0.0637563141,
49.72,object_red_01,RED,0,-0.25,0.00794701495,0,0,-1.88361427e-11,0,0,0,0,0,0,0.0533946148,0.2326692,-0.0637563141,
49.76,object_red_01,RED,0,-0.25,0.00794701495,0,0,1.90301535e-11,0,0,0,0,0,0,0.0542227856,0.231564389,-0.0637563141,
49.8,object_red_01,RED,0,-0.25,0.00794701495,0,0,-3.68771132e-12,0,0,0,0,0,0,0.0550534887,0.230469596,-0.0637563141,
49.84,object_red_01,RED,0,-0.25,0.00794701495,0,0,-1.52318414e-11,0,0,0,0,0,0,0.0558870425,0.229383923,-0.0637563141,
49.88,object_red_01,RED,0,-0.25,0.00794701495,0,0,2.91556596e-11,0,0,0,0,0,0,0.0567224465,0.228305701,-0.0637563141,
49.92,object_red_01,RED,0,-0.25,0.00794701495,0,0,1.26049033e-12,0,0,0,0,0,0,0.0575581615,0.227233073,-0.0637563141,
49.96,object_red_01,RED,0,-0.25,0.00794701495,0,0,-1.42373839e-11,0,0,0,0,0,0,0.0583924748,0.226164255,-0.0637563141,
50,object_red_01,RED,0,-0.25,0.00794701495,0,0,-2.11265644e-11,0,0,0,0,0,0,0.0592236289,0.225097604,-0.0637563141,
50.04,object_red_01,RED,0,-0.25,0.00794701495,0,0,8.9640858e-12,0,0,0,0,0,0,0.0600498628,0.224031589,-0.0637563141,
50.08,object_red_01,RED,0,-0.25,0.00794701495,0,0,-9.37439811e-12,0,0,0,0,0,0,0.060869422,0.22296475,-0.0637563141,
50.12,object_red_01,RED,0,-0.25,0.00794701495,0,0,-1.81731234e-11,0,0,0,0,0,0,0.0616805615,0.221895669,-0.0637563141,
50.16,object_red_01,RED,0,-0.25,0.00794701495,0,0,1.72869077e-11,0,0,0,0,0,0,0.0624815461,0.220822963,-0.0637563141,
50.2,object_red_01,RED,0,-0.25,0.00794701495,0,0,-5.59616409e-12,0,0,0,0,0,0,0.0632706516,0.219745286,-0.0637563141,
50.24,object_red_01,RED,0,-0.25,0.00794701495,0,0,-1.55132307e-11,0,0,0,0,0,0,0.0640461801,0.218661331,-0.0637563141,
50.28,object_red_01,RED,0,-0.25,0.00794701495,0,0,2.77689479e-11,0,0,0,0,0,0,0.0648069974,0.21756983,-0.0637563141,
50.32,object_red_01,RED,0,-0.25,0.00794701495,0,0,1.0944518e-12,0,0,0,0,0,0,0.0655533528,0.216470255,-0.0637563141,
50.36,object_red_01,RED,0,-0.25,0.00794701495,0,0,-1.37289437e-11,0,0,0,0,0,0,0.0662862952,0.215363218,-0.0637563141,
50.4,object_red_01,RED,0,-0.25,0.00794701495,0,0,3.74275048e-11,0,0,0,0,0,0,0.0670071845,0.214250129,-0.0637563141,
50.44,object_red_01,RED,0,-0.25,0.00794701495,0,0,7.59115324e-12,0,0,0,0,0,0,0.0677174916,0.213132788,-0.0637563141,
50.48,object_red_01,RED,0,-0.25,0.00794701495,0,0,-1.10532341e-11,0,0,0,0,0,0,0.0684187189,0.212013079,-0.0637563141,
50.52,object_red_01,RED,0,-0.25,0.00794701495,0,0,-1.83158791e-11,0,0,0,0,0,0,0.0691123719,0.210892822,-0.0637563141,
50.56,object_red_01,RED,0,-0.25,0.00794701495,0,0,1.63516888e-11,0,0,0,0,0,0,0.0697999515,0.209773735,-0.0637563141,
50.6,object_red_01,RED,0,-0.25,0.00794701495,0,0,-5.49280087e-12,0,0,0,0,0,0,0.0704829543,0.208657446,-0.0637563141,
50.64,object_red_01,RED,0,-0.25,0.00794701495,0,0,-1.7214693e-11,0,0,0,0,0,0,0.0711628738,0.207545521,-0.0637563141,
50.68,object_red_01,RED,0,-0.25,0.00794701495,0,0,2.38827184e-11,0,0,0,0,0,0,0.0718412006,0.206439481,-0.0637563141,
50.72,object_red_01,RED,0,-0.25,0.00794701495,0,0,-2.90950163e-13,0,0,0,0,0,0,0.0725194216,0.20534081,-0.0637563141,
50.76,object_red_01,RED,0,-0.25,0.00794701495,0,0,-1.53473457e-11,0,0,0,0,0,0,0.0731990479,0.204250858,-0.0637563141,
50.8,object_red_01,RED,0,-0.25,0.00794701495,0,0,3.54041901e-11,0,0,0,0,0,0,0.0738813904,0.203169942,-0.0637563141,
50.84,object_red_01,RED,0,-0.25,0.00794701495,0,0,7.01573738e-12,0,0,0,0,0,0,0.0745664939,0.202097175,-0.0637563141,
50.88,object_red_01,RED,0,-0.25,0.00794701495,0,0,-1.07419168e-11,0,0,0,0,0,0,0.0752534091,0.20103122,-0.0637563141,
50.92,object_red_01,RED,0,-0.25,0.00794701495,0,0,-1.98621912e-11,0,0,0,0,0,0,0.0759407916,0.199970672,-0.0637563141,
50.96,object_red_01,RED,0,-0.25,0.00794701495,0,0,1.27689145e-11,0,0,0,0,0,0,0.0766271667,0.198914222,-0.0637563141,
51,object_red_01,RED,0,-0.25,0.00794701495,0,0,-6.62988912e-12,0,0,0,0,0,0,0.0773110269,0.197860681,-0.0637563141,
51.04,object_red_01,RED,0,-0.25,0.00794701495,0,0,-1.8662574e-11,0,0,0,0,0,0,0.0779908642,0.196808946,-0.0637563141,
51.08,object_red_01,RED,0,-0.25,0.00794701495,0,0,2.23491255e-11,0,0,0,0,0,0,0.0786651809,0.19575797,-0.0637563141,
51.12,object_red_01,RED,0,-0.25,0.00794701495,0,0,-5.62407549e-13,0,0,0,0,0,0,0.079332493,0.194706734,-0.0637563141,
51.16,object_red_01,RED,0,-0.25,0.00794701495,0,0,-1.48657858e-11,0,0,0,0,0,0,0.0799913321,0.193654247,-0.0637563141,
51.2,object_red_01,RED,0,-0.25,0.00794701495,0,0,3.26365839e-11,0,0,0,0,0,0,0.0806402458,0.192599546,-0.0637563141,
51.24,object_red_01,RED,0,-0.25,0.00794701495,0,0,3.70634408e-12,0,0,0,0,0,0,0.0812777983,0.191541705,-0.0637563141,
51.28,object_red_01,RED,0,-0.25,0.00794701495,0,0,-1.1668046e-11,0,0,0,0,0,0,0.0819025946,0.190479822,-0.0637563141,
51.32,object_red_01,RED,0,-0.25,0.00794701495,0,0,-2.11558214e-11,0,0,0,0,0,0,0.0825138431,0.189412988,-0.0637563141,
51.36,object_red_01,RED,0,-0.25,0.00794701495,0,0,1.1642654e-11,0,0,0,0,0,0,0.0831119064,0.188340861,-0.0637563141,
51.4,object_red_01,RED,0,-0.25,0.00794701495,0,0,-6.65115919e-12,0,0,0,0,0,0,0.0836977497,0.187263938,-0.0637563141,
51.44,object_red_01,RED,0,-0.25,0.00794701495,0,0,-1.80466665e-11,0,0,0,0,0,0,0.084272568,0.186183297,-0.0637563141,
51.48,object_red_01,RED,0,-0.25,0.00794701495,0,0,1.9995304e-11,0,0,0,0,0,0,0.0848376356,0.185100285,-0.0637563141,
51.52,object_red_01,RED,0,-0.25,0.00794701495,0,0,-3.61692412e-12,0,0,0,0,0,0,0.0853942491,0.184016294,-0.0637563141,
51.56,object_red_01,RED,0,-0.25,0.00794701495,0,0,-1.5614831e-11,0,0,0,0,0,0,0.0859437052,0.182932656,-0.0637563141,
51.6,object_red_01,RED,0,-0.25,0.00794701495,0,0,3.00601441e-11,0,0,0,0,0,0,0.0864872943,0.181850618,-0.0637563141,
51.64,object_red_01,RED,0,-0.25,0.00794701495,0,0,2.92125751e-12,0,0,0,0,0,0,0.0870262991,0.180771359,-0.0637563141,
51.68,object_red_01,RED,0,-0.25,0.00794701495,0,0,-1.14897915e-11,0,0,0,0,0,0,0.0875619942,0.179696012,-0.0637563141,
51.72,object_red_01,RED,0,-0.25,0.00794701495,0,0,-2.04392915e-11,0,0,0,0,0,0,0.0880956456,0.178625672,-0.0637563141,
51.76,object_red_01,RED,0,-0.25,0.00794701495,0,0,9.64106264e-12,0,0,0,0,0,0,0.08862851,0.177561406,-0.0637563141,
51.8,object_red_01,RED,0,-0.25,0.00794701495,0,0,-9.47599477e-12,0,0,0,0,0,0,0.0891618334,0.176504251,-0.0637563141,
51.84,object_red_01,RED,0,-0.25,0.00794701495,0,0,-1.86460361e-11,0,0,0,0,0,0,0.0896968644,0.175455109,-0.0637563141,
51.88,object_red_01,RED,0,-0.25,0.00794701495,0,0,1.88310643e-11,0,0,0,0,0,0,0.0902345637,0.174414021,-0.0637563141,
51.92,object_red_01,RED,0,-0.25,0.00794701495,0,0,-3.65097763e-12,0,0,0,0,0,0,0.0907748483,0.173380216,-0.0637563141,
51.96,object_red_01,RED,0,-0.25,0.00794701495,0,0,-1.50739076e-11,0,0,0,0,0,0,0.0913169044,0.172352684,-0.0637563141,
52,object_red_01,RED,0,-0.25,0.00794701495,0,0,2.88563585e-11,0,0,0,0,0,0,0.0918596287,0.171330416,-0.0637563141,
52.04,object_red_01,RED,0,-0.25,0.00794701495,0,0,1.24745349e-12,0,0,0,0,0,0,0.0924018205,0.170312503,-0.0637563141,
52.08,object_red_01,RED,0,-0.25,0.00794701495,0,0,-1.40903992e-11,0,0,0,0,0,0,0.0929422544,0.169298132,-0.0637563141,
52.12,object_red_01,RED,0,-0.25,0.00794701495,0,0,-2.09092493e-11,0,0,0,0,0,0,0.0934797071,0.168286559,-0.0637563141,
52.16,object_red_01,RED,0,-0.25,0.00794701495,0,0,8.8742983e-12,0,0,0,0,0,0,0.0940129676,0.167277076,-0.0637563141,
52.2,object_red_01,RED,0,-0.25,0.00794701495,0,0,-9.27892907e-12,0,0,0,0,0,0,0.0945408408,0.166268994,-0.0637563141,
52.24,object_red_01,RED,0,-0.25,0.00794701495,0,0,-1.798746e-11,0,0,0,0,0,0,0.0950621497,0.165261645,-0.0637563141,
52.28,object_red_01,RED,0,-0.25,0.00794701495,0,0,1.7110252e-11,0,0,0,0,0,0,0.0955757355,0.164254382,-0.0637563141,
52.32,object_red_01,RED,0,-0.25,0.00794701495,0,0,-5.53910965e-12,0,0,0,0,0,0,0.0960804582,0.163246584,-0.0637563141,
52.36,object_red_01,RED,0,-0.25,0.00794701495,0,0,-1.76863031e-11,0,0,0,0,0,0,0.0965751959,0.162237661,-0.0637563141,
52.4,object_red_01,RED,0,-0.25,0.00794701495,0,0,2.68435218e-11,0,0,0,0,0,0,0.0970588505,0.161227042,-0.0637563141,
52.44,object_red_01,RED,0,-0.25,0.00794701495,0,0,7.74961897e-13,0,0,0,0,0,0,0.0975306404,0.160214093,-0.0637563141,
52.48,object_red_01,RED,0,-0.25,0.00794701495,0,0,-1.37226948e-11,0,0,0,0,0,0,0.0979907049,0.159198383,-0.0637563141,
52.52,object_red_01,RED,0,-0.25,0.00794701495,0,0,3.7012346e-11,0,0,0,0,0,0,0.0984397681,0.158180083,-0.0637563141,
52.56,object_red_01,RED,0,-0.25,0.00794701495,0,0,7.49642651e-12,0,0,0,0,0,0,0.0988787781,0.157159847,-0.0637563141,
52.6,object_red_01,RED,0,-0.25,0.00794701495,0,0,-1.09480544e-11,0,0,0,0,0,0,0.0993087619,0.156138582,-0.0637563141,
52.64,object_red_01,RED,0,-0.25,0.00794701495,0,0,-2.041416e-11,0,0,0,0,0,0,0.09973077,0.155117258,-0.0637563141,
52.68,object_red_01,RED,0,-0.25,0.00794701495,0,0,1.55105328e-11,0,0,0,0,0,0,0.100145854,0.154096812,-0.0637563141,
52.72,object_red_01,RED,0,-0.25,0.00794701495,0,0,-5.74675685e-12,0,0,0,0,0,0,0.10055506,0.153078118,-0.0637563141,
52.76,object_red_01,RED,0,-0.25,0.00794701495,0,0,-1.7172599e-11,0,0,0,0,0,0,0.100959423,0.152061991,-0.0637563141,
52.8,object_red_01,RED,0,-0.25,0.00794701495,0,0,2.36059899e-11,0,0,0,0,0,0,0.101359968,0.151049207,-0.0637563141,
52.84,object_red_01,RED,0,-0.25,0.00794701495,0,0,-3.05371693e-13,0,0,0,0,0,0,0.101757711,0.150040515,-0.0637563141,
52.88,object_red_01,RED,0,-0.25,0.00794701495,0,0,-1.51998471e-11,0,0,0,0,0,0,0.102153651,0.149036642,-0.0637563141,
52.92,object_red_01,RED,0,-0.25,0.00794701495,0,0,3.36647737e-11,0,0,0,0,0,0,0.102548779,0.148038291,-0.0637563141,
52.96,object_red_01,RED,0,-0.25,0.00794701495,0,0,6.24658195e-12,0,0,0,0,0,0,0.102944068,0.147046142,-0.0637563141,
53,object_red_01,RED,0,-0.25,0.00794701495,0,0,-1.09430581e-11,0,0,0,0,0,0,0.10334048,0.146060847,-0.0637563141,
53.04,object_red_01,RED,0,-0.25,0.00794701495,0,0,-1.97902691e-11,0,0,0,0,0,0,0.103738939,0.145082819,-0.0637563141,
53.08,object_red_01,RED,0,-0.25,0.00794701495,0,0,1.26015377e-11,0,0,0,0,0,0,0.104139884,0.144111735,-0.0637563141,
53.12,object_red_01,RED,0,-0.25,0.00794701495,0,0,-6.58054686e-12,0,0,0,0,0,0,0.104542989,0.143146925,-0.0637563141,
53.16,object_red_01,RED,0,-0.25,0.00794701495,0,0,-1.84818605e-11,0,0,0,0,0,0,0.104947535,0.14218767,-0.0637563141,
53.2,object_red_01,RED,0,-0.25,0.00794701495,0,0,2.06405256e-11,0,0,0,0,0,0,0.10535265,0.141233319,-0.0637563141,
53.24,object_red_01,RED,0,-0.25,0.00794701495,0,0,-1.26318116e-12,0,0,0,0,0,0,0.105757414,0.140283311,-0.0637563141,
53.28,object_red_01,RED,0,-0.25,0.00794701495,0,0,-1.50229273e-11,0,0,0,0,0,0,0.106160898,0.139337152,-0.0637563141,
53.32,object_red_01,RED,0,-0.25,0.00794701495,0,0,3.22335412e-11,0,0,0,0,0,0,0.10656218,0.138394388,-0.0637563141,
53.36,object_red_01,RED,0,-0.25,0.00794701495,0,0,3.63047134e-12,0,0,0,0,0,0,0.10696035,0.137454582,-0.0637563141,
53.4,object_red_01,RED,0,-0.25,0.00794701495,0,0,-1.15701252e-11,0,0,0,0,0,0,0.107354519,0.136517311,-0.0637563141,
53.44,object_red_01,RED,0,-0.25,0.00794701495,0,0,-2.09529172e-11,0,0,0,0,0,0,0.107743812,0.135582164,-0.0637563141,
53.48,object_red_01,RED,0,-0.25,0.00794701495,0,0,1.15263503e-11,0,0,0,0,0,0,0.108127373,0.134648745,-0.0637563141,
53.52,object_red_01,RED,0,-0.25,0.00794701495,0,0,-6.5861249e-12,0,0,0,0,0,0,0.108504365,0.133716676,-0.0637563141,
53.56,object_red_01,RED,0,-0.25,0.00794701495,0,0,-1.7868751e-11,0,0,0,0,0,0,0.108873968,0.132785601,-0.0637563141,
53.6,object_red_01,RED,0,-0.25,0.00794701495,0,0,1.97983489e-11,0,0,0,0,0,0,0.109235378,0.131855181,-0.0637563141,
53.64,object_red_01,RED,0,-0.25,0.00794701495,0,0,-3.58109334e-12,0,0,0,0,0,0,0.109587811,0.130925098,-0.0637563141,
53.68,object_red_01,RED,0,-0.25,0.00794701495,0,0,-1.5461376e-11,0,0,0,0,0,0,0.10993056,0.129995002,-0.0637563141,
53.72,object_red_01,RED,0,-0.25,0.00794701495,0,0,2.97662068e-11,0,0,0,0,0,0,0.110263444,0.129064465,-0.0637563141,
53.76,object_red_01,RED,0,-0.25,0.00794701495,0,0,2.8934958e-12,0,0,0,0,0,0,0.110586879,0.128133356,-0.0637563141,
53.8,object_red_01,RED,0,-0.25,0.00794701495,0,0,-1.13774313e-11,0,0,0,0,0,0,0.110901531,0.127201936,-0.0637563141,
53.84,object_red_01,RED,0,-0.25,0.00794701495,0,0,-2.02399347e-11,0,0,0,0,0,0,0.111208154,0.126270718,-0.0637563141,
53.88,object_red_01,RED,0,-0.25,0.00794701495,0,0,9.54591836e-12,0,0,0,0,0,0,0.111507532,0.125340314,-0.0637563141,
53.92,object_red_01,RED,0,-0.25,0.00794701495,0,0,-9.38309171e-12,0,0,0,0,0,0,0.111800454,0.12441134,-0.0637563141,
53.96,object_red_01,RED,0,-0.25,0.00794701495,0,0,-1.84636882e-11,0,0,0,0,0,0,0.112087703,0.123484366,-0.0637563141,
54,object_red_01,RED,0,-0.25,0.00794701495,0,0,1.76559148e-11,0,0,0,0,0,0,0.112370056,0.122559922,-0.0637563141,
54.04,object_red_01,RED,0,-0.25,0.00794701495,0,0,-4.08073639e-12,0,0,0,0,0,0,0.112648277,0.121638501,-0.0637563141,
54.08,object_red_01,RED,0,-0.25,0.00794701495,0,0,-1.51276216e-11,0,0,0,0,0,0,0.112923119,0.120720576,-0.0637563141,
54.12,object_red_01,RED,0,-0.25,0.00794701495,0,0,2.85186605e-11,0,0,0,0,0,0,0.113195322,0.119806601,-0.0637563141,
54.16,object_red_01,RED,0,-0.25,0.00794701495,0,0,1.20784692e-12,0,0,0,0,0,0,0.113465614,0.118897017,-0.0637563141,
54.2,object_red_01,RED,0,-0.25,0.00794701495,0,0,-1.39649023e-11,0,0,0,0,0,0,0.113734708,0.11799225,-0.0637563141,
54.24,object_red_01,RED,0,-0.25,0.00794701495,0,0,3.81918495e-11,0,0,0,0,0,0,0.114003304,0.117092707,-0.0637563141,
54.28,object_red_01,RED,0,-0.25,0.00794701495,0,0,7.75046101e-12,0,0,0,0,0,0,0.114272091,0.116198778,-0.0637563141,
54.32,object_red_01,RED,0,-0.25,0.00794701495,0,0,-9.65468828e-12,0,0,0,0,0,0,0.11454174,0.115310838,-0.0637563141,
54.36,object_red_01,RED,0,-0.25,0.00794701495,0,0,-1.80057216e-11,0,0,0,0,0,0,0.114812908,0.114429216,-0.0637563141,
54.4,object_red_01,RED,0,-0.25,0.00794701495,0,0,1.68805211e-11,0,0,0,0,0,0,0.115086096,0.11355387,-0.0637563141,
54.44,object_red_01,RED,0,-0.25,0.00794701495,0,0,-5.51099106e-12,0,0,0,0,0,0,0.115361298,0.112684374,-0.0637563141,
54.48,object_red_01,RED,0,-0.25,0.00794701495,0,0,-1.75217635e-11,0,0,0,0,0,0,0.115638118,0.111820248,-0.0637563141,
54.52,object_red_01,RED,0,-0.25,0.00794701495,0,0,2.43762124e-11,0,0,0,0,0,0,0.115915997,0.110961059,-0.0637563141,
54.56,object_red_01,RED,0,-0.25,0.00794701495,0,0,-2.90796704e-13,0,0,0,0,0,0,0.116194314,0.110106449,-0.0637563141,
54.6,object_red_01,RED,0,-0.25,0.00794701495,0,0,-1.40500931e-11,0,0,0,0,0,0,0.116472432,0.10925612,-0.0637563141,
54.64,object_red_01,RED,0,-0.25,0.00794701495,0,0,3.65291016e-11,0,0,0,0,0,0,0.116749716,0.108409813,-0.0637563141,
54.68,object_red_01,RED,0,-0.25,0.00794701495,0,0,7.36331018e-12,0,0,0,0,0,0,0.117025539,0.107567282,-0.0637563141,
54.72,object_red_01,RED,0,-0.25,0.00794701495,0,0,-1.08665715e-11,0,0,0,0,0,0,0.117299289,0.10672829,-0.0637563141,
54.76,object_red_01,RED,0,-0.25,0.00794701495,0,0,-2.02242997e-11,0,0,0,0,0,0,0.117570369,0.105892607,-0.0637563141,
54.8,object_red_01,RED,0,-0.25,0.00794701495,0,0,1.30378523e-11,0,0,0,0,0,0,0.117838198,0.105060007,-0.0637563141,
54.84,object_red_01,RED,0,-0.25,0.00794701495,0,0,-6.75850876e-12,0,0,0,0,0,0,0.118102208,0.104230278,-0.0637563141,
54.88,object_red_01,RED,0,-0.25,0.00794701495,0,0,-1.74582566e-11,0,0,0,0,0,0,0.118361847,0.103403217,-0.0637563141,
54.92,object_red_01,RED,0,-0.25,0.00794701495,0,0,2.32409692e-11,0,0,0,0,0,0,0.118616579,0.102578636,-0.0637563141,
54.96,object_red_01,RED,0,-0.25,0.00794701495,0,0,-3.6355031e-13,0,0,0,0,0,0,0.118865881,0.101756356,-0.0637563141,
55,object_red_01,RED,0,-0.25,0.00794701495,0,0,-1.50744679e-11,0,0,0,0,0,0,0.119109245,0.100936209,-0.0637563141,
55.04,object_red_01,RED,0,-0.25,0.00794701495,0,0,3.33219081e-11,0,0,0,0,0,0,0.119346179,0.10011804,-0.0637563141,
55.08,object_red_01,RED,0,-0.25,0.00794701495,0,0,6.18179748e-12,0,0,0,0,0,0,0.119576201,0.0993017004,-0.0637563141,
55.12,object_red_01,RED,0,-0.25,0.00794701495,0,0,-1.08351232e-11,0,0,0,0,0,0,0.119798867,0.0984870284,-0.0637563141,
55.16,object_red_01,RED,0,-0.25,0.00794701495,0,0,-1.95936567e-11,0,0,0,0,0,0,0.120014008,0.0976737411,-0.0637563141,
55.2,object_red_01,RED,0,-0.25,0.00794701495,0,0,1.2475559e-11,0,0,0,0,0,0,0.120221873,0.0968616625,-0.0637563141,
55.24,object_red_01,RED,0,-0.25,0.00794701495,0,0,-6.51462038e-12,0,0,0,0,0,0,0.120422899,0.0960508663,-0.0637563141,
55.28,object_red_01,RED,0,-0.25,0.00794701495,0,0,-1.82973641e-11,0,0,0,0,0,0,0.120617589,0.0952416077,-0.0637563141,
55.32,object_red_01,RED,0,-0.25,0.00794701495,0,0,2.04347378e-11,0,0,0,0,0,0,0.120806467,0.0944342249,-0.0637563141,
55.36,object_red_01,RED,0,-0.25,0.00794701495,0,0,-1.2497125e-12,0,0,0,0,0,0,0.120990059,0.0936290662,-0.0637563141,
55.4,object_red_01,RED,0,-0.25,0.00794701495,0,0,-1.48739155e-11,0,0,0,0,0,0,0.12116889,0.0928264565,-0.0637563141,
55.44,object_red_01,RED,0,-0.25,0.00794701495,0,0,3.19111927e-11,0,0,0,0,0,0,0.121343474,0.092026691,-0.0637563141,
55.48,object_red_01,RED,0,-0.25,0.00794701495,0,0,3.59356992e-12,0,0,0,0,0,0,0.121514318,0.091230042,-0.0637563141,
55.52,object_red_01,RED,0,-0.25,0.00794701495,0,0,-1.1454471e-11,0,0,0,0,0,0,0.12168192,0.0904367665,-0.0637563141,
55.56,object_red_01,RED,0,-0.25,0.00794701495,0,0,-2.07433464e-11,0,0,0,0,0,0,0.121846764,0.0896471112,-0.0637563141,
55.6,object_red_01,RED,0,-0.25,0.00794701495,0,0,9.87047596e-12,0,0,0,0,0,0,0.122009324,0.0888613142,-0.0637563141,
55.64,object_red_01,RED,0,-0.25,0.00794701495,0,0,-7.22109336e-12,0,0,0,0,0,0,0.122170064,0.0880796047,-0.0637563141,
55.68,object_red_01,RED,0,-0.25,0.00794701495,0,0,-1.79864037e-11,0,0,0,0,0,0,0.122329435,0.0873022022,-0.0637563141,
55.72,object_red_01,RED,0,-0.25,0.00794701495,0,0,1.95141973e-11,0,0,0,0,0,0,0.122487878,0.0865293163,-0.0637563141,
55.76,object_red_01,RED,0,-0.25,0.00794701495,0,0,-3.58502616e-12,0,0,0,0,0,0,0.122645823,0.0857611457,-0.0637563141,
55.8,object_red_01,RED,0,-0.25,0.00794701495,0,0,-1.5322646e-11,0,0,0,0,0,0,0.122803687,0.0849978796,-0.0637563141,
55.84,object_red_01,RED,0,-0.25,0.00794701495,0,0,2.94597966e-11,0,0,0,0,0,0,0.122961878,0.0842396968,-0.0637563141,
55.88,object_red_01,RED,0,-0.25,0.00794701495,0,0,1.27989034e-12,0,0,0,0,0,0,0.123120791,0.0834867673,-0.0637563141,
55.92,object_red_01,RED,0,-0.25,0.00794701495,0,0,-1.19601204e-11,0,0,0,0,0,0,0.123280811,0.0827392503,-0.0637563141,
55.96,object_red_01,RED,0,-0.25,0.00794701495,0,0,-2.03255859e-11,0,0,0,0,0,0,0.123442281,0.0819971976,-0.0637563141,
56,object_red_01,RED,0,-0.25,0.00794701495,0,0,9.36013722e-12,0,0,0,0,0,0,0.123605311,0.0812603724,-0.0637563141,
56.04,object_red_01,RED,0,-0.25,0.00794701495,0,0,-9.32765036e-12,0,0,0,0,0,0,0.123769737,0.0805284697,-0.0637563141,
56.08,object_red_01,RED,0,-0.25,0.00794701495,0,0,-1.82931244e-11,0,0,0,0,0,0,0.123935261,0.0798012249,-0.0637563141,
56.12,object_red_01,RED,0,-0.25,0.00794701495,0,0,1.74708652e-11,0,0,0,0,0,0,0.124101528,0.0790784317,-0.0637563141,
56.16,object_red_01,RED,0,-0.25,0.00794701495,0,0,-5.64260135e-12,0,0,0,0,0,0,0.124268166,0.078359933,-0.0637563141,
56.2,object_red_01,RED,0,-0.25,0.00794701495,0,0,-1.56606901e-11,0,0,0,0,0,0,0.1244348,0.0776456018,-0.0637563141,
56.24,object_red_01,RED,0,-0.25,0.00794701495,0,0,2.80395631e-11,0,0,0,0,0,0,0.124601062,0.076935324,-0.0637563141,
56.28,object_red_01,RED,0,-0.25,0.00794701495,0,0,1.1048263e-12,0,0,0,0,0,0,0.124766593,0.076228989,-0.0637563141,
56.32,object_red_01,RED,0,-0.25,0.00794701495,0,0,-1.38624277e-11,0,0,0,0,0,0,0.124931043,0.0755264878,-0.0637563141,
56.36,object_red_01,RED,0,-0.25,0.00794701495,0,0,3.77931322e-11,0,0,0,0,0,0,0.125094075,0.0748277136,-0.0637563141,
56.4,object_red_01,RED,0,-0.25,0.00794701495,0,0,7.66585184e-12,0,0,0,0,0,0,0.125255363,0.0741325641,-0.0637563141,
56.44,object_red_01,RED,0,-0.25,0.00794701495,0,0,-1.11609013e-11,0,0,0,0,0,0,0.125414589,0.0734409426,-0.0637563141,
56.48,object_red_01,RED,0,-0.25,0.00794701495,0,0,-1.84944762e-11,0,0,0,0,0,0,0.125571447,0.0727527588,-0.0637563141,
56.52,object_red_01,RED,0,-0.25,0.00794701495,0,0,1.6510811e-11,0,0,0,0,0,0,0.125725644,0.072067928,-0.0637563141,
56.56,object_red_01,RED,0,-0.25,0.00794701495,0,0,-5.54613662e-12,0,0,0,0,0,0,0.125876893,0.0713863711,-0.0637563141,
56.6,object_red_01,RED,0,-0.25,0.00794701495,0,0,-1.73828514e-11,0,0,0,0,0,0,0.126024919,0.0707080143,-0.0637563141,
56.64,object_red_01,RED,0,-0.25,0.00794701495,0,0,2.41151295e-11,0,0,0,0,0,0,0.126169457,0.0700327884,-0.0637563141,
56.68,object_red_01,RED,0,-0.25,0.00794701495,0,0,-2.94122828e-13,0,0,0,0,0,0,0.126310252,0.0693606292,-0.0637563141,
56.72,object_red_01,RED,0,-0.25,0.00794701495,0,0,-1.39086972e-11,0,0,0,0,0,0,0.126447059,0.0686914765,-0.0637563141,
56.76,object_red_01,RED,0,-0.25,0.00794701495,0,0,3.61521362e-11,0,0,0,0,0,0,0.12657964,0.0680252748,-0.0637563141,
56.8,object_red_01,RED,0,-0.25,0.00794701495,0,0,7.28771581e-12,0,0,0,0,0,0,0.12670777,0.0673619726,-0.0637563141,
56.84,object_red_01,RED,0,-0.25,0.00794701495,0,0,-1.07545182e-11,0,0,0,0,0,0,0.126831229,0.0667015225,-0.0637563141,
56.88,object_red_01,RED,0,-0.25,0.00794701495,0,0,-2.00163635e-11,0,0,0,0,0,0,0.126949821,0.0660438587,-0.0637563141,
56.92,object_red_01,RED,0,-0.25,0.00794701495,0,0,1.29049751e-11,0,0,0,0,0,0,0.127063494,0.0653888139,-0.0637563141,
56.96,object_red_01,RED,0,-0.25,0.00794701495,0,0,-6.68906701e-12,0,0,0,0,0,0,0.127172409,0.0647362607,-0.0637563141,
57,object_red_01,RED,0,-0.25,0.00794701495,0,0,-1.72796559e-11,0,0,0,0,0,0,0.12727682,0.0640862042,-0.0637563141,
57.04,object_red_01,RED,0,-0.25,0.00794701495,0,0,2.30073304e-11,0,0,0,0,0,0,0.12737701,0.0634387484,-0.0637563141,
57.08,object_red_01,RED,0,-0.25,0.00794701495,0,0,-3.58625363e-13,0,0,0,0,0,0,0.127473268,0.062794043,-0.0637563141,
57.12,object_red_01,RED,0,-0.25,0.00794701495,0,0,-1.49221157e-11,0,0,0,0,0,0,0.127565886,0.062152244,-0.0637563141,
57.16,object_red_01,RED,0,-0.25,0.00794701495,0,0,3.29814337e-11,0,0,0,0,0,0,0.12765515,0.0615134949,-0.0637563141,
57.2,object_red_01,RED,0,-0.25,0.00794701495,0,0,3.75553645e-12,0,0,0,0,0,0,0.127741343,0.0608779234,-0.0637563141,
57.24,object_red_01,RED,0,-0.25,0.00794701495,0,0,-1.17776796e-11,0,0,0,0,0,0,0.127824738,0.060245645,-0.0637563141,
57.28,object_red_01,RED,0,-0.25,0.00794701495,0,0,-1.98353217e-11,0,0,0,0,0,0,0.127905605,0.0596167675,-0.0637563141,
57.32,object_red_01,RED,0,-0.25,0.00794701495,0,0,1.22152006e-11,0,0,0,0,0,0,0.127984203,0.0589913937,-0.0637563141,
57.36,object_red_01,RED,0,-0.25,0.00794701495,0,0,-6.5090352e-12,0,0,0,0,0,0,0.128060786,0.0583696226,-0.0637563141,
57.4,object_red_01,RED,0,-0.25,0.00794701495,0,0,-1.81363897e-11,0,0,0,0,0,0,0.128135597,0.0577515489,-0.0637563141,
57.44,object_red_01,RED,0,-0.25,0.00794701495,0,0,2.02188074e-11,0,0,0,0,0,0,0.128208875,0.0571372629,-0.0637563141,
57.48,object_red_01,RED,0,-0.25,0.00794701495,0,0,-3.64067093e-12,0,0,0,0,0,0,0.128280849,0.0565268502,-0.0637563141,
57.52,object_red_01,RED,0,-0.25,0.00794701495,0,0,-1.57642318e-11,0,0,0,0,0,0,0.128351742,0.0559203915,-0.0637563141,
57.56,object_red_01,RED,0,-0.25,0.00794701495,0,0,3.13110593e-11,0,0,0,0,0,0,0.12842177,0.0553179627,-0.0637563141,
57.6,object_red_01,RED,0,-0.25,0.00794701495,0,0,3.42204614e-12,0,0,0,0,0,0,0.128491139,0.0547196351,-0.0637563141,
57.64,object_red_01,RED,0,-0.25,0.00794701495,0,0,-1.13968706e-11,0,0,0,0,0,0,0.128560053,0.0541254758,-0.0637563141,
57.68,object_red_01,RED,0,-0.25,0.00794701495,0,0,-2.05569835e-11,0,0,0,0,0,0,0.128628704,0.0535355476,-0.0637563141,
57.72,object_red_01,RED,0,-0.25,0.00794701495,0,0,9.76322274e-12,0,0,0,0,0,0,0.128697279,0.0529499094,-0.0637563141,
57.76,object_red_01,RED,0,-0.25,0.00794701495,0,0,-9.55839485e-12,0,0,0,0,0,0,0.128765961,0.0523686159,-0.0637563141,
57.8,object_red_01,RED,0,-0.25,0.00794701495,0,0,-1.88276025e-11,0,0,0,0,0,0,0.128834921,0.0517917183,-0.0637563141,
57.84,object_red_01,RED,0,-0.25,0.00794701495,0,0,1.90233442e-11,0,0,0,0,0,0,0.128904327,0.0512192637,-0.0637563141,
57.88,object_red_01,RED,0,-0.25,0.00794701495,0,0,-3.68653718e-12,0,0,0,0,0,0,0.12897434,0.0506512961,-0.0637563141,
57.92,object_red_01,RED,0,-0.25,0.00794701495,0,0,-1.52254425e-11,0,0,0,0,0,0,0.129045112,0.0500878554,-0.0637563141,
57.96,object_red_01,RED,0,-0.25,0.00794701495,0,0,2.91434651e-11,0,0,0,0,0,0,0.129116781,0.0495289488,-0.0637563141,
58,object_red_01,RED,0,-0.25,0.00794701495,0,0,1.26015843e-12,0,0,0,0,0,0,0.129189394,0.0489744471,-0.0637563141,
58.04,object_red_01,RED,0,-0.25,0.00794701495,0,0,-1.42318629e-11,0,0,0,0,0,0,0.129262883,0.0484241839,-0.0637563141,
58.08,object_red_01,RED,0,-0.25,0.00794701495,0,0,-2.11182134e-11,0,0,0,0,0,0,0.129337122,0.0478780273,-0.0637563141,
58.12,object_red_01,RED,0,-0.25,0.00794701495,0,0,8.96199448e-12,0,0,0,0,0,0,0.129411958,0.0473358847,-0.0637563141,
58.16,object_red_01,RED,0,-0.25,0.00794701495,0,0,-9.37143243e-12,0,0,0,0,0,0,0.12948723,0.0467976936,-0.0637563141,
58.2,object_red_01,RED,0,-0.25,0.00794701495,0,0,-1.81663534e-11,0,0,0,0,0,0,0.129562774,0.046263408,-0.0637563141,
58.24,object_red_01,RED,0,-0.25,0.00794701495,0,0,1.72791456e-11,0,0,0,0,0,0,0.129638431,0.0457329881,-0.0637563141,
58.28,object_red_01,RED,0,-0.25,0.00794701495,0,0,-5.59411203e-12,0,0,0,0,0,0,0.129714046,0.0452063946,-0.0637563141,
58.32,object_red_01,RED,0,-0.25,0.00794701495,0,0,-1.55062859e-11,0,0,0,0,0,0,0.129789472,0.0446835877,-0.0637563141,
58.36,object_red_01,RED,0,-0.25,0.00794701495,0,0,2.7757153e-11,0,0,0,0,0,0,0.129864565,0.0441645271,-0.0637563141,
58.4,object_red_01,RED,0,-0.25,0.00794701495,0,0,1.09410205e-12,0,0,0,0,0,0,0.12993919,0.0436491743,-0.0637563141,
58.44,object_red_01,RED,0,-0.25,0.00794701495,0,0,-1.37231551e-11,0,0,0,0,0,0,0.130013215,0.0431374921,-0.0637563141,
58.48,object_red_01,RED,0,-0.25,0.00794701495,0,0,3.74154815e-11,0,0,0,0,0,0,0.130086514,0.0426294458,-0.0637563141,
58.52,object_red_01,RED,0,-0.25,0.00794701495,0,0,7.58848377e-12,0,0,0,0,0,0,0.130158967,0.042125003,-0.0637563141,
58.56,object_red_01,RED,0,-0.25,0.00794701495,0,0,-1.10490087e-11,0,0,0,0,0,0,0.130230459,0.0416241328,-0.0637563141,
58.6,object_red_01,RED,0,-0.25,0.00794701495,0,0,-1.83089627e-11,0,0,0,0,0,0,0.130300881,0.0411268062,-0.0637563141,
58.64,object_red_01,RED,0,-0.25,0.00794701495,0,0,1.63450937e-11,0,0,0,0,0,0,0.130370127,0.0406329959,-0.0637563141,
58.68,object_red_01,RED,0,-0.25,0.00794701495,0,0,-5.49020278e-12,0,0,0,0,0,0,0.1304381,0.0401426759,-0.0637563141,
58.72,object_red_01,RED,0,-0.25,0.00794701495,0,0,-1.72085439e-11,0,0,0,0,0,0,0.130504702,0.0396558216,-0.0637563141,
58.76,object_red_01,RED,0,-0.25,0.00794701495,0,0,2.3876084e-11,0,0,0,0,0,0,0.130569846,0.0391724099,-0.0637563141,
58.8,object_red_01,RED,0,-0.25,0.00794701495,0,0,-2.89815284e-13,0,0,0,0,0,0,0.130633445,0.0386924189,-0.0637563141,
58.84,object_red_01,RED,0,-0.25,0.00794701495,0,0,-1.53425385e-11,0,0,0,0,0,0,0.130695419,0.0382158282,-0.0637563141,
58.88,object_red_01,RED,0,-0.25,0.00794701495,0,0,3.53930805e-11,0,0,0,0,0,0,0.130755693,0.0377426185,-0.0637563141,
58.92,object_red_01,RED,0,-0.25,0.00794701495,0,0,7.01218285e-12,0,0,0,0,0,0,0.130814193,0.0372727714,-0.0637563141,
58.96,object_red_01,RED,0,-0.25,0.00794701495,0,0,-1.07383551e-11,0,0,0,0,0,0,0.130870853,0.03680627,-0.0637563141,
59,object_red_01,RED,0,-0.25,0.00794701495,0,0,-1.98560743e-11,0,0,0,0,0,0,0.13092561,0.0363430982,-0.0637563141,
59.04,object_red_01,RED,0,-0.25,0.00794701495,0,0,1.27661094e-11,0,0,0,0,0,0,0.130978404,0.0358832409,-0.0637563141,
59.08,object_red_01,RED,0,-0.25,0.00794701495,0,0,-6.62758725e-12,0,0,0,0,0,0,0.131029179,0.0354266839,-0.0637563141,
59.12,object_red_01,RED,0,-0.25,0.00794701495,0,0,-1.86576347e-11,0,0,0,0,0,0,0.131077885,0.0349734141,-0.0637563141,
59.16,object_red_01,RED,0,-0.25,0.00794701495,0,0,2.23431121e-11,0,0,0,0,0,0,0.131124473,0.034523419,-0.0637563141,
59.2,object_red_01,RED,0,-0.25,0.00794701495,0,0,-5.61761596e-13,0,0,0,0,0,0,0.1311689,0.0340766869,-0.0637563141,
59.24,object_red_01,RED,0,-0.25,0.00794701495,0,0,-1.48617137e-11,0,0,0,0,0,0,0.131211125,0.0336332069,-0.0637563141,
59.28,object_red_01,RED,0,-0.25,0.00794701495,0,0,3.26313092e-11,0,0,0,0,0,0,0.131251112,0.0331929614,-0.0637563141,
59.32,object_red_01,RED,0,-0.25,0.00794701495,0,0,3.70685442e-12,0,0,0,0,0,0,0.131288858,0.0327558808,-0.0637563141,
59.36,object_red_01,RED,0,-0.25,0.00794701495,0,0,-1.16658797e-11,0,0,0,0,0,0,0.131324427,0.0323218882,-0.0637563141,
59.4,object_red_01,RED,0,-0.25,0.00794701495,0,0,-2.11520242e-11,0,0,0,0,0,0,0.131357917,0.0318909541,-0.0637563141,
59.44,object_red_01,RED,0,-0.25,0.00794701495,0,0,1.16415655e-11,0,0,0,0,0,0,0.131389433,0.0314630895,-0.0637563141,
59.48,object_red_01,RED,0,-0.25,0.00794701495,0,0,-6.65023487e-12,0,0,0,0,0,0,0.131419081,0.0310383267,-0.0637563141,
59.52,object_red_01,RED,0,-0.25,0.00794701495,0,0,-1.8044047e-11,0,0,0,0,0,0,0.131446968,0.0306167034,-0.0637563141,
59.56,object_red_01,RED,0,-0.25,0.00794701495,0,0,1.9992474e-11,0,0,0,0,0,0,0.131473196,0.0301982535,-0.0637563141,
59.6,object_red_01,RED,0,-0.25,0.00794701495,0,0,-3.61664218e-12,0,0,0,0,0,0,0.131497868,0.0297830059,-0.0637563141,
59.64,object_red_01,RED,0,-0.25,0.00794701495,0,0,-1.5612472e-11,0,0,0,0,0,0,0.131521082,0.0293709845,-0.0637563141,
59.68,object_red_01,RED,0,-0.25,0.00794701495,0,0,3.00550335e-11,0,0,0,0,0,0,0.131542933,0.0289622105,-0.0637563141,
59.72,object_red_01,RED,0,-0.25,0.00794701495,0,0,2.92061513e-12,0,0,0,0,0,0,0.131563513,0.0285567032,-0.0637563141,
59.76,object_red_01,RED,0,-0.25,0.00794701495,0,0,-1.148795e-11,0,0,0,0,0,0,0.131582911,0.0281544812,-0.0637563141,
59.8,object_red_01,RED,0,-0.25,0.00794701495,0,0,-2.04358869e-11,0,0,0,0,0,0,0.131601211,0.0277555616,-0.0637563141,
59.84,object_red_01,RED,0,-0.25,0.00794701495,0,0,9.63883213e-12,0,0,0,0,0,0,0.131618496,0.0273599604,-0.0637563141,
59.88,object_red_01,RED,0,-0.25,0.00794701495,0,0,-9.47409974e-12,0,0,0,0,0,0,0.131634844,0.0269676922,-0.0637563141,
59.92,object_red_01,RED,0,-0.25,0.00794701495,0,0,-1.86427743e-11,0,0,0,0,0,0,0.131650331,0.0265787703,-0.0637563141,
59.96,object_red_01,RED,0,-0.25,0.00794701495,0,0,1.88290372e-11,0,0,0,0,0,0,0.131665029,0.0261932063,-0.0637563141,
60,object_red_01,RED,0,-0.25,0.00794701495,0,0,-3.65007116e-12,0,0,0,0,0,0,0.131679008,0.0258110107,-0.0637563141,
60.04,object_red_01,RED,0,-0.25,0.00794701495,0,0,-1.50721803e-11,0,0,0,0,0,0,0.131692335,0.0254321927,-0.0637563141,
60.08,object_red_01,RED,0,-0.25,0.00794701495,0,0,2.88481288e-11,0,0,0,0,0,0,0.131705073,0.0250567601,-0.0637563141,
60.12,object_red_01,RED,0,-0.25,0.00794701495,0,0,1.24642211e-12,0,0,0,0,0,0,0.131717284,0.0246847197,-0.0637563141,
60.16,object_red_01,RED,0,-0.25,0.00794701495,0,0,-1.4087794e-11,0,0,0,0,0,0,0.131729026,0.0243160772,-0.0637563141,
60.2,object_red_01,RED,0,-0.25,0.00794701495,0,0,-2.09037212e-11,0,0,0,0,0,0,0.131740356,0.0239508372,-0.0637563141,
60.24,object_red_01,RED,0,-0.25,0.00794701495,0,0,8.86910569e-12,0,0,0,0,0,0,0.131751325,0.023589003,-0.0637563141,
60.28,object_red_01,RED,0,-0.25,0.00794701495,0,0,-9.2761347e-12,0,0,0,0,0,0,0.131761986,0.0232305772,-0.0637563141,
60.32,object_red_01,RED,0,-0.25,0.00794701495,0,0,-1.79803189e-11,0,0,0,0,0,0,0.131772386,0.0228755613,-0.0637563141,
60.36,object_red_01,RED,0,-0.25,0.00794701495,0,0,1.71021401e-11,0,0,0,0,0,0,0.131782572,0.0225239558,-0.0637563141,
60.4,object_red_01,RED,0,-0.25,0.00794701495,0,0,-5.53612256e-12,0,0,0,0,0,0,0.131792587,0.0221757604,-0.0637563141,
60.44,object_red_01,RED,0,-0.25,0.00794701495,0,0,-1.76791798e-11,0,0,0,0,0,0,0.131802472,0.0218309738,-0.0637563141,
60.48,object_red_01,RED,0,-0.25,0.00794701495,0,0,2.68356383e-11,0,0,0,0,0,0,0.131812267,0.0214895939,-0.0637563141,
60.52,object_red_01,RED,0,-0.25,0.00794701495,0,0,7.7572919e-13,0,0,0,0,0,0,0.131822009,0.0211516178,-0.0637563141,
60.56,object_red_01,RED,0,-0.25,0.00794701495,0,0,-1.37184301e-11,0,0,0,0,0,0,0.131831733,0.020817042,-0.0637563141,
60.6,object_red_01,RED,0,-0.25,0.00794701495,0,0,3.69985348e-11,0,0,0,0,0,0,0.131841472,0.0204858619,-0.0637563141,
60.64,object_red_01,RED,0,-0.25,0.00794701495,0,0,7.49449936e-12,0,0,0,0,0,0,0.131851257,0.0201580724,-0.0637563141,
60.68,object_red_01,RED,0,-0.25,0.00794701495,0,0,-1.09438254e-11,0,0,0,0,0,0,0.131861117,0.0198336677,-0.0637563141,
60.72,object_red_01,RED,0,-0.25,0.00794701495,0,0,-2.04073329e-11,0,0,0,0,0,0,0.131871079,0.0195126413,-0.0637563141,
60.76,object_red_01,RED,0,-0.25,0.00794701495,0,0,1.55042231e-11,0,0,0,0,0,0,0.131881169,0.019194986,-0.0637563141,
60.8,object_red_01,RED,0,-0.25,0.00794701495,0,0,-5.7451723e-12,0,0,0,0,0,0,0.13189141,0.0188806941,-0.0637563141,
60.84,object_red_01,RED,0,-0.25,0.00794701495,0,0,-1.71667461e-11,0,0,0,0,0,0,0.131901825,0.0185697573,-0.0637563141,
60.88,object_red_01,RED,0,-0.25,0.00794701495,0,0,2.35955262e-11,0,0,0,0,0,0,0.131912434,0.0182621667,-0.0637563141,
60.92,object_red_01,RED,0,-0.25,0.00794701495,0,0,-3.05225372e-13,0,0,0,0,0,0,0.131923255,0.0179579128,-0.0637563141,
60.96,object_red_01,RED,0,-0.25,0.00794701495,0,0,-1.51943404e-11,0,0,0,0,0,0,0.131934306,0.0176569856,-0.0637563141,
61,object_red_01,RED,0,-0.25,0.00794701495,0,0,3.36531323e-11,0,0,0,0,0,0,0.131945603,0.0173593747,-0.0637563141,
61.04,object_red_01,RED,0,-0.25,0.00794701495,0,0,6.24464052e-12,0,0,0,0,0,0,0.13195716,0.0170650692,-0.0637563141,
61.08,object_red_01,RED,0,-0.25,0.00794701495,0,0,-1.09390289e-11,0,0,0,0,0,0,0.131968989,0.0167740574,-0.0637563141,
61.12,object_red_01,RED,0,-0.25,0.00794701495,0,0,-1.9783028e-11,0,0,0,0,0,0,0.131981065,0.0164863119,-0.0637563141,
61.16,object_red_01,RED,0,-0.25,0.00794701495,0,0,1.25958597e-11,0,0,0,0,0,0,0.131993296,0.0162017716,-0.0637563141,
61.2,object_red_01,RED,0,-0.25,0.00794701495,0,0,-6.57757405e-12,0,0,0,0,0,0,0.132005627,0.0159203771,-0.0637563141,
61.24,object_red_01,RED,0,-0.25,0.00794701495,0,0,-1.8474987e-11,0,0,0,0,0,0,0.132018025,0.0156420853,-0.0637563141,
61.28,object_red_01,RED,0,-0.25,0.00794701495,0,0,2.06315037e-11,0,0,0,0,0,0,0.132030465,0.0153668715,-0.0637563141,
61.32,object_red_01,RED,0,-0.25,0.00794701495,0,0,-1.26309194e-12,0,0,0,0,0,0,0.132042929,0.0150947217,-0.0637563141,
61.36,object_red_01,RED,0,-0.25,0.00794701495,0,0,-1.5017442e-11,0,0,0,0,0,0,0.132055401,0.0148256256,-0.0637563141,
61.4,object_red_01,RED,0,-0.25,0.00794701495,0,0,3.22187485e-11,0,0,0,0,0,0,0.132067865,0.0145595718,-0.0637563141,
61.44,object_red_01,RED,0,-0.25,0.00794701495,0,0,3.62905452e-12,0,0,0,0,0,0,0.132080309,0.014296547,-0.0637563141,
61.48,object_red_01,RED,0,-0.25,0.00794701495,0,0,-1.15644865e-11,0,0,0,0,0,0,0.13209272,0.0140365364,-0.0637563141,
61.52,object_red_01,RED,0,-0.25,0.00794701495,0,0,-2.09442771e-11,0,0,0,0,0,0,0.132105086,0.0137795248,-0.0637563141,
61.56,object_red_01,RED,0,-0.25,0.00794701495,0,0,1.15215967e-11,0,0,0,0,0,0,0.132117398,0.0135254967,-0.0637563141,
61.6,object_red_01,RED,0,-0.25,0.00794701495,0,0,-6.583848e-12,0,0,0,0,0,0,0.132129645,0.0132744371,-0.0637563141,
61.64,object_red_01,RED,0,-0.25,0.00794701495,0,0,-1.78608104e-11,0,0,0,0,0,0,0.132141818,0.0130263312,-0.0637563141,
61.68,object_red_01,RED,0,-0.25,0.00794701495,0,0,1.97913291e-11,0,0,0,0,0,0,0.132153908,0.0127811644,-0.0637563141,
61.72,object_red_01,RED,0,-0.25,0.00794701495,0,0,-3.58001913e-12,0,0,0,0,0,0,0.132165906,0.0125389223,-0.0637563141,
61.76,object_red_01,RED,0,-0.25,0.00794701495,0,0,-1.54548202e-11,0,0,0,0,0,0,0.132177804,0.0122995902,-0.0637563141,
61.8,object_red_01,RED,0,-0.25,0.00794701495,0,0,2.97527774e-11,0,0,0,0,0,0,0.132189596,0.0120631537,-0.0637563141,
61.84,object_red_01,RED,0,-0.25,0.00794701495,0,0,2.89185772e-12,0,0,0,0,0,0,0.132201275,0.0118295982,-0.0637563141,
61.88,object_red_01,RED,0,-0.25,0.00794701495,0,0,-1.13723136e-11,0,0,0,0,0,0,0.132212833,0.0115989092,-0.0637563141,
61.92,object_red_01,RED,0,-0.25,0.00794701495,0,0,-2.02304524e-11,0,0,0,0,0,0,0.132224265,0.0113710722,-0.0637563141,
61.96,object_red_01,RED,0,-0.25,0.00794701495,0,0,9.54220681e-12,0,0,0,0,0,0,0.132235567,0.0111460728,-0.0637563141,
62,object_red_01,RED,0,-0.25,0.00794701495,0,0,-9.37883413e-12,0,0,0,0,0,0,0.132246731,0.0109238963,-0.0637563141,
62.04,object_red_01,RED,0,-0.25,0.00794701495,0,0,-1.84562008e-11,0,0,0,0,0,0,0.132257755,0.0107045283,-0.0637563141,
62.08,object_red_01,RED,0,-0.25,0.00794701495,0,0,1.76507079e-11,0,0,0,0,0,0,0.132268633,0.0104879543,-0.0637563141,
62.12,object_red_01,RED,0,-0.25,0.00794701495,0,0,-4.07962292e-12,0,0,0,0,0,0,0.132279362,0.0102741598,-0.0637563141,
62.16,object_red_01,RED,0,-0.25,0.00794701495,0,0,-1.51219865e-11,0,0,0,0,0,0,0.132289939,0.0100631302,-0.0637563141,
62.2,object_red_01,RED,0,-0.25,0.00794701495,0,0,2.85085109e-11,0,0,0,0,0,0,0.13230036,0.00985485101,-0.0637563141,
62.24,object_red_01,RED,0,-0.25,0.00794701495,0,0,1.20843934e-12,0,0,0,0,0,0,0.132310622,0.00964930762,-0.0637563141,
62.28,object_red_01,RED,0,-0.25,0.00794701495,0,0,-1.39599666e-11,0,0,0,0,0,0,0.132320723,0.00944648542,-0.0637563141,
62.32,object_red_01,RED,0,-0.25,0.00794701495,0,0,3.81810111e-11,0,0,0,0,0,0,0.13233066,0.00924636978,-0.0637563141,
62.36,object_red_01,RED,0,-0.25,0.00794701495,0,0,7.74791645e-12,0,0,0,0,0,0,0.132340433,0.00904894604,-0.0637563141,
62.4,object_red_01,RED,0,-0.25,0.00794701495,0,0,-9.65179755e-12,0,0,0,0,0,0,0.132350038,0.00885419952,-0.0637563141,
62.44,object_red_01,RED,0,-0.25,0.00794701495,0,0,-1.80003256e-11,0,0,0,0,0,0,0.132359476,0.00866211546,-0.0637563141,
62.48,object_red_01,RED,0,-0.25,0.00794701495,0,0,1.68755426e-11,0,0,0,0,0,0,0.132368744,0.00847267908,-0.0637563141,
62.52,object_red_01,RED,0,-0.25,0.00794701495,0,0,-5.50893186e-12,0,0,0,0,0,0,0.132377842,0.00828587557,-0.0637563141,
62.56,object_red_01,RED,0,-0.25,0.00794701495,0,0,-1.75169099e-11,0,0,0,0,0,0,0.132386769,0.00810169006,-0.0637563141,
62.6,object_red_01,RED,0,-0.25,0.00794701495,0,0,2.436976e-11,0,0,0,0,0,0,0.132395525,0.00792010764,-0.0637563141,
62.64,object_red_01,RED,0,-0.25,0.00794701495,0,0,-2.91146447e-13,0,0,0,0,0,0,0.13240411,0.00774111336,-0.0637563141,
62.68,object_red_01,RED,0,-0.25,0.00794701495,0,0,-1.40457606e-11,0,0,0,0,0,0,0.132412523,0.00756469219,-0.0637563141,
62.72,object_red_01,RED,0,-0.25,0.00794701495,0,0,3.65176386e-11,0,0,0,0,0,0,0.132420766,0.00739082906,-0.0637563141,
62.76,object_red_01,RED,0,-0.25,0.00794701495,0,0,7.36080489e-12,0,0,0,0,0,0,0.132428838,0.00721950884,-0.0637563141,
62.8,object_red_01,RED,0,-0.25,0.00794701495,0,0,-1.08630419e-11,0,0,0,0,0,0,0.132436739,0.00705071636,-0.0637563141,
62.84,object_red_01,RED,0,-0.25,0.00794701495,0,0,-2.02185076e-11,0,0,0,0,0,0,0.132444472,0.00688443637,-0.0637563141,
62.88,object_red_01,RED,0,-0.25,0.00794701495,0,0,1.30340658e-11,0,0,0,0,0,0,0.132452036,0.00672065356,-0.0637563141,
62.92,object_red_01,RED,0,-0.25,0.00794701495,0,0,-6.75719901e-12,0,0,0,0,0,0,0.132459432,0.00655935258,-0.0637563141,
62.96,object_red_01,RED,0,-0.25,0.00794701495,0,0,-1.74534423e-11,0,0,0,0,0,0,0.132466662,0.00640051797,-0.0637563141,
63,object_red_01,RED,0,-0.25,0.00794701495,0,0,2.3237429e-11,0,0,0,0,0,0,0.132473727,0.00624413424,-0.0637563141,
63.04,object_red_01,RED,0,-0.25,0.00794701495,0,0,-3.63678787e-13,0,0,0,0,0,0,0.132480629,0.00609018583,-0.0637563141,
63.08,object_red_01,RED,0,-0.25,0.00794701495,0,0,-1.50710775e-11,0,0,0,0,0,0,0.132487368,0.00593865709,-0.0637563141,
63.12,object_red_01,RED,0,-0.25,0.00794701495,0,0,3.33132074e-11,0,0,0,0,0,0,0.132493947,0.00578953233,-0.0637563141,
63.16,object_red_01,RED,0,-0.25,0.00794701495,0,0,6.18054126e-12,0,0,0,0,0,0,0.132500367,0.00564279575,-0.0637563141,
63.2,object_red_01,RED,0,-0.25,0.00794701495,0,0,-1.08326108e-11,0,0,0,0,0,0,0.13250663,0.0054984315,-0.0637563141,
63.24,object_red_01,RED,0,-0.25,0.00794701495,0,0,-1.95884212e-11,0,0,0,0,0,0,0.132512737,0.00535642366,-0.0637563141,
63.28,object_red_01,RED,0,-0.25,0.00794701495,0,0,1.24709195e-11,0,0,0,0,0,0,0.132518692,0.00521675623,-0.0637563141,
63.32,object_red_01,RED,0,-0.25,0.00794701495,0,0,-6.51327494e-12,0,0,0,0,0,0,0.132524496,0.00507941313,-0.0637563141,
63.36,object_red_01,RED,0,-0.25,0.00794701495,0,0,-1.82914007e-11,0,0,0,0,0,0,0.13253015,0.00494437821,-0.0637563141,
63.4,object_red_01,RED,0,-0.25,0.00794701495,0,0,2.04285352e-11,0,0,0,0,0,0,0.132535658,0.00481163522,-0.0637563141,
63.44,object_red_01,RED,0,-0.25,0.00794701495,0,0,-1.24977674e-12,0,0,0,0,0,0,0.132541021,0.00468116786,-0.0637563141,
63.48,object_red_01,RED,0,-0.25,0.00794701495,0,0,-1.48686051e-11,0,0,0,0,0,0,0.132546241,0.00455295974,-0.0637563141,
63.52,object_red_01,RED,0,-0.25,0.00794701495,0,0,3.19007718e-11,0,0,0,0,0,0,0.132551322,0.00442699438,-0.0637563141,
63.56,object_red_01,RED,0,-0.25,0.00794701495,0,0,3.59347356e-12,0,0,0,0,0,0,0.132556264,0.00430325523,-0.0637563141,
63.6,object_red_01,RED,0,-0.25,0.00794701495,0,0,-1.14506488e-11,0,0,0,0,0,0,0.132561071,0.00418172565,-0.0637563141,
63.64,object_red_01,RED,0,-0.25,0.00794701495,0,0,-2.0737183e-11,0,0,0,0,0,0,0.132565745,0.00406238891,-0.0637563141,
63.68,object_red_01,RED,0,-0.25,0.00794701495,0,0,9.86768159e-12,0,0,0,0,0,0,0.132570287,0.00394522822,-0.0637563141,
63.72,object_red_01,RED,0,-0.25,0.00794701495,0,0,-7.21999417e-12,0,0,0,0,0,0,0.132574702,0.0038302267,-0.0637563141,
63.76,object_red_01,RED,0,-0.25,0.00794701495,0,0,-1.79809184e-11,0,0,0,0,0,0,0.132578991,0.00371736736,-0.0637563141,
63.8,object_red_01,RED,0,-0.25,0.00794701495,0,0,1.95073988e-11,0,0,0,0,0,0,0.132583156,0.00360663317,-0.0637563141,
63.84,object_red_01,RED,0,-0.25,0.00794701495,0,0,-3.58355582e-12,0,0,0,0,0,0,0.1325872,0.00349800694,-0.0637563141,
63.88,object_red_01,RED,0,-0.25,0.00794701495,0,0,-1.53170394e-11,0,0,0,0,0,0,0.132591126,0.00339147146,-0.0637563141,
63.92,object_red_01,RED,0,-0.25,0.00794701495,0,0,2.94523413e-11,0,0,0,0,0,0,0.132594935,0.00328700944,-0.0637563141,
63.96,object_red_01,RED,0,-0.25,0.00794701495,0,0,1.28104306e-12,0,0,0,0,0,0,0.132598631,0.00318460345,-0.0637563141,
64,object_red_01,RED,0,-0.25,0.00794701495,0,0,-1.19559199e-11,0,0,0,0,0,0,0.132602215,0.00308423602,-0.0637563141,
64.04,object_red_01,RED,0,-0.25,0.00794701495,0,0,-2.03211428e-11,0,0,0,0,0,0,0.132605691,0.00298588955,-0.0637563141,
64.08,object_red_01,RED,0,-0.25,0.00794701495,0,0,9.35996591e-12,0,0,0,0,0,0,0.13260906,0.00288954638,-0.0637563141,
64.12,object_red_01,RED,0,-0.25,0.00794701495,0,0,-9.3258731e-12,0,0,0,0,0,0,0.132612325,0.00279518876,-0.0637563141,
64.16,object_red_01,RED,0,-0.25,0.00794701495,0,0,-1.8290819e-11,0,0,0,0,0,0,0.132615489,0.00270279883,-0.0637563141,
64.2,object_red_01,RED,0,-0.25,0.00794701495,0,0,1.74676783e-11,0,0,0,0,0,0,0.132618553,0.00261235868,-0.0637563141,
64.24,object_red_01,RED,0,-0.25,0.00794701495,0,0,-5.64257994e-12,0,0,0,0,0,0,0.13262152,0.00252385026,-0.0637563141,
64.28,object_red_01,RED,0,-0.25,0.00794701495,0,0,-1.56583418e-11,0,0,0,0,0,0,0.132624393,0.00243725547,-0.0637563141,
64.32,object_red_01,RED,0,-0.25,0.00794701495,0,0,2.80347809e-11,0,0,0,0,0,0,0.132627173,0.0023525561,-0.0637563141,
64.36,object_red_01,RED,0,-0.25,0.00794701495,0,0,1.10495478e-12,0,0,0,0,0,0,0.132629863,0.00226973385,-0.0637563141,
64.4,object_red_01,RED,0,-0.25,0.00794701495,0,0,-1.3859983e-11,0,0,0,0,0,0,0.132632466,0.00218877035,-0.0637563141,
64.44,object_red_01,RED,0,-0.25,0.00794701495,0,0,3.77876719e-11,0,0,0,0,0,0,0.132634982,0.00210964711,-0.0637563141,
64.48,object_red_01,RED,0,-0.25,0.00794701495,0,0,7.66425302e-12,0,0,0,0,0,0,0.132637415,0.00203234556,-0.0637563141,
64.52,object_red_01,RED,0,-0.25,0.00794701495,0,0,-1.11591669e-11,0,0,0,0,0,0,0.132639767,0.00195684705,-0.0637563141,
64.56,object_red_01,RED,0,-0.25,0.00794701495,0,0,-1.84913964e-11,0,0,0,0,0,0,0.13264204,0.00188313281,-0.0637563141,
64.6,object_red_01,RED,0,-0.25,0.00794701495,0,0,1.65070852e-11,0,0,0,0,0,0,0.132644236,0.00181118402,-0.0637563141,
64.64,object_red_01,RED,0,-0.25,0.00794701495,0,0,-5.54496249e-12,0,0,0,0,0,0,0.132646356,0.00174098174,-0.0637563141,
64.68,object_red_01,RED,0,-0.25,0.00794701495,0,0,-1.73796145e-11,0,0,0,0,0,0,0.132648404,0.00167250694,-0.0637563141,
64.72,object_red_01,RED,0,-0.25,0.00794701495,0,0,2.41126599e-11,0,0,0,0,0,0,0.13265038,0.0016057405,-0.0637563141,
64.76,object_red_01,RED,0,-0.25,0.00794701495,0,0,-2.93976507e-13,0,0,0,0,0,0,0.132652288,0.0015406632,-0.0637563141,
64.8,object_red_01,RED,0,-0.25,0.00794701495,0,0,-1.39067843e-11,0,0,0,0,0,0,0.132654128,0.00147725575,-0.0637563141,
64.84,object_red_01,RED,0,-0.25,0.00794701495,0,0,3.61430072e-11,0,0,0,0,0,0,0.132655902,0.00141549875,-0.0637563141,
64.88,object_red_01,RED,0,-0.25,0.00794701495,0,0,7.28529259e-12,0,0,0,0,0,0,0.132657613,0.00135537271,-0.0637563141,
64.92,object_red_01,RED,0,-0.25,0.00794701495,0,0,-1.07522913e-11,0,0,0,0,0,0,0.132659263,0.00129685805,-0.0637563141,
64.96,object_red_01,RED,0,-0.25,0.00794701495,0,0,-2.00126055e-11,0,0,0,0,0,0,0.132660852,0.00123993508,-0.0637563141,
65,object_red_01,RED,0,-0.25,0.00794701495,0,0,1.29023413e-11,0,0,0,0,0,0,0.132662383,0.00118458405,-0.0637563141,
65.04,object_red_01,RED,0,-0.25,0.00794701495,0,0,-6.68770015e-12,0,0,0,0,0,0,0.132663857,0.00113078508,-0.0637563141,
65.08,object_red_01,RED,0,-0.25,0.00794701495,0,0,-1.72763405e-11,0,0,0,0,0,0,0.132665277,0.00107851823,-0.0637563141,
65.12,object_red_01,RED,0,-0.25,0.00794701495,0,0,2.30024055e-11,0,0,0,0,0,0,0.132666643,0.00102776345,-0.0637563141,
65.16,object_red_01,RED,0,-0.25,0.00794701495,0,0,-3.58989381e-13,0,0,0,0,0,0,0.132667957,0.000978500586,-0.0637563141,
65.2,object_red_01,RED,0,-0.25,0.00794701495,0,0,-1.49189252e-11,0,0,0,0,0,0,0.132669221,0.000930709411,-0.0637563141,
65.24,object_red_01,RED,0,-0.25,0.00794701495,0,0,3.29735395e-11,0,0,0,0,0,0,0.132670436,0.000884369594,-0.0637563141,
65.28,object_red_01,RED,0,-0.25,0.00794701495,0,0,3.75330238e-12,0,0,0,0,0,0,0.132671603,0.000839460715,-0.0637563141,
65.32,object_red_01,RED,0,-0.25,0.00794701495,0,0,-1.17749174e-11,0,0,0,0,0,0,0.132672725,0.000795962262,-0.0637563141,
65.36,object_red_01,RED,0,-0.25,0.00794701495,0,0,-1.98293332e-11,0,0,0,0,0,0,0.132673802,0.000753853612,-0.0637563141,
65.4,object_red_01,RED,0,-0.25,0.00794701495,0,0,1.22119672e-11,0,0,0,0,0,0,0.132674835,0.000713114071,-0.0637563141,
65.44,object_red_01,RED,0,-0.25,0.00794701495,0,0,-6.50710448e-12,0,0,0,0,0,0,0.132675827,0.000673722831,-0.0637563141,
65.48,object_red_01,RED,0,-0.25,0.00794701495,0,0,-1.81307903e-11,0,0,0,0,0,0,0.132676778,0.000635659007,-0.0637563141,
65.52,object_red_01,RED,0,-0.25,0.00794701495,0,0,2.02103137e-11,0,0,0,0,0,0,0.132677689,0.000598901616,-0.0637563141,
65.56,object_red_01,RED,0,-0.25,0.00794701495,0,0,-3.63897218e-12,0,0,0,0,0,0,0.132678563,0.000563429569,-0.0637563141,
65.6,object_red_01,RED,0,-0.25,0.00794701495,0,0,-1.57588857e-11,0,0,0,0,0,0,0.132679399,0.000529221697,-0.0637563141,
65.64,object_red_01,RED,0,-0.25,0.00794701495,0,0,3.12994928e-11,0,0,0,0,0,0,0.132680199,0.000496256721,-0.0637563141,
65.68,object_red_01,RED,0,-0.25,0.00794701495,0,0,3.42046873e-12,0,0,0,0,0,0,0.132680964,0.000464513285,-0.0637563141,
65.72,object_red_01,RED,0,-0.25,0.00794701495,0,0,-1.13932803e-11,0,0,0,0,0,0,0.132681696,0.000433969935,-0.0637563141,
65.76,object_red_01,RED,0,-0.25,0.00794701495,0,0,-2.05495997e-11,0,0,0,0,0,0,0.132682395,0.000404605111,-0.0637563141,
65.8,object_red_01,RED,0,-0.25,0.00794701495,0,0,9.75822999e-12,0,0,0,0,0,0,0.132683062,0.000376397174,-0.0637563141,
65.84,object_red_01,RED,0,-0.25,0.00794701495,0,0,-9.55471542e-12,0,0,0,0,0,0,0.132683699,0.000349324368,-0.0637563141,
65.88,object_red_01,RED,0,-0.25,0.00794701495,0,0,-1.88198761e-11,0,0,0,0,0,0,0.132684305,0.000323364866,-0.0637563141,
65.92,object_red_01,RED,0,-0.25,0.00794701495,0,0,1.90145793e-11,0,0,0,0,0,0,0.132684883,0.000298496743,-0.0637563141,
65.96,object_red_01,RED,0,-0.25,0.00794701495,0,0,-3.68445657e-12,0,0,0,0,0,0,0.132685433,0.000274697964,-0.0637563141,
66,object_red_01,RED,0,-0.25,0.00794701495,0,0,-1.52189973e-11,0,0,0,0,0,0,0.132685956,0.00025194642,-0.0637563141,
66.04,object_red_01,RED,0,-0.25,0.00794701495,0,0,2.91335331e-11,0,0,0,0,0,0,0.132686453,0.000230219883,-0.0637563141,
66.08,object_red_01,RED,0,-0.25,0.00794701495,0,0,1.25931976e-12,0,0,0,0,0,0,0.132686925,0.000209496048,-0.0637563141,
66.12,object_red_01,RED,0,-0.25,0.00794701495,0,0,-1.42265133e-11,0,0,0,0,0,0,0.132687372,0.000189752516,-0.0637563141,
66.16,object_red_01,RED,0,-0.25,0.00794701495,0,0,-2.11101871e-11,0,0,0,0,0,0,0.132687796,0.000170966778,-0.0637563141,
66.2,object_red_01,RED,0,-0.25,0.00794701495,0,0,8.95769764e-12,0,0,0,0,0,0,0.132688196,0.000153116249,-0.0637563141,
66.24,object_red_01,RED,0,-0.25,0.00794701495,0,0,-9.367364e-12,0,0,0,0,0,0,0.132688575,0.000136178232,-0.0637563141,
66.28,object_red_01,RED,0,-0.25,0.00794701495,0,0,-1.81594335e-11,0,0,0,0,0,0,0.132688932,0.000120129941,-0.0637563141,
66.32,object_red_01,RED,0,-0.25,0.00794701495,0,0,1.72707661e-11,0,0,0,0,0,0,0.132689269,0.0001049485,-0.0637563141,
66.36,object_red_01,RED,0,-0.25,0.00794701495,0,0,-5.59214205e-12,0,0,0,0,0,0,0.132689585,9.06109289e-05,-0.0637563141,
66.4,object_red_01,RED,0,-0.25,0.00794701495,0,0,-1.55005615e-11,0,0,0,0,0,0,0.132689883,7.70941635e-05,-0.0637563141,
66.44,object_red_01,RED,0,-0.25,0.00794701495,0,0,2.77459292e-11,0,0,0,0,0,0,0.132690162,6.43750332e-05,-0.0637563141,
66.48,object_red_01,RED,0,-0.25,0.00794701495,0,0,1.09389863e-12,0,0,0,0,0,0,0.132690423,5.24302737e-05,-0.0637563141,
66.52,object_red_01,RED,0,-0.25,0.00794701495,0,0,-1.37176806e-11,0,0,0,0,0,0,0.132690666,4.12365308e-05,-0.0637563141,
66.56,object_red_01,RED,0,-0.25,0.00794701495,0,0,3.74011314e-11,0,0,0,0,0,0,0.132690893,3.07703477e-05,-0.0637563141,
66.6,object_red_01,RED,0,-0.25,0.00794701495,0,0,7.58761655e-12,0,0,0,0,0,0,0.132691105,2.10081827e-05,-0.0637563141,
66.64,object_red_01,RED,0,-0.25,0.00794701495,0,0,-1.10450045e-11,0,0,0,0,0,0,0.1326913,1.19263889e-05,-0.0637563141,
66.68,object_red_01,RED,0,-0.25,0.00794701495,0,0,-1.83029279e-11,0,0,0,0,0,0,0.132691482,3.50122453e-06,-0.0637563141,
66.72,object_red_01,RED,0,-0.25,0.00794701495,0,0,1.63396405e-11,0,0,0,0,0,0,0.132691649,-4.29114409e-06,-0.0637563141,
66.76,object_red_01,RED,0,-0.25,0.00794701495,0,0,-5.48821853e-12,0,0,0,0,0,0,0.132691802,-1.14746533e-05,-0.0637563141,
66.8,object_red_01,RED,0,-0.25,0.00794701495,0,0,-1.72031229e-11,0,0,0,0,0,0,0.132691943,-1.80733255e-05,-0.0637563141,
66.84,object_red_01,RED,0,-0.25,0.00794701495,0,0,2.38690356e-11,0,0,0,0,0,0,0.132692071,-2.4111286e-05,-0.0637563141,
66.88,object_red_01,RED,0,-0.25,0.00794701495,0,0,-2.90054393e-13,0,0,0,0,0,0,0.132692187,-2.96127558e-05,-0.0637563141,
66.92,object_red_01,RED,0,-0.25,0.00794701495,0,0,-1.53381168e-11,0,0,0,0,0,0,0.132692292,-3.46020496e-05,-0.0637563141,
66.96,object_red_01,RED,0,-0.25,0.00794701495,0,0,3.53817959e-11,0,0,0,0,0,0,0.132692387,-3.91035846e-05,-0.0637563141,
67,object_red_01,RED,0,-0.25,0.00794701495,0,0,7.01087667e-12,0,0,0,0,0,0,0.132692471,-4.31418653e-05,-0.0637563141,
67.04,object_red_01,RED,0,-0.25,0.00794701495,0,0,-1.07351575e-11,0,0,0,0,0,0,0.132692546,-4.67414982e-05,-0.0637563141,
67.08,object_red_01,RED,0,-0.25,0.00794701495,0,0,-1.98500073e-11,0,0,0,0,0,0,0.132692612,-4.99271855e-05,-0.0637563141,
67.12,object_red_01,RED,0,-0.25,0.00794701495,0,0,1.27624907e-11,0,0,0,0,0,0,0.13269267,-5.27237247e-05,-0.0637563141,
67.16,object_red_01,RED,0,-0.25,0.00794701495,0,0,-6.62610619e-12,0,0,0,0,0,0,0.132692719,-5.51560153e-05,-0.0637563141,
67.2,object_red_01,RED,0,-0.25,0.00794701495,0,0,-1.86521673e-11,0,0,0,0,0,0,0.132692762,-5.72490461e-05,-0.0637563141,
67.24,object_red_01,RED,0,-0.25,0.00794701495,0,0,2.23391471e-11,0,0,0,0,0,0,0.132692797,-5.90279071e-05,-0.0637563141,
67.28,object_red_01,RED,0,-0.25,0.00794701495,0,0,-5.6088724e-13,0,0,0,0,0,0,0.132692827,-6.05177841e-05,-0.0637563141,
67.32,object_red_01,RED,0,-0.25,0.00794701495,0,0,-1.48581664e-11,0,0,0,0,0,0,0.13269285,-6.17439597e-05,-0.0637563141,
67.36,object_red_01,RED,0,-0.25,0.00794701495,0,0,3.2621834e-11,0,0,0,0,0,0,0.132692869,-6.27318165e-05,-0.0637563141,
67.4,object_red_01,RED,0,-0.25,0.00794701495,0,0,3.70547686e-12,0,0,0,0,0,0,0.132692883,-6.35068308e-05,-0.0637563141,
67.44,object_red_01,RED,0,-0.25,0.00794701495,0,0,-1.16627963e-11,0,0,0,0,0,0,0.132692892,-6.40945787e-05,-0.0637563141,
67.48,object_red_01,RED,0,-0.25,0.00794701495,0,0,-2.11464248e-11,0,0,0,0,0,0,0.132692899,-6.45207325e-05,-0.0637563141,
67.52,object_red_01,RED,0,-0.25,0.00794701495,0,0,1.1636687e-11,0,0,0,0,0,0,0.132692902,-6.48110623e-05,-0.0637563141,
67.56,object_red_01,RED,0,-0.25,0.00794701495,0,0,-6.64815426e-12,0,0,0,0,0,0,0.132692903,-6.49914372e-05,-0.0637563141,
67.6,object_red_01,RED,0,-0.25,0.00794701495,0,0,-1.80379693e-11,0,0,0,0,0,0,0.132692902,-6.50878227e-05,-0.0637563141,
67.64,object_red_01,RED,0,-0.25,0.00794701495,0,0,1.99883306e-11,0,0,0,0,0,0,0.1326929,-6.51263074e-05,-0.0637563141,
67.68,object_red_01,RED,0,-0.25,0.00794701495,0,0,-3.61531102e-12,0,0,0,0,0,0,0.132689949,-6.53915739e-05,-0.0637563141,
67.72,object_red_01,RED,0,-0.25,0.00794701495,0,0,-1.56086748e-11,0,0,0,0,0,0,0.132654796,-6.6656031e-05,-0.0637563141,
67.76,object_red_01,RED,0,-0.25,0.00794701495,0,0,3.00504369e-11,0,0,0,0,0,0,0.132529772,-6.89653923e-05,-0.0637563141,
67.8,object_red_01,RED,0,-0.25,0.00794701495,0,0,2.92185707e-12,0,0,0,0,0,0,0.132250243,-7.34432616e-05,-0.0637563141,
67.84,object_red_01,RED,0,-0.25,0.00794701495,0,0,-1.14856231e-11,0,0,0,0,0,0,0.131754961,-8.20772637e-05,-0.0637563141,
67.88,object_red_01,RED,0,-0.25,0.00794701495,0,0,-2.04331639e-11,0,0,0,0,0,0,0.130989477,-9.6373524e-05,-0.0637563141,
67.92,object_red_01,RED,0,-0.25,0.00794701495,0,0,9.63804343e-12,0,0,0,0,0,0,0.129906799,-0.000116603757,-0.0637563141,
67.96,object_red_01,RED,0,-0.25,0.00794701495,0,0,-9.47357512e-12,0,0,0,0,0,0,0.128467052,-0.000141609462,-0.0637563141,
68,object_red_01,RED,0,-0.25,0.00794701495,0,0,-1.86407472e-11,0,0,0,0,0,0,0.126636841,-0.000169821072,-0.0637563141,
68.04,object_red_01,RED,0,-0.25,0.00794701495,0,0,1.88287375e-11,0,0,0,0,0,0,0.124389001,-0.000199449901,-0.0637563141,
68.08,object_red_01,RED,0,-0.25,0.00794701495,0,0,-3.64917896e-12,0,0,0,0,0,0,0.121702293,-0.000229478885,-0.0637563141,
68.12,object_red_01,RED,0,-0.25,0.00794701495,0,0,-1.50706529e-11,0,0,0,0,0,0,0.118561879,-0.000259824862,-0.0637563141,
68.16,object_red_01,RED,0,-0.25,0.00794701495,0,0,2.88480931e-11,0,0,0,0,0,0,0.114959843,-0.000289703145,-0.0637563141,
68.2,object_red_01,RED,0,-0.25,0.00794701495,0,0,1.24663981e-12,0,0,0,0,0,0,0.110895666,-0.000318370647,-0.0637563141,
68.24,object_red_01,RED,0,-0.25,0.00794701495,0,0,-1.40872265e-11,0,0,0,0,0,0,0.106377247,-0.00034513914,-0.0637563141,
68.28,object_red_01,RED,0,-0.25,0.00794701495,0,0,-2.09043136e-11,0,0,0,0,0,0,0.101421661,-0.000369526274,-0.0637563141,
68.32,object_red_01,RED,0,-0.25,0.00794701495,0,0,8.87067597e-12,0,0,0,0,0,0,0.0960559517,-0.000390981409,-0.0637563141,
68.36,object_red_01,RED,0,-0.25,0.00794701495,0,0,-9.27613113e-12,0,0,0,0,0,0,0.0903174929,-0.000409111737,-0.0637563141,
68.4,object_red_01,RED,0,-0.25,0.00794701495,0,0,-1.7982039e-11,0,0,0,0,0,0,0.0842541381,-0.000423481366,-0.0637563141,
68.44,object_red_01,RED,0,-0.25,0.00794701495,0,0,1.71028682e-11,0,0,0,0,0,0,0.0779239405,-0.000433706029,-0.0637563141,
68.48,object_red_01,RED,0,-0.25,0.00794701495,0,0,-5.53757506e-12,0,0,0,0,0,0,0.0713943692,-0.000439524583,-0.0637563141,
68.52,object_red_01,RED,0,-0.25,0.00794701495,0,0,-1.76804538e-11,0,0,0,0,0,0,0.0647411448,-0.00044072606,-0.0637563141,
68.56,object_red_01,RED,0,-0.25,0.00794701495,0,0,2.68399744e-11,0,0,0,0,0,0,0.0580466298,-0.000437175118,-0.0637563141,
68.6,object_red_01,RED,0,-0.25,0.00794701495,0,0,7.75158181e-13,0,0,0,0,0,0,0.0513977756,-0.000428903019,-0.0637563141,
68.64,object_red_01,RED,0,-0.25,0.00794701495,0,0,-1.37198469e-11,0,0,0,0,0,0,0.0448837597,-0.000416078859,-0.0637563141,
68.68,object_red_01,RED,0,-0.25,0.00794701495,0,0,3.70031921e-11,0,0,0,0,0,0,0.0385934445,-0.000398903088,-0.0637563141,
68.72,object_red_01,RED,0,-0.25,0.00794701495,0,0,7.49459929e-12,0,0,0,0,0,0,0.0326125961,-0.000377782527,-0.0637563141,
68.76,object_red_01,RED,0,-0.25,0.00794701495,0,0,-1.09452564e-11,0,0,0,0,0,0,0.027021011,-0.000353216364,-0.0637563141,
68.8,object_red_01,RED,0,-0.25,0.00794701495,0,0,-2.040931e-11,0,0,0,0,0,0,0.0218898987,-0.000325670881,-0.0637563141,
68.84,object_red_01,RED,0,-0.25,0.00794701495,0,0,1.55066606e-11,0,0,0,0,0,0,0.0172789487,-0.00029586503,-0.0637563141,
68.88,object_red_01,RED,0,-0.25,0.00794701495,0,0,-5.74568978e-12,0,0,0,0,0,0,0.0132341369,-0.000264361014,-0.0637563141,
68.92,object_red_01,RED,0,-0.25,0.00794701495,0,0,-1.71682914e-11,0,0,0,0,0,0,0.00978534098,-0.000230369295,-0.0637563141,
68.96,object_red_01,RED,0,-0.25,0.00794701495,0,0,2.35971214e-11,0,0,0,0,0,0,0.00694367259,-0.00019457201,-0.0637563141,
69,object_red_01,RED,0,-0.25,0.00794701495,0,0,-3.05257492e-13,0,0,0,0,0,0,0.00470040534,-0.000160282728,-0.0637563141,
69.04,object_red_01,RED,0,-0.25,0.00794701495,0,0,-1.51949721e-11,0,0,0,0,0,0,0.00302565249,-0.000129811619,-0.0637563141,
69.08,object_red_01,RED,0,-0.25,0.00794701495,0,0,3.36546633e-11,0,0,0,0,0,0,0.0018666669,-0.000103427934,-0.0637563141,
69.12,object_red_01,RED,0,-0.25,0.00794701495,0,0,6.24491888e-12,0,0,0,0,0,0,0.00114666108,-8.06227493e-05,-0.0637563141,
69.16,object_red_01,RED,0,-0.25,0.00794701495,0,0,-1.09395678e-11,0,0,0,0,0,0,0.000763987838,-6.14261801e-05,-0.0637563141,
69.2,object_red_01,RED,0,-0.25,0.00794701495,0,0,-1.97836918e-11,0,0,0,0,0,0,0.000593529945,-4.68206526e-05,-0.0637563138,
69.24,object_red_01,RED,0,-0.25,0.00794701495,0,0,1.25956099e-11,0,0,0,0,0,0,0.000522910853,-3.76857864e-05,-0.0637561727,
69.28,object_red_01,RED,0,-0.25,0.00794701495,0,0,-6.57804513e-12,0,0,0,0,0,0,0.000493978554,-3.31146433e-05,-0.0637552322,
69.32,object_red_01,RED,0,-0.25,0.00794701495,0,0,-1.84743803e-11,0,0,0,0,0,0,0.000482228328,-3.12629335e-05,-0.0637527381,
69.36,object_red_01,RED,0,-0.25,0.00794701495,0,0,2.06324637e-11,0,0,0,0,0,0,0.000477496848,-3.06532132e-05,-0.0637479651,
69.4,object_red_01,RED,0,-0.25,0.00794701495,0,0,-1.26289209e-12,0,0,0,0,0,0,0.000475600391,-3.04896247e-05,-0.0637402195,
69.44,object_red_01,RED,0,-0.25,0.00794701495,0,0,-1.50172564e-11,0,0,0,0,0,0,0.000474839031,-3.04502672e-05,-0.0637288364,
69.48,object_red_01,RED,0,-0.25,0.00794701495,0,0,3.22191411e-11,0,0,0,0,0,0,0.000474531221,-3.04368618e-05,-0.0637131759,
69.52,object_red_01,RED,0,-0.25,0.00794701495,0,0,3.62848709e-12,0,0,0,0,0,0,0.000474405698,-3.04286e-05,-0.063692632,
69.56,object_red_01,RED,0,-0.25,0.00794701495,0,0,-1.15645365e-11,0,0,0,0,0,0,0.000474354224,-3.04231622e-05,-0.063666625,
69.6,object_red_01,RED,0,-0.25,0.00794701495,0,0,-2.09436989e-11,0,0,0,0,0,0,0.000474333121,-3.04201741e-05,-0.0636345983,
69.64,object_red_01,RED,0,-0.25,0.00794701495,0,0,1.15207651e-11,0,0,0,0,0,0,0.000474324518,-3.04188344e-05,-0.0635960261,
69.68,object_red_01,RED,0,-0.25,0.00794701495,0,0,-6.58361603e-12,0,0,0,0,0,0,0.00047432104,-3.04183415e-05,-0.0635504097,
69.72,object_red_01,RED,0,-0.25,0.00794701495,0,0,-1.78606855e-11,0,0,0,0,0,0,0.000474319642,-3.04181924e-05,-0.0634972694,
69.76,object_red_01,RED,0,-0.25,0.00794701495,0,0,1.97896411e-11,0,0,0,0,0,0,0.000474319082,-3.04181539e-05,-0.0634361604,
69.8,object_red_01,RED,0,-0.25,0.00794701495,0,0,-3.57954092e-12,0,0,0,0,0,0,0.000474318856,-3.04181432e-05,-0.0633666628,
69.84,object_red_01,RED,0,-0.25,0.00794701495,0,0,-1.54535532e-11,0,0,0,0,0,0,0.000474318764,-3.04181382e-05,-0.0632883737,
69.88,object_red_01,RED,0,-0.25,0.00794701495,0,0,2.97534376e-11,0,0,0,0,0,0,0.000474318727,-3.0418135e-05,-0.0632009254,
69.92,object_red_01,RED,0,-0.25,0.00794701495,0,0,2.89121176e-12,0,0,0,0,0,0,0.000474318712,-3.04181332e-05,-0.0631039693,
69.96,object_red_01,RED,0,-0.25,0.00794701495,0,0,-1.13721352e-11,0,0,0,0,0,0,0.000474318705,-3.04181322e-05,-0.0629971745,
70,object_red_01,RED,0,-0.25,0.00794701495,0,0,-2.02301419e-11,0,0,0,0,0,0,0.000474318703,-3.04181319e-05,-0.0628802402,
70.04,object_red_01,RED,0,-0.25,0.00794701495,0,0,9.54030821e-12,0,0,0,0,0,0,0.000474318702,-3.04181317e-05,-0.0627528929,
70.08,object_red_01,RED,0,-0.25,0.00794701495,0,0,-9.37847725e-12,0,0,0,0,0,0,0.000474318701,-3.04181317e-05,-0.0626148715,
70.12,object_red_01,RED,0,-0.25,0.00794701495,0,0,-1.84543772e-11,0,0,0,0,0,0,0.000474318701,-3.04181317e-05,-0.0624659431,
70.16,object_red_01,RED,0,-0.25,0.00794701495,0,0,1.76462647e-11,0,0,0,0,0,0,0.000474318701,-3.04181317e-05,-0.0623059044,
70.2,object_red_01,RED,0,-0.25,0.00794701495,0,0,-4.07931244e-12,0,0,0,0,0,0,0.000474318701,-3.04181317e-05,-0.0621345599,
70.24,object_red_01,RED,0,-0.25,0.00794701495,0,0,-1.51200915e-11,0,0,0,0,0,0,0.000474318701,-3.04181317e-05,-0.0619517383,
70.28,object_red_01,RED,0,-0.25,0.00794701495,0,0,2.85017872e-11,0,0,0,0,0,0,0.000474318701,-3.04181317e-05,-0.0617572966,
70.32,object_red_01,RED,0,-0.25,0.00794701495,0,0,1.20749004e-12,0,0,0,0,0,0,0.000474318701,-3.04181317e-05,-0.0615511135,
70.36,object_red_01,RED,0,-0.25,0.00794701495,0,0,-1.39567475e-11,0,0,0,0,0,0,0.000474318701,-3.04181317e-05,-0.0613330462,
70.4,object_red_01,RED,0,-0.25,0.00794701495,0,0,3.81689628e-11,0,0,0,0,0,0,0.000474318701,-3.04181317e-05,-0.0611030485,
70.44,object_red_01,RED,0,-0.25,0.00794701495,0,0,7.74591078e-12,0,0,0,0,0,0,0.000474318701,-3.04181317e-05,-0.0608610359,
70.48,object_red_01,RED,0,-0.25,0.00794701495,0,0,-9.64908526e-12,0,0,0,0,0,0,0.000474318701,-3.04181317e-05,-0.0606069604,
70.52,object_red_01,RED,0,-0.25,0.00794701495,0,0,-1.79948617e-11,0,0,0,0,0,0,0.000474318701,-3.04181317e-05,-0.0603407924,
70.56,object_red_01,RED,0,-0.25,0.00794701495,0,0,1.68705213e-11,0,0,0,0,0,0,0.000474318701,-3.04181317e-05,-0.0600625152,
70.6,object_red_01,RED,0,-0.25,0.00794701495,0,0,-5.50747935e-12,0,0,0,0,0,0,0.000474318701,-3.04181317e-05,-0.0597721275,
70.64,object_red_01,RED,0,-0.25,0.00794701495,0,0,-1.75112248e-11,0,0,0,0,0,0,0.000474318701,-3.04181317e-05,-0.0594696733,
70.68,object_red_01,RED,0,-0.25,0.00794701495,0,0,2.43617944e-11,0,0,0,0,0,0,0.000474318701,-3.04181317e-05,-0.0591551468,
70.72,object_red_01,RED,0,-0.25,0.00794701495,0,0,-2.90550457e-13,0,0,0,0,0,0,0.000474318701,-3.04181317e-05,-0.0588286438,
70.76,object_red_01,RED,0,-0.25,0.00794701495,0,0,-1.40417207e-11,0,0,0,0,0,0,0.000474318701,-3.04181317e-05,-0.0584902274,
70.8,object_red_01,RED,0,-0.25,0.00794701495,0,0,3.65021429e-11,0,0,0,0,0,0,0.000474318701,-3.04181317e-05,-0.0581399808,
70.84,object_red_01,RED,0,-0.25,0.00794701495,0,0,7.35917394e-12,0,0,0,0,0,0,0.000474318701,-3.04181317e-05,-0.0577780043,
70.88,object_red_01,RED,0,-0.25,0.00794701495,0,0,-1.08593589e-11,0,0,0,0,0,0,0.000474318701,-3.04181317e-05,-0.0574044166,
70.92,object_red_01,RED,0,-0.25,0.00794701495,0,0,-2.02108025e-11,0,0,0,0,0,0,0.000474318701,-3.04181317e-05,-0.0570193472,
70.96,object_red_01,RED,0,-0.25,0.00794701495,0,0,1.30296762e-11,0,0,0,0,0,0,0.000474318701,-3.04181317e-05,-0.0566229449,
71,object_red_01,RED,0,-0.25,0.00794701495,0,0,-6.75388716e-12,0,0,0,0,0,0,0.000474318701,-3.04181317e-05,-0.0562153916,
71.04,object_red_01,RED,0,-0.25,0.00794701495,0,0,-1.74474039e-11,0,0,0,0,0,0,0.000474318701,-3.04181317e-05,-0.055796797,
71.08,object_red_01,RED,0,-0.25,0.00794701495,0,0,2.32302378e-11,0,0,0,0,0,0,0.000474318701,-3.04181317e-05,-0.0553674105,
71.12,object_red_01,RED,0,-0.25,0.00794701495,0,0,-3.6155535e-13,0,0,0,0,0,0,0.000474318701,-3.04181317e-05,-0.0549274123,
71.16,object_red_01,RED,0,-0.25,0.00794701495,0,0,-1.5066638e-11,0,0,0,0,0,0,0.000474318701,-3.04181317e-05,-0.0544770094,
71.2,object_red_01,RED,0,-0.25,0.00794701495,0,0,3.33042783e-11,0,0,0,0,0,0,0.000474318701,-3.04181317e-05,-0.0540164304,
71.24,object_red_01,RED,0,-0.25,0.00794701495,0,0,6.17883537e-12,0,0,0,0,0,0,0.000474318701,-3.04181317e-05,-0.0535458914,
71.28,object_red_01,RED,0,-0.25,0.00794701495,0,0,-1.08295416e-11,0,0,0,0,0,0,0.000474318701,-3.04181317e-05,-0.0530656632,
71.32,object_red_01,RED,0,-0.25,0.00794701495,0,0,-1.95835641e-11,0,0,0,0,0,0,0.000474318701,-3.04181317e-05,-0.0525759861,
71.36,object_red_01,RED,0,-0.25,0.00794701495,0,0,1.24685142e-11,0,0,0,0,0,0,0.000474318701,-3.04181317e-05,-0.0520771414,
71.4,object_red_01,RED,0,-0.25,0.00794701495,0,0,-6.51125856e-12,0,0,0,0,0,0,0.000474318701,-3.04181317e-05,-0.0515693961,
71.44,object_red_01,RED,0,-0.25,0.00794701495,0,0,-1.82875606e-11,0,0,0,0,0,0,0.000474318701,-3.04181317e-05,-0.0510530377,
71.48,object_red_01,RED,0,-0.25,0.00794701495,0,0,2.04239993e-11,0,0,0,0,0,0,0.000474318701,-3.04181317e-05,-0.0505283598,
71.52,object_red_01,RED,0,-0.25,0.00794701495,0,0,-1.24926997e-12,0,0,0,0,0,0,0.000474318701,-3.04181317e-05,-0.0499956704,
71.56,object_red_01,RED,0,-0.25,0.00794701495,0,0,-1.48657679e-11,0,0,0,0,0,0,0.000474318701,-3.04181317e-05,-0.0494552781,
71.6,object_red_01,RED,0,-0.25,0.00794701495,0,0,3.18906399e-11,0,0,0,0,0,0,0.000474318701,-3.04181317e-05,-0.0489075053,
71.64,object_red_01,RED,0,-0.25,0.00794701495,0,0,3.59141437e-12,0,0,0,0,0,0,0.000474318701,-3.04181317e-05,-0.0483526842,
71.68,object_red_01,RED,0,-0.25,0.00794701495,0,0,-1.14477403e-11,0,0,0,0,0,0,0.000474318701,-3.04181317e-05,-0.0477911475,
71.72,object_red_01,RED,0,-0.25,0.00794701495,0,0,-2.07308199e-11,0,0,0,0,0,0,0.000474318701,-3.04181317e-05,-0.0472232351,
71.76,object_red_01,RED,0,-0.25,0.00794701495,0,0,9.86389152e-12,0,0,0,0,0,0,0.000474318701,-3.04181317e-05,-0.0466493026,
71.8,object_red_01,RED,0,-0.25,0.00794701495,0,0,-7.21737467e-12,0,0,0,0,0,0,0.000474318701,-3.04181317e-05,-0.0460696946,
71.84,object_red_01,RED,0,-0.25,0.00794701495,0,0,-1.79753654e-11,0,0,0,0,0,0,0.000474318701,-3.04181317e-05,-0.0454847805,
71.88,object_red_01,RED,0,-0.25,0.00794701495,0,0,1.95014674e-11,0,0,0,0,0,0,0.000474318701,-3.04181317e-05,-0.0448949233,
71.92,object_red_01,RED,0,-0.25,0.00794701495,0,0,-3.58308474e-12,0,0,0,0,0,0,0.000474318701,-3.04181317e-05,-0.0443005032,
71.96,object_red_01,RED,0,-0.25,0.00794701495,0,0,-1.53125927e-11,0,0,0,0,0,0,0.000474318701,-3.04181317e-05,-0.0437018667,
72,object_red_01,RED,0,-0.25,0.00794701495,0,0,2.9443637e-11,0,0,0,0,0,0,0.000474318701,-3.04181317e-05,-0.0430994254,
72.04,object_red_01,RED,0,-0.25,0.00794701495,0,0,1.28034714e-12,0,0,0,0,0,0,0.000474318701,-3.04181317e-05,-0.0424935468,
72.08,object_red_01,RED,0,-0.25,0.00794701495,0,0,-1.19526544e-11,0,0,0,0,0,0,0.000474318701,-3.04181317e-05,-0.0418846224,
72.12,object_red_01,RED,0,-0.25,0.00794701495,0,0,-2.03148974e-11,0,0,0,0,0,0,0.000474318701,-3.04181317e-05,-0.0412730381,
72.16,object_red_01,RED,0,-0.25,0.00794701495,0,0,9.35662551e-12,0,0,0,0,0,0,0.000474318701,-3.04181317e-05,-0.0406591884,
72.2,object_red_01,RED,0,-0.25,0.00794701495,0,0,-9.32332141e-12,0,0,0,0,0,0,0.000474318701,-3.04181317e-05,-0.0400434687,
72.24,object_red_01,RED,0,-0.25,0.00794701495,0,0,-1.82846128e-11,0,0,0,0,0,0,0.000474318701,-3.04181317e-05,-0.0394262741,
72.28,object_red_01,RED,0,-0.25,0.00794701495,0,0,1.74618326e-11,0,0,0,0,0,0,0.000474318701,-3.04181317e-05,-0.0388080036,
72.32,object_red_01,RED,0,-0.25,0.00794701495,0,0,-5.64059925e-12,0,0,0,0,0,0,0.000474318701,-3.04181317e-05,-0.0381890512,
72.36,object_red_01,RED,0,-0.25,0.00794701495,0,0,-1.5653085e-11,0,0,0,0,0,0,0.000474318701,-3.04181317e-05,-0.0375698211,
72.4,object_red_01,RED,0,-0.25,0.00794701495,0,0,2.80281144e-11,0,0,0,0,0,0,0.000474318701,-3.04181317e-05,-0.0369507113,
72.44,object_red_01,RED,0,-0.25,0.00794701495,0,0,1.10503686e-12,0,0,0,0,0,0,0.000474318701,-3.04181317e-05,-0.0363321218,
72.48,object_red_01,RED,0,-0.25,0.00794701495,0,0,-1.38560895e-11,0,0,0,0,0,0,0.000474318701,-3.04181317e-05,-0.0357144506,
72.52,object_red_01,RED,0,-0.25,0.00794701495,0,0,3.77755773e-11,0,0,0,0,0,0,0.000474318701,-3.04181317e-05,-0.0350980968,
72.56,object_red_01,RED,0,-0.25,0.00794701495,0,0,7.66252928e-12,0,0,0,0,0,0,0.000474318701,-3.04181317e-05,-0.034483452,
72.6,object_red_01,RED,0,-0.25,0.00794701495,0,0,-1.11557373e-11,0,0,0,0,0,0,0.000474318701,-3.04181317e-05,-0.0338709249,
72.64,object_red_01,RED,0,-0.25,0.00794701495,0,0,-1.84862751e-11,0,0,0,0,0,0,0.000474318701,-3.04181317e-05,-0.0332608928,
72.68,object_red_01,RED,0,-0.25,0.00794701495,0,0,1.65018604e-11,0,0,0,0,0,0,0.000474318701,-3.04181317e-05,-0.0326537596,
72.72,object_red_01,RED,0,-0.25,0.00794701495,0,0,-5.54384902e-12,0,0,0,0,0,0,0.000474318701,-3.04181317e-05,-0.0320499045,
72.76,object_red_01,RED,0,-0.25,0.00794701495,0,0,-1.73747395e-11,0,0,0,0,0,0,0.000474318701,-3.04181317e-05,-0.0314497143,
72.8,object_red_01,RED,0,-0.25,0.00794701495,0,0,2.41050048e-11,0,0,0,0,0,0,0.000474318701,-3.04181317e-05,-0.0308535731,
72.84,object_red_01,RED,0,-0.25,0.00794701495,0,0,-2.92991518e-13,0,0,0,0,0,0,0.000474318701,-3.04181317e-05,-0.0302618504,
72.88,object_red_01,RED,0,-0.25,0.00794701495,0,0,-1.39021591e-11,0,0,0,0,0,0,0.000474318701,-3.04181317e-05,-0.0296749251,
72.92,object_red_01,RED,0,-0.25,0.00794701495,0,0,3.61351844e-11,0,0,0,0,0,0,0.000474318701,-3.04181317e-05,-0.0290931511,
72.96,object_red_01,RED,0,-0.25,0.00794701495,0,0,7.28349035e-12,0,0,0,0,0,0,0.000474318701,-3.04181317e-05,-0.0285169316,
73,object_red_01,RED,0,-0.25,0.00794701495,0,0,-1.07501357e-11,0,0,0,0,0,0,0.000474318701,-3.04181317e-05,-0.0279465667,
73.04,object_red_01,RED,0,-0.25,0.00794701495,0,0,-2.00074415e-11,0,0,0,0,0,0,0.000474318701,-3.04181317e-05,-0.0273824703,
73.08,object_red_01,RED,0,-0.25,0.00794701495,0,0,1.28969917e-11,0,0,0,0,0,0,0.000474318701,-3.04181317e-05,-0.026824925,
73.12,object_red_01,RED,0,-0.25,0.00794701495,0,0,-6.68549107e-12,0,0,0,0,0,0,0.000474318701,-3.04181317e-05,-0.0262743223,
73.16,object_red_01,RED,0,-0.25,0.00794701495,0,0,-1.72707803e-11,0,0,0,0,0,0,0.000474318701,-3.04181317e-05,-0.0257309481,
73.2,object_red_01,RED,0,-0.25,0.00794701495,0,0,2.29967703e-11,0,0,0,0,0,0,0.000474318701,-3.04181317e-05,-0.0251951662,
73.24,object_red_01,RED,0,-0.25,0.00794701495,0,0,-3.58318446e-13,0,0,0,0,0,0,0.000474318701,-3.04181317e-05,-0.0246672625,
73.28,object_red_01,RED,0,-0.25,0.00794701495,0,0,-1.49146319e-11,0,0,0,0,0,0,0.000474318701,-3.04181317e-05,-0.0241475614,
73.32,object_red_01,RED,0,-0.25,0.00794701495,0,0,3.29683397e-11,0,0,0,0,0,0,0.000474318701,-3.04181317e-05,-0.0236363364,
73.36,object_red_01,RED,0,-0.25,0.00794701495,0,0,3.75303829e-12,0,0,0,0,0,0,0.000474318701,-3.04181317e-05,-0.0231339345,
73.4,object_red_01,RED,0,-0.25,0.00794701495,0,0,-1.17724442e-11,0,0,0,0,0,0,0.000474318701,-3.04181317e-05,-0.0226405659,
73.44,object_red_01,RED,0,-0.25,0.00794701495,0,0,-1.98259964e-11,0,0,0,0,0,0,0.000474318701,-3.04181317e-05,-0.0221565683,
73.48,object_red_01,RED,0,-0.25,0.00794701495,0,0,1.22112642e-11,0,0,0,0,0,0,0.000474318701,-3.04181317e-05,-0.021682147,
73.52,object_red_01,RED,0,-0.25,0.00794701495,0,0,-6.50572335e-12,0,0,0,0,0,0,0.000474318701,-3.04181317e-05,-0.0212175801,
73.56,object_red_01,RED,0,-0.25,0.00794701495,0,0,-1.81287061e-11,0,0,0,0,0,0,0.000474318701,-3.04181317e-05,-0.0207630999,
73.6,object_red_01,RED,0,-0.25,0.00794701495,0,0,2.02111416e-11,0,0,0,0,0,0,0.000474318701,-3.04181317e-05,-0.0203189328,
73.64,object_red_01,RED,0,-0.25,0.00794701495,0,0,-3.64013918e-12,0,0,0,0,0,0,0.000474318701,-3.04181317e-05,-0.0198853045,
73.68,object_red_01,RED,0,-0.25,0.00794701495,0,0,-1.5758147e-11,0,0,0,0,0,0,0.000474318701,-3.04181317e-05,-0.0194624097,
73.72,object_red_01,RED,0,-0.25,0.00794701495,0,0,3.12977298e-11,0,0,0,0,0,0,0.000474318701,-3.04181317e-05,-0.0190504406,
73.76,object_red_01,RED,0,-0.25,0.00794701495,0,0,3.42026174e-12,0,0,0,0,0,0,0.000474318701,-3.04181317e-05,-0.0186495725,
73.8,object_red_01,RED,0,-0.25,0.00794701495,0,0,-1.13918136e-11,0,0,0,0,0,0,0.000474318701,-3.04181317e-05,-0.0182599489,
73.84,object_red_01,RED,0,-0.25,0.00794701495,0,0,-2.05477189e-11,0,0,0,0,0,0,0.000474318701,-3.04181317e-05,-0.0178818058,
73.88,object_red_01,RED,0,-0.25,0.00794701495,0,0,9.75965037e-12,0,0,0,0,0,0,0.000474318701,-3.04181317e-05,-0.0175151977,
73.92,object_red_01,RED,0,-0.25,0.00794701495,0,0,-9.55407303e-12,0,0,0,0,0,0,0.000474318701,-3.04181317e-05,-0.0171602591,
73.96,object_red_01,RED,0,-0.25,0.00794701495,0,0,-1.88196263e-11,0,0,0,0,0,0,0.000474318701,-3.04181317e-05,-0.0168171398,
74,object_red_01,RED,0,-0.25,0.00794701495,0,0,1.90143937e-11,0,0,0,0,0,0,0.000474318701,-3.04181317e-05,-0.0164858927,
74.04,object_red_01,RED,0,-0.25,0.00794701495,0,0,-3.68479917e-12,0,0,0,0,0,0,0.000474318701,-3.04181317e-05,-0.0161666055,
74.08,object_red_01,RED,0,-0.25,0.00794701495,0,0,-1.52190793e-11,0,0,0,0,0,0,0.000474318701,-3.04181317e-05,-0.0158593416,
74.12,object_red_01,RED,0,-0.25,0.00794701495,0,0,2.91329763e-11,0,0,0,0,0,0,0.000474318701,-3.04181317e-05,-0.0155641442,
74.16,object_red_01,RED,0,-0.25,0.00794701495,0,0,1.25886295e-12,0,0,0,0,0,0,0.000474318701,-3.04181317e-05,-0.0152810514,
74.2,object_red_01,RED,0,-0.25,0.00794701495,0,0,-1.4225721e-11,0,0,0,0,0,0,0.000474318701,-3.04181317e-05,-0.0150100645,
74.24,object_red_01,RED,0,-0.25,0.00794701495,0,0,-2.11089416e-11,0,0,0,0,0,0,0.000474318701,-3.04181317e-05,-0.0147511834,
74.28,object_red_01,RED,0,-0.25,0.00794701495,0,0,8.95680901e-12,0,0,0,0,0,0,0.000474318701,-3.04181317e-05,-0.0145043822,
74.32,object_red_01,RED,0,-0.25,0.00794701495,0,0,-9.36720697e-12,0,0,0,0,0,0,0.000474318701,-3.04181317e-05,-0.0142696119,
74.36,object_red_01,RED,0,-0.25,0.00794701495,0,0,-1.81572637e-11,0,0,0,0,0,0,0.000474318701,-3.04181317e-05,-0.0140468156,
74.4,object_red_01,RED,0,-0.25,0.00794701495,0,0,1.72697168e-11,0,0,0,0,0,0,0.000474318701,-3.04181317e-05,-0.0138359193,
74.44,object_red_01,RED,0,-0.25,0.00794701495,0,0,-5.59051825e-12,0,0,0,0,0,0,0.000474318701,-3.04181317e-05,-0.0136368138,
74.48,object_red_01,RED,0,-0.25,0.00794701495,0,0,-1.54988449e-11,0,0,0,0,0,0,0.000474318701,-3.04181317e-05,-0.0134493863,
74.52,object_red_01,RED,0,-0.25,0.00794701495,0,0,2.77438129e-11,0,0,0,0,0,0,0.000474318701,-3.04181317e-05,-0.0132734997,
74.56,object_red_01,RED,0,-0.25,0.00794701495,0,0,1.09334547e-12,0,0,0,0,0,0,0.000474318701,-3.04181317e-05,-0.0131089848,
74.6,object_red_01,RED,0,-0.25,0.00794701495,0,0,-1.37165957e-11,0,0,0,0,0,0,0.000474318701,-3.04181317e-05,-0.0129556635,
74.64,object_red_01,RED,0,-0.25,0.00794701495,0,0,3.73957032e-11,0,0,0,0,0,0,0.000474318701,-3.04181317e-05,-0.0128133187,
74.68,object_red_01,RED,0,-0.25,0.00794701495,0,0,7.58510769e-12,0,0,0,0,0,0,0.000474318701,-3.04181317e-05,-0.0126817678,
74.72,object_red_01,RED,0,-0.25,0.00794701495,0,0,-1.1043188e-11,0,0,0,0,0,0,0.000474318701,-3.04181317e-05,-0.0125607222,
74.76,object_red_01,RED,0,-0.25,0.00794701495,0,0,-1.82999301e-11,0,0,0,0,0,0,0.000474318701,-3.04181317e-05,-0.0124499331,
74.8,object_red_01,RED,0,-0.25,0.00794701495,0,0,1.63354507e-11,0,0,0,0,0,0,0.000474318701,-3.04181317e-05,-0.0123491002,
74.84,object_red_01,RED,0,-0.25,0.00794701495,0,0,-5.48698729e-12,0,0,0,0,0,0,0.000474318701,-3.04181317e-05,-0.0122579092,
74.88,object_red_01,RED,0,-0.25,0.00794701495,0,0,-1.71994792e-11,0,0,0,0,0,0,0.000474318701,-3.04181317e-05,-0.0121760251,
74.92,object_red_01,RED,0,-0.25,0.00794701495,0,0,2.38659986e-11,0,0,0,0,0,0,0.000474318701,-3.04181317e-05,-0.0121030769,
74.96,object_red_01,RED,0,-0.25,0.00794701495,0,0,-2.896761e-13,0,0,0,0,0,0,0.000474318701,-3.04181317e-05,-0.012038679,
75,object_red_01,RED,0,-0.25,0.00794701495,0,0,-1.53355115e-11,0,0,0,0,0,0,0.000474318701,-3.04181317e-05,-0.011982424,
75.04,object_red_01,RED,0,-0.25,0.00794701495,0,0,3.53742265e-11,0,0,0,0,0,0,0.000474318701,-3.04181317e-05,-0.0119338699,
75.08,object_red_01,RED,0,-0.25,0.00794701495,0,0,7.00830713e-12,0,0,0,0,0,0,0.000474318701,-3.04181317e-05,-0.0118925525,
75.12,object_red_01,RED,0,-0.25,0.00794701495,0,0,-1.07327378e-11,0,0,0,0,0,0,0.000474318701,-3.04181317e-05,-0.0118579865,
75.16,object_red_01,RED,0,-0.25,0.00794701495,0,0,-1.98453857e-11,0,0,0,0,0,0,0.000474318701,-3.04181317e-05,-0.0118296503,
75.2,object_red_01,RED,0,-0.25,0.00794701495,0,0,1.27583473e-11,0,0,0,0,0,0,0.000474318701,-3.04181317e-05,-0.0118070008,
75.24,object_red_01,RED,0,-0.25,0.00794701495,0,0,-6.62512477e-12,0,0,0,0,0,0,0.000474318701,-3.04181317e-05,-0.011789471,
75.28,object_red_01,RED,0,-0.25,0.00794701495,0,0,-1.86469605e-11,0,0,0,0,0,0,0.000474318701,-3.04181317e-05,-0.0117764613,
75.32,object_red_01,RED,0,-0.25,0.00794701495,0,0,2.233136e-11,0,0,0,0,0,0,0.000474318701,-3.04181317e-05,-0.0117673459,
75.36,object_red_01,RED,0,-0.25,0.00794701495,0,0,-5.6133334e-13,0,0,0,0,0,0,0.000474318701,-3.04181317e-05,-0.0117614729,
75.4,object_red_01,RED,0,-0.25,0.00794701495,0,0,-1.48534448e-11,0,0,0,0,0,0,0.000474318701,-3.04181317e-05,-0.0117581575,
75.44,object_red_01,RED,0,-0.25,0.00794701495,0,0,3.26139862e-11,0,0,0,0,0,0,0.000474318701,-3.04181317e-05,-0.0117566872,
75.48,object_red_01,RED,0,-0.25,0.00794701495,0,0,3.70377454e-12,0,0,0,0,0,0,0.000474318701,-3.04181317e-05,-0.0117563213,
75.52,object_red_01,RED,0,-0.25,0.00794701495,0,0,-1.16594095e-11,0,0,0,0,0,0,0.000474318701,-3.04181317e-05,-0.0117563143,
75.56,object_red_01,RED,0,-0.25,0.00794701495,0,0,-2.11397047e-11,0,0,0,0,0,0,0.000474318702,-3.04181344e-05,-0.0117563141,
75.6,object_red_01,RED,0,-0.25,0.00794701495,0,0,1.16333751e-11,0,0,0,0,0,0,0.000474318718,-3.041819e-05,-0.0117563141,
75.64,object_red_01,RED,0,-0.25,0.00794701495,0,0,-6.64596658e-12,0,0,0,0,0,0,0.000474318768,-3.04183613e-05,-0.0117563141,
75.68,object_red_01,RED,0,-0.25,0.00794701495,0,0,-1.80326447e-11,0,0,0,0,0,0,0.000474318823,-3.04185441e-05,-0.0117563141,
75.72,object_red_01,RED,0,-0.25,0.00794701495,0,0,1.99809396e-11,0,0,0,0,0,0,0.000474318851,-3.04186346e-05,-0.0117563141,
75.76,object_red_01,RED,0,-0.25,0.00794701495,0,0,-3.61381569e-12,0,0,0,0,0,0,0.000474318866,-3.04186805e-05,-0.0117563141,
75.8,object_red_01,RED,0,-0.25,0.00794701495,0,0,-1.56032324e-11,0,0,0,0,0,0,0.000474318869,-3.04186864e-05,-0.0117563141,
75.84,object_red_01,RED,0,-0.25,0.00794701495,0,0,3.00410438e-11,0,0,0,0,0,0,0.000474318856,-3.04186425e-05,-0.0117563141,
75.88,object_red_01,RED,0,-0.25,0.00794701495,0,0,2.92007267e-12,0,0,0,0,0,0,0.000474318855,-3.0418636e-05,-0.0117563141,
75.92,object_red_01,RED,0,-0.25,0.00794701495,0,0,-1.14823434e-11,0,0,0,0,0,0,0.00047431885,-3.04186214e-05,-0.0117563141,
75.96,object_red_01,RED,0,-0.25,0.00794701495,0,0,-2.0426633e-11,0,0,0,0,0,0,0.000474318834,-3.04185673e-05,-0.0117563141,
76,object_red_01,RED,0,-0.25,0.00794701495,0,0,9.63343967e-12,0,0,0,0,0,0,0.000474318835,-3.04185701e-05,-0.0117563141,
76.04,object_red_01,RED,0,-0.25,0.00794701495,0,0,-9.46967442e-12,0,0,0,0,0,0,0.000474318829,-3.04185524e-05,-0.0117563141,
76.08,object_red_01,RED,0,-0.25,0.00794701495,0,0,-1.86336345e-11,0,0,0,0,0,0,0.000474318812,-3.04184957e-05,-0.0117563141,
76.12,object_red_01,RED,0,-0.25,0.00794701495,0,0,1.88219674e-11,0,0,0,0,0,0,0.000474318816,-3.04185089e-05,-0.0117563141,
76.16,object_red_01,RED,0,-0.25,0.00794701495,0,0,-3.64789062e-12,0,0,0,0,0,0,0.000474318809,-3.04184856e-05,-0.0117563141,
76.2,object_red_01,RED,0,-0.25,0.00794701495,0,0,-1.50652818e-11,0,0,0,0,0,0,0.000474318792,-3.0418428e-05,-0.0117563141,
76.24,object_red_01,RED,0,-0.25,0.00794701495,0,0,2.8838411e-11,0,0,0,0,0,0,0.000474318798,-3.04184514e-05,-0.0117563141,
76.28,object_red_01,RED,0,-0.25,0.00794701495,0,0,1.24594746e-12,0,0,0,0,0,0,0.000474318789,-3.04184212e-05,-0.0117563141,
76.32,object_red_01,RED,0,-0.25,0.00794701495,0,0,-1.40825585e-11,0,0,0,0,0,0,0.000474318773,-3.04183652e-05,-0.0117563141,
76.36,object_red_01,RED,0,-0.25,0.00794701495,0,0,-2.08963124e-11,0,0,0,0,0,0,0.000474318781,-3.04183958e-05,-0.0117563141,
76.4,object_red_01,RED,0,-0.25,0.00794701495,0,0,8.86620782e-12,0,0,0,0,0,0,0.00047431877,-3.04183575e-05,-0.0117563141,
76.44,object_red_01,RED,0,-0.25,0.00794701495,0,0,-9.272623e-12,0,0,0,0,0,0,0.000474318755,-3.04183057e-05,-0.0117563141,
76.48,object_red_01,RED,0,-0.25,0.00794701495,0,0,-1.79738522e-11,0,0,0,0,0,0,0.000474318766,-3.04183435e-05,-0.0117563141,
76.52,object_red_01,RED,0,-0.25,0.00794701495,0,0,1.70961945e-11,0,0,0,0,0,0,0.000474318752,-3.04182971e-05,-0.0117563141,
76.56,object_red_01,RED,0,-0.25,0.00794701495,0,0,-5.53489132e-12,0,0,0,0,0,0,0.000474318738,-3.04182505e-05,-0.0117563141,
76.6,object_red_01,RED,0,-0.25,0.00794701495,0,0,-1.76727488e-11,0,0,0,0,0,0,0.00047431875,-3.04182936e-05,-0.0117563141,
76.64,object_red_01,RED,0,-0.25,0.00794701495,0,0,2.6823483e-11,0,0,0,0,0,0,0.000474318734,-3.04182403e-05,-0.0117563141,
76.68,object_red_01,RED,0,-0.25,0.00794701495,0,0,7.7426955e-13,0,0,0,0,0,0,0.000474318722,-3.04182001e-05,-0.0117563141,
76.72,object_red_01,RED,0,-0.25,0.00794701495,0,0,-1.37121311e-11,0,0,0,0,0,0,0.000474318735,-3.0418244e-05,-0.0117563141,
76.76,object_red_01,RED,0,-0.25,0.00794701495,0,0,3.6981276e-11,0,0,0,0,0,0,0.000474318717,-3.04181848e-05,-0.0117563141,
76.8,object_red_01,RED,0,-0.25,0.00794701495,0,0,7.49091628e-12,0,0,0,0,0,0,0.000474318708,-3.04181532e-05,-0.0117563141,
76.84,object_red_01,RED,0,-0.25,0.00794701495,0,0,-1.09392394e-11,0,0,0,0,0,0,0.000474318721,-3.04181976e-05,-0.0117563141,
76.88,object_red_01,RED,0,-0.25,0.00794701495,0,0,-2.03982075e-11,0,0,0,0,0,0,0.000474318702,-3.04181338e-05,-0.0117563141,
76.92,object_red_01,RED,0,-0.25,0.00794701495,0,0,1.54990805e-11,0,0,0,0,0,0,0.000474318695,-3.04181101e-05,-0.0117563141,
76.96,object_red_01,RED,0,-0.25,0.00794701495,0,0,-5.74256351e-12,0,0,0,0,0,0,0.000474318707,-3.04181532e-05,-0.0117563141,
77,object_red_01,RED,0,-0.25,0.00794701495,0,0,-1.71592302e-11,0,0,0,0,0,0,0.000474318688,-3.04180871e-05,-0.0117563141,
77.04,object_red_01,RED,0,-0.25,0.00794701495,0,0,2.35844629e-11,0,0,0,0,0,0,0.000474318683,-3.04180714e-05,-0.0117563141,
77.08,object_red_01,RED,0,-0.25,0.00794701495,0,0,-3.05435932e-13,0,0,0,0,0,0,0.000474318694,-3.04181088e-05,-0.0117563141,
77.12,object_red_01,RED,0,-0.25,0.00794701495,0,0,-1.5187499e-11,0,0,0,0,0,0,0.000474318674,-3.04180428e-05,-0.0117563141,
77.16,object_red_01,RED,0,-0.25,0.00794701495,0,0,3.3634264e-11,0,0,0,0,0,0,0.000474318672,-3.04180359e-05,-0.0117563141,
77.2,object_red_01,RED,0,-0.25,0.00794701495,0,0,6.24125729e-12,0,0,0,0,0,0,0.000474318682,-3.04180681e-05,-0.0117563141,
77.24,object_red_01,RED,0,-0.25,0.00794701495,0,0,-1.0933251e-11,0,0,0,0,0,0,0.000474318662,-3.04180031e-05,-0.0117563141,
77.28,object_red_01,RED,0,-0.25,0.00794701495,0,0,-1.97726107e-11,0,0,0,0,0,0,0.000474318663,-3.04180037e-05,-0.0117563141,
77.32,object_red_01,RED,0,-0.25,0.00794701495,0,0,1.25882939e-11,0,0,0,0,0,0,0.00047431867,-3.04180299e-05,-0.0117563141,
77.36,object_red_01,RED,0,-0.25,0.00794701495,0,0,-6.57360911e-12,0,0,0,0,0,0,0.000474318652,-3.04179682e-05,-0.0117563141,
77.4,object_red_01,RED,0,-0.25,0.00794701495,0,0,-1.84644019e-11,0,0,0,0,0,0,0.000474318654,-3.04179748e-05,-0.0117563141,
77.44,object_red_01,RED,0,-0.25,0.00794701495,0,0,2.06211292e-11,0,0,0,0,0,0,0.000474318659,-3.04179925e-05,-0.0117563141,
77.48,object_red_01,RED,0,-0.25,0.00794701495,0,0,-1.26204985e-12,0,0,0,0,0,0,0.000474318642,-3.04179363e-05,-0.0117563141,
77.52,object_red_01,RED,0,-0.25,0.00794701495,0,0,-1.50090054e-11,0,0,0,0,0,0,0.000474318646,-3.04179488e-05,-0.0117563141,
77.56,object_red_01,RED,0,-0.25,0.00794701495,0,0,3.22007796e-11,0,0,0,0,0,0,0.000474318649,-3.04179593e-05,-0.0117563141,
77.6,object_red_01,RED,0,-0.25,0.00794701495,0,0,3.62622803e-12,0,0,0,0,0,0,0.000474318634,-3.04179089e-05,-0.0117563141,
77.64,object_red_01,RED,0,-0.25,0.00794701495,0,0,-1.15585551e-11,0,0,0,0,0,0,0.000474318639,-3.04179253e-05,-0.0117563141,
77.68,object_red_01,RED,0,-0.25,0.00794701495,0,0,-2.09317006e-11,0,0,0,0,0,0,0.00047431864,-3.04179295e-05,-0.0117563141,
77.72,object_red_01,RED,0,-0.25,0.00794701495,0,0,1.15134848e-11,0,0,0,0,0,0,0.000474318627,-3.04178859e-05,-0.0117563141,
77.76,object_red_01,RED,0,-0.25,0.00794701495,0,0,-6.5796618e-12,0,0,0,0,0,0,0.000474318632,-3.04179043e-05,-0.0117563141,
77.8,object_red_01,RED,0,-0.25,0.00794701495,0,0,-1.78499541e-11,0,0,0,0,0,0,0.000474318631,-3.04179016e-05,-0.0117563141,
77.84,object_red_01,RED,0,-0.25,0.00794701495,0,0,1.97753266e-11,0,0,0,0,0,0,0.000474318621,-3.0417866e-05,-0.0117563141,
77.88,object_red_01,RED,0,-0.25,0.00794701495,0,0,-3.57729257e-12,0,0,0,0,0,0,0.000474318626,-3.04178856e-05,-0.0117563141,
77.92,object_red_01,RED,0,-0.25,0.00794701495,0,0,-1.54436284e-11,0,0,0,0,0,0,0.000474318624,-3.04178783e-05,-0.0117563141,
77.96,object_red_01,RED,0,-0.25,0.00794701495,0,0,2.9732478e-11,0,0,0,0,0,0,0.000474318616,-3.041785e-05,-0.0117563141,
78,object_red_01,RED,0,-0.25,0.00794701495,0,0,2.89020179e-12,0,0,0,0,0,0,0.000474318621,-3.04178687e-05,-0.0117563141,
78.04,object_red_01,RED,0,-0.25,0.00794701495,0,0,-1.13643195e-11,0,0,0,0,0,0,0.000474318618,-3.04178589e-05,-0.0117563141,
78.08,object_red_01,RED,0,-0.25,0.00794701495,0,0,-2.02172835e-11,0,0,0,0,0,0,0.000474318612,-3.04178377e-05,-0.0117563141,
78.12,object_red_01,RED,0,-0.25,0.00794701495,0,0,9.53619695e-12,0,0,0,0,0,0,0.000474318616,-3.04178531e-05,-0.0117563141,
78.16,object_red_01,RED,0,-0.25,0.00794701495,0,0,-9.37308835e-12,0,0,0,0,0,0,0.000474318613,-3.04178425e-05,-0.0117563141,
78.2,object_red_01,RED,0,-0.25,0.00794701495,0,0,-1.844376e-11,0,0,0,0,0,0,0.000474318609,-3.04178284e-05,-0.0117563141,
78.24,object_red_01,RED,0,-0.25,0.00794701495,0,0,1.7637307e-11,0,0,0,0,0,0,0.000474318612,-3.041784e-05,-0.0117563141,
78.28,object_red_01,RED,0,-0.25,0.00794701495,0,0,-4.07635747e-12,0,0,0,0,0,0,0.00047431861,-3.04178306e-05,-0.0117563141,
78.32,object_red_01,RED,0,-0.25,0.00794701495,0,0,-1.5111355e-11,0,0,0,0,0,0,0.000474318607,-3.04178221e-05,-0.0117563141,
78.36,object_red_01,RED,0,-0.25,0.00794701495,0,0,2.84898282e-11,0,0,0,0,0,0,0.000474318609,-3.04178289e-05,-0.0117563141,
78.4,object_red_01,RED,0,-0.25,0.00794701495,0,0,1.20717956e-12,0,0,0,0,0,0,0.000474318607,-3.04178227e-05,-0.0117563141,
78.44,object_red_01,RED,0,-0.25,0.00794701495,0,0,-1.39503023e-11,0,0,0,0,0,0,0.000474318606,-3.04178186e-05,-0.0117563141,
78.48,object_red_01,RED,0,-0.25,0.00794701495,0,0,3.81531637e-11,0,0,0,0,0,0,0.000474318606,-3.04178199e-05,-0.0117563141,
78.52,object_red_01,RED,0,-0.25,0.00794701495,0,0,7.74200651e-12,0,0,0,0,0,0,0.000474318606,-3.04178185e-05,-0.0117563141,
78.56,object_red_01,RED,0,-0.25,0.00794701495,0,0,-9.6450882e-12,0,0,0,0,0,0,0.000474318606,-3.04178177e-05,-0.0117563141,
78.6,object_red_01,RED,0,-0.25,0.00794701495,0,0,-1.79871674e-11,0,0,0,0,0,0,0.000474318604,-3.04178138e-05,-0.0117563141,
78.64,object_red_01,RED,0,-0.25,0.00794701495,0,0,1.68645257e-11,0,0,0,0,0,0,0.000474318606,-3.04178184e-05,-0.0117563141,
78.68,object_red_01,RED,0,-0.25,0.00794701495,0,0,-5.50515606e-12,0,0,0,0,0,0,0.000474318606,-3.04178192e-05,-0.0117563141,
78.72,object_red_01,RED,0,-0.25,0.00794701495,0,0,-1.75046653e-11,0,0,0,0,0,0,0.000474318603,-3.04178104e-05,-0.0117563141,
78.76,object_red_01,RED,0,-0.25,0.00794701495,0,0,2.43534006e-11,0,0,0,0,0,0,0.000474318607,-3.04178218e-05,-0.0117563141,
78.8,object_red_01,RED,0,-0.25,0.00794701495,0,0,-2.90932319e-13,0,0,0,0,0,0,0.000474318607,-3.04178228e-05,-0.0117563141,
78.84,object_red_01,RED,0,-0.25,0.00794701495,0,0,-1.4036653e-11,0,0,0,0,0,0,0.000474318603,-3.04178106e-05,-0.0117563141,
78.88,object_red_01,RED,0,-0.25,0.00794701495,0,0,3.64915364e-11,0,0,0,0,0,0,0.000474318609,-3.04178291e-05,-0.0117563141,
78.92,object_red_01,RED,0,-0.25,0.00794701495,0,0,7.35604053e-12,0,0,0,0,0,0,0.000474318609,-3.04178286e-05,-0.0117563141,
78.96,object_red_01,RED,0,-0.25,0.00794701495,0,0,-1.08551727e-11,0,0,0,0,0,0,0.000474318605,-3.0417814e-05,-0.0117563141,
79,object_red_01,RED,0,-0.25,0.00794701495,0,0,-2.02038362e-11,0,0,0,0,0,0,0.000474318612,-3.04178399e-05,-0.0117563141,
79.04,object_red_01,RED,0,-0.25,0.00794701495,0,0,1.30250475e-11,0,0,0,0,0,0,0.000474318611,-3.04178364e-05,-0.0117563141,
79.08,object_red_01,RED,0,-0.25,0.00794701495,0,0,-6.75119629e-12,0,0,0,0,0,0,0.000474318607,-3.04178209e-05,-0.0117563141,
79.12,object_red_01,RED,0,-0.25,0.00794701495,0,0,-1.74411406e-11,0,0,0,0,0,0,0.000474318616,-3.04178535e-05,-0.0117563141,
79.16,object_red_01,RED,0,-0.25,0.00794701495,0,0,2.32231573e-11,0,0,0,0,0,0,0.000474318614,-3.0417846e-05,-0.0117563141,
79.2,object_red_01,RED,0,-0.25,0.00794701495,0,0,-3.61441148e-13,0,0,0,0,0,0,0.00047431861,-3.04178326e-05,-0.0117563141,
79.24,object_red_01,RED,0,-0.25,0.00794701495,0,0,-1.50616166e-11,0,0,0,0,0,0,0.000474318621,-3.04178707e-05,-0.0117563141,
79.28,object_red_01,RED,0,-0.25,0.00794701495,0,0,3.3295342e-11,0,0,0,0,0,0,0.000474318618,-3.04178577e-05,-0.0117563141,
79.32,object_red_01,RED,0,-0.25,0.00794701495,0,0,6.17740428e-12,0,0,0,0,0,0,0.000474318615,-3.04178476e-05,-0.0117563141,
79.36,object_red_01,RED,0,-0.25,0.00794701495,0,0,-1.08270185e-11,0,0,0,0,0,0,0.000474318628,-3.04178909e-05,-0.0117563141,
79.4,object_red_01,RED,0,-0.25,0.00794701495,0,0,-1.95779754e-11,0,0,0,0,0,0,0.000474318622,-3.04178714e-05,-0.0117563141,
79.44,object_red_01,RED,0,-0.25,0.00794701495,0,0,1.24632752e-11,0,0,0,0,0,0,0.00047431862,-3.04178664e-05,-0.0117563141,
79.48,object_red_01,RED,0,-0.25,0.00794701495,0,0,-6.50919936e-12,0,0,0,0,0,0,0.000474318634,-3.04179131e-05,-0.0117563141,
79.52,object_red_01,RED,0,-0.25,0.00794701495,0,0,-1.82817114e-11,0,0,0,0,0,0,0.000474318627,-3.04178874e-05,-0.0117563141,
79.56,object_red_01,RED,0,-0.25,0.00794701495,0,0,2.04173577e-11,0,0,0,0,0,0,0.000474318628,-3.04178906e-05,-0.0117563141,
79.6,object_red_01,RED,0,-0.25,0.00794701495,0,0,-1.24972321e-12,0,0,0,0,0,0,0.000474318642,-3.04179384e-05,-0.0117563141,
79.64,object_red_01,RED,0,-0.25,0.00794701495,0,0,-1.48610178e-11,0,0,0,0,0,0,0.000474318632,-3.04179054e-05,-0.0117563141,
79.68,object_red_01,RED,0,-0.25,0.00794701495,0,0,3.18830812e-11,0,0,0,0,0,0,0.000474318636,-3.04179178e-05,-0.0117563141,
79.72,object_red_01,RED,0,-0.25,0.00794701495,0,0,3.59092187e-12,0,0,0,0,0,0,0.00047431865,-3.04179664e-05,-0.0117563141,
79.76,object_red_01,RED,0,-0.25,0.00794701495,0,0,-1.14442821e-11,0,0,0,0,0,0,0.000474318639,-3.04179265e-05,-0.0117563141,
79.8,object_red_01,RED,0,-0.25,0.00794701495,0,0,-2.07254238e-11,0,0,0,0,0,0,0.000474318645,-3.04179486e-05,-0.0117563141,
79.84,object_red_01,RED,0,-0.25,0.00794701495,0,0,9.86159678e-12,0,0,0,0,0,0,0.000474318659,-3.04179959e-05,-0.0117563141,
79.88,object_red_01,RED,0,-0.25,0.00794701495,0,0,-7.21572232e-12,0,0,0,0,0,0,0.000474318646,-3.04179523e-05,-0.0117563141,
79.92,object_red_01,RED,0,-0.25,0.00794701495,0,0,-1.79708152e-11,0,0,0,0,0,0,0.000474318656,-3.04179844e-05,-0.0117563141,
79.96,object_red_01,RED,0,-0.25,0.00794701495,0,0,1.94959857e-11,0,0,0,0,0,0,0.000474318669,-3.0418028e-05,-0.0117563141,
80,object_red_01,RED,0,-0.25,0.00794701495,0,0,-3.58164651e-12,0,0,0,0,0,0,0.000474318655,-3.04179805e-05,-0.0117563141,
80.04,object_red_01,RED,0,-0.25,0.00794701495,0,0,-1.53086063e-11,0,0,0,0,0,0,0.000474318668,-3.04180228e-05,-0.0117563141,
80.08,object_red_01,RED,0,-0.25,0.00794701495,0,0,2.94346187e-11,0,0,0,0,0,0,0.000474318679,-3.04180628e-05,-0.0117563141,
80.12,object_red_01,RED,0,-0.25,0.00794701495,0,0,1.27903383e-12,0,0,0,0,0,0,0.000474318665,-3.04180128e-05,-0.0117563141,
80.16,object_red_01,RED,0,-0.25,0.00794701495,0,0,-1.19491284e-11,0,0,0,0,0,0,0.00047431868,-3.04180641e-05,-0.0117563141,
80.2,object_red_01,RED,0,-0.25,0.00794701495,0,0,-2.03082665e-11,0,0,0,0,0,0,0.00047431869,-3.0418099e-05,-0.0117563141,
80.24,object_red_01,RED,0,-0.25,0.00794701495,0,0,9.35315664e-12,0,0,0,0,0,0,0.000474318677,-3.04180515e-05,-0.0117563141,
80.28,object_red_01,RED,0,-0.25,0.00794701495,0,0,-9.32082681e-12,0,0,0,0,0,0,0.000474318694,-3.04181095e-05,-0.0117563141,
80.32,object_red_01,RED,0,-0.25,0.00794701495,0,0,-1.82784923e-11,0,0,0,0,0,0,0.000474318702,-3.04181377e-05,-0.0117563141,
80.36,object_red_01,RED,0,-0.25,0.00794701495,0,0,1.74570076e-11,0,0,0,0,0,0,0.000474318689,-3.04180927e-05,-0.0117563141,
80.4,object_red_01,RED,0,-0.25,0.00794701495,0,0,-5.63807968e-12,0,0,0,0,0,0,0.000474318708,-3.04181571e-05,-0.0117563141,
80.44,object_red_01,RED,0,-0.25,0.00794701495,0,0,-1.56478745e-11,0,0,0,0,0,0,0.000474318715,-3.04181792e-05,-0.0117563141,
80.48,object_red_01,RED,0,-0.25,0.00794701495,0,0,2.80206163e-11,0,0,0,0,0,0,0.000474318703,-3.04181385e-05,-0.0117563141,
80.52,object_red_01,RED,0,-0.25,0.00794701495,0,0,1.10536519e-12,0,0,0,0,0,0,0.000474318723,-3.04182066e-05,-0.0117563141,
80.56,object_red_01,RED,0,-0.25,0.00794701495,0,0,-1.38524422e-11,0,0,0,0,0,0,0.000474318728,-3.04182228e-05,-0.0117563141,
80.6,object_red_01,RED,0,-0.25,0.00794701495,0,0,3.77643462e-11,0,0,0,0,0,0,0.000474318719,-3.04181908e-05,-0.0117563141,
80.64,object_red_01,RED,0,-0.25,0.00794701495,0,0,7.66013105e-12,0,0,0,0,0,0,0.000474318739,-3.04182591e-05,-0.0117563141,
80.68,object_red_01,RED,0,-0.25,0.00794701495,0,0,-1.11524897e-11,0,0,0,0,0,0,0.000474318742,-3.04182692e-05,-0.0117563141,
80.72,object_red_01,RED,0,-0.25,0.00794701495,0,0,-1.8481211e-11,0,0,0,0,0,0,0.000474318735,-3.04182455e-05,-0.0117563141,
80.76,object_red_01,RED,0,-0.25,0.00794701495,0,0,1.64984772e-11,0,0,0,0,0,0,0.000474318756,-3.04183135e-05,-0.0117563141,
80.8,object_red_01,RED,0,-0.25,0.00794701495,0,0,-5.54232514e-12,0,0,0,0,0,0,0.000474318757,-3.04183187e-05,-0.0117563141,
80.84,object_red_01,RED,0,-0.25,0.00794701495,0,0,-1.73699109e-11,0,0,0,0,0,0,0.000474318753,-3.04183044e-05,-0.0117563141,
80.88,object_red_01,RED,0,-0.25,0.00794701495,0,0,2.40987023e-11,0,0,0,0,0,0,0.000474318773,-3.04183692e-05,-0.0117563141,
80.92,object_red_01,RED,0,-0.25,0.00794701495,0,0,-2.94122828e-13,0,0,0,0,0,0,0.000474318773,-3.04183719e-05,-0.0117563141,
80.96,object_red_01,RED,0,-0.25,0.00794701495,0,0,-1.38987438e-11,0,0,0,0,0,0,0.000474318773,-3.04183683e-05,-0.0117563141,
81,object_red_01,RED,0,-0.25,0.00794701495,0,0,3.61238713e-11,0,0,0,0,0,0,0.00047431879,-3.04184272e-05,-0.0117563141,
81.04,object_red_01,RED,0,-0.25,0.00794701495,0,0,7.2807388e-12,0,0,0,0,0,0,0.000474318791,-3.04184284e-05,-0.0117563141,
81.08,object_red_01,RED,0,-0.25,0.00794701495,0,0,-1.0746492e-11,0,0,0,0,0,0,0.000474318793,-3.04184343e-05,-0.0117563141,
81.12,object_red_01,RED,0,-0.25,0.00794701495,0,0,-2.00010783e-11,0,0,0,0,0,0,0.000474318808,-3.04184868e-05,-0.0117563141,
81.16,object_red_01,RED,0,-0.25,0.00794701495,0,0,1.28935728e-11,0,0,0,0,0,0,0.000474318809,-3.04184891e-05,-0.0117563141,
81.2,object_red_01,RED,-6.43126103e-12,-0.249999954,0.00794702309,-4.10843523e-10,2.9051615e-06,2.3546719e-07,-8.42141815e-16,1.63639612e-16,2.50401437e-05,0,0.000472545745,0,0.000474326552,-3.02042582e-05,-0.0117563124,
81.24,object_red_01,RED,-2.96689294e-11,-0.249999791,0.00794702618,-6.72075281e-10,4.70335144e-06,4.26067864e-08,2.39954441e-16,-2.3341872e-16,5.88690554e-05,0,0.000640663966,0,0.000474331819,-2.93794269e-05,-0.0117563137,
81.28,object_red_01,RED,-5.68775411e-11,-0.249999602,0.00794702864,-6.62613378e-10,4.56539177e-06,6.65439741e-08,9.06776203e-17,-3.90936888e-16,5.35251169e-05,0,0.00074869581,0,0.000474334053,-2.85856019e-05,-0.0117563137,
81.32,object_red_01,RED,-8.13915533e-11,-0.249999434,0.00794703083,-5.62465522e-10,3.82390796e-06,4.59216776e-08,6.67768709e-16,-2.96473716e-16,4.00799312e-05,0,0.000818275031,0,0.000474334216,-2.80313613e-05,-0.0117563137,
81.36,object_red_01,RED,-1.01458095e-10,-0.249999299,0.00794703234,-4.46259884e-10,3.00397707e-06,2.92336112e-08,-3.64515045e-16,1.77423699e-16,2.91457593e-05,0,0.000865065181,0,0.000474333027,-2.76711248e-05,-0.0117563139,
81.4,object_red_01,RED,-1.16969346e-10,-0.249999195,0.0079470333,-3.36275946e-10,2.24748759e-06,1.98510999e-08,-1.14657579e-15,-1.00292042e-16,2.07828284e-05,0,0.000889528052,0,0.0004743313,-2.74432538e-05,-0.0117563139,
81.44,object_red_01,RED,-1.28299119e-10,-0.249999119,0.00794703383,-2.38063446e-10,1.58309424e-06,9.38967498e-09,-5.23494929e-16,-4.09050368e-16,1.41589884e-05,0,0.000895273457,0,0.000474329481,-2.73087896e-05,-0.011756314,
81.48,object_red_01,RED,-1.36087856e-10,-0.249999067,0.00794703411,-1.58975404e-10,1.05360196e-06,4.96946458e-09,-2.8469816e-17,-2.76220773e-16,8.99241086e-06,0,0.000895979337,0,0.000474327836,-2.72398582e-05,-0.011756314,
81.52,object_red_01,RED,-1.41200585e-10,-0.249999034,0.00794703429,-1.03324357e-10,6.83309082e-07,3.79260474e-09,-1.48110829e-16,1.22128749e-16,5.53591477e-06,0,0.000896062639,0,0.000474326495,-2.7210028e-05,-0.0117563141,
81.56,object_red_01,RED,0.000699714274,-0.25013583,0.00806843644,0.0197102552,-0.00106300591,-0.00314700964,-0.00339731861,-0.0103204544,-0.0713967667,0.397143798,0.399269545,1,0.00035330535,-0.000809228211,-0.0116257451,0
81.6,object_red_01,RED,0.00115457648,-0.250141754,0.00806026559,0.00614709498,0.000239842209,-0.000421082224,-4.06682375e-05,-9.58142047e-05,0.00326712451,0.408757477,0.38685004,1,0.000350695021,-0.00130056049,-0.011617559,0.000491407403
81.64,object_red_01,RED,0.00131155612,-0.250127435,0.00805278339,0.00272447672,0.000417473256,5.52979704e-05,-8.21493056e-06,3.79322877e-05,0.0091551088,0.399890158,0.392732488,1,0.000351131256,-0.00142657288,-0.0116161184,0.000617423554
81.68,object_red_01,RED,0.00139706949,-0.250110603,0.00805646809,0.0017333888,0.00039389389,0.000119002547,-6.940288e-06,3.47896367e-05,0.00814156671,0.395114345,0.395506568,1,0.000351039306,-0.00146059062,-0.0116151855,0.000651451942
81.72,object_red_01,RED,0.00145298422,-0.250097677,0.00806312448,0.00111355729,0.000251902794,0.000208452348,-4.45699205e-06,2.23644509e-05,0.00523184072,0.392226312,0.397431823,1,0.000350606905,-0.00147475442,-0.0116146144,0.000665624752
81.76,object_red_01,RED,0.00148581767,-0.250091237,0.00807127648,0.000473910096,3.00731775e-06,-0.000114074766,-1.05100798e-06,5.27403481e-06,0.00123377533,0.391119463,0.398100977,1,0.000349873433,-0.00148208182,-0.0116152338,0.000672944456
81.8,object_red_01,RED,0.00148195017,-0.250100951,0.00807671602,-0.000560807907,-0.000400695122,0.000531730914,4.39127971e-06,-2.20350502e-05,-0.00515474936,0.394736329,0.394886432,1,0.000348267343,-0.00147794048,-0.0116138129,0.000668837693
81.84,object_red_01,RED,0.00145945432,-0.250114169,0.00809812859,-0.000472327736,-0.000249945766,0.000559156356,3.00046511e-06,-1.50558731e-05,-0.00352208368,0.395028288,0.394919933,1,0.000348750139,-0.00147362664,-0.011612393,0.00066454819
81.88,object_red_01,RED,0.0014464652,-0.250120965,0.00812364965,-0.00020140862,-0.000108187457,0.00070430717,1.27354973e-06,-6.39047903e-06,-0.0014949516,0.395039914,0.394951473,1,0.000349324957,-0.00147293068,-0.0116114604,0.000663868105
81.92,object_red_01,RED,0.00144213833,-0.250123539,0.00815511436,-4.46101375e-05,-3.43569534e-05,0.000860668963,3.59762915e-07,-1.80524043e-06,-0.000422307433,0.395011423,0.394973615,1,0.000349627439,-0.00147297236,-0.0116104643,0.000663930212
81.96,object_red_01,RED,0.00144169046,-0.250124229,0.00819308092,7.25180989e-06,-6.82040996e-06,0.00103001355,3.8437654e-08,-1.92875088e-07,-4.51200726e-05,0.394994267,0.394986112,1,0.000349748361,-0.00147304688,-0.0116093828,0.000664029826
82,object_red_01,RED,0.00144216074,-0.250124322,0.00823805114,1.21125976e-05,-3.3477414e-08,0.00121151524,-2.37157542e-08,1.19002786e-07,2.78388149e-05,0.394988676,0.394990215,1,0.000349784825,-0.00147306983,-0.011608221,0.000664082216
82.04,object_red_01,RED,0.00144252438,-0.250124305,0.00829050788,6.11621491e-06,4.24835714e-07,0.00140469256,-1.51510469e-08,7.6026123e-08,1.77851063e-05,0.394988104,0.394990457,1,0.000349792115,-0.00147306722,-0.0116069805,0.000664113453
82.08,object_red_01,RED,0.00144266403,-0.250124298,0.00835089313,1.61479508e-06,-3.66190339e-08,0.00160845347,-2.71480918e-09,1.3622586e-08,3.18678825e-06,0.394988706,0.394989873,1,0.000349792638,-0.00147306127,-0.0116056682,0.000664145876
82.12,object_red_01,RED,0.00144268564,-0.250124305,0.0084196321,-8.49084274e-08,-2.1967189e-07,0.00182159338,1.95133627e-09,-9.79157013e-09,-2.29058288e-06,0.394989177,0.394989477,1,0.000349792659,-0.00147305848,-0.0116042901,0.000664186182
82.16,object_red_01,RED,0.00144267444,-0.250124313,0.00849712847,-3.3129229e-07,-1.77739784e-07,0.00204314093,2.0499665e-09,-1.02864849e-08,-2.40635994e-06,0.394989361,0.394989339,1,0.000349792976,-0.00147305829,-0.0116028492,0.000664234097
82.2,object_red_01,RED,0.00144266404,-0.250124318,0.00858375461,-1.79690104e-07,-9.01699246e-08,0.00227544174,1.06005881e-09,-5.31924518e-09,-1.24435314e-06,0.394989391,0.394989323,1,0.000349793325,-0.00147305913,-0.0116013455,0.000664288465
82.24,object_red_01,RED,0.00144266004,-0.25012432,0.0086798607,-4.1041272e-08,-3.18687604e-08,0.00251671143,3.44971056e-10,-1.73102292e-09,-4.0494528e-07,0.394989377,0.394989339,1,0.000349793547,-0.00147306015,-0.011599786,0.00066434859
82.28,object_red_01,RED,0.00144265987,-0.250124321,0.0087857834,1.84990437e-08,-6.75055075e-09,0.00276684167,4.57007256e-11,-2.29318317e-10,-5.3645394e-08,0.394989363,0.394989351,1,0.000349793648,-0.00147306111,-0.0115981705,0.000664414636
82.32,object_red_01,RED,0.00144266097,-0.250124321,0.00890181793,3.11794248e-08,2.68070819e-10,0.00302429701,-2.50408303e-11,1.25651446e-10,2.93940267e-08,0.394989357,0.394989356,1,0.00034979368,-0.00147306202,-0.0115965058,0.000664486716
82.36,object_red_01,RED,0.00144266218,-0.250124321,0.00902824213,2.88207963e-08,8.81072203e-10,0.00328781641,-2.05310184e-11,1.03026154e-10,2.41011285e-08,0.394989355,0.394989357,1,0.000349793687,-0.00147306292,-0.0115947986,0.000664564923
82.4,object_red_01,RED,0.00144266326,-0.250124321,0.00916530395,2.5375385e-08,3.06459465e-10,0.00355971346,-7.07474349e-12,3.55026666e-11,8.30526103e-09,0.394989356,0.394989356,1,0.000349793686,-0.00147306383,-0.0115930463,0.000664649741
82.44,object_red_01,RED,0.00144266424,-0.250124321,0.00931328422,2.40937668e-08,-4.19868886e-11,0.00382978107,-2.72964969e-13,1.36775802e-12,3.20205305e-10,0.394989356,0.394989356,1,0.000349793686,-0.00147306478,-0.0115912668,0.000664740607
82.48,object_red_01,RED,0.0014426652,-0.250124321,0.00947234141,2.40746198e-08,-1.08805826e-10,0.00410783797,1.25897841e-12,-6.32269067e-12,-1.47885609e-09,0.394989356,0.394989356,1,0.000349793685,-0.00147306574,-0.0115894509,0.000664838224
82.52,object_red_01,RED,0.00144266618,-0.250124321,0.00964269513,2.45685724e-08,-6.99135736e-11,0.00439250018,8.93751691e-13,-4.48355874e-12,-1.04898049e-09,0.394989356,0.394989356,1,0.000349793686,-0.00147306672,-0.0115876008,0.000664942771
82.56,object_red_01,RED,0.00144266717,-0.250124321,0.00982451113,2.50675678e-08,-2.65793823e-11,0.00468225521,3.52354879e-13,-1.76982659e-12,-4.13809895e-10,0.394989356,0.394989356,1,0.000349793686,-0.00147306772,-0.0115857209,0.000665054256
82.6,object_red_01,RED,0.00144266818,-0.250124321,0.010017935,2.54457926e-08,-3.39806565e-12,0.00497541015,6.21824377e-14,-3.10265411e-13,-7.27288231e-11,0.394989356,0.394989356,1,0.000349793686,-0.00147306873,-0.0115838188,0.000665172449
82.64,object_red_01,RED,0.0014426692,-0.250124321,0.0102230927,2.574974e-08,4.36901034e-12,0.0052686622,-2.71894961e-14,1.35193697e-13,3.16347283e-11,0.394989356,0.394989356,1,0.000349793686,-0.00147306976,-0.0115819027,0.000665296989
82.68,object_red_01,RED,0.00144267024,-0.250124321,0.0104401272,2.60480674e-08,4.92930652e-12,0.00556834467,-2.39495293e-14,1.21640697e-13,2.81978607e-11,0.394989356,0.394989356,1,0.000349793686,-0.00147307079,-0.0115799554,0.000665429186
82.72,object_red_01,RED,0.00144267129,-0.250124321,0.0106690794,2.62007464e-08,4.9281364e-12,0.00586708016,-1.95325237e-14,9.69019997e-14,2.28186235e-11,0.394989356,0.394989356,1,0.000349793686,-0.00147307184,-0.0115780047,0.000665567306
82.76,object_red_01,RED,0.00144267234,-0.250124321,0.0109100441,2.63799722e-08,4.25543766e-12,0.00616518515,-8.4629325e-15,4.12704516e-14,9.29091227e-12,0.394989356,0.394989356,1,0.000349793686,-0.00147307289,-0.0115760464,0.000665711687
82.8,object_red_01,RED,0.0014426734,-0.250124321,0.0111630707,2.65091883e-08,3.91688144e-12,0.00646731003,-2.16043071e-15,1.28475328e-14,2.82461723e-12,0.394989356,0.394989356,1,0.000349793686,-0.00147307395,-0.0115740752,0.000665862803
82.84,object_red_01,RED,0.00144267446,-0.250124321,0.0114281868,2.65651314e-08,4.24547758e-12,0.00677081376,-6.60214011e-15,3.38109748e-14,8.05559663e-12,0.394989356,0.394989356,1,0.000349793686,-0.00147307501,-0.0115720996,0.000666020073
82.88,object_red_01,RED,0.00144267552,-0.250124321,0.0117054194,2.66109298e-08,4.29740678e-12,0.00707471047,-7.11828081e-15,3.72374071e-14,8.73656367e-12,0.394989356,0.394989356,1,0.000349793686,-0.00147307607,-0.0115701206,0.00066618346
82.92,object_red_01,RED,0.00144267659,-0.250124321,0.0119947597,2.66196465e-08,4.0986682e-12,0.00737844259,-4.70073306e-15,2.39118297e-14,5.40831083e-12,0.394989356,0.394989356,1,0.000349793686,-0.00147307714,-0.0115681409,0.000666352739
82.96,object_red_01,RED,0.00144267765,-0.250124321,0.0122961806,2.65618987e-08,4.33206922e-12,0.00768087758,-8.26031323e-15,4.03300174e-14,9.44011701e-12,0.394989356,0.394989356,1,0.000349793686,-0.0014730782,-0.0115661675,0.000666527292
83,object_red_01,RED,0.00144267871,-0.250124321,0.0126096627,2.66110241e-08,2.59112041e-12,0.00798020048,1.6664164e-14,-8.33343328e-14,-1.97473773e-11,0.394989356,0.394989356,1,0.000349793686,-0.00147307926,-0.0115641991,0.000666707176
83.04,object_red_01,RED,0.00144267977,-0.250124321,0.0129351196,2.63842989e-08,4.39982695e-12,0.008277878,-9.34652334e-15,4.56746107e-14,1.11072186e-11,0.394989356,0.394989356,1,0.000349793686,-0.00147308032,-0.0115622488,0.000666891098
83.08,object_red_01,RED,0.00144268082,-0.250124321,0.0132725047,2.62308909e-08,4.07253565e-12,0.00857384775,-5.51888882e-15,2.45753503e-14,5.86914443e-12,0.394989356,0.394989356,1,0.000349793686,-0.00147308137,-0.0115603077,0.000667079761
83.12,object_red_01,RED,0.00144268187,-0.250124321,0.0136217309,2.60385516e-08,3.91721468e-12,0.00887059928,-3.29628656e-15,1.58966604e-14,3.80274683e-12,0.394989356,0.394989356,1,0.000349793686,-0.00147308242,-0.0115583738,0.000667273281
83.16,object_red_01,RED,0.00144268291,-0.250124321,0.0139827046,2.58433984e-08,4.26700683e-12,0.00916248613,-8.93198129e-15,4.40289159e-14,1.00749263e-11,0.394989356,0.394989356,1,0.000349793686,-0.00147308346,-0.0115564633,0.000667469914
83.2,object_red_01,RED,0.00144268393,-0.250124321,0.0143552949,2.55756764e-08,4.1196202e-12,0.00945295489,-7.1225871e-15,3.43965378e-14,8.24397273e-12,0.394989356,0.394989356,1,0.000349793686,-0.00147308448,-0.0115545679,0.000667670336
83.24,object_red_01,RED,0.00144268495,-0.250124321,0.0147393835,2.53181717e-08,3.13565364e-12,0.00974126877,6.10866163e-15,-3.00489343e-14,-7.42735522e-12,0.394989356,0.394989356,1,0.000349793686,-0.0014730855,-0.0115526862,0.000667874572
83.28,object_red_01,RED,0.00144268596,-0.250124321,0.0151348137,2.49882644e-08,4.4007187e-12,0.0100208408,-1.21636497e-14,6.13074202e-14,1.43832541e-11,0.394989356,0.394989356,1,0.000349793686,-0.00147308651,-0.0115508472,0.00066807924
83.32,object_red_01,RED,0.00144268695,-0.250124321,0.0155414292,2.46391082e-08,3.86399402e-12,0.0102975186,-5.12207879e-15,2.61530869e-14,6.16470416e-12,0.394989356,0.394989356,1,0.000349793686,-0.0014730875,-0.011549028,0.000668286614
83.36,object_red_01,RED,0.00144268793,-0.250124321,0.0159590659,2.43765629e-08,2.41085173e-12,0.010567461,1.48231973e-14,-7.48597875e-14,-1.75153516e-11,0.394989356,0.394989356,1,0.000349793686,-0.00147308848,-0.0115472393,0.000668495292
83.4,object_red_01,RED,0.00144268889,-0.250124321,0.0163875243,2.38732053e-08,3.88026731e-12,0.0108370557,-6.83406404e-15,3.61993848e-14,8.37371849e-12,0.394989356,0.394989356,1,0.000349793686,-0.00147308944,-0.0115454789,0.000668705266
83.44,object_red_01,RED,0.00144268984,-0.250124321,0.0168266117,2.341573e-08,3.81878131e-12,0.0111018166,-7.08004448e-15,3.43962531e-14,8.28370087e-12,0.394989356,0.394989356,1,0.000349793686,-0.00147309039,-0.01154375,0.000668915922
83.48,object_red_01,RED,0.00144269077,-0.250124321,0.0172761366,2.29810763e-08,3.72574843e-12,0.0113602925,-6.43420929e-15,3.23328685e-14,7.74315344e-12,0.394989356,0.394989356,1,0.000349793686,-0.00147309132,-0.0115420549,0.000669126751
83.52,object_red_01,RED,0.00144269167,-0.250124321,0.0177358574,2.25023023e-08,3.48033215e-12,0.0116126382,-3.79983604e-15,1.79946623e-14,4.8035444e-12,0.394989356,0.394989356,1,0.000349793686,-0.00147309223,-0.0115403969,0.000669337042
83.56,object_red_01,RED,0.00144269256,-0.250124321,0.0182055466,2.20065609e-08,3.22562895e-12,0.0118600884,-1.88798416e-15,7.35263024e-15,1.72311235e-12,0.394989356,0.394989356,1,0.000349793686,-0.00147309311,-0.011538775,0.00066954667
83.6,object_red_01,RED,0.00144269343,-0.250124321,0.0186849527,2.14481077e-08,3.49613123e-12,0.0120995181,-6.99918086e-15,3.15693888e-14,7.62273043e-12,0.394989356,0.394989356,1,0.000349793686,-0.00147309398,-0.0115371982,0.000669754173
83.64,object_red_01,RED,0.00144269428,-0.250124321,0.0191738308,2.09567534e-08,1.99157321e-12,0.0123320949,1.39511042e-14,-6.98472638e-14,-1.62516543e-11,0.394989356,0.394989356,1,0.000349793686,-0.00147309483,-0.0115356587,0.000669960281
83.68,object_red_01,RED,0.0014426951,-0.250124321,0.0196718946,2.03084682e-08,3.45770415e-12,0.0125576917,-7.33269606e-15,4.19106649e-14,9.75995171e-12,0.394989356,0.394989356,1,0.000349793686,-0.00147309565,-0.0115341734,0.000670162438
83.72,object_red_01,RED,0.0014426959,-0.250124321,0.020178884,1.96794737e-08,3.00458045e-12,0.0127797203,-3.25199025e-15,1.55649099e-14,3.68774659e-12,0.394989356,0.394989356,1,0.000349793686,-0.00147309645,-0.0115327217,0.000670363129
83.76,object_red_01,RED,0.00144269668,-0.250124321,0.0206945254,1.90878541e-08,3.31911774e-12,0.0129911286,-8.76284534e-15,4.42116236e-14,1.02558425e-11,0.394989356,0.394989356,1,0.000349793686,-0.00147309723,-0.0115313259,0.000670559013
83.8,object_red_01,RED,0.00144269743,-0.250124321,0.0212185052,1.84386155e-08,2.83646889e-12,0.0131971423,-3.08795706e-15,1.54997792e-14,3.7611358e-12,0.394989356,0.394989356,1,0.000349793686,-0.00147309798,-0.0115299722,0.000670751708
83.84,object_red_01,RED,0.00144269815,-0.250124321,0.021750524,1.77718206e-08,2.8446352e-12,0.0133947461,-4.20535683e-15,2.36592444e-14,5.41508972e-12,0.394989356,0.394989356,1,0.000349793686,-0.0014730987,-0.0115286705,0.000670939514
83.88,object_red_01,RED,0.00144269885,-0.250124321,0.0222902595,1.70361052e-08,3.19394334e-12,0.0135861488,-1.10476723e-14,5.63613968e-14,1.29968842e-11,0.394989356,0.394989356,1,0.000349793686,-0.0014730994,-0.0115274174,0.000671122658
83.92,object_red_01,RED,0.00144269952,-0.250124321,0.0228374269,1.6400462e-08,2.84012156e-12,0.0137643973,-7.0524702e-15,3.72408728e-14,8.5977869e-12,0.394989355,0.394989356,1,0.000349793686,-0.00147310007,-0.0115262236,0.00067129927
83.96,object_red_01,RED,0.00144270016,-0.250124321,0.0233916505,1.56231532e-08,2.8248792e-12,0.0139383181,-8.75020258e-15,4.35253554e-14,1.02163302e-11,0.394989356,0.394989356,1,0.000349793686,-0.00147310071,-0.0115250782,0.000671470662
84,object_red_01,RED,0.00144270077,-0.250124321,0.0239526403,1.49481109e-08,2.60281538e-12,0.0141010106,-7.48373305e-15,3.50473592e-14,8.02907036e-12,0.394989355,0.394989356,1,0.000349793686,-0.00147310132,-0.0115239933,0.000671634777
84.04,object_red_01,RED,0.00144270135,-0.250124321,0.0245200221,1.41734639e-08,2.0600496e-12,0.0142594973,-1.23656391e-15,4.21123082e-15,9.40346946e-13,0.394989356,0.394989356,1,0.000349793686,-0.0014731019,-0.0115229539,0.000671793608
84.08,object_red_01,RED,0.00144270191,-0.250124321,0.025093463,1.34209391e-08,2.48521933e-12,0.0144054694,-8.41755256e-15,4.11469202e-14,9.73278615e-12,0.394989355,0.394989356,1,0.000349793686,-0.00147310246,-0.0115219829,0.000671943403
84.12,object_red_01,RED,0.00144270243,-0.250124321,0.0256726081,1.26609639e-08,1.56011303e-12,0.0145451779,3.3385204e-15,-1.78838651e-14,-3.86063185e-12,0.394989356,0.394989356,1,0.000349793686,-0.00147310298,-0.0115210593,0.000672087167
84.16,object_red_01,RED,0.00144270292,-0.250124321,0.0262570887,1.18611905e-08,2.04203474e-12,0.0146734718,-4.50930844e-15,2.70311442e-14,6.04230825e-12,0.394989355,0.394989356,1,0.000349793686,-0.00147310347,-0.0115202042,0.000672221372
84.2,object_red_01,RED,0.00144270337,-0.250124321,0.0268465443,1.10596601e-08,1.73420188e-12,0.0147930456,-1.93745195e-15,1.24036542e-14,2.76606773e-12,0.394989355,0.394989356,1,0.000349793686,-0.00147310392,-0.0115194061,0.000672347588
84.24,object_red_01,RED,0.0014427038,-0.250124321,0.0274406051,1.0255601e-08,1.53791597e-12,0.0149027394,-1.17792024e-15,5.85449083e-15,1.39767649e-12,0.394989355,0.394989356,1,0.000349793686,-0.00147310435,-0.0115186696,0.000672464884
84.28,object_red_01,RED,0.00144270419,-0.250124321,0.0280388975,9.47204618e-09,9.01117156e-13,0.0150037304,6.34153542e-15,-3.09796539e-14,-7.39976206e-12,0.394989355,0.394989356,1,0.000349793686,-0.00147310474,-0.0115179923,0.000672573455
84.32,object_red_01,RED,0.00144270455,-0.250124321,0.0286410344,8.59110045e-09,1.48947751e-12,0.0150957303,-4.20180159e-15,2.01054567e-14,4.55144191e-12,0.394989355,0.394989356,1,0.000349793686,-0.0014731051,-0.0115173787,0.000672672379
84.36,object_red_01,RED,0.00144270488,-0.250124321,0.0292466449,7.76012144e-09,1.16090634e-12,0.0151783887,-8.02128713e-16,4.34645024e-15,9.9232593e-13,0.394989355,0.394989356,1,0.000349793686,-0.00147310543,-0.0115168255,0.000672762042
84.4,object_red_01,RED,0.00144270517,-0.250124321,0.0298553278,6.88190178e-09,1.34414784e-12,0.0152518059,-5.45370531e-15,2.55792266e-14,6.10986209e-12,0.394989355,0.394989356,1,0.000349793686,-0.00147310572,-0.0115163361,0.000672841735
84.44,object_red_01,RED,0.00144270543,-0.250124321,0.0304667165,6.05427941e-09,1.08886471e-12,0.0153138335,-2.84670385e-15,1.68004451e-14,3.83187113e-12,0.394989355,0.394989356,1,0.000349793686,-0.00147310598,-0.0115159109,0.000672911275
84.48,object_red_01,RED,0.00144270565,-0.250124321,0.0310803997,5.19621974e-09,6.8065751e-13,0.0153668334,1.08426828e-15,-4.17240728e-15,-9.25405374e-13,0.394989355,0.394989356,1,0.000349793686,-0.0014731062,-0.0115155482,0.000672970787
84.52,object_red_01,RED,0.00144270584,-0.250124321,0.0316959859,4.32694854e-09,7.24835269e-13,0.0154092306,-1.58103078e-15,9.28106057e-15,1.8347944e-12,0.394989355,0.394989356,1,0.000349793686,-0.00147310639,-0.0115152533,0.000673019323
84.56,object_red_01,RED,0.001442706,-0.250124321,0.0323130818,3.45669366e-09,5.34013188e-13,0.0154420926,2.7990764e-16,4.74178024e-15,7.03281701e-13,0.394989355,0.394989356,1,0.000349793686,-0.00147310655,-0.0115150218,0.000673057521
84.6,object_red_01,RED,0.00144270612,-0.250124321,0.0329312901,2.58475166e-09,4.00821021e-13,0.0154650902,-6.52716561e-16,1.72725517e-15,5.35884899e-13,0.394989355,0.394989356,1,0.000349793686,-0.00147310667,-0.0115148551,0.000673085084
84.64,object_red_01,RED,0.0014427062,-0.250124321,0.0335502124,1.71317837e-09,2.21267434e-13,0.0154783797,6.18773503e-16,-1.225703e-15,-3.85203012e-13,0.394989355,0.394989356,1,0.000349793686,-0.00147310675,-0.0115147528,0.000673102031
84.68,object_red_01,RED,0.00144270625,-0.250124321,0.0341694479,8.30471938e-10,1.53816176e-13,0.0154815232,-4.44394426e-16,2.76500749e-15,5.62702894e-13,0.394989355,0.394989356,1,0.000349793686,-0.0014731068,-0.0115147162,0.000673108117
84.72,object_red_01,RED,0.00144270627,-0.250124321,0.0347885978,-4.72971719e-11,2.68898722e-16,0.0154745743,5.8974865e-16,1.54377186e-15,5.55498046e-14,0.394989355,0.394989356,1,0.000349793686,-0.00147310682,-0.011514745,0.000673103388
84.76,object_red_01,RED,0.00144270625,-0.250124321,0.035407262,-9.26851806e-10,-7.89366559e-14,0.0154575412,-1.57995329e-15,3.22013721e-15,8.06462011e-13,0.394989355,0.394989356,1,0.000349793686,-0.0014731068,-0.0115148395,0.000673087789
84.8,object_red_01,RED,0.00144270619,-0.250124321,0.0360250427,-1.80160779e-09,-2.97664095e-13,0.0154308544,3.69094235e-16,-2.96134281e-15,-7.81247501e-13,0.394989355,0.394989356,1,0.000349793686,-0.00147310674,-0.0115149979,0.000673061638
84.84,object_red_01,RED,0.0014427061,-0.250124321,0.0366415406,-2.67985356e-09,-3.81208421e-13,0.01539445,3.67167508e-16,7.99600849e-17,-9.01658881e-14,0.394989355,0.394989356,1,0.000349793686,-0.00147310665,-0.0115152213,0.000673024829
84.88,object_red_01,RED,0.00144270598,-0.250124321,0.0372563595,-3.55405073e-09,-4.92489033e-13,0.0153480549,5.84739438e-17,1.80691122e-15,1.16183896e-13,0.394989355,0.394989356,1,0.000349793686,-0.00147310653,-0.0115155095,0.000672977441
84.92,object_red_01,RED,0.00144270582,-0.250124321,0.0378691026,-4.43365557e-09,-5.27044855e-13,0.0152911961,-2.78897445e-15,6.88364773e-15,1.66292835e-12,0.394989355,0.394989356,1,0.000349793686,-0.00147310637,-0.0115158634,0.00067291941
84.96,object_red_01,RED,0.00144270562,-0.250124321,0.0384793868,-5.25689829e-09,-1.18834216e-12,0.0152240771,6.41766323e-15,-3.27016373e-14,-7.40451971e-12,0.394989355,0.394989356,1,0.000349793686,-0.00147310617,-0.0115162798,0.000672851345
85,object_red_01,RED,0.00144270539,-0.250124321,0.0390867931,-6.15316437e-09,-9.80319341e-13,0.0151481113,1.80633436e-15,-8.39026537e-15,-1.7944868e-12,0.394989355,0.394989356,1,0.000349793686,-0.00147310594,-0.0115167628,0.000672772707
85.04,object_red_01,RED,0.00144270513,-0.250124321,0.0396909617,-6.99579436e-09,-1.08936945e-12,0.0150619718,1.54478424e-15,-7.24122433e-15,-1.66992627e-12,0.394989355,0.394989356,1,0.000349793686,-0.00147310568,-0.0115173082,0.000672684314
85.08,object_red_01,RED,0.00144270483,-0.250124321,0.0402914975,-7.84669485e-09,-1.21952189e-12,0.0149669351,1.48443351e-15,-8.41592889e-15,-1.80777202e-12,0.394989355,0.394989356,1,0.000349793686,-0.00147310538,-0.0115179148,0.000672586503
85.12,object_red_01,RED,0.0014427045,-0.250124321,0.0408880175,-8.71573485e-09,-6.90068195e-13,0.0148623131,-6.98964908e-15,3.87595018e-14,9.00924955e-12,0.394989355,0.394989356,1,0.000349793686,-0.00147310505,-0.0115185864,0.000672478832
85.16,object_red_01,RED,0.00144270413,-0.250124321,0.0414801541,-9.51283072e-09,-1.64847722e-12,0.0147489906,3.74464744e-15,-1.97661865e-14,-5.08666141e-12,0.394989355,0.394989356,1,0.000349793686,-0.00147310468,-0.0115193129,0.000672363089
85.2,object_red_01,RED,0.00144270374,-0.250124321,0.0420675225,-1.03413794e-08,-1.55682547e-12,0.0146255487,2.2233517e-15,-5.78600797e-15,-1.55546198e-12,0.394989355,0.394989356,1,0.000349793686,-0.00147310429,-0.0115201038,0.000672237955
85.24,object_red_01,RED,0.0014427033,-0.250124321,0.0426497594,-1.11554004e-08,-1.63313048e-12,0.0144934429,1.16530617e-15,-2.87978704e-15,-8.82530755e-13,0.394989355,0.394989356,1,0.000349793686,-0.00147310385,-0.0115209539,0.000672104453
85.28,object_red_01,RED,0.00144270284,-0.250124321,0.0432264944,-1.19872642e-08,-1.45598226e-12,0.0143501713,-2.94252722e-15,1.78622459e-14,4.06014207e-12,0.394989355,0.394989356,1,0.000349793686,-0.00147310339,-0.0115218684,0.000671962028
85.32,object_red_01,RED,0.00144270235,-0.250124321,0.0437973946,-1.27200448e-08,-2.31086881e-12,0.0142024295,7.78180186e-15,-3.60226665e-14,-8.51909643e-12,0.394989356,0.394989356,1,0.000349793686,-0.0014731029,-0.0115228286,0.000671813761
85.36,object_red_01,RED,0.00144270182,-0.250124321,0.0443620575,-1.35549479e-08,-1.75832228e-12,0.014040139,-2.2926729e-15,1.20623412e-14,2.76248366e-12,0.394989356,0.394989356,1,0.000349793686,-0.00147310237,-0.011523864,0.000671655408
85.4,object_red_01,RED,0.00144270126,-0.250124321,0.0449202123,-1.42337065e-08,-2.75830785e-12,0.0138749752,1.0405815e-14,-5.34180263e-14,-1.23837092e-11,0.394989356,0.394989356,1,0.000349793686,-0.00147310181,-0.0115249358,0.000671493124
85.44,object_red_01,RED,0.00144270068,-0.250124321,0.0454714305,-1.50536456e-08,-2.22954561e-12,0.0136984061,2.04807846e-15,-7.15234945e-15,-1.5483797e-12,0.394989356,0.394989356,1,0.000349793686,-0.00147310123,-0.0115260789,0.000671321882
85.48,object_red_01,RED,0.00144270006,-0.250124321,0.0460154728,-1.57026435e-08,-3.13375345e-12,0.0135139273,1.22113667e-14,-6.47715974e-14,-1.51315514e-11,0.394989356,0.394989356,1,0.000349793686,-0.00147310061,-0.011527264,0.000671146354
85.52,object_red_01,RED,0.00144269941,-0.250124321,0.0465519204,-1.64937741e-08,-2.52659399e-12,0.0133203626,3.1294153e-15,-1.42229268e-14,-3.07328551e-12,0.394989356,0.394989356,1,0.000349793686,-0.00147309997,-0.0115285155,0.000670963214
85.56,object_red_01,RED,0.00144269874,-0.250124321,0.0470805292,-1.71604793e-08,-2.81840381e-12,0.0131192795,5.00852264e-15,-2.83882773e-14,-6.45278218e-12,0.394989356,0.394989356,1,0.000349793686,-0.00147309929,-0.0115298117,0.000670775941
85.6,object_red_01,RED,0.00144269804,-0.250124321,0.0476009617,-1.78571214e-08,-2.64639467e-12,0.0129105169,1.77068991e-15,-5.95395474e-15,-1.90809841e-12,0.394989356,0.394989356,1,0.000349793686,-0.00147309859,-0.0115311597,0.000670583791
85.64,object_red_01,RED,0.00144269731,-0.250124321,0.0481129448,-1.84974749e-08,-3.0196294e-12,0.0126994678,5.44972224e-15,-2.73009946e-14,-6.60805483e-12,0.394989356,0.394989356,1,0.000349793686,-0.00147309786,-0.011532543,0.000670389342
85.68,object_red_01,RED,0.00144269656,-0.250124321,0.0486161293,-1.91984795e-08,-2.74660754e-12,0.0124734923,-2.38368409e-16,-8.92072432e-16,-3.32423864e-13,0.394989356,0.394989356,1,0.000349793686,-0.00147309711,-0.0115339944,0.000670188354
85.72,object_red_01,RED,0.00144269578,-0.250124321,0.0491102905,-1.97823018e-08,-3.0881049e-12,0.0122455363,3.7833587e-15,-2.1255814e-14,-4.80014103e-12,0.394989356,0.394989356,1,0.000349793686,-0.00147309633,-0.011535479,0.000669985951
85.76,object_red_01,RED,0.00144269497,-0.250124321,0.0495951333,-2.04582668e-08,-2.00083177e-12,0.0120103826,-1.2778742e-14,6.30075985e-14,1.50387326e-11,0.394989356,0.394989356,1,0.000349793686,-0.00147309553,-0.0115370102,0.000669780581
85.8,object_red_01,RED,0.00144269415,-0.250124321,0.0500704099,-2.09456829e-08,-3.52373746e-12,0.0117674531,7.71726755e-15,-3.99635963e-14,-9.34345286e-12,0.394989356,0.394989356,1,0.000349793686,-0.0014730947,-0.0115385804,0.000669573542
85.84,object_red_01,RED,0.0014426933,-0.250124321,0.0505358464,-2.15192623e-08,-3.02008263e-12,0.0115168307,-3.23700323e-16,2.52893557e-15,4.92256792e-13,0.394989356,0.394989356,1,0.000349793686,-0.00147309385,-0.0115401994,0.000669363858
85.88,object_red_01,RED,0.00144269242,-0.250124321,0.0509912177,-2.20425835e-08,-3.48175228e-12,0.0112617866,4.77252927e-15,-2.63053063e-14,-5.98999568e-12,0.394989356,0.394989356,1,0.000349793686,-0.00147309298,-0.011541852,0.000669153797
85.92,object_red_01,RED,0.00144269153,-0.250124321,0.0514362992,-2.25191574e-08,-3.89470599e-12,0.0110008048,9.88185446e-15,-4.96694354e-14,-1.16727002e-11,0.394989356,0.394989356,1,0.000349793686,-0.00147309208,-0.0115435415,0.000668943194
85.96,object_red_01,RED,0.00144269062,-0.250124321,0.0518708506,-2.30417609e-08,-3.59166426e-12,0.0107363654,4.4474168e-15,-2.24428201e-14,-5.4137626e-12,0.394989356,0.394989356,1,0.000349793686,-0.00147309117,-0.0115452669,0.000668732465
86,object_red_01,RED,0.00144268969,-0.250124321,0.0522946942,-2.3493422e-08,-3.5163197e-12,0.0104672528,2.80695607e-15,-1.37841092e-14,-3.15636336e-12,0.394989356,0.394989356,1,0.000349793686,-0.00147309024,-0.011547023,0.000668522476
86.04,object_red_01,RED,0.00144268874,-0.250124321,0.0527076227,-2.39837819e-08,-2.23000554e-12,0.0101935228,-1.60013584e-14,8.29527813e-14,1.9336214e-11,0.394989356,0.394989356,1,0.000349793686,-0.00147308929,-0.0115488142,0.000668312972
86.08,object_red_01,RED,0.00144268777,-0.250124321,0.0531094697,-2.4311273e-08,-4.22582706e-12,0.00991463641,1.16316968e-14,-5.53176563e-14,-1.31260805e-11,0.394989356,0.394989356,1,0.000349793686,-0.00147308833,-0.0115506244,0.000668106057
86.12,object_red_01,RED,0.00144268679,-0.250124321,0.0535000569,-2.46869035e-08,-3.70843057e-12,0.00963237987,2.83163167e-15,-1.44893797e-14,-3.48908654e-12,0.394989356,0.394989356,1,0.000349793686,-0.00147308735,-0.0115524657,0.000667900554
86.16,object_red_01,RED,0.0014426858,-0.250124321,0.0538792215,-2.51003564e-08,-3.14034771e-12,0.00934276599,-6.34826254e-15,3.09525073e-14,7.07913404e-12,0.394989356,0.394989356,1,0.000349793686,-0.00147308635,-0.0115543399,0.000667696538
86.2,object_red_01,RED,0.00144268479,-0.250124321,0.0542468409,-2.53293283e-08,-4.23044108e-12,0.00905088046,9.0854339e-15,-4.63337974e-14,-1.07796413e-11,0.394989356,0.394989356,1,0.000349793686,-0.00147308534,-0.0115562332,0.000667495715
86.24,object_red_01,RED,0.00144268377,-0.250124321,0.0546027985,-2.56084297e-08,-3.95850012e-12,0.00876043602,4.15219069e-15,-2.2903595e-14,-5.4316271e-12,0.394989356,0.394989356,1,0.000349793686,-0.00147308432,-0.0115581374,0.000667299085
86.28,object_red_01,RED,0.00144268274,-0.250124321,0.0549469525,-2.58893248e-08,-3.88652541e-12,0.00846283554,3.68642224e-15,-1.49657696e-14,-3.53592197e-12,0.394989356,0.394989356,1,0.000349793686,-0.00147308329,-0.0115600707,0.000667104965
86.32,object_red_01,RED,0.0014426817,-0.250124321,0.0552792396,-2.60793695e-08,-4.13151388e-12,0.00816722662,5.61456785e-15,-3.11563924e-14,-7.29416709e-12,0.394989356,0.394989356,1,0.000349793686,-0.00147308225,-0.0115620094,0.000666915862
86.36,object_red_01,RED,0.00144268066,-0.250124321,0.0555995699,-2.62664381e-08,-3.85392796e-12,0.00786756511,1.778387e-15,-1.01798192e-14,-2.17683514e-12,0.394989356,0.394989356,1,0.000349793686,-0.00147308121,-0.0115639642,0.000666730843
86.4,object_red_01,RED,0.0014426796,-0.250124321,0.0559078742,-2.64887783e-08,-2.40288012e-12,0.0075653868,-1.91510686e-14,9.71340021e-14,2.2458468e-11,0.394989356,0.394989356,1,0.000349793686,-0.00147308015,-0.0115659351,0.000666550051
86.44,object_red_01,RED,0.00144267854,-0.250124321,0.0562041229,-2.64935127e-08,-4.75343301e-12,0.00726236381,1.41393933e-14,-6.9951361e-14,-1.67179748e-11,0.394989356,0.394989356,1,0.000349793686,-0.00147307909,-0.0115679022,0.000666375365
86.48,object_red_01,RED,0.00144267748,-0.250124321,0.0564882651,-2.65793951e-08,-4.06076237e-12,0.00695846522,4.36659612e-15,-2.10506384e-14,-4.82258896e-12,0.394989356,0.394989356,1,0.000349793686,-0.00147307803,-0.0115698813,0.000666205434
86.52,object_red_01,RED,0.00144267642,-0.250124321,0.0567603026,-2.65990738e-08,-4.30611263e-12,0.00665509547,7.37751687e-15,-3.82921791e-14,-8.89286052e-12,0.394989356,0.394989356,1,0.000349793686,-0.00147307697,-0.0115718594,0.000666041424
86.56,object_red_01,RED,0.00144267535,-0.250124321,0.0570202298,-2.66113577e-08,-4.22561963e-12,0.00635340915,6.52271034e-15,-3.33440154e-14,-7.5330202e-12,0.394989356,0.394989356,1,0.000349793686,-0.0014730759,-0.0115738352,0.000665883424
86.6,object_red_01,RED,0.00144267429,-0.250124321,0.0572680796,-2.65786226e-08,-4.00784283e-12,0.00605350634,3.26005598e-15,-1.73224193e-14,-4.0027593e-12,0.394989356,0.394989356,1,0.000349793686,-0.00147307484,-0.0115758046,0.000665731731
86.64,object_red_01,RED,0.00144267323,-0.250124321,0.0575038941,-2.64768713e-08,-4.26211331e-12,0.00575463065,7.3731173e-15,-3.71438056e-14,-8.47976837e-12,0.394989356,0.394989356,1,0.000349793686,-0.00147307378,-0.0115777649,0.000665586488
86.68,object_red_01,RED,0.00144267217,-0.250124321,0.05772772,-2.63637274e-08,-4.20262806e-12,0.00545575788,6.45332854e-15,-3.34620243e-14,-7.70728591e-12,0.394989356,0.394989356,1,0.000349793686,-0.00147307272,-0.0115797182,0.000665447475
86.72,object_red_01,RED,0.00144267112,-0.250124321,0.0579396446,-2.61787836e-08,-4.04761267e-12,0.0051561852,4.57937918e-15,-2.3989734e-14,-5.62017573e-12,0.394989356,0.394989356,1,0.000349793686,-0.00147307167,-0.0115816655,0.000665314578
86.76,object_red_01,RED,0.00144267008,-0.250124321,0.0581397602,-2.59686989e-08,-4.60496102e-12,0.00486257164,1.3279646e-14,-6.55369669e-14,-1.53643441e-11,0.394989356,0.394989356,1,0.000349793686,-0.00147307063,-0.0115835866,0.000665189015
86.8,object_red_01,RED,0.00144266904,-0.250124321,0.0583281852,-2.57251694e-08,-4.28554874e-12,0.00457135751,1.01602223e-14,-4.67159814e-14,-1.05359647e-11,0.394989356,0.394989356,1,0.000349793686,-0.00147306959,-0.011585492,0.00066506994
86.84,object_red_01,RED,0.00144266802,-0.250124321,0.0585050615,-2.54434557e-08,-3.9534574e-12,0.00428445005,5.14657446e-15,-2.37769251e-14,-5.65545213e-12,0.394989356,0.394989356,1,0.000349793686,-0.00147306857,-0.0115873738,0.000664957679
86.88,object_red_01,RED,0.00144266701,-0.250124321,0.0586705533,-2.50879537e-08,-4.11062211e-12,0.00400263183,7.30286417e-15,-3.79969505e-14,-9.15485338e-12,0.394989356,0.394989356,1,0.000349793686,-0.00147306756,-0.0115892257,0.000664852377
86.92,object_red_01,RED,0.00144266601,-0.250124321,0.0588248327,-2.47113614e-08,-4.02305931e-12,0.00372731437,6.60153066e-15,-3.72988175e-14,-8.58026647e-12,0.394989356,0.394989356,1,0.000349793686,-0.00147306657,-0.0115910443,0.000664753966
86.96,object_red_01,RED,0.00144266503,-0.250124321,0.058968135,-2.42088979e-08,-4.79058157e-12,0.00345540038,1.90651321e-14,-9.64448677e-14,-2.24456294e-11,0.394989356,0.394989356,1,0.000349793686,-0.00147306559,-0.011592824,0.000664662463
87,object_red_01,RED,0.00144266407,-0.250124321,0.0591005819,-2.38188265e-08,-4.0502808e-12,0.00318678235,8.94221673e-15,-4.66478661e-14,-1.10465202e-11,0.394989356,0.394989356,1,0.000349793686,-0.00147306462,-0.0115945874,0.000664576495
87.04,object_red_01,RED,0.00144266313,-0.250124321,0.0592225158,-2.3249802e-08,-4.09839941e-12,0.00292502545,1.20966246e-14,-5.72514226e-14,-1.33050238e-11,0.394989356,0.394989356,1,0.000349793686,-0.00147306368,-0.0115963015,0.000664497397
87.08,object_red_01,RED,0.00144266221,-0.250124321,0.0593341716,-2.26869964e-08,-3.61456705e-12,0.00267049279,5.12838469e-15,-2.76235017e-14,-6.47810904e-12,0.394989356,0.394989356,1,0.000349793686,-0.00147306277,-0.011597972,0.00066442456
87.12,object_red_01,RED,0.00144266132,-0.250124321,0.0594358464,-2.2043441e-08,-3.7254145e-12,0.00242394971,8.00639931e-15,-4.1640801e-14,-9.87763815e-12,0.394989356,0.394989356,1,0.000349793686,-0.00147306187,-0.0115995924,0.000664357905
87.16,object_red_01,RED,0.00144266045,-0.250124321,0.0595278473,-2.13677724e-08,-3.69387521e-12,0.00218685652,8.92683973e-15,-4.71011305e-14,-1.09524926e-11,0.394989356,0.394989356,1,0.000349793686,-0.001473061,-0.0116011585,0.000664297231
87.2,object_red_01,RED,0.00144265961,-0.250124321,0.059610515,-2.06487274e-08,-3.37718593e-12,0.0019592972,6.68151437e-15,-3.2438709e-14,-7.34521589e-12,0.394989356,0.394989356,1,0.000349793686,-0.00147306016,-0.0116026675,0.000664242252
87.24,object_red_01,RED,0.0014426588,-0.250124321,0.0596842125,-1.98526031e-08,-3.36632338e-12,0.00174004982,7.94489255e-15,-3.7301704e-14,-9.05934464e-12,0.394989356,0.394989356,1,0.000349793686,-0.00147305936,-0.0116041173,0.000664192652
87.28,object_red_01,RED,0.00144265803,-0.250124321,0.0597493208,-1.90124364e-08,-3.34841246e-12,0.00153003035,9.46092353e-15,-4.53358657e-14,-1.07240266e-11,0.394989356,0.394989356,1,0.000349793686,-0.00147305858,-0.0116055039,0.000664148172
87.32,object_red_01,RED,0.00144265728,-0.250124321,0.0598062475,-1.81261508e-08,-3.10591456e-12,0.00132961225,7.11476163e-15,-3.65825513e-14,-8.74980371e-12,0.394989356,0.394989356,1,0.000349793686,-0.00147305784,-0.0116068257,0.00066410846
87.36,object_red_01,RED,0.00144265658,-0.250124321,0.0598554358,-1.71664775e-08,-3.07820549e-12,0.00114053158,8.89437622e-15,-4.58039695e-14,-1.05632653e-11,0.394989356,0.394989356,1,0.000349793686,-0.00147305713,-0.0116080748,0.000664073346
87.4,object_red_01,RED,0.00144265591,-0.250124321,0.0598973431,-1.61593281e-08,-3.03726017e-12,0.000963956603,1.03917094e-14,-5.33767477e-14,-1.2213611e-11,0.394989356,0.394989356,1,0.000349793686,-0.00147305647,-0.0116092463,0.000664042539
87.44,object_red_01,RED,0.00144265529,-0.250124321,0.0599324566,-1.51072405e-08,-2.73609028e-12,0.000800371902,8.07995979e-15,-4.21110157e-14,-9.67966675e-12,0.394989356,0.394989356,1,0.000349793686,-0.00147305584,-0.0116103374,0.000664015703
87.48,object_red_01,RED,0.00144265471,-0.250124321,0.0599612955,-1.39817953e-08,-2.60742781e-12,0.000650296492,9.10253636e-15,-4.37351262e-14,-1.0228986e-11,0.394989356,0.394989356,1,0.000349793686,-0.00147305526,-0.0116113422,0.000663992566
87.52,object_red_01,RED,0.00144265417,-0.250124321,0.0599843976,-1.28028277e-08,-2.50550638e-12,0.000514807591,9.48648641e-15,-4.69381858e-14,-1.12778034e-11,0.394989356,0.394989356,1,0.000349793686,-0.00147305473,-0.0116122558,0.000663972843
87.56,object_red_01,RED,0.00144265369,-0.250124321,0.0600023269,-1.15706773e-08,-2.24937031e-12,0.000392122029,8.10759175e-15,-4.12095185e-14,-9.87399824e-12,0.394989356,0.394989356,1,0.000349793686,-0.00147305424,-0.0116130791,0.00066395614
87.6,object_red_01,RED,0.00144265325,-0.250124321,0.0600156828,-1.02665012e-08,-2.10929526e-12,0.00028452127,8.98537541e-15,-4.40840724e-14,-1.06239411e-11,0.394989356,0.394989356,1,0.000349793686,-0.0014730538,-0.0116138043,0.000663942265
87.64,object_red_01,RED,0.00144265287,-0.250124321,0.0600250873,-8.9027619e-09,-2.01058933e-12,0.000193049822,1.04083504e-14,-5.04067607e-14,-1.21792623e-11,0.394989356,0.394989356,1,0.000349793686,-0.00147305342,-0.0116144261,0.000663930991
87.68,object_red_01,RED,0.00144265254,-0.250124321,0.0600311903,-7.48473663e-09,-1.75570858e-12,0.00011831223,9.50521371e-15,-4.61324016e-14,-1.12426995e-11,0.394989356,0.394989356,1,0.000349793686,-0.0014730531,-0.0116149411,0.000663922086
87.72,object_red_01,RED,0.00144265227,-0.250124321,0.0600346757,-5.99764242e-09,-1.5576967e-12,6.11304567e-05,1.01552963e-14,-4.93957813e-14,-1.14660953e-11,0.394989356,0.394989356,1,0.000349793686,-0.00147305283,-0.0116153433,0.000663915394
87.76,object_red_01,RED,0.00144265207,-0.250124321,0.0600362518,-4.44755451e-09,-1.37732452e-12,2.22458895e-05,1.0045317e-14,-5.11836464e-14,-1.21052738e-11,0.394989356,0.394989356,1,0.000349793686,-0.00147305262,-0.0116156279,0.000663910788
87.8,object_red_01,RED,0.00144265192,-0.250124321,0.0600366569,-2.83555e-09,-1.13013811e-12,2.13517589e-06,9.629587e-15,-5.10477741e-14,-1.17625486e-11,0.394989356,0.394989356,1,0.000349793686,-0.00147305248,-0.011615791,0.000663908179
87.84,object_red_01,RED,0.00144265184,-0.250124321,0.0600366501,-1.1714356e-09,-7.08708496e-13,-1.1167198e-07,7.63350524e-15,-3.75533271e-14,-8.66787942e-12,0.394989356,0.394989356,1,0.000349793686,-0.0014730524,-0.0116158326,0.000663907479
87.88,object_red_01,RED,0.00144265182,-0.250124321,0.0600366503,-8.85685512e-11,-3.41893232e-09,-8.07377273e-09,1.03496949e-13,-5.25948188e-13,-1.22669161e-10,0.394989356,0.394989356,1,0.000349793677,-0.00147305238,-0.0116158327,0.000663907455
87.92,object_red_01,RED,0.00144265188,-0.250124323,0.0600366503,3.90867591e-09,-1.49194317e-07,-2.76759163e-10,-4.2608643e-12,2.13761224e-11,5.00052017e-09,0.394989358,0.394989355,1,0.00034979318,-0.00147305238,-0.0116158327,0.000663907461
87.96,object_red_01,RED,0.0014426523,-0.250124339,0.0600366503,1.86223713e-08,-6.92091321e-07,2.24189042e-12,-4.3082496e-11,2.16179805e-10,5.05717383e-08,0.394989361,0.394989353,1,0.000349791066,-0.0014730524,-0.0116158327,0.000663907493
88,object_red_01,RED,0.00144265357,-0.250124387,0.0600366503,4.51250038e-08,-1.76073787e-06,6.99182789e-13,-1.25731688e-10,6.30908408e-10,1.4759105e-07,0.394989363,0.394989351,1,0.000349786662,-0.00147305244,-0.0116158327,0.000663907556
88.04,object_red_01,RED,0.00144265609,-0.25012449,0.0600366503,8.02324568e-08,-3.40472481e-06,3.04677305e-14,-2.38118175e-10,1.19484788e-09,2.79515955e-07,0.394989365,0.39498935,1,0.000349779693,-0.00147305249,-0.0116158327,0.000663907648
88.08,object_red_01,RED,0.00144266013,-0.250124672,0.0600366503,1.20844165e-07,-5.64419535e-06,4.50533461e-16,-3.64853773e-10,1.83079199e-09,4.28284569e-07,0.394989366,0.39498935,1,0.00034977005,-0.00147305256,-0.0116158327,0.000663907765
88.12,object_red_01,RED,0.00144266589,-0.250124955,0.0600366503,1.6515088e-07,-8.48479093e-06,7.96707295e-16,-4.96500748e-10,2.49137992e-09,5.82818913e-07,0.394989367,0.394989349,1,0.000349757702,-0.00147305263,-0.0116158327,0.000663907903
88.16,object_red_01,RED,0.00144267348,-0.250125365,0.0600366503,2.12398983e-07,-1.19250191e-05,6.68230409e-16,-6.29340358e-10,3.15795375e-09,7.3875324e-07,0.394989367,0.394989349,1,0.000349742647,-0.00147305271,-0.0116158327,0.000663908062
88.2,object_red_01,RED,0.00144268302,-0.250125925,0.0600366503,2.62474305e-07,-1.59674419e-05,5.32615917e-16,-7.61676956e-10,3.82200202e-09,8.94096771e-07,0.394989368,0.394989348,1,0.000349724884,-0.00147305279,-0.0116158327,0.000663908241
88.24,object_red_01,RED,0.00144269461,-0.250126659,0.0600366503,3.15300705e-07,-2.0606224e-05,4.79083881e-16,-8.93975588e-10,4.4858611e-09,1.04939607e-06,0.394989368,0.394989347,1,0.000349704425,-0.00147305288,-0.0116158327,0.000663908441
88.28,object_red_01,RED,0.00144270838,-0.250127591,0.0600366503,3.70863461e-07,-2.58402157e-05,8.57376936e-16,-1.02554011e-09,5.14603781e-09,1.20383398e-06,0.394989368,0.394989347,1,0.000349681282,-0.00147305298,-0.0116158327,0.00066390866
88.32,object_red_01,RED,0.00144272443,-0.250128745,0.0600366503,4.29116537e-07,-3.16654441e-05,7.43175259e-16,-1.15634393e-09,5.80239437e-09,1.35737796e-06,0.394989369,0.394989346,1,0.000349655473,-0.00147305308,-0.0116158327,0.000663908901
88.36,object_red_01,RED,0.00144274287,-0.250130144,0.0600366503,4.90027975e-07,-3.80776753e-05,5.79010348e-16,-1.28671991e-09,6.4566044e-09,1.51042029e-06,0.394989369,0.394989345,1,0.000349627011,-0.00147305318,-0.0116158327,0.000663909161
88.4,object_red_01,RED,0.0014427638,-0.250131813,0.0600366503,5.53740215e-07,-4.50817465e-05,5.076343e-16,-1.41628189e-09,7.10673556e-09,1.66250788e-06,0.394989369,0.394989344,1,0.00034959589,-0.00147305329,-0.0116158327,0.000663909444
88.44,object_red_01,RED,0.00144278733,-0.250133773,0.0600366503,6.19967093e-07,-5.26638954e-05,8.96633763e-16,-1.54565724e-09,7.75591787e-09,1.81437417e-06,0.394989369,0.394989343,1,0.000349562148,-0.0014730534,-0.0116158327,0.000663909747
88.48,object_red_01,RED,0.00144281357,-0.250136049,0.0600366503,6.88794403e-07,-6.08285343e-05,7.71725678e-16,-1.67380988e-09,8.39897619e-09,1.96480727e-06,0.394989369,0.394989342,1,0.000349525787,-0.00147305352,-0.0116158327,0.000663910071
88.52,object_red_01,RED,0.00144284261,-0.250138664,0.0600366503,7.60111883e-07,-6.95678175e-05,5.86147953e-16,-1.80146978e-09,9.03955503e-09,2.11466046e-06,0.394989369,0.394989341,1,0.000349486827,-0.00147305364,-0.0116158327,0.000663910417
88.56,object_red_01,RED,0.00144287456,-0.25014164,0.0600366503,8.34018427e-07,-7.88839973e-05,5.14771905e-16,-1.92884488e-09,9.67871467e-09,2.26418162e-06,0.394989368,0.39498934,1,0.000349445264,-0.00147305377,-0.0116158327,0.000663910785
88.6,object_red_01,RED,0.00144290951,-0.250145002,0.0600366503,9.10383548e-07,-8.87730071e-05,4.21983042e-16,-2.055326e-09,1.03133788e-08,2.41265175e-06,0.394989368,0.394989338,1,0.000349401121,-0.0014730539,-0.0116158327,0.000663911176
88.64,object_red_01,RED,0.00144294757,-0.25014877,0.0600366503,9.88999047e-07,-9.92250623e-05,8.46670529e-16,-2.18134948e-09,1.09457477e-08,2.56058408e-06,0.394989367,0.394989337,1,0.000349354425,-0.00147305404,-0.0116158327,0.000663911589
88.68,object_red_01,RED,0.00144298882,-0.250152969,0.0600366503,1.07003433e-06,-0.000110247684,6.89643223e-16,-2.30600657e-09,1.15712621e-08,2.70691312e-06,0.394989367,0.394989335,1,0.000349305168,-0.00147305418,-0.0116158327,0.000663912025
88.72,object_red_01,RED,0.00144303337,-0.25015762,0.0600366503,1.15333832e-06,-0.000121830685,5.46891127e-16,-2.43087574e-09,1.21978404e-08,2.85349134e-06,0.394989366,0.394989334,1,0.000349253369,-0.00147305433,-0.0116158327,0.000663912485
88.76,object_red_01,RED,0.00144308129,-0.250162746,0.0600366503,1.23885963e-06,-0.000133974499,4.64808671e-16,-2.55514854e-09,1.28214293e-08,2.99937011e-06,0.394989365,0.394989333,1,0.00034919904,-0.00147305448,-0.0116158327,0.000663912968
88.8,object_red_01,RED,0.00144313268,-0.25016837,0.0600366503,1.32643032e-06,-0.000146674289,8.60945739e-16,-2.67822136e-09,1.34389867e-08,3.14383785e-06,0.394989365,0.394989331,1,0.000349142202,-0.00147305463,-0.0116158327,0.000663913476
88.84,object_red_01,RED,0.00144318761,-0.250174514,0.0600366503,1.4159422e-06,-0.000159922998,7.71725678e-16,-2.80106225e-09,1.40553888e-08,3.28803517e-06,0.394989363,0.394989329,1,0.000349082872,-0.00147305479,-0.0116158327,0.000663914008
88.88,object_red_01,RED,0.00144324616,-0.250181199,0.0600366503,1.5076534e-06,-0.00017373341,6.07560768e-16,-2.92262106e-09,1.46653569e-08,3.43072766e-06,0.394989363,0.394989327,1,0.000349021029,-0.00147305495,-0.0116158327,0.000663914565
88.92,object_red_01,RED,0.00144330843,-0.250188447,0.0600366503,1.60108451e-06,-0.000188083674,5.076343e-16,-3.0448055e-09,1.52784648e-08,3.57415459e-06,0.394989361,0.394989326,1,0.00034895672,-0.00147305511,-0.0116158327,0.000663915148
88.96,object_red_01,RED,0.00144337446,-0.250196282,0.0600366503,1.6962676e-06,-0.000202981963,8.53808134e-16,-3.16532272e-09,1.58832089e-08,3.71562478e-06,0.39498936,0.394989324,1,0.000348889947,-0.00147305528,-0.0116158327,0.000663915757
89,object_red_01,RED,0.00144344434,-0.250204724,0.0600366503,1.79302109e-06,-0.000218418843,7.96707295e-16,-3.28525668e-09,1.64850185e-08,3.85640842e-06,0.394989359,0.394989321,1,0.000348820733,-0.00147305545,-0.0116158327,0.000663916392
89.04,object_red_01,RED,0.00144351812,-0.250213794,0.0600366503,1.89139899e-06,-0.000234396428,6.32542384e-16,-3.4050419e-09,1.70860884e-08,3.99701915e-06,0.394989357,0.39498932,1,0.000348749071,-0.00147305563,-0.0116158327,0.000663917053
89.08,object_red_01,RED,0.00144359587,-0.250223515,0.0600366503,1.99133496e-06,-0.000250915973,5.46891127e-16,-3.52408965e-09,1.76834558e-08,4.13676401e-06,0.394989356,0.394989317,1,0.000348674967,-0.0014730558,-0.0116158327,0.000663917743
89.12,object_red_01,RED,0.00144367764,-0.250233908,0.0600366503,2.09231555e-06,-0.000267959037,4.71946276e-16,-3.64280038e-09,1.82791313e-08,4.27611297e-06,0.394989354,0.394989316,1,0.000348598473,-0.00147305598,-0.0116158327,0.00066391846
89.16,object_red_01,RED,0.00144376348,-0.250244994,0.0600366503,2.19456965e-06,-0.00028553933,7.64588074e-16,-3.75973388e-09,1.88658893e-08,4.41337606e-06,0.394989352,0.394989313,1,0.000348519568,-0.00147305616,-0.0116158327,0.000663919205
89.2,object_red_01,RED,0.00144385342,-0.250256794,0.0600366503,2.2978219e-06,-0.000303642961,7.57450469e-16,-3.87692031e-09,1.94539144e-08,4.55093481e-06,0.394989351,0.394989311,1,0.000348438278,-0.00147305635,-0.0116158327,0.000663919979
89.24,object_red_01,RED,0.00144394752,-0.250269329,0.0600366503,2.40207369e-06,-0.000322274087,6.07560768e-16,-3.99415705e-09,2.00422012e-08,4.68855492e-06,0.394989348,0.394989309,1,0.000348354596,-0.00147305653,-0.0116158327,0.000663920783
89.28,object_red_01,RED,0.00144404581,-0.25028262,0.0600366503,2.50696333e-06,-0.000341426328,4.89790288e-16,-4.10977693e-09,2.06223612e-08,4.82427439e-06,0.394989347,0.394989306,1,0.000348268558,-0.00147305672,-0.0116158327,0.000663921617
89.32,object_red_01,RED,0.0014441483,-0.250296689,0.0600366503,2.61225264e-06,-0.000361089073,8.32395319e-16,-4.22528556e-09,2.12019713e-08,4.9598649e-06,0.394989344,0.394989305,1,0.000348180185,-0.00147305691,-0.0116158327,0.00066392248
89.36,object_red_01,RED,0.00144425501,-0.250311554,0.0600366503,2.71823261e-06,-0.000381280509,7.68156876e-16,-4.33899095e-09,2.17725328e-08,5.09333882e-06,0.394989342,0.394989302,1,0.000348089446,-0.00147305709,-0.0116158327,0.000663923376
89.4,object_red_01,RED,0.00144436597,-0.250327238,0.0600366503,2.82437559e-06,-0.000401976378,6.5102801e-17,-4.45425035e-09,2.23508868e-08,5.22863579e-06,0.39498934,0.394989299,1,0.000347996382,-0.00147305728,-0.0116158327,0.000663924302
89.44,object_red_01,RED,0.00144448117,-0.250343761,0.0600366503,2.93054029e-06,-0.000423184528,5.04065498e-16,-4.56764789e-09,2.29199068e-08,5.36174894e-06,0.394989337,0.394989297,1,0.000347901004,-0.00147305747,-0.0116158327,0.000663925261
89.48,object_red_01,RED,0.00144460062,-0.250361143,0.0600366503,3.03646595e-06,-0.000444895765,1.00012903e-15,-4.68014536e-09,2.34844033e-08,5.49380374e-06,0.394989335,0.394989294,1,0.000347803335,-0.00147305766,-0.0116158327,0.000663926251
89.52,object_red_01,RED,0.0014447243,-0.250379403,0.0600366503,3.14207682e-06,-0.000467108579,8.39532924e-16,-4.79260296e-09,2.40487039e-08,5.62581268e-06,0.394989331,0.394989292,1,0.000347703374,-0.00147305785,-0.0116158327,0.000663927275
89.56,object_red_01,RED,0.0014448522,-0.250398563,0.0600366503,3.24750615e-06,-0.000489835355,7.61019271e-16,-4.90440968e-09,2.46097351e-08,5.75705752e-06,0.394989329,0.394989289,1,0.000347601096,-0.00147305804,-0.0116158327,0.000663928334
89.6,object_red_01,RED,0.00144498429,-0.250418643,0.0600366503,3.35185986e-06,-0.000513045238,6.21835977e-16,-5.01630586e-09,2.51712135e-08,5.88840627e-06,0.394989326,0.394989287,1,0.000347496583,-0.00147305822,-0.0116158327,0.000663929426
89.64,object_red_01,RED,0.00144512054,-0.250439661,0.0600366503,3.45536993e-06,-0.000536757699,4.89790288e-16,-5.12598392e-09,2.57215677e-08,6.01715294e-06,0.394989323,0.394989284,1,0.000347389805,-0.00147305841,-0.0116158327,0.000663930553
89.68,object_red_01,RED,0.00144526091,-0.250461638,0.0600366503,3.55763765e-06,-0.000560955438,8.68083344e-16,-5.2357773e-09,2.62724915e-08,6.14603291e-06,0.39498932,0.394989281,1,0.000347280796,-0.00147305859,-0.0116158327,0.000663931715
89.72,object_red_01,RED,0.00144540534,-0.250484593,0.0600366503,3.6587705e-06,-0.000585648201,7.57450469e-16,-5.34619952e-09,2.68265818e-08,6.27565354e-06,0.394989316,0.394989279,1,0.000347169523,-0.00147305877,-0.0116158327,0.000663932914
89.76,object_red_01,RED,0.00144555379,-0.250508546,0.0600366503,3.75822646e-06,-0.000610827513,6.03991965e-16,-5.45488862e-09,2.737197e-08,6.40323863e-06,0.394989313,0.394989276,1,0.000347056036,-0.00147305895,-0.0116158327,0.000663934149
89.8,object_red_01,RED,0.00144570617,-0.250533516,0.0600366503,3.85557327e-06,-0.000636477914,5.25478312e-16,-5.56350704e-09,2.79170033e-08,6.53074033e-06,0.394989309,0.394989274,1,0.000346940366,-0.00147305912,-0.0116158327,0.00066393542
89.84,object_red_01,RED,0.00144586241,-0.250559523,0.0600366503,3.95111032e-06,-0.000662621623,9.64441009e-16,-5.66987211e-09,2.84507275e-08,6.65559694e-06,0.394989306,0.39498927,1,0.000346822475,-0.00147305929,-0.0116158327,0.00066393673
89.88,object_red_01,RED,0.00144602242,-0.250586585,0.0600366503,4.04434894e-06,-0.000689235984,8.28826517e-16,-5.77826549e-09,2.89946367e-08,6.78283549e-06,0.394989302,0.394989268,1,0.00034670239,-0.00147305945,-0.0116158327,0.000663938079
89.92,object_red_01,RED,0.0014461861,-0.250614721,0.0600366503,4.13498747e-06,-0.000716325899,7.46744062e-16,-5.88521242e-09,2.95312833e-08,6.90837556e-06,0.394989298,0.394989265,1,0.00034658013,-0.00147305961,-0.0116158327,0.000663939466
89.96,object_red_01,RED,0.00144635335,-0.250643952,0.0600366503,4.22266396e-06,-0.000743883496,5.64735139e-16,-5.99072938e-09,3.00607528e-08,7.0322367e-06,0.394989294,0.394989262,1,0.000346455721,-0.00147305977,-0.0116158327,0.000663940892
90,object_red_01,RED,0.00144652405,-0.250674294,0.0600366503,4.30714958e-06,-0.00077190096,4.96927893e-16,-6.09651768e-09,3.05915851e-08,7.15641619e-06,0.394989289,0.39498926,1,0.000346329174,-0.00147305992,-0.0116158327,0.000663942358
90.04,object_red_01,RED,0.00144669806,-0.250705767,0.0600366503,4.38882966e-06,-0.000800405483,8.68083344e-16,-6.20102781e-09,3.1116008e-08,7.27909684e-06,0.394989286,0.394989256,1,0.000346200428,-0.00147306006,-0.0116158327,0.000663943867
90.08,object_red_01,RED,0.00144687526,-0.25073839,0.0600366503,4.46652488e-06,-0.0008293526,7.96707295e-16,-6.30671814e-09,3.16463487e-08,7.40316137e-06,0.394989281,0.394989254,1,0.000346069588,-0.00147306019,-0.0116158327,0.000663945416
90.12,object_red_01,RED,0.00144705548,-0.25077218,0.0600366503,4.54039799e-06,-0.00085876605,6.75368013e-16,-6.40973504e-09,3.21632736e-08,7.52408777e-06,0.394989277,0.39498925,1,0.000345936622,-0.00147306032,-0.0116158327,0.000663947007
90.16,object_red_01,RED,0.00144723857,-0.250807156,0.0600366503,4.60999682e-06,-0.000888626652,5.11203102e-16,-6.51273285e-09,3.26801022e-08,7.6449916e-06,0.394989272,0.394989247,1,0.000345801569,-0.00147306044,-0.0116158327,0.00066394864
90.2,object_red_01,RED,0.00144742436,-0.250843336,0.0600366503,4.67548079e-06,-0.000918947563,9.46596997e-16,-6.61634228e-09,3.32000034e-08,7.76661471e-06,0.394989267,0.394989245,1,0.000345664384,-0.00147306056,-0.0116158327,0.000663950317
90.24,object_red_01,RED,0.00144761268,-0.250880739,0.0600366503,4.73633865e-06,-0.000949722231,8.35964122e-16,-6.71865579e-09,3.37134037e-08,7.88671606e-06,0.394989263,0.394989241,1,0.000345525106,-0.00147306066,-0.0116158327,0.000663952039
90.28,object_red_01,RED,0.00144780331,-0.250919382,0.0600366503,4.79187086e-06,-0.000980927301,7.53881666e-16,-6.82090958e-09,3.42265015e-08,8.00674721e-06,0.394989257,0.394989239,1,0.00034538379,-0.00147306075,-0.0116158327,0.000663953804
90.32,object_red_01,RED,0.00144799607,-0.250959282,0.0600366503,4.84243874e-06,-0.00101258969,6.03991965e-16,-6.92055971e-09,3.47265308e-08,8.12372117e-06,0.394989253,0.394989235,1,0.000345240388,-0.00147306084,-0.0116158327,0.000663955615
90.36,object_red_01,RED,0.00144819073,-0.251000458,0.0600366503,4.88754996e-06,-0.00104468605,5.11203102e-16,-7.02201651e-09,3.52356273e-08,8.24281644e-06,0.394989247,0.394989232,1,0.000345094928,-0.00147306091,-0.0116158327,0.000663957471
90.4,object_red_01,RED,0.00144838708,-0.251042928,0.0600366503,4.9269823e-06,-0.0010772226,9.0734017e-16,-7.12310195e-09,3.5742863e-08,8.36147604e-06,0.394989241,0.39498923,1,0.000344947412,-0.00147306098,-0.0116158327,0.000663959375
90.44,object_red_01,RED,0.00144858488,-0.251086707,0.0600366503,4.96023496e-06,-0.00111019117,8.14551307e-16,-7.22209432e-09,3.62395958e-08,8.47767852e-06,0.394989237,0.394989226,1,0.00034479788,-0.00147306103,-0.0116158327,0.000663961326
90.48,object_red_01,RED,0.00144878387,-0.251131815,0.0600366503,4.98701158e-06,-0.00114357873,6.53955199e-16,-7.32157709e-09,3.6738789e-08,8.59445709e-06,0.39498923,0.394989224,1,0.000344646349,-0.00147306107,-0.0116158327,0.000663963325
90.52,object_red_01,RED,0.00144898381,-0.251178267,0.0600366503,5.00781579e-06,-0.00117741984,5.50459929e-16,-7.41886764e-09,3.72269809e-08,8.70866201e-06,0.394989225,0.39498922,1,0.000344492748,-0.0014730611,-0.0116158327,0.000663965374
90.56,object_red_01,RED,0.00144918443,-0.251226082,0.0600366503,5.0215584e-06,-0.00121166686,1.02511065e-15,-7.51874866e-09,3.77281733e-08,8.82590743e-06,0.394989219,0.394989217,1,0.000344337169,-0.00147306111,-0.0116158327,0.000663967472
90.6,object_red_01,RED,0.00144938546,-0.251275275,0.0600366503,5.02824744e-06,-0.00124634219,8.35964122e-16,-7.61558323e-09,3.82140753e-08,8.93957705e-06,0.394989213,0.394989214,1,0.000344179598,-0.00147306111,-0.0116158327,0.00066396962
90.64,object_red_01,RED,0.0014495866,-0.251325864,0.0600366503,5.02751037e-06,-0.00128142846,7.25331247e-16,-7.71194975e-09,3.86976318e-08,9.05269727e-06,0.394989207,0.39498921,1,0.000344020067,-0.0014730611,-0.0116158327,0.00066397182
90.68,object_red_01,RED,0.00144978756,-0.251377866,0.0600366503,5.01944399e-06,-0.00131693318,5.71872743e-16,-7.80884078e-09,3.91838203e-08,9.16643364e-06,0.3949892,0.394989208,1,0.000343858545,-0.00147306107,-0.0116158327,0.000663974071
90.72,object_red_01,RED,0.00144998803,-0.251431296,0.0600366503,5.00393334e-06,-0.00135286315,4.75515078e-16,-7.90491446e-09,3.96659055e-08,9.2792095e-06,0.394989195,0.394989204,1,0.000343695027,-0.00147306103,-0.0116158327,0.000663976377
90.76,object_red_01,RED,0.00145018772,-0.251486172,0.0600366503,4.97998484e-06,-0.00138918143,8.9306496e-16,-8.00109452e-09,4.01485229e-08,9.39211054e-06,0.394989188,0.394989202,1,0.000343529607,-0.00147306098,-0.0116158327,0.000663978736
90.8,object_red_01,RED,0.00145038627,-0.251542509,0.0600366503,4.94808859e-06,-0.00142591999,8.1812011e-16,-8.09417449e-09,4.06155907e-08,9.50137345e-06,0.394989182,0.394989198,1,0.000343362226,-0.0014730609,-0.0116158327,0.00066398115
90.84,object_red_01,RED,0.00145058338,-0.251600325,0.0600366503,4.90780716e-06,-0.00146305309,7.0034963e-16,-8.18850479e-09,4.10889272e-08,9.61210276e-06,0.394989175,0.394989194,1,0.000343192922,-0.00147306082,-0.0116158327,0.000663983619
90.88,object_red_01,RED,0.0014507787,-0.251659634,0.0600366503,4.85923137e-06,-0.00150059243,5.61166336e-16,-8.28367878e-09,4.15664996e-08,9.72382332e-06,0.394989168,0.394989192,1,0.000343021662,-0.00147306071,-0.0116158327,0.000663986146
90.92,object_red_01,RED,0.00145097189,-0.251720453,0.0600366503,4.80179103e-06,-0.00153852772,4.71946276e-16,-8.37617065e-09,4.20306121e-08,9.83239504e-06,0.394989162,0.394989188,1,0.000342848507,-0.00147306059,-0.0116158327,0.00066398873
90.96,object_red_01,RED,0.00145116259,-0.251782797,0.0600366503,4.7352141e-06,-0.00157684092,8.43101727e-16,-8.46912351e-09,4.24970376e-08,9.94150795e-06,0.394989154,0.394989185,1,0.000342673483,-0.00147306046,-0.0116158327,0.000663991373
91,object_red_01,RED,0.00145135046,-0.251846683,0.0600366503,4.66014505e-06,-0.00161556912,7.68156876e-16,-8.55896219e-09,4.29478372e-08,1.00469656e-05,0.394989148,0.394989181,1,0.000342496516,-0.0014730603,-0.0116158327,0.000663994076
91.04,object_red_01,RED,0.00145153512,-0.251912125,0.0600366503,4.57589009e-06,-0.00165466956,6.00423163e-16,-8.65251856e-09,4.34172901e-08,1.01567868e-05,0.394989141,0.394989178,1,0.00034231767,-0.00147306013,-0.0116158327,0.000663996841
91.08,object_red_01,RED,0.00145171623,-0.25197914,0.0600366503,4.48237268e-06,-0.00169415865,4.96927893e-16,-8.74300886e-09,4.38713609e-08,1.02630096e-05,0.394989133,0.394989174,1,0.000342136952,-0.00147305994,-0.0116158327,0.000663999668
91.12,object_red_01,RED,0.00145189339,-0.252047742,0.0600366503,4.37941163e-06,-0.00173402222,9.50165799e-16,-8.83224592e-09,4.43191397e-08,1.03677601e-05,0.394989127,0.39498917,1,0.00034195439,-0.00147305974,-0.0116158327,0.000664002558
91.16,object_red_01,RED,0.00145206624,-0.252117947,0.0600366503,4.26714414e-06,-0.00177425905,8.07413703e-16,-8.92193006e-09,4.4769166e-08,1.04730364e-05,0.394989118,0.394989168,1,0.000341769975,-0.00147305951,-0.0116158327,0.000664005512
91.2,object_red_01,RED,0.00145223441,-0.25218977,0.0600366503,4.14608442e-06,-0.00181489478,6.78936816e-16,-9.01062005e-09,4.52142006e-08,1.05771453e-05,0.394989112,0.394989163,1,0.000341583643,-0.00147305927,-0.0116158327,0.000664008535
91.24,object_red_01,RED,0.00145239754,-0.252263225,0.0600366503,4.01511225e-06,-0.00185587562,5.14771905e-16,-9.10013305e-09,4.56633694e-08,1.06822214e-05,0.394989104,0.39498916,1,0.000341395531,-0.00147305901,-0.0116158327,0.000664011623
91.28,object_red_01,RED,0.00145255523,-0.252338327,0.0600366503,3.87493225e-06,-0.00189723804,4.46964659e-16,-9.18581152e-09,4.60932895e-08,1.07827941e-05,0.394989097,0.394989156,1,0.000341205574,-0.00147305874,-0.0116158327,0.000664014781
91.32,object_red_01,RED,0.00145270711,-0.252415091,0.0600366503,3.72534077e-06,-0.001938954,8.46670529e-16,-9.27208074e-09,4.65261771e-08,1.08840612e-05,0.39498909,0.394989151,1,0.00034101382,-0.00147305844,-0.0116158327,0.000664018009
91.36,object_red_01,RED,0.00145285283,-0.252493532,0.0600366503,3.56693045e-06,-0.00198104258,7.43175259e-16,-9.35969542e-09,4.69658187e-08,1.09869086e-05,0.394989081,0.394989148,1,0.000340820199,-0.00147305813,-0.0116158327,0.00066402131
91.4,object_red_01,RED,0.00145299202,-0.252573664,0.0600366503,3.39931362e-06,-0.0020234911,5.9685436e-16,-9.44447876e-09,4.73912526e-08,1.1086432e-05,0.394989074,0.394989143,1,0.000340624785,-0.00147305781,-0.0116158327,0.000664024686
91.44,object_red_01,RED,0.00145312431,-0.252655501,0.0600366503,3.22234376e-06,-0.00206627514,4.89790288e-16,-9.52953087e-09,4.78180303e-08,1.11862702e-05,0.394989066,0.39498914,1,0.000340427621,-0.00147305746,-0.0116158327,0.000664028135
91.48,object_red_01,RED,0.00145324934,-0.252739057,0.0600366503,3.03699368e-06,-0.00210943332,9.18046577e-16,-9.61054044e-09,4.82245305e-08,1.12813638e-05,0.394989059,0.394989135,1,0.000340228632,-0.0014730571,-0.0116158327,0.000664031663
91.52,object_red_01,RED,0.00145336677,-0.252824347,0.0600366503,2.84316539e-06,-0.0021529306,7.93138493e-16,-9.69528751e-09,4.86497776e-08,1.13808442e-05,0.394989051,0.394989131,1,0.000340027852,-0.00147305672,-0.0116158327,0.00066403527
91.56,object_red_01,RED,0.00145347628,-0.252911384,0.0600366503,2.64100571e-06,-0.00219677629,6.64661606e-16,-9.77771213e-09,4.90633762e-08,1.14775989e-05,0.394989043,0.394989127,1,0.000339825301,-0.00147305633,-0.0116158327,0.000664038959
91.6,object_red_01,RED,0.00145357753,-0.253000181,0.0600366503,2.43065107e-06,-0.00224095964,5.32615917e-16,-9.85767837e-09,4.94646404e-08,1.15714679e-05,0.394989036,0.394989121,1,0.000339621011,-0.00147305592,-0.0116158327,0.00066404273
91.64,object_red_01,RED,0.0014536702,-0.253090754,0.0600366503,2.21250308e-06,-0.00228546913,9.60872206e-16,-9.93832215e-09,4.98692992e-08,1.16661318e-05,0.394989027,0.394989118,1,0.00033941499,-0.0014730555,-0.0116158327,0.000664046585
91.68,object_red_01,RED,0.00145375401,-0.253183114,0.0600366503,1.98787115e-06,-0.0023303504,8.10982505e-16,-1.00160958e-08,5.02595555e-08,1.17574264e-05,0.394989021,0.394989112,1,0.00033920713,-0.00147305507,-0.0116158327,0.000664050532
91.72,object_red_01,RED,0.00145382867,-0.253277276,0.0600366503,1.75591913e-06,-0.00237553431,7.32468852e-16,-1.00963947e-08,5.06624859e-08,1.18516852e-05,0.394989012,0.394989107,1,0.000338997586,-0.00147305462,-0.0116158327,0.000664054566
91.76,object_red_01,RED,0.00145389393,-0.253373252,0.0600366503,1.51768032e-06,-0.00242105946,5.75441546e-16,-1.01718113e-08,5.10409174e-08,1.19402135e-05,0.394989005,0.394989102,1,0.000338786301,-0.00147305416,-0.0116158327,0.000664058694
91.8,object_red_01,RED,0.00145394952,-0.253471056,0.0600366503,1.27348165e-06,-0.00246689806,4.89790288e-16,-1.02471048e-08,5.14187285e-08,1.20285965e-05,0.394988998,0.394989096,1,0.000338573323,-0.00147305369,-0.0116158327,0.000664062915
91.84,object_red_01,RED,0.00145399525,-0.2535707,0.0600366503,1.02451226e-06,-0.00251307082,8.68083344e-16,-1.03229848e-08,5.17994911e-08,1.21176698e-05,0.394988989,0.394989091,1,0.000338358575,-0.00147305321,-0.0116158327,0.000664067236
91.88,object_red_01,RED,0.00145403093,-0.253672199,0.0600366503,7.71112618e-07,-0.00255957056,8.21688912e-16,-1.03963368e-08,5.21675597e-08,1.22037735e-05,0.394988983,0.394989085,1,0.000338142105,-0.00147305273,-0.0116158327,0.000664071658
91.92,object_red_01,RED,0.00145405637,-0.253775563,0.0600366503,5.13368962e-07,-0.00260636218,6.71799211e-16,-1.04696914e-08,5.25356436e-08,1.22898806e-05,0.394988975,0.39498908,1,0.000337923989,-0.00147305223,-0.0116158327,0.000664076181
91.96,object_red_01,RED,0.00145407144,-0.253880806,0.0600366503,2.52911394e-07,-0.00265348783,5.68303941e-16,-1.05377932e-08,5.28773738e-08,1.23698232e-05,0.394988968,0.394989073,1,0.000337704145,-0.00147305174,-0.0116158327,0.000664080812
92,object_red_01,RED,0.00145407605,-0.25398794,0.0600366503,-9.66983527e-09,-0.00270091371,4.9335909e-16,-1.06084895e-08,5.32321179e-08,1.24528098e-05,0.394988961,0.394989066,1,0.000337482607,-0.00147305123,-0.0116158327,0.000664085553
92.04,object_red_01,RED,0.00145407013,-0.254096978,0.0600366503,-2.7338967e-07,-0.00274865086,8.25257715e-16,-1.06781413e-08,5.35816205e-08,1.25345708e-05,0.394988954,0.39498906,1,0.000337259366,-0.00147305073,-0.0116158327,0.000664090408
92.08,object_red_01,RED,0.00145405364,-0.254207932,0.0600366503,-5.37650071e-07,-0.00279668845,7.64588074e-16,-1.07436965e-08,5.39105713e-08,1.26115233e-05,0.394988947,0.394989052,1,0.000337034474,-0.00147305023,-0.0116158327,0.000664095378
92.12,object_red_01,RED,0.00145402659,-0.254320814,0.0600366503,-8.01423966e-07,-0.0028450083,5.50459929e-16,-1.08097499e-08,5.42420156e-08,1.26890595e-05,0.394988939,0.394989047,1,0.000336807947,-0.00147304973,-0.0116158327,0.000664100467
92.16,object_red_01,RED,0.00145398904,-0.254435635,0.0600366503,-1.06255462e-06,-0.00289366175,5.18340707e-16,-1.08703495e-08,5.45460994e-08,1.27601949e-05,0.394988934,0.394989038,1,0.000336579673,-0.00147304924,-0.0116158327,0.000664105684
92.2,object_red_01,RED,0.0014539411,-0.254552407,0.0600366503,-1.32086329e-06,-0.00294258173,8.82358553e-16,-1.09352907e-08,5.48719628e-08,1.28364259e-05,0.394988927,0.39498903,1,0.000336349775,-0.00147304875,-0.0116158327,0.000664111027
92.24,object_red_01,RED,0.00145388292,-0.254671143,0.0600366503,-1.57483413e-06,-0.00299180114,8.28826517e-16,-1.09940884e-08,5.51670075e-08,1.29054464e-05,0.394988921,0.394989022,1,0.000336118225,-0.00147304827,-0.0116158327,0.000664116502
92.28,object_red_01,RED,0.00145381469,-0.254791854,0.0600366503,-1.82324622e-06,-0.00304129675,6.57524001e-16,-1.10512477e-08,5.54538231e-08,1.29725425e-05,0.394988916,0.394989013,1,0.000335885059,-0.00147304781,-0.0116158327,0.000664122112
92.32,object_red_01,RED,0.00145373667,-0.25491455,0.0600366503,-2.06416621e-06,-0.00309107929,5.50459929e-16,-1.11080216e-08,5.57387108e-08,1.30391873e-05,0.394988909,0.394989006,1,0.000335650229,-0.00147304736,-0.0116158327,0.000664127864
92.36,object_red_01,RED,0.00145364921,-0.255039244,0.0600366503,-2.29579842e-06,-0.00314116138,4.71946276e-16,-1.11617842e-08,5.60084807e-08,1.31022959e-05,0.394988904,0.394988995,1,0.00033541371,-0.00147304693,-0.0116158327,0.000664133764
92.4,object_red_01,RED,0.00145355268,-0.255165947,0.0600366503,-2.51764302e-06,-0.00319149058,8.39532924e-16,-1.12155818e-08,5.62784322e-08,1.31654466e-05,0.394988898,0.394988987,1,0.000335175634,-0.00147304652,-0.0116158327,0.000664139811
92.44,object_red_01,RED,0.00145344753,-0.255294668,0.0600366503,-2.72704431e-06,-0.00324211325,7.78863283e-16,-1.12621014e-08,5.6511862e-08,1.32200542e-05,0.394988894,0.394988976,1,0.000334935907,-0.00147304614,-0.0116158327,0.000664146015
92.48,object_red_01,RED,0.00145333429,-0.25542542,0.0600366503,-2.92242382e-06,-0.00329299425,5.71872743e-16,-1.13094411e-08,5.67494055e-08,1.32756238e-05,0.394988889,0.394988965,1,0.000334694575,-0.00147304578,-0.0116158327,0.000664152379
92.52,object_red_01,RED,0.00145321359,-0.255558214,0.0600366503,-3.10133588e-06,-0.00334415157,4.9335909e-16,-1.13565555e-08,5.69858191e-08,1.33309289e-05,0.394988884,0.394988955,1,0.000334451581,-0.00147304546,-0.0116158327,0.00066415891
92.56,object_red_01,RED,0.00145308609,-0.255693059,0.0600366503,-3.2623967e-06,-0.00339557193,8.75220948e-16,-1.13976915e-08,5.71922398e-08,1.33792176e-05,0.394988881,0.394988943,1,0.000334207002,-0.00147304517,-0.0116158327,0.000664165613
92.6,object_red_01,RED,0.00145295256,-0.255829966,0.0600366503,-3.40362759e-06,-0.00344723106,7.86000888e-16,-1.14386444e-08,5.73977336e-08,1.34272899e-05,0.394988876,0.394988933,1,0.000333960865,-0.00147304493,-0.0116158327,0.000664172492
92.64,object_red_01,RED,0.00145281385,-0.255968945,0.0600366503,-3.52163998e-06,-0.00349918067,6.75368013e-16,-1.14708918e-08,5.75595483e-08,1.34651434e-05,0.394988875,0.394988919,1,0.000333713064,-0.00147304473,-0.0116158327,0.000664179557
92.68,object_red_01,RED,0.00145267094,-0.256110007,0.0600366503,-3.6146235e-06,-0.00355136426,5.43322324e-16,-1.15084037e-08,5.77477766e-08,1.35091766e-05,0.394988871,0.394988906,1,0.000333463671,-0.00147304458,-0.0116158327,0.000664186813
92.72,object_red_01,RED,0.00145252489,-0.256253162,0.0600366503,-3.68016884e-06,-0.00360380449,5.36184719e-16,-1.1538754e-08,5.79000742e-08,1.35448045e-05,0.394988869,0.394988893,1,0.000333212691,-0.00147304449,-0.0116158327,0.000664194266
92.76,object_red_01,RED,0.00145237683,-0.25639842,0.0600366503,-3.71582416e-06,-0.00365648371,8.28826517e-16,-1.15649651e-08,5.80315901e-08,1.35755703e-05,0.394988868,0.394988878,1,0.000332960155,-0.00147304446,-0.0116158327,0.000664201921
92.8,object_red_01,RED,0.00145222802,-0.25654579,0.0600366503,-3.71849808e-06,-0.00370939999,7.71725678e-16,-1.15898217e-08,5.8156324e-08,1.36047499e-05,0.394988865,0.394988865,1,0.000332706041,-0.00147304449,-0.0116158327,0.000664209787
92.84,object_red_01,RED,0.00145207988,-0.256695282,0.0600366503,-3.68424261e-06,-0.0037625908,6.39679989e-16,-1.16087458e-08,5.82512827e-08,1.36269639e-05,0.394988866,0.394988848,1,0.000332450252,-0.0014730446,-0.0116158327,0.000664217876
92.88,object_red_01,RED,0.0014519339,-0.256846906,0.0600366503,-3.61174224e-06,-0.00381598356,4.96927893e-16,-1.16289016e-08,5.83524192e-08,1.36506235e-05,0.394988864,0.394988833,1,0.000332192965,-0.00147304478,-0.0116158327,0.000664226187
92.92,object_red_01,RED,0.00145179169,-0.257000671,0.0600366503,-3.49690575e-06,-0.00386962824,9.28752985e-16,-1.16386906e-08,5.84015402e-08,1.36621144e-05,0.394988865,0.394988816,1,0.000331934086,-0.00147304505,-0.0116158327,0.000664234735
92.96,object_red_01,RED,0.00145165502,-0.257156586,0.0600366503,-3.33672357e-06,-0.00392348838,8.25257715e-16,-1.16472126e-08,5.84443004e-08,1.36721177e-05,0.394988866,0.394988798,1,0.000331673669,-0.00147304541,-0.0116158327,0.000664243523
93,object_red_01,RED,0.0014515258,-0.257314661,0.0600366503,-3.12663963e-06,-0.00397759054,7.1462484e-16,-1.16542461e-08,5.84795924e-08,1.36803737e-05,0.394988867,0.394988781,1,0.000331411614,-0.00147304587,-0.0116158327,0.000664252566
93.04,object_red_01,RED,0.00145140607,-0.257474905,0.0600366503,-2.86384369e-06,-0.0040319192,5.82579151e-16,-1.16536419e-08,5.8476565e-08,1.36796651e-05,0.39498887,0.39498876,1,0.000331148007,-0.00147304643,-0.0116158327,0.00066426187
93.08,object_red_01,RED,0.00145129801,-0.257637326,0.0600366503,-2.54514389e-06,-0.0040864425,4.96927893e-16,-1.1651919e-08,5.84679194e-08,1.36776423e-05,0.394988871,0.394988742,1,0.000330882898,-0.0014730471,-0.0116158327,0.00066427144
93.12,object_red_01,RED,0.00145120398,-0.257801933,0.0600366503,-2.16529531e-06,-0.00414121196,8.75220948e-16,-1.16374866e-08,5.83954985e-08,1.36607009e-05,0.394988877,0.39498872,1,0.000330616183,-0.0014730479,-0.0116158327,0.000664281292
93.16,object_red_01,RED,0.00145112648,-0.257968735,0.0600366503,-1.72033416e-06,-0.00419618316,7.8956969e-16,-1.16267256e-08,5.83414972e-08,1.36480685e-05,0.394988881,0.394988699,1,0.000330347893,-0.00147304883,-0.0116158327,0.000664291434
93.2,object_red_01,RED,0.00145106823,-0.258137741,0.0600366503,-1.20612728e-06,-0.00425136893,6.32542384e-16,-1.16087879e-08,5.82514896e-08,1.36270129e-05,0.394988885,0.394988677,1,0.000330078048,-0.00147304989,-0.0116158327,0.000664301876
93.24,object_red_01,RED,0.00145103207,-0.258308958,0.0600366503,-6.18680497e-07,-0.00430675668,5.076343e-16,-1.15829156e-08,5.81216691e-08,1.35966432e-05,0.394988892,0.394988652,1,0.000329806679,-0.0014730511,-0.0116158327,0.000664312627
93.28,object_red_01,RED,0.00145102103,-0.258482395,0.0600366503,4.6779154e-08,-0.00436233127,9.43028194e-16,-1.15554075e-08,5.79836371e-08,1.35643526e-05,0.394988897,0.39498863,1,0.00032953379,-0.00147305246,-0.0116158327,0.000664323698
93.32,object_red_01,RED,0.00145103837,-0.25865806,0.0600366503,7.9618386e-07,-0.00441812088,8.25257715e-16,-1.15223818e-08,5.78179181e-08,1.35255854e-05,0.394988905,0.394988604,1,0.000329259305,-0.00147305399,-0.0116158327,0.000664335104
93.36,object_red_01,RED,0.0014510859,-0.25883596,0.0600366503,1.50515099e-06,-0.0044741006,1.93579688e-16,-1.18312501e-08,5.93677822e-08,1.38881512e-05,0.394988853,0.394988635,1,0.000328983345,-0.00147305546,-0.0116158327,0.000664346616
93.4,object_red_01,RED,0.00145115565,-0.259016102,0.0600366503,1.9121263e-06,-0.00453022534,5.64735139e-16,-1.22060903e-08,6.1248687e-08,1.43281591e-05,0.394988781,0.394988679,1,0.000328706217,-0.00147305639,-0.0116158327,0.000664357756
93.44,object_red_01,RED,0.00145123646,-0.259198493,0.0600366503,2.09500983e-06,-0.00458653738,5.18340707e-16,-1.22720166e-08,6.15794898e-08,1.44055453e-05,0.394988739,0.394988693,1,0.000328427705,-0.0014730569,-0.0116158327,0.00066436863
93.48,object_red_01,RED,0.00145132245,-0.259383141,0.0600366503,2.19409238e-06,-0.00464305081,9.2161538e-16,-1.22321957e-08,6.13796745e-08,1.4358802e-05,0.394988719,0.39498869,1,0.000328147672,-0.00147305721,-0.0116158327,0.000664379484
93.52,object_red_01,RED,0.00145141205,-0.259570053,0.0600366503,2.28234648e-06,-0.00469974895,8.21688912e-16,-1.22361368e-08,6.13994538e-08,1.43634284e-05,0.39498871,0.394988678,1,0.000327866174,-0.00147305747,-0.0116158327,0.000664390465
93.56,object_red_01,RED,0.00145150534,-0.259759236,0.0600366503,2.3784562e-06,-0.0047565846,6.78936816e-16,-1.23158722e-08,6.17995566e-08,1.44570264e-05,0.394988701,0.394988667,1,0.000327583308,-0.00147305773,-0.0116158327,0.000664401622
93.6,object_red_01,RED,0.00145160263,-0.259950696,0.0600366503,2.48193805e-06,-0.00481361345,5.32615917e-16,-1.24313367e-08,6.23789382e-08,1.45925638e-05,0.394988692,0.394988655,1,0.000327298957,-0.00147305801,-0.0116158327,0.000664412969
93.64,object_red_01,RED,0.00145170412,-0.260144441,0.0600366503,2.58752296e-06,-0.00487079485,1.01797304e-15,-1.25704661e-08,6.30770774e-08,1.47558822e-05,0.394988682,0.394988645,1,0.000327013155,-0.00147305829,-0.0116158327,0.0006644245
93.68,object_red_01,RED,0.00145180983,-0.260340477,0.0600366503,2.69229711e-06,-0.00492814476,8.53808134e-16,-1.27122951e-08,6.37887557e-08,1.49223679e-05,0.39498867,0.394988635,1,0.000326725879,-0.00147305858,-0.0116158327,0.000664436213
93.72,object_red_01,RED,0.00145191967,-0.260538809,0.0600366503,2.79413849e-06,-0.00498565063,7.64588074e-16,-1.28465194e-08,6.44622787e-08,1.5079928e-05,0.39498866,0.394988624,1,0.00032643719,-0.00147305886,-0.0116158327,0.000664448104
93.76,object_red_01,RED,0.00145203352,-0.260739446,0.0600366503,2.89259606e-06,-0.00504328957,1.12146831e-15,-1.29808664e-08,6.51364159e-08,1.52376317e-05,0.394988647,0.394988616,1,0.000326147106,-0.00147305913,-0.0116158327,0.000664460171
93.8,object_red_01,RED,0.00145215125,-0.260942391,0.0600366503,2.98894539e-06,-0.00510112539,5.29047114e-16,-1.31010305e-08,6.57393823e-08,1.53786862e-05,0.394988637,0.394988604,1,0.000325855484,-0.0014730594,-0.0116158327,0.000664472425
93.84,object_red_01,RED,0.00145227277,-0.261147653,0.0600366503,3.08175151e-06,-0.00515907623,8.82358553e-16,-1.32295869e-08,6.6384469e-08,1.5529594e-05,0.394988625,0.394988594,1,0.000325562469,-0.00147305967,-0.0116158327,0.000664484859
93.88,object_red_01,RED,0.00145239792,-0.261355235,0.0600366503,3.17055473e-06,-0.00521718258,7.96707295e-16,-1.33456886e-08,6.69670547e-08,1.56658803e-05,0.394988613,0.394988584,1,0.000325268026,-0.00147305993,-0.0116158327,0.000664497476
93.92,object_red_01,RED,0.00145252652,-0.261565145,0.0600366503,3.25466341e-06,-0.00527541665,5.93285558e-16,-1.34573355e-08,6.75272838e-08,1.57969377e-05,0.394988602,0.394988573,1,0.000324972196,-0.00147306018,-0.0116158327,0.000664510274
93.96,object_red_01,RED,0.0014526584,-0.261777387,0.0600366503,3.33436175e-06,-0.0053337903,5.00496695e-16,-1.35654137e-08,6.80696031e-08,1.59238042e-05,0.394988588,0.394988564,1,0.00032467492,-0.00147306042,-0.0116158327,0.000664523258
94,object_red_01,RED,0.00145279338,-0.261991968,0.0600366503,3.40972689e-06,-0.00539232162,9.25184182e-16,-1.36644282e-08,6.85664481e-08,1.60400334e-05,0.394988577,0.394988553,1,0.000324376157,-0.00147306066,-0.0116158327,0.000664536432
94.04,object_red_01,RED,0.00145293123,-0.262208891,0.0600366503,3.47843274e-06,-0.00545094519,7.8956969e-16,-1.37632396e-08,6.90622713e-08,1.61560233e-05,0.394988563,0.394988544,1,0.000324076071,-0.00147306088,-0.0116158327,0.000664549786
94.08,object_red_01,RED,0.0014530717,-0.262428163,0.0600366503,3.54099491e-06,-0.00550971819,6.71799211e-16,-1.38447021e-08,6.94710383e-08,1.62516482e-05,0.394988551,0.394988532,1,0.000323774543,-0.00147306109,-0.0116158327,0.000664563329
94.12,object_red_01,RED,0.00145321453,-0.262649787,0.0600366503,3.59665908e-06,-0.00556859768,5.36184719e-16,-1.39241149e-08,6.98695216e-08,1.63448668e-05,0.394988539,0.394988522,1,0.00032347163,-0.00147306129,-0.0116158327,0.000664577058
94.16,object_red_01,RED,0.00145335945,-0.26287377,0.0600366503,3.64577627e-06,-0.00562760622,4.86221486e-16,-1.39985978e-08,7.02432699e-08,1.64322991e-05,0.394988524,0.394988513,1,0.000323167254,-0.00147306148,-0.0116158327,0.000664590978
94.2,object_red_01,RED,0.00145350617,-0.263100116,0.0600366503,3.68653887e-06,-0.00568672831,8.43101727e-16,-1.40590899e-08,7.05468098e-08,1.65033075e-05,0.394988512,0.394988501,1,0.000322861509,-0.00147306165,-0.0116158327,0.000664605085
94.24,object_red_01,RED,0.00145365432,-0.263328828,0.0600366503,3.71801713e-06,-0.00574593404,7.61019271e-16,-1.41156833e-08,7.08307929e-08,1.65697411e-05,0.394988496,0.394988493,1,0.000322554426,-0.00147306181,-0.0116158327,0.000664619377
94.28,object_red_01,RED,0.00145380355,-0.263559911,0.0600366503,3.74090937e-06,-0.00580528557,5.86147953e-16,-1.41498339e-08,7.10021513e-08,1.6609828e-05,0.394988484,0.394988481,1,0.000322245878,-0.00147306194,-0.0116158327,0.000664633863
94.32,object_red_01,RED,0.0014539535,-0.26379337,0.0600366503,3.75423977e-06,-0.00586471601,5.18340707e-16,-1.41881528e-08,7.11944317e-08,1.66548084e-05,0.394988469,0.394988471,1,0.000321935944,-0.00147306206,-0.0116158327,0.000664648539
94.36,object_red_01,RED,0.00145410377,-0.264029209,0.0600366503,3.75679957e-06,-0.00592425215,8.96633763e-16,-1.42088223e-08,7.1298148e-08,1.6679071e-05,0.394988455,0.394988461,1,0.000321624631,-0.00147306217,-0.0116158327,0.000664663406
94.4,object_red_01,RED,0.00145425388,-0.264267431,0.0600366503,3.74749247e-06,-0.00598387362,7.93138493e-16,-1.42162681e-08,7.13355112e-08,1.66878115e-05,0.394988441,0.39498845,1,0.000321311974,-0.00147306224,-0.0116158327,0.00066467846
94.44,object_red_01,RED,0.00145440337,-0.264508039,0.0600366503,3.72601191e-06,-0.00604357647,6.50386396e-16,-1.4214608e-08,7.13271817e-08,1.66858632e-05,0.394988424,0.394988442,1,0.00032099795,-0.0014730623,-0.0116158327,0.000664693704
94.48,object_red_01,RED,0.00145455176,-0.264751038,0.0600366503,3.69298435e-06,-0.00610340772,5.46891127e-16,-1.41930845e-08,7.12191832e-08,1.66605983e-05,0.394988411,0.39498843,1,0.000320682434,-0.00147306233,-0.0116158327,0.000664709146
94.52,object_red_01,RED,0.00145469853,-0.264996432,0.0600366503,3.64549691e-06,-0.00616327962,1.00726664e-15,-1.416835e-08,7.10950602e-08,1.66315622e-05,0.394988394,0.394988421,1,0.000320365642,-0.00147306234,-0.0116158327,0.000664724774
94.56,object_red_01,RED,0.0014548431,-0.265244222,0.0600366503,3.58339171e-06,-0.00622325184,8.10982505e-16,-1.41172583e-08,7.08386898e-08,1.65715884e-05,0.394988379,0.39498841,1,0.000320047458,-0.00147306231,-0.0116158327,0.000664740595
94.6,object_red_01,RED,0.00145498485,-0.265494412,0.0600366503,3.50557791e-06,-0.00628328101,7.68156876e-16,-1.40554144e-08,7.05283653e-08,1.64989933e-05,0.394988363,0.3949884,1,0.000319727948,-0.00147306226,-0.0116158327,0.000664756605
94.64,object_red_01,RED,0.00145512317,-0.265747006,0.0600366503,3.4125373e-06,-0.00634339859,6.00423163e-16,-1.39802737e-08,7.01513194e-08,1.64107891e-05,0.394988346,0.394988391,1,0.000319406992,-0.00147306218,-0.0116158327,0.000664772811
94.68,object_red_01,RED,0.00145525742,-0.266002006,0.0600366503,3.30222298e-06,-0.00640358702,5.61166336e-16,-1.38831172e-08,6.96638008e-08,1.62967415e-05,0.39498833,0.39498838,1,0.00031908469,-0.00147306206,-0.0116158327,0.000664789209
94.72,object_red_01,RED,0.00145538686,-0.266259414,0.0600366503,3.17290751e-06,-0.00646380787,8.85927356e-16,-1.37747301e-08,6.9119929e-08,1.61695115e-05,0.394988311,0.394988372,1,0.000318761102,-0.00147306191,-0.0116158327,0.000664805793
94.76,object_red_01,RED,0.00145551073,-0.266519232,0.0600366503,3.02475484e-06,-0.00652412145,7.93138493e-16,-1.36334394e-08,6.84109509e-08,1.60036572e-05,0.394988295,0.394988361,1,0.000318436107,-0.00147306172,-0.0116158327,0.000664822571
94.8,object_red_01,RED,0.00145562826,-0.266781464,0.0600366503,2.85696136e-06,-0.006584476,6.71799211e-16,-1.34856446e-08,6.76693336e-08,1.58301678e-05,0.394988277,0.394988351,1,0.000318109742,-0.0014730615,-0.0116158327,0.000664839542
94.84,object_red_01,RED,0.00145573864,-0.267046112,0.0600366503,2.6680693e-06,-0.00664488635,5.50459929e-16,-1.33144603e-08,6.68103527e-08,1.56292223e-05,0.394988259,0.394988342,1,0.000317782026,-0.00147306123,-0.0116158327,0.000664856704
94.88,object_red_01,RED,0.00145584099,-0.267313176,0.0600366503,2.45618807e-06,-0.00670533003,4.75515078e-16,-1.31180983e-08,6.58250276e-08,1.53987214e-05,0.394988242,0.394988332,1,0.000317453028,-0.00147306092,-0.0116158327,0.000664874053
94.92,object_red_01,RED,0.00145593546,-0.26758266,0.0600366503,2.3029691e-06,-0.00676584093,8.32395319e-16,-1.28380482e-08,6.44197695e-08,1.50699837e-05,0.394988258,0.39498829,1,0.000317122548,-0.00147306071,-0.0116158327,0.000664891746
94.96,object_red_01,RED,0.00145602788,-0.267854567,0.0600366503,2.34711953e-06,-0.00682644849,7.61019271e-16,-1.27670759e-08,6.40636417e-08,1.49866731e-05,0.394988285,0.394988241,1,0.000316790453,-0.00147306085,-0.0116158327,0.00066491004
95,object_red_01,RED,0.00145612523,-0.268128897,0.0600366503,2.52504243e-06,-0.00688703917,6.00423163e-16,-1.30041162e-08,6.52530801e-08,1.52649235e-05,0.394988289,0.394988213,1,0.000316457046,-0.00147306125,-0.0116158327,0.000664928836
95.04,object_red_01,RED,0.00145623084,-0.268405652,0.0600366503,2.7462226e-06,-0.00694767779,5.04065498e-16,-1.33193561e-08,6.68349145e-08,1.56349684e-05,0.394988279,0.394988197,1,0.000316122258,-0.00147306176,-0.0116158327,0.000664947984
95.08,object_red_01,RED,0.00145634529,-0.268684833,0.0600366503,2.96307961e-06,-0.00700833073,9.10908972e-16,-1.36076326e-08,6.82814489e-08,1.59733626e-05,0.394988263,0.394988185,1,0.000315786148,-0.00147306229,-0.0116158327,0.000664967387
95.12,object_red_01,RED,0.00145646809,-0.26896644,0.0600366503,3.16405616e-06,-0.00706902626,8.00276098e-16,-1.38424298e-08,6.9459637e-08,1.62489808e-05,0.394988244,0.394988175,1,0.000315448606,-0.00147306279,-0.0116158327,0.000664987018
95.16,object_red_01,RED,0.0014565986,-0.269250477,0.0600366503,3.34969779e-06,-0.00712975856,7.0034963e-16,-1.40326077e-08,7.04139273e-08,1.6472222e-05,0.394988227,0.394988162,1,0.000315109684,-0.00147306326,-0.0116158327,0.000665006872
95.2,object_red_01,RED,0.00145673623,-0.269536942,0.0600366503,3.52118999e-06,-0.00719047267,5.39753522e-16,-1.42088497e-08,7.12982832e-08,1.66791032e-05,0.394988209,0.394988151,1,0.000314769498,-0.00147306371,-0.0116158327,0.000665026944
95.24,object_red_01,RED,0.00145688047,-0.269825837,0.0600366503,3.68087682e-06,-0.0072512305,5.11203102e-16,-1.4354519e-08,7.20292371e-08,1.68500978e-05,0.394988193,0.394988137,1,0.000314427924,-0.00147306413,-0.0116158327,0.000665047247
95.28,object_red_01,RED,0.00145703084,-0.270117162,0.0600366503,3.82869425e-06,-0.00731198243,8.46670529e-16,-1.44993933e-08,7.27561987e-08,1.70201589e-05,0.394988175,0.394988125,1,0.000314085007,-0.00147306453,-0.0116158327,0.000665067779
95.32,object_red_01,RED,0.00145718688,-0.270410917,0.0600366503,3.96416077e-06,-0.00737274651,7.8956969e-16,-1.4633125e-08,7.34272481e-08,1.71771407e-05,0.394988157,0.394988113,1,0.000313740716,-0.0014730649,-0.0116158327,0.000665088545
95.36,object_red_01,RED,0.00145734803,-0.270707103,0.0600366503,4.08471398e-06,-0.0074335088,6.00423163e-16,-1.47465027e-08,7.39961675e-08,1.73102302e-05,0.394988139,0.3949881,1,0.000313395122,-0.00147306525,-0.0116158327,0.000665109538
95.4,object_red_01,RED,0.00145751367,-0.271005719,0.0600366503,4.18923983e-06,-0.00749424224,5.39753522e-16,-1.48531239e-08,7.45311785e-08,1.74353874e-05,0.394988119,0.394988089,1,0.000313048244,-0.00147306556,-0.0116158327,0.000665130756
95.44,object_red_01,RED,0.00145768316,-0.271306765,0.0600366503,4.27826595e-06,-0.0075550195,9.0734017e-16,-1.49241451e-08,7.48875517e-08,1.75187551e-05,0.394988102,0.394988075,1,0.000312699917,-0.00147306585,-0.0116158327,0.000665152212
95.48,object_red_01,RED,0.00145785586,-0.271610241,0.0600366503,4.35009168e-06,-0.00761574846,8.038449e-16,-1.50007352e-08,7.5271872e-08,1.7608661e-05,0.394988082,0.394988063,1,0.000312350299,-0.0014730661,-0.0116158327,0.000665173894
95.52,object_red_01,RED,0.00145803104,-0.271916146,0.0600366503,4.40283999e-06,-0.0076764751,6.36111187e-16,-1.50468004e-08,7.55030202e-08,1.76627345e-05,0.394988062,0.394988051,1,0.000311999347,-0.00147306631,-0.0116158327,0.000665195807
95.56,object_red_01,RED,0.0014582079,-0.27222448,0.0600366503,4.43507855e-06,-0.00773716862,5.54028731e-16,-1.50752321e-08,7.56456888e-08,1.76961093e-05,0.394988043,0.394988039,1,0.000311647106,-0.00147306648,-0.0116158327,0.000665217944
95.6,object_red_01,RED,0.00145838561,-0.272535241,0.0600366503,4.44656826e-06,-0.00779784051,4.96927893e-16,-1.50864154e-08,7.57018075e-08,1.77092371e-05,0.394988022,0.394988028,1,0.000311293509,-0.00147306661,-0.0116158327,0.000665240311
95.64,object_red_01,RED,0.00145856335,-0.272848429,0.0600366503,4.43697268e-06,-0.00785851413,8.60945739e-16,-1.50698621e-08,7.56187465e-08,1.76898065e-05,0.394988002,0.394988015,1,0.000310938501,-0.0014730667,-0.0116158327,0.000665262913
95.68,object_red_01,RED,0.00145874019,-0.273164042,0.0600366503,4.40283016e-06,-0.00791911414,7.68156876e-16,-1.50446439e-08,7.54922005e-08,1.76602032e-05,0.39498798,0.394988004,1,0.000310582265,-0.00147306674,-0.0116158327,0.000665285735
95.72,object_red_01,RED,0.00145891515,-0.273482079,0.0600366503,4.34352321e-06,-0.00797970568,6.1112957e-16,-1.49784329e-08,7.51599634e-08,1.75824816e-05,0.394987959,0.394987992,1,0.000310224667,-0.00147306673,-0.0116158327,0.000665308786
95.76,object_red_01,RED,0.00145908717,-0.273802538,0.0600366503,4.2578041e-06,-0.00804023991,5.18340707e-16,-1.48971173e-08,7.47519317e-08,1.74870293e-05,0.394987937,0.39498798,1,0.000309865767,-0.00147306667,-0.0116158327,0.000665332061
95.8,object_red_01,RED,0.00145925522,-0.274125419,0.0600366503,4.14561268e-06,-0.00810074269,9.50165799e-16,-1.47948187e-08,7.42386079e-08,1.73669453e-05,0.394987914,0.394987969,1,0.000309505473,-0.00147306655,-0.0116158327,0.000665355567
95.84,object_red_01,RED,0.00145941817,-0.274450718,0.0600366503,4.00376708e-06,-0.00816119776,8.25257715e-16,-1.46583171e-08,7.3553659e-08,1.72067123e-05,0.394987892,0.394987958,1,0.000309143886,-0.00147306638,-0.0116158327,0.000665379297
95.88,object_red_01,RED,0.00145957479,-0.274778434,0.0600366503,3.83042146e-06,-0.00822157053,7.8956969e-16,-1.45045142e-08,7.27818977e-08,1.70261711e-05,0.394987867,0.394987948,1,0.000308781042,-0.00147306615,-0.0116158327,0.000665403244
95.92,object_red_01,RED,0.0014597238,-0.275108565,0.0600366503,3.6252009e-06,-0.00828193061,5.75441546e-16,-1.42992958e-08,7.1752135e-08,1.67852741e-05,0.394987845,0.394987935,1,0.000308416794,-0.00147306585,-0.0116158327,0.00066542742
95.96,object_red_01,RED,0.00145986392,-0.275441108,0.0600366503,3.3870579e-06,-0.00834220385,5.29047114e-16,-1.40880904e-08,7.06923301e-08,1.65373501e-05,0.39498782,0.394987925,1,0.000308051227,-0.00147306549,-0.0116158327,0.000665451818
96,object_red_01,RED,0.00145999378,-0.275776061,0.0600366503,3.11324253e-06,-0.00840242023,8.43101727e-16,-1.38360619e-08,6.94276869e-08,1.62415063e-05,0.394987796,0.394987915,1,0.000307684346,-0.00147306506,-0.0116158327,0.000665476437
96.04,object_red_01,RED,0.00146011195,-0.27611342,0.0600366503,2.81278219e-06,-0.00846256632,7.96707295e-16,-1.35076099e-08,6.77795496e-08,1.58559512e-05,0.394987783,0.394987892,1,0.000307316193,-0.00147306457,-0.0116158327,0.000665501293
96.08,object_red_01,RED,0.00146022091,-0.276453186,0.0600366503,2.69001322e-06,-0.00852267325,6.46817594e-16,-1.31285868e-08,6.58776576e-08,1.54110337e-05,0.394987823,0.394987823,1,0.000306946406,-0.00147306439,-0.0116158327,0.000665526765
96.12,object_red_01,RED,0.00146033083,-0.276795354,0.0600366503,2.83440307e-06,-0.00858274223,4.9335909e-16,-1.315936e-08,6.6032076e-08,1.54471572e-05,0.394987853,0.394987767,1,0.000306575058,-0.00147306468,-0.0116158327,0.000665553029
96.16,object_red_01,RED,0.00146044992,-0.277139923,0.0600366503,3.11722566e-06,-0.0086426724,9.46596997e-16,-1.35281135e-08,6.78824361e-08,1.58800198e-05,0.394987852,0.394987738,1,0.000306202443,-0.00147306527,-0.0116158327,0.000665579878
96.2,object_red_01,RED,0.00146058112,-0.277486887,0.0600366503,3.42567881e-06,-0.00870254182,8.14551307e-16,-1.39253519e-08,6.98757296e-08,1.63463192e-05,0.394987834,0.394987722,1,0.000305828444,-0.00147306594,-0.0116158327,0.000665607122
96.24,object_red_01,RED,0.00146072422,-0.277836244,0.0600366503,3.70998607e-06,-0.00876230779,7.39606457e-16,-1.42555689e-08,7.15327217e-08,1.67339461e-05,0.394987809,0.39498771,1,0.000305453128,-0.00147306659,-0.0116158327,0.000665634647
96.28,object_red_01,RED,0.00146087803,-0.278187991,0.0600366503,3.96246286e-06,-0.00882200467,5.68303941e-16,-1.45048152e-08,7.27834101e-08,1.70265247e-05,0.394987784,0.394987698,1,0.000305076364,-0.00147306719,-0.0116158327,0.000665662434
96.32,object_red_01,RED,0.0014610413,-0.278542123,0.0600366503,4.185469e-06,-0.00888161243,5.18340707e-16,-1.46904053e-08,7.37146762e-08,1.72443799e-05,0.39498776,0.394987684,1,0.000304698266,-0.00147306773,-0.0116158327,0.000665690474
96.36,object_red_01,RED,0.00146121293,-0.278898637,0.0600366503,4.381984e-06,-0.00894108576,8.78789751e-16,-1.48558259e-08,7.45447318e-08,1.74385584e-05,0.394987735,0.39498767,1,0.000304318906,-0.00147306821,-0.0116158327,0.000665718766
96.4,object_red_01,RED,0.00146139191,-0.279257528,0.0600366503,4.55417633e-06,-0.00900049069,7.93138493e-16,-1.49734089e-08,7.513475e-08,1.75765834e-05,0.394987713,0.394987655,1,0.000303938151,-0.00147306865,-0.0116158327,0.000665747327
96.44,object_red_01,RED,0.00146157726,-0.279618793,0.0600366503,4.70222691e-06,-0.00905976984,6.75368013e-16,-1.50903979e-08,7.57217931e-08,1.7713913e-05,0.394987688,0.394987641,1,0.000303556039,-0.00147306903,-0.0116158327,0.000665776156
96.48,object_red_01,RED,0.001461768,-0.279982426,0.0600366503,4.8238455e-06,-0.00911894005,5.50459929e-16,-1.51810494e-08,7.61766666e-08,1.78203231e-05,0.394987663,0.394987628,1,0.000303172588,-0.00147306937,-0.0116158327,0.000665805251
96.52,object_red_01,RED,0.00146196299,-0.280348424,0.0600366503,4.91588779e-06,-0.00917798686,9.85853823e-16,-1.52411467e-08,7.64782256e-08,1.78908684e-05,0.394987638,0.394987613,1,0.000302787836,-0.00147306964,-0.0116158327,0.000665834607
96.56,object_red_01,RED,0.00146216101,-0.280716781,0.0600366503,4.97697222e-06,-0.00923688736,8.32395319e-16,-1.52865954e-08,7.67062835e-08,1.7944219e-05,0.394987612,0.394987601,1,0.000302401794,-0.00147306986,-0.0116158327,0.00066586422
96.6,object_red_01,RED,0.00146236083,-0.281087493,0.0600366503,5.00722236e-06,-0.00929572227,7.50312864e-16,-1.52765605e-08,7.66559327e-08,1.79324402e-05,0.394987587,0.394987586,1,0.000302014264,-0.00147307001,-0.0116158327,0.000665894107
96.64,object_red_01,RED,0.00146256117,-0.281460554,0.0600366503,5.00389356e-06,-0.00935437735,5.9685436e-16,-1.52687369e-08,7.66166697e-08,1.79232548e-05,0.394987559,0.394987573,1,0.000301625484,-0.00147307009,-0.0116158327,0.00066592425
96.68,object_red_01,RED,0.00146276061,-0.281835959,0.0600366503,4.96426253e-06,-0.00941291712,4.86221486e-16,-1.52104907e-08,7.63243995e-08,1.78548831e-05,0.394987532,0.39498756,1,0.000301235353,-0.0014730701,-0.0116158327,0.000665954652
96.72,object_red_01,RED,0.00146295768,-0.282213702,0.0600366503,4.88654581e-06,-0.00947129927,8.68083344e-16,-1.51269975e-08,7.59054443e-08,1.77568752e-05,0.394987504,0.394987547,1,0.000300843932,-0.00147307004,-0.0116158327,0.000665985308
96.76,object_red_01,RED,0.00146315083,-0.282593778,0.0600366503,4.77044979e-06,-0.00952955138,7.93138493e-16,-1.50121818e-08,7.53293097e-08,1.76220975e-05,0.394987476,0.394987535,1,0.000300451103,-0.0014730699,-0.0116158327,0.000666016226
96.8,object_red_01,RED,0.0014633385,-0.282976181,0.0600366503,4.61396736e-06,-0.00958767208,6.18267175e-16,-1.48554203e-08,7.45427024e-08,1.74380836e-05,0.394987447,0.394987522,1,0.000300056901,-0.00147306968,-0.0116158327,0.000666047405
96.84,object_red_01,RED,0.001463519,-0.283360905,0.0600366503,4.41335373e-06,-0.00964560145,5.29047114e-16,-1.46801755e-08,7.36633431e-08,1.72323713e-05,0.394987417,0.39498751,1,0.000299661454,-0.00147306937,-0.0116158327,0.000666078829
96.88,object_red_01,RED,0.00146369052,-0.283747943,0.0600366503,4.16705668e-06,-0.00970340811,9.60872206e-16,-1.44414543e-08,7.24654716e-08,1.6952148e-05,0.394987388,0.394987498,1,0.000299264618,-0.00147306897,-0.0116158327,0.000666110509
96.92,object_red_01,RED,0.0014638512,-0.28413729,0.0600366503,3.87392718e-06,-0.00976103746,8.35964122e-16,-1.41814869e-08,7.11609857e-08,1.66469843e-05,0.394987357,0.394987486,1,0.000298866443,-0.00147306848,-0.0116158327,0.000666142438
96.96,object_red_01,RED,0.00146399915,-0.284528939,0.0600366503,3.53248662e-06,-0.00981851008,7.96707295e-16,-1.38839687e-08,6.96680744e-08,1.62977417e-05,0.394987326,0.394987474,1,0.000298466888,-0.00147306789,-0.0116158327,0.000666174623
97,object_red_01,RED,0.00146413274,-0.284922884,0.0600366503,3.1834103e-06,-0.00987583637,6.21835977e-16,-1.34312606e-08,6.73964393e-08,1.57663282e-05,0.394987326,0.394987432,1,0.000298065949,-0.00147306727,-0.0116158327,0.000666207138
97.04,object_red_01,RED,0.00146425738,-0.285319118,0.0600366503,3.11178636e-06,-0.00993300147,4.86221486e-16,-1.30244057e-08,6.53548919e-08,1.52887406e-05,0.394987378,0.394987348,1,0.000297663382,-0.00147306713,-0.0116158327,0.000666240491
97.08,object_red_01,RED,0.00146438592,-0.285717636,0.0600366503,3.34057737e-06,-0.00999003026,8.85927356e-16,-1.31346801e-08,6.59082329e-08,1.54181863e-05,0.394987407,0.394987288,1,0.000297259217,-0.00147306753,-0.0116158327,0.000666274765
97.12,object_red_01,RED,0.00146452697,-0.286118431,0.0600366503,3.70325243e-06,-0.010046826,8.00276098e-16,-1.3594502e-08,6.8215565e-08,1.59579496e-05,0.3949874,0.394987258,1,0.000296853701,-0.00147306822,-0.0116158327,0.000666309692
97.16,object_red_01,RED,0.00146468296,-0.286521494,0.0600366503,4.07231096e-06,-0.010103453,6.64661606e-16,-1.40432069e-08,7.04671141e-08,1.64846638e-05,0.394987373,0.394987242,1,0.000296446789,-0.00147306898,-0.0116158327,0.000666345046
97.2,object_red_01,RED,0.00146485285,-0.286926817,0.0600366503,4.39731864e-06,-0.0101598844,1.02511065e-15,-1.43828853e-08,7.2171577e-08,1.68833962e-05,0.394987341,0.39498723,1,0.000296038522,-0.00147306968,-0.0116158327,0.000666380706
97.24,object_red_01,RED,0.00146503468,-0.287334395,0.0600366503,4.67285244e-06,-0.0102161291,9.57303404e-16,-1.46194564e-08,7.33586596e-08,1.71610952e-05,0.394987309,0.394987216,1,0.000295628838,-0.0014730703,-0.0116158327,0.000666416648
97.28,object_red_01,RED,0.00146522663,-0.287744218,0.0600366503,4.90663002e-06,-0.0102722127,7.71725678e-16,-1.47734283e-08,7.4131277e-08,1.73418369e-05,0.394987279,0.394987201,1,0.000295217679,-0.00147307082,-0.0116158327,0.000666452885
97.32,object_red_01,RED,0.00146542712,-0.28815628,0.0600366503,5.10159806e-06,-0.0103280507,7.61019271e-16,-1.49102409e-08,7.48177801e-08,1.75024336e-05,0.394987248,0.394987185,1,0.000294805249,-0.00147307127,-0.0116158327,0.000666489407
97.36,object_red_01,RED,0.00146563461,-0.288570572,0.0600366503,5.25882618e-06,-0.0103837129,5.75441546e-16,-1.49881953e-08,7.52089471e-08,1.75939411e-05,0.394987218,0.394987169,1,0.000294391403,-0.00147307165,-0.0116158327,0.000666526231
97.4,object_red_01,RED,0.00146584758,-0.288987085,0.0600366503,5.37760658e-06,-0.010439146,5.39753522e-16,-1.50514505e-08,7.55263558e-08,1.76681934e-05,0.394987187,0.394987154,1,0.000293976209,-0.00147307194,-0.0116158327,0.00066656335
97.44,object_red_01,RED,0.0014660645,-0.289405811,0.0600366503,5.45743886e-06,-0.010494378,9.43028194e-16,-1.50889513e-08,7.5714531e-08,1.77122138e-05,0.394987156,0.394987138,1,0.000293559561,-0.00147307215,-0.0116158327,0.000666600777
97.48,object_red_01,RED,0.00146628371,-0.289826743,0.0600366503,5.49356359e-06,-0.0105493933,2.82799748e-16,-1.50813683e-08,7.5676478e-08,1.77033122e-05,0.394987123,0.394987124,1,0.000293141564,-0.00147307228,-0.0116158327,0.000666638499
97.52,object_red_01,RED,0.00146650339,-0.290249869,0.0600366503,5.48330713e-06,-0.0106041536,2.29267712e-16,-1.50557668e-08,7.55480176e-08,1.76732607e-05,0.39498709,0.394987109,1,0.000292722256,-0.00147307232,-0.0116158327,0.000666676507
97.56,object_red_01,RED,0.00146672166,-0.290675182,0.0600366503,5.42503188e-06,-0.0106587335,6.36111187e-16,-1.49555927e-08,7.50453574e-08,1.75556713e-05,0.394987057,0.394987094,1,0.00029230148,-0.00147307226,-0.0116158327,0.000666714816
97.6,object_red_01,RED,0.00146693659,-0.291102673,0.0600366503,5.31851186e-06,-0.0107130538,5.00496695e-16,-1.48535404e-08,7.45332665e-08,1.74358759e-05,0.394987023,0.39498708,1,0.00029187932,-0.0014730721,-0.0116158327,0.000666753417
97.64,object_red_01,RED,0.00146714618,-0.291532332,0.0600366503,5.15954559e-06,-0.0107671474,9.2161538e-16,-1.46979285e-08,7.3752428e-08,1.72532111e-05,0.394986988,0.394987066,1,0.000291455781,-0.00147307184,-0.0116158327,0.000666792309
97.68,object_red_01,RED,0.00146734824,-0.291964149,0.0600366503,4.94496109e-06,-0.0108209919,7.61019271e-16,-1.44985695e-08,7.27520646e-08,1.70191919e-05,0.394986952,0.394987052,1,0.000291030894,-0.00147307146,-0.0116158327,0.000666831484
97.72,object_red_01,RED,0.00146754052,-0.292398115,0.0600366503,4.67313343e-06,-0.010874578,6.2540478e-16,-1.42665085e-08,7.15876131e-08,1.67467868e-05,0.394986917,0.394987038,1,0.00029060464,-0.00147307098,-0.0116158327,0.000666870941
97.76,object_red_01,RED,0.00146772072,-0.29283422,0.0600366503,4.34325343e-06,-0.0109279666,5.32615917e-16,-1.39643492e-08,7.00714125e-08,1.6392096e-05,0.39498688,0.394987025,1,0.000290176853,-0.00147307037,-0.0116158327,0.000666910697
97.8,object_red_01,RED,0.00146788644,-0.293272455,0.0600366503,3.95157852e-06,-0.010981052,1.51403658e-15,-1.36512485e-08,6.85003118e-08,1.60245618e-05,0.394986842,0.394987012,1,0.000289747785,-0.00147306965,-0.0116158327,0.000666950726
97.84,object_red_01,RED,0.00146803589,-0.293712808,0.0600366503,3.57231902e-06,-0.0110339426,7.75294481e-16,-1.3091626e-08,6.56921946e-08,1.53676475e-05,0.394986851,0.394986955,1,0.000289317161,-0.00147306893,-0.0116158327,0.000666991184
97.88,object_red_01,RED,0.00146817664,-0.294155271,0.0600366503,3.53332539e-06,-0.011086584,7.36037654e-16,-1.26494259e-08,6.34732867e-08,1.4848569e-05,0.394986909,0.39498686,1,0.000288884818,-0.00147306877,-0.0116158327,0.000667032644
97.92,object_red_01,RED,0.00146832321,-0.294599836,0.0600366503,3.81918969e-06,-0.0111389587,5.64735139e-16,-1.28292915e-08,6.43758306e-08,1.5059705e-05,0.394986938,0.394986795,1,0.000288450855,-0.00147306921,-0.0116158327,0.00066707513
97.96,object_red_01,RED,0.00146848459,-0.295046489,0.0600366503,4.2364035e-06,-0.0111910576,4.86221486e-16,-1.33161287e-08,6.68187235e-08,1.56311808e-05,0.394986925,0.394986764,1,0.000288015453,-0.00147306995,-0.0116158327,0.000667118343
98,object_red_01,RED,0.00146866281,-0.29549522,0.0600366503,4.64612244e-06,-0.0112428493,8.71652146e-16,-1.3811157e-08,6.93027174e-08,1.62122719e-05,0.394986892,0.394986747,1,0.000287578679,-0.00147307074,-0.0116158327,0.000667162016
98.04,object_red_01,RED,0.00146885621,-0.295946018,0.0600366503,4.99507541e-06,-0.0112944112,7.82432086e-16,-1.41291498e-08,7.08983605e-08,1.65855476e-05,0.394986852,0.394986734,1,0.000287140384,-0.00147307145,-0.0116158327,0.000667206039
98.08,object_red_01,RED,0.00146906219,-0.296398872,0.0600366503,5.28022286e-06,-0.0113456799,6.46817594e-16,-1.4350123e-08,7.2007177e-08,1.68449375e-05,0.394986813,0.394986719,1,0.000286700618,-0.00147307203,-0.0116158327,0.000667250377
98.12,object_red_01,RED,0.00146927839,-0.296853771,0.0600366503,5.50938537e-06,-0.0113966722,5.61166336e-16,-1.44847531e-08,7.26827373e-08,1.70029739e-05,0.394986776,0.394986702,1,0.000286259399,-0.00147307251,-0.0116158327,0.000667295036
98.16,object_red_01,RED,0.00146950267,-0.297310703,0.0600366503,5.68729273e-06,-0.0114473712,9.50165799e-16,-1.45631738e-08,7.30762427e-08,1.70950287e-05,0.394986739,0.394986686,1,0.000285816778,-0.00147307288,-0.0116158327,0.000667340022
98.2,object_red_01,RED,0.00146973303,-0.297769657,0.0600366503,5.81614496e-06,-0.0114977504,3.07781365e-16,-1.46258807e-08,7.33908997e-08,1.71686373e-05,0.394986704,0.394986667,1,0.000285372767,-0.00147307315,-0.0116158327,0.000667385339
98.24,object_red_01,RED,0.0014699675,-0.298230621,0.0600366503,5.89538684e-06,-0.0115478939,7.46744062e-16,-1.46102099e-08,7.33122618e-08,1.71502415e-05,0.394986666,0.39498665,1,0.000284927162,-0.00147307331,-0.0116158327,0.00066743101
98.28,object_red_01,RED,0.00147020408,-0.298693584,0.0600366503,5.92277974e-06,-0.0115976835,5.71872743e-16,-1.46067641e-08,7.32949739e-08,1.71461967e-05,0.394986628,0.394986633,1,0.000284480206,-0.00147307338,-0.0116158327,0.000667477011
98.32,object_red_01,RED,0.00147044055,-0.299158532,0.0600366503,5.89273035e-06,-0.0116471873,4.82652683e-16,-1.45340637e-08,7.29301713e-08,1.70608571e-05,0.394986589,0.394986617,1,0.00028403179,-0.00147307333,-0.0116158327,0.000667523347
98.36,object_red_01,RED,0.00147067458,-0.299625453,0.0600366503,5.8028752e-06,-0.0116963615,8.9306496e-16,-1.44287956e-08,7.24019511e-08,1.69372885e-05,0.394986548,0.394986601,1,0.000283581975,-0.00147307316,-0.0116158327,0.000667570009
98.4,object_red_01,RED,0.00147090373,-0.300094334,0.0600366503,5.65220671e-06,-0.0117452321,8.038449e-16,-1.42814587e-08,7.16626275e-08,1.67643354e-05,0.39498651,0.394986583,1,0.000283130644,-0.00147307286,-0.0116158327,0.000667617006
98.44,object_red_01,RED,0.00147112554,-0.300565165,0.0600366503,5.4383044e-06,-0.0117938018,6.57524001e-16,-1.40756814e-08,7.06300724e-08,1.65227852e-05,0.394986467,0.394986569,1,0.000282677822,-0.00147307244,-0.0116158327,0.000667664338
98.48,object_red_01,RED,0.0014713374,-0.30103793,0.0600366503,5.15692717e-06,-0.0118420063,5.50459929e-16,-1.38519935e-08,6.95076258e-08,1.62602069e-05,0.394986426,0.394986553,1,0.000282223645,-0.00147307189,-0.0116158327,0.000667711986
98.52,object_red_01,RED,0.00147153651,-0.301512618,0.0600366503,4.80456166e-06,-0.0118899182,4.79083881e-16,-1.35401843e-08,6.79430056e-08,1.5894189e-05,0.394986382,0.394986539,1,0.000281767959,-0.0014730712,-0.0116158327,0.000667759961
98.56,object_red_01,RED,0.00147172003,-0.301989214,0.0600366503,4.38042488e-06,-0.0119374792,2.97074958e-16,-1.32040229e-08,6.62561895e-08,1.54995849e-05,0.394986339,0.394986524,1,0.00028131082,-0.00147307036,-0.0116158327,0.000667808255
98.6,object_red_01,RED,0.00147188596,-0.302467707,0.0600366503,3.97200309e-06,-0.0119847524,7.68156876e-16,-1.26107592e-08,6.32792621e-08,1.48031803e-05,0.394986349,0.394986459,1,0.00028085202,-0.00147306953,-0.0116158327,0.000667857046
98.64,object_red_01,RED,0.00147204254,-0.302948084,0.0600366503,3.93073541e-06,-0.0120317184,5.9685436e-16,-1.2097575e-08,6.07041674e-08,1.42007773e-05,0.394986409,0.394986355,1,0.000280391396,-0.00147306929,-0.0116158327,0.000667906944
98.68,object_red_01,RED,0.00147220542,-0.303430332,0.0600366503,4.23896195e-06,-0.012078287,4.9335909e-16,-1.22758131e-08,6.15985409e-08,1.44100019e-05,0.394986439,0.394986283,1,0.000279929232,-0.0014730697,-0.0116158327,0.000667957959
98.72,object_red_01,RED,0.00147238427,-0.303914436,0.0600366503,4.68943304e-06,-0.0121245479,9.43028194e-16,-1.27546058e-08,6.40010659e-08,1.49720345e-05,0.394986423,0.394986249,1,0.000279465428,-0.00147307044,-0.0116158327,0.000668009801
98.76,object_red_01,RED,0.00147258132,-0.304400383,0.0600366503,5.13124467e-06,-0.012170417,7.75294481e-16,-1.32759441e-08,6.66170815e-08,1.558401e-05,0.394986385,0.39498623,1,0.00027900014,-0.00147307123,-0.0116158327,0.000668062178
98.8,object_red_01,RED,0.00147279457,-0.304888157,0.0600366503,5.49916352e-06,-0.0122159545,7.50312864e-16,-1.36152872e-08,6.83198623e-08,1.59823487e-05,0.394986338,0.394986216,1,0.000278533314,-0.00147307192,-0.0116158327,0.000668114945
98.84,object_red_01,RED,0.00147302082,-0.305377745,0.0600366503,5.78621886e-06,-0.0122611259,5.89716755e-16,-1.38108098e-08,6.93009686e-08,1.62118627e-05,0.394986291,0.3949862,1,0.000278065001,-0.00147307246,-0.0116158327,0.000668168057
98.88,object_red_01,RED,0.00147325705,-0.305869132,0.0600366503,6.00398662e-06,-0.0123059355,4.96927893e-16,-1.39173296e-08,6.98354755e-08,1.63369022e-05,0.39498625,0.39498618,1,0.000277595145,-0.00147307286,-0.0116158327,0.000668221528
98.92,object_red_01,RED,0.00147350073,-0.306362305,0.0600366503,6.16242619e-06,-0.0123504132,8.89496158e-16,-1.39456816e-08,6.99777437e-08,1.63701834e-05,0.394986206,0.394986162,1,0.000277123675,-0.00147307314,-0.0116158327,0.000668275385
98.96,object_red_01,RED,0.00147374953,-0.306857248,0.0600366503,6.26262696e-06,-0.0123944715,8.39532924e-16,-1.39748158e-08,7.01239351e-08,1.64043829e-05,0.394986164,0.394986141,1,0.000276650801,-0.0014730733,-0.0116158327,0.000668329614
99,object_red_01,RED,0.00147400105,-0.307353946,0.0600366503,6.30105108e-06,-0.0124381842,7.21762445e-16,-1.39261402e-08,6.9879685e-08,1.63472443e-05,0.39498612,0.394986122,1,0.00027617637,-0.00147307333,-0.0116158327,0.00066838423
99.04,object_red_01,RED,0.00147425278,-0.307852384,0.0600366503,6.27601453e-06,-0.0124814956,5.36184719e-16,-1.38588347e-08,6.95419481e-08,1.62682364e-05,0.394986075,0.394986104,1,0.00027570045,-0.00147307324,-0.0116158327,0.000668439223
99.08,object_red_01,RED,0.00147450215,-0.308352547,0.0600366503,6.18607645e-06,-0.0125244345,4.89790288e-16,-1.3754652e-08,6.90191803e-08,1.61459427e-05,0.394986032,0.394986083,1,0.00027522293,-0.00147307301,-0.0116158327,0.000668494607
99.12,object_red_01,RED,0.00147474647,-0.308854419,0.0600366503,6.02548026e-06,-0.0125669881,8.25257715e-16,-1.35887002e-08,6.81864531e-08,1.59511397e-05,0.394985984,0.394986067,1,0.000274743914,-0.00147307265,-0.0116158327,0.000668550366
99.16,object_red_01,RED,0.00147498282,-0.309357985,0.0600366503,5.79123274e-06,-0.0126091149,1.27849562e-15,-1.34033911e-08,6.72565886e-08,1.57336127e-05,0.394985939,0.394986047,1,0.00027426344,-0.00147307214,-0.0116158327,0.00066860649
99.2,object_red_01,RED,0.00147520818,-0.309863228,0.0600366503,5.47960877e-06,-0.012650892,6.00423163e-16,-1.31142624e-08,6.580578e-08,1.53942188e-05,0.394985889,0.394986031,1,0.00027378135,-0.00147307147,-0.0116158327,0.000668662993
99.24,object_red_01,RED,0.00147541948,-0.310370133,0.0600366503,5.09178507e-06,-0.0126922379,5.00496695e-16,-1.2827013e-08,6.43644035e-08,1.50570317e-05,0.394985842,0.394986013,1,0.000273297726,-0.00147307065,-0.0116158327,0.000668719869
99.28,object_red_01,RED,0.00147561357,-0.310878683,0.0600366503,4.62283544e-06,-0.0127331749,9.0734017e-16,-1.24545483e-08,6.24954177e-08,1.46198118e-05,0.394985795,0.394985993,1,0.000272812655,-0.00147306968,-0.0116158327,0.00066877711
99.32,object_red_01,RED,0.00147579016,-0.311388865,0.0600366503,4.28607643e-06,-0.01277379,7.61019271e-16,-1.17043984e-08,5.87312555e-08,1.37392461e-05,0.394985834,0.394985896,1,0.000272325574,-0.00147306889,-0.0116158327,0.000668835128
99.36,object_red_01,RED,0.00147596212,-0.311900662,0.0600366503,4.37600695e-06,-0.0128139605,6.43248792e-16,-1.13760947e-08,5.70838624e-08,1.33538646e-05,0.394985894,0.394985789,1,0.000271836759,-0.00147306881,-0.0116158327,0.000668894407
99.4,object_red_01,RED,0.00147614481,-0.312414057,0.0600366503,4.77042629e-06,-0.0128537398,5.18340707e-16,-1.16548256e-08,5.8482506e-08,1.36810553e-05,0.394985904,0.394985728,1,0.000271346159,-0.00147306932,-0.0116158327,0.00066895484
99.44,object_red_01,RED,0.0014763458,-0.312929033,0.0600366503,5.25467319e-06,-0.0128930357,9.28752985e-16,-1.22271247e-08,6.13542306e-08,1.43528498e-05,0.394985877,0.394985695,1,0.000270854075,-0.00147307008,-0.0116158327,0.000669016061
99.48,object_red_01,RED,0.00147656543,-0.313445573,0.0600366503,5.69143011e-06,-0.0129319386,8.10982505e-16,-1.2674928e-08,6.36012581e-08,1.48785059e-05,0.394985827,0.394985678,1,0.000270360351,-0.00147307081,-0.0116158327,0.000669077821
99.52,object_red_01,RED,0.00147680066,-0.313963659,0.0600366503,6.03693371e-06,-0.0129704006,7.0034963e-16,-1.29633676e-08,6.50486092e-08,1.52170908e-05,0.394985772,0.394985663,1,0.000269865059,-0.00147307141,-0.0116158327,0.000669139993
99.56,object_red_01,RED,0.00147704782,-0.314483276,0.0600366503,6.29482319e-06,-0.0130084539,5.79010348e-16,-1.31064871e-08,6.57667657e-08,1.53850919e-05,0.394985724,0.39498564,1,0.000269368062,-0.00147307184,-0.0116158327,0.000669202572
99.6,object_red_01,RED,0.00147730367,-0.315004406,0.0600366503,6.47670473e-06,-0.0130460826,4.68377473e-16,-1.31434577e-08,6.59522769e-08,1.54284899e-05,0.394985672,0.394985622,1,0.000268869469,-0.00147307211,-0.0116158327,0.000669265566
99.64,object_red_01,RED,0.00147756534,-0.315527031,0.0600366503,6.59032225e-06,-0.013083234,8.71652146e-16,-1.31641608e-08,6.6056167e-08,1.54527926e-05,0.394985627,0.394985596,1,0.000268369365,-0.00147307225,-0.0116158327,0.000669328977
99.68,object_red_01,RED,0.00147783013,-0.316051133,0.0600366503,6.63571762e-06,-0.0131199809,7.71725678e-16,-1.30920716e-08,6.56944321e-08,1.53681708e-05,0.394985575,0.394985577,1,0.000267867602,-0.00147307224,-0.0116158327,0.000669392829
99.72,object_red_01,RED,0.00147809534,-0.316576696,0.0600366503,6.61443857e-06,-0.0131562581,5.50459929e-16,-1.3025902e-08,6.53623958e-08,1.52904964e-05,0.394985527,0.394985554,1,0.000267364226,-0.0014730721,-0.0116158327,0.000669457121
99.76,object_red_01,RED,0.00147835822,-0.3171037,0.0600366503,6.52157637e-06,-0.0131920887,5.64735139e-16,-1.29123019e-08,6.47923695e-08,1.51571475e-05,0.394985478,0.394985531,1,0.00026685924,-0.00147307181,-0.0116158327,0.000669521853
99.8,object_red_01,RED,0.00147861577,-0.317632128,0.0600366503,6.35106283e-06,-0.0132274596,9.46596997e-16,-1.2743117e-08,6.39434146e-08,1.4958548e-05,0.394985423,0.394985512,1,0.000266352683,-0.00147307137,-0.0116158327,0.000669587012
99.84,object_red_01,RED,0.00147886482,-0.318161961,0.0600366503,6.10058366e-06,-0.0132623433,8.25257715e-16,-1.25549157e-08,6.29990499e-08,1.47376288e-05,0.394985376,0.394985487,1,0.000265844568,-0.00147307078,-0.0116158327,0.000669652594
99.88,object_red_01,RED,0.00147910209,-0.31869318,0.0600366503,5.76654561e-06,-0.0132968251,7.78863283e-16,-1.22518736e-08,6.14784168e-08,1.43819009e-05,0.394985319,0.39498547,1,0.000265334688,-0.00147307001,-0.0116158327,0.000669718619
99.92,object_red_01,RED,0.00147932429,-0.319225768,0.0600366503,5.34959584e-06,-0.0133307871,5.61166336e-16,-1.19676311e-08,6.00521216e-08,1.40482418e-05,0.394985266,0.394985448,1,0.000264823282,-0.00147306908,-0.0116158327,0.000669785064
99.96,object_red_01,RED,0.00147952802,-0.319759704,0.0600366503,4.85916486e-06,-0.0133643146,4.43395857e-16,-1.14924079e-08,5.76675118e-08,1.34903999e-05,0.39498523,0.394985411,1,0.000264310219,-0.001473068,-0.0116158327,0.000669851969
100,object_red_01,RED,0.00147971579,-0.320294973,0.0600366503,4.6145617e-06,-0.0133974063,8.75220948e-16,-1.07185147e-08,5.37842065e-08,1.25819625e-05,0.39498528,0.394985299,1,0.000263795126,-0.0014730673,-0.0116158327,0.000669919895
100.04,object_red_01,RED,0.00147990308,-0.320831556,0.0600366503,4.80348011e-06,-0.0134300128,8.32395319e-16,-1.0530975e-08,5.28431592e-08,1.23618191e-05,0.394985332,0.394985194,1,0.000263278134,-0.00147306732,-0.0116158327,0.000669989189
100.08,object_red_01,RED,0.00148010413,-0.321369433,0.0600366503,5.24997954e-06,-0.0134621303,6.68230409e-16,-1.09093786e-08,5.47419407e-08,1.28060088e-05,0.394985326,0.39498514,1,0.000262759406,-0.00147306787,-0.0116158327,0.000670059635
100.12,object_red_01,RED,0.00148032461,-0.321908583,0.0600366503,5.74385237e-06,-0.0134937122,5.32615917e-16,-1.14840289e-08,5.76254691e-08,1.34805648e-05,0.394985289,0.394985107,1,0.000262239098,-0.0014730686,-0.0116158327,0.000670130869
100.16,object_red_01,RED,0.00148056355,-0.322448987,0.0600366503,6.16548759e-06,-0.0135248469,9.75147416e-16,-1.18747946e-08,5.95862801e-08,1.39392659e-05,0.394985229,0.39498509,1,0.000261717042,-0.00147306926,-0.0116158327,0.000670202669
100.2,object_red_01,RED,0.00148081722,-0.322990625,0.0600366503,6.48525227e-06,-0.0135554769,8.10982505e-16,-1.21118056e-08,6.07755717e-08,1.42174816e-05,0.39498517,0.39498507,1,0.000261193297,-0.00147306976,-0.0116158327,0.000670274931
100.24,object_red_01,RED,0.00148108167,-0.323533479,0.0600366503,6.71117595e-06,-0.0135856236,7.43175259e-16,-1.22079893e-08,6.12582106e-08,1.43303872e-05,0.394985116,0.394985045,1,0.000260667816,-0.00147307007,-0.0116158327,0.000670347654
100.28,object_red_01,RED,0.00148135338,-0.324077528,0.0600366503,6.85464341e-06,-0.0136152731,5.9685436e-16,-1.22027816e-08,6.1232083e-08,1.43242749e-05,0.394985057,0.394985023,1,0.000260140686,-0.00147307021,-0.0116158327,0.000670420847
100.32,object_red_01,RED,0.00148162928,-0.324622753,0.0600366503,6.92493519e-06,-0.0136443876,5.11203102e-16,-1.21856643e-08,6.11461921e-08,1.43041821e-05,0.394985009,0.394984992,1,0.000259611936,-0.0014730702,-0.0116158327,0.000670494521
100.36,object_red_01,RED,0.00148190644,-0.325169132,0.0600366503,6.92142184e-06,-0.0136730482,8.85927356e-16,-1.2060666e-08,6.05189646e-08,1.41574522e-05,0.39498495,0.394984971,1,0.000259081391,-0.00147307004,-0.0116158327,0.000670568705
100.4,object_red_01,RED,0.00148218199,-0.325716645,0.0600366503,6.84690889e-06,-0.0137011537,1.32132125e-15,-1.19744545e-08,6.00863644e-08,1.4056252e-05,0.394984897,0.394984944,1,0.000258549206,-0.00147306974,-0.0116158327,0.000670643389
100.44,object_red_01,RED,0.00148245289,-0.326265273,0.0600366503,6.69204304e-06,-0.0137287587,6.46817594e-16,-1.18123254e-08,5.92728168e-08,1.38659358e-05,0.394984841,0.394984919,1,0.000258015333,-0.00147306928,-0.0116158327,0.000670718573
100.48,object_red_01,RED,0.00148271584,-0.326814994,0.0600366503,6.45304997e-06,-0.0137558313,5.46891127e-16,-1.16104724e-08,5.82599482e-08,1.36289911e-05,0.39498478,0.394984898,1,0.000257479814,-0.00147306865,-0.0116158327,0.000670794243
100.52,object_red_01,RED,0.00148296741,-0.327365786,0.0600366503,6.12752786e-06,-0.0137823762,4.61239869e-16,-1.13717444e-08,5.70620393e-08,1.33487594e-05,0.394984729,0.394984868,1,0.000256942586,-0.00147306785,-0.0116158327,0.000670870405
100.56,object_red_01,RED,0.00148320411,-0.32791763,0.0600366503,5.71313558e-06,-0.0138084299,8.1812011e-16,-1.10477316e-08,5.54361805e-08,1.29684152e-05,0.394984664,0.394984849,1,0.000256403565,-0.00147306687,-0.0116158327,0.000670947072
100.6,object_red_01,RED,0.00148326328,-0.328470838,0.0600366503,-2.2607675e-05,-0.0138886526,7.36037654e-16,7.60375972e-08,-3.81547579e-07,-8.92570053e-05,0.394953856,0.395015157,1,0.000255708809,-0.00147301115,-0.0116158327,0.000670992644
100.64,object_red_01,RED,0.00147251764,-0.329038749,0.0600366503,-0.000638736251,-0.0145759714,5.57597534e-16,1.60757249e-06,-8.06664267e-06,-0.00188706281,0.394769414,0.395183195,1,0.000252473588,-0.00147189415,-0.0116158327,0.000670366652
100.68,object_red_01,RED,0.00141858907,-0.329643598,0.0600366503,-0.00209243283,-0.0156407656,5.04065498e-16,5.27428035e-06,-2.64659764e-05,-0.00619129309,0.394625804,0.395294377,1,0.000247104556,-0.00146932452,-0.0116158327,0.000668658357
100.72,object_red_01,RED,0.00129729495,-0.330292308,0.0600366503,-0.00388995486,-0.0167218893,8.71652146e-16,9.95475046e-06,-4.99523719e-05,-0.0116855597,0.394603789,0.395296036,1,0.000241428027,-0.00146604457,-0.0116158327,0.000666350145
100.76,object_red_01,RED,0.00110657198,-0.330980677,0.0600366503,-0.00550219037,-0.0176085933,7.75294481e-16,1.41861205e-05,-7.11850345e-05,-0.0166526031,0.394675949,0.395224854,1,0.000236470809,-0.00146294921,-0.0116158327,0.000664153378
100.8,object_red_01,RED,0.000860959209,-0.331698453,0.0600366503,-0.00662869344,-0.0181965785,1.00790825e-16,1.71039789e-05,-8.58263258e-05,-0.0200777026,0.394792126,0.395124137,1,0.000232744972,-0.00146064935,-0.0116158327,0.000662557593
100.84,object_red_01,RED,0.000582423064,-0.332432728,0.0600366503,-0.00717279145,-0.0184473752,5.36184719e-16,1.84475688e-05,-9.25679205e-05,-0.0216547951,0.394917286,0.395020067,1,0.000230489762,-0.00145941084,-0.0116158327,0.000661754765
100.88,object_red_01,RED,0.000294366433,-0.333169793,0.0600366503,-0.00713758799,-0.0183532849,9.85853823e-16,1.82587438e-05,-9.16199964e-05,-0.0214330471,0.395038229,0.394920871,1,0.000229818459,-0.00145928469,-0.0116158327,0.000661755767
100.92,object_red_01,RED,1.94546915e-05,-0.333895875,0.0600366503,-0.00654659255,-0.0179158163,8.1812011e-16,1.66396383e-05,-8.34951619e-05,-0.0195323741,0.395154873,0.394825343,1,0.0002307975,-0.00146024698,-0.0116158327,0.000662519332
100.96,object_red_01,RED,-0.000220354931,-0.334597281,0.0600366503,-0.00540974559,-0.0171364731,2.57818131e-16,1.36478675e-05,-6.84825959e-05,-0.0160204243,0.395271803,0.394729399,1,0.000233481073,-0.00146227784,-0.0116158327,0.000664025554
101,object_red_01,RED,-0.000403111704,-0.335260313,0.0600366503,-0.00371929937,-0.016014088,5.79010348e-16,9.2839953e-06,-4.6585202e-05,-0.0108978762,0.395390187,0.394632708,1,0.000237922188,-0.00146538574,-0.0116158327,0.000666298905
101.04,object_red_01,RED,-0.000506297361,-0.335871138,0.0600366503,-0.00145634164,-0.0145424699,4.79083881e-16,3.50992573e-06,-1.76119084e-05,-0.00412003097,0.395515643,0.394530185,1,0.000244176139,-0.0014696046,-0.0116158327,0.00066940602
101.08,object_red_01,RED,-0.000506611829,-0.336415707,0.0600366503,0.00139775368,-0.0127175703,1.40697251e-15,-3.71562393e-06,1.86443277e-05,0.00436154684,0.395643141,0.394426974,1,0.000252279981,-0.00147497546,-0.0116158327,0.000673441747
101.12,object_red_01,RED,-0.000380033243,-0.336879656,0.0600366503,0.00486032243,-0.0105279371,7.82432086e-16,-1.24386526e-05,6.24142053e-05,0.0146008267,0.395775774,0.39431984,1,0.000262268183,-0.00148154465,-0.0116158327,0.000678524443
101.16,object_red_01,RED,-0.000101963431,-0.33724819,0.0600366503,0.0089431347,-0.0079628381,6.21835977e-16,-2.26945941e-05,0.000113875404,0.026639375,0.395911242,0.394210862,1,0.00027415204,-0.00148935425,-0.0116158327,0.000684788242
101.2,object_red_01,RED,0.000352622914,-0.337505901,0.0600366503,0.0136555364,-0.00500405003,5.2190951e-16,-3.4522298e-05,0.000173222732,0.0405227656,0.396046264,0.394103102,1,0.000287932601,-0.00149844811,-0.0116158327,0.00069238423
101.24,object_red_01,RED,0.00100810505,-0.337643023,0.0600366503,0.0189150228,-0.00220810556,9.28752985e-16,-4.26756563e-05,0.000214138971,0.0500944387,0.396138683,0.394043231,1,0.000301517546,-0.00150863916,-0.0116158327,0.000701395688
101.28,object_red_01,RED,0.00187757862,-0.33769563,0.0600366503,0.0242610463,-0.000645263483,8.35964122e-16,-3.68356378e-05,0.000184841716,0.0432407455,0.396118135,0.394089107,1,0.0003084392,-0.00151894317,-0.0116158327,0.000711200785
101.32,object_red_01,RED,0.00295338389,-0.337700056,0.0600366503,0.0291744812,0.000308423943,7.43175259e-16,-2.53394537e-05,0.000127155581,0.0297459854,0.395987675,0.394205995,1,0.000311006058,-0.00152868053,-0.0116158327,0.000720762881
101.36,object_red_01,RED,0.00420999055,-0.337673393,0.0600366503,0.0333032935,0.000954562283,5.57597534e-16,-1.30294984e-05,6.53834553e-05,0.0152953959,0.395796762,0.39435531,1,0.000311444183,-0.00153717824,-0.0116158327,0.00072922003
101.4,object_red_01,RED,0.00561288594,-0.337625003,0.0600366503,0.0365290373,0.00141729448,4.71946276e-16,-1.97069921e-06,9.88948818e-06,0.00231348219,0.395594227,0.394506503,1,0.000310758366,-0.00154405366,-0.0116158327,0.00073612291
101.44,object_red_01,RED,0.00712602848,-0.33756089,0.0600366503,0.0388680525,0.00175322309,8.28826517e-16,6.75925885e-06,-3.39177141e-05,-0.00793450632,0.39540143,0.394648733,1,0.000309424087,-0.00154921379,-0.0116158327,0.000741351793
101.48,object_red_01,RED,0.00871502468,-0.33748554,0.0600366503,0.0403712893,0.00198635861,1.31418364e-15,1.25303508e-05,-6.28766232e-05,-0.0147089816,0.395219621,0.394784337,1,0.000307680444,-0.00155269795,-0.0116158327,0.000744934317
101.52,object_red_01,RED,0.0103472305,-0.337402931,0.0600366503,0.0410716463,0.00212053871,6.03991965e-16,1.49790646e-05,-7.51634622e-05,-0.0175832973,0.395043695,0.394918433,1,0.000305648264,-0.00155455743,-0.0116158327,0.000746917061
101.56,object_red_01,RED,0.0119907158,-0.337317162,0.0600366503,0.0409740943,0.00214760785,5.14771905e-16,1.3912291e-05,-6.98097363e-05,-0.0163308851,0.39486861,0.395055078,1,0.000303387883,-0.0015548091,-0.0116158327,0.000747315773
101.6,object_red_01,RED,0.013613323,-0.337232829,0.0600366503,0.0400652575,0.00205195368,8.75220948e-16,9.22152875e-06,-4.62715903e-05,-0.0108245132,0.394691093,0.395196782,1,0.000300928216,-0.00155343622,-0.0116158327,0.000746114723
101.64,object_red_01,RED,0.0151840344,-0.337155848,0.0600366503,0.0385139997,0.00176619863,8.038449e-16,3.595274e-06,-1.80403352e-05,-0.00422025319,0.394632244,0.395230361,1,0.000298055753,-0.00155072502,-0.0116158327,0.000743618376
101.68,object_red_01,RED,0.0166973186,-0.337093654,0.0600366503,0.037337196,0.00137353732,6.28973582e-16,2.44362534e-06,-1.22617915e-05,-0.00286845193,0.394785014,0.395093791,1,0.000294526595,-0.00154834157,-0.0116158327,0.000741513148
101.72,object_red_01,RED,0.0181802065,-0.337044753,0.0600366503,0.0369457115,0.00111328776,5.14771905e-16,2.15693162e-06,-1.08232088e-05,-0.0025319182,0.394942453,0.394971846,1,0.000291215446,-0.00154720462,-0.0116158327,0.000740650114
101.76,object_red_01,RED,0.0196598651,-0.337002713,0.0600366503,0.0370873195,0.00101837713,9.57303404e-16,1.48977182e-06,-7.47547522e-06,-0.00174876907,0.3950244,0.394915843,1,0.0002884632,-0.00154714582,-0.0116158327,0.000740827342
101.8,object_red_01,RED,0.0211500537,-0.336961635,0.0600366503,0.0374135429,0.00105192674,8.25257715e-16,6.94424082e-07,-3.48452548e-06,-0.000815149581,0.395039811,0.394909805,1,0.000286270116,-0.0015476191,-0.0116158327,0.00074149382
101.84,object_red_01,RED,0.0226531052,-0.336917111,0.0600366503,0.0377099441,0.00118240614,7.21762445e-16,1.1231925e-07,-5.63602467e-07,-0.000131845878,0.395022945,0.394924926,1,0.000284593812,-0.00154818221,-0.0116158327,0.000742207888
101.88,object_red_01,RED,0.0241659838,-0.336865538,0.0600366503,0.0379071295,0.00139996204,5.75441546e-16,-1.68048479e-07,8.43246605e-07,0.000197264176,0.395000243,0.394941875,1,0.000283433881,-0.00154862677,-0.0116158327,0.000742758709
101.92,object_red_01,RED,0.0256847851,-0.33680336,0.0600366503,0.0380152801,0.00170954546,5.00496695e-16,-2.31201052e-07,1.16013882e-06,0.000271396083,0.39498305,0.394953603,1,0.000282823944,-0.00154891597,-0.0116158327,0.000743104204
101.96,object_red_01,RED,0.027206588,-0.336726705,0.0600366503,0.0380649135,0.00212015235,9.03771368e-16,-1.96718477e-07,9.8710965e-07,0.00023091865,0.39497223,0.39496061,1,0.000282805297,-0.00154908456,-0.0116158327,0.000743273792
102,object_red_01,RED,0.0287295558,-0.336631357,0.0600366503,0.0380777755,0.00263956098,7.96707295e-16,-1.46258966e-07,7.3390991e-07,0.000171686586,0.394965139,0.394965312,1,0.000283412163,-0.0015491724,-0.0116158327,0.000743303915
102.04,object_red_01,RED,0.0302525392,-0.33651343,0.0600366503,0.0380706549,0.00323059753,6.50386396e-16,-5.34001194e-08,2.6795547e-07,6.26839327e-05,0.394963187,0.394966257,1,0.00028450621,-0.00154921304,-0.0116158327,0.000743242306
102.08,object_red_01,RED,0.0317752932,-0.336372015,0.0600366503,0.0380700407,0.00380336336,5.32615917e-16,6.43438574e-08,-3.22869747e-07,-7.55302578e-05,0.394966961,0.394963382,1,0.000285595274,-0.00154924773,-0.0116158327,0.00074317683
102.12,object_red_01,RED,0.0332984875,-0.33620896,0.0600366503,0.0380931462,0.00431096544,4.64808671e-16,1.44879754e-07,-7.26989193e-07,-0.000170067594,0.39497336,0.394959051,1,0.000286347128,-0.00154931057,-0.0116158327,0.000743171282
102.16,object_red_01,RED,0.0348232004,-0.336027374,0.0600366503,0.0381445958,0.00473173262,8.71652146e-16,1.78140643e-07,-8.93888239e-07,-0.00020911098,0.39497993,0.394954786,1,0.000286604876,-0.00154941787,-0.0116158327,0.000743254968
102.2,object_red_01,RED,0.0363505438,-0.335830995,0.0600366503,0.0382229092,0.00505399025,7.68156876e-16,1.78792434e-07,-8.97158773e-07,-0.00020987607,0.394985978,0.39495078,1,0.000286289151,-0.00154957215,-0.0116158327,0.000743437001
102.24,object_red_01,RED,0.0378815444,-0.335623922,0.0600366503,0.0383260071,0.00527092674,5.89716755e-16,1.63004441e-07,-8.17936501e-07,-0.000191343276,0.394991486,0.39494692,1,0.000285355784,-0.00154977123,-0.0116158327,0.000743719944
102.28,object_red_01,RED,0.0394171827,-0.335410464,0.0600366503,0.0384537043,0.00537811013,5.18340707e-16,1.41613216e-07,-7.10597927e-07,-0.000166233118,0.394997044,0.394942656,1,0.000283777048,-0.00155001444,-0.0116158327,0.000744107972
102.32,object_red_01,RED,0.0409584721,-0.335195069,0.0600366503,0.0386076509,0.00537287972,8.64514541e-16,1.18000543e-07,-5.92112392e-07,-0.000138515306,0.3950029,0.394937813,1,0.000281533624,-0.00155030403,-0.0116158327,0.000744609168
102.36,object_red_01,RED,0.0425065198,-0.33498229,0.0600366503,0.0387906637,0.00525293078,7.68156876e-16,9.25456669e-08,-4.64382909e-07,-0.000108635019,0.395009138,0.394932354,1,0.000278608422,-0.00155064473,-0.0116158327,0.000745235762
102.4,object_red_01,RED,0.0440625673,-0.33477661,0.0600366503,0.0390069108,0.00503105785,5.86147953e-16,6.55779454e-08,-3.29062153e-07,-7.69788731e-05,0.395016329,0.394925761,1,0.000275035427,-0.00155104414,-0.0116158327,0.000745999533
102.44,object_red_01,RED,0.0456278994,-0.334580273,0.0600366503,0.0392497468,0.00480441785,4.82652683e-16,-2.58375472e-09,1.29649856e-08,3.032953e-06,0.395018986,0.394923198,1,0.000271256317,-0.00155149377,-0.0116158327,0.000746852366
102.48,object_red_01,RED,0.0472029844,-0.334391728,0.0600366503,0.0394894099,0.00464514932,9.68009811e-16,-8.99322529e-08,4.5126907e-07,0.000105567244,0.395015088,0.394926021,1,0.000267746397,-0.00155194873,-0.0116158327,0.000747698043
102.52,object_red_01,RED,0.0487871005,-0.334207592,0.0600366503,0.0396995028,0.00458205313,8.14551307e-16,-1.56084169e-07,7.83211339e-07,0.000183219876,0.395006668,0.394932392,1,0.000264731224,-0.00155236201,-0.0116158327,0.000748459406
102.56,object_red_01,RED,0.0503787474,-0.334023727,0.0600366503,0.0398668743,0.00462773642,7.43175259e-16,-1.8628236e-07,9.34742273e-07,0.000218668134,0.394996627,0.394940043,1,0.000262316006,-0.00155270421,-0.0116158327,0.000749088698
102.6,object_red_01,RED,0.0519761187,-0.333835614,0.0600366503,0.0399878968,0.00478958676,6.07560768e-16,-1.88214398e-07,9.44437073e-07,0.000220936078,0.394986483,0.394947971,1,0.00026055772,-0.00155296328,-0.0116158327,0.000749561357
102.64,object_red_01,RED,0.0535773556,-0.333638499,0.0600366503,0.0400625186,0.00507243015,4.75515078e-16,-1.76009829e-07,8.83196052e-07,0.000206609713,0.394976589,0.394956045,1,0.00025949249,-0.00155313633,-0.0116158327,0.000749865583
102.68,object_red_01,RED,0.0551805996,-0.333427458,0.0600366503,0.0400904176,0.00548014524,8.46670529e-16,-1.61447056e-07,8.10121814e-07,0.000189515153,0.394966665,0.394964571,1,0.000259147625,-0.00155322216,-0.0116158327,0.000749993956
102.72,object_red_01,RED,0.0567839501,-0.333197458,0.0600366503,0.0400698652,0.00601435943,7.8956969e-16,-1.49483401e-07,7.50089632e-07,0.000175471576,0.394956554,0.394973652,1,0.000259542112,-0.00155321797,-0.0116158327,0.000749940369
102.76,object_red_01,RED,0.0583854725,-0.332943595,0.0600366503,0.0400040017,0.00665732804,6.18267175e-16,-1.04001485e-07,5.21867003e-07,0.000122082509,0.394949609,0.394980012,1,0.000260622243,-0.00155312997,-0.0116158327,0.000749718771
102.8,object_red_01,RED,0.0599839784,-0.332663558,0.0600366503,0.0399266477,0.00730534804,5.2190951e-16,1.96004635e-08,-9.8352732e-08,-2.30080625e-05,0.394951276,0.394978696,1,0.000261882488,-0.00155301858,-0.0116158327,0.000749453472
102.84,object_red_01,RED,0.0615797877,-0.332358818,0.0600366503,0.0398722341,0.00788840932,9.2161538e-16,1.3182657e-07,-6.61489933e-07,-0.00015474508,0.39495842,0.394972759,1,0.000262839585,-0.00155294425,-0.0116158327,0.000749263542
102.88,object_red_01,RED,0.063174218,-0.332032697,0.0600366503,0.0398571225,0.00837578552,2.97074958e-16,1.92866041e-07,-9.6777857e-07,-0.00022639645,0.394967386,0.394965244,1,0.000263259792,-0.00155293903,-0.0116158327,0.00074920774
102.92,object_red_01,RED,0.0647689445,-0.331689383,0.0600366503,0.0398848979,0.00875168943,1.14288113e-15,2.07713466e-07,-1.04228104e-06,-0.000243825124,0.394976207,0.394957579,1,0.000263029307,-0.00155301309,-0.0116158327,0.000749308989
102.96,object_red_01,RED,0.066365667,-0.331333545,0.0600366503,0.0399546225,0.00900681145,6.07560768e-16,1.95304205e-07,-9.80012801e-07,-0.000229258457,0.394984628,0.394949794,1,0.000262086334,-0.00155316639,-0.0116158327,0.000749575336
103,object_red_01,RED,0.067966047,-0.330970141,0.0600366503,0.0400657803,0.00913553877,4.75515078e-16,1.70549492e-07,-8.55796627e-07,-0.000200200052,0.394992802,0.394941744,1,0.000260393527,-0.00155339766,-0.0116158327,0.000750012692
103.04,object_red_01,RED,0.0695717669,-0.330604311,0.0600366503,0.0402198531,0.00913422734,8.64514541e-16,1.41541288e-07,-7.10236979e-07,-0.000166148681,0.395001151,0.394933094,1,0.000257925613,-0.00155370856,-0.0116158327,0.000750630758
103.08,object_red_01,RED,0.071184601,-0.330241301,0.0600366503,0.0404197708,0.00900085275,7.96707295e-16,1.10566112e-07,-5.5480731e-07,-0.000129788374,0.395010306,0.394923287,1,0.000254664709,-0.00155410365,-0.0116158327,0.000751443709
103.12,object_red_01,RED,0.0728064587,-0.329886066,0.0600366503,0.0406678675,0.00876620203,6.00423163e-16,7.17090263e-08,-3.59827143e-07,-8.41758552e-05,0.39501805,0.394914873,1,0.000250707888,-0.00155458442,-0.0116158327,0.000752449578
103.16,object_red_01,RED,0.0744388702,-0.329540151,0.0600366503,0.040939377,0.00855135008,5.36184719e-16,-1.82744922e-08,9.16991954e-08,2.14515727e-05,0.395018643,0.394913949,1,0.0002466541,-0.00155509777,-0.0116158327,0.000753521164
103.2,object_red_01,RED,0.0760818701,-0.329201103,0.0600366503,0.0411917547,0.00842474877,9.46596997e-16,-1.20231852e-07,6.03308735e-07,0.000141134514,0.395011126,0.394920768,1,0.000242989679,-0.00155557329,-0.0116158327,0.000754518911
103.24,object_red_01,RED,0.0777339987,-0.328864795,0.0600366503,0.0413947339,0.00841136568,7.82432086e-16,-1.89675329e-07,9.51767689e-07,0.000222650961,0.394999242,0.394931496,1,0.000239932317,-0.00155596061,-0.0116158327,0.000755354873
103.28,object_red_01,RED,0.0793929447,-0.328526421,0.0600366503,0.0415346036,0.00852324517,6.2540478e-16,-2.1738741e-07,1.09082365e-06,0.000255180898,0.394985874,0.394943715,1,0.000237586417,-0.00155623228,-0.0116158327,0.000755978972
103.32,object_red_01,RED,0.0810560889,-0.328180807,0.0600366503,0.0416078127,0.00876774411,5.43322324e-16,-2.15282829e-07,1.0802632e-06,0.000252710447,0.394972537,0.394956315,1,0.0002360113,-0.00155637836,-0.0116158327,0.000756365976
103.36,object_red_01,RED,0.082720753,-0.327822532,0.0600366503,0.0416138877,0.00915016205,9.89422626e-16,-2.00364157e-07,1.00540313e-06,0.000235198121,0.394959269,0.394969404,1,0.000235246547,-0.00155639645,-0.0116158327,0.000756502815
103.4,object_red_01,RED,0.0843842348,-0.327446011,0.0600366503,0.0415517984,0.00967333115,8.50239331e-16,-1.83931784e-07,9.22947474e-07,0.000215908927,0.394946135,0.394982897,1,0.000235319314,-0.00155628477,-0.0116158327,0.000756381161
103.44,object_red_01,RED,0.0860437712,-0.3270456,0.0600366503,0.0414210451,0.0103340337,7.71725678e-16,-1.57195442e-07,7.8878782e-07,0.000184524403,0.394934367,0.394995477,1,0.000236234043,-0.00155604351,-0.0116158327,0.000756000686
103.48,object_red_01,RED,0.087697161,-0.326617326,0.0600366503,0.0412560066,0.0110411548,5.79010348e-16,-3.32904256e-08,1.67047471e-07,3.90781062e-05,0.394933672,0.394997037,1,0.000237595364,-0.00155574631,-0.0116158327,0.000755497401
103.52,object_red_01,RED,0.089344211,-0.326161714,0.0600366503,0.0411102802,0.0116929399,5.04065498e-16,1.10140023e-07,-5.52669459e-07,-0.000129288256,0.394941421,0.394989957,1,0.000238757576,-0.00155549876,-0.0116158327,0.000755075616
103.56,object_red_01,RED,0.0909864142,-0.325682019,0.0600366503,0.0410142583,0.0122454795,9.10908972e-16,2.01802296e-07,-1.01261969e-06,-0.00023688632,0.39495271,0.3949791,1,0.000239377515,-0.0015553524,-0.0116158327,0.000754837144
103.6,object_red_01,RED,0.0926260274,-0.325182706,0.0600366503,0.0409784285,0.0126773472,8.1812011e-16,2.34514809e-07,-1.17676698e-06,-0.000275285978,0.394964581,0.394967156,1,0.000239292345,-0.00155532461,-0.0116158327,0.000754822532
103.64,object_red_01,RED,0.0942654993,-0.324668882,0.0600366503,0.0410040622,0.0129760126,7.1462484e-16,2.27877141e-07,-1.14345986e-06,-0.000267494304,0.394976174,0.394954785,1,0.000238415805,-0.00155541718,-0.0116158327,0.000755046909
103.68,object_red_01,RED,0.0959072796,-0.324146045,0.0600366503,0.0410908333,0.0131340789,5.54028731e-16,2.01385039e-07,-1.01052565e-06,-0.000236396455,0.394987316,0.394942169,1,0.000236697769,-0.00155562817,-0.0116158327,0.000755518688
103.72,object_red_01,RED,0.0975538364,-0.323619925,0.0600366503,0.0412401528,0.0131468928,5.076343e-16,1.67863697e-07,-8.42319613e-07,-0.000197047319,0.394998657,0.394928769,1,0.000234106042,-0.00155595845,-0.0116158327,0.000756249152
103.76,object_red_01,RED,0.0992077331,-0.323096382,0.0600366503,0.0414552475,0.013012365,8.60945739e-16,1.32086144e-07,-6.62792206e-07,-0.000155049728,0.395010834,0.394914062,1,0.000230618948,-0.00155641261,-0.0116158327,0.000757254735
103.8,object_red_01,RED,0.100871624,-0.322580754,0.0600366503,0.0417334169,0.0127766068,7.46744062e-16,8.1636618e-08,-4.09642564e-07,-9.58293834e-05,0.395018927,0.394903793,1,0.000226391343,-0.00155697722,-0.0116158327,0.000758507749
103.84,object_red_01,RED,0.10254724,-0.32207417,0.0600366503,0.0420307957,0.0125762606,6.1112957e-16,-2.77041442e-08,1.39016042e-07,3.25205989e-05,0.395017267,0.394904971,1,0.000222127859,-0.00155754764,-0.0116158327,0.000759794552
103.88,object_red_01,RED,0.104234165,-0.321573561,0.0600366503,0.0422928402,0.0124786858,5.11203102e-16,-1.43567604e-07,7.20404662e-07,0.00016852725,0.395006394,0.394916033,1,0.000218338366,-0.00155803184,-0.0116158327,0.00076093444
103.92,object_red_01,RED,0.105930172,-0.321074252,0.0600366503,0.0424844687,0.0125075482,9.0734017e-16,-2.18962102e-07,1.09872513e-06,0.000257029325,0.394990969,0.394931747,1,0.000215246189,-0.00155837705,-0.0116158327,0.000761828435
103.96,object_red_01,RED,0.10763207,-0.320570916,0.0600366503,0.0425903129,0.0126745908,8.1812011e-16,-2.47030593e-07,1.23956954e-06,0.000289977641,0.394973979,0.394949359,1,0.000212960376,-0.00155855693,-0.0116158327,0.000762422777
104,object_red_01,RED,0.109336316,-0.320057857,0.0600366503,0.0426061712,0.0129874475,7.82432086e-16,-2.42912974e-07,1.21890793e-06,0.000285144184,0.394957113,0.394967481,1,0.000211544952,-0.00155856259,-0.0116158327,0.000762690154
104.04,object_red_01,RED,0.111039289,-0.319529124,0.0600366503,0.042531002,0.0134514548,5.86147953e-16,-2.25813827e-07,1.13310651e-06,0.000265072302,0.39494012,0.394986441,1,0.000211042448,-0.00155839182,-0.0116158327,0.000762615959
104.08,object_red_01,RED,0.112737318,-0.318978607,0.0600366503,0.0423632511,0.0140689248,-3.83924689e-17,-2.07409906e-07,1.04075785e-06,0.000243468798,0.394923368,0.395005814,1,0.000211481215,-0.00155804254,-0.0116158327,0.000762191082
104.12,object_red_01,RED,0.114426834,-0.31840054,0.0600366503,0.04211712,0.0148056284,8.75220948e-16,-1.28753847e-07,6.46071493e-07,0.00015113818,0.394914971,0.395016937,1,0.000212745461,-0.00155754924,-0.0116158327,0.000761472061
104.16,object_red_01,RED,0.116106102,-0.317792946,0.0600366503,0.0418634407,0.0155274269,8.32395319e-16,3.87425551e-08,-1.94405442e-07,-4.54780706e-05,0.394920456,0.395012535,1,0.000214133947,-0.00155707494,-0.0116158327,0.000760750726
104.2,object_red_01,RED,0.117776118,-0.317158192,0.0600366503,0.0416586982,0.016160459,6.50386396e-16,1.78687763e-07,-8.96633828e-07,-0.000209753265,0.394933028,0.39499959,1,0.000215087551,-0.00155672516,-0.0116158327,0.000760232931
104.24,object_red_01,RED,0.119439472,-0.31650059,0.0600366503,0.0415289259,0.016672161,5.57597534e-16,2.49496055e-07,-1.25194118e-06,-0.000292871789,0.394947989,0.394983253,1,0.00021534235,-0.00155653608,-0.0116158327,0.000760000718
104.28,object_red_01,RED,0.121099359,-0.315825394,0.0600366503,0.0414816488,0.0170448596,5.14771905e-16,2.61706658e-07,-1.31321232e-06,-0.000307205201,0.394962877,0.394966025,1,0.000214766363,-0.00155651508,-0.0116158327,0.000760084848
104.32,object_red_01,RED,0.12275911,-0.315138415,0.0600366503,0.0415180003,0.017267346,8.46670529e-16,2.40650351e-07,-1.20755423e-06,-0.000282488166,0.394977741,0.394947885,1,0.000213284769,-0.00155666054,-0.0116158327,0.000760499244
104.36,object_red_01,RED,0.124422083,-0.314445801,0.0600366503,0.0416388459,0.0173337176,7.64588074e-16,2.04406943e-07,-1.02568916e-06,-0.000239943718,0.394992153,0.394929393,1,0.000210853719,-0.00155697092,-0.0116158327,0.000761255461
104.4,object_red_01,RED,0.126091716,-0.31375388,0.0600366503,0.0418471357,0.0172407704,6.00423163e-16,1.62729112e-07,-8.16554865e-07,-0.000191020065,0.395007072,0.394909753,1,0.000207444569,-0.00155744932,-0.0116158327,0.000762370284
104.44,object_red_01,RED,0.127771543,-0.313068721,0.0600366503,0.0421409431,0.0170188127,5.076343e-16,1.13901944e-07,-5.71546038e-07,-0.000133704135,0.395018821,0.394893526,1,0.000203146497,-0.00155808337,-0.0116158327,0.000763825886
104.48,object_red_01,RED,0.129464023,-0.312392473,0.0600366503,0.042465584,0.0168169186,8.50239331e-16,-3.01619654e-09,1.51349669e-08,3.54058494e-06,0.395016823,0.394894302,1,0.000198676377,-0.0015587264,-0.0116158327,0.000765346926
104.52,object_red_01,RED,0.131168856,-0.311722252,0.0600366503,0.0427504508,0.016719572,7.93138493e-16,-1.38062944e-07,6.92782931e-07,0.000162065585,0.395004674,0.394907625,1,0.000194662053,-0.00155924676,-0.0116158327,0.000766677097
104.56,object_red_01,RED,0.132883375,-0.311053188,0.0600366503,0.0429487706,0.0167551127,6.64661606e-16,-2.33070933e-07,1.16952147e-06,0.000273591006,0.394986131,0.394928229,1,0.000191381806,-0.00155958053,-0.0116158327,0.0007676888
104.6,object_red_01,RED,0.134603595,-0.310379684,0.0600366503,0.0430388684,0.0169360447,5.57597534e-16,-2.73247482e-07,1.37112267e-06,0.00032075241,0.394965503,0.394951568,1,0.000188966557,-0.00155969755,-0.0116158327,0.00076831616
104.64,object_red_01,RED,0.136325011,-0.309695738,0.0600366503,0.0430137896,0.0172707139,4.61239869e-16,-2.73603256e-07,1.37290805e-06,0.00032117007,0.394944644,0.394975965,1,0.000187491933,-0.00155958716,-0.0116158327,0.000768525146
104.68,object_red_01,RED,0.138042968,-0.308995064,0.0600366503,0.0428716211,0.0177651043,8.35964122e-16,-2.55969426e-07,1.28442367e-06,0.000300470553,0.394924134,0.395000903,1,0.000187008233,-0.00155924683,-0.0116158327,0.000768297412
104.72,object_red_01,RED,0.139752748,-0.308271201,0.0600366503,0.0426105391,0.0184222176,7.86000888e-16,-2.34952218e-07,1.17896187e-06,0.000275799435,0.394903296,0.395026962,1,0.000187548793,-0.0015586747,-0.0116158327,0.000767621997
104.76,object_red_01,RED,0.141449961,-0.307518367,0.0600366503,0.0422606913,0.0191853842,6.1112957e-16,-1.24177743e-07,6.23109248e-07,0.000145766526,0.394897364,0.39503745,1,0.000188906239,-0.00155794658,-0.0116158327,0.000766618892
104.8,object_red_01,RED,0.143132991,-0.306735363,0.0600366503,0.0419155615,0.0199151352,5.54028731e-16,6.4962614e-08,-3.25974584e-07,-7.6256585e-05,0.394905738,0.39502999,1,0.000190287259,-0.00155728916,-0.0116158327,0.00076568162
104.84,object_red_01,RED,0.144803529,-0.305925178,0.0600366503,0.0416398767,0.0205427302,3.93432623e-16,2.1159212e-07,-1.06174398e-06,-0.000248378167,0.394921919,0.395011926,1,0.000191145159,-0.00155681793,-0.0116158327,0.000765038936
104.88,object_red_01,RED,0.146465043,-0.305092591,0.0600366503,0.0414620697,0.0210381645,8.35964122e-16,2.79834431e-07,-1.40417549e-06,-0.000328484591,0.39494033,0.394989943,1,0.000191224973,-0.00155656442,-0.0116158327,0.000764774288
104.92,object_red_01,RED,0.14812167,-0.304243286,0.0600366503,0.0413907877,0.021383798,6.39679989e-16,2.86070945e-07,-1.43546934e-06,-0.000335805293,0.39495895,0.39496643,1,0.000190395328,-0.00155653234,-0.0116158327,0.000764919211
104.96,object_red_01,RED,0.14977772,-0.303383505,0.0600366503,0.0414279884,0.0215687123,5.39753522e-16,2.5787886e-07,-1.29400476e-06,-0.000302711897,0.394976781,0.394942559,1,0.000188580854,-0.00155671851,-0.0116158327,0.000765489497
105,object_red_01,RED,0.151437571,-0.302519822,0.0600366503,0.0415758527,0.0215864772,4.64808671e-16,2.15918534e-07,-1.08345291e-06,-0.000253456631,0.394995572,0.394916804,1,0.000185735095,-0.0015571224,-0.0116158327,0.000766500991
105.04,object_red_01,RED,0.15310572,-0.30165896,0.0600366503,0.0418375596,0.0214379371,1.36057808e-15,1.70429336e-07,-8.5519365e-07,-0.000200058996,0.395013213,0.39489152,1,0.000181837147,-0.00155774655,-0.0116158327,0.000767970904
105.08,object_red_01,RED,0.154786322,-0.300806109,0.0600366503,0.0421815391,0.0212197704,7.43175259e-16,8.26878426e-08,-4.149174e-07,-9.70633487e-05,0.395018896,0.394880851,1,0.000177260873,-0.00155849311,-0.0116158327,0.000769732296
105.12,object_red_01,RED,0.156480783,-0.299960675,0.0600366503,0.0425161581,0.0210775612,5.54028731e-16,-6.83809088e-08,3.43127048e-07,8.02691333e-05,0.395009445,0.394890747,1,0.000172863947,-0.00155913533,-0.0116158327,0.000771374128
105.16,object_red_01,RED,0.158187084,-0.299118349,0.0600366503,0.0427683035,0.0210625536,4.9335909e-16,-2.04557604e-07,1.02644497e-06,0.000240120528,0.394990277,0.39491331,1,0.00016911763,-0.00155956121,-0.0116158327,0.000772672623
105.2,object_red_01,RED,0.159900977,-0.298273621,0.0600366503,0.042897552,0.0211923437,8.60945739e-16,-2.82735513e-07,1.41873233e-06,0.000331889936,0.394966691,0.394941625,1,0.000166227236,-0.00155972352,-0.0116158327,0.000773524196
105.24,object_red_01,RED,0.161617147,-0.297420484,0.0600366503,0.0428877322,0.0214765909,7.64588074e-16,-3.04916476e-07,1.53003392e-06,0.000357927176,0.394942147,0.39497196,1,0.00016429844,-0.00155960369,-0.0116158327,0.000773876755
105.28,object_red_01,RED,0.163329907,-0.296552592,0.0600366503,0.0427338331,0.0219231778,6.00423163e-16,-2.94520522e-07,1.4778684e-06,0.000345723878,0.394917026,0.395003958,1,0.000163399121,-0.0015591965,-0.0116158327,0.000773702184
105.32,object_red_01,RED,0.165033452,-0.29566335,0.0600366503,0.0424339094,0.0225362085,4.89790288e-16,-2.72476705e-07,1.36725522e-06,0.000319847679,0.394892668,0.395036213,1,0.000163574415,-0.0015585008,-0.0116158327,0.0007729848
105.36,object_red_01,RED,0.166722065,-0.294746319,0.0600366503,0.0420032904,0.0232907665,9.25184182e-16,-1.94364804e-07,9.75299481e-07,0.000228155846,0.394878466,0.39505826,1,0.000164754668,-0.00155755841,-0.0116158327,0.000771782156
105.4,object_red_01,RED,0.16839252,-0.293798666,0.0600366503,0.041547537,0.0240438456,8.43101727e-16,7.09648838e-09,-3.56091768e-08,-8.33020361e-06,0.394885181,0.395054268,1,0.000166209815,-0.00155664409,-0.0116158327,0.000770541041
105.44,object_red_01,RED,0.170045957,-0.292822652,0.0600366503,0.041159996,0.0247045812,7.71725678e-16,1.90762297e-07,-9.57222479e-07,-0.000223927019,0.394902908,0.395034104,1,0.00016724098,-0.00155595158,-0.0116158327,0.000769619379
105.48,object_red_01,RED,0.171686186,-0.291822843,0.0600366503,0.0408859812,0.0252356842,5.82579151e-16,2.90906483e-07,-1.45973382e-06,-0.00034148158,0.394924362,0.395007271,1,0.000167515057,-0.00155553239,-0.0116158327,0.000769146416
105.52,object_red_01,RED,0.173318157,-0.290804898,0.0600366503,0.0407419388,0.025616254,4.79083881e-16,3.14085342e-07,-1.57604225e-06,-0.000368690095,0.394946487,0.394977898,1,0.000166864668,-0.00155539351,-0.0116158327,0.000769169057
105.56,object_red_01,RED,0.174947185,-0.289775137,0.0600366503,0.0407325004,0.0258328659,8.71652146e-16,2.90848869e-07,-1.45944427e-06,-0.000341413848,0.394968647,0.394947038,1,0.000165195642,-0.00155553083,-0.0116158327,0.000769708462
105.6,object_red_01,RED,0.176578702,-0.288740292,0.0600366503,0.0408600741,0.0258781125,8.07413703e-16,2.46354945e-07,-1.2361791e-06,-0.000289184502,0.394990891,0.394914939,1,0.000162451878,-0.00155594151,-0.0116158327,0.000770781453
105.64,object_red_01,RED,0.17821827,-0.287707296,0.0600366503,0.0411283464,0.025750791,7.21762445e-16,1.96567174e-07,-9.86350123e-07,-0.000230740974,0.395011933,0.39488317,1,0.000158602444,-0.00155662782,-0.0116158327,0.000772407694
105.68,object_red_01,RED,0.179870993,-0.286681597,0.0600366503,0.041496526,0.0255483892,5.14771905e-16,1.01284644e-07,-5.08233839e-07,-0.00011889325,0.395017991,0.394869867,1,0.000154016249,-0.00155746323,-0.0116158327,0.000774383654
105.72,object_red_01,RED,0.181538516,-0.285662654,0.0600366503,0.0418512051,0.0254241977,1.02867945e-15,-6.54572158e-08,3.28456321e-07,7.68371488e-05,0.395005893,0.394882575,1,0.00014959686,-0.0015581528,-0.0116158327,0.000776198073
105.76,object_red_01,RED,0.183218348,-0.284646037,0.0600366503,0.0421060125,0.0254297908,8.50239331e-16,-2.17039097e-07,1.08907553e-06,0.000254771956,0.394983867,0.394909884,1,0.000145846631,-0.00155856311,-0.0116158327,0.000777586112
105.8,object_red_01,RED,0.184905383,-0.28362616,0.0600366503,0.0422137015,0.0255815756,7.68156876e-16,-3.05549547e-07,1.53321033e-06,0.000358670249,0.394956483,0.394944689,1,0.000142982094,-0.00155864619,-0.0116158327,0.000778435244
105.84,object_red_01,RED,0.186593265,-0.282596976,0.0600366503,0.0421548863,0.0258887562,6.36111187e-16,-3.32173066e-07,1.66680416e-06,0.000389922407,0.394927857,0.394982184,1,0.000141115915,-0.0015583848,-0.0116158327,0.000778690055
105.88,object_red_01,RED,0.188275177,-0.281552108,0.0600366503,0.041923347,0.0263587653,5.11203102e-16,-3.21750326e-07,1.61450426e-06,0.000377687672,0.394898719,0.395021491,1,0.000140319625,-0.00155777518,-0.0116158327,0.000778321099
105.92,object_red_01,RED,0.189944154,-0.280484934,0.0600366503,0.0415166426,0.026995763,9.43028194e-16,-2.97598007e-07,1.49331089e-06,0.000349336405,0.394870828,0.395060721,1,0.000140640951,-0.00155681708,-0.0116158327,0.000777311727
105.96,object_red_01,RED,0.191593584,-0.279389296,0.0600366503,0.0409702281,0.0277541471,8.32395319e-16,-1.81258934e-07,9.09535948e-07,0.000212771509,0.394860004,0.395081566,1,0.000141922712,-0.00155560702,-0.0116158327,0.000775797787
106,object_red_01,RED,0.193220695,-0.278263576,0.0600366503,0.0404225211,0.0284822457,6.78936816e-16,4.6551851e-08,-2.33591519e-07,-5.46450323e-05,0.394872071,0.395071373,1,0.000143315583,-0.0015545142,-0.0116158327,0.000774367592
106.04,object_red_01,RED,0.194827691,-0.277110761,0.0600366503,0.039970823,0.029106781,5.54028731e-16,2.32029375e-07,-1.16429577e-06,-0.000272368532,0.394893718,0.395044899,1,0.000144187542,-0.00155372344,-0.0116158327,0.000773370321
106.08,object_red_01,RED,0.196419498,-0.275935734,0.0600366503,0.0396604645,0.0295957762,4.79083881e-16,3.23345957e-07,-1.62251117e-06,-0.000379560761,0.394919153,0.395011025,1,0.000144241194,-0.00155327339,-0.0116158327,0.000772922573
106.12,object_red_01,RED,0.198002174,-0.274744345,0.0600366503,0.0395077391,0.0299300105,8.57376936e-16,3.36123572e-07,-1.68662736e-06,-0.00039455973,0.394944798,0.394974717,1,0.000143321796,-0.00155316456,-0.0116158327,0.000773067033
106.16,object_red_01,RED,0.199582152,-0.273543074,0.0600366503,0.0395180008,0.0300966643,7.68156876e-16,3.04119959e-07,-1.52603694e-06,-0.000356992149,0.394971136,0.394936092,1,0.000141338841,-0.00155339097,-0.0116158327,0.000773825739
106.2,object_red_01,RED,0.201166018,-0.272338774,0.0600366503,0.0396944611,0.0300895143,6.03991965e-16,2.52138823e-07,-1.26520186e-06,-0.000295973916,0.394996308,0.39489736,1,0.000138238743,-0.00155394983,-0.0116158327,0.000775217509
106.24,object_red_01,RED,0.202760444,-0.271138277,0.0600366503,0.040032635,0.0299269126,5.11203102e-16,1.91345455e-07,-9.60148098e-07,-0.000224611426,0.395016552,0.394863587,1,0.000134054653,-0.00155481878,-0.0116158327,0.000777222246
106.28,object_red_01,RED,0.204370156,-0.269944815,0.0600366503,0.0404309862,0.0297675246,8.89496158e-16,4.48870901e-08,-2.25237763e-07,-5.26908055e-05,0.395012126,0.394862858,1,0.000129504946,-0.00155569524,-0.0116158327,0.000779357363
106.32,object_red_01,RED,0.205994721,-0.268755578,0.0600366503,0.040761456,0.0297184799,8.43101727e-16,-1.41254085e-07,7.08795628e-07,0.000165811501,0.394992053,0.394887154,1,0.000125394004,-0.0015562886,-0.0116158327,0.000781115273
106.36,object_red_01,RED,0.207629612,-0.267565455,0.0600366503,0.0409453817,0.0298070838,6.57524001e-16,-2.81409719e-07,1.41207944e-06,0.0003303336,0.394963539,0.394924604,1,0.000122076964,-0.00155650776,-0.0116158327,0.000782298884
106.4,object_red_01,RED,0.209268064,-0.266368721,0.0600366503,0.0409449875,0.0300428925,5.54028731e-16,-3.47777227e-07,1.74510379e-06,0.000408239363,0.394931826,0.394967591,1,0.000119714589,-0.00155632426,-0.0116158327,0.000782825271
106.44,object_red_01,RED,0.210902353,-0.265159315,0.0600366503,0.0407457992,0.030434301,4.75515078e-16,-3.57255191e-07,1.79266331e-06,0.000419365156,0.39489858,0.3950138,1,0.00011840241,-0.00155572994,-0.0116158327,0.000782650932
106.48,object_red_01,RED,0.212524414,-0.26393088,0.0600366503,0.0403432711,0.030987121,8.43101727e-16,-3.37827385e-07,1.69517704e-06,0.00039655979,0.394866284,0.395060512,1,0.000118203929,-0.00155472498,-0.0116158327,0.000781752109
106.52,object_red_01,RED,0.21412614,-0.262676976,0.0600366503,0.0397461926,0.0316918078,7.86000888e-16,-2.75443042e-07,1.38214032e-06,0.000323329809,0.394842704,0.395098983,1,0.00011911779,-0.00155333861,-0.0116158327,0.000780155341
106.56,object_red_01,RED,0.215701989,-0.261393852,0.0600366503,0.0390827268,0.0324197606,6.21835977e-16,-5.44223988e-08,2.73085428e-07,6.38840026e-05,0.394848815,0.395099721,1,0.000120523207,-0.00155192862,-0.0116158327,0.000778389158
106.6,object_red_01,RED,0.217252563,-0.260083159,0.0600366503,0.0384958601,0.0330645552,5.43322324e-16,1.77592733e-07,-8.91139233e-07,-0.000208467891,0.394870796,0.395074019,1,0.000121606482,-0.00155083681,-0.0116158327,0.000777023772
106.64,object_red_01,RED,0.218782644,-0.258749168,0.0600366503,0.0380582442,0.0335863091,9.43028194e-16,3.17786257e-07,-1.59461345e-06,-0.00037303453,0.394898482,0.395036497,1,0.000121964026,-0.00155014645,-0.0116158327,0.000776258271
106.68,object_red_01,RED,0.220298923,-0.257397296,0.0600366503,0.0377995696,0.0339629298,7.93138493e-16,3.61093627e-07,-1.81192421e-06,-0.00042387094,0.394927812,0.394994066,1,0.000121395649,-0.0015498634,-0.0116158327,0.000776157746
106.72,object_red_01,RED,0.22180881,-0.256033689,0.0600366503,0.0377301595,0.0341789793,6.43248792e-16,3.41474599e-07,-1.71347804e-06,-0.000400841021,0.394957761,0.394948892,1,0.000119786832,-0.00154997968,-0.0116158327,0.00077675086
106.76,object_red_01,RED,0.223319974,-0.254664975,0.0600366503,0.0378544925,0.0342256278,5.32615917e-16,2.91184142e-07,-1.46112651e-06,-0.000341807383,0.394987624,0.394902235,1,0.000117068391,-0.00155048954,-0.0116158327,0.000778058167
106.8,object_red_01,RED,0.224840241,-0.253297968,0.0600366503,0.0381732971,0.0341077677,9.89422626e-16,2.31074506e-07,-1.15950365e-06,-0.000271247497,0.395012754,0.394859511,1,0.000113221689,-0.00155138349,-0.0116158327,0.000780085175
106.84,object_red_01,RED,0.226375933,-0.251936988,0.0600366503,0.0385923672,0.0339590195,8.14551307e-16,9.39202598e-08,-4.71280153e-07,-0.000110248523,0.395012162,0.394850715,1,0.000108800639,-0.00155237317,-0.0116158327,0.000782397107
106.88,object_red_01,RED,0.227927624,-0.250580072,0.0600366503,0.0389546627,0.0339098245,7.64588074e-16,-1.08174089e-07,5.42804301e-07,0.000126980461,0.394991341,0.394875049,1,0.000104697702,-0.00155305566,-0.0116158327,0.000784336209
106.92,object_red_01,RED,0.22949078,-0.249222419,0.0600366503,0.0391615632,0.033991343,5.79010348e-16,-2.74502951e-07,1.37742205e-06,0.000322226053,0.394960904,0.394916291,1,0.000101334786,-0.00155330332,-0.0116158327,0.000785643169
106.96,object_red_01,RED,0.231058007,-0.247858608,0.0600366503,0.0391633756,0.0342118614,5.04065498e-16,-3.62793746e-07,1.82045474e-06,0.000425866526,0.394925667,0.394965773,1,9.88955832e-05,-0.00155308374,-0.0116158327,0.000786221112
107,object_red_01,RED,0.23262062,-0.246482934,0.0600366503,0.038940249,0.0345783435,8.89496158e-16,-3.83543985e-07,1.92457725e-06,0.000450224332,0.394889397,0.395018433,1,9.74842629e-05,-0.00155239005,-0.0116158327,0.000786023027
107.04,object_red_01,RED,0.234169454,-0.245089418,0.0600366503,0.0384852889,0.0350973572,7.36037654e-16,-3.67548975e-07,1.84431638e-06,0.000431448573,0.394852363,0.395073531,1,9.71718195e-05,-0.00155122321,-0.0116158327,0.000785021795
107.08,object_red_01,RED,0.235695247,-0.243671951,0.0600366503,0.0378064622,0.0357618859,5.93285558e-16,-3.06987925e-07,1.54042877e-06,0.000360358882,0.394826465,0.395118185,1,9.79714488e-05,-0.00154961262,-0.0116158327,0.000783238615
107.12,object_red_01,RED,0.237191441,-0.242226817,0.0600366503,0.0370443829,0.0364523452,5.076343e-16,-7.57476977e-08,3.80093324e-07,8.89168015e-05,0.394832352,0.395121379,1,9.93063842e-05,-0.00154796099,-0.0116158327,0.000781242505
107.16,object_red_01,RED,0.23865851,-0.240755553,0.0600366503,0.036365856,0.0370631748,8.82358553e-16,1.76193913e-07,-8.84120137e-07,-0.000206825884,0.394856589,0.395092682,1,0.000100353346,-0.00154668382,-0.0116158327,0.000779694655
107.2,object_red_01,RED,0.24010178,-0.239262214,0.0600366503,0.0358550833,0.0375577477,8.28826517e-16,3.31709325e-07,-1.6644778e-06,-0.000389378185,0.394887338,0.3950496,1,0.000100703392,-0.00154587601,-0.0116158327,0.000778817044
107.24,object_red_01,RED,0.241528823,-0.237751918,0.0600366503,0.0355477353,0.0379148892,6.71799211e-16,3.82381974e-07,-1.9187466e-06,-0.000448860343,0.394920508,0.395000056,1,0.000100152023,-0.00154554076,-0.0116158327,0.000778679027
107.28,object_red_01,RED,0.242948094,-0.236230505,0.0600366503,0.0354568652,0.0381191642,5.36184719e-16,3.63023147e-07,-1.82160601e-06,-0.000426135845,0.394953154,0.394948532,1,9.85797488e-05,-0.00154566737,-0.0116158327,0.000779311246
107.32,object_red_01,RED,0.244368384,-0.23470431,0.0600366503,0.0355884618,0.0381610632,5.04065498e-16,3.10040779e-07,-1.55574681e-06,-0.000363942301,0.394987491,0.39489359,1,9.59133997e-05,-0.0015462487,-0.0116158327,0.000780735593
107.36,object_red_01,RED,0.245798619,-0.233179784,0.0600366503,0.035937605,0.0380526458,8.35964122e-16,2.42106402e-07,-1.21486029e-06,-0.000284197305,0.395012164,0.394847907,1,9.21548259e-05,-0.00154725821,-0.0116158327,0.000782934309
107.4,object_red_01,RED,0.247245349,-0.231660307,0.0600366503,0.0363749509,0.0379398352,7.43175259e-16,8.15239245e-08,-4.09076818e-07,-9.56970388e-05,0.395007137,0.394843463,1,8.79458499e-05,-0.00154829884,-0.0116158327,0.000785327516
107.44,object_red_01,RED,0.248708238,-0.230143277,0.0600366503,0.0367275294,0.0379321851,6.00423163e-16,-1.35793131e-07,6.81393218e-07,0.000159401142,0.394981965,0.394874473,1,8.41204415e-05,-0.00154893883,-0.0116158327,0.000787229678
107.48,object_red_01,RED,0.250181574,-0.228623955,0.0600366503,0.0368947716,0.038049119,5.18340707e-16,-3.05576336e-07,1.53334446e-06,0.00035870163,0.394947233,0.39492339,1,8.10444623e-05,-0.00154906468,-0.0116158327,0.000788404876
107.52,object_red_01,RED,0.251656783,-0.227097269,0.0600366503,0.0368279574,0.0382947153,8.82358553e-16,-3.90560471e-07,1.9597848e-06,0.000458460584,0.394908125,0.394980632,1,7.88792665e-05,-0.00154865516,-0.0116158327,0.000788771289
107.56,object_red_01,RED,0.253124039,-0.225557958,0.0600366503,0.0365079961,0.0386746519,8.00276098e-16,-4.06371252e-07,2.03912174e-06,0.000477020199,0.394869345,0.395039976,1,7.77220685e-05,-0.00154770945,-0.0116158327,0.000788288618
107.6,object_red_01,RED,0.254573032,-0.224000502,0.0600366503,0.0359270418,0.03919584,6.43248792e-16,-3.88072585e-07,1.94730138e-06,0.000455540282,0.394828139,0.395103582,1,7.76445089e-05,-0.0015462289,-0.0116158327,0.000786928948
107.64,object_red_01,RED,0.255993622,-0.222419481,0.0600366503,0.0351178244,0.0398328779,5.46891127e-16,-2.81854395e-07,1.41431206e-06,0.000330855874,0.394809222,0.395143705,1,7.8586327e-05,-0.00154431201,-0.0116158327,0.000784803786
107.68,object_red_01,RED,0.257380409,-0.220812879,0.0600366503,0.0342746078,0.0404549584,4.36258252e-16,-1.07512643e-08,5.39488918e-08,1.26204848e-05,0.394823716,0.395135409,1,7.98152289e-05,-0.0015425256,-0.0116158327,0.000782700562
107.72,object_red_01,RED,0.258735748,-0.219183109,0.0600366503,0.0335572775,0.0409897641,8.25257715e-16,2.36908902e-07,-1.18878079e-06,-0.000278096412,0.394852781,0.395097615,1,8.06412242e-05,-0.00154122569,-0.0116158327,0.000781194146
107.76,object_red_01,RED,0.260066473,-0.217534251,0.0600366503,0.0330417966,0.0414116545,7.53881666e-16,3.71766239e-07,-1.86547851e-06,-0.000436399115,0.394887499,0.395046231,1,8.07406324e-05,-0.00154046761,-0.0116158327,0.000780449132
107.8,object_red_01,RED,0.261381418,-0.215871215,0.0600366503,0.0327596985,0.0417025346,5.9685436e-16,4.02644107e-07,-2.02041943e-06,-0.000472645091,0.394924358,0.394988631,1,7.99407329e-05,-0.00154024289,-0.0116158327,0.000780518369
107.84,object_red_01,RED,0.262690202,-0.21419954,0.0600366503,0.0327226211,0.0418490434,5.04065498e-16,3.69109267e-07,-1.85214535e-06,-0.00043328004,0.394960181,0.39492956,1,7.81369419e-05,-0.00154053697,-0.0116158327,0.000781427166
107.88,object_red_01,RED,0.264002768,-0.212525189,0.0600366503,0.0329372777,0.0418432968,9.50165799e-16,3.08355201e-07,-1.54728876e-06,-0.000361963675,0.394998371,0.394866397,1,7.52635511e-05,-0.00154134404,-0.0116158327,0.00078319799
107.92,object_red_01,RED,0.265328748,-0.210853635,0.0600366503,0.0333602223,0.0417382787,8.10982505e-16,2.09692543e-07,-1.05221131e-06,-0.000246148156,0.395011382,0.394831766,1,7.14758117e-05,-0.00154252554,-0.0116158327,0.00078565331
107.96,object_red_01,RED,0.266672493,-0.209185405,0.0600366503,0.0337908686,0.0416925841,6.61092804e-16,-1.27554605e-09,6.40072474e-09,1.49734661e-06,0.39499341,0.394846505,1,6.76326717e-05,-0.00154347711,-0.0116158327,0.000787926759
108,object_red_01,RED,0.268030702,-0.207516718,0.0600366503,0.034072023,0.0417574583,1.03224825e-15,-2.22076495e-07,1.11435243e-06,0.000260685087,0.394961033,0.394890858,1,6.4334674e-05,-0.00154388782,-0.0116158327,0.000789510643
108.04,object_red_01,RED,0.269395468,-0.205843055,0.0600366503,0.0341212621,0.0419355108,9.92991428e-16,-3.67378866e-07,1.84346206e-06,0.000431248725,0.39492138,0.39494988,1,6.18188176e-05,-0.00154370324,-0.0116158327,0.000790263387
108.08,object_red_01,RED,0.270756631,-0.204159869,0.0600366503,0.0339015467,0.0422287128,8.1812011e-16,-4.25314724e-07,2.13417755e-06,0.000499257002,0.394878315,0.395016013,1,6.02060182e-05,-0.00154291921,-0.0116158327,0.000790131606
108.12,object_red_01,RED,0.272103096,-0.202462447,0.0600366503,0.0333991985,0.0426422732,7.64588074e-16,-4.2361244e-07,2.12563602e-06,0.000497258843,0.394835843,0.395083951,1,5.95792161e-05,-0.00154154162,-0.0116158327,0.000789085691
108.16,object_red_01,RED,0.273423441,-0.200745873,0.0600366503,0.0326122443,0.0431786402,5.93285558e-16,-3.84527482e-07,1.92951275e-06,0.000451378911,0.394797783,0.395149028,1,5.99914039e-05,-0.00153958456,-0.0116158327,0.000787116076
108.2,object_red_01,RED,0.274708277,-0.199006484,0.0600366503,0.0316728317,0.0437570847,4.82652683e-16,-1.6241499e-07,8.14979687e-07,0.000190651568,0.394800013,0.39516399,1,6.10852827e-05,-0.00153743821,-0.0116158327,0.000784716906
108.24,object_red_01,RED,0.27595645,-0.197245049,0.0600366503,0.0308036436,0.0442751162,8.78789751e-16,1.32105697e-07,-6.62890658e-07,-0.000155072756,0.394826833,0.395134148,1,6.206415e-05,-0.0015357246,-0.0116158327,0.000782762226
108.28,object_red_01,RED,0.27717359,-0.195464756,0.0600366503,0.0301248908,0.0447014928,7.86000888e-16,3.35593202e-07,-1.6839668e-06,-0.000393937326,0.394862016,0.395082836,1,6.24891717e-05,-0.00153461133,-0.0116158327,0.000781570836
108.32,object_red_01,RED,0.278368599,-0.193669633,0.0600366503,0.0296901697,0.0450194513,1.18570676e-15,4.16473977e-07,-2.0898163e-06,-0.000488879385,0.394900563,0.395021764,1,6.21452012e-05,-0.00153410035,-0.0116158327,0.000781224752
108.36,object_red_01,RED,0.279551751,-0.19186434,0.0600366503,0.0295210087,0.0452138876,4.86221486e-16,4.08767818e-07,-2.05114727e-06,-0.000479833382,0.394940667,0.394955696,1,6.09034301e-05,-0.00153417317,-0.0116158327,0.000781755926
108.4,object_red_01,RED,0.280733877,-0.19005405,0.0600366503,0.0296263826,0.0452747114,9.35890589e-16,3.5439672e-07,-1.77831949e-06,-0.000416009651,0.394980873,0.394887314,1,5.86815924e-05,-0.00153481698,-0.0116158327,0.000783186109
108.44,object_red_01,RED,0.281925983,-0.188244079,0.0600366503,0.029997529,0.0452140799,7.93138493e-16,2.78031761e-07,-1.39512929e-06,-0.000326368382,0.395008449,0.394831367,1,5.54779553e-05,-0.00153598836,-0.0116158327,0.00078548057
108.48,object_red_01,RED,0.283135691,-0.186436751,0.0600366503,0.0304592454,0.0451682393,2.57818131e-16,9.16686327e-08,-4.59981628e-07,-0.000107605413,0.394998215,0.394829481,1,5.19073245e-05,-0.00153714293,-0.0116158327,0.000787907901
108.52,object_red_01,RED,0.284361936,-0.184629295,0.0600366503,0.0308048204,0.0452189687,5.32615917e-16,-1.52620607e-07,7.65831382e-07,0.000179154112,0.394966639,0.394869834,1,4.87005378e-05,-0.00153775269,-0.0116158327,0.000789702639
108.56,object_red_01,RED,0.285597471,-0.182817716,0.0600366503,0.0309223466,0.0453684306,4.79083881e-16,-3.39993087e-07,1.70604341e-06,0.000399101813,0.394926278,0.394930479,1,4.61555946e-05,-0.00153770776,-0.0116158327,0.000790646374
108.6,object_red_01,RED,0.286831914,-0.180998165,0.0600366503,0.0307588622,0.0456128175,8.68083344e-16,-4.32300376e-07,2.16923053e-06,0.000507457091,0.394881902,0.395000541,1,4.44051652e-05,-0.00153700287,-0.0116158327,0.000790679163
108.64,object_red_01,RED,0.288053506,-0.179166794,0.0600366503,0.0302928533,0.0459553189,7.8956969e-16,-4.49375645e-07,2.25491257e-06,0.000527501043,0.394836686,0.395074505,1,4.35378475e-05,-0.00153564687,-0.0116158327,0.000789770998
108.68,object_red_01,RED,0.289249955,-0.177319577,0.0600366503,0.029516628,0.0464006174,6.00423163e-16,-4.2687266e-07,2.14199553e-06,0.000501085891,0.394790774,0.395151222,1,4.36199875e-05,-0.00153364933,-0.0116158327,0.000787901798
108.72,object_red_01,RED,0.290409894,-0.175452927,0.0600366503,0.0285151819,0.0469056647,5.36184719e-16,-2.52009043e-07,1.26455201e-06,0.000295821882,0.394785022,0.3951819,1,4.44948865e-05,-0.00153126587,-0.0116158327,0.000785366497
108.76,object_red_01,RED,0.291529606,-0.173566765,0.0600366503,0.0275400002,0.0473681161,9.60872206e-16,5.95093211e-08,-2.98610484e-07,-6.98551889e-05,0.394808122,0.395160739,1,4.54385386e-05,-0.00152924603,-0.0116158327,0.000783138491
108.8,object_red_01,RED,0.292613797,-0.171663629,0.0600366503,0.0267471598,0.0477558844,2.97074958e-16,3.05632546e-07,-1.53362792e-06,-0.000358767929,0.394844439,0.395108673,1,4.59627207e-05,-0.00152787761,-0.0116158327,0.000781674299
108.84,object_red_01,RED,0.293671451,-0.169746768,0.0600366503,0.0262079829,0.0480564807,7.53881666e-16,4.22170392e-07,-2.11840042e-06,-0.000495566185,0.394885145,0.39504344,1,4.58374262e-05,-0.00152717538,-0.0116158327,0.000781078044
108.88,object_red_01,RED,0.29471343,-0.167819958,0.0600366503,0.0259523356,0.0482561246,5.89716755e-16,4.33409428e-07,-2.17479597e-06,-0.000508759036,0.394927708,0.394971968,1,4.49255701e-05,-0.001527116,-0.0116158327,0.000781382887
108.92,object_red_01,RED,0.295751382,-0.165887495,0.0600366503,0.0259930264,0.0483434296,5.11203102e-16,3.85215415e-07,-1.93296395e-06,-0.000452186272,0.394968998,0.394899093,1,4.31356439e-05,-0.00152768292,-0.0116158327,0.000782611444
108.96,object_red_01,RED,0.296797259,-0.163953944,0.0600366503,0.0263295705,0.0483207052,9.35890589e-16,3.13406375e-07,-1.57263484e-06,-0.000367892989,0.395005799,0.394829643,1,4.04316599e-05,-0.00152884949,-0.0116158327,0.000784756643
109,object_red_01,RED,0.297860366,-0.162021823,0.0600366503,0.0268013322,0.0482982266,7.8956969e-16,1.37826633e-07,-6.91596742e-07,-0.000161788098,0.39499635,0.394821263,1,3.72699055e-05,-0.00153011469,-0.0116158327,0.00078718103
109.04,object_red_01,RED,0.298940807,-0.16008887,0.0600366503,0.0271717404,0.0483612532,6.96780828e-16,-1.18031418e-07,5.92267152e-07,0.000138551511,0.394965917,0.394858663,1,3.43684096e-05,-0.00153081939,-0.0116158327,0.000788994836
109.08,object_red_01,RED,0.30003148,-0.158151601,0.0600366503,0.027309753,0.0485075575,5.68303941e-16,-3.28834021e-07,1.65004851e-06,0.000386002694,0.394924052,0.39492227,1,3.20307875e-05,-0.00153080915,-0.0116158327,0.000789933318
109.12,object_red_01,RED,0.301121622,-0.156206926,0.0600366503,0.0271533519,0.0487271832,5.11203102e-16,-4.41019856e-07,2.2129837e-06,0.000517692454,0.394878196,0.394996777,1,3.03821633e-05,-0.00153008195,-0.0116158327,0.000789941613
109.16,object_red_01,RED,0.302198833,-0.154251934,0.0600366503,0.0266765803,0.0490203867,8.68083344e-16,-4.69040244e-07,2.35358708e-06,0.000550584381,0.394829975,0.395077252,1,2.95068242e-05,-0.0015286527,-0.0116158327,0.000788996415
109.2,object_red_01,RED,0.303250056,-0.152283591,0.0600366503,0.0258699545,0.0493912561,7.86000888e-16,-4.4991537e-07,2.25762106e-06,0.00052813465,0.39478448,0.395157376,1,2.94721122e-05,-0.00152653439,-0.0116158327,0.000787079653
109.24,object_red_01,RED,0.304262948,-0.150299115,0.0600366503,0.0248084273,0.0498103766,6.2540478e-16,-2.86651005e-07,1.43838127e-06,0.000336486482,0.394772353,0.395198754,1,3.01795067e-05,-0.00152396013,-0.0116158327,0.000784442654
109.28,object_red_01,RED,0.305232907,-0.148298519,0.0600366503,0.0237623937,0.0501910329,5.04065498e-16,3.68973342e-08,-1.85146141e-07,-4.3312006e-05,0.394797827,0.395177121,1,3.09986511e-05,-0.00152175278,-0.0116158327,0.000782094063
109.32,object_red_01,RED,0.306164571,-0.146283928,0.0600366503,0.0229034841,0.0505120837,9.50165799e-16,3.01724199e-07,-1.51401635e-06,-0.000354180111,0.394835086,0.395122978,1,3.1482501e-05,-0.00152025134,-0.0116158327,0.000780526805
109.36,object_red_01,RED,0.307067321,-0.144257861,0.0600366503,0.0223117682,0.0507666168,8.50239331e-16,4.32317731e-07,-2.16931862e-06,-0.00050747769,0.394877826,0.395053022,1,3.14196219e-05,-0.00151947273,-0.0116158327,0.000779843542
109.4,object_red_01,RED,0.307952663,-0.14222321,0.0600366503,0.0220214804,0.0509431593,7.71725678e-16,4.50009341e-07,-2.25809235e-06,-0.000528244902,0.394921103,0.394977479,1,3.0679805e-05,-0.00151938842,-0.0116158327,0.000780072446
109.44,object_red_01,RED,0.308833005,-0.140183338,0.0600366503,0.0220476498,0.0510306563,5.79010348e-16,4.03211654e-07,-2.02326689e-06,-0.000473311213,0.394967275,0.394896223,1,2.91729788e-05,-0.00151997802,-0.0116158327,0.000781233221
109.48,object_red_01,RED,0.309721105,-0.138141871,0.0600366503,0.0223878078,0.0510321795,4.89790288e-16,3.27408283e-07,-1.64289466e-06,-0.000384329162,0.395001804,0.394825524,1,2.68635766e-05,-0.00152120686,-0.0116158327,0.000783310974
109.52,object_red_01,RED,0.310626672,-0.136100523,0.0600366503,0.0228641765,0.0510464116,8.50239331e-16,1.42881434e-07,-7.16961068e-07,-0.00016772168,0.39499225,0.394815795,1,2.41694863e-05,-0.00152251517,-0.0116158327,0.0007856252
109.56,object_red_01,RED,0.311549475,-0.134056976,0.0600366503,0.0232249475,0.0511387228,7.8956969e-16,-1.24782216e-07,6.26141817e-07,0.000146475952,0.39495831,0.394857918,1,2.17147312e-05,-0.00152319684,-0.0116158327,0.000787274916
109.6,object_red_01,RED,0.312481791,-0.132008331,0.0600366503,0.0233372061,0.0512945885,6.14698372e-16,-3.42731687e-07,1.71978526e-06,0.0004023165,0.394914882,0.39492592,1,1.9743904e-05,-0.00152310357,-0.0116158327,0.000788022539
109.64,object_red_01,RED,0.313412197,-0.129952407,0.0600366503,0.023138418,0.0514990351,5.25478312e-16,-4.57825738e-07,2.29731355e-06,0.000537420085,0.394866816,0.395006152,1,1.83561248e-05,-0.0015222446,-0.0116158327,0.000787833487
109.68,object_red_01,RED,0.314327625,-0.127887331,0.0600366503,0.0226026877,0.0517502564,9.75147416e-16,-4.85381096e-07,2.43558352e-06,0.000569766148,0.394819672,0.395089401,1,1.76254742e-05,-0.00152064185,-0.0116158327,0.000786694735
109.72,object_red_01,RED,0.315214333,-0.125811146,0.0600366503,0.0217190422,0.052052451,8.53808134e-16,-4.65693606e-07,2.33679436e-06,0.000546655987,0.394769561,0.395178023,1,1.76170975e-05,-0.00151830928,-0.0116158327,0.000784589586
109.76,object_red_01,RED,0.316059733,-0.123722212,0.0600366503,0.0205924893,0.0523742952,7.64588074e-16,-2.71562352e-07,1.36266835e-06,0.000318774643,0.39476622,0.395211677,1,1.82119084e-05,-0.00151557166,-0.0116158327,0.0007818612
109.8,object_red_01,RED,0.316860144,-0.121621156,0.0600366503,0.0195069266,0.052656709,6.2540478e-16,6.51499342e-08,-3.2691439e-07,-7.64764387e-05,0.394794367,0.395185021,1,1.88659749e-05,-0.00151330257,-0.0116158327,0.000779531048
109.84,object_red_01,RED,0.317621151,-0.119509735,0.0600366503,0.0186301996,0.052895426,5.18340707e-16,3.28036731e-07,-1.64604952e-06,-0.000385067178,0.394833941,0.395125193,1,1.92343956e-05,-0.0015118035,-0.0116158327,0.000778019081
109.88,object_red_01,RED,0.318352926,-0.117389681,0.0600366503,0.0180392294,0.0530895416,9.0734017e-16,4.50803762e-07,-2.26207926e-06,-0.000529177571,0.394877652,0.395050628,1,1.91498836e-05,-0.0015110728,-0.0116158327,0.000777395625
109.92,object_red_01,RED,0.319067704,-0.115262963,0.0600366503,0.0177679619,0.0532294127,8.038449e-16,4.61361748e-07,-2.31505731e-06,-0.000541570953,0.394924517,0.394967844,1,1.84991228e-05,-0.00151107677,-0.0116158327,0.000777679153
109.96,object_red_01,RED,0.319778613,-0.113131962,0.0600366503,0.0178306075,0.053305746,7.18193642e-16,4.07968457e-07,-2.04713591e-06,-0.000478894991,0.394969672,0.39488391,1,1.72007998e-05,-0.00151179174,-0.0116158327,0.000778883843
110,object_red_01,RED,0.320499009,-0.110999204,0.0600366503,0.0182129857,0.0533280636,5.54028731e-16,3.22949826e-07,-1.62052256e-06,-0.000379095564,0.395000936,0.394814126,1,1.52437288e-05,-0.00151314847,-0.0116158327,0.000780953038
110.04,object_red_01,RED,0.321237604,-0.108865012,0.0600366503,0.018683051,0.0533905364,4.75515078e-16,1.06522856e-07,-5.34518157e-07,-0.000125042054,0.394982517,0.394816707,1,1.30750841e-05,-0.00151441329,-0.0116158327,0.000783033129
110.08,object_red_01,RED,0.321992322,-0.106726879,0.0600366503,0.0189987158,0.0535183807,8.75220948e-16,-1.70268682e-07,8.54387208e-07,0.000199870344,0.39494456,0.394867579,1,1.1158263e-05,-0.00151494413,-0.0116158327,0.000784345483
110.12,object_red_01,RED,0.322754163,-0.104582759,0.0600366503,0.0190396516,0.0536835561,7.71725678e-16,-3.79672089e-07,1.90514765e-06,0.000445679095,0.394899006,0.394942041,1,9.64379157e-06,-0.00151464764,-0.0116158327,0.000784740782
110.16,object_red_01,RED,0.323510838,-0.102431587,0.0600366503,0.0187513104,0.0538685798,6.00423163e-16,-4.81143755e-07,2.4143206e-06,0.000564792028,0.394851241,0.395026087,1,8.59859961e-06,-0.00151355013,-0.0116158327,0.000784213212
110.2,object_red_01,RED,0.324248617,-0.100272639,0.0600366503,0.0181099429,0.0540720155,5.076343e-16,-5.00262582e-07,2.51025704e-06,0.000587234835,0.394800127,0.395117293,1,8.08686121e-06,-0.00151167639,-0.0116158327,0.000782756352
110.24,object_red_01,RED,0.324953198,-0.098105124,0.0600366503,0.017112162,0.0542955283,9.28752985e-16,-4.62180845e-07,2.31916804e-06,0.000542532586,0.394757315,0.395202209,1,8.16264183e-06,-0.001509057,-0.0116158327,0.000780373038
110.28,object_red_01,RED,0.325612888,-0.095928744,0.0600366503,0.0159289161,0.0545066378,8.43101727e-16,-2.06704935e-07,1.03722168e-06,0.000242641554,0.394765525,0.395220634,1,8.64771499e-06,-0.00150623009,-0.0116158327,0.000777623793
110.32,object_red_01,RED,0.326226605,-0.0937446909,0.0600366503,0.014842647,0.0546824677,7.0034963e-16,1.37316065e-07,-6.89035661e-07,-0.000161188966,0.39479831,0.395182722,1,9.11427762e-06,-0.00150404254,-0.0116158327,0.000775456447
110.36,object_red_01,RED,0.326801624,-0.0915541121,0.0600366503,0.0139976902,0.0548357135,5.54028731e-16,3.76590391e-07,-1.88968596e-06,-0.00044206206,0.39484034,0.395115111,1,9.34491232e-06,-0.0015026816,-0.0116158327,0.000774134768
110.4,object_red_01,RED,0.32734916,-0.0893578191,0.0600366503,0.0134602796,0.0549682999,5.18340707e-16,4.73032333e-07,-2.3736194e-06,-0.00055527062,0.394886472,0.395033793,1,9.21976441e-06,-0.00150212001,-0.0116158327,0.000773687403
110.44,object_red_01,RED,0.327882202,-0.0871567966,0.0600366503,0.0132592188,0.0550720462,8.82358553e-16,4.64139336e-07,-2.32899478e-06,-0.000544831403,0.394932782,0.394947683,1,8.64576256e-06,-0.00150231922,-0.0116158327,0.000774121203
110.48,object_red_01,RED,0.328414527,-0.0849523796,0.0600366503,0.0134080663,0.0551391737,7.8956969e-16,4.00896784e-07,-2.01165106e-06,-0.000470593874,0.394981048,0.394857069,1,7.55257757e-06,-0.00150325811,-0.0116158327,0.000775448731
110.52,object_red_01,RED,0.328959554,-0.0827457481,0.0600366503,0.0138472845,0.0551961314,7.0034963e-16,2.86879209e-07,-1.43952437e-06,-0.000336753909,0.394995481,0.394805017,1,5.99664439e-06,-0.00150473761,-0.0116158327,0.00077746699
110.56,object_red_01,RED,0.329523073,-0.0805356583,0.0600366503,0.0142847319,0.0553127014,5.54028731e-16,2.93566598e-08,-1.47307753e-07,-3.44603169e-05,0.394966603,0.394826687,1,4.42180273e-06,-0.00150583048,-0.0116158327,0.00077914871
110.6,object_red_01,RED,0.330100187,-0.0783199187,0.0600366503,0.014514696,0.0554696223,4.54102264e-16,-2.45638851e-07,1.2325853e-06,0.000288343794,0.394925528,0.394888104,1,3.08495142e-06,-0.00150608223,-0.0116158327,0.000779973142
110.64,object_red_01,RED,0.330680325,-0.0760977297,0.0600366503,0.0144408165,0.0556304494,8.25257715e-16,-4.29605658e-07,2.15570828e-06,0.00050429378,0.394878795,0.394969077,1,2.04767719e-06,-0.0015054737,-0.0116158327,0.000779896138
110.68,object_red_01,RED,0.331250315,-0.0738693351,0.0600366503,0.0140200106,0.0557795979,7.18193642e-16,-5.06043955e-07,2.53926691e-06,0.000594021236,0.394828645,0.395059882,1,1.3535243e-06,-0.00150404342,-0.0116158327,0.000778932938
110.72,object_red_01,RED,0.331795852,-0.0716352433,0.0600366503,0.0132344968,0.0559163955,5.61166336e-16,-5.08557518e-07,2.55188014e-06,0.000596971898,0.394779028,0.395153599,1,1.05764748e-06,-0.00150181943,-0.0116158327,0.000777083841
110.76,object_red_01,RED,0.332302436,-0.0693959238,0.0600366503,0.0121081584,0.0560394596,4.57671066e-16,-4.16028786e-07,2.08758321e-06,0.000488356983,0.394751246,0.395224708,1,1.18976481e-06,-0.00149890508,-0.0116158327,0.000774427417
110.8,object_red_01,RED,0.332761232,-0.0671523625,0.0600366503,0.0109044063,0.0561288688,8.64514541e-16,-9.2030996e-08,4.61801356e-07,0.000108031097,0.394771856,0.395220885,1,1.52461807e-06,-0.00149614694,-0.0116158327,0.000771819464
110.84,object_red_01,RED,0.333174791,-0.0649056727,0.0600366503,0.00986474897,0.0562015544,7.8956969e-16,2.37689132e-07,-1.19269602e-06,-0.000279012317,0.394810284,0.395167796,1,1.80837256e-06,-0.00149418762,-0.0116158327,0.000769946601
110.88,object_red_01,RED,0.333552325,-0.0626560231,0.0600366503,0.0091016518,0.0562783558,6.2540478e-16,4.324505e-07,-2.16998516e-06,-0.000507633615,0.394854119,0.395092056,1,1.93011444e-06,-0.00149308749,-0.0116158327,0.000768912432
110.92,object_red_01,RED,0.333906112,-0.060403168,0.0600366503,0.00866645417,0.0563606147,5.75441546e-16,4.88765386e-07,-2.45256572e-06,-0.000573738862,0.394900387,0.395006061,1,1.80614445e-06,-0.00149279961,-0.0116158327,0.000768713087
110.96,object_red_01,RED,0.334249821,-0.0581470442,0.0600366503,0.00858276784,0.0564405898,9.32321787e-16,4.56347878e-07,-2.28989805e-06,-0.000535685345,0.394948439,0.394914446,1,1.36028231e-06,-0.00149328838,-0.0116158327,0.000769351615
111,object_red_01,RED,0.334597735,-0.0558878558,0.0600366503,0.0088572388,0.056515161,8.10982505e-16,3.83826882e-07,-1.92599635e-06,-0.000450556312,0.394992544,0.394824885,1,5.40288792e-07,-0.00149452568,-0.0116158327,0.000770826873
111.04,object_red_01,RED,0.334961793,-0.0536250953,0.0600366503,0.00932473638,0.0566282427,7.57450469e-16,2.07150229e-07,-1.03945388e-06,-0.000243163763,0.394981333,0.394806335,1,-4.92051863e-07,-0.00149598753,-0.0116158327,0.000772598999
111.08,object_red_01,RED,0.33534306,-0.0513566201,0.0600366503,0.00968656443,0.056791877,5.54028731e-16,-8.25277456e-08,4.14114186e-07,9.68754483e-05,0.394946416,0.394846714,1,-1.43118061e-06,-0.00149675513,-0.0116158327,0.000773711526
111.12,object_red_01,RED,0.33573368,-0.0490814084,0.0600366503,0.00978874914,0.0569568599,4.64808671e-16,-3.35993486e-07,1.68597367e-06,0.000394406818,0.394901984,0.394919945,1,-2.20801196e-06,-0.00149661829,-0.0116158327,0.000773946465
111.16,object_red_01,RED,0.336121623,-0.0468002422,0.0600366503,0.00956168777,0.0570877696,8.71652146e-16,-4.80013908e-07,2.4086509e-06,0.000563465695,0.394853845,0.395007841,1,-2.81474848e-06,-0.00149561214,-0.0116158327,0.000773332193
111.2,object_red_01,RED,0.336492998,-0.0445147746,0.0600366503,0.00897505197,0.0571738232,7.71725678e-16,-5.23521126e-07,2.62696545e-06,0.000614536917,0.394804641,0.395101979,1,-3.21836302e-06,-0.00149378046,-0.0116158327,0.000771893252
111.24,object_red_01,RED,0.336833107,-0.0422267948,0.0600366503,0.00801624232,0.0572159806,6.50386396e-16,-5.07639791e-07,2.54727524e-06,0.000595894652,0.394757081,0.395197304,1,-3.37005899e-06,-0.00149115115,-0.0116158327,0.000769632707
111.28,object_red_01,RED,0.337128458,-0.0399380604,0.0600366503,0.00679750031,0.0572132809,5.29047114e-16,-3.03990184e-07,1.52538753e-06,0.000356840212,0.394754924,0.395237088,1,-3.28178795e-06,-0.00148808915,-0.0116158327,0.000766879922
111.32,object_red_01,RED,0.337375283,-0.0376501245,0.0600366503,0.00562926797,0.0571843855,9.2161538e-16,5.87649466e-08,-2.94875218e-07,-6.89813835e-05,0.394787583,0.395206497,1,-3.12091656e-06,-0.00148559508,-0.0116158327,0.000764597984
111.36,object_red_01,RED,0.337579738,-0.0353631356,0.0600366503,0.00468687101,0.0571706713,8.43101727e-16,3.43847943e-07,-1.72538839e-06,-0.000403627249,0.394827959,0.39514109,1,-2.96902531e-06,-0.0014839891,-0.0116158327,0.000763106775
111.4,object_red_01,RED,0.337752773,-0.0330759988,0.0600366503,0.00405157805,0.0571910891,1.40047652e-16,4.78274148e-07,-2.39992241e-06,-0.000561423791,0.394872953,0.395058038,1,-2.87494047e-06,-0.00148324572,-0.0116158327,0.000762405573
111.44,object_red_01,RED,0.337907546,-0.0307873371,0.0600366503,0.00376074675,0.0572441891,5.68303941e-16,4.90693055e-07,-2.46223825e-06,-0.000576001599,0.394919926,0.394967136,1,-2.90159439e-06,-0.00148331314,-0.0116158327,0.000762477628
111.48,object_red_01,RED,0.338058244,-0.0284959827,0.0600366503,0.00383162042,0.0573235662,4.71946276e-16,4.34312772e-07,-2.17932844e-06,-0.000509819338,0.394968606,0.394871583,1,-3.1104557e-06,-0.00148416107,-0.0116158327,0.00076332486
111.52,object_red_01,RED,0.338219117,-0.0262008304,0.0600366503,0.00422849515,0.0574379729,8.75220948e-16,3.32423279e-07,-1.668059e-06,-0.000390215963,0.394988167,0.394807457,1,-3.5093529e-06,-0.00148565357,-0.0116158327,0.000764830868
111.56,object_red_01,RED,0.338397757,-0.0238998027,0.0600366503,0.00466293474,0.057612174,7.71725678e-16,8.12990482e-08,-4.07948138e-07,-9.54330041e-05,0.394962424,0.394819231,1,-3.91094208e-06,-0.00148685746,-0.0116158327,0.000766082983
111.6,object_red_01,RED,0.338590151,-0.0215913522,0.0600366503,0.00490118698,0.0577973853,6.32542384e-16,-2.13147374e-07,1.06954711e-06,0.000250203593,0.394921094,0.394879639,1,-4.24420261e-06,-0.00148717349,-0.0116158327,0.00076651793
111.64,object_red_01,RED,0.338786,-0.0192763147,0.0600366503,0.00483947116,0.0579367546,5.14771905e-16,-4.22963017e-07,2.12237619e-06,0.000496496268,0.394875631,0.39496186,1,-4.54877323e-06,-0.00148657468,-0.0116158327,0.000766130582
111.68,object_red_01,RED,0.338972211,-0.0169571869,0.0600366503,0.00443159401,0.0580034016,9.68009811e-16,-5.17944595e-07,2.59898276e-06,0.000607990813,0.394827876,0.395054376,1,-4.8331787e-06,-0.00148511935,-0.0116158327,0.000764977315
111.72,object_red_01,RED,0.339134444,-0.0146370274,0.0600366503,0.00365696463,0.057992301,8.28826517e-16,-5.29612853e-07,2.65753321e-06,0.000621687758,0.394781269,0.395149748,1,-5.06521714e-06,-0.0014828471,-0.0116158327,0.000763079372
111.76,object_red_01,RED,0.339258007,-0.0123189064,0.0600366503,0.00252982107,0.0579063317,7.39606457e-16,-4.5336962e-07,2.27495492e-06,0.000532189623,0.394748925,0.395230827,1,-5.2031415e-06,-0.00147984376,-0.0116158327,0.000760494446
111.8,object_red_01,RED,0.339333207,-0.010005429,0.0600366503,0.00130197511,0.0577707637,4.01211842e-17,-1.3143363e-07,6.59519247e-07,0.00015428406,0.394771753,0.39522998,1,-5.25494402e-06,-0.00147693834,-0.0116158327,0.000757958149
111.84,object_red_01,RED,0.339361987,-0.00769735702,0.0600366503,0.000229096182,0.0576454324,4.71946276e-16,2.1750548e-07,-1.09141683e-06,-0.000255319655,0.394807928,0.395179905,1,-5.22626441e-06,-0.00147486629,-0.0116158327,0.000756119848
111.88,object_red_01,RED,0.339353343,-0.00539326886,0.0600366503,-0.00057007208,0.0575731355,3.39900587e-16,4.32936291e-07,-2.17242291e-06,-0.000508203885,0.394850633,0.395103011,1,-5.10171353e-06,-0.0014736987,-0.0116158327,0.000755033056
111.92,object_red_01,RED,0.339319512,-0.00309071781,0.0600366503,-0.00104060717,0.0575654018,7.96707295e-16,5.02199398e-07,-2.51997604e-06,-0.000589508438,0.394895721,0.395014679,1,-4.9072557e-06,-0.00147337436,-0.0116158327,0.000754655308
111.96,object_red_01,RED,0.33927425,-0.000787181139,0.0600366503,-0.00115630286,0.0576183933,7.07487235e-16,4.74347549e-07,-2.38021824e-06,-0.00055681432,0.394943645,0.394919396,1,-4.69490434e-06,-0.00147384848,-0.0116158327,0.000754971884
112,object_red_01,RED,0.339232027,0.00151967671,0.0600366503,-0.000908421348,0.0577291079,5.61166336e-16,4.01263956e-07,-2.01349343e-06,-0.000471024868,0.394983656,0.394829947,1,-4.51044197e-06,-0.00147509102,-0.0116158327,0.00075597862
112.04,object_red_01,RED,0.339205002,0.00383242467,0.0600366503,-0.000463170208,0.0579103899,4.9335909e-16,2.23738855e-07,-1.12269352e-06,-0.000262636358,0.394974251,0.394806231,1,-4.31445243e-06,-0.00147656903,-0.0116158327,0.000757188187
112.08,object_red_01,RED,0.339194197,0.00615331948,0.0600366503,-0.000128133072,0.0581220932,8.53808134e-16,-7.53510721e-08,3.78102555e-07,8.84510977e-05,0.394936862,0.394848626,1,-4.08568424e-06,-0.0014773102,-0.0116158327,0.000757733559
112.12,object_red_01,RED,0.339191667,0.00848194465,0.0600366503,-5.23433565e-05,0.0582881704,8.14551307e-16,-3.39065173e-07,1.70138698e-06,0.000398012517,0.394894344,0.39492215,1,-3.9253597e-06,-0.00147710698,-0.0116158327,0.000757478767
112.16,object_red_01,RED,0.339185489,0.0108153544,0.0600366503,-0.00030124261,0.0583611508,6.32542384e-16,-4.90162516e-07,2.45957533e-06,0.000575378658,0.394848916,0.395010809,1,-3.90321741e-06,-0.00147601643,-0.0116158327,0.00075650694
112.2,object_red_01,RED,0.339161984,0.0131494135,0.0600366503,-0.000904031475,0.0583252162,5.36184719e-16,-5.36967177e-07,2.6944361e-06,0.000630320605,0.394804381,0.395104233,1,-4.0210466e-06,-0.00147409614,-0.0116158327,0.000754870702
112.24,object_red_01,RED,0.339106685,0.0154797241,0.0600366503,-0.00187338341,0.0581795885,9.64441009e-16,-5.21241354e-07,2.61552627e-06,0.000611860898,0.394757823,0.395202452,1,-4.24525449e-06,-0.00147138045,-0.0116158327,0.000752586397
112.28,object_red_01,RED,0.339006487,0.0178021875,0.0600366503,-0.00308804298,0.0579459011,1.33202766e-15,-3.05860118e-07,1.53477073e-06,0.000359035262,0.3947625,0.395237596,1,-4.51168876e-06,-0.00146827367,-0.0116158327,0.000749981471
112.32,object_red_01,RED,0.338858168,0.0201147638,0.0600366503,-0.00424217626,0.0577002423,7.28900049e-16,6.55354063e-08,-3.28848583e-07,-7.69289134e-05,0.394793563,0.395207859,1,-4.69844572e-06,-0.00146579004,-0.0116158327,0.000747889304
112.36,object_red_01,RED,0.338668109,0.0224185813,0.0600366503,-0.00516861163,0.0575135211,5.61166336e-16,3.54876136e-07,-1.78072658e-06,-0.000416572739,0.394833274,0.395140675,1,-4.68893354e-06,-0.00146422702,-0.0116158327,0.00074651296
112.4,object_red_01,RED,0.338447203,0.0247167771,0.0600366503,-0.00579119494,0.057416883,4.89790288e-16,4.8927112e-07,-2.45510391e-06,-0.000574332627,0.394875776,0.395057021,1,-4.44363612e-06,-0.00146353709,-0.0116158327,0.000745789982
112.44,object_red_01,RED,0.338208465,0.0270130869,0.0600366503,-0.00607305657,0.0574139958,8.68083344e-16,4.99732835e-07,-2.50759874e-06,-0.000586612968,0.394921571,0.394964172,1,-3.98680493e-06,-0.00146365931,-0.0116158327,0.000745678217
112.48,object_red_01,RED,0.337965942,0.0293111759,0.0600366503,-0.00599660063,0.0575007869,8.28826517e-16,4.40528697e-07,-2.21051916e-06,-0.000517115912,0.394964511,0.394871252,1,-3.36229726e-06,-0.00146456066,-0.0116158327,0.000746170681
112.52,object_red_01,RED,0.337733598,0.0316146423,0.0600366503,-0.00560968686,0.0576789921,6.53955199e-16,3.30799815e-07,-1.65991259e-06,-0.000388310238,0.394981585,0.394808115,1,-2.59557261e-06,-0.00146606693,-0.0116158327,0.000747128384
112.56,object_red_01,RED,0.337517908,0.0339267177,0.0600366503,-0.00521659661,0.0579153893,5.86147953e-16,6.48400609e-08,-3.2535897e-07,-7.61125776e-05,0.394950179,0.394827213,1,-1.74872259e-06,-0.00146718086,-0.0116158327,0.000747705379
112.6,object_red_01,RED,0.337314052,0.0362478655,0.0600366503,-0.00502951089,0.0581192205,4.68377473e-16,-2.33075201e-07,1.16954244e-06,0.000273595917,0.394910587,0.394888705,1,-1.00829636e-06,-0.00146736685,-0.0116158327,0.000747517818
112.64,object_red_01,RED,0.337111662,0.0385751577,0.0600366503,-0.00513786718,0.0582194873,8.14551307e-16,-4.39537446e-07,2.20554465e-06,0.00051595221,0.394868108,0.394971085,1,-5.27180098e-07,-0.00146663663,-0.0116158327,0.000746646863
112.68,object_red_01,RED,0.336897996,0.0409036774,0.0600366503,-0.00558076271,0.0581847911,7.50312864e-16,-5.29309124e-07,2.65600863e-06,0.000621331111,0.394826146,0.395061051,1,-3.60375431e-07,-0.00146506597,-0.0116158327,0.000745185125
112.72,object_red_01,RED,0.336659239,0.0432278349,0.0600366503,-0.00637687291,0.0580083622,5.64735139e-16,-5.37962596e-07,2.69943122e-06,0.000631489133,0.394780543,0.395158416,1,-4.97099566e-07,-0.00146270129,-0.0116158327,0.000743169896
112.76,object_red_01,RED,0.336381381,0.0455420451,0.0600366503,-0.0074998609,0.0576992448,5.18340707e-16,-4.40439221e-07,2.21007197e-06,0.000517011284,0.394760597,0.395228712,1,-8.8676011e-07,-0.00145966453,-0.0116158327,0.000740687325
112.8,object_red_01,RED,0.336056205,0.0478423817,0.0600366503,-0.0086851314,0.0573363405,9.00202565e-16,-1.00110899e-07,5.02345452e-07,0.000117515744,0.394784293,0.395224291,1,-1.31873953e-06,-0.00145685581,-0.0116158327,0.000738429424
112.84,object_red_01,RED,0.335686663,0.0501289484,0.0600366503,-0.00970251442,0.0570220859,7.96707295e-16,2.46110053e-07,-1.23495124e-06,-0.000288897255,0.394820493,0.395170807,1,-1.53024977e-06,-0.00145492357,-0.0116158327,0.000736837195
112.88,object_red_01,RED,0.335281866,0.0524050594,0.0600366503,-0.010449979,0.0568137906,6.78936816e-16,4.49960575e-07,-2.25784868e-06,-0.00052818789,0.394859924,0.395094218,1,-1.38093506e-06,-0.00145388825,-0.0116158327,0.000735858128
112.92,object_red_01,RED,0.33485376,0.0546754051,0.0600366503,-0.0108782147,0.0567283313,1.03581706e-15,5.08725695e-07,-2.55272415e-06,-0.000597169338,0.394902722,0.395005677,1,-8.43862202e-07,-0.001453676,-0.0116158327,0.000735413406
112.96,object_red_01,RED,0.334415688,0.0569449029,0.0600366503,-0.010962906,0.0567646832,9.39459392e-16,4.73464305e-07,-2.37578616e-06,-0.000555777505,0.39494405,0.394914768,1,5.3891824e-08,-0.00145423968,-0.0116158327,0.000735475795
113,object_red_01,RED,0.33398164,0.059218375,0.0600366503,-0.01069918,0.0569212282,8.07413703e-16,3.96977431e-07,-1.99198414e-06,-0.00046599311,0.394981768,0.394826168,1,1.2785984e-06,-0.00145554018,-0.0116158327,0.00073603006
113.04,object_red_01,RED,0.333562371,0.061500325,0.0600366503,-0.0102900699,0.0571724224,7.53881666e-16,1.96190895e-07,-9.84461187e-07,-0.000230299094,0.394961716,0.39481602,1,2.73134107e-06,-0.00145692219,-0.0116158327,0.000736551342
113.08,object_red_01,RED,0.33315723,0.063792588,0.0600366503,-0.0100167017,0.0574183346,5.64735139e-16,-1.09281416e-07,5.48360757e-07,0.000128280306,0.394925099,0.394861626,1,4.1207565e-06,-0.0014574927,-0.0116158327,0.000736393222
113.12,object_red_01,RED,0.332757851,0.0660928047,0.0600366503,-0.0100013521,0.0575627281,4.71946276e-16,-3.6493016e-07,1.8311743e-06,0.000428374202,0.39488577,0.394935099,1,5.18270467e-06,-0.00145712754,-0.0116158327,0.000735568608
113.16,object_red_01,RED,0.332352707,0.0683956796,0.0600366503,-0.0102950151,0.0575538519,8.46670529e-16,-5.0368256e-07,2.52741734e-06,0.00059124922,0.394846762,0.395019916,1,5.78596507e-06,-0.00145591095,-0.0116158327,0.000734211509
113.2,object_red_01,RED,0.331928872,0.0706946484,0.0600366503,-0.0109219405,0.0573749418,8.1812011e-16,-5.42064042e-07,2.72001159e-06,0.000636303584,0.394804593,0.395113061,1,5.90267117e-06,-0.00145390755,-0.0116158327,0.000732392191
113.24,object_red_01,RED,0.331472782,0.0729828626,0.0600366503,-0.0118899266,0.057025571,6.18267175e-16,-5.15328761e-07,2.58585776e-06,0.000604920419,0.394769159,0.395201826,1,5.55492582e-06,-0.00145116063,-0.0116158327,0.000730140978
113.28,object_red_01,RED,0.330972877,0.0752543044,0.0600366503,-0.0130509521,0.0565619556,5.54028731e-16,-2.65796304e-07,1.33373534e-06,0.000312006221,0.394779652,0.39522818,1,4.92267184e-06,-0.00144817488,-0.0116158327,0.000727819753
113.32,object_red_01,RED,0.330427748,0.077507172,0.0600366503,-0.0141225367,0.0561160329,4.61239869e-16,1.0794935e-07,-5.41676863e-07,-0.000126716713,0.394811767,0.395192927,1,4.42633951e-06,-0.00144590196,-0.0116158327,0.00072606355
113.36,object_red_01,RED,0.329844206,0.0797442733,0.0600366503,-0.0149680367,0.0557783081,8.1812011e-16,3.80710708e-07,-1.91036136e-06,-0.000446898739,0.394847942,0.395126215,1,4.35355195e-06,-0.00144453365,-0.0116158327,0.000724899038
113.4,object_red_01,RED,0.32923279,0.0819708557,0.0600366503,-0.0155234269,0.0555856221,7.64588074e-16,4.97869825e-07,-2.49825107e-06,-0.000584426221,0.394886993,0.395044084,1,4.8136403e-06,-0.00144399818,-0.0116158327,0.000724208286
113.44,object_red_01,RED,0.328605853,0.0841929126,0.0600366503,-0.0157565089,0.0555442927,4.36899866e-17,4.96318353e-07,-2.4904652e-06,-0.000582604849,0.394925938,0.394956772,1,5.81395576e-06,-0.00144423152,-0.0116158327,0.000723932133
113.48,object_red_01,RED,0.327976689,0.0864164633,0.0600366503,-0.0156497504,0.0556526486,5.11203102e-16,4.33658319e-07,-2.17604446e-06,-0.000509051103,0.39496954,0.394862401,1,7.32856321e-06,-0.00144520464,-0.0116158327,0.000724060916
113.52,object_red_01,RED,0.327358102,0.0886473703,0.0600366503,-0.0152791672,0.0558980307,9.00202565e-16,3.06517608e-07,-1.53806733e-06,-0.000359806474,0.394971243,0.39481661,1,9.2894673e-06,-0.00144666446,-0.0116158327,0.00072441021
113.56,object_red_01,RED,0.326754448,0.0908893588,0.0600366503,-0.0149458028,0.0561824797,7.78863283e-16,2.74063185e-08,-1.37521127e-07,-3.21708914e-05,0.394938648,0.394841529,1,1.1342713e-05,-0.00144760248,-0.0116158327,0.000724264048
113.6,object_red_01,RED,0.326160046,0.0931413165,0.0600366503,-0.0148227458,0.0563834522,6.68230409e-16,-2.64241792e-07,1.32593251e-06,0.000310180895,0.394902291,0.394902982,1,1.30768249e-05,-0.00144761696,-0.0116158327,0.000723459674
113.64,object_red_01,RED,0.325564878,0.095398112,0.0600366503,-0.0149771146,0.056423891,5.25478312e-16,-4.55706131e-07,2.2866772e-06,0.000534931884,0.394866359,0.394980721,1,1.42539087e-05,-0.00144676692,-0.0116158327,0.000722156312
113.68,object_red_01,RED,0.324957142,0.0976525367,0.0600366503,-0.0154392664,0.0562719654,9.89422626e-16,-5.33291879e-07,2.67599368e-06,0.000626006296,0.394828209,0.395068014,1,1.47861148e-05,-0.00144513789,-0.0116158327,0.000720468357
113.72,object_red_01,RED,0.324324192,0.0998967076,0.0600366503,-0.0162233289,0.0559210158,9.03771368e-16,-5.33537669e-07,2.67722755e-06,0.000626294935,0.394792352,0.395156364,1,1.46684302e-05,-0.00144278058,-0.0116158327,0.000718444032
113.76,object_red_01,RED,0.323653429,0.102122869,0.0600366503,-0.0172906471,0.0553921805,7.93138493e-16,-4.10720533e-07,2.06094735e-06,0.000482125942,0.394780178,0.395217417,1,1.39810247e-05,-0.00143985626,-0.0116158327,0.000716192003
113.8,object_red_01,RED,0.322938655,0.104326459,0.0600366503,-0.01837639,0.0548220831,5.93285558e-16,-5.70760635e-08,2.86401629e-07,6.69991123e-05,0.394806529,0.395205846,1,1.31938862e-05,-0.00143729182,-0.0116158327,0.000714309425
113.84,object_red_01,RED,0.322183627,0.106508833,0.0600366503,-0.0192921912,0.0543429998,4.9335909e-16,2.75726449e-07,-1.38356284e-06,-0.000323662581,0.39483958,0.395152546,1,1.27972742e-05,-0.00143559505,-0.0116158327,0.000713007305
113.88,object_red_01,RED,0.321397091,0.108675203,0.0600366503,-0.0199551515,0.0540202011,8.64514541e-16,4.60947947e-07,-2.3129819e-06,-0.000541085434,0.394874364,0.395079295,1,1.30275152e-05,-0.00143474013,-0.0116158327,0.000712146346
113.92,object_red_01,RED,0.320590119,0.110832336,0.0600366503,-0.0203238693,0.0538733483,8.10982505e-16,5.05523443e-07,-2.53665553e-06,-0.000593410341,0.394910135,0.394997415,1,1.39525191e-05,-0.00143464602,-0.0116158327,0.000711622116
113.96,object_red_01,RED,0.319775005,0.112987324,0.0600366503,-0.0203753247,0.0539038783,6.82505618e-16,4.64606501e-07,-2.33133877e-06,-0.000545379744,0.394949862,0.39490837,1,1.55673099e-05,-0.00143526964,-0.0116158327,0.000711402214
114,object_red_01,RED,0.318964585,0.115147226,0.0600366503,-0.0201133591,0.0541087644,5.43322324e-16,3.8220383e-07,-1.91785194e-06,-0.00044865106,0.39497591,0.39483249,1,1.78425537e-05,-0.00143655556,-0.0116158327,0.000711458468
114.04,object_red_01,RED,0.318167816,0.117317948,0.0600366503,-0.0197537112,0.0544164283,4.68377473e-16,1.68215179e-07,-8.440825e-07,-0.000197459725,0.39495184,0.394830077,1,2.04951783e-05,-0.00143779475,-0.0116158327,0.000711306376
114.08,object_red_01,RED,0.317382848,0.119500499,0.0600366503,-0.0195400392,0.0546798668,8.53808134e-16,-1.3546076e-07,6.7972541e-07,0.000159010985,0.394918189,0.394875398,1,2.29522656e-05,-0.00143820971,-0.0116158327,0.000710527367
114.12,object_red_01,RED,0.316601587,0.121690656,0.0600366503,-0.0195654593,0.0547912569,7.0034963e-16,-3.7886343e-07,1.90108978e-06,0.00044472982,0.394885008,0.394943741,1,2.48248934e-05,-0.00143774841,-0.0116158327,0.000709249824
114.16,object_red_01,RED,0.315813576,0.123881059,0.0600366503,-0.0198679432,0.054697322,5.9685436e-16,-5.05817697e-07,2.53813126e-06,0.000593755572,0.394851217,0.395023416,1,2.59348014e-05,-0.00143651179,-0.0116158327,0.000707640032
114.2,object_red_01,RED,0.31500731,0.126063065,0.0600366503,-0.0204656007,0.0543814759,3.93432623e-16,-5.35266868e-07,2.68590427e-06,0.000628324718,0.394818581,0.395106581,1,2.62333829e-05,-0.00143457012,-0.0116158327,0.000705781003
114.24,object_red_01,RED,0.314170763,0.12822774,0.0600366503,-0.021364922,0.0538437649,8.64514541e-16,-5.01810426e-07,2.51802448e-06,0.000589051898,0.39478958,0.395187887,1,2.57328788e-05,-0.00143196687,-0.0116158327,0.000703708332
114.28,object_red_01,RED,0.313294121,0.130367572,0.0600366503,-0.0224143874,0.0531756381,8.038449e-16,-2.39073155e-07,1.19964173e-06,0.000280637147,0.394804454,0.395207007,1,2.47475856e-05,-0.00142922999,-0.0116158327,0.000701748296
114.32,object_red_01,RED,0.312376938,0.132481141,0.0600366503,-0.0233692648,0.052552596,6.57524001e-16,1.28077307e-07,-6.42676635e-07,-0.000150344007,0.394834515,0.395171917,1,2.39680929e-05,-0.00142720787,-0.0116158327,0.000700328596
114.36,object_red_01,RED,0.311425648,0.134572716,0.0600366503,-0.0241180926,0.0520797216,5.29047114e-16,3.87674191e-07,-1.94530325e-06,-0.000455072841,0.394864923,0.395110661,1,2.38248678e-05,-0.00142602838,-0.0116158327,0.000699355481
114.4,object_red_01,RED,0.310449717,0.13664934,0.0600366503,-0.0246080216,0.0517987299,9.57303404e-16,4.93903733e-07,-2.47834962e-06,-0.000579770595,0.394896859,0.395036363,1,2.44876159e-05,-0.00142560521,-0.0116158327,0.000698670138
114.44,object_red_01,RED,0.309460171,0.138718945,0.0600366503,-0.0248096479,0.05171899,8.75220948e-16,4.87669734e-07,-2.44706747e-06,-0.000572452638,0.394932016,0.394954201,1,2.59936206e-05,-0.00142587595,-0.0116158327,0.000698201731
114.48,object_red_01,RED,0.308468886,0.140789579,0.0600366503,-0.0247085769,0.051840113,7.53881666e-16,4.22023297e-07,-2.11766132e-06,-0.000495393293,0.394968086,0.394869173,1,2.83320187e-05,-0.00142680965,-0.0116158327,0.000697934638
114.52,object_red_01,RED,0.307487205,0.142869006,0.0600366503,-0.0243784003,0.0521353394,5.71872743e-16,2.94968592e-07,-1.48011579e-06,-0.000346249629,0.394964244,0.394830855,1,3.13892809e-05,-0.00142816086,-0.0116158327,0.000697714727
114.56,object_red_01,RED,0.306518477,0.14496133,0.0600366503,-0.024096499,0.0524550234,4.68377473e-16,1.95027251e-08,-9.78619028e-08,-2.2893244e-05,0.394934156,0.394854107,1,3.45489837e-05,-0.00142898409,-0.0116158327,0.000696994426
114.6,object_red_01,RED,0.305557274,0.147064285,0.0600366503,-0.0240054608,0.0526540162,3.54175796e-16,-2.64883588e-07,1.32915298e-06,0.000310934272,0.394902787,0.394909952,1,3.72102751e-05,-0.0014289449,-0.0116158327,0.000695746451
114.64,object_red_01,RED,0.30459475,0.149171105,0.0600366503,-0.0241557464,0.0526494011,7.61019271e-16,-4.50091781e-07,2.25850511e-06,0.000528341469,0.394873279,0.394979938,1,3.90571657e-05,-0.00142812469,-0.0116158327,0.000694177953
114.68,object_red_01,RED,0.303620728,0.151272816,0.0600366503,-0.0245697867,0.0524077258,6.21835977e-16,-5.22688431e-07,2.62278691e-06,0.000613559416,0.394844557,0.395056058,1,3.9967727e-05,-0.00142661822,-0.0116158327,0.000692422667
114.72,object_red_01,RED,0.302624361,0.153359718,0.0600366503,-0.0252607328,0.051920877,5.43322324e-16,-5.21977487e-07,2.61921994e-06,0.000612724976,0.394815243,0.395135763,1,3.99179735e-05,-0.0014244755,-0.0116158327,0.000690535391
114.76,object_red_01,RED,0.301594793,0.155422247,0.0600366503,-0.0261972117,0.0512146376,9.32321787e-16,-4.07349954e-07,2.04403409e-06,0.000478169354,0.39480648,0.395191787,1,3.89967047e-05,-0.00142183376,-0.0116158327,0.000688602745
114.8,object_red_01,RED,0.300526563,0.15745487,0.0600366503,-0.0271513243,0.0504629737,7.86000888e-16,-6.4711994e-08,3.24717811e-07,7.59625758e-05,0.394832228,0.395181572,1,3.78668089e-05,-0.00141951842,-0.0116158327,0.000687061764
114.84,object_red_01,RED,0.299422905,0.159459482,0.0600366503,-0.0279595376,0.0498271883,7.46744062e-16,2.6336063e-07,-1.32151259e-06,-0.00030914691,0.394858755,0.395136596,1,3.72371598e-05,-0.00141800023,-0.0116158327,0.000686003443
114.88,object_red_01,RED,0.298291289,0.161442561,0.0600366503,-0.0285522062,0.0493841028,5.64735139e-16,4.48281352e-07,-2.24942243e-06,-0.000526216704,0.394886559,0.395072594,1,3.7448469e-05,-0.00141724059,-0.0116158327,0.000685231989
114.92,object_red_01,RED,0.297141173,0.163412463,0.0600366503,-0.0288924242,0.0491591298,4.64808671e-16,4.95217151e-07,-2.48493983e-06,-0.000581312273,0.394916626,0.394999023,1,3.86177819e-05,-0.00141715505,-0.0116158327,0.000684617823
114.96,object_red_01,RED,0.295983139,0.165378028,0.0600366503,-0.0289591614,0.0491563065,8.53808134e-16,4.559926e-07,-2.28811527e-06,-0.000535268292,0.394948387,0.394920868,1,4.07641227e-05,-0.00141769888,-0.0116158327,0.000684117556
115,object_red_01,RED,0.294828334,0.167348142,0.0600366503,-0.0287494458,0.0493738073,7.46744062e-16,3.78956785e-07,-1.90155873e-06,-0.00044483952,0.394970913,0.394851095,1,4.38708637e-05,-0.00141883524,-0.0116158327,0.000683716817
115.04,object_red_01,RED,0.293685056,0.169330259,0.0600366503,-0.0284378097,0.0497197505,5.86147953e-16,1.8633771e-07,-9.35019187e-07,-0.000218732921,0.394950874,0.394842833,1,4.75695888e-05,-0.00141999253,-0.0116158327,0.000683085399
115.08,object_red_01,RED,0.29255212,0.17132559,0.0600366503,-0.0282477753,0.050010625,5.32615917e-16,-1.07091133e-07,5.37370182e-07,0.000125709235,0.394920367,0.394881166,1,5.10467469e-05,-0.00142041504,-0.0116158327,0.000681914844
115.12,object_red_01,RED,0.291422731,0.173329101,0.0600366503,-0.0282574821,0.0501229378,9.53734601e-16,-3.52019491e-07,1.76639021e-06,0.000413218991,0.394894067,0.394938987,1,5.37700499e-05,-0.00142004508,-0.0116158327,0.000680379965
115.16,object_red_01,RED,0.290288221,0.175332203,0.0600366503,-0.0284955996,0.0499962412,8.28826517e-16,-4.84351832e-07,2.43041815e-06,0.000568557797,0.394869263,0.395006275,1,5.54945487e-05,-0.00141899416,-0.0116158327,0.000678678161
115.2,object_red_01,RED,0.289139107,0.177324815,0.0600366503,-0.0289774144,0.049610005,7.50312864e-16,-5.19252116e-07,2.60554414e-06,0.000609525741,0.394844714,0.395077919,1,5.6137857e-05,-0.00141733875,-0.0116158327,0.000676908567
115.24,object_red_01,RED,0.287965441,0.179296462,0.0600366503,-0.0297112721,0.048961508,6.00423163e-16,-4.97651106e-07,2.49715328e-06,0.000584169413,0.394819495,0.395152069,1,5.56919395e-05,-0.00141511792,-0.0116158327,0.000675110608
115.28,object_red_01,RED,0.286758359,0.18123776,0.0600366503,-0.0306029366,0.0481339124,5.14771905e-16,-2.83985776e-07,1.42500779e-06,0.000333357965,0.394832284,0.395176314,1,5.44457173e-05,-0.0014126711,-0.0116158327,0.000673467632
115.32,object_red_01,RED,0.285516341,0.183146052,0.0600366503,-0.0314350913,0.0473400505,8.89496158e-16,7.29512734e-08,-3.66060579e-07,-8.56340693e-05,0.394855604,0.395153944,1,5.33053907e-05,-0.00141080381,-0.0116158327,0.000672303084
115.36,object_red_01,RED,0.284244236,0.185025798,0.0600366503,-0.0321050064,0.04671256,7.96707295e-16,3.47058759e-07,-1.74149985e-06,-0.000407396268,0.39487979,0.39510403,1,5.28998572e-05,-0.0014096909,-0.0116158327,0.000671488762
115.4,object_red_01,RED,0.28294961,0.186884999,0.0600366503,-0.03256571,0.0463066667,6.64661606e-16,4.71862193e-07,-2.36774795e-06,-0.000553897086,0.394904542,0.395041265,1,5.34954798e-05,-0.00140924467,-0.0116158327,0.000670823349
115.44,object_red_01,RED,0.281641461,0.188732931,0.0600366503,-0.0327893988,0.0461382303,5.50459929e-16,4.78828913e-07,-2.40270539e-06,-0.000562074831,0.394931666,0.394971347,1,5.51757394e-05,-0.0014093964,-0.0116158327,0.000670209948
115.48,object_red_01,RED,0.280329651,0.190579164,0.0600366503,-0.0327598676,0.0462097021,4.86221486e-16,4.21234224e-07,-2.11370187e-06,-0.000494467044,0.394957777,0.394900468,1,5.79524994e-05,-0.00141011606,-0.0116158327,0.000669625095
115.52,object_red_01,RED,0.279024149,0.19243316,0.0600366503,-0.0325041897,0.0465048239,8.50239331e-16,3.25102383e-07,-1.63132372e-06,-0.000381622325,0.394966585,0.394849163,1,6.17592462e-05,-0.00141129657,-0.0116158327,0.000669016962
115.56,object_red_01,RED,0.277729757,0.194301028,0.0600366503,-0.0322454117,0.0468638102,7.64588074e-16,8.75838431e-08,-4.39484495e-07,-0.000102810435,0.394938957,0.394861357,1,6.59216096e-05,-0.00141218009,-0.0116158327,0.000668010954
115.6,object_red_01,RED,0.276442908,0.196181291,0.0600366503,-0.0321320954,0.0471072653,6.03991965e-16,-1.95874257e-07,9.82872775e-07,0.000229927507,0.39491376,0.394903048,1,6.95935536e-05,-0.00141230863,-0.0116158327,0.000666555795
115.64,object_red_01,RED,0.275156683,0.198066947,0.0600366503,-0.0322086043,0.0471330629,5.50459929e-16,-4.00551435e-07,2.00991767e-06,0.000470188378,0.394891919,0.394959278,1,7.23176441e-05,-0.00141174032,-0.0116158327,0.000664885848
115.68,object_red_01,RED,0.273863091,0.199948215,0.0600366503,-0.0324923248,0.0468969456,9.14477775e-16,-4.93705168e-07,2.47735229e-06,0.000579537293,0.394871927,0.395021531,1,7.39006405e-05,-0.00141058351,-0.0116158327,0.000663169237
115.72,object_red_01,RED,0.272553591,0.201814282,0.0600366503,-0.0329946654,0.0463859668,8.43101727e-16,-5.04961748e-07,2.53383695e-06,0.000592750978,0.394850238,0.395088638,1,7.42839531e-05,-0.00140889892,-0.0116158327,0.000661480278
115.76,object_red_01,RED,0.271219327,0.203654154,0.0600366503,-0.033715467,0.0456055769,1.27849562e-15,-4.53990119e-07,2.27806814e-06,0.000532917914,0.394838194,0.395146737,1,7.34821826e-05,-0.00140673307,-0.0116158327,0.000659857041
115.8,object_red_01,RED,0.269853771,0.205459367,0.0600366503,-0.0345167225,0.0447008432,5.61166336e-16,-1.79267934e-07,8.99546068e-07,0.000210434528,0.394854448,0.395156784,1,7.20395136e-05,-0.00140459464,-0.0116158327,0.000658536186
115.84,object_red_01,RED,0.268457729,0.207229746,0.0600366503,-0.0352276522,0.0438854575,4.89790288e-16,1.62439424e-07,-8.15101758e-07,-0.000190680129,0.394876663,0.39512688,1,7.09476143e-05,-0.00140310299,-0.0116158327,0.000657655989
115.88,object_red_01,RED,0.267036413,0.208971446,0.0600366503,-0.0357807521,0.0432683072,8.50239331e-16,3.89020462e-07,-1.95205853e-06,-0.000456653134,0.394896821,0.395078139,1,7.07567797e-05,-0.00140228455,-0.0116158327,0.000656999062
115.92,object_red_01,RED,0.26559694,0.210693442,0.0600366503,-0.0361405886,0.0428917651,7.61019271e-16,4.72942071e-07,-2.3731664e-06,-0.000555164649,0.394918483,0.39501897,1,7.1687694e-05,-0.00140204783,-0.0116158327,0.000656385455
115.96,object_red_01,RED,0.264147548,0.212405652,0.0600366503,-0.0362846504,0.0427670355,5.9685436e-16,4.56615606e-07,-2.29124156e-06,-0.000535999637,0.394940292,0.394956239,1,7.38070168e-05,-0.00140233904,-0.0116158327,0.000655742349
116,object_red_01,RED,0.262697164,0.2141182,0.0600366503,-0.0362004209,0.0428961509,5.14771905e-16,3.91165854e-07,-1.96282245e-06,-0.000459171195,0.394965996,0.394888393,1,7.71233535e-05,-0.00140313506,-0.0116158327,0.000655057324
116.04,object_red_01,RED,0.261254292,0.215840801,0.0600366503,-0.0359466793,0.043237836,8.82358553e-16,2.73965367e-07,-1.37472429e-06,-0.000321594958,0.394959009,0.394858688,1,8.14807486e-05,-0.00140424337,-0.0116158327,0.000654239948
116.08,object_red_01,RED,0.259821184,0.217578048,0.0600366503,-0.0357388764,0.0435921239,8.00276098e-16,2.06800666e-08,-1.03769712e-07,-2.42752819e-05,0.394933922,0.394876573,1,8.59867821e-05,-0.00140490693,-0.0116158327,0.000652985915
116.12,object_red_01,RED,0.2583935,0.219326628,0.0600366503,-0.0356753679,0.043792099,7.07487235e-16,-2.4505675e-07,1.22966441e-06,0.000287660498,0.39491247,0.394918183,1,8.98178126e-05,-0.00140486753,-0.0116158327,0.000651390925
116.16,object_red_01,RED,0.256964842,0.221078341,0.0600366503,-0.0357814553,0.0437515157,5.39753522e-16,-4.19294845e-07,2.10396994e-06,0.000492190414,0.394895674,0.394969407,1,9.25671267e-05,-0.00140422415,-0.0116158327,0.000649694422
116.2,object_red_01,RED,0.255528169,0.222822705,0.0600366503,-0.0360688356,0.0434355068,9.60872206e-16,-4.8814595e-07,2.44945695e-06,0.00057301162,0.394879034,0.395026502,1,9.40706167e-05,-0.00140307544,-0.0116158327,0.000648039687
116.24,object_red_01,RED,0.254076031,0.224548467,0.0600366503,-0.0365463189,0.0428352337,1.36771568e-15,-4.8577468e-07,2.43755865e-06,0.000570228197,0.394864467,0.395083946,1,9.42810334e-05,-0.00140147184,-0.0116158327,0.000646486167
116.28,object_red_01,RED,0.252600785,0.226244338,0.0600366503,-0.037206957,0.0419647788,7.32468852e-16,-4.12301168e-07,2.06887823e-06,0.00048398125,0.394856227,0.395134279,1,9.32401627e-05,-0.00139947286,-0.0116158327,0.000645074341
116.32,object_red_01,RED,0.251097702,0.227902733,0.0600366503,-0.03790374,0.0410094357,5.61166336e-16,-1.16097379e-07,5.82563583e-07,0.000136281505,0.394875721,0.395134282,1,9.16786999e-05,-0.0013976353,-0.0116158327,0.000644026134
116.36,object_red_01,RED,0.249568451,0.229524937,0.0600366503,-0.038507959,0.0401729605,4.86221486e-16,2.04356163e-07,-1.02543506e-06,-0.000239884269,0.394893945,0.395104963,1,9.0606884e-05,-0.00139641678,-0.0116158327,0.000643349952
116.4,object_red_01,RED,0.248017908,0.23111802,0.0600366503,-0.0389697548,0.0395523338,8.46670529e-16,4.00985029e-07,-2.01209518e-06,-0.000470697757,0.394910538,0.395059971,1,9.05391992e-05,-0.00139579017,-0.0116158327,0.000642805753
116.44,object_red_01,RED,0.246452401,0.232691507,0.0600366503,-0.0392607953,0.0391835433,7.64588074e-16,4.63005698e-07,-2.32330674e-06,-0.000543500774,0.394927443,0.395007536,1,9.16773595e-05,-0.00139566898,-0.0116158327,0.000642230671
116.48,object_red_01,RED,0.244879201,0.234255727,0.0600366503,-0.0393614383,0.0390764855,5.93285558e-16,4.36853243e-07,-2.1920764e-06,-0.000512801519,0.394947683,0.394949205,1,9.40838126e-05,-0.00139600909,-0.0116158327,0.000641565164
116.52,object_red_01,RED,0.243306153,0.235821182,0.0600366503,-0.0392623863,0.0392323631,5.076343e-16,3.68512114e-07,-1.84914874e-06,-0.000432579031,0.394966088,0.394891741,1,9.77664735e-05,-0.00139679001,-0.0116158327,0.000640802028
116.56,object_red_01,RED,0.241740449,0.237397742,0.0600366503,-0.0390309315,0.0395945638,9.28752985e-16,2.45452599e-07,-1.23165071e-06,-0.000288125162,0.394956833,0.39486865,1,0.000102509814,-0.00139779446,-0.0116158327,0.000639849111
116.6,object_red_01,RED,0.240183207,0.238989251,0.0600366503,-0.0388585117,0.0399452411,8.10982505e-16,-5.94784501e-09,2.98458105e-08,6.98195215e-06,0.394933247,0.394887963,1,0.000107312261,-0.00139833768,-0.0116158327,0.000638483216
116.64,object_red_01,RED,0.238630232,0.240591572,0.0600366503,-0.0388157225,0.0401248405,6.75368013e-16,-2.57142925e-07,1.29031136e-06,0.000301847892,0.394915829,0.394925415,1,0.000111349786,-0.00139824848,-0.0116158327,0.000636856052
116.68,object_red_01,RED,0.237075956,0.242195983,0.0600366503,-0.0389176815,0.0400540372,5.64735139e-16,-4.15875001e-07,2.08680966e-06,0.000488176038,0.394902963,0.394970713,1,0.000114228747,-0.00139763529,-0.0116158327,0.000635199787
116.72,object_red_01,RED,0.235514428,0.24379171,0.0600366503,-0.0391720075,0.0397021838,4.86221486e-16,-4.73675054e-07,2.37684383e-06,0.000556024931,0.394892162,0.395019119,1,0.000115793105,-0.00139659127,-0.0116158327,0.000633644765
116.76,object_red_01,RED,0.233939376,0.245367292,0.0600366503,-0.0395870913,0.0390606697,8.25257715e-16,-4.68260702e-07,2.34967562e-06,0.000549669356,0.394878939,0.395071901,1,0.000115994638,-0.00139515958,-0.0116158327,0.000632242196
116.8,object_red_01,RED,0.232344367,0.246911268,0.0600366503,-0.0401548795,0.0381465471,7.75294481e-16,-3.92715973e-07,1.97060205e-06,0.000460991098,0.394876163,0.395113375,1,0.000114880001,-0.00139339658,-0.0116158327,0.000631028988
116.84,object_red_01,RED,0.23072553,0.248416064,0.0600366503,-0.0407491713,0.037150899,5.89716755e-16,-1.0567512e-07,5.30265856e-07,0.000124047281,0.39489373,0.395113551,1,0.000113220862,-0.00139179685,-0.0116158327,0.000630178578
116.88,object_red_01,RED,0.229084425,0.249883188,0.0600366503,-0.0412629441,0.036279975,4.89790288e-16,2.02551602e-07,-1.01637998e-06,-0.000237765975,0.394908553,0.395088466,1,0.000112071532,-0.00139075451,-0.0116158327,0.000629654542
116.92,object_red_01,RED,0.227425191,0.251319907,0.0600366503,-0.0416570099,0.0356292841,9.32321787e-16,3.90318602e-07,-1.95857228e-06,-0.000458176923,0.394921279,0.395049713,1,0.000111963199,-0.00139023215,-0.0116158327,0.000629213693
116.96,object_red_01,RED,0.225753146,0.25273592,0.0600366503,-0.0419070959,0.0352349869,8.07413703e-16,4.48998345e-07,-2.25301954e-06,-0.000527058196,0.394935315,0.395003225,1,0.000113107582,-0.00139014781,-0.0116158327,0.000628697707
117,object_red_01,RED,0.224074437,0.254141737,0.0600366503,-0.0419960565,0.0351068174,7.25331247e-16,4.22203741e-07,-2.11856697e-06,-0.000495605155,0.394949986,0.394953854,1,0.000115572202,-0.00139045944,-0.0116158327,0.000628048601
117.04,object_red_01,RED,0.222395742,0.255548068,0.0600366503,-0.0419141736,0.035247335,5.54028731e-16,3.56118641e-07,-1.78695982e-06,-0.000418030919,0.394966215,0.394902164,1,0.000119371073,-0.00139115093,-0.0116158327,0.000627261947
117.08,object_red_01,RED,0.22072334,0.256965124,0.0600366503,-0.041711324,0.0356076882,4.64808671e-16,2.46485885e-07,-1.2368357e-06,-0.000289338107,0.394958462,0.394879201,1,0.000124323972,-0.00139206246,-0.0116158327,0.000626279879
117.12,object_red_01,RED,0.219058483,0.258397353,0.0600366503,-0.0415555801,0.0359685996,9.00202565e-16,1.17829534e-08,-5.91251512e-08,-1.38313945e-05,0.394936193,0.394895214,1,0.000129423215,-0.00139258896,-0.0116158327,0.000624924982
117.16,object_red_01,RED,0.217397613,0.259840911,0.0600366503,-0.0415096119,0.0361631766,7.71725678e-16,-2.33044314e-07,1.16938754e-06,0.00027355968,0.394922239,0.394925938,1,0.000133775494,-0.00139254955,-0.0116158327,0.000623342124
117.2,object_red_01,RED,0.215736109,0.261287221,0.0600366503,-0.0415818797,0.0361100959,6.64661606e-16,-3.92616278e-07,1.97010024e-06,0.00046087372,0.394913488,0.394963515,1,0.000136954911,-0.00139204971,-0.0116158327,0.000621760946
117.24,object_red_01,RED,0.214069157,0.262725582,0.0600366503,-0.0417769195,0.0357768244,5.25478312e-16,-4.54698235e-07,2.28162043e-06,0.000533748925,0.39490548,0.3950054,1,0.000138787893,-0.00139118248,-0.0116158327,0.00062031183
117.28,object_red_01,RED,0.212391713,0.264144555,0.0600366503,-0.0421011392,0.0351546636,9.53734601e-16,-4.5094037e-07,2.26276429e-06,0.000529337827,0.394897687,0.395048957,1,0.000139217888,-0.00138999256,-0.0116158327,0.000619046785
117.32,object_red_01,RED,0.210698523,0.265532599,0.0600366503,-0.0425551238,0.0342497898,7.61019271e-16,-4.00102485e-07,2.00766638e-06,0.000469661712,0.394894348,0.395088169,1,0.000138255609,-0.00138851073,-0.0116158327,0.000617991009
117.36,object_red_01,RED,0.208985833,0.266880969,0.0600366503,-0.0430498505,0.0332224094,7.50312864e-16,-1.51366976e-07,7.59542145e-07,0.000177682833,0.394908732,0.395094436,1,0.000136525501,-0.00138708849,-0.0116158327,0.000617263526
117.4,object_red_01,RED,0.207254423,0.268189854,0.0600366503,-0.0434853851,0.0322968594,5.82579151e-16,1.54643736e-07,-7.75983898e-07,-0.000181529126,0.394922183,0.395075462,1,0.000135166726,-0.00138613941,-0.0116158327,0.000616854312
117.44,object_red_01,RED,0.205507467,0.269465906,0.0600366503,-0.0438279355,0.0315813673,5.04065498e-16,3.56405025e-07,-1.78839805e-06,-0.00041836736,0.394931221,0.395044707,1,0.000134803104,-0.00138565239,-0.0116158327,0.000616527631
117.48,object_red_01,RED,0.203749135,0.270718574,0.0600366503,-0.044056801,0.0311187893,8.78789751e-16,4.30336342e-07,-2.15937594e-06,-0.000505151761,0.394940695,0.395006723,1,0.000135692417,-0.00138554513,-0.0116158327,0.000616112681
117.52,object_red_01,RED,0.201984338,0.271958307,0.0600366503,-0.0441553771,0.0309223214,7.78863283e-16,4.15014941e-07,-2.08249452e-06,-0.000487166576,0.394951852,0.394964715,1,0.000137924406,-0.00138577368,-0.0116158327,0.000615541943
117.56,object_red_01,RED,0.200218521,0.273195825,0.0600366503,-0.0441137623,0.0309948828,6.57524001e-16,3.55143167e-07,-1.78206504e-06,-0.000416885863,0.394964468,0.394920541,1,0.000141521603,-0.00138632103,-0.0116158327,0.00061480626
117.6,object_red_01,RED,0.198457196,0.274441749,0.0600366503,-0.0439485308,0.0313175245,5.36184719e-16,2.71820067e-07,-1.36395971e-06,-0.000319076753,0.394962573,0.394892163,1,0.000146419364,-0.00138712705,-0.0116158327,0.000613895051
117.64,object_red_01,RED,0.196702706,0.275702682,0.0600366503,-0.0437959097,0.0317000244,9.78716218e-16,7.49349455e-08,-3.76014037e-07,-8.79625262e-05,0.394943615,0.394898667,1,0.000151787669,-0.00138771735,-0.0116158327,0.000612664114
117.68,object_red_01,RED,0.19495254,0.276976544,0.0600366503,-0.043731288,0.0319482277,8.25257715e-16,-1.67692761e-07,8.4146158e-07,0.000196846598,0.394930024,0.394922467,1,0.000156582297,-0.00138780947,-0.0116158327,0.000611191037
117.72,object_red_01,RED,0.193202992,0.278255711,0.0600366503,-0.0437600553,0.0319663372,7.50312864e-16,-3.45418854e-07,1.73326929e-06,0.000405470875,0.394923833,0.394952175,1,0.000160272661,-0.00138748303,-0.0116158327,0.000609703624
117.76,object_red_01,RED,0.191450344,0.279529994,0.0600366503,-0.0438820844,0.0317138018,5.86147953e-16,-4.26790959e-07,2.14158501e-06,0.000500989859,0.394919895,0.394985472,1,0.000162633529,-0.00138683917,-0.0116158327,0.00060834893
117.8,object_red_01,RED,0.189690775,0.280788237,0.0600366503,-0.0441021008,0.0311777284,4.96927893e-16,-4.35326071e-07,2.18441356e-06,0.000511008918,0.394916553,0.395020375,1,0.000163583217,-0.00138593027,-0.0116158327,0.000607188606
117.84,object_red_01,RED,0.187920257,0.282019044,0.0600366503,-0.0444249416,0.0303565127,9.00202565e-16,-4.08386623e-07,2.04923483e-06,0.000479385995,0.39491119,0.395057915,1,0.000163103263,-0.00138477842,-0.0116158327,0.000606245107
117.88,object_red_01,RED,0.186135084,0.283211979,0.0600366503,-0.0448155624,0.0293284567,7.36037654e-16,-2.48084172e-07,1.24485738e-06,0.000291214637,0.394922835,0.395072416,1,0.000161467829,-0.00138352562,-0.0116158327,0.000605571963
117.92,object_red_01,RED,0.184334685,0.284363813,0.0600366503,-0.0451770821,0.0283341825,6.03991965e-16,4.8222724e-08,-2.41975677e-07,-5.66063739e-05,0.394934214,0.395064437,1,0.000159809722,-0.00138260569,-0.0116158327,0.000605227678
117.96,object_red_01,RED,0.18252114,0.285479325,0.0600366503,-0.0454730998,0.0275184817,5.25478312e-16,2.85865288e-07,-1.43443813e-06,-0.00033556405,0.394941275,0.39504244,1,0.000158967981,-0.00138210269,-0.0116158327,0.000605021026
118,object_red_01,RED,0.180697418,0.286567095,0.0600366503,-0.0456873819,0.0269409747,9.50165799e-16,3.98910201e-07,-2.00168355e-06,-0.000468262126,0.394946859,0.395013343,1,0.000159309468,-0.00138193591,-0.0116158327,0.000604753472
118.04,object_red_01,RED,0.178867116,0.287637173,0.0600366503,-0.0458045227,0.0266226736,7.96707295e-16,4.10307106e-07,-2.05887133e-06,-0.000481640303,0.394954095,0.394979538,1,0.00016097392,-0.00138205093,-0.0116158327,0.000604330622
118.08,object_red_01,RED,0.177034386,0.288700075,0.0600366503,-0.0458128851,0.0265692872,7.53881666e-16,3.64516104e-07,-1.82909735e-06,-0.000427888327,0.394961255,0.39494486,1,0.000164005655,-0.00138242709,-0.0116158327,0.000603729726
118.12,object_red_01,RED,0.175203702,0.289766439,0.0600366503,-0.0457083062,0.0267821518,5.75441546e-16,2.98540748e-07,-1.49804102e-06,-0.000350442947,0.394969271,0.394909103,1,0.000168412153,-0.00138305421,-0.0116158327,0.00060295939
118.16,object_red_01,RED,0.173378625,0.290845636,0.0600366503,-0.0455578102,0.0271661556,4.86221486e-16,1.72534583e-07,-8.6575712e-07,-0.000202530156,0.394953806,0.394903742,1,0.000173829542,-0.00138372194,-0.0116158327,0.000601957525
118.2,object_red_01,RED,0.171558473,0.291939644,0.0600366503,-0.0454670381,0.0274944877,8.50239331e-16,-5.09422849e-08,2.5562224e-07,5.979877e-05,0.39493927,0.394917901,1,0.000179123125,-0.00138401304,-0.0116158327,0.000600679034
118.24,object_red_01,RED,0.169740374,0.293043106,0.0600366503,-0.0454504029,0.027633738,7.68156876e-16,-2.57466224e-07,1.29193374e-06,0.00030222742,0.394933285,0.394939567,1,0.000183524229,-0.00138390484,-0.0116158327,0.000599313866
118.28,object_red_01,RED,0.167921507,0.294147036,0.0600366503,-0.0455013837,0.0275242845,5.93285558e-16,-3.78645714e-07,1.89999784e-06,0.000444474373,0.394932327,0.394964197,1,0.000186688811,-0.00138350523,-0.0116158327,0.000598041326
118.32,object_red_01,RED,0.166099191,0.295240932,0.0600366503,-0.0456201212,0.0271437152,5.50459929e-16,-4.15957894e-07,2.08722623e-06,0.000488273484,0.394931754,0.394991611,1,0.00018847966,-0.00138288565,-0.0116158327,0.000596949427
118.36,object_red_01,RED,0.164270623,0.296313806,0.0600366503,-0.0458110715,0.0264868679,9.14477775e-16,-4.01679255e-07,2.01557802e-06,0.000471512519,0.39493204,0.395019228,1,0.000188852808,-0.00138207686,-0.0116158327,0.000596069177
118.4,object_red_01,RED,0.162432848,0.297354632,0.0600366503,-0.0460752699,0.0255599133,8.1812011e-16,-3.52449866e-07,1.76855121e-06,0.00041372451,0.394933011,0.395046,1,0.000187819068,-0.00138109802,-0.0116158327,0.000595415021
118.44,object_red_01,RED,0.160583858,0.298355145,0.0600366503,-0.0463560974,0.0245209603,7.07487235e-16,-1.2639244e-07,6.34222727e-07,0.000148366344,0.39494564,0.395049449,1,0.000186005782,-0.0013801919,-0.0116158327,0.000595052044
118.48,object_red_01,RED,0.158724363,0.299315748,0.0600366503,-0.0465987109,0.0235839384,5.29047114e-16,1.4829291e-07,-7.44116195e-07,-0.000174074182,0.394952763,0.395038288,1,0.000184551736,-0.00137963189,-0.0116158327,0.000594925541
118.52,object_red_01,RED,0.156856216,0.300242913,0.0600366503,-0.0467896637,0.0228491298,4.54102264e-16,3.28421174e-07,-1.64797834e-06,-0.000385518397,0.394955511,0.395019068,1,0.000184074628,-0.00137938683,-0.0116158327,0.000594826151
118.56,object_red_01,RED,0.154981712,0.301145686,0.0600366503,-0.0469176006,0.0223558901,8.35964122e-16,3.93295785e-07,-1.97351084e-06,-0.000461671569,0.394957957,0.394995032,1,0.000184830353,-0.0013793851,-0.0116158327,0.000594609926
118.6,object_red_01,RED,0.153103643,0.302034065,0.0600366503,-0.0469697369,0.0221178143,7.50312864e-16,3.78708884e-07,-1.90031515e-06,-0.000444548601,0.394962544,0.394967223,1,0.000186914716,-0.00137959321,-0.0116158327,0.000594222461
118.64,object_red_01,RED,0.151225233,0.302918337,0.0600366503,-0.0469380821,0.022137838,5.79010348e-16,3.24059911e-07,-1.62609309e-06,-0.000380398698,0.394967014,0.394939112,1,0.000190354852,-0.0013799991,-0.0116158327,0.0005936586
118.68,object_red_01,RED,0.149349867,0.303808824,0.0600366503,-0.0468249884,0.0224115201,5.11203102e-16,2.57426337e-07,-1.2917339e-06,-0.000302180667,0.394967689,0.394914941,1,0.000195137919,-0.00138058589,-0.0116158327,0.000592928995
118.72,object_red_01,RED,0.147479464,0.304713396,0.0600366503,-0.0467090321,0.0227954268,9.03771368e-16,1.11851549e-07,-5.61257115e-07,-0.000131297207,0.39495195,0.394916481,1,0.000200674816,-0.00138109355,-0.0116158327,0.000591966466
118.76,object_red_01,RED,0.145612509,0.30563178,0.0600366503,-0.0466515312,0.0230820528,8.35964122e-16,-1.03361397e-07,5.18654806e-07,0.00012133107,0.394941669,0.394930149,1,0.000205852846,-0.00138125074,-0.0116158327,0.000590804764
118.8,object_red_01,RED,0.143746706,0.30655762,0.0600366503,-0.0466465189,0.0231672652,6.86074421e-16,-2.80429443e-07,1.40716042e-06,0.000329182875,0.3949405,0.394946774,1,0.000210045967,-0.0013811062,-0.0116158327,0.000589632042
118.84,object_red_01,RED,0.141880189,0.307481795,0.0600366503,-0.0466842757,0.0230069163,5.89716755e-16,-3.72518585e-07,1.86925279e-06,0.000437282056,0.394943125,0.394965259,1,0.000212985471,-0.00138075842,-0.0116158327,0.000588587038
118.88,object_red_01,RED,0.140011273,0.308394096,0.0600366503,-0.0467649453,0.0225852632,4.96927893e-16,-3.92161053e-07,1.96781666e-06,0.000460339507,0.394945684,0.394985919,1,0.000214566654,-0.00138026182,-0.0116158327,0.000587729588
118.92,object_red_01,RED,0.138138159,0.309283982,0.0600366503,-0.0468925276,0.0218992137,8.89496158e-16,-3.71576499e-07,1.86452604e-06,0.000436176303,0.394948149,0.395007298,1,0.000214756211,-0.00137963724,-0.0116158327,0.000587078006
118.96,object_red_01,RED,0.136258933,0.310140957,0.0600366503,-0.0470660082,0.0209607032,7.61019271e-16,-3.12833469e-07,1.56976097e-06,0.000367220685,0.394953583,0.395025209,1,0.00021358419,-0.00137890424,-0.0116158327,0.000586643877
119,object_red_01,RED,0.134372544,0.310957818,0.0600366503,-0.0472406229,0.0199401571,6.18267175e-16,-8.72785343e-08,4.37953699e-07,0.000102452319,0.394963653,0.395027198,1,0.000211757831,-0.00137827653,-0.0116158327,0.000586472459
119.04,object_red_01,RED,0.132479761,0.311735792,0.0600366503,-0.0473860674,0.0190321117,5.04065498e-16,1.65253646e-07,-8.29223163e-07,-0.000193983608,0.39496783,0.395018404,1,0.000210355929,-0.00137793482,-0.0116158327,0.000586481031
119.08,object_red_01,RED,0.130581839,0.31248144,0.0600366503,-0.0474983591,0.0183227173,8.78789751e-16,3.22312221e-07,-1.61732426e-06,-0.000378347361,0.394967489,0.395004318,1,0.000209931314,-0.0013778301,-0.0116158327,0.000586483149
119.12,object_red_01,RED,0.128680258,0.313203542,0.0600366503,-0.0475694016,0.0178462182,8.10982505e-16,3.73714272e-07,-1.87525312e-06,-0.000438685733,0.394967335,0.394986158,1,0.000210713512,-0.00137790138,-0.0116158327,0.000586361547
119.16,object_red_01,RED,0.12677689,0.313911696,0.0600366503,-0.0475886661,0.0176141123,6.21835977e-16,3.5447078e-07,-1.77869128e-06,-0.000416096624,0.394968537,0.394965494,1,0.000212787635,-0.00137812246,-0.0116158327,0.000586075214
119.2,object_red_01,RED,0.12487397,0.314615755,0.0600366503,-0.0475492616,0.0176293562,5.14771905e-16,3.01372081e-07,-1.51224834e-06,-0.000353766523,0.394970776,0.394943575,1,0.000216178921,-0.00137848543,-0.0116158327,0.000585624195
119.24,object_red_01,RED,0.122973871,0.31532561,0.0600366503,-0.047452605,0.0178888562,1.00369784e-15,2.38892812e-07,-1.19873496e-06,-0.000280425039,0.394968847,0.394925834,1,0.000220880404,-0.00137897944,-0.0116158327,0.000585022292
119.28,object_red_01,RED,0.12107791,0.316049099,0.0600366503,-0.0473575172,0.018265789,8.57376936e-16,1.11312336e-07,-5.58551467e-07,-0.000130664263,0.39495515,0.394926658,1,0.000226378867,-0.001379413,-0.0116158327,0.000584225372
119.32,object_red_01,RED,0.119184739,0.31678633,0.0600366503,-0.0473108097,0.0185560286,7.61019271e-16,-8.74771257e-08,4.38949507e-07,0.000102685279,0.394946877,0.394936623,1,0.000231581561,-0.00137956087,-0.0116158327,0.000583261762
119.36,object_red_01,RED,0.117292638,0.317531453,0.0600366503,-0.0472991862,0.0186591,5.93285558e-16,-2.55959507e-07,1.28437332e-06,0.000300458778,0.39494791,0.394947815,1,0.000235861211,-0.00137947031,-0.0116158327,0.000582294975
119.4,object_red_01,RED,0.115400526,0.318275954,0.0600366503,-0.0473090034,0.018532262,5.00496695e-16,-3.46499858e-07,1.73869399e-06,0.000406739894,0.394952815,0.39496022,1,0.000238946907,-0.00137923334,-0.0116158327,0.000581448157
119.44,object_red_01,RED,0.113507623,0.319010258,0.0600366503,-0.0473381634,0.0181603105,9.35890589e-16,-3.67056203e-07,1.84184356e-06,0.000430870097,0.394958571,0.394973699,1,0.000240731508,-0.00137890149,-0.0116158327,0.000580774285
119.48,object_red_01,RED,0.111613085,0.319724462,0.0600366503,-0.0473902001,0.0175395535,8.25257715e-16,-3.48539463e-07,1.74892896e-06,0.000409134198,0.394963251,0.394988754,1,0.000241179329,-0.00137849378,-0.0116158327,0.000580287681
119.52,object_red_01,RED,0.109715945,0.320408643,0.0600366503,-0.0474668466,0.0166735635,6.89643223e-16,-3.10288598e-07,1.55699088e-06,0.000364233328,0.394969532,0.395002209,1,0.000240292075,-0.00137801879,-0.0116158327,0.000579993951
119.56,object_red_01,RED,0.107815544,0.32105471,0.0600366503,-0.0475463525,0.0156786998,5.54028731e-16,-1.33848647e-07,6.71636922e-07,0.000157118803,0.394978577,0.395006443,1,0.000238523758,-0.00137758824,-0.0116158327,0.000579919128
119.6,object_red_01,RED,0.105912364,0.321662106,0.0600366503,-0.0476067251,0.014760338,4.29120647e-16,1.10049245e-07,-5.5221397e-07,-0.000129181701,0.394981816,0.395002385,1,0.000236959637,-0.00137737498,-0.0116158327,0.00058002184
119.64,object_red_01,RED,0.104007108,0.322236226,0.0600366503,-0.0476512736,0.0140162799,8.53808134e-16,2.79865817e-07,-1.40433331e-06,-0.000328521507,0.394979665,0.394994151,1,0.000236237598,-0.00137734957,-0.0116158327,0.000580142219
119.68,object_red_01,RED,0.102100437,0.322785001,0.0600366503,-0.0476772552,0.0134861995,7.61019271e-16,3.47682514e-07,-1.74462898e-06,-0.000408128286,0.394976883,0.394982509,1,0.00023662809,-0.00137745122,-0.0116158327,0.000580163108
119.72,object_red_01,RED,0.100193266,0.32331734,0.0600366503,-0.0476761261,0.0131843277,6.2540478e-16,3.41068513e-07,-1.71144039e-06,-0.000400364345,0.394974869,0.394968872,1,0.000238236257,-0.0013776522,-0.0116158327,0.000580038781
119.76,object_red_01,RED,0.0982868481,0.323842491,0.0600366503,-0.0476404713,0.013115488,5.14771905e-16,2.96776165e-07,-1.48918663e-06,-0.000348371602,0.394974452,0.394953426,1,0.000241098676,-0.00137794565,-0.0116158327,0.000579765574
119.8,object_red_01,RED,0.096382622,0.324369779,0.0600366503,-0.0475685679,0.0132791592,9.28752985e-16,2.37666845e-07,-1.19258322e-06,-0.000278985938,0.394973387,0.394938627,1,0.000245218858,-0.00137832699,-0.0116158327,0.00057935686
119.84,object_red_01,RED,0.0944817695,0.324907996,0.0600366503,-0.0474820735,0.0136287399,8.038449e-16,1.59586656e-07,-8.00786226e-07,-0.000187331243,0.394962989,0.39493493,1,0.000250427376,-0.00137873427,-0.0116158327,0.000578808502
119.88,object_red_01,RED,0.092583648,0.325460481,0.0600366503,-0.0474331664,0.0139623278,7.07487235e-16,-6.52097146e-09,3.27215461e-08,7.65468591e-06,0.39495321,0.39494087,1,0.00025575929,-0.00137895054,-0.0116158327,0.000578097764
119.92,object_red_01,RED,0.0906867979,0.326023523,0.0600366503,-0.0474130933,0.0141500121,5.46891127e-16,-1.82143556e-07,9.13973959e-07,0.000213809719,0.394953006,0.394947705,1,0.000260408298,-0.00137895707,-0.0116158327,0.000577337932
119.96,object_red_01,RED,0.0887905384,0.326589952,0.0600366503,-0.0474006527,0.0141361811,5.54028731e-16,-2.96881706e-07,1.48971607e-06,0.000348495458,0.394959026,0.394954231,1,0.000264009021,-0.00137884179,-0.0116158327,0.000576655635
120,object_red_01,RED,0.0868947871,0.327151189,0.0600366503,-0.0473873684,0.0138996678,8.78789751e-16,-3.39073476e-07,1.70142953e-06,0.000398022462,0.394966867,0.3949614,1,0.000266412902,-0.00137866748,-0.0116158327,0.000576115994
120.04,object_red_01,RED,0.0849995673,0.327698154,0.0600366503,-0.0473746652,0.0134335479,8.07413703e-16,-3.32913724e-07,1.67052084e-06,0.000390791862,0.394974046,0.394969972,1,0.000267563808,-0.00137845969,-0.0116158327,0.000575738082
120.08,object_red_01,RED,0.0831047886,0.328221647,0.0600366503,-0.0473654895,0.0127377055,6.18267175e-16,-3.05455598e-07,1.53273935e-06,0.000358560068,0.394981184,0.394978713,1,0.000267446238,-0.00137822599,-0.0116158327,0.000575524555
120.12,object_red_01,RED,0.0812103042,0.328712672,0.0600366503,-0.0473582674,0.0118332482,5.36184719e-16,-2.36837707e-07,1.18842338e-06,0.000278012803,0.394989726,0.39498519,1,0.000266126142,-0.00137798146,-0.0116158327,0.000575481301
120.16,object_red_01,RED,0.0793163495,0.329166047,0.0600366503,-0.0473381509,0.010892886,9.53734601e-16,-2.8699827e-08,1.44012546e-07,3.36894488e-05,0.394995491,0.39498586,1,0.000264369091,-0.00137784827,-0.0116158327,0.000575618521
120.2,object_red_01,RED,0.0774233987,0.329583925,0.0600366503,-0.0473105041,0.0100685096,8.07413703e-16,1.78006589e-07,-8.93215882e-07,-0.00020895369,0.394994101,0.394983249,1,0.000263085935,-0.00137787521,-0.0116158327,0.000575844774
120.24,object_red_01,RED,0.075531557,0.329972465,0.0600366503,-0.0472829474,0.00942346814,7.71725678e-16,2.9643442e-07,-1.48747242e-06,-0.000347970584,0.394989198,0.394978444,1,0.00026271148,-0.00137800503,-0.0116158327,0.000576031745
120.28,object_red_01,RED,0.0736408604,0.330339455,0.0600366503,-0.0472522996,0.0089830655,1.10719311e-15,3.28028448e-07,-1.6460071e-06,-0.000385057262,0.394984559,0.394971296,1,0.000263426131,-0.00137819667,-0.0116158327,0.000576109052
120.32,object_red_01,RED,0.0717515859,0.330693297,0.0600366503,-0.047211204,0.00875622163,5.076343e-16,3.04977691e-07,-1.53034097e-06,-0.000357999007,0.394981119,0.394962476,1,0.000265298037,-0.0013784369,-0.0116158327,0.000576057351
120.36,object_red_01,RED,0.0698642668,0.331042593,0.0600366503,-0.0471548425,0.00874514301,8.75220948e-16,2.57138267e-07,-1.29028848e-06,-0.000301842535,0.394978319,0.394953008,1,0.000268347597,-0.00137872338,-0.0116158327,0.000575882645
120.4,object_red_01,RED,0.0679795352,0.331395982,0.0600366503,-0.0470831347,0.00894957926,8.07413703e-16,2.02667351e-07,-1.01696006e-06,-0.000237901683,0.394974252,0.394944777,1,0.000272576129,-0.001379053,-0.0116158327,0.000575600345
120.44,object_red_01,RED,0.0660976442,0.331761162,0.0600366503,-0.0470202972,0.00929856459,6.43248792e-16,1.19536359e-07,-5.99818736e-07,-0.000140318085,0.39496335,0.394945543,1,0.000277716987,-0.00137935527,-0.0116158327,0.000575201458
120.48,object_red_01,RED,0.0642175166,0.332139865,0.0600366503,-0.0469919065,0.00960281181,5.25478312e-16,-3.89048264e-08,1.95219713e-07,4.56685566e-05,0.394956972,0.394950128,1,0.000282808126,-0.00137949069,-0.0116158327,0.000574688971
120.52,object_red_01,RED,0.0623381837,0.33252787,0.0600366503,-0.0469752441,0.00976051227,4.75515078e-16,-1.92058863e-07,9.63727786e-07,0.000225448838,0.394960246,0.394952731,1,0.000287184276,-0.00137948934,-0.0116158327,0.000574167234
120.56,object_red_01,RED,0.0604596868,0.332918304,0.0600366503,-0.0469481871,0.00972962172,8.32395319e-16,-2.84852264e-07,1.42935388e-06,0.000334374679,0.394968367,0.394954671,1,0.000290555729,-0.00137943109,-0.0116158327,0.000573730858
120.6,object_red_01,RED,0.0585826431,0.333303243,0.0600366503,-0.0469032643,0.00949459482,7.57450469e-16,-3.13593981e-07,1.57357657e-06,0.000368113289,0.394977746,0.394957029,1,0.000292805113,-0.00137936431,-0.0116158327,0.000573422799
120.64,object_red_01,RED,0.0567077506,0.333674405,0.0600366503,-0.046841983,0.0090508712,5.64735139e-16,-3.01770278e-07,1.51424681e-06,0.000354234031,0.394986549,0.39496039,1,0.000293889413,-0.00137930655,-0.0116158327,0.000573251972
120.68,object_red_01,RED,0.0548356022,0.334023435,0.0600366503,-0.0467670049,0.00839878425,5.076343e-16,-2.74000935e-07,1.37490365e-06,0.000321636908,0.394995508,0.394963635,1,0.000293797882,-0.00137926194,-0.0116158327,0.000573217103
120.72,object_red_01,RED,0.0529667309,0.334342125,0.0600366503,-0.0466783495,0.00755292983,8.68083344e-16,-2.18537604e-07,1.09659557e-06,0.000256531143,0.395004069,0.394966773,1,0.000292575068,-0.00137923705,-0.0116158327,0.000573320587
120.76,object_red_01,RED,0.0511017474,0.334625416,0.0600366503,-0.0465744168,0.00666432628,7.93138493e-16,-3.35147073e-08,1.68173006e-07,3.93414059e-05,0.395008979,0.394967521,1,0.000290881205,-0.00137929926,-0.0116158327,0.000573564319
120.8,object_red_01,RED,0.0492409741,0.334874969,0.0600366503,-0.0464709843,0.00587608352,6.71799211e-16,1.57638367e-07,-7.91010542e-07,-0.000185044372,0.395006038,0.394968029,1,0.000289580316,-0.00137946925,-0.0116158327,0.000573876276
120.84,object_red_01,RED,0.0473840811,0.335096248,0.0600366503,-0.0463806497,0.00524860591,5.39753522e-16,2.70648108e-07,-1.35807977e-06,-0.000317701226,0.394999702,0.394967347,1,0.000289094901,-0.00137969384,-0.0116158327,0.000574153527
120.88,object_red_01,RED,0.0455305176,0.335296259,0.0600366503,-0.0463030657,0.0048057855,4.82652683e-16,3.03090819e-07,-1.5208731e-06,-0.000355784147,0.394993356,0.394965016,1,0.000289600261,-0.0013799373,-0.0116158327,0.000574339145
120.92,object_red_01,RED,0.0436798955,0.33548261,0.0600366503,-0.0462322201,0.00455680921,8.39532924e-16,2.84213741e-07,-1.42615002e-06,-0.000333625186,0.394988209,0.394961148,1,0.000291165554,-0.00138018955,-0.0116158327,0.000574418371
120.96,object_red_01,RED,0.04183205,0.335663118,0.0600366503,-0.0461636933,0.00450385589,7.71725678e-16,2.41401783e-07,-1.21132474e-06,-0.000283370219,0.394983306,0.394957063,1,0.000293811981,-0.00138045,-0.0116158327,0.000574397115
121,object_red_01,RED,0.0399869156,0.335845633,0.0600366503,-0.0460967965,0.00464723661,5.93285558e-16,1.91633865e-07,-9.61595374e-07,-0.000224949993,0.394978511,0.394952888,1,0.00029754219,-0.00138071753,-0.0116158327,0.000574288974
121.04,object_red_01,RED,0.0381443003,0.336037712,0.0600366503,-0.0460412209,0.00495890418,5.00496695e-16,1.34578344e-07,-6.75297672e-07,-0.000157975185,0.394969366,0.394953495,1,0.000302261405,-0.00138096849,-0.0116158327,0.00057409989
121.08,object_red_01,RED,0.0363032381,0.336243013,0.0600366503,-0.0460175898,0.00527813423,9.53734601e-16,8.92437464e-09,-4.47813378e-08,-1.04758848e-05,0.394962002,0.394957025,1,0.000307225,-0.00138110846,-0.0116158327,0.000573819376
121.12,object_red_01,RED,0.0344627852,0.336458956,0.0600366503,-0.0460047865,0.00548465559,7.86000888e-16,-1.37845126e-07,6.91689938e-07,0.000161809896,0.39496417,0.394957298,1,0.000311677274,-0.00138114192,-0.0116158327,0.00057351237
121.16,object_red_01,RED,0.0326231347,0.336679878,0.0600366503,-0.0459748344,0.00553039374,7.36037654e-16,-2.40659487e-07,1.20759989e-06,0.000282498849,0.394972373,0.394955577,1,0.000315274817,-0.00138114188,-0.0116158327,0.000573262434
121.2,object_red_01,RED,0.030785294,0.336898903,0.0600366503,-0.0459149056,0.00539696739,5.54028731e-16,-2.82940443e-07,1.41976078e-06,0.000332130524,0.39498268,0.394953564,1,0.000317876801,-0.00138116034,-0.0116158327,0.000573114128
121.24,object_red_01,RED,0.0289505086,0.337108712,0.0600366503,-0.0458239706,0.0050783927,4.86221486e-16,-2.80071041e-07,1.40536263e-06,0.000328762304,0.394992877,0.394952203,1,0.000319428525,-0.00138121819,-0.0116158327,0.000573078028
121.28,object_red_01,RED,0.0271199635,0.337301862,0.0600366503,-0.0457047316,0.00457350141,8.71652146e-16,-2.56731945e-07,1.28824992e-06,0.000301365642,0.395002616,0.394951344,1,0.000319912274,-0.00138131975,-0.0116158327,0.000573151009
121.32,object_red_01,RED,0.0252947547,0.337470935,0.0600366503,-0.0455585302,0.00388415884,7.86000888e-16,-2.29787329e-07,1.15304509e-06,0.000269736617,0.395012091,0.394950699,1,0.000319329202,-0.00138146588,-0.0116158327,0.000573331127
121.36,object_red_01,RED,0.0234759401,0.337609179,0.0600366503,-0.0453873516,0.00306139591,6.1112957e-16,-1.31548669e-07,6.60095645e-07,0.000154418907,0.395019959,0.394950251,1,0.000317865554,-0.00138166585,-0.0116158327,0.00057361929
121.4,object_red_01,RED,0.0216642179,0.337714645,0.0600366503,-0.0452087192,0.00226625852,5.32615917e-16,5.21216192e-08,-2.61539993e-07,-6.11831342e-05,0.395019679,0.394952246,1,0.000316338001,-0.00138194253,-0.0116158327,0.000573991751
121.44,object_red_01,RED,0.0198593601,0.337790608,0.0600366503,-0.0450462444,0.00158926603,9.46596997e-16,1.98824333e-07,-9.97676751e-07,-0.000233390654,0.395013606,0.394955125,1,0.000315357557,-0.00138225877,-0.0116158327,0.000574371234
121.48,object_red_01,RED,0.0180604725,0.337842651,0.0600366503,-0.0449092393,0.00106628899,8.1812011e-16,2.67733707e-07,-1.34345551e-06,-0.000314280114,0.395005921,0.394957343,1,0.000315190054,-0.00138257042,-0.0116158327,0.000574693238
121.52,object_red_01,RED,0.01626656,0.337877289,0.0600366503,-0.0447954932,0.000712035208,7.28900049e-16,2.7412723e-07,-1.37553722e-06,-0.000321785123,0.39499888,0.394958291,1,0.000315945206,-0.00138285975,-0.0116158327,0.000574932329
121.56,object_red_01,RED,0.0144768005,0.337901405,0.0600366503,-0.0446999702,0.000531811372,5.61166336e-16,2.45777898e-07,-1.23328361e-06,-0.000288507146,0.394992575,0.394958483,1,0.000317664654,-0.00138312533,-0.0116158327,0.000575088181
121.6,object_red_01,RED,0.0126905318,0.337921989,0.0600366503,-0.044620013,0.000526739831,4.82652683e-16,2.03951187e-07,-1.02340222e-06,-0.000239408725,0.394986687,0.394958331,1,0.000320359177,-0.00138336856,-0.0116158327,0.000575170276
121.64,object_red_01,RED,0.0109071263,0.337946021,0.0600366503,-0.0445563799,0.000694816944,8.9306496e-16,1.5766289e-07,-7.91133173e-07,-0.000185073063,0.394980199,0.394958761,1,0.000324023655,-0.00138358762,-0.0116158327,0.000575190758
121.68,object_red_01,RED,0.00912580452,0.337980057,0.0600366503,-0.0445174769,0.0010026676,7.78863283e-16,1.04521913e-07,-5.24478179e-07,-0.000122693355,0.394970944,0.394962257,1,0.00032853821,-0.00138376248,-0.0116158327,0.000575153279
121.72,object_red_01,RED,0.00734536965,0.338026605,0.0600366503,-0.0445075117,0.00129742255,6.50386396e-16,-1.17541728e-08,5.89810499e-08,1.37976812e-05,0.394966275,0.394964386,1,0.000333172441,-0.00138384793,-0.0116158327,0.000575057742
121.76,object_red_01,RED,0.00556524345,0.338082876,0.0600366503,-0.0444964042,0.00148480453,5.50459929e-16,-1.39416884e-07,6.99576843e-07,0.000163654912,0.394970334,0.394961987,1,0.000337299538,-0.00138387972,-0.0116158327,0.00057495982
121.8,object_red_01,RED,0.00378609852,0.338143692,0.0600366503,-0.0444566555,0.00152841282,1.00012903e-15,-2.24569841e-07,1.12686406e-06,0.000263611981,0.39497967,0.394957073,1,0.000340644709,-0.0013839227,-0.0116158327,0.000574919388
121.84,object_red_01,RED,0.0020093707,0.338202976,0.0600366503,-0.0443768098,0.00141484268,7.78863283e-16,-2.55860657e-07,1.28387773e-06,0.00030034284,0.394990525,0.394951861,1,0.000343096886,-0.00138401711,-0.0116158327,0.000574964999
121.88,object_red_01,RED,0.000236699836,0.338254324,0.0600366503,-0.0442561865,0.00113928215,7.68156876e-16,-2.49837823e-07,1.253656e-06,0.000293272943,0.395001209,0.394947141,1,0.000344612008,-0.00138417719,-0.0116158327,0.000575100129
121.92,object_red_01,RED,-0.00153033411,0.338291244,0.0600366503,-0.0440972652,0.000701671938,5.076343e-16,-2.26539911e-07,1.13674994e-06,0.000265924623,0.395011428,0.394942879,1,0.000345177582,-0.00138440449,-0.0116158327,0.000575319104
121.96,object_red_01,RED,-0.00329023347,0.338307268,0.0600366503,-0.0439013296,0.000102924962,4.50533461e-16,-2.02326748e-07,1.0152512e-06,0.000237501921,0.395021596,0.39493864,1,0.000344793443,-0.0013846985,-0.0116158327,0.000575618591
122,object_red_01,RED,-0.00504153916,0.338296248,0.0600366503,-0.0436708326,-0.000630881693,8.60945739e-16,-1.39491193e-07,6.9995016e-07,0.00016374224,0.395029755,0.394935958,1,0.00034354864,-0.00138505815,-0.0116158327,0.000575997892
122.04,object_red_01,RED,-0.00678327035,0.338255357,0.0600366503,-0.0434287175,-0.00136677542,7.64588074e-16,1.82142706e-08,-9.13969523e-08,-2.13808683e-05,0.39503007,0.394937903,1,0.000342079389,-0.00138547062,-0.0116158327,0.000576436978
122.08,object_red_01,RED,-0.00851562311,0.338186773,0.0600366503,-0.0432048831,-0.00201078114,6.53955199e-16,1.59882618e-07,-8.02271861e-07,-0.000187678779,0.395023993,0.394942688,1,0.000341006776,-0.00138589357,-0.0116158327,0.000576881655
122.12,object_red_01,RED,-0.0102396876,0.338095077,0.0600366503,-0.0430136618,-0.00252510081,5.076343e-16,2.34966427e-07,-1.17903327e-06,-0.000275816138,0.395015717,0.39494784,1,0.000340612869,-0.00138628533,-0.0116158327,0.000577281798
122.16,object_red_01,RED,-0.0119568137,0.33798582,0.0600366503,-0.0428557667,-0.00289443625,9.0734017e-16,2.49875382e-07,-1.25384442e-06,-0.000293317022,0.395007798,0.394952108,1,0.000341014777,-0.00138662908,-0.0116158327,0.000577616722
122.2,object_red_01,RED,-0.0136682528,0.337864952,0.0600366503,-0.0427271594,-0.00311267038,8.14551307e-16,2.29401601e-07,-1.15110937e-06,-0.000269283786,0.395000653,0.394955617,1,0.000342258907,-0.00138692402,-0.0116158327,0.000577886427
122.24,object_red_01,RED,-0.0153751057,0.337738562,0.0600366503,-0.0426248828,-0.00317822806,7.07487235e-16,1.93978176e-07,-9.73358882e-07,-0.000227701879,0.39499385,0.394958868,1,0.000344359362,-0.00138717306,-0.0116158327,0.000578099066
122.28,object_red_01,RED,-0.0170784135,0.337612741,0.0600366503,-0.0425487781,-0.00309201266,5.39753522e-16,1.54397655e-07,-7.74748636e-07,-0.00018124016,0.394986904,0.394962263,1,0.000347314537,-0.00138737649,-0.0116158327,0.000578264284
122.32,object_red_01,RED,-0.0187792623,0.337493502,0.0600366503,-0.042501306,-0.00285862225,4.71946276e-16,1.15471765e-07,-5.79423264e-07,-0.000135546886,0.394978836,0.39496667,1,0.000351109992,-0.00138753017,-0.0116158327,0.000578391074
122.36,object_red_01,RED,-0.0204789305,0.337385513,0.0600366503,-0.0424877216,-0.00255779029,8.60945739e-16,4.74021347e-08,-2.37858084e-07,-5.56431285e-05,0.394971514,0.394970817,1,0.000355424984,-0.00138761737,-0.0116158327,0.000578477976
122.4,object_red_01,RED,-0.022178437,0.337288608,0.0600366503,-0.0424867015,-0.00231503247,1.30704604e-15,-6.54855206e-08,3.28598347e-07,7.68703739e-05,0.394971935,0.394969473,1,0.000359556397,-0.00138765609,-0.0116158327,0.000578546576
122.44,object_red_01,RED,-0.0238775527,0.337199206,0.0600366503,-0.0424644611,-0.00218221178,5.86147953e-16,-1.64181419e-07,8.23842293e-07,0.000192724844,0.394979215,0.394963673,1,0.000363115333,-0.00138770438,-0.0116158327,0.000578644255
122.48,object_red_01,RED,-0.0255749481,0.337112439,0.0600366503,-0.0424007831,-0.00217856562,4.71946276e-16,-2.17344807e-07,1.0906098e-06,0.000255130873,0.394989634,0.39495617,1,0.00036594219,-0.00138780964,-0.0116158327,0.000578804297
122.52,object_red_01,RED,-0.0272688061,0.337022973,0.0600366503,-0.0422897944,-0.00231094513,8.78789751e-16,-2.27504278e-07,1.14158892e-06,0.000267056627,0.395000505,0.394948748,1,0.00036797321,-0.00138799374,-0.0116158327,0.000579036212
122.56,object_red_01,RED,-0.0289572469,0.336925312,0.0600366503,-0.0421326429,-0.00258160766,7.93138493e-16,-2.12746458e-07,1.06753603e-06,0.000249733127,0.395011044,0.394941725,1,0.000369184131,-0.00138826127,-0.0116158327,0.000579335551
122.6,object_red_01,RED,-0.0306384739,0.336813931,0.0600366503,-0.0419315697,-0.00298975759,6.2540478e-16,-1.89283187e-07,9.49800187e-07,0.000222190693,0.395021132,0.394935113,1,0.000369570529,-0.00138861066,-0.0116158327,0.00057969547
122.64,object_red_01,RED,-0.0323107493,0.336683358,0.0600366503,-0.041687171,-0.0035341049,5.54028731e-16,-1.68586443e-07,8.4594641e-07,0.000197895749,0.395031395,0.394928335,1,0.000369135628,-0.00138904109,-0.0116158327,0.000580113634
122.68,object_red_01,RED,-0.0339723787,0.336528449,0.0600366503,-0.0414037378,-0.00418876406,9.9656023e-16,-1.10213329e-07,5.5303732e-07,0.000129374311,0.395038624,0.394924368,1,0.000367969933,-0.00138954578,-0.0116158327,0.000580587454
122.72,object_red_01,RED,-0.0356223624,0.336347065,0.0600366503,-0.0411117971,-0.00483868792,8.68083344e-16,2.84751579e-08,-1.42884881e-07,-3.34256526e-05,0.395037515,0.394926981,1,0.000366639477,-0.00139008107,-0.0116158327,0.000581090436
122.76,object_red_01,RED,-0.0372610855,0.336141227,0.0600366503,-0.0408434087,-0.00540806345,7.82432086e-16,1.49254814e-07,-7.48942785e-07,-0.000175203288,0.395030885,0.394933154,1,0.000365662553,-0.00139059332,-0.0116158327,0.000581580903
122.8,object_red_01,RED,-0.0388898464,0.335914878,0.0600366503,-0.0406128036,-0.00586664793,5.46891127e-16,2.11401344e-07,-1.06078649e-06,-0.000248154178,0.395022382,0.3949402,1,0.000365271417,-0.0013910486,-0.0116158327,0.000582027836
122.84,object_red_01,RED,-0.0405102091,0.33567275,0.0600366503,-0.0404211455,-0.00620185194,5.076343e-16,2.22165615e-07,-1.11480016e-06,-0.000260789822,0.395014296,0.394946609,1,0.000365563289,-0.00139143646,-0.0116158327,0.000582421637
122.88,object_red_01,RED,-0.0421236665,0.335419906,0.0600366503,-0.0402651891,-0.00640845708,9.25184182e-16,2.03536138e-07,-1.02131962e-06,-0.000238921532,0.395006853,0.394952462,1,0.000366577054,-0.00139175874,-0.0116158327,0.000582766004
122.92,object_red_01,RED,-0.043731588,0.335161525,0.0600366503,-0.0401424601,-0.00648519929,8.07413703e-16,1.72781021e-07,-8.66994155e-07,-0.000202819537,0.394999747,0.394958063,1,0.000368324,-0.00139201927,-0.0116158327,0.000583068803
122.96,object_red_01,RED,-0.0453352903,0.334902784,0.0600366503,-0.0400527044,-0.00643318893,6.46817594e-16,1.38693755e-07,-6.95948393e-07,-0.000162806092,0.394992476,0.394963809,1,0.000370801696,-0.00139221913,-0.0116158327,0.000583337631
123,object_red_01,RED,-0.0469361177,0.334648786,0.0600366503,-0.039997314,-0.00625504477,5.43322324e-16,1.03403569e-07,-5.18866532e-07,-0.000121380599,0.394984819,0.394969839,1,0.000374000918,-0.00139235639,-0.0116158327,0.000583579506
123.04,object_red_01,RED,-0.0485355081,0.334404229,0.0600366503,-0.0399790863,-0.00598036181,9.89422626e-16,6.34969409e-08,-3.18619902e-07,-7.45360748e-05,0.394976937,0.394975861,1,0.000377815436,-0.00139242654,-0.0116158327,0.0005837973
123.08,object_red_01,RED,-0.0501347204,0.3341706,0.0600366503,-0.0399820197,-0.00572405564,8.43101727e-16,-2.28421721e-08,1.14619254e-07,2.68133569e-05,0.394975248,0.394976006,1,0.000381682959,-0.00139245599,-0.0116158327,0.000584001874
123.12,object_red_01,RED,-0.051733877,0.333945639,0.0600366503,-0.0399715079,-0.00554878954,7.43175259e-16,-1.16504673e-07,5.84606214e-07,0.000136759356,0.394980554,0.394970414,1,0.00038515783,-0.00139249974,-0.0116158327,0.00058422471
123.16,object_red_01,RED,-0.0533318579,0.333725559,0.0600366503,-0.039922327,-0.00547681726,5.9685436e-16,-1.77902326e-07,8.92692213e-07,0.00020883119,0.394989869,0.394961964,1,0.000388051105,-0.00139260422,-0.0116158327,0.000584493878
123.2,object_red_01,RED,-0.0549268598,0.333506041,0.0600366503,-0.0398243105,-0.00551589447,5.076343e-16,-1.98882513e-07,9.9796834e-07,0.00023345887,0.395000289,0.394952968,1,0.000390287569,-0.00139279402,-0.0116158327,0.000584820479
123.24,object_red_01,RED,-0.0565168933,0.333282573,0.0600366503,-0.0396766547,-0.00566891395,8.96633763e-16,-1.91592212e-07,9.61386563e-07,0.000224901143,0.395010588,0.394944212,1,0.000391837385,-0.00139307578,-0.0116158327,0.000585201639
123.28,object_red_01,RED,-0.0581000156,0.333050585,0.0600366503,-0.0394814949,-0.00593602497,8.00276098e-16,-1.71619121e-07,8.61164027e-07,0.00020145567,0.395020279,0.394936033,1,0.000392691941,-0.00139344792,-0.0116158327,0.000585629768
123.32,object_red_01,RED,-0.0596743613,0.332805528,0.0600366503,-0.0392402247,-0.0063164649,6.61092804e-16,-1.51404633e-07,7.59730166e-07,0.000177726826,0.395030077,0.394927741,1,0.000392851869,-0.00139390815,-0.0116158327,0.000586099666
123.36,object_red_01,RED,-0.0612380907,0.332542925,0.0600366503,-0.038952902,-0.00680727452,5.43322324e-16,-1.34245789e-07,6.73629152e-07,0.000157584859,0.395039855,0.39491954,1,0.000392325337,-0.00139445589,-0.0116158327,0.00058661082
123.4,object_red_01,RED,-0.0627894494,0.332258733,0.0600366503,-0.0386277228,-0.00737833769,9.9656023e-16,-7.29816824e-08,3.66213371e-07,8.56698108e-05,0.395044976,0.394915958,1,0.000391226656,-0.00139507511,-0.0116158327,0.000587156593
123.44,object_red_01,RED,-0.064327652,0.331951808,0.0600366503,-0.0383016273,-0.00793136738,8.21688912e-16,4.75308221e-08,-2.38503946e-07,-5.57942162e-05,0.395042328,0.394919534,1,0.000390069118,-0.00139569721,-0.0116158327,0.000587703763
123.48,object_red_01,RED,-0.0658533501,0.331624159,0.0600366503,-0.0380043874,-0.00841273584,7.61019271e-16,1.43859252e-07,-7.21868461e-07,-0.00016886968,0.395035116,0.394926944,1,0.000389241959,-0.00139626842,-0.0116158327,0.000588222663
123.52,object_red_01,RED,-0.0673679938,0.331279164,0.0600366503,-0.0377476322,-0.0088010602,5.54028731e-16,1.888185e-07,-9.4746846e-07,-0.000221645223,0.395026998,0.394934922,1,0.00038891568,-0.00139676536,-0.0116158327,0.000588698782
123.56,object_red_01,RED,-0.0688732404,0.330920775,0.0600366503,-0.0375321163,-0.00908662094,4.96927893e-16,1.932925e-07,-9.69918349e-07,-0.00022689702,0.395019127,0.394942671,1,0.00038916321,-0.00139718396,-0.0116158327,0.000589131566
123.6,object_red_01,RED,-0.0703706843,0.330553192,0.0600366503,-0.0373551236,-0.0092656866,8.78789751e-16,1.75345096e-07,-8.79860402e-07,-0.000205829391,0.39501189,0.39494991,1,0.000390012466,-0.00139752833,-0.0116158327,0.000589527519
123.64,object_red_01,RED,-0.0718618204,0.330180699,0.0600366503,-0.0372147158,-0.00933761988,8.28826517e-16,1.48818241e-07,-7.46751849e-07,-0.000174690756,0.395004865,0.394956996,1,0.000391470354,-0.00139780268,-0.0116158327,0.000589893827
123.68,object_red_01,RED,-0.0733481022,0.329807562,0.0600366503,-0.0371106795,-0.00930351191,6.53955199e-16,1.20093841e-07,-6.02616299e-07,-0.000140972529,0.39499781,0.394964072,1,0.000393534034,-0.00139800843,-0.0116158327,0.000590236178
123.72,object_red_01,RED,-0.0748310033,0.329437979,0.0600366503,-0.0370440377,-0.00916550126,5.29047114e-16,9.09920357e-08,-4.56586977e-07,-0.000106811284,0.394990281,0.394971505,1,0.000396195017,-0.00139814439,-0.0116158327,0.000590559097
123.76,object_red_01,RED,-0.0763120515,0.329075998,0.0600366503,-0.0370163741,-0.00893229448,4.71946276e-16,6.27686816e-08,-3.14965613e-07,-7.36812113e-05,0.394982657,0.394978811,1,0.000399425231,-0.00139820823,-0.0116158327,0.000590866113
123.8,object_red_01,RED,-0.0777926892,0.328724126,0.0600366503,-0.0370178094,-0.00867894949,8.10982505e-16,6.35694435e-09,-3.18983532e-08,-7.46211411e-06,0.394979118,0.394981306,1,0.00040289986,-0.0013982258,-0.0116158327,0.000591164982
123.84,object_red_01,RED,-0.079273427,0.328381396,0.0600366503,-0.0370158637,-0.00847932118,7.75294481e-16,-7.41000001e-08,3.71824763e-07,8.69825085e-05,0.39498226,0.394977024,1,0.000406157074,-0.0013982571,-0.0116158327,0.000591478314
123.88,object_red_01,RED,-0.080753492,0.32804504,0.0600366503,-0.0369821906,-0.00835857292,5.75441546e-16,-1.37743745e-07,6.91181334e-07,0.000161690915,0.394989903,0.394968815,1,0.000408979863,-0.00139834739,-0.0116158327,0.000591827103
123.92,object_red_01,RED,-0.0822312719,0.327711696,0.0600366503,-0.0369026509,-0.0083251684,5.25478312e-16,-1.67301466e-07,8.39498449e-07,0.000196387352,0.394999336,0.394959282,1,0.000411282462,-0.00139852221,-0.0116158327,0.000592222098
123.96,object_red_01,RED,-0.0837048376,0.327377795,0.0600366503,-0.0367739554,-0.00838217167,8.9306496e-16,-1.67733288e-07,8.41665344e-07,0.000196894262,0.395008768,0.394949902,1,0.000413031123,-0.00139879008,-0.0116158327,0.000592662312
124,object_red_01,RED,-0.0851722433,0.327039693,0.0600366503,-0.0365973696,-0.00853073821,7.93138493e-16,-1.53091167e-07,7.68192985e-07,0.000179706568,0.39501802,0.394940693,1,0.000414213171,-0.00139915038,-0.0116158327,0.000593140944
124.04,object_red_01,RED,-0.0866316151,0.326693738,0.0600366503,-0.0363748025,-0.00877006479,7.03918433e-16,-1.33910711e-07,6.71947778e-07,0.000157191528,0.395026786,0.394931957,1,0.000414827718,-0.00139959979,-0.0116158327,0.000593651296
124.08,object_red_01,RED,-0.0880811339,0.326336325,0.0600366503,-0.0361070241,-0.00909875997,5.43322324e-16,-1.17342181e-07,5.88808888e-07,0.000137742503,0.395035611,0.394923212,1,0.000414879352,-0.00140013639,-0.0116158327,0.000594190283
124.12,object_red_01,RED,-0.0895189918,0.325963938,0.0600366503,-0.0357939615,-0.0095140565,4.9335909e-16,-1.04543538e-07,5.24586837e-07,0.000122718773,0.395044706,0.394914311,1,0.000414377656,-0.00140075973,-0.0116158327,0.000594758457
124.16,object_red_01,RED,-0.0909434852,0.325573442,0.0600366503,-0.0354451496,-0.00998986411,8.43101727e-16,-5.18589669e-08,2.60222099e-07,6.08748335e-05,0.395048409,0.394911007,1,0.000413422327,-0.00140144917,-0.0116158327,0.000595346934
124.2,object_red_01,RED,-0.0923539403,0.325164064,0.0600366503,-0.0350981689,-0.0104486871,7.68156876e-16,4.82456959e-08,-2.42091098e-07,-5.66333736e-05,0.395045428,0.394914726,1,0.000412430394,-0.00140212526,-0.0116158327,0.000595920241
124.24,object_red_01,RED,-0.0937510768,0.324737472,0.0600366503,-0.0347807263,-0.0108495129,6.1112957e-16,1.26814364e-07,-6.36339235e-07,-0.000148861473,0.395038564,0.394922399,1,0.000411708172,-0.00140273707,-0.0116158327,0.000596457802
124.28,object_red_01,RED,-0.0951363406,0.324296369,0.0600366503,-0.0345032234,-0.0111761678,5.2190951e-16,1.6251726e-07,-8.15491996e-07,-0.000190771422,0.395031041,0.394930773,1,0.000411388593,-0.00140326806,-0.0116158327,0.000596954996
124.32,object_red_01,RED,-0.0965113658,0.323843902,0.0600366503,-0.0342664703,-0.0114209716,8.78789751e-16,1.65182854e-07,-8.28867554e-07,-0.000193900422,0.395023792,0.394939005,1,0.000411528719,-0.00140371774,-0.0116158327,0.000597416114
124.36,object_red_01,RED,-0.0978777373,0.323383423,0.0600366503,-0.03406825,-0.0115807923,8.21688912e-16,1.50135768e-07,-7.53363065e-07,-0.000176237344,0.395017048,0.394946863,1,0.000412150944,-0.00140409117,-0.0116158327,0.000597848647
124.4,object_red_01,RED,-0.0992369584,0.322918347,0.0600366503,-0.0339069404,-0.0116550834,7.07487235e-16,1.28559443e-07,-6.45095675e-07,-0.000150909905,0.395010502,0.39495456,1,0.000413260564,-0.00140439276,-0.0116158327,0.000598258912
124.44,object_red_01,RED,-0.100590494,0.322452076,0.0600366503,-0.0337821698,-0.0116451529,5.75441546e-16,1.05360961e-07,-5.2868851e-07,-0.000123678295,0.395004003,0.394962156,1,0.000414853649,-0.00140462441,-0.0116158327,0.000598651056
124.48,object_red_01,RED,-0.101939815,0.321987942,0.0600366503,-0.0336945275,-0.0115526565,4.82652683e-16,8.19867784e-08,-4.11399698e-07,-9.62404366e-05,0.394997097,0.39497004,1,0.000416923126,-0.00140478574,-0.0116158327,0.000599027754
124.52,object_red_01,RED,-0.103286424,0.321529188,0.0600366503,-0.0336447311,-0.0113806479,8.50239331e-16,5.72934235e-08,-2.8749144e-07,-6.72540642e-05,0.394990053,0.394977914,1,0.000419458382,-0.00140487563,-0.0116158327,0.00059939163
124.56,object_red_01,RED,-0.10463184,0.321078769,0.0600366503,-0.0336318427,-0.0111480905,8.14551307e-16,3.14524817e-08,-1.57824724e-07,-3.69205917e-05,0.394984258,0.394984069,1,0.00042239162,-0.00140489874,-0.0116158327,0.000599745402
124.6,object_red_01,RED,-0.105977162,0.320637583,0.0600366503,-0.0336339481,-0.0109289256,6.18267175e-16,-2.41056372e-08,1.20959161e-07,2.82964779e-05,0.394983849,0.394983574,1,0.00042536088,-0.00140491065,-0.0116158327,0.000600106515
124.64,object_red_01,RED,-0.107322328,0.320204128,0.0600366503,-0.0336202819,-0.0107623096,5.43322324e-16,-8.67096862e-08,4.35098643e-07,0.000101784429,0.394988631,0.394977447,1,0.000428074411,-0.00140496584,-0.0116158327,0.000600493126
124.68,object_red_01,RED,-0.108666234,0.319776008,0.0600366503,-0.0335704835,-0.0106599257,8.89496158e-16,-1.28289603e-07,6.43741634e-07,0.000150593149,0.394996134,0.394968785,1,0.000430413187,-0.00140509411,-0.0116158327,0.000600916
124.72,object_red_01,RED,-0.110007227,0.319350558,0.0600366503,-0.0334763027,-0.010625818,8.21688912e-16,-1.42011332e-07,7.12595656e-07,0.000166700455,0.395004484,0.394959455,1,0.000432330306,-0.00140530868,-0.0116158327,0.000601377689
124.76,object_red_01,RED,-0.111343499,0.318925009,0.0600366503,-0.0333368435,-0.0106614923,7.0034963e-16,-1.3581371e-07,6.8149678e-07,0.000159425366,0.39501271,0.394950282,1,0.000433807745,-0.00140561161,-0.0116158327,0.000601873784
124.8,object_red_01,RED,-0.11267327,0.318496561,0.0600366503,-0.0331537572,-0.0107672764,5.2190951e-16,-1.20534499e-07,6.04827555e-07,0.000141489817,0.395020591,0.39494144,1,0.000434839997,-0.00140600002,-0.0116158327,0.0006023975
124.84,object_red_01,RED,-0.113994828,0.318062419,0.0600366503,-0.0329284842,-0.0109424498,4.9335909e-16,-1.04256959e-07,5.23148828e-07,0.000122382374,0.395028083,0.39493301,1,0.000435428208,-0.00140647081,-0.0116158327,0.000602943727
124.88,object_red_01,RED,-0.115306502,0.317619841,0.0600366503,-0.0326616885,-0.0111854218,3.39900587e-16,-9.08812715e-08,4.56031235e-07,0.000106681277,0.395035894,0.394924344,1,0.000435578273,-0.00140702206,-0.0116158327,0.000603510216
124.92,object_red_01,RED,-0.116606636,0.317166162,0.0600366503,-0.0323534818,-0.0114937512,7.36037654e-16,-8.05887418e-08,4.04384565e-07,9.45993574e-05,0.395043327,0.394916175,1,0.000435298739,-0.00140765313,-0.0116158327,0.000604097305
124.96,object_red_01,RED,-0.117893587,0.316698853,0.0600366503,-0.0320062584,-0.011860414,6.00423163e-16,-6.00010132e-08,3.01077855e-07,7.04323901e-05,0.395049359,0.39490961,1,0.000434615353,-0.00140835839,-0.0116158327,0.000604703683
125,object_red_01,RED,-0.119166293,0.316216515,0.0600366503,-0.03164833,-0.0122342662,5.076343e-16,1.40887013e-08,-7.06953909e-08,-1.65380658e-05,0.395048021,0.394911204,1,0.00043377117,-0.0014090724,-0.0116158327,0.000605298315
125.04,object_red_01,RED,-0.120425039,0.315719886,0.0600366503,-0.0313108777,-0.012572431,9.78716218e-16,8.74455594e-08,-4.38791297e-07,-0.000102648266,0.395042707,0.39491754,1,0.000433063856,-0.00140973005,-0.0116158327,0.000605856531
125.08,object_red_01,RED,-0.121670992,0.315210805,0.0600366503,-0.0310081379,-0.0128578037,8.21688912e-16,1.28533412e-07,-6.44965154e-07,-0.000150879371,0.395036209,0.394925415,1,0.000432634913,-0.00141031031,-0.0116158327,0.000606375402
125.12,object_red_01,RED,-0.12290563,0.314691562,0.0600366503,-0.0307432714,-0.013082626,7.50312864e-16,1.39058132e-07,-6.97776878e-07,-0.000163233837,0.395029583,0.394933626,1,0.000432544892,-0.0014108115,-0.0116158327,0.000606860453
125.16,object_red_01,RED,-0.124130448,0.314164667,0.0600366503,-0.0305149665,-0.0132432671,5.68303941e-16,1.30955747e-07,-6.57120062e-07,-0.00015372282,0.395023598,0.394941346,1,0.000432819059,-0.00141123846,-0.0116158327,0.000607319542
125.2,object_red_01,RED,-0.125346871,0.313632718,0.0600366503,-0.0303215754,-0.0133385248,4.86221486e-16,1.15400765e-07,-5.79067036e-07,-0.000135463552,0.395017808,0.394948931,1,0.000433465632,-0.00141159612,-0.0116158327,0.000607759018
125.24,object_red_01,RED,-0.126556276,0.313098325,0.0600366503,-0.0301622575,-0.0133689383,8.53808134e-16,9.77675948e-08,-4.90585929e-07,-0.0001147648,0.395012089,0.394956409,1,0.000434483361,-0.00141188752,-0.0116158327,0.000608182844
125.28,object_red_01,RED,-0.127760021,0.312564049,0.0600366503,-0.0300369682,-0.0133361337,7.64588074e-16,7.98164718e-08,-4.00509367e-07,-9.36928163e-05,0.395006229,0.394963926,1,0.000435866128,-0.00141211367,-0.0116158327,0.000608592982
125.32,object_red_01,RED,-0.128959476,0.312032381,0.0600366503,-0.0299460266,-0.0132419993,6.28973582e-16,6.12959819e-08,-3.07575796e-07,-7.19524811e-05,0.395000424,0.394971263,1,0.000437606485,-0.00141227432,-0.0116158327,0.000608990599
125.36,object_red_01,RED,-0.13015602,0.311505729,0.0600366503,-0.0298897705,-0.0130885857,4.64808671e-16,4.18618321e-08,-2.10057592e-07,-4.9139643e-05,0.394994196,0.394978877,1,0.000439695817,-0.00141236893,-0.0116158327,0.000609376976
125.4,object_red_01,RED,-0.131351041,0.310986366,0.0600366503,-0.0298676736,-0.0128839918,8.96633763e-16,2.33619018e-08,-1.17227184e-07,-2.74234415e-05,0.394988865,0.394985309,1,0.000442107253,-0.00141239956,-0.0116158327,0.000609753813
125.44,object_red_01,RED,-0.132545658,0.31047542,0.0600366503,-0.0298640146,-0.0126777764,8.25257715e-16,-1.30635578e-08,6.55513499e-08,1.53346992e-05,0.394987659,0.394986218,1,0.000444617001,-0.00141241132,-0.0116158327,0.000610136001
125.48,object_red_01,RED,-0.133740019,0.309972027,0.0600366503,-0.0298511921,-0.0125075318,6.89643223e-16,-6.20671637e-08,3.11445474e-07,7.28577309e-05,0.394990925,0.394981566,1,0.000446968181,-0.00141246102,-0.0116158327,0.000610541407
125.52,object_red_01,RED,-0.134933312,0.309474489,0.0600366503,-0.0298097655,-0.0123836166,5.32615917e-16,-9.88941911e-08,4.96239035e-07,0.000116087255,0.394996841,0.394974066,1,0.000449051088,-0.00141257541,-0.0116158327,0.000610977372
125.56,object_red_01,RED,-0.136124176,0.308980878,0.0600366503,-0.029730853,-0.0123090084,4.82652683e-16,-1.13993648e-07,5.72006307e-07,0.000133811806,0.395003686,0.394965699,1,0.00045082413,-0.00141276577,-0.0116158327,0.000611445627
125.6,object_red_01,RED,-0.137311058,0.308489192,0.0600366503,-0.0296126692,-0.012284936,8.57376936e-16,-1.11223353e-07,5.58105326e-07,0.000130559892,0.39501045,0.39495744,1,0.000452271177,-0.00141303405,-0.0116158327,0.000611942794
125.64,object_red_01,RED,-0.138492405,0.307997398,0.0600366503,-0.029456278,-0.0123119447,7.64588074e-16,-9.95849131e-08,4.99705059e-07,0.000116898075,0.395017074,0.39494932,1,0.000453386563,-0.00141337787,-0.0116158327,0.000612463313
125.68,object_red_01,RED,-0.139666722,0.307503456,0.0600366503,-0.0292632207,-0.0123896028,5.93285558e-16,-8.55138743e-08,4.29098288e-07,0.000100380741,0.395023297,0.394941625,1,0.000454170819,-0.00141379379,-0.0116158327,0.00061300215
125.72,object_red_01,RED,-0.140832563,0.307005361,0.0600366503,-0.0290344108,-0.0125168922,5.25478312e-16,-7.33010148e-08,3.67815628e-07,8.60446341e-05,0.395029497,0.394934024,1,0.000454628034,-0.00141427948,-0.0116158327,0.000613556505
125.76,object_red_01,RED,-0.141988511,0.306501164,0.0600366503,-0.0287703113,-0.0126920586,9.00202565e-16,-6.37858815e-08,3.20069839e-07,7.48752636e-05,0.39503582,0.394926411,1,0.000454764885,-0.00141483358,-0.0116158327,0.000614125525
125.8,object_red_01,RED,-0.143133155,0.305988986,0.0600366503,-0.0284710262,-0.0129132411,8.21688912e-16,-5.68105512e-08,2.85068476e-07,6.66872499e-05,0.395041766,0.394919297,1,0.000454588585,-0.00141545567,-0.0116158327,0.000614709914
125.84,object_red_01,RED,-0.144265095,0.305467034,0.0600366503,-0.0281374007,-0.0131775243,7.36037654e-16,-4.78550802e-08,2.40131011e-07,5.61748426e-05,0.395047532,0.394912522,1,0.00045411044,-0.00141614376,-0.0116158327,0.000615310008
125.88,object_red_01,RED,-0.145383263,0.304934063,0.0600366503,-0.0277888108,-0.0134556367,6.15339986e-17,2.6885522e-09,-1.34908199e-08,-3.15596342e-06,0.39504698,0.394912854,1,0.000453461526,-0.00141685116,-0.0116158327,0.00061590191
125.92,object_red_01,RED,-0.146487711,0.304390338,0.0600366503,-0.0274542406,-0.0137126189,4.50533461e-16,6.20181992e-08,-3.11199857e-07,-7.28002715e-05,0.395043084,0.39491766,1,0.000452873868,-0.00141751129,-0.0116158327,0.000616457985
125.96,object_red_01,RED,-0.147579346,0.303837059,0.0600366503,-0.0271480878,-0.0139336977,8.57376936e-16,9.89183566e-08,-4.96360379e-07,-0.00011611564,0.395037733,0.394924535,1,0.000452470246,-0.00141810218,-0.0116158327,0.00061697605
126,object_red_01,RED,-0.148659411,0.303275812,0.0600366503,-0.0268742614,-0.0141122818,7.8956969e-16,1.1097554e-07,-5.56861836e-07,-0.000130268997,0.395032241,0.394931842,1,0.000452303722,-0.0014186225,-0.0116158327,0.000617462818
126.04,object_red_01,RED,-0.149729197,0.302708378,0.0600366503,-0.0266322879,-0.0142449823,7.0034963e-16,1.0715813e-07,-5.37706514e-07,-0.000125787913,0.395027243,0.394938812,1,0.000452397343,-0.00141907665,-0.0116158327,0.000617926041
126.08,object_red_01,RED,-0.150789947,0.302136625,0.0600366503,-0.0264207556,-0.0143305307,-6.27324718e-18,9.64457575e-08,-4.83953121e-07,-0.000113213159,0.395022405,0.394945679,1,0.000452758879,-0.00141946953,-0.0116158327,0.000618371833
126.12,object_red_01,RED,-0.151842857,0.301562439,0.0600366503,-0.0262386943,-0.0143691051,4.75515078e-16,8.36361244e-08,-4.19675929e-07,-9.81765295e-05,0.395017742,0.394952342,1,0.000453388214,-0.00141980448,-0.0116158327,0.000618803855
126.16,object_red_01,RED,-0.152889096,0.300987677,0.0600366503,-0.0260857583,-0.0143618663,3.18487772e-16,7.07226088e-08,-3.54877473e-07,-8.30179582e-05,0.395013047,0.394958952,1,0.000454280961,-0.00142008307,-0.0116158327,0.000619223694
126.2,object_red_01,RED,-0.153929829,0.30041414,0.0600366503,-0.0259619335,-0.0143103259,8.038449e-16,5.76108543e-08,-2.8908428e-07,-6.76266837e-05,0.395008304,0.394965492,1,0.000455430804,-0.00142030581,-0.0116158327,0.000619631907
126.24,object_red_01,RED,-0.154966221,0.299843564,0.0600366503,-0.0258672035,-0.0142162224,6.18267175e-16,4.38041298e-08,-2.19803812e-07,-5.14196169e-05,0.395003411,0.394972054,1,0.000456830595,-0.00142047288,-0.0116158327,0.000620028853
126.28,object_red_01,RED,-0.155999432,0.299277617,0.0600366503,-0.025801438,-0.0140812432,5.29047114e-16,2.88631013e-08,-1.44831539e-07,-3.38810426e-05,0.394998766,0.394978252,1,0.000458473381,-0.00142058443,-0.0116158327,0.000620415185
126.32,object_red_01,RED,-0.157030619,0.298717901,0.0600366503,-0.0257645317,-0.0139071594,9.50165799e-16,1.4326457e-08,-7.18884252e-08,-1.68171576e-05,0.394993733,0.394984705,1,0.000460351823,-0.00142064062,-0.0116158327,0.000620791701
126.36,object_red_01,RED,-0.158060843,0.29816562,0.0600366503,-0.0257493345,-0.0137176236,8.71652146e-16,-4.41251897e-09,2.21414842e-08,5.17964901e-06,0.394991783,0.39498719,1,0.000462374543,-0.00142066338,-0.0116158327,0.000621166087
126.4,object_red_01,RED,-0.159090531,0.297620578,0.0600366503,-0.0257340179,-0.0135476053,7.82432086e-16,-3.7870277e-08,1.90028449e-07,4.44541428e-05,0.394993242,0.394984791,1,0.000464336283,-0.00142070834,-0.0116158327,0.00062155778
126.44,object_red_01,RED,-0.160119264,0.297081704,0.0600366503,-0.0257002244,-0.0134084284,6.00423163e-16,-6.91015008e-08,3.4674294e-07,8.11150129e-05,0.394997203,0.394979266,1,0.000466128049,-0.00142080362,-0.0116158327,0.000621974038
126.48,object_red_01,RED,-0.161146073,0.296547706,0.0600366503,-0.025638218,-0.0133023822,5.04065498e-16,-8.58942393e-08,4.31006875e-07,0.000100827225,0.395002346,0.394972475,1,0.000467710303,-0.00142095976,-0.0116158327,0.000622416455
126.52,object_red_01,RED,-0.162169747,0.296017239,0.0600366503,-0.0255449243,-0.0132303223,8.85927356e-16,-8.76537851e-08,4.39836086e-07,0.000102892678,0.395007639,0.394965541,1,0.000469067708,-0.00142117941,-0.0116158327,0.000622883173
126.56,object_red_01,RED,-0.163189036,0.295488929,0.0600366503,-0.0254206908,-0.0131927726,7.68156876e-16,-7.98801597e-08,4.00828983e-07,9.37675852e-05,0.395012675,0.394958871,1,0.000470194662,-0.0014214608,-0.0116158327,0.000623369958
126.6,object_red_01,RED,-0.164202728,0.294961395,0.0600366503,-0.0252667504,-0.0131897878,6.28973582e-16,-6.89377749e-08,3.45921424e-07,8.09228325e-05,0.395017607,0.394952327,1,0.000471090442,-0.00142180098,-0.0116158327,0.000623872569
126.64,object_red_01,RED,-0.165209658,0.294433266,0.0600366503,-0.0250841964,-0.0132207351,5.46891127e-16,-5.82119513e-08,2.92100534e-07,6.83322885e-05,0.395022296,0.394946083,1,0.000471757571,-0.00142219734,-0.0116158327,0.000624387966
126.68,object_red_01,RED,-0.166208697,0.293903203,0.0600366503,-0.0248736818,-0.0132845599,9.78716218e-16,-4.93973099e-08,2.47869725e-07,5.79851919e-05,0.395026894,0.394940019,1,0.000472200633,-0.00142264815,-0.0116158327,0.000624914683
126.72,object_red_01,RED,-0.167198737,0.293369921,0.0600366503,-0.0246356592,-0.0133798862,8.50239331e-16,-4.2639471e-08,2.1395971e-07,5.00524816e-05,0.395031671,0.394933886,1,0.000472425406,-0.00142315226,-0.0116158327,0.000625452304
126.76,object_red_01,RED,-0.168178685,0.292832191,0.0600366503,-0.0243705145,-0.0135051774,7.78863283e-16,-3.73450044e-08,1.87392715e-07,4.38375544e-05,0.39503598,0.394928331,1,0.000472438109,-0.00142370883,-0.0116158327,0.000626001042
126.8,object_red_01,RED,-0.169147459,0.29228884,0.0600366503,-0.0240784119,-0.0136593142,5.89716755e-16,-3.40248284e-08,1.70732471e-07,3.99401545e-05,0.395040934,0.394922248,1,0.000472244178,-0.00142431754,-0.0116158327,0.00062656172
126.84,object_red_01,RED,-0.170104017,0.291738774,0.0600366503,-0.0237622347,-0.0138379038,5.18340707e-16,-2.22960706e-08,1.1187899e-07,2.61723157e-05,0.395043772,0.394918477,1,0.000471859929,-0.00142497188,-0.0116158327,0.000627131339
126.88,object_red_01,RED,-0.171047756,0.291181444,0.0600366503,-0.0234421373,-0.0140177374,9.14477775e-16,1.91337399e-08,-9.60107963e-08,-2.24602033e-05,0.395042337,0.394919953,1,0.000471404462,-0.001425621,-0.0116158327,0.000627682826
126.92,object_red_01,RED,-0.171978981,0.290617251,0.0600366503,-0.0231379259,-0.0141800933,7.36037654e-16,5.84506127e-08,-2.93298124e-07,-6.86124455e-05,0.395038825,0.394924524,1,0.000471017083,-0.00142622099,-0.0116158327,0.000628199325
126.96,object_red_01,RED,-0.172898527,0.290047072,0.0600366503,-0.0228576059,-0.0143174468,6.39679989e-16,7.93244757e-08,-3.98040634e-07,-9.31152949e-05,0.3950345,0.394930416,1,0.000470763191,-0.00142676283,-0.0116158327,0.000628684032
127,object_red_01,RED,-0.173807396,0.289471996,0.0600366503,-0.0226028382,-0.0144258555,5.61166336e-16,8.39126008e-08,-4.21063271e-07,-9.8501076e-05,0.395030608,0.394936114,1,0.000470672065,-0.00142724859,-0.0116158327,0.000629144176
127.04,object_red_01,RED,-0.174706601,0.288893232,0.0600366503,-0.0223729296,-0.0145032503,1.53188059e-15,7.96244698e-08,-3.99545938e-07,-9.34674373e-05,0.395026745,0.394941881,1,0.000470756007,-0.00142768266,-0.0116158327,0.000629586228
127.08,object_red_01,RED,-0.175597111,0.288312035,0.0600366503,-0.0221667637,-0.0145490884,8.21688912e-16,7.16780277e-08,-3.59671655e-07,-8.41394809e-05,0.395023225,0.394947319,1,0.000471018256,-0.00142806901,-0.0116158327,0.000630014696
127.12,object_red_01,RED,-0.176479861,0.287729662,0.0600366503,-0.021983687,-0.0145637101,7.57450469e-16,6.31849468e-08,-3.17054403e-07,-7.41698507e-05,0.395019698,0.394952715,1,0.00047145739,-0.00142841001,-0.0116158327,0.000630431808
127.16,object_red_01,RED,-0.177355766,0.287147343,0.0600366503,-0.021823342,-0.0145480802,5.9685436e-16,5.47403695e-08,-2.74680541e-07,-6.42571575e-05,0.395016195,0.394958002,1,0.000472069442,-0.001428707,-0.0116158327,0.000630838434
127.2,object_red_01,RED,-0.178225732,0.286566263,0.0600366503,-0.0216855437,-0.0145034173,4.71946276e-16,4.611938e-08,-2.31421457e-07,-5.41373803e-05,0.395012642,0.394963233,1,0.00047284924,-0.00142896063,-0.0116158327,0.000631234714
127.24,object_red_01,RED,-0.179090654,0.285987557,0.0600366503,-0.0215700355,-0.0144310238,8.64514541e-16,3.69304955e-08,-1.85312751e-07,-4.33509799e-05,0.395009209,0.394968243,1,0.000473791296,-0.00142917146,-0.0116158327,0.000631620738
127.28,object_red_01,RED,-0.17995142,0.285412311,0.0600366503,-0.0214765524,-0.0143318965,7.78863283e-16,2.69834486e-08,-1.35399676e-07,-3.16746075e-05,0.3950056,0.394973325,1,0.000474890736,-0.00142933997,-0.0116158327,0.000631996723
127.32,object_red_01,RED,-0.1808089,0.284841566,0.0600366503,-0.0214046335,-0.0142074042,6.39679989e-16,1.62640137e-08,-8.16108506e-08,-1.90915644e-05,0.39500218,0.394978122,1,0.000476142037,-0.00142946698,-0.0116158327,0.000632363217
127.36,object_red_01,RED,-0.181663951,0.284276317,0.0600366503,-0.0213538758,-0.0140586576,5.2190951e-16,4.8523638e-09,-2.43485723e-08,-5.69596256e-06,0.394998801,0.394982778,1,0.00047753997,-0.00142955325,-0.0116158327,0.000632720835
127.4,object_red_01,RED,-0.182517401,0.283717461,0.0600366503,-0.0213226957,-0.0138915616,9.9656023e-16,-4.15923946e-09,2.08705614e-08,4.88233698e-06,0.394996133,0.394986415,1,0.000479063553,-0.00142960365,-0.0116158327,0.00063307114
127.44,object_red_01,RED,-0.183369793,0.283165221,0.0600366503,-0.0212977284,-0.0137310565,8.32395319e-16,-2.20630903e-08,1.10709913e-07,2.58988289e-05,0.394996504,0.394985785,1,0.000480593475,-0.00142965733,-0.0116158327,0.000633429411
127.48,object_red_01,RED,-0.184221038,0.282619032,0.0600366503,-0.0212637829,-0.0135888704,7.43175259e-16,-4.41593758e-08,2.21586392e-07,5.18366231e-05,0.394998627,0.394982497,1,0.00048203212,-0.00142974459,-0.0116158327,0.000633805506
127.52,object_red_01,RED,-0.185070563,0.2820781,0.0600366503,-0.021211574,-0.0134672203,5.61166336e-16,-5.92826277e-08,2.97473033e-07,6.95891002e-05,0.395002,0.3949777,1,0.000483342665,-0.00142987547,-0.0116158327,0.000634201051
127.56,object_red_01,RED,-0.185917543,0.281541601,0.0600366503,-0.0211373749,-0.0133662268,5.18340707e-16,-6.3799483e-08,3.20138079e-07,7.48912276e-05,0.395005646,0.394972599,1,0.000484512731,-0.00143005254,-0.0116158327,0.000634615219
127.6,object_red_01,RED,-0.186761081,0.281008702,0.0600366503,-0.0210406846,-0.0132862317,9.00202565e-16,-6.00634604e-08,3.01391179e-07,7.05056875e-05,0.395009249,0.394967552,1,0.000485537497,-0.00143027503,-0.0116158327,0.00063504547
127.64,object_red_01,RED,-0.187600293,0.280478559,0.0600366503,-0.0209222929,-0.0132273861,8.14551307e-16,-5.23227533e-08,2.62549251e-07,6.14192343e-05,0.395012633,0.394962746,1,0.00048641582,-0.00143054073,-0.0116158327,0.000635488707
127.68,object_red_01,RED,-0.188434331,0.279950327,0.0600366503,-0.0207831802,-0.0131895505,1.13931233e-15,-4.39105361e-08,2.20337758e-07,5.15445251e-05,0.395015948,0.394958049,1,0.000487148787,-0.00143084728,-0.0116158327,0.000635942283
127.72,object_red_01,RED,-0.189262383,0.279423178,0.0600366503,-0.0206241289,-0.0131721151,5.89716755e-16,-3.63366174e-08,1.82332751e-07,4.2653856e-05,0.395019002,0.394953682,1,0.000487739352,-0.00143119279,-0.0116158327,0.000636404507
127.76,object_red_01,RED,-0.190083663,0.278896311,0.0600366503,-0.0204455905,-0.013174292,4.89790288e-16,-3.05257963e-08,1.53174754e-07,3.58328048e-05,0.395022264,0.39494919,1,0.000488191306,-0.00143157614,-0.0116158327,0.000636874729
127.8,object_red_01,RED,-0.190897401,0.278368965,0.0600366503,-0.0202480523,-0.0131949929,8.39532924e-16,-2.5674993e-08,1.2883401e-07,3.01386741e-05,0.3950253,0.394945016,1,0.000488509151,-0.00143199624,-0.0116158327,0.000637352608
127.84,object_red_01,RED,-0.191702845,0.277840417,0.0600366503,-0.0200319056,-0.0132333257,7.75294481e-16,-2.19293898e-08,1.10039024e-07,2.57418851e-05,0.395028319,0.39494095,1,0.000488697275,-0.00143245229,-0.0116158327,0.000637838133
127.88,object_red_01,RED,-0.192499261,0.277309983,0.0600366503,-0.0197976524,-0.013288327,6.28973582e-16,-1.90064388e-08,9.53720068e-08,2.2310769e-05,0.395031448,0.394936865,1,0.000488760122,-0.00143294332,-0.0116158327,0.000638331251
127.92,object_red_01,RED,-0.193285936,0.276777015,0.0600366503,-0.0195457806,-0.0133590828,5.39753522e-16,-1.67479513e-08,8.40391929e-08,1.96596368e-05,0.395034111,0.394933326,1,0.000488701942,-0.00143346841,-0.0116158327,0.000638831994
127.96,object_red_01,RED,-0.194062172,0.276240899,0.0600366503,-0.0192767499,-0.0134448073,9.25184182e-16,-1.50557431e-08,7.55478914e-08,1.76732317e-05,0.395037165,0.394929489,1,0.000488526911,-0.00143402663,-0.0116158327,0.000639340432
128,object_red_01,RED,-0.194827403,0.275701156,0.0600366503,-0.0189987236,-0.013537439,2.79230946e-16,4.59136575e-09,-2.30389166e-08,-5.3895892e-06,0.395036887,0.394929427,1,0.000488270851,-0.00143459771,-0.0116158327,0.000639844475
128.04,object_red_01,RED,-0.195581621,0.275157817,0.0600366503,-0.0187278584,-0.0136234359,7.32468852e-16,3.2626657e-08,-1.63716621e-07,-3.82989078e-05,0.395034852,0.39493204,1,0.000488024349,-0.00143514064,-0.0116158327,0.000640323225
128.08,object_red_01,RED,-0.196325315,0.274611298,0.0600366503,-0.0184724703,-0.0136964352,5.68303941e-16,5.11445846e-08,-2.56637346e-07,-6.00362378e-05,0.395032129,0.394935926,1,0.000487842679,-0.0014356418,-0.0116158327,0.000640774952
128.12,object_red_01,RED,-0.197059164,0.274062188,0.0600366503,-0.0182348625,-0.0137533144,4.43395857e-16,5.7809091e-08,-2.90079024e-07,-6.78593883e-05,0.395029211,0.394940265,1,0.000487750374,-0.00143610179,-0.0116158327,0.000641205274
128.16,object_red_01,RED,-0.197783882,0.273511177,0.0600366503,-0.0180149249,-0.0137922368,8.39532924e-16,5.68783846e-08,-2.85408846e-07,-6.67668741e-05,0.395026725,0.394944283,1,0.000487758683,-0.00143652389,-0.0116158327,0.000641619686
128.2,object_red_01,RED,-0.198500161,0.272959001,0.0600366503,-0.0178119436,-0.0138123848,7.68156876e-16,5.29122665e-08,-2.65507342e-07,-6.21112331e-05,0.395024175,0.394948388,1,0.000487871513,-0.00143691131,-0.0116158327,0.000642022104
128.24,object_red_01,RED,-0.199208664,0.272406414,0.0600366503,-0.0176252145,-0.0138138296,6.07560768e-16,4.79565962e-08,-2.40640393e-07,-5.62940044e-05,0.395021902,0.394952188,1,0.000488088616,-0.00143726647,-0.0116158327,0.000642414846
128.28,object_red_01,RED,-0.199910033,0.271854154,0.0600366503,-0.0174543501,-0.0137970422,5.36184719e-16,4.32224993e-08,-2.16885264e-07,-5.07368688e-05,0.39501956,0.394955997,1,0.000488407737,-0.00143759069,-0.0116158327,0.000642798813
128.32,object_red_01,RED,-0.200604894,0.271302935,0.0600366503,-0.017299042,-0.013762803,9.92991428e-16,3.85213869e-08,-1.93295652e-07,-4.52184533e-05,0.395017249,0.3949597,1,0.000488825552,-0.00143788486,-0.0116158327,0.000643174292
128.36,object_red_01,RED,-0.201293865,0.270753437,0.0600366503,-0.0171590214,-0.0137119476,8.10982505e-16,3.35898883e-08,-1.6854999e-07,-3.94295978e-05,0.395014963,0.394963296,1,0.00048933834,-0.00143814964,-0.0116158327,0.000643541296
128.4,object_red_01,RED,-0.20197755,0.270206307,0.0600366503,-0.0170339477,-0.0136452907,7.68156876e-16,2.82685054e-08,-1.41847937e-07,-3.31830757e-05,0.39501273,0.394966763,1,0.000489942406,-0.00143838569,-0.0116158327,0.000643899899
128.44,object_red_01,RED,-0.20265654,0.269662165,0.0600366503,-0.0169234516,-0.0135634711,5.9685436e-16,2.23600546e-08,-1.12200041e-07,-2.62474208e-05,0.395010479,0.394970173,1,0.000490634465,-0.00143859369,-0.0116158327,0.000644250301
128.48,object_red_01,RED,-0.203331408,0.269121598,0.0600366503,-0.01682711,-0.0134673258,4.9335909e-16,1.61612271e-08,-8.10950796e-08,-1.89709079e-05,0.395008331,0.394973407,1,0.000491410836,-0.00143877444,-0.0116158327,0.000644592772
128.52,object_red_01,RED,-0.204002714,0.268585168,0.0600366503,-0.016744558,-0.0133574639,9.00202565e-16,9.57200053e-09,-4.80311369e-08,-1.12361229e-05,0.395006186,0.394976568,1,0.000492268278,-0.00143892865,-0.0116158327,0.000644927584
128.56,object_red_01,RED,-0.204670999,0.268053407,0.0600366503,-0.0166753648,-0.0132346362,7.86000888e-16,2.65721968e-09,-1.33336073e-08,-3.11918571e-06,0.395004046,0.394979652,1,0.000493203352,-0.0014390571,-0.0116158327,0.000645255095
128.6,object_red_01,RED,-0.205336791,0.267526821,0.0600366503,-0.0166191323,-0.0130994381,6.46817594e-16,-4.61607931e-09,2.31629297e-08,5.41859999e-06,0.395002131,0.394982451,1,0.000494213097,-0.00143916052,-0.0116158327,0.000645575681
128.64,object_red_01,RED,-0.206000595,0.26700587,0.0600366503,-0.0165749907,-0.0129546297,5.18340707e-16,-9.57802193e-09,4.8061355e-08,1.12431919e-05,0.395000421,0.394984873,1,0.000495287759,-0.00143924145,-0.0116158327,0.000645890037
128.68,object_red_01,RED,-0.206662765,0.266490679,0.0600366503,-0.0165353269,-0.012813444,9.75147416e-16,-1.79577969e-08,9.01100467e-08,2.10798167e-05,0.395000571,0.394984638,1,0.000496366742,-0.00143932315,-0.0116158327,0.000646207743
128.72,object_red_01,RED,-0.207323269,0.265980926,0.0600366503,-0.0164906844,-0.0126826068,8.10982505e-16,-2.98526724e-08,1.4979709e-07,3.50426539e-05,0.395001765,0.394982676,1,0.000497394594,-0.00143942605,-0.0116158327,0.000646536378
128.76,object_red_01,RED,-0.207981773,0.265476172,0.0600366503,-0.0164351781,-0.0125629139,7.43175259e-16,-3.86338911e-08,1.93860186e-07,4.5350517e-05,0.395003706,0.394979739,1,0.000498351279,-0.00143955624,-0.0116158327,0.000646877118
128.8,object_red_01,RED,-0.20863778,0.264975977,0.0600366503,-0.0163663335,-0.0124540848,5.36184719e-16,-4.13189327e-08,2.07333404e-07,4.85023622e-05,0.395005881,0.394976537,1,0.000499230651,-0.00143971503,-0.0116158327,0.000647229538
128.84,object_red_01,RED,-0.209290745,0.264479906,0.0600366503,-0.0162837764,-0.0123561617,5.18340707e-16,-3.88867254e-08,1.95128881e-07,4.56473077e-05,0.395007999,0.394973398,1,0.000500030509,-0.00143990169,-0.0116158327,0.000647592132
128.88,object_red_01,RED,-0.209940128,0.263987521,0.0600366503,-0.0161880184,-0.0122692724,8.57376936e-16,-3.37148507e-08,1.69177041e-07,3.95762863e-05,0.395009984,0.394970418,1,0.000500750438,-0.00144011465,-0.0116158327,0.000647962966
128.92,object_red_01,RED,-0.210585415,0.263498381,0.0600366503,-0.0160797059,-0.0121933329,7.68156876e-16,-2.81497565e-08,1.41252073e-07,3.30436828e-05,0.395011925,0.394967516,1,0.000501391334,-0.00144035231,-0.0116158327,0.000648340455
128.96,object_red_01,RED,-0.211226116,0.263012053,0.0600366503,-0.0159594203,-0.0121280643,5.9685436e-16,-2.28716605e-08,1.14767226e-07,2.68479727e-05,0.39501373,0.394964802,1,0.000501954983,-0.00144061332,-0.0116158327,0.00064872346
129,object_red_01,RED,-0.211861762,0.26252812,0.0600366503,-0.0158276051,-0.0120730042,4.96927893e-16,-1.85001193e-08,9.28313611e-08,2.17164253e-05,0.395015508,0.394962173,1,0.000502443816,-0.00144089666,-0.0116158327,0.000649111368
129.04,object_red_01,RED,-0.212491901,0.262046185,0.0600366503,-0.0156846676,-0.0120275964,4.36258252e-16,-1.4873309e-08,7.46324654e-08,1.74590819e-05,0.395017294,0.3949596,1,0.000502860593,-0.00144120144,-0.0116158327,0.000649503802
129.08,object_red_01,RED,-0.213116095,0.261565873,0.0600366503,-0.0155309605,-0.0119912634,7.96707295e-16,-1.18756663e-08,5.95906546e-08,1.39402891e-05,0.395018873,0.394957296,1,0.000503208108,-0.00144152695,-0.0116158327,0.000649900599
129.12,object_red_01,RED,-0.21373392,0.261086833,0.0600366503,-0.015366815,-0.0119634785,7.64588074e-16,-9.50692953e-09,4.77046229e-08,1.115974e-05,0.395020658,0.394954851,1,0.000503489096,-0.00144187253,-0.0116158327,0.000650301659
129.16,object_red_01,RED,-0.21434497,0.260608736,0.0600366503,-0.0151927205,-0.0119436823,5.50459929e-16,-7.31302369e-09,3.66958671e-08,8.58441627e-06,0.39502215,0.394952757,1,0.00050370634,-0.00144223723,-0.0116158327,0.000650706643
129.2,object_red_01,RED,-0.214948852,0.260131269,0.0600366503,-0.0150090002,-0.0119314767,4.64808671e-16,-5.82169821e-09,2.92125766e-08,6.8338194e-06,0.395023797,0.394950566,1,0.000503862278,-0.00144262044,-0.0116158327,0.000651115476
129.24,object_red_01,RED,-0.215545191,0.259654141,0.0600366503,-0.0148161085,-0.0119263231,8.46670529e-16,-4.64054366e-09,2.32856834e-08,5.4473165e-06,0.395025332,0.394948545,1,0.000503959546,-0.00144302129,-0.0116158327,0.0006515279
129.28,object_red_01,RED,-0.216133628,0.259177079,0.0600366503,-0.0146143729,-0.0119277821,7.53881666e-16,-3.8657376e-09,1.93978046e-08,4.53780883e-06,0.395026659,0.394946783,1,0.00050400057,-0.00144343912,-0.0116158327,0.00065194385
129.32,object_red_01,RED,-0.216713816,0.258699827,0.0600366503,-0.0144042085,-0.0119354409,5.9685436e-16,-3.55733016e-09,1.78502499e-08,4.17578299e-06,0.395028235,0.394944831,1,0.000503987902,-0.0014438731,-0.0116158327,0.000652363106
129.36,object_red_01,RED,-0.217285437,0.258222152,0.0600366503,-0.0141869003,-0.011948233,5.32615917e-16,-2.37199901e-10,1.19023886e-09,2.78437344e-07,0.395028786,0.39494399,1,0.000503926257,-0.00144432038,-0.0116158327,0.000652784018
129.4,object_red_01,RED,-0.217848345,0.25774395,0.0600366503,-0.0139701695,-0.0119607059,9.39459392e-16,1.37800813e-08,-6.91467813e-08,-1.61757929e-05,0.395028109,0.394944838,1,0.000503846933,-0.00144476061,-0.0116158327,0.000653194043
129.44,object_red_01,RED,-0.21840273,0.257265341,0.0600366503,-0.01376111,-0.011968361,8.50239331e-16,2.677365e-08,-1.34346938e-07,-3.14283358e-05,0.395026554,0.394947051,1,0.000503786837,-0.00144517748,-0.0116158327,0.000653585804
129.48,object_red_01,RED,-0.218948961,0.256786564,0.0600366503,-0.0135621582,-0.0119691578,7.39606457e-16,3.30928011e-08,-1.66055671e-07,-3.8846091e-05,0.395024946,0.394949565,1,0.000503763882,-0.00144556913,-0.0116158327,0.000653961615
129.52,object_red_01,RED,-0.219487455,0.256307925,0.0600366503,-0.0133736629,-0.0119617297,5.68303941e-16,3.42095579e-08,-1.71659421e-07,-4.01570001e-05,0.395023524,0.394951995,1,0.000503786448,-0.00144593747,-0.0116158327,0.00065432522
129.56,object_red_01,RED,-0.220018622,0.25582977,0.0600366503,-0.013195211,-0.0119453221,5.04065498e-16,3.28462873e-08,-1.64818692e-07,-3.85567199e-05,0.395022003,0.394954553,1,0.000503858034,-0.00144628477,-0.0116158327,0.000654679637
129.6,object_red_01,RED,-0.220542851,0.255352464,0.0600366503,-0.0130262721,-0.0119197429,8.57376936e-16,3.06029089e-08,-1.5356169e-07,-3.59233228e-05,0.395020816,0.39495677,1,0.000503979306,-0.0014466129,-0.0116158327,0.000655026825
129.64,object_red_01,RED,-0.221060519,0.254876371,0.0600366503,-0.0128665928,-0.0118851364,7.71725678e-16,2.87003623e-08,-1.44014939e-07,-3.36900116e-05,0.395019482,0.394959099,1,0.000504149433,-0.00144692281,-0.0116158327,0.000655367529
129.68,object_red_01,RED,-0.221571988,0.254401845,0.0600366503,-0.0127158643,-0.0118419424,6.39679989e-16,2.6755467e-08,-1.34255692e-07,-3.14069908e-05,0.395018269,0.394961261,1,0.000504366519,-0.00144721537,-0.0116158327,0.000655702178
129.72,object_red_01,RED,-0.222077612,0.253929219,0.0600366503,-0.0125738741,-0.0117905933,5.39753522e-16,2.48521959e-08,-1.2470531e-07,-2.917283e-05,0.395017059,0.39496337,1,0.00050462851,-0.00144749109,-0.0116158327,0.000656030835
129.76,object_red_01,RED,-0.222577735,0.253458811,0.0600366503,-0.0124403239,-0.0117315081,9.60872206e-16,2.27481088e-08,-1.14147255e-07,-2.67029404e-05,0.395015824,0.394965454,1,0.00050493336,-0.00144775058,-0.0116158327,0.000656353655
129.8,object_red_01,RED,-0.223072688,0.252990922,0.0600366503,-0.012314953,-0.011665103,8.21688912e-16,2.04378685e-08,-1.02554749e-07,-2.39910577e-05,0.395014693,0.394967387,1,0.000505279073,-0.00144799433,-0.0116158327,0.000656670713
129.84,object_red_01,RED,-0.223562794,0.252525835,0.0600366503,-0.0121974903,-0.0115917883,7.36037654e-16,1.80184621e-08,-9.04144647e-08,-2.11510303e-05,0.395013537,0.394969298,1,0.00050566363,-0.00144822289,-0.0116158327,0.000656982113
129.88,object_red_01,RED,-0.224048361,0.25206382,0.0600366503,-0.0120876263,-0.0115119062,5.79010348e-16,1.52561943e-08,-7.65537343e-08,-1.79085326e-05,0.395012459,0.394971087,1,0.000506085186,-0.00144843683,-0.0116158327,0.000657288061
129.92,object_red_01,RED,-0.224529689,0.251605131,0.0600366503,-0.0119850625,-0.0114258158,4.86221486e-16,1.24141112e-08,-6.22925106e-08,-1.4572345e-05,0.395011396,0.394972819,1,0.000506541922,-0.00144863673,-0.0116158327,0.00065758874
129.96,object_red_01,RED,-0.225007062,0.251150011,0.0600366503,-0.0118895134,-0.0113338543,8.68083344e-16,9.46456159e-09,-4.74920275e-08,-1.11100068e-05,0.395010375,0.394974466,1,0.000507032045,-0.00144882313,-0.0116158327,0.000657884347
130,object_red_01,RED,-0.225480756,0.250698686,0.0600366503,-0.0118007115,-0.0112363839,7.93138493e-16,6.40258411e-09,-3.21273936e-08,-7.51569402e-06,0.395009368,0.394976058,1,0.00050755372,-0.00144899657,-0.0116158327,0.000658175029
130.04,object_red_01,RED,-0.225951034,0.250251369,0.0600366503,-0.0117183715,-0.0111337549,6.32542384e-16,3.25294069e-09,-1.63228601e-08,-3.81847436e-06,0.395008444,0.394977528,1,0.00050810519,-0.00144915758,-0.0116158327,0.000658460967
130.08,object_red_01,RED,-0.22641815,0.249808262,0.0600366503,-0.0116422275,-0.0110261918,5.36184719e-16,-1.36650682e-10,6.85700812e-10,1.60408712e-07,0.395007484,0.394978995,1,0.000508684992,-0.00144930667,-0.0116158327,0.000658742375
130.12,object_red_01,RED,-0.226882344,0.249369554,0.0600366503,-0.0115719789,-0.0109141097,9.89422626e-16,-3.47661572e-09,1.74452359e-08,4.0810368e-06,0.395006615,0.394980335,1,0.000509291272,-0.00144944442,-0.0116158327,0.000659019464
130.16,object_red_01,RED,-0.227343849,0.248935419,0.0600366503,-0.0115073929,-0.010797751,8.35964122e-16,-6.93876757e-09,3.48178977e-08,8.1450952e-06,0.39500575,0.394981635,1,0.000509922512,-0.00144957129,-0.0116158327,0.000659292386
130.2,object_red_01,RED,-0.227802884,0.248506022,0.0600366503,-0.0114482291,-0.0106775026,7.1462484e-16,-1.00509181e-08,5.04342894e-08,1.17983022e-05,0.395004876,0.394982906,1,0.000510576947,-0.00144968775,-0.0116158327,0.00065956124
130.24,object_red_01,RED,-0.22825965,0.248081472,0.0600366503,-0.0113931779,-0.0105564655,5.89716755e-16,-1.14147826e-08,5.72780003e-08,1.339928e-05,0.395004608,0.394983375,1,0.00051124331,-0.00144979795,-0.0116158327,0.000659827434
130.28,object_red_01,RED,-0.228714224,0.247661687,0.0600366503,-0.011337915,-0.01043947,5.14771905e-16,-1.50167995e-08,7.53524832e-08,1.7627519e-05,0.395004871,0.394982889,1,0.000511893974,-0.00144991437,-0.0116158327,0.000660096484
130.32,object_red_01,RED,-0.22916652,0.247246477,0.0600366503,-0.0112789978,-0.0103273805,9.43028194e-16,-1.91070751e-08,9.58769893e-08,2.24289011e-05,0.395005597,0.39498172,1,0.000512515585,-0.00145004231,-0.0116158327,0.000660370247
130.36,object_red_01,RED,-0.229616348,0.246835656,0.0600366503,-0.0112146314,-0.0102197711,8.00276098e-16,-2.13484326e-08,1.07123849e-07,2.50599259e-05,0.395006482,0.394980339,1,0.000513104825,-0.00145018285,-0.0116158327,0.000660648909
130.4,object_red_01,RED,-0.230063475,0.246429049,0.0600366503,-0.0111442218,-0.0101164384,6.57524001e-16,-2.09888025e-08,1.05319268e-07,2.46377728e-05,0.395007419,0.394978912,1,0.000513660928,-0.00145033594,-0.0116158327,0.000660932131
130.44,object_red_01,RED,-0.230507659,0.246026487,0.0600366503,-0.0110678579,-0.0100173415,5.2190951e-16,-1.87695035e-08,9.41830945e-08,2.20326416e-05,0.395008308,0.394977548,1,0.000514183857,-0.00145050092,-0.0116158327,0.000661219206
130.48,object_red_01,RED,-0.23094867,0.245627799,0.0600366503,-0.0109858871,-0.00992253804,4.96927893e-16,-1.57603949e-08,7.90837543e-08,1.85003904e-05,0.395009146,0.394976253,1,0.000514673828,-0.00145067694,-0.0116158327,0.000661509266
130.52,object_red_01,RED,-0.231386291,0.245232813,0.0600366503,-0.0108986658,-0.00983198678,8.53808134e-16,-1.26579512e-08,6.3516067e-08,1.48585767e-05,0.395009895,0.394975075,1,0.000515131546,-0.00145086315,-0.0116158327,0.000661801611
130.56,object_red_01,RED,-0.231820317,0.244841363,0.0600366503,-0.0108064619,-0.00974550383,7.68156876e-16,-1.00804933e-08,5.05826962e-08,1.18330195e-05,0.395010676,0.394973895,1,0.000515558146,-0.00145105896,-0.0116158327,0.000662095864
130.6,object_red_01,RED,-0.232250556,0.24445329,0.0600366503,-0.0107095363,-0.00966287797,6.1112957e-16,-7.68486196e-09,3.85617038e-08,9.02089914e-06,0.395011372,0.394972834,1,0.000515954897,-0.00145126378,-0.0116158327,0.000662391733
130.64,object_red_01,RED,-0.232676822,0.244068446,0.0600366503,-0.0106081156,-0.00958387753,4.9335909e-16,-5.67307169e-09,2.84667881e-08,6.65935391e-06,0.395012059,0.394971816,1,0.000516323123,-0.00145147717,-0.0116158327,0.000662689051
130.68,object_red_01,RED,-0.233098941,0.243686689,0.0600366503,-0.0105024417,-0.00950827481,9.43028194e-16,-3.89623912e-09,1.95508596e-08,4.57361362e-06,0.395012746,0.394970831,1,0.000516664143,-0.00145169864,-0.0116158327,0.000662987633
130.72,object_red_01,RED,-0.233516748,0.243307889,0.0600366503,-0.0103927291,-0.00943583487,8.21688912e-16,-2.34722044e-09,1.17780663e-08,2.75529189e-06,0.39501331,0.394970001,1,0.000516979263,-0.00145192777,-0.0116158327,0.000663287364
130.76,object_red_01,RED,-0.233930085,0.242931925,0.0600366503,-0.0102791719,-0.0093663401,6.50386396e-16,-1.08378381e-09,5.43829868e-09,1.27220363e-06,0.395013987,0.394969089,1,0.000517269755,-0.00145216418,-0.0116158327,0.000663588155
130.8,object_red_01,RED,-0.234338804,0.242558682,0.0600366503,-0.0101620542,-0.0092995974,5.43322324e-16,1.93543217e-10,-9.71178661e-10,-2.27191756e-07,0.3950145,0.394968371,1,0.000517536819,-0.00145240732,-0.0116158327,0.000663889748
130.84,object_red_01,RED,-0.234742766,0.242188053,0.0600366503,-0.0100415578,-0.00923544379,4.46964659e-16,1.10061276e-09,-5.52274117e-09,-1.2919573e-06,0.395015093,0.394967602,1,0.000517781571,-0.00145265685,-0.0116158327,0.00066419206
130.88,object_red_01,RED,-0.235141843,0.24181994,0.0600366503,-0.00991792737,-0.00917367495,8.57376936e-16,1.89684722e-09,-9.51814887e-09,-2.22662026e-06,0.395015625,0.394966921,1,0.000518005178,-0.00145291228,-0.0116158327,0.0006644949
130.92,object_red_01,RED,-0.23553591,0.241454251,0.0600366503,-0.00979133353,-0.00911410058,7.18193642e-16,2.52287603e-09,-1.26594839e-08,-2.9614857e-06,0.395016049,0.394966373,1,0.000518208766,-0.00145317329,-0.0116158327,0.000664798208
130.96,object_red_01,RED,-0.235924857,0.241090902,0.0600366503,-0.00966200126,-0.00905657414,5.54028731e-16,2.96486041e-09,-1.48773113e-08,-3.48031122e-06,0.395016595,0.394965733,1,0.00051839342,-0.00145343942,-0.0116158327,0.000665101806
131,object_red_01,RED,-0.236308576,0.240729814,0.0600366503,-0.00953016812,-0.00900092076,5.25478312e-16,3.38095542e-09,-1.69652229e-08,-3.96874502e-06,0.395016918,0.394965337,1,0.000518560187,-0.00145371023,-0.0116158327,0.00066540551
131.04,object_red_01,RED,-0.236686972,0.240370914,0.0600366503,-0.00939595874,-0.00894702481,8.9306496e-16,3.36523267e-09,-1.68863323e-08,-3.95028953e-06,0.395017447,0.394964761,1,0.000518710017,-0.00145398547,-0.0116158327,0.00066570931
131.08,object_red_01,RED,-0.237059954,0.240014138,0.0600366503,-0.00925961309,-0.00889466572,8.07413703e-16,3.43625218e-09,-1.72426994e-08,-4.03365597e-06,0.395017797,0.394964386,1,0.000518844002,-0.00145426468,-0.0116158327,0.000666013022
131.12,object_red_01,RED,-0.23742744,0.239659425,0.0600366503,-0.00912129081,-0.00884374562,6.93212025e-16,3.32543027e-09,-1.66866076e-08,-3.90356749e-06,0.395018139,0.394964041,1,0.000518963085,-0.00145454752,-0.0116158327,0.000666316555
131.16,object_red_01,RED,-0.237789355,0.239306721,0.0600366503,-0.00898120147,-0.00879412921,5.50459929e-16,3.09392297e-09,-1.55249326e-08,-3.63181163e-06,0.395018549,0.394963652,1,0.00051906819,-0.0014548336,-0.0116158327,0.000666619754
131.2,object_red_01,RED,-0.238145633,0.238955977,0.0600366503,-0.00883952288,-0.00874567552,4.82652683e-16,2.79252198e-09,-1.40125374e-08,-3.2780106e-06,0.39501872,0.394963518,1,0.000519160216,-0.00145512259,-0.0116158327,0.000666922515
131.24,object_red_01,RED,-0.238496213,0.238607149,0.0600366503,-0.00869643336,-0.00869825083,3.64882204e-16,2.55278881e-09,-1.28095846e-08,-2.99659909e-06,0.395019071,0.39496323,1,0.000519240128,-0.0014554141,-0.0116158327,0.000667224703
131.28,object_red_01,RED,-0.238841074,0.238260213,0.0600366503,-0.00855412909,-0.00865078712,7.43175259e-16,6.8091414e-09,-3.41674481e-08,-7.9929324e-06,0.395018629,0.394963857,1,0.000519314155,-0.00145570252,-0.0116158327,0.000667522442
131.32,object_red_01,RED,-0.239180306,0.237915196,0.0600366503,-0.00841512659,-0.00860227307,6.00423163e-16,1.12935368e-08,-5.66695988e-08,-1.32569542e-05,0.395018086,0.394964759,1,0.000519392368,-0.00145598156,-0.0116158327,0.000667812134
131.36,object_red_01,RED,-0.239514067,0.237572154,0.0600366503,-0.00828033326,-0.0085519826,5.39753522e-16,1.35916003e-08,-6.82010051e-08,-1.59545438e-05,0.395017511,0.394965789,1,0.000519480536,-0.00145625029,-0.0116158327,0.000668094314
131.4,object_red_01,RED,-0.239842524,0.237231172,0.0600366503,-0.00814974499,-0.00849936066,1.00369784e-15,1.40003888e-08,-7.02522562e-08,-1.64344015e-05,0.395016865,0.394966928,1,0.000519581569,-0.00145650964,-0.0116158327,0.000668370623
131.44,object_red_01,RED,-0.240165843,0.236892349,0.0600366503,-0.00802317484,-0.00844408334,8.14551307e-16,1.35850986e-08,-6.81683805e-08,-1.59469117e-05,0.395016439,0.394967862,1,0.000519696838,-0.00145676054,-0.0116158327,0.000668642285
131.48,object_red_01,RED,-0.24048418,0.236555795,0.0600366503,-0.00790045647,-0.00838604893,7.68156876e-16,1.31867228e-08,-6.61693794e-08,-1.54792772e-05,0.395015876,0.394968924,1,0.000519826564,-0.00145700367,-0.0116158327,0.000668910021
131.52,object_red_01,RED,-0.240797686,0.236221619,0.0600366503,-0.0077813799,-0.00832535098,5.68303941e-16,1.26920288e-08,-6.3687064e-08,-1.48985789e-05,0.395015495,0.39496979,1,0.0005199703,-0.00145723962,-0.0116158327,0.000669174303
131.56,object_red_01,RED,-0.241106503,0.235889925,0.0600366503,-0.00766584451,-0.00826209511,5.2190951e-16,1.24207856e-08,-6.23260025e-08,-1.458018e-05,0.395015033,0.394970716,1,0.000520127402,-0.00145746869,-0.0116158327,0.000669435259
131.6,object_red_01,RED,-0.241410771,0.235560812,0.0600366503,-0.00755371502,-0.00819646138,8.35964122e-16,1.217774e-08,-6.1106428e-08,-1.42948799e-05,0.395014576,0.394971616,1,0.0005202971,-0.00145769115,-0.0116158327,0.000669692982
131.64,object_red_01,RED,-0.241710624,0.235234371,0.0600366503,-0.00744488613,-0.00812862634,7.28900049e-16,1.18823078e-08,-5.96239786e-08,-1.39480843e-05,0.395014202,0.394972413,1,0.000520478579,-0.00145790725,-0.0116158327,0.000669947495
131.68,object_red_01,RED,-0.24200619,0.234910687,0.0600366503,-0.00733923563,-0.00805873214,5.89716755e-16,1.15897895e-08,-5.81561603e-08,-1.36047114e-05,0.395013721,0.394973297,1,0.000520671089,-0.00145811723,-0.0116158327,0.000670198852
131.72,object_red_01,RED,-0.242297594,0.23458984,0.0600366503,-0.00723657584,-0.00798690318,5.32615917e-16,1.09986089e-08,-5.51896876e-08,-1.29107523e-05,0.395013414,0.394973988,1,0.000520873949,-0.00145832143,-0.0116158327,0.000670447238
131.76,object_red_01,RED,-0.242584953,0.234271905,0.0600366503,-0.00713682524,-0.00791325347,9.43028194e-16,1.05998409e-08,-5.31887175e-08,-1.24426569e-05,0.395013014,0.394974754,1,0.00052108653,-0.00145852001,-0.0116158327,0.000670692644
131.8,object_red_01,RED,-0.24286838,0.233956951,0.0600366503,-0.00703983459,-0.00783792804,7.96707295e-16,1.00628254e-08,-5.0494038e-08,-1.18122795e-05,0.395012673,0.394975444,1,0.000521308132,-0.00145871327,-0.0116158327,0.000670935192
131.84,object_red_01,RED,-0.243147984,0.233645043,0.0600366503,-0.0069454979,-0.00776104766,2.47111724e-16,9.53216084e-09,-4.78312334e-08,-1.11893587e-05,0.395012354,0.394976094,1,0.00052153811,-0.00145890141,-0.0116158327,0.000671174926
131.88,object_red_01,RED,-0.243423867,0.233336242,0.0600366503,-0.00685367124,-0.00768270987,5.39753522e-16,8.93270836e-09,-4.48232467e-08,-1.04856879e-05,0.395011992,0.394976772,1,0.000521775879,-0.00145908471,-0.0116158327,0.000671411976
131.92,object_red_01,RED,-0.243696128,0.233030603,0.0600366503,-0.00676423238,-0.00760301895,4.75515078e-16,8.29106531e-09,-4.16035602e-08,-9.73249328e-06,0.395011726,0.394977339,1,0.000522020879,-0.00145926339,-0.0116158327,0.000671646429
131.96,object_red_01,RED,-0.24396486,0.232728177,0.0600366503,-0.00667709846,-0.0075221056,8.50239331e-16,7.75588822e-09,-3.89181097e-08,-9.10427478e-06,0.395011399,0.394977951,1,0.000522272479,-0.00145943764,-0.0116158327,0.000671878297
132,object_red_01,RED,-0.244230153,0.232429012,0.0600366503,-0.00659213831,-0.00744006794,7.61019271e-16,7.0507705e-09,-3.53799132e-08,-8.27656992e-06,0.395011148,0.394978473,1,0.00052253013,-0.00145960769,-0.0116158327,0.000672107694
132.04,object_red_01,RED,-0.244492091,0.232133151,0.0600366503,-0.00650925285,-0.00735699985,5.93285558e-16,6.38332981e-09,-3.20307794e-08,-7.49309282e-06,0.395010882,0.394978996,1,0.000522793306,-0.00145977375,-0.0116158327,0.000672334675
132.08,object_red_01,RED,-0.244750755,0.231840632,0.0600366503,-0.00642832189,-0.00727297984,5.36184719e-16,5.71792172e-09,-2.86918422e-08,-6.71200168e-06,0.395010616,0.394979506,1,0.000523061538,-0.00145993602,-0.0116158327,0.000672559348
132.12,object_red_01,RED,-0.245006222,0.231551492,0.0600366503,-0.00634926116,-0.00718812095,4.36258252e-16,5.03901603e-09,-2.52851674e-08,-5.91506394e-06,0.395010397,0.394979957,1,0.000523334282,-0.0014600947,-0.0116158327,0.000672781746
132.16,object_red_01,RED,-0.245258563,0.231265763,0.0600366503,-0.00627198115,-0.00710252026,8.14551307e-16,4.41076157e-09,-2.21326678e-08,-5.1775865e-06,0.395010139,0.394980433,1,0.000523611032,-0.00146024994,-0.0116158327,0.000673001914
132.2,object_red_01,RED,-0.245507849,0.230983472,0.0600366503,-0.00619636457,-0.00701623476,7.39606457e-16,3.59041717e-09,-1.80162786e-08,-4.21462277e-06,0.395009957,0.394980823,1,0.000523891387,-0.00146040198,-0.0116158327,0.000673219969
132.24,object_red_01,RED,-0.245754144,0.230704645,0.0600366503,-0.00612232932,-0.00692935225,5.68303941e-16,2.93078173e-09,-1.47063097e-08,-3.44030811e-06,0.395009745,0.394981233,1,0.000524174903,-0.00146055096,-0.0116158327,0.000673435953
132.28,object_red_01,RED,-0.245997509,0.230429305,0.0600366503,-0.00604978855,-0.00684195459,4.50533461e-16,2.22414927e-09,-1.11605113e-08,-2.61082471e-06,0.395009556,0.394981608,1,0.000524461137,-0.00146069706,-0.0116158327,0.000673649927
132.32,object_red_01,RED,-0.246238002,0.23015747,0.0600366503,-0.00597866699,-0.00675413031,8.60945739e-16,1.52976347e-09,-7.67616661e-09,-1.79571742e-06,0.395009385,0.394981956,1,0.000524749647,-0.00146084043,-0.0116158327,0.000673861922
132.36,object_red_01,RED,-0.246475679,0.229889155,0.0600366503,-0.00590887448,-0.00666593889,7.86000888e-16,8.17720286e-10,-4.10321771e-09,-9.59882766e-07,0.395009199,0.394982308,1,0.00052504007,-0.00146098124,-0.0116158327,0.000674072012
132.4,object_red_01,RED,-0.24671059,0.229624376,0.0600366503,-0.00584031671,-0.00657742275,5.86147953e-16,4.86272788e-11,-2.44005712e-10,-5.70811922e-08,0.395009062,0.394982603,1,0.000525332094,-0.00146111966,-0.0116158327,0.000674280294
132.44,object_red_01,RED,-0.246942784,0.229363142,0.0600366503,-0.00577293945,-0.00648868608,5.32615917e-16,-5.78519896e-10,2.90294293e-09,6.79097385e-07,0.395008901,0.394982914,1,0.000525625272,-0.00146125581,-0.0116158327,0.000674486764
132.48,object_red_01,RED,-0.247172307,0.229105461,0.0600366503,-0.00570666416,-0.00639977605,9.82285021e-16,-1.31116483e-09,6.57926681e-09,1.53911507e-06,0.395008773,0.394983182,1,0.000525919284,-0.00146138983,-0.0116158327,0.000674691489
132.52,object_red_01,RED,-0.2473992,0.228851339,0.0600366503,-0.00564142382,-0.00631076312,8.21688912e-16,-2.00326942e-09,1.00521645e-08,2.3515443e-06,0.395008647,0.394983442,1,0.000526213784,-0.00146152186,-0.0116158327,0.000674894501
132.56,object_red_01,RED,-0.247623504,0.228600779,0.0600366503,-0.00557713358,-0.00622167459,7.57450469e-16,-2.69323955e-09,1.35143518e-08,3.16146842e-06,0.395008522,0.394983694,1,0.000526508532,-0.00146165205,-0.0116158327,0.000675095894
132.6,object_red_01,RED,-0.247845255,0.228353783,0.0600366503,-0.00551374097,-0.00613258384,6.64661606e-16,-3.36446144e-09,1.68824631e-08,3.9493845e-06,0.395008422,0.394983913,1,0.000526803178,-0.00146178052,-0.0116158327,0.000675295685
132.64,object_red_01,RED,-0.248064488,0.228110349,0.0600366503,-0.00545119245,-0.00604356148,5.2190951e-16,-3.96108938e-09,1.9876267e-08,4.64973732e-06,0.395008307,0.394984141,1,0.000527097394,-0.00146190735,-0.0116158327,0.000675493889
132.68,object_red_01,RED,-0.248281236,0.227870475,0.0600366503,-0.00538935253,-0.00595470672,8.85927356e-16,-4.81589664e-09,2.41655874e-08,5.6531564e-06,0.395008329,0.394984221,1,0.000527390764,-0.00146203285,-0.0116158327,0.000675690674
132.72,object_red_01,RED,-0.24849549,0.227634114,0.0600366503,-0.00532614995,-0.00586810712,1.33559646e-15,-6.63530516e-09,3.32951564e-08,7.78887406e-06,0.39500872,0.394983747,1,0.000527673824,-0.0014621632,-0.0116158327,0.00067588958
132.76,object_red_01,RED,-0.248707177,0.22740117,0.0600366503,-0.00526119601,-0.00578360478,6.32542384e-16,-6.79236045e-09,3.40832377e-08,7.97323329e-06,0.395008901,0.394983422,1,0.000527942651,-0.00146229866,-0.0116158327,0.00067608983
132.8,object_red_01,RED,-0.248916242,0.227171577,0.0600366503,-0.00519523765,-0.00570035688,5.93285558e-16,-5.86826608e-09,2.9446248e-08,6.88848302e-06,0.395009033,0.394983227,1,0.000528202063,-0.00146243532,-0.0116158327,0.00067628888
132.84,object_red_01,RED,-0.249122656,0.226945293,0.0600366503,-0.00512870364,-0.00561809792,4.57671066e-16,-4.68657705e-09,2.35166775e-08,5.50135396e-06,0.395009083,0.394983168,1,0.000528454403,-0.00146257231,-0.0116158327,0.00067648648
132.88,object_red_01,RED,-0.2493264,0.226722282,0.0600366503,-0.00506180543,-0.00553670298,8.25257715e-16,-3.76831237e-09,1.89089388e-08,4.42344608e-06,0.395009179,0.394983089,1,0.000528700767,-0.00146270953,-0.0116158327,0.000676682824
132.92,object_red_01,RED,-0.249527463,0.226502508,0.0600366503,-0.00499469066,-0.00545613439,7.39606457e-16,-2.89834306e-09,1.45435376e-08,3.40222992e-06,0.395009209,0.394983086,1,0.000528941669,-0.00146284691,-0.0116158327,0.000676877964
132.96,object_red_01,RED,-0.249725838,0.226285941,0.0600366503,-0.00492740945,-0.00537633601,5.71872743e-16,-2.29811127e-09,1.15316435e-08,2.69764506e-06,0.395009267,0.394983066,1,0.00052917749,-0.00146298445,-0.0116158327,0.000677071999
133,object_red_01,RED,-0.24992152,0.22607255,0.0600366503,-0.00486001051,-0.00529726765,5.36184719e-16,-1.76033857e-09,8.83316245e-09,2.06637826e-06,0.395009319,0.394983056,1,0.000529408508,-0.00146312211,-0.0116158327,0.000677264945
133.04,object_red_01,RED,-0.250114503,0.225862308,0.0600366503,-0.00479250339,-0.00521886951,9.0734017e-16,-1.30672363e-09,6.55697839e-09,1.53390118e-06,0.395009333,0.394983092,1,0.000529635006,-0.00146325987,-0.0116158327,0.000677456875
133.08,object_red_01,RED,-0.250304784,0.225655188,0.0600366503,-0.00472492605,-0.00514112679,7.57450469e-16,-8.74458082e-10,4.38792648e-09,1.02648589e-06,0.395009399,0.39498308,1,0.00052985716,-0.00146339768,-0.0116158327,0.000677647769
133.12,object_red_01,RED,-0.250492362,0.225451164,0.0600366503,-0.00465733069,-0.00506403793,6.36111187e-16,-3.72398601e-10,1.86865242e-09,4.37141724e-07,0.395009397,0.39498314,1,0.000530075089,-0.00146353546,-0.0116158327,0.000677837568
133.16,object_red_01,RED,-0.250677235,0.22525021,0.0600366503,-0.00458972887,-0.00498758167,5.39753522e-16,-3.60050891e-11,1.8067033e-10,4.22648938e-08,0.395009456,0.394983141,1,0.000530288952,-0.00146367317,-0.0116158327,0.000678026291
133.2,object_red_01,RED,-0.250859405,0.225052302,0.0600366503,-0.00452215633,-0.00491173335,1.03581706e-15,3.4368923e-10,-1.72459237e-09,-4.03441017e-07,0.395009474,0.394983189,1,0.000530498909,-0.00146381074,-0.0116158327,0.000678213909
133.24,object_red_01,RED,-0.251038873,0.224857415,0.0600366503,-0.00445463437,-0.00483647868,8.32395319e-16,7.11625834e-10,-3.57085744e-09,-8.35345162e-07,0.395009482,0.39498325,1,0.000530705107,-0.00146394815,-0.0116158327,0.000678400415
133.28,object_red_01,RED,-0.251215642,0.224665525,0.0600366503,-0.00438720329,-0.00476182177,7.11056037e-16,1.05130366e-09,-5.27531469e-09,-1.23407645e-06,0.395009521,0.394983282,1,0.000530907639,-0.0014640853,-0.0116158327,0.000678585763
133.32,object_red_01,RED,-0.251389716,0.22447661,0.0600366503,-0.00431989573,-0.00468775142,5.93285558e-16,1.41929843e-09,-7.12186657e-09,-1.66604772e-06,0.395009487,0.394983391,1,0.00053110662,-0.00146422214,-0.0116158327,0.000678769918
133.36,object_red_01,RED,-0.251561101,0.224290645,0.0600366503,-0.00425270263,-0.00461423824,5.11203102e-16,1.58509283e-09,-7.95380412e-09,-1.86066621e-06,0.395009545,0.39498341,1,0.000531302212,-0.00146435869,-0.0116158327,0.000678952936
133.4,object_red_01,RED,-0.251729801,0.22410761,0.0600366503,-0.00418567848,-0.00454127511,8.82358553e-16,1.9157799e-09,-9.61315246e-09,-2.24884451e-06,0.395009531,0.394983506,1,0.00053149453,-0.00146449484,-0.0116158327,0.000679134739
133.44,object_red_01,RED,-0.251895824,0.223927481,0.0600366503,-0.00411883519,-0.00446886423,7.78863283e-16,2.15258361e-09,-1.08014062e-08,-2.52681758e-06,0.395009541,0.394983579,1,0.000531683659,-0.00146463056,-0.0116158327,0.000679315332
133.48,object_red_01,RED,-0.252059177,0.223750238,0.0600366503,-0.00405220888,-0.00439700154,6.82505618e-16,2.39884379e-09,-1.20371067e-08,-2.81589035e-06,0.395009557,0.394983648,1,0.000531869692,-0.0014647658,-0.0116158327,0.00067949467
133.52,object_red_01,RED,-0.25221987,0.223575858,0.0600366503,-0.00398580411,-0.00432566407,5.46891127e-16,2.59563734e-09,-1.30245937e-08,-3.04689718e-06,0.395009517,0.394983775,1,0.000532052753,-0.00146490053,-0.0116158327,0.000679672775
133.56,object_red_01,RED,-0.252377912,0.22340432,0.0600366503,-0.00391963457,-0.00425483941,4.86221486e-16,2.75522886e-09,-1.38254037e-08,-3.23423393e-06,0.39500955,0.394983832,1,0.000532232967,-0.00146503473,-0.0116158327,0.000679849648
133.6,object_red_01,RED,-0.252533313,0.223235604,0.0600366503,-0.00385374831,-0.00418453791,8.71652146e-16,3.01151564e-09,-1.5111419e-08,-3.53507737e-06,0.395009507,0.394983967,1,0.000532410386,-0.00146516832,-0.0116158327,0.000680025215
133.64,object_red_01,RED,-0.252686084,0.22306969,0.0600366503,-0.00378814299,-0.00411475468,7.25331247e-16,3.12396839e-09,-1.56756929e-08,-3.66707969e-06,0.395009525,0.394984043,1,0.000532585093,-0.00146530129,-0.0116158327,0.000680199505
133.68,object_red_01,RED,-0.252836238,0.222906556,0.0600366503,-0.00372284788,-0.00404547614,5.61166336e-16,3.27182599e-09,-1.64176254e-08,-3.84064304e-06,0.395009511,0.394984152,1,0.000532757185,-0.00146543359,-0.0116158327,0.000680372485
133.72,object_red_01,RED,-0.252983786,0.222746184,0.0600366503,-0.00365786425,-0.00397668549,5.29047114e-16,3.41930379e-09,-1.71576507e-08,-4.01376042e-06,0.395009474,0.394984286,1,0.000532926776,-0.00146556522,-0.0116158327,0.000680544178
133.76,object_red_01,RED,-0.253128742,0.222588552,0.0600366503,-0.00359322205,-0.0039083966,8.96633763e-16,3.54932254e-09,-1.78100676e-08,-4.16638282e-06,0.395009484,0.394984374,1,0.00053309391,-0.00146569611,-0.0116158327,0.000680714541
133.8,object_red_01,RED,-0.253271119,0.222433641,0.0600366503,-0.00352894855,-0.00384060851,7.57450469e-16,3.72724914e-09,-1.87028837e-08,-4.3752432e-06,0.395009417,0.394984541,1,0.000533258644,-0.00146582622,-0.0116158327,0.000680883541
133.84,object_red_01,RED,-0.253410934,0.222281432,0.0600366503,-0.00346502836,-0.0037733104,6.43248792e-16,3.72526723e-09,-1.86929423e-08,-4.37291747e-06,0.39500944,0.394984619,1,0.000533421066,-0.00146595559,-0.0116158327,0.000681051228
133.88,object_red_01,RED,-0.2535482,0.222131904,0.0600366503,-0.00340149737,-0.00370648704,5.04065498e-16,3.86509846e-09,-1.93945973e-08,-4.53705845e-06,0.395009398,0.394984764,1,0.00053358127,-0.00146608412,-0.0116158327,0.000681217554
133.92,object_red_01,RED,-0.253682932,0.221985039,0.0600366503,-0.00333836109,-0.00364015135,9.68009811e-16,3.95132652e-09,-1.9827279e-08,-4.63827765e-06,0.395009369,0.394984895,1,0.000533739296,-0.00146621183,-0.0116158327,0.000681382521
133.96,object_red_01,RED,-0.253815148,0.221840818,0.0600366503,-0.00327564568,-0.00357430762,8.07413703e-16,4.04058111e-09,-2.02751432e-08,-4.74304845e-06,0.395009359,0.394985009,1,0.000533895183,-0.00146633865,-0.0116158327,0.000681546093
134,object_red_01,RED,-0.253944865,0.22169922,0.0600366503,-0.00321335611,-0.00350894706,7.36037654e-16,4.11334001e-09,-2.06402456e-08,-4.82845807e-06,0.395009286,0.394985187,1,0.000534048998,-0.00146646459,-0.0116158327,0.000681708279
134.04,object_red_01,RED,-0.254072098,0.221560226,0.0600366503,-0.00315148407,-0.00344405522,5.64735139e-16,4.11311682e-09,-2.06391207e-08,-4.82819492e-06,0.395009295,0.394985283,1,0.000534200832,-0.00146658964,-0.0116158327,0.000681869112
134.08,object_red_01,RED,-0.254196866,0.221423818,0.0600366503,-0.00309007429,-0.00337964547,5.00496695e-16,4.23752405e-09,-2.12633838e-08,-4.97423154e-06,0.39500923,0.394985455,1,0.00053435071,-0.00146671374,-0.0116158327,0.000682028517
134.12,object_red_01,RED,-0.254319188,0.221289976,0.0600366503,-0.00302911814,-0.00331572401,8.9306496e-16,4.24699499e-09,-2.13109025e-08,-4.98534787e-06,0.395009213,0.394985577,1,0.000534498663,-0.00146683689,-0.0116158327,0.00068218652
134.16,object_red_01,RED,-0.254439081,0.221158681,0.0600366503,-0.00296863952,-0.00325228723,7.96707295e-16,4.28782271e-09,-2.15157811e-08,-5.03327564e-06,0.395009181,0.394985717,1,0.000534644739,-0.00146695905,-0.0116158327,0.00068234309
134.2,object_red_01,RED,-0.254556565,0.221029913,0.0600366503,-0.00290862765,-0.00318931839,6.43248792e-16,4.31837121e-09,-2.16690634e-08,-5.06913382e-06,0.395009113,0.394985892,1,0.000534789017,-0.00146708025,-0.0116158327,0.000682498264
134.24,object_red_01,RED,-0.254671658,0.220903655,0.0600366503,-0.00284910254,-0.00312683292,5.86147953e-16,4.34162065e-09,-2.17857255e-08,-5.09642528e-06,0.395009102,0.394986011,1,0.000534931523,-0.00146720043,-0.0116158327,0.000682652009
134.28,object_red_01,RED,-0.254784381,0.220779885,0.0600366503,-0.00279008853,-0.00306483771,4.86221486e-16,4.42681899e-09,-2.2213239e-08,-5.19643533e-06,0.395009017,0.394986203,1,0.000535072269,-0.00146731956,-0.0116158327,0.00068280429
134.32,object_red_01,RED,-0.254894754,0.220658584,0.0600366503,-0.0027315687,-0.00300333285,8.25257715e-16,4.36405243e-09,-2.18982899e-08,-5.12275777e-06,0.395009011,0.394986316,1,0.000535211296,-0.00146743768,-0.0116158327,0.000682955146
134.36,object_red_01,RED,-0.255002797,0.220539734,0.0600366503,-0.00267356392,-0.00294230294,7.57450469e-16,4.39837531e-09,-2.20705108e-08,-5.16304615e-06,0.395008952,0.394986483,1,0.000535348667,-0.00146755473,-0.0116158327,0.000683104554
134.4,object_red_01,RED,-0.25510853,0.220423315,0.0600366503,-0.00261607546,-0.00288176049,5.75441546e-16,4.41705398e-09,-2.21642402e-08,-5.18497245e-06,0.395008897,0.394986647,1,0.000535484407,-0.00146767072,-0.0116158327,0.000683252515
134.44,object_red_01,RED,-0.255211976,0.220309307,0.0600366503,-0.00255912186,-0.00282171699,4.89790288e-16,4.43312814e-09,-2.22449003e-08,-5.20384154e-06,0.395008868,0.394986783,1,0.000535618518,-0.00146778561,-0.0116158327,0.000683399
134.48,object_red_01,RED,-0.255313154,0.220197691,0.0600366503,-0.00250271059,-0.002762172,8.46670529e-16,4.46696181e-09,-2.24146756e-08,-5.2435575e-06,0.395008774,0.394986984,1,0.000535751028,-0.00146789939,-0.0116158327,0.000683544002
134.52,object_red_01,RED,-0.255412087,0.220088446,0.0600366503,-0.00244681943,-0.00270311434,7.75294481e-16,4.38381123e-09,-2.19974306e-08,-5.14595004e-06,0.395008765,0.3949871,1,0.000535881992,-0.0014680121,-0.0116158327,0.000683687576
134.56,object_red_01,RED,-0.255508796,0.219981553,0.0600366503,-0.00239148777,-0.00264455305,6.68230409e-16,4.4435939e-09,-2.22974187e-08,-5.21612718e-06,0.395008687,0.394987285,1,0.00053601143,-0.00146812367,-0.0116158327,0.000683829649
134.6,object_red_01,RED,-0.255603303,0.219876991,0.0600366503,-0.0023367053,-0.00258650146,5.71872743e-16,4.41835735e-09,-2.21707796e-08,-5.18650252e-06,0.395008645,0.394987434,1,0.000536139339,-0.00146823411,-0.0116158327,0.000683970245
134.64,object_red_01,RED,-0.255695631,0.219774741,0.0600366503,-0.00228249111,-0.00252896253,4.71946276e-16,4.42356095e-09,-2.2196893e-08,-5.19261101e-06,0.3950086,0.394987585,1,0.000536265735,-0.00146834339,-0.0116158327,0.000684109332
134.68,object_red_01,RED,-0.255785802,0.219674782,0.0600366503,-0.00222883032,-0.00247192442,8.50239331e-16,4.39951164e-09,-2.20762174e-08,-5.16438108e-06,0.395008511,0.394987779,1,0.000536390662,-0.00146845154,-0.0116158327,0.000684246951
134.72,object_red_01,RED,-0.255873838,0.219577094,0.0600366503,-0.00217573255,-0.00241539654,7.53881666e-16,4.37345702e-09,-2.1945478e-08,-5.13379644e-06,0.395008484,0.394987911,1,0.000536514142,-0.00146855854,-0.0116158327,0.000684383083
134.76,object_red_01,RED,-0.255959763,0.219481656,0.0600366503,-0.0021232211,-0.00235939171,6.03991965e-16,4.42031027e-09,-2.21805807e-08,-5.18879533e-06,0.395008391,0.394988109,1,0.000536636162,-0.00146866435,-0.0116158327,0.000684517686
134.8,object_red_01,RED,-0.256043599,0.219388447,0.0600366503,-0.00207127978,-0.00230391536,5.14771905e-16,4.35194479e-09,-2.18375357e-08,-5.10854532e-06,0.395008361,0.394988243,1,0.000536756733,-0.00146876899,-0.0116158327,0.000684650795
134.84,object_red_01,RED,-0.25612537,0.219297446,0.0600366503,-0.00201992159,-0.0022489586,9.39459392e-16,4.33756105e-09,-2.17653567e-08,-5.09166046e-06,0.395008293,0.394988414,1,0.000536875887,-0.00146887245,-0.0116158327,0.000684782392
134.88,object_red_01,RED,-0.256205098,0.219208633,0.0600366503,-0.00196914255,-0.00219452607,7.46744062e-16,4.33130526e-09,-2.17339651e-08,-5.08431634e-06,0.395008217,0.394988592,1,0.000536993647,-0.00146897473,-0.0116158327,0.000684912488
134.92,object_red_01,RED,-0.256282808,0.219121985,0.0600366503,-0.00191895641,-0.00214063437,6.64661606e-16,4.32005235e-09,-2.16775033e-08,-5.07110798e-06,0.395008174,0.394988737,1,0.000537109995,-0.0014690758,-0.0116158327,0.000685041054
134.96,object_red_01,RED,-0.256358523,0.219037482,0.0600366503,-0.00186937264,-0.00208728749,5.39753522e-16,4.34829582e-09,-2.18192182e-08,-5.10426024e-06,0.395008067,0.394988944,1,0.000537224933,-0.00146917565,-0.0116158327,0.000685168077
135,object_red_01,RED,-0.256432267,0.218955101,0.0600366503,-0.00182036618,-0.00203448139,4.71946276e-16,4.24009652e-09,-2.127629e-08,-4.97725078e-06,0.395008043,0.394989069,1,0.000537338486,-0.00146927433,-0.0116158327,0.000685293608
135.04,object_red_01,RED,-0.256504063,0.218874821,0.0600366503,-0.0017719664,-0.00198221676,8.35964122e-16,4.26878196e-09,-2.14202309e-08,-5.01092333e-06,0.395007958,0.394989253,1,0.000537450677,-0.00146937177,-0.0116158327,0.000685417593
135.08,object_red_01,RED,-0.256573936,0.21879662,0.0600366503,-0.00172416511,-0.00193051061,7.53881666e-16,4.24224785e-09,-2.12870847e-08,-4.97977583e-06,0.395007894,0.394989414,1,0.000537561484,-0.001469468,-0.0116158327,0.000685540047
135.12,object_red_01,RED,-0.25664191,0.218720476,0.0600366503,-0.00167697628,-0.00187936971,5.79010348e-16,4.23473911e-09,-2.12494102e-08,-4.97096247e-06,0.395007838,0.394989568,1,0.000537670903,-0.00146956299,-0.0116158327,0.000685660943
135.16,object_red_01,RED,-0.256708008,0.218646365,0.0600366503,-0.00163039031,-0.00182878962,5.076343e-16,4.20570211e-09,-2.11037043e-08,-4.93687707e-06,0.395007737,0.394989764,1,0.000537778952,-0.00146965675,-0.0116158327,0.000685780305
135.2,object_red_01,RED,-0.256772256,0.218574266,0.0600366503,-0.00158440388,-0.00177877127,8.68083344e-16,4.15849489e-09,-2.08668237e-08,-4.8814626e-06,0.395007697,0.394989901,1,0.000537885653,-0.0014697493,-0.0116158327,0.000685898138
135.24,object_red_01,RED,-0.256834678,0.218504155,0.0600366503,-0.00153904096,-0.00172933035,7.86000888e-16,4.19264025e-09,-2.10381617e-08,-4.92154446e-06,0.395007598,0.394990093,1,0.000537990982,-0.00146984059,-0.0116158327,0.000686014396
135.28,object_red_01,RED,-0.256895297,0.21843601,0.0600366503,-0.00149428722,-0.00168047495,6.07560768e-16,4.13594425e-09,-2.07536701e-08,-4.85499197e-06,0.395007546,0.394990238,1,0.000538094932,-0.00146993064,-0.0116158327,0.000686129104
135.32,object_red_01,RED,-0.25695414,0.218369806,0.0600366503,-0.00145015405,-0.00163220357,5.43322324e-16,4.1137958e-09,-2.06425318e-08,-4.8289933e-06,0.395007472,0.394990404,1,0.000538197511,-0.00147001944,-0.0116158327,0.000686242244
135.36,object_red_01,RED,-0.25701123,0.218305522,0.0600366503,-0.00140663169,-0.00158451321,9.57303404e-16,4.09982732e-09,-2.05724332e-08,-4.81259476e-06,0.39500738,0.394990586,1,0.000538298742,-0.001470107,-0.0116158327,0.000686353836
135.4,object_red_01,RED,-0.257066593,0.218243132,0.0600366503,-0.00136373121,-0.00153742158,8.07413703e-16,4.08227224e-09,-2.04843465e-08,-4.7919882e-06,0.395007325,0.394990731,1,0.000538398601,-0.0014701933,-0.0116158327,0.000686463854
135.44,object_red_01,RED,-0.257120252,0.218182614,0.0600366503,-0.00132146277,-0.00149093572,7.8956969e-16,4.10580734e-09,-2.06024431e-08,-4.8196148e-06,0.395007215,0.39499093,1,0.000538497075,-0.00147027833,-0.0116158327,0.000686572279
135.48,object_red_01,RED,-0.257172234,0.218123942,0.0600366503,-0.00127980714,-0.00144505705,5.89716755e-16,4.01652778e-09,-2.01544483e-08,-4.71481392e-06,0.395007169,0.394991062,1,0.00053859417,-0.00147036212,-0.0116158327,0.000686679147
135.52,object_red_01,RED,-0.257222562,0.218067092,0.0600366503,-0.0012387811,-0.0013997811,5.36184719e-16,4.0274636e-09,-2.02093273e-08,-4.72765167e-06,0.395007078,0.394991239,1,0.000538689904,-0.00147044464,-0.0116158327,0.000686784428
135.56,object_red_01,RED,-0.257271263,0.218012041,0.0600366503,-0.00119838039,-0.0013551239,8.96633763e-16,4.01112589e-09,-2.01273433e-08,-4.70847281e-06,0.395006997,0.394991405,1,0.000538784256,-0.00147052589,-0.0116158327,0.000686888127
135.6,object_red_01,RED,-0.257318361,0.217958762,0.0600366503,-0.00115861538,-0.00131109485,7.8956969e-16,4.00216324e-09,-2.00823697e-08,-4.69795196e-06,0.395006929,0.394991557,1,0.000538877209,-0.00147060586,-0.0116158327,0.00068699022
135.64,object_red_01,RED,-0.257363882,0.217907232,0.0600366503,-0.00111948325,-0.00126769481,7.50312864e-16,3.98980272e-09,-2.00203478e-08,-4.68344329e-06,0.395006819,0.394991748,1,0.000538968763,-0.00147068455,-0.0116158327,0.000687090715
135.68,object_red_01,RED,-0.25740785,0.217857425,0.0600366503,-0.00108097207,-0.00122492022,5.39753522e-16,3.93325406e-09,-1.97365916e-08,-4.61706278e-06,0.395006764,0.394991884,1,0.000539058937,-0.00147076199,-0.0116158327,0.000687189634
135.72,object_red_01,RED,-0.257450292,0.217809315,0.0600366503,-0.00104310522,-0.00118278515,4.64808671e-16,3.96278788e-09,-1.98847912e-08,-4.65173164e-06,0.395006661,0.394992067,1,0.00053914771,-0.00147083813,-0.0116158327,0.000687286928
135.76,object_red_01,RED,-0.257491232,0.217762877,0.0600366503,-0.00100587186,-0.00114129941,8.28826517e-16,3.9253112e-09,-1.96967386e-08,-4.60773965e-06,0.395006589,0.394992217,1,0.000539235063,-0.00147091299,-0.0116158327,0.000687382616
135.8,object_red_01,RED,-0.257530697,0.217718085,0.0600366503,-0.0009692824,-0.00110046615,7.43175259e-16,3.91165719e-09,-1.96282209e-08,-4.59171117e-06,0.395006507,0.394992376,1,0.000539320992,-0.00147098655,-0.0116158327,0.000687476676
135.84,object_red_01,RED,-0.257568711,0.217674912,0.0600366503,-0.000933325653,-0.0010602798,5.75441546e-16,3.8943879e-09,-1.95415675e-08,-4.57143961e-06,0.395006403,0.394992555,1,0.000539405513,-0.00147105884,-0.0116158327,0.000687569132
135.88,object_red_01,RED,-0.2576053,0.217633333,0.0600366503,-0.000898009723,-0.00102075454,5.076343e-16,3.87710373e-09,-1.94548394e-08,-4.55115119e-06,0.395006334,0.394992699,1,0.000539488609,-0.00147112984,-0.0116158327,0.000687659962
135.92,object_red_01,RED,-0.25764049,0.217593321,0.0600366503,-0.000863345855,-0.000981899611,8.46670529e-16,3.90103813e-09,-1.95749356e-08,-4.57924599e-06,0.39500622,0.394992885,1,0.000539570257,-0.00147119952,-0.0116158327,0.000687749144
135.96,object_red_01,RED,-0.257674307,0.217554849,0.0600366503,-0.000829320812,-0.000943719365,7.82432086e-16,3.84077436e-09,-1.92725392e-08,-4.50850507e-06,0.395006153,0.394993022,1,0.000539650453,-0.00147126792,-0.0116158327,0.000687836699
136,object_red_01,RED,-0.257706777,0.21751789,0.0600366503,-0.000795943792,-0.000906209119,6.28973582e-16,3.83872074e-09,-1.92622346e-08,-4.50609444e-06,0.395006055,0.39499319,1,0.000539729208,-0.00147133501,-0.0116158327,0.000687922612
136.04,object_red_01,RED,-0.257737925,0.217482418,0.0600366503,-0.000763212915,-0.000869379923,5.04065498e-16,3.83200041e-09,-1.92285194e-08,-4.49820686e-06,0.395005958,0.394993355,1,0.000539806509,-0.00147140079,-0.0116158327,0.000688006881
136.08,object_red_01,RED,-0.257767778,0.217448404,0.0600366503,-0.000731136523,-0.000833242828,9.2161538e-16,3.82582718e-09,-1.91975378e-08,-4.49095936e-06,0.395005877,0.394993504,1,0.000539882332,-0.00147146527,-0.0116158327,0.000688089488
136.12,object_red_01,RED,-0.257796362,0.217415821,0.0600366503,-0.000699717104,-0.000797801506,7.57450469e-16,3.83307218e-09,-1.92338919e-08,-4.49946404e-06,0.395005758,0.394993687,1,0.00053995667,-0.00147152842,-0.0116158327,0.000688170424
136.16,object_red_01,RED,-0.257823702,0.21738464,0.0600366503,-0.000668940285,-0.000763052945,6.36111187e-16,3.7740011e-09,-1.89374829e-08,-4.43012381e-06,0.395005686,0.394993823,1,0.000540029531,-0.00147159027,-0.0116158327,0.00068824972
136.2,object_red_01,RED,-0.257849825,0.217354836,0.0600366503,-0.000638826451,-0.000729005958,5.61166336e-16,3.79801921e-09,-1.90580009e-08,-4.458317e-06,0.395005577,0.394993995,1,0.000540100905,-0.00147165079,-0.0116158327,0.00068832733
136.24,object_red_01,RED,-0.257874757,0.217326378,0.0600366503,-0.000609368965,-0.00069567128,4.71946276e-16,3.77779235e-09,-1.89565077e-08,-4.43457402e-06,0.395005485,0.394994147,1,0.000540170769,-0.00147170999,-0.0116158327,0.000688403265
136.28,object_red_01,RED,-0.257898525,0.217299238,0.0600366503,-0.000580577135,-0.000663054136,8.43101727e-16,3.7753031e-09,-1.89440147e-08,-4.43165204e-06,0.395005392,0.394994299,1,0.000540239113,-0.00147176786,-0.0116158327,0.000688477503
136.32,object_red_01,RED,-0.257921155,0.217273389,0.0600366503,-0.000552442489,-0.000631151251,8.07413703e-16,3.75748881e-09,-1.8854622e-08,-4.41074009e-06,0.395005275,0.394994473,1,0.000540305941,-0.0014718244,-0.0116158327,0.000688550062
136.36,object_red_01,RED,-0.257942674,0.2172488,0.0600366503,-0.000524969429,-0.000599970385,5.93285558e-16,3.74044114e-09,-1.87690809e-08,-4.39072905e-06,0.39500519,0.394994614,1,0.000540371249,-0.00147187961,-0.0116158327,0.000688620928
136.4,object_red_01,RED,-0.257963107,0.217225443,0.0600366503,-0.000498169948,-0.000569521892,5.2190951e-16,3.76282192e-09,-1.88813894e-08,-4.41700154e-06,0.395005071,0.394994788,1,0.000540435011,-0.00147193347,-0.0116158327,0.000688690076
136.44,object_red_01,RED,-0.257982483,0.217203288,0.0600366503,-0.000472035951,-0.000539811104,9.57303404e-16,3.7274858e-09,-1.8704072e-08,-4.37552117e-06,0.395004982,0.39499493,1,0.000540497217,-0.00147198599,-0.0116158327,0.000688757518
136.48,object_red_01,RED,-0.258000828,0.217182307,0.0600366503,-0.000446574179,-0.000510836884,8.10982505e-16,3.71948353e-09,-1.86639185e-08,-4.3661278e-06,0.395004874,0.394995089,1,0.000540557869,-0.00147203715,-0.0116158327,0.000688823241
136.52,object_red_01,RED,-0.258018168,0.217162469,0.0600366503,-0.000421782863,-0.000482603787,7.28900049e-16,3.71693014e-09,-1.86511066e-08,-4.36313072e-06,0.395004761,0.394995252,1,0.000540616963,-0.00147208697,-0.0116158327,0.000688887245
136.56,object_red_01,RED,-0.25803453,0.217143744,0.0600366503,-0.000397669435,-0.000455123124,5.82579151e-16,3.71262532e-09,-1.86294982e-08,-4.35807605e-06,0.395004664,0.394995397,1,0.000540674477,-0.00147213543,-0.0116158327,0.000688949511
136.6,object_red_01,RED,-0.258049943,0.217126103,0.0600366503,-0.000374239151,-0.000428399687,4.89790288e-16,3.72721334e-09,-1.87027024e-08,-4.37520081e-06,0.395004535,0.394995572,1,0.000540730398,-0.00147218252,-0.0116158327,0.000689010027
136.64,object_red_01,RED,-0.258064432,0.217109515,0.0600366503,-0.000351481597,-0.000402433887,8.85927356e-16,3.67857108e-09,-1.84586239e-08,-4.31810231e-06,0.395004444,0.394995708,1,0.000540784726,-0.00147222825,-0.0116158327,0.000689068812
136.68,object_red_01,RED,-0.258078026,0.217093949,0.0600366503,-0.000329410931,-0.000377228893,7.68156876e-16,3.69343578e-09,-1.85332144e-08,-4.33555151e-06,0.395004325,0.394995871,1,0.000540837458,-0.00147227261,-0.0116158327,0.000689125836
136.72,object_red_01,RED,-0.258090751,0.217079376,0.0600366503,-0.00030802506,-0.000352795004,6.36111187e-16,3.68448065e-09,-1.84882738e-08,-4.3250385e-06,0.395004214,0.394996023,1,0.000540888575,-0.00147231559,-0.0116158327,0.0006891811
136.76,object_red_01,RED,-0.258102635,0.217065763,0.0600366503,-0.000287331453,-0.000329138041,5.57597534e-16,3.68341883e-09,-1.84829485e-08,-4.32379272e-06,0.395004105,0.394996172,1,0.000540938061,-0.00147235717,-0.0116158327,0.000689234585
136.8,object_red_01,RED,-0.258113706,0.217053081,0.0600366503,-0.000267327747,-0.000306258596,5.00496695e-16,3.67338106e-09,-1.84325833e-08,-4.31201085e-06,0.395003976,0.394996338,1,0.000540985915,-0.00147239738,-0.0116158327,0.000689286296
136.84,object_red_01,RED,-0.258123991,0.217041297,0.0600366503,-0.000248014013,-0.00028415929,8.35964122e-16,3.65564364e-09,-1.83435768e-08,-4.29118887e-06,0.395003872,0.39499648,1,0.000541032136,-0.0014724362,-0.0116158327,0.000689336229
136.88,object_red_01,RED,-0.258133518,0.217030381,0.0600366503,-0.000229402108,-0.000262849708,7.21762445e-16,3.67205824e-09,-1.84259401e-08,-4.3104563e-06,0.395003743,0.394996643,1,0.000541076704,-0.00147247361,-0.0116158327,0.000689384358
136.92,object_red_01,RED,-0.258142316,0.2170203,0.0600366503,-0.000211488356,-0.000242335446,5.82579151e-16,3.65217159e-09,-1.83261569e-08,-4.28711381e-06,0.395003631,0.394996788,1,0.000541119607,-0.00147250962,-0.0116158327,0.000689430688
136.96,object_red_01,RED,-0.258150412,0.217011024,0.0600366503,-0.000194279244,-0.000222618704,4.82652683e-16,3.64546051e-09,-1.82924806e-08,-4.27923574e-06,0.39500351,0.394996941,1,0.000541160838,-0.00147254421,-0.0116158327,0.000689475203
137,object_red_01,RED,-0.258157834,0.217002519,0.0600366503,-0.000177773125,-0.000203700604,8.78789751e-16,3.64184742e-09,-1.82743425e-08,-4.27499285e-06,0.395003381,0.394997099,1,0.000541200398,-0.00147257739,-0.0116158327,0.000689517907
137.04,object_red_01,RED,-0.258164611,0.216994754,0.0600366503,-0.000161976536,-0.000185590575,7.25331247e-16,3.63732505e-09,-1.82516581e-08,-4.26968615e-06,0.395003265,0.394997244,1,0.00054123827,-0.00147260915,-0.0116158327,0.000689558781
137.08,object_red_01,RED,-0.258170771,0.216987696,0.0600366503,-0.000146895432,-0.000168293917,6.39679989e-16,3.64663408e-09,-1.82983679e-08,-4.28061329e-06,0.395003128,0.394997407,1,0.000541274439,-0.00147263948,-0.0116158327,0.000689597812
137.12,object_red_01,RED,-0.258176343,0.216981313,0.0600366503,-0.000132525874,-0.000151813543,5.18340707e-16,3.6176795e-09,-1.81530763e-08,-4.2466244e-06,0.395003011,0.394997548,1,0.0005413089,-0.00147266837,-0.0116158327,0.000689635005
137.16,object_red_01,RED,-0.258181355,0.216975572,0.0600366503,-0.000118875794,-0.000136150744,1.49976137e-15,3.62150305e-09,-1.81722644e-08,-4.25111295e-06,0.395002879,0.394997703,1,0.00054134165,-0.00147269583,-0.0116158327,0.000689670343
137.2,object_red_01,RED,-0.258185836,0.216970441,0.0600366503,-0.000105946667,-0.000121313461,7.86000888e-16,3.61724956e-09,-1.81509212e-08,-4.2461202e-06,0.395002748,0.394997855,1,0.000541372677,-0.00147272183,-0.0116158327,0.00068970382
137.24,object_red_01,RED,-0.258189815,0.216965885,0.0600366503,-9.37443832e-05,-0.000107307504,7.36037654e-16,3.61456847e-09,-1.81374673e-08,-4.24297247e-06,0.39500262,0.394998002,1,0.000541401965,-0.00147274638,-0.0116158327,0.000689735423
137.28,object_red_01,RED,-0.258193321,0.216961872,0.0600366503,-8.22709193e-05,-9.41358771e-05,5.9685436e-16,3.61051764e-09,-1.8117142e-08,-4.23821824e-06,0.395002479,0.39499816,1,0.000541429507,-0.00147276947,-0.0116158327,0.000689765143
137.32,object_red_01,RED,-0.258196384,0.216958368,0.0600366503,-7.15258714e-05,-8.18003402e-05,4.64808671e-16,3.5942851e-09,-1.80356881e-08,-4.21916288e-06,0.395002352,0.394998304,1,0.000541455302,-0.00147279109,-0.0116158327,0.000689792982
137.36,object_red_01,RED,-0.258199032,0.216955341,0.0600366503,-6.15184456e-05,-7.03078521e-05,3.07781365e-16,3.60070148e-09,-1.8067887e-08,-4.22669542e-06,0.395002211,0.394998459,1,0.000541479336,-0.00147281124,-0.0116158327,0.000689818918
137.4,object_red_01,RED,-0.258201296,0.216952755,0.0600366503,-5.22490306e-05,-5.96638531e-05,7.50312864e-16,3.59060159e-09,-1.80172054e-08,-4.21483968e-06,0.395002076,0.394998606,1,0.000541501597,-0.0014728299,-0.0116158327,0.000689842946
137.44,object_red_01,RED,-0.258203205,0.216950577,0.0600366503,-4.37230552e-05,-4.9872126e-05,5.82579151e-16,3.58550222e-09,-1.79916162e-08,-4.20885319e-06,0.395001937,0.394998755,1,0.000541522075,-0.00147284708,-0.0116158327,0.000689865056
137.48,object_red_01,RED,-0.258204788,0.216948772,0.0600366503,-3.5941225e-05,-4.09345858e-05,5.2190951e-16,3.57924916e-09,-1.79602387e-08,-4.20151314e-06,0.395001792,0.394998908,1,0.000541540769,-0.00147286276,-0.0116158327,0.000689885243
137.52,object_red_01,RED,-0.258206075,0.216947307,0.0600366503,-2.89085815e-05,-3.2857471e-05,9.03771368e-16,3.57371086e-09,-1.79324442e-08,-4.19501089e-06,0.395001653,0.394999053,1,0.000541557665,-0.00147287694,-0.0116158327,0.000689903494
137.56,object_red_01,RED,-0.258207097,0.216946147,0.0600366503,-2.26303027e-05,-2.56459086e-05,8.10982505e-16,3.57422373e-09,-1.79350209e-08,-4.19561411e-06,0.395001505,0.394999206,1,0.000541572752,-0.00147288961,-0.0116158327,0.000689919797
137.6,object_red_01,RED,-0.258207884,0.216945258,0.0600366503,-1.71076556e-05,-1.93038621e-05,7.36037654e-16,3.56198334e-09,-1.78735979e-08,-4.18124485e-06,0.395001362,0.394999352,1,0.000541586022,-0.00147290077,-0.0116158327,0.000689934148
137.64,object_red_01,RED,-0.258208465,0.216944603,0.0600366503,-1.23453098e-05,-1.38342467e-05,5.46891127e-16,3.55745996e-09,-1.78509014e-08,-4.17593503e-06,0.395001213,0.394999501,1,0.000541597469,-0.0014729104,-0.0116158327,0.000689946534
137.68,object_red_01,RED,-0.258208873,0.216944149,0.0600366503,-8.34657898e-06,-9.24220994e-06,4.96927893e-16,3.55276854e-09,-1.78273632e-08,-4.17042907e-06,0.395001063,0.39499965,1,0.000541607082,-0.00147291849,-0.0116158327,0.000689956948
137.72,object_red_01,RED,-0.258209136,0.21694386,0.0600366503,-5.11585078e-06,-5.53271745e-06,8.68083344e-16,3.54775352e-09,-1.78021943e-08,-4.16454131e-06,0.395000913,0.394999798,1,0.000541614852,-0.00147292505,-0.0116158327,0.000689965377
137.76,object_red_01,RED,-0.258209287,0.216943701,0.0600366503,-2.65661194e-06,-2.70977265e-06,7.93138493e-16,3.5422892e-09,-1.77747786e-08,-4.15812773e-06,0.395000759,0.394999947,1,0.000541620768,-0.00147293006,-0.0116158327,0.000689971814
137.8,object_red_01,RED,-0.258209355,0.216943636,0.0600366503,-9.71983164e-07,-7.77218903e-07,6.39679989e-16,3.53495171e-09,-1.77379575e-08,-4.14951384e-06,0.395000605,0.395000094,1,0.000541624824,-0.00147293352,-0.0116158327,0.000689976248
137.84,object_red_01,RED,-0.258208173,0.216942387,0.0600366503,0.000166305659,-0.000170467273,5.18340707e-16,-2.50686937e-07,1.2579154e-06,0.000294269375,0.395138163,0.394848776,1,0.000541091052,-0.00147336941,-0.0116158327,0.000690250139
137.88,object_red_01,RED,-0.258160933,0.216896746,0.0600366503,0.002667188,-0.00251883874,9.43028194e-16,-1.88251837e-06,9.44621097e-06,0.00220979162,0.395717144,0.394057276,1,0.000530657601,-0.00148083121,-0.0116158327,0.0006946961
137.92,object_red_01,RED,-0.257938795,0.21669539,0.0600366503,0.00864778002,-0.00765641549,8.32395319e-16,-2.45768595e-06,1.23323721e-05,0.0028849629,0.396134687,0.393291885,1,0.000503081917,-0.0014978595,-0.0116158327,0.000704800912
137.96,object_red_01,RED,-0.257427574,0.216255547,0.0600366503,0.0166683712,-0.0140753902,6.64661606e-16,-9.91557072e-07,4.97555512e-06,0.00116395186,0.396218402,0.39299453,1,0.000465018125,-0.00151781417,-0.0116158327,0.000717406487
138,object_red_01,RED,-0.256592616,0.215563519,0.0600366503,0.0244646901,-0.020018586,5.2190951e-16,1.53914663e-06,-7.72328792e-06,-0.00180674043,0.395984816,0.393256423,1,0.000427589893,-0.00153389148,-0.0116158327,0.000728528172
138.04,object_red_01,RED,-0.255488279,0.21466973,0.0600366503,0.0299496363,-0.0240564666,5.25478312e-16,3.80044952e-06,-1.90702968e-05,-0.00446119266,0.395498241,0.393987653,1,0.000400810577,-0.0015417666,-0.0116158327,0.000734144054
138.08,object_red_01,RED,-0.254239858,0.213672252,0.0600366503,0.0316874873,-0.0252334618,8.46670529e-16,4.91242954e-06,-2.46500286e-05,-0.00576648288,0.39487339,0.394994499,1,0.000391383758,-0.001539667,-0.0116158327,0.000731497813
138.12,object_red_01,RED,-0.253011538,0.212695,0.0600366503,0.0291559168,-0.0232070368,7.57450469e-16,4.59119815e-06,-2.30380239e-05,-0.00538938088,0.394285826,0.396004329,1,0.000401701121,-0.00152814251,-0.0116158327,0.000720609584
138.16,object_red_01,RED,-0.251967056,0.211860713,0.0600366503,0.0228621248,-0.0183612317,5.89716755e-16,3.03894138e-06,-1.52489418e-05,-0.00356724904,0.393829559,0.396822061,1,0.000429534182,-0.00150980026,-0.0116158327,0.000704776762
138.2,object_red_01,RED,-0.251225512,0.211258044,0.0600366503,0.0144867138,-0.0119915933,5.00496695e-16,5.96604415e-07,-2.99363948e-06,-0.00070031493,0.393761526,0.397091322,1,0.000467730085,-0.00148943519,-0.0116158327,0.000689835351
138.24,object_red_01,RED,-0.250814738,0.210904682,0.0600366503,0.00685406348,-0.00631115196,8.75220948e-16,-2.33300583e-06,1.17066663e-05,0.00273858962,0.394200816,0.396594192,1,0.000504198813,-0.00147405612,-0.0116158327,0.000681808799
138.28,object_red_01,RED,-0.250639344,0.210723174,0.0600366429,0.0026907031,-0.00329934596,-1.20854899e-06,-4.27308629e-06,2.14417645e-05,0.00501596143,0.394714588,0.395764991,1,0.000525987114,-0.00146967857,-0.0116158364,0.000682723845
138.32,object_red_01,RED,-0.250573099,0.21062645,0.0600362781,0.000977286018,-0.00175699723,-1.97986311e-05,-3.6339043e-06,1.82345568e-05,0.00426568487,0.394911529,0.395311989,1,0.000536266942,-0.00147038449,-0.0116159255,0.00068607506
138.36,object_red_01,RED,-0.250549039,0.210576804,0.060034752,0.000367149996,-0.000849331933,-5.82113613e-05,-2.12403174e-06,1.06581925e-05,0.00249331462,0.394985856,0.395116972,1,0.000541330979,-0.00147153332,-0.011616144,0.000688544757
138.4,object_red_01,RED,-0.250539127,0.210554683,0.0600312957,0.000174539435,-0.000336608925,-0.000115480976,-8.90138843e-07,4.46662874e-06,0.0010448968,0.395004849,0.39504612,1,0.000543847316,-0.00147230377,-0.0116164868,0.000689971849
138.44,object_red_01,RED,-0.250533761,0.210547067,0.0600251725,0.000106143435,-9.13133024e-05,-0.000190804191,-2.16688117e-07,1.08731783e-06,0.000254360739,0.395004023,0.395022666,1,0.000545007818,-0.00147271074,-0.0116169488,0.00069067813
138.48,object_red_01,RED,-0.250530394,0.210545618,0.060015677,6.62512066e-05,-3.67350167e-06,-0.000283397858,2.6684698e-08,-1.33900496e-07,-3.13238988e-05,0.395000639,0.395014207,1,0.000545464639,-0.00147288507,-0.0116175248,0.000690965404
138.52,object_red_01,RED,-0.250528412,0.210545923,0.0600021348,3.58156148e-05,1.13583159e-05,-0.000392490026,5.50936396e-08,-2.76453209e-07,-6.46718451e-05,0.394999651,0.395009811,1,0.000545600832,-0.00147294012,-0.0116182098,0.000691048359
138.56,object_red_01,RED,-0.25052745,0.210546256,0.0599839022,1.50013966e-05,4.54991274e-06,-0.000517319654,2.0992046e-08,-1.05335527e-07,-2.46415766e-05,0.395000579,0.395006793,1,0.00054562226,-0.0014729478,-0.0116189988,0.000691053544
138.6,object_red_01,RED,-0.250527114,0.210546279,0.0599603639,3.81027855e-06,-2.33823336e-06,-0.00065702266,-7.36369668e-09,3.69501416e-08,8.64389956e-06,0.395001951,0.395004796,1,0.000545619327,-0.0014729438,-0.0116198869,0.000691040789
138.64,object_red_01,RED,-0.250527068,0.210546127,0.0599309376,-4.37851097e-07,-4.45356133e-06,-0.000810907738,-1.6114611e-08,8.08611642e-08,1.89161875e-05,0.395002923,0.395003712,1,0.000545619513,-0.00147294081,-0.0116208689,0.00069103034
138.68,object_red_01,RED,-0.250527107,0.210545964,0.0598950688,-1.09329269e-06,-3.43026201e-06,-0.00097828315,-1.26247781e-08,6.33496075e-08,1.48196361e-05,0.395003354,0.395003278,1,0.000545624553,-0.00147294057,-0.0116219404,0.000691024779
138.72,object_red_01,RED,-0.250527141,0.210545865,0.0598522322,-5.78512323e-07,-1.65392034e-06,-0.00115843505,-6.13815143e-09,3.08004999e-08,7.20528848e-06,0.395003431,0.395003189,1,0.000545630369,-0.00147294154,-0.0116230965,0.000691021937
138.76,object_red_01,RED,-0.250527152,0.210545828,0.0598019304,-6.16617388e-08,-3.86141944e-07,-0.00135065922,-1.4607614e-09,7.32992239e-09,1.71471928e-06,0.39500337,0.395003222,1,0.000545634342,-0.00147294235,-0.0116243328,0.000691020181
138.8,object_red_01,RED,-0.250527149,0.210545826,0.0597436945,1.57083573e-07,1.59506015e-07,-0.00155426237,5.66642803e-10,-2.84334795e-09,-6.65156237e-07,0.395003299,0.395003264,1,0.00054563613,-0.00147294247,-0.0116256446,0.000691019363
138.84,object_red_01,RED,-0.250527142,0.210545835,0.0596770829,1.55942919e-07,2.37169932e-07,-0.00176856209,8.65063974e-10,-4.34078376e-09,-1.01545762e-06,0.395003261,0.395003284,1,0.000545636505,-0.00147294202,-0.0116270274,0.000691020212
138.88,object_red_01,RED,-0.250527138,0.210545842,0.059601679,7.74436756e-08,1.40217557e-07,-0.00199292305,5.13884274e-10,-2.57860546e-09,-6.03224061e-07,0.395003253,0.395003285,1,0.000545636314,-0.00147294125,-0.0116284774,0.000691023633
138.92,object_red_01,RED,-0.250527136,0.210545846,0.0595170957,8.53560122e-09,3.94122432e-08,-0.00222650913,1.44560786e-10,-7.25387291e-10,-1.69693065e-07,0.395003258,0.395003279,1,0.000545636063,-0.00147294038,-0.0116299893,0.000691030357
138.96,object_red_01,RED,-0.250527137,0.210545846,0.0594229728,-2.6093505e-08,-1.22855014e-08,-0.00246882236,-4.55199472e-11,2.28418688e-10,5.3434799e-08,0.395003265,0.395003273,1,0.000545635924,-0.00147293949,-0.0116315592,0.000691040896
139,object_red_01,RED,-0.250527138,0.210545845,0.0593189748,-3.434378e-08,-2.2999971e-08,-0.00271920594,-8.50275138e-11,4.26657769e-10,9.9809702e-08,0.395003269,0.39500327,1,0.000545635892,-0.00147293862,-0.0116331829,0.000691055617
139.04,object_red_01,RED,-0.250527139,0.210545844,0.0592047914,-3.09965853e-08,-1.54570641e-08,-0.00297703191,-5.7235662e-11,2.87203189e-10,6.71866683e-08,0.395003271,0.395003269,1,0.000545635911,-0.00147293774,-0.0116348564,0.000691074816
139.08,object_red_01,RED,-0.25052714,0.210545844,0.0590801374,-2.60700007e-08,-5.7346349e-09,-0.00324168376,-2.13327234e-11,1.07048188e-10,2.50419456e-08,0.395003271,0.395003269,1,0.000545635937,-0.00147293685,-0.0116365755,0.000691098765
139.12,object_red_01,RED,-0.250527141,0.210545844,0.0589447418,-2.34621627e-08,2.74904812e-11,-0.00351283804,-4.09097329e-15,1.92985408e-14,4.68272008e-12,0.39500327,0.39500327,1,0.000545635953,-0.00147293592,-0.011638343,0.000691127844
139.16,object_red_01,RED,-0.250527142,0.210545844,0.0587983978,-2.28908682e-08,1.79040334e-09,-0.00378924225,6.56891552e-12,-3.29598851e-11,-7.71021227e-09,0.39500327,0.39500327,1,0.000545635959,-0.00147293497,-0.0116401353,0.000691161928
139.2,object_red_01,RED,-0.250527143,0.210545844,0.0586408581,-2.3615913e-08,1.4672222e-09,-0.00407093163,5.41426858e-12,-2.7170137e-11,-6.35624771e-09,0.395003269,0.39500327,1,0.000545635958,-0.001472934,-0.0116419685,0.000691201593
139.24,object_red_01,RED,-0.250527144,0.210545844,0.0584719477,-2.45413989e-08,6.52164479e-10,-0.0043571527,2.4226986e-12,-1.21573685e-11,-2.84422538e-09,0.395003269,0.39500327,1,0.000545635956,-0.00147293301,-0.0116438317,0.000691246883
139.28,object_red_01,RED,-0.250527145,0.210545844,0.0582914992,-2.52605502e-08,7.92188741e-11,-0.00464728441,3.10513258e-13,-1.56076115e-12,-3.65147508e-10,0.39500327,0.39500327,1,0.000545635955,-0.00147293201,-0.0116457213,0.00069129794
139.32,object_red_01,RED,-0.250527146,0.210545844,0.0580993677,-2.57169525e-08,-1.40688591e-10,-0.00494077376,-5.02623597e-13,2.52311456e-12,5.90095599e-10,0.39500327,0.39500327,1,0.000545635954,-0.00147293099,-0.0116476338,0.000691354867
139.36,object_red_01,RED,-0.250527147,0.210545844,0.0578954214,-2.60894208e-08,-1.4275906e-10,-0.00523754675,-5.14720993e-13,2.58435358e-12,6.0453829e-10,0.39500327,0.39500327,1,0.000545635954,-0.00147292996,-0.0116495723,0.000691417969
139.4,object_red_01,RED,-0.250527148,0.210545844,0.0576795865,-2.6169801e-08,-7.87232579e-11,-0.00553574925,-2.76628191e-13,1.39079372e-12,3.25419685e-10,0.39500327,0.39500327,1,0.000545635954,-0.00147292892,-0.0116515132,0.000691486574
139.44,object_red_01,RED,-0.250527149,0.210545844,0.0574517548,-2.63327234e-08,-2.21985498e-11,-0.00583602841,-6.85934064e-14,3.4570725e-13,8.08628905e-11,0.39500327,0.39500327,1,0.000545635954,-0.00147292787,-0.0116534729,0.000691561366
139.48,object_red_01,RED,-0.25052715,0.210545844,0.0572118725,-2.64675691e-08,3.87286065e-12,-0.0061383123,2.78224828e-14,-1.38028932e-13,-3.25446725e-11,0.39500327,0.39500327,1,0.000545635954,-0.00147292681,-0.0116554433,0.000691642159
139.52,object_red_01,RED,-0.250527151,0.210545844,0.0569599197,-2.64654643e-08,5.92988579e-12,-0.00644506343,3.54131954e-14,-1.76325106e-13,-4.15997589e-11,0.39500327,0.39500327,1,0.000545635954,-0.00147292575,-0.011657425,0.000691729069
139.56,object_red_01,RED,-0.250527152,0.210545844,0.0566958275,-2.66002894e-08,2.75238071e-12,-0.00674466584,2.50400706e-14,-1.27616531e-13,-2.96738501e-11,0.39500327,0.39500327,1,0.000545635954,-0.00147292469,-0.0116593965,0.000691821141
139.6,object_red_01,RED,-0.250527153,0.210545844,0.0564196426,-2.66066279e-08,-2.73941601e-12,-0.00704773556,3.82222332e-15,-1.87695113e-14,-4.51862458e-12,0.39500327,0.39500327,1,0.000545635954,-0.00147292362,-0.0116613745,0.000691919154
139.64,object_red_01,RED,-0.250527155,0.210545844,0.05613137,-2.65805317e-08,-5.04946479e-12,-0.00735016125,-4.56887134e-15,2.36134058e-14,5.38775122e-12,0.39500327,0.39500327,1,0.000545635954,-0.00147292256,-0.0116633484,0.000692022585
139.68,object_red_01,RED,-0.250527156,0.210545844,0.0558310416,-2.65396311e-08,-5.38591319e-12,-0.00765179477,-6.28214639e-15,3.48203346e-14,8.07288644e-12,0.39500327,0.39500327,1,0.000545635954,-0.0014729215,-0.0116653188,0.00069213143
139.72,object_red_01,RED,-0.250527157,0.210545844,0.0555187226,-2.63852523e-08,-5.77765171e-12,-0.00795117974,-7.26879871e-15,3.63189894e-14,8.51161468e-12,0.39500327,0.39500327,1,0.000545635954,-0.00147292044,-0.0116672733,0.000692244919
139.76,object_red_01,RED,-0.250527158,0.210545844,0.0551944738,-2.62388518e-08,-5.02860692e-12,-0.00824878598,-4.66564703e-15,2.27077803e-14,5.52714145e-12,0.39500327,0.39500327,1,0.000545635954,-0.00147291939,-0.0116692186,0.000692363329
139.8,object_red_01,RED,-0.250527159,0.210545844,0.0548583797,-2.61034988e-08,-4.60961971e-12,-0.00854545932,-6.54055238e-15,3.02979702e-14,7.19801967e-12,0.39500327,0.39500327,1,0.000545635954,-0.00147291834,-0.011671158,0.000692486812
139.84,object_red_01,RED,-0.25052716,0.210545844,0.0545105694,-2.58017623e-08,-5.35687608e-12,-0.00883563618,-6.25606808e-15,2.81666371e-14,6.56747213e-12,0.39500327,0.39500327,1,0.000545635954,-0.0014729173,-0.011673059,0.000692613075
139.88,object_red_01,RED,-0.250527161,0.210545844,0.0541511435,-2.55497012e-08,-4.69271749e-12,-0.00912422811,-3.76186851e-15,1.94949226e-14,4.45710051e-12,0.39500327,0.39500327,1,0.000545635954,-0.00147291628,-0.0116749494,0.000692743799
139.92,object_red_01,RED,-0.250527162,0.210545844,0.0537802439,-2.53093242e-08,-3.35632634e-12,-0.00940915804,2.50453228e-16,-6.42481262e-16,-4.57959155e-13,0.39500327,0.39500327,1,0.000545635954,-0.00147291526,-0.0116768188,0.000692878116
139.96,object_red_01,RED,-0.250527163,0.210545844,0.0533980356,-2.49188878e-08,-4.64999401e-12,-0.00969037176,-3.1020173e-15,2.00229047e-14,4.51846559e-12,0.39500327,0.39500327,1,0.000545635954,-0.00147291426,-0.0116786588,0.000693015217
140,object_red_01,RED,-0.250527164,0.210545844,0.0530047017,-2.45265084e-08,-4.44631666e-12,-0.00996253438,-2.60583356e-15,1.1832062e-14,2.87240495e-12,0.39500327,0.39500327,1,0.000545635954,-0.00147291327,-0.0116804584,0.000693153991
140.04,object_red_01,RED,-0.250527165,0.210545844,0.0526003471,-2.42139919e-08,-2.60839145e-12,-0.0102384683,4.45646011e-15,-2.09165036e-14,-5.10173907e-12,0.39500327,0.39500327,1,0.000545635954,-0.00147291229,-0.0116822554,0.000693297221
140.08,object_red_01,RED,-0.250527166,0.210545844,0.0521852485,-2.37345876e-08,-4.54183298e-12,-0.010505568,-3.85336717e-15,2.09739764e-14,4.88400132e-12,0.39500327,0.39500327,1,0.000545635954,-0.00147291133,-0.0116840071,0.000693441282
140.12,object_red_01,RED,-0.250527167,0.210545844,0.051759588,-2.33119176e-08,-3.55614225e-12,-0.0107666942,-9.47110655e-16,4.83968277e-15,1.43297833e-12,0.39500327,0.39500327,1,0.000545635954,-0.00147291039,-0.0116857242,0.000693586757
140.16,object_red_01,RED,-0.250527168,0.210545844,0.0513235977,-2.27884229e-08,-4.14773325e-12,-0.0110221409,-3.64946424e-15,1.527192e-14,3.64140253e-12,0.39500327,0.39500327,1,0.000545635954,-0.00147290947,-0.0116874013,0.000693732922
140.2,object_red_01,RED,-0.250527169,0.210545844,0.0508775093,-2.22622375e-08,-4.04177908e-12,-0.0112719414,-3.01073094e-15,1.29195754e-14,3.43553451e-12,0.39500327,0.39500327,1,0.000545635954,-0.00147290857,-0.0116890412,0.000693879725
140.24,object_red_01,RED,-0.250527169,0.210545844,0.0504215639,-2.17375621e-08,-3.62268614e-12,-0.0115144756,-1.92732869e-15,7.3986216e-15,1.84419259e-12,0.39500327,0.39500327,1,0.000545635954,-0.00147290769,-0.0116906393,0.000694026493
140.28,object_red_01,RED,-0.25052717,0.210545844,0.0499560587,-2.10775996e-08,-4.61359847e-12,-0.011752467,-4.15932896e-15,2.22943317e-14,5.21358136e-12,0.39500327,0.39500327,1,0.000545635954,-0.00147290683,-0.0116921921,0.000694172589
140.32,object_red_01,RED,-0.250527171,0.210545844,0.0494811828,-2.05886298e-08,-2.90669381e-12,-0.0119801521,1.34531152e-15,-6.59254296e-15,-1.60633114e-12,0.39500327,0.39500327,1,0.000545635954,-0.001472906,-0.0116937052,0.000694318258
140.36,object_red_01,RED,-0.250527172,0.210545844,0.0489972961,-1.99551387e-08,-3.71026187e-12,-0.0122023323,-2.83695367e-15,1.53345522e-14,3.73424906e-12,0.39500327,0.39500327,1,0.000545635954,-0.00147290519,-0.0116951701,0.000694462396
140.4,object_red_01,RED,-0.250527173,0.210545844,0.0485046654,-1.93223933e-08,-3.17495311e-12,-0.0124172723,-1.16892233e-15,7.54202409e-15,1.63720768e-12,0.39500327,0.39500327,1,0.000545635954,-0.0014729044,-0.0116965867,0.000694604696
140.44,object_red_01,RED,-0.250527173,0.210545844,0.0480035992,-1.86538274e-08,-3.17636591e-12,-0.0126239804,-2.67048691e-15,9.4305552e-15,2.11568906e-12,0.39500327,0.39500327,1,0.000545635954,-0.00147290364,-0.011697952,0.000694744538
140.48,object_red_01,RED,-0.250527174,0.210545844,0.0474944055,-1.79750649e-08,-2.88724027e-12,-0.0128234179,-1.09692902e-15,6.19218128e-15,1.27201117e-12,0.39500327,0.39500327,1,0.000545635954,-0.00147290291,-0.0116992675,0.000694881798
140.52,object_red_01,RED,-0.250527175,0.210545844,0.0469774315,-1.72098219e-08,-3.42173044e-12,-0.0130146373,-1.8419931e-15,1.3303404e-14,2.95652636e-12,0.39500327,0.39500327,1,0.000545635954,-0.00147290221,-0.0117005247,0.000695015272
140.56,object_red_01,RED,-0.250527176,0.210545844,0.0464529462,-1.65547498e-08,-2.22651442e-12,-0.0131968821,1.02552884e-15,-6.11960391e-15,-1.48849949e-12,0.39500327,0.39500327,1,0.000545635954,-0.00147290153,-0.011701736,0.000695145998
140.6,object_red_01,RED,-0.250527176,0.210545844,0.0459213705,-1.57267013e-08,-3.57742658e-12,-0.0133718604,-3.65130629e-15,1.8380975e-14,4.58494171e-12,0.39500327,0.39500327,1,0.000545635954,-0.00147290089,-0.0117028847,0.000695271885
140.64,object_red_01,RED,-0.250527177,0.210545844,0.0453829691,-1.5048163e-08,-1.99308932e-12,-0.0135362579,7.47693591e-16,-7.86884617e-15,-1.59982731e-12,0.39500327,0.39500327,1,0.000545635954,-0.00147290027,-0.0117039823,0.000695393937
140.68,object_red_01,RED,-0.250527177,0.210545844,0.0448381616,-1.42271417e-08,-3.39453572e-12,-0.0136946993,-5.60981318e-15,2.90653214e-14,6.80482326e-12,0.39500327,0.39500327,1,0.000545635954,-0.00147289969,-0.0117050243,0.000695511384
140.72,object_red_01,RED,-0.250527178,0.210545844,0.0442872802,-1.34586547e-08,-2.4339185e-12,-0.0138401994,-1.01379136e-15,6.45373017e-15,1.71528784e-12,0.39500327,0.39500327,1,0.000545635954,-0.00147289913,-0.0117059968,0.00069562238
140.76,object_red_01,RED,-0.250527178,0.210545844,0.0437307029,-1.26698493e-08,-2.12116382e-12,-0.013978397,-1.14467871e-15,1.03660609e-14,2.18608765e-12,0.39500327,0.39500327,1,0.000545635954,-0.00147289861,-0.0117069156,0.000695728472
140.8,object_red_01,RED,-0.250527179,0.210545844,0.0431688078,-1.18294592e-08,-2.12854321e-12,-0.0141067673,-1.98831881e-15,8.9171377e-15,1.90859662e-12,0.39500327,0.39500327,1,0.000545635954,-0.00147289812,-0.0117077691,0.0006958281
140.84,object_red_01,RED,-0.250527179,0.210545844,0.0426019686,-1.10040214e-08,-1.71853956e-12,-0.0142257408,-7.42052911e-16,3.91613996e-15,7.47802089e-13,0.39500327,0.39500327,1,0.000545635954,-0.00147289767,-0.0117085621,0.000695921597
140.88,object_red_01,RED,-0.25052718,0.210545844,0.0420305778,-1.01457118e-08,-1.77093538e-12,-0.014334825,-1.33825709e-15,6.35014834e-15,1.31939672e-12,0.39500327,0.39500327,1,0.000545635954,-0.00147289724,-0.0117092905,0.000696008249
140.92,object_red_01,RED,-0.25052718,0.210545844,0.0414550157,-9.2980589e-09,-1.4506425e-12,-0.0144345372,2.88350842e-16,3.18367938e-15,4.71798032e-13,0.39500327,0.39500327,1,0.000545635954,-0.00147289686,-0.0117099574,0.000696088244
140.96,object_red_01,RED,-0.250527181,0.210545844,0.0408756899,-8.41059105e-09,-1.77804578e-12,-0.0145250283,-2.23925106e-15,1.05928109e-14,2.63196318e-12,0.39500327,0.39500327,1,0.000545635954,-0.0014728965,-0.0117105601,0.000696161076
141,object_red_01,RED,-0.250527181,0.210545844,0.040292988,-7.54892889e-09,-1.31644706e-12,-0.0146039896,-7.22889955e-16,4.41861562e-15,8.04599561e-13,0.39500327,0.39500327,1,0.000545635954,-0.00147289618,-0.0117110946,0.000696226096
141.04,object_red_01,RED,-0.250527181,0.210545844,0.0397073204,-6.67974622e-09,-1.11899236e-12,-0.0146738242,-1.2405794e-15,7.11554737e-15,1.57812974e-12,0.39500327,0.39500327,1,0.000545635954,-0.0014728959,-0.0117115667,0.000696283858
141.08,object_red_01,RED,-0.250527181,0.210545844,0.0391190966,-5.76752443e-09,-1.18178499e-12,-0.0147328393,-1.46604695e-15,4.81735238e-15,1.47641639e-12,0.39500327,0.39500327,1,0.000545635954,-0.00147289565,-0.0117119679,0.000696333184
141.12,object_red_01,RED,-0.250527182,0.210545844,0.0385287179,-4.89434098e-09,-3.97120434e-13,-0.0147816926,1.2636183e-15,-4.31263348e-15,-1.17290983e-12,0.39500327,0.39500327,1,0.000545635954,-0.00147289544,-0.0117123046,0.000696374757
141.16,object_red_01,RED,-0.250527182,0.210545844,0.0379366036,-3.96364157e-09,-8.53014867e-13,-0.0148203627,-9.67055347e-16,4.44799023e-15,1.15066548e-12,0.39500327,0.39500327,1,0.000545635954,-0.00147289526,-0.0117125726,0.000696407953
141.2,object_red_01,RED,-0.250527182,0.210545844,0.037343156,-3.06587722e-09,-4.49208443e-13,-0.014848776,2.4219895e-17,-7.72600379e-16,-3.83865121e-14,0.39500327,0.39500327,1,0.000545635954,-0.00147289512,-0.011712775,0.000696433075
141.24,object_red_01,RED,-0.250527182,0.210545844,0.0367487971,-2.15509435e-09,-4.03873946e-13,-0.0148667616,-6.74351162e-16,1.41872386e-15,5.7051326e-13,0.39500327,0.39500327,1,0.000545635954,-0.00147289502,-0.0117129092,0.000696449771
141.28,object_red_01,RED,-0.250527182,0.210545844,0.0361539407,-1.24048529e-09,-2.61498805e-13,-0.0148741413,-4.57232352e-16,1.00247229e-15,3.50965772e-13,0.39500327,0.39500327,1,0.000545635954,-0.00147289495,-0.0117129747,0.000696457909
141.32,object_red_01,RED,-0.250527182,0.210545844,0.0355590022,-3.26942152e-10,-9.75324083e-14,-0.0148711847,5.47905506e-16,-7.51541376e-16,2.45636688e-13,0.39500327,0.39500327,1,0.000545635954,-0.00147289492,-0.0117129727,0.000696457626
141.36,object_red_01,RED,-0.250527182,0.210545844,0.0349643961,5.8450644e-10,8.41624601e-14,-0.0148580089,-1.31903894e-16,1.48933288e-15,9.32504623e-14,0.39500327,0.39500327,1,0.000545635954,-0.00147289493,-0.0117129035,0.000696448965
141.4,object_red_01,RED,-0.250527182,0.210545844,0.0343705426,1.50243888e-09,1.52991722e-13,-0.0148341094,-7.74777816e-16,1.45175066e-15,3.58203088e-13,0.39500327,0.39500327,1,0.000545635954,-0.00147289497,-0.0117127651,0.000696431699
141.44,object_red_01,RED,-0.250527182,0.210545844,0.0337778519,2.41240053e-09,4.40874521e-13,-0.0147998258,2.16177123e-16,-1.41395746e-15,-5.89211051e-13,0.39500327,0.39500327,1,0.000545635954,-0.00147289505,-0.011712559,0.000696406049
141.48,object_red_01,RED,-0.250527182,0.210545844,0.0331867387,3.3199829e-09,5.65300817e-13,-0.014755542,-2.10344998e-16,-1.32064988e-15,-3.20721867e-13,0.39500327,0.39500327,1,0.000545635954,-0.00147289517,-0.0117122867,0.000696372272
141.52,object_red_01,RED,-0.250527182,0.210545844,0.032597617,4.24893968e-09,2.7393219e-13,-0.0147009126,-1.31469702e-15,3.55115652e-15,1.14257632e-12,0.39500327,0.39500327,1,0.000545635954,-0.00147289532,-0.0117119459,0.00069633014
141.56,object_red_01,RED,-0.250527182,0.210545844,0.032010885,5.12016309e-09,9.90268901e-13,-0.0146374939,7.38958277e-16,-3.4646969e-15,-8.82840386e-13,0.39500327,0.39500327,1,0.000545635954,-0.00147289551,-0.011711544,0.000696280679
141.6,object_red_01,RED,-0.250527181,0.210545844,0.0314269763,6.04105677e-09,4.97978929e-13,-0.0145611023,-1.62107974e-15,6.39343956e-15,1.93068948e-12,0.39500327,0.39500327,1,0.000545635954,-0.00147289573,-0.0117110667,0.00069622224
141.64,object_red_01,RED,-0.250527181,0.210545844,0.0308462657,6.88903615e-09,1.60121352e-12,-0.0144752278,1.95266371e-15,-1.19473712e-14,-2.47401978e-12,0.39500327,0.39500327,1,0.000545635954,-0.00147289599,-0.011710527,0.000696156559
141.68,object_red_01,RED,-0.250527181,0.210545844,0.0302691777,7.79690536e-09,1.19075574e-12,-0.0143808897,4.86738675e-16,-5.21649715e-16,1.79225265e-14,0.39500327,0.39500327,1,0.000545635954,-0.00147289629,-0.0117099232,0.000696083568
141.72,object_red_01,RED,-0.25052718,0.210545844,0.0296960945,8.67229719e-09,1.49107448e-12,-0.0142758059,1.02325727e-15,-5.27958041e-15,-1.36233197e-12,0.39500327,0.39500327,1,0.000545635954,-0.00147289662,-0.0117092532,0.00069600317
141.76,object_red_01,RED,-0.25052718,0.210545844,0.029127412,9.53372561e-09,1.59853692e-12,-0.0141613613,7.29820437e-16,-3.15046614e-15,-9.13524174e-13,0.39500327,0.39500327,1,0.000545635954,-0.00147289698,-0.0117085212,0.000695916072
141.8,object_red_01,RED,-0.25052718,0.210545844,0.0285635205,1.03973634e-08,1.55607442e-12,-0.0140371455,5.62094562e-16,-6.21560169e-17,-3.50583819e-13,0.39500327,0.39500327,1,0.000545635954,-0.00147289738,-0.0117077249,0.000695822187
141.84,object_red_01,RED,-0.250527179,0.210545844,0.0280047973,1.12325652e-08,1.86400363e-12,-0.013904563,1.79613491e-16,-3.64437093e-15,-1.01370554e-12,0.39500327,0.39500327,1,0.000545635954,-0.00147289781,-0.0117068695,0.000695722339
141.88,object_red_01,RED,-0.250527179,0.210545844,0.0274516352,1.20832766e-08,1.54160203e-12,-0.0137604459,-1.33448463e-15,4.60305617e-15,1.07554091e-12,0.39500327,0.39500327,1,0.000545635954,-0.00147289828,-0.0117059468,0.000695615799
141.92,object_red_01,RED,-0.250527178,0.210545844,0.0269043705,1.28173925e-08,3.00899054e-12,-0.0136068482,3.86706452e-15,-1.64657987e-14,-4.01160068e-12,0.39500327,0.39500327,1,0.000545635954,-0.00147289878,-0.0117049684,0.00069550415
141.96,object_red_01,RED,-0.250527178,0.210545844,0.0263634301,1.36978846e-08,1.86107899e-12,-0.0134469156,-1.02918554e-15,5.29247588e-15,1.35310112e-12,0.39500327,0.39500327,1,0.000545635954,-0.00147289931,-0.0117039277,0.00069538688
142,object_red_01,RED,-0.250527177,0.210545844,0.0258291129,1.44507515e-08,3.43242627e-12,-0.0132746894,6.57490988e-15,-3.17274789e-14,-7.21147888e-12,0.39500327,0.39500327,1,0.000545635954,-0.00147289988,-0.0117028239,0.000695264183
142.04,object_red_01,RED,-0.250527177,0.210545844,0.0253017963,1.52448214e-08,2.71568806e-12,-0.0130979104,2.09346941e-15,-6.57046292e-15,-1.76793759e-12,0.39500327,0.39500327,1,0.000545635954,-0.00147290047,-0.0117016752,0.000695138346
142.08,object_red_01,RED,-0.250527176,0.210545844,0.0247818142,1.59955586e-08,3.35951385e-12,-0.0129091435,5.10743733e-15,-2.49806997e-14,-6.04679522e-12,0.39500327,0.39500327,1,0.000545635954,-0.0014729011,-0.0117004598,0.000695007226
142.12,object_red_01,RED,-0.250527175,0.210545844,0.0242695062,1.6741574e-08,2.96083981e-12,-0.0127152003,1.77298354e-15,-8.79812253e-15,-2.07910052e-12,0.39500327,0.39500327,1,0.000545635954,-0.00147290176,-0.0116992004,0.000694873599
142.16,object_red_01,RED,-0.250527175,0.210545844,0.0237652003,1.74760773e-08,2.90098742e-12,-0.0125114987,1.65515253e-15,-8.89119448e-15,-2.09117549e-12,0.39500327,0.39500327,1,0.000545635954,-0.00147290244,-0.0116978816,0.000694736083
142.2,object_red_01,RED,-0.250527174,0.210545844,0.0232692082,1.81693282e-08,3.081137e-12,-0.0123001058,1.26104728e-15,-1.01085177e-14,-2.17278471e-12,0.39500327,0.39500327,1,0.000545635954,-0.00147290315,-0.011696513,0.00069459599
142.24,object_red_01,RED,-0.250527173,0.210545844,0.0227818403,1.88532318e-08,3.12033896e-12,-0.0120810378,1.61241846e-15,-8.52756588e-15,-2.1341368e-12,0.39500327,0.39500327,1,0.000545635954,-0.0014729039,-0.0116950936,0.000694453516
142.28,object_red_01,RED,-0.250527172,0.210545844,0.0223033919,1.95064416e-08,3.29178378e-12,-0.0118547614,1.45424522e-15,-1.07560109e-14,-2.3021979e-12,0.39500327,0.39500327,1,0.000545635954,-0.00147290466,-0.0116936268,0.000694309309
142.32,object_red_01,RED,-0.250527172,0.210545844,0.0218341453,2.01018565e-08,4.51403972e-12,-0.0116186351,7.74863758e-15,-3.59534219e-14,-8.56629817e-12,0.39500327,0.395003269,1,0.000545635954,-0.00147290546,-0.0116921061,0.000694163038
142.36,object_red_01,RED,-0.250527171,0.210545844,0.0213743944,2.0745249e-08,3.7349532e-12,-0.0113811834,2.33420474e-15,-1.15281645e-14,-2.66724854e-12,0.39500327,0.39500327,1,0.000545635954,-0.00147290628,-0.0116905549,0.000694017249
142.4,object_red_01,RED,-0.25052717,0.210545844,0.0209243857,2.13247709e-08,4.05542987e-12,-0.0111341797,3.68699041e-15,-1.93848661e-14,-4.69922575e-12,0.39500327,0.39500327,1,0.000545635954,-0.00147290712,-0.0116889527,0.000693870268
142.44,object_red_01,RED,-0.250527169,0.210545844,0.0204843848,2.1905712e-08,3.57279529e-12,-0.0108812574,1.62385365e-15,-8.73390484e-15,-2.00809013e-12,0.39500327,0.39500327,1,0.000545635954,-0.00147290798,-0.01168731,0.000693723388
142.48,object_red_01,RED,-0.250527168,0.210545844,0.0200546267,2.24368864e-08,3.823534e-12,-0.0106219809,2.93398625e-15,-1.2743539e-14,-2.79521393e-12,0.39500327,0.39500327,1,0.000545635954,-0.00147290887,-0.011685628,0.000693576987
142.52,object_red_01,RED,-0.250527167,0.210545844,0.0196353422,2.29716329e-08,3.22934401e-12,-0.0103573175,-4.07423393e-16,1.44727868e-15,1.00382757e-13,0.39500327,0.39500327,1,0.000545635954,-0.00147290978,-0.0116839088,0.000693431537
142.56,object_red_01,RED,-0.250527166,0.210545844,0.0192267424,2.34154893e-08,4.23370806e-12,-0.0100869704,3.89439949e-15,-1.71163795e-14,-3.97716529e-12,0.39500327,0.39500327,1,0.000545635954,-0.00147291071,-0.0116821554,0.000693287554
142.6,object_red_01,RED,-0.250527165,0.210545844,0.0188290397,2.39142268e-08,3.94221318e-12,-0.00981065516,3.78334639e-15,-2.21878047e-14,-5.09960696e-12,0.39500327,0.39500327,1,0.000545635954,-0.00147291165,-0.0116803615,0.000693144808
142.64,object_red_01,RED,-0.250527164,0.210545844,0.0184424033,2.42708509e-08,4.79594031e-12,-0.0095322458,4.70216934e-15,-2.21998805e-14,-5.42338081e-12,0.39500327,0.39500327,1,0.000545635954,-0.00147291262,-0.0116785526,0.000693005546
142.68,object_red_01,RED,-0.250527164,0.210545844,0.0180670255,2.46671221e-08,4.42241785e-12,-0.00924854474,3.82582642e-15,-1.76763478e-14,-3.95291199e-12,0.39500327,0.39500327,1,0.000545635954,-0.0014729136,-0.0116767084,0.000692868391
142.72,object_red_01,RED,-0.250527163,0.210545844,0.0177030618,2.50693931e-08,3.30842198e-12,-0.00896123056,-1.14382825e-15,4.4513577e-15,1.00235092e-12,0.39500327,0.39500327,1,0.000545635954,-0.00147291459,-0.0116748378,0.000692734267
142.76,object_red_01,RED,-0.250527162,0.210545844,0.0173506516,2.53480933e-08,4.61709736e-12,-0.00867036433,3.55901033e-15,-1.80174545e-14,-4.20727411e-12,0.39500327,0.39500327,1,0.000545635954,-0.0014729156,-0.0116729463,0.000692603754
142.8,object_red_01,RED,-0.25052716,0.210545844,0.017009888,2.55806815e-08,4.81828414e-12,-0.00838223357,2.87830016e-15,-1.42928287e-14,-3.31374935e-12,0.39500327,0.39500327,1,0.000545635954,-0.00147291662,-0.0116710532,0.000692478291
142.84,object_red_01,RED,-0.250527159,0.210545844,0.0166810002,2.59488145e-08,2.55389596e-12,-0.00808110295,-5.36273315e-15,2.9489545e-14,6.78955763e-12,0.39500327,0.39500327,1,0.000545635954,-0.00147291765,-0.0116691051,0.00069235455
142.88,object_red_01,RED,-0.250527158,0.210545844,0.016363964,2.60918264e-08,5.23347326e-12,-0.00778209522,5.9567987e-15,-2.83996853e-14,-6.53249058e-12,0.39500327,0.39500327,1,0.000545635954,-0.00147291869,-0.0116671591,0.000692236396
142.92,object_red_01,RED,-0.250527157,0.210545844,0.0160588921,2.62735665e-08,4.60888109e-12,-0.00748375125,3.28125853e-15,-1.42051958e-14,-3.32607854e-12,0.39500327,0.39500327,1,0.000545635954,-0.00147291974,-0.0116652066,0.000692123339
142.96,object_red_01,RED,-0.250527156,0.210545844,0.0157658688,2.64514753e-08,3.72936579e-12,-0.00718059752,-2.03729084e-16,3.82624894e-15,8.90572179e-13,0.39500327,0.39500327,1,0.000545635954,-0.00147292079,-0.0116632353,0.000692014753
143,object_red_01,RED,-0.250527155,0.210545844,0.0154849132,2.65213111e-08,4.89445264e-12,-0.00687794115,3.63734589e-15,-1.9915931e-14,-4.55324751e-12,0.39500327,0.39500327,1,0.000545635954,-0.00147292185,-0.0116612619,0.000691911666
143.04,object_red_01,RED,-0.250527154,0.210545844,0.015216064,2.65954718e-08,4.60153337e-12,-0.00657530815,2.81652463e-15,-1.32236842e-14,-3.19917504e-12,0.39500327,0.39500327,1,0.000545635954,-0.00147292291,-0.0116592851,0.000691814029
143.08,object_red_01,RED,-0.250527153,0.210545844,0.0149592977,2.64998872e-08,6.35372881e-12,-0.00626958454,8.68618414e-15,-4.1332171e-14,-9.72056387e-12,0.39500327,0.39500327,1,0.000545635954,-0.00147292398,-0.0116573069,0.000691721966
143.12,object_red_01,RED,-0.250527152,0.210545844,0.0147146804,2.65964566e-08,4.43147637e-12,-0.00597103807,5.04178622e-16,-2.99104115e-15,-9.06863642e-13,0.39500327,0.39500327,1,0.000545635954,-0.00147292504,-0.0116553354,0.000691635839
143.16,object_red_01,RED,-0.250527151,0.210545844,0.0144821041,2.65200567e-08,5.18778099e-12,-0.00567010559,4.75243359e-15,-2.57636773e-14,-5.89792805e-12,0.39500327,0.39500327,1,0.000545635954,-0.00147292611,-0.0116533668,0.000691555431
143.2,object_red_01,RED,-0.25052715,0.210545844,0.01426154,2.64208382e-08,4.6877088e-12,-0.00537075672,2.82400573e-15,-1.60382028e-14,-3.67194191e-12,0.39500327,0.39500327,1,0.000545635954,-0.00147292716,-0.011651408,0.000691480981
143.24,object_red_01,RED,-0.250527149,0.210545844,0.0140529065,2.6265792e-08,4.67066509e-12,-0.005076946,3.13690127e-15,-1.40687786e-14,-3.47069734e-12,0.39500327,0.39500327,1,0.000545635954,-0.00147292822,-0.0116494699,0.000691412776
143.28,object_red_01,RED,-0.250527148,0.210545844,0.0138561452,2.61526372e-08,2.6204452e-12,-0.00477942125,-4.66548135e-15,2.3736466e-14,5.83909787e-12,0.39500327,0.39500327,1,0.000545635954,-0.00147292927,-0.0116475317,0.000691349989
143.32,object_red_01,RED,-0.250527147,0.210545844,0.0136711036,2.58242519e-08,5.36786543e-12,-0.00448709755,5.95955993e-15,-3.16090871e-14,-7.20806652e-12,0.39500327,0.39500327,1,0.000545635954,-0.0014729303,-0.0116456201,0.000691293387
143.36,object_red_01,RED,-0.250527146,0.210545844,0.0134976651,2.55424792e-08,4.75991281e-12,-0.00419927669,4.1583255e-15,-1.94967488e-14,-4.55400266e-12,0.39500327,0.39500327,1,0.000545635954,-0.00147293133,-0.0116437323,0.000691242674
143.4,object_red_01,RED,-0.250527145,0.210545844,0.0133356661,2.52024033e-08,4.68067201e-12,-0.00391564923,3.9822202e-15,-1.68649527e-14,-4.43743461e-12,0.39500327,0.39500327,1,0.000545635954,-0.00147293235,-0.0116418712,0.000691197722
143.44,object_red_01,RED,-0.250527144,0.210545844,0.0131849259,2.48134491e-08,4.63309363e-12,-0.0036368018,3.8977817e-15,-1.9807293e-14,-4.49982489e-12,0.39500327,0.39500327,1,0.000545635954,-0.00147293335,-0.0116400404,0.000691158392
143.48,object_red_01,RED,-0.250527143,0.210545844,0.0130452329,2.43721547e-08,4.60470737e-12,-0.00336644695,3.65652849e-15,-2.05265341e-14,-4.59491188e-12,0.39500327,0.39500327,1,0.000545635954,-0.00147293433,-0.0116382504,0.000691124632
143.52,object_red_01,RED,-0.250527142,0.210545844,0.0129163872,2.39823694e-08,2.02284433e-12,-0.00309658633,-5.73663722e-15,2.97912287e-14,6.82033061e-12,0.395003269,0.39500327,1,0.000545635954,-0.00147293529,-0.0116364848,0.000691095866
143.56,object_red_01,RED,-0.250527141,0.210545844,0.0127981022,2.33269493e-08,5.3437662e-12,-0.0028347948,8.10116847e-15,-3.7491868e-14,-8.75437921e-12,0.39500327,0.39500327,1,0.000545635954,-0.00147293624,-0.011634768,0.000691072225
143.6,object_red_01,RED,-0.25052714,0.210545844,0.0126901218,2.27407751e-08,4.50514091e-12,-0.00258094229,4.77312075e-15,-2.40388812e-14,-5.38572143e-12,0.39500327,0.39500327,1,0.000545635954,-0.00147293716,-0.0116330971,0.000691053313
143.64,object_red_01,RED,-0.250527139,0.210545844,0.0125921463,2.20983008e-08,4.21454225e-12,-0.00233466615,3.85232321e-15,-2.03589407e-14,-4.42917041e-12,0.39500327,0.39500327,1,0.000545635954,-0.00147293806,-0.0116314751,0.000691038821
143.68,object_red_01,RED,-0.250527138,0.210545844,0.0125038452,2.13871537e-08,4.33610994e-12,-0.00209688437,4.70589639e-15,-2.2573047e-14,-5.39266785e-12,0.39500327,0.39500327,1,0.000545635954,-0.00147293892,-0.0116299077,0.000691028437
143.72,object_red_01,RED,-0.250527137,0.210545844,0.0124248677,2.06230758e-08,4.27225157e-12,-0.00186818316,4.95835652e-15,-2.3028324e-14,-5.61537599e-12,0.395003269,0.39500327,1,0.000545635954,-0.00147293976,-0.0116283986,0.0006910218
143.76,object_red_01,RED,-0.250527137,0.210545844,0.0123548364,1.98028187e-08,4.16107267e-12,-0.00164921535,4.61584215e-15,-2.31008573e-14,-5.63083999e-12,0.395003269,0.39500327,1,0.000545635954,-0.00147294057,-0.0116269521,0.000691018536
143.8,object_red_01,RED,-0.250527136,0.210545844,0.0122933476,1.89245034e-08,4.05231297e-12,-0.00144064834,4.85231168e-15,-2.34256813e-14,-5.69733028e-12,0.395003269,0.39500327,1,0.000545635954,-0.00147294135,-0.0116255726,0.000691018246
143.84,object_red_01,RED,-0.250527135,0.210545844,0.0122399704,1.79870473e-08,3.94639091e-12,-0.0012431604,5.45366402e-15,-2.45833865e-14,-5.80716779e-12,0.395003269,0.39500327,1,0.000545635954,-0.00147294208,-0.0116242643,0.000691020519
143.88,object_red_01,RED,-0.250527134,0.210545844,0.0121942467,1.69894883e-08,3.83622778e-12,-0.0010574407,5.44006771e-15,-2.64448305e-14,-5.93450305e-12,0.395003269,0.39500327,1,0.000545635954,-0.00147294278,-0.0116230319,0.00069102493
143.92,object_red_01,RED,-0.250527134,0.210545844,0.0121556921,1.59338858e-08,3.66699294e-12,-0.000883864887,5.05848742e-15,-2.51612082e-14,-5.85434579e-12,0.395003269,0.39500327,1,0.000545635954,-0.00147294344,-0.0116218791,0.000691031049
143.96,object_red_01,RED,-0.250527133,0.210545844,0.0121237912,1.48102928e-08,3.6089031e-12,-0.000723501138,5.08014776e-15,-2.54015803e-14,-6.19314938e-12,0.395003269,0.39500327,1,0.000545635954,-0.00147294405,-0.0116208117,0.000691038435
144,object_red_01,RED,-0.250527132,0.210545844,0.012098,1.36243704e-08,3.47505784e-12,-0.000577092415,5.41816807e-15,-2.77242705e-14,-6.32806203e-12,0.395003269,0.39500327,1,0.000545635954,-0.00147294462,-0.0116198341,0.000691046651
144.04,object_red_01,RED,-0.250527132,0.210545844,0.0120777465,1.23761125e-08,3.28375843e-12,-0.000445387485,4.85557239e-15,-2.62692309e-14,-6.24384477e-12,0.395003269,0.39500327,1,0.000545635954,-0.00147294514,-0.0116189511,0.000691055266
144.08,object_red_01,RED,-0.250521289,0.210550735,0.0120708819,0.000406011481,0.000373609659,-6.84210181e-05,-1.84802347e-07,9.27319133e-07,0.000216931578,0.391312388,0.398387927,1,0.000546525162,-0.00147648309,-0.0116164625,0.000694729538
144.12,object_red_01,RED,-0.250495982,0.210577938,0.0120648022,0.000680068482,0.000816749285,-0.000271776138,1.16346695e-06,-5.83815498e-06,-0.00136574362,0.389440147,0.399503698,1,0.000547739993,-0.00148642574,-0.0116173723,0.000704607289
144.16,object_red_01,RED,-0.250472576,0.210608241,0.0120579172,0.000491253991,0.000667086662,-0.000115574152,1.50006699e-06,-7.52715177e-06,-0.00176085783,0.388573663,0.400038697,1,0.000547416813,-0.00149154594,-0.0116167417,0.000709448947
144.2,object_red_01,RED,-0.250456855,0.210630002,0.0120543095,0.000309059375,0.000434503217,-6.55675881e-05,1.01088762e-06,-5.07250262e-06,-0.00118663164,0.387988758,0.400451607,1,0.000546829116,-0.00149428964,-0.0116163496,0.000711933205
144.24,object_red_01,RED,-0.250447544,0.210643229,0.0120525981,0.000172169066,0.000247191599,-2.5257691e-05,5.48893727e-07,-2.75427801e-06,-0.000644319707,0.387652125,0.400681759,1,0.000546333367,-0.00149591722,-0.0116160583,0.000713369081
144.28,object_red_01,RED,-0.250442643,0.210650353,0.0120521163,8.50239209e-05,0.000125202071,-2.53330578e-06,2.52052721e-07,-1.26476877e-06,-0.000295872612,0.387482619,0.40079198,1,0.000546000156,-0.00149681189,-0.0116158823,0.000714142756
144.32,object_red_01,RED,-0.250440351,0.210653763,0.0120521965,3.74250155e-05,5.6247889e-05,3.46264141e-06,9.15228594e-08,-4.5925037e-07,-0.000107434345,0.387400105,0.400845064,1,0.000545806212,-0.00149727191,-0.0116158154,0.000714534334
144.36,object_red_01,RED,-0.250465688,0.210701897,0.0118181477,-0.000280223792,0.000421151059,-0.00326580929,-0.181786765,-0.0114032857,-0.00650449609,0,0,0,0.000598668497,-0.00147152634,-0.0118868621,
144.4,object_red_01,RED,-0.250493882,0.210670588,0.0118846209,-0.00222124105,-0.000572305485,0.00299292915,0.110532624,0.0546389325,-0.0628782477,0,0.0702870643,0,0.000598043285,-0.00143927067,-0.0118218051,
144.44,object_red_01,RED,-0.250622979,0.210667938,0.0119547269,-0.00156451293,-0.00024765345,0.000290981172,0.0318340607,-0.0110084317,-0.0222633117,0,0.0566825731,0,0.000624202509,-0.00130281882,-0.011746516,
144.48,object_red_01,RED,-0.250635397,0.210664989,0.0119563144,-1.74251307e-05,1.34165937e-05,1.03772158e-06,0.000348954511,-0.000120874072,-0.000153765658,0,0.0549048692,0,0.000626416542,-0.00128770754,-0.01174414,
144.52,object_red_01,RED,-0.250635534,0.210666319,0.0119564694,-2.02578001e-07,3.8845218e-05,2.66621447e-07,3.78610112e-06,-9.96857698e-07,-0.000132137475,0,0.0550717053,0,0.000626629836,-0.00128443358,-0.0117440254,
144.56,object_red_01,RED,-0.250635536,0.210667712,0.0119564338,-1.09352907e-08,2.99749393e-05,-8.48857161e-07,8.50742445e-09,2.68758502e-07,-0.000112689282,0,0.0548550452,0,0.000626668003,-0.00128264472,-0.0117440382,
144.6,object_red_01,RED,-0.250635536,0.210668691,0.0119564018,-5.82341405e-09,1.99306862e-05,-8.64842014e-07,-2.42828784e-08,2.09597216e-07,-8.34281353e-05,0,0.0545925162,0,0.000626670437,-0.00128189224,-0.0117440382,
144.64,object_red_01,RED,-0.250635536,0.210669327,0.0119563639,-3.6373902e-09,1.26303963e-05,-1.02331371e-06,-1.99441237e-08,1.69119584e-07,-6.72658621e-05,0,0.0542857939,0,0.000626663385,-0.00128169003,-0.0117440393,
144.68,object_red_01,RED,-0.250635536,0.210669715,0.0119563164,-2.0759258e-09,7.27375062e-06,-1.32815818e-06,-1.83133074e-08,1.55253651e-07,-6.17501749e-05,0,0.0538846654,0,0.000626655342,-0.00128179875,-0.0117440409,
144.72,object_red_01,RED,-0.250635536,0.210669912,0.0119562571,-8.27008012e-10,2.92149146e-06,-1.6442608e-06,-1.79687582e-08,1.52332255e-07,-6.05882195e-05,0,0.0534019536,0,0.000626648313,-0.00128212758,-0.0117440429,
144.76,object_red_01,RED,-0.250635536,0.210669947,0.0119561861,2.52456848e-10,-9.01475798e-07,-1.88383913e-06,-1.80460211e-08,1.52987263e-07,-6.084874e-05,0,0.0528278586,0,0.000626642384,-0.00128264499,-0.0117440448,
144.8,object_red_01,RED,-0.250635536,0.210669838,0.011956102,1.21355747e-09,-4.36510871e-06,-2.28219426e-06,-1.89465458e-08,1.60621561e-07,-6.38851855e-05,0,0.0521272796,0,0.000626637571,-0.00128334339,-0.011744047,
144.84,object_red_01,RED,-0.250635536,0.210669593,0.0119560032,2.1235191e-09,-7.70760933e-06,-2.66452336e-06,-2.01239331e-08,1.70603001e-07,-6.78551764e-05,0,0.0513236475,0,0.000626633613,-0.00128422626,-0.0117440495,
144.88,object_red_01,RED,-0.250635536,0.210669215,0.0119558905,3.00651095e-09,-1.1020052e-05,-2.94258603e-06,-2.12783893e-08,1.80390033e-07,-7.17478437e-05,0,0.050405485,0,0.000626630052,-0.00128529883,-0.0117440517,
144.92,object_red_01,RED,-0.250635536,0.210668706,0.0119557627,3.85637791e-09,-1.42861361e-05,-3.40197303e-06,-2.30797858e-08,1.95661584e-07,-7.78219091e-05,0,0.0493401864,0,0.000626626897,-0.00128656799,-0.0117440542,
144.96,object_red_01,RED,-0.250635536,0.210668058,0.0119556197,4.76433307e-09,-1.78550892e-05,-3.83072058e-06,-2.4735493e-08,2.09698038e-07,-8.34047304e-05,0,0.0481545091,0,0.000626623432,-0.00128804568,-0.0117440569,
145,object_red_01,RED,-0.250635536,0.210667271,0.0119554604,5.61553044e-09,-2.13108998e-05,-4.0944868e-06,-2.62967073e-08,2.22933424e-07,-8.86689371e-05,0,0.046838934,0,0.000626620393,-0.00128973771,-0.0117440592,
145.04,object_red_01,RED,-0.250635535,0.210666345,0.0119552865,6.4621021e-09,-2.48608498e-05,-4.55202714e-06,-2.84306088e-08,2.41023819e-07,-9.58641618e-05,0,0.045364668,0,0.000626617239,-0.00129164754,-0.0117440617,
145.08,object_red_01,RED,-0.250635535,0.21066527,0.0119550978,7.36156972e-09,-2.87446596e-05,-4.8941013e-06,-3.02468157e-08,2.56420929e-07,-0.000101988167,0,0.0437623341,0,0.000626613563,-0.00129378532,-0.0117440641,
145.12,object_red_01,RED,-0.250635535,0.21066403,0.0119549123,8.37960623e-09,-3.32475445e-05,-3.02699428e-06,-3.17639864e-08,2.69282915e-07,-0.000107103858,0,0.0420027912,0,0.000626608313,-0.00129616093,-0.011744059,
145.16,object_red_01,RED,-0.250635534,0.210662661,0.0119548591,8.61534858e-09,-3.47829232e-05,-1.34161114e-06,-3.60555622e-08,3.05665268e-07,-0.000121574477,0,0.0400537788,0,0.000626611947,-0.00129878911,-0.0117440416,
145.2,object_red_01,RED,-0.250635534,0.210661256,0.0119547903,8.62125652e-09,-3.55200644e-05,-1.46243717e-06,-4.11670437e-08,3.48998459e-07,-0.000138809703,0,0.0379807677,0,0.000626618128,-0.00130162344,-0.0117440433,
145.24,object_red_01,RED,-0.250635534,0.210659802,0.0119547342,8.83359834e-09,-3.72592733e-05,-1.41768493e-06,-4.48196553e-08,3.79963886e-07,-0.000151125808,0,0.0357785984,0,0.0006266207,-0.00130464367,-0.0117440421,
145.28,object_red_01,RED,-0.250635533,0.210658264,0.0119546777,9.14610795e-09,-3.95988572e-05,-1.4005674e-06,-4.79016587e-08,4.06091935e-07,-0.000161517908,0,0.0334401218,0,0.00062662107,-0.00130785486,-0.011744042,
145.32,object_red_01,RED,-0.250635533,0.210656585,0.0119546069,1.02183378e-08,-4.5522125e-05,-2.2699805e-06,0.0014682127,-0.00061258742,-0.000576268279,0,0.0310284666,0,0.000626575721,-0.00131125707,-0.0117440804,
145.36,object_red_01,RED,-0.250635533,0.210654784,0.0119544749,9.650877e-09,-4.43687027e-05,-5.24810664e-06,0.00230503571,-0.00100862924,-0.000863132243,0,0.0285024003,0,0.000626308001,-0.00131474543,-0.0117444602,
145.4,object_red_01,RED,-0.250635532,0.210653027,0.0119542076,9.12416385e-09,-4.35375706e-05,-7.20225547e-06,0.00246974279,-0.00107097304,-0.000977867678,0,0.0258404591,0,0.000626002067,-0.00131831671,-0.01174503,
145.44,object_red_01,RED,-0.250635532,0.210651276,0.0119538668,8.8685265e-09,-4.41326179e-05,-9.77180298e-06,0.00262456899,-0.00113594175,-0.00111878638,0,0.0231068935,0,0.000625713372,-0.00132202282,-0.0117457083,
145.48,object_red_01,RED,-0.250635532,0.210649485,0.0119534219,8.731472e-09,-4.54660044e-05,-1.23298435e-05,0.00272832689,-0.00117499536,-0.00128111757,0,0.0202861245,0,0.000625470921,-0.00132587996,-0.0117465239,
145.52,object_red_01,RED,-0.250635531,0.210647631,0.0119528812,8.64465482e-09,-4.72073841e-05,-1.45520688e-05,0.0027850798,-0.00119136287,-0.00147950051,0,0.0173885691,0,0.000625317508,-0.00132990301,-0.0117474694,
145.56,object_red_01,RED,-0.250635531,0.210646285,0.0119521744,-1.09354904e-08,-2.3983679e-05,-1.83470641e-05,0.00244755668,-0.00120022532,-0.00113290962,0,0.0136692663,0,0.000625149894,-0.00133406669,-0.0117486119,
145.6,object_red_01,RED,-0.250635532,0.210645476,0.0119514454,-2.02407925e-08,-2.45156384e-05,-1.78683229e-05,0.00195603709,-0.00117081144,-0.00117786876,0,0.0107157352,0,0.000624811906,-0.00133809967,-0.0117498209,
145.64,object_red_01,RED,-0.250635533,0.210644145,0.0119507123,-1.59408796e-08,-4.11360557e-05,-1.92675489e-05,0.00186098496,-0.00118199596,-0.00195461079,0,0.00789336612,0,0.000624862228,-0.00134222817,-0.0117510524,
145.68,object_red_01,RED,-0.250635533,0.210642211,0.0119498691,-9.1939697e-09,-5.38472588e-05,-2.26688868e-05,0.00195607761,-0.00113152726,-0.00316528007,0,0.00500091168,0,0.000625642647,-0.00134682908,-0.0117524253,
145.72,object_red_01,RED,-0.250635533,0.21064004,0.0119488436,3.17628884e-09,-4.76968191e-05,-3.61279253e-05,0.00131711568,-0.000101629523,-0.00368443349,0,0.00166397354,0,0.000627544966,-0.00135212068,-0.0117541535,
145.76,object_red_01,RED,-0.250635533,0.210638923,0.0119476652,3.13599771e-10,-2.49617324e-06,-1.94312066e-05,5.86793204e-05,8.49959001e-06,-0.000217155129,0,0,0,0.00063228417,-0.00135833657,-0.0117556816,
145.8,object_red_01,RED,-0.250635533,0.210638904,0.011947235,3.43727231e-12,-2.73597836e-08,-5.3252742e-06,6.43165846e-07,9.31617312e-08,-2.38017027e-06,0,0,0,0.000637602559,-0.0013629208,-0.0117560943,
145.84,object_red_01,RED,-0.250635533,0.210638903,0.0119471241,3.76739535e-14,-2.99882134e-10,-1.30703388e-06,7.04954308e-09,1.02111663e-09,-2.60883108e-08,0,0,0,0.000639997834,-0.00136490797,-0.0117562049,
145.88,object_red_01,RED,-0.250635533,0.210638903,0.0119470972,4.14965429e-16,-3.28690852e-12,-3.14268272e-07,7.72670539e-11,1.11917884e-11,-2.8594591e-10,0,0,0,0.000640183198,-0.00136524554,-0.0117562318,
145.92,object_red_01,RED,-0.250635533,0.210638903,0.0119470908,-3.94030899e-19,-3.60284506e-14,-7.52516188e-08,8.46654181e-13,1.22148106e-13,-3.13416746e-12,0,0,0,0.000639559524,-0.0013649742,-0.0117562383,
145.96,object_red_01,RED,-0.250635533,0.210638903,0.0119470892,-2.17146179e-18,-3.96356355e-16,-1.80037724e-08,9.53877161e-15,1.3382961e-15,-3.43499374e-14,0,0,0,0.000638978971,-0.00136467666,-0.0117562398,
146,object_red_01,RED,-0.250635533,0.210638903,0.0119470889,-5.98783967e-19,1.44661889e-18,-4.30661208e-09,-1.04362765e-15,-1.08204601e-15,-3.74936648e-16,0,0,0,0.000638686173,-0.00136452594,-0.0117562402,
146.04,object_red_01,RED,-0.250635533,0.210638903,0.0119470888,-1.90397586e-18,-8.33273615e-18,-1.03013108e-09,-2.69834228e-17,2.20180868e-16,-2.51715191e-19,0,0,0,0.000638616927,-0.00136449543,-0.0117562403,
146.08,object_red_01,RED,-0.250635533,0.210638903,0.0119470888,-8.21734068e-18,-5.89661029e-18,-2.46403054e-10,-3.13503673e-16,-8.34178114e-16,1.36971081e-18,0,0,0,0.000638644766,-0.00136451617,-0.0117562403,
146.12,object_red_01,RED,-0.250635533,0.210638903,0.0119470887,-4.37321074e-18,-6.18936361e-18,-5.89385596e-11,-6.38980625e-16,-4.98377834e-16,1.88739502e-18,0,0,0,0.000638686128,-0.00136454208,-0.0117562403,
146.16,object_red_01,RED,-0.250635533,0.210638903,0.0119470887,-8.69480741e-18,-4.64892351e-18,-1.40978242e-11,-3.12247006e-16,-4.51503144e-16,-8.82134086e-19,0,0,0,0.00063871054,-0.00136455681,-0.0117562403,
146.2,object_red_01,RED,-0.250635533,0.210638903,0.0119470887,-2.67419592e-18,-6.84457343e-18,-3.37209193e-12,8.77817369e-16,-1.08420591e-15,3.36719044e-18,0,0,0,0.000638717767,-0.00136456111,-0.0117562403,
146.24,object_red_01,RED,-0.250635533,0.210638903,0.0119470887,-8.79500571e-18,-1.53344198e-17,-8.066369e-13,9.69554116e-16,-1.77573644e-15,4.52774873e-19,0,0,0,0.000638716387,-0.00136456033,-0.0117562403,
146.28,object_red_01,RED,-0.250635533,0.210638903,0.0119470887,-1.20135497e-17,-1.38096629e-17,-1.92934931e-13,4.27930308e-16,-1.27315278e-15,1.78483494e-18,0,0,0,0.000638713164,-0.00136455844,-0.0117562403,
146.32,object_red_01,RED,-0.250635533,0.210638903,0.0119470887,-1.0823368e-17,-1.44579024e-17,-4.61108312e-14,1.64030078e-16,-1.4636754e-15,1.55269248e-19,0,0,0,0.000638710984,-0.00136455718,-0.0117562403,
146.36,object_red_01,RED,-0.250635533,0.210638903,0.0119470887,-7.67539851e-18,-7.39000075e-18,-1.10187971e-14,2.38173476e-16,-1.56584838e-15,3.26463036e-18,0,0,0,0.000638710207,-0.00136455677,-0.0117562403,
146.4,object_red_01,RED,-0.250635533,0.210638903,0.0119470887,-9.55215642e-18,-6.63894907e-18,-2.58214816e-15,6.13917138e-16,-1.63117056e-15,1.49750393e-18,0,0,0,0.000638710214,-0.00136455677,-0.0117562403,
146.44,object_red_01,RED,-0.250635533,0.210638903,0.0119470887,-1.61122254e-18,-9.0611343e-18,-6.2287564e-16,3.81433601e-16,-8.39621845e-17,5.76498142e-19,0,0,0,0.000638710438,-0.00136455691,-0.0117562403,
146.48,object_red_01,RED,-0.250635533,0.210638903,0.0119470887,-7.63357661e-18,-5.47839125e-18,-2.2316977e-16,9.74580787e-16,4.24114677e-17,3.47056449e-18,0,0,0,0.000638710634,-0.00136455705,-0.0117562403,
146.52,object_red_01,RED,-0.250635533,0.210638903,0.0119470887,-5.6480367e-19,-3.18689947e-18,-2.16032165e-16,5.64907095e-16,-2.42768665e-16,1.3595362e-18,0,0,0,0.000638710717,-0.00136455707,-0.0117562403,
146.56,object_red_01,RED,-0.250635533,0.210638903,0.0119470887,-3.96980363e-18,-5.80076843e-18,-2.19600967e-16,7.73200018e-17,3.34140017e-16,3.36189964e-18,0,0,0,0.000638710722,-0.00136455708,-0.0117562403,
146.6,object_red_01,RED,-0.250635533,0.210638903,0.0119470887,-1.34722178e-18,-1.22998292e-18,-2.19600967e-16,-3.0973367e-16,4.65785783e-16,-7.57189863e-19,0,0,0,0.000638710721,-0.0013645571,-0.0117562403,
146.64,object_red_01,RED,-0.250635533,0.210638903,0.0119470887,-8.33160883e-19,-7.03799973e-18,-2.16032165e-16,7.71000609e-16,4.73988679e-17,2.77136522e-18,0,0,0,0.000638710709,-0.00136455707,-0.0117562403,
146.68,object_red_01,RED,-0.250635533,0.210638903,0.0119470887,-2.09043185e-18,-9.70240348e-18,-2.19600967e-16,6.05120464e-16,1.07321303e-16,-2.08436612e-18,0,0,0,0.000638710699,-0.00136455708,-0.0117562403,
146.72,object_red_01,RED,-0.250635533,0.210638903,0.0119470887,-3.24576193e-18,-9.98121617e-18,-2.16032165e-16,6.10147135e-16,-9.580726e-17,-4.62761188e-18,0,0,0,0.00063871071,-0.00136455709,-0.0117562403,
146.76,object_red_01,RED,-0.250635533,0.210638903,0.0119470887,-6.53052391e-18,5.46674934e-18,-2.2316977e-16,-3.12247006e-16,-3.17668027e-16,-6.05002249e-18,0,0,0,0.000638710712,-0.00136455708,-0.0117562403,
146.8,object_red_01,RED,-0.250635533,0.210638903,0.0119470887,-6.4137711e-18,-2.66336562e-19,-2.16032165e-16,1.07385754e-15,-3.3653277e-16,-1.62854355e-18,0,0,0,0.000638710713,-0.00136455709,-0.0117562403,
146.84,object_red_01,RED,-0.250635533,0.210638903,0.0119470887,-3.03490983e-18,-2.84883909e-18,-2.16032165e-16,1.02610417e-15,-7.97405662e-17,8.63422172e-19,0,0,0,0.000638710723,-0.0013645571,-0.0117562403,
146.88,object_red_01,RED,-0.250635533,0.210638903,0.0119470887,-4.65637987e-18,3.55165469e-18,-2.2316977e-16,7.03140549e-16,3.05224057e-18,-7.06316809e-19,0,0,0,0.000638710724,-0.00136455709,-0.0117562403,
146.92,object_red_01,RED,-0.250635533,0.210638903,0.0119470887,-5.11293565e-18,-1.20384423e-18,-2.19600967e-16,1.11281424e-15,-1.51267543e-16,-1.50319234e-18,0,0,0,0.000638710724,-0.0013645571,-0.0117562403,
146.96,object_red_01,RED,-0.250635533,0.210638903,0.0119470887,-6.25258251e-18,-6.82889021e-18,-2.2316977e-16,1.23816709e-16,-7.97724931e-16,9.45633028e-19,0,0,0,0.000638710732,-0.00136455711,-0.0117562403,
147,object_red_01,RED,-0.250635533,0.210638903,0.0119470887,-6.88949525e-18,-1.37242765e-17,-2.2316977e-16,2.34403473e-16,-6.99096147e-16,4.59831837e-18,0,0,0,0.000638710732,-0.0013645571,-0.0117562403,
147.04,object_red_01,RED,-0.250635533,0.210638903,0.0119470887,-1.3822347e-17,-8.22469624e-18,-2.2316977e-16,8.90384046e-16,-1.50325552e-15,1.69920688e-19,0,0,0,0.000638710733,-0.00136455711,-0.0117562403,
147.08,object_red_01,RED,-0.250635533,0.210638903,0.0119470887,-8.42383632e-18,-8.47388508e-18,-2.2316977e-16,1.13417759e-15,-9.55490733e-16,5.93159939e-18,0,0,0,0.000638710739,-0.00136455711,-0.0117562403,
147.12,object_red_01,RED,-0.250635533,0.210638903,0.0119470887,4.77358802e-18,-1.44979817e-17,-2.2316977e-16,9.3311075e-16,3.79404601e-16,7.96326571e-18,0,0,0,0.000638710738,-0.00136455711,-0.0117562403,
147.16,object_red_01,RED,-0.250635533,0.210638903,0.0119470887,1.81020271e-19,-9.20751096e-18,-2.16032165e-16,1.05375086e-15,7.90604948e-16,7.83913545e-18,0,0,0,0.000638710739,-0.00136455711,-0.0117562403,
147.2,object_red_01,RED,-0.250635533,0.210638903,0.0119470887,-8.0387263e-18,1.2688758e-18,-2.19600967e-16,1.23219768e-15,4.49007305e-16,2.08193358e-18,0,0,0,0.000638710743,-0.00136455712,-0.0117562403,
147.24,object_red_01,RED,-0.250635533,0.210638903,0.0119470887,1.70664845e-18,-6.51174078e-18,-2.19600967e-16,4.07823624e-16,4.56380411e-16,5.85834219e-18,0,0,0,0.000638710743,-0.00136455711,-0.0117562403,
147.28,object_red_01,RED,-0.250635533,0.210638903,0.0119470887,1.54545986e-18,-1.15896169e-17,-2.2316977e-16,1.55233403e-16,7.59340428e-16,4.10993704e-18,0,0,0,0.000638710744,-0.00136455712,-0.0117562403,
147.32,object_red_01,RED,-0.250635533,0.210638903,0.0119470887,2.79227536e-18,-9.74422539e-18,-2.26738572e-16,2.95980193e-16,4.6450948e-16,4.09284369e-18,0,0,0,0.000638710745,-0.00136455712,-0.0117562403,
147.36,object_red_01,RED,-0.250635533,0.210638903,0.0119470887,-3.49930722e-18,-4.24464511e-18,-2.26738572e-16,9.86833538e-17,-4.49897947e-16,2.03390942e-18,0,0,0,0.000638710746,-0.00136455712,-0.0117562403,
147.4,object_red_01,RED,-0.250635533,0.210638903,0.0119470887,-6.32228569e-18,-1.03419301e-17,-2.2316977e-16,4.05310289e-16,-4.79596541e-16,3.81568729e-18,0,0,0,0.000638710746,-0.00136455712,-0.0117562403,
147.44,object_red_01,RED,-0.250635533,0.210638903,0.0119470887,-4.68426114e-18,-6.13360107e-18,-2.19600967e-16,3.41220233e-16,2.92233093e-16,1.2679647e-18,0,0,0,0.000638710746,-0.00136455712,-0.0117562403,
147.48,object_red_01,RED,-0.250635533,0.210638903,0.0119470887,2.30683781e-19,-3.69050489e-18,-2.26738572e-16,8.85357375e-16,4.75358057e-16,1.66965834e-18,0,0,0,0.000638710748,-0.00136455712,-0.0117562403,
147.52,object_red_01,RED,-0.250635533,0.210638903,0.0119470887,-9.41013621e-18,-1.27703256e-18,-2.19600967e-16,7.48066662e-17,-8.42832432e-16,2.3114728e-18,0,0,0,0.000638710747,-0.00136455712,-0.0117562403,
147.56,object_red_01,RED,-0.250635533,0.210638903,0.0119470887,-4.81321201e-18,-1.3713821e-17,-2.2316977e-16,1.35912112e-15,-1.54420522e-15,7.33773062e-18,0,0,0,0.000638710744,-0.00136455712,-0.0117562403,
147.6,object_red_01,RED,-0.250635533,0.210638903,0.0119470887,-9.26375955e-18,-8.89558927e-18,-2.26738572e-16,-3.45234294e-17,-2.22874062e-15,5.93282034e-18,0,0,0,0.000638710747,-0.00136455712,-0.0117562403,
147.64,object_red_01,RED,-0.250635533,0.210638903,0.0119470887,-9.87104843e-18,-9.42533337e-18,-2.2316977e-16,4.95790368e-16,-2.02139535e-15,3.01067207e-18,0,0,0,0.000638710745,-0.00136455711,-0.0117562403,
147.68,object_red_01,RED,-0.250635533,0.210638903,0.0119470887,-6.58628645e-18,-9.01234208e-18,-2.26738572e-16,5.32233733e-16,-7.47816567e-16,-1.28342074e-18,0,0,0,0.000638710741,-0.00136455711,-0.0117562403,
147.72,object_red_01,RED,-0.250635533,0.210638903,0.0119470887,-2.68116623e-18,-1.04325442e-17,-2.2316977e-16,8.51427346e-16,-5.49076524e-16,-1.29400234e-18,0,0,0,0.000638710745,-0.00136455712,-0.0117562403,
147.76,object_red_01,RED,-0.250635533,0.210638903,0.0119470887,-5.24450039e-18,7.52089815e-20,-2.2316977e-16,4.49293661e-16,-7.10440519e-16,-2.33751044e-18,0,0,0,0.00063871074,-0.00136455711,-0.0117562403,
147.8,object_red_01,RED,-0.250635533,0.210638903,0.0119470887,-7.11167411e-18,-9.73202733e-18,-2.2316977e-16,8.20010652e-16,-3.52687823e-16,1.07139122e-18,0,0,0,0.000638710736,-0.00136455711,-0.0117562403,
147.84,object_red_01,RED,-0.250635533,0.210638903,0.0119470887,-4.51784482e-18,-1.1042447e-17,-2.2316977e-16,1.92085161e-15,-3.04129395e-16,-2.78234443e-18,0,0,0,0.000638710741,-0.00136455712,-0.0117562403,
147.88,object_red_01,RED,-0.250635533,0.210638903,0.0119470887,-6.36497888e-18,-1.16941716e-17,-2.2316977e-16,1.12161092e-15,-2.97777333e-16,-1.13747466e-19,0,0,0,0.000638710734,-0.0013645571,-0.0117562403,
147.92,object_red_01,RED,-0.250635533,0.210638903,0.0119470887,-9.69953358e-19,-1.36266921e-17,-2.19600967e-16,1.17816096e-15,-6.68940836e-17,-1.21301243e-18,0,0,0,0.000638710729,-0.00136455711,-0.0117562403,
147.96,object_red_01,RED,-0.250635533,0.210638903,0.0119470887,2.09350106e-18,-1.45938236e-17,-2.26738572e-16,6.06377131e-16,-4.43752057e-16,-1.84912911e-18,0,0,0,0.000638710735,-0.00136455711,-0.0117562403,
148,object_red_01,RED,-0.250635533,0.210638903,0.0119470887,1.16811724e-17,-2.10475773e-18,-2.19600967e-16,7.91107293e-16,2.69117278e-16,6.22080399e-19,0,0,0,0.000638710726,-0.00136455709,-0.0117562403,
148.04,object_red_01,RED,-0.250635533,0.210638903,0.0119470887,-2.48686864e-18,-1.01293354e-17,-2.12463363e-16,8.84100708e-16,4.5651295e-16,5.75277189e-19,0,0,0,0.00063871072,-0.0013645571,-0.0117562403,
148.08,object_red_01,RED,-0.250635533,0.210638903,0.0119470887,-8.92918432e-18,-1.03698114e-17,-2.19600967e-16,6.50360503e-16,-2.09049244e-15,-1.26714137e-18,0,0,0,0.000638710726,-0.0013645571,-0.0117562403,
148.12,object_red_01,RED,-0.250635533,0.210638903,0.0119470887,-9.22019506e-18,-6.11269012e-18,-2.2316977e-16,6.11403802e-16,-1.17988938e-15,3.76929106e-18,0,0,0,0.000638710715,-0.00136455708,-0.0117562403,
148.16,object_red_01,RED,-0.250635533,0.210638903,0.0119470887,-8.49615336e-18,-6.59538459e-18,-2.30307375e-16,9.77094122e-16,-1.19074778e-15,6.11905788e-19,0,0,0,0.00063871071,-0.00136455709,-0.0117562403,
148.2,object_red_01,RED,-0.250635533,0.210638903,0.0119470887,2.90031527e-18,-9.19357033e-18,-2.26738572e-16,1.69967809e-15,-5.72678315e-16,-8.43470564e-19,0,0,0,0.000638710716,-0.00136455709,-0.0117562403,
148.24,object_red_01,RED,-0.250635533,0.210638903,0.0119470887,7.43002096e-19,-2.58222445e-18,-2.26738572e-16,1.38174114e-15,3.30065665e-16,-3.55968471e-18,0,0,0,0.000638710703,-0.00136455707,-0.0117562403,
148.28,object_red_01,RED,-0.250635533,0.210638903,0.0119470887,3.57904991e-18,-1.45129049e-18,-2.2316977e-16,6.20200477e-16,6.73582671e-16,-1.03434627e-18,0,0,0,0.000638710699,-0.00136455709,-0.0117562403,
148.32,object_red_01,RED,-0.250635533,0.210638903,0.0119470887,4.61501331e-18,-1.91655916e-18,-2.2316977e-16,4.3295698e-16,-7.13120563e-17,2.73839948e-18,0,0,0,0.000638710704,-0.00136455708,-0.0117562403,
148.36,object_red_01,RED,-0.250635533,0.210638903,0.0119470887,4.28915098e-18,-9.63368283e-19,-2.26738572e-16,1.32613383e-16,-1.71678576e-16,-1.1328365e-18,0,0,0,0.000638710688,-0.00136455705,-0.0117562403,
148.4,object_red_01,RED,-0.250635533,0.210638903,0.0119470887,-3.41392083e-18,-1.1724778e-18,-2.16032165e-16,6.54130506e-16,-2.94552212e-16,3.05299845e-18,0,0,0,0.000638710685,-0.00136455708,-0.0117562403,
148.44,object_red_01,RED,-0.250635533,0.210638903,0.0119470887,-8.56847041e-18,-1.80677666e-18,-2.19600967e-16,1.38048448e-15,-4.42397018e-17,-6.72130116e-19,0,0,0,0.000638710689,-0.00136455706,-0.0117562403,
148.48,object_red_01,RED,-0.250635533,0.210638903,0.0119470887,-4.84370715e-18,-2.80353203e-18,-2.30307375e-16,6.79263862e-16,1.86025031e-16,6.45905122e-18,0,0,0,0.000638710671,-0.00136455704,-0.0117562403,
148.52,object_red_01,RED,-0.250635533,0.210638903,0.0119470887,-6.03214623e-18,-1.13369429e-17,-2.19600967e-16,6.0135046e-16,-1.21041266e-15,-6.1474531e-19,0,0,0,0.00063871067,-0.00136455706,-0.0117562403,
148.56,object_red_01,RED,-0.250635533,0.210638903,0.0119470887,-1.35949404e-17,-1.09431199e-17,-2.26738572e-16,9.72067451e-16,-1.19598062e-15,7.93013864e-19,0,0,0,0.000638710672,-0.00136455705,-0.0117562403,
148.6,object_red_01,RED,-0.250635533,0.210638903,0.0119470887,-1.45733987e-17,-1.27397192e-17,-2.26738572e-16,9.68297448e-16,-1.66176256e-15,2.42339353e-18,0,0,0,0.000638710652,-0.00136455702,-0.0117562403,
148.64,object_red_01,RED,-0.250635533,0.210638903,0.0119470887,-6.68125702e-18,-7.24710925e-18,-2.26738572e-16,1.68836808e-15,-1.01413196e-15,7.083611e-19,0,0,0,0.000638710653,-0.00136455705,-0.0117562403,
148.68,object_red_01,RED,-0.250635533,0.210638903,0.0119470887,-8.80894635e-18,1.41176731e-18,-2.26738572e-16,1.54762129e-15,-3.9134489e-17,3.26056052e-18,0,0,0,0.000638710653,-0.00136455703,-0.0117562403,
148.72,object_red_01,RED,-0.250635533,0.210638903,0.0119470887,-3.32504929e-18,-2.30341177e-18,-2.26738572e-16,7.8733729e-16,1.49576757e-16,2.23821561e-18,0,0,0,0.000638710631,-0.001364557,-0.0117562403,
148.76,object_red_01,RED,-0.250635533,0.210638903,0.0119470887,-7.40529872e-18,-6.27300742e-18,-2.30307375e-16,4.93277032e-16,-1.05188599e-15,6.88475694e-18,0,0,0,0.000638710633,-0.00136455703,-0.0117562403,
148.8,object_red_01,RED,-0.250635533,0.210638903,0.0119470887,-9.20364056e-18,-8.5732121e-18,-2.26738572e-16,1.23094101e-15,-1.37701932e-15,2.91258882e-18,0,0,0,0.000638710631,-0.001364557,-0.0117562403,
148.84,object_red_01,RED,-0.250635533,0.210638903,0.0119470887,-8.2914003e-18,-1.21908067e-17,-2.26738572e-16,4.49293661e-16,-1.06329908e-15,2.92561232e-18,0,0,0,0.000638710609,-0.00136455698,-0.0117562403,
148.88,object_red_01,RED,-0.250635533,0.210638903,0.0119470887,-5.95460145e-18,-1.23981737e-17,-2.2316977e-16,8.84100708e-16,-1.83724915e-16,-6.00500855e-19,0,0,0,0.000638710613,-0.00136455702,-0.0117562403,
148.92,object_red_01,RED,-0.250635533,0.210638903,0.0119470887,-3.7450109e-18,-1.10389618e-17,-2.30307375e-16,-8.73034756e-17,2.25698425e-16,-1.76081349e-18,0,0,0,0.000638710607,-0.00136455698,-0.0117562403,
148.96,object_red_01,RED,-0.250635533,0.210638903,0.0119470887,-2.56354213e-18,-1.03210191e-17,-2.19600967e-16,1.0638042e-15,3.96281256e-16,5.30484335e-18,0,0,0,0.000638710585,-0.00136455696,-0.0117562403,
149,object_red_01,RED,-0.250635533,0.210638903,0.0119470887,-9.73338467e-18,-9.99864196e-18,-2.2316977e-16,9.16774069e-16,-7.63299107e-16,8.25914339e-18,0,0,0,0.000638710589,-0.001364557,-0.0117562403,
149.04,object_red_01,RED,-0.250635533,0.210638903,0.0119470887,-1.26861853e-17,-7.46493166e-18,-2.26738572e-16,1.18821431e-15,-6.55765654e-16,5.38827516e-18,0,0,0,0.000638710581,-0.00136455696,-0.0117562403,
149.08,object_red_01,RED,-0.250635533,0.210638903,0.0119470887,-6.72656408e-18,-1.41721194e-17,-2.19600967e-16,1.07888421e-15,-9.48166717e-16,-2.99112745e-18,0,0,0,0.000638710559,-0.00136455694,-0.0117562403,
149.12,object_red_01,RED,-0.250635533,0.210638903,0.0119470887,-8.87255049e-18,-8.88164863e-18,-2.2316977e-16,1.6795714e-15,-1.12312334e-15,-2.92804486e-18,0,0,0,0.000638710564,-0.00136455697,-0.0117562403,
149.16,object_red_01,RED,-0.250635533,0.210638903,0.0119470887,-1.0624714e-17,-7.38128785e-18,-2.33876177e-16,1.63810137e-15,-5.57343041e-16,2.52538529e-19,0,0,0,0.000638710553,-0.00136455693,-0.0117562403,
149.2,object_red_01,RED,-0.250635533,0.210638903,0.0119470887,-9.68459245e-18,-1.0976229e-17,-2.30307375e-16,1.00976748e-15,-8.31620599e-16,4.10855476e-19,0,0,0,0.000638710531,-0.00136455692,-0.0117562403,
149.24,object_red_01,RED,-0.250635533,0.210638903,0.0119470887,-7.28767462e-18,-9.83309693e-18,-2.30307375e-16,1.92462162e-15,-6.65995715e-16,8.55990489e-18,0,0,0,0.000638710537,-0.00136455695,-0.0117562403,
149.28,object_red_01,RED,-0.250635533,0.210638903,0.0119470887,-1.31772714e-19,-8.0173293e-18,-2.2316977e-16,1.99248168e-15,5.41578558e-16,2.22071527e-18,0,0,0,0.000638710523,-0.0013645569,-0.0117562403,
149.32,object_red_01,RED,-0.250635533,0.210638903,0.0119470887,1.21175593e-18,-1.14292996e-17,-2.30307375e-16,1.05375086e-15,5.72592726e-16,7.34139348e-18,0,0,0,0.000638710502,-0.0013645569,-0.0117562403,
149.36,object_red_01,RED,-0.250635533,0.210638903,0.0119470887,-4.99008381e-18,-7.98247771e-18,-2.33876177e-16,8.41374004e-16,-1.22141341e-15,2.75020203e-18,0,0,0,0.000638710507,-0.00136455692,-0.0117562403,
149.4,object_red_01,RED,-0.250635533,0.210638903,0.0119470887,-6.20814674e-18,-1.13491409e-17,-2.26738572e-16,1.53756795e-15,-4.81731894e-16,1.56083217e-19,0,0,0,0.00063871049,-0.00136455687,-0.0117562403,
149.44,object_red_01,RED,-0.250635533,0.210638903,0.0119470887,-4.77400397e-18,-1.07392382e-17,-2.16032165e-16,1.86178823e-15,-1.0243522e-15,4.01348173e-18,0,0,0,0.00063871047,-0.00136455687,-0.0117562403,
149.48,object_red_01,RED,-0.250635533,0.210638903,0.0119470887,-2.96694924e-18,-1.12393584e-17,-2.26738572e-16,1.03364417e-15,-1.02084727e-15,1.47227089e-18,0,0,0,0.000638710474,-0.00136455688,-0.0117562403,
149.52,object_red_01,RED,-0.250635533,0.210638903,0.0119470887,-4.61717184e-18,-1.2657818e-17,-2.33876177e-16,2.05280173e-15,-2.87900709e-16,4.39751371e-19,0,0,0,0.000638710456,-0.00136455684,-0.0117562403,
149.56,object_red_01,RED,-0.250635533,0.210638903,0.0119470887,-1.17687173e-17,-9.61178936e-18,-2.2316977e-16,7.96133964e-16,-9.05012942e-16,9.26911744e-19,0,0,0,0.000638710437,-0.00136455684,-0.0117562403,
149.6,object_red_01,RED,-0.250635533,0.210638903,0.0119470887,-1.39016344e-17,-1.37992074e-17,-2.19600967e-16,8.84100708e-16,-7.01064599e-16,-4.23869608e-19,0,0,0,0.00063871044,-0.00136455685,-0.0117562403,
149.64,object_red_01,RED,-0.250635533,0.210638903,0.0119470887,-6.11404746e-18,-1.16279536e-17,-2.30307375e-16,1.83791154e-15,-6.79887591e-17,-5.1395983e-18,0,0,0,0.00063871042,-0.00136455681,-0.0117562403,
149.68,object_red_01,RED,-0.250635533,0.210638903,0.0119470887,-9.12086804e-18,-1.26003129e-17,-2.19600967e-16,1.79895484e-15,-6.97392773e-16,-4.06776262e-19,0,0,0,0.000638710403,-0.00136455681,-0.0117562403,
149.72,object_red_01,RED,-0.250635533,0.210638903,0.0119470887,-9.15484834e-18,-1.39961189e-17,-2.19600967e-16,1.55390463e-15,-8.12716585e-16,3.00782318e-18,0,0,0,0.000638710402,-0.00136455681,-0.0117562403,
149.76,object_red_01,RED,-0.250635533,0.210638903,0.0119470887,-6.41289981e-18,-9.79301761e-18,-2.2316977e-16,1.81152152e-15,-2.89770984e-16,1.34529175e-18,0,0,0,0.000638710381,-0.00136455677,-0.0117562403,
149.8,object_red_01,RED,-0.250635533,0.210638903,0.0119470887,-8.30621222e-18,-5.59688665e-18,-2.2316977e-16,1.33775777e-15,-1.00508002e-15,2.90322818e-18,0,0,0,0.000638710366,-0.00136455678,-0.0117562403,
149.84,object_red_01,RED,-0.250635533,0.210638903,0.0119470887,-8.9474814e-18,-1.27100954e-17,-2.30307375e-16,1.14925761e-15,-7.05909643e-16,3.60389405e-19,0,0,0,0.000638710363,-0.00136455677,-0.0117562403,
149.88,object_red_01,RED,-0.250635533,0.210638903,0.0119470887,-8.2155981e-18,-7.89360617e-18,-2.26738572e-16,-3.56230378e-16,-6.93971299e-16,-1.89349042e-18,0,0,0,0.000638710342,-0.00136455674,-0.0117562403,
149.92,object_red_01,RED,-0.250635533,0.210638903,0.0119470887,-4.49257742e-18,-8.93392601e-18,-2.2316977e-16,1.65286745e-16,-1.25329645e-15,-2.4640826e-18,0,0,0,0.000638710327,-0.00136455674,-0.0117562403,
149.96,object_red_01,RED,-0.250635533,0.210638903,0.0119470887,-3.50104979e-18,-2.89414615e-18,-2.2316977e-16,1.10778757e-15,-1.49554351e-16,6.44928359e-18,0,0,0,0.000638710322,-0.00136455673,-0.0117562403,
150,object_red_01,RED,-0.250635533,0.210638903,0.0119470887,1.22831043e-18,-6.62326586e-18,-2.16032165e-16,1.94849831e-15,1.07335029e-15,9.21213962e-19,0,0,0,0.000638710301,-0.00136455671,-0.0117562403,
150.04,object_red_01,RED,-0.250635533,0.210638903,0.0119470887,-2.8101171e-18,-3.04749313e-18,-2.26738572e-16,8.61480688e-16,-2.08195381e-17,4.86285825e-18,0,0,0,0.000638710287,-0.00136455671,-0.0117562403,
150.08,object_red_01,RED,-0.250635533,0.210638903,0.0119470887,-5.22968846e-18,-8.25606266e-18,-2.2316977e-16,-2.51926953e-16,-7.26006509e-16,-2.64844655e-18,0,0,0,0.000638710277,-0.00136455669,-0.0117562403,
150.12,object_red_01,RED,-0.250635533,0.210638903,0.0119470887,-9.47199777e-18,2.65248377e-18,-2.26738572e-16,7.25760569e-16,-1.4963733e-15,5.82863232e-18,0,0,0,0.000638710258,-0.00136455667,-0.0117562403,
150.16,object_red_01,RED,-0.250635533,0.210638903,0.0119470887,-1.46048943e-18,-6.58492911e-18,-2.26738572e-16,1.18821431e-15,-1.17501488e-15,4.93977831e-18,0,0,0,0.000638710244,-0.00136455667,-0.0117562403,
150.2,object_red_01,RED,-0.250635533,0.210638903,0.0119470887,-1.19908962e-17,-6.03950179e-18,-2.30307375e-16,1.22560041e-16,-1.53619396e-15,4.60930695e-18,0,0,0,0.000638710231,-0.00136455665,-0.0117562403,
150.24,object_red_01,RED,-0.250635533,0.210638903,0.0119470887,-9.268116e-18,-1.03262469e-17,-2.2316977e-16,8.43887339e-16,-1.3123942e-15,-4.127428e-18,0,0,0,0.000638710214,-0.00136455663,-0.0117562403,
150.28,object_red_01,RED,-0.250635533,0.210638903,0.0119470887,-7.31904105e-18,-5.30064817e-18,-2.2316977e-16,1.47222122e-15,-1.67078014e-15,3.14375598e-18,0,0,0,0.000638710199,-0.00136455662,-0.0117562403,
150.32,object_red_01,RED,-0.250635533,0.210638903,0.0119470887,-1.15352117e-17,8.00568739e-18,-2.33876177e-16,4.78197019e-16,-1.6262077e-15,2.58781524e-18,0,0,0,0.000638710183,-0.00136455661,-0.0117562403,
150.36,object_red_01,RED,-0.250635533,0.210638903,0.0119470887,-1.2862315e-18,5.81178004e-18,-2.2316977e-16,-1.15672774e-15,-2.08109198e-15,7.75513533e-19,0,0,0,0.000638710171,-0.0013645566,-0.0117562403,
150.4,object_red_01,RED,-0.250635533,0.210638903,0.0119470887,-4.115309e-18,1.00201091e-17,-2.19600967e-16,-1.56640144e-15,1.84513296e-17,2.3639738e-18,0,0,0,0.000638710207,-0.00136455664,-0.0117562403,
150.44,object_red_01,RED,-0.250635533,0.210638903,0.0119470887,-2.48948251e-18,3.73462552e-18,-2.19600967e-16,-1.55257809e-15,-8.39521736e-18,4.09813449e-18,0,0,0,0.000638710315,-0.00136455674,-0.0117562403,
150.48,object_red_01,RED,-0.250635533,0.210638903,0.0119470887,-1.1267855e-18,1.01194361e-17,-2.26738572e-16,-7.80984082e-16,-2.64338189e-16,2.24676228e-18,0,0,0,0.000638710437,-0.00136455684,-0.0117562403,
150.52,object_red_01,RED,-0.250635533,0.210638903,0.0119470887,-2.96446458e-19,7.92727132e-18,-2.2316977e-16,-8.94084181e-16,2.97780103e-16,2.55240759e-18,0,0,0,0.000638710519,-0.0013645569,-0.0117562403,
150.56,object_red_01,RED,-0.250635533,0.210638903,0.0119470887,-4.5361419e-18,7.95341001e-18,-2.2316977e-16,-8.63924155e-16,1.2226897e-17,5.74845639e-18,0,0,0,0.000638710553,-0.00136455693,-0.0117562403,
150.6,object_red_01,RED,-0.250635533,0.210638903,0.0119470887,-4.34794334e-18,7.94121195e-18,-2.2316977e-16,-1.00592761e-15,-4.1784801e-16,7.87413611e-18,0,0,0,0.000638710558,-0.00136455694,-0.0117562403,
150.64,object_red_01,RED,-0.250635533,0.210638903,0.0119470887,8.72924304e-18,3.53074374e-18,-2.19600967e-16,-4.59277134e-16,7.63120442e-17,6.09846301e-18,0,0,0,0.000638710552,-0.00136455694,-0.0117562403,
150.68,object_red_01,RED,-0.250635533,0.210638903,0.0119470887,6.24519624e-18,2.54270127e-18,-2.2316977e-16,-1.02477763e-15,-3.42879924e-16,6.26776853e-18,0,0,0,0.000638710546,-0.00136455693,-0.0117562403,
150.72,object_red_01,RED,-0.250635533,0.210638903,0.0119470887,6.94951958e-20,3.01319769e-18,-2.26738572e-16,-6.18873941e-16,4.6726335e-16,4.11807673e-18,0,0,0,0.000638710543,-0.00136455693,-0.0117562403,
150.76,object_red_01,RED,-0.250635533,0.210638903,0.0119470887,9.85220619e-19,3.05850475e-18,-2.26738572e-16,-1.24218115e-15,1.81759233e-16,8.23838719e-18,0,0,0,0.000638710542,-0.00136455693,-0.0117562403,
150.8,object_red_01,RED,-0.250635533,0.210638903,0.0119470887,-3.18477165e-18,3.74932621e-19,-2.2316977e-16,-7.14380691e-16,5.60109499e-16,1.12171063e-17,0,0,0,0.000638710542,-0.00136455693,-0.0117562403,
150.84,object_red_01,RED,-0.250635533,0.210638903,0.0119470887,-9.73438517e-19,-3.49185085e-18,-2.19600967e-16,-6.09134525e-17,4.96912855e-16,5.15873594e-18,0,0,0,0.000638710542,-0.00136455693,-0.0117562406,
150.88,object_red_01,RED,-0.250635533,0.210638903,0.0119470887,-4.3427156e-18,-5.09153865e-18,-2.26738572e-16,-1.79040223e-16,5.78369084e-20,1.0676224e-17,0,0,0,0.000638710543,-0.00136455693,-0.0117563875,
150.92,object_red_01,RED,-0.250635533,0.210638903,0.0119470887,-7.17092181e-18,7.47594328e-18,-2.30307375e-16,-1.07127434e-15,-3.78169708e-16,7.68814423e-18,0,0,0,0.000638710543,-0.00136455693,-0.011757366,
150.96,object_red_01,RED,-0.250635533,0.210638903,0.0119470887,-8.40989569e-18,-1.88345015e-18,-2.26738572e-16,-3.10990338e-16,-9.76824439e-17,1.28519628e-17,0,0,0,0.000638710543,-0.00136455693,-0.0117599595,
151,object_red_01,RED,-0.250635533,0.210638903,0.0119470887,-2.5827105e-18,4.76002221e-19,-2.2316977e-16,-1.15547108e-15,3.95299678e-17,1.06697122e-17,0,0,0,0.000638710543,-0.00136455693,-0.0117649183,
151.04,object_red_01,RED,-0.250635533,0.210638903,0.0119470887,-3.34770282e-18,5.613126e-18,-2.2316977e-16,-1.4156013e-15,3.53299292e-16,1.24783511e-17,0,0,0,0.000638710543,-0.00136455693,-0.0117729605,
151.08,object_red_01,RED,-0.250635533,0.210638903,0.0119470887,-7.5333783e-18,-3.4204051e-18,-2.2316977e-16,4.43327133e-18,-3.28600055e-16,8.06826769e-18,0,0,0,0.000638710543,-0.00136455693,-0.0117847734,
151.12,object_red_01,RED,-0.250635533,0.210638903,0.0119470887,-4.13273479e-18,7.15356611e-18,-2.16032165e-16,-1.25474783e-15,-3.56408738e-16,7.47284946e-18,0,0,0,0.000638710543,-0.00136455693,-0.0118010133,
151.16,object_red_01,RED,-0.250635533,0.210638903,0.0119470887,-5.08766825e-18,3.89145765e-18,-2.2316977e-16,-8.80260836e-16,-2.06006224e-16,1.13119337e-17,0,0,0,0.000638710543,-0.00136455693,-0.0118223073,
151.2,object_red_01,RED,-0.250635533,0.210638903,0.0119470887,-6.3719492e-18,-3.32979098e-18,-2.2316977e-16,5.95067121e-16,-5.26908119e-16,9.73120611e-18,0,0,0,0.000638710543,-0.00136455693,-0.0118492514,
151.24,object_red_01,RED,-0.250635533,0.210638903,0.0119470887,-3.68402062e-18,-3.79331707e-18,-2.2316977e-16,1.99216775e-16,3.17248828e-17,1.22748588e-17,0,0,0,0.000638710543,-0.00136455693,-0.0118824113,
151.28,object_red_01,RED,-0.250635533,0.210638903,0.0119470887,-3.15776167e-18,4.69130155e-18,-2.2316977e-16,-3.00936996e-16,2.73952504e-16,1.07507021e-17,0,0,0,0.000638710543,-0.00136455693,-0.0119223244,
151.32,object_red_01,RED,-0.250635533,0.210638903,0.0119470887,-6.05828492e-18,1.81506319e-19,-2.19600967e-16,4.97047036e-16,-6.14015812e-16,4.01958649e-18,0,0,0,0.000638710543,-0.00136455693,-0.0119694997,
151.36,object_red_01,RED,-0.250635533,0.210638903,0.0119470887,-3.52631719e-18,5.40053133e-18,-2.19600967e-16,-6.15103937e-16,-2.57745592e-16,8.47484515e-18,0,0,0,0.000638710543,-0.00136455693,-0.0120244177,
151.4,object_red_01,RED,-0.250635533,0.210638903,0.0119470887,-6.18113676e-18,4.83942079e-18,-2.19600967e-16,1.52720068e-16,-6.83014727e-16,3.34399233e-18,0,0,0,0.000638710543,-0.00136455693,-0.0120875313,
151.44,object_red_01,RED,-0.250635533,0.210638903,0.0119470887,-4.40196329e-18,8.41867868e-18,-2.2316977e-16,-1.08761102e-15,-6.0464971e-16,2.03106053e-18,0,0,0,0.000638710543,-0.00136455693,-0.0121592668,
151.48,object_red_01,RED,-0.250635533,0.210638903,0.0119470887,-8.85425341e-18,3.26587168e-18,-2.2316977e-16,2.06756782e-16,-5.65609559e-16,3.76969805e-18,0,0,0,0.000638710543,-0.00136455693,-0.0122400254,
151.52,object_red_01,RED,-0.250635533,0.210638903,0.0119470887,-3.21962324e-18,1.00166239e-17,-2.19600967e-16,-1.06373433e-15,1.71691164e-16,7.62668957e-18,0,0,0,0.000638710543,-0.00136455693,-0.0123301762,
151.56,object_red_01,RED,-0.250635533,0.210638903,0.0119470887,-3.93582333e-18,7.99174675e-18,-2.19600967e-16,-1.02352096e-15,4.87487847e-16,5.72403732e-18,0,0,0,0.000638710543,-0.00136455693,-0.0124300658,
151.6,object_red_01,RED,-0.250635533,0.210638903,0.0119470887,-3.53938654e-18,5.83443358e-18,-2.2316977e-16,-5.00747171e-16,-2.86658768e-16,6.47695854e-18,0,0,0,0.000638710543,-0.00136455693,-0.0125400147,
151.64,object_red_01,RED,-0.250635533,0.210638903,0.0119470887,-3.94017978e-18,5.70374013e-18,-2.16032165e-16,-8.03604102e-16,4.57612534e-16,5.39031008e-18,0,0,0,0.000638710543,-0.00136455693,-0.0126603186,
151.68,object_red_01,RED,-0.250635533,0.210638903,0.0119470887,1.01571576e-18,1.06805466e-17,-2.26738572e-16,-1.04739765e-15,7.68392363e-16,6.72562603e-18,0,0,0,0.000638710543,-0.00136455693,-0.0127912359,
151.72,object_red_01,RED,-0.250635533,0.210638903,0.0119470887,-7.29464494e-18,9.7726628e-18,-2.2316977e-16,-5.86200579e-16,5.21899138e-17,3.5670198e-18,0,0,0,0.000638710543,-0.00136455693,-0.0129330498,
151.76,object_red_01,RED,-0.250635533,0.210638903,0.0119470887,-4.06564549e-18,2.55315675e-18,-2.19600967e-16,3.70123591e-16,-9.25311072e-16,6.90958299e-18,0,0,0,0.000638710543,-0.00136455693,-0.0130859505,
151.8,object_red_01,RED,-0.250635533,0.210638903,0.0119470887,-3.52108946e-18,9.84236597e-18,-2.2316977e-16,-6.86734e-16,3.83640946e-16,5.83066725e-18,0,0,0,0.000638710543,-0.00136455693,-0.0132501463,
151.84,object_red_01,RED,-0.250635533,0.210638903,0.0119470887,-4.55531027e-18,9.29171091e-18,-2.12463363e-16,-8.21197451e-16,-9.1713272e-17,4.80628741e-18,0,0,0,0.000638710543,-0.00136455693,-0.0134258131,
151.88,object_red_01,RED,-0.250635533,0.210638903,0.0119470887,-1.39514271e-18,5.46500676e-18,-2.2316977e-16,-2.90883654e-16,-5.60533799e-16,6.38498005e-18,0,0,0,0.000638710543,-0.00136455693,-0.0136131049,
151.92,object_red_01,RED,-0.250635533,0.210638903,0.0119470887,-2.87372125e-18,1.13793209e-17,-2.16032165e-16,-9.70740915e-16,1.56728964e-16,9.04543733e-18,0,0,0,0.000638710543,-0.00136455693,-0.0138121401,
151.96,object_red_01,RED,-0.250635533,0.210638903,0.0119470887,-5.24537168e-18,3.64401139e-18,-2.19600967e-16,2.21836795e-16,-2.09295159e-16,8.84886384e-18,0,0,0,0.000638710543,-0.00136455693,-0.0140230688,
152,object_red_01,RED,-0.250635533,0.210638903,0.0119470887,-5.02145024e-18,7.88022168e-18,-2.19600967e-16,-1.79040223e-16,4.27256347e-17,7.31371854e-18,0,0,0,0.000638710543,-0.00136455693,-0.0142459407,
152.04,object_red_01,RED,-0.250635533,0.210638903,0.0119470887,-5.76466031e-18,7.5247355e-18,-2.19600967e-16,-1.21830447e-15,-5.81514067e-17,9.1744514e-18,0,0,0,0.000638710543,-0.00136455693,-0.0144808376,
152.08,object_red_01,RED,-0.250635533,0.210638903,0.0119470887,-4.15451703e-18,2.82325654e-18,-2.2316977e-16,3.56300246e-16,-1.32942774e-16,6.3958073e-19,0,0,0,0.000638710543,-0.00136455693,-0.014727784,
152.12,object_red_01,RED,-0.250635533,0.210638903,0.0119470887,-6.93828747e-18,1.64353035e-18,-2.19600967e-16,5.88783783e-16,-1.05440423e-15,2.829564e-18,0,0,0,0.000638710543,-0.00136455693,-0.0149868805,
152.16,object_red_01,RED,-0.250635533,0.210638903,0.0119470887,-8.35674702e-18,3.00971253e-18,-2.2316977e-16,-7.09667946e-17,-4.28279335e-16,5.51118446e-18,0,0,0,0.000638710543,-0.00136455693,-0.0152580598,
152.2,object_red_01,RED,-0.250635533,0.210638903,0.0119470887,-8.96765027e-19,7.79832045e-18,-2.19600967e-16,-5.77403904e-16,5.09469715e-16,1.09411708e-17,0,0,0,0.000638710543,-0.00136455693,-0.0155413377,
152.24,object_red_01,RED,-0.250635533,0.210638903,0.0119470887,-5.7655316e-18,5.48940287e-18,-2.16032165e-16,-1.16049775e-15,-2.00680112e-16,9.89994332e-19,0,0,0,0.000638710543,-0.00136455693,-0.0158366776,
152.28,object_red_01,RED,-0.250635533,0.210638903,0.0119470887,-5.38664981e-19,7.92552874e-18,-2.2316977e-16,-1.10520437e-15,5.66667734e-16,7.18429749e-18,0,0,0,0.000638710543,-0.00136455693,-0.0161440531,
152.32,object_red_01,RED,-0.250635533,0.210638903,0.0119470887,-4.37669589e-18,1.05585661e-17,-2.2316977e-16,-1.50482472e-15,-2.51226628e-16,5.78142213e-18,0,0,0,0.000638710543,-0.00136455693,-0.0164633787,
152.36,object_red_01,RED,-0.250635533,0.210638903,0.0119470887,-5.46493667e-18,1.81430313e-18,-2.16032165e-16,-5.6200708e-18,-1.01456885e-15,3.57760139e-18,0,0,0,0.000638710543,-0.00136455693,-0.0167945554,
152.4,object_red_01,RED,-0.250635533,0.210638903,0.0119470887,-4.274755e-18,7.25289313e-18,-2.16032165e-16,-8.08630773e-16,-4.3174008e-16,3.52672834e-18,0,0,0,0.000638710543,-0.00136455693,-0.0171375614,
152.44,object_red_01,RED,-0.250635533,0.210638903,0.0119470887,-4.8985984e-18,6.67958454e-18,-2.2316977e-16,-1.13536439e-15,-7.26286314e-16,5.23362107e-18,0,0,0,0.000638710543,-0.00136455693,-0.0174922011,
152.48,object_red_01,RED,-0.250635533,0.210638903,0.0119470887,-7.74684426e-18,1.97810558e-18,-2.2316977e-16,1.81623426e-16,-8.25258718e-16,2.37374142e-18,0,0,0,0.000638710543,-0.00136455693,-0.0178583666,
152.52,object_red_01,RED,-0.250635533,0.210638903,0.0119470887,-8.90478821e-18,3.53248632e-18,-2.26738572e-16,-1.14950166e-16,-1.28735883e-16,1.12836904e-18,0,0,0,0.000638710543,-0.00136455693,-0.018235918,
152.56,object_red_01,RED,-0.250635533,0.210638903,0.0119470887,-3.67443644e-18,9.17321552e-18,-2.19600967e-16,-8.43817471e-16,6.16561371e-16,3.82260603e-18,0,0,0,0.000638710543,-0.00136455693,-0.0186246867,
152.6,object_red_01,RED,-0.250635533,0.210638903,0.0119470887,-6.30050344e-18,3.92630924e-18,-2.26738572e-16,3.58499655e-17,-4.75909988e-16,5.26048205e-18,0,0,0,0.000638710543,-0.00136455693,-0.0190245008,
152.64,object_red_01,RED,-0.250635533,0.210638903,0.0119470887,-6.70229718e-19,8.73060038e-18,-2.19600967e-16,-1.66190819e-15,3.53186388e-16,8.96119155e-18,0,0,0,0.000638710543,-0.00136455693,-0.019435163,
152.68,object_red_01,RED,-0.250635533,0.210638903,0.0119470887,-4.28085403e-18,5.40401649e-18,-2.2316977e-16,-4.70901071e-17,-1.2715523e-16,6.11555635e-18,0,0,0,0.000638710543,-0.00136455693,-0.0198564743,
152.72,object_red_01,RED,-0.250635533,0.210638903,0.0119470887,-4.62588473e-18,6.45653439e-18,-2.19600967e-16,-8.61410819e-16,-3.92523016e-17,6.79562735e-18,0,0,0,0.000638710543,-0.00136455693,-0.0202882186,
152.76,object_red_01,RED,-0.250635533,0.210638903,0.0119470887,-5.04846022e-18,6.99499139e-18,-2.2316977e-16,-1.10143436e-15,2.98055192e-17,8.59734746e-18,0,0,0,0.000638710543,-0.00136455693,-0.0207301562,
152.8,object_red_01,RED,-0.250635533,0.210638903,0.0119470887,-3.17605875e-18,7.14485321e-18,-2.19600967e-16,-1.35402458e-15,2.20229957e-16,6.27021044e-18,0,0,0,0.000638710543,-0.00136455693,-0.0211820521,
152.84,object_red_01,RED,-0.250635533,0.210638903,0.0119470887,-1.3280534e-18,1.10830824e-17,-2.2316977e-16,-1.20322445e-15,4.07802347e-16,9.50695768e-18,0,0,0,0.000638710543,-0.00136455693,-0.0216436415,
152.88,object_red_01,RED,-0.250635533,0.210638903,0.0119470887,-1.78112402e-18,4.26262704e-18,-2.16032165e-16,-1.47623528e-16,2.61729639e-17,7.27057819e-18,0,0,0,0.000638710543,-0.00136455693,-0.0221146687,
152.92,object_red_01,RED,-0.250635533,0.210638903,0.0119470887,-8.21908326e-18,3.32686196e-18,-2.19600967e-16,9.99400216e-17,-3.13205875e-16,9.42881667e-18,0,0,0,0.000638710543,-0.00136455693,-0.022594844,
152.96,object_red_01,RED,-0.250635533,0.210638903,0.0119470887,-7.55603183e-18,1.64178777e-18,-2.26738572e-16,3.07290203e-16,-8.51908911e-16,6.94661858e-18,0,0,0,0.000638710543,-0.00136455693,-0.0230838875,
153,object_red_01,RED,-0.250635533,0.210638903,0.0119470887,4.06684291e-19,1.07485072e-17,-2.30307375e-16,-1.82653166e-15,6.48061516e-16,3.80998951e-18,0,0,0,0.000638710543,-0.00136455693,-0.0235814948,
153.04,object_red_01,RED,-0.250635533,0.210638903,0.0119470887,-9.74819659e-18,5.0388349e-19,-2.26738572e-16,3.78920266e-16,-5.98601997e-16,4.95931356e-18,0,0,0,0.000638710543,-0.00136455693,-0.0240873573,
153.08,object_red_01,RED,-0.250635533,0.210638903,0.0119470887,-7.02280256e-18,1.15134995e-17,-2.26738572e-16,-1.31129788e-15,2.53261665e-16,8.54973028e-18,0,0,0,0.000638710543,-0.00136455693,-0.0246011552,
153.12,object_red_01,RED,-0.250635533,0.210638903,0.0119470887,-4.70081564e-18,5.67934402e-18,-2.26738572e-16,-5.39703871e-16,-3.62692077e-16,6.92830428e-18,0,0,0,0.000638710543,-0.00136455693,-0.025122564,
153.16,object_red_01,RED,-0.250635533,0.210638903,0.0119470887,-7.27286269e-18,4.45779593e-18,-2.19600967e-16,-4.78127151e-16,-3.00575382e-16,5.07978096e-18,0,0,0,0.000638710543,-0.00136455693,-0.0256512417,
153.2,object_red_01,RED,-0.250635533,0.210638903,0.0119470887,-2.7848497e-18,6.47744534e-18,-2.26738572e-16,-5.6860723e-16,-1.35691542e-17,6.11474238e-18,0,0,0,0.000638710543,-0.00136455693,-0.0261868507,
153.24,object_red_01,RED,-0.250635533,0.210638903,0.0119470887,-1.87783717e-18,2.84242491e-18,-2.2316977e-16,2.93466858e-16,-3.93205541e-16,4.20883426e-18,0,0,0,0.000638710543,-0.00136455693,-0.026729018,
153.28,object_red_01,RED,-0.250635533,0.210638903,0.0119470887,-4.81495459e-18,3.49240699e-18,-2.16032165e-16,6.81777197e-16,-5.44727275e-16,1.1975564e-18,0,0,0,0.000638710543,-0.00136455693,-0.0272774364,
153.32,object_red_01,RED,-0.250635533,0.210638903,0.0119470887,-5.86398733e-18,3.17700014e-18,-2.26738572e-16,9.2400015e-17,-3.34633042e-16,2.3037401e-18,0,0,0,0.000638710543,-0.00136455693,-0.0278316845,
153.36,object_red_01,RED,-0.250635533,0.210638903,0.0119470887,-5.09550986e-18,7.71119148e-18,-2.2316977e-16,-7.78470747e-16,2.85488321e-16,3.90237498e-18,0,0,0,0.000638710543,-0.00136455693,-0.0283914186,
153.4,object_red_01,RED,-0.250635533,0.210638903,0.0119470887,-2.90683025e-18,1.05550809e-17,-2.2316977e-16,-1.6418015e-15,1.32130674e-16,6.43544612e-18,0,0,0,0.000638710543,-0.00136455693,-0.0289562483,
153.44,object_red_01,RED,-0.250635533,0.210638903,0.0119470887,-7.80870583e-18,1.59473813e-18,-2.26738572e-16,4.14106963e-16,-7.90199651e-16,4.83314839e-18,0,0,0,0.000638710543,-0.00136455693,-0.0295257933,
153.48,object_red_01,RED,-0.250635533,0.210638903,0.0119470887,-6.17155258e-18,9.75872216e-18,-2.19600967e-16,-1.19065777e-15,-3.81085376e-17,5.29629668e-18,0,0,0,0.000638710543,-0.00136455693,-0.0300996651,
153.52,object_red_01,RED,-0.250635533,0.210638903,0.0119470887,-3.55681233e-18,9.66636546e-18,-2.19600967e-16,-1.25223449e-15,5.72214937e-17,7.5607581e-18,0,0,0,0.000638710543,-0.00136455693,-0.030677465,
153.56,object_red_01,RED,-0.250635533,0.210638903,0.0119470887,-4.51523095e-18,9.52521654e-18,-2.16032165e-16,-1.23464115e-15,1.93373592e-16,1.87722041e-18,0,0,0,0.000638710543,-0.00136455693,-0.0312588105,
153.6,object_red_01,RED,-0.250635533,0.210638903,0.0119470887,-5.87618538e-18,8.61733272e-18,-2.30307375e-16,-9.69484247e-16,9.9732208e-17,4.51732846e-18,0,0,0,0.000638710543,-0.00136455693,-0.0318432791,
153.64,object_red_01,RED,-0.250635533,0.210638903,0.0119470887,-6.43293947e-18,1.16407078e-17,-2.16032165e-16,-1.15295774e-15,6.2871783e-18,5.43589234e-18,0,0,0,0.000638710543,-0.00136455693,-0.0324304869,
153.68,object_red_01,RED,-0.250635533,0.210638903,0.0119470887,-2.30041266e-18,9.25163159e-18,-2.16032165e-16,-1.49100137e-15,6.30993415e-16,3.77173297e-18,0,0,0,0.000638710543,-0.00136455693,-0.0330200105,
153.72,object_red_01,RED,-0.250635533,0.210638903,0.0119470887,-6.09749296e-18,7.78786497e-18,-2.26738572e-16,-1.03483097e-15,-9.34951876e-17,7.13790126e-18,0,0,0,0.000638710543,-0.00136455693,-0.0336114444,
153.76,object_red_01,RED,-0.250635533,0.210638903,0.0119470887,-6.38937499e-18,5.24718435e-18,-2.26738572e-16,-3.18530345e-16,-2.57077987e-16,3.97481821e-18,0,0,0,0.000638710543,-0.00136455693,-0.034204377,
153.8,object_red_01,RED,-0.250635533,0.210638903,0.0119470887,-3.41479212e-18,1.71846126e-18,-2.26738572e-16,4.02796953e-16,-9.20883281e-16,6.6522075e-19,0,0,0,0.000638710543,-0.00136455693,-0.0347983928,
153.84,object_red_01,RED,-0.250635533,0.210638903,0.0119470887,-6.00600754e-18,2.41549298e-18,-2.26738572e-16,-3.72567058e-16,-7.25329087e-16,4.44854809e-18,0,0,0,0.000638710543,-0.00136455693,-0.0353930807,
153.88,object_red_01,RED,-0.250635533,0.210638903,0.0119470887,-1.29842956e-18,9.19586905e-18,-2.2316977e-16,-1.55509143e-15,1.02434515e-15,8.58920777e-18,0,0,0,0.000638710543,-0.00136455693,-0.0359880214,
153.92,object_red_01,RED,-0.250635533,0.210638903,0.0119470887,-1.06682785e-17,1.86734057e-19,-2.19600967e-16,1.80366759e-16,-6.7388425e-16,5.83392312e-18,0,0,0,0.000638710543,-0.00136455693,-0.0365828001,
153.96,object_red_01,RED,-0.250635533,0.210638903,0.0119470887,-6.93131715e-18,5.43364034e-18,-2.19600967e-16,-3.26070351e-16,-4.68409253e-16,3.35823678e-18,0,0,0,0.000638710543,-0.00136455693,-0.0371770007,
154,object_red_01,RED,-0.250635533,0.210638903,0.0119470887,-4.81756846e-18,7.0281004e-18,-2.16032165e-16,-4.44197121e-16,4.52414053e-16,8.02838322e-18,0,0,0,0.000638710543,-0.00136455693,-0.0377702107,
154.04,object_red_01,RED,-0.250635533,0.210638903,0.0119470887,-2.35269003e-18,5.64623501e-18,-2.2316977e-16,-7.88524089e-16,-1.13400609e-16,3.89708418e-18,0,0,0,0.000638710543,-0.00136455693,-0.0383620097,
154.08,object_red_01,RED,-0.250635533,0.210638903,0.0119470887,-9.17675979e-19,9.48513721e-18,-2.26738572e-16,-1.76369828e-15,6.5892482e-16,4.55843389e-18,0,0,0,0.000638710543,-0.00136455693,-0.0389519919,
154.12,object_red_01,RED,-0.250635533,0.210638903,0.0119470887,-7.15175343e-18,2.1279674e-18,-2.2316977e-16,9.86833538e-17,-7.65346101e-16,5.46600919e-18,0,0,0,0.000638710543,-0.00136455693,-0.0395397417,
154.16,object_red_01,RED,-0.250635533,0.210638903,0.0119470887,-3.67792159e-18,6.48441566e-18,-2.2316977e-16,1.21303374e-16,2.62220525e-17,3.70783641e-18,0,0,0,0.000638710543,-0.00136455693,-0.0401248521,
154.2,object_red_01,RED,-0.250635533,0.210638903,0.0119470887,-6.72395021e-18,2.08963065e-18,-2.2316977e-16,-4.01470417e-16,-6.76564487e-16,-1.03734184e-20,0,0,0,0.000638710543,-0.00136455693,-0.0407069227,
154.24,object_red_01,RED,-0.250635533,0.210638903,0.0119470887,-6.90604975e-18,3.99252725e-18,-2.30307375e-16,-5.44730542e-16,-9.51990717e-16,5.49164921e-18,0,0,0,0.000638710543,-0.00136455693,-0.0412855398,
154.28,object_red_01,RED,-0.250635533,0.210638903,0.0119470887,-3.9044569e-18,6.00869151e-18,-2.19600967e-16,3.20799622e-17,3.42018735e-16,5.96700703e-18,0,0,0,0.000638710543,-0.00136455693,-0.0418603174,
154.32,object_red_01,RED,-0.250635533,0.210638903,0.0119470887,-4.04560583e-18,6.33803899e-18,-2.2316977e-16,-5.28393861e-16,4.81125966e-16,2.57764063e-18,0,0,0,0.000638710543,-0.00136455693,-0.0424308496,
154.36,object_red_01,RED,-0.250635533,0.210638903,0.0119470887,-3.78770409e-18,8.67135268e-18,-2.19600967e-16,-8.11144109e-16,2.49575112e-16,3.74405803e-18,0,0,0,0.000638710543,-0.00136455693,-0.0429967547,
154.4,object_red_01,RED,-0.250635533,0.210638903,0.0119470887,-4.63982537e-18,9.64022677e-18,-2.19600967e-16,-1.60535814e-15,1.6702284e-16,6.74312636e-18,0,0,0,0.000638710543,-0.00136455693,-0.043557644,
154.44,object_red_01,RED,-0.250635533,0.210638903,0.0119470887,-5.75594741e-18,3.14389113e-18,-2.19600967e-16,-2.68263634e-16,-8.338934e-16,4.31342926e-18,0,0,0,0.000638710543,-0.00136455693,-0.0441131361,
154.48,object_red_01,RED,-0.250635533,0.210638903,0.0119470887,-5.63832331e-18,1.34380671e-18,-2.19600967e-16,7.43353918e-16,-3.5859318e-16,7.56442096e-18,0,0,0,0.000638710543,-0.00136455693,-0.0446628626,
154.52,object_red_01,RED,-0.250635533,0.210638903,0.0119470887,-2.35007617e-18,9.17321552e-18,-2.2316977e-16,-5.43473875e-16,-2.34899764e-16,1.03461596e-17,0,0,0,0.000638710543,-0.00136455693,-0.0452064477,
154.56,object_red_01,RED,-0.250635533,0.210638903,0.0119470887,-4.2076657e-18,6.67958454e-18,-2.2316977e-16,-1.15044441e-15,2.92164562e-17,6.0333455e-18,0,0,0,0.000638710543,-0.00136455693,-0.045743559,
154.6,object_red_01,RED,-0.250635533,0.210638903,0.0119470887,-5.96854209e-18,8.39776773e-18,-2.19600967e-16,-1.36030792e-15,1.283214e-16,6.44155089e-18,0,0,0,0.000638710543,-0.00136455693,-0.0462737791,
154.64,object_red_01,RED,-0.250635533,0.210638903,0.0119470887,-1.06142585e-17,4.52924168e-18,-2.2316977e-16,-6.77937326e-16,-6.25870705e-16,6.83225595e-18,0,0,0,0.000638710543,-0.00136455693,-0.0467968389,
154.68,object_red_01,RED,-0.250635533,0.210638903,0.0119470887,-4.31047788e-18,6.45304923e-18,-2.16032165e-16,-8.12400777e-16,-3.16337726e-16,2.1336206e-18,0,0,0,0.000638710543,-0.00136455693,-0.04731233,
154.72,object_red_01,RED,-0.250635533,0.210638903,0.0119470887,-4.93606385e-18,8.79159065e-18,-2.16032165e-16,-6.36467289e-16,-6.3030812e-17,3.46649464e-18,0,0,0,0.000638710543,-0.00136455693,-0.0478199725,
154.76,object_red_01,RED,-0.250635533,0.210638903,0.0119470887,-6.14280002e-18,4.93003492e-18,-2.26738572e-16,5.34747069e-16,-9.15164461e-16,2.96875267e-18,0,0,0,0.000638710543,-0.00136455693,-0.0483194262,
154.8,object_red_01,RED,-0.250635533,0.210638903,0.0119470887,-8.56759912e-18,3.05676217e-18,-2.26738572e-16,-1.94434162e-17,-8.52046359e-16,6.03863629e-18,0,0,0,0.000638710543,-0.00136455693,-0.0488103853,
154.84,object_red_01,RED,-0.250635533,0.210638903,0.0119470887,-2.15839244e-18,6.78239672e-18,-2.2316977e-16,-7.43284049e-16,-3.01503156e-16,6.4700398e-18,0,0,0,0.000638710543,-0.00136455693,-0.049292544,
154.88,object_red_01,RED,-0.250635533,0.210638903,0.0119470887,-5.62699654e-18,2.73612758e-18,-2.2316977e-16,3.16086877e-16,-5.72909032e-16,5.89863365e-18,0,0,0,0.000638710543,-0.00136455693,-0.0497656386,
154.92,object_red_01,RED,-0.250635533,0.210638903,0.0119470887,-4.34968591e-18,3.67015008e-18,-2.26738572e-16,1.56490071e-16,-2.78750597e-16,-1.55284444e-18,0,0,0,0.000638710543,-0.00136455693,-0.0502293128,
154.96,object_red_01,RED,-0.250635533,0.210638903,0.0119470887,-2.91467186e-18,7.7181618e-18,-2.16032165e-16,-4.74357148e-16,-9.9829107e-16,4.53320086e-18,0,0,0,0.000638710543,-0.00136455693,-0.0506833746,
155,object_red_01,RED,-0.250635533,0.210638903,0.0119470887,-2.7343149e-18,7.73035986e-18,-2.19600967e-16,-4.54250463e-16,5.22556732e-16,5.97107688e-18,0,0,0,0.000638710543,-0.00136455693,-0.0511275312,
155.04,object_red_01,RED,-0.250635533,0.210638903,0.0119470887,-9.27247244e-18,5.81178004e-18,-2.2316977e-16,-1.3003018e-16,-3.84963568e-16,4.35249977e-18,0,0,0,0.000638710543,-0.00136455693,-0.0515615439,
155.08,object_red_01,RED,-0.250635533,0.210638903,0.0119470887,-2.07039219e-18,2.6838502e-18,-2.26738572e-16,-1.26260176e-16,-1.01845156e-16,5.5807788e-18,0,0,0,0.000638710543,-0.00136455693,-0.0519851774,
155.12,object_red_01,RED,-0.250635533,0.210638903,0.0119470887,-1.68353958e-18,8.43958963e-18,-2.19600967e-16,-1.09766436e-15,4.19284167e-16,6.63853136e-18,0,0,0,0.000638710543,-0.00136455693,-0.0523982122,
155.16,object_red_01,RED,-0.250635533,0.210638903,0.0119470887,-4.99966799e-18,5.19316439e-18,-2.2316977e-16,-8.06117438e-16,-5.63459479e-16,5.55798767e-18,0,0,0,0.000638710543,-0.00136455693,-0.0528004584,
155.2,object_red_01,RED,-0.250635533,0.210638903,0.0119470887,-3.84782308e-18,9.07737366e-18,-2.19600967e-16,-1.17180776e-15,-5.92127212e-16,6.8334769e-18,0,0,0,0.000638710543,-0.00136455693,-0.0531916646,
155.24,object_red_01,RED,-0.250635533,0.210638903,0.0119470887,-8.54071834e-19,3.94547761e-18,-2.26738572e-16,-2.4815695e-16,-4.23547002e-17,5.57996483e-18,0,0,0,0.000638710543,-0.00136455693,-0.053571708,
155.28,object_red_01,RED,-0.250635533,0.210638903,0.0119470887,-6.39198886e-18,5.3691649e-18,-2.19600967e-16,-7.37000711e-16,3.79345888e-17,6.77690607e-18,0,0,0,0.000638710543,-0.00136455693,-0.0539404045,
155.32,object_red_01,RED,-0.250635533,0.210638903,0.0119470887,-3.67530772e-18,6.9688527e-18,-2.19600967e-16,-6.33953954e-16,-6.66005532e-16,5.05576888e-18,0,0,0,0.000638710543,-0.00136455693,-0.0542976011,
155.36,object_red_01,RED,-0.250635533,0.210638903,0.0119470887,-2.16536276e-18,5.73859171e-18,-2.2316977e-16,-5.03260506e-16,-7.47256958e-16,7.85500784e-18,0,0,0,0.000638710543,-0.00136455693,-0.0546431645,
155.4,object_red_01,RED,-0.250635533,0.210638903,0.0119470887,-3.79467441e-18,9.99571295e-18,-2.16032165e-16,-6.45263964e-16,3.21548795e-16,6.35689813e-18,0,0,0,0.000638710543,-0.00136455693,-0.0549769728,
155.44,object_red_01,RED,-0.250635533,0.210638903,0.0119470887,-4.24774503e-18,7.1709919e-18,-2.16032165e-16,-6.60343977e-16,-6.1570446e-16,3.68708021e-18,0,0,0,0.000638710543,-0.00136455693,-0.0552989347,
155.48,object_red_01,RED,-0.250635533,0.210638903,0.0119470887,-3.13336556e-18,1.25398787e-17,-2.2316977e-16,-1.74359159e-15,1.17497367e-16,5.70775795e-18,0,0,0,0.000638710543,-0.00136455693,-0.0556089526,
155.52,object_red_01,RED,-0.250635533,0.210638903,0.0119470887,-2.17233308e-18,9.40672115e-18,-2.26738572e-16,-1.27611118e-15,2.00039822e-16,8.12728043e-18,0,0,0,0.000638710543,-0.00136455693,-0.0559069603,
155.56,object_red_01,RED,-0.250635533,0.210638903,0.0119470887,-6.62897964e-18,2.55489933e-18,-2.19600967e-16,3.75150262e-16,-8.53450293e-16,5.10460701e-18,0,0,0,0.000638710543,-0.00136455693,-0.0561929106,
155.6,object_red_01,RED,-0.250635533,0.210638903,0.0119470887,-2.25162043e-18,6.62033684e-18,-2.2316977e-16,-7.3197404e-16,5.1564015e-16,6.18270879e-18,0,0,0,0.000638710543,-0.00136455693,-0.0564667642,
155.64,object_red_01,RED,-0.250635533,0.210638903,0.0119470887,-7.48545737e-18,6.70572323e-18,-2.16032165e-16,-2.38103608e-16,5.33287689e-17,4.14371675e-18,0,0,0,0.000638710543,-0.00136455693,-0.05672852,
155.68,object_red_01,RED,-0.250635533,0.210638903,0.0119470887,-6.77622759e-18,1.39608409e-18,-2.12463363e-16,3.17343545e-16,-5.49768673e-16,5.89049396e-18,0,0,0,0.000638710543,-0.00136455693,-0.0569781459,
155.72,object_red_01,RED,-0.250635533,0.210638903,0.0119470887,-6.5061278e-18,3.80607127e-18,-2.16032165e-16,8.10900051e-17,-7.43531134e-16,3.3602717e-18,0,0,0,0.000638710543,-0.00136455693,-0.0572157067,
155.76,object_red_01,RED,-0.250635533,0.210638903,0.0119470887,-5.96331435e-18,4.01169563e-18,-2.12463363e-16,2.2435013e-16,-6.89533691e-16,1.53901634e-18,0,0,0,0.000638710543,-0.00136455693,-0.0574412299,
155.8,object_red_01,RED,-0.250635533,0.210638903,0.0119470887,-5.53463984e-18,3.08115828e-18,-2.2316977e-16,4.02796953e-16,-3.18590892e-16,4.43145475e-18,0,0,0,0.000638710543,-0.00136455693,-0.0576547802,
155.84,object_red_01,RED,-0.250635533,0.210638903,0.0119470887,-1.65827218e-18,9.88418787e-18,-2.19600967e-16,-7.77214079e-16,1.08057632e-16,2.98869491e-18,0,0,0,0.000638710543,-0.00136455693,-0.0578564389,
155.88,object_red_01,RED,-0.250635533,0.210638903,0.0119470887,-4.95000448e-18,1.34554929e-18,-2.16032165e-16,3.34936894e-16,-1.86257886e-16,4.45750175e-18,0,0,0,0.000638710543,-0.00136455693,-0.0580463205,
155.92,object_red_01,RED,-0.250635533,0.210638903,0.0119470887,-4.11879416e-18,1.2116432e-17,-2.2316977e-16,-1.44199133e-15,5.21810585e-16,3.5800433e-18,0,0,0,0.000638710543,-0.00136455693,-0.0582245388,
155.96,object_red_01,RED,-0.250635533,0.210638903,0.0119470887,-3.81732794e-18,1.26705722e-17,-2.19600967e-16,-1.34899791e-15,3.94685877e-16,4.53930562e-18,0,0,0,0.000638710543,-0.00136455693,-0.0583912503,
156,object_red_01,RED,-0.250635533,0.210638903,0.0119470887,-3.77463475e-18,8.84909577e-18,-2.26738572e-16,-1.15170107e-15,2.91634212e-16,7.28767154e-18,0,0,0,0.000638710543,-0.00136455693,-0.0585466263,
156.04,object_red_01,RED,-0.250635533,0.210638903,0.0119470887,-4.7888159e-18,6.8346741e-18,-2.2316977e-16,-1.05116765e-15,2.089494e-16,3.63620715e-18,0,0,0,0.000638710543,-0.00136455693,-0.0586908611,
156.08,object_red_01,RED,-0.250635533,0.210638903,0.0119470887,4.99912283e-19,8.79856097e-18,-2.26738572e-16,-1.7511316e-15,7.60503828e-16,8.72839645e-18,0,0,0,0.000638710543,-0.00136455693,-0.0588241689,
156.12,object_red_01,RED,-0.250635533,0.210638903,0.0119470887,-1.08041997e-17,8.71567723e-19,-2.26738572e-16,1.64030078e-16,-8.4860034e-16,3.85679272e-18,0,0,0,0.000638710543,-0.00136455693,-0.0589468012,
156.16,object_red_01,RED,-0.250635533,0.210638903,0.0119470887,-1.97019388e-18,8.92751184e-18,-2.19600967e-16,-1.73353825e-15,1.96196379e-17,6.39393371e-18,0,0,0,0.000638710543,-0.00136455693,-0.0590590132,
156.2,object_red_01,RED,-0.250635533,0.210638903,0.0119470887,-5.39349092e-18,1.24796485e-18,-2.2316977e-16,5.4699982e-17,-4.62307542e-16,8.46507752e-18,0,0,0,0.000638710543,-0.00136455693,-0.0591610959,
156.24,object_red_01,RED,-0.250635533,0.210638903,0.0119470887,-2.50603701e-18,7.7094489e-18,-2.19600967e-16,-1.13285106e-15,9.76753963e-17,1.07861098e-17,0,0,0,0.000638710543,-0.00136455693,-0.059253366,
156.28,object_red_01,RED,-0.250635533,0.210638903,0.0119470887,-3.63697098e-18,8.43610447e-18,-2.16032165e-16,-1.07127434e-15,4.04704858e-16,5.61781439e-18,0,0,0,0.000638710543,-0.00136455693,-0.0593361652,
156.32,object_red_01,RED,-0.250635533,0.210638903,0.0119470887,-4.32877496e-18,4.56757842e-18,-2.26738572e-16,-7.44540717e-16,-9.16494762e-16,3.30777071e-18,0,0,0,0.000638710543,-0.00136455693,-0.05940986,
156.36,object_red_01,RED,-0.250635533,0.210638903,0.0119470887,-1.67495589e-19,1.11405876e-17,-2.19600967e-16,-4.69330476e-16,5.17048992e-16,8.05605816e-18,0,0,0,0.000638710543,-0.00136455693,-0.0594748431,
156.4,object_red_01,RED,-0.250635533,0.210638903,0.0119470887,-4.98311349e-18,8.95365053e-18,-2.26738572e-16,-1.51864806e-15,-2.03242536e-16,6.44195787e-18,0,0,0,0.000638710543,-0.00136455693,-0.0595315342,
156.44,object_red_01,RED,-0.250635533,0.210638903,0.0119470887,-6.01559173e-18,2.71347405e-18,-2.2316977e-16,-6.28927283e-16,-2.95612526e-16,7.23394959e-18,0,0,0,0.000638710543,-0.00136455693,-0.0595803801,
156.48,object_red_01,RED,-0.250635533,0.210638903,0.0119470887,-6.5732171e-18,9.12268072e-18,-2.19600967e-16,-8.72720829e-16,1.55869913e-16,6.6662063e-18,0,0,0,0.000638710543,-0.00136455693,-0.0596218549,
156.52,object_red_01,RED,-0.250635533,0.210638903,0.0119470887,-4.42984456e-18,6.63602005e-18,-2.2316977e-16,-8.56384148e-16,-1.72027105e-16,4.13394912e-18,0,0,0,0.000638710543,-0.00136455693,-0.0596564601,
156.56,object_red_01,RED,-0.250635533,0.210638903,0.0119470887,-4.39412169e-18,1.02048225e-17,-2.2316977e-16,-1.27485451e-15,3.41419854e-16,4.65529619e-18,0,0,0,0.000638710543,-0.00136455693,-0.0596847286,
156.6,object_red_01,RED,-0.250635533,0.210638903,0.0119470887,-5.60172914e-18,7.40449753e-18,-2.19600967e-16,-6.20130608e-16,-2.01769879e-16,-1.26592041e-18,0,0,0,0.000638710543,-0.00136455693,-0.0597072203,
156.64,object_red_01,RED,-0.250635533,0.210638903,0.0119470887,-1.24876605e-18,9.28822575e-18,-2.19600967e-16,-6.66627316e-16,6.50457039e-16,1.18369436e-17,0,0,0,0.000638710543,-0.00136455693,-0.0597245247,
156.68,object_red_01,RED,-0.250635533,0.210638903,0.0119470887,-2.9530086e-18,9.51650364e-18,-2.2316977e-16,-1.02226429e-15,6.43928257e-16,4.75134451e-18,0,0,0,0.000638710543,-0.00136455693,-0.0597372611,
156.72,object_red_01,RED,-0.250635533,0.210638903,0.0119470887,-3.79903086e-18,9.36664182e-18,-2.26738572e-16,-9.98387606e-16,-3.98521835e-16,4.68500605e-18,0,0,0,0.000638710543,-0.00136455693,-0.0597460791,
156.76,object_red_01,RED,-0.250635533,0.210638903,0.0119470887,-2.21502627e-18,5.94073091e-18,-2.2316977e-16,-5.08287177e-16,4.9448297e-16,7.60267749e-18,0,0,0,0.000638710543,-0.00136455693,-0.0597516588,
156.8,object_red_01,RED,-0.250635533,0.210638903,0.0119470887,-7.56213086e-18,7.82097398e-18,-2.2316977e-16,-4.35400447e-16,-1.76744518e-16,6.92952523e-18,0,0,0,0.000638710543,-0.00136455693,-0.0597547112,
156.84,object_red_01,RED,-0.250635533,0.210638903,0.0119470887,-1.01351784e-18,1.19979366e-17,-2.19600967e-16,-1.24092448e-15,1.58132897e-16,7.52779236e-18,0,0,0,0.000638710543,-0.00136455693,-0.0597559801,
156.88,object_red_01,RED,-0.250635533,0.210638903,0.0119470887,-3.69883255e-18,8.91705636e-18,-2.26738572e-16,-7.45797385e-16,3.99226572e-16,3.87795591e-18,0,0,0,0.000638710543,-0.00136455693,-0.0597562407,
156.92,object_red_01,RED,-0.250635533,0.210638903,0.0119470887,-3.57510941e-18,5.05724321e-18,-2.2316977e-16,-9.6822758e-16,-9.94152709e-17,3.34765519e-18,0,0,0,0.000638710312,-0.00136455719,-0.0597562402,
156.96,object_red_01,RED,-0.250635533,0.210638903,0.0119470887,-6.89210912e-18,7.07340746e-18,-2.2316977e-16,-8.17427448e-16,-2.66267177e-17,4.97274405e-18,0,0,0,0.00063870575,-0.00136456243,-0.0597562403,
157,object_red_01,RED,-0.250635533,0.210638903,0.0119470887,-6.44688011e-18,9.18715615e-18,-2.2316977e-16,-7.33230707e-16,1.47775206e-16,7.63360831e-18,0,0,0,0.000638686097,-0.00136458596,-0.0597562403,
157.04,object_red_01,RED,-0.250635533,0.210638903,0.0119470887,-8.25829129e-18,5.12868896e-18,-2.2316977e-16,1.57746739e-16,-2.37746902e-16,5.43833425e-18,0,0,0,0.000638637183,-0.00136464613,-0.0597562403,
157.08,object_red_01,RED,-0.250635533,0.210638903,0.0119470887,-8.66518356e-18,3.84092285e-18,-2.30307375e-16,-4.70901071e-17,-7.97724931e-16,2.52025582e-18,0,0,0,0.000638543288,-0.00136476329,-0.0597562403,
157.12,object_red_01,RED,-0.250635533,0.210638903,0.0119470887,-5.61654107e-18,7.82968688e-18,-2.16032165e-16,-8.46330806e-16,3.49215122e-16,1.67210025e-18,0,0,0,0.000638387812,-0.00136495844,-0.0597562403,
157.16,object_red_01,RED,-0.250635533,0.210638903,0.0119470887,-6.98185195e-18,1.08356362e-17,-2.19600967e-16,-1.91198507e-15,-3.89170459e-16,4.75663531e-18,0,0,0,0.000638153677,-0.00136525265,-0.0597562403,
157.2,object_red_01,RED,-0.250635533,0.210638903,0.0119470887,-6.68909863e-18,5.77071821e-19,-2.2316977e-16,4.48036993e-16,-6.34691924e-16,2.59758287e-18,0,0,0,0.000637823589,-0.00136566693,-0.0597562403,
157.24,object_red_01,RED,-0.250635533,0.210638903,0.0119470887,-5.43531282e-18,1.75331285e-18,-2.2316977e-16,7.13193891e-16,-7.66499683e-16,1.71483362e-18,0,0,0,0.000637380233,-0.00136622217,-0.0597562403,
157.28,object_red_01,RED,-0.250635533,0.210638903,0.0119470887,-5.15127239e-18,8.93970989e-18,-2.2316977e-16,-8.08630773e-16,-2.66507904e-16,5.20187629e-18,0,0,0,0.000636806374,-0.00136693914,-0.0597562403,
157.32,object_red_01,RED,-0.250635533,0.210638903,0.0119470887,-6.59238548e-18,3.18397046e-18,-2.19600967e-16,5.63650427e-16,-6.8334362e-16,4.45465286e-18,0,0,0,0.000636084878,-0.0013678385,-0.0597562403,
157.36,object_red_01,RED,-0.250635533,0.210638903,0.0119470887,-4.58841928e-18,3.272842e-18,-2.19600967e-16,5.95067121e-16,-6.76805021e-16,6.44806264e-18,0,0,0,0.000635198749,-0.00136894077,-0.0597562403,
157.4,object_red_01,RED,-0.250635533,0.210638903,0.0119470887,-2.74738425e-18,1.04435558e-17,-2.16032165e-16,-1.11777104e-15,1.19318553e-16,7.70360963e-18,0,0,0,0.000634131097,-0.00137026635,-0.0597562403,
157.44,object_red_01,RED,-0.250635533,0.210638903,0.0119470887,-1.58246998e-18,1.00880697e-17,-2.19600967e-16,-1.62546482e-15,-1.60236027e-16,6.31945556e-18,0,0,0,0.000632865148,-0.00137183549,-0.0597562403,
157.48,object_red_01,RED,-0.250635533,0.210638903,0.0119470887,-1.72361891e-18,3.61264497e-18,-2.16032165e-16,-1.37570186e-16,-5.94522542e-17,8.06053499e-18,0,0,0,0.000631384246,-0.00137366831,-0.0597562403,
157.52,object_red_01,RED,-0.250635533,0.210638903,0.0119470887,-5.83174961e-18,5.92330512e-18,-2.2316977e-16,-8.71464162e-16,1.48855155e-16,2.28501882e-18,0,0,0,0.000629671835,-0.00137578478,-0.0597562403,
157.56,object_red_01,RED,-0.250635533,0.210638903,0.0119470887,-3.39823762e-18,6.13241464e-18,-2.26738572e-16,-3.00936996e-16,-1.22648898e-16,4.57959708e-18,0,0,0,0.000627711494,-0.00137820473,-0.0597562403,
157.6,object_red_01,RED,-0.250635533,0.210638903,0.0119470887,-5.17653979e-18,1.10158819e-18,-2.26738572e-16,3.6509692e-16,-4.37650346e-16,2.52473265e-18,0,0,0,0.000625486898,-0.00138094787,-0.0597562403,
157.64,object_red_01,RED,-0.250635533,0.210638903,0.0119470887,-6.38153338e-18,1.85438245e-18,-2.26738572e-16,3.33680226e-16,-1.08490788e-15,1.79948638e-18,0,0,0,0.000622981844,-0.00138403374,-0.0597562403,
157.68,object_red_01,RED,-0.250635533,0.210638903,0.0119470887,-4.44117133e-18,8.52846118e-18,-2.2316977e-16,-1.35653792e-15,5.5524482e-16,7.17330891e-18,0,0,0,0.000620180243,-0.00138748176,-0.0597562403,
157.72,object_red_01,RED,-0.250635533,0.210638903,0.0119470887,-3.46184176e-18,5.25938241e-18,-2.19600967e-16,-7.16894026e-16,-1.09674785e-16,5.16646864e-18,0,0,0,0.000617066107,-0.00139131122,-0.0597562403,
157.76,object_red_01,RED,-0.250635533,0.210638903,0.0119470887,-5.25595636e-19,1.091928e-17,-2.2316977e-16,-1.44827467e-15,2.00295082e-16,4.90762654e-18,0,0,0,0.000613623586,-0.00139554123,-0.0597562403,
157.8,object_red_01,RED,-0.250635533,0.210638903,0.0119470887,-2.39538323e-18,5.26112499e-18,-2.26738572e-16,5.9726653e-17,-9.57287182e-17,8.87898069e-18,0,0,0,0.000609836922,-0.0014001908,-0.0597562403,
157.84,object_red_01,RED,-0.250635533,0.210638903,0.0119470887,-3.94030899e-19,7.61360704e-18,-2.16032165e-16,-7.15637359e-16,1.31958864e-16,9.58916854e-18,0,0,0,0.000605690485,-0.00140527878,-0.0597562403,
157.88,object_red_01,RED,-0.250635533,0.210638903,0.0119470887,-3.60299068e-18,4.16330002e-18,-2.26738572e-16,-6.01280592e-16,3.01147773e-17,1.09187867e-17,0,0,0,0.000601168752,-0.00141082387,-0.0597562403,
157.92,object_red_01,RED,-0.250635533,0.210638903,0.0119470887,-2.57922534e-18,5.79261167e-18,-2.19600967e-16,-1.44167452e-17,-1.96011788e-16,6.13468462e-18,0,0,0,0.0005962563,-0.00141684466,-0.0597562403,
157.96,object_red_01,RED,-0.250635533,0.210638903,0.0119470887,-4.780103e-18,9.91381172e-18,-2.26738572e-16,-1.40303463e-15,-1.14367654e-16,7.30517187e-18,0,0,0,0.000590937853,-0.00142335957,-0.0597562403,
158,object_red_01,RED,-0.250635533,0.210638903,0.0119470887,-3.90532819e-18,2.54618643e-18,-2.16032165e-16,4.99560371e-16,-2.69733024e-16,4.18034535e-18,0,0,0,0.000585198216,-0.00143038689,-0.0597562403,
158.04,object_red_01,RED,-0.250635533,0.210638903,0.0119470887,-9.77172141e-18,5.580017e-18,-2.19600967e-16,-5.07030509e-16,-4.46947723e-16,5.67112935e-18,0,0,0,0.000579022328,-0.00143794475,-0.0597562403,
158.08,object_red_01,RED,-0.250635533,0.210638903,0.0119470887,-5.18263882e-18,-2.06328801e-20,-2.2316977e-16,6.67953852e-16,-5.28591857e-16,7.39999924e-18,0,0,0,0.000572395233,-0.00144605117,-0.0597562403,
158.12,object_red_01,RED,-0.250635533,0.210638903,0.0119470887,-4.98049962e-18,6.34326673e-18,-2.19600967e-16,-5.21167781e-17,9.7302323e-17,5.24257473e-18,0,0,0,0.000565302073,-0.00145472401,-0.0597562403,
158.16,object_red_01,RED,-0.250635533,0.210638903,0.0119470887,-2.57399761e-18,1.0128149e-17,-2.19600967e-16,-1.57519811e-15,3.31734677e-16,7.69221407e-18,0,0,0,0.000557728144,-0.00146398096,-0.0597562403,
158.2,object_red_01,RED,-0.250635533,0.210638903,0.0119470887,-6.67951444e-18,9.17147294e-18,-2.19600967e-16,-1.23212781e-15,7.98955109e-17,7.56889778e-18,0,0,0,0.000549658814,-0.00147383963,-0.0597562403,
158.24,object_red_01,RED,-0.250635533,0.210638903,0.0119470887,-7.63457711e-19,1.03773378e-17,-2.16032165e-16,-1.59404813e-15,1.99121865e-16,1.23395694e-17,0,0,0,0.00054107959,-0.00148431741,-0.0597562403,
158.28,object_red_01,RED,-0.250635533,0.210638903,0.0119470887,-1.72100504e-18,9.93646525e-18,-2.26738572e-16,-1.46963802e-15,5.31299408e-16,8.59083571e-18,0,0,0,0.000531976084,-0.0014954316,-0.0597562403,
158.32,object_red_01,RED,-0.250635533,0.210638903,0.0119470887,-4.78794461e-18,1.30024223e-18,-2.26738572e-16,3.424769e-16,-5.87282169e-16,2.92601931e-18,0,0,0,0.000522334002,-0.00150719936,-0.0597562403,
158.36,object_red_01,RED,-0.250635533,0.210638903,0.0119470887,-3.90619948e-18,1.45010405e-18,-2.19600967e-16,5.73703769e-16,-3.43576982e-16,3.71272023e-18,0,0,0,0.000512139215,-0.00151963764,-0.0597562403,
158.4,object_red_01,RED,-0.250635533,0.210638903,0.0119470887,-9.412008e-19,1.10060568e-19,-2.19600967e-16,1.55233403e-16,-1.06237622e-15,2.00851505e-19,0,0,0,0.000501377648,-0.00153276332,-0.0597562403,
158.44,object_red_01,RED,-0.250635533,0.210638903,0.0119470887,-1.89874813e-18,1.05655364e-17,-2.19600967e-16,-1.04614098e-15,6.20213562e-16,1.00897594e-17,0,0,0,0.000490035389,-0.00154659308,-0.0597562403,
158.48,object_red_01,RED,-0.250635533,0.210638903,0.0119470887,-8.95009527e-18,-6.42733691e-19,-2.19600967e-16,3.48760239e-16,-3.69868828e-16,2.67165403e-18,0,0,0,0.00047809861,-0.00156114349,-0.0597562403,
158.52,object_red_01,RED,-0.250635533,0.210638903,0.0119470887,-4.43245843e-18,1.6313323e-18,-2.2316977e-16,1.67800081e-16,5.63968055e-17,1.06159903e-17,0,0,0,0.000465553585,-0.00157643096,-0.0597562403,
158.56,object_red_01,RED,-0.250635533,0.210638903,0.0119470887,-5.67230361e-18,3.62832818e-18,-2.2316977e-16,5.34433142e-17,-1.25235866e-16,9.12927612e-18,0,0,0,0.000452386758,-0.00159247173,-0.0597562403,
158.6,object_red_01,RED,-0.250635533,0.210638903,0.0119470887,-7.66058659e-18,1.50139892e-19,-2.16032165e-16,4.30443644e-16,-8.84096296e-16,3.77905869e-18,0,0,0,0.000438584617,-0.00160928193,-0.0597562403,
158.64,object_red_01,RED,-0.250635533,0.210638903,0.0119470887,-1.67221282e-18,1.02570998e-17,-2.2316977e-16,-9.43094224e-16,-2.89343914e-16,5.89904063e-18,0,0,0,0.000424133832,-0.0016268775,-0.0597562403,
158.68,object_red_01,RED,-0.250635533,0.210638903,0.0119470887,-4.46469615e-18,4.90912397e-18,-2.2316977e-16,2.94723525e-16,-7.27479167e-16,5.44769489e-18,0,0,0,0.000409021133,-0.00164527427,-0.0597562403,
158.72,object_red_01,RED,-0.250635533,0.210638903,0.0119470887,-7.76862651e-18,4.14587423e-18,-2.2316977e-16,-3.70053723e-16,-4.35289185e-16,4.65855206e-18,0,0,0,0.000393233372,-0.00166448793,-0.0597562403,
158.76,object_red_01,RED,-0.250635533,0.210638903,0.0119470887,-6.56973195e-18,2.26737374e-18,-2.2316977e-16,1.0622336e-16,-1.09135812e-15,2.43845195e-18,0,0,0,0.000376757563,-0.00168453395,-0.0597562403,
158.8,object_red_01,RED,-0.250635533,0.210638903,0.0119470887,-6.24822606e-18,2.05826423e-18,-2.26738572e-16,9.99400216e-17,-6.05120961e-16,7.5998286e-18,0,0,0,0.000359580763,-0.00170542773,-0.0597562403,
158.84,object_red_01,RED,-0.250635533,0.210638903,0.0119470887,-4.27998274e-18,6.19514749e-18,-2.2316977e-16,-9.21730872e-16,-7.47472947e-16,4.19255488e-18,0,0,0,0.000341690228,-0.00172718445,-0.0597562403,
158.88,object_red_01,RED,-0.250635533,0.210638903,0.0119470887,3.05017709e-18,7.12917e-18,-2.26738572e-16,2.94723525e-16,5.34195635e-16,5.08629271e-18,0,0,0,0.000323073244,-0.0017498192,-0.0597562403,
158.92,object_red_01,RED,-0.250635533,0.210638903,0.0119470887,-3.19696971e-18,1.12294591e-17,-2.2316977e-16,-4.42940453e-16,1.53764013e-16,4.6418657e-18,0,0,0,0.000303717254,-0.00177334689,-0.0597562403,
158.96,object_red_01,RED,-0.250635533,0.210638903,0.0119470887,-4.6790334e-18,1.04756823e-18,-2.16032165e-16,1.01228082e-15,-5.91562694e-16,3.1457909e-18,0,0,0,0.00028360984,-0.00179778226,-0.0597562403,
159,object_red_01,RED,-0.250635533,0.210638903,0.0119470887,-2.93732539e-18,3.80607127e-18,-2.2316977e-16,1.32299457e-17,-3.93421531e-16,3.27317703e-18,0,0,0,0.000262738635,-0.00182313995,-0.0597562403,
159.04,object_red_01,RED,-0.250635533,0.210638903,0.0119470887,-1.6905099e-18,9.10351235e-18,-2.19600967e-16,-1.61792481e-15,6.27459037e-16,6.05979949e-18,0,0,0,0.000241091479,-0.00184943436,-0.0597562403,
159.08,object_red_01,RED,-0.250635533,0.210638903,0.0119470887,-2.04686737e-18,1.00305645e-17,-2.26738572e-16,-1.2987312e-15,-1.20572258e-17,7.19365813e-18,0,0,0,0.00021865623,-0.00187667984,-0.0597562403,
159.12,object_red_01,RED,-0.250635533,0.210638903,0.0119470887,-3.92101141e-18,5.78912651e-18,-2.2316977e-16,-7.65904069e-16,3.88859062e-16,2.04449101e-18,0,0,0,0.000195420923,-0.00190489053,-0.0597562403,
159.16,object_red_01,RED,-0.250635533,0.210638903,0.0119470887,-3.15601909e-18,5.62706664e-18,-2.26738572e-16,-5.87457246e-16,-1.31332669e-16,7.06179517e-18,0,0,0,0.000171373709,-0.00193408039,-0.0597562403,
159.2,object_red_01,RED,-0.250635533,0.210638903,0.0119470887,-6.18549321e-18,6.36592026e-18,-2.2316977e-16,-2.92140321e-16,2.12199064e-16,7.01906181e-18,0,0,0,0.000146502811,-0.00196426331,-0.0597562403,
159.24,object_red_01,RED,-0.250635533,0.210638903,0.0119470887,-7.21274371e-18,5.96338444e-18,-2.26738572e-16,-7.52080724e-16,-3.06412015e-16,-3.99857526e-19,0,0,0,0.000120796658,-0.0019954529,-0.0597562403,
159.28,object_red_01,RED,-0.250635533,0.210638903,0.0119470887,-4.48125065e-18,5.34476879e-18,-2.2316977e-16,-7.23177365e-16,5.86892424e-17,8.13664108e-18,0,0,0,9.42436853e-05,-0.00202766274,-0.0597562403,
159.32,object_red_01,RED,-0.250635533,0.210638903,0.0119470887,-2.62017596e-18,1.43382206e-17,-2.2316977e-16,-1.38167127e-15,-9.23249351e-16,3.93818961e-18,0,0,0,6.68325262e-05,-0.0020609062,-0.0597562403,
159.36,object_red_01,RED,-0.250635533,0.210638903,0.0119470887,-4.59103315e-18,9.7786506e-19,-2.26738572e-16,-1.13033772e-15,4.07110198e-16,1.81413782e-18,0,0,0,3.85519085e-05,-0.00209519647,-0.0597562403,
159.4,object_red_01,RED,-0.250635533,0.210638903,0.0119470887,-3.7781199e-18,7.69376569e-18,-2.19600967e-16,-1.03231764e-15,-1.40507325e-16,1.04857553e-17,0,0,0,9.39065967e-06,-0.00213054665,-0.0597562403,
159.44,object_red_01,RED,-0.250635533,0.210638903,0.0119470887,-6.28220636e-18,4.37240954e-18,-2.19600967e-16,-4.36657115e-16,-5.38021774e-16,8.44350734e-18,0,0,0,-2.06622002e-05,-0.00216696956,-0.0597562403,
159.48,object_red_01,RED,-0.250635533,0.210638903,0.0119470887,-3.79728828e-18,7.8105185e-18,-2.2316977e-16,-4.26603772e-16,-3.97559698e-16,8.53670678e-18,0,0,0,-5.16176479e-05,-0.00220447803,-0.0597562403,
159.52,object_red_01,RED,-0.250635533,0.210638903,0.0119470887,-2.84235482e-18,8.2322227e-18,-2.2316977e-16,-1.11902771e-15,-4.15884467e-16,5.65810584e-18,0,0,0,-8.34864443e-05,-0.00224308462,-0.0597562403,
159.56,object_red_01,RED,-0.250635533,0.210638903,0.0119470887,3.65833727e-18,7.44359434e-19,-2.26738572e-16,-6.15103937e-16,-1.54409212e-16,6.97429352e-18,0,0,0,-0.000116279266,-0.00228280174,-0.0597562403,
159.6,object_red_01,RED,-0.250635533,0.210638903,0.0119470887,5.42879784e-18,-1.85382631e-18,-2.2316977e-16,-6.9804401e-16,-2.31635374e-16,3.23654843e-18,0,0,0,-0.000150006677,-0.00232364169,-0.0597562403,
159.64,object_red_01,RED,-0.250635533,0.210638903,0.0119470887,-1.25225121e-18,5.58872989e-18,-2.2316977e-16,-1.12782439e-15,-3.85091198e-16,7.44883738e-18,0,0,0,-0.000184679058,-0.00236561653,-0.0597562403,
159.68,object_red_01,RED,-0.250635533,0.210638903,0.0119470887,5.74071954e-18,-4.25161543e-18,-2.2316977e-16,-1.02226429e-15,-3.40194778e-16,2.08111961e-18,0,0,0,-0.000220306776,-0.00240873827,-0.0597562403,
159.72,object_red_01,RED,-0.250635533,0.210638903,0.0119470887,6.42468191e-18,9.55211529e-19,-2.26738572e-16,-5.18340519e-16,-4.23233028e-16,3.85923463e-18,0,0,0,-0.000256899979,-0.00245301869,-0.0597562403,
159.76,object_red_01,RED,-0.250635533,0.210638903,0.0119470887,8.26048921e-18,-4.12713223e-19,-2.19600967e-16,-1.55132142e-15,3.21077738e-17,4.78919407e-18,0,0,0,-0.000294468737,-0.00249846942,-0.0597562403,
159.8,object_red_01,RED,-0.250635533,0.210638903,0.0119470887,6.64511819e-18,6.74656261e-19,-2.2316977e-16,-9.6822758e-16,-1.02493125e-16,6.64992692e-18,0,0,0,-0.000333022994,-0.00254510196,-0.0597562403,
159.84,object_red_01,RED,-0.250635533,0.210638903,0.0119470887,8.35894494e-18,-2.33129303e-18,-2.2316977e-16,-9.63200909e-16,5.96071989e-17,-1.956573e-18,0,0,0,-0.000372572512,-0.00259292757,-0.0597562403,
159.88,object_red_01,RED,-0.250635533,0.210638903,0.0119470887,4.98531141e-18,-4.03727817e-18,-2.19600967e-16,-8.21197451e-16,3.95417297e-16,5.10094415e-18,0,0,0,-0.000413127032,-0.00264195747,-0.0597562403,
159.92,object_red_01,RED,-0.250635533,0.210638903,0.0119470887,1.0085841e-17,-2.93422547e-18,-2.26738572e-16,-3.6628372e-16,-1.04009962e-16,2.45717323e-18,0,0,0,-0.00045469608,-0.00269220264,-0.0597562403,
159.96,object_red_01,RED,-0.250635533,0.210638903,0.0119470887,9.48639375e-18,-2.47244196e-18,-2.26738572e-16,-7.49567388e-16,6.73681041e-17,4.31953403e-18,0,0,0,-0.000497289099,-0.00274367392,-0.0597562403,
160,object_red_01,RED,-0.250635533,0.210638903,0.0119470887,1.82950029e-18,-6.7061496e-19,-2.2316977e-16,-1.04739765e-15,-5.43224971e-17,2.35664808e-18,0,0,0,-0.000540915401,-0.00279638201,-0.0597562403,
160.04,object_red_01,RED,-0.250635533,0.210638903,0.0119470887,-4.34010173e-18,5.2855211e-18,-2.2316977e-16,-1.44576133e-15,-2.76723239e-16,-3.10142023e-18,0,0,0,-0.000585584101,-0.00285033738,-0.0597562403,
160.08,object_red_01,RED,-0.250635533,0.210638903,0.0119470887,-2.60362145e-18,1.32822175e-17,-2.19600967e-16,-1.43068132e-15,1.31531793e-16,2.48851104e-18,0,0,0,-0.000631304309,-0.00290555044,-0.0597562403,
160.12,object_red_01,RED,-0.250635533,0.210638903,0.0119470887,-3.62477293e-18,1.20014217e-17,-2.19600967e-16,-9.61944241e-16,-3.28541148e-16,1.3281984e-18,0,0,0,-0.000678084906,-0.00296203139,-0.0597562403,
160.16,object_red_01,RED,-0.250635533,0.210638903,0.0119470887,-8.01794455e-19,8.39951031e-18,-2.26738572e-16,-8.75234165e-16,1.56792779e-16,9.33724517e-18,0,0,0,-0.000725934686,-0.00301979027,-0.0597562403,
160.2,object_red_01,RED,-0.250635533,0.210638903,0.0119470887,-2.60623532e-18,9.65242483e-18,-2.26738572e-16,-1.19442778e-15,-1.31705742e-16,3.51899563e-18,0,0,0,-0.000774862305,-0.00307883698,-0.0597562403,
160.24,object_red_01,RED,-0.250635533,0.210638903,0.0119470887,-2.18453113e-18,9.4276321e-18,-2.30307375e-16,-1.17055109e-15,-2.02638747e-16,2.90933295e-18,0,0,0,-0.000824876218,-0.00313918118,-0.0597562403,
160.28,object_red_01,RED,-0.250635533,0.210638903,0.0119470887,-3.41043567e-18,1.0227476e-17,-2.33876177e-16,-7.72187408e-16,-1.20665719e-16,2.86970878e-20,0,0,0,-0.000875984884,-0.00320083253,-0.0597562403,
160.32,object_red_01,RED,-0.250635533,0.210638903,0.0119470887,-3.78770409e-18,1.15134995e-17,-2.2316977e-16,-4.12780427e-16,-2.63115883e-16,3.14701186e-18,0,0,0,-0.000928196501,-0.00326380039,-0.0597562403,
160.36,object_red_01,RED,-0.250635533,0.210638903,0.0119470887,-5.36822352e-18,1.32159995e-17,-2.2316977e-16,-1.1039477e-15,-2.41953794e-16,-3.36799504e-18,0,0,0,-0.000981519202,-0.00332809403,-0.0597562403,
160.4,object_red_01,RED,-0.250635533,0.210638903,0.0119470887,-2.64718594e-18,1.22366699e-17,-2.2316977e-16,-4.01470417e-16,-8.91410302e-17,1.32941935e-18,0,0,0,-0.00103596096,-0.00339372256,-0.0597562403,
160.44,object_red_01,RED,-0.250635533,0.210638903,0.0119470887,-2.23506593e-18,1.04435558e-17,-2.2316977e-16,-8.56384148e-16,5.04384137e-16,5.51606828e-18,0,0,0,-0.00109152955,-0.00346069484,-0.0597562403,
160.48,object_red_01,RED,-0.250635533,0.210638903,0.0119470887,-2.26120462e-18,9.52347396e-18,-2.2316977e-16,-3.436637e-16,1.58368522e-16,-2.10609762e-19,0,0,0,-0.00114823275,-0.00352901976,-0.0597562403,
160.52,object_red_01,RED,-0.250635533,0.210638903,0.0119470887,-4.48299323e-18,1.32491085e-17,-2.26738572e-16,-1.1001777e-15,-4.35524617e-17,-3.20764317e-18,0,0,0,-0.00120607804,-0.00359870587,-0.0597562403,
160.56,object_red_01,RED,-0.250635533,0.210638903,0.0119470887,-4.51784482e-18,1.21216597e-17,-2.2316977e-16,-7.39514046e-16,-1.76881966e-16,2.71357343e-18,0,0,0,-0.00126507288,-0.00366976168,-0.0597562403,
160.6,object_red_01,RED,-0.250635533,0.210638903,0.0119470887,-5.24275781e-18,1.24057001e-17,-2.19600967e-16,-1.40429129e-15,1.43018522e-16,2.34606648e-18,0,0,0,-0.00132522452,-0.0037421955,-0.0597562403,
160.64,object_red_01,RED,-0.250635533,0.210638903,0.0119470887,-3.13946459e-18,7.85756815e-18,-2.2316977e-16,-5.18340519e-16,-3.02234576e-16,4.12580943e-18,0,0,0,-0.00138654003,-0.00381601543,-0.0597562403,
160.68,object_red_01,RED,-0.250635533,0.210638903,0.0119470887,-1.70619311e-18,1.29249888e-17,-2.19600967e-16,-8.11144109e-16,2.77786322e-16,3.63824208e-18,0,0,0,-0.00144902646,-0.00389122957,-0.0597562403,
160.72,object_red_01,RED,-0.250635533,0.210638903,0.0119470887,-3.72584252e-18,1.23412247e-17,-2.26738572e-16,-1.42691131e-15,1.39057073e-16,5.06960635e-18,0,0,0,-0.00151269056,-0.00396784569,-0.0597562403,
160.76,object_red_01,RED,-0.250635533,0.210638903,0.0119470887,-4.07174452e-18,1.30121177e-17,-2.26738572e-16,-1.49477137e-15,-1.59990391e-17,1.61349449e-18,0,0,0,-0.00157753907,-0.00404587155,-0.0597562403,
160.8,object_red_01,RED,-0.250635533,0.210638903,0.0119470887,-2.17581824e-18,7.65368637e-18,-2.2316977e-16,-8.60154152e-16,3.65110198e-17,4.65163333e-18,0,0,0,-0.00164357849,-0.00412531468,-0.0597562403,
160.84,object_red_01,RED,-0.250635533,0.210638903,0.0119470887,-2.88679059e-18,1.17644309e-17,-2.26738572e-16,-9.9587427e-16,3.56107159e-16,6.11392842e-18,0,0,0,-0.00171081515,-0.00420618243,-0.0597562403,
160.88,object_red_01,RED,-0.250635533,0.210638903,0.0119470887,1.12288438e-18,1.09489038e-17,-2.26738572e-16,-1.07630101e-15,1.07105313e-16,5.81845771e-18,0,0,0,-0.00177925533,-0.00428848212,-0.0597562403,
160.92,object_red_01,RED,-0.250635533,0.210638903,0.0119470887,-4.4350723e-18,1.03372585e-17,-2.26738572e-16,-8.01090767e-16,-1.68227649e-16,7.5998286e-18,0,0,0,-0.00184890504,-0.00437222077,-0.0597562403,
160.96,object_red_01,RED,-0.250635533,0.210638903,0.0119470887,-1.73058922e-18,8.35943098e-18,-2.2316977e-16,-1.05242432e-15,1.77783057e-16,4.73587911e-18,0,0,0,-0.00191977023,-0.00445740542,-0.0597562403,
161,object_red_01,RED,-0.250635533,0.210638903,0.0119470887,-7.60656663e-18,1.16738168e-17,-2.26738572e-16,-8.62667487e-16,3.23227625e-16,1.7928133e-19,0,0,0,-0.00199185661,-0.0045440428,-0.0597562403,
161.04,object_red_01,RED,-0.250635533,0.210638903,0.0119470887,-7.08640671e-18,1.3524436e-17,-2.26738572e-16,-1.30375787e-15,-1.9234487e-16,-1.50766917e-18,0,0,0,-0.00206516974,-0.00463213956,-0.0597562403,
161.08,object_red_01,RED,-0.250635533,0.210638903,0.0119470887,-1.77328242e-18,8.7619668e-18,-2.30307375e-16,-7.49567388e-16,-2.47117913e-16,3.06398703e-18,0,0,0,-0.00213971509,-0.00472170228,-0.0597562403,
161.12,object_red_01,RED,-0.250635533,0.210638903,0.0119470887,-4.07435839e-18,1.41256259e-17,-2.2316977e-16,-1.01849429e-15,-2.08220119e-16,3.95853883e-18,0,0,0,-0.00221549786,-0.00481273724,-0.0597562403,
161.16,object_red_01,RED,-0.250635533,0.210638903,0.0119470887,-5.92323502e-18,1.15326679e-17,-2.30307375e-16,-8.23710787e-16,6.6887036e-17,1.31257166e-19,0,0,0,-0.00229252321,-0.00490525075,-0.0597562403,
161.2,object_red_01,RED,-0.250635533,0.210638903,0.0119470887,-4.10833868e-18,1.09732999e-17,-2.30307375e-16,-1.3301479e-15,-1.22437817e-16,-1.44499356e-18,0,0,0,-0.00237079598,-0.00499924884,-0.0597562403,
161.24,object_red_01,RED,-0.250635533,0.210638903,0.0119470887,-6.28917668e-18,8.67658042e-18,-2.30307375e-16,-5.93740585e-16,-2.04685741e-16,1.67413517e-18,0,0,0,-0.00245032094,-0.00509473744,-0.0597562403,
161.28,object_red_01,RED,-0.250635533,0.210638903,0.0119470887,-2.24900657e-18,1.1105736e-17,-2.2316977e-16,-8.37534132e-16,-1.80303441e-16,3.7159761e-18,0,0,0,-0.00253110268,-0.0051917224,-0.0597562403,
161.32,object_red_01,RED,-0.250635533,0.210638903,0.0119470887,-3.50976269e-18,1.08094975e-17,-2.2316977e-16,-7.29460704e-16,1.50558528e-16,3.63645281e-19,0,0,0,-0.00261314555,-0.00529020933,-0.0597562403,
161.36,object_red_01,RED,-0.250635533,0.210638903,0.0119470887,-5.07547019e-18,1.25607897e-17,-2.2316977e-16,-1.23087114e-15,-3.04448471e-16,4.34069722e-18,0,0,0,-0.00269645385,-0.00539020385,-0.0597562403,
161.4,object_red_01,RED,-0.250635533,0.210638903,0.0119470887,-3.56726781e-18,1.09907257e-17,-2.26738572e-16,-9.01624188e-16,-1.17214792e-16,6.88418863e-19,0,0,0,-0.00278103154,-0.00549171128,-0.0597562403,
161.44,object_red_01,RED,-0.250635533,0.210638903,0.0119470887,-1.775025e-18,1.28221766e-17,-2.26738572e-16,-7.19407362e-16,-5.69534521e-18,2.89264658e-18,0,0,0,-0.00286688249,-0.00559473691,-0.0597562403,
161.48,object_red_01,RED,-0.250635533,0.210638903,0.0119470887,-6.92883249e-19,1.03058921e-17,-2.2316977e-16,-1.17306443e-15,4.06216786e-16,3.58761468e-19,0,0,0,-0.00295401038,-0.00569928588,-0.0597562403,
161.52,object_red_01,RED,-0.250635533,0.210638903,0.0119470887,-1.45526169e-18,9.54612749e-18,-2.2316977e-16,-3.14760341e-16,3.49740369e-16,3.28213069e-18,0,0,0,-0.00304241868,-0.00580536317,-0.0597562403,
161.56,object_red_01,RED,-0.250635533,0.210638903,0.0119470887,-1.54587582e-18,1.21687093e-17,-2.26738572e-16,-9.29270879e-16,-5.1588263e-17,6.3548632e-18,0,0,0,-0.00313211073,-0.00591297373,-0.0597562403,
161.6,object_red_01,RED,-0.250635533,0.210638903,0.0119470887,-1.34386583e-19,8.85780867e-18,-2.30307375e-16,-9.78280922e-16,4.74872274e-17,2.9524733e-18,0,0,0,-0.00322308957,-0.00602212225,-0.0597562403,
161.64,object_red_01,RED,-0.250635533,0.210638903,0.0119470887,-3.65439677e-18,1.22994028e-17,-2.19600967e-16,-1.4118313e-15,-2.54162125e-16,7.85541483e-18,0,0,0,-0.00331535812,-0.00613281338,-0.0597562403,
161.68,object_red_01,RED,-0.250635533,0.210638903,0.0119470887,-2.98350374e-18,1.07711607e-17,-2.2316977e-16,-7.42027382e-16,4.37761304e-17,2.43234718e-18,0,0,0,-0.00340891908,-0.00624505163,-0.0597562403,
161.72,object_red_01,RED,-0.250635533,0.210638903,0.0119470887,-6.24909735e-18,1.38398429e-17,-2.26738572e-16,-1.72097157e-15,-2.31586285e-16,5.99696255e-19,0,0,0,-0.00350377495,-0.00635884139,-0.0597562403,
161.76,object_red_01,RED,-0.250635533,0.210638903,0.0119470887,-4.35752752e-18,1.19247482e-17,-2.2316977e-16,-2.88370318e-16,-1.0677365e-16,-1.49708757e-18,0,0,0,-0.00359992809,-0.00647418698,-0.0597562403,
161.8,object_red_01,RED,-0.250635533,0.210638903,0.0119470887,-3.59863424e-18,1.37875655e-17,-2.19600967e-16,-1.34145791e-15,8.86921853e-17,-7.03467918e-19,0,0,0,-0.0036973805,-0.0065910925,-0.0597562403,
161.84,object_red_01,RED,-0.250635533,0.210638903,0.0119470887,-2.21066982e-18,1.31515241e-17,-2.2316977e-16,-1.30250121e-15,-6.46998239e-17,5.69310651e-18,0,0,0,-0.00379613412,-0.00670956203,-0.0597562403,
161.88,object_red_01,RED,-0.250635533,0.210638903,0.0119470887,-3.42089115e-18,1.26583741e-17,-2.2316977e-16,-1.16301108e-15,-2.33142393e-16,4.30162671e-18,0,0,0,-0.0038961906,-0.00682959952,-0.0597562403,
161.92,object_red_01,RED,-0.250635533,0.210638903,0.0119470887,-2.15142213e-18,9.77789054e-18,-2.26738572e-16,-1.17432109e-15,3.5333087e-18,-1.39859734e-18,0,0,0,-0.00399755139,-0.00695120877,-0.0597562403,
161.96,object_red_01,RED,-0.250635533,0.210638903,0.0119470887,-5.78992771e-18,1.12416572e-17,-2.30307375e-16,-1.07755768e-15,-3.33513822e-16,2.52839551e-18,0,0,0,-0.00410021776,-0.00707439357,-0.0597562403,
162,object_red_01,RED,-0.250635533,0.210638903,0.0119470887,-4.32180465e-18,1.15256976e-17,-2.26738572e-16,-8.29994125e-16,2.74649562e-16,6.57015797e-18,0,0,0,-0.00420419067,-0.00719915749,-0.0597562403,
162.04,object_red_01,RED,-0.250635533,0.210638903,0.0119470887,-5.37519383e-18,1.14507667e-17,-2.30307375e-16,-7.23177365e-16,1.41462414e-16,3.44695939e-18,0,0,0,-0.00430947095,-0.00732550409,-0.0597562403,
162.08,object_red_01,RED,-0.250635533,0.210638903,0.0119470887,-2.74041393e-18,1.27977805e-17,-2.19600967e-16,-1.01723762e-15,-1.26482717e-16,5.19495755e-18,0,0,0,-0.00441605912,-0.00745343679,-0.0597562403,
162.12,object_red_01,RED,-0.250635533,0.210638903,0.0119470887,-4.32267594e-18,1.40402395e-17,-2.26738572e-16,-8.777475e-16,5.64557118e-17,3.4807391e-18,0,0,0,-0.00452395551,-0.00758295891,-0.0597562403,
162.16,object_red_01,RED,-0.250635533,0.210638903,0.0119470887,-9.70824648e-19,1.15413808e-17,-2.33876177e-16,-9.77024254e-16,2.47336673e-16,3.8547578e-18,0,0,0,-0.00463316025,-0.00771407376,-0.0597562403,
162.2,object_red_01,RED,-0.250635533,0.210638903,0.0119470887,-6.53662294e-18,1.25555619e-17,-2.2316977e-16,-9.86134855e-17,-2.42704849e-16,2.70787565e-18,0,0,0,-0.00474367312,-0.00784678444,-0.0597562403,
162.24,object_red_01,RED,-0.250635533,0.210638903,0.0119470887,-2.93558281e-18,1.01630006e-17,-2.2316977e-16,-9.20474204e-16,1.32101221e-16,5.2722846e-18,0,0,0,-0.00485549378,-0.00798109406,-0.0597562403,
162.28,object_red_01,RED,-0.250635533,0.210638903,0.0119470887,-3.13336556e-18,9.99571295e-18,-2.19600967e-16,-7.3197404e-16,8.02982305e-18,3.74649994e-18,0,0,0,-0.00496862155,-0.00811700559,-0.0597562403,
162.32,object_red_01,RED,-0.250635533,0.210638903,0.0119470887,-2.11395667e-18,1.21931054e-17,-2.26738572e-16,-1.95848178e-15,1.80227669e-16,5.90718032e-18,0,0,0,-0.00508305544,-0.00825452171,-0.0597562403,
162.36,object_red_01,RED,-0.250635533,0.210638903,0.0119470887,-6.73714877e-19,7.07689262e-18,-2.26738572e-16,-1.86171836e-15,7.19230146e-16,7.17982066e-18,0,0,0,-0.00519879711,-0.00839364279,-0.0597562403,
162.4,object_red_01,RED,-0.250635533,0.210638903,0.0119470887,-4.04734841e-18,5.5441829e-19,-2.2316977e-16,-6.76680658e-16,8.35427734e-16,6.43910898e-18,0,0,0,-0.0053158533,-0.00853436365,-0.0597562403,
162.44,object_red_01,RED,-0.250635533,0.210638903,0.0119470887,7.04665351e-19,-3.65216815e-18,-2.19600967e-16,-5.13313848e-16,1.24520942e-15,1.22138112e-17,0,0,0,-0.00543423147,-0.00867668009,-0.0597562403,
162.48,object_red_01,RED,-0.250635533,0.210638903,0.0119470887,8.44171745e-18,-8.7248165e-18,-2.2316977e-16,-3.20100939e-17,4.70282298e-16,8.18547921e-18,0,0,0,-0.00555393556,-0.00882059019,-0.0597562403,
162.52,object_red_01,RED,-0.250635533,0.210638903,0.0119470887,1.3154394e-18,-9.94113685e-18,-2.19600967e-16,2.44456815e-16,1.14235902e-15,7.76506428e-18,0,0,0,-0.00567496663,-0.00896609374,-0.0597562403,
162.56,object_red_01,RED,-0.250635533,0.210638903,0.0119470887,-6.81556484e-19,2.87803656e-19,-2.2316977e-16,7.48066662e-17,1.07504384e-15,5.4761838e-18,0,0,0,-0.00579732443,-0.00911319121,-0.0597562403,
162.6,object_red_01,RED,-0.250635533,0.210638903,0.0119470887,-1.59379675e-18,-9.33297667e-18,-2.26738572e-16,-8.13340633e-18,-4.70966575e-17,8.48094991e-18,0,0,0,-0.00592100829,-0.00926188288,-0.0597562403,
162.64,object_red_01,RED,-0.250635533,0.210638903,0.0119470887,-1.38345451e-17,-2.60313541e-18,-2.2316977e-16,3.01006864e-16,-2.88141243e-16,1.06717471e-17,0,0,0,-0.00604601779,-0.00941216885,-0.0597562403,
162.68,object_red_01,RED,-0.250635533,0.210638903,0.0119470887,-1.38911789e-17,-9.99689939e-18,-2.16032165e-16,-4.88180493e-16,-5.17453658e-16,6.1823018e-18,0,0,0,-0.00617235255,-0.00956404879,-0.0597562403,
162.72,object_red_01,RED,-0.250635533,0.210638903,0.0119470887,-1.05689514e-17,-6.54136463e-18,-2.12463363e-16,-5.48500546e-16,-4.18873962e-16,6.39718959e-18,0,0,0,-0.00630001225,-0.00971752217,-0.0597562403,
162.76,object_red_01,RED,-0.250635533,0.210638903,0.0119470887,-1.04800799e-17,-2.04725261e-18,-2.30307375e-16,-9.30527547e-16,-6.7698174e-16,3.76684916e-18,0,0,0,-0.00642899648,-0.00987258832,-0.0597562403,
162.8,object_red_01,RED,-0.250635533,0.210638903,0.0119470887,-1.01768711e-17,-6.18239329e-18,-2.26738572e-16,3.88973608e-16,-1.38998852e-15,9.04136748e-18,0,0,0,-0.00655930456,-0.0100292462,-0.0597562403,
162.84,object_red_01,RED,-0.250635533,0.210638903,0.0119470887,-7.6510024e-18,-3.32979098e-18,-2.2316977e-16,-1.43853525e-16,-9.42069914e-16,7.03574817e-18,0,0,0,-0.0066909358,-0.0101874949,-0.0597562403,
162.88,object_red_01,RED,-0.250635533,0.210638903,0.0119470887,-4.04124938e-18,1.17303394e-18,-2.26738572e-16,7.57177263e-16,-7.96625347e-16,6.4594582e-18,0,0,0,-0.00682388922,-0.0103473331,-0.0597562403,
162.92,object_red_01,RED,-0.250635533,0.210638903,0.0119470887,-4.40196329e-18,1.13183306e-17,-2.26738572e-16,-1.39926462e-15,4.7801375e-16,7.16761113e-18,0,0,0,-0.00695816382,-0.0105087593,-0.0597562403,
162.96,object_red_01,RED,-0.250635533,0.210638903,0.0119470887,-2.3553039e-18,1.01630006e-17,-2.19600967e-16,-6.33953954e-16,5.34735609e-16,6.19491832e-18,0,0,0,-0.00709375843,-0.0106717722,-0.0597562403,
163,object_red_01,RED,-0.250635533,0.210638903,0.0119470887,-6.68474218e-18,4.17027034e-18,-2.16032165e-16,-1.45110193e-16,-4.33757621e-16,4.90437066e-18,0,0,0,-0.00723067166,-0.0108363697,-0.0597562403,
163.04,object_red_01,RED,-0.250635533,0.210638903,0.0119470887,5.11981131e-20,1.22314422e-17,-2.26738572e-16,-1.39298128e-15,-1.22776528e-16,5.81275993e-18,0,0,0,-0.00736890214,-0.01100255,-0.0597562403,
163.08,object_red_01,RED,-0.250635533,0.210638903,0.0119470887,-5.79341287e-18,-1.4645078e-21,-2.19600967e-16,-4.33201038e-17,-6.26209417e-16,5.17582928e-18,0,0,0,-0.00750844817,-0.011170311,-0.0597562403,
163.12,object_red_01,RED,-0.250635533,0.210638903,0.0119470887,-2.93471152e-18,6.81202056e-18,-2.19600967e-16,-6.90504003e-16,-3.37205284e-16,8.79554888e-18,0,0,0,-0.00764930812,-0.0113396503,-0.0597562403,
163.16,object_red_01,RED,-0.250635533,0.210638903,0.0119470887,-2.29779879e-18,7.77043918e-18,-2.16032165e-16,-9.94617603e-16,3.70215411e-17,9.32422167e-18,0,0,0,-0.00779148011,-0.0115105656,-0.0597562403,
163.2,object_red_01,RED,-0.250635533,0.210638903,0.0119470887,-5.41004542e-18,8.68082564e-19,-2.2316977e-16,5.73703769e-16,-6.40484377e-16,4.63047014e-18,0,0,0,-0.0079349621,-0.011683054,-0.0597562403,
163.24,object_red_01,RED,-0.250635533,0.210638903,0.0119470887,-5.42485734e-18,8.48914192e-19,-2.16032165e-16,2.11783453e-16,-4.39741519e-16,6.4517255e-18,0,0,0,-0.00807975204,-0.0118571128,-0.0597562403,
163.28,object_red_01,RED,-0.250635533,0.210638903,0.0119470887,-6.98185195e-18,6.43562343e-18,-2.19600967e-16,-8.37534132e-16,9.66938178e-18,3.37695807e-18,0,0,0,-0.00822584757,-0.012032739,-0.0597562403,
163.32,object_red_01,RED,-0.250635533,0.210638903,0.0119470887,-2.69423558e-18,9.98351489e-18,-2.16032165e-16,-1.08635435e-15,4.49267475e-16,4.59424852e-18,0,0,0,-0.00837324638,-0.0122099293,-0.0597562403,
163.36,object_red_01,RED,-0.250635533,0.210638903,0.0119470887,-5.26192618e-18,4.88472786e-18,-2.19600967e-16,-1.06373433e-15,3.10317327e-16,4.53157292e-18,0,0,0,-0.00852194593,-0.0123886805,-0.0597562403,
163.4,object_red_01,RED,-0.250635533,0.210638903,0.0119470887,-1.03791395e-18,6.81550572e-18,-2.26738572e-16,-7.44540717e-16,6.07759788e-16,7.09638885e-18,0,0,0,-0.00867194352,-0.0125689888,-0.0597562403,
163.44,object_red_01,RED,-0.250635533,0.210638903,0.0119470887,-5.56600627e-18,5.282796e-19,-2.2316977e-16,3.8771694e-16,-5.94807449e-16,2.70095691e-18,0,0,0,-0.00882323644,-0.0127508507,-0.0597562403,
163.48,object_red_01,RED,-0.250635533,0.210638903,0.0119470887,-4.80624169e-18,1.14341009e-18,-2.19600967e-16,6.95600543e-16,-3.58779717e-16,2.81572652e-18,0,0,0,-0.00897582166,-0.0129342621,-0.0597562403,
163.52,object_red_01,RED,-0.250635533,0.210638903,0.0119470887,8.22289454e-19,1.20014217e-17,-2.2316977e-16,-1.47969136e-15,7.28664972e-16,8.88834133e-18,0,0,0,-0.00912969624,-0.013119219,-0.0597562403,
163.56,object_red_01,RED,-0.250635533,0.210638903,0.0119470887,-2.45811608e-18,1.06648634e-17,-2.19600967e-16,-1.2170478e-15,4.65152734e-17,9.40317665e-18,0,0,0,-0.00928485695,-0.0133057171,-0.0597562403,
163.6,object_red_01,RED,-0.250635533,0.210638903,0.0119470887,-5.64180847e-18,1.94848173e-18,-2.2316977e-16,1.03710025e-16,-7.28922371e-16,3.76400027e-18,0,0,0,-0.00944130048,-0.013493752,-0.0597562403,
163.64,object_red_01,RED,-0.250635533,0.210638903,0.0119470887,-3.34857411e-18,9.15056199e-18,-2.26738572e-16,-1.23464115e-15,2.14354053e-16,5.56287149e-18,0,0,0,-0.00959902345,-0.013683319,-0.0597562403,
163.68,object_red_01,RED,-0.250635533,0.210638903,0.0119470887,-4.10136836e-18,4.94746071e-18,-2.19600967e-16,-5.20853855e-16,-4.14436354e-16,4.18726408e-18,0,0,0,-0.00975802218,-0.0138744133,-0.0597562403,
163.72,object_red_01,RED,-0.250635533,0.210638903,0.0119470887,-6.44426624e-18,4.95965877e-18,-2.2316977e-16,-6.65370648e-16,-7.17342374e-16,8.75607139e-18,0,0,0,-0.0099182931,-0.0140670299,-0.0597562403,
163.76,object_red_01,RED,-0.250635533,0.210638903,0.0119470887,-6.44862268e-18,2.24472021e-18,-2.2316977e-16,3.16086877e-16,-5.92029035e-16,9.43980525e-18,0,0,0,-0.0100798323,-0.0142611637,-0.0597562403,
163.8,object_red_01,RED,-0.250635533,0.210638903,0.0119470887,-1.64607413e-18,6.45479181e-18,-2.19600967e-16,-1.47717802e-15,1.7596678e-16,8.84275908e-18,0,0,0,-0.010242636,-0.0144568093,-0.0597562403,
163.84,object_red_01,RED,-0.250635533,0.210638903,0.0119470887,-1.83862914e-18,8.53543149e-18,-2.2316977e-16,-8.19940783e-16,2.96277992e-16,6.88394297e-18,0,0,0,-0.0104066999,-0.0146539612,-0.0597562403,
163.88,object_red_01,RED,-0.250635533,0.210638903,0.0119470887,-5.30461937e-18,7.4829136e-18,-2.2316977e-16,-8.67694158e-16,3.99629098e-16,7.8745431e-18,0,0,0,-0.01057202,-0.0148526136,-0.0597562403,
163.92,object_red_01,RED,-0.250635533,0.210638903,0.0119470887,-5.09725244e-18,3.0707028e-18,-2.26738572e-16,6.6921052e-16,-7.1903593e-16,6.4411439e-18,0,0,0,-0.0107385919,-0.0150527607,-0.0597562403,
163.96,object_red_01,RED,-0.250635533,0.210638903,0.0119470887,-6.95832713e-18,8.11198472e-18,-2.2316977e-16,-1.11651438e-15,-6.50508266e-16,6.11474238e-18,0,0,0,-0.010906411,-0.0152543964,-0.0597562403,
164,object_red_01,RED,-0.250635533,0.210638903,0.0119470887,-1.91268876e-18,3.78167516e-18,-2.2316977e-16,-1.47843469e-15,3.78957895e-16,9.30102356e-18,0,0,0,-0.0110754715,-0.0154575165,-0.0597562403,
164.04,object_red_01,RED,-0.250635533,0.210638903,0.0119470887,-2.85119692e-19,7.46026006e-18,-2.19600967e-16,-2.211072e-15,3.46957047e-16,9.53748151e-18,0,0,0,-0.0112457653,-0.0156621172,-0.0597562403,
164.08,object_red_01,RED,-0.250635533,0.210638903,0.0119470887,-8.03436985e-18,-1.50182529e-18,-2.16032165e-16,9.69554116e-16,-6.48750895e-16,1.04238936e-17,0,0,0,-0.0114172845,-0.0158681938,-0.0597562403,
164.12,object_red_01,RED,-0.250635533,0.210638903,0.0119470887,-4.36972558e-18,-4.41890304e-18,-2.2316977e-16,1.65286745e-16,-2.68083648e-16,7.93070695e-18,0,0,0,-0.0115900231,-0.0160757409,-0.0597562403,
164.16,object_red_01,RED,-0.250635533,0.210638903,0.0119470887,-4.01162553e-18,-4.78310211e-18,-2.26738572e-16,8.36347332e-16,-6.13991268e-16,9.67422829e-18,0,0,0,-0.0117639756,-0.0162847518,-0.0597562403,
164.2,object_red_01,RED,-0.250635533,0.210638903,0.0119470887,-1.10664578e-17,1.07370692e-18,-2.19600967e-16,-4.63047138e-16,-4.43678424e-16,3.34643423e-18,0,0,0,-0.0119391367,-0.0164952194,-0.0597562403,
164.24,object_red_01,RED,-0.250635533,0.210638903,0.0119470887,-2.20979853e-18,8.38556967e-18,-2.19600967e-16,-7.8224075e-16,3.24062131e-16,7.0166199e-18,0,0,0,-0.0121155011,-0.0167071366,-0.0597562403,
164.28,object_red_01,RED,-0.250635533,0.210638903,0.0119470887,-5.56962063e-19,1.03494565e-17,-2.2316977e-16,-1.60410147e-15,4.66281578e-16,7.32918395e-18,0,0,0,-0.0122930632,-0.016920496,-0.0597562403,
164.32,object_red_01,RED,-0.250635533,0.210638903,0.0119470887,-5.80473963e-18,9.93472267e-18,-2.19600967e-16,-9.44350892e-16,7.67194795e-17,1.0387265e-17,0,0,0,-0.0124718173,-0.0171352904,-0.0597562403,
164.36,object_red_01,RED,-0.250635533,0.210638903,0.0119470887,-2.69510687e-18,1.0028822e-17,-2.2316977e-16,-1.49477137e-15,4.44176988e-16,7.61407306e-18,0,0,0,-0.0126517574,-0.017351512,-0.0597562403,
164.4,object_red_01,RED,-0.250635533,0.210638903,0.0119470887,-5.55380821e-18,1.09994386e-17,-2.16032165e-16,-1.6342615e-15,-3.2443715e-17,6.42486453e-18,0,0,0,-0.0128328772,-0.0175691533,-0.0597562403,
164.44,object_red_01,RED,-0.250635533,0.210638903,0.0119470887,-4.07697225e-18,8.08584603e-18,-2.2316977e-16,-1.11023104e-15,1.57887454e-16,9.65168281e-19,0,0,0,-0.0130151707,-0.0177882063,-0.0597562403,
164.48,object_red_01,RED,-0.250635533,0.210638903,0.0119470887,-2.92251347e-18,8.70446169e-18,-2.16032165e-16,-5.52270549e-16,1.45340412e-16,6.87336138e-18,0,0,0,-0.0131986314,-0.0180086629,-0.0597562403,
164.52,object_red_01,RED,-0.250635533,0.210638903,0.0119470887,-7.34082329e-18,2.58975091e-18,-2.2316977e-16,-1.56734129e-17,-4.42681925e-16,4.66384286e-18,0,0,0,-0.013383253,-0.0182305149,-0.0597562403,
164.56,object_red_01,RED,-0.250635533,0.210638903,0.0119470887,-1.1851619e-18,9.6628803e-18,-2.2316977e-16,-1.21076446e-15,2.20313407e-16,7.70401662e-18,0,0,0,-0.0135690288,-0.0184537539,-0.0597562403,
164.6,object_red_01,RED,-0.250635533,0.210638903,0.0119470887,-4.72085531e-18,6.25962293e-18,-2.16032165e-16,-7.40770714e-16,2.2803995e-16,6.25718694e-18,0,0,0,-0.0137559521,-0.0186783713,-0.0597562403,
164.64,object_red_01,RED,-0.250635533,0.210638903,0.0119470887,7.342892e-19,7.13439774e-18,-2.26738572e-16,-1.00341428e-15,2.50979046e-16,7.11714506e-18,0,0,0,-0.0139440163,-0.0189043583,-0.0597562403,
164.68,object_red_01,RED,-0.250635533,0.210638903,0.0119470887,-8.9649072e-18,3.84789317e-18,-2.16032165e-16,4.84166431e-17,-2.80885951e-16,8.81508414e-18,0,0,0,-0.0141332142,-0.0191317059,-0.0597562403,
164.72,object_red_01,RED,-0.250635533,0.210638903,0.0119470887,-8.76102542e-18,4.27133994e-18,-2.26738572e-16,1.92933436e-16,-2.51059727e-16,6.72033523e-18,0,0,0,-0.014323539,-0.0193604051,-0.0597562403,
164.76,object_red_01,RED,-0.250635533,0.210638903,0.0119470887,-6.17242387e-18,1.01769412e-17,-2.19600967e-16,-4.47967124e-16,-5.74479866e-16,8.56503436e-19,0,0,0,-0.0145149834,-0.0195904466,-0.0597562403,
164.8,object_red_01,RED,-0.250635533,0.210638903,0.0119470887,-1.84908462e-18,7.04204103e-18,-2.2316977e-16,5.34433142e-17,-1.65390329e-16,7.60878226e-18,0,0,0,-0.0147075402,-0.019821821,-0.0597562403,
164.84,object_red_01,RED,-0.250635533,0.210638903,0.0119470887,-7.22494176e-18,-4.68475761e-19,-2.19600967e-16,7.14450559e-16,-4.00897722e-16,4.02243539e-18,0,0,0,-0.0149012021,-0.0200545186,-0.0597562403,
164.88,object_red_01,RED,-0.250635533,0.210638903,0.0119470887,-2.28995718e-18,8.91705636e-18,-2.2316977e-16,-1.00215761e-15,-6.07737382e-16,6.36992163e-18,0,0,0,-0.0150959615,-0.0202885296,-0.0597562403,
164.92,object_red_01,RED,-0.250635533,0.210638903,0.0119470887,-5.42398605e-18,9.0293415e-19,-2.19600967e-16,6.9685721e-16,-7.97219319e-16,3.13317439e-18,0,0,0,-0.0152918108,-0.0205238441,-0.0597562403,
164.96,object_red_01,RED,-0.250635533,0.210638903,0.0119470887,-5.03626216e-18,4.18943871e-18,-2.2316977e-16,9.84634129e-16,-1.03812155e-15,4.22796253e-18,0,0,0,-0.0154887424,-0.0207604519,-0.0597562403,
165,object_red_01,RED,-0.250635533,0.210638903,0.0119470887,-5.10073759e-18,2.65771151e-18,-2.2316977e-16,-4.66817141e-16,-8.03453569e-16,2.70584073e-18,0,0,0,-0.0156867485,-0.0209983428,-0.0597562403,
165.04,object_red_01,RED,-0.250635533,0.210638903,0.0119470887,-1.1851619e-18,1.21408281e-17,-2.2316977e-16,-1.02729096e-15,9.26855223e-16,8.01902257e-18,0,0,0,-0.0158858211,-0.0212375063,-0.0597562403,
165.08,object_red_01,RED,-0.250635533,0.210638903,0.0119470887,-4.45249809e-18,4.063973e-18,-2.2316977e-16,-1.92863568e-16,-4.07156517e-16,2.13280664e-18,0,0,0,-0.0160859521,-0.0214779317,-0.0597562403,
165.12,object_red_01,RED,-0.250635533,0.210638903,0.0119470887,-6.86509914e-18,3.08987117e-18,-2.16032165e-16,-5.03260506e-16,-6.60090358e-16,9.50085292e-18,0,0,0,-0.0162871335,-0.0217196083,-0.0597562403,
165.16,object_red_01,RED,-0.250635533,0.210638903,0.0119470887,-5.39174834e-18,3.8287248e-18,-2.19600967e-16,2.23093463e-16,1.31791963e-16,1.0988788e-17,0,0,0,-0.0164893571,-0.021962525,-0.0597562403,
165.2,object_red_01,RED,-0.250635533,0.210638903,0.0119470887,-6.26913702e-18,3.34951549e-18,-2.2316977e-16,1.01196689e-16,-1.94426226e-16,6.13387065e-18,0,0,0,-0.0166926143,-0.0222066707,-0.0597562403,
165.24,object_red_01,RED,-0.250635533,0.210638903,0.0119470887,-7.02193127e-18,2.75703853e-18,-2.2316977e-16,-4.20320434e-16,-4.70358069e-16,4.01714459e-18,0,0,0,-0.0168968953,-0.0224520365,-0.0597562403,
165.28,object_red_01,RED,-0.250635533,0.210638903,0.0119470887,-1.78025273e-18,1.00427626e-17,-2.26738572e-16,-1.58148145e-15,4.10433495e-16,9.1744514e-18,0,0,0,-0.0171021867,-0.0226986147,-0.0597562403,
165.32,object_red_01,RED,-0.250635533,0.210638903,0.0119470887,-1.03704266e-18,8.6277882e-18,-2.26738572e-16,-1.38041461e-15,2.41122058e-16,9.29288387e-18,0,0,0,-0.0173084757,-0.0229463967,-0.0597562403,
165.36,object_red_01,RED,-0.250635533,0.210638903,0.0119470887,-4.09788321e-18,4.06299049e-19,-2.19600967e-16,-3.45234294e-17,-9.56472505e-16,6.40044546e-18,0,0,0,-0.0175157515,-0.0231953723,-0.0597562403,
165.4,object_red_01,RED,-0.250635533,0.210638903,0.0119470887,-6.55230615e-18,2.18372994e-18,-2.2316977e-16,2.95980193e-16,-9.04939309e-16,7.72762172e-18,0,0,0,-0.0177240047,-0.0234455302,-0.0597562403,
165.44,object_red_01,RED,-0.250635533,0.210638903,0.0119470887,-5.21139138e-18,9.53741459e-18,-2.26738572e-16,-8.17427448e-16,5.20985897e-16,5.22914425e-18,0,0,0,-0.0179332261,-0.0236968583,-0.0597562403,
165.48,object_red_01,RED,-0.250635533,0.210638903,0.0119470887,-4.78271687e-18,9.39103793e-18,-2.16032165e-16,-8.42560803e-16,2.09985169e-16,8.05850006e-18,0,0,0,-0.0181434068,-0.0239493446,-0.0597562403,
165.52,object_red_01,RED,-0.250635533,0.210638903,0.0119470887,-5.87705667e-18,2.6416761e-20,-2.26738572e-16,-6.46834558e-17,-4.95815409e-16,7.67186485e-18,0,0,0,-0.0183545376,-0.0242029768,-0.0597562403,
165.56,object_red_01,RED,-0.250635533,0.210638903,0.0119470887,-3.5846936e-18,4.34627085e-18,-2.2316977e-16,1.82566168e-17,-4.97528601e-16,7.0609812e-18,0,0,0,-0.0185666087,-0.0244577425,-0.0597562403,
165.6,object_red_01,RED,-0.250635533,0.210638903,0.0119470887,-4.65028084e-18,6.83641667e-18,-2.16032165e-16,-1.21233505e-16,-1.71266232e-16,3.53649597e-18,0,0,0,-0.0187796106,-0.0247136295,-0.0597562403,
165.64,object_red_01,RED,-0.250635533,0.210638903,0.0119470887,-2.54263118e-18,8.64597405e-19,-2.2316977e-16,7.40840582e-16,-6.19062119e-16,3.79859394e-18,0,0,0,-0.0189935332,-0.0249706251,-0.0597562403,
165.68,object_red_01,RED,-0.250635533,0.210638903,0.0119470887,-5.26366876e-18,3.29026779e-18,-2.19600967e-16,-6.21701203e-17,-9.23195354e-16,3.21335032e-18,0,0,0,-0.0192083666,-0.0252287167,-0.0597562403,
165.72,object_red_01,RED,-0.250635533,0.210638903,0.0119470887,-5.12251984e-18,5.75776009e-18,-2.16032165e-16,-2.70776969e-16,9.86178971e-17,4.41883823e-18,0,0,0,-0.0194241008,-0.0254878914,-0.0597562403,
165.76,object_red_01,RED,-0.250635533,0.210638903,0.0119470887,-4.67816211e-18,9.22897806e-18,-2.19600967e-16,-1.44576133e-15,1.22249142e-16,4.24342794e-18,0,0,0,-0.0196407256,-0.0257481362,-0.0597562403,
165.8,object_red_01,RED,-0.250635533,0.210638903,0.0119470887,-5.1338466e-18,5.85011679e-18,-2.2316977e-16,3.18600213e-16,-4.97572781e-16,3.10509246e-18,0,0,0,-0.0198582309,-0.0260094379,-0.0597562403,
165.84,object_red_01,RED,-0.250635533,0.210638903,0.0119470887,-7.78779488e-18,1.57731234e-18,-2.19600967e-16,-2.05430246e-16,-1.30235558e-15,9.53341167e-18,0,0,0,-0.0200766063,-0.0262717832,-0.0597562403,
165.88,object_red_01,RED,-0.250635533,0.210638903,0.0119470887,-1.87348073e-18,5.67585886e-18,-2.2316977e-16,-1.53624141e-15,4.72125245e-18,7.31086965e-18,0,0,0,-0.0202958414,-0.0265351585,-0.0597562403,
165.92,object_red_01,RED,-0.250635533,0.210638903,0.0119470887,-3.80774375e-18,1.56337171e-18,-2.30307375e-16,-1.18688777e-15,1.13113756e-16,1.10913481e-17,0,0,0,-0.0205159256,-0.0267995502,-0.0597562403,
165.96,object_red_01,RED,-0.250635533,0.210638903,0.0119470887,-4.81931104e-18,4.76623246e-18,-2.30307375e-16,-7.77214079e-16,5.84653791e-16,1.18963633e-17,0,0,0,-0.0207368485,-0.0270649446,-0.0597562403,
166,object_red_01,RED,-0.250635533,0.210638903,0.0119470887,-6.62723706e-18,6.13415722e-18,-2.2316977e-16,-1.72474157e-15,-7.0938983e-17,1.08972165e-17,0,0,0,-0.0209585994,-0.0273313277,-0.0597562403,
166.04,object_red_01,RED,-0.250635533,0.210638903,0.0119470887,-7.04022836e-18,-8.57070945e-19,-2.30307375e-16,-3.48690371e-16,-8.80561725e-17,1.05667452e-17,0,0,0,-0.0211811674,-0.0275986854,-0.0597562403,
166.08,object_red_01,RED,-0.250635533,0.210638903,0.0119470887,-3.38429698e-18,-1.1811907e-18,-2.26738572e-16,-8.65180823e-16,-3.43969691e-16,8.68077927e-18,0,0,0,-0.0214045417,-0.0278670035,-0.0597562403,
166.12,object_red_01,RED,-0.250635533,0.210638903,0.0119470887,-4.15103187e-18,9.72038542e-18,-2.2316977e-16,-1.13536439e-15,3.76694911e-16,1.0937508e-17,0,0,0,-0.0216287115,-0.0281362676,-0.0597562403,
166.16,object_red_01,RED,-0.250635533,0.210638903,0.0119470887,-4.53875577e-18,6.95142691e-18,-2.19600967e-16,-9.74510918e-16,-4.12698425e-17,7.11999395e-18,0,0,0,-0.0218536656,-0.0284064631,-0.0597562403,
166.2,object_red_01,RED,-0.250635533,0.210638903,0.0119470887,-5.24724346e-19,-5.04448901e-18,-2.2316977e-16,-9.01624188e-16,8.93072459e-16,7.67267882e-18,0,0,0,-0.0220793931,-0.0286775755,-0.0597562403,
166.24,object_red_01,RED,-0.250635533,0.210638903,0.0119470887,-2.03989705e-18,-3.08060213e-18,-2.2316977e-16,-8.46330806e-16,-3.67159138e-16,1.16509517e-17,0,0,0,-0.0223058827,-0.0289495897,-0.0597562403,
166.28,object_red_01,RED,-0.250635533,0.210638903,0.0119470887,-5.45635298e-19,5.79958199e-18,-2.2316977e-16,-7.45797385e-16,7.03222358e-16,1.37282003e-17,0,0,0,-0.022533123,-0.0292224911,-0.0597562403,
166.32,object_red_01,RED,-0.250635533,0.210638903,0.0119470887,-7.25020916e-18,-6.47961429e-19,-2.19600967e-16,-7.38257378e-16,-3.60694171e-16,1.1773047e-17,0,0,0,-0.0227611002,-0.0294962675,-0.0597562403,
166.36,object_red_01,RED,-0.250635533,0.210638903,0.0119470887,-7.71634913e-18,-3.56950685e-19,-2.19600967e-16,2.95666267e-17,-5.1572083e-16,1.23525929e-17,0,0,0,-0.0229897971,-0.0297709082,-0.0597562403,
166.4,object_red_01,RED,-0.250635533,0.210638903,0.0119470887,-4.3252898e-18,-2.92899774e-18,-2.26738572e-16,3.77663598e-16,-3.42521577e-16,1.17714191e-17,0,0,0,-0.0232191975,-0.0300464016,-0.0597562403,
166.44,object_red_01,RED,-0.250635533,0.210638903,0.0119470887,-4.06303162e-18,2.24472021e-18,-2.2316977e-16,-1.16678109e-15,2.99824313e-18,8.65513925e-18,0,0,0,-0.0234492876,-0.0303227337,-0.0597562403,
166.48,object_red_01,RED,-0.250635533,0.210638903,0.0119470887,-2.43720513e-18,3.92282408e-18,-2.2316977e-16,-1.06624767e-15,5.46266518e-16,4.18604313e-18,0,0,0,-0.0236800549,-0.0305998896,-0.0597562403,
166.52,object_red_01,RED,-0.250635533,0.210638903,0.0119470887,-3.4583566e-18,3.89320023e-18,-2.19600967e-16,-2.50670285e-16,-5.36455849e-16,2.88979769e-18,0,0,0,-0.0239114877,-0.0308778535,-0.0597562403,
166.56,object_red_01,RED,-0.250635533,0.210638903,0.0119470887,-3.78596151e-18,4.9648865e-18,-2.19600967e-16,-8.14914112e-16,-1.99403809e-16,7.89489232e-18,0,0,0,-0.0241435745,-0.0311566095,-0.0597562403,
166.6,object_red_01,RED,-0.250635533,0.210638903,0.0119470887,-3.80425859e-18,9.92775236e-18,-2.19600967e-16,-1.92203841e-15,3.48046813e-16,4.78960105e-18,0,0,0,-0.0243763031,-0.031436142,-0.0597562403,
166.64,object_red_01,RED,-0.250635533,0.210638903,0.0119470887,-7.85662676e-18,1.20440037e-18,-2.26738572e-16,-1.76526887e-16,-2.91808161e-16,5.22181853e-18,0,0,0,-0.0246096611,-0.0317164348,-0.0597562403,
166.68,object_red_01,RED,-0.250635533,0.210638903,0.0119470887,-6.72046506e-18,2.34578981e-18,-2.26738572e-16,3.62583585e-16,-7.12099713e-16,-5.21138889e-19,0,0,0,-0.0248436362,-0.0319974722,-0.0597562403,
166.72,object_red_01,RED,-0.250635533,0.210638903,0.0119470887,-2.06255058e-18,7.87150878e-18,-2.16032165e-16,-8.87800843e-16,7.95224377e-17,8.53792773e-18,0,0,0,-0.0250782157,-0.0322792381,-0.0597562403,
166.76,object_red_01,RED,-0.250635533,0.210638903,0.0119470887,-2.30999684e-18,9.64545451e-18,-2.2316977e-16,-1.59279146e-15,-2.30432703e-16,7.6234337e-18,0,0,0,-0.0253133869,-0.0325617163,-0.0597562403,
166.8,object_red_01,RED,-0.250635533,0.210638903,0.0119470887,-6.15848323e-18,8.85508357e-19,-2.19600967e-16,8.48600084e-17,-9.06711407e-16,5.04681522e-18,0,0,0,-0.0255491373,-0.0328448905,-0.0597562403,
166.84,object_red_01,RED,-0.250635533,0.210638903,0.0119470887,-7.06026802e-18,-3.86574534e-19,-2.16032165e-16,2.3566014e-16,-7.93410045e-16,4.65936603e-18,0,0,0,-0.0257854539,-0.0331287442,-0.0597562403,
166.88,object_red_01,RED,-0.250635533,0.210638903,0.0119470887,-4.9074405e-19,8.15903436e-18,-2.2316977e-16,-2.55162896e-15,7.3894903e-16,9.73446198e-18,0,0,0,-0.026022324,-0.0334132608,-0.0597562403,
166.92,object_red_01,RED,-0.250635533,0.210638903,0.0119470887,-5.90319536e-18,-2.39054073e-18,-2.16032165e-16,-2.32134195e-17,-2.70690252e-16,8.13908298e-18,0,0,0,-0.0262597347,-0.0336984236,-0.0597562403,
166.96,object_red_01,RED,-0.250635533,0.210638903,0.0119470887,-7.71722042e-18,6.05225599e-18,-2.26738572e-16,-6.05050595e-16,4.66448479e-16,8.51961343e-18,0,0,0,-0.026497673,-0.0339842158,-0.0597562403,
167,object_red_01,RED,-0.250635533,0.210638903,0.0119470887,-6.54882099e-18,1.1346972e-18,-2.2316977e-16,-5.46301137e-17,-7.6986716e-16,6.55306463e-18,0,0,0,-0.0267361261,-0.0342706204,-0.0597562403,
167.04,object_red_01,RED,-0.250635533,0.210638903,0.0119470887,-4.02120972e-18,7.79657787e-18,-2.16032165e-16,-8.45074139e-16,3.00853241e-17,3.41033079e-18,0,0,0,-0.0269750807,-0.0345576202,-0.0597562403,
167.08,object_red_01,RED,-0.250635533,0.210638903,0.0119470887,-3.80600117e-18,4.51355846e-18,-2.2316977e-16,-2.0700084e-17,1.143017e-16,5.96985592e-18,0,0,0,-0.0272145238,-0.0348451983,-0.0597562403,
167.12,object_red_01,RED,-0.250635533,0.210638903,0.0119470887,-6.81543563e-18,2.75355337e-18,-2.2316977e-16,1.71570084e-16,-2.16967705e-16,8.01006892e-18,0,0,0,-0.0274544422,-0.035133337,-0.0597562403,
167.16,object_red_01,RED,-0.250635533,0.210638903,0.0119470887,-6.71785119e-18,2.73612758e-18,-2.2316977e-16,3.32423558e-16,-4.78973116e-16,6.57382083e-18,0,0,0,-0.0276948227,-0.0354220191,-0.0597562403,
167.2,object_red_01,RED,-0.250635533,0.210638903,0.0119470887,-6.42248399e-18,2.20289831e-18,-2.30307375e-16,3.58499655e-17,-5.16093904e-16,6.81963943e-18,0,0,0,-0.0279356519,-0.0357112271,-0.0597562403,
167.24,object_red_01,RED,-0.250635533,0.210638903,0.0119470887,-3.89835788e-18,1.04087042e-17,-2.19600967e-16,-1.62923482e-15,-7.37066167e-16,7.46226786e-18,0,0,0,-0.0281769169,-0.0360009432,-0.0597562403,
167.28,object_red_01,RED,-0.250635533,0.210638903,0.0119470887,-2.95126602e-18,-4.7021834e-19,-2.16032165e-16,-8.87800843e-16,-5.22534326e-16,3.44004065e-18,0,0,0,-0.0284218155,-0.0362915581,-0.0597562403,
167.32,object_red_01,RED,-0.250635533,0.210638903,0.0119470887,6.20598821e-18,-3.29668197e-18,-2.19600967e-16,-5.05773842e-16,7.71121882e-17,1.77262541e-18,0,0,0,-0.0286887588,-0.0365808711,-0.0597562403,
167.36,object_red_01,RED,-0.250635533,0.210638903,0.0119470887,4.94610337e-18,-4.53391327e-18,-2.19600967e-16,-4.89437161e-16,-4.26148697e-17,1.70954282e-18,0,0,0,-0.0289972827,-0.0368615742,-0.0597562403,
167.4,object_red_01,RED,-0.250635533,0.210638903,0.0119470887,9.13177886e-18,-5.92198891e-19,-2.2316977e-16,-3.42407032e-16,3.39574124e-16,4.85349761e-18,0,0,0,-0.0293563397,-0.0371285861,-0.0597562403,
167.44,object_red_01,RED,-0.250635533,0.210638903,0.0119470887,7.57391296e-18,-3.66262362e-18,-2.26738572e-16,-6.44007296e-16,-2.70047191e-16,4.77494961e-18,0,0,0,-0.0297646893,-0.0373812278,-0.0597562403,
167.48,object_red_01,RED,-0.250635533,0.210638903,0.0119470887,5.45493653e-18,-3.61208882e-18,-2.19600967e-16,-1.40052129e-15,1.44550086e-16,5.2722846e-18,0,0,0,-0.0302149555,-0.0376217424,-0.0597562403,
167.52,object_red_01,RED,-0.250635533,0.210638903,0.0119470887,7.22191194e-18,-9.00635428e-19,-2.26738572e-16,-2.0291691e-16,-2.907773e-16,8.98422833e-19,0,0,0,-0.0306974847,-0.0378533404,-0.0597562403,
167.56,object_red_01,RED,-0.250635533,0.210638903,0.0119470887,9.18231366e-18,-5.06812505e-19,-2.26738572e-16,-7.68417405e-16,-2.72452339e-17,3.21050143e-18,0,0,0,-0.0312025637,-0.0380790297,-0.0597562403,
167.6,object_red_01,RED,-0.250635533,0.210638903,0.0119470887,8.43300456e-18,-2.04551003e-18,-2.19600967e-16,-8.32507461e-16,-1.5029068e-16,2.43397512e-18,0,0,0,-0.0317211127,-0.0383012875,-0.0597562403,
167.64,object_red_01,RED,-0.250635533,0.210638903,0.0119470887,6.5100683e-18,-3.83862413e-18,-2.2316977e-16,-5.6860723e-16,-2.08995718e-16,4.10464624e-18,0,0,0,-0.0322445436,-0.0385222056,-0.0597562403,
167.68,object_red_01,RED,-0.250635533,0.210638903,0.0119470887,3.42208857e-19,9.51301848e-18,-2.2316977e-16,-9.73254251e-16,-3.66849687e-17,5.35123958e-18,0,0,0,-0.0327643871,-0.0387437511,-0.0597562403,
167.72,object_red_01,RED,-0.250635533,0.210638903,0.0119470887,-2.0860754e-18,7.48814133e-18,-2.26738572e-16,-5.00747171e-16,-4.18225993e-16,3.44370351e-18,0,0,0,-0.0332720075,-0.0389679581,-0.0597562403,
167.76,object_red_01,RED,-0.250635533,0.210638903,0.0119470887,-1.74365857e-18,7.69899343e-18,-2.30307375e-16,-1.20448112e-15,2.92223275e-16,4.41191949e-18,0,0,0,-0.0337584758,-0.0391970111,-0.0597562403,
167.8,object_red_01,RED,-0.250635533,0.210638903,0.0119470887,-2.20108564e-18,9.48687979e-18,-2.2316977e-16,-9.55660902e-16,-8.60386316e-17,2.88760144e-19,0,0,0,-0.0342145611,-0.0394332562,-0.0597562403,
167.84,object_red_01,RED,-0.250635533,0.210638903,0.0119470887,-6.13234454e-18,1.00235942e-17,-2.30307375e-16,-8.58897484e-16,-5.8482774e-16,3.07131275e-18,0,0,0,-0.0346307703,-0.0396791792,-0.0597562403,
167.88,object_red_01,RED,-0.250635533,0.210638903,0.0119470887,-4.83499425e-18,8.49535217e-18,-2.19600967e-16,-1.12154105e-15,-8.29213133e-18,1.73518284e-18,0,0,0,-0.0349973877,-0.0399373864,-0.0597562403,
167.92,object_red_01,RED,-0.250635533,0.210638903,0.0119470887,-2.87023609e-18,9.10176977e-18,-2.26738572e-16,-6.80450661e-16,-6.927488e-17,1.99361796e-18,0,0,0,-0.0353045024,-0.0402105967,-0.0597562403,
167.96,object_red_01,RED,-0.250635533,0.210638903,0.0119470887,-2.01550094e-18,1.25538194e-17,-2.26738572e-16,-5.48500546e-16,-6.12170082e-16,1.84384768e-18,0,0,0,-0.0355420129,-0.0405016402,-0.0597562403,
168,object_red_01,RED,-0.250635533,0.210638903,0.0119470887,-3.79206054e-18,1.30365138e-17,-2.2316977e-16,-1.27988119e-15,1.3601849e-16,1.32982634e-18,0,0,0,-0.0356996343,-0.0408134696,-0.0597562403,
168.04,object_red_01,RED,-0.250635533,0.210638903,0.0119470887,-2.9530086e-18,9.20980968e-18,-2.30307375e-16,-8.2748079e-16,2.75793326e-16,5.5388594e-18,0,0,0,-0.0357668964,-0.0411491661,-0.0597562403,
168.08,object_red_01,RED,-0.250635533,0.210638903,0.0119470887,-6.04695816e-18,1.04052191e-17,-2.2316977e-16,-1.09138102e-15,-2.52812189e-16,5.94096003e-18,0,0,0,-0.0357331462,-0.0415119502,-0.0597562403,
168.12,object_red_01,RED,-0.250635533,0.210638903,0.0119470887,-2.30564039e-18,9.48513721e-18,-2.30307375e-16,-6.33953954e-16,1.64337694e-16,3.54707756e-18,0,0,0,-0.0355875574,-0.0419051915,-0.0597562403,
168.16,object_red_01,RED,-0.250635533,0.210638903,0.0119470887,-3.79293183e-18,1.17818567e-17,-2.2316977e-16,-9.89590932e-16,-4.8638039e-17,-1.34406142e-18,0,0,0,-0.0353191304,-0.0423324123,-0.0597562403,
168.2,object_red_01,RED,-0.250635533,0.210638903,0.0119470887,-4.20505183e-18,1.06822892e-17,-2.19600967e-16,-1.02100763e-15,-5.02775978e-17,4.35656961e-18,0,0,0,-0.0349167156,-0.0427974307,-0.0597562403,
168.24,object_red_01,RED,-0.250635533,0.210638903,0.0119470887,-4.73218207e-18,1.12068056e-17,-2.19600967e-16,-1.07504434e-15,-7.70652384e-17,3.35742281e-18,0,0,0,-0.0343660924,-0.0433187801,-0.0597562403,
168.28,object_red_01,RED,-0.250635533,0.210638903,0.0119470887,-3.80687246e-18,1.22175016e-17,-2.26738572e-16,-8.41304135e-16,2.50861233e-16,4.08820554e-19,0,0,0,-0.0336476006,-0.0439358496,-0.0597562403,
168.32,object_red_01,RED,-0.250635533,0.210638903,0.0119470887,-5.27151037e-18,1.15936582e-17,-2.26738572e-16,-7.7093074e-16,4.57911974e-16,5.70735096e-18,0,0,0,-0.0327566163,-0.0446642594,-0.0597562403,
168.36,object_red_01,RED,-0.250635533,0.210638903,0.0119470887,-5.85353185e-18,1.21321152e-17,-2.19600967e-16,-5.14570516e-16,-3.29557282e-16,2.69892199e-18,0,0,0,-0.0317073248,-0.0454974457,-0.0597562403,
168.4,object_red_01,RED,-0.250635533,0.210638903,0.0119470887,-7.57358683e-19,1.00201091e-17,-2.30307375e-16,-9.64457576e-16,-6.92699711e-17,1.14993922e-18,0,0,0,-0.0305253609,-0.0464173209,-0.0597562403,
168.44,object_red_01,RED,-0.250635533,0.210638903,0.0119470887,-5.36735223e-18,1.34007129e-17,-2.19600967e-16,-7.39514046e-16,2.52878774e-16,-8.38993736e-19,0,0,0,-0.0292412654,-0.047401472,-0.0597562403,
168.48,object_red_01,RED,-0.250635533,0.210638903,0.0119470887,-2.73518619e-18,1.14821331e-17,-2.19600967e-16,-1.064991e-15,1.54029285e-17,3.96220169e-18,0,0,0,-0.0278868109,-0.0484270891,-0.0597562403,
168.52,object_red_01,RED,-0.250635533,0.210638903,0.0119470887,-2.0189861e-18,1.09820128e-17,-2.26738572e-16,-1.82024833e-15,1.77115453e-16,5.34350687e-18,0,0,0,-0.0264938573,-0.0494725559,-0.0597562403,
168.56,object_red_01,RED,-0.250635533,0.210638903,0.0119470887,6.38634517e-18,6.29098935e-18,-2.2316977e-16,-8.8905751e-16,9.91391985e-16,6.95068842e-18,0,0,0,-0.0250946206,-0.0505177365,-0.0597562403,
168.6,object_red_01,RED,-0.250635533,0.210638903,0.0119470887,-1.7828666e-18,3.61961528e-18,-2.30307375e-16,-8.92827514e-16,8.17446586e-16,8.62013859e-18,0,0,0,-0.0237223466,-0.051543749,-0.0597562403,
168.64,object_red_01,RED,-0.250635533,0.210638903,0.0119470887,-5.7062839e-18,2.01992748e-18,-2.2316977e-16,-5.81173908e-16,6.58178673e-16,6.47817949e-18,0,0,0,-0.0224080392,-0.0525354532,-0.0597562403,
168.68,object_red_01,RED,-0.250635533,0.210638903,0.0119470887,-2.48512606e-18,-8.18113175e-18,-2.2316977e-16,-6.49033967e-16,8.29090398e-16,5.76270085e-18,0,0,0,-0.0211505796,-0.0534992715,-0.0597562403,
168.72,object_red_01,RED,-0.250635533,0.210638903,0.0119470887,7.71754655e-19,-8.74398487e-18,-2.2316977e-16,2.25606798e-16,6.92241242e-16,5.11437463e-18,0,0,0,-0.0199231258,-0.0544533455,-0.0597562403,
168.76,object_red_01,RED,-0.250635533,0.210638903,0.0119470887,3.89881321e-18,-5.66310466e-18,-2.19600967e-16,-1.21233505e-16,1.21336075e-15,1.5643876e-17,0,0,0,-0.018702036,-0.0554106647,-0.0597562403,
168.8,object_red_01,RED,-0.250635533,0.210638903,0.0119470887,-8.04408324e-19,-8.51083143e-20,-2.26738572e-16,4.07823624e-16,1.03718673e-15,1.07470393e-17,0,0,0,-0.0174740174,-0.0563761695,-0.0597562403,
168.84,object_red_01,RED,-0.250635533,0.210638903,0.0119470887,-3.28409867e-18,-9.4235908e-18,-2.16032165e-16,3.92743611e-16,3.59710454e-17,8.84235209e-18,0,0,0,-0.0162344253,-0.0573485364,-0.0597562403,
168.88,object_red_01,RED,-0.250635533,0.210638903,0.0119470887,-6.13408712e-18,4.39854823e-18,-2.2316977e-16,4.7191368e-16,-3.38565037e-16,8.63804591e-18,0,0,0,-0.0149830768,-0.058323216,-0.0597562403,
168.92,object_red_01,RED,-0.250635533,0.210638903,0.0119470887,-9.41884911e-18,-8.41463738e-18,-2.26738572e-16,-5.47243878e-16,-9.24152388e-17,7.06505105e-18,0,0,0,-0.0137208214,-0.059294819,-0.0597562403,
168.96,object_red_01,RED,-0.250635533,0.210638903,0.0119470887,-1.10777846e-17,-9.05067882e-18,-2.19600967e-16,-6.33953954e-16,-3.34706675e-16,6.88475694e-18,0,0,0,-0.01244784,-0.0602582898,-0.0597562403,
169,object_red_01,RED,-0.250635533,0.210638903,0.0119470887,-9.79960268e-18,-5.98373925e-18,-2.19600967e-16,-1.04896824e-16,-2.37319832e-16,8.25507355e-18,0,0,0,-0.0111633282,-0.0612091394,-0.0597562403,
169.04,object_red_01,RED,-0.250635533,0.210638903,0.0119470887,-1.75514667e-17,-8.02778477e-18,-2.16032165e-16,-1.916069e-16,-1.45319498e-15,8.9860176e-18,0,0,0,-0.00986585456,-0.0621434669,-0.0597562403,
169.08,object_red_01,RED,-0.250635533,0.210638903,0.0119470887,-8.61290618e-18,-6.94215787e-18,-2.26738572e-16,-8.22768045e-17,-1.26773831e-15,9.86184811e-18,0,0,0,-0.00855431026,-0.0630597106,-0.0597562403,
169.12,object_red_01,RED,-0.250635533,0.210638903,0.0119470887,2.91774107e-18,-8.44600381e-18,-2.19600967e-16,1.10150423e-15,-5.96834808e-16,9.6424835e-18,0,0,0,-0.00722861754,-0.0639592282,-0.0597562403,
169.16,object_red_01,RED,-0.250635533,0.210638903,0.0119470887,-1.03293468e-17,2.3719285e-18,-2.26738572e-16,1.95446772e-16,-1.30535489e-15,7.64907372e-18,0,0,0,-0.00588940102,-0.064844848,-0.0597562403,
169.2,object_red_01,RED,-0.250635533,0.210638903,0.0119470887,-2.42426499e-19,9.77092022e-18,-2.26738572e-16,-1.01221095e-15,4.40794785e-16,9.49271323e-18,0,0,0,-0.0045378178,-0.0657199616,-0.0597562403,
169.24,object_red_01,RED,-0.250635533,0.210638903,0.0119470887,-7.91413188e-18,-5.67802781e-19,-2.2316977e-16,5.93810454e-16,-7.23512809e-16,3.98702774e-18,0,0,0,-0.00317546292,-0.0665881265,-0.0597562403,
169.28,object_red_01,RED,-0.250635533,0.210638903,0.0119470887,-3.02968209e-18,8.39602515e-18,-2.16032165e-16,-1.50105471e-15,1.11145304e-16,8.57618427e-18,0,0,0,-0.00180422815,-0.0674529617,-0.0597562403,
169.32,object_red_01,RED,-0.250635533,0.210638903,0.0119470887,-6.12450293e-18,7.12742742e-18,-2.2316977e-16,-1.08384101e-15,-3.38820298e-16,6.82615118e-18,0,0,0,-0.000426150861,-0.0683181602,-0.0597562403,
169.36,object_red_01,RED,-0.250635533,0.210638903,0.0119470887,-4.25210147e-18,6.4303957e-18,-2.16032165e-16,-5.69863898e-16,3.72861093e-16,6.30114126e-18,0,0,0,0.000956702104,-0.0691875302,-0.0597562403,
169.4,object_red_01,RED,-0.250635533,0.210638903,0.0119470887,-6.9696539e-18,3.39133739e-18,-2.2316977e-16,-1.16206834e-16,-1.96993559e-16,4.3854655e-18,0,0,0,0.00234230102,-0.0700650112,-0.0597562403,
169.44,object_red_01,RED,-0.250635533,0.210638903,0.0119470887,-5.32465903e-18,3.03410864e-18,-2.16032165e-16,-3.45234294e-17,-5.19687188e-16,1.99687383e-18,0,0,0,0.00372923982,-0.0709543451,-0.0597562403,
169.48,object_red_01,RED,-0.250635533,0.210638903,0.0119470887,-7.27721914e-18,4.63902417e-18,-2.19600967e-16,-1.63960209e-16,1.07257488e-16,4.47418811e-18,0,0,0,0.00511828222,-0.0718570142,-0.0597562403,
169.52,object_red_01,RED,-0.250635533,0.210638903,0.0119470887,-9.99564285e-18,1.64527293e-18,-2.2316977e-16,5.36003736e-16,-4.88913554e-16,6.90876902e-18,0,0,0,0.00651114418,-0.0727715925,-0.0597562403,
169.56,object_red_01,RED,-0.250635533,0.210638903,0.0119470887,-6.98533711e-18,5.60964085e-18,-2.2316977e-16,-1.52650199e-16,-5.03821758e-16,2.21420352e-18,0,0,0,0.00790927257,-0.0736947594,-0.0597562403,
169.6,object_red_01,RED,-0.250635533,0.210638903,0.0119470887,-3.01748404e-18,2.53747354e-18,-2.26738572e-16,3.37450229e-16,-8.26608655e-16,6.25743259e-19,0,0,0,0.00931379889,-0.0746221892,-0.0597562403,
169.64,object_red_01,RED,-0.250635533,0.210638903,0.0119470887,1.46168685e-19,1.13392416e-17,-2.19600967e-16,-1.34271457e-15,-2.58756623e-17,3.07212672e-18,0,0,0,0.0107257959,-0.0755491375,-0.0597562403,
169.68,object_red_01,RED,-0.250635533,0.210638903,0.0119470887,-5.72370969e-18,9.62181846e-19,-2.19600967e-16,4.15363631e-16,-4.1492724e-16,5.30158748e-18,0,0,0,0.0121464417,-0.0764707354,-0.0597562403,
169.72,object_red_01,RED,-0.250635533,0.210638903,0.0119470887,-3.93320946e-18,6.77891156e-18,-2.2316977e-16,-3.00936996e-16,-6.05489125e-16,3.65899828e-18,0,0,0,0.013577037,-0.0773820807,-0.0597562403,
169.76,object_red_01,RED,-0.250635533,0.210638903,0.0119470887,-4.36362655e-18,4.89692591e-18,-2.16032165e-16,2.88440186e-16,-9.86146555e-16,3.64516081e-18,0,0,0,0.0150189407,-0.078278228,-0.0597562403,
169.8,object_red_01,RED,-0.250635533,0.210638903,0.0119470887,-6.48783072e-18,5.02064904e-18,-2.2316977e-16,-5.88713914e-16,-1.16934987e-16,5.91694795e-18,0,0,0,0.0164735032,-0.0791544562,-0.0597562403,
169.84,object_red_01,RED,-0.250635533,0.210638903,0.0119470887,-6.35626598e-18,4.64773707e-18,-2.2316977e-16,-4.59277134e-16,-6.07383945e-16,8.17733952e-18,0,0,0,0.0179415767,-0.0800087256,-0.0597562403,
169.88,object_red_01,RED,-0.250635533,0.210638903,0.0119470887,-4.59626089e-18,3.94896277e-18,-2.26738572e-16,2.02986778e-16,-4.84981559e-16,1.67454216e-18,0,0,0,0.019422998,-0.0808426048,-0.0597562403,
169.92,object_red_01,RED,-0.250635533,0.210638903,0.0119470887,-4.5779638e-18,1.44410327e-17,-2.19600967e-16,-1.13662106e-15,1.61986351e-16,7.83994942e-18,0,0,0,0.0209170056,-0.08165959,-0.0597562403,
169.96,object_red_01,RED,-0.250635533,0.210638903,0.0119470887,-6.53052391e-18,5.7141956e-18,-2.2316977e-16,-3.48690371e-16,-1.36005902e-16,8.04384862e-18,0,0,0,0.0224224045,-0.0824639473,-0.0597562403,
170,object_red_01,RED,-0.250635533,0.210638903,0.0119470887,-6.44339495e-18,4.0726859e-18,-2.19600967e-16,-4.17807098e-16,2.28236305e-16,6.79074354e-18,0,0,0,0.023937606,-0.0832601776,-0.0597562403,
170.04,object_red_01,RED,-0.250635533,0.210638903,0.0119470887,-5.22533201e-18,1.8160457e-18,-2.19600967e-16,5.93810454e-16,-6.25487815e-16,9.06415861e-18,0,0,0,0.0254607332,-0.0840528512,-0.0597562403,
170.08,object_red_01,RED,-0.250635533,0.210638903,0.0119470887,-6.60981127e-18,4.60765775e-18,-2.19600967e-16,2.55766825e-16,-5.72918849e-16,5.6829319e-18,0,0,0,0.0269897656,-0.0848466061,-0.0597562403,
170.12,object_red_01,RED,-0.250635533,0.210638903,0.0119470887,-5.79515545e-18,4.55886553e-18,-2.16032165e-16,4.41753654e-16,-4.28505142e-16,6.45660931e-18,0,0,0,0.0285226622,-0.0856461892,-0.0597562403,
170.16,object_red_01,RED,-0.250635533,0.210638903,0.0119470887,-9.14613544e-18,1.0841624e-18,-2.26738572e-16,3.38706897e-16,-8.81720408e-16,3.81080348e-18,0,0,0,0.0300576002,-0.0864563899,-0.0597562403,
170.2,object_red_01,RED,-0.250635533,0.210638903,0.0119470887,-4.13360608e-18,9.55484039e-18,-2.19600967e-16,-4.55507131e-16,-5.22558677e-17,5.22548139e-18,0,0,0,0.0315945398,-0.08728036,-0.0597562403,
170.24,object_red_01,RED,-0.250635533,0.210638903,0.0119470887,-7.31207073e-18,6.43910859e-18,-2.2316977e-16,-5.52270549e-16,-4.3423378e-16,6.43829501e-18,0,0,0,0.0331351619,-0.0881175726,-0.0597562403,
170.28,object_red_01,RED,-0.250635533,0.210638903,0.0119470887,-3.75895153e-18,5.63752211e-18,-2.30307375e-16,-4.46710457e-16,-2.32248788e-17,3.72085992e-18,0,0,0,0.0346810421,-0.0889647254,-0.0597562403,
170.32,object_red_01,RED,-0.250635533,0.210638903,0.0119470887,-3.39388117e-18,1.20153624e-17,-2.16032165e-16,-9.59430905e-16,2.34524552e-16,6.90754807e-18,0,0,0,0.0362332518,-0.089816957,-0.0597562403,
170.36,object_red_01,RED,-0.250635533,0.210638903,0.0119470887,-1.50928165e-18,7.34002209e-18,-2.2316977e-16,-2.01660242e-16,3.68791649e-16,6.33980478e-18,0,0,0,0.0377926266,-0.0906687019,-0.0597562403,
170.4,object_red_01,RED,-0.250635533,0.210638903,0.0119470887,-5.33859967e-18,1.96416495e-18,-2.2316977e-16,2.82156848e-16,-5.71446192e-16,3.58452013e-18,0,0,0,0.0393600329,-0.0915141713,-0.0597562403,
170.44,object_red_01,RED,-0.250635533,0.210638903,0.0119470887,-4.53352803e-18,2.06697712e-18,-2.26738572e-16,3.58499655e-17,-3.16337726e-16,3.96098073e-18,0,0,0,0.0409364556,-0.0923475406,-0.0597562403,
170.48,object_red_01,RED,-0.250635533,0.210638903,0.0119470887,-6.66295994e-18,4.93352008e-18,-2.2316977e-16,-7.97320763e-16,-8.32420743e-16,3.99516743e-18,0,0,0,0.0425229552,-0.0931629717,-0.0597562403,
170.52,object_red_01,RED,-0.250635533,0.210638903,0.0119470887,-7.93678541e-18,5.47371966e-18,-2.2316977e-16,-6.46834558e-17,-2.58059759e-16,2.19466827e-18,0,0,0,0.0441206396,-0.0939549485,-0.0597562403,
170.56,object_red_01,RED,-0.250635533,0.210638903,0.0119470887,-5.79254158e-18,2.36670076e-18,-2.16032165e-16,3.90230276e-16,-9.44858146e-16,7.47895422e-18,0,0,0,0.0457303106,-0.0947211438,-0.0597562403,
170.6,object_red_01,RED,-0.250635533,0.210638903,0.0119470887,-1.92053037e-18,6.39728669e-18,-2.16032165e-16,-6.50290635e-16,1.22288413e-16,8.75647838e-18,0,0,0,0.0473518509,-0.0954635271,-0.0597562403,
170.64,object_red_01,RED,-0.250635533,0.210638903,0.0119470887,-5.75594741e-18,2.49216647e-18,-2.19600967e-16,-6.21701203e-17,-5.06683622e-16,2.8922396e-18,0,0,0,0.0489845907,-0.0961863743,-0.0597562403,
170.68,object_red_01,RED,-0.250635533,0.210638903,0.0119470887,-1.95451066e-18,6.24742487e-18,-2.26738572e-16,-1.39046795e-15,-8.81568234e-16,3.99679537e-18,0,0,0,0.0506274518,-0.0968948575,-0.0597562403,
170.72,object_red_01,RED,-0.250635533,0.210638903,0.0119470887,-7.87853821e-19,1.10691418e-17,-2.33876177e-16,-1.15421441e-15,-5.06752153e-17,6.75818478e-18,0,0,0,0.0522789724,-0.0975944046,-0.0597562403,
170.76,object_red_01,RED,-0.250635533,0.210638903,0.0119470887,-1.51015294e-18,8.34374777e-18,-2.26738572e-16,-1.94120236e-16,-1.0195806e-16,6.89615251e-18,0,0,0,0.0539374106,-0.0982905024,-0.0597562403,
170.8,object_red_01,RED,-0.250635533,0.210638903,0.0119470887,4.77129545e-20,9.5287017e-18,-2.26738572e-16,-1.02383489e-16,-1.34572515e-16,1.35750128e-18,0,0,0,0.0556008987,-0.0989886963,-0.0597562403,
170.84,object_red_01,RED,-0.250635533,0.210638903,0.0119470887,-3.65091161e-18,8.32632198e-18,-2.26738572e-16,2.57966234e-17,-1.64820901e-16,3.35864377e-18,0,0,0,0.0572675836,-0.0996946337,-0.0597562403,
170.88,object_red_01,RED,-0.250635533,0.210638903,0.0119470887,-3.13423685e-18,1.01595154e-17,-2.2316977e-16,-1.1391344e-15,3.41905831e-16,-3.50205425e-19,0,0,0,0.0589364089,-0.100413432,-0.0597562403,
170.92,object_red_01,RED,-0.250635533,0.210638903,0.0119470887,-3.10199913e-18,1.04156746e-17,-2.2316977e-16,-1.01346762e-15,-5.36784742e-16,6.94930614e-19,0,0,0,0.0606085347,-0.101146715,-0.0597562403,
170.96,object_red_01,RED,-0.250635533,0.210638903,0.0119470887,-4.3340027e-18,7.5752703e-18,-2.30307375e-16,-6.90504003e-16,-1.01884427e-16,1.05592581e-18,0,0,0,0.0622856979,-0.101892084,-0.0597562403,
171,object_red_01,RED,-0.250635533,0.210638903,0.0119470887,-2.43720513e-18,1.2095521e-17,-2.30307375e-16,-1.1391344e-15,-3.89121371e-16,2.18123778e-18,0,0,0,0.0639690116,-0.102644653,-0.0597562403,
171.04,object_red_01,RED,-0.250635533,0.210638903,0.0119470887,-3.21875195e-18,1.18986095e-17,-2.30307375e-16,-7.9355076e-16,-7.26619923e-17,4.08958782e-18,0,0,0,0.0656590644,-0.103398288,-0.0597562403,
171.08,object_red_01,RED,-0.250635533,0.210638903,0.0119470887,-2.84322611e-18,1.35261786e-17,-2.26738572e-16,-8.387908e-16,-2.11678739e-18,2.95695012e-18,0,0,0,0.0673562965,-0.104146389,-0.0597562403,
171.12,object_red_01,RED,-0.250635533,0.210638903,0.0119470887,-1.94754035e-18,1.0281496e-17,-2.19600967e-16,-1.01095428e-15,-4.97425322e-17,2.92724026e-18,0,0,0,0.0690612181,-0.104882266,-0.0597562403,
171.16,object_red_01,RED,-0.250635533,0.210638903,0.0119470887,-4.12750705e-18,1.43207948e-17,-2.19600967e-16,-1.23338448e-15,6.65188716e-17,2.22315718e-18,0,0,0,0.0707744337,-0.105599249,-0.0597562403,
171.2,object_red_01,RED,-0.250635533,0.210638903,0.0119470887,-3.71887221e-18,9.76743506e-18,-2.2316977e-16,-8.42560803e-16,-2.06340026e-16,2.28949565e-18,0,0,0,0.0724966361,-0.10629084,-0.0597562403,
171.24,object_red_01,RED,-0.250635533,0.210638903,0.0119470887,-4.8140833e-18,1.01420896e-17,-2.2316977e-16,-1.08509768e-15,2.15439104e-17,2.21990131e-18,0,0,0,0.0742286412,-0.106953279,-0.0597562403,
171.28,object_red_01,RED,-0.250635533,0.210638903,0.0119470887,-6.71959377e-18,1.0765933e-17,-2.2316977e-16,-3.52460374e-16,9.4946071e-17,4.17871741e-18,0,0,0,0.0759705896,-0.10758801,-0.0597562403,
171.32,object_red_01,RED,-0.250635533,0.210638903,0.0119470887,-7.30684299e-18,1.06770615e-17,-2.2316977e-16,-9.3429755e-16,-2.03002002e-16,2.27972802e-18,0,0,0,0.0777220877,-0.108199665,-0.0597562403,
171.36,object_red_01,RED,-0.250635533,0.210638903,0.0119470887,-7.0532977e-18,1.37788526e-17,-2.19600967e-16,-5.27137194e-16,-1.78222085e-16,2.46490594e-18,0,0,0,0.0794823829,-0.108794156,-0.0597562403,
171.4,object_red_01,RED,-0.250635533,0.210638903,0.0119470887,-6.31095892e-18,1.29040778e-17,-2.26738572e-16,-1.00592761e-15,1.16736494e-16,8.76445674e-19,0,0,0,0.0812503548,-0.10937777,-0.0597562403,
171.44,object_red_01,RED,-0.250635533,0.210638903,0.0119470887,-3.44702984e-18,9.38232504e-18,-2.26738572e-16,-1.00215761e-15,3.14745117e-16,4.73384418e-18,0,0,0,0.0830245898,-0.109956853,-0.0597562403,
171.48,object_red_01,RED,-0.250635533,0.210638903,0.0119470887,-4.50129031e-18,9.29519607e-18,-2.2316977e-16,-7.74700744e-16,-2.05220806e-16,2.82752907e-18,0,0,0,0.0848035348,-0.110537782,-0.0597562403,
171.52,object_red_01,RED,-0.250635533,0.210638903,0.0119470887,-2.35356132e-18,1.1391519e-17,-2.26738572e-16,-2.8711365e-16,1.7950626e-17,1.67006533e-18,0,0,0,0.0865856697,-0.111126996,-0.0597562403,
171.56,object_red_01,RED,-0.250635533,0.210638903,0.0119470887,-6.30224602e-18,1.15692621e-17,-2.2316977e-16,-1.15798441e-15,7.75392589e-17,-2.04081878e-18,0,0,0,0.0883705131,-0.111729926,-0.0597562403,
171.6,object_red_01,RED,-0.250635533,0.210638903,0.0119470887,-4.10136836e-18,1.31340983e-17,-2.26738572e-16,-5.42217207e-16,-8.29213133e-18,-5.83000524e-19,0,0,0,0.0901595623,-0.112347598,-0.0597562403,
171.64,object_red_01,RED,-0.250635533,0.210638903,0.0119470887,-2.11831312e-18,1.0678804e-17,-2.30307375e-16,-6.05050595e-16,-3.06814348e-17,2.48362722e-18,0,0,0,0.0919543453,-0.112976726,-0.0597562403,
171.68,object_red_01,RED,-0.250635533,0.210638903,0.0119470887,-4.19459636e-18,9.79531633e-18,-2.2316977e-16,-9.63200909e-16,2.76254758e-16,4.61728531e-19,0,0,0,0.0937555319,-0.113611486,-0.0597562403,
171.72,object_red_01,RED,-0.250635533,0.210638903,0.0119470887,-4.22509149e-18,1.07624478e-17,-2.26738572e-16,-9.59430905e-16,-6.0812008e-17,7.41733824e-19,0,0,0,0.0955632057,-0.114244851,-0.0597562403,
171.76,object_red_01,RED,-0.250635533,0.210638903,0.0119470887,-3.84172405e-18,9.37535472e-18,-2.2316977e-16,-5.73633901e-16,-1.66813898e-16,8.13297822e-18,0,0,0,0.0973772919,-0.114869399,-0.0597562403,
171.8,object_red_01,RED,-0.250635533,0.210638903,0.0119470887,-4.19633894e-18,1.40925169e-17,-2.19600967e-16,-3.23557016e-16,-4.56534724e-16,2.87677419e-18,0,0,0,0.0991977756,-0.115477678,-0.0597562403,
171.84,object_red_01,RED,-0.250635533,0.210638903,0.0119470887,-5.53115468e-18,1.21634816e-17,-2.26738572e-16,-1.03985764e-15,-2.73763197e-16,9.38307308e-19,0,0,0,0.101024716,-0.116062301,-0.0597562403,
171.88,object_red_01,RED,-0.250635533,0.210638903,0.0119470887,-4.17717056e-18,9.71167252e-18,-2.30307375e-16,-9.59430905e-16,-6.98737607e-17,4.13598404e-18,0,0,0,0.102858478,-0.116616667,-0.0597562403,
171.92,object_red_01,RED,-0.250635533,0.210638903,0.0119470887,-2.4563735e-18,1.04714371e-17,-2.2316977e-16,-1.2245878e-15,5.09430637e-17,7.95862755e-19,0,0,0,0.104699644,-0.117138904,-0.0597562403,
171.96,object_red_01,RED,-0.250635533,0.210638903,0.0119470887,-6.51061346e-19,7.79832045e-18,-2.19600967e-16,-5.66093894e-16,3.44173724e-16,1.85727817e-18,0,0,0,0.10654829,-0.117632435,-0.0597562403,
172,object_red_01,RED,-0.250635533,0.210638903,0.0119470887,-4.367983e-18,1.04662094e-17,-2.26738572e-16,-1.02100763e-15,-6.34087941e-17,3.22539853e-19,0,0,0,0.108404189,-0.118103294,-0.0597562403,
172.04,object_red_01,RED,-0.250635533,0.210638903,0.0119470887,-5.39000576e-18,1.0359912e-17,-2.2316977e-16,-4.00213749e-16,-2.45547078e-16,-1.0778936e-18,0,0,0,0.110266815,-0.11855842,-0.0597562403,
172.08,object_red_01,RED,-0.250635533,0.210638903,0.0119470887,4.20986362e-18,1.3698694e-17,-2.2316977e-16,-1.02100763e-15,-3.14089469e-16,3.05747528e-18,0,0,0,0.112135319,-0.119004939,-0.0597562403,
172.12,object_red_01,RED,-0.250635533,0.210638903,0.0119470887,1.12898341e-18,1.46152907e-17,-2.2316977e-16,-9.71997583e-16,-5.82643105e-17,2.14786506e-18,0,0,0,0.114008637,-0.119449976,-0.0597562403,
172.16,object_red_01,RED,-0.250635533,0.210638903,0.0119470887,-8.01794455e-19,1.05446254e-17,-2.19600967e-16,-1.40177796e-15,-6.57797728e-17,-1.61307814e-18,0,0,0,0.115885652,-0.119900673,-0.0597562403,
172.2,object_red_01,RED,-0.250635533,0.210638903,0.0119470887,-4.65115213e-18,8.99895759e-18,-2.26738572e-16,-1.16301108e-15,1.17958799e-16,2.0656542e-18,0,0,0,0.117765742,-0.120363755,-0.0597562403,
172.24,object_red_01,RED,-0.250635533,0.210638903,0.0119470887,-2.76219617e-18,1.37788526e-17,-2.26738572e-16,-2.17462864e-15,1.72319498e-16,3.93411976e-18,0,0,0,0.119650116,-0.120842129,-0.0597562403,
172.28,object_red_01,RED,-0.250635533,0.210638903,0.0119470887,-8.68883759e-19,8.3332923e-18,-2.30307375e-16,-6.5280397e-16,8.84192334e-16,5.02158218e-18,0,0,0,0.121540351,-0.121333451,-0.0597562403,
172.32,object_red_01,RED,-0.250635533,0.210638903,0.0119470887,3.8403076e-19,-2.47244196e-18,-2.26738572e-16,-1.40680463e-15,6.28921877e-16,3.63783509e-18,0,0,0,0.123437014,-0.121832,-0.0597562403,
172.36,object_red_01,RED,-0.250635533,0.210638903,0.0119470887,-6.39983046e-18,2.19941315e-18,-2.26738572e-16,-3.86390404e-16,2.91182597e-16,5.91654096e-18,0,0,0,0.125339793,-0.12233036,-0.0597562403,
172.4,object_red_01,RED,-0.250635533,0.210638903,0.0119470887,-3.63535761e-19,2.20115573e-18,-2.2316977e-16,-4.46710457e-16,4.12333224e-16,4.90111479e-18,0,0,0,0.127248024,-0.122820504,-0.0597562403,
172.44,object_red_01,RED,-0.250635533,0.210638903,0.0119470887,-1.76892597e-18,-3.3280484e-18,-2.16032165e-16,-7.7093074e-16,9.54173021e-16,7.90547392e-18,0,0,0,0.129161023,-0.123294329,-0.0597562403,
172.48,object_red_01,RED,-0.250635533,0.210638903,0.0119470887,2.50562106e-18,-9.38176889e-18,-2.19600967e-16,1.6999949e-17,1.03668602e-15,6.58196052e-18,0,0,0,0.131078174,-0.123743829,-0.0597562403,
172.52,object_red_01,RED,-0.250635533,0.210638903,0.0119470887,5.50982778e-18,-1.74752897e-18,-2.16032165e-16,-2.72033637e-16,5.14830188e-16,8.50821787e-18,0,0,0,0.132999215,-0.124161561,-0.0597562403,
172.56,object_red_01,RED,-0.250635533,0.210638903,0.0119470887,5.23437104e-19,-8.43554833e-18,-2.19600967e-16,-4.5048046e-16,1.09928869e-15,1.11959431e-17,0,0,0,0.134924665,-0.124544546,-0.0597562403,
172.6,object_red_01,RED,-0.250635533,0.210638903,0.0119470887,5.51318373e-19,-8.0086164e-18,-2.2316977e-16,3.71380259e-16,1.39140524e-16,7.62017782e-18,0,0,0,0.136854878,-0.124895973,-0.0597562403,
172.64,object_red_01,RED,-0.250635533,0.210638903,0.0119470887,-1.92488682e-18,-4.84583497e-18,-2.2316977e-16,-1.96633571e-16,-8.52775654e-18,3.5381239e-18,0,0,0,0.138790051,-0.125222287,-0.0597562403,
172.68,object_red_01,RED,-0.250635533,0.210638903,0.0119470887,-1.17878857e-17,-4.96433036e-18,-2.2316977e-16,-5.35933868e-16,-1.9125982e-17,7.54854856e-18,0,0,0,0.140730171,-0.125531077,-0.0597562403,
172.72,object_red_01,RED,-0.250635533,0.210638903,0.0119470887,-1.16554496e-17,-7.45970392e-18,-2.16032165e-16,-7.42027382e-16,-5.60312901e-16,8.99537824e-18,0,0,0,0.14267494,-0.125830159,-0.0597562403,
172.76,object_red_01,RED,-0.250635533,0.210638903,0.0119470887,-1.36271781e-17,-6.3583938e-18,-2.2316977e-16,-7.25690701e-16,-7.46702257e-16,7.57744446e-18,0,0,0,0.144623848,-0.126127318,-0.0597562403,
172.8,object_red_01,RED,-0.250635533,0.210638903,0.0119470887,-1.1668519e-17,-1.00491768e-17,-2.2316977e-16,-4.63047138e-16,-5.33942513e-16,4.07371542e-18,0,0,0,0.146576338,-0.126430307,-0.0597562403,
172.84,object_red_01,RED,-0.250635533,0.210638903,0.0119470887,-1.30381863e-17,-7.86921006e-18,-2.2316977e-16,4.80710355e-16,-1.29353436e-15,6.81190673e-18,0,0,0,0.148532422,-0.126746201,-0.0597562403,
172.88,object_red_01,RED,-0.250635533,0.210638903,0.0119470887,-1.02308911e-17,-1.00422064e-17,-2.2316977e-16,1.22842768e-15,-6.96739895e-16,5.57223213e-18,0,0,0,0.150493625,-0.127077578,-0.0597562403,
172.92,object_red_01,RED,-0.250635533,0.210638903,0.0119470887,-6.68474218e-18,2.27434406e-18,-2.12463363e-16,8.6022402e-16,-1.33901985e-15,5.39397294e-18,0,0,0,0.152461251,-0.127421481,-0.0597562403,
172.96,object_red_01,RED,-0.250635533,0.210638903,0.0119470887,-3.76679314e-18,7.07689262e-18,-2.26738572e-16,-1.07378767e-15,3.31391056e-16,8.08780294e-18,0,0,0,0.154435298,-0.127771522,-0.0597562403,
173,object_red_01,RED,-0.250635533,0.210638903,0.0119470887,-7.19444663e-18,6.03134504e-18,-2.2316977e-16,-5.4598721e-16,-5.23501371e-16,6.94116645e-19,0,0,0,0.156414786,-0.128119662,-0.0597562403,
173.04,object_red_01,RED,-0.250635533,0.210638903,0.0119470887,-2.73867135e-18,6.50532661e-18,-2.2316977e-16,-1.18814444e-15,4.21316435e-16,8.20704938e-18,0,0,0,0.158398352,-0.128457323,-0.0597562403,
173.08,object_red_01,RED,-0.250635533,0.210638903,0.0119470887,-2.73344361e-18,6.01043409e-18,-2.19600967e-16,-2.77060308e-16,-8.40613628e-16,4.32645276e-18,0,0,0,0.160384599,-0.128775924,-0.0597562403,
173.12,object_red_01,RED,-0.250635533,0.210638903,0.0119470887,-3.39388117e-18,4.93874781e-18,-2.19600967e-16,1.11250031e-16,-2.13796582e-16,9.63068095e-18,0,0,0,0.162372198,-0.12906704,-0.0597562403,
173.16,object_red_01,RED,-0.250635533,0.210638903,0.0119470887,-6.78668307e-18,5.66017565e-18,-2.19600967e-16,-1.24846449e-15,-3.22419802e-16,8.29862088e-18,0,0,0,0.164360571,-0.129323337,-0.0597562403,
173.2,object_red_01,RED,-0.250635533,0.210638903,0.0119470887,-9.141779e-18,5.0154213e-18,-2.30307375e-16,-5.19597187e-16,-9.24044586e-16,3.75463962e-18,0,0,0,0.166350248,-0.129543241,-0.0597562403,
173.24,object_red_01,RED,-0.250635533,0.210638903,0.0119470887,-3.2483758e-18,-8.2047678e-19,-2.19600967e-16,2.67076834e-16,2.79710595e-16,8.85049178e-18,0,0,0,0.168341859,-0.129731306,-0.0597562403,
173.28,object_red_01,RED,-0.250635533,0.210638903,0.0119470887,-5.90058149e-18,5.49811577e-18,-2.26738572e-16,-5.58867814e-17,-2.639013e-16,5.37565864e-18,0,0,0,0.170336048,-0.129894938,-0.0597562403,
173.32,object_red_01,RED,-0.250635533,0.210638903,0.0119470887,-5.2096488e-18,3.68931845e-18,-2.19600967e-16,-1.81867485e-17,-7.71290729e-16,6.97754939e-18,0,0,0,0.172333308,-0.130042419,-0.0597562403,
173.36,object_red_01,RED,-0.250635533,0.210638903,0.0119470887,-5.23143104e-18,1.53374786e-18,-2.26738572e-16,1.87906765e-16,-7.81334253e-16,7.35807985e-18,0,0,0,0.174333886,-0.130182119,-0.0597562403,
173.4,object_red_01,RED,-0.250635533,0.210638903,0.0119470887,-8.00213213e-18,4.90389623e-18,-2.30307375e-16,-1.27516844e-16,-2.28385709e-16,7.55465333e-18,0,0,0,0.17633788,-0.130322317,-0.0597562403,
173.44,object_red_01,RED,-0.250635533,0.210638903,0.0119470887,-4.35229978e-18,4.14587423e-18,-2.26738572e-16,-9.66970912e-16,1.14777859e-16,7.11185426e-18,0,0,0,0.17834899,-0.130471684,-0.0597562403,
173.48,object_red_01,RED,-0.250635533,0.210638903,0.0119470887,-2.27775912e-18,1.09001116e-17,-2.2316977e-16,-1.52241806e-15,5.38765782e-16,8.27420182e-18,0,0,0,0.180431296,-0.130657467,-0.0597562403,
173.52,object_red_01,RED,-0.250635533,0.210638903,0.0119470887,-3.82604083e-18,1.16459355e-17,-2.26738572e-16,-1.73228158e-15,-1.56500386e-16,1.02610998e-17,0,0,0,0.182679936,-0.130938272,-0.0597562403,
173.56,object_red_01,RED,-0.250635533,0.210638903,0.0119470887,-2.77787938e-18,8.38556967e-18,-2.26738572e-16,-1.0335743e-15,4.30378187e-16,1.0048654e-17,0,0,0,0.185101755,-0.131335958,-0.0597562403,
173.6,object_red_01,RED,-0.250635533,0.210638903,0.0119470887,-4.87420228e-18,9.29345349e-18,-2.2316977e-16,-1.45707134e-15,6.863997e-16,8.4996712e-18,0,0,0,0.187603899,-0.131803071,-0.0597562403,
173.64,object_red_01,RED,-0.250635533,0.210638903,0.0119470887,-4.71998402e-18,8.49186701e-18,-2.16032165e-16,-8.82774172e-16,1.5222754e-16,5.61862835e-18,0,0,0,0.190030906,-0.132242794,-0.0597562403,
173.68,object_red_01,RED,-0.250635533,0.210638903,0.0119470887,4.64189408e-19,9.31610702e-18,-2.19600967e-16,-1.25851783e-15,7.67636592e-17,2.01193226e-18,0,0,0,0.19220425,-0.132540086,-0.0597562403,
173.72,object_red_01,RED,-0.250635533,0.210638903,0.0119470887,-4.01075424e-18,8.03879639e-18,-2.26738572e-16,-9.31784214e-16,-4.56667263e-16,5.20716709e-18,0,0,0,0.193946067,-0.132582802,-0.0597562403,
173.76,object_red_01,RED,-0.250635533,0.210638903,0.0119470887,-5.25844102e-18,3.77819e-18,-2.2316977e-16,-2.12970252e-16,-5.93668594e-16,5.90148254e-18,0,0,0,0.195103523,-0.132282878,-0.0597562403,
173.8,object_red_01,RED,-0.250635533,0.210638903,0.0119470887,-3.56639652e-18,9.0651756e-18,-2.19600967e-16,-1.36533459e-15,2.65204918e-16,4.63209807e-18,0,0,0,0.195693259,-0.131683327,-0.0597562403,
173.84,object_red_01,RED,-0.250635533,0.210638903,0.0119470887,-3.73019897e-18,7.99697449e-18,-2.26738572e-16,-1.52744474e-15,3.14357318e-16,5.36263514e-18,0,0,0,0.19590067,-0.13094888,-0.0597562403,
173.88,object_red_01,RED,-0.250635533,0.210638903,0.0119470887,-7.04284223e-18,3.09161375e-18,-2.19600967e-16,2.72103506e-16,-7.1869231e-16,3.17305886e-18,0,0,0,0.195911197,-0.130225282,-0.0597562403,
173.92,object_red_01,RED,-0.250635533,0.210638903,0.0119470887,-3.24576193e-18,9.56703844e-18,-2.19600967e-16,-8.31250793e-16,7.75873464e-16,7.27098518e-18,0,0,0,0.195840884,-0.129581413,-0.0597562403,
173.96,object_red_01,RED,-0.250635533,0.210638903,0.0119470887,-9.08221001e-20,1.19195205e-17,-2.2316977e-16,-1.1818611e-15,1.00487662e-15,7.68651629e-18,0,0,0,0.19574166,-0.12902055,-0.0597562403,
174,object_red_01,RED,-0.250635533,0.210638903,0.0119470887,-2.68029494e-18,1.16337375e-17,-2.19600967e-16,-1.17683443e-15,2.88320732e-16,5.28571508e-18,0,0,0,0.195632237,-0.128513371,-0.0597562403,
174.04,object_red_01,RED,-0.250635533,0.210638903,0.0119470887,-2.86326577e-18,1.57034202e-18,-2.2316977e-16,1.37640055e-16,-9.94643595e-17,3.00171841e-18,0,0,0,0.195524879,-0.128024971,-0.0597562403,
174.08,object_red_01,RED,-0.250635533,0.210638903,0.0119470887,-5.67578876e-18,6.3293261e-18,-2.19600967e-16,-2.20510259e-16,-2.59610958e-16,4.34476706e-18,0,0,0,0.195438474,-0.127527961,-0.0597562403,
174.12,object_red_01,RED,-0.250635533,0.210638903,0.0119470887,5.61773849e-19,1.05916751e-17,-2.26738572e-16,-1.19442778e-15,6.33408573e-16,5.15303816e-18,0,0,0,0.195396588,-0.127002859,-0.0597562403,
174.16,object_red_01,RED,-0.250635533,0.210638903,0.0119470887,-1.00766728e-17,2.2795718e-18,-2.19600967e-16,-3.32667617e-17,-2.93835519e-16,6.23520978e-18,0,0,0,0.195394633,-0.126421308,-0.0597562403,
174.2,object_red_01,RED,-0.250635533,0.210638903,0.0119470887,-3.4330892e-18,7.54390387e-18,-2.19600967e-16,-1.28616452e-15,5.28167557e-16,7.94291648e-18,0,0,0,0.19541335,-0.125766846,-0.0597562403,
174.24,object_red_01,RED,-0.250635533,0.210638903,0.0119470887,-5.4875902e-18,1.06369821e-17,-2.19600967e-16,-1.40052129e-15,5.41087672e-16,3.70620848e-18,0,0,0,0.195439053,-0.125053969,-0.0597562403,
174.28,object_red_01,RED,-0.250635533,0.210638903,0.0119470887,-4.15364574e-18,1.7655109e-18,-2.26738572e-16,6.30253819e-16,-5.45463604e-16,7.04388786e-18,0,0,0,0.195465421,-0.124316751,-0.0597562403,
174.32,object_red_01,RED,-0.250635533,0.210638903,0.0119470887,-1.96148098e-18,7.80006303e-18,-2.16032165e-16,-9.26757543e-16,2.76048586e-16,8.92903978e-18,0,0,0,0.195490978,-0.123598866,-0.0597562403,
174.36,object_red_01,RED,-0.250635533,0.210638903,0.0119470887,-6.69694024e-18,3.52900116e-18,-2.16032165e-16,1.33870051e-16,-8.04862412e-16,2.93863582e-18,0,0,0,0.19551582,-0.122947719,-0.0597562403,
174.4,object_red_01,RED,-0.250635533,0.210638903,0.0119470887,-4.4690526e-18,5.5294822e-18,-2.26738572e-16,-2.83343647e-16,1.90555907e-16,9.38933918e-18,0,0,0,0.195539684,-0.122411598,-0.0597562403,
174.44,object_red_01,RED,-0.250635533,0.210638903,0.0119470887,-5.72632356e-18,1.16825297e-17,-2.2316977e-16,-1.48346136e-15,3.77544144e-16,8.19728176e-18,0,0,0,0.19556143,-0.122038626,-0.0597562403,
174.48,object_red_01,RED,-0.250635533,0.210638903,0.0119470887,-3.36948506e-18,2.18547252e-18,-2.19600967e-16,1.82880094e-16,-6.27760616e-16,3.77743075e-18,0,0,0,0.195554725,-0.121895039,-0.0597562403,
174.52,object_red_01,RED,-0.250635533,0.210638903,0.0119470887,-3.13249427e-18,1.18062528e-17,-2.2316977e-16,-1.75364493e-15,2.61557636e-16,9.1378228e-18,0,0,0,0.195404539,-0.122100098,-0.0597562403,
174.56,object_red_01,RED,-0.250635533,0.210638903,0.0119470887,-7.74597297e-18,2.19843064e-19,-2.2316977e-16,2.57966234e-17,-9.50370794e-16,1.4091883e-18,0,0,0,0.195035214,-0.122699805,-0.0597562403,
174.6,object_red_01,RED,-0.250635533,0.210638903,0.0119470887,-2.91031541e-18,7.03855587e-18,-2.12463363e-16,-6.76680658e-16,-6.93745491e-16,4.9112894e-18,0,0,0,0.194433423,-0.123667963,-0.0597562403,
174.64,object_red_01,RED,-0.250635533,0.210638903,0.0119470887,-5.61566978e-18,7.13091258e-18,-2.2316977e-16,-5.33734459e-17,-2.30324708e-16,3.74649994e-18,0,0,0,0.193617199,-0.124950923,-0.0597562403,
174.68,object_red_01,RED,-0.250635533,0.210638903,0.0119470887,-4.8140833e-18,3.61613012e-18,-2.2316977e-16,2.70532911e-17,-3.67954373e-16,5.03216378e-18,0,0,0,0.192618757,-0.126485763,-0.0597562403,
174.72,object_red_01,RED,-0.250635533,0.210638903,0.0119470887,-4.55618156e-18,9.98776012e-19,-2.19600967e-16,6.50360503e-16,-9.47258578e-16,7.02256334e-19,0,0,0,0.191476367,-0.128206029,-0.0597562403,
174.76,object_red_01,RED,-0.250635533,0.210638903,0.0119470887,-4.59887476e-18,6.55411883e-18,-2.19600967e-16,-5.346772e-16,-5.22534326e-16,5.25437728e-18,0,0,0,0.190231131,-0.130043779,-0.0597562403,
174.8,object_red_01,RED,-0.250635533,0.210638903,0.0119470887,-5.77598707e-18,1.58776782e-18,-2.30307375e-16,1.42666726e-16,-8.45659741e-17,4.50308401e-18,0,0,0,0.188926243,-0.131930785,-0.0597562403,
174.84,object_red_01,RED,-0.250635533,0.210638903,0.0119470887,-5.84307638e-18,1.53723302e-18,-2.30307375e-16,6.86803868e-16,-1.14785908e-15,6.27778182e-19,0,0,0,0.187607198,-0.133799498,-0.0597562403,
174.88,object_red_01,RED,-0.250635533,0.210638903,0.0119470887,-5.94066082e-18,5.96338444e-18,-2.2316977e-16,-5.98767256e-16,-2.54643193e-16,6.93603698e-18,0,0,0,0.186322083,-0.135583712,-0.0597562403,
174.92,object_red_01,RED,-0.250635533,0.210638903,0.0119470887,2.13096651e-18,9.04426465e-18,-2.19600967e-16,-1.01723762e-15,3.20139953e-16,6.94987445e-18,0,0,0,0.185118621,-0.137222838,-0.0597562403,
174.96,object_red_01,RED,-0.250635533,0.210638903,0.0119470887,-2.40148225e-18,9.00418533e-18,-2.2316977e-16,-5.6860723e-16,-2.4221377e-17,7.8745431e-18,0,0,0,0.183992466,-0.138729505,-0.0597562403,
175,object_red_01,RED,-0.250635533,0.210638903,0.0119470887,-3.42611888e-18,5.10080769e-18,-2.2316977e-16,-6.60343977e-16,4.88666166e-17,5.08181588e-18,0,0,0,0.182896551,-0.140171146,-0.0597562403,
175.04,object_red_01,RED,-0.250635533,0.210638903,0.0119470887,-4.38889395e-18,3.50634763e-18,-2.26738572e-16,-4.1655043e-16,-4.21662193e-16,7.63889911e-18,0,0,0,0.181805842,-0.141582763,-0.0597562403,
175.08,object_red_01,RED,-0.250635533,0.210638903,0.0119470887,-8.42993535e-18,7.11250427e-19,-2.26738572e-16,-9.48434822e-17,-8.32965626e-16,6.66661328e-18,0,0,0,0.180710451,-0.14297804,-0.0597562403,
175.12,object_red_01,RED,-0.250635533,0.210638903,0.0119470887,-5.93717566e-18,7.16478165e-19,-2.2316977e-16,1.89163433e-16,-7.15840263e-16,4.5242472e-18,0,0,0,0.17960663,-0.144362088,-0.0597562403,
175.16,object_red_01,RED,-0.250635533,0.210638903,0.0119470887,-5.85353185e-18,1.7149761e-18,-2.16032165e-16,-4.2063436e-17,-8.74690923e-16,4.09080877e-18,0,0,0,0.178492981,-0.145736744,-0.0597562403,
175.2,object_red_01,RED,-0.250635533,0.210638903,0.0119470887,-5.59563012e-18,1.10507335e-18,-2.19600967e-16,9.99400216e-17,-3.84963568e-16,4.16894978e-18,0,0,0,0.177369009,-0.147102615,-0.0597562403,
175.24,object_red_01,RED,-0.250635533,0.210638903,0.0119470887,-6.27697862e-18,6.53843561e-18,-2.2316977e-16,-1.1780911e-15,-3.13662398e-16,5.17338738e-18,0,0,0,0.176234568,-0.148459851,-0.0597562403,
175.28,object_red_01,RED,-0.250635533,0.210638903,0.0119470887,-5.10945049e-18,1.41002473e-18,-2.16032165e-16,9.43164093e-16,-1.03022319e-15,5.22222551e-18,0,0,0,0.175089652,-0.149808439,-0.0597562403,
175.32,object_red_01,RED,-0.250635533,0.210638903,0.0119470887,-7.03587191e-18,2.53050322e-18,-2.19600967e-16,-9.3900741e-18,-2.73645384e-16,5.758631e-18,0,0,0,0.173934313,-0.151148308,-0.0597562403,
175.36,object_red_01,RED,-0.250635533,0.210638903,0.0119470887,-8.57369814e-18,1.32403956e-17,-2.16032165e-16,-1.60410147e-15,-4.61114689e-16,5.66543156e-18,0,0,0,0.172768629,-0.152479368,-0.0597562403,
175.4,object_red_01,RED,-0.250635533,0.210638903,0.0119470887,-3.96806105e-18,3.44361477e-18,-2.2316977e-16,-5.20853855e-16,-3.94575113e-16,2.6097924e-18,0,0,0,0.171592683,-0.15380152,-0.0597562403,
175.44,object_red_01,RED,-0.250635533,0.210638903,0.0119470887,-4.74089497e-18,7.47245812e-18,-2.16032165e-16,-1.05745099e-15,-3.93387169e-16,4.23732317e-18,0,0,0,0.170406564,-0.155114664,-0.0597562403,
175.48,object_red_01,RED,-0.250635533,0.210638903,0.0119470887,-5.43531282e-18,2.19592799e-18,-2.19600967e-16,-4.37913782e-16,-5.23687908e-16,3.86900225e-18,0,0,0,0.169210362,-0.156418697,-0.0597562403,
175.52,object_red_01,RED,-0.250635533,0.210638903,0.0119470887,-2.45811608e-18,9.25511675e-18,-2.26738572e-16,-1.30878454e-15,7.06688012e-16,7.62465465e-18,0,0,0,0.16800417,-0.157713519,-0.0597562403,
175.56,object_red_01,RED,-0.250635533,0.210638903,0.0119470887,-4.90731129e-18,7.04378361e-18,-2.19600967e-16,-1.20699446e-15,-2.93673527e-16,5.79973643e-18,0,0,0,0.166788081,-0.15899903,-0.0597562403,
175.6,object_red_01,RED,-0.250635533,0.210638903,0.0119470887,-3.87657563e-18,-4.27426896e-18,-2.2316977e-16,6.03863796e-16,-5.76561222e-16,1.19529342e-17,0,0,0,0.165562189,-0.160275129,-0.0597562403,
175.64,object_red_01,RED,-0.250635533,0.210638903,0.0119470887,-9.70637469e-18,1.50139892e-19,-2.19600967e-16,2.67076834e-16,-6.81704062e-16,5.13268893e-18,0,0,0,0.164326591,-0.161541719,-0.0597562403,
175.68,object_red_01,RED,-0.250635533,0.210638903,0.0119470887,-9.59223575e-18,1.78990701e-18,-2.26738572e-16,-9.98701533e-17,-4.87072732e-16,9.5089926e-18,0,0,0,0.163081384,-0.162798704,-0.0597562403,
175.72,object_red_01,RED,-0.250635533,0.210638903,0.0119470887,-1.77066855e-18,1.01229212e-17,-2.2316977e-16,-9.50634231e-16,8.27971178e-16,7.79111129e-18,0,0,0,0.161826666,-0.164045987,-0.0597562403,
175.76,object_red_01,RED,-0.250635533,0.210638903,0.0119470887,-3.54722815e-18,7.95689517e-18,-2.19600967e-16,-1.14541773e-15,4.59036103e-16,8.61118493e-18,0,0,0,0.160562538,-0.165283475,-0.0597562403,
175.8,object_red_01,RED,-0.250635533,0.210638903,0.0119470887,-2.99744438e-18,6.71269354e-18,-2.26738572e-16,-6.42750628e-16,1.25243545e-16,5.85874917e-18,0,0,0,0.159289101,-0.166511075,-0.0597562403,
175.84,object_red_01,RED,-0.250635533,0.210638903,0.0119470887,-4.44117133e-18,3.70674425e-18,-2.26738572e-16,4.8322369e-16,-9.38167372e-16,2.84950623e-18,0,0,0,0.158006456,-0.167728697,-0.0597562403,
175.88,object_red_01,RED,-0.250635533,0.210638903,0.0119470887,-3.23443516e-18,6.87475342e-18,-2.2316977e-16,-1.24595116e-15,2.03348392e-16,5.2539703e-18,0,0,0,0.156714708,-0.168936249,-0.0597562403,
175.92,object_red_01,RED,-0.250635533,0.210638903,0.0119470887,-2.26468978e-18,9.75697958e-18,-2.19600967e-16,-1.11525771e-15,3.8856944e-16,7.17778574e-18,0,0,0,0.155413961,-0.170133643,-0.0597562403,
175.96,object_red_01,RED,-0.250635533,0.210638903,0.0119470887,-4.84893488e-18,1.11092211e-17,-2.16032165e-16,-1.47843469e-15,5.77712858e-17,5.76229386e-18,0,0,0,0.154104321,-0.171320793,-0.0597562403,
176,object_red_01,RED,-0.250635533,0.210638903,0.0119470887,-3.25360353e-18,2.0861455e-18,-2.19600967e-16,6.37793825e-16,-6.95890663e-16,5.4839165e-18,0,0,0,0.152785895,-0.172497612,-0.0597562403,
176.04,object_red_01,RED,-0.250635533,0.210638903,0.0119470887,4.39793297e-19,1.29424145e-17,-2.2316977e-16,-1.0335743e-15,4.11223822e-16,6.73824254e-18,0,0,0,0.151458791,-0.173664016,-0.0597562403,
176.08,object_red_01,RED,-0.250635533,0.210638903,0.0119470887,-6.89646557e-18,2.10008613e-18,-2.2316977e-16,3.26140219e-16,-6.28708026e-16,7.0272015e-18,0,0,0,0.150123118,-0.174819923,-0.0597562403,
176.12,object_red_01,RED,-0.250635533,0.210638903,0.0119470887,-2.55308665e-18,7.77566692e-18,-2.26738572e-16,-4.26603772e-16,2.52304438e-16,5.38379833e-18,0,0,0,0.148778986,-0.17596525,-0.0597562403,
176.16,object_red_01,RED,-0.250635533,0.210638903,0.0119470887,-6.05741363e-18,3.59347659e-18,-2.16032165e-16,1.43923393e-16,-1.88236156e-16,4.17993836e-18,0,0,0,0.147426506,-0.177099919,-0.0597562403,
176.2,object_red_01,RED,-0.250635533,0.210638903,0.0119470887,-8.39159861e-18,4.97011424e-18,-2.19600967e-16,-6.26413947e-16,-6.59844915e-16,4.73791403e-18,0,0,0,0.146065792,-0.17822385,-0.0597562403,
176.24,object_red_01,RED,-0.250635533,0.210638903,0.0119470887,-6.25171122e-18,3.60567465e-18,-2.19600967e-16,-3.3235369e-16,-2.22598165e-16,6.53963414e-18,0,0,0,0.144696955,-0.179336966,-0.0597562403,
176.28,object_red_01,RED,-0.250635533,0.210638903,0.0119470887,-4.40806232e-18,2.50087937e-18,-2.2316977e-16,3.71066332e-17,-7.28878191e-16,6.9120249e-18,0,0,0,0.14332011,-0.180439193,-0.0597562403,
176.32,object_red_01,RED,-0.250635533,0.210638903,0.0119470887,-4.90731129e-18,9.78660343e-18,-2.2316977e-16,-1.01095428e-15,3.26884724e-16,4.38424455e-18,0,0,0,0.141935372,-0.181530456,-0.0597562403,
176.36,object_red_01,RED,-0.250635533,0.210638903,0.0119470887,-9.4946513e-18,1.12424172e-18,-2.2316977e-16,4.71599754e-17,-4.2546165e-16,5.91165715e-18,0,0,0,0.140542857,-0.182610683,-0.0597562403,
176.4,object_red_01,RED,-0.250635533,0.210638903,0.0119470887,-5.16172787e-18,1.42222278e-18,-2.2316977e-16,2.04243446e-16,-5.70646048e-16,5.96944894e-18,0,0,0,0.139142682,-0.183679803,-0.0597562403,
176.44,object_red_01,RED,-0.250635533,0.210638903,0.0119470887,-6.58105871e-18,1.6731542e-18,-2.16032165e-16,-1.79040223e-16,-5.31507719e-16,7.70849345e-18,0,0,0,0.137734965,-0.184737748,-0.0597562403,
176.48,object_red_01,RED,-0.250635533,0.210638903,0.0119470887,-7.14042667e-18,3.04630669e-18,-2.26738572e-16,8.20327463e-18,-8.17571446e-16,4.52058434e-18,0,0,0,0.136319825,-0.185784449,-0.0597562403,
176.52,object_red_01,RED,-0.250635533,0.210638903,0.0119470887,-5.07634148e-18,9.48513721e-18,-2.2316977e-16,-1.35528125e-15,5.99311642e-16,5.16891055e-18,0,0,0,0.134897381,-0.186819841,-0.0597562403,
176.56,object_red_01,RED,-0.250635533,0.210638903,0.0119470887,-8.53200545e-19,1.05934177e-17,-2.2316977e-16,-7.3197404e-16,5.17515334e-16,8.08536104e-18,0,0,0,0.133467752,-0.187843859,-0.0597562403,
176.6,object_red_01,RED,-0.250635533,0.210638903,0.0119470887,-3.6604958e-18,7.26160602e-18,-2.2316977e-16,-4.14037095e-16,-2.64740715e-16,3.28375863e-18,0,0,0,0.132031062,-0.18885644,-0.0597562403,
176.64,object_red_01,RED,-0.250635533,0.210638903,0.0119470887,-4.84544973e-18,8.97107632e-18,-2.12463363e-16,-1.62169482e-15,5.54690312e-17,6.99911957e-18,0,0,0,0.13058743,-0.189857524,-0.0597562403,
176.68,object_red_01,RED,-0.250635533,0.210638903,0.0119470887,-7.0620106e-18,4.83593564e-18,-2.2316977e-16,-5.98767256e-16,-4.17941279e-16,2.58862921e-18,0,0,0,0.12913698,-0.190847051,-0.0597562403,
176.72,object_red_01,RED,-0.250635533,0.210638903,0.0119470887,-6.98359453e-18,5.87102774e-18,-2.33876177e-16,1.36383387e-16,-3.49673784e-16,6.66579931e-18,0,0,0,0.127679835,-0.191824962,-0.0597562403,
176.76,object_red_01,RED,-0.250635533,0.210638903,0.0119470887,-7.13607022e-18,8.14062606e-19,-2.16032165e-16,5.69933766e-16,-8.62462957e-16,2.2931585e-18,0,0,0,0.126216119,-0.192791202,-0.0597562403,
176.8,object_red_01,RED,-0.250635533,0.210638903,0.0119470887,-3.71712963e-18,4.95094587e-18,-2.2316977e-16,5.09299787e-17,-9.61999687e-17,7.95593999e-18,0,0,0,0.124745957,-0.193745717,-0.0597562403,
176.84,object_red_01,RED,-0.250635533,0.210638903,0.0119470887,-2.70207718e-18,2.30571049e-18,-2.19600967e-16,5.62393759e-16,-4.1892305e-16,6.31701365e-18,0,0,0,0.123269473,-0.194688452,-0.0597562403,
176.88,object_red_01,RED,-0.250635533,0.210638903,0.0119470887,-4.49170613e-18,4.50310299e-18,-2.16032165e-16,-8.45074139e-16,-6.42187751e-16,3.52387945e-18,0,0,0,0.121786794,-0.195619358,-0.0597562403,
176.92,object_red_01,RED,-0.250635533,0.210638903,0.0119470887,-4.53527061e-18,5.39181843e-18,-2.19600967e-16,-5.48500546e-16,1.45978564e-16,5.49897493e-18,0,0,0,0.120298046,-0.196538385,-0.0597562403,
176.96,object_red_01,RED,-0.250635533,0.210638903,0.0119470887,-1.38033078e-18,7.98826159e-18,-2.2316977e-16,-5.54783885e-16,3.97847182e-16,5.71264176e-18,0,0,0,0.118803356,-0.197445484,-0.0597562403,
177,object_red_01,RED,-0.250635533,0.210638903,0.0119470887,-6.58890032e-18,5.71245302e-18,-2.2316977e-16,1.47693397e-16,-3.73535745e-16,3.02613748e-18,0,0,0,0.117302851,-0.198340611,-0.0597562403,
177.04,object_red_01,RED,-0.250635533,0.210638903,0.0119470887,-5.85004669e-18,1.03947636e-17,-2.12463363e-16,-9.64457576e-16,-1.15997395e-16,4.3777328e-18,0,0,0,0.11579666,-0.199223719,-0.0597562403,
177.08,object_red_01,RED,-0.250635533,0.210638903,0.0119470887,-4.23903213e-18,-3.98012524e-20,-2.2316977e-16,6.80520529e-16,-7.37267431e-16,3.78597743e-18,0,0,0,0.114284911,-0.200094767,-0.0597562403,
177.12,object_red_01,RED,-0.250635533,0.210638903,0.0119470887,-2.21328369e-18,9.56878102e-18,-2.19600967e-16,-1.32512123e-15,2.30901815e-16,6.02724073e-18,0,0,0,0.112767732,-0.200953714,-0.0597562403,
177.16,object_red_01,RED,-0.250635533,0.210638903,0.0119470887,-4.07958612e-18,4.07791364e-18,-2.26738572e-16,-1.1872017e-16,-2.70174821e-16,6.61207737e-18,0,0,0,0.111245254,-0.201800521,-0.0597562403,
177.2,object_red_01,RED,-0.250635533,0.210638903,0.0119470887,-4.60933023e-18,3.29201037e-18,-2.19600967e-16,-3.6628372e-16,-6.25222736e-16,-1.40022528e-18,0,0,0,0.109717606,-0.202635149,-0.0597562403,
177.24,object_red_01,RED,-0.250635533,0.210638903,0.0119470887,-6.05828492e-18,1.83695666e-18,-2.19600967e-16,7.57177263e-16,-4.6214064e-16,2.19711018e-18,0,0,0,0.108184919,-0.203457563,-0.0597562403,
177.28,object_red_01,RED,-0.250635533,0.210638903,0.0119470887,-3.73281284e-18,-9.4594249e-19,-2.16032165e-16,2.74616841e-16,-9.14320138e-16,4.91820813e-18,0,0,0,0.106647322,-0.20426773,-0.0597562403,
177.32,object_red_01,RED,-0.250635533,0.210638903,0.0119470887,-4.4108054e-19,1.08879136e-17,-2.19600967e-16,-9.3429755e-16,6.83724373e-16,4.9845466e-18,0,0,0,0.105104948,-0.205065616,-0.0597562403,
177.36,object_red_01,RED,-0.250635533,0.210638903,0.0119470887,-5.18002495e-18,5.5207693e-18,-2.19600967e-16,-4.63047138e-16,1.38188205e-16,4.70169241e-18,0,0,0,0.103557926,-0.205851191,-0.0597562403,
177.4,object_red_01,RED,-0.250635533,0.210638903,0.0119470887,-6.89995072e-18,2.76052369e-18,-2.2316977e-16,-2.44700873e-17,-5.59615843e-16,8.74752472e-18,0,0,0,0.102006388,-0.206624427,-0.0597562403,
177.44,object_red_01,RED,-0.250635533,0.210638903,0.0119470887,-3.862635e-18,7.34699241e-18,-2.19600967e-16,-1.14541773e-15,2.254628e-16,4.82215981e-18,0,0,0,0.100450466,-0.207385296,-0.0597562403,
177.48,object_red_01,RED,-0.250635533,0.210638903,0.0119470887,-4.79404364e-18,1.15500937e-17,-2.16032165e-16,-1.4859747e-15,5.67796964e-17,7.55628127e-18,0,0,0,0.0988902922,-0.208133772,-0.0597562403,
177.52,object_red_01,RED,-0.250635533,0.210638903,0.0119470887,-3.81645665e-18,4.94049039e-18,-2.26738572e-16,-7.43284049e-16,-7.15624274e-16,5.88723808e-18,0,0,0,0.0973259985,-0.208869833,-0.0597562403,
177.56,object_red_01,RED,-0.250635533,0.210638903,0.0119470887,-7.24933787e-18,3.50809021e-18,-2.19600967e-16,-2.0291691e-16,-5.48246927e-16,4.08307607e-18,0,0,0,0.0957577171,-0.209593456,-0.0597562403,
177.6,object_red_01,RED,-0.250635533,0.210638903,0.0119470887,-8.06747886e-18,5.74730461e-18,-2.2316977e-16,2.18066792e-16,-2.81126485e-16,5.35042561e-18,0,0,0,0.0941855805,-0.210304621,-0.0597562403,
177.64,object_red_01,RED,-0.250635533,0.210638903,0.0119470887,-5.78731384e-18,9.12268072e-18,-2.2316977e-16,-8.0486077e-16,-8.16304767e-17,7.68488835e-18,0,0,0,0.0926097213,-0.21100331,-0.0597562403,
177.68,object_red_01,RED,-0.250635533,0.210638903,0.0119470887,-2.02334255e-18,1.10865676e-17,-2.26738572e-16,-1.2597745e-15,4.87227677e-16,5.02443107e-18,0,0,0,0.0910302719,-0.211689506,-0.0597562403,
177.72,object_red_01,RED,-0.250635533,0.210638903,0.0119470887,-5.64529363e-18,2.28479954e-18,-2.19600967e-16,-2.77060308e-16,-6.55667476e-16,6.30480412e-18,0,0,0,0.0894473657,-0.212363194,-0.0597562403,
177.76,object_red_01,RED,-0.250635533,0.210638903,0.0119470887,-8.45520275e-18,-1.22998292e-18,-2.16032165e-16,4.25416973e-16,-7.75222724e-16,5.62432614e-18,0,0,0,0.0878611351,-0.21302436,-0.0597562403,
177.8,object_red_01,RED,-0.250635533,0.210638903,0.0119470887,-3.23792032e-18,3.35125807e-18,-2.26738572e-16,7.48066662e-17,-6.63418564e-16,1.87315056e-18,0,0,0,0.0862717129,-0.213672995,-0.0597562403,
177.84,object_red_01,RED,-0.250635533,0.210638903,0.0119470887,-6.11404746e-18,1.22175016e-17,-2.16032165e-16,-1.39046795e-15,1.32557744e-16,7.29581123e-18,0,0,0,0.084679232,-0.214309087,-0.0597562403,
177.88,object_red_01,RED,-0.250635533,0.210638903,0.0119470887,-3.49320819e-18,6.69701033e-18,-2.2316977e-16,-7.13124023e-16,-3.51090319e-18,8.23146845e-18,0,0,0,0.0830838252,-0.21493263,-0.0597562403,
177.92,object_red_01,RED,-0.250635533,0.210638903,0.0119470887,-5.37519383e-18,8.38905483e-18,-2.26738572e-16,-7.7093074e-16,-3.97039166e-17,7.81308845e-18,0,0,0,0.0814856253,-0.215543616,-0.0597562403,
177.96,object_red_01,RED,-0.250635533,0.210638903,0.0119470887,-5.38826318e-18,1.02117928e-17,-2.16032165e-16,-1.85166502e-15,5.19493797e-17,5.99956579e-18,0,0,0,0.079884765,-0.216142041,-0.0597562403,
178,object_red_01,RED,-0.250635533,0.210638903,0.0119470887,-4.86723197e-18,1.56859944e-18,-2.16032165e-16,8.06187306e-16,-5.53126332e-16,2.84218051e-18,0,0,0,0.0782813767,-0.216727902,-0.0597562403,
178.04,object_red_01,RED,-0.250635533,0.210638903,0.0119470887,-8.58428283e-19,7.12568484e-18,-2.19600967e-16,-2.15483588e-16,-1.68733261e-16,9.5012599e-18,0,0,0,0.0766755931,-0.217301198,-0.0597562403,
178.08,object_red_01,RED,-0.250635533,0.210638903,0.0119470887,-6.60981127e-18,2.60543413e-18,-2.26738572e-16,-2.61980295e-16,-2.64691626e-16,5.64264044e-18,0,0,0,0.0750675464,-0.217861931,-0.0597562403,
178.12,object_red_01,RED,-0.250635533,0.210638903,0.0119470887,-5.30461937e-18,5.48068998e-18,-2.16032165e-16,-6.12590602e-16,-5.10065826e-16,7.00766624e-18,0,0,0,0.0734573686,-0.218410102,-0.0597562403,
178.16,object_red_01,RED,-0.250635533,0.210638903,0.0119470887,-7.39222938e-18,4.89942855e-19,-2.19600967e-16,1.02107749e-15,-4.7616034e-16,3.04689369e-18,0,0,0,0.071845192,-0.218945714,-0.0597562403,
178.2,object_red_01,RED,-0.250635533,0.210638903,0.0119470887,-3.23879161e-18,1.82824376e-18,-2.19600967e-16,1.95132845e-17,-8.24149316e-16,4.3777328e-18,0,0,0,0.0702311483,-0.219468775,-0.0597562403,
178.24,object_red_01,RED,-0.250635533,0.210638903,0.0119470887,-1.13375581e-18,1.23952446e-17,-2.16032165e-16,-9.40580889e-16,1.21321367e-16,9.80487029e-18,0,0,0,0.0686153688,-0.219979292,-0.0597562403,
178.28,object_red_01,RED,-0.250635533,0.210638903,0.0119470887,-6.04085913e-18,-5.36436354e-19,-2.2316977e-16,-5.46301137e-17,-2.32440426e-16,1.0309938e-17,0,0,0,0.0669979847,-0.220477272,-0.0597562403,
178.32,object_red_01,RED,-0.250635533,0.210638903,0.0119470887,-6.3885037e-18,2.5235329e-18,-2.2316977e-16,-5.33734459e-17,-6.636051e-16,5.00733773e-18,0,0,0,0.065379127,-0.220962728,-0.0597562403,
178.36,object_red_01,RED,-0.250635533,0.210638903,0.0119470887,-7.09163445e-18,1.76202575e-18,-2.2316977e-16,1.97960107e-16,-7.7773606e-16,3.70580149e-18,0,0,0,0.0637589262,-0.221435672,-0.0597562403,
178.4,object_red_01,RED,-0.250635533,0.210638903,0.0119470887,-5.29590648e-18,6.65170327e-18,-2.12463363e-16,-8.86544175e-16,1.94743163e-16,8.7218847e-18,0,0,0,0.0621375128,-0.221896118,-0.0597562403,
178.44,object_red_01,RED,-0.250635533,0.210638903,0.0119470887,-1.81946077e-18,1.0173456e-17,-2.19600967e-16,-5.5729722e-16,7.12117403e-17,9.12886914e-18,0,0,0,0.0605150166,-0.222344081,-0.0597562403,
178.48,object_red_01,RED,-0.250635533,0.210638903,0.0119470887,-6.3127015e-18,1.84566955e-18,-2.19600967e-16,1.57746739e-16,-6.93514775e-16,1.40633941e-18,0,0,0,0.058891567,-0.22277958,-0.0597562403,
178.52,object_red_01,RED,-0.250635533,0.210638903,0.0119470887,-2.63673046e-18,8.95016537e-18,-2.2316977e-16,-9.84564261e-16,7.31312971e-18,5.33903004e-18,0,0,0,0.0572672935,-0.223202632,-0.0597562403,
178.56,object_red_01,RED,-0.250635533,0.210638903,0.0119470887,-2.83277063e-18,9.54438491e-18,-2.19600967e-16,-5.88713914e-16,5.46502143e-16,5.00082598e-18,0,0,0,0.0556423244,-0.223613259,-0.0597562403,
178.6,object_red_01,RED,-0.250635533,0.210638903,0.0119470887,-2.55134407e-18,8.13638083e-18,-2.26738572e-16,-1.02226429e-15,5.20337927e-16,5.0968743e-18,0,0,0,0.0540167879,-0.224011483,-0.0597562403,
178.64,object_red_01,RED,-0.250635533,0.210638903,0.0119470887,-6.04882994e-19,1.14141725e-17,-2.16032165e-16,-1.67070486e-15,5.59726608e-16,7.75244777e-18,0,0,0,0.0523908124,-0.224397328,-0.0597562403,
178.68,object_red_01,RED,-0.250635533,0.210638903,0.0119470887,-6.12188907e-18,5.55910605e-18,-2.19600967e-16,-7.86010754e-16,6.05595174e-17,2.83811067e-18,0,0,0,0.0507645248,-0.224770819,-0.0597562403,
178.72,object_red_01,RED,-0.250635533,0.210638903,0.0119470887,-4.53352803e-18,9.25163159e-18,-2.2316977e-16,-1.64054483e-15,-3.3300821e-16,3.64353287e-18,0,0,0,0.0491380519,-0.225131983,-0.0597562403,
178.76,object_red_01,RED,-0.250635533,0.210638903,0.0119470887,-6.29091926e-18,3.525516e-18,-2.19600967e-16,-1.04896824e-16,-5.83895057e-16,5.22426043e-18,0,0,0,0.0475115199,-0.225480849,-0.0597562403,
178.8,object_red_01,RED,-0.250635533,0.210638903,0.0119470887,-7.55690312e-18,3.29723811e-18,-2.2316977e-16,2.63306831e-16,-3.64680164e-16,2.70787565e-18,0,0,0,0.0458850544,-0.225817448,-0.0597562403,
178.84,object_red_01,RED,-0.250635533,0.210638903,0.0119470887,-6.31792924e-18,2.49216647e-18,-2.2316977e-16,-3.70367649e-17,-2.50868281e-16,3.72615071e-18,0,0,0,0.0442587807,-0.22614181,-0.0597562403,
178.88,object_red_01,RED,-0.250635533,0.210638903,0.0119470887,-7.41749678e-18,1.44487631e-18,-2.2316977e-16,2.88440186e-16,-9.59874344e-16,4.87262588e-18,0,0,0,0.0426328231,-0.22645397,-0.0597562403,
178.92,object_red_01,RED,-0.250635533,0.210638903,0.0119470887,-4.27824016e-18,7.54913161e-18,-2.2316977e-16,-1.43319465e-15,-2.23236317e-16,6.01096135e-18,0,0,0,0.0410073058,-0.226753961,-0.0597562403,
178.96,object_red_01,RED,-0.250635533,0.210638903,0.0119470887,-8.32973704e-18,4.07791364e-18,-2.2316977e-16,1.46436729e-16,-5.94694545e-16,9.71492673e-18,0,0,0,0.0393823517,-0.227041821,-0.0597562403,
179,object_red_01,RED,-0.250635533,0.210638903,0.0119470887,-5.2096488e-18,7.27728924e-18,-2.19600967e-16,-7.80984082e-16,6.50953027e-17,7.61977084e-18,0,0,0,0.0377580836,-0.227317587,-0.0597562403,
179.04,object_red_01,RED,-0.250635533,0.210638903,0.0119470887,-6.01210657e-18,6.24568229e-18,-2.19600967e-16,-8.73977497e-16,-8.65643897e-16,5.72932812e-18,0,0,0,0.0361346234,-0.227581298,-0.0597562403,
179.08,object_red_01,RED,-0.250635533,0.210638903,0.0119470887,-7.87853821e-19,6.0261173e-18,-2.16032165e-16,-1.34397124e-15,1.10389533e-17,6.8676636e-18,0,0,0,0.0345120921,-0.227832995,-0.0597562403,
179.12,object_red_01,RED,-0.250635533,0.210638903,0.0119470887,-2.90683025e-18,5.44061065e-18,-2.2316977e-16,-4.86923825e-16,3.65797245e-16,7.15458763e-18,0,0,0,0.0328906105,-0.228072721,-0.0597562403,
179.16,object_red_01,RED,-0.250635533,0.210638903,0.0119470887,-2.65938399e-18,4.94049039e-18,-2.2316977e-16,-4.70901071e-17,-5.20610053e-16,2.43275417e-18,0,0,0,0.0312702985,-0.228300518,-0.0597562403,
179.2,object_red_01,RED,-0.250635533,0.210638903,0.0119470887,-4.90469742e-18,4.7296383e-18,-2.19600967e-16,-6.21701203e-17,-2.44187325e-16,5.20757407e-18,0,0,0,0.0296512747,-0.228516433,-0.0597562403,
179.24,object_red_01,RED,-0.250635533,0.210638903,0.0119470887,-8.57979717e-18,6.59942589e-18,-2.2316977e-16,-7.28204036e-16,-3.43041916e-16,2.32368234e-18,0,0,0,0.0280336575,-0.228720511,-0.0597562403,
179.28,object_red_01,RED,-0.250635533,0.210638903,0.0119470887,-1.91965908e-18,2.97311836e-18,-2.26738572e-16,-1.5211614e-15,-7.13758714e-17,6.47288869e-18,0,0,0,0.0264175644,-0.228912801,-0.0597562403,
179.32,object_red_01,RED,-0.250635533,0.210638903,0.0119470887,-3.03229596e-18,5.18619408e-18,-2.19600967e-16,-1.57645478e-15,-2.11528689e-16,1.09468686e-17,0,0,0,0.024803112,-0.229093352,-0.0597562403,
179.36,object_red_01,RED,-0.250635533,0.210638903,0.0119470887,-2.5496015e-18,1.34032155e-18,-2.19600967e-16,-7.8224075e-16,5.72425825e-16,1.11515818e-17,0,0,0,0.0231904161,-0.229262214,-0.0597562403,
179.4,object_red_01,RED,-0.250635533,0.210638903,0.0119470887,1.58292532e-18,-5.58643117e-18,-2.2316977e-16,-1.07630101e-15,4.97074847e-16,6.42527151e-18,0,0,0,0.0215795918,-0.22941944,-0.0597562403,
179.44,object_red_01,RED,-0.250635533,0.210638903,0.0119470887,-1.21317238e-19,-5.3145888e-18,-2.19600967e-16,-2.63236963e-16,5.66029582e-16,8.80246762e-18,0,0,0,0.0199707531,-0.229565083,-0.0597562403,
179.48,object_red_01,RED,-0.250635533,0.210638903,0.0119470887,-3.98984329e-18,3.54816953e-18,-2.26738572e-16,-7.91037425e-16,-3.76667404e-17,1.15329262e-17,0,0,0,0.0183640133,-0.229699198,-0.0597562403,
179.52,object_red_01,RED,-0.250635533,0.210638903,0.0119470887,-4.51261708e-18,8.19040079e-18,-2.19600967e-16,-1.65813818e-15,-3.54597369e-16,1.20717736e-17,0,0,0,0.0167594849,-0.22982184,-0.0597562403,
179.56,object_red_01,RED,-0.250635533,0.210638903,0.0119470887,-2.71166137e-18,-6.45772082e-18,-2.30307375e-16,-2.00403575e-16,-1.65130159e-16,1.04572663e-17,0,0,0,0.0151572791,-0.229933067,-0.0597562403,
179.6,object_red_01,RED,-0.250635533,0.210638903,0.0119470887,-9.70027566e-18,-4.09129813e-18,-2.37444979e-16,3.73893595e-16,-8.77160079e-16,1.19061309e-17,0,0,0,0.0135575064,-0.230032938,-0.0597562403,
179.64,object_red_01,RED,-0.250635533,0.210638903,0.0119470887,-5.68711553e-18,-3.9083273e-18,-2.2316977e-16,5.33490401e-16,-2.07385613e-16,7.0609812e-18,0,0,0,0.0119602769,-0.230121512,-0.0597562403,
179.68,object_red_01,RED,-0.250635533,0.210638903,0.0119470887,-5.76901676e-18,1.8160457e-18,-2.2316977e-16,-4.71843812e-16,3.60510405e-16,5.82008565e-18,0,0,0,0.0103656988,-0.230198851,-0.0597562403,
179.72,object_red_01,RED,-0.250635533,0.210638903,0.0119470887,-9.13319531e-19,-3.6730791e-18,-2.26738572e-16,-1.52650199e-16,-2.57298886e-16,7.0088872e-18,0,0,0,0.00877388004,-0.230265016,-0.0597562403,
179.76,object_red_01,RED,-0.250635533,0.210638903,0.0119470887,-2.91380057e-18,6.38508864e-18,-2.2316977e-16,-1.34271457e-15,1.92519451e-16,8.91764421e-18,0,0,0,0.00718492707,-0.230320072,-0.0597562403,
179.8,object_red_01,RED,-0.250635533,0.210638903,0.0119470887,-5.30287679e-18,-1.81897472e-18,-2.2316977e-16,4.70657013e-16,-3.52162575e-16,1.04819311e-18,0,0,0,0.00559894578,-0.230364082,-0.0597562403,
179.84,object_red_01,RED,-0.250635533,0.210638903,0.0119470887,-4.25558663e-18,2.87379134e-18,-2.26738572e-16,5.77473773e-16,-5.53602491e-16,6.50381951e-18,0,0,0,0.00401604079,-0.230397114,-0.0597562403,
179.88,object_red_01,RED,-0.250635533,0.210638903,0.0119470887,-4.19895281e-18,1.30895513e-18,-2.2316977e-16,7.93620628e-16,-4.26472875e-16,4.83559029e-18,0,0,0,0.00243631582,-0.230419233,-0.0597562403,
179.92,object_red_01,RED,-0.250635533,0.210638903,0.0119470887,-1.81946077e-18,6.65170327e-18,-2.2316977e-16,-6.60343977e-16,-3.0905298e-16,9.39935246e-19,0,0,0,0.000859873614,-0.230430509,-0.0597562403,
179.96,object_red_01,RED,-0.250635533,0.210638903,0.0119470887,-5.04846022e-18,1.15797175e-17,-2.2316977e-16,-1.66442152e-15,1.10276436e-16,6.35282828e-18,0,0,0,-0.000713184348,-0.230431009,-0.0597562403,
180,object_red_01,RED,-0.250635533,0.210638903,0.0119470887,-6.89559428e-18,1.00923149e-18,-2.26738572e-16,4.41753654e-16,-5.19922813e-16,5.89537777e-18,0,0,0,-0.00228275739,-0.230420806,-0.0597562403,
180.04,object_red_01,RED,-0.250635533,0.210638903,0.0119470887,-3.69534739e-18,5.60267053e-18,-2.2316977e-16,-8.10201368e-17,-1.92295782e-16,9.22613842e-18,0,0,0,-0.00384874615,-0.230399969,-0.0597562403,
180.08,object_red_01,RED,-0.250635533,0.210638903,0.0119470887,-7.36434811e-18,2.6838502e-18,-2.2316977e-16,3.70123591e-16,-2.52601108e-16,4.27761463e-18,0,0,0,-0.00541105213,-0.230368573,-0.0597562403,
180.12,object_red_01,RED,-0.250635533,0.210638903,0.0119470887,-3.66833741e-18,6.71966386e-18,-2.12463363e-16,-1.24218115e-15,-2.82132801e-16,3.64109097e-18,0,0,0,-0.00696957827,-0.230326689,-0.0597562403,
180.16,object_red_01,RED,-0.250635533,0.210638903,0.0119470887,-9.301225e-18,3.60044691e-18,-2.16032165e-16,1.61516742e-16,-9.58863119e-16,7.42140809e-19,0,0,0,-0.00852422771,-0.230274394,-0.0597562403,
180.2,object_red_01,RED,-0.250635533,0.210638903,0.0119470887,-3.54984202e-18,2.19767057e-18,-2.2316977e-16,2.30633469e-16,-7.08339528e-16,9.08597444e-19,0,0,0,-0.0100749058,-0.230211762,-0.0597562403,
180.24,object_red_01,RED,-0.250635533,0.210638903,0.0119470887,2.3416894e-19,7.53867613e-18,-2.19600967e-16,-1.38921128e-15,3.12992655e-16,6.83551183e-18,0,0,0,-0.0116215186,-0.230138869,-0.0597562403,
180.28,object_red_01,RED,-0.250635533,0.210638903,0.0119470887,-4.43768617e-18,5.26461014e-18,-2.26738572e-16,-2.69520302e-16,-4.5878789e-16,2.15519078e-18,0,0,0,-0.0131639732,-0.230055795,-0.0597562403,
180.32,object_red_01,RED,-0.250635533,0.210638903,0.0119470887,-3.50714882e-18,-4.04000327e-19,-2.2316977e-16,1.79110091e-16,-4.39476441e-16,3.42009842e-18,0,0,0,-0.0147021778,-0.229962616,-0.0597562403,
180.36,object_red_01,RED,-0.250635533,0.210638903,0.0119470887,-5.50675857e-18,3.72242746e-18,-2.19600967e-16,-2.44386946e-16,-5.6349875e-16,7.76302936e-18,0,0,0,-0.0162360419,-0.229859413,-0.0597562403,
180.4,object_red_01,RED,-0.250635533,0.210638903,0.0119470887,-5.92584889e-18,4.96837166e-18,-2.16032165e-16,-4.86923825e-16,-5.49498686e-16,5.15425911e-18,0,0,0,-0.0177654761,-0.229746266,-0.0597562403,
180.44,object_red_01,RED,-0.250635533,0.210638903,0.0119470887,-1.97193646e-18,7.76172628e-18,-2.16032165e-16,-5.07030509e-16,2.31083443e-16,7.8432053e-18,0,0,0,-0.0192903923,-0.229623256,-0.0597562403,
180.48,object_red_01,RED,-0.250635533,0.210638903,0.0119470887,-7.3983284e-18,3.34080259e-18,-2.19600967e-16,2.30633469e-16,-4.87053097e-16,5.49287016e-18,0,0,0,-0.0208107032,-0.229490465,-0.0597562403,
180.52,object_red_01,RED,-0.250635533,0.210638903,0.0119470887,-4.64766698e-18,7.99523191e-18,-2.2316977e-16,-3.97700414e-16,-6.89165333e-17,1.42017688e-18,0,0,0,-0.0223263231,-0.229347977,-0.0597562403,
180.56,object_red_01,RED,-0.250635533,0.210638903,0.0119470887,-2.84148353e-18,2.32836402e-18,-2.19600967e-16,5.85013779e-16,-7.80514474e-16,2.34118267e-18,0,0,0,-0.0238371672,-0.229195874,-0.0597562403,
180.6,object_red_01,RED,-0.250635533,0.210638903,0.0119470887,-4.94651933e-18,2.57755286e-18,-2.16032165e-16,3.68866923e-16,-3.71272761e-16,5.8502025e-18,0,0,0,-0.0253431521,-0.229034241,-0.0597562403,
180.64,object_red_01,RED,-0.250635533,0.210638903,0.0119470887,-3.55681233e-18,5.05724321e-18,-2.19600967e-16,-7.96064096e-16,-5.8340908e-16,3.70213863e-18,0,0,0,-0.0268441958,-0.228863165,-0.0597562403,
180.68,object_red_01,RED,-0.250635533,0.210638903,0.0119470887,-6.09226522e-18,1.16432105e-18,-2.19600967e-16,4.22903637e-16,-9.19439884e-17,5.12780512e-18,0,0,0,-0.0283402165,-0.228682731,-0.0597562403,
180.72,object_red_01,RED,-0.250635533,0.210638903,0.0119470887,-3.82604083e-18,3.84963575e-18,-2.16032165e-16,2.00473443e-16,-9.37332866e-16,3.49132069e-18,0,0,0,-0.0298311348,-0.228493025,-0.0597562403,
180.76,object_red_01,RED,-0.250635533,0.210638903,0.0119470887,-6.65337575e-18,8.33154972e-18,-2.16032165e-16,-1.01472429e-15,-3.28202437e-16,6.26695456e-18,0,0,0,-0.0313168721,-0.228294136,-0.0597562403,
180.8,object_red_01,RED,-0.250635533,0.210638903,0.0119470887,-6.34406793e-18,2.30571049e-18,-2.2316977e-16,8.81587372e-16,-2.86722583e-16,6.35038637e-18,0,0,0,-0.0327973509,-0.228086153,-0.0597562403,
180.84,object_red_01,RED,-0.250635533,0.210638903,0.0119470887,-3.70493157e-18,1.76376833e-18,-2.19600967e-16,3.01006864e-16,-5.90085127e-16,5.91979684e-18,0,0,0,-0.0342724951,-0.227869163,-0.0597562403,
180.88,object_red_01,RED,-0.250635533,0.210638903,0.0119470887,-7.22494176e-18,3.88622992e-18,-2.26738572e-16,-1.77783555e-16,-3.15223415e-16,4.93855736e-18,0,0,0,-0.0357422297,-0.227643257,-0.0597562403,
180.92,object_red_01,RED,-0.250635533,0.210638903,0.0119470887,-5.31681743e-18,7.35396273e-18,-2.16032165e-16,-1.4156013e-15,1.94723721e-17,8.58269602e-18,0,0,0,-0.037206481,-0.227408525,-0.0597562403,
180.96,object_red_01,RED,-0.250635533,0.210638903,0.0119470887,-6.74747503e-18,1.13444693e-17,-2.19600967e-16,-1.3301479e-15,-1.28770245e-16,6.02479882e-18,0,0,0,-0.0386651766,-0.227165058,-0.0597562403,
181,object_red_01,RED,-0.250635533,0.210638903,0.0119470887,-5.94763114e-18,3.16480208e-18,-2.19600967e-16,-1.89093565e-16,-1.03484734e-15,2.15112094e-18,0,0,0,-0.0401182452,-0.226912947,-0.0597562403,
181.04,object_red_01,RED,-0.250635533,0.210638903,0.0119470887,-5.7568187e-18,4.69827187e-18,-2.2316977e-16,-6.26413947e-16,-5.28243328e-16,6.1456732e-18,0,0,0,-0.041565617,-0.226652286,-0.0597562403,
181.08,object_red_01,RED,-0.250635533,0.210638903,0.0119470887,-8.23912292e-18,2.99019196e-20,-2.26738572e-16,3.33680226e-16,-1.00827078e-15,2.14786506e-18,0,0,0,-0.0430072232,-0.226383167,-0.0597562403,
181.12,object_red_01,RED,-0.250635533,0.210638903,0.0119470887,-3.31110865e-18,7.62231994e-18,-2.19600967e-16,-6.0253726e-16,-7.45960826e-17,2.70868962e-18,0,0,0,-0.0444429963,-0.226105682,-0.0597562403,
181.16,object_red_01,RED,-0.250635533,0.210638903,0.0119470887,-5.80996737e-18,1.02867237e-17,-2.12463363e-16,-1.40931797e-15,-1.34267973e-17,3.41969143e-18,0,0,0,-0.0458728707,-0.225819926,-0.0597562403,
181.2,object_red_01,RED,-0.250635533,0.210638903,0.0119470887,-6.26652315e-18,6.0679392e-18,-2.19600967e-16,-5.39703871e-16,-2.43033743e-16,6.0960211e-18,0,0,0,-0.0472967805,-0.225525994,-0.0597562403,
181.24,object_red_01,RED,-0.250635533,0.210638903,0.0119470887,-6.63594996e-18,5.59918537e-18,-2.16032165e-16,-1.79040223e-16,-2.16624084e-16,5.8213066e-18,0,0,0,-0.0487146623,-0.22522398,-0.0597562403,
181.28,object_red_01,RED,-0.250635533,0.210638903,0.0119470887,2.15000567e-19,1.07554775e-17,-2.19600967e-16,-1.22584447e-15,7.96672297e-16,8.78700221e-18,0,0,0,-0.0501264541,-0.224913979,-0.0597562403,
181.32,object_red_01,RED,-0.250635533,0.210638903,0.0119470887,-8.82824393e-19,7.47768586e-18,-2.2316977e-16,-7.29460704e-16,5.10809833e-16,7.64093403e-18,0,0,0,-0.0515320946,-0.224596088,-0.0597562403,
181.36,object_red_01,RED,-0.250635533,0.210638903,0.0119470887,-7.84007226e-18,4.96314392e-18,-2.19600967e-16,-2.39360275e-16,-2.69556305e-16,1.40552544e-18,0,0,0,-0.0529315241,-0.224270402,-0.0597562403,
181.4,object_red_01,RED,-0.250635533,0.210638903,0.0119470887,-5.89448247e-18,9.3683844e-18,-2.2316977e-16,-9.46864228e-16,-1.09336074e-16,5.3272275e-18,0,0,0,-0.0543246837,-0.223937019,-0.0597562403,
181.44,object_red_01,RED,-0.250635533,0.210638903,0.0119470887,-6.02256205e-18,1.02142954e-18,-2.19600967e-16,1.86650097e-16,-8.20492217e-16,2.6671772e-18,0,0,0,-0.0557115164,-0.223596034,-0.0597562403,
181.48,object_red_01,RED,-0.250635533,0.210638903,0.0119470887,-1.78373789e-18,9.24291869e-18,-2.2316977e-16,-1.20322445e-15,6.32603521e-16,8.40932065e-18,0,0,0,-0.0570919659,-0.223247547,-0.0597562403,
181.52,object_red_01,RED,-0.250635533,0.210638903,0.0119470887,-8.54058914e-18,1.71149095e-18,-2.30307375e-16,4.11593628e-16,-8.32695639e-16,4.18522916e-18,0,0,0,-0.0584659774,-0.222891653,-0.0597562403,
181.56,object_red_01,RED,-0.250635533,0.210638903,0.0119470887,-8.93702593e-18,2.11228419e-18,-2.30307375e-16,1.84136762e-16,-8.58241338e-16,1.61715735e-18,0,0,0,-0.0598334976,-0.222528453,-0.0597562403,
181.6,object_red_01,RED,-0.250635533,0.210638903,0.0119470887,-3.89574401e-18,4.48916235e-18,-2.26738572e-16,-1.87051504e-15,5.76092935e-17,6.87214043e-18,0,0,0,-0.0611944739,-0.222158043,-0.0597562403,
181.64,object_red_01,RED,-0.250635533,0.210638903,0.0119470887,-6.61329643e-18,3.01319769e-18,-2.26738572e-16,-1.20071112e-15,-2.6368531e-16,9.14474153e-18,0,0,0,-0.0625488557,-0.221780523,-0.0597562403,
181.68,object_red_01,RED,-0.250635533,0.210638903,0.0119470887,-7.81567615e-18,-2.33652077e-18,-2.26738572e-16,-7.09667946e-17,-6.51087511e-16,1.10331493e-17,0,0,0,-0.0638965929,-0.221395992,-0.0597562403,
181.72,object_red_01,RED,-0.250635533,0.210638903,0.0119470887,-3.37819795e-18,-7.4554587e-19,-2.26738572e-16,-2.72033637e-16,-8.11297732e-17,1.12199552e-17,0,0,0,-0.0652376373,-0.221004548,-0.0597562403,
181.76,object_red_01,RED,-0.250635533,0.210638903,0.0119470887,-5.64355105e-18,7.93075648e-18,-2.2316977e-16,-1.35402458e-15,-3.05170073e-16,8.43089083e-18,0,0,0,-0.0665719416,-0.220606293,-0.0597562403,
181.8,object_red_01,RED,-0.250635533,0.210638903,0.0119470887,3.12585008e-19,7.22501186e-18,-2.19600967e-16,-2.54157562e-15,2.81801768e-16,1.15870551e-17,0,0,0,-0.0678994594,-0.220201324,-0.0597562403,
181.84,object_red_01,RED,-0.250635533,0.210638903,0.0119470887,-5.55903595e-18,-5.71538204e-18,-2.37444979e-16,5.36003736e-16,-5.9377168e-16,1.12989102e-17,0,0,0,-0.0692201466,-0.219789743,-0.0597562403,
181.88,object_red_01,RED,-0.250635533,0.210638903,0.0119470887,-9.45021553e-18,-1.68653869e-18,-2.26738572e-16,5.10870381e-16,-6.47999839e-16,1.24002101e-17,0,0,0,-0.0705339593,-0.219371649,-0.0597562403,
181.92,object_red_01,RED,-0.250635533,0.210638903,0.0119470887,-4.04299196e-18,-2.00020297e-18,-2.26738572e-16,4.79453687e-16,-3.87157827e-16,1.19081659e-17,0,0,0,-0.0718408556,-0.218947143,-0.0597562403,
181.96,object_red_01,RED,-0.250635533,0.210638903,0.0119470887,-7.73290363e-18,-2.91331452e-18,-2.26738572e-16,6.72666596e-17,-7.66666584e-16,9.53666755e-18,0,0,0,-0.0731407943,-0.218516324,-0.0597562403,
182,object_red_01,RED,-0.250635533,0.210638903,0.0119470887,-1.00461777e-17,-5.7101543e-18,-2.2316977e-16,-1.70243548e-16,-3.90525304e-16,6.1562548e-18,0,0,0,-0.0744337357,-0.218079295,-0.0597562403,
182.04,object_red_01,RED,-0.250635533,0.210638903,0.0119470887,-6.23428543e-18,4.42120176e-18,-2.19600967e-16,2.50740153e-16,-9.16337678e-16,1.34976858e-18,0,0,0,-0.0757196414,-0.217636155,-0.0597562403,
182.08,object_red_01,RED,-0.250635533,0.210638903,0.0119470887,-4.15974477e-18,1.41426995e-19,-2.19600967e-16,2.53253489e-16,-9.84325368e-16,7.95105617e-18,0,0,0,-0.0769984738,-0.217187005,-0.0597562403,
182.12,object_red_01,RED,-0.250635533,0.210638903,0.0119470887,-5.09289599e-18,3.58824885e-18,-2.2316977e-16,-3.39893697e-16,-7.75846149e-16,4.00534204e-18,0,0,0,-0.0782701972,-0.216731945,-0.0597562403,
182.16,object_red_01,RED,-0.250635533,0.210638903,0.0119470887,-2.68813655e-18,1.12660533e-17,-2.26738572e-16,-8.91570846e-16,6.57388347e-16,5.94787876e-18,0,0,0,-0.0795347765,-0.216271078,-0.0597562403,
182.2,object_red_01,RED,-0.250635533,0.210638903,0.0119470887,-4.77836042e-18,8.27230202e-18,-2.2316977e-16,-9.0036752e-16,4.89682106e-16,8.07396547e-18,0,0,0,-0.0807921781,-0.215804504,-0.0597562403,
182.24,object_red_01,RED,-0.250635533,0.210638903,0.0119470887,-3.36164345e-18,1.82301602e-18,-2.26738572e-16,1.02453357e-16,-4.48921085e-16,3.19544301e-18,0,0,0,-0.0820423698,-0.215332323,-0.0597562403,
182.28,object_red_01,RED,-0.250635533,0.210638903,0.0119470887,-6.08878006e-18,8.10501441e-18,-2.2316977e-16,-6.25157279e-16,2.19415279e-17,4.65855206e-18,0,0,0,-0.08328532,-0.214854638,-0.0597562403,
182.32,object_red_01,RED,-0.250635533,0.210638903,0.0119470887,-2.31261071e-18,4.29573605e-18,-2.2316977e-16,9.36566827e-17,-4.84181415e-16,4.27110288e-18,0,0,0,-0.0845209992,-0.214371548,-0.0597562403,
182.36,object_red_01,RED,-0.250635533,0.210638903,0.0119470887,-4.21550731e-18,5.60615569e-18,-2.26738572e-16,-5.53527217e-16,-2.95838333e-16,2.39775351e-18,0,0,0,-0.085749378,-0.213883156,-0.0597562403,
182.4,object_red_01,RED,-0.250635533,0.210638903,0.0119470887,-8.12846913e-18,2.41897814e-18,-2.2316977e-16,4.79453687e-16,-4.66136451e-16,3.97685313e-18,0,0,0,-0.0869704287,-0.213389561,-0.0597562403,
182.44,object_red_01,RED,-0.250635533,0.210638903,0.0119470887,-2.60623532e-18,9.98177231e-18,-2.26738572e-16,-1.04739765e-15,5.09111368e-16,8.66979069e-18,0,0,0,-0.0881841253,-0.212890864,-0.0597562403,
182.48,object_red_01,RED,-0.250635533,0.210638903,0.0119470887,-1.05018621e-17,9.36043157e-19,-2.2316977e-16,7.01883881e-16,-5.04744623e-16,5.18193405e-18,0,0,0,-0.0893904423,-0.212387167,-0.0597562403,
182.52,object_red_01,RED,-0.250635533,0.210638903,0.0119470887,-7.8026068e-18,1.81506319e-19,-2.2316977e-16,3.62583585e-16,-7.98750883e-16,5.96171624e-18,0,0,0,-0.0905893556,-0.211878571,-0.0597562403,
182.56,object_red_01,RED,-0.250635533,0.210638903,0.0119470887,-6.6324648e-18,7.04726877e-18,-2.26738572e-16,-9.63200909e-16,-4.06218732e-17,8.09634962e-18,0,0,0,-0.091780842,-0.211365175,-0.0597562403,
182.6,object_red_01,RED,-0.250635533,0.210638903,0.0119470887,-6.6742867e-18,9.04252207e-18,-2.2316977e-16,-1.16929442e-15,-9.57336271e-17,5.31013415e-18,0,0,0,-0.09296488,-0.21084708,-0.0597562403,
182.64,object_red_01,RED,-0.250635533,0.210638903,0.0119470887,-2.93732539e-18,6.64647553e-18,-2.26738572e-16,-1.25223449e-15,2.53595468e-16,5.43711329e-18,0,0,0,-0.0941414486,-0.210324387,-0.0597562403,
182.68,object_red_01,RED,-0.250635533,0.210638903,0.0119470887,-7.42011065e-18,4.32710248e-18,-2.16032165e-16,-5.49757214e-16,-7.25648163e-16,5.56409244e-18,0,0,0,-0.0953105284,-0.209797196,-0.0597562403,
182.72,object_red_01,RED,-0.250635533,0.210638903,0.0119470887,-8.44910372e-18,5.32908558e-18,-2.19600967e-16,2.6959017e-16,-1.43163018e-16,2.39205572e-18,0,0,0,-0.0964721009,-0.209265606,-0.0597562403,
182.76,object_red_01,RED,-0.250635533,0.210638903,0.0119470887,-2.40061097e-18,6.98976365e-18,-2.26738572e-16,-5.37190536e-16,2.96877066e-17,4.99716312e-18,0,0,0,-0.0976261488,-0.208729718,-0.0597562403,
182.8,object_red_01,RED,-0.250635533,0.210638903,0.0119470887,-2.45201705e-18,6.36069252e-18,-2.16032165e-16,-5.47243878e-16,-3.75194939e-16,6.31497873e-18,0,0,0,-0.0987726558,-0.208189632,-0.0597562403,
182.84,object_red_01,RED,-0.250635533,0.210638903,0.0119470887,-6.39634531e-18,6.42691054e-18,-2.26738572e-16,-9.33040882e-16,-1.30635418e-17,6.73213778e-18,0,0,0,-0.0999116069,-0.207645446,-0.0597562403,
182.88,object_red_01,RED,-0.250635533,0.210638903,0.0119470887,-8.27223192e-18,7.57178514e-18,-2.19600967e-16,-8.18684115e-16,-3.96695739e-16,3.30207293e-18,0,0,0,-0.101042988,-0.207097259,-0.0597562403,
182.92,object_red_01,RED,-0.250635533,0.210638903,0.0119470887,-4.36188397e-18,5.04853031e-18,-2.19600967e-16,4.21333043e-17,-1.00829022e-16,6.46027217e-18,0,0,0,-0.102166786,-0.206545172,-0.0597562403,
182.96,object_red_01,RED,-0.250635533,0.210638903,0.0119470887,-5.62612525e-18,5.7229085e-18,-2.30307375e-16,-1.03608764e-15,2.9116787e-16,5.46519522e-18,0,0,0,-0.10328299,-0.205989282,-0.0597562403,
183,object_red_01,RED,-0.250635533,0.210638903,0.0119470887,-2.25597688e-18,8.28101492e-18,-2.19600967e-16,-1.36030792e-15,7.73301222e-16,6.08869538e-18,0,0,0,-0.104391588,-0.205429688,-0.0597562403,
183.04,object_red_01,RED,-0.250635533,0.210638903,0.0119470887,-4.48125065e-18,5.69851239e-18,-2.2316977e-16,-3.47433703e-16,-7.21072913e-17,8.52124137e-18,0,0,0,-0.10549257,-0.204866488,-0.0597562403,
183.08,object_red_01,RED,-0.250635533,0.210638903,0.0119470887,-2.94778087e-18,9.12093814e-18,-2.26738572e-16,-2.03765185e-15,-3.5291854e-16,2.56176823e-18,0,0,0,-0.106585928,-0.20429978,-0.0597562403,
183.12,object_red_01,RED,-0.250635533,0.210638903,0.0119470887,-6.64466286e-18,4.44559787e-18,-2.2316977e-16,6.02607128e-16,-4.00971355e-16,7.93559076e-18,0,0,0,-0.107671655,-0.203729662,-0.0597562403,
183.16,object_red_01,RED,-0.250635533,0.210638903,0.0119470887,-4.36188397e-18,4.75577699e-18,-2.2316977e-16,-5.54783885e-16,-1.38229634e-15,5.89293587e-18,0,0,0,-0.108749743,-0.20315623,-0.0597562403,
183.2,object_red_01,RED,-0.250635533,0.210638903,0.0119470887,-4.05257614e-18,1.76028317e-18,-2.26738572e-16,-1.24469449e-15,8.43281908e-16,5.66543156e-18,0,0,0,-0.109820188,-0.202579581,-0.0597562403,
183.24,object_red_01,RED,-0.250635533,0.210638903,0.0119470887,-4.96481641e-18,9.00244275e-18,-2.26738572e-16,-1.25851783e-15,-6.15051581e-16,5.72485129e-18,0,0,0,-0.110882983,-0.201999813,-0.0597562403,
183.28,object_red_01,RED,-0.250635533,0.210638903,0.0119470887,-3.62664471e-19,9.25337417e-18,-2.2316977e-16,-1.28993453e-15,-3.17378404e-16,1.09664039e-17,0,0,0,-0.111938127,-0.201417021,-0.0597562403,
183.32,object_red_01,RED,-0.250635533,0.210638903,0.0119470887,-2.86152319e-18,1.00113962e-17,-2.19600967e-16,-8.06117438e-16,2.53139137e-17,1.15256005e-17,0,0,0,-0.112985615,-0.2008313,-0.0597562403,
183.36,object_red_01,RED,-0.250635533,0.210638903,0.0119470887,2.68020029e-20,8.02311318e-18,-2.19600967e-16,-1.19568445e-15,1.13787723e-15,1.18935144e-17,0,0,0,-0.114025447,-0.200242747,-0.0597562403,
183.4,object_red_01,RED,-0.250635533,0.210638903,0.0119470887,-6.46691977e-18,5.02140911e-19,-2.26738572e-16,-4.99490503e-16,4.70110681e-17,1.19016541e-17,0,0,0,-0.115057621,-0.199651457,-0.0597562403,
183.44,object_red_01,RED,-0.250635533,0.210638903,0.0119470887,-6.57234581e-18,-1.03307145e-18,-2.26738572e-16,-3.62513716e-16,-8.25533615e-16,1.00889454e-17,0,0,0,-0.116082139,-0.199057523,-0.0597562403,
183.48,object_red_01,RED,-0.250635533,0.210638903,0.0119470887,-8.92744174e-18,-1.1306559e-18,-2.19600967e-16,5.13383717e-16,-5.04116289e-16,1.02155176e-17,0,0,0,-0.117099,-0.19846104,-0.0597562403,
183.52,object_red_01,RED,-0.250635533,0.210638903,0.0119470887,-4.01598198e-18,-5.2048063e-18,-2.26738572e-16,-7.60877398e-16,-3.54739726e-16,8.40362287e-18,0,0,0,-0.118108208,-0.197862103,-0.0597562403,
183.56,object_red_01,RED,-0.250635533,0.210638903,0.0119470887,-4.38715137e-18,-6.73479093e-18,-2.26738572e-16,6.39050493e-16,-3.8048178e-16,5.77124752e-18,0,0,0,-0.119109765,-0.197260803,-0.0597562403,
183.6,object_red_01,RED,-0.250635533,0.210638903,0.0119470887,-5.1085792e-18,2.92084098e-18,-2.19600967e-16,-3.37380361e-16,-2.17625492e-16,8.72595454e-18,0,0,0,-0.120103675,-0.196657234,-0.0597562403,
183.64,object_red_01,RED,-0.250635533,0.210638903,0.0119470887,-3.33114831e-18,9.11396782e-18,-2.2316977e-16,-1.21956113e-15,3.89099597e-16,8.70397738e-18,0,0,0,-0.121089944,-0.196051488,-0.0597562403,
183.68,object_red_01,RED,-0.250635533,0.210638903,0.0119470887,-5.77511578e-18,3.50286247e-18,-2.16032165e-16,-7.47054053e-16,-9.49629363e-17,9.14067169e-18,0,0,0,-0.122068576,-0.195443658,-0.0597562403,
183.72,object_red_01,RED,-0.250635533,0.210638903,0.0119470887,-8.12934042e-18,7.03855587e-18,-2.2316977e-16,-1.23338448e-15,-4.09468589e-16,4.73750704e-18,0,0,0,-0.123039578,-0.194833834,-0.0597562403,
183.76,object_red_01,RED,-0.250635533,0.210638903,0.0119470887,-3.15427651e-18,2.47996842e-18,-2.19600967e-16,2.34403473e-16,-6.90859083e-16,4.55273611e-18,0,0,0,-0.124002958,-0.194222107,-0.0597562403,
183.8,object_red_01,RED,-0.250635533,0.210638903,0.0119470887,-2.68813655e-18,7.55958708e-18,-2.26738572e-16,-9.10420862e-16,3.78732087e-16,7.9685565e-18,0,0,0,-0.124958725,-0.193608568,-0.0597562403,
183.84,object_red_01,RED,-0.250635533,0.210638903,0.0119470887,-3.92101141e-18,3.70674425e-18,-2.26738572e-16,4.09080292e-16,-5.0002721e-16,4.54988722e-18,0,0,0,-0.125906886,-0.192993307,-0.0597562403,
183.88,object_red_01,RED,-0.250635533,0.210638903,0.0119470887,-5.89883891e-18,1.40479699e-18,-2.19600967e-16,-1.35056851e-16,-6.55284585e-16,6.98691004e-18,0,0,0,-0.126847453,-0.192376413,-0.0597562403,
183.92,object_red_01,RED,-0.250635533,0.210638903,0.0119470887,-2.95910763e-18,5.95989929e-18,-2.2316977e-16,8.48600084e-17,1.98145002e-16,9.84312683e-18,0,0,0,-0.127780436,-0.191757975,-0.0597562403,
183.96,object_red_01,RED,-0.250635533,0.210638903,0.0119470887,-2.36575938e-18,9.43634499e-18,-2.16032165e-16,-1.43822132e-15,3.88029465e-16,3.33625962e-18,0,0,0,-0.128705846,-0.191138081,-0.0597562403,
184,object_red_01,RED,-0.250635533,0.210638903,0.0119470887,-3.37819795e-18,5.10255027e-18,-2.2316977e-16,-2.16740255e-16,-6.07948463e-16,7.29784615e-18,0,0,0,-0.129623696,-0.190516818,-0.0597562403,
184.04,object_red_01,RED,-0.250635533,0.210638903,0.0119470887,-2.27514526e-18,6.22128618e-18,-2.2316977e-16,-3.65027052e-16,-3.39379908e-16,9.92533768e-18,0,0,0,-0.130534,-0.189894274,-0.0597562403,
184.08,object_red_01,RED,-0.250635533,0.210638903,0.0119470887,-8.81591667e-18,4.2330032e-18,-2.2316977e-16,-4.64303805e-16,-4.43324986e-16,1.68471677e-18,0,0,0,-0.131436771,-0.189270536,-0.0597562403,
184.12,object_red_01,RED,-0.250635533,0.210638903,0.0119470887,-3.30762349e-18,-4.56277706e-19,-2.30307375e-16,7.3078724e-16,-4.69847548e-16,5.19536454e-18,0,0,0,-0.132332023,-0.18864569,-0.0597562403,
184.16,object_red_01,RED,-0.250635533,0.210638903,0.0119470887,-4.32877496e-18,1.06247841e-17,-2.19600967e-16,-1.85794836e-15,2.27401799e-16,2.02414179e-18,0,0,0,-0.133219773,-0.18801982,-0.0597562403,
184.2,object_red_01,RED,-0.250635533,0.210638903,0.0119470887,-3.72061479e-18,7.09507848e-19,-2.19600967e-16,1.70313416e-16,-1.03481298e-15,6.19044149e-18,0,0,0,-0.134100037,-0.187393012,-0.0597562403,
184.24,object_red_01,RED,-0.250635533,0.210638903,0.0119470887,-8.38027184e-18,2.48519616e-18,-2.16032165e-16,3.33680226e-16,-4.72081079e-16,3.90563085e-18,0,0,0,-0.13497283,-0.18676535,-0.0597562403,
184.28,object_red_01,RED,-0.250635533,0.210638903,0.0119470887,-4.63111247e-18,5.35173911e-18,-2.19600967e-16,-6.16360605e-16,-3.37411456e-16,7.83710053e-18,0,0,0,-0.135838172,-0.186136917,-0.0597562403,
184.32,object_red_01,RED,-0.250635533,0.210638903,0.0119470887,-6.07483942e-18,7.8192314e-18,-2.30307375e-16,-6.60343977e-16,-2.60391466e-16,2.0265837e-18,0,0,0,-0.136696079,-0.185507797,-0.0597562403,
184.36,object_red_01,RED,-0.250635533,0.210638903,0.0119470887,-1.2356967e-18,9.1244233e-18,-2.19600967e-16,-1.41434464e-15,6.69439594e-16,7.08865615e-18,0,0,0,-0.137546572,-0.184878071,-0.0597562403,
184.4,object_red_01,RED,-0.250635533,0.210638903,0.0119470887,-5.15214368e-18,6.26833582e-18,-2.26738572e-16,-4.56763799e-16,-2.74347351e-16,4.45505984e-18,0,0,0,-0.13838967,-0.184247822,-0.0597562403,
184.44,object_red_01,RED,-0.250635533,0.210638903,0.0119470887,-4.74438013e-18,8.72711522e-18,-2.16032165e-16,-1.17557776e-15,-3.03859408e-16,4.90559162e-18,0,0,0,-0.139225393,-0.183617131,-0.0597562403,
184.48,object_red_01,RED,-0.250635533,0.210638903,0.0119470887,-6.31008763e-18,1.1151043e-17,-2.19600967e-16,-9.99644274e-16,3.36938067e-16,6.87905916e-18,0,0,0,-0.140053762,-0.182986077,-0.0597562403,
184.52,object_red_01,RED,-0.250635533,0.210638903,0.0119470887,-5.16085658e-18,9.03903691e-18,-2.16032165e-16,-1.25474783e-15,6.31106319e-16,8.43658861e-18,0,0,0,-0.140874799,-0.182354742,-0.0597562403,
184.56,object_red_01,RED,-0.250635533,0.210638903,0.0119470887,-3.81645665e-18,6.70746581e-18,-2.26738572e-16,-9.80794257e-16,-5.05196238e-16,4.22633459e-18,0,0,0,-0.141688525,-0.181723203,-0.0597562403,
184.6,object_red_01,RED,-0.250635533,0.210638903,0.0119470887,-9.05477924e-19,7.28251698e-18,-2.2316977e-16,-3.76337062e-16,3.74009766e-16,4.40011694e-18,0,0,0,-0.142494965,-0.18109154,-0.0597562403,
184.64,object_red_01,RED,-0.250635533,0.210638903,0.0119470887,-6.59325677e-18,7.58224062e-18,-2.16032165e-16,-9.9587427e-16,3.3976066e-16,4.29389401e-18,0,0,0,-0.14329414,-0.18045983,-0.0597562403,
184.68,object_red_01,RED,-0.250635533,0.210638903,0.0119470887,-6.26565186e-18,8.14160857e-18,-2.19600967e-16,-1.28867786e-15,-3.24829858e-17,4.75785627e-18,0,0,0,-0.144086076,-0.17982815,-0.0597562403,
184.72,object_red_01,RED,-0.250635533,0.210638903,0.0119470887,-5.18176753e-18,1.28674836e-17,-2.19600967e-16,-1.84286834e-15,-4.4303517e-17,4.45709477e-18,0,0,0,-0.144870797,-0.179196577,-0.0597562403,
184.76,object_red_01,RED,-0.250635533,0.210638903,0.0119470887,-5.22097557e-18,8.02659834e-18,-2.16032165e-16,-7.50824056e-16,-3.30455603e-16,4.58285296e-18,0,0,0,-0.145648327,-0.178565186,-0.0597562403,
184.8,object_red_01,RED,-0.250635533,0.210638903,0.0119470887,-1.31237019e-18,7.59618125e-18,-2.2316977e-16,-1.32637789e-15,4.97845731e-17,5.75618909e-18,0,0,0,-0.146418693,-0.177934053,-0.0597562403,
184.84,object_red_01,RED,-0.250635533,0.210638903,0.0119470887,-8.03175598e-18,2.84068233e-18,-2.19600967e-16,4.09080292e-16,-5.88587925e-16,2.89981097e-19,0,0,0,-0.147181921,-0.177303252,-0.0597562403,
184.88,object_red_01,RED,-0.250635533,0.210638903,0.0119470887,-4.44901294e-18,5.89193869e-18,-2.19600967e-16,-5.33420533e-16,1.53440222e-17,3.13317439e-18,0,0,0,-0.147938037,-0.176672856,-0.0597562403,
184.92,object_red_01,RED,-0.250635533,0.210638903,0.0119470887,-4.61020152e-18,5.95641413e-18,-2.2316977e-16,-1.05493766e-15,-1.19315783e-16,6.2791641e-18,0,0,0,-0.148687069,-0.176042939,-0.0597562403,
184.96,object_red_01,RED,-0.250635533,0.210638903,0.0119470887,-6.12624551e-18,2.31790854e-18,-2.19600967e-16,-7.22234624e-17,-6.93284059e-16,1.43360737e-18,0,0,0,-0.149429045,-0.175413572,-0.0597562403,
185,object_red_01,RED,-0.250635533,0.210638903,0.0119470887,-5.69060069e-18,1.08112401e-17,-2.26738572e-16,-7.45797385e-16,4.83889653e-16,4.13883293e-18,0,0,0,-0.150163993,-0.174784828,-0.0597562403,
185.04,object_red_01,RED,-0.250635533,0.210638903,0.0119470887,-3.54897073e-18,6.88695147e-18,-2.2316977e-16,-5.96253921e-16,1.32763917e-16,6.01055437e-18,0,0,0,-0.150891941,-0.174156777,-0.0597562403,
185.08,object_red_01,RED,-0.250635533,0.210638903,0.0119470887,-3.50540624e-18,1.00985251e-17,-2.16032165e-16,-1.08132768e-15,7.83688559e-17,5.02402409e-18,0,0,0,-0.151612919,-0.173529489,-0.0597562403,
185.12,object_red_01,RED,-0.250635533,0.210638903,0.0119470887,-2.34833359e-18,5.45280871e-18,-2.2316977e-16,6.97799952e-17,-6.84561017e-16,5.65037314e-18,0,0,0,-0.152326957,-0.172903034,-0.0597562403,
185.16,object_red_01,RED,-0.250635533,0.210638903,0.0119470887,-5.04236119e-18,1.05289422e-17,-2.16032165e-16,-1.64934151e-15,-1.83366568e-16,4.35046484e-18,0,0,0,-0.153034084,-0.17227748,-0.0597562403,
185.2,object_red_01,RED,-0.250635533,0.210638903,0.0119470887,-5.96331435e-18,1.28455902e-18,-2.26738572e-16,2.74616841e-16,-2.60990347e-16,6.36829369e-18,0,0,0,-0.153734331,-0.171652895,-0.0597562403,
185.24,object_red_01,RED,-0.250635533,0.210638903,0.0119470887,-6.49915748e-18,7.08212036e-18,-2.19600967e-16,-4.10267091e-16,-5.38217936e-17,4.33622039e-18,0,0,0,-0.154427729,-0.171029346,-0.0597562403,
185.28,object_red_01,RED,-0.250635533,0.210638903,0.0119470887,-3.21962324e-18,5.8239781e-18,-2.33876177e-16,-2.82400906e-17,3.27920494e-16,6.39067783e-18,0,0,0,-0.15511431,-0.170406901,-0.0597562403,
185.32,object_red_01,RED,-0.250635533,0.210638903,0.0119470887,-4.00378392e-18,1.03320308e-17,-2.26738572e-16,-1.25474783e-15,5.89022675e-16,8.36902919e-18,0,0,0,-0.155794105,-0.169785623,-0.0597562403,
185.36,object_red_01,RED,-0.250635533,0.210638903,0.0119470887,-4.80014266e-18,2.84416749e-18,-2.26738572e-16,-1.76526887e-16,-7.97504033e-16,3.19015221e-18,0,0,0,-0.156467146,-0.169165579,-0.0597562403,
185.4,object_red_01,RED,-0.250635533,0.210638903,0.0119470887,-5.92323502e-18,1.10586863e-17,-2.19600967e-16,-1.76998161e-15,-5.50931879e-17,4.25319556e-18,0,0,0,-0.157133466,-0.168546833,-0.0597562403,
185.44,object_red_01,RED,-0.250635533,0.210638903,0.0119470887,-8.98320428e-18,1.82824376e-18,-2.26738572e-16,7.09423888e-16,-7.14131981e-16,4.346395e-18,0,0,0,-0.157793097,-0.167929448,-0.0597562403,
185.48,object_red_01,RED,-0.250635533,0.210638903,0.0119470887,-4.14493285e-18,9.67682094e-18,-2.19600967e-16,-9.9587427e-16,-3.86112241e-16,5.97962355e-18,0,0,0,-0.158446073,-0.167313486,-0.0597562403,
185.52,object_red_01,RED,-0.250635533,0.210638903,0.0119470887,-7.29115978e-18,4.4177166e-18,-2.30307375e-16,-5.4598721e-16,-3.04630099e-16,5.6043839e-18,0,0,0,-0.159092428,-0.166699011,-0.0597562403,
185.56,object_red_01,RED,-0.250635533,0.210638903,0.0119470887,-6.93131715e-18,5.51728414e-18,-2.19600967e-16,-3.10673527e-18,-4.61615393e-16,8.91683025e-18,0,0,0,-0.159732195,-0.166086082,-0.0597562403,
185.6,object_red_01,RED,-0.250635533,0.210638903,0.0119470887,-5.89709634e-18,7.63527806e-19,-2.2316977e-16,7.6471727e-16,-3.99189439e-16,6.06753219e-18,0,0,0,-0.160365409,-0.165474761,-0.0597562403,
185.64,object_red_01,RED,-0.250635533,0.210638903,0.0119470887,-5.72022454e-18,2.54967159e-18,-2.16032165e-16,4.33899721e-17,-3.92562481e-16,6.50300554e-18,0,0,0,-0.160992103,-0.164865107,-0.0597562403,
185.68,object_red_01,RED,-0.250635533,0.210638903,0.0119470887,-2.82057258e-18,9.41369146e-18,-2.16032165e-16,-1.13033772e-15,1.58923223e-16,1.19972955e-17,0,0,0,-0.161612314,-0.16425718,-0.0597562403,
185.72,object_red_01,RED,-0.250635533,0.210638903,0.0119470887,-2.91728573e-18,8.90834346e-18,-2.26738572e-16,-1.58273812e-15,2.0619553e-16,1.01414464e-17,0,0,0,-0.162226075,-0.163651036,-0.0597562403,
185.76,object_red_01,RED,-0.250635533,0.210638903,0.0119470887,-6.05828492e-18,8.88743251e-18,-2.2316977e-16,-1.16175442e-15,4.49262566e-16,6.64504311e-18,0,0,0,-0.162833422,-0.163046734,-0.0597562403,
185.8,object_red_01,RED,-0.250635533,0.210638903,0.0119470887,-6.88601009e-18,5.54168025e-18,-2.16032165e-16,-9.75767586e-16,-4.21063313e-16,3.67527766e-18,0,0,0,-0.163434392,-0.162444331,-0.0597562403,
185.84,object_red_01,RED,-0.250635533,0.210638903,0.0119470887,-5.38216415e-18,4.82972538e-19,-2.19600967e-16,4.40496986e-16,-6.79956508e-16,7.51639679e-18,0,0,0,-0.164029018,-0.161843882,-0.0597562403,
185.88,object_red_01,RED,-0.250635533,0.210638903,0.0119470887,-2.90160251e-18,2.26388859e-18,-2.26738572e-16,6.94343875e-16,-4.08913888e-16,3.97400424e-18,0,0,0,-0.164617339,-0.161245442,-0.0597562403,
185.92,object_red_01,RED,-0.250635533,0.210638903,0.0119470887,-7.19270405e-18,1.26713322e-18,-2.2316977e-16,4.945337e-16,-7.45759756e-16,3.96138772e-18,0,0,0,-0.16519939,-0.160649066,-0.0597562403,
185.96,object_red_01,RED,-0.250635533,0.210638903,0.0119470887,-6.67515799e-18,1.58428266e-18,-2.2316977e-16,5.0584371e-16,-1.14290604e-15,2.62444384e-18,0,0,0,-0.165775208,-0.160054808,-0.0597562403,
186,object_red_01,RED,-0.250635533,0.210638903,0.0119470887,-7.80883504e-19,8.49883733e-18,-2.16032165e-16,-6.45263964e-16,7.62069754e-16,6.77772004e-18,0,0,0,-0.166344829,-0.159462719,-0.0597562403,
186.04,object_red_01,RED,-0.250635533,0.210638903,0.0119470887,-4.35839881e-18,1.01804264e-17,-2.19600967e-16,-1.2911912e-15,8.94648203e-16,7.10697045e-18,0,0,0,-0.16690829,-0.158872854,-0.0597562403,
186.08,object_red_01,RED,-0.250635533,0.210638903,0.0119470887,-3.45138628e-18,9.16450262e-18,-2.2316977e-16,-1.55257809e-15,2.21525895e-16,8.55257917e-18,0,0,0,-0.16746563,-0.158285261,-0.0597562403,
186.12,object_red_01,RED,-0.250635533,0.210638903,0.0119470887,-8.3750441e-18,1.87180824e-18,-2.26738572e-16,3.47503571e-16,-4.50383924e-16,6.99423576e-18,0,0,0,-0.168016884,-0.157699992,-0.0597562403,
186.16,object_red_01,RED,-0.250635533,0.210638903,0.0119470887,-3.28758383e-18,-4.16797162e-18,-2.2316977e-16,-3.46177035e-16,-1.69754304e-16,4.15592628e-18,0,0,0,-0.16856209,-0.157117099,-0.0597562403,
186.2,object_red_01,RED,-0.250635533,0.210638903,0.0119470887,-8.27223192e-18,5.73684913e-18,-2.19600967e-16,-7.55850727e-16,-2.93089373e-16,8.81386318e-18,0,0,0,-0.169101287,-0.156536627,-0.0597562403,
186.24,object_red_01,RED,-0.250635533,0.210638903,0.0119470887,-6.2534538e-18,6.79459477e-18,-2.19600967e-16,-6.38980625e-16,-5.03556679e-16,5.57508102e-18,0,0,0,-0.169634512,-0.155958627,-0.0597562403,
186.28,object_red_01,RED,-0.250635533,0.210638903,0.0119470887,-3.3407325e-18,2.94697967e-18,-2.2316977e-16,-3.78850397e-16,-5.98307465e-16,6.51277317e-18,0,0,0,-0.170161802,-0.155383146,-0.0597562403,
186.32,object_red_01,RED,-0.250635533,0.210638903,0.0119470887,-3.90271432e-18,1.0028822e-17,-2.19600967e-16,-8.80260836e-16,1.98581891e-16,6.84568644e-18,0,0,0,-0.170683197,-0.15481023,-0.0597562403,
186.36,object_red_01,RED,-0.250635533,0.210638903,0.0119470887,-2.7595823e-18,1.091928e-17,-2.16032165e-16,-1.89313506e-15,3.43771198e-16,8.19972366e-18,0,0,0,-0.171198734,-0.154239925,-0.0597562403,
186.4,object_red_01,RED,-0.250635533,0.210638903,0.0119470887,-8.81081814e-19,1.19979366e-17,-2.19600967e-16,-1.47215135e-15,4.71234616e-16,6.97592146e-18,0,0,0,-0.171708451,-0.153672277,-0.0597562403,
186.44,object_red_01,RED,-0.250635533,0.210638903,0.0119470887,-3.85740726e-18,9.68379125e-18,-2.2316977e-16,-1.0298043e-15,2.94348811e-16,5.90799429e-18,0,0,0,-0.172212388,-0.15310733,-0.0597562403,
186.48,object_red_01,RED,-0.250635533,0.210638903,0.0119470887,-4.06651678e-18,8.6608972e-18,-2.26738572e-16,-1.11902771e-15,7.60175127e-17,6.8937106e-18,0,0,0,-0.172710582,-0.152545127,-0.0597562403,
186.52,object_red_01,RED,-0.250635533,0.210638903,0.0119470887,-5.54509532e-18,1.19282334e-17,-2.19600967e-16,-1.26480117e-15,3.72640194e-16,8.25832942e-18,0,0,0,-0.173203072,-0.151985713,-0.0597562403,
186.56,object_red_01,RED,-0.250635533,0.210638903,0.0119470887,-6.06525524e-18,1.12312017e-17,-2.16032165e-16,-1.68704154e-15,2.67492446e-16,9.36085027e-18,0,0,0,-0.173689897,-0.151429127,-0.0597562403,
186.6,object_red_01,RED,-0.250635533,0.210638903,0.0119470887,-3.30500962e-18,8.85955124e-18,-2.19600967e-16,-1.26103117e-15,2.45594028e-16,6.85667502e-18,0,0,0,-0.174171096,-0.150875413,-0.0597562403,
186.64,object_red_01,RED,-0.250635533,0.210638903,0.0119470887,-1.60773738e-18,4.15981487e-18,-2.2316977e-16,-1.35528125e-15,4.67312438e-16,1.36122097e-17,0,0,0,-0.174646708,-0.15032461,-0.0597562403,
186.68,object_red_01,RED,-0.250635533,0.210638903,0.0119470887,-8.54843074e-18,3.51296576e-20,-2.2316977e-16,-5.13313848e-16,-6.70742581e-16,1.10359982e-17,0,0,0,-0.175116771,-0.149776759,-0.0597562403,
186.72,object_red_01,RED,-0.250635533,0.210638903,0.0119470887,-3.88615982e-18,-1.5593304e-18,-2.30307375e-16,5.84699853e-17,-5.63631289e-16,1.14722855e-17,0,0,0,-0.175581324,-0.149231899,-0.0597562403,
186.76,object_red_01,RED,-0.250635533,0.210638903,0.0119470887,-1.58856901e-18,2.64899861e-18,-2.2316977e-16,-8.90314178e-16,4.59448447e-16,7.48383804e-18,0,0,0,-0.176040407,-0.148690068,-0.0597562403,
186.8,object_red_01,RED,-0.250635533,0.210638903,0.0119470887,-6.5479497e-18,-3.99197111e-18,-2.2316977e-16,3.06033535e-16,-3.66201911e-16,1.0100341e-17,0,0,0,-0.176494058,-0.148151303,-0.0597562403,
186.84,object_red_01,RED,-0.250635533,0.210638903,0.0119470887,-3.58905005e-18,4.84464853e-18,-2.2316977e-16,-9.30527547e-16,1.16034527e-16,3.90725879e-18,0,0,0,-0.176942316,-0.147615642,-0.0597562403,
186.88,object_red_01,RED,-0.250635533,0.210638903,0.0119470887,-5.917136e-18,2.91288815e-19,-2.2316977e-16,9.00437389e-16,-5.9291263e-16,3.46568067e-18,0,0,0,-0.177385221,-0.14708312,-0.0597562403,
186.92,object_red_01,RED,-0.250635533,0.210638903,0.0119470887,-1.5981532e-18,7.88544941e-18,-2.2316977e-16,-8.1617078e-16,-2.86089341e-16,6.51684301e-18,0,0,0,-0.177822812,-0.146553774,-0.0597562403,
186.96,object_red_01,RED,-0.250635533,0.210638903,0.0119470887,-4.95087577e-18,8.54414439e-18,-2.16032165e-16,-4.81897154e-16,3.06812402e-16,7.64337594e-18,0,0,0,-0.178255127,-0.146027637,-0.0597562403,
187,object_red_01,RED,-0.250635533,0.210638903,0.0119470887,-4.94913319e-18,4.58326164e-18,-2.26738572e-16,-3.73823726e-16,-3.39968971e-16,6.71626539e-18,0,0,0,-0.178682206,-0.145504743,-0.0597562403,
187.04,object_red_01,RED,-0.250635533,0.210638903,0.0119470887,-2.81883e-18,1.08234381e-17,-2.2316977e-16,-1.19568445e-15,4.38085095e-16,4.83721823e-18,0,0,0,-0.179104087,-0.144985126,-0.0597562403,
187.08,object_red_01,RED,-0.250635533,0.210638903,0.0119470887,-9.17675979e-19,1.12695384e-17,-2.19600967e-16,-1.32512123e-15,4.01970623e-16,9.77638138e-18,0,0,0,-0.17952081,-0.144468819,-0.0597562403,
187.12,object_red_01,RED,-0.250635533,0.210638903,0.0119470887,-4.54833996e-18,1.07363092e-17,-2.2316977e-16,-1.1856311e-15,2.28707555e-16,7.5998286e-18,0,0,0,-0.179932414,-0.143955851,-0.0597562403,
187.16,object_red_01,RED,-0.250635533,0.210638903,0.0119470887,-3.75633766e-18,1.12085481e-17,-2.19600967e-16,-1.57394144e-15,1.43205058e-16,1.05223839e-17,0,0,0,-0.180338938,-0.143446256,-0.0597562403,
187.2,object_red_01,RED,-0.250635533,0.210638903,0.0119470887,-8.70700546e-18,1.76028317e-18,-2.26738572e-16,5.1715372e-16,-9.64802838e-16,7.64500387e-18,0,0,0,-0.18074042,-0.142940062,-0.0597562403,
187.24,object_red_01,RED,-0.250635533,0.210638903,0.0119470887,-1.53716292e-18,1.01908818e-17,-2.19600967e-16,-1.31255455e-15,-6.50041731e-17,6.41672484e-18,0,0,0,-0.181136901,-0.142437299,-0.0597562403,
187.28,object_red_01,RED,-0.250635533,0.210638903,0.0119470887,-5.07198504e-18,6.98279334e-18,-2.16032165e-16,-1.50482472e-15,-4.5238183e-16,8.15332744e-18,0,0,0,-0.181528417,-0.141937997,-0.0597562403,
187.32,object_red_01,RED,-0.250635533,0.210638903,0.0119470887,-6.03214623e-18,5.50682867e-18,-2.26738572e-16,-1.39549462e-15,1.93790845e-16,9.7523693e-18,0,0,0,-0.181915008,-0.141442182,-0.0597562403,
187.36,object_red_01,RED,-0.250635533,0.210638903,0.0119470887,-7.55616104e-19,-1.98800491e-18,-2.2316977e-16,-6.1384727e-16,1.22026751e-15,5.78915483e-18,0,0,0,-0.182296713,-0.140949883,-0.0597562403,
187.4,object_red_01,RED,-0.250635533,0.210638903,0.0119470887,2.5856505e-19,-8.12188406e-18,-2.2316977e-16,-1.51393532e-16,5.25045523e-16,5.79444563e-18,0,0,0,-0.18267357,-0.140461125,-0.0597562403,
187.44,object_red_01,RED,-0.250635533,0.210638903,0.0119470887,-2.07910508e-18,-3.06840408e-18,-2.19600967e-16,9.36566827e-17,6.94734942e-16,6.36625877e-18,0,0,0,-0.183045618,-0.139975936,-0.0597562403,
187.48,object_red_01,RED,-0.250635533,0.210638903,0.0119470887,-5.17305464e-18,3.83645518e-19,-2.26738572e-16,-4.03983753e-16,-4.06120554e-17,9.58387774e-18,0,0,0,-0.183412896,-0.139494338,-0.0597562403,
187.52,object_red_01,RED,-0.250635533,0.210638903,0.0119470887,-3.04710789e-18,-3.42389026e-18,-2.19600967e-16,3.48760239e-16,7.80988687e-17,1.05073254e-17,0,0,0,-0.183775442,-0.139016359,-0.0597562403,
187.56,object_red_01,RED,-0.250635533,0.210638903,0.0119470887,-6.2281864e-18,-4.42935851e-18,-2.19600967e-16,4.07823624e-16,-5.52812165e-16,8.36129649e-18,0,0,0,-0.184133293,-0.13854202,-0.0597562403,
187.6,object_red_01,RED,-0.250635533,0.210638903,0.0119470887,-3.16124683e-18,-3.40472189e-18,-2.2316977e-16,-6.35210622e-16,-5.27300828e-16,1.07759352e-17,0,0,0,-0.184486489,-0.138071344,-0.0597562403,
187.64,object_red_01,RED,-0.250635533,0.210638903,0.0119470887,-1.64258897e-18,-4.91205298e-18,-2.26738572e-16,5.82500444e-16,-8.9216155e-16,6.06020647e-18,0,0,0,-0.184835068,-0.137604355,-0.0597562403,
187.68,object_red_01,RED,-0.250635533,0.210638903,0.0119470887,-6.99579259e-18,-1.57327104e-18,-2.19600967e-16,1.91676768e-16,-2.6566358e-16,1.14051331e-17,0,0,0,-0.185179066,-0.137141074,-0.0597562403,
187.72,object_red_01,RED,-0.250635533,0.210638903,0.0119470887,-6.07483942e-18,1.90840241e-18,-2.19600967e-16,2.65820167e-16,-6.91487417e-16,8.0914658e-18,0,0,0,-0.185518523,-0.136681522,-0.0597562403,
187.76,object_red_01,RED,-0.250635533,0.210638903,0.0119470887,-4.41416135e-18,2.82848428e-18,-2.19600967e-16,1.30100048e-16,-1.02488216e-16,7.26569438e-18,0,0,0,-0.185853476,-0.136225718,-0.0597562403,
187.8,object_red_01,RED,-0.250635533,0.210638903,0.0119470887,-4.76964753e-18,8.56505534e-18,-2.2316977e-16,-9.61944241e-16,5.788957e-16,8.6172897e-18,0,0,0,-0.186183963,-0.135773682,-0.0597562403,
187.84,object_red_01,RED,-0.250635533,0.210638903,0.0119470887,-4.79317235e-18,7.69550827e-18,-2.26738572e-16,-4.56763799e-16,-1.06920916e-16,2.97485744e-18,0,0,0,-0.18651002,-0.135325434,-0.0597562403,
187.88,object_red_01,RED,-0.250635533,0.210638903,0.0119470887,-7.64577467e-18,8.09281635e-18,-2.16032165e-16,-1.30627121e-15,-4.78639314e-16,4.48395574e-18,0,0,0,-0.186831686,-0.134880991,-0.0597562403,
187.92,object_red_01,RED,-0.250635533,0.210638903,0.0119470887,-5.88751215e-18,3.42618898e-18,-2.30307375e-16,-1.47623528e-16,-4.27744269e-16,8.20542145e-18,0,0,0,-0.187148998,-0.13444037,-0.0597562403,
187.96,object_red_01,RED,-0.250635533,0.210638903,0.0119470887,-3.00092953e-18,5.62009632e-18,-2.26738572e-16,9.86833538e-17,1.40971721e-17,4.04319159e-18,0,0,0,-0.187461993,-0.134003589,-0.0597562403,
188,object_red_01,RED,-0.250635533,0.210638903,0.0119470887,-2.69946332e-18,1.02170205e-17,-2.16032165e-16,-1.6769882e-15,2.96503799e-16,7.91076471e-18,0,0,0,-0.187770708,-0.133570663,-0.0597562403,
188.04,object_red_01,RED,-0.250635533,0.210638903,0.0119470887,-1.89177781e-18,1.10203496e-17,-2.2316977e-16,-1.5249314e-15,-1.36648962e-16,6.14730114e-18,0,0,0,-0.188075179,-0.133141608,-0.0597562403,
188.08,object_red_01,RED,-0.250635533,0.210638903,0.0119470887,-5.25669844e-18,-8.73527197e-18,-2.26738572e-16,3.63840252e-16,-2.89476453e-16,7.21848418e-18,0,0,0,-0.188375443,-0.132716439,-0.0597562403,
188.12,object_red_01,RED,-0.250635533,0.210638903,0.0119470887,-6.55317744e-18,1.68883742e-18,-2.26738572e-16,-1.25003509e-16,-8.62462957e-16,6.72440507e-18,0,0,0,-0.188671537,-0.132295169,-0.0597562403,
188.16,object_red_01,RED,-0.250635533,0.210638903,0.0119470887,-6.98359453e-18,3.81826932e-18,-2.19600967e-16,7.23247234e-16,-1.85315385e-16,3.13358137e-18,0,0,0,-0.188963498,-0.131877812,-0.0597562403,
188.2,object_red_01,RED,-0.250635533,0.210638903,0.0119470887,-2.82492903e-18,3.49414957e-18,-2.19600967e-16,3.1483021e-16,-6.48618356e-16,7.10981934e-18,0,0,0,-0.18925136,-0.131464381,-0.0597562403,
188.24,object_red_01,RED,-0.250635533,0.210638903,0.0119470887,-3.38952472e-18,1.10935379e-17,-2.19600967e-16,-1.48471803e-15,-2.33382927e-16,5.13309592e-18,0,0,0,-0.189535161,-0.131054887,-0.0597562403,
188.28,object_red_01,RED,-0.250635533,0.210638903,0.0119470887,-5.72458098e-18,6.11498884e-18,-2.26738572e-16,-1.17432109e-15,-4.82158965e-16,9.17038155e-18,0,0,0,-0.189814937,-0.130649342,-0.0597562403,
188.32,object_red_01,RED,-0.250635533,0.210638903,0.0119470887,-2.42152192e-18,1.80036249e-18,-2.19600967e-16,3.47503571e-16,-7.34356477e-16,7.62668957e-18,0,0,0,-0.190090722,-0.130247757,-0.0597562403,
188.36,object_red_01,RED,-0.250635533,0.210638903,0.0119470887,-8.78890669e-18,2.87553392e-18,-2.26738572e-16,-9.73568177e-17,-7.17062569e-16,6.76591749e-18,0,0,0,-0.190362553,-0.129850141,-0.0597562403,
188.4,object_red_01,RED,-0.250635533,0.210638903,0.0119470887,-9.0659768e-18,4.18497104e-19,-2.19600967e-16,3.23626884e-16,-8.45267226e-16,4.86285825e-18,0,0,0,-0.190630464,-0.129456505,-0.0597562403,
188.44,object_red_01,RED,-0.250635533,0.210638903,0.0119470887,-7.3225262e-18,3.42618898e-18,-2.19600967e-16,-2.5946696e-16,-5.98184744e-16,5.85467933e-18,0,0,0,-0.190894492,-0.129066857,-0.0597562403,
188.48,object_red_01,RED,-0.250635533,0.210638903,0.0119470887,-4.74002368e-18,2.78840496e-18,-2.16032165e-16,4.31700312e-16,-8.68618665e-16,4.48436272e-18,0,0,0,-0.191154671,-0.128681205,-0.0597562403,
188.52,object_red_01,RED,-0.250635533,0.210638903,0.0119470887,-5.39349092e-18,1.05080313e-17,-2.19600967e-16,-1.25349116e-15,4.32263382e-17,1.26104597e-18,0,0,0,-0.191411036,-0.128299556,-0.0597562403,
188.56,object_red_01,RED,-0.250635533,0.210638903,0.0119470887,-1.51812376e-19,9.23246322e-18,-2.2316977e-16,-1.6807582e-15,3.73764323e-16,4.81808996e-18,0,0,0,-0.191663621,-0.127921918,-0.0597562403,
188.6,object_red_01,RED,-0.250635533,0.210638903,0.0119470887,-6.76664341e-18,1.0347714e-17,-2.19600967e-16,-1.47340802e-15,-2.49476949e-18,4.24627683e-18,0,0,0,-0.191912461,-0.127548296,-0.0597562403,
188.64,object_red_01,RED,-0.250635533,0.210638903,0.0119470887,-6.42161271e-18,2.14539319e-18,-2.26738572e-16,-1.61446874e-16,-9.11850982e-16,5.22629536e-18,0,0,0,-0.192157591,-0.127178697,-0.0597562403,
188.68,object_red_01,RED,-0.250635533,0.210638903,0.0119470887,-8.64688647e-18,4.316647e-18,-2.19600967e-16,-5.05773842e-16,-6.62657498e-17,5.39600787e-18,0,0,0,-0.192399044,-0.126813124,-0.0597562403,
188.72,object_red_01,RED,-0.250635533,0.210638903,0.0119470887,-4.36624042e-18,1.83172892e-18,-2.26738572e-16,1.95132845e-17,-1.54522116e-16,1.00787708e-17,0,0,0,-0.192636854,-0.126451583,-0.0597562403,
188.76,object_red_01,RED,-0.250635533,0.210638903,0.0119470887,-5.23753007e-18,5.68457176e-18,-2.19600967e-16,1.38896722e-16,-6.62588967e-16,4.47744399e-18,0,0,0,-0.192871056,-0.126094077,-0.0597562403,
188.8,object_red_01,RED,-0.250635533,0.210638903,0.0119470887,-6.23602801e-18,3.98207178e-18,-2.2316977e-16,2.55766825e-16,-2.4799169e-16,2.83485479e-18,0,0,0,-0.193101682,-0.12574061,-0.0597562403,
188.84,object_red_01,RED,-0.250635533,0.210638903,0.0119470887,-2.7761368e-18,6.59942589e-18,-2.19600967e-16,-1.86580229e-16,-4.5693725e-16,1.99280399e-18,0,0,0,-0.193328766,-0.125391183,-0.0597562403,
188.88,object_red_01,RED,-0.250635533,0.210638903,0.0119470887,-2.33962069e-18,7.21107122e-18,-2.19600967e-16,4.79453687e-16,6.89831186e-17,3.99964426e-18,0,0,0,-0.193552341,-0.125045799,-0.0597562403,
188.92,object_red_01,RED,-0.250635533,0.210638903,0.0119470887,-2.36750196e-18,9.33004766e-18,-2.2316977e-16,-7.28204036e-16,3.69297262e-16,3.60161348e-18,0,0,0,-0.19377244,-0.124704458,-0.0597562403,
188.96,object_red_01,RED,-0.250635533,0.210638903,0.0119470887,-5.57907561e-18,1.16041136e-17,-2.16032165e-16,-1.4080613e-15,1.56257713e-16,6.66946217e-18,0,0,0,-0.193989096,-0.124367162,-0.0597562403,
189,object_red_01,RED,-0.250635533,0.210638903,0.0119470887,-6.85290108e-18,1.08565471e-17,-2.19600967e-16,-1.00341428e-15,-3.07703044e-16,4.1998806e-18,0,0,0,-0.194202342,-0.12403391,-0.0597562403,
189.04,object_red_01,RED,-0.250635533,0.210638903,0.0119470887,-5.2601836e-18,9.20283937e-18,-2.2316977e-16,-1.13787773e-15,-3.57179236e-17,7.40610401e-18,0,0,0,-0.194412209,-0.123704702,-0.0597562403,
189.08,object_red_01,RED,-0.250635533,0.210638903,0.0119470887,-6.76577212e-18,4.3671818e-18,-2.2316977e-16,-5.15827184e-16,-4.0413266e-16,6.38294513e-18,0,0,0,-0.194618731,-0.123379536,-0.0597562403,
189.12,object_red_01,RED,-0.250635533,0.210638903,0.0119470887,-2.30738297e-18,1.15936582e-17,-2.2316977e-16,-1.32637789e-15,2.62362689e-16,7.06871391e-18,0,0,0,-0.194821938,-0.123058412,-0.0597562403,
189.16,object_red_01,RED,-0.250635533,0.210638903,0.0119470887,-5.33511451e-18,5.78912651e-18,-2.26738572e-16,-5.76147237e-16,-4.5156205e-16,5.69514143e-18,0,0,0,-0.195021864,-0.122741325,-0.0597562403,
189.2,object_red_01,RED,-0.250635533,0.210638903,0.0119470887,-6.18287934e-18,4.0726859e-18,-2.26738572e-16,-3.04706999e-16,-1.65930303e-16,1.61308751e-18,0,0,0,-0.195218539,-0.122428275,-0.0597562403,
189.24,object_red_01,RED,-0.250635533,0.210638903,0.0119470887,-6.5984845e-18,3.47672378e-18,-2.2316977e-16,9.7426686e-17,-2.50122135e-16,6.89615251e-18,0,0,0,-0.195411994,-0.122119256,-0.0597562403,
189.28,object_red_01,RED,-0.250635533,0.210638903,0.0119470887,-6.91127749e-18,6.54889109e-18,-2.16032165e-16,-8.72720829e-16,-1.47365e-16,4.68663399e-18,0,0,0,-0.195602262,-0.121814266,-0.0597562403,
189.32,object_red_01,RED,-0.250635533,0.210638903,0.0119470887,-3.75459508e-18,6.47047502e-18,-2.2316977e-16,-1.37538794e-15,-3.6457217e-16,3.60161348e-18,0,0,0,-0.195789373,-0.121513298,-0.0597562403,
189.36,object_red_01,RED,-0.250635533,0.210638903,0.0119470887,-7.45234836e-18,7.62057736e-18,-2.19600967e-16,-4.35400447e-16,-2.03537068e-16,7.36947541e-18,0,0,0,-0.195973358,-0.121216349,-0.0597562403,
189.4,object_red_01,RED,-0.250635533,0.210638903,0.0119470887,-5.99380949e-18,5.69502723e-18,-2.26738572e-16,-9.43094224e-16,-6.64056715e-16,8.19850271e-18,0,0,0,-0.196154248,-0.120923411,-0.0597562403,
189.44,object_red_01,RED,-0.250635533,0.210638903,0.0119470887,-8.4595592e-18,3.52028826e-18,-2.19600967e-16,-2.94967584e-17,-5.41133991e-16,5.82822534e-18,0,0,0,-0.196332072,-0.120634479,-0.0597562403,
189.48,object_red_01,RED,-0.250635533,0.210638903,0.0119470887,-5.95460145e-18,6.15681075e-18,-2.16032165e-16,2.32832878e-17,-5.67229482e-16,1.31680284e-18,0,0,0,-0.196506863,-0.120349546,-0.0597562403,
189.52,object_red_01,RED,-0.250635533,0.210638903,0.0119470887,-2.73257232e-18,6.2108307e-18,-2.26738572e-16,-5.24623858e-16,-1.0660184e-16,5.82252756e-18,0,0,0,-0.196678648,-0.120068603,-0.0597562403,
189.56,object_red_01,RED,-0.250635533,0.210638903,0.0119470887,-9.31255177e-18,4.00646789e-18,-2.12463363e-16,-3.12247006e-16,-3.22100726e-16,3.61056713e-18,0,0,0,-0.196847459,-0.119791644,-0.0597562403,
189.6,object_red_01,RED,-0.250635533,0.210638903,0.0119470887,-4.50390418e-18,9.75000927e-18,-2.30307375e-16,-1.25223449e-15,-3.76358339e-16,5.40007771e-18,0,0,0,-0.197013325,-0.119518659,-0.0597562403,
189.64,object_red_01,RED,-0.250635533,0.210638903,0.0119470887,-4.9987967e-18,9.33353281e-18,-2.19600967e-16,-8.42560803e-16,-6.66339141e-17,2.47833642e-18,0,0,0,-0.197176276,-0.119249639,-0.0597562403,
189.68,object_red_01,RED,-0.250635533,0.210638903,0.0119470887,-3.79293183e-18,8.18343048e-18,-2.19600967e-16,-1.28742119e-15,8.28527687e-19,5.96619306e-18,0,0,0,-0.19733634,-0.118984574,-0.0597562403,
189.72,object_red_01,RED,-0.250635533,0.210638903,0.0119470887,-7.48981382e-18,1.46752984e-18,-2.19600967e-16,-1.8500675e-18,-6.27976606e-16,4.60564409e-18,0,0,0,-0.197493548,-0.118723454,-0.0597562403,
189.76,object_red_01,RED,-0.250635533,0.210638903,0.0119470887,-7.74945813e-18,3.54991211e-18,-2.26738572e-16,2.11783453e-16,-7.98696885e-16,4.48354875e-18,0,0,0,-0.197647928,-0.118466268,-0.0597562403,
189.8,object_red_01,RED,-0.250635533,0.210638903,0.0119470887,-4.09962578e-18,2.16107641e-18,-2.2316977e-16,9.36566827e-17,-8.03301395e-16,2.17350508e-18,0,0,0,-0.197799509,-0.118213004,-0.0597562403,
189.84,object_red_01,RED,-0.250635533,0.210638903,0.0119470887,-6.71959377e-18,-4.67715697e-20,-2.26738572e-16,-1.58933538e-16,-4.38033236e-16,8.34664505e-18,0,0,0,-0.197948319,-0.117963651,-0.0597562403,
189.88,object_red_01,RED,-0.250635533,0.210638903,0.0119470887,-7.14913956e-18,5.96338444e-18,-2.19600967e-16,-6.69140651e-16,2.90642816e-17,5.50060287e-18,0,0,0,-0.198094387,-0.117718197,-0.0597562403,
189.92,object_red_01,RED,-0.250635533,0.210638903,0.0119470887,-6.55840518e-18,4.1824684e-18,-2.2316977e-16,-4.25347105e-16,-5.9579413e-16,8.26484117e-18,0,0,0,-0.198237741,-0.117476627,-0.0597562403,
189.96,object_red_01,RED,-0.250635533,0.210638903,0.0119470887,2.50723443e-19,1.12991623e-17,-2.2316977e-16,-1.61289814e-15,1.00042429e-15,8.26972499e-18,0,0,0,-0.19837841,-0.117238928,-0.0597562403,
190,object_red_01,RED,-0.250635533,0.210638903,0.0119470887,-2.52956183e-18,8.94493763e-18,-2.2316977e-16,-1.05116765e-15,2.89832661e-16,6.57829766e-18,0,0,0,-0.198516421,-0.117005087,-0.0597562403,
190.04,object_red_01,RED,-0.250635533,0.210638903,0.0119470887,-5.84394767e-18,3.43664446e-18,-2.26738572e-16,2.14296788e-16,-4.4408095e-16,3.24346717e-18,0,0,0,-0.198651803,-0.116775088,-0.0597562403,
190.08,object_red_01,RED,-0.250635533,0.210638903,0.0119470887,-3.08283076e-18,9.3091367e-18,-2.2316977e-16,-1.12154105e-15,1.20295416e-16,4.74320483e-18,0,0,0,-0.198784581,-0.116548917,-0.0597562403,
190.12,object_red_01,RED,-0.250635533,0.210638903,0.0119470887,-8.14938008e-18,1.59996587e-18,-2.2316977e-16,3.1483021e-16,-1.00385772e-15,6.62469389e-18,0,0,0,-0.198914785,-0.116326557,-0.0597562403,
190.16,object_red_01,RED,-0.250635533,0.210638903,0.0119470887,-4.6790334e-18,2.69082051e-18,-2.26738572e-16,-1.19034096e-17,-8.63096199e-16,6.8676636e-18,0,0,0,-0.199042442,-0.116107994,-0.0597562403,
190.2,object_red_01,RED,-0.250635533,0.210638903,0.0119470887,-7.06549576e-18,2.75703853e-18,-2.19600967e-16,-9.86134855e-17,-1.44454047e-16,5.51240542e-18,0,0,0,-0.199167578,-0.115893208,-0.0597562403,
190.24,object_red_01,RED,-0.250635533,0.210638903,0.0119470887,-5.93891824e-18,4.07442848e-18,-2.2316977e-16,-8.85601434e-17,-2.51712605e-16,4.85431158e-18,0,0,0,-0.19929022,-0.115682185,-0.0597562403,
190.28,object_red_01,RED,-0.250635533,0.210638903,0.0119470887,-5.80822479e-18,2.97660352e-18,-2.2316977e-16,-2.82400906e-17,-6.71572178e-16,5.53438258e-18,0,0,0,-0.199410396,-0.115474905,-0.0597562403,
190.32,object_red_01,RED,-0.250635533,0.210638903,0.0119470887,-3.2649303e-18,4.73486604e-18,-2.19600967e-16,1.9199358e-18,-9.41451398e-16,3.61911381e-18,0,0,0,-0.199528132,-0.115271351,-0.0597562403,
190.36,object_red_01,RED,-0.250635533,0.210638903,0.0119470887,-4.82192491e-18,8.02311318e-18,-2.19600967e-16,-6.26413947e-16,6.11829425e-17,7.05406247e-18,0,0,0,-0.199643454,-0.115071503,-0.0597562403,
190.4,object_red_01,RED,-0.250635533,0.210638903,0.0119470887,-2.72995845e-18,8.92054152e-18,-2.26738572e-16,-1.24846449e-15,5.59908236e-16,5.62391915e-18,0,0,0,-0.19975639,-0.114875343,-0.0597562403,
190.44,object_red_01,RED,-0.250635533,0.210638903,0.0119470887,-3.90358561e-18,5.37265006e-18,-2.12463363e-16,-9.10734789e-17,-4.24735139e-16,7.5998286e-18,0,0,0,-0.199866965,-0.11468285,-0.0597562403,
190.48,object_red_01,RED,-0.250635533,0.210638903,0.0119470887,-4.66335019e-18,1.02396741e-17,-2.19600967e-16,-1.2170478e-15,-1.28470804e-16,5.47007903e-18,0,0,0,-0.199975205,-0.114494005,-0.0597562403,
190.52,object_red_01,RED,-0.250635533,0.210638903,0.0119470887,-6.70391055e-18,1.47450016e-18,-2.16032165e-16,7.04397217e-16,-4.08938432e-16,2.00175765e-18,0,0,0,-0.200081136,-0.114308786,-0.0597562403,
190.56,object_red_01,RED,-0.250635533,0.210638903,0.0119470887,-7.47674447e-18,8.43436189e-18,-2.19600967e-16,-1.3301479e-15,-2.14184382e-16,3.1014296e-18,0,0,0,-0.200184785,-0.114127173,-0.0597562403,
190.6,object_red_01,RED,-0.250635533,0.210638903,0.0119470887,-4.69384533e-18,7.99871707e-18,-2.16032165e-16,-9.7953759e-16,2.644786e-17,5.61089565e-18,0,0,0,-0.200286176,-0.113949143,-0.0597562403,
190.64,object_red_01,RED,-0.250635533,0.210638903,0.0119470887,-7.2641498e-18,1.009504e-17,-2.2316977e-16,-1.40177796e-15,-3.07040348e-16,4.38139566e-18,0,0,0,-0.200385336,-0.113774674,-0.0597562403,
190.68,object_red_01,RED,-0.250635533,0.210638903,0.0119470887,-9.56958221e-18,2.20638347e-18,-2.2316977e-16,-1.69300807e-17,-6.01331322e-16,4.98210469e-18,0,0,0,-0.20048229,-0.113603744,-0.0597562403,
190.72,object_red_01,RED,-0.250635533,0.210638903,0.0119470887,-6.39547402e-18,7.29297245e-18,-2.26738572e-16,-1.8029689e-16,2.30499289e-16,4.25726541e-18,0,0,0,-0.200577064,-0.113436329,-0.0597562403,
190.76,object_red_01,RED,-0.250635533,0.210638903,0.0119470887,-6.47998911e-18,4.20163677e-18,-2.2316977e-16,-3.19787012e-16,-1.51611163e-16,4.02894714e-18,0,0,0,-0.200669683,-0.113272406,-0.0597562403,
190.8,object_red_01,RED,-0.250635533,0.210638903,0.0119470887,-6.80846531e-18,3.09335633e-18,-2.2316977e-16,4.69400345e-16,-7.19433548e-16,7.14156412e-18,0,0,0,-0.200760171,-0.113111949,-0.0597562403,
190.84,object_red_01,RED,-0.250635533,0.210638903,0.0119470887,-6.77622759e-18,9.90335625e-18,-2.2316977e-16,-1.78506163e-15,1.76477301e-16,5.81113199e-18,0,0,0,-0.200848554,-0.112954936,-0.0597562403,
190.88,object_red_01,RED,-0.250635533,0.210638903,0.0119470887,-9.76039465e-18,2.73863022e-19,-2.26738572e-16,3.1483021e-16,4.85082699e-17,8.54468514e-19,0,0,0,-0.200934857,-0.11280134,-0.0597562403,
190.92,object_red_01,RED,-0.250635533,0.210638903,0.0119470887,-6.70216797e-18,1.62784714e-18,-2.16032165e-16,-1.69300807e-17,-4.83523628e-16,6.88434996e-18,0,0,0,-0.201019105,-0.112651136,-0.0597562403,
190.96,object_red_01,RED,-0.250635533,0.210638903,0.0119470887,6.61100869e-19,1.18776986e-17,-2.19600967e-16,-1.45958468e-15,6.16875538e-16,7.55058348e-18,0,0,0,-0.201101323,-0.112504298,-0.0597562403,
191,object_red_01,RED,-0.250635533,0.210638903,0.0119470887,-2.5243341e-18,1.03198327e-17,-2.2316977e-16,-1.26103117e-15,3.5072705e-16,5.71833954e-18,0,0,0,-0.201181535,-0.112360799,-0.0597562403,
191.04,object_red_01,RED,-0.250635533,0.210638903,0.0119470887,-5.7655316e-18,5.97035476e-18,-2.19600967e-16,1.1753337e-16,-3.94364032e-16,1.15561243e-17,0,0,0,-0.201259766,-0.112220613,-0.0597562403,
191.08,object_red_01,RED,-0.250635533,0.210638903,0.0119470887,-3.54984202e-18,9.64893967e-18,-2.19600967e-16,-1.19442778e-15,1.42620904e-16,5.31501796e-18,0,0,0,-0.20133604,-0.112083711,-0.0597562403,
191.12,object_red_01,RED,-0.250635533,0.210638903,0.0119470887,-5.80996737e-18,9.33004766e-18,-2.26738572e-16,-1.42439798e-15,-2.41477635e-16,3.72859262e-18,0,0,0,-0.201410382,-0.111950066,-0.0597562403,
191.16,object_red_01,RED,-0.250635533,0.210638903,0.0119470887,-5.96505693e-18,1.02675553e-17,-2.26738572e-16,-9.10420862e-16,3.23379799e-16,6.07160203e-18,0,0,0,-0.201482816,-0.111819649,-0.0597562403,
191.2,object_red_01,RED,-0.250635533,0.210638903,0.0119470887,-7.97686473e-18,1.07729033e-17,-2.16032165e-16,-1.2245878e-15,-4.08614448e-16,5.82781836e-18,0,0,0,-0.201553367,-0.111692432,-0.0597562403,
191.24,object_red_01,RED,-0.250635533,0.210638903,0.0119470887,-7.53773475e-18,2.87379134e-18,-2.2316977e-16,2.75873509e-16,-8.40284734e-16,8.31245835e-18,0,0,0,-0.201622059,-0.111568385,-0.0597562403,
191.28,object_red_01,RED,-0.250635533,0.210638903,0.0119470887,-3.43396049e-18,4.94746071e-18,-2.19600967e-16,-6.25157279e-16,-4.86473852e-16,4.63250506e-18,0,0,0,-0.201688915,-0.111447478,-0.0597562403,
191.32,object_red_01,RED,-0.250635533,0.210638903,0.0119470887,-3.13249427e-18,3.24321815e-18,-2.19600967e-16,1.32613383e-16,-6.59216581e-16,3.70620848e-18,0,0,0,-0.201753961,-0.111329682,-0.0597562403,
191.36,object_red_01,RED,-0.250635533,0.210638903,0.0119470887,-6.43219739e-19,4.56235068e-18,-2.16032165e-16,-6.26413947e-16,2.96425258e-16,5.67275728e-18,0,0,0,-0.20181722,-0.111214965,-0.0597562403,
191.4,object_red_01,RED,-0.250635533,0.210638903,0.0119470887,-4.37930976e-18,8.85258093e-18,-2.2316977e-16,-1.04739765e-15,3.88220911e-16,3.91824737e-18,0,0,0,-0.201878717,-0.111103296,-0.0597562403,
191.44,object_red_01,RED,-0.250635533,0.210638903,0.0119470887,-7.499398e-18,6.4809305e-18,-2.2316977e-16,-7.72501335e-17,-3.89131188e-16,7.18104161e-18,0,0,0,-0.201938475,-0.110994645,-0.0597562403,
191.48,object_red_01,RED,-0.250635533,0.210638903,0.0119470887,-9.74384015e-18,9.37785736e-19,-2.30307375e-16,5.10870381e-16,-3.89592621e-16,3.67649861e-18,0,0,0,-0.201996518,-0.110888978,-0.0597562403,
191.52,object_red_01,RED,-0.250635533,0.210638903,0.0119470887,-5.95721532e-18,7.2807744e-18,-2.2316977e-16,-1.08007101e-15,-5.2660377e-16,6.27143139e-18,0,0,0,-0.202052871,-0.110786264,-0.0597562403,
191.56,object_red_01,RED,-0.250635533,0.210638903,0.0119470887,-3.51847559e-18,8.20782659e-18,-2.30307375e-16,-5.53527217e-16,5.82768983e-17,4.25400953e-18,0,0,0,-0.202107556,-0.110686469,-0.0597562403,
191.6,object_red_01,RED,-0.250635533,0.210638903,0.0119470887,-1.78025273e-18,1.37517314e-18,-2.2316977e-16,1.66543413e-16,-9.26803365e-16,6.82289531e-18,0,0,0,-0.202160599,-0.11058956,-0.0597562403,
191.64,object_red_01,RED,-0.250635533,0.210638903,0.0119470887,-4.54398351e-18,3.49240699e-18,-2.2316977e-16,7.45867253e-16,-5.45561781e-16,5.7812608e-19,0,0,0,-0.202212023,-0.110495504,-0.0597562403,
191.68,object_red_01,RED,-0.250635533,0.210638903,0.0119470887,-3.46981257e-19,7.90636037e-18,-2.26738572e-16,-6.26413947e-16,-6.76137416e-16,3.33910851e-18,0,0,0,-0.202261852,-0.110404266,-0.0597562403,
191.72,object_red_01,RED,-0.250635533,0.210638903,0.0119470887,-2.978276e-18,1.17086684e-17,-2.2316977e-16,-1.77375162e-15,3.64005512e-16,1.0414533e-17,0,0,0,-0.202310109,-0.110315812,-0.0597562403,
191.76,object_red_01,RED,-0.250635533,0.210638903,0.0119470887,-5.67578876e-18,2.00598685e-18,-2.26738572e-16,3.86460272e-16,-6.00536087e-16,5.7089789e-18,0,0,0,-0.202356819,-0.110230106,-0.0597562403,
191.8,object_red_01,RED,-0.250635533,0.210638903,0.0119470887,-4.87681615e-18,9.45725595e-18,-2.2316977e-16,-1.51990473e-15,-2.67347126e-17,5.81764374e-18,0,0,0,-0.202402005,-0.110147114,-0.0597562403,
191.84,object_red_01,RED,-0.250635533,0.210638903,0.0119470887,-1.13549839e-18,1.05045461e-17,-2.26738572e-16,-9.92104267e-16,-8.87532304e-17,1.0283077e-17,0,0,0,-0.202445692,-0.110066799,-0.0597562403,
191.88,object_red_01,RED,-0.250635533,0.210638903,0.0119470887,-2.04251092e-18,9.11222524e-18,-2.19600967e-16,-8.91570846e-16,2.85846668e-16,7.62953847e-18,0,0,0,-0.202487903,-0.109989124,-0.0597562403,
191.92,object_red_01,RED,-0.250635533,0.210638903,0.0119470887,-4.78707332e-18,3.60741723e-18,-2.2316977e-16,-6.62857312e-16,-4.51100618e-16,4.01185379e-18,0,0,0,-0.202528662,-0.109914054,-0.0597562403,
191.96,object_red_01,RED,-0.250635533,0.210638903,0.0119470887,-8.12585526e-18,1.59648071e-18,-2.26738572e-16,-3.20100939e-17,-1.36776593e-16,2.33182203e-18,0,0,0,-0.202567993,-0.109841552,-0.0597562403,
192,object_red_01,RED,-0.250635533,0.210638903,0.0119470887,-8.04569661e-18,9.46596884e-18,-2.19600967e-16,-1.11902771e-15,1.55678468e-16,7.77971572e-18,0,0,0,-0.20260592,-0.109771578,-0.0597562403,
192.04,object_red_01,RED,-0.250635533,0.210638903,0.0119470887,-3.47665368e-18,6.51229692e-18,-2.12463363e-16,-3.41150364e-16,-2.97978403e-17,8.50048516e-18,0,0,0,-0.202642467,-0.109704096,-0.0597562403,
192.08,object_red_01,RED,-0.250635533,0.210638903,0.0119470887,-9.76562239e-18,8.74976875e-18,-2.26738572e-16,-1.30375787e-15,1.28831921e-16,6.16317353e-18,0,0,0,-0.202677658,-0.109639067,-0.0597562403,
192.12,object_red_01,RED,-0.250635533,0.210638903,0.0119470887,-7.55603183e-18,8.36291614e-18,-2.2316977e-16,-8.82774172e-16,-8.1380125e-17,8.19850271e-18,0,0,0,-0.202711517,-0.109576453,-0.0597562403,
192.16,object_red_01,RED,-0.250635533,0.210638903,0.0119470887,-6.51745457e-18,4.57977648e-18,-2.19600967e-16,5.33490401e-16,-8.21616345e-16,2.92032153e-18,0,0,0,-0.202744068,-0.109516214,-0.0597562403,
192.2,object_red_01,RED,-0.250635533,0.210638903,0.0119470887,-5.24624297e-18,3.54468437e-18,-2.2316977e-16,4.59347003e-16,-8.21964874e-16,1.82919624e-18,0,0,0,-0.202775335,-0.10945831,-0.0597562403,
192.24,object_red_01,RED,-0.250635533,0.210638903,0.0119470887,-2.20021435e-18,1.03024069e-17,-2.16032165e-16,-9.40580889e-16,6.17572596e-16,8.54118361e-18,0,0,0,-0.202805342,-0.109402702,-0.0597562403,
192.28,object_red_01,RED,-0.250635533,0.210638903,0.0119470887,-5.68798682e-18,5.07815416e-18,-2.19600967e-16,-6.65370648e-16,3.17984964e-16,6.63568247e-18,0,0,0,-0.202834115,-0.109349348,-0.0597562403,
192.32,object_red_01,RED,-0.250635533,0.210638903,0.0119470887,-7.19444663e-18,4.57106358e-18,-2.2316977e-16,1.07166102e-17,-4.35141919e-16,2.88735579e-18,0,0,0,-0.202861676,-0.109298209,-0.0597562403,
192.36,object_red_01,RED,-0.250635533,0.210638903,0.0119470887,-5.83959122e-18,3.29723811e-18,-2.19600967e-16,-3.95501005e-17,-6.28609849e-16,4.06964558e-18,0,0,0,-0.20288805,-0.109249243,-0.0597562403,
192.4,object_red_01,RED,-0.250635533,0.210638903,0.0119470887,-3.33027702e-18,6.12370174e-18,-2.26738572e-16,-3.18530345e-16,1.2105138e-16,4.61093488e-18,0,0,0,-0.202913262,-0.109202408,-0.0597562403,
192.44,object_red_01,RED,-0.250635533,0.210638903,0.0119470887,-7.87753771e-18,6.27182098e-18,-2.2316977e-16,-1.4118313e-15,-1.23817206e-16,7.90506693e-18,0,0,0,-0.202937337,-0.109157662,-0.0597562403,
192.48,object_red_01,RED,-0.250635533,0.210638903,0.0119470887,-4.75396431e-18,9.88070272e-18,-2.26738572e-16,-8.92827514e-16,7.82166813e-17,4.6968086e-18,0,0,0,-0.202960298,-0.109114963,-0.0597562403,
192.52,object_red_01,RED,-0.250635533,0.210638903,0.0119470887,-6.78929694e-18,3.8287248e-18,-2.19600967e-16,-3.10673527e-18,-4.99605048e-16,6.67597393e-18,0,0,0,-0.202982171,-0.109074268,-0.0597562403,
192.56,object_red_01,RED,-0.250635533,0.210638903,0.0119470887,-4.06738807e-18,2.06523454e-18,-2.26738572e-16,2.08013449e-16,-7.80077585e-16,2.46287102e-18,0,0,0,-0.20300298,-0.109035534,-0.0597562403,
192.6,object_red_01,RED,-0.250635533,0.210638903,0.0119470887,-6.4808604e-18,2.53747354e-18,-2.19600967e-16,5.32233733e-16,-6.40405835e-16,1.17419695e-19,0,0,0,-0.20302275,-0.108998717,-0.0597562403,
192.64,object_red_01,RED,-0.250635533,0.210638903,0.0119470887,-7.83745839e-18,1.03128624e-17,-2.2316977e-16,-1.6066148e-15,2.27539247e-16,7.88024088e-18,0,0,0,-0.203041507,-0.108963774,-0.0597562403,
192.68,object_red_01,RED,-0.250635533,0.210638903,0.0119470887,-2.74128522e-18,1.16337375e-17,-2.2316977e-16,-1.19568445e-15,7.27118681e-16,5.92427367e-18,0,0,0,-0.203059275,-0.108930659,-0.0597562403,
192.72,object_red_01,RED,-0.250635533,0.210638903,0.0119470887,-4.0395068e-18,8.49360959e-18,-2.26738572e-16,-1.08635435e-15,3.18038961e-16,6.59701894e-18,0,0,0,-0.203076079,-0.108899327,-0.0597562403,
192.76,object_red_01,RED,-0.250635533,0.210638903,0.0119470887,-5.26279747e-18,9.86850466e-18,-2.19600967e-16,-1.13536439e-15,-6.16956025e-17,5.03297775e-18,0,0,0,-0.203091945,-0.108869735,-0.0597562403,
192.8,object_red_01,RED,-0.250635533,0.210638903,0.0119470887,-5.22097557e-18,4.66342028e-18,-2.30307375e-16,-8.65180823e-16,-9.80162463e-17,4.02406332e-18,0,0,0,-0.203106898,-0.108841836,-0.0597562403,
192.84,object_red_01,RED,-0.250635533,0.210638903,0.0119470887,-3.45051499e-18,5.86754258e-18,-2.26738572e-16,-7.86010754e-16,-6.20161703e-16,5.91247112e-18,0,0,0,-0.203120964,-0.108815584,-0.0597562403,
192.88,object_red_01,RED,-0.250635533,0.210638903,0.0119470887,-5.10248017e-18,6.8259612e-18,-2.19600967e-16,-8.21197451e-16,-3.6276571e-16,5.12495623e-18,0,0,0,-0.203134168,-0.108790933,-0.0597562403,
192.92,object_red_01,RED,-0.250635533,0.210638903,0.0119470887,-6.00687883e-18,2.08788808e-18,-2.2316977e-16,-1.44167452e-17,-3.86490223e-16,7.55139745e-18,0,0,0,-0.203146536,-0.108767837,-0.0597562403,
192.96,object_red_01,RED,-0.250635533,0.210638903,0.0119470887,-7.25630819e-18,-1.49311239e-18,-2.19600967e-16,5.62393759e-16,-8.19117737e-16,5.62066328e-18,0,0,0,-0.203158093,-0.108746247,-0.0597562403,
193,object_red_01,RED,-0.250635533,0.210638903,0.0119470887,-3.87309048e-18,8.49186701e-18,-2.19600967e-16,-1.1429044e-15,5.30685994e-17,5.36792594e-18,0,0,0,-0.203168867,-0.108726117,-0.0597562403,
193.04,object_red_01,RED,-0.250635533,0.210638903,0.0119470887,-4.07261581e-18,8.4169361e-18,-2.2316977e-16,-9.07907527e-16,-7.94622533e-16,7.36052175e-18,0,0,0,-0.203178883,-0.108707399,-0.0597562403,
193.08,object_red_01,RED,-0.250635533,0.210638903,0.0119470887,-3.23443516e-18,2.4729981e-18,-2.19600967e-16,5.96323789e-16,-9.72475384e-16,2.06280531e-18,0,0,0,-0.203188167,-0.108690045,-0.0597562403,
193.12,object_red_01,RED,-0.250635533,0.210638903,0.0119470887,-5.49281794e-18,4.69304413e-18,-2.26738572e-16,5.09613713e-16,-4.09586402e-16,1.79541654e-18,0,0,0,-0.203196746,-0.108674005,-0.0597562403,
193.16,object_red_01,RED,-0.250635533,0.210638903,0.0119470887,-1.51973713e-18,7.81226108e-18,-2.16032165e-16,-8.91570846e-16,1.29578067e-16,8.63682495e-18,0,0,0,-0.203204647,-0.108659231,-0.0597562403,
193.2,object_red_01,RED,-0.250635533,0.210638903,0.0119470887,-1.95363937e-18,1.21129468e-17,-2.19600967e-16,-1.62546482e-15,7.3052052e-16,7.52453648e-18,0,0,0,-0.203211895,-0.108645674,-0.0597562403,
193.24,object_red_01,RED,-0.250635533,0.210638903,0.0119470887,-6.28656281e-18,1.05271996e-17,-2.19600967e-16,-1.39423795e-15,2.7469865e-16,9.6791121e-18,0,0,0,-0.203218519,-0.108633284,-0.0597562403,
193.28,object_red_01,RED,-0.250635533,0.210638903,0.0119470887,-4.12924963e-18,1.12538552e-17,-2.16032165e-16,-1.53498474e-15,4.14964372e-16,5.41432217e-18,0,0,0,-0.203224545,-0.108622011,-0.0597562403,
193.32,object_red_01,RED,-0.250635533,0.210638903,0.0119470887,-2.18365984e-18,9.46248368e-18,-2.26738572e-16,-1.3766446e-15,7.80841421e-17,5.01344249e-18,0,0,0,-0.20323,-0.108611803,-0.0597562403,
193.36,object_red_01,RED,-0.250635533,0.210638903,0.0119470887,-7.54906151e-18,6.2760662e-19,-2.26738572e-16,-3.08477002e-16,-2.90998199e-16,7.13871523e-18,0,0,0,-0.203234912,-0.108602611,-0.0597562403,
193.4,object_red_01,RED,-0.250635533,0.210638903,0.0119470887,-4.75570689e-18,1.0162018e-18,-2.2316977e-16,6.25227148e-16,-9.99518285e-16,2.26141372e-18,0,0,0,-0.203239308,-0.108594384,-0.0597562403,
193.44,object_red_01,RED,-0.250635533,0.210638903,0.0119470887,-5.49194665e-18,3.03062348e-18,-2.19600967e-16,1.55233403e-16,-4.42195948e-16,6.46271408e-18,0,0,0,-0.203243217,-0.108587068,-0.0597562403,
193.48,object_red_01,RED,-0.250635533,0.210638903,0.0119470887,-4.7217266e-18,2.61414702e-18,-2.19600967e-16,1.25073377e-16,-6.12444978e-16,4.62477235e-18,0,0,0,-0.203246665,-0.108580614,-0.0597562403,
193.52,object_red_01,RED,-0.250635533,0.210638903,0.0119470887,-8.90653079e-18,5.72813624e-18,-2.2316977e-16,-1.79040223e-16,-3.5661491e-16,6.11189349e-18,0,0,0,-0.203249681,-0.108574967,-0.0597562403,
193.56,object_red_01,RED,-0.250635533,0.210638903,0.0119470887,3.23040484e-19,9.87024724e-18,-2.19600967e-16,-1.47340802e-15,2.17903158e-16,5.69392048e-18,0,0,0,-0.203252294,-0.108570076,-0.0597562403,
193.6,object_red_01,RED,-0.250635533,0.210638903,0.0119470887,-4.5361419e-18,1.80210507e-18,-2.16032165e-16,2.45713482e-16,-7.2019933e-16,5.93689019e-18,0,0,0,-0.203254531,-0.108565887,-0.0597562403,
193.64,object_red_01,RED,-0.250635533,0.210638903,0.0119470887,-4.64940955e-18,6.70920839e-18,-2.16032165e-16,-1.88308171e-15,-7.6868884e-17,6.03619439e-18,0,0,0,-0.203256422,-0.108562348,-0.0597562403,
193.68,object_red_01,RED,-0.250635533,0.210638903,0.0119470887,-2.18453113e-18,6.47570276e-18,-2.19600967e-16,-5.96253921e-16,-3.94447482e-16,1.29748721e-17,0,0,0,-0.203257994,-0.108559403,-0.0597562403,
193.72,object_red_01,RED,-0.250635533,0.210638903,0.0119470887,-4.49083484e-18,8.14160857e-18,-2.19600967e-16,-6.7542399e-16,-3.11659584e-16,6.4830633e-18,0,0,0,-0.203259278,-0.108556999,-0.0597562403,
193.76,object_red_01,RED,-0.250635533,0.210638903,0.0119470887,-1.08583488e-18,7.67285474e-18,-2.2316977e-16,-8.76490833e-16,-6.79593059e-17,3.72777865e-18,0,0,0,-0.203260302,-0.108555081,-0.0597562403,
193.8,object_red_01,RED,-0.250635533,0.210638903,0.0119470887,-5.14865852e-18,7.4742007e-18,-2.26738572e-16,-1.43319465e-15,-3.16249367e-16,4.24342794e-18,0,0,0,-0.203261096,-0.108553595,-0.0597562403,
193.84,object_red_01,RED,-0.250635533,0.210638903,0.0119470887,7.9241714e-18,2.8772765e-18,-2.19600967e-16,-7.91037425e-16,-8.68093224e-17,7.02882943e-18,0,0,0,-0.203261689,-0.108552485,-0.0597562403,
193.88,object_red_01,RED,-0.250635533,0.210638903,0.0119470887,3.63829761e-18,6.31364288e-18,-2.26738572e-16,-1.04488431e-15,-3.40076966e-16,8.2746088e-18,0,0,0,-0.20326211,-0.108551695,-0.0597562403,
193.92,object_red_01,RED,-0.250635533,0.210638903,0.0119470887,-4.76877624e-18,1.12346868e-17,-2.2316977e-16,-1.47717802e-15,-3.15954835e-16,2.40141637e-18,0,0,0,-0.203262391,-0.108551169,-0.0597562403,
193.96,object_red_01,RED,-0.250635533,0.210638903,0.0119470887,4.27521034e-18,3.14214855e-18,-2.19600967e-16,-4.06497088e-16,3.80597454e-16,3.24306018e-18,0,0,0,-0.203262561,-0.108550851,-0.0597562403,
194,object_red_01,RED,-0.250635533,0.210638903,0.0119470887,-5.16869819e-18,3.22579236e-18,-2.30307375e-16,-8.94084181e-16,6.07376897e-16,9.59470499e-19,0,0,0,-0.20326265,-0.108550684,-0.0597562403,
194.04,object_red_01,RED,-0.250635533,0.210638903,0.0119470887,-4.06228954e-19,1.50238143e-18,-2.2316977e-16,-9.04137524e-16,5.94702224e-16,6.23927962e-18,0,0,0,-0.203262689,-0.108550611,-0.0597664914,
194.08,object_red_01,RED,-0.250635533,0.210638903,0.0119470887,-2.46072995e-18,3.8792596e-18,-2.2316977e-16,-1.31004121e-15,6.72669623e-16,7.26040358e-18,0,0,0,-0.203262704,-0.108550582,-0.059938441,
194.12,object_red_01,RED,-0.250635533,0.210638903,0.0119470887,1.00861623e-19,-6.68948387e-18,-2.2316977e-16,5.21866464e-17,1.05309143e-15,6.63649644e-18,0,0,0,-0.203262709,-0.108550572,-0.0604814057,
194.16,object_red_01,RED,-0.250635533,0.210638903,0.0119470887,-5.62786783e-18,-5.70318398e-18,-2.19600967e-16,-5.5729722e-16,6.99614347e-16,7.47814025e-18,0,0,0,-0.203262711,-0.108550568,-0.0615127651,
194.2,object_red_01,RED,-0.250635533,0.210638903,0.0119470887,-5.11032178e-18,5.24195661e-18,-2.19600967e-16,-2.74546973e-16,-3.5592767e-16,1.00152812e-17,0,0,0,-0.203262712,-0.108550566,-0.0630828019,
194.24,object_red_01,RED,-0.250635533,0.210638903,0.0119470887,4.19156654e-18,-3.72884164e-18,-2.26738572e-16,8.9415405e-16,-6.98801616e-16,1.29793489e-17,0,0,0,-0.203262713,-0.108550565,-0.0651546535,
194.28,object_red_01,RED,-0.250635533,0.210638903,0.0119470887,-8.17900393e-18,-1.06618046e-18,-2.19600967e-16,8.85357375e-16,-1.00152601e-15,8.96607536e-18,0,0,0,-0.203262713,-0.108550565,-0.0676609244,
194.32,object_red_01,RED,-0.250635533,0.210638903,0.0119470887,-8.98059041e-18,-3.52495986e-18,-2.26738572e-16,3.86460272e-16,-8.94979235e-16,1.15687408e-17,0,0,0,-0.203262713,-0.108550565,-0.0704749068,
194.36,object_red_01,RED,-0.250635533,0.210638903,0.0119470887,-1.14246871e-18,8.08410345e-18,-2.30307375e-16,-4.68073809e-16,6.46426866e-16,6.32230445e-18,0,0,0,-0.203262713,-0.108550565,-0.0734566971,
194.4,object_red_01,RED,-0.250635533,0.210638903,0.0119470887,-4.50303289e-18,4.05700269e-18,-2.19600967e-16,1.03710025e-16,-7.8736724e-16,1.25005739e-18,0,0,0,-0.203262713,-0.108550565,-0.0764449374,
194.44,object_red_01,RED,-0.250635533,0.210638903,0.0119470887,-7.61876469e-18,7.99348933e-18,-2.16032165e-16,-6.84220664e-16,-3.48971817e-16,3.31468945e-18,0,0,0,-0.203262713,-0.108550565,-0.0792820333,
194.48,object_red_01,RED,-0.250635533,0.210638903,0.0119470887,-2.52607667e-18,1.20693823e-17,-2.19600967e-16,-1.61666815e-15,-1.91667448e-16,1.1276119e-17,0,0,0,-0.203262713,-0.108550565,-0.0818184619,
194.52,object_red_01,RED,-0.250635533,0.210638903,0.0119470887,-2.53478957e-18,8.64521399e-18,-2.12463363e-16,-2.73290305e-16,-2.32980401e-16,6.0907303e-18,0,0,0,-0.203262713,-0.108550565,-0.0839350508,
194.56,object_red_01,RED,-0.250635533,0.210638903,0.0119470887,-7.20838726e-18,7.20758607e-18,-2.12463363e-16,-6.56573974e-16,-6.24844754e-16,7.99501049e-18,0,0,0,-0.203262713,-0.108550565,-0.0855510475,
194.6,object_red_01,RED,-0.250635533,0.210638903,0.0119470887,-5.46319409e-18,4.81676726e-18,-2.2316977e-16,3.50016907e-16,-1.03059627e-15,8.52490423e-18,0,0,0,-0.203262713,-0.108550565,-0.0866317405,
194.64,object_red_01,RED,-0.250635533,0.210638903,0.0119470887,-2.75174069e-18,9.6210584e-18,-2.19600967e-16,-7.53337392e-16,2.36448825e-16,9.98964123e-18,0,0,0,-0.203262713,-0.108550565,-0.0872157226,
194.68,object_red_01,RED,-0.250635533,0.210638903,0.0119470887,-4.96133125e-18,7.73558759e-18,-2.19600967e-16,-1.09766436e-15,1.99941645e-16,7.05446945e-18,0,0,0,-0.203262713,-0.108550565,-0.0874142331,
194.72,object_red_01,RED,-0.250635533,0.210638903,0.0119470887,-5.14604466e-18,8.94842279e-18,-2.19600967e-16,-1.0298043e-15,-2.62394281e-16,3.8808048e-18,0,0,0,-0.203262713,-0.108550565,-0.0874284139,
194.76,object_red_01,RED,-0.250635533,0.210638903,0.0119470887,-2.17581824e-18,1.10917953e-17,-2.26738572e-16,-1.02729096e-15,3.98338068e-16,6.9852821e-18,0,0,0,-0.203262713,-0.108550565,-0.0874284045,
