simulation_time_s,body_name,ground_truth_color,x_m,y_m,z_m,vx_m_s,vy_m_s,vz_m_s,wx_rad_s,wy_rad_s,wz_rad_s,touch_left_N,touch_right_N,bilateral_finger_contact,wrist_relative_x_m,wrist_relative_y_m,wrist_relative_z_m,slip_from_first_bilateral_contact_m
0,object_red_01,RED,0,-0.25,0.008,0,0,0,0,0,0,0,0,0,-0.445074006,-0.0143106513,-0.092,
0.04,object_red_01,RED,0,-0.25,0.0078649486,0,0,0.00199105093,0,0,0,0,0,0,-0.445074006,-0.0143106513,-0.091651426,
0.08,object_red_01,RED,0,-0.25,0.00792305256,0,0,0.000842489064,0,0,0,0,0,0,-0.445074006,-0.0143106513,-0.0914022479,
0.12,object_red_01,RED,0,-0.25,0.00794109802,0,0,0.000217432202,0,0,0,0,0,0,-0.445074006,-0.0143106513,-0.0910599429,
0.16,object_red_01,RED,0,-0.25,0.00794559181,0,0,5.26718427e-05,0,0,0,0,0,0,-0.445074006,-0.0143106513,-0.0902982311,
0.2,object_red_01,RED,0,-0.25,0.00794667412,0,0,1.26284259e-05,0,0,0,0,0,0,-0.445074006,-0.0143106513,-0.0890204493,
0.24,object_red_01,RED,0,-0.25,0.00794693338,0,0,3.02287131e-06,0,0,0,0,0,0,-0.445074006,-0.0143106513,-0.0872156415,
0.28,object_red_01,RED,0,-0.25,0.00794699543,0,0,7.23431101e-07,0,0,0,0,0,0,-0.445074006,-0.0143106513,-0.0849338475,
0.32,object_red_01,RED,0,-0.25,0.00794701028,0,0,1.73128143e-07,0,0,0,0,0,0,-0.445074006,-0.0143106513,-0.0822720285,
0.36,object_red_01,RED,0,-0.25,0.00794701383,0,0,4.14323528e-08,0,0,0,0,0,0,-0.445074006,-0.0143106513,-0.0793619801,
0.4,object_red_01,RED,0,-0.25,0.00794701468,0,0,9.91545163e-09,0,0,0,0,0,0,-0.445074006,-0.0143106513,-0.0763574681,
0.44,object_red_01,RED,0,-0.25,0.00794701489,0,0,2.37293463e-09,0,0,0,0,0,0,-0.445074006,-0.0143106513,-0.0734192831,
0.48,object_red_01,RED,0,-0.25,0.00794701493,0,0,5.67883332e-10,0,0,0,0,0,0,-0.445074006,-0.0143106513,-0.070701489,
0.52,object_red_01,RED,0,-0.25,0.00794701495,0,0,1.92911365e-10,0,0,0,0,0,0,-0.445074006,-0.0143106513,-0.0683434877,
0.56,object_red_01,RED,0,-0.25,0.00794701495,0,0,2.4572964e-11,0,0,0,0,0,0,-0.445074006,-0.0143106513,-0.0664490349,
0.6,object_red_01,RED,0,-0.25,0.00794701495,0,0,4.17251459e-11,0,0,0,0,0,0,-0.445074006,-0.0143106513,-0.0650760125,
0.64,object_red_01,RED,0,-0.25,0.00794701495,0,0,6.26703118e-12,0,0,0,0,0,0,-0.445074006,-0.0143106513,-0.0642303678,
0.68,object_red_01,RED,0,-0.25,0.00794701495,0,0,-1.06856975e-11,0,0,0,0,0,0,-0.445074006,-0.0143106513,-0.0638410694,
0.72,object_red_01,RED,0,-0.25,0.00794701495,0,0,-1.94071332e-11,0,0,0,0,0,0,-0.445074006,-0.0143106513,-0.063756159,
0.76,object_red_01,RED,0,-0.25,0.00794701495,0,0,1.23797188e-11,0,0,0,0,0,0,-0.445074239,-0.0143033546,-0.063756334,
0.8,object_red_01,RED,0,-0.25,0.00794701495,0,0,-6.45775151e-12,0,0,0,0,0,0,-0.445078549,-0.0141677592,-0.0637563148,
0.84,object_red_01,RED,0,-0.25,0.00794701495,0,0,-1.81453688e-11,0,0,0,0,0,0,-0.445096533,-0.0135878448,-0.0637563141,
0.88,object_red_01,RED,0,-0.25,0.00794701495,0,0,2.02660798e-11,0,0,0,0,0,0,-0.445137183,-0.0121774097,-0.0637563141,
0.92,object_red_01,RED,0,-0.25,0.00794701495,0,0,-3.64393282e-12,0,0,0,0,0,0,-0.445200575,-0.00957428161,-0.0637563141,
0.96,object_red_01,RED,0,-0.25,0.00794701495,0,0,-1.57940884e-11,0,0,0,0,0,0,-0.44526965,-0.00547576084,-0.0637563141,
1,object_red_01,RED,0,-0.25,0.00794701495,0,0,3.13698803e-11,0,0,0,0,0,0,-0.445303025,0.000350452785,-0.0637563141,
1.04,object_red_01,RED,0,-0.25,0.00794701495,0,0,3.42728157e-12,0,0,0,0,0,0,-0.445230021,0.00806480462,-0.0637563141,
1.08,object_red_01,RED,0,-0.25,0.00794701495,0,0,-1.14185225e-11,0,0,0,0,0,0,-0.444948795,0.0177574994,-0.0637563141,
1.12,object_red_01,RED,0,-0.25,0.00794701495,0,0,-2.05950876e-11,0,0,0,0,0,0,-0.444327981,0.0294513808,-0.0637563141,
1.16,object_red_01,RED,0,-0.25,0.00794701495,0,0,9.78165561e-12,0,0,0,0,0,0,-0.443211986,0.0431031638,-0.0637563141,
1.2,object_red_01,RED,0,-0.25,0.00794701495,0,0,-9.57616392e-12,0,0,0,0,0,0,-0.441429355,0.0586080414,-0.0637563141,
1.24,object_red_01,RED,0,-0.25,0.00794701495,0,0,-1.88627053e-11,0,0,0,0,0,0,-0.438804167,0.0758006167,-0.0637563141,
1.28,object_red_01,RED,0,-0.25,0.00794701495,0,0,1.90601886e-11,0,0,0,0,0,0,-0.435168867,0.0944614085,-0.0637563141,
1.32,object_red_01,RED,0,-0.25,0.00794701495,0,0,-3.69349278e-12,0,0,0,0,0,0,-0.430377931,0.114323327,-0.0637563141,
1.36,object_red_01,RED,0,-0.25,0.00794701495,0,0,-1.5254357e-11,0,0,0,0,0,0,-0.424321448,0.135079222,-0.0637563141,
1.4,object_red_01,RED,0,-0.25,0.00794701495,0,0,2.92001448e-11,0,0,0,0,0,0,-0.416936865,0.156393255,-0.0637563141,
1.44,object_red_01,RED,0,-0.25,0.00794701495,0,0,1.26235681e-12,0,0,0,0,0,0,-0.408217559,0.177914995,-0.0637563141,
1.48,object_red_01,RED,0,-0.25,0.00794701495,0,0,-1.18639697e-11,0,0,0,0,0,0,-0.398218952,0.199291532,-0.0637563141,
1.52,object_red_01,RED,0,-0.25,0.00794701495,0,0,-2.01593226e-11,0,0,0,0,0,0,-0.387059203,0.220183455,-0.0637563141,
1.56,object_red_01,RED,0,-0.25,0.00794701495,0,0,9.28430016e-12,0,0,0,0,0,0,-0.374916898,0.240276994,-0.0637563141,
1.6,object_red_01,RED,0,-0.25,0.00794701495,0,0,-9.25144572e-12,0,0,0,0,0,0,-0.362022533,0.259298154,-0.0637563141,
1.64,object_red_01,RED,0,-0.25,0.00794701495,0,0,-1.81436915e-11,0,0,0,0,0,0,-0.348649345,0.27701915,-0.0637563141,
1.68,object_red_01,RED,0,-0.25,0.00794701495,0,0,1.73293372e-11,0,0,0,0,0,0,-0.335098059,0.293266755,-0.0637563141,
1.72,object_red_01,RED,0,-0.25,0.00794701495,0,0,-5.59693852e-12,0,0,0,0,0,0,-0.321683991,0.307921457,-0.0637563141,
1.76,object_red_01,RED,0,-0.25,0.00794701495,0,0,-1.5533134e-11,0,0,0,0,0,0,-0.308717752,0.320920031,-0.0637563141,
1.8,object_red_01,RED,0,-0.25,0.00794701495,0,0,2.78155244e-11,0,0,0,0,0,0,-0.296493922,0.332246537,-0.0637563141,
1.84,object_red_01,RED,0,-0.25,0.00794701495,0,0,1.09761732e-12,0,0,0,0,0,0,-0.285273326,0.341929248,-0.0637563141,
1.88,object_red_01,RED,0,-0.25,0.00794701495,0,0,-1.37503922e-11,0,0,0,0,0,0,-0.275272862,0.350030554,-0.0637563141,
1.92,object_red_01,RED,0,-0.25,0.00794701495,0,0,3.74914292e-11,0,0,0,0,0,0,-0.26665382,0.356640313,-0.0637563141,
1.96,object_red_01,RED,0,-0.25,0.00794701495,0,0,7.60507513e-12,0,0,0,0,0,0,-0.25951381,0.36186899,-0.0637563141,
2,object_red_01,RED,0,-0.25,0.00794701495,0,0,-1.10717063e-11,0,0,0,0,0,0,-0.253880621,0.365843135,-0.0637563141,
2.04,object_red_01,RED,0,-0.25,0.00794701495,0,0,-1.83466136e-11,0,0,0,0,0,0,-0.249707566,0.368704025,-0.0637563141,
2.08,object_red_01,RED,0,-0.25,0.00794701495,0,0,1.63798502e-11,0,0,0,0,0,0,-0.24687037,0.370609597,-0.0637563141,
2.12,object_red_01,RED,0,-0.25,0.00794701495,0,0,-5.50127321e-12,0,0,0,0,0,0,-0.245165726,0.371739307,-0.0637563141,
2.16,object_red_01,RED,0,-0.25,0.00794701495,0,0,-1.72446888e-11,0,0,0,0,0,0,-0.244310594,0.372301674,-0.0637563141,
2.2,object_red_01,RED,0,-0.25,0.00794701495,0,0,2.39258331e-11,0,0,0,0,0,0,-0.243956763,0.372533385,-0.0637563141,
2.24,object_red_01,RED,0,-0.25,0.00794701495,0,0,-2.91153585e-13,0,0,0,0,0,0,-0.243821174,0.37262192,-0.0637563141,
2.28,object_red_01,RED,0,-0.25,0.00794701495,0,0,-1.53744115e-11,0,0,0,0,0,0,-0.243769874,0.37265539,-0.0637563141,
2.32,object_red_01,RED,0,-0.25,0.00794701495,0,0,3.54665228e-11,0,0,0,0,0,0,-0.243750502,0.372668176,-0.0637563141,
2.36,object_red_01,RED,0,-0.25,0.00794701495,0,0,7.02742521e-12,0,0,0,0,0,0,-0.243743182,0.372673321,-0.0637563141,
2.4,object_red_01,RED,0,-0.25,0.00794701495,0,0,-1.07607851e-11,0,0,0,0,0,0,-0.243740409,0.372675757,-0.0637563141,
2.44,object_red_01,RED,0,-0.25,0.00794701495,0,0,-1.98971119e-11,0,0,0,0,0,0,-0.24373935,0.372677368,-0.0637563141,
2.48,object_red_01,RED,0,-0.25,0.00794701495,0,0,1.27915871e-11,0,0,0,0,0,0,-0.243738938,0.372678897,-0.0637563141,
2.52,object_red_01,RED,0,-0.25,0.00794701495,0,0,-6.64160193e-12,0,0,0,0,0,0,-0.243738766,0.372680664,-0.0637563141,
2.56,object_red_01,RED,0,-0.25,0.00794701495,0,0,-1.86959744e-11,0,0,0,0,0,0,-0.24373868,0.372682831,-0.0637563141,
2.6,object_red_01,RED,0,-0.25,0.00794701495,0,0,2.23909661e-11,0,0,0,0,0,0,-0.243738619,0.372685496,-0.0637563141,
2.64,object_red_01,RED,0,-0.25,0.00794701495,0,0,-5.62382568e-13,0,0,0,0,0,0,-0.24373856,0.372688731,-0.0637563141,
2.68,object_red_01,RED,0,-0.25,0.00794701495,0,0,-1.48925589e-11,0,0,0,0,0,0,-0.243738493,0.372692597,-0.0637563141,
2.72,object_red_01,RED,0,-0.25,0.00794701495,0,0,3.26985454e-11,0,0,0,0,0,0,-0.243738416,0.37269715,-0.0637563141,
2.76,object_red_01,RED,0,-0.25,0.00794701495,0,0,3.71480928e-12,0,0,0,0,0,0,-0.243738325,0.372702444,-0.0637563141,
2.8,object_red_01,RED,0,-0.25,0.00794701495,0,0,-1.16899834e-11,0,0,0,0,0,0,-0.24373822,0.372708532,-0.0637563141,
2.84,object_red_01,RED,0,-0.25,0.00794701495,0,0,-2.11958669e-11,0,0,0,0,0,0,-0.2437381,0.372715467,-0.0637563141,
2.88,object_red_01,RED,0,-0.25,0.00794701495,0,0,1.16659226e-11,0,0,0,0,0,0,-0.243737964,0.372723299,-0.0637563141,
2.92,object_red_01,RED,0,-0.25,0.00794701495,0,0,-6.6637642e-12,0,0,0,0,0,0,-0.243737812,0.37273208,-0.0637563141,
2.96,object_red_01,RED,0,-0.25,0.00794701495,0,0,-1.80819227e-11,0,0,0,0,0,0,-0.243737642,0.37274186,-0.0637563141,
3,object_red_01,RED,0,-0.25,0.00794701495,0,0,2.0034725e-11,0,0,0,0,0,0,-0.243737454,0.372752689,-0.0637563141,
3.04,object_red_01,RED,0,-0.25,0.00794701495,0,0,-3.6244079e-12,0,0,0,0,0,0,-0.243737248,0.372764616,-0.0637563141,
3.08,object_red_01,RED,0,-0.25,0.00794701495,0,0,-1.56458011e-11,0,0,0,0,0,0,-0.243737021,0.372777689,-0.0637563141,
3.12,object_red_01,RED,0,-0.25,0.00794701495,0,0,3.10622031e-11,0,0,0,0,0,0,-0.243736774,0.372791955,-0.0637563141,
3.16,object_red_01,RED,0,-0.25,0.00794701495,0,0,3.39394182e-12,0,0,0,0,0,0,-0.243736506,0.372807463,-0.0637563141,
3.2,object_red_01,RED,0,-0.25,0.00794701495,0,0,-1.13074935e-11,0,0,0,0,0,0,-0.243736216,0.372824258,-0.0637563141,
3.24,object_red_01,RED,0,-0.25,0.00794701495,0,0,-2.03943282e-11,0,0,0,0,0,0,-0.243735903,0.372842385,-0.0637563141,
3.28,object_red_01,RED,0,-0.25,0.00794701495,0,0,9.68666479e-12,0,0,0,0,0,0,-0.243735567,0.37286189,-0.0637563141,
3.32,object_red_01,RED,0,-0.25,0.00794701495,0,0,-9.48260419e-12,0,0,0,0,0,0,-0.243735207,0.372882817,-0.0637563141,
3.36,object_red_01,RED,0,-0.25,0.00794701495,0,0,-1.86788084e-11,0,0,0,0,0,0,-0.243734822,0.37290521,-0.0637563141,
3.4,object_red_01,RED,0,-0.25,0.00794701495,0,0,1.88733439e-11,0,0,0,0,0,0,-0.243734411,0.372929111,-0.0637563141,
3.44,object_red_01,RED,0,-0.25,0.00794701495,0,0,-3.65725159e-12,0,0,0,0,0,0,-0.243733973,0.372954564,-0.0637563141,
3.48,object_red_01,RED,0,-0.25,0.00794701495,0,0,-1.51054986e-11,0,0,0,0,0,0,-0.243733509,0.372981608,-0.0637563141,
3.52,object_red_01,RED,0,-0.25,0.00794701495,0,0,2.89130203e-11,0,0,0,0,0,0,-0.243733016,0.373010287,-0.0637563141,
3.56,object_red_01,RED,0,-0.25,0.00794701495,0,0,1.24945202e-12,0,0,0,0,0,0,-0.243732495,0.373040638,-0.0637563141,
3.6,object_red_01,RED,0,-0.25,0.00794701495,0,0,-1.41190674e-11,0,0,0,0,0,0,-0.243731944,0.373072703,-0.0637563141,
3.64,object_red_01,RED,0,-0.25,0.00794701495,0,0,-2.0950783e-11,0,0,0,0,0,0,-0.243731362,0.37310652,-0.0637563141,
3.68,object_red_01,RED,0,-0.25,0.00794701495,0,0,8.89115375e-12,0,0,0,0,0,0,-0.24373075,0.373142126,-0.0637563141,
3.72,object_red_01,RED,0,-0.25,0.00794701495,0,0,-9.29648758e-12,0,0,0,0,0,0,-0.243730105,0.373179561,-0.0637563141,
3.76,object_red_01,RED,0,-0.25,0.00794701495,0,0,-1.80222487e-11,0,0,0,0,0,0,-0.243729428,0.373218859,-0.0637563141,
3.8,object_red_01,RED,0,-0.25,0.00794701495,0,0,1.71410008e-11,0,0,0,0,0,0,-0.243728716,0.373260058,-0.0637563141,
3.84,object_red_01,RED,0,-0.25,0.00794701495,0,0,-5.54985531e-12,0,0,0,0,0,0,-0.243727971,0.373303192,-0.0637563141,
3.88,object_red_01,RED,0,-0.25,0.00794701495,0,0,-1.77199034e-11,0,0,0,0,0,0,-0.24372719,0.373348296,-0.0637563141,
3.92,object_red_01,RED,0,-0.25,0.00794701495,0,0,2.68948483e-11,0,0,0,0,0,0,-0.243726373,0.373395405,-0.0637563141,
3.96,object_red_01,RED,0,-0.25,0.00794701495,0,0,7.76735592e-13,0,0,0,0,0,0,-0.243725519,0.373444551,-0.0637563141,
4,object_red_01,RED,0,-0.25,0.00794701495,0,0,-1.37488291e-11,0,0,0,0,0,0,-0.243724628,0.373495766,-0.0637563141,
4.04,object_red_01,RED,0,-0.25,0.00794701495,0,0,3.70838934e-11,0,0,0,0,0,0,-0.243723698,0.373549083,-0.0637563141,
4.08,object_red_01,RED,0,-0.25,0.00794701495,0,0,7.5123291e-12,0,0,0,0,0,0,-0.243722728,0.373604532,-0.0637563141,
4.12,object_red_01,RED,0,-0.25,0.00794701495,0,0,-1.09690461e-11,0,0,0,0,0,0,-0.243721718,0.373662145,-0.0637563141,
4.16,object_red_01,RED,0,-0.25,0.00794701495,0,0,-2.04546909e-11,0,0,0,0,0,0,-0.243720668,0.373721949,-0.0637563141,
4.2,object_red_01,RED,0,-0.25,0.00794701495,0,0,1.5540343e-11,0,0,0,0,0,0,-0.243719575,0.373783975,-0.0637563141,
4.24,object_red_01,RED,0,-0.25,0.00794701495,0,0,-5.75838044e-12,0,0,0,0,0,0,-0.24371844,0.37384825,-0.0637563141,
4.28,object_red_01,RED,0,-0.25,0.00794701495,0,0,-1.72063705e-11,0,0,0,0,0,0,-0.243717261,0.373914802,-0.0637563141,
4.32,object_red_01,RED,0,-0.25,0.00794701495,0,0,2.36502323e-11,0,0,0,0,0,0,-0.243716038,0.373983657,-0.0637563141,
4.36,object_red_01,RED,0,-0.25,0.00794701495,0,0,-3.05368125e-13,0,0,0,0,0,0,-0.24371477,0.374054841,-0.0637563141,
4.4,object_red_01,RED,0,-0.25,0.00794701495,0,0,-1.52298464e-11,0,0,0,0,0,0,-0.243713456,0.37412838,-0.0637563141,
4.44,object_red_01,RED,0,-0.25,0.00794701495,0,0,3.37311356e-11,0,0,0,0,0,0,-0.243712096,0.374204298,-0.0637563141,
4.48,object_red_01,RED,0,-0.25,0.00794701495,0,0,6.25874799e-12,0,0,0,0,0,0,-0.243710689,0.374282618,-0.0637563141,
4.52,object_red_01,RED,0,-0.25,0.00794701495,0,0,-1.09645958e-11,0,0,0,0,0,0,-0.243709234,0.374363363,-0.0637563141,
4.56,object_red_01,RED,0,-0.25,0.00794701495,0,0,-1.98289978e-11,0,0,0,0,0,0,-0.243707731,0.374446557,-0.0637563141,
4.6,object_red_01,RED,0,-0.25,0.00794701495,0,0,1.26237856e-11,0,0,0,0,0,0,-0.243706178,0.374532219,-0.0637563141,
4.64,object_red_01,RED,0,-0.25,0.00794701495,0,0,-6.59358013e-12,0,0,0,0,0,0,-0.243704577,0.374620371,-0.0637563141,
4.68,object_red_01,RED,0,-0.25,0.00794701495,0,0,-1.85160068e-11,0,0,0,0,0,0,-0.243702925,0.374711033,-0.0637563141,
4.72,object_red_01,RED,0,-0.25,0.00794701495,0,0,2.21657925e-11,0,0,0,0,0,0,-0.243701223,0.374804223,-0.0637563141,
4.76,object_red_01,RED,0,-0.25,0.00794701495,0,0,-5.58039335e-13,0,0,0,0,0,0,-0.24369947,0.374899961,-0.0637563141,
4.8,object_red_01,RED,0,-0.25,0.00794701495,0,0,-1.4744243e-11,0,0,0,0,0,0,-0.243697666,0.374998264,-0.0637563141,
4.84,object_red_01,RED,0,-0.25,0.00794701495,0,0,3.23701014e-11,0,0,0,0,0,0,-0.24369581,0.375099148,-0.0637563141,
4.88,object_red_01,RED,0,-0.25,0.00794701495,0,0,3.67655528e-12,0,0,0,0,0,0,-0.243693903,0.375202631,-0.0637563141,
4.92,object_red_01,RED,0,-0.25,0.00794701495,0,0,-1.15724663e-11,0,0,0,0,0,0,-0.243691945,0.375308727,-0.0637563141,
4.96,object_red_01,RED,0,-0.25,0.00794701495,0,0,-2.098302e-11,0,0,0,0,0,0,-0.243689935,0.375417451,-0.0637563141,
5,object_red_01,RED,0,-0.25,0.00794701495,0,0,1.15485054e-11,0,0,0,0,0,0,-0.243687873,0.375528817,-0.0637563141,
5.04,object_red_01,RED,0,-0.25,0.00794701495,0,0,-6.59696692e-12,0,0,0,0,0,0,-0.243685761,0.375642838,-0.0637563141,
5.08,object_red_01,RED,0,-0.25,0.00794701495,0,0,-1.78998674e-11,0,0,0,0,0,0,-0.243683597,0.375759527,-0.0637563141,
5.12,object_red_01,RED,0,-0.25,0.00794701495,0,0,1.98344438e-11,0,0,0,0,0,0,-0.243681383,0.375878894,-0.0637563141,
5.16,object_red_01,RED,0,-0.25,0.00794701495,0,0,-3.58729592e-12,0,0,0,0,0,0,-0.243679119,0.376000951,-0.0637563141,
5.2,object_red_01,RED,0,-0.25,0.00794701495,0,0,-1.54886595e-11,0,0,0,0,0,0,-0.243676807,0.376125708,-0.0637563141,
5.24,object_red_01,RED,0,-0.25,0.00794701495,0,0,2.98185005e-11,0,0,0,0,0,0,-0.243674446,0.376253174,-0.0637563141,
5.28,object_red_01,RED,0,-0.25,0.00794701495,0,0,2.89874551e-12,0,0,0,0,0,0,-0.243672038,0.376383358,-0.0637563141,
5.32,object_red_01,RED,0,-0.25,0.00794701495,0,0,-1.1397438e-11,0,0,0,0,0,0,-0.243669584,0.376516267,-0.0637563141,
5.36,object_red_01,RED,0,-0.25,0.00794701495,0,0,-2.02759689e-11,0,0,0,0,0,0,-0.243667086,0.376651909,-0.0637563141,
5.4,object_red_01,RED,0,-0.25,0.00794701495,0,0,9.56304148e-12,0,0,0,0,0,0,-0.243664545,0.376790289,-0.0637563141,
5.44,object_red_01,RED,0,-0.25,0.00794701495,0,0,-9.40015415e-12,0,0,0,0,0,0,-0.243661962,0.376931414,-0.0637563141,
5.48,object_red_01,RED,0,-0.25,0.00794701495,0,0,-1.84970029e-11,0,0,0,0,0,0,-0.243659341,0.377075288,-0.0637563141,
5.52,object_red_01,RED,0,-0.25,0.00794701495,0,0,1.76884694e-11,0,0,0,0,0,0,-0.243656683,0.377221914,-0.0637563141,
5.56,object_red_01,RED,0,-0.25,0.00794701495,0,0,-4.08798463e-12,0,0,0,0,0,0,-0.243653991,0.377371297,-0.0637563141,
5.6,object_red_01,RED,0,-0.25,0.00794701495,0,0,-1.51552014e-11,0,0,0,0,0,0,-0.243651295,0.377523431,-0.0637563141,
5.64,object_red_01,RED,0,-0.25,0.00794701495,0,0,2.85707472e-11,0,0,0,0,0,0,-0.243652414,0.377677311,-0.0637563141,
5.68,object_red_01,RED,0,-0.25,0.00794701495,0,0,1.21082687e-12,0,0,0,0,0,0,-0.243667035,0.37783044,-0.0637563141,
5.72,object_red_01,RED,0,-0.25,0.00794701495,0,0,-1.39903657e-11,0,0,0,0,0,0,-0.243700206,0.37798171,-0.0637563141,
5.76,object_red_01,RED,0,-0.25,0.00794701495,0,0,3.82626296e-11,0,0,0,0,0,0,-0.243753355,0.378130859,-0.0637563141,
5.8,object_red_01,RED,0,-0.25,0.00794701495,0,0,7.76366201e-12,0,0,0,0,0,0,-0.243826233,0.37827787,-0.0637563141,
5.84,object_red_01,RED,0,-0.25,0.00794701495,0,0,-9.67228961e-12,0,0,0,0,0,0,-0.243917719,0.37842285,-0.0637563141,
5.88,object_red_01,RED,0,-0.25,0.00794701495,0,0,-1.80385582e-11,0,0,0,0,0,0,-0.244026134,0.378566056,-0.0637563141,
5.92,object_red_01,RED,0,-0.25,0.00794701495,0,0,1.69132755e-11,0,0,0,0,0,0,-0.244149366,0.378707907,-0.0637563141,
5.96,object_red_01,RED,0,-0.25,0.00794701495,0,0,-5.52064467e-12,0,0,0,0,0,0,-0.244284921,0.378848972,-0.0637563141,
6,object_red_01,RED,0,-0.25,0.00794701495,0,0,-1.75552674e-11,0,0,0,0,0,0,-0.244429943,0.378989949,-0.0637563141,
6.04,object_red_01,RED,0,-0.25,0.00794701495,0,0,2.44252121e-11,0,0,0,0,0,0,-0.244581216,0.379131647,-0.0637563141,
6.08,object_red_01,RED,0,-0.25,0.00794701495,0,0,-2.91753143e-13,0,0,0,0,0,0,-0.244735154,0.379274983,-0.0637563141,
6.12,object_red_01,RED,0,-0.25,0.00794701495,0,0,-1.40776621e-11,0,0,0,0,0,0,-0.244887789,0.379420987,-0.0637563141,
6.16,object_red_01,RED,0,-0.25,0.00794701495,0,0,3.65970445e-11,0,0,0,0,0,0,-0.245034749,0.379570806,-0.0637563141,
6.2,object_red_01,RED,0,-0.25,0.00794701495,0,0,7.37716784e-12,0,0,0,0,0,0,-0.245171244,0.379725721,-0.0637563141,
6.24,object_red_01,RED,0,-0.25,0.00794701495,0,0,-1.0886721e-11,0,0,0,0,0,0,-0.245292041,0.379887149,-0.0637563141,
6.28,object_red_01,RED,0,-0.25,0.00794701495,0,0,-2.02633746e-11,0,0,0,0,0,0,-0.245391448,0.380056653,-0.0637563141,
6.32,object_red_01,RED,0,-0.25,0.00794701495,0,0,1.53811958e-11,0,0,0,0,0,0,-0.245463294,0.380235942,-0.0637563141,
6.36,object_red_01,RED,0,-0.25,0.00794701495,0,0,-5.70310683e-12,0,0,0,0,0,0,-0.245500907,0.380426879,-0.0637563141,
6.4,object_red_01,RED,0,-0.25,0.00794701495,0,0,-1.70351715e-11,0,0,0,0,0,0,-0.245497095,0.380631473,-0.0637563141,
6.44,object_red_01,RED,0,-0.25,0.00794701495,0,0,2.34143987e-11,0,0,0,0,0,0,-0.245444124,0.380851885,-0.0637563141,
6.48,object_red_01,RED,0,-0.25,0.00794701495,0,0,-3.02659404e-13,0,0,0,0,0,0,-0.245333701,0.381090416,-0.0637563141,
6.52,object_red_01,RED,0,-0.25,0.00794701495,0,0,-1.50772052e-11,0,0,0,0,0,0,-0.245156947,0.381349499,-0.0637563141,
6.56,object_red_01,RED,0,-0.25,0.00794701495,0,0,3.33939052e-11,0,0,0,0,0,0,-0.244904381,0.381631686,-0.0637563141,
6.6,object_red_01,RED,0,-0.25,0.00794701495,0,0,6.19646882e-12,0,0,0,0,0,0,-0.244565894,0.381939627,-0.0637563141,
6.64,object_red_01,RED,0,-0.25,0.00794701495,0,0,-1.0854591e-11,0,0,0,0,0,0,-0.244130752,0.382276031,-0.0637563141,
6.68,object_red_01,RED,0,-0.25,0.00794701495,0,0,-1.96306223e-11,0,0,0,0,0,0,-0.243592678,0.382637496,-0.0637563141,
6.72,object_red_01,RED,0,-0.25,0.00794701495,0,0,1.24976891e-11,0,0,0,0,0,0,-0.242963368,0.382990464,-0.0637563141,
6.76,object_red_01,RED,0,-0.25,0.00794701495,0,0,-6.52741096e-12,0,0,0,0,0,0,-0.2422612,0.383289408,-0.0637563141,
6.8,object_red_01,RED,0,-0.25,0.00794701495,0,0,-1.83312606e-11,0,0,0,0,0,0,-0.24150047,0.383505728,-0.0637563141,
6.84,object_red_01,RED,0,-0.25,0.00794701495,0,0,2.04717534e-11,0,0,0,0,0,0,-0.240688925,0.383632489,-0.0637563141,
6.88,object_red_01,RED,0,-0.25,0.00794701495,0,0,-1.25204293e-12,0,0,0,0,0,0,-0.239829922,0.383676711,-0.0637563141,
6.92,object_red_01,RED,0,-0.25,0.00794701495,0,0,-1.49009991e-11,0,0,0,0,0,0,-0.238925402,0.383650477,-0.0637563141,
6.96,object_red_01,RED,0,-0.25,0.00794701495,0,0,3.19671051e-11,0,0,0,0,0,0,-0.237977817,0.383565578,-0.0637563141,
7,object_red_01,RED,0,-0.25,0.00794701495,0,0,3.6006647e-12,0,0,0,0,0,0,-0.236990797,0.383431915,-0.0637563141,
7.04,object_red_01,RED,0,-0.25,0.00794701495,0,0,-1.1475013e-11,0,0,0,0,0,0,-0.235969055,0.383258051,-0.0637563141,
7.08,object_red_01,RED,0,-0.25,0.00794701495,0,0,-2.07806439e-11,0,0,0,0,0,0,-0.234918046,0.383052352,-0.0637563141,
7.12,object_red_01,RED,0,-0.25,0.00794701495,0,0,9.88826644e-12,0,0,0,0,0,0,-0.233843702,0.382823867,-0.0637563141,
7.16,object_red_01,RED,0,-0.25,0.00794701495,0,0,-7.23510805e-12,0,0,0,0,0,0,-0.232752326,0.38258273,-0.0637563141,
7.2,object_red_01,RED,0,-0.25,0.00794701495,0,0,-1.80186835e-11,0,0,0,0,0,0,-0.23165059,0.382340228,-0.0637563141,
7.24,object_red_01,RED,0,-0.25,0.00794701495,0,0,1.95473979e-11,0,0,0,0,0,0,-0.230545594,0.382108711,-0.0637563141,
7.28,object_red_01,RED,0,-0.25,0.00794701495,0,0,-3.59163559e-12,0,0,0,0,0,0,-0.229444915,0.381901509,-0.0637563141,
7.32,object_red_01,RED,0,-0.25,0.00794701495,0,0,-1.53489088e-11,0,0,0,0,0,0,-0.228356603,0.381732892,-0.0637563141,
7.36,object_red_01,RED,0,-0.25,0.00794701495,0,0,2.95091281e-11,0,0,0,0,0,0,-0.227280817,0.381616585,-0.0637563141,
7.4,object_red_01,RED,0,-0.25,0.00794701495,0,0,1.28213511e-12,0,0,0,0,0,0,-0.22620071,0.381549532,-0.0637563141,
7.44,object_red_01,RED,0,-0.25,0.00794701495,0,0,-1.19800664e-11,0,0,0,0,0,0,-0.225110526,0.381509097,-0.0637563141,
7.48,object_red_01,RED,0,-0.25,0.00794701495,0,0,-2.03600677e-11,0,0,0,0,0,0,-0.224011568,0.381474226,-0.0637563141,
7.52,object_red_01,RED,0,-0.25,0.00794701495,0,0,9.37651088e-12,0,0,0,0,0,0,-0.222904946,0.381434363,-0.0637563141,
7.56,object_red_01,RED,0,-0.25,0.00794701495,0,0,-9.34412395e-12,0,0,0,0,0,0,-0.221790162,0.381387536,-0.0637563141,
7.6,object_red_01,RED,0,-0.25,0.00794701495,0,0,-1.83244121e-11,0,0,0,0,0,0,-0.220665911,0.381335503,-0.0637563141,
7.64,object_red_01,RED,0,-0.25,0.00794701495,0,0,1.75022885e-11,0,0,0,0,0,0,-0.219530994,0.381280106,-0.0637563141,
7.68,object_red_01,RED,0,-0.25,0.00794701495,0,0,-5.65244054e-12,0,0,0,0,0,0,-0.218384731,0.381221769,-0.0637563141,
7.72,object_red_01,RED,0,-0.25,0.00794701495,0,0,-1.56882234e-11,0,0,0,0,0,0,-0.217226928,0.381159497,-0.0637563141,
7.76,object_red_01,RED,0,-0.25,0.00794701495,0,0,2.80882558e-11,0,0,0,0,0,0,-0.216057686,0.381091458,-0.0637563141,
7.8,object_red_01,RED,0,-0.25,0.00794701495,0,0,1.10704967e-12,0,0,0,0,0,0,-0.214877208,0.381015524,-0.0637563141,
7.84,object_red_01,RED,0,-0.25,0.00794701495,0,0,-1.38868989e-11,0,0,0,0,0,0,-0.213685697,0.380929573,-0.0637563141,
7.88,object_red_01,RED,0,-0.25,0.00794701495,0,0,3.78572993e-11,0,0,0,0,0,0,-0.212483331,0.38083155,-0.0637563141,
7.92,object_red_01,RED,0,-0.25,0.00794701495,0,0,7.67965954e-12,0,0,0,0,0,0,-0.211270215,0.380719462,-0.0637563141,
7.96,object_red_01,RED,0,-0.25,0.00794701495,0,0,-9.5750219e-12,0,0,0,0,0,0,-0.210045992,0.380591865,-0.0637563141,
8,object_red_01,RED,0,-0.25,0.00794701495,0,0,-1.78540939e-11,0,0,0,0,0,0,-0.208810368,0.380448466,-0.0637563141,
8.04,object_red_01,RED,0,-0.25,0.00794701495,0,0,1.6736784e-11,0,0,0,0,0,0,-0.20756333,0.380289975,-0.0637563141,
8.08,object_red_01,RED,0,-0.25,0.00794701495,0,0,-5.46426116e-12,0,0,0,0,0,0,-0.206304996,0.380117791,-0.0637563141,
8.12,object_red_01,RED,0,-0.25,0.00794701495,0,0,-1.73730764e-11,0,0,0,0,0,0,-0.205035565,0.379933679,-0.0637563141,
8.16,object_red_01,RED,0,-0.25,0.00794701495,0,0,2.41700855e-11,0,0,0,0,0,0,-0.203755293,0.379739565,-0.0637563141,
8.2,object_red_01,RED,0,-0.25,0.00794701495,0,0,-2.88580478e-13,0,0,0,0,0,0,-0.202464488,0.379537439,-0.0637563141,
8.24,object_red_01,RED,0,-0.25,0.00794701495,0,0,-1.39311342e-11,0,0,0,0,0,0,-0.201163486,0.379329346,-0.0637563141,
8.28,object_red_01,RED,0,-0.25,0.00794701495,0,0,3.62191226e-11,0,0,0,0,0,0,-0.199852633,0.379117404,-0.0637563141,
8.32,object_red_01,RED,0,-0.25,0.00794701495,0,0,7.30032082e-12,0,0,0,0,0,0,-0.198532267,0.37890384,-0.0637563141,
8.36,object_red_01,RED,0,-0.25,0.00794701495,0,0,-1.07745785e-11,0,0,0,0,0,0,-0.197202712,0.378691,-0.0637563141,
8.4,object_red_01,RED,0,-0.25,0.00794701495,0,0,-2.00524476e-11,0,0,0,0,0,0,-0.195864267,0.378481358,-0.0637563141,
8.44,object_red_01,RED,0,-0.25,0.00794701495,0,0,1.29263308e-11,0,0,0,0,0,0,-0.194516783,0.378277467,-0.0637563141,
8.48,object_red_01,RED,0,-0.25,0.00794701495,0,0,-6.70116525e-12,0,0,0,0,0,0,-0.193158917,0.37808076,-0.0637563141,
8.52,object_red_01,RED,0,-0.25,0.00794701495,0,0,-1.73093697e-11,0,0,0,0,0,0,-0.19179002,0.377890355,-0.0637563141,
8.56,object_red_01,RED,0,-0.25,0.00794701495,0,0,2.30454024e-11,0,0,0,0,0,0,-0.190410168,0.377704058,-0.0637563141,
8.6,object_red_01,RED,0,-0.25,0.00794701495,0,0,-3.60316975e-13,0,0,0,0,0,0,-0.189019653,0.377519225,-0.0637563141,
8.64,object_red_01,RED,0,-0.25,0.00794701495,0,0,-1.49462373e-11,0,0,0,0,0,0,-0.187618785,0.377333118,-0.0637563141,
8.68,object_red_01,RED,0,-0.25,0.00794701495,0,0,3.30380456e-11,0,0,0,0,0,0,-0.18620787,0.377142967,-0.0637563141,
8.72,object_red_01,RED,0,-0.25,0.00794701495,0,0,3.76147137e-12,0,0,0,0,0,0,-0.184787228,0.376945942,-0.0637563141,
8.76,object_red_01,RED,0,-0.25,0.00794701495,0,0,-1.17978041e-11,0,0,0,0,0,0,-0.183357216,0.376739111,-0.0637563141,
8.8,object_red_01,RED,0,-0.25,0.00794701495,0,0,-1.98680262e-11,0,0,0,0,0,0,-0.181918248,0.37651941,-0.0637563141,
8.84,object_red_01,RED,0,-0.25,0.00794701495,0,0,1.22363029e-11,0,0,0,0,0,0,-0.180470798,0.376283646,-0.0637563141,
8.88,object_red_01,RED,0,-0.25,0.00794701495,0,0,-6.51942398e-12,0,0,0,0,0,0,-0.179015372,0.376028509,-0.0637563141,
8.92,object_red_01,RED,0,-0.25,0.00794701495,0,0,-1.81663284e-11,0,0,0,0,0,0,-0.177551941,0.375751232,-0.0637563141,
8.96,object_red_01,RED,0,-0.25,0.00794701495,0,0,2.02520615e-11,0,0,0,0,0,0,-0.176080194,0.375451044,-0.0637563141,
9,object_red_01,RED,0,-0.25,0.00794701495,0,0,-3.64641313e-12,0,0,0,0,0,0,-0.174600027,0.375129174,-0.0637563141,
9.04,object_red_01,RED,0,-0.25,0.00794701495,0,0,-1.57900949e-11,0,0,0,0,0,0,-0.173111441,0.374788181,-0.0637563141,
9.08,object_red_01,RED,0,-0.25,0.00794701495,0,0,3.13622216e-11,0,0,0,0,0,0,-0.171614507,0.374431327,-0.0637563141,
9.12,object_red_01,RED,0,-0.25,0.00794701495,0,0,3.42734224e-12,0,0,0,0,0,0,-0.170109358,0.37406216,-0.0637563141,
9.16,object_red_01,RED,0,-0.25,0.00794701495,0,0,-1.14160993e-11,0,0,0,0,0,0,-0.168596176,0.373684305,-0.0637563141,
9.2,object_red_01,RED,0,-0.25,0.00794701495,0,0,-2.05900056e-11,0,0,0,0,0,0,-0.167075166,0.373301436,-0.0637563141,
9.24,object_red_01,RED,0,-0.25,0.00794701495,0,0,9.77856859e-12,0,0,0,0,0,0,-0.165546515,0.372917301,-0.0637563141,
9.28,object_red_01,RED,0,-0.25,0.00794701495,0,0,-9.57350516e-12,0,0,0,0,0,0,-0.164010371,0.372535769,-0.0637563141,
9.32,object_red_01,RED,0,-0.25,0.00794701495,0,0,-1.88575983e-11,0,0,0,0,0,0,-0.162466529,0.372160805,-0.0637563141,
9.36,object_red_01,RED,0,-0.25,0.00794701495,0,0,1.90550281e-11,0,0,0,0,0,0,-0.160913173,0.371795038,-0.0637563141,
9.4,object_red_01,RED,0,-0.25,0.00794701495,0,0,-3.69170837e-12,0,0,0,0,0,0,-0.159349214,0.371437593,-0.0637563141,
9.44,object_red_01,RED,0,-0.25,0.00794701495,0,0,-1.52509131e-11,0,0,0,0,0,0,-0.157774919,0.371085277,-0.0637563141,
9.48,object_red_01,RED,0,-0.25,0.00794701495,0,0,2.91915011e-11,0,0,0,0,0,0,-0.156191037,0.370734037,-0.0637563141,
9.52,object_red_01,RED,0,-0.25,0.00794701495,0,0,1.26153599e-12,0,0,0,0,0,0,-0.154598415,0.370379632,-0.0637563141,
9.56,object_red_01,RED,0,-0.25,0.00794701495,0,0,-1.18608434e-11,0,0,0,0,0,0,-0.152997915,0.370017811,-0.0637563141,
9.6,object_red_01,RED,0,-0.25,0.00794701495,0,0,-2.01532734e-11,0,0,0,0,0,0,-0.151390431,0.369644298,-0.0637563141,
9.64,object_red_01,RED,0,-0.25,0.00794701495,0,0,9.27883276e-12,0,0,0,0,0,0,-0.149776926,0.369254733,-0.0637563141,
9.68,object_red_01,RED,0,-0.25,0.00794701495,0,0,-9.24838369e-12,0,0,0,0,0,0,-0.148158458,0.368844626,-0.0637563141,
9.72,object_red_01,RED,0,-0.25,0.00794701495,0,0,-1.81362898e-11,0,0,0,0,0,0,-0.146536039,0.368409432,-0.0637563141,
9.76,object_red_01,RED,0,-0.25,0.00794701495,0,0,1.73215073e-11,0,0,0,0,0,0,-0.144909787,0.367945967,-0.0637563141,
9.8,object_red_01,RED,0,-0.25,0.00794701495,0,0,-5.59443679e-12,0,0,0,0,0,0,-0.143279434,0.367454233,-0.0637563141,
9.84,object_red_01,RED,0,-0.25,0.00794701495,0,0,-1.55264924e-11,0,0,0,0,0,0,-0.141644676,0.36693688,-0.0637563141,
9.88,object_red_01,RED,0,-0.25,0.00794701495,0,0,2.78009708e-11,0,0,0,0,0,0,-0.140005196,0.366398147,-0.0637563141,
9.92,object_red_01,RED,0,-0.25,0.00794701495,0,0,1.0963504e-12,0,0,0,0,0,0,-0.138360707,0.36584302,-0.0637563141,
9.96,object_red_01,RED,0,-0.25,0.00794701495,0,0,-1.3743997e-11,0,0,0,0,0,0,-0.136710963,0.365276721,-0.0637563141,
10,object_red_01,RED,0,-0.25,0.00794701495,0,0,3.74702876e-11,0,0,0,0,0,0,-0.135055736,0.36470451,-0.0637563141,
10.04,object_red_01,RED,0,-0.25,0.00794701495,0,0,7.59965056e-12,0,0,0,0,0,0,-0.133394777,0.364131669,-0.0637563141,
10.08,object_red_01,RED,0,-0.25,0.00794701495,0,0,-1.10660104e-11,0,0,0,0,0,0,-0.131727758,0.363563552,-0.0637563141,
10.12,object_red_01,RED,0,-0.25,0.00794701495,0,0,-1.83365246e-11,0,0,0,0,0,0,-0.13005323,0.363005091,-0.0637563141,
10.16,object_red_01,RED,0,-0.25,0.00794701495,0,0,1.63701502e-11,0,0,0,0,0,0,-0.128368825,0.362457635,-0.0637563141,
10.2,object_red_01,RED,0,-0.25,0.00794701495,0,0,-5.49847883e-12,0,0,0,0,0,0,-0.126674346,0.361918289,-0.0637563141,
10.24,object_red_01,RED,0,-0.25,0.00794701495,0,0,-1.72343821e-11,0,0,0,0,0,0,-0.124970922,0.361382126,-0.0637563141,
10.28,object_red_01,RED,0,-0.25,0.00794701495,0,0,2.39116542e-11,0,0,0,0,0,0,-0.123260082,0.360843601,-0.0637563141,
10.32,object_red_01,RED,0,-0.25,0.00794701495,0,0,-2.91467639e-13,0,0,0,0,0,0,-0.121543444,0.36029711,-0.0637563141,
10.36,object_red_01,RED,0,-0.25,0.00794701495,0,0,-1.53652147e-11,0,0,0,0,0,0,-0.119822675,0.359737098,-0.0637563141,
10.4,object_red_01,RED,0,-0.25,0.00794701495,0,0,3.54421015e-11,0,0,0,0,0,0,-0.118099518,0.359158003,-0.0637563141,
10.44,object_red_01,RED,0,-0.25,0.00794701495,0,0,7.02251097e-12,0,0,0,0,0,0,-0.116375835,0.358554187,-0.0637563141,
10.48,object_red_01,RED,0,-0.25,0.00794701495,0,0,-1.07536903e-11,0,0,0,0,0,0,-0.114653135,0.357920231,-0.0637563141,
10.52,object_red_01,RED,0,-0.25,0.00794701495,0,0,-1.98833042e-11,0,0,0,0,0,0,-0.112931597,0.35725346,-0.0637563141,
10.56,object_red_01,RED,0,-0.25,0.00794701495,0,0,1.27825902e-11,0,0,0,0,0,0,-0.111210738,0.356555321,-0.0637563141,
10.6,object_red_01,RED,0,-0.25,0.00794701495,0,0,-6.63651996e-12,0,0,0,0,0,0,-0.109489777,0.355830172,-0.0637563141,
10.64,object_red_01,RED,0,-0.25,0.00794701495,0,0,-1.86829268e-11,0,0,0,0,0,0,-0.10776783,0.355083942,-0.0637563141,
10.68,object_red_01,RED,0,-0.25,0.00794701495,0,0,2.23764911e-11,0,0,0,0,0,0,-0.106043998,0.354323189,-0.0637563141,
10.72,object_red_01,RED,0,-0.25,0.00794701495,0,0,-5.61825835e-13,0,0,0,0,0,0,-0.104317381,0.353554603,-0.0637563141,
10.76,object_red_01,RED,0,-0.25,0.00794701495,0,0,-1.48832729e-11,0,0,0,0,0,0,-0.102587056,0.352784845,-0.0637563141,
10.8,object_red_01,RED,0,-0.25,0.00794701495,0,0,3.26772325e-11,0,0,0,0,0,0,-0.100852,0.35202056,-0.0637563141,
10.84,object_red_01,RED,0,-0.25,0.00794701495,0,0,3.71202204e-12,0,0,0,0,0,0,-0.0991099309,0.351267564,-0.0637563141,
10.88,object_red_01,RED,0,-0.25,0.00794701495,0,0,-1.16828565e-11,0,0,0,0,0,0,-0.0973581727,0.350526978,-0.0637563141,
10.92,object_red_01,RED,0,-0.25,0.00794701495,0,0,-2.11812812e-11,0,0,0,0,0,0,-0.0955969717,0.349795032,-0.0637563141,
10.96,object_red_01,RED,0,-0.25,0.00794701495,0,0,1.16576644e-11,0,0,0,0,0,0,-0.0938282101,0.349065709,-0.0637563141,
11,object_red_01,RED,0,-0.25,0.00794701495,0,0,-6.65998127e-12,0,0,0,0,0,0,-0.0920542834,0.348332351,-0.0637563141,
11.04,object_red_01,RED,0,-0.25,0.00794701495,0,0,-1.80689001e-11,0,0,0,0,0,0,-0.0902777276,0.34758829,-0.0637563141,
11.08,object_red_01,RED,0,-0.25,0.00794701495,0,0,2.00199751e-11,0,0,0,0,0,0,-0.0885011548,0.346826972,-0.0637563141,
11.12,object_red_01,RED,0,-0.25,0.00794701495,0,0,-3.62094616e-12,0,0,0,0,0,0,-0.0867272849,0.346041895,-0.0637563141,
11.16,object_red_01,RED,0,-0.25,0.00794701495,0,0,-1.56341917e-11,0,0,0,0,0,0,-0.0849588143,0.345226592,-0.0637563141,
11.2,object_red_01,RED,0,-0.25,0.00794701495,0,0,3.10390987e-11,0,0,0,0,0,0,-0.0831969701,0.34437642,-0.0637563141,
11.24,object_red_01,RED,0,-0.25,0.00794701495,0,0,3.39109749e-12,0,0,0,0,0,0,-0.0814413541,0.343491529,-0.0637563141,
11.28,object_red_01,RED,0,-0.25,0.00794701495,0,0,-1.12989176e-11,0,0,0,0,0,0,-0.0796907517,0.342576109,-0.0637563141,
11.32,object_red_01,RED,0,-0.25,0.00794701495,0,0,-2.03801386e-11,0,0,0,0,0,0,-0.0779435979,0.341636691,-0.0637563141,
11.36,object_red_01,RED,0,-0.25,0.00794701495,0,0,9.67887767e-12,0,0,0,0,0,0,-0.0761982067,0.340680832,-0.0637563141,
11.4,object_red_01,RED,0,-0.25,0.00794701495,0,0,-9.47637663e-12,0,0,0,0,0,0,-0.0744528495,0.339716347,-0.0637563141,
11.44,object_red_01,RED,0,-0.25,0.00794701495,0,0,-1.86653755e-11,0,0,0,0,0,0,-0.0727057491,0.338751001,-0.0637563141,
11.48,object_red_01,RED,0,-0.25,0.00794701495,0,0,1.88594506e-11,0,0,0,0,0,0,-0.0709549912,0.337792445,-0.0637563141,
11.52,object_red_01,RED,0,-0.25,0.00794701495,0,0,-3.65464636e-12,0,0,0,0,0,0,-0.0691973028,0.336846856,-0.0637563141,
11.56,object_red_01,RED,0,-0.25,0.00794701495,0,0,-1.50940071e-11,0,0,0,0,0,0,-0.0674300549,0.335914621,-0.0637563141,
11.6,object_red_01,RED,0,-0.25,0.00794701495,0,0,2.88933384e-11,0,0,0,0,0,0,-0.0656542161,0.334991048,-0.0637563141,
11.64,object_red_01,RED,0,-0.25,0.00794701495,0,0,1.25009084e-12,0,0,0,0,0,0,-0.0638725511,0.334069258,-0.0637563141,
11.68,object_red_01,RED,0,-0.25,0.00794701495,0,0,-1.41093495e-11,0,0,0,0,0,0,-0.0620884021,0.333141817,-0.0637563141,
11.72,object_red_01,RED,0,-0.25,0.00794701495,0,0,-2.09366006e-11,0,0,0,0,0,0,-0.0603052861,0.332201371,-0.0637563141,
11.76,object_red_01,RED,0,-0.25,0.00794701495,0,0,8.88535088e-12,0,0,0,0,0,0,-0.0585268225,0.331240754,-0.0637563141,
11.8,object_red_01,RED,0,-0.25,0.00794701495,0,0,-9.29087742e-12,0,0,0,0,0,0,-0.0567567528,0.330252908,-0.0637563141,
11.84,object_red_01,RED,0,-0.25,0.00794701495,0,0,-1.80104003e-11,0,0,0,0,0,0,-0.0549981481,0.329231308,-0.0637563141,
11.88,object_red_01,RED,0,-0.25,0.00794701495,0,0,1.71300303e-11,0,0,0,0,0,0,-0.053251585,0.328173331,-0.0637563141,
11.92,object_red_01,RED,0,-0.25,0.00794701495,0,0,-5.54559773e-12,0,0,0,0,0,0,-0.0515158047,0.327081621,-0.0637563141,
11.96,object_red_01,RED,0,-0.25,0.00794701495,0,0,-1.77084511e-11,0,0,0,0,0,0,-0.0497886751,0.325962329,-0.0637563141,
12,object_red_01,RED,0,-0.25,0.00794701495,0,0,2.68776324e-11,0,0,0,0,0,0,-0.0480677172,0.324823376,-0.0637563141,
12.04,object_red_01,RED,0,-0.25,0.00794701495,0,0,7.759683e-13,0,0,0,0,0,0,-0.0463503194,0.32367328,-0.0637563141,
12.08,object_red_01,RED,0,-0.25,0.00794701495,0,0,-1.3740189e-11,0,0,0,0,0,0,-0.0446337942,0.322520573,-0.0637563141,
12.12,object_red_01,RED,0,-0.25,0.00794701495,0,0,3.70573344e-11,0,0,0,0,0,0,-0.0429153532,0.321373618,-0.0637563141,
12.16,object_red_01,RED,0,-0.25,0.00794701495,0,0,7.50677961e-12,0,0,0,0,0,0,-0.0411912961,0.320239714,-0.0637563141,
12.2,object_red_01,RED,0,-0.25,0.00794701495,0,0,-1.09614124e-11,0,0,0,0,0,0,-0.0394581108,0.319120593,-0.0637563141,
12.24,object_red_01,RED,0,-0.25,0.00794701495,0,0,-2.04406513e-11,0,0,0,0,0,0,-0.0377164977,0.318012056,-0.0637563141,
12.28,object_red_01,RED,0,-0.25,0.00794701495,0,0,1.55293011e-11,0,0,0,0,0,0,-0.0359697085,0.316907118,-0.0637563141,
12.32,object_red_01,RED,0,-0.25,0.00794701495,0,0,-5.7548616e-12,0,0,0,0,0,0,-0.0342218813,0.315798007,-0.0637563141,
12.36,object_red_01,RED,0,-0.25,0.00794701495,0,0,-1.71939475e-11,0,0,0,0,0,0,-0.032477432,0.314677009,-0.0637563141,
12.4,object_red_01,RED,0,-0.25,0.00794701495,0,0,2.36333519e-11,0,0,0,0,0,0,-0.0307409025,0.313536676,-0.0637563141,
12.44,object_red_01,RED,0,-0.25,0.00794701495,0,0,-3.04715034e-13,0,0,0,0,0,0,-0.0290169535,0.312369759,-0.0637563141,
12.48,object_red_01,RED,0,-0.25,0.00794701495,0,0,-1.52185119e-11,0,0,0,0,0,0,-0.0273094523,0.311169614,-0.0637563141,
12.52,object_red_01,RED,0,-0.25,0.00794701495,0,0,3.37061861e-11,0,0,0,0,0,0,-0.0256191557,0.30993366,-0.0637563141,
12.56,object_red_01,RED,0,-0.25,0.00794701495,0,0,6.25496863e-12,0,0,0,0,0,0,-0.0239443612,0.308664796,-0.0637563141,
12.6,object_red_01,RED,0,-0.25,0.00794701495,0,0,-1.09565053e-11,0,0,0,0,0,0,-0.0222822117,0.307369539,-0.0637563141,
12.64,object_red_01,RED,0,-0.25,0.00794701495,0,0,-1.98147618e-11,0,0,0,0,0,0,-0.0206293856,0.306056203,-0.0637563141,
12.68,object_red_01,RED,0,-0.25,0.00794701495,0,0,1.26158843e-11,0,0,0,0,0,0,-0.0189823737,0.30473366,-0.0637563141,
12.72,object_red_01,RED,0,-0.25,0.00794701495,0,0,-6.5879093e-12,0,0,0,0,0,0,-0.0173375603,0.303410734,-0.0637563141,
12.76,object_red_01,RED,0,-0.25,0.00794701495,0,0,-1.85038943e-11,0,0,0,0,0,0,-0.0156911878,0.302095992,-0.0637563141,
12.8,object_red_01,RED,0,-0.25,0.00794701495,0,0,2.21521276e-11,0,0,0,0,0,0,-0.0140385734,0.300796093,-0.0637563141,
12.84,object_red_01,RED,0,-0.25,0.00794701495,0,0,-5.56943713e-13,0,0,0,0,0,0,-0.012376892,0.299511216,-0.0637563141,
12.88,object_red_01,RED,0,-0.25,0.00794701495,0,0,-1.47357136e-11,0,0,0,0,0,0,-0.010707991,0.298236282,-0.0637563141,
12.92,object_red_01,RED,0,-0.25,0.00794701495,0,0,3.23508334e-11,0,0,0,0,0,0,-0.00903604739,0.296963996,-0.0637563141,
12.96,object_red_01,RED,0,-0.25,0.00794701495,0,0,3.67337191e-12,0,0,0,0,0,0,-0.00736603815,0.295686573,-0.0637563141,
13,object_red_01,RED,0,-0.25,0.00794701495,0,0,-1.15656606e-11,0,0,0,0,0,0,-0.00570320202,0.294396431,-0.0637563141,
13.04,object_red_01,RED,0,-0.25,0.00794701495,0,0,-2.09697262e-11,0,0,0,0,0,0,-0.00405290495,0.293086318,-0.0637563141,
13.08,object_red_01,RED,0,-0.25,0.00794701495,0,0,1.15400831e-11,0,0,0,0,0,0,-0.00242055789,0.291749227,-0.0637563141,
13.12,object_red_01,RED,0,-0.25,0.00794701495,0,0,-6.59249164e-12,0,0,0,0,0,0,-0.000809813788,0.29037944,-0.0637563141,
13.16,object_red_01,RED,0,-0.25,0.00794701495,0,0,-1.78880154e-11,0,0,0,0,0,0,0.000779545955,0.288976216,-0.0637563141,
13.2,object_red_01,RED,0,-0.25,0.00794701495,0,0,1.98215176e-11,0,0,0,0,0,0,0.00235019337,0.287543804,-0.0637563141,
13.24,object_red_01,RED,0,-0.25,0.00794701495,0,0,-3.5848049e-12,0,0,0,0,0,0,0.0039058676,0.286089443,-0.0637563141,
13.28,object_red_01,RED,0,-0.25,0.00794701495,0,0,-1.54784992e-11,0,0,0,0,0,0,0.00545073355,0.284621683,-0.0637563141,
13.32,object_red_01,RED,0,-0.25,0.00794701495,0,0,2.97969949e-11,0,0,0,0,0,0,0.00698913922,0.283149338,-0.0637563141,
13.36,object_red_01,RED,0,-0.25,0.00794701495,0,0,2.896904e-12,0,0,0,0,0,0,0.00852554889,0.281681019,-0.0637563141,
13.4,object_red_01,RED,0,-0.25,0.00794701495,0,0,-1.1389708e-11,0,0,0,0,0,0,0.0100647111,0.280224815,-0.0637563141,
13.44,object_red_01,RED,0,-0.25,0.00794701495,0,0,-2.02618899e-11,0,0,0,0,0,0,0.011611597,0.278784954,-0.0637563141,
13.48,object_red_01,RED,0,-0.25,0.00794701495,0,0,9.55654269e-12,0,0,0,0,0,0,0.0131668729,0.277359101,-0.0637563141,
13.52,object_red_01,RED,0,-0.25,0.00794701495,0,0,-9.39322711e-12,0,0,0,0,0,0,0.0147270875,0.27594123,-0.0637563141,
13.56,object_red_01,RED,0,-0.25,0.00794701495,0,0,-1.84839768e-11,0,0,0,0,0,0,0.0162871222,0.274524047,-0.0637563141,
13.6,object_red_01,RED,0,-0.25,0.00794701495,0,0,1.76771206e-11,0,0,0,0,0,0,0.0178412995,0.273100203,-0.0637563141,
13.64,object_red_01,RED,0,-0.25,0.00794701495,0,0,-4.08533657e-12,0,0,0,0,0,0,0.0193837481,0.271662701,-0.0637563141,
13.68,object_red_01,RED,0,-0.25,0.00794701495,0,0,-1.51450588e-11,0,0,0,0,0,0,0.0209084902,0.270204902,-0.0637563141,
13.72,object_red_01,RED,0,-0.25,0.00794701495,0,0,2.85528711e-11,0,0,0,0,0,0,0.0224098693,0.268720491,-0.0637563141,
13.76,object_red_01,RED,0,-0.25,0.00794701495,0,0,1.21074836e-12,0,0,0,0,0,0,0.0238855113,0.267205625,-0.0637563141,
13.8,object_red_01,RED,0,-0.25,0.00794701495,0,0,-1.39810439e-11,0,0,0,0,0,0,0.0253370647,0.265661681,-0.0637563141,
13.84,object_red_01,RED,0,-0.25,0.00794701495,0,0,3.82399677e-11,0,0,0,0,0,0,0.0267682166,0.264094054,-0.0637563141,
13.88,object_red_01,RED,0,-0.25,0.00794701495,0,0,7.76031447e-12,0,0,0,0,0,0,0.028183488,0.262510294,-0.0637563141,
13.92,object_red_01,RED,0,-0.25,0.00794701495,0,0,-9.66687574e-12,0,0,0,0,0,0,0.0295877345,0.260918703,-0.0637563141,
13.96,object_red_01,RED,0,-0.25,0.00794701495,0,0,-1.80281551e-11,0,0,0,0,0,0,0.0309859655,0.259327548,-0.0637563141,
14,object_red_01,RED,0,-0.25,0.00794701495,0,0,1.69036148e-11,0,0,0,0,0,0,0.0323832991,0.257744777,-0.0637563141,
14.04,object_red_01,RED,0,-0.25,0.00794701495,0,0,-5.51698664e-12,0,0,0,0,0,0,0.0337852262,0.256177118,-0.0637563141,
14.08,object_red_01,RED,0,-0.25,0.00794701495,0,0,-1.75451498e-11,0,0,0,0,0,0,0.0351955233,0.254625877,-0.0637563141,
14.12,object_red_01,RED,0,-0.25,0.00794701495,0,0,2.44098733e-11,0,0,0,0,0,0,0.036612719,0.253087173,-0.0637563141,
14.16,object_red_01,RED,0,-0.25,0.00794701495,0,0,-2.92256345e-13,0,0,0,0,0,0,0.0380322596,0.251554821,-0.0637563141,
14.2,object_red_01,RED,0,-0.25,0.00794701495,0,0,-1.40687865e-11,0,0,0,0,0,0,0.0394484526,0.250022077,-0.0637563141,
14.24,object_red_01,RED,0,-0.25,0.00794701495,0,0,3.65751499e-11,0,0,0,0,0,0,0.0408552275,0.248482424,-0.0637563141,
14.28,object_red_01,RED,0,-0.25,0.00794701495,0,0,7.37222148e-12,0,0,0,0,0,0,0.0422463811,0.246929761,-0.0637563141,
14.32,object_red_01,RED,0,-0.25,0.00794701495,0,0,-1.08802115e-11,0,0,0,0,0,0,0.0436156436,0.24535833,-0.0637563141,
14.36,object_red_01,RED,0,-0.25,0.00794701495,0,0,-2.02503877e-11,0,0,0,0,0,0,0.0449576694,0.243762833,-0.0637563141,
14.4,object_red_01,RED,0,-0.25,0.00794701495,0,0,1.53738405e-11,0,0,0,0,0,0,0.0462713755,0.242141072,-0.0637563141,
14.44,object_red_01,RED,0,-0.25,0.00794701495,0,0,-5.69934888e-12,0,0,0,0,0,0,0.0475594021,0.240495479,-0.0637563141,
14.48,object_red_01,RED,0,-0.25,0.00794701495,0,0,-1.70254251e-11,0,0,0,0,0,0,0.0488260723,0.238831668,-0.0637563141,
14.52,object_red_01,RED,0,-0.25,0.00794701495,0,0,2.34011264e-11,0,0,0,0,0,0,0.0500763787,0.237156797,-0.0637563141,
14.56,object_red_01,RED,0,-0.25,0.00794701495,0,0,-3.02577321e-13,0,0,0,0,0,0,0.051315582,0.235478422,-0.0637563141,
14.6,object_red_01,RED,0,-0.25,0.00794701495,0,0,-1.50687864e-11,0,0,0,0,0,0,0.0525490671,0.233803904,-0.0637563141,
14.64,object_red_01,RED,0,-0.25,0.00794701495,0,0,3.3375326e-11,0,0,0,0,0,0,0.0537823087,0.232140232,-0.0637563141,
14.68,object_red_01,RED,0,-0.25,0.00794701495,0,0,6.19402062e-12,0,0,0,0,0,0,0.0550209261,0.230492736,-0.0637563141,
14.72,object_red_01,RED,0,-0.25,0.00794701495,0,0,-1.08489166e-11,0,0,0,0,0,0,0.0562676453,0.228861415,-0.0637563141,
14.76,object_red_01,RED,0,-0.25,0.00794701495,0,0,-1.9620255e-11,0,0,0,0,0,0,0.0575201647,0.227242271,-0.0637563141,
14.8,object_red_01,RED,0,-0.25,0.00794701495,0,0,1.24926928e-11,0,0,0,0,0,0,0.05877363,0.225629715,-0.0637563141,
14.84,object_red_01,RED,0,-0.25,0.00794701495,0,0,-6.52370298e-12,0,0,0,0,0,0,0.06002226,0.224017911,-0.0637563141,
14.88,object_red_01,RED,0,-0.25,0.00794701495,0,0,-1.83222137e-11,0,0,0,0,0,0,0.0612599711,0.222401347,-0.0637563141,
14.92,object_red_01,RED,0,-0.25,0.00794701495,0,0,2.04624032e-11,0,0,0,0,0,0,0.0624805853,0.220774934,-0.0637563141,
14.96,object_red_01,RED,0,-0.25,0.00794701495,0,0,-1.25165393e-12,0,0,0,0,0,0,0.0636778938,0.219133912,-0.0637563141,
15,object_red_01,RED,0,-0.25,0.00794701495,0,0,-1.489399e-11,0,0,0,0,0,0,0.0648465247,0.217473848,-0.0637563141,
15.04,object_red_01,RED,0,-0.25,0.00794701495,0,0,3.1952059e-11,0,0,0,0,0,0,0.0659852881,0.215792682,-0.0637563141,
15.08,object_red_01,RED,0,-0.25,0.00794701495,0,0,3.59886246e-12,0,0,0,0,0,0,0.0670968291,0.214092328,-0.0637563141,
15.12,object_red_01,RED,0,-0.25,0.00794701495,0,0,-1.14693601e-11,0,0,0,0,0,0,0.0681855153,0.212377542,-0.0637563141,
15.16,object_red_01,RED,0,-0.25,0.00794701495,0,0,-2.07710331e-11,0,0,0,0,0,0,0.0692563898,0.210654486,-0.0637563141,
15.2,object_red_01,RED,0,-0.25,0.00794701495,0,0,9.88531147e-12,0,0,0,0,0,0,0.0703147564,0.208929673,-0.0637563141,
15.24,object_red_01,RED,0,-0.25,0.00794701495,0,0,-7.23142862e-12,0,0,0,0,0,0,0.071366026,0.207209412,-0.0637563141,
15.28,object_red_01,RED,0,-0.25,0.00794701495,0,0,-1.80113853e-11,0,0,0,0,0,0,0.072415664,0.205499649,-0.0637563141,
15.32,object_red_01,RED,0,-0.25,0.00794701495,0,0,1.95407028e-11,0,0,0,0,0,0,0.0734691997,0.203805455,-0.0637563141,
15.36,object_red_01,RED,0,-0.25,0.00794701495,0,0,-3.59055067e-12,0,0,0,0,0,0,0.074530273,0.202127896,-0.0637563141,
15.4,object_red_01,RED,0,-0.25,0.00794701495,0,0,-1.53428633e-11,0,0,0,0,0,0,0.0755976643,0.200464134,-0.0637563141,
15.44,object_red_01,RED,0,-0.25,0.00794701495,0,0,2.94990534e-11,0,0,0,0,0,0,0.0766671911,0.198809695,-0.0637563141,
15.48,object_red_01,RED,0,-0.25,0.00794701495,0,0,1.2827204e-12,0,0,0,0,0,0,0.0777335364,0.197159756,-0.0637563141,
15.52,object_red_01,RED,0,-0.25,0.00794701495,0,0,-1.19751629e-11,0,0,0,0,0,0,0.0787910056,0.19550976,-0.0637563141,
15.56,object_red_01,RED,0,-0.25,0.00794701495,0,0,-2.03539543e-11,0,0,0,0,0,0,0.0798338021,0.193855562,-0.0637563141,
15.6,object_red_01,RED,0,-0.25,0.00794701495,0,0,9.37388067e-12,0,0,0,0,0,0,0.0808561192,0.192193363,-0.0637563141,
15.64,object_red_01,RED,0,-0.25,0.00794701495,0,0,-9.34102267e-12,0,0,0,0,0,0,0.0818522414,0.190519582,-0.0637563141,
15.68,object_red_01,RED,0,-0.25,0.00794701495,0,0,-1.83192123e-11,0,0,0,0,0,0,0.082818414,0.188831135,-0.0637563141,
15.72,object_red_01,RED,0,-0.25,0.00794701495,0,0,1.74952045e-11,0,0,0,0,0,0,0.0837553303,0.187127571,-0.0637563141,
15.76,object_red_01,RED,0,-0.25,0.00794701495,0,0,-5.65107369e-12,0,0,0,0,0,0,0.0846664002,0.185411448,-0.0637563141,
15.8,object_red_01,RED,0,-0.25,0.00794701495,0,0,-1.56826454e-11,0,0,0,0,0,0,0.0855561344,0.183687221,-0.0637563141,
15.84,object_red_01,RED,0,-0.25,0.00794701495,0,0,2.80782882e-11,0,0,0,0,0,0,0.0864294587,0.181960119,-0.0637563141,
15.88,object_red_01,RED,0,-0.25,0.00794701495,0,0,1.1073316e-12,0,0,0,0,0,0,0.0872914471,0.180235403,-0.0637563141,
15.92,object_red_01,RED,0,-0.25,0.00794701495,0,0,-1.38812352e-11,0,0,0,0,0,0,0.0881472226,0.178518047,-0.0637563141,
15.96,object_red_01,RED,0,-0.25,0.00794701495,0,0,3.78465929e-11,0,0,0,0,0,0,0.0890019188,0.176812675,-0.0637563141,
16,object_red_01,RED,0,-0.25,0.00794701495,0,0,7.67779305e-12,0,0,0,0,0,0,0.0898606125,0.175123144,-0.0637563141,
16.04,object_red_01,RED,0,-0.25,0.00794701495,0,0,-9.57264151e-12,0,0,0,0,0,0,0.0907263578,0.173449982,-0.0637563141,
16.08,object_red_01,RED,0,-0.25,0.00794701495,0,0,-1.7848366e-11,0,0,0,0,0,0,0.0915979034,0.171790766,-0.0637563141,
16.12,object_red_01,RED,0,-0.25,0.00794701495,0,0,1.67334721e-11,0,0,0,0,0,0,0.0924714767,0.170141937,-0.0637563141,
16.16,object_red_01,RED,0,-0.25,0.00794701495,0,0,-5.46234471e-12,0,0,0,0,0,0,0.093342341,0.168499763,-0.0637563141,
16.2,object_red_01,RED,0,-0.25,0.00794701495,0,0,-1.73685726e-11,0,0,0,0,0,0,0.0942054447,0.166860796,-0.0637563141,
16.24,object_red_01,RED,0,-0.25,0.00794701495,0,0,2.41630514e-11,0,0,0,0,0,0,0.0950556674,0.165221964,-0.0637563141,
16.28,object_red_01,RED,0,-0.25,0.00794701495,0,0,-2.8827713e-13,0,0,0,0,0,0,0.0958879114,0.163580501,-0.0637563141,
16.32,object_red_01,RED,0,-0.25,0.00794701495,0,0,-1.39273941e-11,0,0,0,0,0,0,0.0966971387,0.161933849,-0.0637563141,
16.36,object_red_01,RED,0,-0.25,0.00794701495,0,0,3.62063427e-11,0,0,0,0,0,0,0.0974788663,0.160279519,-0.0637563141,
16.4,object_red_01,RED,0,-0.25,0.00794701495,0,0,7.2996713e-12,0,0,0,0,0,0,0.0982318864,0.158615933,-0.0637563141,
16.44,object_red_01,RED,0,-0.25,0.00794701495,0,0,-1.07705814e-11,0,0,0,0,0,0,0.0989583741,0.156943874,-0.0637563141,
16.48,object_red_01,RED,0,-0.25,0.00794701495,0,0,-2.00471658e-11,0,0,0,0,0,0,0.0996620127,0.155266088,-0.0637563141,
16.52,object_red_01,RED,0,-0.25,0.00794701495,0,0,1.29250996e-11,0,0,0,0,0,0,0.100347053,0.15358636,-0.0637563141,
16.56,object_red_01,RED,0,-0.25,0.00794701495,0,0,-6.69939155e-12,0,0,0,0,0,0,0.101017942,0.151908739,-0.0637563141,
16.6,object_red_01,RED,0,-0.25,0.00794701495,0,0,-1.73061757e-11,0,0,0,0,0,0,0.101679174,0.15023711,-0.0637563141,
16.64,object_red_01,RED,0,-0.25,0.00794701495,0,0,2.30409307e-11,0,0,0,0,0,0,0.102335239,0.148575056,-0.0637563141,
16.68,object_red_01,RED,0,-0.25,0.00794701495,0,0,-3.5917139e-13,0,0,0,0,0,0,0.102990592,0.146925879,-0.0637563141,
16.72,object_red_01,RED,0,-0.25,0.00794701495,0,0,-1.49440888e-11,0,0,0,0,0,0,0.103649581,0.145292375,-0.0637563141,
16.76,object_red_01,RED,0,-0.25,0.00794701495,0,0,3.30340914e-11,0,0,0,0,0,0,0.104314905,0.143674936,-0.0637563141,
16.8,object_red_01,RED,0,-0.25,0.00794701495,0,0,3.76024013e-12,0,0,0,0,0,0,0.104985702,0.142071734,-0.0637563141,
16.84,object_red_01,RED,0,-0.25,0.00794701495,0,0,-1.17962909e-11,0,0,0,0,0,0,0.105658946,0.140480162,-0.0637563141,
16.88,object_red_01,RED,0,-0.25,0.00794701495,0,0,-1.98647322e-11,0,0,0,0,0,0,0.106330772,0.138897535,-0.0637563141,
16.92,object_red_01,RED,0,-0.25,0.00794701495,0,0,1.22350895e-11,0,0,0,0,0,0,0.106997043,0.137321425,-0.0637563141,
16.96,object_red_01,RED,0,-0.25,0.00794701495,0,0,-6.518621e-12,0,0,0,0,0,0,0.107653571,0.135749726,-0.0637563141,
17,object_red_01,RED,0,-0.25,0.00794701495,0,0,-1.81643477e-11,0,0,0,0,0,0,0.108296214,0.134180591,-0.0637563141,
17.04,object_red_01,RED,0,-0.25,0.00794701495,0,0,2.02486533e-11,0,0,0,0,0,0,0.108920907,0.132612343,-0.0637563141,
17.08,object_red_01,RED,0,-0.25,0.00794701495,0,0,-3.64561729e-12,0,0,0,0,0,0,0.109523687,0.131043419,-0.0637563141,
17.12,object_red_01,RED,0,-0.25,0.00794701495,0,0,-1.57886852e-11,0,0,0,0,0,0,0.110101263,0.129472222,-0.0637563141,
17.16,object_red_01,RED,0,-0.25,0.00794701495,0,0,3.13564759e-11,0,0,0,0,0,0,0.110653244,0.127897751,-0.0637563141,
17.2,object_red_01,RED,0,-0.25,0.00794701495,0,0,3.42636439e-12,0,0,0,0,0,0,0.111181735,0.12632065,-0.0637563141,
17.24,object_red_01,RED,0,-0.25,0.00794701495,0,0,-1.14140222e-11,0,0,0,0,0,0,0.111689878,0.124742922,-0.0637563141,
17.28,object_red_01,RED,0,-0.25,0.00794701495,0,0,-2.05869436e-11,0,0,0,0,0,0,0.112181185,0.123167258,-0.0637563141,
17.32,object_red_01,RED,0,-0.25,0.00794701495,0,0,9.77614181e-12,0,0,0,0,0,0,0.112659274,0.121596478,-0.0637563141,
17.36,object_red_01,RED,0,-0.25,0.00794701495,0,0,-9.57237385e-12,0,0,0,0,0,0,0.113127769,0.120033242,-0.0637563141,
17.4,object_red_01,RED,0,-0.25,0.00794701495,0,0,-1.88535263e-11,0,0,0,0,0,0,0.113590259,0.118479961,-0.0637563141,
17.44,object_red_01,RED,0,-0.25,0.00794701495,0,0,1.90483758e-11,0,0,0,0,0,0,0.114050271,0.116938829,-0.0637563141,
17.48,object_red_01,RED,0,-0.25,0.00794701495,0,0,-3.69085543e-12,0,0,0,0,0,0,0.114511253,0.115411867,-0.0637563141,
17.52,object_red_01,RED,0,-0.25,0.00794701495,0,0,-1.52463486e-11,0,0,0,0,0,0,0.114976409,0.113900569,-0.0637563141,
17.56,object_red_01,RED,0,-0.25,0.00794701495,0,0,2.91857732e-11,0,0,0,0,0,0,0.115447107,0.112404543,-0.0637563141,
17.6,object_red_01,RED,0,-0.25,0.00794701495,0,0,1.2607794e-12,0,0,0,0,0,0,0.115922177,0.11092227,-0.0637563141,
17.64,object_red_01,RED,0,-0.25,0.00794701495,0,0,-1.18577279e-11,0,0,0,0,0,0,0.116399161,0.109451954,-0.0637563141,
17.68,object_red_01,RED,0,-0.25,0.00794701495,0,0,-2.01483806e-11,0,0,0,0,0,0,0.116875119,0.107991895,-0.0637563141,
17.72,object_red_01,RED,0,-0.25,0.00794701495,0,0,9.27801907e-12,0,0,0,0,0,0,0.117346976,0.106540639,-0.0637563141,
17.76,object_red_01,RED,0,-0.25,0.00794701495,0,0,-9.24648152e-12,0,0,0,0,0,0,0.117811657,0.105096974,-0.0637563141,
17.8,object_red_01,RED,0,-0.25,0.00794701495,0,0,-1.81327103e-11,0,0,0,0,0,0,0.118266155,0.103659859,-0.0637563141,
17.84,object_red_01,RED,0,-0.25,0.00794701495,0,0,1.73186986e-11,0,0,0,0,0,0,0.118707552,0.102228365,-0.0637563141,
17.88,object_red_01,RED,0,-0.25,0.00794701495,0,0,-5.59375872e-12,0,0,0,0,0,0,0.119133039,0.100801632,-0.0637563141,
17.92,object_red_01,RED,0,-0.25,0.00794701495,0,0,-1.55235125e-11,0,0,0,0,0,0,0.119539912,0.0993788654,-0.0637563141,
17.96,object_red_01,RED,0,-0.25,0.00794701495,0,0,2.77968738e-11,0,0,0,0,0,0,0.119925946,0.0979591823,-0.0637563141,
18,object_red_01,RED,0,-0.25,0.00794701495,0,0,1.09562236e-12,0,0,0,0,0,0,0.120290944,0.0965418433,-0.0637563141,
18.04,object_red_01,RED,0,-0.25,0.00794701495,0,0,-1.37413489e-11,0,0,0,0,0,0,0.120636493,0.0951270965,-0.0637563141,
18.08,object_red_01,RED,0,-0.25,0.00794701495,0,0,3.74662692e-11,0,0,0,0,0,0,0.120964905,0.0937160992,-0.0637563141,
18.12,object_red_01,RED,0,-0.25,0.00794701495,0,0,7.60090677e-12,0,0,0,0,0,0,0.121278732,0.0923104877,-0.0637563141,
18.16,object_red_01,RED,0,-0.25,0.00794701495,0,0,-1.10641475e-11,0,0,0,0,0,0,0.121580578,0.0909119941,-0.0637563141,
18.2,object_red_01,RED,0,-0.25,0.00794701495,0,0,-1.83345582e-11,0,0,0,0,0,0,0.121873031,0.0895222366,-0.0637563141,
18.24,object_red_01,RED,0,-0.25,0.00794701495,0,0,1.63706284e-11,0,0,0,0,0,0,0.122158627,0.0881426586,-0.0637563141,
18.28,object_red_01,RED,0,-0.25,0.00794701495,0,0,-5.49763303e-12,0,0,0,0,0,0,0.122439833,0.0867745478,-0.0637563141,
18.32,object_red_01,RED,0,-0.25,0.00794701495,0,0,-1.72340002e-11,0,0,0,0,0,0,0.122719038,0.0854190745,-0.0637563141,
18.36,object_red_01,RED,0,-0.25,0.00794701495,0,0,2.39115436e-11,0,0,0,0,0,0,0.122998543,0.0840773224,-0.0637563141,
18.4,object_red_01,RED,0,-0.25,0.00794701495,0,0,-2.91563997e-13,0,0,0,0,0,0,0.12328055,0.082750273,-0.0637563141,
18.44,object_red_01,RED,0,-0.25,0.00794701495,0,0,-1.53648828e-11,0,0,0,0,0,0,0.123566715,0.0814381927,-0.0637563141,
18.48,object_red_01,RED,0,-0.25,0.00794701495,0,0,3.5441916e-11,0,0,0,0,0,0,0.123857058,0.0801402866,-0.0637563141,
18.52,object_red_01,RED,0,-0.25,0.00794701495,0,0,7.02197208e-12,0,0,0,0,0,0,0.124150357,0.0788554927,-0.0637563141,
18.56,object_red_01,RED,0,-0.25,0.00794701495,0,0,-1.07531335e-11,0,0,0,0,0,0,0.124444875,0.0775827864,-0.0637563141,
18.6,object_red_01,RED,0,-0.25,0.00794701495,0,0,-1.9883886e-11,0,0,0,0,0,0,0.124738699,0.076321309,-0.0637563141,
18.64,object_red_01,RED,0,-0.25,0.00794701495,0,0,1.27833039e-11,0,0,0,0,0,0,0.125029895,0.0750703849,-0.0637563141,
18.68,object_red_01,RED,0,-0.25,0.00794701495,0,0,-6.6369161e-12,0,0,0,0,0,0,0.125316566,0.0738294755,-0.0637563141,
18.72,object_red_01,RED,0,-0.25,0.00794701495,0,0,-1.86838083e-11,0,0,0,0,0,0,0.125596889,0.072598125,-0.0637563141,
18.76,object_red_01,RED,0,-0.25,0.00794701495,0,0,2.23762127e-11,0,0,0,0,0,0,0.125869129,0.0713759249,-0.0637563141,
18.8,object_red_01,RED,0,-0.25,0.00794701495,0,0,-5.62568146e-13,0,0,0,0,0,0,0.126131637,0.0701625009,-0.0637563141,
18.84,object_red_01,RED,0,-0.25,0.00794701495,0,0,-1.48832586e-11,0,0,0,0,0,0,0.12638286,0.0689575121,-0.0637563141,
18.88,object_red_01,RED,0,-0.25,0.00794701495,0,0,3.26795308e-11,0,0,0,0,0,0,0.126621331,0.067760655,-0.0637563141,
18.92,object_red_01,RED,0,-0.25,0.00794701495,0,0,3.71208271e-12,0,0,0,0,0,0,0.126845679,0.0665716557,-0.0637563141,
18.96,object_red_01,RED,0,-0.25,0.00794701495,0,0,-1.1683192e-11,0,0,0,0,0,0,0.127054989,0.0653900761,-0.0637563141,
19,object_red_01,RED,0,-0.25,0.00794701495,0,0,-2.11823376e-11,0,0,0,0,0,0,0.127249608,0.0642155274,-0.0637563141,
19.04,object_red_01,RED,0,-0.25,0.00794701495,0,0,1.16588385e-11,0,0,0,0,0,0,0.12743071,0.0630481545,-0.0637563141,
19.08,object_red_01,RED,0,-0.25,0.00794701495,0,0,-6.65996699e-12,0,0,0,0,0,0,0.127599761,0.061888561,-0.0637563141,
19.12,object_red_01,RED,0,-0.25,0.00794701495,0,0,-1.80699493e-11,0,0,0,0,0,0,0.127758306,0.0607375681,-0.0637563141,
19.16,object_red_01,RED,0,-0.25,0.00794701495,0,0,2.00214705e-11,0,0,0,0,0,0,0.127907887,0.0595960174,-0.0637563141,
19.2,object_red_01,RED,0,-0.25,0.00794701495,0,0,-3.6215707e-12,0,0,0,0,0,0,0.128050007,0.0584646715,-0.0637563141,
19.24,object_red_01,RED,0,-0.25,0.00794701495,0,0,-1.56357834e-11,0,0,0,0,0,0,0.128186119,0.0573441927,-0.0637563141,
19.28,object_red_01,RED,0,-0.25,0.00794701495,0,0,3.10423606e-11,0,0,0,0,0,0,0.128317617,0.0562351588,-0.0637563141,
19.32,object_red_01,RED,0,-0.25,0.00794701495,0,0,3.39206463e-12,0,0,0,0,0,0,0.128445827,0.055138087,-0.0637563141,
19.36,object_red_01,RED,0,-0.25,0.00794701495,0,0,-1.13000025e-11,0,0,0,0,0,0,0.128572006,0.0540534495,-0.0637563141,
19.4,object_red_01,RED,0,-0.25,0.00794701495,0,0,-2.03817125e-11,0,0,0,0,0,0,0.128697345,0.0529816808,-0.0637563141,
19.44,object_red_01,RED,0,-0.25,0.00794701495,0,0,9.67930592e-12,0,0,0,0,0,0,0.128822962,0.0519231778,-0.0637563141,
19.48,object_red_01,RED,0,-0.25,0.00794701495,0,0,-9.47702259e-12,0,0,0,0,0,0,0.128949908,0.0508782996,-0.0637563141,
19.52,object_red_01,RED,0,-0.25,0.00794701495,0,0,-1.86664104e-11,0,0,0,0,0,0,0.129079152,0.0498473322,-0.0637563141,
19.56,object_red_01,RED,0,-0.25,0.00794701495,0,0,1.8860953e-11,0,0,0,0,0,0,0.129211252,0.0488301145,-0.0637563141,
19.6,object_red_01,RED,0,-0.25,0.00794701495,0,0,-3.6544929e-12,0,0,0,0,0,0,0.129345992,0.0478260988,-0.0637563141,
19.64,object_red_01,RED,0,-0.25,0.00794701495,0,0,-1.50953811e-11,0,0,0,0,0,0,0.129482702,0.0468347441,-0.0637563141,
19.68,object_red_01,RED,0,-0.25,0.00794701495,0,0,2.88954369e-11,0,0,0,0,0,0,0.129620533,0.0458556062,-0.0637563141,
19.72,object_red_01,RED,0,-0.25,0.00794701495,0,0,1.2490773e-12,0,0,0,0,0,0,0.129758587,0.0448883566,-0.0637563141,
19.76,object_red_01,RED,0,-0.25,0.00794701495,0,0,-1.41105272e-11,0,0,0,0,0,0,0.129895977,0.043932761,-0.0637563141,
19.8,object_red_01,RED,0,-0.25,0.00794701495,0,0,-2.09384242e-11,0,0,0,0,0,0,0.130031851,0.0429886425,-0.0637563141,
19.84,object_red_01,RED,0,-0.25,0.00794701495,0,0,8.8858862e-12,0,0,0,0,0,0,0.130165405,0.0420558513,-0.0637563141,
19.88,object_red_01,RED,0,-0.25,0.00794701495,0,0,-9.29164471e-12,0,0,0,0,0,0,0.130295893,0.0411342495,-0.0637563141,
19.92,object_red_01,RED,0,-0.25,0.00794701495,0,0,-1.80118314e-11,0,0,0,0,0,0,0.130422623,0.0402237081,-0.0637563141,
19.96,object_red_01,RED,0,-0.25,0.00794701495,0,0,1.71307798e-11,0,0,0,0,0,0,0.130544959,0.0393241087,-0.0637563141,
20,object_red_01,RED,0,-0.25,0.00794701495,0,0,-5.54662555e-12,0,0,0,0,0,0,0.130662317,0.0384353457,-0.0637563141,
20.04,object_red_01,RED,0,-0.25,0.00794701495,0,0,-1.77096323e-11,0,0,0,0,0,0,0.130774166,0.0375573274,-0.0637563141,
20.08,object_red_01,RED,0,-0.25,0.00794701495,0,0,2.68802769e-11,0,0,0,0,0,0,0.130880021,0.0366899767,-0.0637563141,
20.12,object_red_01,RED,0,-0.25,0.00794701495,0,0,7.76546446e-13,0,0,0,0,0,0,0.130979448,0.0358332289,-0.0637563141,
20.16,object_red_01,RED,0,-0.25,0.00794701495,0,0,-1.37414453e-11,0,0,0,0,0,0,0.131072057,0.0349870303,-0.0637563141,
20.2,object_red_01,RED,0,-0.25,0.00794701495,0,0,3.70591402e-11,0,0,0,0,0,0,0.131157503,0.0341513373,-0.0637563141,
20.24,object_red_01,RED,0,-0.25,0.00794701495,0,0,7.50571968e-12,0,0,0,0,0,0,0.13123549,0.0333260945,-0.0637563141,
20.28,object_red_01,RED,0,-0.25,0.00794701495,0,0,-1.09620441e-11,0,0,0,0,0,0,0.131305946,0.0325111006,-0.0637563141,
20.32,object_red_01,RED,0,-0.25,0.00794701495,0,0,-2.04408582e-11,0,0,0,0,0,0,0.131369222,0.0317061595,-0.0637563141,
20.36,object_red_01,RED,0,-0.25,0.00794701495,0,0,1.55293975e-11,0,0,0,0,0,0,0.131425877,0.0309112724,-0.0637563141,
20.4,object_red_01,RED,0,-0.25,0.00794701495,0,0,-5.75535766e-12,0,0,0,0,0,0,0.131476527,0.0301265963,-0.0637563141,
20.44,object_red_01,RED,0,-0.25,0.00794701495,0,0,-1.71938904e-11,0,0,0,0,0,0,0.131521791,0.029352356,-0.0637563141,
20.48,object_red_01,RED,0,-0.25,0.00794701495,0,0,2.36348437e-11,0,0,0,0,0,0,0.131562266,0.0285887766,-0.0637563141,
20.52,object_red_01,RED,0,-0.25,0.00794701495,0,0,-3.05457345e-13,0,0,0,0,0,0,0.131598524,0.0278360516,-0.0637563141,
20.56,object_red_01,RED,0,-0.25,0.00794701495,0,0,-1.52188902e-11,0,0,0,0,0,0,0.131631107,0.0270943382,-0.0637563141,
20.6,object_red_01,RED,0,-0.25,0.00794701495,0,0,3.37070961e-11,0,0,0,0,0,0,0.131660524,0.0263637638,-0.0637563141,
20.64,object_red_01,RED,0,-0.25,0.00794701495,0,0,6.25530053e-12,0,0,0,0,0,0,0.131687251,0.0256444355,-0.0637563141,
20.68,object_red_01,RED,0,-0.25,0.00794701495,0,0,-1.09564803e-11,0,0,0,0,0,0,0.131711729,0.0249364456,-0.0637563141,
20.72,object_red_01,RED,0,-0.25,0.00794701495,0,0,-1.98148332e-11,0,0,0,0,0,0,0.131734368,0.0242398738,-0.0637563141,
20.76,object_red_01,RED,0,-0.25,0.00794701495,0,0,1.26158093e-11,0,0,0,0,0,0,0.131755544,0.0235547873,-0.0637563141,
20.8,object_red_01,RED,0,-0.25,0.00794701495,0,0,-6.58834113e-12,0,0,0,0,0,0,0.131775605,0.0228812415,-0.0637563141,
20.84,object_red_01,RED,0,-0.25,0.00794701495,0,0,-1.85038658e-11,0,0,0,0,0,0,0.131794868,0.0222192791,-0.0637563141,
20.88,object_red_01,RED,0,-0.25,0.00794701495,0,0,2.2150179e-11,0,0,0,0,0,0,0.131813623,0.0215689306,-0.0637563141,
20.92,object_red_01,RED,0,-0.25,0.00794701495,0,0,-5.57432639e-13,0,0,0,0,0,0,0.131832132,0.0209302153,-0.0637563141,
20.96,object_red_01,RED,0,-0.25,0.00794701495,0,0,-1.47347714e-11,0,0,0,0,0,0,0.131850634,0.0203031421,-0.0637563141,
21,object_red_01,RED,0,-0.25,0.00794701495,0,0,3.23503338e-11,0,0,0,0,0,0,0.131869341,0.0196877098,-0.0637563141,
21.04,object_red_01,RED,0,-0.25,0.00794701495,0,0,3.67446397e-12,0,0,0,0,0,0,0.131888443,0.0190839081,-0.0637563141,
21.08,object_red_01,RED,0,-0.25,0.00794701495,0,0,-1.15655571e-11,0,0,0,0,0,0,0.131908106,0.0184917182,-0.0637563141,
21.12,object_red_01,RED,0,-0.25,0.00794701495,0,0,-2.09696263e-11,0,0,0,0,0,0,0.131928478,0.0179111134,-0.0637563141,
21.16,object_red_01,RED,0,-0.25,0.00794701495,0,0,1.15410823e-11,0,0,0,0,0,0,0.131949683,0.0173420593,-0.0637563141,
21.2,object_red_01,RED,0,-0.25,0.00794701495,0,0,-6.5932054e-12,0,0,0,0,0,0,0.131971808,0.0167845054,-0.0637563141,
21.24,object_red_01,RED,0,-0.25,0.00794701495,0,0,-1.78880332e-11,0,0,0,0,0,0,0.13199466,0.0162382861,-0.0637563141,
21.28,object_red_01,RED,0,-0.25,0.00794701495,0,0,1.98201044e-11,0,0,0,0,0,0,0.132017939,0.0157031568,-0.0637563141,
21.32,object_red_01,RED,0,-0.25,0.00794701495,0,0,-3.58515107e-12,0,0,0,0,0,0,0.132041459,0.0151789043,-0.0637563141,
21.36,object_red_01,RED,0,-0.25,0.00794701495,0,0,-1.54781815e-11,0,0,0,0,0,0,0.132065086,0.0146653805,-0.0637563141,
21.4,object_red_01,RED,0,-0.25,0.00794701495,0,0,2.97964096e-11,0,0,0,0,0,0,0.132088712,0.0141624932,-0.0637563141,
21.44,object_red_01,RED,0,-0.25,0.00794701495,0,0,2.89785687e-12,0,0,0,0,0,0,0.13211224,0.0136701784,-0.0637563141,
21.48,object_red_01,RED,0,-0.25,0.00794701495,0,0,-1.13895509e-11,0,0,0,0,0,0,0.132135589,0.0131883773,-0.0637563141,
21.52,object_red_01,RED,0,-0.25,0.00794701495,0,0,-2.0261865e-11,0,0,0,0,0,0,0.132158685,0.0127170264,-0.0637563141,
21.56,object_red_01,RED,0,-0.25,0.00794701495,0,0,9.55699949e-12,0,0,0,0,0,0,0.132181466,0.0122560549,-0.0637563141,
21.6,object_red_01,RED,0,-0.25,0.00794701495,0,0,-9.39343767e-12,0,0,0,0,0,0,0.132203877,0.0118053872,-0.0637563141,
21.64,object_red_01,RED,0,-0.25,0.00794701495,0,0,-1.84838733e-11,0,0,0,0,0,0,0.132225869,0.0113649458,-0.0637563141,
21.68,object_red_01,RED,0,-0.25,0.00794701495,0,0,1.76734483e-11,0,0,0,0,0,0,0.132247401,0.0109346533,-0.0637563141,
21.72,object_red_01,RED,0,-0.25,0.00794701495,0,0,-4.08611814e-12,0,0,0,0,0,0,0.132268437,0.0105144322,-0.0637563141,
21.76,object_red_01,RED,0,-0.25,0.00794701495,0,0,-1.51428426e-11,0,0,0,0,0,0,0.132288945,0.0101042049,-0.0637563141,
21.8,object_red_01,RED,0,-0.25,0.00794701495,0,0,2.85514293e-11,0,0,0,0,0,0,0.132308898,0.00970389348,-0.0637563141,
21.84,object_red_01,RED,0,-0.25,0.00794701495,0,0,1.21109096e-12,0,0,0,0,0,0,0.132328277,0.00931341917,-0.0637563141,
21.88,object_red_01,RED,0,-0.25,0.00794701495,0,0,-1.39801268e-11,0,0,0,0,0,0,0.132347062,0.00893270185,-0.0637563141,
21.92,object_red_01,RED,0,-0.25,0.00794701495,0,0,3.82379335e-11,0,0,0,0,0,0,0.13236524,0.00856166022,-0.0637563141,
21.96,object_red_01,RED,0,-0.25,0.00794701495,0,0,7.75982911e-12,0,0,0,0,0,0,0.132382803,0.00820021197,-0.0637563141,
22,object_red_01,RED,0,-0.25,0.00794701495,0,0,-9.66615484e-12,0,0,0,0,0,0,0.132399743,0.00784827337,-0.0637563141,
22.04,object_red_01,RED,0,-0.25,0.00794701495,0,0,-1.80272094e-11,0,0,0,0,0,0,0.132416057,0.00750575927,-0.0637563141,
22.08,object_red_01,RED,0,-0.25,0.00794701495,0,0,1.69027155e-11,0,0,0,0,0,0,0.132431744,0.00717258323,-0.0637563141,
22.12,object_red_01,RED,0,-0.25,0.00794701495,0,0,-5.51670114e-12,0,0,0,0,0,0,0.132446808,0.00684865753,-0.0637563141,
22.16,object_red_01,RED,0,-0.25,0.00794701495,0,0,-1.75442041e-11,0,0,0,0,0,0,0.132461251,0.00653389278,-0.0637563141,
22.2,object_red_01,RED,0,-0.25,0.00794701495,0,0,2.44098162e-11,0,0,0,0,0,0,0.13247508,0.006228198,-0.0637563141,
22.24,object_red_01,RED,0,-0.25,0.00794701495,0,0,-2.91424814e-13,0,0,0,0,0,0,0.132488304,0.00593148078,-0.0637563141,
22.28,object_red_01,RED,0,-0.25,0.00794701495,0,0,-1.40690328e-11,0,0,0,0,0,0,0.132500932,0.00564364713,-0.0637563141,
22.32,object_red_01,RED,0,-0.25,0.00794701495,0,0,3.65749286e-11,0,0,0,0,0,0,0.132512977,0.00536460118,-0.0637563141,
22.36,object_red_01,RED,0,-0.25,0.00794701495,0,0,7.37229286e-12,0,0,0,0,0,0,0.132524449,0.00509424542,-0.0637563141,
22.4,object_red_01,RED,0,-0.25,0.00794701495,0,0,-1.08801865e-11,0,0,0,0,0,0,0.132535364,0.00483248081,-0.0637563141,
22.44,object_red_01,RED,0,-0.25,0.00794701495,0,0,-2.02500058e-11,0,0,0,0,0,0,0.132545735,0.00457920633,-0.0637563141,
22.48,object_red_01,RED,0,-0.25,0.00794701495,0,0,1.53731446e-11,0,0,0,0,0,0,0.132555578,0.00433431915,-0.0637563141,
22.52,object_red_01,RED,0,-0.25,0.00794701495,0,0,-5.6994488e-12,0,0,0,0,0,0,0.132564909,0.00409771472,-0.0637563141,
22.56,object_red_01,RED,0,-0.25,0.00794701495,0,0,-1.70251182e-11,0,0,0,0,0,0,0.132573744,0.00386928672,-0.0637563141,
22.6,object_red_01,RED,0,-0.25,0.00794701495,0,0,2.34024504e-11,0,0,0,0,0,0,0.132582101,0.00364892677,-0.0637563141,
22.64,object_red_01,RED,0,-0.25,0.00794701495,0,0,-3.0219189e-13,0,0,0,0,0,0,0.132589997,0.00343652462,-0.0637563141,
22.68,object_red_01,RED,0,-0.25,0.00794701495,0,0,-1.50690219e-11,0,0,0,0,0,0,0.132597448,0.00323196829,-0.0637563141,
22.72,object_red_01,RED,0,-0.25,0.00794701495,0,0,3.33747121e-11,0,0,0,0,0,0,0.132604472,0.00303514379,-0.0637563141,
22.76,object_red_01,RED,0,-0.25,0.00794701495,0,0,6.19248604e-12,0,0,0,0,0,0,0.132611086,0.00284593505,-0.0637563141,
22.8,object_red_01,RED,0,-0.25,0.00794701495,0,0,-1.08484634e-11,0,0,0,0,0,0,0.132617308,0.00266422414,-0.0637563141,
22.84,object_red_01,RED,0,-0.25,0.00794701495,0,0,-1.96195412e-11,0,0,0,0,0,0,0.132623155,0.00248989131,-0.0637563141,
22.88,object_red_01,RED,0,-0.25,0.00794701495,0,0,1.24916685e-11,0,0,0,0,0,0,0.132628643,0.00232281462,-0.0637563141,
22.92,object_red_01,RED,0,-0.25,0.00794701495,0,0,-6.52387071e-12,0,0,0,0,0,0,0.132633788,0.00216287009,-0.0637563141,
22.96,object_red_01,RED,0,-0.25,0.00794701495,0,0,-1.83214964e-11,0,0,0,0,0,0,0.132638608,0.00200993193,-0.0637563141,
23,object_red_01,RED,0,-0.25,0.00794701495,0,0,2.04615109e-11,0,0,0,0,0,0,0.132643117,0.00186387226,-0.0637563141,
23.04,object_red_01,RED,0,-0.25,0.00794701495,0,0,-1.25208932e-12,0,0,0,0,0,0,0.132647332,0.00172456105,-0.0637563141,
23.08,object_red_01,RED,0,-0.25,0.00794701495,0,0,-1.48929765e-11,0,0,0,0,0,0,0.132651266,0.00159186628,-0.0637563141,
23.12,object_red_01,RED,0,-0.25,0.00794701495,0,0,3.19515737e-11,0,0,0,0,0,0,0.132654934,0.00146565401,-0.0637563141,
23.16,object_red_01,RED,0,-0.25,0.00794701495,0,0,3.59774185e-12,0,0,0,0,0,0,0.132658351,0.00134578811,-0.0637563141,
23.2,object_red_01,RED,0,-0.25,0.00794701495,0,0,-1.14689532e-11,0,0,0,0,0,0,0.132661529,0.00123213034,-0.0637563141,
23.24,object_red_01,RED,0,-0.25,0.00794701495,0,0,-2.07697198e-11,0,0,0,0,0,0,0.132664481,0.00112454045,-0.0637563141,
23.28,object_red_01,RED,0,-0.25,0.00794701495,0,0,9.88238149e-12,0,0,0,0,0,0,0.13266722,0.00102287619,-0.0637563141,
23.32,object_red_01,RED,0,-0.25,0.00794701495,0,0,-7.23079337e-12,0,0,0,0,0,0,0.132669758,0.000926993072,-0.0637563141,
23.36,object_red_01,RED,0,-0.25,0.00794701495,0,0,-1.80091976e-11,0,0,0,0,0,0,0.132672105,0.000836744513,-0.0637563141,
23.4,object_red_01,RED,0,-0.25,0.00794701495,0,0,1.95385116e-11,0,0,0,0,0,0,0.132674273,0.000751981954,-0.0637563141,
23.44,object_red_01,RED,0,-0.25,0.00794701495,0,0,-3.58936583e-12,0,0,0,0,0,0,0.132676271,0.00067255464,-0.0637563141,
23.48,object_red_01,RED,0,-0.25,0.00794701495,0,0,-1.53418283e-11,0,0,0,0,0,0,0.13267811,0.000598309633,-0.0637563141,
23.52,object_red_01,RED,0,-0.25,0.00794701495,0,0,2.94970085e-11,0,0,0,0,0,0,0.132679799,0.000529091934,-0.0637563141,
23.56,object_red_01,RED,0,-0.25,0.00794701495,0,0,1.28149273e-12,0,0,0,0,0,0,0.132681346,0.00046474447,-0.0637563141,
23.6,object_red_01,RED,0,-0.25,0.00794701495,0,0,-1.1974549e-11,0,0,0,0,0,0,0.13268276,0.000405107926,-0.0637563141,
23.64,object_red_01,RED,0,-0.25,0.00794701495,0,0,-2.03516132e-11,0,0,0,0,0,0,0.132684049,0.000350020823,-0.0637563141,
23.68,object_red_01,RED,0,-0.25,0.00794701495,0,0,9.37354164e-12,0,0,0,0,0,0,0.13268522,0.000299319625,-0.0637563141,
23.72,object_red_01,RED,0,-0.25,0.00794701495,0,0,-9.34023396e-12,0,0,0,0,0,0,0.132686281,0.000252838627,-0.0637563141,
23.76,object_red_01,RED,0,-0.25,0.00794701495,0,0,-1.83178241e-11,0,0,0,0,0,0,0.132687237,0.000210409876,-0.0637563141,
23.8,object_red_01,RED,0,-0.25,0.00794701495,0,0,1.74966213e-11,0,0,0,0,0,0,0.132688097,0.000171863276,-0.0637563141,
23.84,object_red_01,RED,0,-0.25,0.00794701495,0,0,-5.65068826e-12,0,0,0,0,0,0,0.132688865,0.000137026634,-0.0637563141,
23.88,object_red_01,RED,0,-0.25,0.00794701495,0,0,-1.56824741e-11,0,0,0,0,0,0,0.132689548,0.000105725491,-0.0637563141,
23.92,object_red_01,RED,0,-0.25,0.00794701495,0,0,2.80787485e-11,0,0,0,0,0,0,0.132690151,7.77831782e-05,-0.0637563141,
23.96,object_red_01,RED,0,-0.25,0.00794701495,0,0,1.10801324e-12,0,0,0,0,0,0,0.13269068,5.30208875e-05,-0.0637563141,
24,object_red_01,RED,0,-0.25,0.00794701495,0,0,-1.38821239e-11,0,0,0,0,0,0,0.132691139,3.12576157e-05,-0.0637563141,
24.04,object_red_01,RED,0,-0.25,0.00794701495,0,0,3.78472459e-11,0,0,0,0,0,0,0.132691534,1.23100902e-05,-0.0637563141,
24.08,object_red_01,RED,0,-0.25,0.00794701495,0,0,7.67866741e-12,0,0,0,0,0,0,0.13269187,-4.00717205e-06,-0.0637563141,
24.12,object_red_01,RED,0,-0.25,0.00794701495,0,0,-9.57250233e-12,0,0,0,0,0,0,0.132692152,-1.78818158e-05,-0.0637563141,
24.16,object_red_01,RED,0,-0.25,0.00794701495,0,0,-1.78493795e-11,0,0,0,0,0,0,0.132692383,-2.95037551e-05,-0.0637563141,
24.2,object_red_01,RED,0,-0.25,0.00794701495,0,0,1.67334186e-11,0,0,0,0,0,0,0.132692569,-3.90651651e-05,-0.0637563141,
24.24,object_red_01,RED,0,-0.25,0.00794701495,0,0,-5.46302278e-12,0,0,0,0,0,0,0.132692714,-4.6760442e-05,-0.0637563141,
24.28,object_red_01,RED,0,-0.25,0.00794701495,0,0,-1.73692257e-11,0,0,0,0,0,0,0.132692823,-5.27862049e-05,-0.0637563141,
24.32,object_red_01,RED,0,-0.25,0.00794701495,0,0,2.41627159e-11,0,0,0,0,0,0,0.132692899,-5.73413723e-05,-0.0637563141,
24.36,object_red_01,RED,0,-0.25,0.00794701495,0,0,-2.87823892e-13,0,0,0,0,0,0,0.132692948,-6.06271257e-05,-0.0637563141,
24.4,object_red_01,RED,0,-0.25,0.00794701495,0,0,-1.39272514e-11,0,0,0,0,0,0,0.132692973,-6.28468972e-05,-0.0637563141,
24.44,object_red_01,RED,0,-0.25,0.00794701495,0,0,3.62071564e-11,0,0,0,0,0,0,0.13269298,-6.42064081e-05,-0.0637563141,
24.48,object_red_01,RED,0,-0.25,0.00794701495,0,0,7.29910386e-12,0,0,0,0,0,0,0.132692972,-6.49136779e-05,-0.0637563141,
24.52,object_red_01,RED,0,-0.25,0.00794701495,0,0,-1.07709954e-11,0,0,0,0,0,0,0.132692949,-6.51798848e-05,-0.0637563141,
24.56,object_red_01,RED,0,-0.25,0.00794701495,0,0,-2.0047098e-11,0,0,0,0,0,0,0.132688102,-6.55850615e-05,-0.0637563141,
24.6,object_red_01,RED,0,-0.25,0.00794701495,0,0,1.29231689e-11,0,0,0,0,0,0,0.132644014,-6.69475886e-05,-0.0637563141,
24.64,object_red_01,RED,0,-0.25,0.00794701495,0,0,-6.69873846e-12,0,0,0,0,0,0,0.132500943,-6.94232642e-05,-0.0637563141,
24.68,object_red_01,RED,0,-0.25,0.00794701495,0,0,-1.73056618e-11,0,0,0,0,0,0,0.132194335,-7.43529062e-05,-0.0637563141,
24.72,object_red_01,RED,0,-0.25,0.00794701495,0,0,2.30408736e-11,0,0,0,0,0,0,0.131663788,-8.37255463e-05,-0.0637563141,
24.76,object_red_01,RED,0,-0.25,0.00794701495,0,0,-3.60288425e-13,0,0,0,0,0,0,0.130855909,-9.8890325e-05,-0.0637563141,
24.8,object_red_01,RED,0,-0.25,0.00794701495,0,0,-1.49436213e-11,0,0,0,0,0,0,0.129724748,-0.000119906401,-0.0637563141,
24.84,object_red_01,RED,0,-0.25,0.00794701495,0,0,3.30335168e-11,0,0,0,0,0,0,0.128231386,-0.000145460999,-0.0637563141,
24.88,object_red_01,RED,0,-0.25,0.00794701495,0,0,3.76067553e-12,0,0,0,0,0,0,0.126343322,-0.000173996978,-0.0637563141,
24.92,object_red_01,RED,0,-0.25,0.00794701495,0,0,-1.17955308e-11,0,0,0,0,0,0,0.124034252,-0.000203696668,-0.0637563141,
24.96,object_red_01,RED,0,-0.25,0.00794701495,0,0,-1.98645573e-11,0,0,0,0,0,0,0.121283797,-0.000233782722,-0.0637563141,
25,object_red_01,RED,0,-0.25,0.00794701495,0,0,1.22333122e-11,0,0,0,0,0,0,0.11807808,-0.000264125761,-0.0637563141,
25.04,object_red_01,RED,0,-0.25,0.00794701495,0,0,-6.51852465e-12,0,0,0,0,0,0,0.114410196,-0.000293865131,-0.0637563141,
25.08,object_red_01,RED,0,-0.25,0.00794701495,0,0,-1.81630772e-11,0,0,0,0,0,0,0.11028076,-0.000322309077,-0.0637563141,
25.12,object_red_01,RED,0,-0.25,0.00794701495,0,0,2.02469867e-11,0,0,0,0,0,0,0.105698931,-0.000348760327,-0.0637563141,
25.16,object_red_01,RED,0,-0.25,0.00794701495,0,0,-3.64603484e-12,0,0,0,0,0,0,0.10068316,-0.000372765357,-0.0637563141,
25.2,object_red_01,RED,0,-0.25,0.00794701495,0,0,-1.57863441e-11,0,0,0,0,0,0,0.095261937,-0.000393775201,-0.0637563141,
25.24,object_red_01,RED,0,-0.25,0.00794701495,0,0,3.13555979e-11,0,0,0,0,0,0,0.0894741373,-0.000411387252,-0.0637563141,
25.28,object_red_01,RED,0,-0.25,0.00794701495,0,0,3.4270389e-12,0,0,0,0,0,0,0.0833690811,-0.00042519618,-0.0637563141,
25.32,object_red_01,RED,0,-0.25,0.00794701495,0,0,-1.14130765e-11,0,0,0,0,0,0,0.0770062177,-0.000434812476,-0.0637563141,
25.36,object_red_01,RED,0,-0.25,0.00794701495,0,0,-2.05866331e-11,0,0,0,0,0,0,0.0704542814,-0.000439975939,-0.0637563141,
25.4,object_red_01,RED,0,-0.25,0.00794701495,0,0,9.77643088e-12,0,0,0,0,0,0,0.0637900381,-0.000440507844,-0.0637563141,
25.44,object_red_01,RED,0,-0.25,0.00794701495,0,0,-9.57264151e-12,0,0,0,0,0,0,0.0570966281,-0.000436292211,-0.0637563141,
25.48,object_red_01,RED,0,-0.25,0.00794701495,0,0,-1.8853926e-11,0,0,0,0,0,0,0.0504614842,-0.00042735141,-0.0637563141,
25.52,object_red_01,RED,0,-0.25,0.00794701495,0,0,1.90475514e-11,0,0,0,0,0,0,0.0439738972,-0.000413888723,-0.0637563141,
25.56,object_red_01,RED,0,-0.25,0.00794701495,0,0,-3.69150852e-12,0,0,0,0,0,0,0.0377224435,-0.000396140816,-0.0637563141,
25.6,object_red_01,RED,0,-0.25,0.00794701495,0,0,-1.52457169e-11,0,0,0,0,0,0,0.0317922409,-0.000374480168,-0.0637563141,
25.64,object_red_01,RED,0,-0.25,0.00794701495,0,0,2.91844599e-11,0,0,0,0,0,0,0.0262620064,-0.000349477717,-0.0637563141,
25.68,object_red_01,RED,0,-0.25,0.00794701495,0,0,1.26156097e-12,0,0,0,0,0,0,0.0212014941,-0.000321548375,-0.0637563141,
25.72,object_red_01,RED,0,-0.25,0.00794701495,0,0,-1.1857296e-11,0,0,0,0,0,0,0.0166685668,-0.000291490019,-0.0637563141,
25.76,object_red_01,RED,0,-0.25,0.00794701495,0,0,-2.01481415e-11,0,0,0,0,0,0,0.0127070669,-0.000259709253,-0.0637563141,
25.8,object_red_01,RED,0,-0.25,0.00794701495,0,0,9.27766219e-12,0,0,0,0,0,0,0.00934435605,-0.000225324415,-0.0637563141,
25.84,object_red_01,RED,0,-0.25,0.00794701495,0,0,-9.24567854e-12,0,0,0,0,0,0,0.00658875503,-0.000189528354,-0.0637563141,
25.88,object_red_01,RED,0,-0.25,0.00794701495,0,0,-1.81327567e-11,0,0,0,0,0,0,0.00442864022,-0.000155693471,-0.0637563141,
25.92,object_red_01,RED,0,-0.25,0.00794701495,0,0,1.73181062e-11,0,0,0,0,0,0,0.00283096996,-0.000125822923,-0.0637563141,
25.96,object_red_01,RED,0,-0.25,0.00794701495,0,0,-5.59354459e-12,0,0,0,0,0,0,0.0017396382,-9.99771385e-05,-0.0637563141,
26,object_red_01,RED,0,-0.25,0.00794701495,0,0,-1.55238301e-11,0,0,0,0,0,0,0.00107436887,-7.76608397e-05,-0.0637563141,
26.04,object_red_01,RED,0,-0.25,0.00794701495,0,0,2.77957425e-11,0,0,0,0,0,0,0.000729922745,-5.90378112e-05,-0.0637563141,
26.08,object_red_01,RED,0,-0.25,0.00794701495,0,0,1.0962469e-12,0,0,0,0,0,0,0.000579300346,-4.51887219e-05,-0.0637563138,
26.12,object_red_01,RED,0,-0.25,0.00794701495,0,0,-1.37417022e-11,0,0,0,0,0,0,0.000517064545,-3.67985607e-05,-0.0637561727,
26.16,object_red_01,RED,0,-0.25,0.00794701495,0,0,3.74641172e-11,0,0,0,0,0,0,0.000491596323,-3.27273094e-05,-0.0637552322,
26.2,object_red_01,RED,0,-0.25,0.00794701495,0,0,7.60047138e-12,0,0,0,0,0,0,0.000481266506,-3.11258868e-05,-0.0637527381,
26.24,object_red_01,RED,0,-0.25,0.00794701495,0,0,-1.10636194e-11,0,0,0,0,0,0,0.000477111044,-3.06139976e-05,-0.0637479651,
26.28,object_red_01,RED,0,-0.25,0.00794701495,0,0,-1.83341121e-11,0,0,0,0,0,0,0.000475445745,-3.04802214e-05,-0.0637402195,
26.32,object_red_01,RED,0,-0.25,0.00794701495,0,0,1.63689047e-11,0,0,0,0,0,0,0.0004747767,-3.04476813e-05,-0.0637288364,
26.36,object_red_01,RED,0,-0.25,0.00794701495,0,0,-5.49855021e-12,0,0,0,0,0,0,0.000474505877,-3.04354961e-05,-0.0637131759,
26.4,object_red_01,RED,0,-0.25,0.00794701495,0,0,-1.72332972e-11,0,0,0,0,0,0,0.000474395318,-3.04276606e-05,-0.063692632,
26.44,object_red_01,RED,0,-0.25,0.00794701495,0,0,2.39099948e-11,0,0,0,0,0,0,0.000474349964,-3.04226037e-05,-0.063666625,
26.48,object_red_01,RED,0,-0.25,0.00794701495,0,0,-2.90785998e-13,0,0,0,0,0,0,0.000474331379,-3.04199043e-05,-0.0636345983,
26.52,object_red_01,RED,0,-0.25,0.00794701495,0,0,-1.53644331e-11,0,0,0,0,0,0,0.000474323812,-3.0418728e-05,-0.0635960261,
26.56,object_red_01,RED,0,-0.25,0.00794701495,0,0,3.54424156e-11,0,0,0,0,0,0,0.000474320756,-3.04183072e-05,-0.0635504097,
26.6,object_red_01,RED,0,-0.25,0.00794701495,0,0,7.02256807e-12,0,0,0,0,0,0,0.000474319528,-3.04181832e-05,-0.0634972694,
26.64,object_red_01,RED,0,-0.25,0.00794701495,0,0,-1.07538259e-11,0,0,0,0,0,0,0.000474319036,-3.04181516e-05,-0.0634361604,
26.68,object_red_01,RED,0,-0.25,0.00794701495,0,0,-1.98833435e-11,0,0,0,0,0,0,0.000474318837,-3.04181423e-05,-0.0633666628,
26.72,object_red_01,RED,0,-0.25,0.00794701495,0,0,1.27818229e-11,0,0,0,0,0,0,0.000474318757,-3.04181377e-05,-0.0632883737,
26.76,object_red_01,RED,0,-0.25,0.00794701495,0,0,-6.63637364e-12,0,0,0,0,0,0,0.000474318724,-3.04181347e-05,-0.0632009254,
26.8,object_red_01,RED,0,-0.25,0.00794701495,0,0,-1.86828376e-11,0,0,0,0,0,0,0.00047431871,-3.0418133e-05,-0.0631039693,
26.84,object_red_01,RED,0,-0.25,0.00794701495,0,0,2.23752313e-11,0,0,0,0,0,0,0.000474318705,-3.04181322e-05,-0.0629971745,
26.88,object_red_01,RED,0,-0.25,0.00794701495,0,0,-5.61861523e-13,0,0,0,0,0,0,0.000474318702,-3.04181318e-05,-0.0628802402,
26.92,object_red_01,RED,0,-0.25,0.00794701495,0,0,-1.4882759e-11,0,0,0,0,0,0,0.000474318702,-3.04181317e-05,-0.0627528929,
26.96,object_red_01,RED,0,-0.25,0.00794701495,0,0,3.26792132e-11,0,0,0,0,0,0,0.000474318701,-3.04181317e-05,-0.0626148715,
27,object_red_01,RED,0,-0.25,0.00794701495,0,0,3.71210056e-12,0,0,0,0,0,0,0.000474318701,-3.04181317e-05,-0.0624659431,
27.04,object_red_01,RED,0,-0.25,0.00794701495,0,0,-1.16828672e-11,0,0,0,0,0,0,0.000474318701,-3.04181317e-05,-0.0623059044,
27.08,object_red_01,RED,0,-0.25,0.00794701495,0,0,-2.11817238e-11,0,0,0,0,0,0,0.000474318701,-3.04181317e-05,-0.0621345599,
27.12,object_red_01,RED,0,-0.25,0.00794701495,0,0,1.16581212e-11,0,0,0,0,0,0,0.000474318701,-3.04181317e-05,-0.0619517383,
27.16,object_red_01,RED,0,-0.25,0.00794701495,0,0,-6.65992417e-12,0,0,0,0,0,0,0.000474318701,-3.04181317e-05,-0.0617572966,
27.2,object_red_01,RED,0,-0.25,0.00794701495,0,0,-1.80690714e-11,0,0,0,0,0,0,0.000474318701,-3.04181317e-05,-0.0615511135,
27.24,object_red_01,RED,0,-0.25,0.00794701495,0,0,2.0020978e-11,0,0,0,0,0,0,0.000474318701,-3.04181317e-05,-0.0613330462,
27.28,object_red_01,RED,0,-0.25,0.00794701495,0,0,-3.62173487e-12,0,0,0,0,0,0,0.000474318701,-3.04181317e-05,-0.0611030485,
27.32,object_red_01,RED,0,-0.25,0.00794701495,0,0,-1.56342524e-11,0,0,0,0,0,0,0.000474318701,-3.04181317e-05,-0.0608610359,
27.36,object_red_01,RED,0,-0.25,0.00794701495,0,0,3.10409794e-11,0,0,0,0,0,0,0.000474318701,-3.04181317e-05,-0.0606069604,
27.4,object_red_01,RED,0,-0.25,0.00794701495,0,0,3.39206463e-12,0,0,0,0,0,0,0.000474318701,-3.04181317e-05,-0.0603407924,
27.44,object_red_01,RED,0,-0.25,0.00794701495,0,0,-1.12995993e-11,0,0,0,0,0,0,0.000474318701,-3.04181317e-05,-0.0600625152,
27.48,object_red_01,RED,0,-0.25,0.00794701495,0,0,-2.03803635e-11,0,0,0,0,0,0,0.000474318701,-3.04181317e-05,-0.0597721275,
27.52,object_red_01,RED,0,-0.25,0.00794701495,0,0,9.67955931e-12,0,0,0,0,0,0,0.000474318701,-3.04181317e-05,-0.0594696733,
27.56,object_red_01,RED,0,-0.25,0.00794701495,0,0,-9.47637307e-12,0,0,0,0,0,0,0.000474318701,-3.04181317e-05,-0.0591551468,
27.6,object_red_01,RED,0,-0.25,0.00794701495,0,0,-1.86658394e-11,0,0,0,0,0,0,0.000474318701,-3.04181317e-05,-0.0588286438,
27.64,object_red_01,RED,0,-0.25,0.00794701495,0,0,1.88576911e-11,0,0,0,0,0,0,0.000474318701,-3.04181317e-05,-0.0584902274,
27.68,object_red_01,RED,0,-0.25,0.00794701495,0,0,-3.65465707e-12,0,0,0,0,0,0,0.000474318701,-3.04181317e-05,-0.0581399808,
27.72,object_red_01,RED,0,-0.25,0.00794701495,0,0,-1.50941463e-11,0,0,0,0,0,0,0.000474318701,-3.04181317e-05,-0.0577780043,
27.76,object_red_01,RED,0,-0.25,0.00794701495,0,0,2.88945732e-11,0,0,0,0,0,0,0.000474318701,-3.04181317e-05,-0.0574044166,
27.8,object_red_01,RED,0,-0.25,0.00794701495,0,0,1.24872399e-12,0,0,0,0,0,0,0.000474318701,-3.04181317e-05,-0.0570193472,
27.84,object_red_01,RED,0,-0.25,0.00794701495,0,0,-1.41096029e-11,0,0,0,0,0,0,0.000474318701,-3.04181317e-05,-0.0566229449,
27.88,object_red_01,RED,0,-0.25,0.00794701495,0,0,-2.09367326e-11,0,0,0,0,0,0,0.000474318701,-3.04181317e-05,-0.0562153916,
27.92,object_red_01,RED,0,-0.25,0.00794701495,0,0,8.88448723e-12,0,0,0,0,0,0,0.000474318701,-3.04181317e-05,-0.055796797,
27.96,object_red_01,RED,0,-0.25,0.00794701495,0,0,-9.29064188e-12,0,0,0,0,0,0,0.000474318701,-3.04181317e-05,-0.0553674105,
28,object_red_01,RED,0,-0.25,0.00794701495,0,0,-1.80099899e-11,0,0,0,0,0,0,0.000474318701,-3.04181317e-05,-0.0549274123,
28.04,object_red_01,RED,0,-0.25,0.00794701495,0,0,1.71305835e-11,0,0,0,0,0,0,0.000474318701,-3.04181317e-05,-0.0544770094,
28.08,object_red_01,RED,0,-0.25,0.00794701495,0,0,-5.54567268e-12,0,0,0,0,0,0,0.000474318701,-3.04181317e-05,-0.0540164304,
28.12,object_red_01,RED,0,-0.25,0.00794701495,0,0,-1.77083297e-11,0,0,0,0,0,0,0.000474318701,-3.04181317e-05,-0.0535458914,
28.16,object_red_01,RED,0,-0.25,0.00794701495,0,0,2.68793526e-11,0,0,0,0,0,0,0.000474318701,-3.04181317e-05,-0.0530656632,
28.2,object_red_01,RED,0,-0.25,0.00794701495,0,0,7.75957593e-13,0,0,0,0,0,0,0.000474318701,-3.04181317e-05,-0.0525759861,
28.24,object_red_01,RED,0,-0.25,0.00794701495,0,0,-1.37405852e-11,0,0,0,0,0,0,0.000474318701,-3.04181317e-05,-0.0520771414,
28.28,object_red_01,RED,0,-0.25,0.00794701495,0,0,3.70609281e-11,0,0,0,0,0,0,0.000474318701,-3.04181317e-05,-0.0515693961,
28.32,object_red_01,RED,0,-0.25,0.00794701495,0,0,7.50631923e-12,0,0,0,0,0,0,0.000474318701,-3.04181317e-05,-0.0510530377,
28.36,object_red_01,RED,0,-0.25,0.00794701495,0,0,-1.09622511e-11,0,0,0,0,0,0,0.000474318701,-3.04181317e-05,-0.0505283598,
28.4,object_red_01,RED,0,-0.25,0.00794701495,0,0,-2.04412187e-11,0,0,0,0,0,0,0.000474318701,-3.04181317e-05,-0.0499956704,
28.44,object_red_01,RED,0,-0.25,0.00794701495,0,0,1.55305002e-11,0,0,0,0,0,0,0.000474318701,-3.04181317e-05,-0.0494552781,
28.48,object_red_01,RED,0,-0.25,0.00794701495,0,0,-5.75445119e-12,0,0,0,0,0,0,0.000474318701,-3.04181317e-05,-0.0489075053,
28.52,object_red_01,RED,0,-0.25,0.00794701495,0,0,-1.71949147e-11,0,0,0,0,0,0,0.000474318701,-3.04181317e-05,-0.0483526842,
28.56,object_red_01,RED,0,-0.25,0.00794701495,0,0,2.36365067e-11,0,0,0,0,0,0,0.000474318701,-3.04181317e-05,-0.0477911475,
28.6,object_red_01,RED,0,-0.25,0.00794701495,0,0,-3.04818529e-13,0,0,0,0,0,0,0.000474318701,-3.04181317e-05,-0.0472232351,
28.64,object_red_01,RED,0,-0.25,0.00794701495,0,0,-1.522015e-11,0,0,0,0,0,0,0.000474318701,-3.04181317e-05,-0.0466493026,
28.68,object_red_01,RED,0,-0.25,0.00794701495,0,0,3.37096157e-11,0,0,0,0,0,0,0.000474318701,-3.04181317e-05,-0.0460696946,
28.72,object_red_01,RED,0,-0.25,0.00794701495,0,0,6.25566812e-12,0,0,0,0,0,0,0.000474318701,-3.04181317e-05,-0.0454847805,
28.76,object_red_01,RED,0,-0.25,0.00794701495,0,0,-1.09574725e-11,0,0,0,0,0,0,0.000474318701,-3.04181317e-05,-0.0448949233,
28.8,object_red_01,RED,0,-0.25,0.00794701495,0,0,-1.9816639e-11,0,0,0,0,0,0,0.000474318701,-3.04181317e-05,-0.0443005032,
28.84,object_red_01,RED,0,-0.25,0.00794701495,0,0,1.26187857e-11,0,0,0,0,0,0,0.000474318701,-3.04181317e-05,-0.0437018667,
28.88,object_red_01,RED,0,-0.25,0.00794701495,0,0,-6.58884076e-12,0,0,0,0,0,0,0.000474318701,-3.04181317e-05,-0.0430994254,
28.92,object_red_01,RED,0,-0.25,0.00794701495,0,0,-1.85070241e-11,0,0,0,0,0,0,0.000474318701,-3.04181317e-05,-0.0424935468,
28.96,object_red_01,RED,0,-0.25,0.00794701495,0,0,2.21535658e-11,0,0,0,0,0,0,0.000474318701,-3.04181317e-05,-0.0418846224,
29,object_red_01,RED,0,-0.25,0.00794701495,0,0,-5.57557547e-13,0,0,0,0,0,0,0.000474318701,-3.04181317e-05,-0.0412730381,
29.04,object_red_01,RED,0,-0.25,0.00794701495,0,0,-1.47371376e-11,0,0,0,0,0,0,0.000474318701,-3.04181317e-05,-0.0406591884,
29.08,object_red_01,RED,0,-0.25,0.00794701495,0,0,3.2355712e-11,0,0,0,0,0,0,0.000474318701,-3.04181317e-05,-0.0400434687,
29.12,object_red_01,RED,0,-0.25,0.00794701495,0,0,3.67597714e-12,0,0,0,0,0,0,0.000474318701,-3.04181317e-05,-0.0394262741,
29.16,object_red_01,RED,0,-0.25,0.00794701495,0,0,-1.15677056e-11,0,0,0,0,0,0,0.000474318701,-3.04181317e-05,-0.0388080036,
29.2,object_red_01,RED,0,-0.25,0.00794701495,0,0,-2.09741301e-11,0,0,0,0,0,0,0.000474318701,-3.04181317e-05,-0.0381890512,
29.24,object_red_01,RED,0,-0.25,0.00794701495,0,0,1.15438589e-11,0,0,0,0,0,0,0.000474318701,-3.04181317e-05,-0.0375698211,
29.28,object_red_01,RED,0,-0.25,0.00794701495,0,0,-6.59456512e-12,0,0,0,0,0,0,0.000474318701,-3.04181317e-05,-0.0369507113,
29.32,object_red_01,RED,0,-0.25,0.00794701495,0,0,-1.78926013e-11,0,0,0,0,0,0,0.000474318701,-3.04181317e-05,-0.0363321218,
29.36,object_red_01,RED,0,-0.25,0.00794701495,0,0,1.98250472e-11,0,0,0,0,0,0,0.000474318701,-3.04181317e-05,-0.0357144506,
29.4,object_red_01,RED,0,-0.25,0.00794701495,0,0,-3.58640729e-12,0,0,0,0,0,0,0.000474318701,-3.04181317e-05,-0.0350980968,
29.44,object_red_01,RED,0,-0.25,0.00794701495,0,0,-1.54818396e-11,0,0,0,0,0,0,0.000474318701,-3.04181317e-05,-0.034483452,
29.48,object_red_01,RED,0,-0.25,0.00794701495,0,0,2.98054208e-11,0,0,0,0,0,0,0.000474318701,-3.04181317e-05,-0.0338709249,
29.52,object_red_01,RED,0,-0.25,0.00794701495,0,0,2.89715025e-12,0,0,0,0,0,0,0.000474318701,-3.04181317e-05,-0.0332608928,
29.56,object_red_01,RED,0,-0.25,0.00794701495,0,0,-1.13923275e-11,0,0,0,0,0,0,0.000474318701,-3.04181317e-05,-0.0326537596,
29.6,object_red_01,RED,0,-0.25,0.00794701495,0,0,-2.02668577e-11,0,0,0,0,0,0,0.000474318701,-3.04181317e-05,-0.0320499045,
29.64,object_red_01,RED,0,-0.25,0.00794701495,0,0,9.55915148e-12,0,0,0,0,0,0,0.000474318701,-3.04181317e-05,-0.0314497143,
29.68,object_red_01,RED,0,-0.25,0.00794701495,0,0,-9.39557538e-12,0,0,0,0,0,0,0.000474318701,-3.04181317e-05,-0.0308535731,
29.72,object_red_01,RED,0,-0.25,0.00794701495,0,0,-1.84893086e-11,0,0,0,0,0,0,0.000474318701,-3.04181317e-05,-0.0302618504,
29.76,object_red_01,RED,0,-0.25,0.00794701495,0,0,1.76803504e-11,0,0,0,0,0,0,0.000474318701,-3.04181317e-05,-0.0296749251,
29.8,object_red_01,RED,0,-0.25,0.00794701495,0,0,-4.08613599e-12,0,0,0,0,0,0,0.000474318701,-3.04181317e-05,-0.0290931511,
29.84,object_red_01,RED,0,-0.25,0.00794701495,0,0,-1.51486954e-11,0,0,0,0,0,0,0.000474318701,-3.04181317e-05,-0.0285169316,
29.88,object_red_01,RED,0,-0.25,0.00794701495,0,0,2.8559584e-11,0,0,0,0,0,0,0.000474318701,-3.04181317e-05,-0.0279465667,
29.92,object_red_01,RED,0,-0.25,0.00794701495,0,0,1.20954924e-12,0,0,0,0,0,0,0.000474318701,-3.04181317e-05,-0.0273824703,
29.96,object_red_01,RED,0,-0.25,0.00794701495,0,0,-1.39847519e-11,0,0,0,0,0,0,0.000474318701,-3.04181317e-05,-0.026824925,
30,object_red_01,RED,0,-0.25,0.00794701495,0,0,3.82442752e-11,0,0,0,0,0,0,0.000474318701,-3.04181317e-05,-0.0262743223,
30.04,object_red_01,RED,0,-0.25,0.00794701495,0,0,7.75996473e-12,0,0,0,0,0,0,0.000474318701,-3.04181317e-05,-0.0257309481,
30.08,object_red_01,RED,0,-0.25,0.00794701495,0,0,-9.66773225e-12,0,0,0,0,0,0,0.000474318701,-3.04181317e-05,-0.0251951662,
30.12,object_red_01,RED,0,-0.25,0.00794701495,0,0,-1.80304641e-11,0,0,0,0,0,0,0.000474318701,-3.04181317e-05,-0.0246672625,
30.16,object_red_01,RED,0,-0.25,0.00794701495,0,0,1.69042251e-11,0,0,0,0,0,0,0.000474318701,-3.04181317e-05,-0.0241475614,
30.2,object_red_01,RED,0,-0.25,0.00794701495,0,0,-5.51815007e-12,0,0,0,0,0,0,0.000474318701,-3.04181317e-05,-0.0236363364,
30.24,object_red_01,RED,0,-0.25,0.00794701495,0,0,-1.75466344e-11,0,0,0,0,0,0,0.000474318701,-3.04181317e-05,-0.0231339345,
30.28,object_red_01,RED,0,-0.25,0.00794701495,0,0,2.44116363e-11,0,0,0,0,0,0,0.000474318701,-3.04181317e-05,-0.0226405659,
30.32,object_red_01,RED,0,-0.25,0.00794701495,0,0,-2.91353438e-13,0,0,0,0,0,0,0.000474318701,-3.04181317e-05,-0.0221565683,
30.36,object_red_01,RED,0,-0.25,0.00794701495,0,0,-1.4070264e-11,0,0,0,0,0,0,0.000474318701,-3.04181317e-05,-0.021682147,
30.4,object_red_01,RED,0,-0.25,0.00794701495,0,0,3.65805566e-11,0,0,0,0,0,0,0.000474318701,-3.04181317e-05,-0.0212175801,
30.44,object_red_01,RED,0,-0.25,0.00794701495,0,0,7.37284602e-12,0,0,0,0,0,0,0.000474318701,-3.04181317e-05,-0.0207630999,
30.48,object_red_01,RED,0,-0.25,0.00794701495,0,0,-1.0881953e-11,0,0,0,0,0,0,0.000474318701,-3.04181317e-05,-0.0203189328,
30.52,object_red_01,RED,0,-0.25,0.00794701495,0,0,-2.02529287e-11,0,0,0,0,0,0,0.000474318701,-3.04181317e-05,-0.0198853045,
30.56,object_red_01,RED,0,-0.25,0.00794701495,0,0,1.53736299e-11,0,0,0,0,0,0,0.000474318701,-3.04181317e-05,-0.0194624097,
30.6,object_red_01,RED,0,-0.25,0.00794701495,0,0,-5.69969148e-12,0,0,0,0,0,0,0.000474318701,-3.04181317e-05,-0.0190504406,
30.64,object_red_01,RED,0,-0.25,0.00794701495,0,0,-1.70273665e-11,0,0,0,0,0,0,0.000474318701,-3.04181317e-05,-0.0186495725,
30.68,object_red_01,RED,0,-0.25,0.00794701495,0,0,2.34039207e-11,0,0,0,0,0,0,0.000474318701,-3.04181317e-05,-0.0182599489,
30.72,object_red_01,RED,0,-0.25,0.00794701495,0,0,-3.02202597e-13,0,0,0,0,0,0,0.000474318701,-3.04181317e-05,-0.0178818058,
30.76,object_red_01,RED,0,-0.25,0.00794701495,0,0,-1.5070453e-11,0,0,0,0,0,0,0.000474318701,-3.04181317e-05,-0.0175151977,
30.8,object_red_01,RED,0,-0.25,0.00794701495,0,0,3.33789983e-11,0,0,0,0,0,0,0.000474318701,-3.04181317e-05,-0.0171602591,
30.84,object_red_01,RED,0,-0.25,0.00794701495,0,0,6.19386003e-12,0,0,0,0,0,0,0.000474318701,-3.04181317e-05,-0.0168171398,
30.88,object_red_01,RED,0,-0.25,0.00794701495,0,0,-1.0849998e-11,0,0,0,0,0,0,0.000474318701,-3.04181317e-05,-0.0164858927,
30.92,object_red_01,RED,0,-0.25,0.00794701495,0,0,-1.96217681e-11,0,0,0,0,0,0,0.000474318701,-3.04181317e-05,-0.0161666055,
30.96,object_red_01,RED,0,-0.25,0.00794701495,0,0,1.24933887e-11,0,0,0,0,0,0,0.000474318701,-3.04181317e-05,-0.0158593416,
31,object_red_01,RED,0,-0.25,0.00794701495,0,0,-6.52391711e-12,0,0,0,0,0,0,0.000474318701,-3.04181317e-05,-0.0155641442,
31.04,object_red_01,RED,0,-0.25,0.00794701495,0,0,-1.83240445e-11,0,0,0,0,0,0,0.000474318701,-3.04181317e-05,-0.0152810514,
31.08,object_red_01,RED,0,-0.25,0.00794701495,0,0,2.04633703e-11,0,0,0,0,0,0,0.000474318701,-3.04181317e-05,-0.0150100645,
31.12,object_red_01,RED,0,-0.25,0.00794701495,0,0,-1.25190731e-12,0,0,0,0,0,0,0.000474318701,-3.04181317e-05,-0.0147511834,
31.16,object_red_01,RED,0,-0.25,0.00794701495,0,0,-1.48949964e-11,0,0,0,0,0,0,0.000474318701,-3.04181317e-05,-0.0145043822,
31.2,object_red_01,RED,0,-0.25,0.00794701495,0,0,3.19554708e-11,0,0,0,0,0,0,0.000474318701,-3.04181317e-05,-0.0142696119,
31.24,object_red_01,RED,0,-0.25,0.00794701495,0,0,3.59875896e-12,0,0,0,0,0,0,0.000474318701,-3.04181317e-05,-0.0140468156,
31.28,object_red_01,RED,0,-0.25,0.00794701495,0,0,-1.14701952e-11,0,0,0,0,0,0,0.000474318701,-3.04181317e-05,-0.0138359193,
31.32,object_red_01,RED,0,-0.25,0.00794701495,0,0,-2.07723358e-11,0,0,0,0,0,0,0.000474318701,-3.04181317e-05,-0.0136368138,
31.36,object_red_01,RED,0,-0.25,0.00794701495,0,0,9.88420514e-12,0,0,0,0,0,0,0.000474318701,-3.04181317e-05,-0.0134493863,
31.4,object_red_01,RED,0,-0.25,0.00794701495,0,0,-7.23195323e-12,0,0,0,0,0,0,0.000474318701,-3.04181317e-05,-0.0132734997,
31.44,object_red_01,RED,0,-0.25,0.00794701495,0,0,-1.8011189e-11,0,0,0,0,0,0,0.000474318701,-3.04181317e-05,-0.0131089848,
31.48,object_red_01,RED,0,-0.25,0.00794701495,0,0,1.95401532e-11,0,0,0,0,0,0,0.000474318701,-3.04181317e-05,-0.0129556635,
31.52,object_red_01,RED,0,-0.25,0.00794701495,0,0,-3.58991542e-12,0,0,0,0,0,0,0.000474318701,-3.04181317e-05,-0.0128133187,
31.56,object_red_01,RED,0,-0.25,0.00794701495,0,0,-1.53432879e-11,0,0,0,0,0,0,0.000474318701,-3.04181317e-05,-0.0126817678,
31.6,object_red_01,RED,0,-0.25,0.00794701495,0,0,2.94970085e-11,0,0,0,0,0,0,0.000474318701,-3.04181317e-05,-0.0125607222,
31.64,object_red_01,RED,0,-0.25,0.00794701495,0,0,1.28153556e-12,0,0,0,0,0,0,0.000474318701,-3.04181317e-05,-0.0124499331,
31.68,object_red_01,RED,0,-0.25,0.00794701495,0,0,-1.19748238e-11,0,0,0,0,0,0,0.000474318701,-3.04181317e-05,-0.0123491002,
31.72,object_red_01,RED,0,-0.25,0.00794701495,0,0,-2.03522092e-11,0,0,0,0,0,0,0.000474318701,-3.04181317e-05,-0.0122579092,
31.76,object_red_01,RED,0,-0.25,0.00794701495,0,0,9.37205345e-12,0,0,0,0,0,0,0.000474318701,-3.04181317e-05,-0.0121760251,
31.8,object_red_01,RED,0,-0.25,0.00794701495,0,0,-9.34002697e-12,0,0,0,0,0,0,0.000474318701,-3.04181317e-05,-0.0121030769,
31.84,object_red_01,RED,0,-0.25,0.00794701495,0,0,-1.83171674e-11,0,0,0,0,0,0,0.000474318701,-3.04181317e-05,-0.012038679,
31.88,object_red_01,RED,0,-0.25,0.00794701495,0,0,1.74924815e-11,0,0,0,0,0,0,0.000474318701,-3.04181317e-05,-0.011982424,
31.92,object_red_01,RED,0,-0.25,0.00794701495,0,0,-5.64944988e-12,0,0,0,0,0,0,0.000474318701,-3.04181317e-05,-0.0119338699,
31.96,object_red_01,RED,0,-0.25,0.00794701495,0,0,-1.56812e-11,0,0,0,0,0,0,0.000474318701,-3.04181317e-05,-0.0118925525,
32,object_red_01,RED,0,-0.25,0.00794701495,0,0,2.80780633e-11,0,0,0,0,0,0,0.000474318701,-3.04181317e-05,-0.0118579865,
32.04,object_red_01,RED,0,-0.25,0.00794701495,0,0,1.10737443e-12,0,0,0,0,0,0,0.000474318701,-3.04181317e-05,-0.0118296503,
32.08,object_red_01,RED,0,-0.25,0.00794701495,0,0,-1.3881146e-11,0,0,0,0,0,0,0.000474318701,-3.04181317e-05,-0.0118070008,
32.12,object_red_01,RED,0,-0.25,0.00794701495,0,0,3.78443481e-11,0,0,0,0,0,0,0.000474318701,-3.04181317e-05,-0.011789471,
32.16,object_red_01,RED,0,-0.25,0.00794701495,0,0,7.67612999e-12,0,0,0,0,0,0,0.000474318701,-3.04181317e-05,-0.0117764613,
32.2,object_red_01,RED,0,-0.25,0.00794701495,0,0,-9.57146381e-12,0,0,0,0,0,0,0.000474318701,-3.04181317e-05,-0.0117673459,
32.24,object_red_01,RED,0,-0.25,0.00794701495,0,0,-1.78472382e-11,0,0,0,0,0,0,0.000474318701,-3.04181317e-05,-0.0117614729,
32.28,object_red_01,RED,0,-0.25,0.00794701495,0,0,1.67324265e-11,0,0,0,0,0,0,0.000474318701,-3.04181317e-05,-0.0117581575,
32.32,object_red_01,RED,0,-0.25,0.00794701495,0,0,-5.46224121e-12,0,0,0,0,0,0,0.000474318701,-3.04181317e-05,-0.0117566872,
32.36,object_red_01,RED,0,-0.25,0.00794701495,0,0,-1.73677768e-11,0,0,0,0,0,0,0.000474318701,-3.04181317e-05,-0.0117563213,
32.4,object_red_01,RED,0,-0.25,0.00794701495,0,0,2.41616382e-11,0,0,0,0,0,0,0.0004743187,-3.041813e-05,-0.0117563143,
32.44,object_red_01,RED,0,-0.25,0.00794701495,0,0,-2.88894533e-13,0,0,0,0,0,0,0.000474318703,-3.0418139e-05,-0.0117563141,
32.48,object_red_01,RED,0,-0.25,0.00794701495,0,0,-1.39262914e-11,0,0,0,0,0,0,0.00047431876,-3.04183336e-05,-0.0117563141,
32.52,object_red_01,RED,0,-0.25,0.00794701495,0,0,3.62043442e-11,0,0,0,0,0,0,0.000474318818,-3.04185276e-05,-0.0117563141,
32.56,object_red_01,RED,0,-0.25,0.00794701495,0,0,7.29813315e-12,0,0,0,0,0,0,0.000474318831,-3.04185672e-05,-0.0117563141,
32.6,object_red_01,RED,0,-0.25,0.00794701495,0,0,-1.07698677e-11,0,0,0,0,0,0,0.000474318884,-3.04187417e-05,-0.0117563141,
32.64,object_red_01,RED,0,-0.25,0.00794701495,0,0,-2.00451744e-11,0,0,0,0,0,0,0.000474318875,-3.041871e-05,-0.0117563141,
32.68,object_red_01,RED,0,-0.25,0.00794701495,0,0,1.29237649e-11,0,0,0,0,0,0,0.000474318829,-3.04185482e-05,-0.0117563141,
32.72,object_red_01,RED,0,-0.25,0.00794701495,0,0,-6.69841727e-12,0,0,0,0,0,0,0.000474318885,-3.04187386e-05,-0.0117563141,
32.76,object_red_01,RED,0,-0.25,0.00794701495,0,0,-1.73047838e-11,0,0,0,0,0,0,0.000474318853,-3.04186329e-05,-0.0117563141,
32.8,object_red_01,RED,0,-0.25,0.00794701495,0,0,2.30383183e-11,0,0,0,0,0,0,0.000474318798,-3.04184424e-05,-0.0117563141,
32.84,object_red_01,RED,0,-0.25,0.00794701495,0,0,-3.60056453e-13,0,0,0,0,0,0,0.000474318877,-3.04187139e-05,-0.0117563141,
32.88,object_red_01,RED,0,-0.25,0.00794701495,0,0,-1.49420546e-11,0,0,0,0,0,0,0.000474318825,-3.04185416e-05,-0.0117563141,
32.92,object_red_01,RED,0,-0.25,0.00794701495,0,0,3.30294733e-11,0,0,0,0,0,0,0.000474318772,-3.04183565e-05,-0.0117563141,
32.96,object_red_01,RED,0,-0.25,0.00794701495,0,0,3.76065768e-12,0,0,0,0,0,0,0.000474318871,-3.04186947e-05,-0.0117563141,
33,object_red_01,RED,0,-0.25,0.00794701495,0,0,-1.17944458e-11,0,0,0,0,0,0,0.000474318795,-3.04184424e-05,-0.0117563141,
33.04,object_red_01,RED,0,-0.25,0.00794701495,0,0,-1.98629514e-11,0,0,0,0,0,0,0.00047431875,-3.04182842e-05,-0.0117563141,
33.08,object_red_01,RED,0,-0.25,0.00794701495,0,0,1.22338904e-11,0,0,0,0,0,0,0.000474318866,-3.04186795e-05,-0.0117563141,
33.12,object_red_01,RED,0,-0.25,0.00794701495,0,0,-6.51797862e-12,0,0,0,0,0,0,0.000474318765,-3.04183398e-05,-0.0117563141,
33.16,object_red_01,RED,0,-0.25,0.00794701495,0,0,-1.81622743e-11,0,0,0,0,0,0,0.000474318733,-3.0418227e-05,-0.0117563141,
33.2,object_red_01,RED,0,-0.25,0.00794701495,0,0,2.02494027e-11,0,0,0,0,0,0,0.000474318857,-3.04186511e-05,-0.0117563141,
33.24,object_red_01,RED,0,-0.25,0.00794701495,0,0,-3.6459706e-12,0,0,0,0,0,0,0.000474318734,-3.04182393e-05,-0.0117563141,
33.28,object_red_01,RED,0,-0.25,0.00794701495,0,0,-1.5787379e-11,0,0,0,0,0,0,0.00047431872,-3.04181855e-05,-0.0117563141,
33.32,object_red_01,RED,0,-0.25,0.00794701495,0,0,3.13561154e-11,0,0,0,0,0,0,0.000474318846,-3.04186184e-05,-0.0117563141,
33.36,object_red_01,RED,0,-0.25,0.00794701495,0,0,3.42632157e-12,0,0,0,0,0,0,0.000474318705,-3.04181399e-05,-0.0117563141,
33.4,object_red_01,RED,0,-0.25,0.00794701495,0,0,-1.14131621e-11,0,0,0,0,0,0,0.00047431871,-3.04181544e-05,-0.0117563141,
33.44,object_red_01,RED,0,-0.25,0.00794701495,0,0,-2.05867759e-11,0,0,0,0,0,0,0.000474318836,-3.04185842e-05,-0.0117563141,
33.48,object_red_01,RED,0,-0.25,0.00794701495,0,0,9.77577422e-12,0,0,0,0,0,0,0.000474318677,-3.04180471e-05,-0.0117563141,
33.52,object_red_01,RED,0,-0.25,0.00794701495,0,0,-9.5723453e-12,0,0,0,0,0,0,0.000474318704,-3.04181332e-05,-0.0117563141,
33.56,object_red_01,RED,0,-0.25,0.00794701495,0,0,-1.88535905e-11,0,0,0,0,0,0,0.000474318818,-3.04185268e-05,-0.0117563141,
33.6,object_red_01,RED,0,-0.25,0.00794701495,0,0,1.90486863e-11,0,0,0,0,0,0,0.000474318653,-3.0417967e-05,-0.0117563141,
33.64,object_red_01,RED,0,-0.25,0.00794701495,0,0,-3.69151566e-12,0,0,0,0,0,0,0.0004743187,-3.04181211e-05,-0.0117563141,
33.68,object_red_01,RED,0,-0.25,0.00794701495,0,0,-1.52459703e-11,0,0,0,0,0,0,0.000474318799,-3.04184653e-05,-0.0117563141,
33.72,object_red_01,RED,0,-0.25,0.00794701495,0,0,2.91842172e-11,0,0,0,0,0,0,0.000474318631,-3.0417894e-05,-0.0117563141,
33.76,object_red_01,RED,0,-0.25,0.00794701495,0,0,1.26115769e-12,0,0,0,0,0,0,0.000474318697,-3.04181141e-05,-0.0117563141,
33.8,object_red_01,RED,0,-0.25,0.00794701495,0,0,-1.18574531e-11,0,0,0,0,0,0,0.00047431878,-3.04184023e-05,-0.0117563141,
33.84,object_red_01,RED,0,-0.25,0.00794701495,0,0,-2.0147988e-11,0,0,0,0,0,0,0.000474318613,-3.04178336e-05,-0.0117563141,
33.88,object_red_01,RED,0,-0.25,0.00794701495,0,0,9.278119e-12,0,0,0,0,0,0,0.000474318695,-3.04181093e-05,-0.0117563141,
33.92,object_red_01,RED,0,-0.25,0.00794701495,0,0,-9.24624955e-12,0,0,0,0,0,0,0.000474318756,-3.04183217e-05,-0.0117563141,
33.96,object_red_01,RED,0,-0.25,0.00794701495,0,0,-1.81334062e-11,0,0,0,0,0,0,0.0004743186,-3.04177897e-05,-0.0117563141,
34,object_red_01,RED,0,-0.25,0.00794701495,0,0,1.73199299e-11,0,0,0,0,0,0,0.000474318694,-3.04181065e-05,-0.0117563141,
34.04,object_red_01,RED,0,-0.25,0.00794701495,0,0,-5.59361954e-12,0,0,0,0,0,0,0.000474318732,-3.04182424e-05,-0.0117563141,
34.08,object_red_01,RED,0,-0.25,0.00794701495,0,0,-1.55246973e-11,0,0,0,0,0,0,0.000474318589,-3.04177543e-05,-0.0117563141,
34.12,object_red_01,RED,0,-0.25,0.00794701495,0,0,2.77962493e-11,0,0,0,0,0,0,0.000474318693,-3.04181039e-05,-0.0117563141,
34.16,object_red_01,RED,0,-0.25,0.00794701495,0,0,1.09552957e-12,0,0,0,0,0,0,0.000474318709,-3.04181664e-05,-0.0117563141,
34.2,object_red_01,RED,0,-0.25,0.00794701495,0,0,-1.37417914e-11,0,0,0,0,0,0,0.000474318582,-3.04177317e-05,-0.0117563141,
34.24,object_red_01,RED,0,-0.25,0.00794701495,0,0,3.74644098e-11,0,0,0,0,0,0,0.00047431869,-3.04180967e-05,-0.0117563141,
34.28,object_red_01,RED,0,-0.25,0.00794701495,0,0,7.5990046e-12,0,0,0,0,0,0,0.000474318685,-3.04180863e-05,-0.0117563141,
34.32,object_red_01,RED,0,-0.25,0.00794701495,0,0,-1.10637014e-11,0,0,0,0,0,0,0.000474318579,-3.04177229e-05,-0.0117563141,
34.36,object_red_01,RED,0,-0.25,0.00794701495,0,0,-1.83335911e-11,0,0,0,0,0,0,0.000474318687,-3.04180869e-05,-0.0117563141,
34.4,object_red_01,RED,0,-0.25,0.00794701495,0,0,1.63664101e-11,0,0,0,0,0,0,0.000474318664,-3.04180136e-05,-0.0117563141,
34.44,object_red_01,RED,0,-0.25,0.00794701495,0,0,-5.49778292e-12,0,0,0,0,0,0,0.000474318578,-3.04177199e-05,-0.0117563141,
34.48,object_red_01,RED,0,-0.25,0.00794701495,0,0,-1.72308168e-11,0,0,0,0,0,0,0.000474318683,-3.0418074e-05,-0.0117563141,
34.52,object_red_01,RED,0,-0.25,0.00794701495,0,0,2.39082782e-11,0,0,0,0,0,0,0.000474318645,-3.04179506e-05,-0.0117563141,
34.56,object_red_01,RED,0,-0.25,0.00794701495,0,0,-2.900651e-13,0,0,0,0,0,0,0.00047431858,-3.04177253e-05,-0.0117563141,
34.6,object_red_01,RED,0,-0.25,0.00794701495,0,0,-1.53629556e-11,0,0,0,0,0,0,0.000474318676,-3.04180531e-05,-0.0117563141,
34.64,object_red_01,RED,0,-0.25,0.00794701495,0,0,3.54413485e-11,0,0,0,0,0,0,0.000474318629,-3.04178949e-05,-0.0117563141,
34.68,object_red_01,RED,0,-0.25,0.00794701495,0,0,7.02210412e-12,0,0,0,0,0,0,0.000474318583,-3.04177379e-05,-0.0117563141,
34.72,object_red_01,RED,0,-0.25,0.00794701495,0,0,-1.07527552e-11,0,0,0,0,0,0,0.000474318669,-3.04180282e-05,-0.0117563141,
34.76,object_red_01,RED,0,-0.25,0.00794701495,0,0,-1.98828617e-11,0,0,0,0,0,0,0.000474318615,-3.04178508e-05,-0.0117563141,
34.8,object_red_01,RED,0,-0.25,0.00794701495,0,0,1.27828043e-11,0,0,0,0,0,0,0.000474318587,-3.04177519e-05,-0.0117563141,
34.84,object_red_01,RED,0,-0.25,0.00794701495,0,0,-6.63702316e-12,0,0,0,0,0,0,0.00047431866,-3.04179996e-05,-0.0117563141,
34.88,object_red_01,RED,0,-0.25,0.00794701495,0,0,-1.86828341e-11,0,0,0,0,0,0,0.000474318606,-3.04178199e-05,-0.0117563141,
34.92,object_red_01,RED,0,-0.25,0.00794701495,0,0,2.23750992e-11,0,0,0,0,0,0,0.000474318592,-3.04177679e-05,-0.0117563141,
34.96,object_red_01,RED,0,-0.25,0.00794701495,0,0,-5.60990735e-13,0,0,0,0,0,0,0.000474318648,-3.04179597e-05,-0.0117563141,
35,object_red_01,RED,0,-0.25,0.00794701495,0,0,-1.48828696e-11,0,0,0,0,0,0,0.000474318601,-3.04178011e-05,-0.0117563141,
35.04,object_red_01,RED,0,-0.25,0.00794701495,0,0,3.26796415e-11,0,0,0,0,0,0,0.000474318596,-3.04177841e-05,-0.0117563141,
35.08,object_red_01,RED,0,-0.25,0.00794701495,0,0,3.71263588e-12,0,0,0,0,0,0,0.000474318636,-3.04179198e-05,-0.0117563141,
35.12,object_red_01,RED,0,-0.25,0.00794701495,0,0,-1.1682571e-11,0,0,0,0,0,0,0.000474318599,-3.04177943e-05,-0.0117563141,
35.16,object_red_01,RED,0,-0.25,0.00794701495,0,0,-2.1183212e-11,0,0,0,0,0,0,0.0004743186,-3.04177974e-05,-0.0117563141,
35.2,object_red_01,RED,0,-0.25,0.00794701495,0,0,1.16592882e-11,0,0,0,0,0,0,0.000474318624,-3.04178801e-05,-0.0117563141,
35.24,object_red_01,RED,0,-0.25,0.00794701495,0,0,-6.66022038e-12,0,0,0,0,0,0,0.0004743186,-3.04177995e-05,-0.0117563141,
35.28,object_red_01,RED,0,-0.25,0.00794701495,0,0,-1.80707416e-11,0,0,0,0,0,0,0.000474318603,-3.04178075e-05,-0.0117563141,
35.32,object_red_01,RED,0,-0.25,0.00794701495,0,0,2.00218702e-11,0,0,0,0,0,0,0.000474318612,-3.04178398e-05,-0.0117563141,
35.36,object_red_01,RED,0,-0.25,0.00794701495,0,0,-3.62146007e-12,0,0,0,0,0,0,0.000474318605,-3.04178148e-05,-0.0117563141,
35.4,object_red_01,RED,0,-0.25,0.00794701495,0,0,-1.56359262e-11,0,0,0,0,0,0,0.000474318604,-3.04178132e-05,-0.0117563141,
35.44,object_red_01,RED,0,-0.25,0.00794701495,0,0,3.10440165e-11,0,0,0,0,0,0,0.000474318602,-3.04178056e-05,-0.0117563141,
35.48,object_red_01,RED,0,-0.25,0.00794701495,0,0,3.39143652e-12,0,0,0,0,0,0,0.000474318612,-3.04178389e-05,-0.0117563141,
35.52,object_red_01,RED,0,-0.25,0.00794701495,0,0,-1.13002988e-11,0,0,0,0,0,0,0.000474318604,-3.04178139e-05,-0.0117563141,
35.56,object_red_01,RED,0,-0.25,0.00794701495,0,0,-2.03824369e-11,0,0,0,0,0,0,0.000474318594,-3.04177778e-05,-0.0117563141,
35.6,object_red_01,RED,0,-0.25,0.00794701495,0,0,9.67937373e-12,0,0,0,0,0,0,0.000474318621,-3.04178697e-05,-0.0117563141,
35.64,object_red_01,RED,0,-0.25,0.00794701495,0,0,-9.47722244e-12,0,0,0,0,0,0,0.000474318603,-3.04178093e-05,-0.0117563141,
35.68,object_red_01,RED,0,-0.25,0.00794701495,0,0,-1.86669636e-11,0,0,0,0,0,0,0.000474318589,-3.04177613e-05,-0.0117563141,
35.72,object_red_01,RED,0,-0.25,0.00794701495,0,0,1.88604106e-11,0,0,0,0,0,0,0.000474318631,-3.04179045e-05,-0.0117563141,
35.76,object_red_01,RED,0,-0.25,0.00794701495,0,0,-3.65542079e-12,0,0,0,0,0,0,0.0004743186,-3.04177996e-05,-0.0117563141,
35.8,object_red_01,RED,0,-0.25,0.00794701495,0,0,-1.50953026e-11,0,0,0,0,0,0,0.000474318588,-3.04177554e-05,-0.0117563141,
35.84,object_red_01,RED,0,-0.25,0.00794701495,0,0,2.88944197e-11,0,0,0,0,0,0,0.000474318643,-3.04179432e-05,-0.0117563141,
35.88,object_red_01,RED,0,-0.25,0.00794701495,0,0,1.24908444e-12,0,0,0,0,0,0,0.000474318596,-3.0417785e-05,-0.0117563141,
35.92,object_red_01,RED,0,-0.25,0.00794701495,0,0,-1.41099027e-11,0,0,0,0,0,0,0.000474318589,-3.041776e-05,-0.0117563141,
35.96,object_red_01,RED,0,-0.25,0.00794701495,0,0,-2.09373358e-11,0,0,0,0,0,0,0.000474318654,-3.04179815e-05,-0.0117563141,
36,object_red_01,RED,0,-0.25,0.00794701495,0,0,8.88442656e-12,0,0,0,0,0,0,0.000474318591,-3.04177679e-05,-0.0117563141,
36.04,object_red_01,RED,0,-0.25,0.00794701495,0,0,-9.29084173e-12,0,0,0,0,0,0,0.000474318596,-3.04177811e-05,-0.0117563141,
36.08,object_red_01,RED,0,-0.25,0.00794701495,0,0,-1.8010072e-11,0,0,0,0,0,0,0.000474318664,-3.04180172e-05,-0.0117563141,
36.12,object_red_01,RED,0,-0.25,0.00794701495,0,0,1.71311152e-11,0,0,0,0,0,0,0.000474318585,-3.04177478e-05,-0.0117563141,
36.16,object_red_01,RED,0,-0.25,0.00794701495,0,0,-5.54516948e-12,0,0,0,0,0,0,0.000474318605,-3.04178137e-05,-0.0117563141,
36.2,object_red_01,RED,0,-0.25,0.00794701495,0,0,-1.77087187e-11,0,0,0,0,0,0,0.000474318675,-3.04180527e-05,-0.0117563141,
36.24,object_red_01,RED,0,-0.25,0.00794701495,0,0,2.68780963e-11,0,0,0,0,0,0,0.000474318578,-3.04177255e-05,-0.0117563141,
36.28,object_red_01,RED,0,-0.25,0.00794701495,0,0,7.75764878e-13,0,0,0,0,0,0,0.000474318618,-3.0417856e-05,-0.0117563141,
36.32,object_red_01,RED,0,-0.25,0.00794701495,0,0,-1.37404781e-11,0,0,0,0,0,0,0.000474318684,-3.04180822e-05,-0.0117563141,
36.36,object_red_01,RED,0,-0.25,0.00794701495,0,0,3.70559889e-11,0,0,0,0,0,0,0.000474318573,-3.04177073e-05,-0.0117563141,
36.4,object_red_01,RED,0,-0.25,0.00794701495,0,0,7.50618005e-12,0,0,0,0,0,0,0.000474318635,-3.04179116e-05,-0.0117563141,
36.44,object_red_01,RED,0,-0.25,0.00794701495,0,0,-1.09614874e-11,0,0,0,0,0,0,0.000474318691,-3.04181055e-05,-0.0117563141,
36.48,object_red_01,RED,0,-0.25,0.00794701495,0,0,-2.04397876e-11,0,0,0,0,0,0,0.000474318568,-3.041769e-05,-0.0117563141,
36.52,object_red_01,RED,0,-0.25,0.00794701495,0,0,1.55292583e-11,0,0,0,0,0,0,0.000474318654,-3.04179757e-05,-0.0117563141,
36.56,object_red_01,RED,0,-0.25,0.00794701495,0,0,-5.75411572e-12,0,0,0,0,0,0,0.000474318697,-3.04181265e-05,-0.0117563141,
36.6,object_red_01,RED,0,-0.25,0.00794701495,0,0,-1.71933623e-11,0,0,0,0,0,0,0.000474318565,-3.0417676e-05,-0.0117563141,
36.64,object_red_01,RED,0,-0.25,0.00794701495,0,0,2.36321385e-11,0,0,0,0,0,0,0.000474318674,-3.04180438e-05,-0.0117563141,
36.68,object_red_01,RED,0,-0.25,0.00794701495,0,0,-3.05774968e-13,0,0,0,0,0,0,0.000474318701,-3.04181404e-05,-0.0117563141,
36.72,object_red_01,RED,0,-0.25,0.00794701495,0,0,-1.52173092e-11,0,0,0,0,0,0,0.000474318567,-3.04176837e-05,-0.0117563141,
36.76,object_red_01,RED,0,-0.25,0.00794701495,0,0,3.3703538e-11,0,0,0,0,0,0,0.000474318696,-3.04181167e-05,-0.0117563141,
36.8,object_red_01,RED,0,-0.25,0.00794701495,0,0,6.25459034e-12,0,0,0,0,0,0,0.000474318704,-3.04181486e-05,-0.0117563141,
36.84,object_red_01,RED,0,-0.25,0.00794701495,0,0,-1.09557237e-11,0,0,0,0,0,0,0.000474318572,-3.04176969e-05,-0.0117563141,
36.88,object_red_01,RED,0,-0.25,0.00794701495,0,0,-1.98132344e-11,0,0,0,0,0,0,0.000474318719,-3.0418193e-05,-0.0117563141,
36.92,object_red_01,RED,0,-0.25,0.00794701495,0,0,1.26140178e-11,0,0,0,0,0,0,0.000474318706,-3.04181555e-05,-0.0117563141,
36.96,object_red_01,RED,0,-0.25,0.00794701495,0,0,-6.58762023e-12,0,0,0,0,0,0,0.000474318579,-3.04177194e-05,-0.0117563141,
37,object_red_01,RED,0,-0.25,0.00794701495,0,0,-1.85019564e-11,0,0,0,0,0,0,0.00047431874,-3.04182651e-05,-0.0117563141,
37.04,object_red_01,RED,0,-0.25,0.00794701495,0,0,2.21484767e-11,0,0,0,0,0,0,0.000474318707,-3.04181594e-05,-0.0117563141,
37.08,object_red_01,RED,0,-0.25,0.00794701495,0,0,-5.57800226e-13,0,0,0,0,0,0,0.000474318594,-3.04177713e-05,-0.0117563141,
37.12,object_red_01,RED,0,-0.25,0.00794701495,0,0,-1.47330227e-11,0,0,0,0,0,0,0.00047431876,-3.04183332e-05,-0.0117563141,
37.16,object_red_01,RED,0,-0.25,0.00794701495,0,0,3.23466294e-11,0,0,0,0,0,0,0.000474318708,-3.04181618e-05,-0.0117563141,
37.2,object_red_01,RED,0,-0.25,0.00794701495,0,0,3.67380374e-12,0,0,0,0,0,0,0.000474318612,-3.04178297e-05,-0.0117563141,
37.24,object_red_01,RED,0,-0.25,0.00794701495,0,0,-1.15640011e-11,0,0,0,0,0,0,0.00047431878,-3.04184001e-05,-0.0117563141,
37.28,object_red_01,RED,0,-0.25,0.00794701495,0,0,-2.0966757e-11,0,0,0,0,0,0,0.00047431871,-3.04181672e-05,-0.0117563141,
37.32,object_red_01,RED,0,-0.25,0.00794701495,0,0,1.15371995e-11,0,0,0,0,0,0,0.000474318633,-3.04178979e-05,-0.0117563141,
37.36,object_red_01,RED,0,-0.25,0.00794701495,0,0,-6.59258086e-12,0,0,0,0,0,0,0.000474318797,-3.04184562e-05,-0.0117563141,
37.4,object_red_01,RED,0,-0.25,0.00794701495,0,0,-1.78841718e-11,0,0,0,0,0,0,0.000474318714,-3.04181776e-05,-0.0117563141,
37.44,object_red_01,RED,0,-0.25,0.00794701495,0,0,1.98153436e-11,0,0,0,0,0,0,0.00047431866,-3.04179898e-05,-0.0117563141,
37.48,object_red_01,RED,0,-0.25,0.00794701495,0,0,-3.58445516e-12,0,0,0,0,0,0,0.000474318811,-3.04185039e-05,-0.0117563141,
37.52,object_red_01,RED,0,-0.25,0.00794701495,0,0,-1.54741131e-11,0,0,0,0,0,0,0.000474318719,-3.04181931e-05,-0.0117563141,
37.56,object_red_01,RED,0,-0.25,0.00794701495,0,0,2.97892291e-11,0,0,0,0,0,0,0.000474318689,-3.04180843e-05,-0.0117563141,
37.6,object_red_01,RED,0,-0.25,0.00794701495,0,0,2.89551931e-12,0,0,0,0,0,0,0.000474318825,-3.04185481e-05,-0.0117563141,
37.64,object_red_01,RED,0,-0.25,0.00794701495,0,0,-1.1386496e-11,0,0,0,0,0,0,0.000474318727,-3.04182175e-05,-0.0117563141,
37.68,object_red_01,RED,0,-0.25,0.00794701495,0,0,-2.0255591e-11,0,0,0,0,0,0,0.000474318718,-3.04181824e-05,-0.0117563141,
37.72,object_red_01,RED,0,-0.25,0.00794701495,0,0,9.55522937e-12,0,0,0,0,0,0,0.000474318835,-3.04185808e-05,-0.0117563141,
37.76,object_red_01,RED,0,-0.25,0.00794701495,0,0,-9.39144271e-12,0,0,0,0,0,0,0.000474318739,-3.04182563e-05,-0.0117563141,
37.8,object_red_01,RED,0,-0.25,0.00794701495,0,0,-1.84793195e-11,0,0,0,0,0,0,0.00047431875,-3.0418289e-05,-0.0117563141,
37.84,object_red_01,RED,0,-0.25,0.00794701495,0,0,1.76706397e-11,0,0,0,0,0,0,0.000474318843,-3.04186066e-05,-0.0117563141,
37.88,object_red_01,RED,0,-0.25,0.00794701495,0,0,-4.08397686e-12,0,0,0,0,0,0,0.000474318754,-3.04183071e-05,-0.0117563141,
37.92,object_red_01,RED,0,-0.25,0.00794701495,0,0,-1.51406228e-11,0,0,0,0,0,0,0.00047431878,-3.04183907e-05,-0.0117563141,
37.96,object_red_01,RED,0,-0.25,0.00794701495,0,0,2.85400055e-11,0,0,0,0,0,0,0.00047431885,-3.0418631e-05,-0.0117563141,
38,object_red_01,RED,0,-0.25,0.00794701495,0,0,1.20998107e-12,0,0,0,0,0,0,0.000474318775,-3.04183732e-05,-0.0117563141,
38.04,object_red_01,RED,-4.75145396e-12,-0.249999966,0.00794702368,-4.54320521e-10,3.21431658e-06,5.7490039e-07,7.42358463e-16,-6.72453987e-16,1.71218855e-05,0,0.000670367143,0,0.000474325935,-3.02711121e-05,-0.0117563113,
38.08,object_red_01,RED,-3.63504962e-11,-0.249999744,0.00794703006,-9.28360587e-10,6.48794554e-06,-7.33725547e-08,1.98285977e-17,-1.45912639e-16,8.52623984e-05,0,0.000841602554,0,0.000474333384,-2.91201554e-05,-0.0117563141,
38.12,object_red_01,RED,-7.46328268e-11,-0.24999948,0.00794703366,-9.52646637e-10,6.51212818e-06,1.40501376e-07,-1.24162015e-16,-6.22054043e-16,7.61971698e-05,0,0.00105189881,0,0.000474337908,-2.79794755e-05,-0.0117563133,
38.16,object_red_01,RED,-1.10121634e-10,-0.249999239,0.00794703693,-8.22402262e-10,5.51619482e-06,6.03745236e-08,1.45101441e-16,-3.28964689e-16,5.85671665e-05,0,0.00112480942,0,0.000474338469,-2.71629264e-05,-0.0117563136,
38.2,object_red_01,RED,-1.3970004e-10,-0.249999043,0.00794703907,-6.6037012e-10,4.36682869e-06,3.40822449e-08,4.66672982e-16,6.6590852e-17,4.3031926e-05,0,0.0012072914,0,0.000474336994,-2.66237811e-05,-0.0117563138,
38.24,object_red_01,RED,-1.62951479e-10,-0.24999889,0.00794704059,-5.10422352e-10,3.34038456e-06,4.45974702e-08,7.70366119e-16,-4.78628948e-16,3.07352448e-05,0,0.00125785601,0,0.00047433475,-2.6276962e-05,-0.0117563138,
38.28,object_red_01,RED,-1.80158873e-10,-0.249998777,0.00794704145,-3.63139752e-10,2.35915977e-06,1.03867036e-08,5.16894886e-16,-1.12912848e-17,2.14129554e-05,0,0.00125224693,0,0.000474332141,-2.60680012e-05,-0.011756314,
38.32,object_red_01,RED,-1.92055919e-10,-0.2499987,0.0079470418,-2.42058032e-10,1.56477966e-06,3.22114137e-09,8.51286264e-16,-2.78091865e-16,1.35490747e-05,0,0.00125770874,0,0.000474329768,-2.5960372e-05,-0.011756314,
38.36,object_red_01,RED,-1.99855516e-10,-0.24999865,0.00794704206,-1.56817347e-10,1.01056967e-06,6.58984815e-09,2.60142781e-16,-3.28712894e-16,8.1316771e-06,0,0.00125876433,0,0.000474327813,-2.59150401e-05,-0.011756314,
38.4,object_red_01,RED,0.0003356995,-0.250136135,0.00807796557,0.0410680038,-0.00279769686,0.00127847078,0.0808738414,0.0208906564,0.199308678,0.651625568,0.565858884,1,0.000340336613,-0.00038243673,-0.0116043396,0
38.44,object_red_01,RED,0.00159269581,-0.250175812,0.00810070524,0.019800191,-4.41542495e-05,0.000264296733,-0.000878940993,-0.0026314828,-0.0290374183,0.616303993,0.590038491,1,0.000317831089,-0.00170786614,-0.0115703538,0.00132605605
38.48,object_red_01,RED,0.00202413404,-0.250163337,0.0080983448,0.00538967565,0.000522756879,0.000108428638,-2.17784234e-05,2.57337919e-05,0.00885048474,0.60266461,0.596962579,1,0.000318749232,-0.00212227006,-0.011569406,0.00174031789
38.52,object_red_01,RED,0.00216191781,-0.250141055,0.00810052294,0.00233094738,0.000387819901,-0.000669551527,-1.10469138e-05,4.88770679e-05,0.0082611927,0.599297272,0.600522164,1,0.000318636647,-0.00221334325,-0.0115701506,0.00183135426
38.56,object_red_01,RED,0.00222843151,-0.250129569,0.00810167698,0.00104833745,0.000109364762,1.7540185e-05,-4.47969558e-06,2.01328538e-05,0.00338295898,0.596420757,0.603584689,1,0.000317427696,-0.00223978263,-0.011568987,0.00185782357
38.6,object_red_01,RED,0.00224259203,-0.250134456,0.00810354463,-0.00021201633,-0.000294925942,0.000146690166,4.40376809e-06,-1.97998716e-05,-0.00332646966,0.599803034,0.600192644,1,0.000315940427,-0.00224265975,-0.0115684633,0.00186072888
38.64,object_red_01,RED,0.0022260817,-0.250146145,0.00811665727,-0.000434082557,-0.000241887686,0.000375412618,4.37447289e-06,-1.96678811e-05,-0.00330430195,0.60002626,0.59997341,1,0.000316040412,-0.00223888458,-0.0115668214,0.00185698587
38.68,object_red_01,RED,0.00221288964,-0.250153047,0.0081341923,-0.000226634623,-0.00011595125,0.000498781105,2.11432852e-06,-9.50612708e-06,-0.00159707683,0.60004135,0.599959158,1,0.000316552767,-0.00223774541,-0.011566067,0.00185585581
38.72,object_red_01,RED,0.00220753879,-0.250155933,0.00815690338,-6.64016695e-05,-4.10243975e-05,0.000632544929,6.92730715e-07,-3.11455732e-06,-0.000523261143,0.600021469,0.599978792,1,0.000316856369,-0.00223762115,-0.0115652112,0.00185574556
38.76,object_red_01,RED,0.00220649127,-0.25015681,0.00818531276,-1.99478635e-06,-9.74688004e-06,0.000781235409,1.18525552e-07,-5.32898497e-07,-8.95295957e-05,0.600006195,0.599993902,1,0.000316988664,-0.00223766949,-0.0115642611,0.0018558125
38.8,object_red_01,RED,0.0022067659,-0.250156966,0.00821996167,1.01807058e-05,-7.28172389e-07,0.000943456406,-2.41965055e-08,1.0878923e-07,1.82771301e-05,0.60000012,0.599999908,1,0.000317032568,-0.00223769684,-0.011563224,0.00185586197
38.84,object_red_01,RED,0.00220711364,-0.250156958,0.00826137253,6.55337419e-06,4.86711863e-07,0.00111920735,-2.61197013e-08,1.17436051e-07,1.97298386e-05,0.599999005,0.600001,1,0.000317042682,-0.00223769925,-0.0115621006,0.00185588948
38.88,object_red_01,RED,0.00220727804,-0.250156946,0.00831002776,2.2272534e-06,1.13177747e-07,0.00130689508,-8.02890553e-09,3.60985339e-08,6.06473267e-06,0.599999372,0.600000628,1,0.00031704372,-0.00223769525,-0.0115608981,0.00185591323
38.92,object_red_01,RED,0.00220731781,-0.250156947,0.00836639092,2.18055386e-07,-1.42979606e-07,0.00150534748,1.15111635e-09,-5.17549904e-09,-8.69509318e-07,0.599999791,0.600000209,1,0.000317043597,-0.00223769279,-0.0115596225,0.00185594106
38.96,object_red_01,RED,0.00220731357,-0.250156954,0.00843090511,-2.48605774e-07,-1.58946426e-07,0.00171372607,2.70720987e-09,-1.21718089e-08,-2.04492396e-06,0.599999983,0.600000017,1,0.000317043747,-0.00223769259,-0.0115582762,0.00185597379
39,object_red_01,RED,0.00220730444,-0.250156959,0.00850397408,-1.77130978e-07,-9.2971872e-08,0.00193142198,1.68872908e-09,-7.59264412e-09,-1.27560175e-06,0.600000027,0.599999973,1,0.000317044026,-0.00223769357,-0.0115568653,0.00185601032
39.04,object_red_01,RED,0.0022073002,-0.250156961,0.00858598633,-4.83835158e-08,-3.72452663e-08,0.00215768681,6.47596277e-10,-2.91164797e-09,-4.89171352e-07,0.60000002,0.59999998,1,0.000317044237,-0.00223769491,-0.0115553948,0.00185604985
39.08,object_red_01,RED,0.0022072999,-0.250156962,0.00867731356,1.96106318e-08,-9.69154949e-09,0.0023948834,1.32831162e-10,-5.97215553e-10,-1.00335123e-07,0.600000008,0.599999992,1,0.000317044344,-0.00223769628,-0.0115538617,0.00185609228
39.12,object_red_01,RED,0.00220730121,-0.250156962,0.0087782891,3.95349347e-08,-6.37849277e-10,0.00264104434,-2.04708127e-11,9.20331344e-11,1.54621461e-08,0.600000001,0.599999999,1,0.000317044383,-0.00223769763,-0.0115522723,0.00185613753
39.16,object_red_01,RED,0.00220730284,-0.250156962,0.00888922626,4.03858253e-08,8.27719613e-10,0.00289466849,-3.14844332e-11,1.41552208e-10,2.37816296e-08,0.6,0.6,1,0.000317044392,-0.00223769899,-0.0115506338,0.00185618558
39.2,object_red_01,RED,0.0022073044,-0.250156962,0.0090104269,3.79761172e-08,4.27818578e-10,0.00315517902,-1.39891627e-11,6.28932157e-11,1.05663741e-08,0.6,0.6,1,0.000317044392,-0.00223770039,-0.0115489465,0.00185623656
39.24,object_red_01,RED,0.00220730589,-0.250156962,0.0091421496,3.68277888e-08,4.0688466e-11,0.00342159442,-2.34469606e-12,1.05453324e-11,1.77146049e-09,0.6,0.6,1,0.000317044391,-0.00223770182,-0.0115472169,0.00185629041
39.28,object_red_01,RED,0.00220730737,-0.250156962,0.00928464497,3.71723002e-08,-8.15579199e-11,0.00369231856,1.35215839e-12,-6.08235472e-12,-1.02178657e-09,0.6,0.6,1,0.000317044391,-0.00223770328,-0.0115454491,0.00185634711
39.32,object_red_01,RED,0.00220730886,-0.250156962,0.00943812548,3.77005722e-08,-6.48041716e-11,0.00396771167,1.30484396e-12,-5.86592525e-12,-9.8552782e-10,0.6,0.6,1,0.000317044391,-0.00223770479,-0.0115436523,0.00185640649
39.36,object_red_01,RED,0.00220731039,-0.250156962,0.00960280921,3.85275361e-08,-2.84790039e-11,0.00424979093,6.2902595e-13,-2.82770907e-12,-4.74811875e-10,0.6,0.6,1,0.000317044391,-0.00223770632,-0.0115418171,0.00185646891
39.4,object_red_01,RED,0.00220731194,-0.250156962,0.00977886845,3.91811053e-08,-3.95740474e-12,0.00453681881,1.50601675e-13,-6.76749843e-13,-1.13710434e-10,0.6,0.6,1,0.000317044391,-0.00223770787,-0.0115399537,0.00185653416
39.44,object_red_01,RED,0.00220731352,-0.250156962,0.0099664747,3.97726787e-08,5.39039956e-12,0.00482828183,-2.09556997e-14,9.48885124e-14,1.59616329e-11,0.6,0.6,1,0.000317044392,-0.00223770945,-0.0115380619,0.00185660231
39.48,object_red_01,RED,0.00220731512,-0.250156962,0.0101657596,4.0264966e-08,7.12678253e-12,0.00512304085,-4.14703715e-14,1.85586417e-13,3.15105941e-11,0.6,0.6,1,0.000317044392,-0.00223771106,-0.011536147,0.00185667325
39.52,object_red_01,RED,0.00220731674,-0.250156962,0.01037684,4.06756483e-08,6.31081155e-12,0.00542071092,-1.55234146e-14,7.08724133e-14,1.19023728e-11,0.6,0.6,1,0.000317044392,-0.00223771267,-0.0115342118,0.00185674696
39.56,object_red_01,RED,0.00220731838,-0.250156962,0.0105998178,4.0980058e-08,7.53383121e-12,0.00571764712,-3.82052099e-14,1.7463768e-13,2.9263697e-11,0.6,0.6,1,0.000317044392,-0.00223771431,-0.0115322704,0.00185682293
39.6,object_red_01,RED,0.00220732002,-0.250156962,0.0108347708,4.1295096e-08,6.14404677e-12,0.00601607194,-7.64793904e-15,2.81172378e-14,4.91665962e-12,0.6,0.6,1,0.000317044392,-0.00223771595,-0.0115303145,0.00185690152
39.64,object_red_01,RED,0.00220732168,-0.250156962,0.0110817554,4.14701967e-08,6.62385441e-12,0.00631607025,-1.59610025e-14,7.3126404e-14,1.22532397e-11,0.6,0.6,1,0.000317044392,-0.00223771761,-0.011528351,0.00185698248
39.68,object_red_01,RED,0.00220732334,-0.250156962,0.0113408261,4.16341188e-08,6.65336126e-12,0.00661857683,-1.6486297e-14,7.4196486e-14,1.23090878e-11,0.6,0.6,1,0.000317044392,-0.00223771927,-0.011526378,0.00185706592
39.72,object_red_01,RED,0.00220732501,-0.250156962,0.0116120033,4.1733762e-08,6.26195464e-12,0.00692279216,-7.20392297e-15,3.27834416e-14,5.62697017e-12,0.6,0.6,1,0.000317044392,-0.00223772094,-0.0115243981,0.00185715176
39.76,object_red_01,RED,0.00220732668,-0.250156962,0.0118952856,4.17042757e-08,6.89357646e-12,0.00722691666,-2.06725739e-14,9.50211498e-14,1.6116488e-11,0.6,0.6,1,0.000317044392,-0.00223772261,-0.0115224192,0.00185723966
39.8,object_red_01,RED,0.00220732834,-0.250156962,0.0121906724,4.16771167e-08,6.90068373e-12,0.00752973728,-2.26366254e-14,9.49386711e-14,1.62337603e-11,0.6,0.6,1,0.000317044392,-0.00223772428,-0.0115204429,0.00185732955
39.84,object_red_01,RED,0.00220733001,-0.250156962,0.012498101,4.13793725e-08,8.57642115e-12,0.00783450721,-5.86629119e-14,2.65478658e-13,4.44988706e-11,0.6,0.6,1,0.000317044392,-0.00223772594,-0.0115184699,0.00185742138
39.88,object_red_01,RED,0.00220733167,-0.250156962,0.0128175996,4.14091148e-08,8.07685127e-12,0.0081298647,-4.8164378e-14,2.1771523e-13,3.62920406e-11,0.6,0.6,1,0.000317044392,-0.0022377276,-0.0115165134,0.00185751452
39.92,object_red_01,RED,0.00220733332,-0.250156962,0.0131490365,4.12054887e-08,6.60340249e-12,0.00842522858,-1.56594857e-14,7.70754824e-14,1.25217297e-11,0.6,0.6,1,0.000317044392,-0.00223772926,-0.0115145675,0.00185760919
39.96,object_red_01,RED,0.00220733497,-0.250156962,0.0134923553,4.09767739e-08,5.84443242e-12,0.00871977962,-4.04790747e-16,2.87788063e-15,4.56574014e-13,0.6,0.6,1,0.000317044392,-0.0022377309,-0.0115126332,0.00185770532
40,object_red_01,RED,0.0022073366,-0.250156962,0.0138474704,4.0714004e-08,5.44160206e-12,0.0090158185,7.80536339e-15,-3.06817266e-14,-5.58269352e-12,0.6,0.6,1,0.000317044392,-0.00223773253,-0.0115107072,0.00185780302
40.04,object_red_01,RED,0.00220733822,-0.250156962,0.014214265,4.02248241e-08,6.87224751e-12,0.00930792073,-2.63814781e-14,1.15510882e-13,1.92970714e-11,0.6,0.6,1,0.000317044392,-0.00223773415,-0.0115088028,0.00185790159
40.08,object_red_01,RED,0.00220733982,-0.250156962,0.0145926008,3.98034894e-08,6.45353866e-12,0.00959058735,-1.7659632e-14,7.65014994e-14,1.31915986e-11,0.6,0.6,1,0.000317044392,-0.00223773575,-0.0115069322,0.00185800032
40.12,object_red_01,RED,0.0022073414,-0.250156962,0.0149824003,3.94560975e-08,5.54495547e-12,0.00988023531,1.04527377e-15,-6.43259412e-15,-1.04768923e-12,0.6,0.6,1,0.000317044392,-0.00223773733,-0.0115050568,0.00185810116
40.16,object_red_01,RED,0.00220734296,-0.250156962,0.0153834446,3.87913263e-08,6.67189049e-12,0.0101597278,-2.56078936e-14,1.16658131e-13,1.94438181e-11,0.6,0.6,1,0.000317044392,-0.0022377389,-0.0115032233,0.00185820159
40.2,object_red_01,RED,0.0022073445,-0.250156962,0.0157955746,3.81096072e-08,6.75574039e-12,0.0104368188,-2.94538001e-14,1.34178093e-13,2.22521552e-11,0.6,0.6,1,0.000317044392,-0.00223774043,-0.0115014141,0.00185830246
40.24,object_red_01,RED,0.00220734602,-0.250156962,0.0162186594,3.76189082e-08,7.08296121e-12,0.0107034375,-3.87911779e-14,1.73068779e-13,2.88805385e-11,0.6,0.6,1,0.000317044392,-0.00223774195,-0.0114996448,0.00185840281
40.28,object_red_01,RED,0.00220734751,-0.250156962,0.0166524637,3.69587054e-08,5.93304311e-12,0.0109694581,-1.38195989e-14,6.75040135e-14,1.14131859e-11,0.6,0.6,1,0.000317044392,-0.00223774345,-0.0114979004,0.00185850339
40.32,object_red_01,RED,0.00220734898,-0.250156962,0.0170968034,3.63305782e-08,4.6326643e-12,0.0112315379,1.13247081e-14,-5.13562774e-14,-8.61692861e-12,0.6,0.6,1,0.000317044392,-0.00223774491,-0.011496185,0.00185860388
40.36,object_red_01,RED,0.00220735041,-0.250156962,0.0175514487,3.55096666e-08,5.71060144e-12,0.0114879682,-1.41161258e-14,6.84679169e-14,1.12118913e-11,0.6,0.6,1,0.000317044392,-0.00223774634,-0.011494508,0.00185870365
40.4,object_red_01,RED,0.00220735182,-0.250156962,0.0180161815,3.4717488e-08,5.39095005e-12,0.0117384554,-1.128961e-14,4.64238535e-14,7.77176134e-12,0.6,0.6,1,0.000317044392,-0.00223774775,-0.0114928669,0.00185880275
40.44,object_red_01,RED,0.00220735319,-0.250156962,0.0184907627,3.39177413e-08,5.51310391e-12,0.0119806478,-1.49342607e-14,7.01161545e-14,1.16111431e-11,0.6,0.6,1,0.000317044392,-0.00223774912,-0.01149127,0.00185890057
40.48,object_red_01,RED,0.00220735453,-0.250156962,0.0189749055,3.29518021e-08,6.31006032e-12,0.012214197,-3.55639593e-14,1.63408558e-13,2.68715735e-11,0.6,0.6,1,0.000317044392,-0.00223775046,-0.011489725,0.00185899652
40.52,object_red_01,RED,0.00220735583,-0.250156962,0.0194684359,3.22069524e-08,5.17332805e-12,0.01244412,-1.33175601e-14,5.82865223e-14,9.85664356e-12,0.6,0.6,1,0.000317044392,-0.00223775176,-0.0114882052,0.00185909215
40.56,object_red_01,RED,0.0022073571,-0.250156962,0.0199710039,3.12240229e-08,4.7878956e-12,0.0126670011,-7.59221613e-15,3.638782e-14,5.99872968e-12,0.6,0.6,1,0.000317044392,-0.00223775303,-0.0114867364,0.00185918574
40.6,object_red_01,RED,0.00220735833,-0.250156962,0.0204823602,3.03801735e-08,3.14398834e-12,0.0128849297,2.61790635e-14,-1.15751586e-13,-1.9351515e-11,0.6,0.6,1,0.000317044392,-0.00223775426,-0.0114853085,0.00185927783
40.64,object_red_01,RED,0.00220735952,-0.250156962,0.0210022003,2.92147216e-08,5.12085595e-12,0.013094898,-2.19001837e-14,9.8541518e-14,1.62379679e-11,0.6,0.6,1,0.000317044392,-0.00223775545,-0.0114839327,0.00185936761
40.68,object_red_01,RED,0.00220736067,-0.250156962,0.0215302416,2.82258479e-08,4.19268271e-12,0.0132968273,-4.02027545e-15,1.80783081e-14,3.05990914e-12,0.6,0.6,1,0.000317044392,-0.0022377566,-0.0114826038,0.00185945528
40.72,object_red_01,RED,0.00220736177,-0.250156962,0.0220661645,2.71563793e-08,4.09269111e-12,0.0134905133,-5.70693468e-15,2.35428101e-14,4.0148965e-12,0.6,0.6,1,0.000317044392,-0.0022377577,-0.0114813267,0.00185954043
40.76,object_red_01,RED,0.00220736284,-0.250156962,0.0226096599,2.62009207e-08,2.25176364e-12,0.0136749642,3.19660603e-14,-1.42098863e-13,-2.41095166e-11,0.6,0.6,1,0.000317044392,-0.00223775877,-0.011480102,0.00185962291
40.8,object_red_01,RED,0.00220736386,-0.250156962,0.0231603917,2.49420884e-08,4.2287749e-12,0.0138510965,-1.48973265e-14,7.06743507e-14,1.15797233e-11,0.6,0.6,1,0.000317044392,-0.00223775979,-0.011478935,0.00185970226
40.84,object_red_01,RED,0.00220736483,-0.250156962,0.0237180442,2.3946753e-08,1.78278999e-12,0.0140193447,3.57174173e-14,-1.57218991e-13,-2.66590524e-11,0.6,0.6,1,0.000317044392,-0.00223776076,-0.0114778179,0.00185977889
40.88,object_red_01,RED,0.00220736576,-0.250156962,0.0242822615,2.2615715e-08,3.96664904e-12,0.014179213,-1.67411723e-14,7.64203462e-14,1.26670828e-11,0.6,0.6,1,0.000317044392,-0.00223776169,-0.0114767606,0.00185985205
40.92,object_red_01,RED,0.00220736664,-0.250156962,0.0248527239,2.1555761e-08,2.19916663e-12,0.014332234,1.87946015e-14,-8.44609905e-14,-1.42704554e-11,0.6,0.6,1,0.000317044392,-0.00223776257,-0.0114757522,0.00185992237
40.96,object_red_01,RED,0.00220736747,-0.250156962,0.0254290475,2.02156567e-08,3.46044118e-12,0.0144733554,-1.34762046e-14,5.89631299e-14,9.89102727e-12,0.6,0.6,1,0.000317044392,-0.0022377634,-0.0114748107,0.00185998853
41,object_red_01,RED,0.00220736826,-0.250156962,0.0260109137,1.90553583e-08,2.68023763e-12,0.0146097115,2.99409542e-16,-2.22653692e-15,-4.85635725e-13,0.6,0.6,1,0.000317044392,-0.00223776419,-0.0114739158,0.00186005184
41.04,object_red_01,RED,0.00220736899,-0.250156962,0.0265979289,1.77492309e-08,2.92452929e-12,0.0147342481,-9.53656588e-15,4.26429035e-14,6.78859487e-12,0.6,0.6,1,0.000317044392,-0.00223776492,-0.0114730869,0.00186011088
41.08,object_red_01,RED,0.00220736967,-0.250156962,0.0271897343,1.64987599e-08,2.33451525e-12,0.0148491058,-2.61569894e-16,4.38099448e-16,-8.31065744e-14,0.6,0.6,1,0.000317044392,-0.0022377656,-0.0114723187,0.00186016593
41.12,object_red_01,RED,0.00220737031,-0.250156962,0.0277859497,1.51465456e-08,2.70762908e-12,0.0149557629,-1.21223513e-14,5.65233389e-14,9.29484344e-12,0.6,0.6,1,0.000317044392,-0.00223776624,-0.0114716102,0.00186021697
41.16,object_red_01,RED,0.00220737089,-0.250156962,0.0283862185,1.39019412e-08,2.69134285e-12,0.015051079,-1.56025061e-14,7.25891589e-14,1.1887298e-11,0.6,0.6,1,0.000317044392,-0.00223776682,-0.011470967,0.00186026356
41.2,object_red_01,RED,0.00220737142,-0.250156962,0.0289901422,1.25930633e-08,1.81486907e-12,0.0151385349,-1.02719718e-15,3.44140778e-15,5.00111269e-13,0.6,0.6,1,0.000317044392,-0.00223776735,-0.0114703822,0.00186030611
41.24,object_red_01,RED,0.00220737189,-0.250156962,0.0295973395,1.12594671e-08,1.83557526e-12,0.0152160218,-4.77083746e-15,2.19290425e-14,3.90083146e-12,0.6,0.6,1,0.000317044392,-0.00223776782,-0.0114698618,0.00186034413
41.28,object_red_01,RED,0.00220737231,-0.250156962,0.0302074276,9.98551992e-09,7.11903024e-13,0.0152836603,1.54814092e-14,-7.05138633e-14,-1.16235597e-11,0.6,0.6,1,0.000317044392,-0.00223776824,-0.0114694031,0.00186037776
41.32,object_red_01,RED,0.00220737268,-0.250156962,0.0308200029,8.57025208e-09,1.59949273e-12,0.0153404895,-8.66066354e-15,3.79201987e-14,6.39206195e-12,0.6,0.6,1,0.000317044392,-0.00223776861,-0.0114690132,0.00186040645
41.36,object_red_01,RED,0.002207373,-0.250156962,0.03143469,7.24239766e-09,1.05086609e-12,0.0153890635,3.49393994e-16,3.6437821e-16,3.38119741e-13,0.6,0.6,1,0.000317044392,-0.00223776893,-0.0114686823,0.00186043086
41.4,object_red_01,RED,0.00220737326,-0.250156962,0.032051081,5.86396391e-09,9.60942086e-13,0.0154267966,-1.91434081e-15,1.44752551e-14,2.14655532e-12,0.6,0.6,1,0.000317044392,-0.00223776919,-0.0114684186,0.00186045037
41.44,object_red_01,RED,0.00220737347,-0.250156962,0.0326687834,4.50225185e-09,6.37264198e-13,0.0154549095,5.47272533e-16,-7.47977197e-17,-1.3797372e-14,0.6,0.6,1,0.000317044392,-0.00223776939,-0.0114682189,0.00186046517
41.48,object_red_01,RED,0.00220737362,-0.250156962,0.0332873979,3.12397387e-09,4.74057511e-13,0.0154732322,-1.29980573e-15,2.78471051e-15,5.08259605e-13,0.6,0.6,1,0.000317044392,-0.00223776955,-0.0114680841,0.0018604752
41.52,object_red_01,RED,0.00220737371,-0.250156962,0.0339065269,1.75073668e-09,3.67118346e-13,0.0154812279,-1.1498671e-15,1.25444636e-14,1.944949e-12,0.6,0.6,1,0.000317044392,-0.00223776964,-0.0114680152,0.00186048034
41.56,object_red_01,RED,0.00220737375,-0.250156962,0.0345257697,3.75261329e-10,7.65500229e-14,0.0154792999,-5.3729311e-16,1.91490988e-15,3.48833603e-13,0.6,0.6,1,0.000317044392,-0.00223776968,-0.0114680112,0.00186048067
41.6,object_red_01,RED,0.00220737374,-0.250156962,0.035144728,-9.98727444e-10,-1.72130375e-13,0.0154676261,2.69659406e-16,-4.90960114e-15,-5.49535486e-13,0.6,0.6,1,0.000317044392,-0.00223776967,-0.0114680719,0.00186047621
41.64,object_red_01,RED,0.00220737367,-0.250156962,0.0357629989,-2.38360451e-09,-3.18146141e-13,0.015445519,-6.68173094e-16,1.66459737e-15,3.07440121e-13,0.6,0.6,1,0.000317044392,-0.0022377696,-0.0114681991,0.00186046683
41.68,object_red_01,RED,0.00220737355,-0.250156962,0.0363801879,-3.7517439e-09,-5.3771314e-13,0.0154138394,3.83508106e-16,-1.07748115e-15,-1.35052219e-13,0.6,0.6,1,0.000317044392,-0.00223776948,-0.0114683905,0.00186045271
41.72,object_red_01,RED,0.00220737337,-0.250156962,0.0369958961,-5.12038428e-09,-7.62858178e-13,0.0153723536,4.13808034e-16,-4.02899121e-15,-6.39072167e-13,0.6,0.6,1,0.000317044392,-0.0022377693,-0.0114686464,0.00186043385
41.76,object_red_01,RED,0.00220737313,-0.250156962,0.0376097273,-6.4773581e-09,-9.13090484e-13,0.0153202587,-4.75929925e-16,-7.44835528e-17,7.71703664e-15,0.6,0.6,1,0.000317044392,-0.00223776906,-0.0114689686,0.00186041015
41.8,object_red_01,RED,0.00220737285,-0.250156962,0.0382212844,-7.845137e-09,-1.34149577e-12,0.0152590057,4.56669002e-15,-2.29125843e-14,-3.82985601e-12,0.6,0.6,1,0.000317044392,-0.00223776878,-0.0114693531,0.00186038192
41.84,object_red_01,RED,0.0022073725,-0.250156962,0.0388301768,-9.242655e-09,-5.58258736e-13,0.0151873976,-1.73483907e-14,7.43914757e-14,1.23311006e-11,0.6,0.6,1,0.000317044392,-0.00223776843,-0.0114698043,0.00186034889
41.88,object_red_01,RED,0.00220737211,-0.250156962,0.0394360192,-1.05248101e-08,-1.91978095e-12,0.015106395,1.02460036e-14,-4.36220764e-14,-7.14083281e-12,0.6,0.6,1,0.000317044392,-0.00223776804,-0.0114703159,0.00186031157
41.92,object_red_01,RED,0.00220737166,-0.250156962,0.0400384178,-1.18798794e-08,-1.65009368e-12,0.0150157043,-5.1435156e-16,5.2638313e-15,5.61420499e-13,0.6,0.6,1,0.000317044392,-0.00223776759,-0.0114708926,0.00186026967
41.96,object_red_01,RED,0.00220737116,-0.250156962,0.04063701,-1.314311e-08,-2.60146325e-12,0.0149173918,1.66664592e-14,-7.03091737e-14,-1.21362681e-11,0.6,0.6,1,0.000317044392,-0.00223776709,-0.0114715242,0.00186022396
42,object_red_01,RED,0.0022073706,-0.250156962,0.0412313711,-1.45329863e-08,-2.2279274e-12,0.0148076079,2.85657873e-15,-1.59733336e-14,-2.74178638e-12,0.6,0.6,1,0.000317044392,-0.00223776653,-0.011472228,0.00186017329
42.04,object_red_01,RED,0.00220736999,-0.250156962,0.0418211674,-1.57922508e-08,-2.3655547e-12,0.0146883561,2.2218216e-15,-1.25903447e-14,-2.17814254e-12,0.6,0.6,1,0.000317044392,-0.00223776592,-0.01147299,0.00186011872
42.08,object_red_01,RED,0.00220736933,-0.250156962,0.0424060157,-1.70657096e-08,-2.55752237e-12,0.0145599159,2.82482332e-15,-1.29588527e-14,-2.2873916e-12,0.6,0.6,1,0.000317044392,-0.00223776526,-0.0114738117,0.00186006022
42.12,object_red_01,RED,0.00220736863,-0.250156962,0.0429855494,-1.83047603e-08,-2.54542056e-12,0.0144208559,-6.4357235e-16,1.80894726e-15,6.83042087e-13,0.6,0.6,1,0.000317044392,-0.00223776456,-0.0114746975,0.00185999756
42.16,object_red_01,RED,0.00220736787,-0.250156962,0.0435594024,-1.95619187e-08,-3.59172562e-12,0.014275506,1.75780121e-14,-8.04644925e-14,-1.35740577e-11,0.6,0.6,1,0.000317044392,-0.0022377638,-0.0114756347,0.00185993172
42.2,object_red_01,RED,0.00220736706,-0.250156962,0.0441272265,-2.08174819e-08,-1.9567011e-12,0.0141190882,-2.19817051e-14,9.4305556e-14,1.62007752e-11,0.6,0.6,1,0.000317044392,-0.00223776299,-0.0114766385,0.00185986172
42.24,object_red_01,RED,0.0022073662,-0.250156962,0.0446886758,-2.19651787e-08,-4.22106697e-12,0.0139571011,2.44465286e-14,-1.08919221e-13,-1.83741197e-11,0.6,0.6,1,0.000317044392,-0.00223776213,-0.0114776868,0.00185978918
42.28,object_red_01,RED,0.0022073653,-0.250156962,0.045243397,-2.32746516e-08,-1.32383377e-12,0.013785585,-4.27151549e-14,1.9240384e-13,3.23643724e-11,0.6,0.6,1,0.000317044392,-0.00223776123,-0.0114788003,0.00185971278
42.32,object_red_01,RED,0.00220736434,-0.250156962,0.0457910738,-2.43061263e-08,-4.33095754e-12,0.0136064559,2.00690859e-14,-8.92276786e-14,-1.47767092e-11,0.6,0.6,1,0.000317044392,-0.00223776027,-0.0114799583,0.00185963402
42.36,object_red_01,RED,0.00220736335,-0.250156962,0.0463313546,-2.55706073e-08,-1.68415701e-12,0.0134176286,-4.11236956e-14,1.89764504e-13,3.18256087e-11,0.6,0.6,1,0.000317044392,-0.00223775928,-0.0114811795,0.00185955175
42.4,object_red_01,RED,0.0022073623,-0.250156962,0.0468639365,-2.655016e-08,-4.63710547e-12,0.0132206118,1.87513618e-14,-8.82047118e-14,-1.45522498e-11,0.6,0.6,1,0.000317044392,-0.00223775823,-0.0114824468,0.0018594672
42.44,object_red_01,RED,0.00220736122,-0.250156962,0.0473884968,-2.76341389e-08,-4.10140235e-12,0.0130155,3.32476846e-15,-1.74286138e-14,-3.06825161e-12,0.6,0.6,1,0.000317044392,-0.00223775715,-0.0114837693,0.00185937989
42.48,object_red_01,RED,0.00220736009,-0.250156962,0.0479047343,-2.86735171e-08,-4.64521825e-12,0.0128035137,1.23940317e-14,-5.52318899e-14,-9.5923735e-12,0.6,0.6,1,0.000317044392,-0.00223775602,-0.0114851396,0.00185929041
42.52,object_red_01,RED,0.00220735892,-0.250156962,0.0484123485,-2.97650548e-08,-2.83979947e-12,0.0125833385,-2.86747397e-14,1.35115547e-13,2.24975122e-11,0.6,0.6,1,0.000317044392,-0.00223775485,-0.011486565,0.00185919841
42.56,object_red_01,RED,0.00220735771,-0.250156962,0.0489110694,-3.06651667e-08,-5.59520044e-12,0.0123597475,2.78896436e-14,-1.2457629e-13,-2.07658014e-11,0.6,0.6,1,0.000317044392,-0.00223775364,-0.0114880212,0.00185910552
42.6,object_red_01,RED,0.00220735647,-0.250156962,0.0494006206,-3.1519156e-08,-5.696649e-12,0.0121266406,2.68057554e-14,-1.19954315e-13,-2.03058038e-11,0.6,0.6,1,0.000317044392,-0.0022377524,-0.01148953,0.00185901049
42.64,object_red_01,RED,0.00220735518,-0.250156962,0.0498806973,-3.25682558e-08,-5.79900314e-12,0.0118895334,2.58823795e-14,-1.16234657e-13,-1.94839938e-11,0.6,0.6,1,0.000317044392,-0.00223775111,-0.011491078,0.00185891424
42.68,object_red_01,RED,0.00220735386,-0.250156962,0.0503510871,-3.34402624e-08,-5.0091094e-12,0.0116443888,6.11408738e-15,-2.83842237e-14,-4.45278365e-12,0.6,0.6,1,0.000317044392,-0.00223774979,-0.0114926701,0.0018588166
42.72,object_red_01,RED,0.0022073525,-0.250156962,0.0508115189,-3.43131259e-08,-5.23315078e-12,0.0113906763,8.52423871e-15,-3.57775831e-14,-5.97877802e-12,0.6,0.6,1,0.000317044392,-0.00223774843,-0.0114943072,0.00185871761
42.76,object_red_01,RED,0.00220735111,-0.250156962,0.0512617658,-3.51016602e-08,-5.51793229e-12,0.0111322984,1.21036384e-14,-5.29976818e-14,-8.99206882e-12,0.6,0.6,1,0.000317044392,-0.00223774704,-0.0114959813,0.00185861787
42.8,object_red_01,RED,0.00220734969,-0.250156962,0.0517016076,-3.59116973e-08,-4.73285554e-12,0.0108692079,-7.45692799e-15,3.58882357e-14,5.83571961e-12,0.6,0.6,1,0.000317044392,-0.00223774562,-0.011497691,0.00185851757
42.84,object_red_01,RED,0.00220734824,-0.250156962,0.0521308376,-3.6571583e-08,-6.08581263e-12,0.010602115,2.04230956e-14,-8.78777327e-14,-1.49320593e-11,0.6,0.6,1,0.000317044392,-0.00223774417,-0.0114994297,0.00185841716
42.88,object_red_01,RED,0.00220734677,-0.250156962,0.0525492849,-3.71563414e-08,-7.48147221e-12,0.0103340504,4.72077517e-14,-2.12862502e-13,-3.63039154e-11,0.6,0.6,1,0.000317044392,-0.0022377427,-0.011501186,0.00185831736
42.92,object_red_01,RED,0.00220734526,-0.250156962,0.0529566569,-3.80084515e-08,-5.78579411e-12,0.0100552492,8.38390181e-15,-3.95067054e-14,-6.42983211e-12,0.6,0.6,1,0.000317044392,-0.00223774119,-0.011503001,0.00185821599
42.96,object_red_01,RED,0.00220734373,-0.250156962,0.0533528922,-3.84865051e-08,-6.38764498e-12,0.00977323571,2.08162657e-14,-9.24908325e-14,-1.54921441e-11,0.6,0.6,1,0.000317044392,-0.00223773966,-0.0115048315,0.00185811554
43,object_red_01,RED,0.00220734218,-0.250156962,0.053737788,-3.9024167e-08,-5.27912767e-12,0.00948356615,-4.90375707e-15,2.37914045e-14,4.0292011e-12,0.6,0.6,1,0.000317044392,-0.00223773811,-0.0115066997,0.00185801488
43.04,object_red_01,RED,0.0022073406,-0.250156962,0.054111195,-3.95411871e-08,-7.38494235e-12,0.00919652502,3.78806629e-14,-1.75270582e-13,-2.94756145e-11,0.6,0.6,1,0.000317044392,-0.00223773653,-0.0115085737,0.00185791577
43.08,object_red_01,RED,0.00220733901,-0.250156962,0.0544729951,-3.99808491e-08,-6.6536073e-12,0.00890425224,2.2535694e-14,-9.53439297e-14,-1.62335577e-11,0.6,0.6,1,0.000317044392,-0.00223773494,-0.011510475,0.00185781715
43.12,object_red_01,RED,0.0022073374,-0.250156962,0.054823057,-4.04618473e-08,-5.04640695e-12,0.00860902599,-1.51651783e-14,6.63054372e-14,1.12686962e-11,0.6,0.6,1,0.000317044392,-0.00223773333,-0.0115124003,0.00185771926
43.16,object_red_01,RED,0.00220733578,-0.250156962,0.0551612957,-4.07743918e-08,-6.76016907e-12,0.00831485,2.25853741e-14,-9.66409189e-14,-1.63042722e-11,0.6,0.6,1,0.000317044392,-0.00223773171,-0.0115143286,0.0018576232
43.2,object_red_01,RED,0.00220733414,-0.250156962,0.0554876182,-4.10583201e-08,-6.53047202e-12,0.00801795647,1.59832271e-14,-7.02105155e-14,-1.17245771e-11,0.6,0.6,1,0.000317044392,-0.00223773007,-0.011516273,0.00185752837
43.24,object_red_01,RED,0.00220733249,-0.250156962,0.0558019841,-4.11234874e-08,-9.02116153e-12,0.00771696975,6.91558027e-14,-3.11103781e-13,-5.23043641e-11,0.6,0.6,1,0.000317044392,-0.00223772842,-0.0115182235,0.00185743527
43.28,object_red_01,RED,0.00220733083,-0.250156962,0.0561042234,-4.15741101e-08,-6.92797683e-12,0.00741439822,2.26818185e-14,-9.97763344e-14,-1.68649321e-11,0.6,0.6,1,0.000317044392,-0.00223772676,-0.0115202032,0.00185734288
43.32,object_red_01,RED,0.00220732917,-0.250156962,0.0563944218,-4.15948335e-08,-7.07445922e-12,0.00711039806,2.63646871e-14,-1.15401555e-13,-1.9467057e-11,0.6,0.6,1,0.000317044392,-0.0022377251,-0.0115221795,0.00185725274
43.36,object_red_01,RED,0.0022073275,-0.250156962,0.056672508,-4.17078378e-08,-6.59361128e-12,0.00680683024,1.41064036e-14,-6.6022464e-14,-1.10546981e-11,0.6,0.6,1,0.000317044392,-0.00223772343,-0.0115241589,0.00185716457
43.4,object_red_01,RED,0.00220732583,-0.250156962,0.056938487,-4.1740096e-08,-6.28466719e-12,0.00650403445,8.80218318e-15,-3.51332561e-14,-6.02524754e-12,0.6,0.6,1,0.000317044392,-0.00223772177,-0.0115261376,0.00185707852
43.44,object_red_01,RED,0.00220732417,-0.250156962,0.0571923767,-4.16574741e-08,-6.85461207e-12,0.00620288858,2.18204734e-14,-9.24013342e-14,-1.56487845e-11,0.6,0.6,1,0.000317044392,-0.0022377201,-0.0115281096,0.00185699486
43.48,object_red_01,RED,0.0022073225,-0.250156962,0.0574341999,-4.15803243e-08,-6.5854869e-12,0.00590462862,1.48298466e-14,-6.81872804e-14,-1.13342938e-11,0.6,0.6,1,0.000317044392,-0.00223771843,-0.0115300731,0.00185691363
43.52,object_red_01,RED,0.00220732084,-0.250156962,0.0576640086,-4.14270973e-08,-6.10229335e-12,0.00560489128,5.06163795e-15,-2.19251085e-14,-3.73008723e-12,0.6,0.6,1,0.000317044392,-0.00223771677,-0.0115320329,0.00185683463
43.56,object_red_01,RED,0.00220731919,-0.250156962,0.0578818781,-4.11403047e-08,-6.73845023e-12,0.00530695149,2.0541647e-14,-8.93570369e-14,-1.49042987e-11,0.6,0.6,1,0.000317044392,-0.00223771512,-0.0115339791,0.00185675821
43.6,object_red_01,RED,0.00220731755,-0.250156962,0.0580878782,-4.09391557e-08,-5.77790528e-12,0.00501035229,-5.45068743e-16,4.20655156e-15,6.11199032e-13,0.6,0.6,1,0.000317044392,-0.00223771348,-0.0115359148,0.00185668422
43.64,object_red_01,RED,0.00220731592,-0.250156962,0.0582821337,-4.04809502e-08,-6.54963114e-12,0.00471651338,1.71470266e-14,-7.66533333e-14,-1.33351321e-11,0.6,0.6,1,0.000317044392,-0.00223771186,-0.0115378318,0.00185661294
43.68,object_red_01,RED,0.00220731431,-0.250156962,0.058464771,-4.00134271e-08,-6.63205977e-12,0.00442704438,2.08071966e-14,-9.07082296e-14,-1.56436402e-11,0.6,0.6,1,0.000317044392,-0.00223771025,-0.0115397251,0.00185654447
43.72,object_red_01,RED,0.00220731272,-0.250156962,0.0586359314,-3.95226682e-08,-6.54556627e-12,0.00414296267,2.02295958e-14,-9.23716159e-14,-1.53845621e-11,0.6,0.6,1,0.000317044392,-0.00223770865,-0.0115415918,0.00185647885
43.76,object_red_01,RED,0.00220731115,-0.250156962,0.0587957911,-3.89687906e-08,-5.96320285e-12,0.00386433844,1.06842862e-14,-4.30202601e-14,-7.15498571e-12,0.6,0.6,1,0.000317044392,-0.00223770709,-0.0115434285,0.00185641611
43.8,object_red_01,RED,0.00220730961,-0.250156962,0.0589445419,-3.8282049e-08,-6.2447314e-12,0.00359001095,1.90291075e-14,-7.99095362e-14,-1.33966697e-11,0.6,0.6,1,0.000317044392,-0.00223770554,-0.011545233,0.00185635624
43.84,object_red_01,RED,0.00220730809,-0.250156962,0.0590823787,-3.7720978e-08,-3.12337383e-12,0.00331932174,-4.93564428e-14,2.16247461e-13,3.66224083e-11,0.6,0.6,1,0.000317044392,-0.00223770403,-0.0115470108,0.00185629897
43.88,object_red_01,RED,0.00220730661,-0.250156962,0.0592095593,-3.67307808e-08,-6.88842201e-12,0.00305482911,3.83945124e-14,-1.6464954e-13,-2.7748649e-11,0.6,0.6,1,0.000317044392,-0.00223770254,-0.0115487398,0.00185624489
43.92,object_red_01,RED,0.00220730516,-0.250156962,0.0593263234,-3.58430351e-08,-6.00621584e-12,0.00279652632,1.99670676e-14,-8.63997344e-14,-1.49820696e-11,0.6,0.6,1,0.000317044392,-0.00223770109,-0.0115504318,0.00185619353
43.96,object_red_01,RED,0.00220730374,-0.250156962,0.0594329501,-3.489293e-08,-6.03521058e-12,0.00254625853,2.41251186e-14,-1.05131261e-13,-1.76700854e-11,0.6,0.6,1,0.000317044392,-0.00223769967,-0.0115520767,0.00185614507
44,object_red_01,RED,0.00220730237,-0.250156962,0.0595297443,-3.3881163e-08,-5.49606089e-12,0.00230441175,1.48068608e-14,-6.73520087e-14,-1.12174098e-11,0.6,0.6,1,0.000317044392,-0.0022376983,-0.0115536714,0.00185609948
44.04,object_red_01,RED,0.00220730103,-0.250156962,0.0596170378,-3.27361691e-08,-5.56897241e-12,0.00207159203,1.96793594e-14,-9.04107724e-14,-1.51151869e-11,0.6,0.6,1,0.000317044392,-0.00223769697,-0.0115552098,0.00185605679
44.08,object_red_01,RED,0.00220729975,-0.250156962,0.0596951746,-3.15391614e-08,-5.48740387e-12,0.00184920087,2.19465819e-14,-9.80502325e-14,-1.6518066e-11,0.6,0.6,1,0.000317044392,-0.00223769568,-0.0115566873,0.00185601699
44.12,object_red_01,RED,0.00220729851,-0.250156962,0.0597645244,-3.02716664e-08,-4.98110768e-12,0.00163379696,1.50695707e-14,-6.60340587e-14,-1.10911323e-11,0.6,0.6,1,0.000317044392,-0.00223769445,-0.011558108,0.00185597982
44.16,object_red_01,RED,0.00220729733,-0.250156962,0.0598254912,-2.88755747e-08,-5.01567153e-12,0.00142824396,1.87277698e-14,-8.58975189e-14,-1.49488995e-11,0.6,0.6,1,0.000317044392,-0.00223769327,-0.0115594629,0.00185594538
44.2,object_red_01,RED,0.00220729621,-0.250156962,0.0598784938,-2.74086648e-08,-5.08753026e-12,0.00123372162,2.57346523e-14,-1.16559682e-13,-1.94880696e-11,0.6,0.6,1,0.000317044392,-0.00223769214,-0.0115607476,0.00185591364
44.24,object_red_01,RED,0.00220729514,-0.250156962,0.0599239792,-2.58801922e-08,-4.59113037e-12,0.00105075999,1.90200653e-14,-9.05940987e-14,-1.48627485e-11,0.6,0.6,1,0.000317044392,-0.00223769108,-0.0115619594,0.00185588451
44.28,object_red_01,RED,0.00220729414,-0.250156962,0.0599624287,-2.42294289e-08,-4.47357223e-12,0.000880335125,2.3422526e-14,-1.00412257e-13,-1.67926989e-11,0.6,0.6,1,0.000317044392,-0.00223769008,-0.0115630916,0.001855858
44.32,object_red_01,RED,0.00220729321,-0.250156962,0.0599943395,-2.25020853e-08,-4.37912923e-12,0.000723584941,2.61963329e-14,-1.13168073e-13,-1.92280113e-11,0.6,0.6,1,0.000317044392,-0.00223768914,-0.0115641393,0.00185583407
44.36,object_red_01,RED,0.00220729235,-0.250156962,0.060020239,-2.070512e-08,-3.83076043e-12,0.000580864586,1.89624402e-14,-8.56216999e-14,-1.4375557e-11,0.6,0.6,1,0.000317044392,-0.00223768828,-0.0115650993,0.00185581267
44.4,object_red_01,RED,0.00220729156,-0.250156962,0.0600406829,-1.87847445e-08,-3.61016473e-12,0.000451404484,1.92382346e-14,-9.15027284e-14,-1.52253461e-11,0.6,0.6,1,0.000317044392,-0.00223768749,-0.0115659689,0.00185579369
44.44,object_red_01,RED,0.00220729085,-0.250156962,0.0600562509,-1.67725164e-08,-3.54665521e-12,0.00033654926,2.48498232e-14,-1.11246756e-13,-1.88418105e-11,0.6,0.6,1,0.000317044392,-0.00223768678,-0.0115667424,0.00185577715
44.48,object_red_01,RED,0.00220729022,-0.250156962,0.0600675494,-1.46817267e-08,-3.12413934e-12,0.000236771323,2.16806126e-14,-9.89972396e-14,-1.67306746e-11,0.6,0.6,1,0.000317044392,-0.00223768616,-0.0115674172,0.00185576298
44.52,object_red_01,RED,0.00220728968,-0.250156962,0.0600752203,-1.24774139e-08,-2.85506681e-12,0.000153452806,2.32552812e-14,-1.03843648e-13,-1.74481616e-11,0.6,0.6,1,0.000317044392,-0.00223768562,-0.0115679865,0.0018557512
44.56,object_red_01,RED,0.00220728923,-0.250156962,0.0600799285,-1.01765862e-08,-2.66676609e-12,8.74766968e-05,2.6205321e-14,-1.15904261e-13,-1.96704836e-11,0.6,0.6,1,0.000317044392,-0.00223768516,-0.0115684452,0.00185574182
44.6,object_red_01,RED,0.00220728887,-0.250156962,0.0600823679,-7.78888714e-09,-2.23146855e-12,3.94127893e-05,2.32604502e-14,-1.06205555e-13,-1.8053574e-11,0.6,0.6,1,0.000317044392,-0.00223768481,-0.0115687893,0.00185573483
44.64,object_red_01,RED,0.00220728861,-0.250156962,0.0600832645,-5.29065908e-09,-1.88827556e-12,9.79971993e-06,2.41409914e-14,-1.06561565e-13,-1.82333192e-11,0.6,0.6,1,0.000317044392,-0.00223768455,-0.0115690139,0.00185573029
44.68,object_red_01,RED,0.00220728846,-0.250156962,0.0600833708,-2.69056134e-09,-1.57365351e-12,-7.52761611e-07,2.61624372e-14,-1.1441401e-13,-1.90845669e-11,0.600000001,0.599999999,1,0.000317044392,-0.00223768439,-0.0115691144,0.00185572822
44.72,object_red_01,RED,0.0022072884,-0.250156962,0.0600833616,-4.10213035e-10,-2.74451724e-10,1.66121236e-08,-4.27362581e-14,1.93057248e-13,3.22167121e-11,0.6,0.6,1,0.000317044391,-0.00223768434,-0.0115691213,0.00185572803
