simulation_time_s,body_name,ground_truth_color,x_m,y_m,z_m,vx_m_s,vy_m_s,vz_m_s,wx_rad_s,wy_rad_s,wz_rad_s,touch_left_N,touch_right_N,bilateral_finger_contact,wrist_relative_x_m,wrist_relative_y_m,wrist_relative_z_m,slip_from_first_bilateral_contact_m
0,object_red_01,RED,0,-0.25,0.008,0,0,0,0,0,0,0,0,0,-0.445074006,-0.0143106513,-0.092,
0.04,object_red_01,RED,0,-0.25,0.0078649486,0,0,0.00199105093,0,0,0,0,0,0,-0.445074006,-0.0143106513,-0.091651426,
0.08,object_red_01,RED,0,-0.25,0.00792305256,0,0,0.000842489064,0,0,0,0,0,0,-0.445074006,-0.0143106513,-0.0914022479,
0.12,object_red_01,RED,0,-0.25,0.00794109802,0,0,0.000217432202,0,0,0,0,0,0,-0.445074006,-0.0143106513,-0.0910599429,
0.16,object_red_01,RED,0,-0.25,0.00794559181,0,0,5.26718427e-05,0,0,0,0,0,0,-0.445074006,-0.0143106513,-0.0902982311,
0.2,object_red_01,RED,0,-0.25,0.00794667412,0,0,1.26284259e-05,0,0,0,0,0,0,-0.445074006,-0.0143106513,-0.0890204493,
0.24,object_red_01,RED,0,-0.25,0.00794693338,0,0,3.02287131e-06,0,0,0,0,0,0,-0.445074006,-0.0143106513,-0.0872156415,
0.28,object_red_01,RED,0,-0.25,0.00794699543,0,0,7.23431101e-07,0,0,0,0,0,0,-0.445074006,-0.0143106513,-0.0849338475,
0.32,object_red_01,RED,0,-0.25,0.00794701028,0,0,1.73128143e-07,0,0,0,0,0,0,-0.445074006,-0.0143106513,-0.0822720285,
0.36,object_red_01,RED,0,-0.25,0.00794701383,0,0,4.14323528e-08,0,0,0,0,0,0,-0.445074006,-0.0143106513,-0.0793619801,
0.4,object_red_01,RED,0,-0.25,0.00794701468,0,0,9.91545163e-09,0,0,0,0,0,0,-0.445074006,-0.0143106513,-0.0763574681,
0.44,object_red_01,RED,0,-0.25,0.00794701489,0,0,2.37293463e-09,0,0,0,0,0,0,-0.445074006,-0.0143106513,-0.0734192831,
0.48,object_red_01,RED,0,-0.25,0.00794701493,0,0,5.67883332e-10,0,0,0,0,0,0,-0.445074006,-0.0143106513,-0.070701489,
0.52,object_red_01,RED,0,-0.25,0.00794701495,0,0,1.92911365e-10,0,0,0,0,0,0,-0.445074006,-0.0143106513,-0.0683434877,
0.56,object_red_01,RED,0,-0.25,0.00794701495,0,0,2.4572964e-11,0,0,0,0,0,0,-0.445074006,-0.0143106513,-0.0664490349,
0.6,object_red_01,RED,0,-0.25,0.00794701495,0,0,4.17251459e-11,0,0,0,0,0,0,-0.445074006,-0.0143106513,-0.0650760125,
0.64,object_red_01,RED,0,-0.25,0.00794701495,0,0,6.26703118e-12,0,0,0,0,0,0,-0.445074006,-0.0143106513,-0.0642303678,
0.68,object_red_01,RED,0,-0.25,0.00794701495,0,0,-1.06856975e-11,0,0,0,0,0,0,-0.445074006,-0.0143106513,-0.0638410694,
0.72,object_red_01,RED,0,-0.25,0.00794701495,0,0,-1.94071332e-11,0,0,0,0,0,0,-0.445074006,-0.0143106513,-0.063756159,
0.76,object_red_01,RED,0,-0.25,0.00794701495,0,0,1.23797188e-11,0,0,0,0,0,0,-0.445074239,-0.0143033546,-0.063756334,
0.8,object_red_01,RED,0,-0.25,0.00794701495,0,0,-6.45775151e-12,0,0,0,0,0,0,-0.445078549,-0.0141677592,-0.0637563148,
0.84,object_red_01,RED,0,-0.25,0.00794701495,0,0,-1.81453688e-11,0,0,0,0,0,0,-0.445096533,-0.0135878448,-0.0637563141,
0.88,object_red_01,RED,0,-0.25,0.00794701495,0,0,2.02660798e-11,0,0,0,0,0,0,-0.445137183,-0.0121774097,-0.0637563141,
0.92,object_red_01,RED,0,-0.25,0.00794701495,0,0,-3.64393282e-12,0,0,0,0,0,0,-0.445200575,-0.00957428161,-0.0637563141,
0.96,object_red_01,RED,0,-0.25,0.00794701495,0,0,-1.57940884e-11,0,0,0,0,0,0,-0.44526965,-0.00547576084,-0.0637563141,
1,object_red_01,RED,0,-0.25,0.00794701495,0,0,3.13698803e-11,0,0,0,0,0,0,-0.445303025,0.000350452785,-0.0637563141,
1.04,object_red_01,RED,0,-0.25,0.00794701495,0,0,3.42728157e-12,0,0,0,0,0,0,-0.445230021,0.00806480462,-0.0637563141,
1.08,object_red_01,RED,0,-0.25,0.00794701495,0,0,-1.14185225e-11,0,0,0,0,0,0,-0.444948795,0.0177574994,-0.0637563141,
1.12,object_red_01,RED,0,-0.25,0.00794701495,0,0,-2.05950876e-11,0,0,0,0,0,0,-0.444327981,0.0294513808,-0.0637563141,
1.16,object_red_01,RED,0,-0.25,0.00794701495,0,0,9.78165561e-12,0,0,0,0,0,0,-0.443211986,0.0431031638,-0.0637563141,
1.2,object_red_01,RED,0,-0.25,0.00794701495,0,0,-9.57616392e-12,0,0,0,0,0,0,-0.441429355,0.0586080414,-0.0637563141,
1.24,object_red_01,RED,0,-0.25,0.00794701495,0,0,-1.88627053e-11,0,0,0,0,0,0,-0.438804167,0.0758006167,-0.0637563141,
1.28,object_red_01,RED,0,-0.25,0.00794701495,0,0,1.90601886e-11,0,0,0,0,0,0,-0.435168867,0.0944614085,-0.0637563141,
1.32,object_red_01,RED,0,-0.25,0.00794701495,0,0,-3.69349278e-12,0,0,0,0,0,0,-0.430377931,0.114323327,-0.0637563141,
1.36,object_red_01,RED,0,-0.25,0.00794701495,0,0,-1.5254357e-11,0,0,0,0,0,0,-0.424321448,0.135079222,-0.0637563141,
1.4,object_red_01,RED,0,-0.25,0.00794701495,0,0,2.92001448e-11,0,0,0,0,0,0,-0.416936865,0.156393255,-0.0637563141,
1.44,object_red_01,RED,0,-0.25,0.00794701495,0,0,1.26235681e-12,0,0,0,0,0,0,-0.408217559,0.177914995,-0.0637563141,
1.48,object_red_01,RED,0,-0.25,0.00794701495,0,0,-1.18639697e-11,0,0,0,0,0,0,-0.398218952,0.199291532,-0.0637563141,
1.52,object_red_01,RED,0,-0.25,0.00794701495,0,0,-2.01593226e-11,0,0,0,0,0,0,-0.387059203,0.220183455,-0.0637563141,
1.56,object_red_01,RED,0,-0.25,0.00794701495,0,0,9.28430016e-12,0,0,0,0,0,0,-0.374916898,0.240276994,-0.0637563141,
1.6,object_red_01,RED,0,-0.25,0.00794701495,0,0,-9.25144572e-12,0,0,0,0,0,0,-0.362022533,0.259298154,-0.0637563141,
1.64,object_red_01,RED,0,-0.25,0.00794701495,0,0,-1.81436915e-11,0,0,0,0,0,0,-0.348649345,0.27701915,-0.0637563141,
1.68,object_red_01,RED,0,-0.25,0.00794701495,0,0,1.73293372e-11,0,0,0,0,0,0,-0.335098059,0.293266755,-0.0637563141,
1.72,object_red_01,RED,0,-0.25,0.00794701495,0,0,-5.59693852e-12,0,0,0,0,0,0,-0.321683991,0.307921457,-0.0637563141,
1.76,object_red_01,RED,0,-0.25,0.00794701495,0,0,-1.5533134e-11,0,0,0,0,0,0,-0.308717752,0.320920031,-0.0637563141,
1.8,object_red_01,RED,0,-0.25,0.00794701495,0,0,2.78155244e-11,0,0,0,0,0,0,-0.296493922,0.332246537,-0.0637563141,
1.84,object_red_01,RED,0,-0.25,0.00794701495,0,0,1.09761732e-12,0,0,0,0,0,0,-0.285273326,0.341929248,-0.0637563141,
1.88,object_red_01,RED,0,-0.25,0.00794701495,0,0,-1.37503922e-11,0,0,0,0,0,0,-0.275272862,0.350030554,-0.0637563141,
1.92,object_red_01,RED,0,-0.25,0.00794701495,0,0,3.74914292e-11,0,0,0,0,0,0,-0.26665382,0.356640313,-0.0637563141,
1.96,object_red_01,RED,0,-0.25,0.00794701495,0,0,7.60507513e-12,0,0,0,0,0,0,-0.25951381,0.36186899,-0.0637563141,
2,object_red_01,RED,0,-0.25,0.00794701495,0,0,-1.10717063e-11,0,0,0,0,0,0,-0.253880621,0.365843135,-0.0637563141,
2.04,object_red_01,RED,0,-0.25,0.00794701495,0,0,-1.83466136e-11,0,0,0,0,0,0,-0.249707566,0.368704025,-0.0637563141,
2.08,object_red_01,RED,0,-0.25,0.00794701495,0,0,1.63798502e-11,0,0,0,0,0,0,-0.24687037,0.370609597,-0.0637563141,
2.12,object_red_01,RED,0,-0.25,0.00794701495,0,0,-5.50127321e-12,0,0,0,0,0,0,-0.245165726,0.371739307,-0.0637563141,
2.16,object_red_01,RED,0,-0.25,0.00794701495,0,0,-1.72446888e-11,0,0,0,0,0,0,-0.244310594,0.372301674,-0.0637563141,
2.2,object_red_01,RED,0,-0.25,0.00794701495,0,0,2.39258331e-11,0,0,0,0,0,0,-0.243956763,0.372533385,-0.0637563141,
2.24,object_red_01,RED,0,-0.25,0.00794701495,0,0,-2.91153585e-13,0,0,0,0,0,0,-0.243821174,0.37262192,-0.0637563141,
2.28,object_red_01,RED,0,-0.25,0.00794701495,0,0,-1.53744115e-11,0,0,0,0,0,0,-0.243769874,0.37265539,-0.0637563141,
2.32,object_red_01,RED,0,-0.25,0.00794701495,0,0,3.54665228e-11,0,0,0,0,0,0,-0.243750502,0.372668176,-0.0637563141,
2.36,object_red_01,RED,0,-0.25,0.00794701495,0,0,7.02742521e-12,0,0,0,0,0,0,-0.243743182,0.372673321,-0.0637563141,
2.4,object_red_01,RED,0,-0.25,0.00794701495,0,0,-1.07607851e-11,0,0,0,0,0,0,-0.243740409,0.372675757,-0.0637563141,
2.44,object_red_01,RED,0,-0.25,0.00794701495,0,0,-1.98971119e-11,0,0,0,0,0,0,-0.24373935,0.372677368,-0.0637563141,
2.48,object_red_01,RED,0,-0.25,0.00794701495,0,0,1.27915871e-11,0,0,0,0,0,0,-0.243738938,0.372678897,-0.0637563141,
2.52,object_red_01,RED,0,-0.25,0.00794701495,0,0,-6.64160193e-12,0,0,0,0,0,0,-0.243738766,0.372680664,-0.0637563141,
2.56,object_red_01,RED,0,-0.25,0.00794701495,0,0,-1.86959744e-11,0,0,0,0,0,0,-0.24373868,0.372682831,-0.0637563141,
2.6,object_red_01,RED,0,-0.25,0.00794701495,0,0,2.23909661e-11,0,0,0,0,0,0,-0.243738619,0.372685496,-0.0637563141,
2.64,object_red_01,RED,0,-0.25,0.00794701495,0,0,-5.62382568e-13,0,0,0,0,0,0,-0.24373856,0.372688731,-0.0637563141,
2.68,object_red_01,RED,0,-0.25,0.00794701495,0,0,-1.48925589e-11,0,0,0,0,0,0,-0.243738493,0.372692597,-0.0637563141,
2.72,object_red_01,RED,0,-0.25,0.00794701495,0,0,3.26985454e-11,0,0,0,0,0,0,-0.243738416,0.37269715,-0.0637563141,
2.76,object_red_01,RED,0,-0.25,0.00794701495,0,0,3.71480928e-12,0,0,0,0,0,0,-0.243738325,0.372702444,-0.0637563141,
2.8,object_red_01,RED,0,-0.25,0.00794701495,0,0,-1.16899834e-11,0,0,0,0,0,0,-0.24373822,0.372708532,-0.0637563141,
2.84,object_red_01,RED,0,-0.25,0.00794701495,0,0,-2.11958669e-11,0,0,0,0,0,0,-0.2437381,0.372715467,-0.0637563141,
2.88,object_red_01,RED,0,-0.25,0.00794701495,0,0,1.16659226e-11,0,0,0,0,0,0,-0.243737964,0.372723299,-0.0637563141,
2.92,object_red_01,RED,0,-0.25,0.00794701495,0,0,-6.6637642e-12,0,0,0,0,0,0,-0.243737812,0.37273208,-0.0637563141,
2.96,object_red_01,RED,0,-0.25,0.00794701495,0,0,-1.80819227e-11,0,0,0,0,0,0,-0.243737642,0.37274186,-0.0637563141,
3,object_red_01,RED,0,-0.25,0.00794701495,0,0,2.0034725e-11,0,0,0,0,0,0,-0.243737454,0.372752689,-0.0637563141,
3.04,object_red_01,RED,0,-0.25,0.00794701495,0,0,-3.6244079e-12,0,0,0,0,0,0,-0.243737248,0.372764616,-0.0637563141,
3.08,object_red_01,RED,0,-0.25,0.00794701495,0,0,-1.56458011e-11,0,0,0,0,0,0,-0.243737021,0.372777689,-0.0637563141,
3.12,object_red_01,RED,0,-0.25,0.00794701495,0,0,3.10622031e-11,0,0,0,0,0,0,-0.243736774,0.372791955,-0.0637563141,
3.16,object_red_01,RED,0,-0.25,0.00794701495,0,0,3.39394182e-12,0,0,0,0,0,0,-0.243736506,0.372807463,-0.0637563141,
3.2,object_red_01,RED,0,-0.25,0.00794701495,0,0,-1.13074935e-11,0,0,0,0,0,0,-0.243736216,0.372824258,-0.0637563141,
3.24,object_red_01,RED,0,-0.25,0.00794701495,0,0,-2.03943282e-11,0,0,0,0,0,0,-0.243735903,0.372842385,-0.0637563141,
3.28,object_red_01,RED,0,-0.25,0.00794701495,0,0,9.68666479e-12,0,0,0,0,0,0,-0.243735567,0.37286189,-0.0637563141,
3.32,object_red_01,RED,0,-0.25,0.00794701495,0,0,-9.48260419e-12,0,0,0,0,0,0,-0.243735207,0.372882817,-0.0637563141,
3.36,object_red_01,RED,0,-0.25,0.00794701495,0,0,-1.86788084e-11,0,0,0,0,0,0,-0.243734822,0.37290521,-0.0637563141,
3.4,object_red_01,RED,0,-0.25,0.00794701495,0,0,1.88733439e-11,0,0,0,0,0,0,-0.243734411,0.372929111,-0.0637563141,
3.44,object_red_01,RED,0,-0.25,0.00794701495,0,0,-3.65725159e-12,0,0,0,0,0,0,-0.243733973,0.372954564,-0.0637563141,
3.48,object_red_01,RED,0,-0.25,0.00794701495,0,0,-1.51054986e-11,0,0,0,0,0,0,-0.243733509,0.372981608,-0.0637563141,
3.52,object_red_01,RED,0,-0.25,0.00794701495,0,0,2.89130203e-11,0,0,0,0,0,0,-0.243733016,0.373010287,-0.0637563141,
3.56,object_red_01,RED,0,-0.25,0.00794701495,0,0,1.24945202e-12,0,0,0,0,0,0,-0.243732495,0.373040638,-0.0637563141,
3.6,object_red_01,RED,0,-0.25,0.00794701495,0,0,-1.41190674e-11,0,0,0,0,0,0,-0.243731944,0.373072703,-0.0637563141,
3.64,object_red_01,RED,0,-0.25,0.00794701495,0,0,-2.0950783e-11,0,0,0,0,0,0,-0.243731362,0.37310652,-0.0637563141,
3.68,object_red_01,RED,0,-0.25,0.00794701495,0,0,8.89115375e-12,0,0,0,0,0,0,-0.24373075,0.373142126,-0.0637563141,
3.72,object_red_01,RED,0,-0.25,0.00794701495,0,0,-9.29648758e-12,0,0,0,0,0,0,-0.243730105,0.373179561,-0.0637563141,
3.76,object_red_01,RED,0,-0.25,0.00794701495,0,0,-1.80222487e-11,0,0,0,0,0,0,-0.243729428,0.373218859,-0.0637563141,
3.8,object_red_01,RED,0,-0.25,0.00794701495,0,0,1.71410008e-11,0,0,0,0,0,0,-0.243728716,0.373260058,-0.0637563141,
3.84,object_red_01,RED,0,-0.25,0.00794701495,0,0,-5.54985531e-12,0,0,0,0,0,0,-0.243727971,0.373303192,-0.0637563141,
3.88,object_red_01,RED,0,-0.25,0.00794701495,0,0,-1.77199034e-11,0,0,0,0,0,0,-0.24372719,0.373348296,-0.0637563141,
3.92,object_red_01,RED,0,-0.25,0.00794701495,0,0,2.68948483e-11,0,0,0,0,0,0,-0.243726373,0.373395405,-0.0637563141,
3.96,object_red_01,RED,0,-0.25,0.00794701495,0,0,7.76735592e-13,0,0,0,0,0,0,-0.243725519,0.373444551,-0.0637563141,
4,object_red_01,RED,0,-0.25,0.00794701495,0,0,-1.37488291e-11,0,0,0,0,0,0,-0.243724628,0.373495766,-0.0637563141,
4.04,object_red_01,RED,0,-0.25,0.00794701495,0,0,3.70838934e-11,0,0,0,0,0,0,-0.243723698,0.373549083,-0.0637563141,
4.08,object_red_01,RED,0,-0.25,0.00794701495,0,0,7.5123291e-12,0,0,0,0,0,0,-0.243722728,0.373604532,-0.0637563141,
4.12,object_red_01,RED,0,-0.25,0.00794701495,0,0,-1.09690461e-11,0,0,0,0,0,0,-0.243721718,0.373662145,-0.0637563141,
4.16,object_red_01,RED,0,-0.25,0.00794701495,0,0,-2.04546909e-11,0,0,0,0,0,0,-0.243720668,0.373721949,-0.0637563141,
4.2,object_red_01,RED,0,-0.25,0.00794701495,0,0,1.5540343e-11,0,0,0,0,0,0,-0.243719575,0.373783975,-0.0637563141,
4.24,object_red_01,RED,0,-0.25,0.00794701495,0,0,-5.75838044e-12,0,0,0,0,0,0,-0.24371844,0.37384825,-0.0637563141,
4.28,object_red_01,RED,0,-0.25,0.00794701495,0,0,-1.72063705e-11,0,0,0,0,0,0,-0.243717261,0.373914802,-0.0637563141,
4.32,object_red_01,RED,0,-0.25,0.00794701495,0,0,2.36502323e-11,0,0,0,0,0,0,-0.243716038,0.373983657,-0.0637563141,
4.36,object_red_01,RED,0,-0.25,0.00794701495,0,0,-3.05368125e-13,0,0,0,0,0,0,-0.24371477,0.374054841,-0.0637563141,
4.4,object_red_01,RED,0,-0.25,0.00794701495,0,0,-1.52298464e-11,0,0,0,0,0,0,-0.243713456,0.37412838,-0.0637563141,
4.44,object_red_01,RED,0,-0.25,0.00794701495,0,0,3.37311356e-11,0,0,0,0,0,0,-0.243712096,0.374204298,-0.0637563141,
4.48,object_red_01,RED,0,-0.25,0.00794701495,0,0,6.25874799e-12,0,0,0,0,0,0,-0.243710689,0.374282618,-0.0637563141,
4.52,object_red_01,RED,0,-0.25,0.00794701495,0,0,-1.09645958e-11,0,0,0,0,0,0,-0.243709234,0.374363363,-0.0637563141,
4.56,object_red_01,RED,0,-0.25,0.00794701495,0,0,-1.98289978e-11,0,0,0,0,0,0,-0.243707731,0.374446557,-0.0637563141,
4.6,object_red_01,RED,0,-0.25,0.00794701495,0,0,1.26237856e-11,0,0,0,0,0,0,-0.243706178,0.374532219,-0.0637563141,
4.64,object_red_01,RED,0,-0.25,0.00794701495,0,0,-6.59358013e-12,0,0,0,0,0,0,-0.243704577,0.374620371,-0.0637563141,
4.68,object_red_01,RED,0,-0.25,0.00794701495,0,0,-1.85160068e-11,0,0,0,0,0,0,-0.243702925,0.374711033,-0.0637563141,
4.72,object_red_01,RED,0,-0.25,0.00794701495,0,0,2.21657925e-11,0,0,0,0,0,0,-0.243701223,0.374804223,-0.0637563141,
4.76,object_red_01,RED,0,-0.25,0.00794701495,0,0,-5.58039335e-13,0,0,0,0,0,0,-0.24369947,0.374899961,-0.0637563141,
4.8,object_red_01,RED,0,-0.25,0.00794701495,0,0,-1.4744243e-11,0,0,0,0,0,0,-0.243697666,0.374998264,-0.0637563141,
4.84,object_red_01,RED,0,-0.25,0.00794701495,0,0,3.23701014e-11,0,0,0,0,0,0,-0.24369581,0.375099148,-0.0637563141,
4.88,object_red_01,RED,0,-0.25,0.00794701495,0,0,3.67655528e-12,0,0,0,0,0,0,-0.243693903,0.375202631,-0.0637563141,
4.92,object_red_01,RED,0,-0.25,0.00794701495,0,0,-1.15724663e-11,0,0,0,0,0,0,-0.243691945,0.375308727,-0.0637563141,
4.96,object_red_01,RED,0,-0.25,0.00794701495,0,0,-2.098302e-11,0,0,0,0,0,0,-0.243689935,0.375417451,-0.0637563141,
5,object_red_01,RED,0,-0.25,0.00794701495,0,0,1.15485054e-11,0,0,0,0,0,0,-0.243687873,0.375528817,-0.0637563141,
5.04,object_red_01,RED,0,-0.25,0.00794701495,0,0,-6.59696692e-12,0,0,0,0,0,0,-0.243685761,0.375642838,-0.0637563141,
5.08,object_red_01,RED,0,-0.25,0.00794701495,0,0,-1.78998674e-11,0,0,0,0,0,0,-0.243683597,0.375759527,-0.0637563141,
5.12,object_red_01,RED,0,-0.25,0.00794701495,0,0,1.98344438e-11,0,0,0,0,0,0,-0.243681383,0.375878894,-0.0637563141,
5.16,object_red_01,RED,0,-0.25,0.00794701495,0,0,-3.58729592e-12,0,0,0,0,0,0,-0.243679119,0.376000951,-0.0637563141,
5.2,object_red_01,RED,0,-0.25,0.00794701495,0,0,-1.54886595e-11,0,0,0,0,0,0,-0.243676807,0.376125708,-0.0637563141,
5.24,object_red_01,RED,0,-0.25,0.00794701495,0,0,2.98185005e-11,0,0,0,0,0,0,-0.243674446,0.376253174,-0.0637563141,
5.28,object_red_01,RED,0,-0.25,0.00794701495,0,0,2.89874551e-12,0,0,0,0,0,0,-0.243672038,0.376383358,-0.0637563141,
5.32,object_red_01,RED,0,-0.25,0.00794701495,0,0,-1.1397438e-11,0,0,0,0,0,0,-0.243669584,0.376516267,-0.0637563141,
5.36,object_red_01,RED,0,-0.25,0.00794701495,0,0,-2.02759689e-11,0,0,0,0,0,0,-0.243667086,0.376651909,-0.0637563141,
5.4,object_red_01,RED,0,-0.25,0.00794701495,0,0,9.56304148e-12,0,0,0,0,0,0,-0.243664545,0.376790289,-0.0637563141,
5.44,object_red_01,RED,0,-0.25,0.00794701495,0,0,-9.40015415e-12,0,0,0,0,0,0,-0.243661962,0.376931414,-0.0637563141,
5.48,object_red_01,RED,0,-0.25,0.00794701495,0,0,-1.84970029e-11,0,0,0,0,0,0,-0.243659341,0.377075288,-0.0637563141,
5.52,object_red_01,RED,0,-0.25,0.00794701495,0,0,1.76884694e-11,0,0,0,0,0,0,-0.243656683,0.377221914,-0.0637563141,
5.56,object_red_01,RED,0,-0.25,0.00794701495,0,0,-4.08798463e-12,0,0,0,0,0,0,-0.243653991,0.377371297,-0.0637563141,
5.6,object_red_01,RED,0,-0.25,0.00794701495,0,0,-1.51552014e-11,0,0,0,0,0,0,-0.243651295,0.377523431,-0.0637563141,
5.64,object_red_01,RED,0,-0.25,0.00794701495,0,0,2.85707472e-11,0,0,0,0,0,0,-0.243652414,0.377677311,-0.0637563141,
5.68,object_red_01,RED,0,-0.25,0.00794701495,0,0,1.21082687e-12,0,0,0,0,0,0,-0.243667035,0.37783044,-0.0637563141,
5.72,object_red_01,RED,0,-0.25,0.00794701495,0,0,-1.39903657e-11,0,0,0,0,0,0,-0.243700206,0.37798171,-0.0637563141,
5.76,object_red_01,RED,0,-0.25,0.00794701495,0,0,3.82626296e-11,0,0,0,0,0,0,-0.243753355,0.378130859,-0.0637563141,
5.8,object_red_01,RED,0,-0.25,0.00794701495,0,0,7.76366201e-12,0,0,0,0,0,0,-0.243826233,0.37827787,-0.0637563141,
5.84,object_red_01,RED,0,-0.25,0.00794701495,0,0,-9.67228961e-12,0,0,0,0,0,0,-0.243917719,0.37842285,-0.0637563141,
5.88,object_red_01,RED,0,-0.25,0.00794701495,0,0,-1.80385582e-11,0,0,0,0,0,0,-0.244026134,0.378566056,-0.0637563141,
5.92,object_red_01,RED,0,-0.25,0.00794701495,0,0,1.69132755e-11,0,0,0,0,0,0,-0.244149366,0.378707907,-0.0637563141,
5.96,object_red_01,RED,0,-0.25,0.00794701495,0,0,-5.52064467e-12,0,0,0,0,0,0,-0.244284921,0.378848972,-0.0637563141,
6,object_red_01,RED,0,-0.25,0.00794701495,0,0,-1.75552674e-11,0,0,0,0,0,0,-0.244429943,0.378989949,-0.0637563141,
6.04,object_red_01,RED,0,-0.25,0.00794701495,0,0,2.44252121e-11,0,0,0,0,0,0,-0.244581216,0.379131647,-0.0637563141,
6.08,object_red_01,RED,0,-0.25,0.00794701495,0,0,-2.91753143e-13,0,0,0,0,0,0,-0.244735154,0.379274983,-0.0637563141,
6.12,object_red_01,RED,0,-0.25,0.00794701495,0,0,-1.40776621e-11,0,0,0,0,0,0,-0.244887789,0.379420987,-0.0637563141,
6.16,object_red_01,RED,0,-0.25,0.00794701495,0,0,3.65970445e-11,0,0,0,0,0,0,-0.245034749,0.379570806,-0.0637563141,
6.2,object_red_01,RED,0,-0.25,0.00794701495,0,0,7.37716784e-12,0,0,0,0,0,0,-0.245171244,0.379725721,-0.0637563141,
6.24,object_red_01,RED,0,-0.25,0.00794701495,0,0,-1.0886721e-11,0,0,0,0,0,0,-0.245292041,0.379887149,-0.0637563141,
6.28,object_red_01,RED,0,-0.25,0.00794701495,0,0,-2.02633746e-11,0,0,0,0,0,0,-0.245391448,0.380056653,-0.0637563141,
6.32,object_red_01,RED,0,-0.25,0.00794701495,0,0,1.53811958e-11,0,0,0,0,0,0,-0.245463294,0.380235942,-0.0637563141,
6.36,object_red_01,RED,0,-0.25,0.00794701495,0,0,-5.70310683e-12,0,0,0,0,0,0,-0.245500907,0.380426879,-0.0637563141,
6.4,object_red_01,RED,0,-0.25,0.00794701495,0,0,-1.70351715e-11,0,0,0,0,0,0,-0.245497095,0.380631473,-0.0637563141,
6.44,object_red_01,RED,0,-0.25,0.00794701495,0,0,2.34143987e-11,0,0,0,0,0,0,-0.245444124,0.380851885,-0.0637563141,
6.48,object_red_01,RED,0,-0.25,0.00794701495,0,0,-3.02659404e-13,0,0,0,0,0,0,-0.245333701,0.381090416,-0.0637563141,
6.52,object_red_01,RED,0,-0.25,0.00794701495,0,0,-1.50772052e-11,0,0,0,0,0,0,-0.245156947,0.381349499,-0.0637563141,
6.56,object_red_01,RED,0,-0.25,0.00794701495,0,0,3.33939052e-11,0,0,0,0,0,0,-0.244904381,0.381631686,-0.0637563141,
6.6,object_red_01,RED,0,-0.25,0.00794701495,0,0,6.19646882e-12,0,0,0,0,0,0,-0.244565894,0.381939627,-0.0637563141,
6.64,object_red_01,RED,0,-0.25,0.00794701495,0,0,-1.0854591e-11,0,0,0,0,0,0,-0.244130752,0.382276031,-0.0637563141,
6.68,object_red_01,RED,0,-0.25,0.00794701495,0,0,-1.96306223e-11,0,0,0,0,0,0,-0.243592678,0.382637496,-0.0637563141,
6.72,object_red_01,RED,0,-0.25,0.00794701495,0,0,1.24976891e-11,0,0,0,0,0,0,-0.242963368,0.382990464,-0.0637563141,
6.76,object_red_01,RED,0,-0.25,0.00794701495,0,0,-6.52741096e-12,0,0,0,0,0,0,-0.2422612,0.383289408,-0.0637563141,
6.8,object_red_01,RED,0,-0.25,0.00794701495,0,0,-1.83312606e-11,0,0,0,0,0,0,-0.24150047,0.383505728,-0.0637563141,
6.84,object_red_01,RED,0,-0.25,0.00794701495,0,0,2.04717534e-11,0,0,0,0,0,0,-0.240688925,0.383632489,-0.0637563141,
6.88,object_red_01,RED,0,-0.25,0.00794701495,0,0,-1.25204293e-12,0,0,0,0,0,0,-0.239829922,0.383676711,-0.0637563141,
6.92,object_red_01,RED,0,-0.25,0.00794701495,0,0,-1.49009991e-11,0,0,0,0,0,0,-0.238925402,0.383650477,-0.0637563141,
6.96,object_red_01,RED,0,-0.25,0.00794701495,0,0,3.19671051e-11,0,0,0,0,0,0,-0.237977817,0.383565578,-0.0637563141,
7,object_red_01,RED,0,-0.25,0.00794701495,0,0,3.6006647e-12,0,0,0,0,0,0,-0.236990797,0.383431915,-0.0637563141,
7.04,object_red_01,RED,0,-0.25,0.00794701495,0,0,-1.1475013e-11,0,0,0,0,0,0,-0.235969055,0.383258051,-0.0637563141,
7.08,object_red_01,RED,0,-0.25,0.00794701495,0,0,-2.07806439e-11,0,0,0,0,0,0,-0.234918046,0.383052352,-0.0637563141,
7.12,object_red_01,RED,0,-0.25,0.00794701495,0,0,9.88826644e-12,0,0,0,0,0,0,-0.233843702,0.382823867,-0.0637563141,
7.16,object_red_01,RED,0,-0.25,0.00794701495,0,0,-7.23510805e-12,0,0,0,0,0,0,-0.232752326,0.38258273,-0.0637563141,
7.2,object_red_01,RED,0,-0.25,0.00794701495,0,0,-1.80186835e-11,0,0,0,0,0,0,-0.23165059,0.382340228,-0.0637563141,
7.24,object_red_01,RED,0,-0.25,0.00794701495,0,0,1.95473979e-11,0,0,0,0,0,0,-0.230545594,0.382108711,-0.0637563141,
7.28,object_red_01,RED,0,-0.25,0.00794701495,0,0,-3.59163559e-12,0,0,0,0,0,0,-0.229444915,0.381901509,-0.0637563141,
7.32,object_red_01,RED,0,-0.25,0.00794701495,0,0,-1.53489088e-11,0,0,0,0,0,0,-0.228356603,0.381732892,-0.0637563141,
7.36,object_red_01,RED,0,-0.25,0.00794701495,0,0,2.95091281e-11,0,0,0,0,0,0,-0.227280817,0.381616585,-0.0637563141,
7.4,object_red_01,RED,0,-0.25,0.00794701495,0,0,1.28213511e-12,0,0,0,0,0,0,-0.22620071,0.381549532,-0.0637563141,
7.44,object_red_01,RED,0,-0.25,0.00794701495,0,0,-1.19800664e-11,0,0,0,0,0,0,-0.225110526,0.381509097,-0.0637563141,
7.48,object_red_01,RED,0,-0.25,0.00794701495,0,0,-2.03600677e-11,0,0,0,0,0,0,-0.224011568,0.381474226,-0.0637563141,
7.52,object_red_01,RED,0,-0.25,0.00794701495,0,0,9.37651088e-12,0,0,0,0,0,0,-0.222904946,0.381434363,-0.0637563141,
7.56,object_red_01,RED,0,-0.25,0.00794701495,0,0,-9.34412395e-12,0,0,0,0,0,0,-0.221790162,0.381387536,-0.0637563141,
7.6,object_red_01,RED,0,-0.25,0.00794701495,0,0,-1.83244121e-11,0,0,0,0,0,0,-0.220665911,0.381335503,-0.0637563141,
7.64,object_red_01,RED,0,-0.25,0.00794701495,0,0,1.75022885e-11,0,0,0,0,0,0,-0.219530994,0.381280106,-0.0637563141,
7.68,object_red_01,RED,0,-0.25,0.00794701495,0,0,-5.65244054e-12,0,0,0,0,0,0,-0.218384731,0.381221769,-0.0637563141,
7.72,object_red_01,RED,0,-0.25,0.00794701495,0,0,-1.56882234e-11,0,0,0,0,0,0,-0.217226928,0.381159497,-0.0637563141,
7.76,object_red_01,RED,0,-0.25,0.00794701495,0,0,2.80882558e-11,0,0,0,0,0,0,-0.216057686,0.381091458,-0.0637563141,
7.8,object_red_01,RED,0,-0.25,0.00794701495,0,0,1.10704967e-12,0,0,0,0,0,0,-0.214877208,0.381015524,-0.0637563141,
7.84,object_red_01,RED,0,-0.25,0.00794701495,0,0,-1.38868989e-11,0,0,0,0,0,0,-0.213685697,0.380929573,-0.0637563141,
7.88,object_red_01,RED,0,-0.25,0.00794701495,0,0,3.78572993e-11,0,0,0,0,0,0,-0.212483331,0.38083155,-0.0637563141,
7.92,object_red_01,RED,0,-0.25,0.00794701495,0,0,7.67965954e-12,0,0,0,0,0,0,-0.211270215,0.380719462,-0.0637563141,
7.96,object_red_01,RED,0,-0.25,0.00794701495,0,0,-9.5750219e-12,0,0,0,0,0,0,-0.210045992,0.380591865,-0.0637563141,
8,object_red_01,RED,0,-0.25,0.00794701495,0,0,-1.78540939e-11,0,0,0,0,0,0,-0.208810368,0.380448466,-0.0637563141,
8.04,object_red_01,RED,0,-0.25,0.00794701495,0,0,1.6736784e-11,0,0,0,0,0,0,-0.20756333,0.380289975,-0.0637563141,
8.08,object_red_01,RED,0,-0.25,0.00794701495,0,0,-5.46426116e-12,0,0,0,0,0,0,-0.206304996,0.380117791,-0.0637563141,
8.12,object_red_01,RED,0,-0.25,0.00794701495,0,0,-1.73730764e-11,0,0,0,0,0,0,-0.205035565,0.379933679,-0.0637563141,
8.16,object_red_01,RED,0,-0.25,0.00794701495,0,0,2.41700855e-11,0,0,0,0,0,0,-0.203755293,0.379739565,-0.0637563141,
8.2,object_red_01,RED,0,-0.25,0.00794701495,0,0,-2.88580478e-13,0,0,0,0,0,0,-0.202464488,0.379537439,-0.0637563141,
8.24,object_red_01,RED,0,-0.25,0.00794701495,0,0,-1.39311342e-11,0,0,0,0,0,0,-0.201163486,0.379329346,-0.0637563141,
8.28,object_red_01,RED,0,-0.25,0.00794701495,0,0,3.62191226e-11,0,0,0,0,0,0,-0.199852633,0.379117404,-0.0637563141,
8.32,object_red_01,RED,0,-0.25,0.00794701495,0,0,7.30032082e-12,0,0,0,0,0,0,-0.198532267,0.37890384,-0.0637563141,
8.36,object_red_01,RED,0,-0.25,0.00794701495,0,0,-1.07745785e-11,0,0,0,0,0,0,-0.197202712,0.378691,-0.0637563141,
8.4,object_red_01,RED,0,-0.25,0.00794701495,0,0,-2.00524476e-11,0,0,0,0,0,0,-0.195864267,0.378481358,-0.0637563141,
8.44,object_red_01,RED,0,-0.25,0.00794701495,0,0,1.29263308e-11,0,0,0,0,0,0,-0.194516783,0.378277467,-0.0637563141,
8.48,object_red_01,RED,0,-0.25,0.00794701495,0,0,-6.70116525e-12,0,0,0,0,0,0,-0.193158917,0.37808076,-0.0637563141,
8.52,object_red_01,RED,0,-0.25,0.00794701495,0,0,-1.73093697e-11,0,0,0,0,0,0,-0.19179002,0.377890355,-0.0637563141,
8.56,object_red_01,RED,0,-0.25,0.00794701495,0,0,2.30454024e-11,0,0,0,0,0,0,-0.190410168,0.377704058,-0.0637563141,
8.6,object_red_01,RED,0,-0.25,0.00794701495,0,0,-3.60316975e-13,0,0,0,0,0,0,-0.189019653,0.377519225,-0.0637563141,
8.64,object_red_01,RED,0,-0.25,0.00794701495,0,0,-1.49462373e-11,0,0,0,0,0,0,-0.187618785,0.377333118,-0.0637563141,
8.68,object_red_01,RED,0,-0.25,0.00794701495,0,0,3.30380456e-11,0,0,0,0,0,0,-0.18620787,0.377142967,-0.0637563141,
8.72,object_red_01,RED,0,-0.25,0.00794701495,0,0,3.76147137e-12,0,0,0,0,0,0,-0.184787228,0.376945942,-0.0637563141,
8.76,object_red_01,RED,0,-0.25,0.00794701495,0,0,-1.17978041e-11,0,0,0,0,0,0,-0.183357216,0.376739111,-0.0637563141,
8.8,object_red_01,RED,0,-0.25,0.00794701495,0,0,-1.98680262e-11,0,0,0,0,0,0,-0.181918248,0.37651941,-0.0637563141,
8.84,object_red_01,RED,0,-0.25,0.00794701495,0,0,1.22363029e-11,0,0,0,0,0,0,-0.180470798,0.376283646,-0.0637563141,
8.88,object_red_01,RED,0,-0.25,0.00794701495,0,0,-6.51942398e-12,0,0,0,0,0,0,-0.179015372,0.376028509,-0.0637563141,
8.92,object_red_01,RED,0,-0.25,0.00794701495,0,0,-1.81663284e-11,0,0,0,0,0,0,-0.177551941,0.375751232,-0.0637563141,
8.96,object_red_01,RED,0,-0.25,0.00794701495,0,0,2.02520615e-11,0,0,0,0,0,0,-0.176080194,0.375451044,-0.0637563141,
9,object_red_01,RED,0,-0.25,0.00794701495,0,0,-3.64641313e-12,0,0,0,0,0,0,-0.174600027,0.375129174,-0.0637563141,
9.04,object_red_01,RED,0,-0.25,0.00794701495,0,0,-1.57900949e-11,0,0,0,0,0,0,-0.173111441,0.374788181,-0.0637563141,
9.08,object_red_01,RED,0,-0.25,0.00794701495,0,0,3.13622216e-11,0,0,0,0,0,0,-0.171614507,0.374431327,-0.0637563141,
9.12,object_red_01,RED,0,-0.25,0.00794701495,0,0,3.42734224e-12,0,0,0,0,0,0,-0.170109358,0.37406216,-0.0637563141,
9.16,object_red_01,RED,0,-0.25,0.00794701495,0,0,-1.14160993e-11,0,0,0,0,0,0,-0.168596176,0.373684305,-0.0637563141,
9.2,object_red_01,RED,0,-0.25,0.00794701495,0,0,-2.05900056e-11,0,0,0,0,0,0,-0.167075166,0.373301436,-0.0637563141,
9.24,object_red_01,RED,0,-0.25,0.00794701495,0,0,9.77856859e-12,0,0,0,0,0,0,-0.165546515,0.372917301,-0.0637563141,
9.28,object_red_01,RED,0,-0.25,0.00794701495,0,0,-9.57350516e-12,0,0,0,0,0,0,-0.164010371,0.372535769,-0.0637563141,
9.32,object_red_01,RED,0,-0.25,0.00794701495,0,0,-1.88575983e-11,0,0,0,0,0,0,-0.162466529,0.372160805,-0.0637563141,
9.36,object_red_01,RED,0,-0.25,0.00794701495,0,0,1.90550281e-11,0,0,0,0,0,0,-0.160913173,0.371795038,-0.0637563141,
9.4,object_red_01,RED,0,-0.25,0.00794701495,0,0,-3.69170837e-12,0,0,0,0,0,0,-0.159349214,0.371437593,-0.0637563141,
9.44,object_red_01,RED,0,-0.25,0.00794701495,0,0,-1.52509131e-11,0,0,0,0,0,0,-0.157774919,0.371085277,-0.0637563141,
9.48,object_red_01,RED,0,-0.25,0.00794701495,0,0,2.91915011e-11,0,0,0,0,0,0,-0.156191037,0.370734037,-0.0637563141,
9.52,object_red_01,RED,0,-0.25,0.00794701495,0,0,1.26153599e-12,0,0,0,0,0,0,-0.154598415,0.370379632,-0.0637563141,
9.56,object_red_01,RED,0,-0.25,0.00794701495,0,0,-1.18608434e-11,0,0,0,0,0,0,-0.152997915,0.370017811,-0.0637563141,
9.6,object_red_01,RED,0,-0.25,0.00794701495,0,0,-2.01532734e-11,0,0,0,0,0,0,-0.151390431,0.369644298,-0.0637563141,
9.64,object_red_01,RED,0,-0.25,0.00794701495,0,0,9.27883276e-12,0,0,0,0,0,0,-0.149776926,0.369254733,-0.0637563141,
9.68,object_red_01,RED,0,-0.25,0.00794701495,0,0,-9.24838369e-12,0,0,0,0,0,0,-0.148158458,0.368844626,-0.0637563141,
9.72,object_red_01,RED,0,-0.25,0.00794701495,0,0,-1.81362898e-11,0,0,0,0,0,0,-0.146536039,0.368409432,-0.0637563141,
9.76,object_red_01,RED,0,-0.25,0.00794701495,0,0,1.73215073e-11,0,0,0,0,0,0,-0.144909787,0.367945967,-0.0637563141,
9.8,object_red_01,RED,0,-0.25,0.00794701495,0,0,-5.59443679e-12,0,0,0,0,0,0,-0.143279434,0.367454233,-0.0637563141,
9.84,object_red_01,RED,0,-0.25,0.00794701495,0,0,-1.55264924e-11,0,0,0,0,0,0,-0.141644676,0.36693688,-0.0637563141,
9.88,object_red_01,RED,0,-0.25,0.00794701495,0,0,2.78009708e-11,0,0,0,0,0,0,-0.140005196,0.366398147,-0.0637563141,
9.92,object_red_01,RED,0,-0.25,0.00794701495,0,0,1.0963504e-12,0,0,0,0,0,0,-0.138360707,0.36584302,-0.0637563141,
9.96,object_red_01,RED,0,-0.25,0.00794701495,0,0,-1.3743997e-11,0,0,0,0,0,0,-0.136710963,0.365276721,-0.0637563141,
10,object_red_01,RED,0,-0.25,0.00794701495,0,0,3.74702876e-11,0,0,0,0,0,0,-0.135055736,0.36470451,-0.0637563141,
10.04,object_red_01,RED,0,-0.25,0.00794701495,0,0,7.59965056e-12,0,0,0,0,0,0,-0.133394777,0.364131669,-0.0637563141,
10.08,object_red_01,RED,0,-0.25,0.00794701495,0,0,-1.10660104e-11,0,0,0,0,0,0,-0.131727758,0.363563552,-0.0637563141,
10.12,object_red_01,RED,0,-0.25,0.00794701495,0,0,-1.83365246e-11,0,0,0,0,0,0,-0.13005323,0.363005091,-0.0637563141,
10.16,object_red_01,RED,0,-0.25,0.00794701495,0,0,1.63701502e-11,0,0,0,0,0,0,-0.128368825,0.362457635,-0.0637563141,
10.2,object_red_01,RED,0,-0.25,0.00794701495,0,0,-5.49847883e-12,0,0,0,0,0,0,-0.126674346,0.361918289,-0.0637563141,
10.24,object_red_01,RED,0,-0.25,0.00794701495,0,0,-1.72343821e-11,0,0,0,0,0,0,-0.124970922,0.361382126,-0.0637563141,
10.28,object_red_01,RED,0,-0.25,0.00794701495,0,0,2.39116542e-11,0,0,0,0,0,0,-0.123260082,0.360843601,-0.0637563141,
10.32,object_red_01,RED,0,-0.25,0.00794701495,0,0,-2.91467639e-13,0,0,0,0,0,0,-0.121543444,0.36029711,-0.0637563141,
10.36,object_red_01,RED,0,-0.25,0.00794701495,0,0,-1.53652147e-11,0,0,0,0,0,0,-0.119822675,0.359737098,-0.0637563141,
10.4,object_red_01,RED,0,-0.25,0.00794701495,0,0,3.54421015e-11,0,0,0,0,0,0,-0.118099518,0.359158003,-0.0637563141,
10.44,object_red_01,RED,0,-0.25,0.00794701495,0,0,7.02251097e-12,0,0,0,0,0,0,-0.116375835,0.358554187,-0.0637563141,
10.48,object_red_01,RED,0,-0.25,0.00794701495,0,0,-1.07536903e-11,0,0,0,0,0,0,-0.114653135,0.357920231,-0.0637563141,
10.52,object_red_01,RED,0,-0.25,0.00794701495,0,0,-1.98833042e-11,0,0,0,0,0,0,-0.112931597,0.35725346,-0.0637563141,
10.56,object_red_01,RED,0,-0.25,0.00794701495,0,0,1.27825902e-11,0,0,0,0,0,0,-0.111210738,0.356555321,-0.0637563141,
10.6,object_red_01,RED,0,-0.25,0.00794701495,0,0,-6.63651996e-12,0,0,0,0,0,0,-0.109489777,0.355830172,-0.0637563141,
10.64,object_red_01,RED,0,-0.25,0.00794701495,0,0,-1.86829268e-11,0,0,0,0,0,0,-0.10776783,0.355083942,-0.0637563141,
10.68,object_red_01,RED,0,-0.25,0.00794701495,0,0,2.23764911e-11,0,0,0,0,0,0,-0.106043998,0.354323189,-0.0637563141,
10.72,object_red_01,RED,0,-0.25,0.00794701495,0,0,-5.61825835e-13,0,0,0,0,0,0,-0.104317381,0.353554603,-0.0637563141,
10.76,object_red_01,RED,0,-0.25,0.00794701495,0,0,-1.48832729e-11,0,0,0,0,0,0,-0.102587056,0.352784845,-0.0637563141,
10.8,object_red_01,RED,0,-0.25,0.00794701495,0,0,3.26772325e-11,0,0,0,0,0,0,-0.100852,0.35202056,-0.0637563141,
10.84,object_red_01,RED,0,-0.25,0.00794701495,0,0,3.71202204e-12,0,0,0,0,0,0,-0.0991099309,0.351267564,-0.0637563141,
10.88,object_red_01,RED,0,-0.25,0.00794701495,0,0,-1.16828565e-11,0,0,0,0,0,0,-0.0973581727,0.350526978,-0.0637563141,
10.92,object_red_01,RED,0,-0.25,0.00794701495,0,0,-2.11812812e-11,0,0,0,0,0,0,-0.0955969717,0.349795032,-0.0637563141,
10.96,object_red_01,RED,0,-0.25,0.00794701495,0,0,1.16576644e-11,0,0,0,0,0,0,-0.0938282101,0.349065709,-0.0637563141,
11,object_red_01,RED,0,-0.25,0.00794701495,0,0,-6.65998127e-12,0,0,0,0,0,0,-0.0920542834,0.348332351,-0.0637563141,
11.04,object_red_01,RED,0,-0.25,0.00794701495,0,0,-1.80689001e-11,0,0,0,0,0,0,-0.0902777276,0.34758829,-0.0637563141,
11.08,object_red_01,RED,0,-0.25,0.00794701495,0,0,2.00199751e-11,0,0,0,0,0,0,-0.0885011548,0.346826972,-0.0637563141,
11.12,object_red_01,RED,0,-0.25,0.00794701495,0,0,-3.62094616e-12,0,0,0,0,0,0,-0.0867272849,0.346041895,-0.0637563141,
11.16,object_red_01,RED,0,-0.25,0.00794701495,0,0,-1.56341917e-11,0,0,0,0,0,0,-0.0849588143,0.345226592,-0.0637563141,
11.2,object_red_01,RED,0,-0.25,0.00794701495,0,0,3.10390987e-11,0,0,0,0,0,0,-0.0831969701,0.34437642,-0.0637563141,
11.24,object_red_01,RED,0,-0.25,0.00794701495,0,0,3.39109749e-12,0,0,0,0,0,0,-0.0814413541,0.343491529,-0.0637563141,
11.28,object_red_01,RED,0,-0.25,0.00794701495,0,0,-1.12989176e-11,0,0,0,0,0,0,-0.0796907517,0.342576109,-0.0637563141,
11.32,object_red_01,RED,0,-0.25,0.00794701495,0,0,-2.03801386e-11,0,0,0,0,0,0,-0.0779435979,0.341636691,-0.0637563141,
11.36,object_red_01,RED,0,-0.25,0.00794701495,0,0,9.67887767e-12,0,0,0,0,0,0,-0.0761982067,0.340680832,-0.0637563141,
11.4,object_red_01,RED,0,-0.25,0.00794701495,0,0,-9.47637663e-12,0,0,0,0,0,0,-0.0744528495,0.339716347,-0.0637563141,
11.44,object_red_01,RED,0,-0.25,0.00794701495,0,0,-1.86653755e-11,0,0,0,0,0,0,-0.0727057491,0.338751001,-0.0637563141,
11.48,object_red_01,RED,0,-0.25,0.00794701495,0,0,1.88594506e-11,0,0,0,0,0,0,-0.0709549912,0.337792445,-0.0637563141,
11.52,object_red_01,RED,0,-0.25,0.00794701495,0,0,-3.65464636e-12,0,0,0,0,0,0,-0.0691973028,0.336846856,-0.0637563141,
11.56,object_red_01,RED,0,-0.25,0.00794701495,0,0,-1.50940071e-11,0,0,0,0,0,0,-0.0674300549,0.335914621,-0.0637563141,
11.6,object_red_01,RED,0,-0.25,0.00794701495,0,0,2.88933384e-11,0,0,0,0,0,0,-0.0656542161,0.334991048,-0.0637563141,
11.64,object_red_01,RED,0,-0.25,0.00794701495,0,0,1.25009084e-12,0,0,0,0,0,0,-0.0638725511,0.334069258,-0.0637563141,
11.68,object_red_01,RED,0,-0.25,0.00794701495,0,0,-1.41093495e-11,0,0,0,0,0,0,-0.0620884021,0.333141817,-0.0637563141,
11.72,object_red_01,RED,0,-0.25,0.00794701495,0,0,-2.09366006e-11,0,0,0,0,0,0,-0.0603052861,0.332201371,-0.0637563141,
11.76,object_red_01,RED,0,-0.25,0.00794701495,0,0,8.88535088e-12,0,0,0,0,0,0,-0.0585268225,0.331240754,-0.0637563141,
11.8,object_red_01,RED,0,-0.25,0.00794701495,0,0,-9.29087742e-12,0,0,0,0,0,0,-0.0567567528,0.330252908,-0.0637563141,
11.84,object_red_01,RED,0,-0.25,0.00794701495,0,0,-1.80104003e-11,0,0,0,0,0,0,-0.0549981481,0.329231308,-0.0637563141,
11.88,object_red_01,RED,0,-0.25,0.00794701495,0,0,1.71300303e-11,0,0,0,0,0,0,-0.053251585,0.328173331,-0.0637563141,
11.92,object_red_01,RED,0,-0.25,0.00794701495,0,0,-5.54559773e-12,0,0,0,0,0,0,-0.0515158047,0.327081621,-0.0637563141,
11.96,object_red_01,RED,0,-0.25,0.00794701495,0,0,-1.77084511e-11,0,0,0,0,0,0,-0.0497886751,0.325962329,-0.0637563141,
12,object_red_01,RED,0,-0.25,0.00794701495,0,0,2.68776324e-11,0,0,0,0,0,0,-0.0480677172,0.324823376,-0.0637563141,
12.04,object_red_01,RED,0,-0.25,0.00794701495,0,0,7.759683e-13,0,0,0,0,0,0,-0.0463503194,0.32367328,-0.0637563141,
12.08,object_red_01,RED,0,-0.25,0.00794701495,0,0,-1.3740189e-11,0,0,0,0,0,0,-0.0446337942,0.322520573,-0.0637563141,
12.12,object_red_01,RED,0,-0.25,0.00794701495,0,0,3.70573344e-11,0,0,0,0,0,0,-0.0429153532,0.321373618,-0.0637563141,
12.16,object_red_01,RED,0,-0.25,0.00794701495,0,0,7.50677961e-12,0,0,0,0,0,0,-0.0411912961,0.320239714,-0.0637563141,
12.2,object_red_01,RED,0,-0.25,0.00794701495,0,0,-1.09614124e-11,0,0,0,0,0,0,-0.0394581108,0.319120593,-0.0637563141,
12.24,object_red_01,RED,0,-0.25,0.00794701495,0,0,-2.04406513e-11,0,0,0,0,0,0,-0.0377164977,0.318012056,-0.0637563141,
12.28,object_red_01,RED,0,-0.25,0.00794701495,0,0,1.55293011e-11,0,0,0,0,0,0,-0.0359697085,0.316907118,-0.0637563141,
12.32,object_red_01,RED,0,-0.25,0.00794701495,0,0,-5.7548616e-12,0,0,0,0,0,0,-0.0342218813,0.315798007,-0.0637563141,
12.36,object_red_01,RED,0,-0.25,0.00794701495,0,0,-1.71939475e-11,0,0,0,0,0,0,-0.032477432,0.314677009,-0.0637563141,
12.4,object_red_01,RED,0,-0.25,0.00794701495,0,0,2.36333519e-11,0,0,0,0,0,0,-0.0307409025,0.313536676,-0.0637563141,
12.44,object_red_01,RED,0,-0.25,0.00794701495,0,0,-3.04715034e-13,0,0,0,0,0,0,-0.0290169535,0.312369759,-0.0637563141,
12.48,object_red_01,RED,0,-0.25,0.00794701495,0,0,-1.52185119e-11,0,0,0,0,0,0,-0.0273094523,0.311169614,-0.0637563141,
12.52,object_red_01,RED,0,-0.25,0.00794701495,0,0,3.37061861e-11,0,0,0,0,0,0,-0.0256191557,0.30993366,-0.0637563141,
12.56,object_red_01,RED,0,-0.25,0.00794701495,0,0,6.25496863e-12,0,0,0,0,0,0,-0.0239443612,0.308664796,-0.0637563141,
12.6,object_red_01,RED,0,-0.25,0.00794701495,0,0,-1.09565053e-11,0,0,0,0,0,0,-0.0222822117,0.307369539,-0.0637563141,
12.64,object_red_01,RED,0,-0.25,0.00794701495,0,0,-1.98147618e-11,0,0,0,0,0,0,-0.0206293856,0.306056203,-0.0637563141,
12.68,object_red_01,RED,0,-0.25,0.00794701495,0,0,1.26158843e-11,0,0,0,0,0,0,-0.0189823737,0.30473366,-0.0637563141,
12.72,object_red_01,RED,0,-0.25,0.00794701495,0,0,-6.5879093e-12,0,0,0,0,0,0,-0.0173375603,0.303410734,-0.0637563141,
12.76,object_red_01,RED,0,-0.25,0.00794701495,0,0,-1.85038943e-11,0,0,0,0,0,0,-0.0156911878,0.302095992,-0.0637563141,
12.8,object_red_01,RED,0,-0.25,0.00794701495,0,0,2.21521276e-11,0,0,0,0,0,0,-0.0140385734,0.300796093,-0.0637563141,
12.84,object_red_01,RED,0,-0.25,0.00794701495,0,0,-5.56943713e-13,0,0,0,0,0,0,-0.012376892,0.299511216,-0.0637563141,
12.88,object_red_01,RED,0,-0.25,0.00794701495,0,0,-1.47357136e-11,0,0,0,0,0,0,-0.010707991,0.298236282,-0.0637563141,
12.92,object_red_01,RED,0,-0.25,0.00794701495,0,0,3.23508334e-11,0,0,0,0,0,0,-0.00903604739,0.296963996,-0.0637563141,
12.96,object_red_01,RED,0,-0.25,0.00794701495,0,0,3.67337191e-12,0,0,0,0,0,0,-0.00736603815,0.295686573,-0.0637563141,
13,object_red_01,RED,0,-0.25,0.00794701495,0,0,-1.15656606e-11,0,0,0,0,0,0,-0.00570320202,0.294396431,-0.0637563141,
13.04,object_red_01,RED,0,-0.25,0.00794701495,0,0,-2.09697262e-11,0,0,0,0,0,0,-0.00405290495,0.293086318,-0.0637563141,
13.08,object_red_01,RED,0,-0.25,0.00794701495,0,0,1.15400831e-11,0,0,0,0,0,0,-0.00242055789,0.291749227,-0.0637563141,
13.12,object_red_01,RED,0,-0.25,0.00794701495,0,0,-6.59249164e-12,0,0,0,0,0,0,-0.000809813788,0.29037944,-0.0637563141,
13.16,object_red_01,RED,0,-0.25,0.00794701495,0,0,-1.78880154e-11,0,0,0,0,0,0,0.000779545955,0.288976216,-0.0637563141,
13.2,object_red_01,RED,0,-0.25,0.00794701495,0,0,1.98215176e-11,0,0,0,0,0,0,0.00235019337,0.287543804,-0.0637563141,
13.24,object_red_01,RED,0,-0.25,0.00794701495,0,0,-3.5848049e-12,0,0,0,0,0,0,0.0039058676,0.286089443,-0.0637563141,
13.28,object_red_01,RED,0,-0.25,0.00794701495,0,0,-1.54784992e-11,0,0,0,0,0,0,0.00545073355,0.284621683,-0.0637563141,
13.32,object_red_01,RED,0,-0.25,0.00794701495,0,0,2.97969949e-11,0,0,0,0,0,0,0.00698913922,0.283149338,-0.0637563141,
13.36,object_red_01,RED,0,-0.25,0.00794701495,0,0,2.896904e-12,0,0,0,0,0,0,0.00852554889,0.281681019,-0.0637563141,
13.4,object_red_01,RED,0,-0.25,0.00794701495,0,0,-1.1389708e-11,0,0,0,0,0,0,0.0100647111,0.280224815,-0.0637563141,
13.44,object_red_01,RED,0,-0.25,0.00794701495,0,0,-2.02618899e-11,0,0,0,0,0,0,0.011611597,0.278784954,-0.0637563141,
13.48,object_red_01,RED,0,-0.25,0.00794701495,0,0,9.55654269e-12,0,0,0,0,0,0,0.0131668729,0.277359101,-0.0637563141,
13.52,object_red_01,RED,0,-0.25,0.00794701495,0,0,-9.39322711e-12,0,0,0,0,0,0,0.0147270875,0.27594123,-0.0637563141,
13.56,object_red_01,RED,0,-0.25,0.00794701495,0,0,-1.84839768e-11,0,0,0,0,0,0,0.0162871222,0.274524047,-0.0637563141,
13.6,object_red_01,RED,0,-0.25,0.00794701495,0,0,1.76771206e-11,0,0,0,0,0,0,0.0178412995,0.273100203,-0.0637563141,
13.64,object_red_01,RED,0,-0.25,0.00794701495,0,0,-4.08533657e-12,0,0,0,0,0,0,0.0193837481,0.271662701,-0.0637563141,
13.68,object_red_01,RED,0,-0.25,0.00794701495,0,0,-1.51450588e-11,0,0,0,0,0,0,0.0209084902,0.270204902,-0.0637563141,
13.72,object_red_01,RED,0,-0.25,0.00794701495,0,0,2.85528711e-11,0,0,0,0,0,0,0.0224098693,0.268720491,-0.0637563141,
13.76,object_red_01,RED,0,-0.25,0.00794701495,0,0,1.21074836e-12,0,0,0,0,0,0,0.0238855113,0.267205625,-0.0637563141,
13.8,object_red_01,RED,0,-0.25,0.00794701495,0,0,-1.39810439e-11,0,0,0,0,0,0,0.0253370647,0.265661681,-0.0637563141,
13.84,object_red_01,RED,0,-0.25,0.00794701495,0,0,3.82399677e-11,0,0,0,0,0,0,0.0267682166,0.264094054,-0.0637563141,
13.88,object_red_01,RED,0,-0.25,0.00794701495,0,0,7.76031447e-12,0,0,0,0,0,0,0.028183488,0.262510294,-0.0637563141,
13.92,object_red_01,RED,0,-0.25,0.00794701495,0,0,-9.66687574e-12,0,0,0,0,0,0,0.0295877345,0.260918703,-0.0637563141,
13.96,object_red_01,RED,0,-0.25,0.00794701495,0,0,-1.80281551e-11,0,0,0,0,0,0,0.0309859655,0.259327548,-0.0637563141,
14,object_red_01,RED,0,-0.25,0.00794701495,0,0,1.69036148e-11,0,0,0,0,0,0,0.0323832991,0.257744777,-0.0637563141,
14.04,object_red_01,RED,0,-0.25,0.00794701495,0,0,-5.51698664e-12,0,0,0,0,0,0,0.0337852262,0.256177118,-0.0637563141,
14.08,object_red_01,RED,0,-0.25,0.00794701495,0,0,-1.75451498e-11,0,0,0,0,0,0,0.0351955233,0.254625877,-0.0637563141,
14.12,object_red_01,RED,0,-0.25,0.00794701495,0,0,2.44098733e-11,0,0,0,0,0,0,0.036612719,0.253087173,-0.0637563141,
14.16,object_red_01,RED,0,-0.25,0.00794701495,0,0,-2.92256345e-13,0,0,0,0,0,0,0.0380322596,0.251554821,-0.0637563141,
14.2,object_red_01,RED,0,-0.25,0.00794701495,0,0,-1.40687865e-11,0,0,0,0,0,0,0.0394484526,0.250022077,-0.0637563141,
14.24,object_red_01,RED,0,-0.25,0.00794701495,0,0,3.65751499e-11,0,0,0,0,0,0,0.0408552275,0.248482424,-0.0637563141,
14.28,object_red_01,RED,0,-0.25,0.00794701495,0,0,7.37222148e-12,0,0,0,0,0,0,0.0422463811,0.246929761,-0.0637563141,
14.32,object_red_01,RED,0,-0.25,0.00794701495,0,0,-1.08802115e-11,0,0,0,0,0,0,0.0436156436,0.24535833,-0.0637563141,
14.36,object_red_01,RED,0,-0.25,0.00794701495,0,0,-2.02503877e-11,0,0,0,0,0,0,0.0449576694,0.243762833,-0.0637563141,
14.4,object_red_01,RED,0,-0.25,0.00794701495,0,0,1.53738405e-11,0,0,0,0,0,0,0.0462713755,0.242141072,-0.0637563141,
14.44,object_red_01,RED,0,-0.25,0.00794701495,0,0,-5.69934888e-12,0,0,0,0,0,0,0.0475594021,0.240495479,-0.0637563141,
14.48,object_red_01,RED,0,-0.25,0.00794701495,0,0,-1.70254251e-11,0,0,0,0,0,0,0.0488260723,0.238831668,-0.0637563141,
14.52,object_red_01,RED,0,-0.25,0.00794701495,0,0,2.34011264e-11,0,0,0,0,0,0,0.0500763787,0.237156797,-0.0637563141,
14.56,object_red_01,RED,0,-0.25,0.00794701495,0,0,-3.02577321e-13,0,0,0,0,0,0,0.051315582,0.235478422,-0.0637563141,
14.6,object_red_01,RED,0,-0.25,0.00794701495,0,0,-1.50687864e-11,0,0,0,0,0,0,0.0525490671,0.233803904,-0.0637563141,
14.64,object_red_01,RED,0,-0.25,0.00794701495,0,0,3.3375326e-11,0,0,0,0,0,0,0.0537823087,0.232140232,-0.0637563141,
14.68,object_red_01,RED,0,-0.25,0.00794701495,0,0,6.19402062e-12,0,0,0,0,0,0,0.0550209261,0.230492736,-0.0637563141,
14.72,object_red_01,RED,0,-0.25,0.00794701495,0,0,-1.08489166e-11,0,0,0,0,0,0,0.0562676453,0.228861415,-0.0637563141,
14.76,object_red_01,RED,0,-0.25,0.00794701495,0,0,-1.9620255e-11,0,0,0,0,0,0,0.0575201647,0.227242271,-0.0637563141,
14.8,object_red_01,RED,0,-0.25,0.00794701495,0,0,1.24926928e-11,0,0,0,0,0,0,0.05877363,0.225629715,-0.0637563141,
14.84,object_red_01,RED,0,-0.25,0.00794701495,0,0,-6.52370298e-12,0,0,0,0,0,0,0.06002226,0.224017911,-0.0637563141,
14.88,object_red_01,RED,0,-0.25,0.00794701495,0,0,-1.83222137e-11,0,0,0,0,0,0,0.0612599711,0.222401347,-0.0637563141,
14.92,object_red_01,RED,0,-0.25,0.00794701495,0,0,2.04624032e-11,0,0,0,0,0,0,0.0624805853,0.220774934,-0.0637563141,
14.96,object_red_01,RED,0,-0.25,0.00794701495,0,0,-1.25165393e-12,0,0,0,0,0,0,0.0636778938,0.219133912,-0.0637563141,
15,object_red_01,RED,0,-0.25,0.00794701495,0,0,-1.489399e-11,0,0,0,0,0,0,0.0648465247,0.217473848,-0.0637563141,
15.04,object_red_01,RED,0,-0.25,0.00794701495,0,0,3.1952059e-11,0,0,0,0,0,0,0.0659852881,0.215792682,-0.0637563141,
15.08,object_red_01,RED,0,-0.25,0.00794701495,0,0,3.59886246e-12,0,0,0,0,0,0,0.0670968291,0.214092328,-0.0637563141,
15.12,object_red_01,RED,0,-0.25,0.00794701495,0,0,-1.14693601e-11,0,0,0,0,0,0,0.0681855153,0.212377542,-0.0637563141,
15.16,object_red_01,RED,0,-0.25,0.00794701495,0,0,-2.07710331e-11,0,0,0,0,0,0,0.0692563898,0.210654486,-0.0637563141,
15.2,object_red_01,RED,0,-0.25,0.00794701495,0,0,9.88531147e-12,0,0,0,0,0,0,0.0703147564,0.208929673,-0.0637563141,
15.24,object_red_01,RED,0,-0.25,0.00794701495,0,0,-7.23142862e-12,0,0,0,0,0,0,0.071366026,0.207209412,-0.0637563141,
15.28,object_red_01,RED,0,-0.25,0.00794701495,0,0,-1.80113853e-11,0,0,0,0,0,0,0.072415664,0.205499649,-0.0637563141,
15.32,object_red_01,RED,0,-0.25,0.00794701495,0,0,1.95407028e-11,0,0,0,0,0,0,0.0734691997,0.203805455,-0.0637563141,
15.36,object_red_01,RED,0,-0.25,0.00794701495,0,0,-3.59055067e-12,0,0,0,0,0,0,0.074530273,0.202127896,-0.0637563141,
15.4,object_red_01,RED,0,-0.25,0.00794701495,0,0,-1.53428633e-11,0,0,0,0,0,0,0.0755976643,0.200464134,-0.0637563141,
15.44,object_red_01,RED,0,-0.25,0.00794701495,0,0,2.94990534e-11,0,0,0,0,0,0,0.0766671911,0.198809695,-0.0637563141,
15.48,object_red_01,RED,0,-0.25,0.00794701495,0,0,1.2827204e-12,0,0,0,0,0,0,0.0777335364,0.197159756,-0.0637563141,
15.52,object_red_01,RED,0,-0.25,0.00794701495,0,0,-1.19751629e-11,0,0,0,0,0,0,0.0787910056,0.19550976,-0.0637563141,
15.56,object_red_01,RED,0,-0.25,0.00794701495,0,0,-2.03539543e-11,0,0,0,0,0,0,0.0798338021,0.193855562,-0.0637563141,
15.6,object_red_01,RED,0,-0.25,0.00794701495,0,0,9.37388067e-12,0,0,0,0,0,0,0.0808561192,0.192193363,-0.0637563141,
15.64,object_red_01,RED,0,-0.25,0.00794701495,0,0,-9.34102267e-12,0,0,0,0,0,0,0.0818522414,0.190519582,-0.0637563141,
15.68,object_red_01,RED,0,-0.25,0.00794701495,0,0,-1.83192123e-11,0,0,0,0,0,0,0.082818414,0.188831135,-0.0637563141,
15.72,object_red_01,RED,0,-0.25,0.00794701495,0,0,1.74952045e-11,0,0,0,0,0,0,0.0837553303,0.187127571,-0.0637563141,
15.76,object_red_01,RED,0,-0.25,0.00794701495,0,0,-5.65107369e-12,0,0,0,0,0,0,0.0846664002,0.185411448,-0.0637563141,
15.8,object_red_01,RED,0,-0.25,0.00794701495,0,0,-1.56826454e-11,0,0,0,0,0,0,0.0855561344,0.183687221,-0.0637563141,
15.84,object_red_01,RED,0,-0.25,0.00794701495,0,0,2.80782882e-11,0,0,0,0,0,0,0.0864294587,0.181960119,-0.0637563141,
15.88,object_red_01,RED,0,-0.25,0.00794701495,0,0,1.1073316e-12,0,0,0,0,0,0,0.0872914471,0.180235403,-0.0637563141,
15.92,object_red_01,RED,0,-0.25,0.00794701495,0,0,-1.38812352e-11,0,0,0,0,0,0,0.0881472226,0.178518047,-0.0637563141,
15.96,object_red_01,RED,0,-0.25,0.00794701495,0,0,3.78465929e-11,0,0,0,0,0,0,0.0890019188,0.176812675,-0.0637563141,
16,object_red_01,RED,0,-0.25,0.00794701495,0,0,7.67779305e-12,0,0,0,0,0,0,0.0898606125,0.175123144,-0.0637563141,
16.04,object_red_01,RED,0,-0.25,0.00794701495,0,0,-9.57264151e-12,0,0,0,0,0,0,0.0907263578,0.173449982,-0.0637563141,
16.08,object_red_01,RED,0,-0.25,0.00794701495,0,0,-1.7848366e-11,0,0,0,0,0,0,0.0915979034,0.171790766,-0.0637563141,
16.12,object_red_01,RED,0,-0.25,0.00794701495,0,0,1.67334721e-11,0,0,0,0,0,0,0.0924714767,0.170141937,-0.0637563141,
16.16,object_red_01,RED,0,-0.25,0.00794701495,0,0,-5.46234471e-12,0,0,0,0,0,0,0.093342341,0.168499763,-0.0637563141,
16.2,object_red_01,RED,0,-0.25,0.00794701495,0,0,-1.73685726e-11,0,0,0,0,0,0,0.0942054447,0.166860796,-0.0637563141,
16.24,object_red_01,RED,0,-0.25,0.00794701495,0,0,2.41630514e-11,0,0,0,0,0,0,0.0950556674,0.165221964,-0.0637563141,
16.28,object_red_01,RED,0,-0.25,0.00794701495,0,0,-2.8827713e-13,0,0,0,0,0,0,0.0958879114,0.163580501,-0.0637563141,
16.32,object_red_01,RED,0,-0.25,0.00794701495,0,0,-1.39273941e-11,0,0,0,0,0,0,0.0966971387,0.161933849,-0.0637563141,
16.36,object_red_01,RED,0,-0.25,0.00794701495,0,0,3.62063427e-11,0,0,0,0,0,0,0.0974788663,0.160279519,-0.0637563141,
16.4,object_red_01,RED,0,-0.25,0.00794701495,0,0,7.2996713e-12,0,0,0,0,0,0,0.0982318864,0.158615933,-0.0637563141,
16.44,object_red_01,RED,0,-0.25,0.00794701495,0,0,-1.07705814e-11,0,0,0,0,0,0,0.0989583741,0.156943874,-0.0637563141,
16.48,object_red_01,RED,0,-0.25,0.00794701495,0,0,-2.00471658e-11,0,0,0,0,0,0,0.0996620127,0.155266088,-0.0637563141,
16.52,object_red_01,RED,0,-0.25,0.00794701495,0,0,1.29250996e-11,0,0,0,0,0,0,0.100347053,0.15358636,-0.0637563141,
16.56,object_red_01,RED,0,-0.25,0.00794701495,0,0,-6.69939155e-12,0,0,0,0,0,0,0.101017942,0.151908739,-0.0637563141,
16.6,object_red_01,RED,0,-0.25,0.00794701495,0,0,-1.73061757e-11,0,0,0,0,0,0,0.101679174,0.15023711,-0.0637563141,
16.64,object_red_01,RED,0,-0.25,0.00794701495,0,0,2.30409307e-11,0,0,0,0,0,0,0.102335239,0.148575056,-0.0637563141,
16.68,object_red_01,RED,0,-0.25,0.00794701495,0,0,-3.5917139e-13,0,0,0,0,0,0,0.102990592,0.146925879,-0.0637563141,
16.72,object_red_01,RED,0,-0.25,0.00794701495,0,0,-1.49440888e-11,0,0,0,0,0,0,0.103649581,0.145292375,-0.0637563141,
16.76,object_red_01,RED,0,-0.25,0.00794701495,0,0,3.30340914e-11,0,0,0,0,0,0,0.104314905,0.143674936,-0.0637563141,
16.8,object_red_01,RED,0,-0.25,0.00794701495,0,0,3.76024013e-12,0,0,0,0,0,0,0.104985702,0.142071734,-0.0637563141,
16.84,object_red_01,RED,0,-0.25,0.00794701495,0,0,-1.17962909e-11,0,0,0,0,0,0,0.105658946,0.140480162,-0.0637563141,
16.88,object_red_01,RED,0,-0.25,0.00794701495,0,0,-1.98647322e-11,0,0,0,0,0,0,0.106330772,0.138897535,-0.0637563141,
16.92,object_red_01,RED,0,-0.25,0.00794701495,0,0,1.22350895e-11,0,0,0,0,0,0,0.106997043,0.137321425,-0.0637563141,
16.96,object_red_01,RED,0,-0.25,0.00794701495,0,0,-6.518621e-12,0,0,0,0,0,0,0.107653571,0.135749726,-0.0637563141,
17,object_red_01,RED,0,-0.25,0.00794701495,0,0,-1.81643477e-11,0,0,0,0,0,0,0.108296214,0.134180591,-0.0637563141,
17.04,object_red_01,RED,0,-0.25,0.00794701495,0,0,2.02486533e-11,0,0,0,0,0,0,0.108920907,0.132612343,-0.0637563141,
17.08,object_red_01,RED,0,-0.25,0.00794701495,0,0,-3.64561729e-12,0,0,0,0,0,0,0.109523687,0.131043419,-0.0637563141,
17.12,object_red_01,RED,0,-0.25,0.00794701495,0,0,-1.57886852e-11,0,0,0,0,0,0,0.110101263,0.129472222,-0.0637563141,
17.16,object_red_01,RED,0,-0.25,0.00794701495,0,0,3.13564759e-11,0,0,0,0,0,0,0.110653244,0.127897751,-0.0637563141,
17.2,object_red_01,RED,0,-0.25,0.00794701495,0,0,3.42636439e-12,0,0,0,0,0,0,0.111181735,0.12632065,-0.0637563141,
17.24,object_red_01,RED,0,-0.25,0.00794701495,0,0,-1.14140222e-11,0,0,0,0,0,0,0.111689878,0.124742922,-0.0637563141,
17.28,object_red_01,RED,0,-0.25,0.00794701495,0,0,-2.05869436e-11,0,0,0,0,0,0,0.112181185,0.123167258,-0.0637563141,
17.32,object_red_01,RED,0,-0.25,0.00794701495,0,0,9.77614181e-12,0,0,0,0,0,0,0.112659274,0.121596478,-0.0637563141,
17.36,object_red_01,RED,0,-0.25,0.00794701495,0,0,-9.57237385e-12,0,0,0,0,0,0,0.113127769,0.120033242,-0.0637563141,
17.4,object_red_01,RED,0,-0.25,0.00794701495,0,0,-1.88535263e-11,0,0,0,0,0,0,0.113590259,0.118479961,-0.0637563141,
17.44,object_red_01,RED,0,-0.25,0.00794701495,0,0,1.90483758e-11,0,0,0,0,0,0,0.114050271,0.116938829,-0.0637563141,
17.48,object_red_01,RED,0,-0.25,0.00794701495,0,0,-3.69085543e-12,0,0,0,0,0,0,0.114511253,0.115411867,-0.0637563141,
17.52,object_red_01,RED,0,-0.25,0.00794701495,0,0,-1.52463486e-11,0,0,0,0,0,0,0.114976409,0.113900569,-0.0637563141,
17.56,object_red_01,RED,0,-0.25,0.00794701495,0,0,2.91857732e-11,0,0,0,0,0,0,0.115447107,0.112404543,-0.0637563141,
17.6,object_red_01,RED,0,-0.25,0.00794701495,0,0,1.2607794e-12,0,0,0,0,0,0,0.115922177,0.11092227,-0.0637563141,
17.64,object_red_01,RED,0,-0.25,0.00794701495,0,0,-1.18577279e-11,0,0,0,0,0,0,0.116399161,0.109451954,-0.0637563141,
17.68,object_red_01,RED,0,-0.25,0.00794701495,0,0,-2.01483806e-11,0,0,0,0,0,0,0.116875119,0.107991895,-0.0637563141,
17.72,object_red_01,RED,0,-0.25,0.00794701495,0,0,9.27801907e-12,0,0,0,0,0,0,0.117346976,0.106540639,-0.0637563141,
17.76,object_red_01,RED,0,-0.25,0.00794701495,0,0,-9.24648152e-12,0,0,0,0,0,0,0.117811657,0.105096974,-0.0637563141,
17.8,object_red_01,RED,0,-0.25,0.00794701495,0,0,-1.81327103e-11,0,0,0,0,0,0,0.118266155,0.103659859,-0.0637563141,
17.84,object_red_01,RED,0,-0.25,0.00794701495,0,0,1.73186986e-11,0,0,0,0,0,0,0.118707552,0.102228365,-0.0637563141,
17.88,object_red_01,RED,0,-0.25,0.00794701495,0,0,-5.59375872e-12,0,0,0,0,0,0,0.119133039,0.100801632,-0.0637563141,
17.92,object_red_01,RED,0,-0.25,0.00794701495,0,0,-1.55235125e-11,0,0,0,0,0,0,0.119539912,0.0993788654,-0.0637563141,
17.96,object_red_01,RED,0,-0.25,0.00794701495,0,0,2.77968738e-11,0,0,0,0,0,0,0.119925946,0.0979591823,-0.0637563141,
18,object_red_01,RED,0,-0.25,0.00794701495,0,0,1.09562236e-12,0,0,0,0,0,0,0.120290944,0.0965418433,-0.0637563141,
18.04,object_red_01,RED,0,-0.25,0.00794701495,0,0,-1.37413489e-11,0,0,0,0,0,0,0.120636493,0.0951270965,-0.0637563141,
18.08,object_red_01,RED,0,-0.25,0.00794701495,0,0,3.74662692e-11,0,0,0,0,0,0,0.120964905,0.0937160992,-0.0637563141,
18.12,object_red_01,RED,0,-0.25,0.00794701495,0,0,7.60090677e-12,0,0,0,0,0,0,0.121278732,0.0923104877,-0.0637563141,
18.16,object_red_01,RED,0,-0.25,0.00794701495,0,0,-1.10641475e-11,0,0,0,0,0,0,0.121580578,0.0909119941,-0.0637563141,
18.2,object_red_01,RED,0,-0.25,0.00794701495,0,0,-1.83345582e-11,0,0,0,0,0,0,0.121873031,0.0895222366,-0.0637563141,
18.24,object_red_01,RED,0,-0.25,0.00794701495,0,0,1.63706284e-11,0,0,0,0,0,0,0.122158627,0.0881426586,-0.0637563141,
18.28,object_red_01,RED,0,-0.25,0.00794701495,0,0,-5.49763303e-12,0,0,0,0,0,0,0.122439833,0.0867745478,-0.0637563141,
18.32,object_red_01,RED,0,-0.25,0.00794701495,0,0,-1.72340002e-11,0,0,0,0,0,0,0.122719038,0.0854190745,-0.0637563141,
18.36,object_red_01,RED,0,-0.25,0.00794701495,0,0,2.39115436e-11,0,0,0,0,0,0,0.122998543,0.0840773224,-0.0637563141,
18.4,object_red_01,RED,0,-0.25,0.00794701495,0,0,-2.91563997e-13,0,0,0,0,0,0,0.12328055,0.082750273,-0.0637563141,
18.44,object_red_01,RED,0,-0.25,0.00794701495,0,0,-1.53648828e-11,0,0,0,0,0,0,0.123566715,0.0814381927,-0.0637563141,
18.48,object_red_01,RED,0,-0.25,0.00794701495,0,0,3.5441916e-11,0,0,0,0,0,0,0.123857058,0.0801402866,-0.0637563141,
18.52,object_red_01,RED,0,-0.25,0.00794701495,0,0,7.02197208e-12,0,0,0,0,0,0,0.124150357,0.0788554927,-0.0637563141,
18.56,object_red_01,RED,0,-0.25,0.00794701495,0,0,-1.07531335e-11,0,0,0,0,0,0,0.124444875,0.0775827864,-0.0637563141,
18.6,object_red_01,RED,0,-0.25,0.00794701495,0,0,-1.9883886e-11,0,0,0,0,0,0,0.124738699,0.076321309,-0.0637563141,
18.64,object_red_01,RED,0,-0.25,0.00794701495,0,0,1.27833039e-11,0,0,0,0,0,0,0.125029895,0.0750703849,-0.0637563141,
18.68,object_red_01,RED,0,-0.25,0.00794701495,0,0,-6.6369161e-12,0,0,0,0,0,0,0.125316566,0.0738294755,-0.0637563141,
18.72,object_red_01,RED,0,-0.25,0.00794701495,0,0,-1.86838083e-11,0,0,0,0,0,0,0.125596889,0.072598125,-0.0637563141,
18.76,object_red_01,RED,0,-0.25,0.00794701495,0,0,2.23762127e-11,0,0,0,0,0,0,0.125869129,0.0713759249,-0.0637563141,
18.8,object_red_01,RED,0,-0.25,0.00794701495,0,0,-5.62568146e-13,0,0,0,0,0,0,0.126131637,0.0701625009,-0.0637563141,
18.84,object_red_01,RED,0,-0.25,0.00794701495,0,0,-1.48832586e-11,0,0,0,0,0,0,0.12638286,0.0689575121,-0.0637563141,
18.88,object_red_01,RED,0,-0.25,0.00794701495,0,0,3.26795308e-11,0,0,0,0,0,0,0.126621331,0.067760655,-0.0637563141,
18.92,object_red_01,RED,0,-0.25,0.00794701495,0,0,3.71208271e-12,0,0,0,0,0,0,0.126845679,0.0665716557,-0.0637563141,
18.96,object_red_01,RED,0,-0.25,0.00794701495,0,0,-1.1683192e-11,0,0,0,0,0,0,0.127054989,0.0653900761,-0.0637563141,
19,object_red_01,RED,0,-0.25,0.00794701495,0,0,-2.11823376e-11,0,0,0,0,0,0,0.127249608,0.0642155274,-0.0637563141,
19.04,object_red_01,RED,0,-0.25,0.00794701495,0,0,1.16588385e-11,0,0,0,0,0,0,0.12743071,0.0630481545,-0.0637563141,
19.08,object_red_01,RED,0,-0.25,0.00794701495,0,0,-6.65996699e-12,0,0,0,0,0,0,0.127599761,0.061888561,-0.0637563141,
19.12,object_red_01,RED,0,-0.25,0.00794701495,0,0,-1.80699493e-11,0,0,0,0,0,0,0.127758306,0.0607375681,-0.0637563141,
19.16,object_red_01,RED,0,-0.25,0.00794701495,0,0,2.00214705e-11,0,0,0,0,0,0,0.127907887,0.0595960174,-0.0637563141,
19.2,object_red_01,RED,0,-0.25,0.00794701495,0,0,-3.6215707e-12,0,0,0,0,0,0,0.128050007,0.0584646715,-0.0637563141,
19.24,object_red_01,RED,0,-0.25,0.00794701495,0,0,-1.56357834e-11,0,0,0,0,0,0,0.128186119,0.0573441927,-0.0637563141,
19.28,object_red_01,RED,0,-0.25,0.00794701495,0,0,3.10423606e-11,0,0,0,0,0,0,0.128317617,0.0562351588,-0.0637563141,
19.32,object_red_01,RED,0,-0.25,0.00794701495,0,0,3.39206463e-12,0,0,0,0,0,0,0.128445827,0.055138087,-0.0637563141,
19.36,object_red_01,RED,0,-0.25,0.00794701495,0,0,-1.13000025e-11,0,0,0,0,0,0,0.128572006,0.0540534495,-0.0637563141,
19.4,object_red_01,RED,0,-0.25,0.00794701495,0,0,-2.03817125e-11,0,0,0,0,0,0,0.128697345,0.0529816808,-0.0637563141,
19.44,object_red_01,RED,0,-0.25,0.00794701495,0,0,9.67930592e-12,0,0,0,0,0,0,0.128822962,0.0519231778,-0.0637563141,
19.48,object_red_01,RED,0,-0.25,0.00794701495,0,0,-9.47702259e-12,0,0,0,0,0,0,0.128949908,0.0508782996,-0.0637563141,
19.52,object_red_01,RED,0,-0.25,0.00794701495,0,0,-1.86664104e-11,0,0,0,0,0,0,0.129079152,0.0498473322,-0.0637563141,
19.56,object_red_01,RED,0,-0.25,0.00794701495,0,0,1.8860953e-11,0,0,0,0,0,0,0.129211252,0.0488301145,-0.0637563141,
19.6,object_red_01,RED,0,-0.25,0.00794701495,0,0,-3.6544929e-12,0,0,0,0,0,0,0.129345992,0.0478260988,-0.0637563141,
19.64,object_red_01,RED,0,-0.25,0.00794701495,0,0,-1.50953811e-11,0,0,0,0,0,0,0.129482702,0.0468347441,-0.0637563141,
19.68,object_red_01,RED,0,-0.25,0.00794701495,0,0,2.88954369e-11,0,0,0,0,0,0,0.129620533,0.0458556062,-0.0637563141,
19.72,object_red_01,RED,0,-0.25,0.00794701495,0,0,1.2490773e-12,0,0,0,0,0,0,0.129758587,0.0448883566,-0.0637563141,
19.76,object_red_01,RED,0,-0.25,0.00794701495,0,0,-1.41105272e-11,0,0,0,0,0,0,0.129895977,0.043932761,-0.0637563141,
19.8,object_red_01,RED,0,-0.25,0.00794701495,0,0,-2.09384242e-11,0,0,0,0,0,0,0.130031851,0.0429886425,-0.0637563141,
19.84,object_red_01,RED,0,-0.25,0.00794701495,0,0,8.8858862e-12,0,0,0,0,0,0,0.130165405,0.0420558513,-0.0637563141,
19.88,object_red_01,RED,0,-0.25,0.00794701495,0,0,-9.29164471e-12,0,0,0,0,0,0,0.130295893,0.0411342495,-0.0637563141,
19.92,object_red_01,RED,0,-0.25,0.00794701495,0,0,-1.80118314e-11,0,0,0,0,0,0,0.130422623,0.0402237081,-0.0637563141,
19.96,object_red_01,RED,0,-0.25,0.00794701495,0,0,1.71307798e-11,0,0,0,0,0,0,0.130544959,0.0393241087,-0.0637563141,
20,object_red_01,RED,0,-0.25,0.00794701495,0,0,-5.54662555e-12,0,0,0,0,0,0,0.130662317,0.0384353457,-0.0637563141,
20.04,object_red_01,RED,0,-0.25,0.00794701495,0,0,-1.77096323e-11,0,0,0,0,0,0,0.130774166,0.0375573274,-0.0637563141,
20.08,object_red_01,RED,0,-0.25,0.00794701495,0,0,2.68802769e-11,0,0,0,0,0,0,0.130880021,0.0366899767,-0.0637563141,
20.12,object_red_01,RED,0,-0.25,0.00794701495,0,0,7.76546446e-13,0,0,0,0,0,0,0.130979448,0.0358332289,-0.0637563141,
20.16,object_red_01,RED,0,-0.25,0.00794701495,0,0,-1.37414453e-11,0,0,0,0,0,0,0.131072057,0.0349870303,-0.0637563141,
20.2,object_red_01,RED,0,-0.25,0.00794701495,0,0,3.70591402e-11,0,0,0,0,0,0,0.131157503,0.0341513373,-0.0637563141,
20.24,object_red_01,RED,0,-0.25,0.00794701495,0,0,7.50571968e-12,0,0,0,0,0,0,0.13123549,0.0333260945,-0.0637563141,
20.28,object_red_01,RED,0,-0.25,0.00794701495,0,0,-1.09620441e-11,0,0,0,0,0,0,0.131305946,0.0325111006,-0.0637563141,
20.32,object_red_01,RED,0,-0.25,0.00794701495,0,0,-2.04408582e-11,0,0,0,0,0,0,0.131369222,0.0317061595,-0.0637563141,
20.36,object_red_01,RED,0,-0.25,0.00794701495,0,0,1.55293975e-11,0,0,0,0,0,0,0.131425877,0.0309112724,-0.0637563141,
20.4,object_red_01,RED,0,-0.25,0.00794701495,0,0,-5.75535766e-12,0,0,0,0,0,0,0.131476527,0.0301265963,-0.0637563141,
20.44,object_red_01,RED,0,-0.25,0.00794701495,0,0,-1.71938904e-11,0,0,0,0,0,0,0.131521791,0.029352356,-0.0637563141,
20.48,object_red_01,RED,0,-0.25,0.00794701495,0,0,2.36348437e-11,0,0,0,0,0,0,0.131562266,0.0285887766,-0.0637563141,
20.52,object_red_01,RED,0,-0.25,0.00794701495,0,0,-3.05457345e-13,0,0,0,0,0,0,0.131598524,0.0278360516,-0.0637563141,
20.56,object_red_01,RED,0,-0.25,0.00794701495,0,0,-1.52188902e-11,0,0,0,0,0,0,0.131631107,0.0270943382,-0.0637563141,
20.6,object_red_01,RED,0,-0.25,0.00794701495,0,0,3.37070961e-11,0,0,0,0,0,0,0.131660524,0.0263637638,-0.0637563141,
20.64,object_red_01,RED,0,-0.25,0.00794701495,0,0,6.25530053e-12,0,0,0,0,0,0,0.131687251,0.0256444355,-0.0637563141,
20.68,object_red_01,RED,0,-0.25,0.00794701495,0,0,-1.09564803e-11,0,0,0,0,0,0,0.131711729,0.0249364456,-0.0637563141,
20.72,object_red_01,RED,0,-0.25,0.00794701495,0,0,-1.98148332e-11,0,0,0,0,0,0,0.131734368,0.0242398738,-0.0637563141,
20.76,object_red_01,RED,0,-0.25,0.00794701495,0,0,1.26158093e-11,0,0,0,0,0,0,0.131755544,0.0235547873,-0.0637563141,
20.8,object_red_01,RED,0,-0.25,0.00794701495,0,0,-6.58834113e-12,0,0,0,0,0,0,0.131775605,0.0228812415,-0.0637563141,
20.84,object_red_01,RED,0,-0.25,0.00794701495,0,0,-1.85038658e-11,0,0,0,0,0,0,0.131794868,0.0222192791,-0.0637563141,
20.88,object_red_01,RED,0,-0.25,0.00794701495,0,0,2.2150179e-11,0,0,0,0,0,0,0.131813623,0.0215689306,-0.0637563141,
20.92,object_red_01,RED,0,-0.25,0.00794701495,0,0,-5.57432639e-13,0,0,0,0,0,0,0.131832132,0.0209302153,-0.0637563141,
20.96,object_red_01,RED,0,-0.25,0.00794701495,0,0,-1.47347714e-11,0,0,0,0,0,0,0.131850634,0.0203031421,-0.0637563141,
21,object_red_01,RED,0,-0.25,0.00794701495,0,0,3.23503338e-11,0,0,0,0,0,0,0.131869341,0.0196877098,-0.0637563141,
21.04,object_red_01,RED,0,-0.25,0.00794701495,0,0,3.67446397e-12,0,0,0,0,0,0,0.131888443,0.0190839081,-0.0637563141,
21.08,object_red_01,RED,0,-0.25,0.00794701495,0,0,-1.15655571e-11,0,0,0,0,0,0,0.131908106,0.0184917182,-0.0637563141,
21.12,object_red_01,RED,0,-0.25,0.00794701495,0,0,-2.09696263e-11,0,0,0,0,0,0,0.131928478,0.0179111134,-0.0637563141,
21.16,object_red_01,RED,0,-0.25,0.00794701495,0,0,1.15410823e-11,0,0,0,0,0,0,0.131949683,0.0173420593,-0.0637563141,
21.2,object_red_01,RED,0,-0.25,0.00794701495,0,0,-6.5932054e-12,0,0,0,0,0,0,0.131971808,0.0167845054,-0.0637563141,
21.24,object_red_01,RED,0,-0.25,0.00794701495,0,0,-1.78880332e-11,0,0,0,0,0,0,0.13199466,0.0162382861,-0.0637563141,
21.28,object_red_01,RED,0,-0.25,0.00794701495,0,0,1.98201044e-11,0,0,0,0,0,0,0.132017939,0.0157031568,-0.0637563141,
21.32,object_red_01,RED,0,-0.25,0.00794701495,0,0,-3.58515107e-12,0,0,0,0,0,0,0.132041459,0.0151789043,-0.0637563141,
21.36,object_red_01,RED,0,-0.25,0.00794701495,0,0,-1.54781815e-11,0,0,0,0,0,0,0.132065086,0.0146653805,-0.0637563141,
21.4,object_red_01,RED,0,-0.25,0.00794701495,0,0,2.97964096e-11,0,0,0,0,0,0,0.132088712,0.0141624932,-0.0637563141,
21.44,object_red_01,RED,0,-0.25,0.00794701495,0,0,2.89785687e-12,0,0,0,0,0,0,0.13211224,0.0136701784,-0.0637563141,
21.48,object_red_01,RED,0,-0.25,0.00794701495,0,0,-1.13895509e-11,0,0,0,0,0,0,0.132135589,0.0131883773,-0.0637563141,
21.52,object_red_01,RED,0,-0.25,0.00794701495,0,0,-2.0261865e-11,0,0,0,0,0,0,0.132158685,0.0127170264,-0.0637563141,
21.56,object_red_01,RED,0,-0.25,0.00794701495,0,0,9.55699949e-12,0,0,0,0,0,0,0.132181466,0.0122560549,-0.0637563141,
21.6,object_red_01,RED,0,-0.25,0.00794701495,0,0,-9.39343767e-12,0,0,0,0,0,0,0.132203877,0.0118053872,-0.0637563141,
21.64,object_red_01,RED,0,-0.25,0.00794701495,0,0,-1.84838733e-11,0,0,0,0,0,0,0.132225869,0.0113649458,-0.0637563141,
21.68,object_red_01,RED,0,-0.25,0.00794701495,0,0,1.76734483e-11,0,0,0,0,0,0,0.132247401,0.0109346533,-0.0637563141,
21.72,object_red_01,RED,0,-0.25,0.00794701495,0,0,-4.08611814e-12,0,0,0,0,0,0,0.132268437,0.0105144322,-0.0637563141,
21.76,object_red_01,RED,0,-0.25,0.00794701495,0,0,-1.51428426e-11,0,0,0,0,0,0,0.132288945,0.0101042049,-0.0637563141,
21.8,object_red_01,RED,0,-0.25,0.00794701495,0,0,2.85514293e-11,0,0,0,0,0,0,0.132308898,0.00970389348,-0.0637563141,
21.84,object_red_01,RED,0,-0.25,0.00794701495,0,0,1.21109096e-12,0,0,0,0,0,0,0.132328277,0.00931341917,-0.0637563141,
21.88,object_red_01,RED,0,-0.25,0.00794701495,0,0,-1.39801268e-11,0,0,0,0,0,0,0.132347062,0.00893270185,-0.0637563141,
21.92,object_red_01,RED,0,-0.25,0.00794701495,0,0,3.82379335e-11,0,0,0,0,0,0,0.13236524,0.00856166022,-0.0637563141,
21.96,object_red_01,RED,0,-0.25,0.00794701495,0,0,7.75982911e-12,0,0,0,0,0,0,0.132382803,0.00820021197,-0.0637563141,
22,object_red_01,RED,0,-0.25,0.00794701495,0,0,-9.66615484e-12,0,0,0,0,0,0,0.132399743,0.00784827337,-0.0637563141,
22.04,object_red_01,RED,0,-0.25,0.00794701495,0,0,-1.80272094e-11,0,0,0,0,0,0,0.132416057,0.00750575927,-0.0637563141,
22.08,object_red_01,RED,0,-0.25,0.00794701495,0,0,1.69027155e-11,0,0,0,0,0,0,0.132431744,0.00717258323,-0.0637563141,
22.12,object_red_01,RED,0,-0.25,0.00794701495,0,0,-5.51670114e-12,0,0,0,0,0,0,0.132446808,0.00684865753,-0.0637563141,
22.16,object_red_01,RED,0,-0.25,0.00794701495,0,0,-1.75442041e-11,0,0,0,0,0,0,0.132461251,0.00653389278,-0.0637563141,
22.2,object_red_01,RED,0,-0.25,0.00794701495,0,0,2.44098162e-11,0,0,0,0,0,0,0.13247508,0.006228198,-0.0637563141,
22.24,object_red_01,RED,0,-0.25,0.00794701495,0,0,-2.91424814e-13,0,0,0,0,0,0,0.132488304,0.00593148078,-0.0637563141,
22.28,object_red_01,RED,0,-0.25,0.00794701495,0,0,-1.40690328e-11,0,0,0,0,0,0,0.132500932,0.00564364713,-0.0637563141,
22.32,object_red_01,RED,0,-0.25,0.00794701495,0,0,3.65749286e-11,0,0,0,0,0,0,0.132512977,0.00536460118,-0.0637563141,
22.36,object_red_01,RED,0,-0.25,0.00794701495,0,0,7.37229286e-12,0,0,0,0,0,0,0.132524449,0.00509424542,-0.0637563141,
22.4,object_red_01,RED,0,-0.25,0.00794701495,0,0,-1.08801865e-11,0,0,0,0,0,0,0.132535364,0.00483248081,-0.0637563141,
22.44,object_red_01,RED,0,-0.25,0.00794701495,0,0,-2.02500058e-11,0,0,0,0,0,0,0.132545735,0.00457920633,-0.0637563141,
22.48,object_red_01,RED,0,-0.25,0.00794701495,0,0,1.53731446e-11,0,0,0,0,0,0,0.132555578,0.00433431915,-0.0637563141,
22.52,object_red_01,RED,0,-0.25,0.00794701495,0,0,-5.6994488e-12,0,0,0,0,0,0,0.132564909,0.00409771472,-0.0637563141,
22.56,object_red_01,RED,0,-0.25,0.00794701495,0,0,-1.70251182e-11,0,0,0,0,0,0,0.132573744,0.00386928672,-0.0637563141,
22.6,object_red_01,RED,0,-0.25,0.00794701495,0,0,2.34024504e-11,0,0,0,0,0,0,0.132582101,0.00364892677,-0.0637563141,
22.64,object_red_01,RED,0,-0.25,0.00794701495,0,0,-3.0219189e-13,0,0,0,0,0,0,0.132589997,0.00343652462,-0.0637563141,
22.68,object_red_01,RED,0,-0.25,0.00794701495,0,0,-1.50690219e-11,0,0,0,0,0,0,0.132597448,0.00323196829,-0.0637563141,
22.72,object_red_01,RED,0,-0.25,0.00794701495,0,0,3.33747121e-11,0,0,0,0,0,0,0.132604472,0.00303514379,-0.0637563141,
22.76,object_red_01,RED,0,-0.25,0.00794701495,0,0,6.19248604e-12,0,0,0,0,0,0,0.132611086,0.00284593505,-0.0637563141,
22.8,object_red_01,RED,0,-0.25,0.00794701495,0,0,-1.08484634e-11,0,0,0,0,0,0,0.132617308,0.00266422414,-0.0637563141,
22.84,object_red_01,RED,0,-0.25,0.00794701495,0,0,-1.96195412e-11,0,0,0,0,0,0,0.132623155,0.00248989131,-0.0637563141,
22.88,object_red_01,RED,0,-0.25,0.00794701495,0,0,1.24916685e-11,0,0,0,0,0,0,0.132628643,0.00232281462,-0.0637563141,
22.92,object_red_01,RED,0,-0.25,0.00794701495,0,0,-6.52387071e-12,0,0,0,0,0,0,0.132633788,0.00216287009,-0.0637563141,
22.96,object_red_01,RED,0,-0.25,0.00794701495,0,0,-1.83214964e-11,0,0,0,0,0,0,0.132638608,0.00200993193,-0.0637563141,
23,object_red_01,RED,0,-0.25,0.00794701495,0,0,2.04615109e-11,0,0,0,0,0,0,0.132643117,0.00186387226,-0.0637563141,
23.04,object_red_01,RED,0,-0.25,0.00794701495,0,0,-1.25208932e-12,0,0,0,0,0,0,0.132647332,0.00172456105,-0.0637563141,
23.08,object_red_01,RED,0,-0.25,0.00794701495,0,0,-1.48929765e-11,0,0,0,0,0,0,0.132651266,0.00159186628,-0.0637563141,
23.12,object_red_01,RED,0,-0.25,0.00794701495,0,0,3.19515737e-11,0,0,0,0,0,0,0.132654934,0.00146565401,-0.0637563141,
23.16,object_red_01,RED,0,-0.25,0.00794701495,0,0,3.59774185e-12,0,0,0,0,0,0,0.132658351,0.00134578811,-0.0637563141,
23.2,object_red_01,RED,0,-0.25,0.00794701495,0,0,-1.14689532e-11,0,0,0,0,0,0,0.132661529,0.00123213034,-0.0637563141,
23.24,object_red_01,RED,0,-0.25,0.00794701495,0,0,-2.07697198e-11,0,0,0,0,0,0,0.132664481,0.00112454045,-0.0637563141,
23.28,object_red_01,RED,0,-0.25,0.00794701495,0,0,9.88238149e-12,0,0,0,0,0,0,0.13266722,0.00102287619,-0.0637563141,
23.32,object_red_01,RED,0,-0.25,0.00794701495,0,0,-7.23079337e-12,0,0,0,0,0,0,0.132669758,0.000926993072,-0.0637563141,
23.36,object_red_01,RED,0,-0.25,0.00794701495,0,0,-1.80091976e-11,0,0,0,0,0,0,0.132672105,0.000836744513,-0.0637563141,
23.4,object_red_01,RED,0,-0.25,0.00794701495,0,0,1.95385116e-11,0,0,0,0,0,0,0.132674273,0.000751981954,-0.0637563141,
23.44,object_red_01,RED,0,-0.25,0.00794701495,0,0,-3.58936583e-12,0,0,0,0,0,0,0.132676271,0.00067255464,-0.0637563141,
23.48,object_red_01,RED,0,-0.25,0.00794701495,0,0,-1.53418283e-11,0,0,0,0,0,0,0.13267811,0.000598309633,-0.0637563141,
23.52,object_red_01,RED,0,-0.25,0.00794701495,0,0,2.94970085e-11,0,0,0,0,0,0,0.132679799,0.000529091934,-0.0637563141,
23.56,object_red_01,RED,0,-0.25,0.00794701495,0,0,1.28149273e-12,0,0,0,0,0,0,0.132681346,0.00046474447,-0.0637563141,
23.6,object_red_01,RED,0,-0.25,0.00794701495,0,0,-1.1974549e-11,0,0,0,0,0,0,0.13268276,0.000405107926,-0.0637563141,
23.64,object_red_01,RED,0,-0.25,0.00794701495,0,0,-2.03516132e-11,0,0,0,0,0,0,0.132684049,0.000350020823,-0.0637563141,
23.68,object_red_01,RED,0,-0.25,0.00794701495,0,0,9.37354164e-12,0,0,0,0,0,0,0.13268522,0.000299319625,-0.0637563141,
23.72,object_red_01,RED,0,-0.25,0.00794701495,0,0,-9.34023396e-12,0,0,0,0,0,0,0.132686281,0.000252838627,-0.0637563141,
23.76,object_red_01,RED,0,-0.25,0.00794701495,0,0,-1.83178241e-11,0,0,0,0,0,0,0.132687237,0.000210409876,-0.0637563141,
23.8,object_red_01,RED,0,-0.25,0.00794701495,0,0,1.74966213e-11,0,0,0,0,0,0,0.132688097,0.000171863276,-0.0637563141,
23.84,object_red_01,RED,0,-0.25,0.00794701495,0,0,-5.65068826e-12,0,0,0,0,0,0,0.132688865,0.000137026634,-0.0637563141,
23.88,object_red_01,RED,0,-0.25,0.00794701495,0,0,-1.56824741e-11,0,0,0,0,0,0,0.132689548,0.000105725491,-0.0637563141,
23.92,object_red_01,RED,0,-0.25,0.00794701495,0,0,2.80787485e-11,0,0,0,0,0,0,0.132690151,7.77831782e-05,-0.0637563141,
23.96,object_red_01,RED,0,-0.25,0.00794701495,0,0,1.10801324e-12,0,0,0,0,0,0,0.13269068,5.30208875e-05,-0.0637563141,
24,object_red_01,RED,0,-0.25,0.00794701495,0,0,-1.38821239e-11,0,0,0,0,0,0,0.132691139,3.12576157e-05,-0.0637563141,
24.04,object_red_01,RED,0,-0.25,0.00794701495,0,0,3.78472459e-11,0,0,0,0,0,0,0.132691534,1.23100902e-05,-0.0637563141,
24.08,object_red_01,RED,0,-0.25,0.00794701495,0,0,7.67866741e-12,0,0,0,0,0,0,0.13269187,-4.00717205e-06,-0.0637563141,
24.12,object_red_01,RED,0,-0.25,0.00794701495,0,0,-9.57250233e-12,0,0,0,0,0,0,0.132692152,-1.78818158e-05,-0.0637563141,
24.16,object_red_01,RED,0,-0.25,0.00794701495,0,0,-1.78493795e-11,0,0,0,0,0,0,0.132692383,-2.95037551e-05,-0.0637563141,
24.2,object_red_01,RED,0,-0.25,0.00794701495,0,0,1.67334186e-11,0,0,0,0,0,0,0.132692569,-3.90651651e-05,-0.0637563141,
24.24,object_red_01,RED,0,-0.25,0.00794701495,0,0,-5.46302278e-12,0,0,0,0,0,0,0.132692714,-4.6760442e-05,-0.0637563141,
24.28,object_red_01,RED,0,-0.25,0.00794701495,0,0,-1.73692257e-11,0,0,0,0,0,0,0.132692823,-5.27862049e-05,-0.0637563141,
24.32,object_red_01,RED,0,-0.25,0.00794701495,0,0,2.41627159e-11,0,0,0,0,0,0,0.132692899,-5.73413723e-05,-0.0637563141,
24.36,object_red_01,RED,0,-0.25,0.00794701495,0,0,-2.87823892e-13,0,0,0,0,0,0,0.132692948,-6.06271257e-05,-0.0637563141,
24.4,object_red_01,RED,0,-0.25,0.00794701495,0,0,-1.39272514e-11,0,0,0,0,0,0,0.132692973,-6.28468972e-05,-0.0637563141,
24.44,object_red_01,RED,0,-0.25,0.00794701495,0,0,3.62071564e-11,0,0,0,0,0,0,0.13269298,-6.42064081e-05,-0.0637563141,
24.48,object_red_01,RED,0,-0.25,0.00794701495,0,0,7.29910386e-12,0,0,0,0,0,0,0.132692972,-6.49136779e-05,-0.0637563141,
24.52,object_red_01,RED,0,-0.25,0.00794701495,0,0,-1.07709954e-11,0,0,0,0,0,0,0.132692949,-6.51798848e-05,-0.0637563141,
24.56,object_red_01,RED,0,-0.25,0.00794701495,0,0,-2.0047098e-11,0,0,0,0,0,0,0.132688102,-6.55850615e-05,-0.0637563141,
24.6,object_red_01,RED,0,-0.25,0.00794701495,0,0,1.29231689e-11,0,0,0,0,0,0,0.132644014,-6.69475886e-05,-0.0637563141,
24.64,object_red_01,RED,0,-0.25,0.00794701495,0,0,-6.69873846e-12,0,0,0,0,0,0,0.132500943,-6.94232642e-05,-0.0637563141,
24.68,object_red_01,RED,0,-0.25,0.00794701495,0,0,-1.73056618e-11,0,0,0,0,0,0,0.132194335,-7.43529062e-05,-0.0637563141,
24.72,object_red_01,RED,0,-0.25,0.00794701495,0,0,2.30408736e-11,0,0,0,0,0,0,0.131663788,-8.37255463e-05,-0.0637563141,
24.76,object_red_01,RED,0,-0.25,0.00794701495,0,0,-3.60288425e-13,0,0,0,0,0,0,0.130855909,-9.8890325e-05,-0.0637563141,
24.8,object_red_01,RED,0,-0.25,0.00794701495,0,0,-1.49436213e-11,0,0,0,0,0,0,0.129724748,-0.000119906401,-0.0637563141,
24.84,object_red_01,RED,0,-0.25,0.00794701495,0,0,3.30335168e-11,0,0,0,0,0,0,0.128231386,-0.000145460999,-0.0637563141,
24.88,object_red_01,RED,0,-0.25,0.00794701495,0,0,3.76067553e-12,0,0,0,0,0,0,0.126343322,-0.000173996978,-0.0637563141,
24.92,object_red_01,RED,0,-0.25,0.00794701495,0,0,-1.17955308e-11,0,0,0,0,0,0,0.124034252,-0.000203696668,-0.0637563141,
24.96,object_red_01,RED,0,-0.25,0.00794701495,0,0,-1.98645573e-11,0,0,0,0,0,0,0.121283797,-0.000233782722,-0.0637563141,
25,object_red_01,RED,0,-0.25,0.00794701495,0,0,1.22333122e-11,0,0,0,0,0,0,0.11807808,-0.000264125761,-0.0637563141,
25.04,object_red_01,RED,0,-0.25,0.00794701495,0,0,-6.51852465e-12,0,0,0,0,0,0,0.114410196,-0.000293865131,-0.0637563141,
25.08,object_red_01,RED,0,-0.25,0.00794701495,0,0,-1.81630772e-11,0,0,0,0,0,0,0.11028076,-0.000322309077,-0.0637563141,
25.12,object_red_01,RED,0,-0.25,0.00794701495,0,0,2.02469867e-11,0,0,0,0,0,0,0.105698931,-0.000348760327,-0.0637563141,
25.16,object_red_01,RED,0,-0.25,0.00794701495,0,0,-3.64603484e-12,0,0,0,0,0,0,0.10068316,-0.000372765357,-0.0637563141,
25.2,object_red_01,RED,0,-0.25,0.00794701495,0,0,-1.57863441e-11,0,0,0,0,0,0,0.095261937,-0.000393775201,-0.0637563141,
25.24,object_red_01,RED,0,-0.25,0.00794701495,0,0,3.13555979e-11,0,0,0,0,0,0,0.0894741373,-0.000411387252,-0.0637563141,
25.28,object_red_01,RED,0,-0.25,0.00794701495,0,0,3.4270389e-12,0,0,0,0,0,0,0.0833690811,-0.00042519618,-0.0637563141,
25.32,object_red_01,RED,0,-0.25,0.00794701495,0,0,-1.14130765e-11,0,0,0,0,0,0,0.0770062177,-0.000434812476,-0.0637563141,
25.36,object_red_01,RED,0,-0.25,0.00794701495,0,0,-2.05866331e-11,0,0,0,0,0,0,0.0704542814,-0.000439975939,-0.0637563141,
25.4,object_red_01,RED,0,-0.25,0.00794701495,0,0,9.77643088e-12,0,0,0,0,0,0,0.0637900381,-0.000440507844,-0.0637563141,
25.44,object_red_01,RED,0,-0.25,0.00794701495,0,0,-9.57264151e-12,0,0,0,0,0,0,0.0570966281,-0.000436292211,-0.0637563141,
25.48,object_red_01,RED,0,-0.25,0.00794701495,0,0,-1.8853926e-11,0,0,0,0,0,0,0.0504614842,-0.00042735141,-0.0637563141,
25.52,object_red_01,RED,0,-0.25,0.00794701495,0,0,1.90475514e-11,0,0,0,0,0,0,0.0439738972,-0.000413888723,-0.0637563141,
25.56,object_red_01,RED,0,-0.25,0.00794701495,0,0,-3.69150852e-12,0,0,0,0,0,0,0.0377224435,-0.000396140816,-0.0637563141,
25.6,object_red_01,RED,0,-0.25,0.00794701495,0,0,-1.52457169e-11,0,0,0,0,0,0,0.0317922409,-0.000374480168,-0.0637563141,
25.64,object_red_01,RED,0,-0.25,0.00794701495,0,0,2.91844599e-11,0,0,0,0,0,0,0.0262620064,-0.000349477717,-0.0637563141,
25.68,object_red_01,RED,0,-0.25,0.00794701495,0,0,1.26156097e-12,0,0,0,0,0,0,0.0212014941,-0.000321548375,-0.0637563141,
25.72,object_red_01,RED,0,-0.25,0.00794701495,0,0,-1.1857296e-11,0,0,0,0,0,0,0.0166685668,-0.000291490019,-0.0637563141,
25.76,object_red_01,RED,0,-0.25,0.00794701495,0,0,-2.01481415e-11,0,0,0,0,0,0,0.0127070669,-0.000259709253,-0.0637563141,
25.8,object_red_01,RED,0,-0.25,0.00794701495,0,0,9.27766219e-12,0,0,0,0,0,0,0.00934435605,-0.000225324415,-0.0637563141,
25.84,object_red_01,RED,0,-0.25,0.00794701495,0,0,-9.24567854e-12,0,0,0,0,0,0,0.00658875503,-0.000189528354,-0.0637563141,
25.88,object_red_01,RED,0,-0.25,0.00794701495,0,0,-1.81327567e-11,0,0,0,0,0,0,0.00442864022,-0.000155693471,-0.0637563141,
25.92,object_red_01,RED,0,-0.25,0.00794701495,0,0,1.73181062e-11,0,0,0,0,0,0,0.00283096996,-0.000125822923,-0.0637563141,
25.96,object_red_01,RED,0,-0.25,0.00794701495,0,0,-5.59354459e-12,0,0,0,0,0,0,0.0017396382,-9.99771385e-05,-0.0637563141,
26,object_red_01,RED,0,-0.25,0.00794701495,0,0,-1.55238301e-11,0,0,0,0,0,0,0.00107436887,-7.76608397e-05,-0.0637563141,
26.04,object_red_01,RED,0,-0.25,0.00794701495,0,0,2.77957425e-11,0,0,0,0,0,0,0.000729922745,-5.90378112e-05,-0.0637563141,
26.08,object_red_01,RED,0,-0.25,0.00794701495,0,0,1.0962469e-12,0,0,0,0,0,0,0.000579300346,-4.51887219e-05,-0.0637563138,
26.12,object_red_01,RED,0,-0.25,0.00794701495,0,0,-1.37417022e-11,0,0,0,0,0,0,0.000517064545,-3.67985607e-05,-0.0637561727,
26.16,object_red_01,RED,0,-0.25,0.00794701495,0,0,3.74641172e-11,0,0,0,0,0,0,0.000491596323,-3.27273094e-05,-0.0637552322,
26.2,object_red_01,RED,0,-0.25,0.00794701495,0,0,7.60047138e-12,0,0,0,0,0,0,0.000481266506,-3.11258868e-05,-0.0637527381,
26.24,object_red_01,RED,0,-0.25,0.00794701495,0,0,-1.10636194e-11,0,0,0,0,0,0,0.000477111044,-3.06139976e-05,-0.0637479651,
26.28,object_red_01,RED,0,-0.25,0.00794701495,0,0,-1.83341121e-11,0,0,0,0,0,0,0.000475445745,-3.04802214e-05,-0.0637402195,
26.32,object_red_01,RED,0,-0.25,0.00794701495,0,0,1.63689047e-11,0,0,0,0,0,0,0.0004747767,-3.04476813e-05,-0.0637288364,
26.36,object_red_01,RED,0,-0.25,0.00794701495,0,0,-5.49855021e-12,0,0,0,0,0,0,0.000474505877,-3.04354961e-05,-0.0637131759,
26.4,object_red_01,RED,0,-0.25,0.00794701495,0,0,-1.72332972e-11,0,0,0,0,0,0,0.000474395318,-3.04276606e-05,-0.063692632,
26.44,object_red_01,RED,0,-0.25,0.00794701495,0,0,2.39099948e-11,0,0,0,0,0,0,0.000474349964,-3.04226037e-05,-0.063666625,
26.48,object_red_01,RED,0,-0.25,0.00794701495,0,0,-2.90785998e-13,0,0,0,0,0,0,0.000474331379,-3.04199043e-05,-0.0636345983,
26.52,object_red_01,RED,0,-0.25,0.00794701495,0,0,-1.53644331e-11,0,0,0,0,0,0,0.000474323812,-3.0418728e-05,-0.0635960261,
26.56,object_red_01,RED,0,-0.25,0.00794701495,0,0,3.54424156e-11,0,0,0,0,0,0,0.000474320756,-3.04183072e-05,-0.0635504097,
26.6,object_red_01,RED,0,-0.25,0.00794701495,0,0,7.02256807e-12,0,0,0,0,0,0,0.000474319528,-3.04181832e-05,-0.0634972694,
26.64,object_red_01,RED,0,-0.25,0.00794701495,0,0,-1.07538259e-11,0,0,0,0,0,0,0.000474319036,-3.04181516e-05,-0.0634361604,
26.68,object_red_01,RED,0,-0.25,0.00794701495,0,0,-1.98833435e-11,0,0,0,0,0,0,0.000474318837,-3.04181423e-05,-0.0633666628,
26.72,object_red_01,RED,0,-0.25,0.00794701495,0,0,1.27818229e-11,0,0,0,0,0,0,0.000474318757,-3.04181377e-05,-0.0632883737,
26.76,object_red_01,RED,0,-0.25,0.00794701495,0,0,-6.63637364e-12,0,0,0,0,0,0,0.000474318724,-3.04181347e-05,-0.0632009254,
26.8,object_red_01,RED,0,-0.25,0.00794701495,0,0,-1.86828376e-11,0,0,0,0,0,0,0.00047431871,-3.0418133e-05,-0.0631039693,
26.84,object_red_01,RED,0,-0.25,0.00794701495,0,0,2.23752313e-11,0,0,0,0,0,0,0.000474318705,-3.04181322e-05,-0.0629971745,
26.88,object_red_01,RED,0,-0.25,0.00794701495,0,0,-5.61861523e-13,0,0,0,0,0,0,0.000474318702,-3.04181318e-05,-0.0628802402,
26.92,object_red_01,RED,0,-0.25,0.00794701495,0,0,-1.4882759e-11,0,0,0,0,0,0,0.000474318702,-3.04181317e-05,-0.0627528929,
26.96,object_red_01,RED,0,-0.25,0.00794701495,0,0,3.26792132e-11,0,0,0,0,0,0,0.000474318701,-3.04181317e-05,-0.0626148715,
27,object_red_01,RED,0,-0.25,0.00794701495,0,0,3.71210056e-12,0,0,0,0,0,0,0.000474318701,-3.04181317e-05,-0.0624659431,
27.04,object_red_01,RED,0,-0.25,0.00794701495,0,0,-1.16828672e-11,0,0,0,0,0,0,0.000474318701,-3.04181317e-05,-0.0623059044,
27.08,object_red_01,RED,0,-0.25,0.00794701495,0,0,-2.11817238e-11,0,0,0,0,0,0,0.000474318701,-3.04181317e-05,-0.0621345599,
27.12,object_red_01,RED,0,-0.25,0.00794701495,0,0,1.16581212e-11,0,0,0,0,0,0,0.000474318701,-3.04181317e-05,-0.0619517383,
27.16,object_red_01,RED,0,-0.25,0.00794701495,0,0,-6.65992417e-12,0,0,0,0,0,0,0.000474318701,-3.04181317e-05,-0.0617572966,
27.2,object_red_01,RED,0,-0.25,0.00794701495,0,0,-1.80690714e-11,0,0,0,0,0,0,0.000474318701,-3.04181317e-05,-0.0615511135,
27.24,object_red_01,RED,0,-0.25,0.00794701495,0,0,2.0020978e-11,0,0,0,0,0,0,0.000474318701,-3.04181317e-05,-0.0613330462,
27.28,object_red_01,RED,0,-0.25,0.00794701495,0,0,-3.62173487e-12,0,0,0,0,0,0,0.000474318701,-3.04181317e-05,-0.0611030485,
27.32,object_red_01,RED,0,-0.25,0.00794701495,0,0,-1.56342524e-11,0,0,0,0,0,0,0.000474318701,-3.04181317e-05,-0.0608610359,
27.36,object_red_01,RED,0,-0.25,0.00794701495,0,0,3.10409794e-11,0,0,0,0,0,0,0.000474318701,-3.04181317e-05,-0.0606069604,
27.4,object_red_01,RED,0,-0.25,0.00794701495,0,0,3.39206463e-12,0,0,0,0,0,0,0.000474318701,-3.04181317e-05,-0.0603407924,
27.44,object_red_01,RED,0,-0.25,0.00794701495,0,0,-1.12995993e-11,0,0,0,0,0,0,0.000474318701,-3.04181317e-05,-0.0600625152,
27.48,object_red_01,RED,0,-0.25,0.00794701495,0,0,-2.03803635e-11,0,0,0,0,0,0,0.000474318701,-3.04181317e-05,-0.0597721275,
27.52,object_red_01,RED,0,-0.25,0.00794701495,0,0,9.67955931e-12,0,0,0,0,0,0,0.000474318701,-3.04181317e-05,-0.0594696733,
27.56,object_red_01,RED,0,-0.25,0.00794701495,0,0,-9.47637307e-12,0,0,0,0,0,0,0.000474318701,-3.04181317e-05,-0.0591551468,
27.6,object_red_01,RED,0,-0.25,0.00794701495,0,0,-1.86658394e-11,0,0,0,0,0,0,0.000474318701,-3.04181317e-05,-0.0588286438,
27.64,object_red_01,RED,0,-0.25,0.00794701495,0,0,1.88576911e-11,0,0,0,0,0,0,0.000474318701,-3.04181317e-05,-0.0584902274,
27.68,object_red_01,RED,0,-0.25,0.00794701495,0,0,-3.65465707e-12,0,0,0,0,0,0,0.000474318701,-3.04181317e-05,-0.0581399808,
27.72,object_red_01,RED,0,-0.25,0.00794701495,0,0,-1.50941463e-11,0,0,0,0,0,0,0.000474318701,-3.04181317e-05,-0.0577780043,
27.76,object_red_01,RED,0,-0.25,0.00794701495,0,0,2.88945732e-11,0,0,0,0,0,0,0.000474318701,-3.04181317e-05,-0.0574044166,
27.8,object_red_01,RED,0,-0.25,0.00794701495,0,0,1.24872399e-12,0,0,0,0,0,0,0.000474318701,-3.04181317e-05,-0.0570193472,
27.84,object_red_01,RED,0,-0.25,0.00794701495,0,0,-1.41096029e-11,0,0,0,0,0,0,0.000474318701,-3.04181317e-05,-0.0566229449,
27.88,object_red_01,RED,0,-0.25,0.00794701495,0,0,-2.09367326e-11,0,0,0,0,0,0,0.000474318701,-3.04181317e-05,-0.0562153916,
27.92,object_red_01,RED,0,-0.25,0.00794701495,0,0,8.88448723e-12,0,0,0,0,0,0,0.000474318701,-3.04181317e-05,-0.055796797,
27.96,object_red_01,RED,0,-0.25,0.00794701495,0,0,-9.29064188e-12,0,0,0,0,0,0,0.000474318701,-3.04181317e-05,-0.0553674105,
28,object_red_01,RED,0,-0.25,0.00794701495,0,0,-1.80099899e-11,0,0,0,0,0,0,0.000474318701,-3.04181317e-05,-0.0549274123,
28.04,object_red_01,RED,0,-0.25,0.00794701495,0,0,1.71305835e-11,0,0,0,0,0,0,0.000474318701,-3.04181317e-05,-0.0544770094,
28.08,object_red_01,RED,0,-0.25,0.00794701495,0,0,-5.54567268e-12,0,0,0,0,0,0,0.000474318701,-3.04181317e-05,-0.0540164304,
28.12,object_red_01,RED,0,-0.25,0.00794701495,0,0,-1.77083297e-11,0,0,0,0,0,0,0.000474318701,-3.04181317e-05,-0.0535458914,
28.16,object_red_01,RED,0,-0.25,0.00794701495,0,0,2.68793526e-11,0,0,0,0,0,0,0.000474318701,-3.04181317e-05,-0.0530656632,
28.2,object_red_01,RED,0,-0.25,0.00794701495,0,0,7.75957593e-13,0,0,0,0,0,0,0.000474318701,-3.04181317e-05,-0.0525759861,
28.24,object_red_01,RED,0,-0.25,0.00794701495,0,0,-1.37405852e-11,0,0,0,0,0,0,0.000474318701,-3.04181317e-05,-0.0520771414,
28.28,object_red_01,RED,0,-0.25,0.00794701495,0,0,3.70609281e-11,0,0,0,0,0,0,0.000474318701,-3.04181317e-05,-0.0515693961,
28.32,object_red_01,RED,0,-0.25,0.00794701495,0,0,7.50631923e-12,0,0,0,0,0,0,0.000474318701,-3.04181317e-05,-0.0510530377,
28.36,object_red_01,RED,0,-0.25,0.00794701495,0,0,-1.09622511e-11,0,0,0,0,0,0,0.000474318701,-3.04181317e-05,-0.0505283598,
28.4,object_red_01,RED,0,-0.25,0.00794701495,0,0,-2.04412187e-11,0,0,0,0,0,0,0.000474318701,-3.04181317e-05,-0.0499956704,
28.44,object_red_01,RED,0,-0.25,0.00794701495,0,0,1.55305002e-11,0,0,0,0,0,0,0.000474318701,-3.04181317e-05,-0.0494552781,
28.48,object_red_01,RED,0,-0.25,0.00794701495,0,0,-5.75445119e-12,0,0,0,0,0,0,0.000474318701,-3.04181317e-05,-0.0489075053,
28.52,object_red_01,RED,0,-0.25,0.00794701495,0,0,-1.71949147e-11,0,0,0,0,0,0,0.000474318701,-3.04181317e-05,-0.0483526842,
28.56,object_red_01,RED,0,-0.25,0.00794701495,0,0,2.36365067e-11,0,0,0,0,0,0,0.000474318701,-3.04181317e-05,-0.0477911475,
28.6,object_red_01,RED,0,-0.25,0.00794701495,0,0,-3.04818529e-13,0,0,0,0,0,0,0.000474318701,-3.04181317e-05,-0.0472232351,
28.64,object_red_01,RED,0,-0.25,0.00794701495,0,0,-1.522015e-11,0,0,0,0,0,0,0.000474318701,-3.04181317e-05,-0.0466493026,
28.68,object_red_01,RED,0,-0.25,0.00794701495,0,0,3.37096157e-11,0,0,0,0,0,0,0.000474318701,-3.04181317e-05,-0.0460696946,
28.72,object_red_01,RED,0,-0.25,0.00794701495,0,0,6.25566812e-12,0,0,0,0,0,0,0.000474318701,-3.04181317e-05,-0.0454847805,
28.76,object_red_01,RED,0,-0.25,0.00794701495,0,0,-1.09574725e-11,0,0,0,0,0,0,0.000474318701,-3.04181317e-05,-0.0448949233,
28.8,object_red_01,RED,0,-0.25,0.00794701495,0,0,-1.9816639e-11,0,0,0,0,0,0,0.000474318701,-3.04181317e-05,-0.0443005032,
28.84,object_red_01,RED,0,-0.25,0.00794701495,0,0,1.26187857e-11,0,0,0,0,0,0,0.000474318701,-3.04181317e-05,-0.0437018667,
28.88,object_red_01,RED,0,-0.25,0.00794701495,0,0,-6.58884076e-12,0,0,0,0,0,0,0.000474318701,-3.04181317e-05,-0.0430994254,
28.92,object_red_01,RED,0,-0.25,0.00794701495,0,0,-1.85070241e-11,0,0,0,0,0,0,0.000474318701,-3.04181317e-05,-0.0424935468,
28.96,object_red_01,RED,0,-0.25,0.00794701495,0,0,2.21535658e-11,0,0,0,0,0,0,0.000474318701,-3.04181317e-05,-0.0418846224,
29,object_red_01,RED,0,-0.25,0.00794701495,0,0,-5.57557547e-13,0,0,0,0,0,0,0.000474318701,-3.04181317e-05,-0.0412730381,
29.04,object_red_01,RED,0,-0.25,0.00794701495,0,0,-1.47371376e-11,0,0,0,0,0,0,0.000474318701,-3.04181317e-05,-0.0406591884,
29.08,object_red_01,RED,0,-0.25,0.00794701495,0,0,3.2355712e-11,0,0,0,0,0,0,0.000474318701,-3.04181317e-05,-0.0400434687,
29.12,object_red_01,RED,0,-0.25,0.00794701495,0,0,3.67597714e-12,0,0,0,0,0,0,0.000474318701,-3.04181317e-05,-0.0394262741,
29.16,object_red_01,RED,0,-0.25,0.00794701495,0,0,-1.15677056e-11,0,0,0,0,0,0,0.000474318701,-3.04181317e-05,-0.0388080036,
29.2,object_red_01,RED,0,-0.25,0.00794701495,0,0,-2.09741301e-11,0,0,0,0,0,0,0.000474318701,-3.04181317e-05,-0.0381890512,
29.24,object_red_01,RED,0,-0.25,0.00794701495,0,0,1.15438589e-11,0,0,0,0,0,0,0.000474318701,-3.04181317e-05,-0.0375698211,
29.28,object_red_01,RED,0,-0.25,0.00794701495,0,0,-6.59456512e-12,0,0,0,0,0,0,0.000474318701,-3.04181317e-05,-0.0369507113,
29.32,object_red_01,RED,0,-0.25,0.00794701495,0,0,-1.78926013e-11,0,0,0,0,0,0,0.000474318701,-3.04181317e-05,-0.0363321218,
29.36,object_red_01,RED,0,-0.25,0.00794701495,0,0,1.98250472e-11,0,0,0,0,0,0,0.000474318701,-3.04181317e-05,-0.0357144506,
29.4,object_red_01,RED,0,-0.25,0.00794701495,0,0,-3.58640729e-12,0,0,0,0,0,0,0.000474318701,-3.04181317e-05,-0.0350980968,
29.44,object_red_01,RED,0,-0.25,0.00794701495,0,0,-1.54818396e-11,0,0,0,0,0,0,0.000474318701,-3.04181317e-05,-0.034483452,
29.48,object_red_01,RED,0,-0.25,0.00794701495,0,0,2.98054208e-11,0,0,0,0,0,0,0.000474318701,-3.04181317e-05,-0.0338709249,
29.52,object_red_01,RED,0,-0.25,0.00794701495,0,0,2.89715025e-12,0,0,0,0,0,0,0.000474318701,-3.04181317e-05,-0.0332608928,
29.56,object_red_01,RED,0,-0.25,0.00794701495,0,0,-1.13923275e-11,0,0,0,0,0,0,0.000474318701,-3.04181317e-05,-0.0326537596,
29.6,object_red_01,RED,0,-0.25,0.00794701495,0,0,-2.02668577e-11,0,0,0,0,0,0,0.000474318701,-3.04181317e-05,-0.0320499045,
29.64,object_red_01,RED,0,-0.25,0.00794701495,0,0,9.55915148e-12,0,0,0,0,0,0,0.000474318701,-3.04181317e-05,-0.0314497143,
29.68,object_red_01,RED,0,-0.25,0.00794701495,0,0,-9.39557538e-12,0,0,0,0,0,0,0.000474318701,-3.04181317e-05,-0.0308535731,
29.72,object_red_01,RED,0,-0.25,0.00794701495,0,0,-1.84893086e-11,0,0,0,0,0,0,0.000474318701,-3.04181317e-05,-0.0302618504,
29.76,object_red_01,RED,0,-0.25,0.00794701495,0,0,1.76803504e-11,0,0,0,0,0,0,0.000474318701,-3.04181317e-05,-0.0296749251,
29.8,object_red_01,RED,0,-0.25,0.00794701495,0,0,-4.08613599e-12,0,0,0,0,0,0,0.000474318701,-3.04181317e-05,-0.0290931511,
29.84,object_red_01,RED,0,-0.25,0.00794701495,0,0,-1.51486954e-11,0,0,0,0,0,0,0.000474318701,-3.04181317e-05,-0.0285169316,
29.88,object_red_01,RED,0,-0.25,0.00794701495,0,0,2.8559584e-11,0,0,0,0,0,0,0.000474318701,-3.04181317e-05,-0.0279465667,
29.92,object_red_01,RED,0,-0.25,0.00794701495,0,0,1.20954924e-12,0,0,0,0,0,0,0.000474318701,-3.04181317e-05,-0.0273824703,
29.96,object_red_01,RED,0,-0.25,0.00794701495,0,0,-1.39847519e-11,0,0,0,0,0,0,0.000474318701,-3.04181317e-05,-0.026824925,
30,object_red_01,RED,0,-0.25,0.00794701495,0,0,3.82442752e-11,0,0,0,0,0,0,0.000474318701,-3.04181317e-05,-0.0262743223,
30.04,object_red_01,RED,0,-0.25,0.00794701495,0,0,7.75996473e-12,0,0,0,0,0,0,0.000474318701,-3.04181317e-05,-0.0257309481,
30.08,object_red_01,RED,0,-0.25,0.00794701495,0,0,-9.66773225e-12,0,0,0,0,0,0,0.000474318701,-3.04181317e-05,-0.0251951662,
30.12,object_red_01,RED,0,-0.25,0.00794701495,0,0,-1.80304641e-11,0,0,0,0,0,0,0.000474318701,-3.04181317e-05,-0.0246672625,
30.16,object_red_01,RED,0,-0.25,0.00794701495,0,0,1.69042251e-11,0,0,0,0,0,0,0.000474318701,-3.04181317e-05,-0.0241475614,
30.2,object_red_01,RED,0,-0.25,0.00794701495,0,0,-5.51815007e-12,0,0,0,0,0,0,0.000474318701,-3.04181317e-05,-0.0236363364,
30.24,object_red_01,RED,0,-0.25,0.00794701495,0,0,-1.75466344e-11,0,0,0,0,0,0,0.000474318701,-3.04181317e-05,-0.0231339345,
30.28,object_red_01,RED,0,-0.25,0.00794701495,0,0,2.44116363e-11,0,0,0,0,0,0,0.000474318701,-3.04181317e-05,-0.0226405659,
30.32,object_red_01,RED,0,-0.25,0.00794701495,0,0,-2.91353438e-13,0,0,0,0,0,0,0.000474318701,-3.04181317e-05,-0.0221565683,
30.36,object_red_01,RED,0,-0.25,0.00794701495,0,0,-1.4070264e-11,0,0,0,0,0,0,0.000474318701,-3.04181317e-05,-0.021682147,
30.4,object_red_01,RED,0,-0.25,0.00794701495,0,0,3.65805566e-11,0,0,0,0,0,0,0.000474318701,-3.04181317e-05,-0.0212175801,
30.44,object_red_01,RED,0,-0.25,0.00794701495,0,0,7.37284602e-12,0,0,0,0,0,0,0.000474318701,-3.04181317e-05,-0.0207630999,
30.48,object_red_01,RED,0,-0.25,0.00794701495,0,0,-1.0881953e-11,0,0,0,0,0,0,0.000474318701,-3.04181317e-05,-0.0203189328,
30.52,object_red_01,RED,0,-0.25,0.00794701495,0,0,-2.02529287e-11,0,0,0,0,0,0,0.000474318701,-3.04181317e-05,-0.0198853045,
30.56,object_red_01,RED,0,-0.25,0.00794701495,0,0,1.53736299e-11,0,0,0,0,0,0,0.000474318701,-3.04181317e-05,-0.0194624097,
30.6,object_red_01,RED,0,-0.25,0.00794701495,0,0,-5.69969148e-12,0,0,0,0,0,0,0.000474318701,-3.04181317e-05,-0.0190504406,
30.64,object_red_01,RED,0,-0.25,0.00794701495,0,0,-1.70273665e-11,0,0,0,0,0,0,0.000474318701,-3.04181317e-05,-0.0186495725,
30.68,object_red_01,RED,0,-0.25,0.00794701495,0,0,2.34039207e-11,0,0,0,0,0,0,0.000474318701,-3.04181317e-05,-0.0182599489,
30.72,object_red_01,RED,0,-0.25,0.00794701495,0,0,-3.02202597e-13,0,0,0,0,0,0,0.000474318701,-3.04181317e-05,-0.0178818058,
30.76,object_red_01,RED,0,-0.25,0.00794701495,0,0,-1.5070453e-11,0,0,0,0,0,0,0.000474318701,-3.04181317e-05,-0.0175151977,
30.8,object_red_01,RED,0,-0.25,0.00794701495,0,0,3.33789983e-11,0,0,0,0,0,0,0.000474318701,-3.04181317e-05,-0.0171602591,
30.84,object_red_01,RED,0,-0.25,0.00794701495,0,0,6.19386003e-12,0,0,0,0,0,0,0.000474318701,-3.04181317e-05,-0.0168171398,
30.88,object_red_01,RED,0,-0.25,0.00794701495,0,0,-1.0849998e-11,0,0,0,0,0,0,0.000474318701,-3.04181317e-05,-0.0164858927,
30.92,object_red_01,RED,0,-0.25,0.00794701495,0,0,-1.96217681e-11,0,0,0,0,0,0,0.000474318701,-3.04181317e-05,-0.0161666055,
30.96,object_red_01,RED,0,-0.25,0.00794701495,0,0,1.24933887e-11,0,0,0,0,0,0,0.000474318701,-3.04181317e-05,-0.0158593416,
31,object_red_01,RED,0,-0.25,0.00794701495,0,0,-6.52391711e-12,0,0,0,0,0,0,0.000474318701,-3.04181317e-05,-0.0155641442,
31.04,object_red_01,RED,0,-0.25,0.00794701495,0,0,-1.83240445e-11,0,0,0,0,0,0,0.000474318701,-3.04181317e-05,-0.0152810514,
31.08,object_red_01,RED,0,-0.25,0.00794701495,0,0,2.04633703e-11,0,0,0,0,0,0,0.000474318701,-3.04181317e-05,-0.0150100645,
31.12,object_red_01,RED,0,-0.25,0.00794701495,0,0,-1.25190731e-12,0,0,0,0,0,0,0.000474318701,-3.04181317e-05,-0.0147511834,
31.16,object_red_01,RED,0,-0.25,0.00794701495,0,0,-1.48949964e-11,0,0,0,0,0,0,0.000474318701,-3.04181317e-05,-0.0145043822,
31.2,object_red_01,RED,0,-0.25,0.00794701495,0,0,3.19554708e-11,0,0,0,0,0,0,0.000474318701,-3.04181317e-05,-0.0142696119,
31.24,object_red_01,RED,0,-0.25,0.00794701495,0,0,3.59875896e-12,0,0,0,0,0,0,0.000474318701,-3.04181317e-05,-0.0140468156,
31.28,object_red_01,RED,0,-0.25,0.00794701495,0,0,-1.14701952e-11,0,0,0,0,0,0,0.000474318701,-3.04181317e-05,-0.0138359193,
31.32,object_red_01,RED,0,-0.25,0.00794701495,0,0,-2.07723358e-11,0,0,0,0,0,0,0.000474318701,-3.04181317e-05,-0.0136368138,
31.36,object_red_01,RED,0,-0.25,0.00794701495,0,0,9.88420514e-12,0,0,0,0,0,0,0.000474318701,-3.04181317e-05,-0.0134493863,
31.4,object_red_01,RED,0,-0.25,0.00794701495,0,0,-7.23195323e-12,0,0,0,0,0,0,0.000474318701,-3.04181317e-05,-0.0132734997,
31.44,object_red_01,RED,0,-0.25,0.00794701495,0,0,-1.8011189e-11,0,0,0,0,0,0,0.000474318701,-3.04181317e-05,-0.0131089848,
31.48,object_red_01,RED,0,-0.25,0.00794701495,0,0,1.95401532e-11,0,0,0,0,0,0,0.000474318701,-3.04181317e-05,-0.0129556635,
31.52,object_red_01,RED,0,-0.25,0.00794701495,0,0,-3.58991542e-12,0,0,0,0,0,0,0.000474318701,-3.04181317e-05,-0.0128133187,
31.56,object_red_01,RED,0,-0.25,0.00794701495,0,0,-1.53432879e-11,0,0,0,0,0,0,0.000474318701,-3.04181317e-05,-0.0126817678,
31.6,object_red_01,RED,0,-0.25,0.00794701495,0,0,2.94970085e-11,0,0,0,0,0,0,0.000474318701,-3.04181317e-05,-0.0125607222,
31.64,object_red_01,RED,0,-0.25,0.00794701495,0,0,1.28153556e-12,0,0,0,0,0,0,0.000474318701,-3.04181317e-05,-0.0124499331,
31.68,object_red_01,RED,0,-0.25,0.00794701495,0,0,-1.19748238e-11,0,0,0,0,0,0,0.000474318701,-3.04181317e-05,-0.0123491002,
31.72,object_red_01,RED,0,-0.25,0.00794701495,0,0,-2.03522092e-11,0,0,0,0,0,0,0.000474318701,-3.04181317e-05,-0.0122579092,
31.76,object_red_01,RED,0,-0.25,0.00794701495,0,0,9.37205345e-12,0,0,0,0,0,0,0.000474318701,-3.04181317e-05,-0.0121760251,
31.8,object_red_01,RED,0,-0.25,0.00794701495,0,0,-9.34002697e-12,0,0,0,0,0,0,0.000474318701,-3.04181317e-05,-0.0121030769,
31.84,object_red_01,RED,0,-0.25,0.00794701495,0,0,-1.83171674e-11,0,0,0,0,0,0,0.000474318701,-3.04181317e-05,-0.012038679,
31.88,object_red_01,RED,0,-0.25,0.00794701495,0,0,1.74924815e-11,0,0,0,0,0,0,0.000474318701,-3.04181317e-05,-0.011982424,
31.92,object_red_01,RED,0,-0.25,0.00794701495,0,0,-5.64944988e-12,0,0,0,0,0,0,0.000474318701,-3.04181317e-05,-0.0119338699,
31.96,object_red_01,RED,0,-0.25,0.00794701495,0,0,-1.56812e-11,0,0,0,0,0,0,0.000474318701,-3.04181317e-05,-0.0118925525,
32,object_red_01,RED,0,-0.25,0.00794701495,0,0,2.80780633e-11,0,0,0,0,0,0,0.000474318701,-3.04181317e-05,-0.0118579865,
32.04,object_red_01,RED,0,-0.25,0.00794701495,0,0,1.10737443e-12,0,0,0,0,0,0,0.000474318701,-3.04181317e-05,-0.0118296503,
32.08,object_red_01,RED,0,-0.25,0.00794701495,0,0,-1.3881146e-11,0,0,0,0,0,0,0.000474318701,-3.04181317e-05,-0.0118070008,
32.12,object_red_01,RED,0,-0.25,0.00794701495,0,0,3.78443481e-11,0,0,0,0,0,0,0.000474318701,-3.04181317e-05,-0.011789471,
32.16,object_red_01,RED,0,-0.25,0.00794701495,0,0,7.67612999e-12,0,0,0,0,0,0,0.000474318701,-3.04181317e-05,-0.0117764613,
32.2,object_red_01,RED,0,-0.25,0.00794701495,0,0,-9.57146381e-12,0,0,0,0,0,0,0.000474318701,-3.04181317e-05,-0.0117673459,
32.24,object_red_01,RED,0,-0.25,0.00794701495,0,0,-1.78472382e-11,0,0,0,0,0,0,0.000474318701,-3.04181317e-05,-0.0117614729,
32.28,object_red_01,RED,0,-0.25,0.00794701495,0,0,1.67324265e-11,0,0,0,0,0,0,0.000474318701,-3.04181317e-05,-0.0117581575,
32.32,object_red_01,RED,0,-0.25,0.00794701495,0,0,-5.46224121e-12,0,0,0,0,0,0,0.000474318701,-3.04181317e-05,-0.0117566872,
32.36,object_red_01,RED,0,-0.25,0.00794701495,0,0,-1.73677768e-11,0,0,0,0,0,0,0.000474318701,-3.04181317e-05,-0.0117563213,
32.4,object_red_01,RED,0,-0.25,0.00794701495,0,0,2.41616382e-11,0,0,0,0,0,0,0.0004743187,-3.041813e-05,-0.0117563143,
32.44,object_red_01,RED,0,-0.25,0.00794701495,0,0,-2.88894533e-13,0,0,0,0,0,0,0.000474318703,-3.0418139e-05,-0.0117563141,
32.48,object_red_01,RED,0,-0.25,0.00794701495,0,0,-1.39262914e-11,0,0,0,0,0,0,0.00047431876,-3.04183336e-05,-0.0117563141,
32.52,object_red_01,RED,0,-0.25,0.00794701495,0,0,3.62043442e-11,0,0,0,0,0,0,0.000474318818,-3.04185276e-05,-0.0117563141,
32.56,object_red_01,RED,0,-0.25,0.00794701495,0,0,7.29813315e-12,0,0,0,0,0,0,0.000474318831,-3.04185672e-05,-0.0117563141,
32.6,object_red_01,RED,0,-0.25,0.00794701495,0,0,-1.07698677e-11,0,0,0,0,0,0,0.000474318884,-3.04187417e-05,-0.0117563141,
32.64,object_red_01,RED,0,-0.25,0.00794701495,0,0,-2.00451744e-11,0,0,0,0,0,0,0.000474318875,-3.041871e-05,-0.0117563141,
32.68,object_red_01,RED,0,-0.25,0.00794701495,0,0,1.29237649e-11,0,0,0,0,0,0,0.000474318829,-3.04185482e-05,-0.0117563141,
32.72,object_red_01,RED,0,-0.25,0.00794701495,0,0,-6.69841727e-12,0,0,0,0,0,0,0.000474318885,-3.04187386e-05,-0.0117563141,
32.76,object_red_01,RED,0,-0.25,0.00794701495,0,0,-1.73047838e-11,0,0,0,0,0,0,0.000474318853,-3.04186329e-05,-0.0117563141,
32.8,object_red_01,RED,0,-0.25,0.00794701495,0,0,2.30383183e-11,0,0,0,0,0,0,0.000474318798,-3.04184424e-05,-0.0117563141,
32.84,object_red_01,RED,0,-0.25,0.00794701495,0,0,-3.60056453e-13,0,0,0,0,0,0,0.000474318877,-3.04187139e-05,-0.0117563141,
32.88,object_red_01,RED,0,-0.25,0.00794701495,0,0,-1.49420546e-11,0,0,0,0,0,0,0.000474318825,-3.04185416e-05,-0.0117563141,
32.92,object_red_01,RED,0,-0.25,0.00794701495,0,0,3.30294733e-11,0,0,0,0,0,0,0.000474318772,-3.04183565e-05,-0.0117563141,
32.96,object_red_01,RED,0,-0.25,0.00794701495,0,0,3.76065768e-12,0,0,0,0,0,0,0.000474318871,-3.04186947e-05,-0.0117563141,
33,object_red_01,RED,0,-0.25,0.00794701495,0,0,-1.17944458e-11,0,0,0,0,0,0,0.000474318795,-3.04184424e-05,-0.0117563141,
33.04,object_red_01,RED,0,-0.25,0.00794701495,0,0,-1.98629514e-11,0,0,0,0,0,0,0.00047431875,-3.04182842e-05,-0.0117563141,
33.08,object_red_01,RED,0,-0.25,0.00794701495,0,0,1.22338904e-11,0,0,0,0,0,0,0.000474318866,-3.04186795e-05,-0.0117563141,
33.12,object_red_01,RED,0,-0.25,0.00794701495,0,0,-6.51797862e-12,0,0,0,0,0,0,0.000474318765,-3.04183398e-05,-0.0117563141,
33.16,object_red_01,RED,0,-0.25,0.00794701495,0,0,-1.81622743e-11,0,0,0,0,0,0,0.000474318733,-3.0418227e-05,-0.0117563141,
33.2,object_red_01,RED,0,-0.25,0.00794701495,0,0,2.02494027e-11,0,0,0,0,0,0,0.000474318857,-3.04186511e-05,-0.0117563141,
33.24,object_red_01,RED,0,-0.25,0.00794701495,0,0,-3.6459706e-12,0,0,0,0,0,0,0.000474318734,-3.04182393e-05,-0.0117563141,
33.28,object_red_01,RED,0,-0.25,0.00794701495,0,0,-1.5787379e-11,0,0,0,0,0,0,0.00047431872,-3.04181855e-05,-0.0117563141,
33.32,object_red_01,RED,0,-0.25,0.00794701495,0,0,3.13561154e-11,0,0,0,0,0,0,0.000474318846,-3.04186184e-05,-0.0117563141,
33.36,object_red_01,RED,0,-0.25,0.00794701495,0,0,3.42632157e-12,0,0,0,0,0,0,0.000474318705,-3.04181399e-05,-0.0117563141,
33.4,object_red_01,RED,0,-0.25,0.00794701495,0,0,-1.14131621e-11,0,0,0,0,0,0,0.00047431871,-3.04181544e-05,-0.0117563141,
33.44,object_red_01,RED,0,-0.25,0.00794701495,0,0,-2.05867759e-11,0,0,0,0,0,0,0.000474318836,-3.04185842e-05,-0.0117563141,
33.48,object_red_01,RED,0,-0.25,0.00794701495,0,0,9.77577422e-12,0,0,0,0,0,0,0.000474318677,-3.04180471e-05,-0.0117563141,
33.52,object_red_01,RED,0,-0.25,0.00794701495,0,0,-9.5723453e-12,0,0,0,0,0,0,0.000474318704,-3.04181332e-05,-0.0117563141,
33.56,object_red_01,RED,0,-0.25,0.00794701495,0,0,-1.88535905e-11,0,0,0,0,0,0,0.000474318818,-3.04185268e-05,-0.0117563141,
33.6,object_red_01,RED,0,-0.25,0.00794701495,0,0,1.90486863e-11,0,0,0,0,0,0,0.000474318653,-3.0417967e-05,-0.0117563141,
33.64,object_red_01,RED,0,-0.25,0.00794701495,0,0,-3.69151566e-12,0,0,0,0,0,0,0.0004743187,-3.04181211e-05,-0.0117563141,
33.68,object_red_01,RED,0,-0.25,0.00794701495,0,0,-1.52459703e-11,0,0,0,0,0,0,0.000474318799,-3.04184653e-05,-0.0117563141,
33.72,object_red_01,RED,0,-0.25,0.00794701495,0,0,2.91842172e-11,0,0,0,0,0,0,0.000474318631,-3.0417894e-05,-0.0117563141,
33.76,object_red_01,RED,0,-0.25,0.00794701495,0,0,1.26115769e-12,0,0,0,0,0,0,0.000474318697,-3.04181141e-05,-0.0117563141,
33.8,object_red_01,RED,0,-0.25,0.00794701495,0,0,-1.18574531e-11,0,0,0,0,0,0,0.00047431878,-3.04184023e-05,-0.0117563141,
33.84,object_red_01,RED,0,-0.25,0.00794701495,0,0,-2.0147988e-11,0,0,0,0,0,0,0.000474318613,-3.04178336e-05,-0.0117563141,
33.88,object_red_01,RED,0,-0.25,0.00794701495,0,0,9.278119e-12,0,0,0,0,0,0,0.000474318695,-3.04181093e-05,-0.0117563141,
33.92,object_red_01,RED,0,-0.25,0.00794701495,0,0,-9.24624955e-12,0,0,0,0,0,0,0.000474318756,-3.04183217e-05,-0.0117563141,
33.96,object_red_01,RED,0,-0.25,0.00794701495,0,0,-1.81334062e-11,0,0,0,0,0,0,0.0004743186,-3.04177897e-05,-0.0117563141,
34,object_red_01,RED,0,-0.25,0.00794701495,0,0,1.73199299e-11,0,0,0,0,0,0,0.000474318694,-3.04181065e-05,-0.0117563141,
34.04,object_red_01,RED,0,-0.25,0.00794701495,0,0,-5.59361954e-12,0,0,0,0,0,0,0.000474318732,-3.04182424e-05,-0.0117563141,
34.08,object_red_01,RED,0,-0.25,0.00794701495,0,0,-1.55246973e-11,0,0,0,0,0,0,0.000474318589,-3.04177543e-05,-0.0117563141,
34.12,object_red_01,RED,0,-0.25,0.00794701495,0,0,2.77962493e-11,0,0,0,0,0,0,0.000474318693,-3.04181039e-05,-0.0117563141,
34.16,object_red_01,RED,0,-0.25,0.00794701495,0,0,1.09552957e-12,0,0,0,0,0,0,0.000474318709,-3.04181664e-05,-0.0117563141,
34.2,object_red_01,RED,0,-0.25,0.00794701495,0,0,-1.37417914e-11,0,0,0,0,0,0,0.000474318582,-3.04177317e-05,-0.0117563141,
34.24,object_red_01,RED,0,-0.25,0.00794701495,0,0,3.74644098e-11,0,0,0,0,0,0,0.00047431869,-3.04180967e-05,-0.0117563141,
34.28,object_red_01,RED,0,-0.25,0.00794701495,0,0,7.5990046e-12,0,0,0,0,0,0,0.000474318685,-3.04180863e-05,-0.0117563141,
34.32,object_red_01,RED,0,-0.25,0.00794701495,0,0,-1.10637014e-11,0,0,0,0,0,0,0.000474318579,-3.04177229e-05,-0.0117563141,
34.36,object_red_01,RED,0,-0.25,0.00794701495,0,0,-1.83335911e-11,0,0,0,0,0,0,0.000474318687,-3.04180869e-05,-0.0117563141,
34.4,object_red_01,RED,0,-0.25,0.00794701495,0,0,1.63664101e-11,0,0,0,0,0,0,0.000474318664,-3.04180136e-05,-0.0117563141,
34.44,object_red_01,RED,0,-0.25,0.00794701495,0,0,-5.49778292e-12,0,0,0,0,0,0,0.000474318578,-3.04177199e-05,-0.0117563141,
34.48,object_red_01,RED,0,-0.25,0.00794701495,0,0,-1.72308168e-11,0,0,0,0,0,0,0.000474318683,-3.0418074e-05,-0.0117563141,
34.52,object_red_01,RED,0,-0.25,0.00794701495,0,0,2.39082782e-11,0,0,0,0,0,0,0.000474318645,-3.04179506e-05,-0.0117563141,
34.56,object_red_01,RED,0,-0.25,0.00794701495,0,0,-2.900651e-13,0,0,0,0,0,0,0.00047431858,-3.04177253e-05,-0.0117563141,
34.6,object_red_01,RED,0,-0.25,0.00794701495,0,0,-1.53629556e-11,0,0,0,0,0,0,0.000474318676,-3.04180531e-05,-0.0117563141,
34.64,object_red_01,RED,0,-0.25,0.00794701495,0,0,3.54413485e-11,0,0,0,0,0,0,0.000474318629,-3.04178949e-05,-0.0117563141,
34.68,object_red_01,RED,0,-0.25,0.00794701495,0,0,7.02210412e-12,0,0,0,0,0,0,0.000474318583,-3.04177379e-05,-0.0117563141,
34.72,object_red_01,RED,0,-0.25,0.00794701495,0,0,-1.07527552e-11,0,0,0,0,0,0,0.000474318669,-3.04180282e-05,-0.0117563141,
34.76,object_red_01,RED,0,-0.25,0.00794701495,0,0,-1.98828617e-11,0,0,0,0,0,0,0.000474318615,-3.04178508e-05,-0.0117563141,
34.8,object_red_01,RED,0,-0.25,0.00794701495,0,0,1.27828043e-11,0,0,0,0,0,0,0.000474318587,-3.04177519e-05,-0.0117563141,
34.84,object_red_01,RED,0,-0.25,0.00794701495,0,0,-6.63702316e-12,0,0,0,0,0,0,0.00047431866,-3.04179996e-05,-0.0117563141,
34.88,object_red_01,RED,0,-0.25,0.00794701495,0,0,-1.86828341e-11,0,0,0,0,0,0,0.000474318606,-3.04178199e-05,-0.0117563141,
34.92,object_red_01,RED,0,-0.25,0.00794701495,0,0,2.23750992e-11,0,0,0,0,0,0,0.000474318592,-3.04177679e-05,-0.0117563141,
34.96,object_red_01,RED,0,-0.25,0.00794701495,0,0,-5.60990735e-13,0,0,0,0,0,0,0.000474318648,-3.04179597e-05,-0.0117563141,
35,object_red_01,RED,0,-0.25,0.00794701495,0,0,-1.48828696e-11,0,0,0,0,0,0,0.000474318601,-3.04178011e-05,-0.0117563141,
35.04,object_red_01,RED,0,-0.25,0.00794701495,0,0,3.26796415e-11,0,0,0,0,0,0,0.000474318596,-3.04177841e-05,-0.0117563141,
35.08,object_red_01,RED,0,-0.25,0.00794701495,0,0,3.71263588e-12,0,0,0,0,0,0,0.000474318636,-3.04179198e-05,-0.0117563141,
35.12,object_red_01,RED,0,-0.25,0.00794701495,0,0,-1.1682571e-11,0,0,0,0,0,0,0.000474318599,-3.04177943e-05,-0.0117563141,
35.16,object_red_01,RED,0,-0.25,0.00794701495,0,0,-2.1183212e-11,0,0,0,0,0,0,0.0004743186,-3.04177974e-05,-0.0117563141,
35.2,object_red_01,RED,0,-0.25,0.00794701495,0,0,1.16592882e-11,0,0,0,0,0,0,0.000474318624,-3.04178801e-05,-0.0117563141,
35.24,object_red_01,RED,0,-0.25,0.00794701495,0,0,-6.66022038e-12,0,0,0,0,0,0,0.0004743186,-3.04177995e-05,-0.0117563141,
35.28,object_red_01,RED,0,-0.25,0.00794701495,0,0,-1.80707416e-11,0,0,0,0,0,0,0.000474318603,-3.04178075e-05,-0.0117563141,
35.32,object_red_01,RED,0,-0.25,0.00794701495,0,0,2.00218702e-11,0,0,0,0,0,0,0.000474318612,-3.04178398e-05,-0.0117563141,
35.36,object_red_01,RED,0,-0.25,0.00794701495,0,0,-3.62146007e-12,0,0,0,0,0,0,0.000474318605,-3.04178148e-05,-0.0117563141,
35.4,object_red_01,RED,0,-0.25,0.00794701495,0,0,-1.56359262e-11,0,0,0,0,0,0,0.000474318604,-3.04178132e-05,-0.0117563141,
35.44,object_red_01,RED,0,-0.25,0.00794701495,0,0,3.10440165e-11,0,0,0,0,0,0,0.000474318602,-3.04178056e-05,-0.0117563141,
35.48,object_red_01,RED,0,-0.25,0.00794701495,0,0,3.39143652e-12,0,0,0,0,0,0,0.000474318612,-3.04178389e-05,-0.0117563141,
35.52,object_red_01,RED,0,-0.25,0.00794701495,0,0,-1.13002988e-11,0,0,0,0,0,0,0.000474318604,-3.04178139e-05,-0.0117563141,
35.56,object_red_01,RED,0,-0.25,0.00794701495,0,0,-2.03824369e-11,0,0,0,0,0,0,0.000474318594,-3.04177778e-05,-0.0117563141,
35.6,object_red_01,RED,0,-0.25,0.00794701495,0,0,9.67937373e-12,0,0,0,0,0,0,0.000474318621,-3.04178697e-05,-0.0117563141,
35.64,object_red_01,RED,0,-0.25,0.00794701495,0,0,-9.47722244e-12,0,0,0,0,0,0,0.000474318603,-3.04178093e-05,-0.0117563141,
35.68,object_red_01,RED,0,-0.25,0.00794701495,0,0,-1.86669636e-11,0,0,0,0,0,0,0.000474318589,-3.04177613e-05,-0.0117563141,
35.72,object_red_01,RED,0,-0.25,0.00794701495,0,0,1.88604106e-11,0,0,0,0,0,0,0.000474318631,-3.04179045e-05,-0.0117563141,
35.76,object_red_01,RED,0,-0.25,0.00794701495,0,0,-3.65542079e-12,0,0,0,0,0,0,0.0004743186,-3.04177996e-05,-0.0117563141,
35.8,object_red_01,RED,0,-0.25,0.00794701495,0,0,-1.50953026e-11,0,0,0,0,0,0,0.000474318588,-3.04177554e-05,-0.0117563141,
35.84,object_red_01,RED,0,-0.25,0.00794701495,0,0,2.88944197e-11,0,0,0,0,0,0,0.000474318643,-3.04179432e-05,-0.0117563141,
35.88,object_red_01,RED,0,-0.25,0.00794701495,0,0,1.24908444e-12,0,0,0,0,0,0,0.000474318596,-3.0417785e-05,-0.0117563141,
35.92,object_red_01,RED,0,-0.25,0.00794701495,0,0,-1.41099027e-11,0,0,0,0,0,0,0.000474318589,-3.041776e-05,-0.0117563141,
35.96,object_red_01,RED,0,-0.25,0.00794701495,0,0,-2.09373358e-11,0,0,0,0,0,0,0.000474318654,-3.04179815e-05,-0.0117563141,
36,object_red_01,RED,0,-0.25,0.00794701495,0,0,8.88442656e-12,0,0,0,0,0,0,0.000474318591,-3.04177679e-05,-0.0117563141,
36.04,object_red_01,RED,0,-0.25,0.00794701495,0,0,-9.29084173e-12,0,0,0,0,0,0,0.000474318596,-3.04177811e-05,-0.0117563141,
36.08,object_red_01,RED,0,-0.25,0.00794701495,0,0,-1.8010072e-11,0,0,0,0,0,0,0.000474318664,-3.04180172e-05,-0.0117563141,
36.12,object_red_01,RED,0,-0.25,0.00794701495,0,0,1.71311152e-11,0,0,0,0,0,0,0.000474318585,-3.04177478e-05,-0.0117563141,
36.16,object_red_01,RED,0,-0.25,0.00794701495,0,0,-5.54516948e-12,0,0,0,0,0,0,0.000474318605,-3.04178137e-05,-0.0117563141,
36.2,object_red_01,RED,0,-0.25,0.00794701495,0,0,-1.77087187e-11,0,0,0,0,0,0,0.000474318675,-3.04180527e-05,-0.0117563141,
36.24,object_red_01,RED,0,-0.25,0.00794701495,0,0,2.68780963e-11,0,0,0,0,0,0,0.000474318578,-3.04177255e-05,-0.0117563141,
36.28,object_red_01,RED,0,-0.25,0.00794701495,0,0,7.75764878e-13,0,0,0,0,0,0,0.000474318618,-3.0417856e-05,-0.0117563141,
36.32,object_red_01,RED,0,-0.25,0.00794701495,0,0,-1.37404781e-11,0,0,0,0,0,0,0.000474318684,-3.04180822e-05,-0.0117563141,
36.36,object_red_01,RED,0,-0.25,0.00794701495,0,0,3.70559889e-11,0,0,0,0,0,0,0.000474318573,-3.04177073e-05,-0.0117563141,
36.4,object_red_01,RED,0,-0.25,0.00794701495,0,0,7.50618005e-12,0,0,0,0,0,0,0.000474318635,-3.04179116e-05,-0.0117563141,
36.44,object_red_01,RED,0,-0.25,0.00794701495,0,0,-1.09614874e-11,0,0,0,0,0,0,0.000474318691,-3.04181055e-05,-0.0117563141,
36.48,object_red_01,RED,0,-0.25,0.00794701495,0,0,-2.04397876e-11,0,0,0,0,0,0,0.000474318568,-3.041769e-05,-0.0117563141,
36.52,object_red_01,RED,0,-0.25,0.00794701495,0,0,1.55292583e-11,0,0,0,0,0,0,0.000474318654,-3.04179757e-05,-0.0117563141,
36.56,object_red_01,RED,0,-0.25,0.00794701495,0,0,-5.75411572e-12,0,0,0,0,0,0,0.000474318697,-3.04181265e-05,-0.0117563141,
36.6,object_red_01,RED,0,-0.25,0.00794701495,0,0,-1.71933623e-11,0,0,0,0,0,0,0.000474318565,-3.0417676e-05,-0.0117563141,
36.64,object_red_01,RED,0,-0.25,0.00794701495,0,0,2.36321385e-11,0,0,0,0,0,0,0.000474318674,-3.04180438e-05,-0.0117563141,
36.68,object_red_01,RED,0,-0.25,0.00794701495,0,0,-3.05774968e-13,0,0,0,0,0,0,0.000474318701,-3.04181404e-05,-0.0117563141,
36.72,object_red_01,RED,0,-0.25,0.00794701495,0,0,-1.52173092e-11,0,0,0,0,0,0,0.000474318567,-3.04176837e-05,-0.0117563141,
36.76,object_red_01,RED,0,-0.25,0.00794701495,0,0,3.3703538e-11,0,0,0,0,0,0,0.000474318696,-3.04181167e-05,-0.0117563141,
36.8,object_red_01,RED,0,-0.25,0.00794701495,0,0,6.25459034e-12,0,0,0,0,0,0,0.000474318704,-3.04181486e-05,-0.0117563141,
36.84,object_red_01,RED,0,-0.25,0.00794701495,0,0,-1.09557237e-11,0,0,0,0,0,0,0.000474318572,-3.04176969e-05,-0.0117563141,
36.88,object_red_01,RED,0,-0.25,0.00794701495,0,0,-1.98132344e-11,0,0,0,0,0,0,0.000474318719,-3.0418193e-05,-0.0117563141,
36.92,object_red_01,RED,0,-0.25,0.00794701495,0,0,1.26140178e-11,0,0,0,0,0,0,0.000474318706,-3.04181555e-05,-0.0117563141,
36.96,object_red_01,RED,0,-0.25,0.00794701495,0,0,-6.58762023e-12,0,0,0,0,0,0,0.000474318579,-3.04177194e-05,-0.0117563141,
37,object_red_01,RED,0,-0.25,0.00794701495,0,0,-1.85019564e-11,0,0,0,0,0,0,0.00047431874,-3.04182651e-05,-0.0117563141,
37.04,object_red_01,RED,0,-0.25,0.00794701495,0,0,2.21484767e-11,0,0,0,0,0,0,0.000474318707,-3.04181594e-05,-0.0117563141,
37.08,object_red_01,RED,0,-0.25,0.00794701495,0,0,-5.57800226e-13,0,0,0,0,0,0,0.000474318594,-3.04177713e-05,-0.0117563141,
37.12,object_red_01,RED,0,-0.25,0.00794701495,0,0,-1.47330227e-11,0,0,0,0,0,0,0.00047431876,-3.04183332e-05,-0.0117563141,
37.16,object_red_01,RED,0,-0.25,0.00794701495,0,0,3.23466294e-11,0,0,0,0,0,0,0.000474318708,-3.04181618e-05,-0.0117563141,
37.2,object_red_01,RED,0,-0.25,0.00794701495,0,0,3.67380374e-12,0,0,0,0,0,0,0.000474318612,-3.04178297e-05,-0.0117563141,
37.24,object_red_01,RED,0,-0.25,0.00794701495,0,0,-1.15640011e-11,0,0,0,0,0,0,0.00047431878,-3.04184001e-05,-0.0117563141,
37.28,object_red_01,RED,0,-0.25,0.00794701495,0,0,-2.0966757e-11,0,0,0,0,0,0,0.00047431871,-3.04181672e-05,-0.0117563141,
37.32,object_red_01,RED,0,-0.25,0.00794701495,0,0,1.15371995e-11,0,0,0,0,0,0,0.000474318633,-3.04178979e-05,-0.0117563141,
37.36,object_red_01,RED,0,-0.25,0.00794701495,0,0,-6.59258086e-12,0,0,0,0,0,0,0.000474318797,-3.04184562e-05,-0.0117563141,
37.4,object_red_01,RED,0,-0.25,0.00794701495,0,0,-1.78841718e-11,0,0,0,0,0,0,0.000474318714,-3.04181776e-05,-0.0117563141,
37.44,object_red_01,RED,0,-0.25,0.00794701495,0,0,1.98153436e-11,0,0,0,0,0,0,0.00047431866,-3.04179898e-05,-0.0117563141,
37.48,object_red_01,RED,0,-0.25,0.00794701495,0,0,-3.58445516e-12,0,0,0,0,0,0,0.000474318811,-3.04185039e-05,-0.0117563141,
37.52,object_red_01,RED,0,-0.25,0.00794701495,0,0,-1.54741131e-11,0,0,0,0,0,0,0.000474318719,-3.04181931e-05,-0.0117563141,
37.56,object_red_01,RED,0,-0.25,0.00794701495,0,0,2.97892291e-11,0,0,0,0,0,0,0.000474318689,-3.04180843e-05,-0.0117563141,
37.6,object_red_01,RED,0,-0.25,0.00794701495,0,0,2.89551931e-12,0,0,0,0,0,0,0.000474318825,-3.04185481e-05,-0.0117563141,
37.64,object_red_01,RED,0,-0.25,0.00794701495,0,0,-1.1386496e-11,0,0,0,0,0,0,0.000474318727,-3.04182175e-05,-0.0117563141,
37.68,object_red_01,RED,0,-0.25,0.00794701495,0,0,-2.0255591e-11,0,0,0,0,0,0,0.000474318718,-3.04181824e-05,-0.0117563141,
37.72,object_red_01,RED,0,-0.25,0.00794701495,0,0,9.55522937e-12,0,0,0,0,0,0,0.000474318835,-3.04185808e-05,-0.0117563141,
37.76,object_red_01,RED,0,-0.25,0.00794701495,0,0,-9.39144271e-12,0,0,0,0,0,0,0.000474318739,-3.04182563e-05,-0.0117563141,
37.8,object_red_01,RED,0,-0.25,0.00794701495,0,0,-1.84793195e-11,0,0,0,0,0,0,0.00047431875,-3.0418289e-05,-0.0117563141,
37.84,object_red_01,RED,0,-0.25,0.00794701495,0,0,1.76706397e-11,0,0,0,0,0,0,0.000474318843,-3.04186066e-05,-0.0117563141,
37.88,object_red_01,RED,0,-0.25,0.00794701495,0,0,-4.08397686e-12,0,0,0,0,0,0,0.000474318754,-3.04183071e-05,-0.0117563141,
37.92,object_red_01,RED,0,-0.25,0.00794701495,0,0,-1.51406228e-11,0,0,0,0,0,0,0.00047431878,-3.04183907e-05,-0.0117563141,
37.96,object_red_01,RED,0,-0.25,0.00794701495,0,0,2.85400055e-11,0,0,0,0,0,0,0.00047431885,-3.0418631e-05,-0.0117563141,
38,object_red_01,RED,0,-0.25,0.00794701495,0,0,1.20998107e-12,0,0,0,0,0,0,0.000474318775,-3.04183732e-05,-0.0117563141,
38.04,object_red_01,RED,-4.75145396e-12,-0.249999966,0.00794702368,-4.54320521e-10,3.21431658e-06,5.7490039e-07,7.42358463e-16,-6.72453987e-16,1.71218855e-05,0,0.000670367143,0,0.000474325935,-3.02711121e-05,-0.0117563113,
38.08,object_red_01,RED,-3.63504962e-11,-0.249999744,0.00794703006,-9.28360587e-10,6.48794554e-06,-7.33725547e-08,1.98285977e-17,-1.45912639e-16,8.52623984e-05,0,0.000841602554,0,0.000474333384,-2.91201554e-05,-0.0117563141,
38.12,object_red_01,RED,-7.46328268e-11,-0.24999948,0.00794703366,-9.52646637e-10,6.51212818e-06,1.40501376e-07,-1.24162015e-16,-6.22054043e-16,7.61971698e-05,0,0.00105189881,0,0.000474337908,-2.79794755e-05,-0.0117563133,
38.16,object_red_01,RED,-1.10121634e-10,-0.249999239,0.00794703693,-8.22402262e-10,5.51619482e-06,6.03745236e-08,1.45101441e-16,-3.28964689e-16,5.85671665e-05,0,0.00112480942,0,0.000474338469,-2.71629264e-05,-0.0117563136,
38.2,object_red_01,RED,-1.3970004e-10,-0.249999043,0.00794703907,-6.6037012e-10,4.36682869e-06,3.40822449e-08,4.66672982e-16,6.6590852e-17,4.3031926e-05,0,0.0012072914,0,0.000474336994,-2.66237811e-05,-0.0117563138,
38.24,object_red_01,RED,-1.62951479e-10,-0.24999889,0.00794704059,-5.10422352e-10,3.34038456e-06,4.45974702e-08,7.70366119e-16,-4.78628948e-16,3.07352448e-05,0,0.00125785601,0,0.00047433475,-2.6276962e-05,-0.0117563138,
38.28,object_red_01,RED,-1.80158873e-10,-0.249998777,0.00794704145,-3.63139752e-10,2.35915977e-06,1.03867036e-08,5.16894886e-16,-1.12912848e-17,2.14129554e-05,0,0.00125224693,0,0.000474332141,-2.60680012e-05,-0.011756314,
38.32,object_red_01,RED,-1.92055919e-10,-0.2499987,0.0079470418,-2.42058032e-10,1.56477966e-06,3.22114137e-09,8.51286264e-16,-2.78091865e-16,1.35490747e-05,0,0.00125770874,0,0.000474329768,-2.5960372e-05,-0.011756314,
38.36,object_red_01,RED,-1.99855516e-10,-0.24999865,0.00794704206,-1.56817347e-10,1.01056967e-06,6.58984815e-09,2.60142781e-16,-3.28712894e-16,8.1316771e-06,0,0.00125876433,0,0.000474327813,-2.59150401e-05,-0.011756314,
38.4,object_red_01,RED,0.0003356995,-0.250136135,0.00807796557,0.0410680038,-0.00279769686,0.00127847078,0.0808738414,0.0208906564,0.199308678,0.651625568,0.565858884,1,0.000340336613,-0.00038243673,-0.0116043396,0
38.44,object_red_01,RED,0.00159269581,-0.250175812,0.00810070524,0.019800191,-4.41542495e-05,0.000264296733,-0.000878940993,-0.0026314828,-0.0290374183,0.616303993,0.590038491,1,0.000317831089,-0.00170786614,-0.0115703538,0.00132605605
38.48,object_red_01,RED,0.00202413404,-0.250163337,0.0080983448,0.00538967565,0.000522756879,0.000108428638,-2.17784234e-05,2.57337919e-05,0.00885048474,0.60266461,0.596962579,1,0.000318749232,-0.00212227006,-0.011569406,0.00174031789
38.52,object_red_01,RED,0.00216191781,-0.250141055,0.00810052294,0.00233094738,0.000387819901,-0.000669551527,-1.10469138e-05,4.88770679e-05,0.0082611927,0.599297272,0.600522164,1,0.000318636647,-0.00221334325,-0.0115701506,0.00183135426
38.56,object_red_01,RED,0.00222843151,-0.250129569,0.00810167698,0.00104833745,0.000109364762,1.7540185e-05,-4.47969558e-06,2.01328538e-05,0.00338295898,0.596420757,0.603584689,1,0.000317427696,-0.00223978263,-0.011568987,0.00185782357
38.6,object_red_01,RED,0.00224259203,-0.250134456,0.00810354463,-0.00021201633,-0.000294925942,0.000146690166,4.40376809e-06,-1.97998716e-05,-0.00332646966,0.599803034,0.600192644,1,0.000315940427,-0.00224265975,-0.0115684633,0.00186072888
38.64,object_red_01,RED,0.0022260817,-0.250146145,0.00811665727,-0.000434082557,-0.000241887686,0.000375412618,4.37447289e-06,-1.96678811e-05,-0.00330430195,0.60002626,0.59997341,1,0.000316040412,-0.00223888458,-0.0115668214,0.00185698587
38.68,object_red_01,RED,0.00221288964,-0.250153047,0.0081341923,-0.000226634623,-0.00011595125,0.000498781105,2.11432852e-06,-9.50612708e-06,-0.00159707683,0.60004135,0.599959158,1,0.000316552767,-0.00223774541,-0.011566067,0.00185585581
38.72,object_red_01,RED,0.00220753879,-0.250155933,0.00815690338,-6.64016695e-05,-4.10243975e-05,0.000632544929,6.92730715e-07,-3.11455732e-06,-0.000523261143,0.600021469,0.599978792,1,0.000316856369,-0.00223762115,-0.0115652112,0.00185574556
38.76,object_red_01,RED,0.00220649127,-0.25015681,0.00818531276,-1.99478635e-06,-9.74688004e-06,0.000781235409,1.18525552e-07,-5.32898497e-07,-8.95295957e-05,0.600006195,0.599993902,1,0.000316988664,-0.00223766949,-0.0115642611,0.0018558125
38.8,object_red_01,RED,0.0022067659,-0.250156966,0.00821996167,1.01807058e-05,-7.28172389e-07,0.000943456406,-2.41965055e-08,1.0878923e-07,1.82771301e-05,0.60000012,0.599999908,1,0.000317032568,-0.00223769684,-0.011563224,0.00185586197
38.84,object_red_01,RED,0.00220711364,-0.250156958,0.00826137253,6.55337419e-06,4.86711863e-07,0.00111920735,-2.61197013e-08,1.17436051e-07,1.97298386e-05,0.599999005,0.600001,1,0.000317042682,-0.00223769925,-0.0115621006,0.00185588948
38.88,object_red_01,RED,0.00220727804,-0.250156946,0.00831002776,2.2272534e-06,1.13177747e-07,0.00130689508,-8.02890553e-09,3.60985339e-08,6.06473267e-06,0.599999372,0.600000628,1,0.00031704372,-0.00223769525,-0.0115608981,0.00185591323
38.92,object_red_01,RED,0.00220731781,-0.250156947,0.00836639092,2.18055386e-07,-1.42979606e-07,0.00150534748,1.15111635e-09,-5.17549904e-09,-8.69509318e-07,0.599999791,0.600000209,1,0.000317043597,-0.00223769279,-0.0115596225,0.00185594106
38.96,object_red_01,RED,0.00220731357,-0.250156954,0.00843090511,-2.48605774e-07,-1.58946426e-07,0.00171372607,2.70720987e-09,-1.21718089e-08,-2.04492396e-06,0.599999983,0.600000017,1,0.000317043747,-0.00223769259,-0.0115582762,0.00185597379
39,object_red_01,RED,0.00220730444,-0.250156959,0.00850397408,-1.77130978e-07,-9.2971872e-08,0.00193142198,1.68872908e-09,-7.59264412e-09,-1.27560175e-06,0.600000027,0.599999973,1,0.000317044026,-0.00223769357,-0.0115568653,0.00185601032
39.04,object_red_01,RED,0.0022073002,-0.250156961,0.00858598633,-4.83835158e-08,-3.72452663e-08,0.00215768681,6.47596277e-10,-2.91164797e-09,-4.89171352e-07,0.60000002,0.59999998,1,0.000317044237,-0.00223769491,-0.0115553948,0.00185604985
39.08,object_red_01,RED,0.0022072999,-0.250156962,0.00867731356,1.96106318e-08,-9.69154949e-09,0.0023948834,1.32831162e-10,-5.97215553e-10,-1.00335123e-07,0.600000008,0.599999992,1,0.000317044344,-0.00223769628,-0.0115538617,0.00185609228
39.12,object_red_01,RED,0.00220730121,-0.250156962,0.0087782891,3.95349347e-08,-6.37849277e-10,0.00264104434,-2.04708127e-11,9.20331344e-11,1.54621461e-08,0.600000001,0.599999999,1,0.000317044383,-0.00223769763,-0.0115522723,0.00185613753
39.16,object_red_01,RED,0.00220730284,-0.250156962,0.00888922626,4.03858253e-08,8.27719613e-10,0.00289466849,-3.14844332e-11,1.41552208e-10,2.37816296e-08,0.6,0.6,1,0.000317044392,-0.00223769899,-0.0115506338,0.00185618558
39.2,object_red_01,RED,0.0022073044,-0.250156962,0.0090104269,3.79761172e-08,4.27818578e-10,0.00315517902,-1.39891627e-11,6.28932157e-11,1.05663741e-08,0.6,0.6,1,0.000317044392,-0.00223770039,-0.0115489465,0.00185623656
39.24,object_red_01,RED,0.00220730589,-0.250156962,0.0091421496,3.68277888e-08,4.0688466e-11,0.00342159442,-2.34469606e-12,1.05453324e-11,1.77146049e-09,0.6,0.6,1,0.000317044391,-0.00223770182,-0.0115472169,0.00185629041
39.28,object_red_01,RED,0.00220730737,-0.250156962,0.00928464497,3.71723002e-08,-8.15579199e-11,0.00369231856,1.35215839e-12,-6.08235472e-12,-1.02178657e-09,0.6,0.6,1,0.000317044391,-0.00223770328,-0.0115454491,0.00185634711
39.32,object_red_01,RED,0.00220730886,-0.250156962,0.00943812548,3.77005722e-08,-6.48041716e-11,0.00396771167,1.30484396e-12,-5.86592525e-12,-9.8552782e-10,0.6,0.6,1,0.000317044391,-0.00223770479,-0.0115436523,0.00185640649
39.36,object_red_01,RED,0.00220731039,-0.250156962,0.00960280921,3.85275361e-08,-2.84790039e-11,0.00424979093,6.2902595e-13,-2.82770907e-12,-4.74811875e-10,0.6,0.6,1,0.000317044391,-0.00223770632,-0.0115418171,0.00185646891
39.4,object_red_01,RED,0.00220731194,-0.250156962,0.00977886845,3.91811053e-08,-3.95740474e-12,0.00453681881,1.50601675e-13,-6.76749843e-13,-1.13710434e-10,0.6,0.6,1,0.000317044391,-0.00223770787,-0.0115399537,0.00185653416
39.44,object_red_01,RED,0.00220731352,-0.250156962,0.0099664747,3.97726787e-08,5.39039956e-12,0.00482828183,-2.09556997e-14,9.48885124e-14,1.59616329e-11,0.6,0.6,1,0.000317044392,-0.00223770945,-0.0115380619,0.00185660231
39.48,object_red_01,RED,0.00220731512,-0.250156962,0.0101657596,4.0264966e-08,7.12678253e-12,0.00512304085,-4.14703715e-14,1.85586417e-13,3.15105941e-11,0.6,0.6,1,0.000317044392,-0.00223771106,-0.011536147,0.00185667325
39.52,object_red_01,RED,0.00220731674,-0.250156962,0.01037684,4.06756483e-08,6.31081155e-12,0.00542071092,-1.55234146e-14,7.08724133e-14,1.19023728e-11,0.6,0.6,1,0.000317044392,-0.00223771267,-0.0115342118,0.00185674696
39.56,object_red_01,RED,0.00220731838,-0.250156962,0.0105998178,4.0980058e-08,7.53383121e-12,0.00571764712,-3.82052099e-14,1.7463768e-13,2.9263697e-11,0.6,0.6,1,0.000317044392,-0.00223771431,-0.0115322704,0.00185682293
39.6,object_red_01,RED,0.00220732002,-0.250156962,0.0108347708,4.1295096e-08,6.14404677e-12,0.00601607194,-7.64793904e-15,2.81172378e-14,4.91665962e-12,0.6,0.6,1,0.000317044392,-0.00223771595,-0.0115303145,0.00185690152
39.64,object_red_01,RED,0.00220732168,-0.250156962,0.0110817554,4.14701967e-08,6.62385441e-12,0.00631607025,-1.59610025e-14,7.3126404e-14,1.22532397e-11,0.6,0.6,1,0.000317044392,-0.00223771761,-0.011528351,0.00185698248
39.68,object_red_01,RED,0.00220732334,-0.250156962,0.0113408261,4.16341188e-08,6.65336126e-12,0.00661857683,-1.6486297e-14,7.4196486e-14,1.23090878e-11,0.6,0.6,1,0.000317044392,-0.00223771927,-0.011526378,0.00185706592
39.72,object_red_01,RED,0.00220732501,-0.250156962,0.0116120033,4.1733762e-08,6.26195464e-12,0.00692279216,-7.20392297e-15,3.27834416e-14,5.62697017e-12,0.6,0.6,1,0.000317044392,-0.00223772094,-0.0115243981,0.00185715176
39.76,object_red_01,RED,0.00220732668,-0.250156962,0.0118952856,4.17042757e-08,6.89357646e-12,0.00722691666,-2.06725739e-14,9.50211498e-14,1.6116488e-11,0.6,0.6,1,0.000317044392,-0.00223772261,-0.0115224192,0.00185723966
39.8,object_red_01,RED,0.00220732834,-0.250156962,0.0121906724,4.16771167e-08,6.90068373e-12,0.00752973728,-2.26366254e-14,9.49386711e-14,1.62337603e-11,0.6,0.6,1,0.000317044392,-0.00223772428,-0.0115204429,0.00185732955
39.84,object_red_01,RED,0.00220733001,-0.250156962,0.012498101,4.13793725e-08,8.57642115e-12,0.00783450721,-5.86629119e-14,2.65478658e-13,4.44988706e-11,0.6,0.6,1,0.000317044392,-0.00223772594,-0.0115184699,0.00185742138
39.88,object_red_01,RED,0.00220733167,-0.250156962,0.0128175996,4.14091148e-08,8.07685127e-12,0.0081298647,-4.8164378e-14,2.1771523e-13,3.62920406e-11,0.6,0.6,1,0.000317044392,-0.0022377276,-0.0115165134,0.00185751452
39.92,object_red_01,RED,0.00220733332,-0.250156962,0.0131490365,4.12054887e-08,6.60340249e-12,0.00842522858,-1.56594857e-14,7.70754824e-14,1.25217297e-11,0.6,0.6,1,0.000317044392,-0.00223772926,-0.0115145675,0.00185760919
39.96,object_red_01,RED,0.00220733497,-0.250156962,0.0134923553,4.09767739e-08,5.84443242e-12,0.00871977962,-4.04790747e-16,2.87788063e-15,4.56574014e-13,0.6,0.6,1,0.000317044392,-0.0022377309,-0.0115126332,0.00185770532
40,object_red_01,RED,0.0022073366,-0.250156962,0.0138474704,4.0714004e-08,5.44160206e-12,0.0090158185,7.80536339e-15,-3.06817266e-14,-5.58269352e-12,0.6,0.6,1,0.000317044392,-0.00223773253,-0.0115107072,0.00185780302
40.04,object_red_01,RED,0.00220733822,-0.250156962,0.014214265,4.02248241e-08,6.87224751e-12,0.00930792073,-2.63814781e-14,1.15510882e-13,1.92970714e-11,0.6,0.6,1,0.000317044392,-0.00223773415,-0.0115088028,0.00185790159
40.08,object_red_01,RED,0.00220733982,-0.250156962,0.0145926008,3.98034894e-08,6.45353866e-12,0.00959058735,-1.7659632e-14,7.65014994e-14,1.31915986e-11,0.6,0.6,1,0.000317044392,-0.00223773575,-0.0115069322,0.00185800032
40.12,object_red_01,RED,0.0022073414,-0.250156962,0.0149824003,3.94560975e-08,5.54495547e-12,0.00988023531,1.04527377e-15,-6.43259412e-15,-1.04768923e-12,0.6,0.6,1,0.000317044392,-0.00223773733,-0.0115050568,0.00185810116
40.16,object_red_01,RED,0.00220734296,-0.250156962,0.0153834446,3.87913263e-08,6.67189049e-12,0.0101597278,-2.56078936e-14,1.16658131e-13,1.94438181e-11,0.6,0.6,1,0.000317044392,-0.0022377389,-0.0115032233,0.00185820159
40.2,object_red_01,RED,0.0022073445,-0.250156962,0.0157955746,3.81096072e-08,6.75574039e-12,0.0104368188,-2.94538001e-14,1.34178093e-13,2.22521552e-11,0.6,0.6,1,0.000317044392,-0.00223774043,-0.0115014141,0.00185830246
40.24,object_red_01,RED,0.00220734602,-0.250156962,0.0162186594,3.76189082e-08,7.08296121e-12,0.0107034375,-3.87911779e-14,1.73068779e-13,2.88805385e-11,0.6,0.6,1,0.000317044392,-0.00223774195,-0.0114996448,0.00185840281
40.28,object_red_01,RED,0.00220734751,-0.250156962,0.0166524637,3.69587054e-08,5.93304311e-12,0.0109694581,-1.38195989e-14,6.75040135e-14,1.14131859e-11,0.6,0.6,1,0.000317044392,-0.00223774345,-0.0114979004,0.00185850339
40.32,object_red_01,RED,0.00220734898,-0.250156962,0.0170968034,3.63305782e-08,4.6326643e-12,0.0112315379,1.13247081e-14,-5.13562774e-14,-8.61692861e-12,0.6,0.6,1,0.000317044392,-0.00223774491,-0.011496185,0.00185860388
40.36,object_red_01,RED,0.00220735041,-0.250156962,0.0175514487,3.55096666e-08,5.71060144e-12,0.0114879682,-1.41161258e-14,6.84679169e-14,1.12118913e-11,0.6,0.6,1,0.000317044392,-0.00223774634,-0.011494508,0.00185870365
40.4,object_red_01,RED,0.00220735182,-0.250156962,0.0180161815,3.4717488e-08,5.39095005e-12,0.0117384554,-1.128961e-14,4.64238535e-14,7.77176134e-12,0.6,0.6,1,0.000317044392,-0.00223774775,-0.0114928669,0.00185880275
40.44,object_red_01,RED,0.00220735319,-0.250156962,0.0184907627,3.39177413e-08,5.51310391e-12,0.0119806478,-1.49342607e-14,7.01161545e-14,1.16111431e-11,0.6,0.6,1,0.000317044392,-0.00223774912,-0.01149127,0.00185890057
40.48,object_red_01,RED,0.00220735453,-0.250156962,0.0189749055,3.29518021e-08,6.31006032e-12,0.012214197,-3.55639593e-14,1.63408558e-13,2.68715735e-11,0.6,0.6,1,0.000317044392,-0.00223775046,-0.011489725,0.00185899652
40.52,object_red_01,RED,0.00220735583,-0.250156962,0.0194684359,3.22069524e-08,5.17332805e-12,0.01244412,-1.33175601e-14,5.82865223e-14,9.85664356e-12,0.6,0.6,1,0.000317044392,-0.00223775176,-0.0114882052,0.00185909215
40.56,object_red_01,RED,0.0022073571,-0.250156962,0.0199710039,3.12240229e-08,4.7878956e-12,0.0126670011,-7.59221613e-15,3.638782e-14,5.99872968e-12,0.6,0.6,1,0.000317044392,-0.00223775303,-0.0114867364,0.00185918574
40.6,object_red_01,RED,0.00220735833,-0.250156962,0.0204823602,3.03801735e-08,3.14398834e-12,0.0128849297,2.61790635e-14,-1.15751586e-13,-1.9351515e-11,0.6,0.6,1,0.000317044392,-0.00223775426,-0.0114853085,0.00185927783
40.64,object_red_01,RED,0.00220735952,-0.250156962,0.0210022003,2.92147216e-08,5.12085595e-12,0.013094898,-2.19001837e-14,9.8541518e-14,1.62379679e-11,0.6,0.6,1,0.000317044392,-0.00223775545,-0.0114839327,0.00185936761
40.68,object_red_01,RED,0.00220736067,-0.250156962,0.0215302416,2.82258479e-08,4.19268271e-12,0.0132968273,-4.02027545e-15,1.80783081e-14,3.05990914e-12,0.6,0.6,1,0.000317044392,-0.0022377566,-0.0114826038,0.00185945528
40.72,object_red_01,RED,0.00220736177,-0.250156962,0.0220661645,2.71563793e-08,4.09269111e-12,0.0134905133,-5.70693468e-15,2.35428101e-14,4.0148965e-12,0.6,0.6,1,0.000317044392,-0.0022377577,-0.0114813267,0.00185954043
40.76,object_red_01,RED,0.00220736284,-0.250156962,0.0226096599,2.62009207e-08,2.25176364e-12,0.0136749642,3.19660603e-14,-1.42098863e-13,-2.41095166e-11,0.6,0.6,1,0.000317044392,-0.00223775877,-0.011480102,0.00185962291
40.8,object_red_01,RED,0.00220736386,-0.250156962,0.0231603917,2.49420884e-08,4.2287749e-12,0.0138510965,-1.48973265e-14,7.06743507e-14,1.15797233e-11,0.6,0.6,1,0.000317044392,-0.00223775979,-0.011478935,0.00185970226
40.84,object_red_01,RED,0.00220736483,-0.250156962,0.0237180442,2.3946753e-08,1.78278999e-12,0.0140193447,3.57174173e-14,-1.57218991e-13,-2.66590524e-11,0.6,0.6,1,0.000317044392,-0.00223776076,-0.0114778179,0.00185977889
40.88,object_red_01,RED,0.00220736576,-0.250156962,0.0242822615,2.2615715e-08,3.96664904e-12,0.014179213,-1.67411723e-14,7.64203462e-14,1.26670828e-11,0.6,0.6,1,0.000317044392,-0.00223776169,-0.0114767606,0.00185985205
40.92,object_red_01,RED,0.00220736664,-0.250156962,0.0248527239,2.1555761e-08,2.19916663e-12,0.014332234,1.87946015e-14,-8.44609905e-14,-1.42704554e-11,0.6,0.6,1,0.000317044392,-0.00223776257,-0.0114757522,0.00185992237
40.96,object_red_01,RED,0.00220736747,-0.250156962,0.0254290475,2.02156567e-08,3.46044118e-12,0.0144733554,-1.34762046e-14,5.89631299e-14,9.89102727e-12,0.6,0.6,1,0.000317044392,-0.0022377634,-0.0114748107,0.00185998853
41,object_red_01,RED,0.00220736826,-0.250156962,0.0260109137,1.90553583e-08,2.68023763e-12,0.0146097115,2.99409542e-16,-2.22653692e-15,-4.85635725e-13,0.6,0.6,1,0.000317044392,-0.00223776419,-0.0114739158,0.00186005184
41.04,object_red_01,RED,0.00220736899,-0.250156962,0.0265979289,1.77492309e-08,2.92452929e-12,0.0147342481,-9.53656588e-15,4.26429035e-14,6.78859487e-12,0.6,0.6,1,0.000317044392,-0.00223776492,-0.0114730869,0.00186011088
41.08,object_red_01,RED,0.00220736967,-0.250156962,0.0271897343,1.64987599e-08,2.33451525e-12,0.0148491058,-2.61569894e-16,4.38099448e-16,-8.31065744e-14,0.6,0.6,1,0.000317044392,-0.0022377656,-0.0114723187,0.00186016593
41.12,object_red_01,RED,0.00220737031,-0.250156962,0.0277859497,1.51465456e-08,2.70762908e-12,0.0149557629,-1.21223513e-14,5.65233389e-14,9.29484344e-12,0.6,0.6,1,0.000317044392,-0.00223776624,-0.0114716102,0.00186021697
41.16,object_red_01,RED,0.00220737089,-0.250156962,0.0283862185,1.39019412e-08,2.69134285e-12,0.015051079,-1.56025061e-14,7.25891589e-14,1.1887298e-11,0.6,0.6,1,0.000317044392,-0.00223776682,-0.011470967,0.00186026356
41.2,object_red_01,RED,0.00220737142,-0.250156962,0.0289901422,1.25930633e-08,1.81486907e-12,0.0151385349,-1.02719718e-15,3.44140778e-15,5.00111269e-13,0.6,0.6,1,0.000317044392,-0.00223776735,-0.0114703822,0.00186030611
41.24,object_red_01,RED,0.00220737189,-0.250156962,0.0295973395,1.12594671e-08,1.83557526e-12,0.0152160218,-4.77083746e-15,2.19290425e-14,3.90083146e-12,0.6,0.6,1,0.000317044392,-0.00223776782,-0.0114698618,0.00186034413
41.28,object_red_01,RED,0.00220737231,-0.250156962,0.0302074276,9.98551992e-09,7.11903024e-13,0.0152836603,1.54814092e-14,-7.05138633e-14,-1.16235597e-11,0.6,0.6,1,0.000317044392,-0.00223776824,-0.0114694031,0.00186037776
41.32,object_red_01,RED,0.00220737268,-0.250156962,0.0308200029,8.57025208e-09,1.59949273e-12,0.0153404895,-8.66066354e-15,3.79201987e-14,6.39206195e-12,0.6,0.6,1,0.000317044392,-0.00223776861,-0.0114690132,0.00186040645
41.36,object_red_01,RED,0.002207373,-0.250156962,0.03143469,7.24239766e-09,1.05086609e-12,0.0153890635,3.49393994e-16,3.6437821e-16,3.38119741e-13,0.6,0.6,1,0.000317044392,-0.00223776893,-0.0114686823,0.00186043086
41.4,object_red_01,RED,0.00220737326,-0.250156962,0.032051081,5.86396391e-09,9.60942086e-13,0.0154267966,-1.91434081e-15,1.44752551e-14,2.14655532e-12,0.6,0.6,1,0.000317044392,-0.00223776919,-0.0114684186,0.00186045037
41.44,object_red_01,RED,0.00220737347,-0.250156962,0.0326687834,4.50225185e-09,6.37264198e-13,0.0154549095,5.47272533e-16,-7.47977197e-17,-1.3797372e-14,0.6,0.6,1,0.000317044392,-0.00223776939,-0.0114682189,0.00186046517
41.48,object_red_01,RED,0.00220737362,-0.250156962,0.0332873979,3.12397387e-09,4.74057511e-13,0.0154732322,-1.29980573e-15,2.78471051e-15,5.08259605e-13,0.6,0.6,1,0.000317044392,-0.00223776955,-0.0114680841,0.0018604752
41.52,object_red_01,RED,0.00220737371,-0.250156962,0.0339065269,1.75073668e-09,3.67118346e-13,0.0154812279,-1.1498671e-15,1.25444636e-14,1.944949e-12,0.6,0.6,1,0.000317044392,-0.00223776964,-0.0114680152,0.00186048034
41.56,object_red_01,RED,0.00220737375,-0.250156962,0.0345257697,3.75261329e-10,7.65500229e-14,0.0154792999,-5.3729311e-16,1.91490988e-15,3.48833603e-13,0.6,0.6,1,0.000317044392,-0.00223776968,-0.0114680112,0.00186048067
41.6,object_red_01,RED,0.00220737374,-0.250156962,0.035144728,-9.98727444e-10,-1.72130375e-13,0.0154676261,2.69659406e-16,-4.90960114e-15,-5.49535486e-13,0.6,0.6,1,0.000317044392,-0.00223776967,-0.0114680719,0.00186047621
41.64,object_red_01,RED,0.00220737367,-0.250156962,0.0357629989,-2.38360451e-09,-3.18146141e-13,0.015445519,-6.68173094e-16,1.66459737e-15,3.07440121e-13,0.6,0.6,1,0.000317044392,-0.0022377696,-0.0114681991,0.00186046683
41.68,object_red_01,RED,0.00220737355,-0.250156962,0.0363801879,-3.7517439e-09,-5.3771314e-13,0.0154138394,3.83508106e-16,-1.07748115e-15,-1.35052219e-13,0.6,0.6,1,0.000317044392,-0.00223776948,-0.0114683905,0.00186045271
41.72,object_red_01,RED,0.00220737337,-0.250156962,0.0369958961,-5.12038428e-09,-7.62858178e-13,0.0153723536,4.13808034e-16,-4.02899121e-15,-6.39072167e-13,0.6,0.6,1,0.000317044392,-0.0022377693,-0.0114686464,0.00186043385
41.76,object_red_01,RED,0.00220737313,-0.250156962,0.0376097273,-6.4773581e-09,-9.13090484e-13,0.0153202587,-4.75929925e-16,-7.44835528e-17,7.71703664e-15,0.6,0.6,1,0.000317044392,-0.00223776906,-0.0114689686,0.00186041015
41.8,object_red_01,RED,0.00220737285,-0.250156962,0.0382212844,-7.845137e-09,-1.34149577e-12,0.0152590057,4.56669002e-15,-2.29125843e-14,-3.82985601e-12,0.6,0.6,1,0.000317044392,-0.00223776878,-0.0114693531,0.00186038192
41.84,object_red_01,RED,0.0022073725,-0.250156962,0.0388301768,-9.242655e-09,-5.58258736e-13,0.0151873976,-1.73483907e-14,7.43914757e-14,1.23311006e-11,0.6,0.6,1,0.000317044392,-0.00223776843,-0.0114698043,0.00186034889
41.88,object_red_01,RED,0.00220737211,-0.250156962,0.0394360192,-1.05248101e-08,-1.91978095e-12,0.015106395,1.02460036e-14,-4.36220764e-14,-7.14083281e-12,0.6,0.6,1,0.000317044392,-0.00223776804,-0.0114703159,0.00186031157
41.92,object_red_01,RED,0.00220737166,-0.250156962,0.0400384178,-1.18798794e-08,-1.65009368e-12,0.0150157043,-5.1435156e-16,5.2638313e-15,5.61420499e-13,0.6,0.6,1,0.000317044392,-0.00223776759,-0.0114708926,0.00186026967
41.96,object_red_01,RED,0.00220737116,-0.250156962,0.04063701,-1.314311e-08,-2.60146325e-12,0.0149173918,1.66664592e-14,-7.03091737e-14,-1.21362681e-11,0.6,0.6,1,0.000317044392,-0.00223776709,-0.0114715242,0.00186022396
42,object_red_01,RED,0.0022073706,-0.250156962,0.0412313711,-1.45329863e-08,-2.2279274e-12,0.0148076079,2.85657873e-15,-1.59733336e-14,-2.74178638e-12,0.6,0.6,1,0.000317044392,-0.00223776653,-0.011472228,0.00186017329
42.04,object_red_01,RED,0.00220736999,-0.250156962,0.0418211674,-1.57922508e-08,-2.3655547e-12,0.0146883561,2.2218216e-15,-1.25903447e-14,-2.17814254e-12,0.6,0.6,1,0.000317044392,-0.00223776592,-0.01147299,0.00186011872
42.08,object_red_01,RED,0.00220736933,-0.250156962,0.0424060157,-1.70657096e-08,-2.55752237e-12,0.0145599159,2.82482332e-15,-1.29588527e-14,-2.2873916e-12,0.6,0.6,1,0.000317044392,-0.00223776526,-0.0114738117,0.00186006022
42.12,object_red_01,RED,0.00220736863,-0.250156962,0.0429855494,-1.83047603e-08,-2.54542056e-12,0.0144208559,-6.4357235e-16,1.80894726e-15,6.83042087e-13,0.6,0.6,1,0.000317044392,-0.00223776456,-0.0114746975,0.00185999756
42.16,object_red_01,RED,0.00220736787,-0.250156962,0.0435594024,-1.95619187e-08,-3.59172562e-12,0.014275506,1.75780121e-14,-8.04644925e-14,-1.35740577e-11,0.6,0.6,1,0.000317044392,-0.0022377638,-0.0114756347,0.00185993172
42.2,object_red_01,RED,0.00220736706,-0.250156962,0.0441272265,-2.08174819e-08,-1.9567011e-12,0.0141190882,-2.19817051e-14,9.4305556e-14,1.62007752e-11,0.6,0.6,1,0.000317044392,-0.00223776299,-0.0114766385,0.00185986172
42.24,object_red_01,RED,0.0022073662,-0.250156962,0.0446886758,-2.19651787e-08,-4.22106697e-12,0.0139571011,2.44465286e-14,-1.08919221e-13,-1.83741197e-11,0.6,0.6,1,0.000317044392,-0.00223776213,-0.0114776868,0.00185978918
42.28,object_red_01,RED,0.0022073653,-0.250156962,0.045243397,-2.32746516e-08,-1.32383377e-12,0.013785585,-4.27151549e-14,1.9240384e-13,3.23643724e-11,0.6,0.6,1,0.000317044392,-0.00223776123,-0.0114788003,0.00185971278
42.32,object_red_01,RED,0.00220736434,-0.250156962,0.0457910738,-2.43061263e-08,-4.33095754e-12,0.0136064559,2.00690859e-14,-8.92276786e-14,-1.47767092e-11,0.6,0.6,1,0.000317044392,-0.00223776027,-0.0114799583,0.00185963402
42.36,object_red_01,RED,0.00220736335,-0.250156962,0.0463313546,-2.55706073e-08,-1.68415701e-12,0.0134176286,-4.11236956e-14,1.89764504e-13,3.18256087e-11,0.6,0.6,1,0.000317044392,-0.00223775928,-0.0114811795,0.00185955175
42.4,object_red_01,RED,0.0022073623,-0.250156962,0.0468639365,-2.655016e-08,-4.63710547e-12,0.0132206118,1.87513618e-14,-8.82047118e-14,-1.45522498e-11,0.6,0.6,1,0.000317044392,-0.00223775823,-0.0114824468,0.0018594672
42.44,object_red_01,RED,0.00220736122,-0.250156962,0.0473884968,-2.76341389e-08,-4.10140235e-12,0.0130155,3.32476846e-15,-1.74286138e-14,-3.06825161e-12,0.6,0.6,1,0.000317044392,-0.00223775715,-0.0114837693,0.00185937989
42.48,object_red_01,RED,0.00220736009,-0.250156962,0.0479047343,-2.86735171e-08,-4.64521825e-12,0.0128035137,1.23940317e-14,-5.52318899e-14,-9.5923735e-12,0.6,0.6,1,0.000317044392,-0.00223775602,-0.0114851396,0.00185929041
42.52,object_red_01,RED,0.00220735892,-0.250156962,0.0484123485,-2.97650548e-08,-2.83979947e-12,0.0125833385,-2.86747397e-14,1.35115547e-13,2.24975122e-11,0.6,0.6,1,0.000317044392,-0.00223775485,-0.011486565,0.00185919841
42.56,object_red_01,RED,0.00220735771,-0.250156962,0.0489110694,-3.06651667e-08,-5.59520044e-12,0.0123597475,2.78896436e-14,-1.2457629e-13,-2.07658014e-11,0.6,0.6,1,0.000317044392,-0.00223775364,-0.0114880212,0.00185910552
42.6,object_red_01,RED,0.00220735647,-0.250156962,0.0494006206,-3.1519156e-08,-5.696649e-12,0.0121266406,2.68057554e-14,-1.19954315e-13,-2.03058038e-11,0.6,0.6,1,0.000317044392,-0.0022377524,-0.01148953,0.00185901049
42.64,object_red_01,RED,0.00220735518,-0.250156962,0.0498806973,-3.25682558e-08,-5.79900314e-12,0.0118895334,2.58823795e-14,-1.16234657e-13,-1.94839938e-11,0.6,0.6,1,0.000317044392,-0.00223775111,-0.011491078,0.00185891424
42.68,object_red_01,RED,0.00220735386,-0.250156962,0.0503510871,-3.34402624e-08,-5.0091094e-12,0.0116443888,6.11408738e-15,-2.83842237e-14,-4.45278365e-12,0.6,0.6,1,0.000317044392,-0.00223774979,-0.0114926701,0.0018588166
42.72,object_red_01,RED,0.0022073525,-0.250156962,0.0508115189,-3.43131259e-08,-5.23315078e-12,0.0113906763,8.52423871e-15,-3.57775831e-14,-5.97877802e-12,0.6,0.6,1,0.000317044392,-0.00223774843,-0.0114943072,0.00185871761
42.76,object_red_01,RED,0.00220735111,-0.250156962,0.0512617658,-3.51016602e-08,-5.51793229e-12,0.0111322984,1.21036384e-14,-5.29976818e-14,-8.99206882e-12,0.6,0.6,1,0.000317044392,-0.00223774704,-0.0114959813,0.00185861787
42.8,object_red_01,RED,0.00220734969,-0.250156962,0.0517016076,-3.59116973e-08,-4.73285554e-12,0.0108692079,-7.45692799e-15,3.58882357e-14,5.83571961e-12,0.6,0.6,1,0.000317044392,-0.00223774562,-0.011497691,0.00185851757
42.84,object_red_01,RED,0.00220734824,-0.250156962,0.0521308376,-3.6571583e-08,-6.08581263e-12,0.010602115,2.04230956e-14,-8.78777327e-14,-1.49320593e-11,0.6,0.6,1,0.000317044392,-0.00223774417,-0.0114994297,0.00185841716
42.88,object_red_01,RED,0.00220734677,-0.250156962,0.0525492849,-3.71563414e-08,-7.48147221e-12,0.0103340504,4.72077517e-14,-2.12862502e-13,-3.63039154e-11,0.6,0.6,1,0.000317044392,-0.0022377427,-0.011501186,0.00185831736
42.92,object_red_01,RED,0.00220734526,-0.250156962,0.0529566569,-3.80084515e-08,-5.78579411e-12,0.0100552492,8.38390181e-15,-3.95067054e-14,-6.42983211e-12,0.6,0.6,1,0.000317044392,-0.00223774119,-0.011503001,0.00185821599
42.96,object_red_01,RED,0.00220734373,-0.250156962,0.0533528922,-3.84865051e-08,-6.38764498e-12,0.00977323571,2.08162657e-14,-9.24908325e-14,-1.54921441e-11,0.6,0.6,1,0.000317044392,-0.00223773966,-0.0115048315,0.00185811554
43,object_red_01,RED,0.00220734218,-0.250156962,0.053737788,-3.9024167e-08,-5.27912767e-12,0.00948356615,-4.90375707e-15,2.37914045e-14,4.0292011e-12,0.6,0.6,1,0.000317044392,-0.00223773811,-0.0115066997,0.00185801488
43.04,object_red_01,RED,0.0022073406,-0.250156962,0.054111195,-3.95411871e-08,-7.38494235e-12,0.00919652502,3.78806629e-14,-1.75270582e-13,-2.94756145e-11,0.6,0.6,1,0.000317044392,-0.00223773653,-0.0115085737,0.00185791577
43.08,object_red_01,RED,0.00220733901,-0.250156962,0.0544729951,-3.99808491e-08,-6.6536073e-12,0.00890425224,2.2535694e-14,-9.53439297e-14,-1.62335577e-11,0.6,0.6,1,0.000317044392,-0.00223773494,-0.011510475,0.00185781715
43.12,object_red_01,RED,0.0022073374,-0.250156962,0.054823057,-4.04618473e-08,-5.04640695e-12,0.00860902599,-1.51651783e-14,6.63054372e-14,1.12686962e-11,0.6,0.6,1,0.000317044392,-0.00223773333,-0.0115124003,0.00185771926
43.16,object_red_01,RED,0.00220733578,-0.250156962,0.0551612957,-4.07743918e-08,-6.76016907e-12,0.00831485,2.25853741e-14,-9.66409189e-14,-1.63042722e-11,0.6,0.6,1,0.000317044392,-0.00223773171,-0.0115143286,0.0018576232
43.2,object_red_01,RED,0.00220733414,-0.250156962,0.0554876182,-4.10583201e-08,-6.53047202e-12,0.00801795647,1.59832271e-14,-7.02105155e-14,-1.17245771e-11,0.6,0.6,1,0.000317044392,-0.00223773007,-0.011516273,0.00185752837
43.24,object_red_01,RED,0.00220733249,-0.250156962,0.0558019841,-4.11234874e-08,-9.02116153e-12,0.00771696975,6.91558027e-14,-3.11103781e-13,-5.23043641e-11,0.6,0.6,1,0.000317044392,-0.00223772842,-0.0115182235,0.00185743527
43.28,object_red_01,RED,0.00220733083,-0.250156962,0.0561042234,-4.15741101e-08,-6.92797683e-12,0.00741439822,2.26818185e-14,-9.97763344e-14,-1.68649321e-11,0.6,0.6,1,0.000317044392,-0.00223772676,-0.0115202032,0.00185734288
43.32,object_red_01,RED,0.00220732917,-0.250156962,0.0563944218,-4.15948335e-08,-7.07445922e-12,0.00711039806,2.63646871e-14,-1.15401555e-13,-1.9467057e-11,0.6,0.6,1,0.000317044392,-0.0022377251,-0.0115221795,0.00185725274
43.36,object_red_01,RED,0.0022073275,-0.250156962,0.056672508,-4.17078378e-08,-6.59361128e-12,0.00680683024,1.41064036e-14,-6.6022464e-14,-1.10546981e-11,0.6,0.6,1,0.000317044392,-0.00223772343,-0.0115241589,0.00185716457
43.4,object_red_01,RED,0.00220732583,-0.250156962,0.056938487,-4.1740096e-08,-6.28466719e-12,0.00650403445,8.80218318e-15,-3.51332561e-14,-6.02524754e-12,0.6,0.6,1,0.000317044392,-0.00223772177,-0.0115261376,0.00185707852
43.44,object_red_01,RED,0.00220732417,-0.250156962,0.0571923767,-4.16574741e-08,-6.85461207e-12,0.00620288858,2.18204734e-14,-9.24013342e-14,-1.56487845e-11,0.6,0.6,1,0.000317044392,-0.0022377201,-0.0115281096,0.00185699486
43.48,object_red_01,RED,0.0022073225,-0.250156962,0.0574341999,-4.15803243e-08,-6.5854869e-12,0.00590462862,1.48298466e-14,-6.81872804e-14,-1.13342938e-11,0.6,0.6,1,0.000317044392,-0.00223771843,-0.0115300731,0.00185691363
43.52,object_red_01,RED,0.00220732084,-0.250156962,0.0576640086,-4.14270973e-08,-6.10229335e-12,0.00560489128,5.06163795e-15,-2.19251085e-14,-3.73008723e-12,0.6,0.6,1,0.000317044392,-0.00223771677,-0.0115320329,0.00185683463
43.56,object_red_01,RED,0.00220731919,-0.250156962,0.0578818781,-4.11403047e-08,-6.73845023e-12,0.00530695149,2.0541647e-14,-8.93570369e-14,-1.49042987e-11,0.6,0.6,1,0.000317044392,-0.00223771512,-0.0115339791,0.00185675821
43.6,object_red_01,RED,0.00220731755,-0.250156962,0.0580878782,-4.09391557e-08,-5.77790528e-12,0.00501035229,-5.45068743e-16,4.20655156e-15,6.11199032e-13,0.6,0.6,1,0.000317044392,-0.00223771348,-0.0115359148,0.00185668422
43.64,object_red_01,RED,0.00220731592,-0.250156962,0.0582821337,-4.04809502e-08,-6.54963114e-12,0.00471651338,1.71470266e-14,-7.66533333e-14,-1.33351321e-11,0.6,0.6,1,0.000317044392,-0.00223771186,-0.0115378318,0.00185661294
43.68,object_red_01,RED,0.00220731431,-0.250156962,0.058464771,-4.00134271e-08,-6.63205977e-12,0.00442704438,2.08071966e-14,-9.07082296e-14,-1.56436402e-11,0.6,0.6,1,0.000317044392,-0.00223771025,-0.0115397251,0.00185654447
43.72,object_red_01,RED,0.00220731272,-0.250156962,0.0586359314,-3.95226682e-08,-6.54556627e-12,0.00414296267,2.02295958e-14,-9.23716159e-14,-1.53845621e-11,0.6,0.6,1,0.000317044392,-0.00223770865,-0.0115415918,0.00185647885
43.76,object_red_01,RED,0.00220731115,-0.250156962,0.0587957911,-3.89687906e-08,-5.96320285e-12,0.00386433844,1.06842862e-14,-4.30202601e-14,-7.15498571e-12,0.6,0.6,1,0.000317044392,-0.00223770709,-0.0115434285,0.00185641611
43.8,object_red_01,RED,0.00220730961,-0.250156962,0.0589445419,-3.8282049e-08,-6.2447314e-12,0.00359001095,1.90291075e-14,-7.99095362e-14,-1.33966697e-11,0.6,0.6,1,0.000317044392,-0.00223770554,-0.011545233,0.00185635624
43.84,object_red_01,RED,0.00220730809,-0.250156962,0.0590823787,-3.7720978e-08,-3.12337383e-12,0.00331932174,-4.93564428e-14,2.16247461e-13,3.66224083e-11,0.6,0.6,1,0.000317044392,-0.00223770403,-0.0115470108,0.00185629897
43.88,object_red_01,RED,0.00220730661,-0.250156962,0.0592095593,-3.67307808e-08,-6.88842201e-12,0.00305482911,3.83945124e-14,-1.6464954e-13,-2.7748649e-11,0.6,0.6,1,0.000317044392,-0.00223770254,-0.0115487398,0.00185624489
43.92,object_red_01,RED,0.00220730516,-0.250156962,0.0593263234,-3.58430351e-08,-6.00621584e-12,0.00279652632,1.99670676e-14,-8.63997344e-14,-1.49820696e-11,0.6,0.6,1,0.000317044392,-0.00223770109,-0.0115504318,0.00185619353
43.96,object_red_01,RED,0.00220730374,-0.250156962,0.0594329501,-3.489293e-08,-6.03521058e-12,0.00254625853,2.41251186e-14,-1.05131261e-13,-1.76700854e-11,0.6,0.6,1,0.000317044392,-0.00223769967,-0.0115520767,0.00185614507
44,object_red_01,RED,0.00220730237,-0.250156962,0.0595297443,-3.3881163e-08,-5.49606089e-12,0.00230441175,1.48068608e-14,-6.73520087e-14,-1.12174098e-11,0.6,0.6,1,0.000317044392,-0.0022376983,-0.0115536714,0.00185609948
44.04,object_red_01,RED,0.00220730103,-0.250156962,0.0596170378,-3.27361691e-08,-5.56897241e-12,0.00207159203,1.96793594e-14,-9.04107724e-14,-1.51151869e-11,0.6,0.6,1,0.000317044392,-0.00223769697,-0.0115552098,0.00185605679
44.08,object_red_01,RED,0.00220729975,-0.250156962,0.0596951746,-3.15391614e-08,-5.48740387e-12,0.00184920087,2.19465819e-14,-9.80502325e-14,-1.6518066e-11,0.6,0.6,1,0.000317044392,-0.00223769568,-0.0115566873,0.00185601699
44.12,object_red_01,RED,0.00220729851,-0.250156962,0.0597645244,-3.02716664e-08,-4.98110768e-12,0.00163379696,1.50695707e-14,-6.60340587e-14,-1.10911323e-11,0.6,0.6,1,0.000317044392,-0.00223769445,-0.011558108,0.00185597982
44.16,object_red_01,RED,0.00220729733,-0.250156962,0.0598254912,-2.88755747e-08,-5.01567153e-12,0.00142824396,1.87277698e-14,-8.58975189e-14,-1.49488995e-11,0.6,0.6,1,0.000317044392,-0.00223769327,-0.0115594629,0.00185594538
44.2,object_red_01,RED,0.00220729621,-0.250156962,0.0598784938,-2.74086648e-08,-5.08753026e-12,0.00123372162,2.57346523e-14,-1.16559682e-13,-1.94880696e-11,0.6,0.6,1,0.000317044392,-0.00223769214,-0.0115607476,0.00185591364
44.24,object_red_01,RED,0.00220729514,-0.250156962,0.0599239792,-2.58801922e-08,-4.59113037e-12,0.00105075999,1.90200653e-14,-9.05940987e-14,-1.48627485e-11,0.6,0.6,1,0.000317044392,-0.00223769108,-0.0115619594,0.00185588451
44.28,object_red_01,RED,0.00220729414,-0.250156962,0.0599624287,-2.42294289e-08,-4.47357223e-12,0.000880335125,2.3422526e-14,-1.00412257e-13,-1.67926989e-11,0.6,0.6,1,0.000317044392,-0.00223769008,-0.0115630916,0.001855858
44.32,object_red_01,RED,0.00220729321,-0.250156962,0.0599943395,-2.25020853e-08,-4.37912923e-12,0.000723584941,2.61963329e-14,-1.13168073e-13,-1.92280113e-11,0.6,0.6,1,0.000317044392,-0.00223768914,-0.0115641393,0.00185583407
44.36,object_red_01,RED,0.00220729235,-0.250156962,0.060020239,-2.070512e-08,-3.83076043e-12,0.000580864586,1.89624402e-14,-8.56216999e-14,-1.4375557e-11,0.6,0.6,1,0.000317044392,-0.00223768828,-0.0115650993,0.00185581267
44.4,object_red_01,RED,0.00220729156,-0.250156962,0.0600406829,-1.87847445e-08,-3.61016473e-12,0.000451404484,1.92382346e-14,-9.15027284e-14,-1.52253461e-11,0.6,0.6,1,0.000317044392,-0.00223768749,-0.0115659689,0.00185579369
44.44,object_red_01,RED,0.00220729085,-0.250156962,0.0600562509,-1.67725164e-08,-3.54665521e-12,0.00033654926,2.48498232e-14,-1.11246756e-13,-1.88418105e-11,0.6,0.6,1,0.000317044392,-0.00223768678,-0.0115667424,0.00185577715
44.48,object_red_01,RED,0.00220729022,-0.250156962,0.0600675494,-1.46817267e-08,-3.12413934e-12,0.000236771323,2.16806126e-14,-9.89972396e-14,-1.67306746e-11,0.6,0.6,1,0.000317044392,-0.00223768616,-0.0115674172,0.00185576298
44.52,object_red_01,RED,0.00220728968,-0.250156962,0.0600752203,-1.24774139e-08,-2.85506681e-12,0.000153452806,2.32552812e-14,-1.03843648e-13,-1.74481616e-11,0.6,0.6,1,0.000317044392,-0.00223768562,-0.0115679865,0.0018557512
44.56,object_red_01,RED,0.00220728923,-0.250156962,0.0600799285,-1.01765862e-08,-2.66676609e-12,8.74766968e-05,2.6205321e-14,-1.15904261e-13,-1.96704836e-11,0.6,0.6,1,0.000317044392,-0.00223768516,-0.0115684452,0.00185574182
44.6,object_red_01,RED,0.00220728887,-0.250156962,0.0600823679,-7.78888714e-09,-2.23146855e-12,3.94127893e-05,2.32604502e-14,-1.06205555e-13,-1.8053574e-11,0.6,0.6,1,0.000317044392,-0.00223768481,-0.0115687893,0.00185573483
44.64,object_red_01,RED,0.00220728861,-0.250156962,0.0600832645,-5.29065908e-09,-1.88827556e-12,9.79971993e-06,2.41409914e-14,-1.06561565e-13,-1.82333192e-11,0.6,0.6,1,0.000317044392,-0.00223768455,-0.0115690139,0.00185573029
44.68,object_red_01,RED,0.00220728846,-0.250156962,0.0600833708,-2.69056134e-09,-1.57365351e-12,-7.52761611e-07,2.61624372e-14,-1.1441401e-13,-1.90845669e-11,0.600000001,0.599999999,1,0.000317044392,-0.00223768439,-0.0115691144,0.00185572822
44.72,object_red_01,RED,0.0022072884,-0.250156962,0.0600833616,-4.10213035e-10,-2.74451724e-10,1.66121236e-08,-4.27362581e-14,1.93057248e-13,3.22167121e-11,0.6,0.6,1,0.000317044391,-0.00223768434,-0.0115691213,0.00185572803
44.76,object_red_01,RED,0.00220728842,-0.250156963,0.0600833615,2.20325625e-09,-8.31380794e-08,1.48262479e-09,-2.91123583e-12,1.30866136e-11,2.19852062e-09,0.600000001,0.599999999,1,0.000317044122,-0.00223768434,-0.0115691215,0.00185572803
44.8,object_red_01,RED,0.00220728872,-0.250156974,0.0600833615,1.38380549e-08,-5.10403893e-07,2.50364387e-11,-4.81188518e-11,2.16341772e-10,3.63463857e-08,0.600000003,0.599999997,1,0.000317042498,-0.00223768435,-0.0115691215,0.00185572807
44.84,object_red_01,RED,0.00220728973,-0.250157012,0.0600833615,3.76220868e-08,-1.44026455e-06,-2.16255011e-12,-1.62742172e-10,7.31705902e-10,1.22930201e-07,0.600000005,0.599999994,1,0.000317038703,-0.00223768439,-0.0115691215,0.00185572815
44.88,object_red_01,RED,0.00220729191,-0.2501571,0.0600833615,7.09498254e-08,-2.93831888e-06,-1.65801591e-13,-3.29501238e-10,1.48146608e-09,2.48893706e-07,0.600000007,0.599999993,1,0.000317032388,-0.00223768444,-0.0115691215,0.00185572828
44.92,object_red_01,RED,0.00220729556,-0.250157259,0.0600833615,1.10426786e-07,-5.02778236e-06,-3.88859449e-15,-5.23436976e-10,2.35341235e-09,3.95384678e-07,0.600000008,0.599999992,1,0.000317023418,-0.0022376845,-0.0115691215,0.00185572846
44.96,object_red_01,RED,0.00220730088,-0.250157515,0.0600833615,1.53924459e-07,-7.71754841e-06,-6.76672319e-16,-7.27582616e-10,3.27126165e-09,5.49587678e-07,0.600000008,0.599999991,1,0.000317011747,-0.00223768457,-0.0115691215,0.00185572867
45,object_red_01,RED,0.00220730801,-0.25015789,0.0600833615,2.00497426e-07,-1.10086339e-05,-8.30130823e-16,-9.34132218e-10,4.19992727e-09,7.05608696e-07,0.600000009,0.59999999,1,0.000316997366,-0.00223768465,-0.0115691215,0.00185572893
45.04,object_red_01,RED,0.00220731705,-0.25015841,0.0600833615,2.49845082e-07,-1.48984694e-05,-4.51837767e-16,-1.14077864e-09,5.12902523e-09,8.61701469e-07,0.600000009,0.59999999,1,0.000316980281,-0.00223768473,-0.0115691215,0.00185572923
45.08,object_red_01,RED,0.00220732813,-0.250159099,0.0600833615,3.02040505e-07,-1.9390515e-05,-1.04782777e-15,-1.34643271e-09,6.05365765e-09,1.01704433e-06,0.60000001,0.599999989,1,0.000316960489,-0.00223768482,-0.0115691215,0.00185572957
45.12,object_red_01,RED,0.00220734136,-0.250159979,0.0600833615,3.56913356e-07,-2.44746921e-05,-7.05222739e-16,-1.55173064e-09,6.97669024e-09,1.17211856e-06,0.60000001,0.599999989,1,0.000316938016,-0.00223768491,-0.0115691215,0.00185572994
45.16,object_red_01,RED,0.00220735684,-0.250161075,0.0600833615,4.14520516e-07,-3.01529173e-05,-8.30130823e-16,-1.75555943e-09,7.89311832e-09,1.32608309e-06,0.600000011,0.599999988,1,0.000316912868,-0.00223768501,-0.0115691215,0.00185573036
45.2,object_red_01,RED,0.00220737467,-0.250162411,0.0600833615,4.74790785e-07,-3.64191355e-05,-9.08644476e-16,-1.95850326e-09,8.80556799e-09,1.4793789e-06,0.600000011,0.599999988,1,0.000316885065,-0.00223768512,-0.0115691215,0.00185573082
45.24,object_red_01,RED,0.00220739498,-0.25016401,0.0600833615,5.37782248e-07,-4.32734444e-05,-4.76819384e-16,-2.16082487e-09,9.71522464e-09,1.63220599e-06,0.600000012,0.599999987,1,0.000316854608,-0.00223768522,-0.0115691215,0.00185573131
45.28,object_red_01,RED,0.00220741786,-0.250165895,0.0600833615,6.03444501e-07,-5.0713525e-05,-6.37415493e-16,-2.36201368e-09,1.06197844e-08,1.7841764e-06,0.600000012,0.599999987,1,0.000316821512,-0.00223768534,-0.0115691215,0.00185573184
45.32,object_red_01,RED,0.00220744342,-0.25016809,0.0600833615,6.71585847e-07,-5.87301028e-05,-7.80167589e-16,-2.56233385e-09,1.15204427e-08,1.93549136e-06,0.600000012,0.599999986,1,0.000316785805,-0.00223768546,-0.0115691215,0.00185573242
45.36,object_red_01,RED,0.00220747176,-0.250170618,0.0600833615,7.42344268e-07,-6.73283996e-05,-8.69387649e-16,-2.76088747e-09,1.24131494e-08,2.08547043e-06,0.600000013,0.599999985,1,0.000316747485,-0.00223768558,-0.0115691215,0.00185573303
45.4,object_red_01,RED,0.00220750299,-0.250173502,0.0600833615,8.15603003e-07,-7.64998698e-05,-4.76819384e-16,-2.95920686e-09,1.33048073e-08,2.23527325e-06,0.600000014,0.599999985,1,0.000316706569,-0.00223768571,-0.0115691215,0.00185573368
45.44,object_red_01,RED,0.00220753719,-0.250176765,0.0600833615,8.91359479e-07,-8.62447162e-05,-5.98158666e-16,-3.15684109e-09,1.41933804e-08,2.38455829e-06,0.600000014,0.599999985,1,0.000316663066,-0.00223768585,-0.0115691215,0.00185573437
45.48,object_red_01,RED,0.00220757448,-0.250180429,0.0600833615,9.69466935e-07,-9.65584049e-05,-7.48048367e-16,-3.35273388e-09,1.50741293e-08,2.53252847e-06,0.600000014,0.599999984,1,0.000316616998,-0.00223768599,-0.0115691215,0.00185573509
45.52,object_red_01,RED,0.00220761494,-0.250184518,0.0600833615,1.04982816e-06,-0.000107434056,-8.4083723e-16,-3.54801088e-09,1.59521127e-08,2.68003368e-06,0.600000014,0.599999984,1,0.000316568382,-0.00223768613,-0.0115691215,0.00185573586
45.56,object_red_01,RED,0.00220765866,-0.250189054,0.0600833615,1.13265987e-06,-0.000118881425,-4.5540657e-16,-3.74152969e-09,1.68221803e-08,2.82620982e-06,0.600000015,0.599999983,1,0.000316517206,-0.00223768628,-0.0115691215,0.00185573667
45.6,object_red_01,RED,0.00220770575,-0.250194059,0.0600833615,1.21762089e-06,-0.000130883371,-5.66039444e-16,-3.93565882e-09,1.76950056e-08,2.97284865e-06,0.600000015,0.599999983,1,0.000316463504,-0.00223768643,-0.0115691215,0.00185573751
45.64,object_red_01,RED,0.00220775627,-0.250199556,0.0600833615,1.3047074e-06,-0.000143444912,-8.01580404e-16,-4.12763322e-09,1.85581344e-08,3.11785859e-06,0.600000016,0.599999982,1,0.000316407284,-0.00223768659,-0.0115691215,0.00185573839
45.68,object_red_01,RED,0.00220781032,-0.250205568,0.0600833615,1.3937813e-06,-0.00015655842,-9.05075674e-16,-4.31848441e-09,1.94162134e-08,3.2620205e-06,0.600000016,0.599999982,1,0.000316348567,-0.00223768675,-0.0115691215,0.00185573931
45.72,object_red_01,RED,0.00220786798,-0.250212115,0.0600833615,1.48486351e-06,-0.000170223606,-4.19718546e-16,-4.50886977e-09,2.02722073e-08,3.40583097e-06,0.600000016,0.599999982,1,0.000316287354,-0.00223768692,-0.0115691215,0.00185574027
45.76,object_red_01,RED,0.00220792933,-0.250219221,0.0600833615,1.57799452e-06,-0.000184444111,-5.73177049e-16,-4.69834564e-09,2.11240949e-08,3.54895275e-06,0.600000017,0.599999981,1,0.000316223643,-0.00223768709,-0.0115691215,0.00185574126
45.8,object_red_01,RED,0.00220799443,-0.250226907,0.0600833615,1.67267893e-06,-0.000199201479,-7.23066751e-16,-4.88713739e-09,2.19729198e-08,3.69155932e-06,0.600000017,0.599999981,1,0.000316157485,-0.00223768726,-0.0115691215,0.0018557423
45.84,object_red_01,RED,0.00220806336,-0.250235195,0.0600833615,1.76912195e-06,-0.000214507264,-8.2656202e-16,-5.07356219e-09,2.28111022e-08,3.832378e-06,0.600000017,0.59999998,1,0.000316088865,-0.00223768744,-0.0115691215,0.00185574337
45.88,object_red_01,RED,0.00220813617,-0.250244106,0.0600833615,1.86708626e-06,-0.000230349047,-9.72882919e-16,-5.25980804e-09,2.36484713e-08,3.97306017e-06,0.600000018,0.59999998,1,0.00031601781,-0.00223768761,-0.0115691215,0.00185574448
45.92,object_red_01,RED,0.00220821294,-0.250253662,0.0600833615,1.96663694e-06,-0.000246731201,-5.37489025e-16,-5.44621179e-09,2.44865619e-08,4.11386372e-06,0.600000017,0.59999998,1,0.000315944308,-0.0022376878,-0.0115691215,0.00185574562
45.96,object_red_01,RED,0.00220829372,-0.250263885,0.0600833615,2.06744675e-06,-0.000263647451,-6.76672319e-16,-5.63040103e-09,2.53146855e-08,4.25299259e-06,0.600000018,0.599999979,1,0.000315868395,-0.00223768798,-0.0115691215,0.00185574681
46,object_red_01,RED,0.00220837855,-0.250274795,0.0600833615,2.16928031e-06,-0.000281087211,-8.51543637e-16,-5.81406884e-09,2.6140468e-08,4.39172799e-06,0.600000018,0.599999979,1,0.000315790094,-0.00223768817,-0.0115691215,0.00185574803
46.04,object_red_01,RED,0.00220846749,-0.250286414,0.0600833615,2.2723988e-06,-0.000299065652,-9.69314117e-16,-5.99532088e-09,2.69553893e-08,4.52863917e-06,0.600000018,0.599999979,1,0.000315709382,-0.00223768836,-0.0115691215,0.00185574929
46.08,object_red_01,RED,0.00220856056,-0.250298764,0.0600833615,2.3764118e-06,-0.00031756353,-5.37489025e-16,-6.17830862e-09,2.77781142e-08,4.66686098e-06,0.600000018,0.599999979,1,0.000315626288,-0.00223768855,-0.0115691215,0.00185575059
46.12,object_red_01,RED,0.00220865782,-0.250311864,0.0600833615,2.48116293e-06,-0.000336585399,-6.73103517e-16,-6.35904027e-09,2.85906994e-08,4.8033791e-06,0.600000018,0.599999979,1,0.000315540828,-0.00223768875,-0.0115691215,0.00185575192
46.16,object_red_01,RED,0.00220875927,-0.250325736,0.0600833615,2.58642432e-06,-0.000356123834,-7.94442799e-16,-6.5381506e-09,2.93959983e-08,4.93867315e-06,0.600000019,0.599999978,1,0.000315453023,-0.00223768894,-0.0115691215,0.00185575329
46.2,object_red_01,RED,0.00220886495,-0.2503404,0.0600833615,2.69208902e-06,-0.000376174741,-9.40763698e-16,-6.7170072e-09,3.02001475e-08,5.07377437e-06,0.600000018,0.599999979,1,0.000315362881,-0.00223768914,-0.0115691215,0.0018557547
46.24,object_red_01,RED,0.00220897486,-0.250355878,0.0600833615,2.79839598e-06,-0.000396753303,-5.33920223e-16,-6.89486524e-09,3.09998092e-08,5.20812152e-06,0.600000019,0.599999978,1,0.000315270369,-0.00223768933,-0.0115691215,0.00185575614
46.28,object_red_01,RED,0.00220908903,-0.250372189,0.0600833615,2.90448668e-06,-0.000417828504,-7.80167589e-16,-7.07282988e-09,3.17999492e-08,5.34254928e-06,0.600000018,0.599999978,1,0.000315175567,-0.00223768953,-0.0115691215,0.00185575762
46.32,object_red_01,RED,0.00220920744,-0.250389354,0.0600833615,3.01055727e-06,-0.000439417578,-8.19424416e-16,-7.24777887e-09,3.25865329e-08,5.47469928e-06,0.600000018,0.599999978,1,0.000315078451,-0.00223768973,-0.0115691215,0.00185575914
46.36,object_red_01,RED,0.00220933008,-0.250407392,0.0600833615,3.11624937e-06,-0.000461504773,-9.443325e-16,-7.42244483e-09,3.33718434e-08,5.60663484e-06,0.600000018,0.599999978,1,0.000314979055,-0.00223768992,-0.0115691215,0.00185576069
46.4,object_red_01,RED,0.00220945694,-0.250426325,0.0600833615,3.22170757e-06,-0.000484099749,-5.4462663e-16,-7.59775777e-09,3.41600576e-08,5.73905902e-06,0.600000018,0.599999979,1,0.000314877347,-0.00223769012,-0.0115691215,0.00185576228
46.44,object_red_01,RED,0.00220958802,-0.250446173,0.0600833615,3.32646693e-06,-0.000507194837,-6.30277888e-16,-7.77098889e-09,3.49389196e-08,5.8699116e-06,0.600000018,0.599999978,1,0.000314773369,-0.00223769032,-0.0115691215,0.0018557639
46.48,object_red_01,RED,0.00220972325,-0.250466954,0.0600833615,3.43006403e-06,-0.000530774045,-7.76598787e-16,-7.94368315e-09,3.57153688e-08,6.00035902e-06,0.600000017,0.599999979,1,0.000314667158,-0.00223769051,-0.0115691215,0.00185576556
46.52,object_red_01,RED,0.00220986262,-0.250488689,0.0600833615,3.53278279e-06,-0.000554857102,-9.12213278e-16,-8.1134587e-09,3.6478692e-08,6.12860105e-06,0.600000017,0.599999979,1,0.000314558682,-0.0022376907,-0.0115691215,0.00185576726
46.56,object_red_01,RED,0.00221000606,-0.250511398,0.0600833615,3.63421214e-06,-0.000579425085,-5.05369803e-16,-8.28527611e-09,3.72511905e-08,6.25838486e-06,0.600000017,0.599999979,1,0.000314447963,-0.00223769089,-0.0115691215,0.00185576899
46.6,object_red_01,RED,0.00221015353,-0.250535099,0.0600833615,3.73409766e-06,-0.000604481214,-6.19571481e-16,-8.45571531e-09,3.8017497e-08,6.38712784e-06,0.600000016,0.59999998,1,0.000314335017,-0.00223769108,-0.0115691215,0.00185577075
46.64,object_red_01,RED,0.00221030496,-0.250559813,0.0600833615,3.83207112e-06,-0.000630018664,-7.58754775e-16,-8.62377594e-09,3.87731106e-08,6.514075e-06,0.600000016,0.599999979,1,0.000314219871,-0.00223769126,-0.0115691215,0.00185577255
46.68,object_red_01,RED,0.00221046027,-0.250585559,0.0600833615,3.92787914e-06,-0.000656027837,-8.51543637e-16,-8.79200738e-09,3.95294987e-08,6.64115157e-06,0.600000015,0.599999981,1,0.000314102541,-0.00223769144,-0.0115691215,0.00185577439
46.72,object_red_01,RED,0.00221061936,-0.250612355,0.0600833615,4.02193405e-06,-0.000682536111,-4.37562558e-16,-8.95821383e-09,4.02767682e-08,6.76669675e-06,0.600000015,0.59999998,1,0.000313982969,-0.00223769162,-0.0115691215,0.00185577626
46.76,object_red_01,RED,0.00221078217,-0.250640221,0.0600833615,4.11316595e-06,-0.00070950192,-5.83883457e-16,-9.12623344e-09,4.1032203e-08,6.89361334e-06,0.600000014,0.599999981,1,0.000313861247,-0.00223769179,-0.0115691215,0.00185577816
46.8,object_red_01,RED,0.00221094856,-0.250669176,0.0600833615,4.20165589e-06,-0.000736945502,-7.44479565e-16,-9.29061587e-09,4.17712699e-08,7.01778067e-06,0.600000014,0.599999982,1,0.000313737354,-0.00223769195,-0.0115691215,0.0018557801
46.84,object_red_01,RED,0.00221111843,-0.250699238,0.0600833615,4.28699838e-06,-0.000764850539,-7.90873996e-16,-9.45444731e-09,4.25078688e-08,7.14153266e-06,0.600000013,0.599999982,1,0.000313611324,-0.00223769211,-0.0115691215,0.00185578207
46.88,object_red_01,RED,0.00221129165,-0.250730426,0.0600833615,4.36928046e-06,-0.000793226029,-9.3005729e-16,-9.61887851e-09,4.32471631e-08,7.26573789e-06,0.600000012,0.599999983,1,0.000313483124,-0.00223769227,-0.0115691215,0.00185578407
46.92,object_red_01,RED,0.00221146809,-0.25076276,0.0600833615,4.44816724e-06,-0.000822070879,-5.12507408e-16,-9.7819792e-09,4.3980475e-08,7.38893788e-06,0.600000012,0.599999983,1,0.000313352775,-0.00223769242,-0.0115691215,0.00185578611
46.96,object_red_01,RED,0.0022116476,-0.250796256,0.0600833615,4.52285989e-06,-0.000851359226,-5.55333037e-16,-9.94456471e-09,4.47114774e-08,7.51174953e-06,0.60000001,0.599999985,1,0.000313220341,-0.00223769256,-0.0115691215,0.00185578818
47,object_red_01,RED,0.00221183001,-0.250830934,0.0600833615,4.59369732e-06,-0.000881116239,-7.94442799e-16,-1.01037059e-08,4.54269815e-08,7.63195838e-06,0.60000001,0.599999985,1,0.000313085778,-0.00223769269,-0.0115691215,0.00185579029
47.04,object_red_01,RED,0.00221201517,-0.250866811,0.0600833615,4.66019087e-06,-0.000911320263,-8.44406033e-16,-1.0264524e-08,4.61500358e-08,7.75343448e-06,0.600000009,0.599999986,1,0.000312949116,-0.00223769281,-0.0115691215,0.00185579243
47.08,object_red_01,RED,0.0022122029,-0.250903906,0.0600833615,4.72220871e-06,-0.000941978382,-4.19718546e-16,-1.04255514e-08,4.68740251e-08,7.87506857e-06,0.600000008,0.599999987,1,0.000312810345,-0.00223769293,-0.0115691215,0.00185579459
47.12,object_red_01,RED,0.002212393,-0.250942237,0.0600833615,4.77919846e-06,-0.000973082365,-5.37489025e-16,-1.05833857e-08,4.75836611e-08,7.99429104e-06,0.600000007,0.599999987,1,0.000312669511,-0.00223769304,-0.0115691215,0.0018557968
47.16,object_red_01,RED,0.00221258527,-0.250981821,0.0600833615,4.83081715e-06,-0.00100461839,-6.94516331e-16,-1.07414676e-08,4.82944111e-08,8.11370008e-06,0.600000005,0.599999989,1,0.000312526635,-0.00223769313,-0.0115691215,0.00185579903
47.2,object_red_01,RED,0.0022127795,-0.251022677,0.0600833615,4.87751129e-06,-0.00103661787,-8.01580404e-16,-1.08965547e-08,4.8991684e-08,8.2308457e-06,0.600000005,0.599999989,1,0.000312381653,-0.00223769322,-0.0115691215,0.00185580129
47.24,object_red_01,RED,0.00221297548,-0.251064821,0.0600833615,4.91834019e-06,-0.00106903999,-9.51470105e-16,-1.10552639e-08,4.97052554e-08,8.35072927e-06,0.600000004,0.599999991,1,0.000312234638,-0.0022376933,-0.0115691215,0.00185580359
47.28,object_red_01,RED,0.00221317296,-0.251108271,0.0600833615,4.95318435e-06,-0.00110190206,-5.41057828e-16,-1.12099883e-08,5.04009097e-08,8.46760286e-06,0.600000002,0.599999992,1,0.000312085588,-0.00223769336,-0.0115691215,0.00185580592
47.32,object_red_01,RED,0.00221337171,-0.251153045,0.0600833615,4.9816688e-06,-0.00113518959,-6.83809924e-16,-1.1363487e-08,5.10910512e-08,8.58355015e-06,0.600000001,0.599999993,1,0.000311934533,-0.00223769342,-0.0115691215,0.00185580828
47.36,object_red_01,RED,0.00221357146,-0.251199159,0.0600833615,5.0037772e-06,-0.00116890556,-7.6589238e-16,-1.15174618e-08,5.17833323e-08,8.69985641e-06,0.599999999,0.599999995,1,0.000311781454,-0.00223769346,-0.0115691215,0.00185581067
47.4,object_red_01,RED,0.00221377197,-0.251246631,0.0600833615,5.01955243e-06,-0.00120306327,-9.01506871e-16,-1.167073e-08,5.24724364e-08,8.81562949e-06,0.599999999,0.599999995,1,0.000311626324,-0.00223769349,-0.0115691215,0.00185581309
47.44,object_red_01,RED,0.00221397295,-0.251295478,0.0600833615,5.0278638e-06,-0.00123762252,-4.87525791e-16,-1.18239243e-08,5.31612107e-08,8.93134696e-06,0.599999997,0.599999997,1,0.000311469249,-0.0022376935,-0.0115691215,0.00185581554
47.48,object_red_01,RED,0.00221417411,-0.251345716,0.0600833615,5.02912773e-06,-0.00127261363,-5.55333037e-16,-1.19729568e-08,5.38312726e-08,9.04392043e-06,0.599999996,0.599999998,1,0.000311310174,-0.0022376935,-0.0115691215,0.00185581803
47.52,object_red_01,RED,0.00221437517,-0.251397363,0.0600833615,5.02286153e-06,-0.00130801224,-7.69461182e-16,-1.21229582e-08,5.45056852e-08,9.15722553e-06,0.599999994,0.6,1,0.000311149139,-0.00223769349,-0.0115691215,0.00185582054
47.56,object_red_01,RED,0.00221457582,-0.251450434,0.0600833615,5.00920523e-06,-0.00134383169,-8.69387649e-16,-1.22746345e-08,5.51876335e-08,9.27179622e-06,0.599999992,0.600000002,1,0.000310986101,-0.00223769347,-0.0115691215,0.00185582308
47.6,object_red_01,RED,0.00221477576,-0.251504947,0.0600833615,4.98751568e-06,-0.00138006127,-4.69681779e-16,-1.2422673e-08,5.5853226e-08,9.38361898e-06,0.599999991,0.600000003,1,0.000310821122,-0.00223769342,-0.0115691215,0.00185582566
47.64,object_red_01,RED,0.00221497466,-0.251560917,0.0600833615,4.95739826e-06,-0.00141668194,-5.87452259e-16,-1.25708359e-08,5.65193833e-08,9.49553654e-06,0.599999989,0.600000005,1,0.000310654234,-0.00223769337,-0.0115691215,0.00185582826
47.68,object_red_01,RED,0.00221517218,-0.251618361,0.0600833615,4.91939798e-06,-0.00145372758,-6.98085134e-16,-1.27149156e-08,5.71671737e-08,9.60436836e-06,0.599999988,0.600000006,1,0.000310485373,-0.00223769329,-0.0115691215,0.0018558309
47.72,object_red_01,RED,0.00221536801,-0.251677295,0.0600833615,4.87289688e-06,-0.00149116266,-8.37268428e-16,-1.28637724e-08,5.78364382e-08,9.71680854e-06,0.599999986,0.600000008,1,0.000310314582,-0.0022376932,-0.0115691215,0.00185583356
47.76,object_red_01,RED,0.0022155618,-0.251737734,0.0600833615,4.81768092e-06,-0.00152899847,-9.69314117e-16,-1.30090873e-08,5.84897894e-08,9.82657463e-06,0.599999984,0.60000001,1,0.00031014188,-0.0022376931,-0.0115691215,0.00185583626
47.8,object_red_01,RED,0.00221575319,-0.251799696,0.0600833615,4.7534814e-06,-0.00156722347,-5.66039444e-16,-1.31520589e-08,5.91326014e-08,9.93457001e-06,0.599999983,0.600000011,1,0.000309967292,-0.00223769297,-0.0115691215,0.00185583899
47.84,object_red_01,RED,0.00221594182,-0.251863194,0.0600833615,4.68026646e-06,-0.00160583182,-7.15929146e-16,-1.32955867e-08,5.97779108e-08,1.00429852e-05,0.59999998,0.600000014,1,0.000309790822,-0.00223769283,-0.0115691215,0.00185584174
47.88,object_red_01,RED,0.00221612734,-0.251928246,0.0600833615,4.59861989e-06,-0.00164485579,-8.08718008e-16,-1.34376925e-08,6.04168292e-08,1.01503268e-05,0.599999979,0.600000014,1,0.000309612388,-0.00223769268,-0.0115691215,0.00185584453
47.92,object_red_01,RED,0.0022163094,-0.251994866,0.0600833615,4.50727595e-06,-0.00168423869,-9.69314117e-16,-1.35812248e-08,6.10621565e-08,1.02587451e-05,0.599999976,0.600000017,1,0.000309432133,-0.0022376925,-0.0115691215,0.00185584735
47.96,object_red_01,RED,0.00221648761,-0.252063069,0.0600833615,4.4067712e-06,-0.00172401492,-5.55333037e-16,-1.37195887e-08,6.16842535e-08,1.03632607e-05,0.599999975,0.600000018,1,0.000309249997,-0.00223769231,-0.0115691215,0.0018558502
48,object_red_01,RED,0.0022166616,-0.252132872,0.0600833615,4.29679907e-06,-0.00176415813,-6.40984295e-16,-1.38582517e-08,6.23076919e-08,1.04680012e-05,0.599999973,0.60000002,1,0.000309066029,-0.0022376921,-0.0115691215,0.00185585308
48.04,object_red_01,RED,0.00221683101,-0.252204288,0.0600833615,4.17787027e-06,-0.00180468796,-8.05149206e-16,-1.39986623e-08,6.29389895e-08,1.05740623e-05,0.599999971,0.600000022,1,0.000308880159,-0.00223769188,-0.0115691215,0.001855856
48.08,object_red_01,RED,0.00221699546,-0.252277333,0.0600833615,4.04954474e-06,-0.00184559302,-9.3005729e-16,-1.41358739e-08,6.35558994e-08,1.06777061e-05,0.59999997,0.600000023,1,0.00030869245,-0.00223769163,-0.0115691215,0.00185585894
48.12,object_red_01,RED,0.00221715458,-0.252352022,0.0600833615,3.91143361e-06,-0.00188684684,-4.80388187e-16,-1.42729128e-08,6.41720337e-08,1.07812199e-05,0.599999967,0.600000026,1,0.000308502955,-0.00223769137,-0.0115691215,0.00185586192
48.16,object_red_01,RED,0.00221730798,-0.252428369,0.0600833615,3.76435753e-06,-0.00192848588,-6.12433876e-16,-1.44048552e-08,6.47652564e-08,1.08808838e-05,0.599999966,0.600000027,1,0.000308311606,-0.00223769109,-0.0115691215,0.00185586493
48.2,object_red_01,RED,0.0022174553,-0.252506389,0.0600833615,3.60811582e-06,-0.00197047936,-7.6589238e-16,-1.45410099e-08,6.53774152e-08,1.098373e-05,0.599999964,0.600000029,1,0.000308118432,-0.00223769079,-0.0115691215,0.00185586798
48.24,object_red_01,RED,0.00221759618,-0.252586097,0.0600833615,3.44276133e-06,-0.00201283501,-8.76525254e-16,-1.46752456e-08,6.59809506e-08,1.10851267e-05,0.599999962,0.600000031,1,0.000307923444,-0.00223769047,-0.0115691215,0.00185587106
48.28,object_red_01,RED,0.00221773025,-0.252667506,0.0600833615,3.2682115e-06,-0.00205554318,-4.69681779e-16,-1.48055335e-08,6.65667386e-08,1.11835418e-05,0.599999961,0.600000032,1,0.00030772668,-0.00223769014,-0.0115691215,0.00185587417
48.32,object_red_01,RED,0.00221785716,-0.25275063,0.0600833615,3.08464066e-06,-0.00209858956,-6.01727469e-16,-1.49366677e-08,6.71563225e-08,1.12825952e-05,0.599999957,0.600000035,1,0.000307528156,-0.00223768979,-0.0115691215,0.00185587732
48.36,object_red_01,RED,0.00221797655,-0.252835485,0.0600833615,2.89320065e-06,-0.00214202065,-7.40910763e-16,-1.50637368e-08,6.77276345e-08,1.13785782e-05,0.599999957,0.600000035,1,0.000307327765,-0.00223768943,-0.0115691215,0.00185588051
48.4,object_red_01,RED,0.0022180881,-0.252922083,0.0600833615,2.69298175e-06,-0.00218577085,-8.69387649e-16,-1.51948529e-08,6.83171446e-08,1.14776191e-05,0.599999955,0.600000037,1,0.000307125645,-0.00223768905,-0.0115691215,0.00185588374
48.44,object_red_01,RED,0.00221819147,-0.253010439,0.0600833615,2.48469742e-06,-0.00222987416,-5.3035142e-16,-1.53195136e-08,6.88776244e-08,1.15717825e-05,0.599999953,0.600000039,1,0.000306921755,-0.00223768865,-0.0115691215,0.001855887
48.48,object_red_01,RED,0.00221828635,-0.253100566,0.0600833615,2.26850351e-06,-0.00227430648,-5.91021061e-16,-1.54433595e-08,6.94344471e-08,1.16653314e-05,0.599999952,0.60000004,1,0.000306716136,-0.00223768824,-0.0115691215,0.0018558903
48.52,object_red_01,RED,0.00221837242,-0.253192477,0.0600833615,2.04526531e-06,-0.00231908277,-7.62323577e-16,-1.55680188e-08,6.99949274e-08,1.17594948e-05,0.59999995,0.600000042,1,0.00030650873,-0.00223768782,-0.0115691215,0.00185589365
48.56,object_red_01,RED,0.00221844943,-0.253286187,0.0600833615,1.81532981e-06,-0.00236420429,-8.44406033e-16,-1.56901027e-08,7.05438223e-08,1.18517116e-05,0.599999949,0.600000042,1,0.000306299553,-0.00223768738,-0.0115691215,0.00185589704
48.6,object_red_01,RED,0.00221851709,-0.253381708,0.0600833615,1.57838763e-06,-0.00240963092,-4.98232199e-16,-1.58117709e-08,7.10908522e-08,1.19436156e-05,0.599999947,0.600000044,1,0.000306088702,-0.00223768693,-0.0115691215,0.00185590047
48.64,object_red_01,RED,0.00221857515,-0.253479054,0.0600833615,1.33580399e-06,-0.00245540354,-6.08865073e-16,-1.59267183e-08,7.16076604e-08,1.20304422e-05,0.599999947,0.600000045,1,0.000305876096,-0.00223768647,-0.0115691215,0.00185590394
48.68,object_red_01,RED,0.00221862338,-0.253578236,0.0600833615,1.08789426e-06,-0.00250149,-7.76598787e-16,-1.60442544e-08,7.21361163e-08,1.21192253e-05,0.599999946,0.600000046,1,0.000305661774,-0.002237686,-0.0115691215,0.00185590746
48.72,object_red_01,RED,0.00221866162,-0.25367927,0.0600833615,8.35508441e-07,-0.00254790313,-8.87231661e-16,-1.61617937e-08,7.26645772e-08,1.22080092e-05,0.599999944,0.600000047,1,0.000305445708,-0.00223768552,-0.0115691215,0.00185591104
48.76,object_red_01,RED,0.00221868966,-0.253782166,0.0600833615,5.78902821e-07,-0.00259463166,-4.94663396e-16,-1.62734084e-08,7.31664065e-08,1.22923192e-05,0.599999944,0.600000047,1,0.000305227959,-0.00223768504,-0.0115691215,0.00185591466
48.8,object_red_01,RED,0.00221870736,-0.253886938,0.0600833615,3.18755851e-07,-0.00264165581,-5.87452259e-16,-1.63853485e-08,7.36696953e-08,1.2376874e-05,0.599999942,0.600000049,1,0.000305008551,-0.00223768455,-0.0115691215,0.00185591833
48.84,object_red_01,RED,0.00221871462,-0.253993598,0.0600833615,5.68560129e-08,-0.00268902371,-7.48048367e-16,-1.64902338e-08,7.41412721e-08,1.24561013e-05,0.599999943,0.600000048,1,0.00030478738,-0.00223768405,-0.0115691215,0.00185592206
48.88,object_red_01,RED,0.00221871136,-0.254102158,0.0600833615,-2.06726254e-07,-0.00273667674,-8.65818847e-16,-1.66013534e-08,7.46408738e-08,1.25400371e-05,0.599999943,0.600000049,1,0.000304564542,-0.00223768356,-0.0115691215,0.00185592584
48.92,object_red_01,RED,0.00221869755,-0.254212632,0.0600833615,-4.70930314e-07,-0.00278464114,-4.66112977e-16,-1.67047377e-08,7.51056945e-08,1.26181291e-05,0.599999942,0.600000049,1,0.000304340028,-0.00223768306,-0.0115691215,0.00185592969
48.96,object_red_01,RED,0.00221867316,-0.25432503,0.0600833615,-7.34856723e-07,-0.00283289737,-6.05296271e-16,-1.6805172e-08,7.55572542e-08,1.26939932e-05,0.599999943,0.600000048,1,0.000304113871,-0.00223768256,-0.0115691215,0.00185593359
49,object_red_01,RED,0.00221863825,-0.254439364,0.0600833615,-9.97057076e-07,-0.00288144994,-7.19497948e-16,-1.69052224e-08,7.60070876e-08,1.27695675e-05,0.599999942,0.600000048,1,0.000303886038,-0.00223768207,-0.0115691215,0.00185593756
49.04,object_red_01,RED,0.00221859292,-0.254555648,0.0600833615,-1.25586431e-06,-0.00293032122,-8.33699625e-16,-1.70018424e-08,7.64415019e-08,1.28425513e-05,0.599999944,0.600000047,1,0.000303656476,-0.00223768159,-0.0115691215,0.0018559416
49.08,object_red_01,RED,0.00221853731,-0.254673891,0.0600833615,-1.51126326e-06,-0.00297945289,-9.62176512e-16,-1.7098557e-08,7.6876337e-08,1.29156055e-05,0.599999944,0.600000047,1,0.000303425331,-0.00223768111,-0.0115691215,0.00185594571
49.12,object_red_01,RED,0.0022184716,-0.254794107,0.0600833615,-1.76105308e-06,-0.00302889002,-5.55333037e-16,-1.71858585e-08,7.72688468e-08,1.29815495e-05,0.599999946,0.600000045,1,0.000303192517,-0.00223768065,-0.0115691215,0.00185594989
49.16,object_red_01,RED,0.00221839602,-0.254916305,0.0600833615,-2.00407936e-06,-0.00307859877,-6.481219e-16,-1.72734728e-08,7.76627717e-08,1.30477303e-05,0.599999947,0.600000043,1,0.000302958083,-0.0022376802,-0.0115691215,0.00185595415
49.2,object_red_01,RED,0.00221831091,-0.255040498,0.0600833615,-2.23821734e-06,-0.00312859986,-7.87305194e-16,-1.73617601e-08,7.80597142e-08,1.31144187e-05,0.599999948,0.600000042,1,0.000302721955,-0.00223767977,-0.0115691215,0.00185595848
49.24,object_red_01,RED,0.00221821664,-0.255166697,0.0600833615,-2.46250019e-06,-0.00317887919,-9.19350883e-16,-1.74422268e-08,7.84214994e-08,1.31752006e-05,0.599999951,0.600000039,1,0.000302484215,-0.00223767935,-0.0115691215,0.00185596291
49.28,object_red_01,RED,0.00221811362,-0.255294913,0.0600833615,-2.67548916e-06,-0.00322941059,-4.94663396e-16,-1.75220326e-08,7.87803083e-08,1.32354823e-05,0.599999952,0.600000038,1,0.000302244899,-0.00223767897,-0.0115691215,0.00185596741
49.32,object_red_01,RED,0.00221800238,-0.255425155,0.0600833615,-2.87435403e-06,-0.00328024241,-6.55259505e-16,-1.75908138e-08,7.90895583e-08,1.32874379e-05,0.599999956,0.600000033,1,0.000302003912,-0.00223767861,-0.0115691215,0.00185597202
49.36,object_red_01,RED,0.0022178835,-0.255557437,0.0600833615,-3.05759091e-06,-0.0033313271,-7.80167589e-16,-1.7666189e-08,7.94284475e-08,1.33443728e-05,0.599999959,0.600000031,1,0.0003017613,-0.00223767828,-0.0115691215,0.00185597672
49.4,object_red_01,RED,0.00221775766,-0.255691768,0.0600833615,-3.22332301e-06,-0.0033826807,-9.05075674e-16,-1.77333622e-08,7.97304637e-08,1.33951131e-05,0.599999962,0.600000027,1,0.000301517081,-0.00223767798,-0.0115691215,0.00185598151
49.44,object_red_01,RED,0.00221762558,-0.255828158,0.0600833615,-3.3696227e-06,-0.0034342889,-4.73250582e-16,-1.77941157e-08,8.00036123e-08,1.34410036e-05,0.599999967,0.600000022,1,0.000301271286,-0.00223767773,-0.0115691215,0.00185598642
49.48,object_red_01,RED,0.00221748811,-0.255966617,0.0600833615,-3.49406625e-06,-0.00348614354,-5.73177049e-16,-1.78536496e-08,8.02712913e-08,1.34859749e-05,0.59999997,0.600000019,1,0.000301023909,-0.00223767752,-0.0115691215,0.00185599143
49.52,object_red_01,RED,0.00221734618,-0.256107158,0.0600833615,-3.59312579e-06,-0.00353829158,-7.5161717e-16,-1.79047392e-08,8.05009845e-08,1.35245647e-05,0.599999976,0.600000013,1,0.00030077483,-0.00223767736,-0.0115691215,0.00185599657
49.56,object_red_01,RED,0.00221720083,-0.256249788,0.0600833615,-3.66597492e-06,-0.00359065548,-8.15855613e-16,-1.79584356e-08,8.07424105e-08,1.35651251e-05,0.599999981,0.600000008,1,0.000300524232,-0.00223767726,-0.0115691215,0.00185600182
49.6,object_red_01,RED,0.00221705318,-0.256394519,0.0600833615,-3.70924268e-06,-0.00364328318,-9.65745315e-16,-1.79986742e-08,8.09233274e-08,1.35955202e-05,0.599999987,0.600000002,1,0.00030027203,-0.00223767721,-0.0115691215,0.0018560072
49.64,object_red_01,RED,0.00221690446,-0.256541359,0.0600833615,-3.72049575e-06,-0.00369614013,-5.3035142e-16,-1.80367305e-08,8.10944293e-08,1.36242658e-05,0.599999994,0.599999995,1,0.00030001828,-0.00223767723,-0.0115691215,0.00185601271
49.68,object_red_01,RED,0.00221675604,-0.256690319,0.0600833615,-3.695872e-06,-0.00374925364,-6.58828307e-16,-1.80726774e-08,8.12560479e-08,1.36514188e-05,0.6,0.599999989,1,0.000299762879,-0.00223767731,-0.0115691215,0.00185601836
49.72,object_red_01,RED,0.00221660939,-0.256841409,0.0600833615,-3.63296385e-06,-0.00380261012,-7.6589238e-16,-1.80994574e-08,8.13764553e-08,1.36716475e-05,0.600000009,0.59999998,1,0.000299505901,-0.00223767748,-0.0115691215,0.00185602416
49.76,object_red_01,RED,0.00221646611,-0.256994638,0.0600833615,-3.52936144e-06,-0.00385617432,-8.76525254e-16,-1.8124341e-08,8.14883369e-08,1.36904444e-05,0.600000016,0.599999973,1,0.000299247412,-0.00223767773,-0.0115691215,0.00185603011
49.8,object_red_01,RED,0.0022163279,-0.257150014,0.0600833615,-3.38059262e-06,-0.003909996,-4.44700163e-16,-1.81331582e-08,8.15279744e-08,1.36971037e-05,0.600000026,0.599999962,1,0.000298987312,-0.00223767806,-0.0115691215,0.00185603623
49.84,object_red_01,RED,0.00221619665,-0.257307548,0.0600833615,-3.18339706e-06,-0.00396403494,-5.98158666e-16,-1.81454867e-08,8.15834098e-08,1.37064171e-05,0.600000035,0.599999953,1,0.00029872563,-0.00223767849,-0.0115691215,0.00185604251
49.88,object_red_01,RED,0.00221607437,-0.257467248,0.0600833615,-2.93415019e-06,-0.00401830289,-7.01653936e-16,-1.81503979e-08,8.16054817e-08,1.37101256e-05,0.600000045,0.599999943,1,0.000298462371,-0.00223767903,-0.0115691215,0.00185604896
49.92,object_red_01,RED,0.00221596321,-0.257629124,0.0600833615,-2.62964075e-06,-0.00407278824,-8.44406033e-16,-1.81437686e-08,8.15756771e-08,1.37051182e-05,0.600000057,0.599999931,1,0.000298197578,-0.00223767967,-0.0115691215,0.0018560556
49.96,object_red_01,RED,0.00221586546,-0.257793183,0.0600833615,-2.26593686e-06,-0.00412747255,-9.80020524e-16,-1.81352105e-08,8.15372075e-08,1.36986548e-05,0.600000067,0.599999921,1,0.000297931263,-0.00223768044,-0.0115691215,0.00185606243
50,object_red_01,RED,0.0022157836,-0.257959435,0.0600833615,-1.83722921e-06,-0.00418241729,-5.73177049e-16,-1.8108317e-08,8.14162856e-08,1.36783399e-05,0.600000082,0.599999906,1,0.00029766328,-0.00223768133,-0.0115691215,0.00185606946
50.04,object_red_01,RED,0.0022157203,-0.258127889,0.0600833615,-1.34090624e-06,-0.00423753869,-7.15929146e-16,-1.80882827e-08,8.13262155e-08,1.36632074e-05,0.600000094,0.599999893,1,0.000297393795,-0.00223768235,-0.0115691215,0.0018560767
50.08,object_red_01,RED,0.00221567836,-0.258298552,0.0600833615,-7.72109905e-07,-0.00429288136,-8.05149206e-16,-1.80494924e-08,8.11518049e-08,1.36339054e-05,0.600000109,0.599999878,1,0.000297122749,-0.00223768352,-0.0115691215,0.00185608416
50.12,object_red_01,RED,0.00221566077,-0.258471432,0.0600833615,-1.2653486e-07,-0.00434841548,-4.58975372e-16,-1.8004129e-08,8.0947847e-08,1.35996397e-05,0.600000125,0.599999862,1,0.000296850186,-0.00223768484,-0.0115691215,0.00185609185
50.16,object_red_01,RED,0.00221567072,-0.258646539,0.0600833615,6.01675891e-07,-0.00440415984,-5.66039444e-16,-1.79523625e-08,8.07151054e-08,1.3560538e-05,0.60000014,0.599999847,1,0.000296576026,-0.00223768633,-0.0115691215,0.00185609977
50.2,object_red_01,RED,0.00221571099,-0.25882388,0.0600833615,1.35377388e-06,-0.00446009963,-6.98085134e-16,-1.82259839e-08,8.19453239e-08,1.37672208e-05,0.60000012,0.599999867,1,0.000296300355,-0.00223768787,-0.0115691215,0.00185610783
50.24,object_red_01,RED,0.00221577639,-0.25900346,0.0600833615,1.83815723e-06,-0.00451615475,-7.90873996e-16,-1.89154984e-08,8.5045436e-08,1.42880548e-05,0.600000056,0.599999931,1,0.000296023537,-0.00223768895,-0.0115691215,0.0018561155
50.28,object_red_01,RED,0.00221585525,-0.259185287,0.0600833615,2.06278732e-06,-0.00457243585,-9.3005729e-16,-1.91128912e-08,8.59329249e-08,1.44371578e-05,0.600000021,0.599999966,1,0.000295745303,-0.00223768955,-0.0115691215,0.00185612276
50.32,object_red_01,RED,0.00221594025,-0.25936937,0.0600833615,2.17289526e-06,-0.00462889698,-4.80388187e-16,-1.90602158e-08,8.56960877e-08,1.43973676e-05,0.600000009,0.599999978,1,0.000295465616,-0.0022376899,-0.0115691215,0.00185612986
50.36,object_red_01,RED,0.002216029,-0.259555715,0.0600833615,2.26035381e-06,-0.00468554306,-6.481219e-16,-1.90445135e-08,8.56254955e-08,1.43855079e-05,0.600000008,0.599999979,1,0.000295184437,-0.00223769017,-0.0115691215,0.00185613695
50.4,object_red_01,RED,0.00221612136,-0.259744329,0.0600833615,2.35431842e-06,-0.00474235688,-7.33773158e-16,-1.91361524e-08,8.60375126e-08,1.44547282e-05,0.600000011,0.599999976,1,0.000294901845,-0.00223769044,-0.0115691215,0.00185614411
50.44,object_red_01,RED,0.00221621765,-0.259935219,0.0600833615,2.45602573e-06,-0.00479931459,-8.05149206e-16,-1.93154527e-08,8.68436545e-08,1.45901644e-05,0.60000001,0.599999976,1,0.000294617857,-0.00223769071,-0.0115691215,0.00185615136
50.48,object_red_01,RED,0.0022163181,-0.260128391,0.0600833615,2.56174954e-06,-0.0048564789,-4.62544175e-16,-1.95161605e-08,8.77460565e-08,1.47417724e-05,0.600000012,0.599999974,1,0.000294332335,-0.00223769099,-0.0115691215,0.00185615869
50.52,object_red_01,RED,0.00221642278,-0.260323853,0.0600833615,2.66687241e-06,-0.00491377892,-4.83956989e-16,-1.97415272e-08,8.87593162e-08,1.49120051e-05,0.600000011,0.599999975,1,0.000294045386,-0.00223769127,-0.0115691215,0.00185616611
50.56,object_red_01,RED,0.00221653163,-0.260521611,0.0600833615,2.76954819e-06,-0.00497124777,-6.98085134e-16,-1.99530406e-08,8.9710297e-08,1.50717746e-05,0.60000001,0.599999976,1,0.000293756994,-0.00223769155,-0.0115691215,0.0018561736
50.6,object_red_01,RED,0.00221664451,-0.26072167,0.0600833615,2.86896471e-06,-0.0050288622,-8.01580404e-16,-2.0157282e-08,9.06285797e-08,1.52260506e-05,0.60000001,0.599999975,1,0.000293467195,-0.00223769183,-0.0115691215,0.00185618117
50.64,object_red_01,RED,0.0022167613,-0.260924037,0.0600833615,2.96543558e-06,-0.00508662658,-9.15782081e-16,-2.03580249e-08,9.15311371e-08,1.53776846e-05,0.600000008,0.599999978,1,0.00029317595,-0.0022376921,-0.0115691215,0.00185618882
50.68,object_red_01,RED,0.00221688191,-0.261128718,0.0600833615,3.05963276e-06,-0.00514457125,-5.26782618e-16,-2.05473909e-08,9.23825379e-08,1.55207245e-05,0.600000009,0.599999977,1,0.000292883181,-0.00223769236,-0.0115691215,0.00185619654
50.72,object_red_01,RED,0.00221700619,-0.26133572,0.0600833615,3.14921722e-06,-0.00520262284,-5.94589864e-16,-2.07393293e-08,9.32455119e-08,1.56657081e-05,0.600000007,0.599999978,1,0.000292589072,-0.00223769262,-0.0115691215,0.00185620434
50.76,object_red_01,RED,0.00221713397,-0.261545047,0.0600833615,3.23472892e-06,-0.00526083765,-7.73029984e-16,-2.09095548e-08,9.40108507e-08,1.57942891e-05,0.600000007,0.599999978,1,0.00029229351,-0.00223769287,-0.0115691215,0.00185621222
50.8,object_red_01,RED,0.00221726506,-0.261756705,0.0600833615,3.3154172e-06,-0.00531917404,-9.05075674e-16,-2.10776844e-08,9.47667724e-08,1.59212879e-05,0.600000006,0.599999979,1,0.000291996556,-0.00223769311,-0.0115691215,0.00185622017
50.84,object_red_01,RED,0.0022173993,-0.2619707,0.0600833615,3.39191372e-06,-0.00537765814,-4.87525791e-16,-2.12416779e-08,9.55040991e-08,1.60451619e-05,0.600000004,0.599999981,1,0.000291698112,-0.00223769334,-0.0115691215,0.0018562282
50.88,object_red_01,RED,0.00221753649,-0.262187036,0.0600833615,3.46256424e-06,-0.00543627335,-6.23140283e-16,-2.13885932e-08,9.61646472e-08,1.61561373e-05,0.600000004,0.599999981,1,0.000291398276,-0.00223769357,-0.0115691215,0.0018562363
50.92,object_red_01,RED,0.00221767635,-0.26240572,0.0600833615,3.52634326e-06,-0.00549498721,-7.73029984e-16,-2.15318767e-08,9.68088524e-08,1.62643669e-05,0.600000001,0.599999984,1,0.000291097091,-0.00223769378,-0.0115691215,0.00185624448
50.96,object_red_01,RED,0.00221781864,-0.262626755,0.0600833615,3.58399262e-06,-0.00555385863,-8.97938069e-16,-2.1646666e-08,9.73249567e-08,1.6351075e-05,0.600000001,0.599999983,1,0.00029079444,-0.00223769398,-0.0115691215,0.00185625273
51,object_red_01,RED,0.00221796309,-0.262850148,0.0600833615,3.63480203e-06,-0.00561283079,4.06569654e-17,-2.1767849e-08,9.78698096e-08,1.6442613e-05,0.599999999,0.599999985,1,0.000290490373,-0.00223769416,-0.0115691215,0.00185626106
51.04,object_red_01,RED,0.00221810941,-0.263075902,0.0600833615,3.67773327e-06,-0.0056719229,-6.23140283e-16,-2.18691498e-08,9.83252641e-08,1.65191318e-05,0.599999997,0.599999987,1,0.000290184912,-0.00223769434,-0.0115691215,0.00185626946
51.08,object_red_01,RED,0.00221825726,-0.263304021,0.0600833615,3.71169461e-06,-0.00573111848,-7.3734196e-16,-2.19526381e-08,9.87006291e-08,1.65821948e-05,0.599999996,0.599999988,1,0.000289878089,-0.00223769449,-0.0115691215,0.00185627793
51.12,object_red_01,RED,0.00221840628,-0.263534511,0.0600833615,3.73632108e-06,-0.00579040626,-8.72956452e-16,-2.20270664e-08,9.9035266e-08,1.66384156e-05,0.599999992,0.599999992,1,0.000289569901,-0.00223769463,-0.0115691215,0.00185628647
51.16,object_red_01,RED,0.0022185561,-0.263767375,0.0600833615,3.75257635e-06,-0.00584984492,-4.44700163e-16,-2.20733458e-08,9.92433411e-08,1.66733732e-05,0.599999992,0.599999992,1,0.000289260196,-0.00223769475,-0.0115691215,0.00185629508
51.2,object_red_01,RED,0.00221870635,-0.264002618,0.0600833615,3.75771572e-06,-0.00590934016,-5.98158666e-16,-2.21198656e-08,9.94524959e-08,1.67085123e-05,0.599999989,0.599999995,1,0.000288949193,-0.00223769485,-0.0115691215,0.00185630377
51.24,object_red_01,RED,0.00221885657,-0.264240243,0.0600833615,3.75156533e-06,-0.00596894984,-7.44479565e-16,-2.21323547e-08,9.95086469e-08,1.67179458e-05,0.599999987,0.599999996,1,0.000288636792,-0.00223769493,-0.0115691215,0.00185631252
51.28,object_red_01,RED,0.00221900629,-0.264480254,0.0600833615,3.73310674e-06,-0.00602863276,-8.72956452e-16,-2.21314147e-08,9.95044197e-08,1.67172357e-05,0.599999985,0.599999998,1,0.000288323055,-0.00223769499,-0.0115691215,0.00185632134
51.32,object_red_01,RED,0.00221915502,-0.264722654,0.0600833615,3.70292345e-06,-0.00608842111,-5.16076211e-16,-2.21132356e-08,9.94226949e-08,1.67035054e-05,0.599999981,0.600000002,1,0.000288007861,-0.00223769502,-0.0115691215,0.00185633023
51.36,object_red_01,RED,0.00221930227,-0.264967449,0.0600833615,3.65942471e-06,-0.00614829999,-5.73177049e-16,-2.20680603e-08,9.92195781e-08,1.6669381e-05,0.59999998,0.600000003,1,0.000287691292,-0.00223769503,-0.0115691215,0.00185633919
51.4,object_red_01,RED,0.00221944747,-0.265214639,0.0600833615,3.60072699e-06,-0.00620822655,-7.5161717e-16,-2.20095968e-08,9.89567199e-08,1.66252191e-05,0.599999975,0.600000008,1,0.00028737343,-0.00223769501,-0.0115691215,0.00185634821
51.44,object_red_01,RED,0.00221959,-0.265464228,0.0600833615,3.52714509e-06,-0.00626826001,-8.2656202e-16,-2.19082617e-08,9.85011087e-08,1.65486746e-05,0.599999974,0.600000009,1,0.000287054154,-0.00223769496,-0.0115691215,0.0018563573
51.48,object_red_01,RED,0.00221972926,-0.26571622,0.0600833615,3.43789148e-06,-0.00632835219,-4.51837767e-16,-2.17979984e-08,9.80053584e-08,1.64653862e-05,0.59999997,0.600000013,1,0.000286733501,-0.00223769488,-0.0115691215,0.00185636645
51.52,object_red_01,RED,0.00221986461,-0.265970618,0.0600833615,3.33202146e-06,-0.00638851779,-5.33920223e-16,-2.1660666e-08,9.7387907e-08,1.63616511e-05,0.599999966,0.600000016,1,0.000286411473,-0.00223769477,-0.0115691215,0.00185637567
51.56,object_red_01,RED,0.00221999534,-0.266227423,0.0600833615,3.20765966e-06,-0.00644874345,-7.55185972e-16,-2.14888188e-08,9.66152672e-08,1.62318439e-05,0.599999963,0.600000019,1,0.000286088119,-0.00223769462,-0.0115691215,0.00185638494
51.6,object_red_01,RED,0.0022201207,-0.266486638,0.0600833615,3.06392083e-06,-0.00650900661,-8.47974835e-16,-2.12976028e-08,9.57555487e-08,1.60874068e-05,0.599999958,0.600000025,1,0.000285763457,-0.00223769443,-0.0115691215,0.00185639427
51.64,object_red_01,RED,0.00222023991,-0.266748266,0.0600833615,2.90142952e-06,-0.00656937873,-4.94663396e-16,-2.10549946e-08,9.46647609e-08,1.5904149e-05,0.599999956,0.600000027,1,0.000285437316,-0.00223769421,-0.0115691215,0.00185640367
51.68,object_red_01,RED,0.00222035218,-0.267012309,0.0600833615,2.71784546e-06,-0.00662976293,-5.23213816e-16,-2.08065486e-08,9.35477314e-08,1.57164825e-05,0.59999995,0.600000032,1,0.000285109888,-0.00223769395,-0.0115691215,0.00185641311
51.72,object_red_01,RED,0.00222045665,-0.267278769,0.0600833615,2.51192136e-06,-0.00669021063,-7.05222739e-16,-2.05082149e-08,9.22064023e-08,1.54911326e-05,0.599999946,0.600000036,1,0.000284781106,-0.00223769364,-0.0115691215,0.00185642262
51.76,object_red_01,RED,0.00222055281,-0.267547647,0.0600833615,2.32446473e-06,-0.00675070604,-7.80167589e-16,-2.00905578e-08,9.03285742e-08,1.51756486e-05,0.599999966,0.600000015,1,0.000284450953,-0.00223769337,-0.0115691215,0.00185643225
51.8,object_red_01,RED,0.002220645,-0.267818947,0.0600833615,2.31951245e-06,-0.00681127131,-9.443325e-16,-1.98644159e-08,8.93118309e-08,1.50048307e-05,0.600000004,0.599999977,1,0.000284119217,-0.00223769341,-0.0115691215,0.00185644231
51.84,object_red_01,RED,0.00222074067,-0.268092671,0.0600833615,2.47400004e-06,-0.00687188625,-1.02641496e-15,-2.01304665e-08,9.05080162e-08,1.52057954e-05,0.600000027,0.599999954,1,0.000283786018,-0.00223769375,-0.0115691215,0.00185645277
51.88,object_red_01,RED,0.0022208441,-0.268368819,0.0600833615,2.69040676e-06,-0.0069324925,-6.30277888e-16,-2.06267403e-08,9.27392973e-08,1.5580662e-05,0.600000031,0.59999995,1,0.000283451538,-0.00223769423,-0.0115691215,0.00185646347
51.92,object_red_01,RED,0.00222095638,-0.268647393,0.0600833615,2.91086787e-06,-0.00699315911,-7.58754775e-16,-2.10828916e-08,9.47901849e-08,1.59252209e-05,0.60000003,0.599999951,1,0.00028311565,-0.00223769475,-0.0115691215,0.00185647431
51.96,object_red_01,RED,0.00222107717,-0.268928393,0.0600833615,3.11585633e-06,-0.00705384025,-8.44406033e-16,-2.1467021e-08,9.65172644e-08,1.62153788e-05,0.600000026,0.599999954,1,0.000282778407,-0.00223769525,-0.0115691215,0.00185648524
52,object_red_01,RED,0.00222120583,-0.269211821,0.0600833615,3.30516639e-06,-0.00711455569,-5.33920223e-16,-2.17857485e-08,9.79502842e-08,1.64561334e-05,0.600000022,0.599999958,1,0.000282439755,-0.00223769573,-0.0115691215,0.00185649624
52.04,object_red_01,RED,0.00222134176,-0.269497679,0.0600833615,3.48018729e-06,-0.00717528918,-6.19571481e-16,-2.20529905e-08,9.91518194e-08,1.6657997e-05,0.600000021,0.599999959,1,0.000282099784,-0.00223769617,-0.0115691215,0.00185650733
52.08,object_red_01,RED,0.00222148442,-0.269785966,0.0600833615,3.64243674e-06,-0.00723601007,-7.3734196e-16,-2.23075635e-08,1.00296396e-07,1.68502917e-05,0.600000017,0.599999963,1,0.000281758525,-0.0022376966,-0.0115691215,0.00185651849
52.12,object_red_01,RED,0.00222163332,-0.270076682,0.0600833615,3.79347746e-06,-0.00729678765,-8.37268428e-16,-2.25155884e-08,1.01231695e-07,1.70074266e-05,0.600000016,0.599999964,1,0.000281415827,-0.002237697,-0.0115691215,0.00185652973
52.16,object_red_01,RED,0.00222178802,-0.27036983,0.0600833615,3.93218331e-06,-0.0073575401,-4.30424953e-16,-2.27361594e-08,1.02223396e-07,1.71740371e-05,0.600000013,0.599999967,1,0.000281071808,-0.00223769738,-0.0115691215,0.00185654106
52.2,object_red_01,RED,0.00222194797,-0.270665407,0.0600833615,4.05663762e-06,-0.00741830473,-5.23213816e-16,-2.29199681e-08,1.03049817e-07,1.73128802e-05,0.60000001,0.59999997,1,0.000280726453,-0.00223769772,-0.0115691215,0.00185655246
52.24,object_red_01,RED,0.00222211257,-0.270963415,0.0600833615,4.16532574e-06,-0.0074790557,-7.08791541e-16,-2.30801315e-08,1.03769921e-07,1.74338612e-05,0.600000007,0.599999972,1,0.000280379801,-0.00223769804,-0.0115691215,0.00185656394
52.28,object_red_01,RED,0.00222228118,-0.271263853,0.0600833615,4.25789055e-06,-0.00753979615,-8.05149206e-16,-2.32206619e-08,1.04401758e-07,1.75400127e-05,0.600000003,0.599999977,1,0.000280031805,-0.00223769833,-0.0115691215,0.0018565755
52.32,object_red_01,RED,0.00222245316,-0.271566721,0.0600833615,4.33460469e-06,-0.00760056345,-9.76451722e-16,-2.33230624e-08,1.04862153e-07,1.76173616e-05,0.600000001,0.599999979,1,0.000279682369,-0.00223769858,-0.0115691215,0.00185658714
52.36,object_red_01,RED,0.00222262782,-0.271872019,0.0600833615,4.3920411e-06,-0.00766127277,-5.3035142e-16,-2.34189411e-08,1.05293234e-07,1.76897852e-05,0.599999996,0.599999983,1,0.000279331701,-0.0022376988,-0.0115691215,0.00185659884
52.4,object_red_01,RED,0.00222280436,-0.272179745,0.0600833615,4.42966727e-06,-0.00772198872,-6.05296271e-16,-2.3460782e-08,1.05481354e-07,1.772139e-05,0.599999992,0.599999986,1,0.00027897967,-0.00223769898,-0.0115691215,0.00185661062
52.44,object_red_01,RED,0.00222298196,-0.272489898,0.0600833615,4.44623744e-06,-0.00778266375,-7.98011601e-16,-2.34830209e-08,1.05581342e-07,1.77381886e-05,0.599999988,0.59999999,1,0.000278626343,-0.00223769911,-0.0115691215,0.00185662247
52.48,object_red_01,RED,0.0022231598,-0.272802479,0.0600833615,4.4421143e-06,-0.00784332779,-8.87231661e-16,-2.34792927e-08,1.05564576e-07,1.77353722e-05,0.599999983,0.599999995,1,0.000278271603,-0.00223769921,-0.0115691215,0.00185663439
52.52,object_red_01,RED,0.00222333699,-0.273117486,0.0600833615,4.4144424e-06,-0.00790396323,-4.76819384e-16,-2.34311694e-08,1.05348216e-07,1.76990225e-05,0.599999979,0.599999999,1,0.000277915558,-0.00223769926,-0.0115691215,0.00185664637
52.56,object_red_01,RED,0.00222351253,-0.273434916,0.0600833615,4.36126115e-06,-0.00796453247,-5.80314654e-16,-2.33622563e-08,1.05038372e-07,1.76469671e-05,0.599999973,0.600000005,1,0.000277558256,-0.00223769926,-0.0115691215,0.00185665842
52.6,object_red_01,RED,0.00222368541,-0.27375477,0.0600833615,4.28236584e-06,-0.00802510198,-7.48048367e-16,-2.32249667e-08,1.04421115e-07,1.7543265e-05,0.599999969,0.600000009,1,0.000277199561,-0.00223769921,-0.0115691215,0.00185667053
52.64,object_red_01,RED,0.00222385458,-0.274077044,0.0600833615,4.17695903e-06,-0.00808560836,-8.33699625e-16,-2.30796524e-08,1.03767768e-07,1.74334993e-05,0.599999963,0.600000015,1,0.000276839526,-0.0022376991,-0.0115691215,0.00185668271
52.68,object_red_01,RED,0.00222401894,-0.274401739,0.0600833615,4.04274412e-06,-0.00814607329,-9.80020524e-16,-2.28842797e-08,1.02889354e-07,1.72859215e-05,0.599999957,0.600000021,1,0.000276478172,-0.00223769894,-0.0115691215,0.00185669494
52.72,object_red_01,RED,0.00222417729,-0.27472885,0.0600833615,3.87745236e-06,-0.0082064792,-4.87525791e-16,-2.26413717e-08,1.01797227e-07,1.71024385e-05,0.599999951,0.600000026,1,0.000276115532,-0.00223769872,-0.0115691215,0.00185670723
52.76,object_red_01,RED,0.00222432835,-0.275058377,0.0600833615,3.67997379e-06,-0.00826681159,-6.6239711e-16,-2.23655715e-08,1.00557207e-07,1.68941092e-05,0.599999944,0.600000034,1,0.000275751602,-0.00223769844,-0.0115691215,0.00185671957
52.8,object_red_01,RED,0.00222447084,-0.275390316,0.0600833615,3.45054144e-06,-0.00832713844,-7.80167589e-16,-2.20176851e-08,9.89930856e-08,1.66313291e-05,0.599999938,0.600000039,1,0.000275386206,-0.00223769809,-0.0115691215,0.00185673196
52.84,object_red_01,RED,0.00222460342,-0.275724667,0.0600833615,3.18574093e-06,-0.00838735322,-8.69387649e-16,-2.16552159e-08,9.73633967e-08,1.63575334e-05,0.59999993,0.600000046,1,0.000275019588,-0.00223769767,-0.0115691215,0.00185674441
52.88,object_red_01,RED,0.00222472463,-0.276061424,0.0600833615,2.88442869e-06,-0.00844750554,-4.94663396e-16,-2.12039711e-08,9.5334566e-08,1.60166798e-05,0.599999926,0.60000005,1,0.000274651712,-0.00223769719,-0.0115691215,0.0018567569
52.92,object_red_01,RED,0.00222483513,-0.276400588,0.0600833615,2.69348977e-06,-0.00850764579,-5.91021061e-16,-2.05436612e-08,9.23657682e-08,1.55179069e-05,0.599999975,0.600000002,1,0.000274282179,-0.00223769688,-0.0115691215,0.0018567697
52.96,object_red_01,RED,0.00222494385,-0.276742155,0.0600833615,2.77973241e-06,-0.00856771266,-7.40910763e-16,-2.04266297e-08,9.18395847e-08,1.54295054e-05,0.600000022,0.599999954,1,0.000273911132,-0.00223769706,-0.0115691215,0.00185678312
53,object_red_01,RED,0.00222506019,-0.277086124,0.0600833615,3.04122379e-06,-0.00862769563,-8.19424416e-16,-2.08975631e-08,9.39569392e-08,1.57852313e-05,0.600000044,0.599999932,1,0.000273538697,-0.00223769758,-0.0115691215,0.001856797
53.04,object_red_01,RED,0.00222518831,-0.277432489,0.0600833615,3.35013218e-06,-0.00868755613,-4.62544175e-16,-2.15507725e-08,9.68938148e-08,1.6278641e-05,0.600000044,0.599999931,1,0.000273164986,-0.00223769823,-0.0115691215,0.00185681113
53.08,object_red_01,RED,0.00222532857,-0.277781248,0.0600833615,3.64274464e-06,-0.00874736831,-6.37415493e-16,-2.2078647e-08,9.92671773e-08,1.6677378e-05,0.600000039,0.599999936,1,0.00027278986,-0.00223769889,-0.0115691215,0.0018568254
53.12,object_red_01,RED,0.00222547984,-0.278132396,0.0600833615,3.90295415e-06,-0.00880707853,-7.40910763e-16,-2.24960727e-08,1.01143953e-07,1.69926856e-05,0.600000032,0.599999943,1,0.000272413365,-0.0022376995,-0.0115691215,0.00185683974
53.16,object_red_01,RED,0.00222564089,-0.278485932,0.0600833615,4.13304791e-06,-0.0088667023,-8.51543637e-16,-2.2813942e-08,1.02573118e-07,1.72327923e-05,0.600000026,0.599999948,1,0.0002720355,-0.00223770005,-0.0115691215,0.00185685416
53.2,object_red_01,RED,0.00222581056,-0.27884185,0.0600833615,4.33603412e-06,-0.00892622371,-4.44700163e-16,-2.30626021e-08,1.0369111e-07,1.74206206e-05,0.600000022,0.599999953,1,0.000271656329,-0.00223770056,-0.0115691215,0.00185686864
53.24,object_red_01,RED,0.00222598782,-0.279200147,0.0600833615,4.51406719e-06,-0.00898561568,-5.62470642e-16,-2.32904668e-08,1.04715607e-07,1.75927408e-05,0.600000016,0.599999958,1,0.000271275869,-0.00223770101,-0.0115691215,0.0018568832
53.28,object_red_01,RED,0.0022261717,-0.279560818,0.0600833615,4.66840552e-06,-0.00904495642,-7.26635553e-16,-2.34448019e-08,1.05409505e-07,1.77093197e-05,0.600000012,0.599999962,1,0.000270893937,-0.00223770141,-0.0115691215,0.00185689785
53.32,object_red_01,RED,0.00222636123,-0.27992386,0.0600833615,4.79689532e-06,-0.00910414028,-8.15855613e-16,-2.36106095e-08,1.06154989e-07,1.78345642e-05,0.600000006,0.599999968,1,0.000270510733,-0.00223770176,-0.0115691215,0.00185691257
53.36,object_red_01,RED,0.0022265553,-0.280289266,0.0600833615,4.89657762e-06,-0.00916322402,-9.62176512e-16,-2.37113933e-08,1.06608119e-07,1.79106924e-05,0.600000001,0.599999973,1,0.000270126185,-0.00223770205,-0.0115691215,0.00185692736
53.4,object_red_01,RED,0.00222675271,-0.280657034,0.0600833615,4.96553171e-06,-0.00922217061,-5.26782618e-16,-2.37773669e-08,1.06904741e-07,1.79605262e-05,0.599999995,0.599999979,1,0.000269740344,-0.00223770229,-0.0115691215,0.00185694223
53.44,object_red_01,RED,0.00222695223,-0.281027156,0.0600833615,5.00337571e-06,-0.00928099942,-6.69534714e-16,-2.3803846e-08,1.07023797e-07,1.79805283e-05,0.599999988,0.599999985,1,0.000269353116,-0.00223770246,-0.0115691215,0.00185695716
53.48,object_red_01,RED,0.0022271526,-0.28139963,0.0600833615,5.00897232e-06,-0.00933972224,-7.6589238e-16,-2.37731178e-08,1.06885634e-07,1.79573162e-05,0.599999982,0.599999991,1,0.000268964489,-0.00223770256,-0.0115691215,0.00185697216
53.52,object_red_01,RED,0.00222735244,-0.281774449,0.0600833615,4.97846803e-06,-0.00939826978,-9.05075674e-16,-2.37220427e-08,1.06656002e-07,1.79187372e-05,0.599999974,0.599999999,1,0.000268574623,-0.0022377026,-0.0115691215,0.00185698722
53.56,object_red_01,RED,0.00222755028,-0.282151607,0.0600833615,4.91053559e-06,-0.00945671047,-4.48268965e-16,-2.35849738e-08,1.06039728e-07,1.78152e-05,0.599999967,0.600000006,1,0.000268183373,-0.00223770256,-0.0115691215,0.00185700234
53.6,object_red_01,RED,0.00222774459,-0.2825311,0.0600833615,4.80393595e-06,-0.00951499159,-6.05296271e-16,-2.34182924e-08,1.05290313e-07,1.76892949e-05,0.599999959,0.600000013,1,0.000267790798,-0.00223770244,-0.0115691215,0.00185701752
53.64,object_red_01,RED,0.00222793382,-0.282912921,0.0600833615,4.65798475e-06,-0.00957313647,-7.55185972e-16,-2.32053253e-08,1.04332805e-07,1.75284282e-05,0.599999951,0.600000022,1,0.000267396826,-0.00223770225,-0.0115691215,0.00185703276
53.68,object_red_01,RED,0.00222811631,-0.283297065,0.0600833615,4.46864965e-06,-0.00963113039,-8.69387649e-16,-2.29231963e-08,1.03064331e-07,1.73153183e-05,0.599999942,0.60000003,1,0.000267001547,-0.00223770197,-0.0115691215,0.00185704805
53.72,object_red_01,RED,0.00222829028,-0.283683525,0.0600833615,4.23382999e-06,-0.00968893975,-4.80388187e-16,-2.26052906e-08,1.01635008e-07,1.70751849e-05,0.599999933,0.600000039,1,0.000266604989,-0.0022377016,-0.0115691215,0.00185706338
53.76,object_red_01,RED,0.00222845388,-0.284072295,0.0600833615,3.95248561e-06,-0.00974663997,-6.05296271e-16,-2.21810805e-08,9.97277213e-08,1.67547518e-05,0.599999924,0.600000048,1,0.000266206989,-0.00223770114,-0.0115691215,0.00185707876
53.8,object_red_01,RED,0.00222860523,-0.284463368,0.0600833615,3.62350693e-06,-0.00980414303,-7.5161717e-16,-2.17463189e-08,9.77730038e-08,1.64263494e-05,0.599999914,0.600000057,1,0.000265807667,-0.00223770058,-0.0115691215,0.00185709419
53.84,object_red_01,RED,0.00222874244,-0.284856739,0.0600833615,3.25658288e-06,-0.00986149984,-8.47974835e-16,-2.11463039e-08,9.50752982e-08,1.59731213e-05,0.599999918,0.600000053,1,0.000265406994,-0.00223769995,-0.0115691215,0.00185710968
53.88,object_red_01,RED,0.00222886818,-0.285252401,0.0600833615,3.09704056e-06,-0.00991872579,-4.5540657e-16,-2.03568896e-08,9.15260298e-08,1.53768267e-05,0.599999985,0.599999986,1,0.000265004666,-0.00223769966,-0.0115691215,0.00185712567
53.92,object_red_01,RED,0.00222899469,-0.285650348,0.0600833615,3.2644447e-06,-0.00997576149,-5.48195432e-16,-2.03626343e-08,9.15518614e-08,1.53811664e-05,0.600000037,0.599999934,1,0.000264600819,-0.00223769993,-0.0115691215,0.00185714237
53.96,object_red_01,RED,0.0022291322,-0.286050574,0.0600833615,3.60900381e-06,-0.0100326426,-7.3734196e-16,-2.09689782e-08,9.42780204e-08,1.5839175e-05,0.600000056,0.599999915,1,0.000264195449,-0.00223770057,-0.0115691215,0.00185715958
54,object_red_01,RED,0.00222928449,-0.28645307,0.0600833615,3.98396224e-06,-0.0100892912,-8.37268428e-16,-2.1719839e-08,9.76539509e-08,1.64063478e-05,0.600000052,0.599999918,1,0.000263788796,-0.00223770133,-0.0115691215,0.00185717706
54.04,object_red_01,RED,0.00222945111,-0.286857829,0.0600833615,4.3219227e-06,-0.0101457861,-9.55038907e-16,-2.22788707e-08,1.00167396e-07,1.68286188e-05,0.600000043,0.599999927,1,0.000263380711,-0.00223770206,-0.0115691215,0.00185719465
54.08,object_red_01,RED,0.00222963018,-0.287264842,0.0600833615,4.6091827e-06,-0.0102020756,-4.94663396e-16,-2.26783704e-08,1.01963577e-07,1.71303861e-05,0.600000033,0.599999936,1,0.000262971268,-0.00223770271,-0.0115691215,0.00185721231
54.12,object_red_01,RED,0.0022298198,-0.287674105,0.0600833615,4.85301558e-06,-0.010258189,-6.481219e-16,-2.29624712e-08,1.0324091e-07,1.73449847e-05,0.600000025,0.599999944,1,0.000262560349,-0.00223770327,-0.0115691215,0.00185723004
54.16,object_red_01,RED,0.00223001835,-0.288085607,0.0600833615,5.05755198e-06,-0.0103141071,-7.44479565e-16,-2.31582276e-08,1.04121047e-07,1.74928522e-05,0.600000018,0.599999951,1,0.000262148072,-0.00223770376,-0.0115691215,0.00185724783
54.2,object_red_01,RED,0.00223022428,-0.288499342,0.0600833615,5.22420692e-06,-0.0103697869,-8.72956452e-16,-2.33313519e-08,1.04899427e-07,1.76236238e-05,0.60000001,0.599999959,1,0.000261734495,-0.00223770417,-0.0115691215,0.0018572657
54.24,object_red_01,RED,0.00223043607,-0.288915299,0.0600833615,5.35266735e-06,-0.0104252997,-4.73250582e-16,-2.34079055e-08,1.05243618e-07,1.76814492e-05,0.600000003,0.599999966,1,0.000261319469,-0.0022377045,-0.0115691215,0.00185728364
54.28,object_red_01,RED,0.0022306522,-0.289333473,0.0600833615,5.44255386e-06,-0.0104805773,-6.05296271e-16,-2.3484462e-08,1.05587815e-07,1.77392762e-05,0.599999995,0.599999974,1,0.00026090305,-0.00223770475,-0.0115691215,0.00185730165
54.32,object_red_01,RED,0.00223087104,-0.289753853,0.0600833615,5.49002648e-06,-0.0105356439,-8.01580404e-16,-2.3496336e-08,1.056412e-07,1.77482453e-05,0.599999986,0.599999982,1,0.000260485255,-0.00223770492,-0.0115691215,0.00185731974
54.36,object_red_01,RED,0.00223109083,-0.290176431,0.0600833615,5.49149569e-06,-0.0105904817,-8.83662859e-16,-2.34460337e-08,1.05415044e-07,1.77102497e-05,0.599999977,0.599999991,1,0.000260066117,-0.002237705,-0.0115691215,0.00185733788
54.4,object_red_01,RED,0.00223130968,-0.290601198,0.0600833615,5.44535251e-06,-0.0106450732,-4.87525791e-16,-2.33579567e-08,1.05019045e-07,1.76437202e-05,0.599999968,0.6,1,0.000259645632,-0.00223770498,-0.0115691215,0.00185735608
54.44,object_red_01,RED,0.00223152568,-0.291028144,0.0600833615,5.3511077e-06,-0.0106994927,-5.62470642e-16,-2.31626906e-08,1.04141112e-07,1.7496223e-05,0.599999958,0.60000001,1,0.000259223609,-0.00223770487,-0.0115691215,0.00185737435
54.48,object_red_01,RED,0.00223173685,-0.291457262,0.0600833615,5.20565937e-06,-0.0107536261,-6.90947529e-16,-2.29631554e-08,1.0324399e-07,1.73455016e-05,0.599999947,0.60000002,1,0.000258800303,-0.00223770465,-0.0115691215,0.00185739267
54.52,object_red_01,RED,0.00223194105,-0.29188854,0.0600833615,5.00519919e-06,-0.0108075435,-7.48048367e-16,-2.26588254e-08,1.018757e-07,1.71156226e-05,0.599999937,0.600000031,1,0.000258375589,-0.00223770433,-0.0115691215,0.00185741104
54.56,object_red_01,RED,0.00223213605,-0.292321969,0.0600833615,4.7477326e-06,-0.0108611966,-8.94369266e-16,-2.23050936e-08,1.00285298e-07,1.6848427e-05,0.599999925,0.600000042,1,0.000257949538,-0.00223770389,-0.0115691215,0.00185742946
54.6,object_red_01,RED,0.00223231953,-0.29275754,0.0600833615,4.43265035e-06,-0.0109146201,-5.26782618e-16,-2.18839297e-08,9.83917121e-08,1.65302955e-05,0.599999914,0.600000053,1,0.000257522007,-0.00223770334,-0.0115691215,0.00185744792
54.64,object_red_01,RED,0.00223248915,-0.293195242,0.0600833615,4.05677395e-06,-0.0109678025,-6.87378726e-16,-2.13777402e-08,9.61158442e-08,1.61479384e-05,0.599999901,0.600000065,1,0.000257093075,-0.00223770267,-0.0115691215,0.00185746642
54.68,object_red_01,RED,0.0022326426,-0.293635066,0.0600833615,3.64590126e-06,-0.0110207101,-7.76598787e-16,-2.06790678e-08,9.29745695e-08,1.56201886e-05,0.599999914,0.600000052,1,0.000256662792,-0.00223770192,-0.0115691215,0.00185748501
54.72,object_red_01,RED,0.00223278418,-0.294077002,0.0600833615,3.50721076e-06,-0.0110734455,-8.90800464e-16,-1.97758231e-08,8.89135147e-08,1.49379116e-05,0.59999999,0.599999975,1,0.000256230649,-0.00223770162,-0.0115691215,0.00185750422
54.76,object_red_01,RED,0.00223292817,-0.294521042,0.0600833615,3.72859304e-06,-0.0111258835,-4.69681779e-16,-1.98355344e-08,8.91819822e-08,1.49830151e-05,0.600000046,0.599999919,1,0.000255796938,-0.00223770194,-0.0115691215,0.00185752423
54.8,object_red_01,RED,0.00223308547,-0.294967174,0.0600833615,4.1299301e-06,-0.011178042,-5.48195432e-16,-2.0546593e-08,9.23789535e-08,1.55201218e-05,0.600000063,0.599999902,1,0.000255361747,-0.00223770264,-0.0115691215,0.00185754479
54.84,object_red_01,RED,0.00223325959,-0.295415386,0.0600833615,4.54955291e-06,-0.0112299248,-7.08791541e-16,-2.13205701e-08,9.58588059e-08,1.61047543e-05,0.600000057,0.599999908,1,0.00025492514,-0.00223770345,-0.0115691215,0.00185756562
54.88,object_red_01,RED,0.00223344948,-0.295865667,0.0600833615,4.91571797e-06,-0.011281512,-8.4083723e-16,-2.19302426e-08,9.85999346e-08,1.6565278e-05,0.600000045,0.59999992,1,0.000254487125,-0.00223770421,-0.0115691215,0.00185758657
54.92,object_red_01,RED,0.00223365262,-0.296318008,0.0600833615,5.21592657e-06,-0.0113328859,-9.22919686e-16,-2.22610397e-08,1.00087224e-07,1.68151499e-05,0.600000032,0.599999932,1,0.000254047513,-0.00223770486,-0.0115691215,0.00185760759
54.96,object_red_01,RED,0.00223386654,-0.296772396,0.0600833615,5.45865226e-06,-0.0113839334,-5.23213816e-16,-2.25196952e-08,1.01250158e-07,1.70105285e-05,0.600000021,0.599999943,1,0.000253606519,-0.00223770539,-0.0115691215,0.00185762866
55,object_red_01,RED,0.00223408905,-0.297228821,0.0600833615,5.64908845e-06,-0.0114347118,-6.69534714e-16,-2.26534646e-08,1.01851592e-07,1.71115729e-05,0.600000012,0.599999952,1,0.000253164075,-0.00223770583,-0.0115691215,0.0018576498
55.04,object_red_01,RED,0.00223431814,-0.29768727,0.0600833615,5.79008913e-06,-0.0114851814,-7.83736392e-16,-2.27395285e-08,1.02238542e-07,1.71765822e-05,0.600000001,0.599999962,1,0.000252720238,-0.00223770616,-0.0115691215,0.00185767101
55.08,object_red_01,RED,0.00223455183,-0.298147732,0.0600833615,5.88194834e-06,-0.0115353594,-9.08644476e-16,-2.27787231e-08,1.02414764e-07,1.72061881e-05,0.599999993,0.59999997,1,0.000252274914,-0.00223770639,-0.0115691215,0.0018576923
55.12,object_red_01,RED,0.00223478814,-0.298610195,0.0600833615,5.92274017e-06,-0.011585262,-4.66112977e-16,-2.27397059e-08,1.02239337e-07,1.71767155e-05,0.599999981,0.599999982,1,0.00025182808,-0.00223770651,-0.0115691215,0.00185771366
55.16,object_red_01,RED,0.00223502493,-0.299074647,0.0600833615,5.90754456e-06,-0.0116348152,-5.41057828e-16,-2.2684797e-08,1.01992469e-07,1.71352404e-05,0.59999997,0.599999992,1,0.000251379905,-0.00223770653,-0.0115691215,0.00185773508
55.2,object_red_01,RED,0.00223525986,-0.299541076,0.0600833615,5.83273389e-06,-0.0116840916,-7.01653936e-16,-2.25075745e-08,1.01195659e-07,1.70013722e-05,0.599999958,0.600000004,1,0.000250930236,-0.00223770643,-0.0115691215,0.00185775657
55.24,object_red_01,RED,0.00223549053,-0.300009468,0.0600833615,5.6971855e-06,-0.0117330348,-8.08718008e-16,-2.22941557e-08,1.0023612e-07,1.68401652e-05,0.599999946,0.600000016,1,0.000250479134,-0.00223770621,-0.0115691215,0.00185777811
55.28,object_red_01,RED,0.00223571448,-0.300479812,0.0600833615,5.49982764e-06,-0.01178167,-9.15782081e-16,-2.20189716e-08,9.89988743e-08,1.66323015e-05,0.599999934,0.600000028,1,0.00025002652,-0.00223770586,-0.0115691215,0.00185779971
55.32,object_red_01,RED,0.00223592915,-0.300952094,0.0600833615,5.23542074e-06,-0.0118299839,-5.23213816e-16,-2.16516563e-08,9.73473884e-08,1.6354844e-05,0.59999992,0.600000042,1,0.000249572483,-0.00223770539,-0.0115691215,0.00185782137
55.36,object_red_01,RED,0.00223613179,-0.301426302,0.0600833615,4.90136815e-06,-0.0118779396,-6.26709085e-16,-2.12451406e-08,9.55196693e-08,1.60477778e-05,0.599999907,0.600000054,1,0.000249117055,-0.00223770477,-0.0115691215,0.00185784306
55.4,object_red_01,RED,0.00223631955,-0.301902422,0.0600833615,4.49484814e-06,-0.0119256161,-7.69461182e-16,-2.0688701e-08,9.30178756e-08,1.56274645e-05,0.599999892,0.600000069,1,0.000248660064,-0.00223770401,-0.0115691215,0.00185786479
55.44,object_red_01,RED,0.0022364898,-0.302380441,0.0600833615,4.05123823e-06,-0.0119729446,-3.62617707e-16,-1.99384315e-08,8.96446122e-08,1.50607393e-05,0.599999906,0.600000055,1,0.00024820157,-0.00223770317,-0.0115691215,0.00185788664
55.48,object_red_01,RED,0.00223664729,-0.302860348,0.0600833615,3.90287499e-06,-0.0120199985,-4.69681779e-16,-1.89522566e-08,8.52106986e-08,1.43158197e-05,0.599999989,0.599999971,1,0.000247741182,-0.0022377028,-0.0115691215,0.00185790915
55.52,object_red_01,RED,0.0022368074,-0.303342129,0.0600833615,4.14152012e-06,-0.0120666798,-5.98158666e-16,-1.89568801e-08,8.52314857e-08,1.43193119e-05,0.600000048,0.599999912,1,0.000247279193,-0.0022377031,-0.0115691215,0.00185793253
55.56,object_red_01,RED,0.00223698186,-0.30382577,0.0600833615,4.57482582e-06,-0.012112985,-7.62323577e-16,-1.969267e-08,8.85396522e-08,1.48751005e-05,0.600000068,0.599999891,1,0.000246815678,-0.00223770381,-0.0115691215,0.00185795652
55.6,object_red_01,RED,0.00223717449,-0.304311257,0.0600833615,5.02802855e-06,-0.012158981,-8.4083723e-16,-2.04791409e-08,9.20756777e-08,1.54691703e-05,0.60000006,0.599999899,1,0.000246350514,-0.00223770464,-0.0115691215,0.00185798082
55.64,object_red_01,RED,0.00223738406,-0.304798575,0.0600833615,5.41709478e-06,-0.012204581,-4.33993755e-16,-2.11134628e-08,9.4927634e-08,1.5948313e-05,0.600000045,0.599999914,1,0.000245883928,-0.00223770541,-0.0115691215,0.00185800524
55.68,object_red_01,RED,0.00223760744,-0.30528771,0.0600833615,5.72356972e-06,-0.0122498592,-5.5890184e-16,-2.1443564e-08,9.64117978e-08,1.61976599e-05,0.600000029,0.59999993,1,0.000245415771,-0.00223770604,-0.0115691215,0.00185802974
55.72,object_red_01,RED,0.00223784152,-0.305778648,0.0600833615,5.95733117e-06,-0.0122947582,-7.30204355e-16,-2.16316941e-08,9.72576405e-08,1.63397657e-05,0.600000015,0.599999943,1,0.000244946131,-0.00223770653,-0.0115691215,0.00185805428
55.76,object_red_01,RED,0.00223808364,-0.306271375,0.0600833615,6.13058905e-06,-0.0123393072,-7.87305194e-16,-2.1729187e-08,9.76959777e-08,1.64134083e-05,0.600000006,0.599999952,1,0.00024447488,-0.0022377069,-0.0115691215,0.0018580789
55.8,object_red_01,RED,0.00223833147,-0.306765877,0.0600833615,6.24524148e-06,-0.0123834902,-9.72882919e-16,-2.17410591e-08,9.77493551e-08,1.64223763e-05,0.599999992,0.599999966,1,0.000244002135,-0.00223770715,-0.0115691215,0.0018581036
55.84,object_red_01,RED,0.00223858263,-0.307262137,0.0600833615,6.29981396e-06,-0.012427262,-5.19645013e-16,-2.17407247e-08,9.77478504e-08,1.64221236e-05,0.599999982,0.599999976,1,0.000243527952,-0.00223770728,-0.0115691215,0.00185812837
55.88,object_red_01,RED,0.00223883464,-0.307760141,0.0600833615,6.29041678e-06,-0.0124706971,-7.05222739e-16,-2.16029276e-08,9.71283105e-08,1.63180374e-05,0.599999968,0.59999999,1,0.000243052177,-0.00223770728,-0.0115691215,0.00185815322
55.92,object_red_01,RED,0.00223908493,-0.308259873,0.0600833615,6.217159e-06,-0.0125137245,-7.62323577e-16,-2.14666329e-08,9.65155192e-08,1.62150855e-05,0.599999955,0.600000002,1,0.000242574866,-0.00223770715,-0.0115691215,0.00185817814
55.96,object_red_01,RED,0.00223933087,-0.308761319,0.0600833615,6.07486e-06,-0.012556371,-9.19350883e-16,-2.12423564e-08,9.5507152e-08,1.60456752e-05,0.599999942,0.600000015,1,0.000242096031,-0.00223770688,-0.0115691215,0.00185820313
56,object_red_01,RED,0.00223956958,-0.309264463,0.0600833615,5.85895934e-06,-0.0125986192,-4.98232199e-16,-2.09353123e-08,9.41266657e-08,1.58137462e-05,0.599999926,0.600000031,1,0.000241615705,-0.00223770647,-0.0115691215,0.00185822818
56.04,object_red_01,RED,0.00223979807,-0.309769287,0.0600833615,5.5675119e-06,-0.012640449,-6.37415493e-16,-2.05846959e-08,9.25502647e-08,1.55489033e-05,0.599999914,0.600000043,1,0.000241133887,-0.00223770592,-0.0115691215,0.00185825328
56.08,object_red_01,RED,0.00224001327,-0.310275778,0.0600833615,5.19831865e-06,-0.0126819384,-7.26635553e-16,-2.00807821e-08,9.02846279e-08,1.5168265e-05,0.599999896,0.60000006,1,0.000240650377,-0.0022377052,-0.0115691215,0.00185827844
56.12,object_red_01,RED,0.00224021207,-0.310783919,0.0600833615,4.75005002e-06,-0.0127229576,-8.22993218e-16,-1.96050302e-08,8.81456141e-08,1.48088999e-05,0.599999882,0.600000074,1,0.000240165461,-0.00223770433,-0.0115691215,0.00185830365
56.16,object_red_01,RED,0.00224039246,-0.311293693,0.0600833615,4.33490332e-06,-0.0127636684,-4.62544175e-16,-1.85250741e-08,8.32900562e-08,1.39931425e-05,0.599999926,0.60000003,1,0.000239678718,-0.0022377035,-0.0115691215,0.00185832911
56.2,object_red_01,RED,0.00224056403,-0.311805087,0.0600833615,4.318045e-06,-0.0128039552,-5.80314654e-16,-1.77278062e-08,7.97054876e-08,1.33909172e-05,0.600000009,0.599999945,1,0.000239190126,-0.00223770329,-0.0115691215,0.00185835544
56.24,object_red_01,RED,0.00224074305,-0.312318084,0.0600833615,4.65775621e-06,-0.0128438148,-7.08791541e-16,-1.80068295e-08,8.09599908e-08,1.36016799e-05,0.600000062,0.599999892,1,0.000238699778,-0.00223770373,-0.0115691215,0.00185838263
56.28,object_red_01,RED,0.00224093928,-0.312832666,0.0600833615,5.13626497e-06,-0.0128832511,-3.26929683e-16,-1.88058488e-08,8.455244e-08,1.42052292e-05,0.600000068,0.599999886,1,0.000238207818,-0.0022377045,-0.0115691215,0.00185841037
56.32,object_red_01,RED,0.00224115455,-0.313348816,0.0600833615,5.59289581e-06,-0.012922226,-4.44700163e-16,-1.96214943e-08,8.82196431e-08,1.48213372e-05,0.600000057,0.599999897,1,0.000237714341,-0.00223770533,-0.0115691215,0.00185843838
56.36,object_red_01,RED,0.00224138633,-0.313866517,0.0600833615,5.96190617e-06,-0.0129608209,-5.80314654e-16,-2.00909696e-08,9.03304343e-08,1.51759607e-05,0.600000037,0.599999917,1,0.000237219187,-0.00223770604,-0.0115691215,0.0018584665
56.4,object_red_01,RED,0.00224163094,-0.314385752,0.0600833615,6.24043915e-06,-0.0129989724,-7.19497948e-16,-2.03656965e-08,9.1565623e-08,1.53834787e-05,0.60000002,0.599999933,1,0.000236722414,-0.00223770659,-0.0115691215,0.00185849468
56.44,object_red_01,RED,0.00224188501,-0.314906505,0.0600833615,6.44088929e-06,-0.0130366994,-8.2656202e-16,-2.0478421e-08,9.20724552e-08,1.54686286e-05,0.600000007,0.599999946,1,0.000236224011,-0.00223770699,-0.0115691215,0.00185852293
56.48,object_red_01,RED,0.0022421456,-0.315428757,0.0600833615,6.57075994e-06,-0.0130739868,-9.5860771e-16,-2.04804234e-08,9.20814517e-08,1.54701401e-05,0.599999992,0.599999961,1,0.000235724043,-0.00223770724,-0.0115691215,0.00185855126
56.52,object_red_01,RED,0.00224240998,-0.315952491,0.0600833615,6.63413724e-06,-0.0131108023,-4.91094594e-16,-2.04664846e-08,9.20187744e-08,1.54596105e-05,0.599999982,0.59999997,1,0.000235222533,-0.00223770736,-0.0115691215,0.00185857967
56.56,object_red_01,RED,0.00224267545,-0.31647769,0.0600833615,6.62876451e-06,-0.0131472294,-6.40984295e-16,-2.02985191e-08,9.12635933e-08,1.53327362e-05,0.599999966,0.599999987,1,0.000234719286,-0.00223770734,-0.0115691215,0.00185860818
56.6,object_red_01,RED,0.0022429393,-0.317004335,0.0600833615,6.55489485e-06,-0.0131831575,-8.4083723e-16,-2.0171875e-08,9.06941896e-08,1.52370733e-05,0.599999953,0.599999999,1,0.000234214503,-0.00223770718,-0.0115691215,0.00185863678
56.64,object_red_01,RED,0.00224319859,-0.317532408,0.0600833615,6.404116e-06,-0.0132186491,-9.94295734e-16,-1.99220958e-08,8.95711682e-08,1.50484002e-05,0.599999937,0.600000014,1,0.000233708104,-0.00223770687,-0.0115691215,0.00185866545
56.68,object_red_01,RED,0.00224345019,-0.318061891,0.0600833615,6.17349313e-06,-0.013253666,-5.69608247e-16,-1.96125852e-08,8.81795862e-08,1.48146073e-05,0.599999919,0.600000032,1,0.000233200141,-0.00223770641,-0.0115691215,0.0018586942
56.72,object_red_01,RED,0.00224369083,-0.318592765,0.0600833615,5.86111704e-06,-0.0132882229,-6.83809924e-16,-1.92352133e-08,8.64828946e-08,1.4529555e-05,0.599999908,0.600000044,1,0.000232690524,-0.00223770578,-0.0115691215,0.00185872302
56.76,object_red_01,RED,0.00224391724,-0.319125012,0.0600833615,5.46480242e-06,-0.0133223404,-7.55185972e-16,-1.87422253e-08,8.42663855e-08,1.41571703e-05,0.599999887,0.600000064,1,0.00023217922,-0.00223770499,-0.0115691215,0.0018587519
56.8,object_red_01,RED,0.00224412598,-0.319658612,0.0600833615,4.98243297e-06,-0.0133559375,-9.90726931e-16,-1.81994852e-08,8.18261909e-08,1.37472056e-05,0.599999875,0.600000075,1,0.00023166646,-0.00223770403,-0.0115691215,0.00185878086
56.84,object_red_01,RED,0.00224431673,-0.32019355,0.0600833615,4.63589918e-06,-0.0133891748,-4.98232199e-16,-1.69472072e-08,7.61958562e-08,1.28012816e-05,0.599999944,0.600000006,1,0.000231151558,-0.00223770326,-0.0115691215,0.00185881026
56.88,object_red_01,RED,0.00224450263,-0.320729805,0.0600833615,4.72487522e-06,-0.0134219038,-6.481219e-16,-1.63599087e-08,7.35553141e-08,1.23576575e-05,0.600000025,0.599999924,1,0.000230634806,-0.00223770318,-0.0115691215,0.00185884061
56.92,object_red_01,RED,0.00224469947,-0.32126736,0.0600833615,5.12970966e-06,-0.0134541308,-8.12286811e-16,-1.6821821e-08,7.563211e-08,1.27065694e-05,0.600000068,0.599999881,1,0.000230116275,-0.00223770371,-0.0115691215,0.00185887181
56.96,object_red_01,RED,0.00224491509,-0.321806193,0.0600833615,5.626579e-06,-0.0134858629,-8.97938069e-16,-1.76543109e-08,7.93750445e-08,1.33354008e-05,0.600000065,0.599999883,1,0.000229596099,-0.00223770451,-0.0115691215,0.00185890352
57,object_red_01,RED,0.00224514983,-0.322346285,0.0600833615,6.07327784e-06,-0.0135170782,-4.91094594e-16,-1.84167664e-08,8.28031042e-08,1.39113319e-05,0.600000053,0.599999896,1,0.000229074295,-0.0022377053,-0.0115691215,0.00185893547
57.04,object_red_01,RED,0.00224540034,-0.322887616,0.0600833615,6.41771006e-06,-0.0135478623,-6.05296271e-16,-1.87789083e-08,8.44313153e-08,1.41848792e-05,0.600000028,0.59999992,1,0.000228550689,-0.00223770594,-0.0115691215,0.00185896752
57.08,object_red_01,RED,0.00224566258,-0.323430168,0.0600833615,6.66639217e-06,-0.0135781207,-7.48048367e-16,-1.89993154e-08,8.54222777e-08,1.43513659e-05,0.600000012,0.599999936,1,0.000228025407,-0.00223770641,-0.0115691215,0.00185899965
57.12,object_red_01,RED,0.00224593292,-0.323973919,0.0600833615,6.82959589e-06,-0.0136078954,-8.37268428e-16,-1.90246131e-08,8.55360234e-08,1.4370476e-05,0.599999997,0.59999995,1,0.00022749844,-0.00223770671,-0.0115691215,0.00185903186
57.16,object_red_01,RED,0.00224620819,-0.324518851,0.0600833615,6.91725886e-06,-0.013637157,-4.5540657e-16,-1.89682144e-08,8.5282448e-08,1.43278742e-05,0.59999998,0.599999967,1,0.000226969832,-0.00223770686,-0.0115691215,0.00185906417
57.2,object_red_01,RED,0.00224648545,-0.325064943,0.0600833615,6.933213e-06,-0.0136659,-5.16076211e-16,-1.88798017e-08,8.4884938e-08,1.42610903e-05,0.599999971,0.599999976,1,0.000226439549,-0.00223770686,-0.0115691215,0.00185909658
57.24,object_red_01,RED,0.00224676182,-0.325612175,0.0600833615,6.87597944e-06,-0.0136941754,-1.15846064e-15,-1.86711178e-08,8.39466807e-08,1.41034584e-05,0.599999952,0.599999995,1,0.000225907458,-0.00223770671,-0.0115691215,0.0018591291
57.28,object_red_01,RED,0.00224703433,-0.326160525,0.0600833615,6.74254204e-06,-0.0137218858,-7.3734196e-16,-1.849296e-08,8.31456721e-08,1.39688848e-05,0.599999939,0.600000007,1,0.000225373795,-0.00223770641,-0.0115691215,0.00185916173
57.32,object_red_01,RED,0.00224729974,-0.326709974,0.0600833615,6.52442582e-06,-0.0137491064,-8.80094057e-16,-1.81645007e-08,8.1668892e-08,1.37207787e-05,0.599999921,0.600000026,1,0.000224838406,-0.00223770594,-0.0115691215,0.00185919445
57.36,object_red_01,RED,0.00224755463,-0.3272605,0.0600833615,6.22048044e-06,-0.013775783,-5.05369803e-16,-1.78006669e-08,8.00330666e-08,1.34459522e-05,0.599999902,0.600000044,1,0.000224301369,-0.00223770531,-0.0115691215,0.00185922726
57.4,object_red_01,RED,0.00224779552,-0.327812083,0.0600833615,5.82939899e-06,-0.0138019468,-5.80314654e-16,-1.73690403e-08,7.80924475e-08,1.31199182e-05,0.599999889,0.600000056,1,0.000223762547,-0.0022377045,-0.0115691215,0.00185926016
57.44,object_red_01,RED,0.00224801046,-0.328364721,0.0600833615,2.58023882e-06,-0.0138343783,-6.90947529e-16,-9.59060922e-10,4.31201451e-09,7.24439713e-07,0.599993413,0.600006532,1,0.000223206768,-0.002237698,-0.0115691215,0.0018592886
57.48,object_red_01,RED,0.00224253868,-0.328926436,0.0600833615,-0.000395936941,-0.0143508221,-8.58681242e-16,1.56912894e-06,-7.05493707e-06,-0.00118526423,0.599839432,0.600160234,1,0.000220792496,-0.00223696373,-0.0115691215,0.00185870964
57.52,object_red_01,RED,0.00220248704,-0.329520918,0.0600833615,-0.00167219307,-0.015365714,-3.94736929e-16,6.52303021e-06,-2.93282545e-05,-0.00492729019,0.599686517,0.600312711,1,0.000215743569,-0.00223472912,-0.0115691215,0.00185681201
57.56,object_red_01,RED,0.00209911392,-0.330158953,0.0600833615,-0.00343980455,-0.016471568,-5.16076211e-16,1.36366878e-05,-6.13122228e-05,-0.0103007518,0.599646298,0.600352709,1,0.000210007894,-0.00223157834,-0.0115691215,0.00185406326
57.6,object_red_01,RED,0.00192488083,-0.330838602,0.0600833615,-0.0051372758,-0.0174241224,-6.30277888e-16,2.05589493e-05,-9.24355015e-05,-0.0155296146,0.599701901,0.600297125,1,0.000204794996,-0.00222839081,-0.0115691215,0.00185125858
57.64,object_red_01,RED,0.00169105807,-0.331550717,0.0600833615,-0.00640154546,-0.0180952951,-7.30204355e-16,2.56730792e-05,-0.00011542888,-0.0193926171,0.599804945,0.600194271,1,0.000200721483,-0.00222584975,-0.0115691215,0.00184902792
57.68,object_red_01,RED,0.00141849215,-0.332282773,0.0600833615,-0.00709379627,-0.0184335158,-9.05075674e-16,2.83784406e-05,-0.000127591948,-0.0214360763,0.599919703,0.600079789,1,0.000198079094,-0.00222430564,-0.0115691215,0.00184769007
57.72,object_red_01,RED,0.00113057602,-0.333021101,0.0600833615,-0.00720121915,-0.0184256298,-4.94663396e-16,2.86651747e-05,-0.000128880591,-0.0216525789,0.600031662,0.599968138,1,0.000197003659,-0.0022238632,-0.0115691215,0.00184733216
57.76,object_red_01,RED,0.000850226402,-0.33375186,0.0600833615,-0.00674743126,-0.0180728147,-6.19571481e-16,2.66933068e-05,-0.00012001445,-0.0201630271,0.600138463,0.599861657,1,0.000197567432,-0.00222451714,-0.0115691215,0.00184794036
57.8,object_red_01,RED,0.000599526903,-0.33446129,0.0600833615,-0.00574688086,-0.0173764519,-7.55185972e-16,2.25741822e-05,-0.00010149424,-0.0170515426,0.600244511,0.599755938,1,0.000199827023,-0.00222624731,-0.0115691215,0.00184949201
57.84,object_red_01,RED,0.000400367437,-0.335135658,0.0600833615,-0.00419595913,-0.0163363883,-8.5511244e-16,1.63292073e-05,-7.34162955e-05,-0.0123343094,0.600352889,0.599647898,1,0.000203834723,-0.00222905468,-0.0115691215,0.00185199107
57.88,object_red_01,RED,0.000275089284,-0.335761126,0.0600833615,-0.0020779353,-0.0149482968,-4.62544175e-16,7.91233216e-06,-3.55736805e-05,-0.00597656045,0.600463627,0.599537505,1,0.000209645103,-0.00223296592,-0.0115691215,0.00185547268
57.92,object_red_01,RED,0.000246797908,-0.336323651,0.0600833615,0.000627242379,-0.0132056067,-5.76745852e-16,-2.74740411e-06,1.235252e-05,0.00207528463,0.600580492,0.599420987,1,0.000217303453,-0.00223802076,-0.0115691215,0.00185999182
57.96,object_red_01,RED,0.000339345329,-0.336808911,0.0600833615,0.00393634231,-0.0111016231,-6.58828307e-16,-1.57128085e-05,7.06445449e-05,0.0118686445,0.600697813,0.599304,1,0.000226840303,-0.00224426069,-0.0115691215,0.00186561255
58,object_red_01,RED,0.000577203071,-0.337202173,0.0600833615,0.00786382978,-0.00862200061,-8.2656202e-16,-3.10517197e-05,0.000139607244,0.0234547368,0.60082054,0.599181578,1,0.00023827956,-0.00225172945,-0.0115691215,0.00187240787
58.04,object_red_01,RED,0.000985299362,-0.337488152,0.0600833615,0.012418422,-0.00575341635,-9.65745315e-16,-4.88151172e-05,0.000219469665,0.0368720442,0.600943428,0.599058949,1,0.000251619394,-0.00226046568,-0.0115691215,0.00188045308
58.08,object_red_01,RED,0.00158860293,-0.337652839,0.0600833615,0.0175718003,-0.00273219364,-5.37489025e-16,-6.55167091e-05,0.00029456171,0.0494878766,0.601039389,0.598962677,1,0.000266025159,-0.00227042143,-0.0115691215,0.00188977479
58.12,object_red_01,RED,0.00240448718,-0.337720521,0.0600833615,0.0229463677,-0.000924718538,-6.55259505e-16,-6.07969671e-05,0.00027335245,0.0459245286,0.601032072,0.598964451,1,0.000274567783,-0.00228070834,-0.0115691215,0.00189973707
58.16,object_red_01,RED,0.00343055649,-0.337733696,0.0600833615,0.0280110208,0.000132011241,-7.73029984e-16,-4.41648062e-05,0.000198575151,0.0333615546,0.600923421,0.599069079,1,0.000277890639,-0.00229060757,-0.0115691215,0.00190951716
58.2,object_red_01,RED,0.00464505606,-0.337712937,0.0600833615,0.0323559842,0.000827976573,-8.97938069e-16,-2.49386929e-05,0.00011213073,0.0188384822,0.600761278,0.599230659,1,0.000278671563,-0.00229946572,-0.0115691215,0.00191834382
58.24,object_red_01,RED,0.00601485728,-0.337668968,0.0600833615,0.0358095252,0.00131919341,-4.48268965e-16,-7.07432944e-06,3.18082694e-05,0.00534393443,0.600583917,0.599408899,1,0.000278150083,-0.00230681057,-0.0115691215,0.00192570044
58.28,object_red_01,RED,0.00750382271,-0.337608346,0.0600833615,0.0383654473,0.00167511479,-7.05222739e-16,7.5116717e-06,-3.37734436e-05,-0.00567410253,0.600414231,0.59957998,1,0.000276900869,-0.00231247002,-0.0115691215,0.00193139662
58.32,object_red_01,RED,0.00907703922,-0.33753573,0.0600833615,0.0400731245,0.00192697867,-7.73029984e-16,1.76961508e-05,-7.95642442e-05,-0.0133671788,0.600254596,0.599741244,1,0.000275210089,-0.002316446,-0.0115691215,0.00193542596
58.36,object_red_01,RED,0.0107015024,-0.337455047,0.0600833615,0.0409724941,0.00208339125,-8.80094057e-16,2.28308121e-05,-0.0001026496,-0.0172456367,0.600100298,0.599897311,1,0.000273223218,-0.00231878486,-0.0115691215,0.0019378309
58.4,object_red_01,RED,0.0123452107,-0.337370196,0.0600833615,0.0410749388,0.00213857265,-4.91094594e-16,2.255425e-05,-0.000101405185,-0.0170365764,0.599945512,0.600053964,1,0.000271012577,-0.0023195104,-0.0115691215,0.00193863368
58.44,object_red_01,RED,0.0139761327,-0.3372855,0.0600833615,0.0403708151,0.00207867072,-5.83883457e-16,1.66891362e-05,-7.50344538e-05,-0.0126061689,0.599788444,0.600212978,1,0.000268613818,-0.00231861414,-0.0115691215,0.00193782544
58.48,object_red_01,RED,0.0155621074,-0.337206167,0.0600833615,0.0389095208,0.00185798847,-7.58754775e-16,6.98168658e-06,-3.13895077e-05,-0.00527359807,0.599686554,0.600316595,1,0.000265943098,-0.00231618593,-0.0115691215,0.00193550011
58.52,object_red_01,RED,0.0170879286,-0.337140121,0.0600833615,0.0375574679,0.0014617586,-9.01506871e-16,3.93654721e-06,-1.76989368e-05,-0.0029735096,0.59980527,0.600196602,1,0.000262510483,-0.00231362776,-0.0115691215,0.00193307941
58.56,object_red_01,RED,0.0185754634,-0.337088533,0.0600833615,0.0369783764,0.00116008153,-4.73250582e-16,3.50857862e-06,-1.57748071e-05,-0.00265024589,0.599956261,0.600044066,1,0.000259092224,-0.00231216352,-0.0115691215,0.00193175735
58.6,object_red_01,RED,0.020054038,-0.337045462,0.0600833615,0.0370213357,0.00102685947,-5.62470642e-16,2.62078802e-06,-1.17832258e-05,-0.00197964053,0.600043597,0.599956271,1,0.000256194787,-0.0023118428,-0.0115691215,0.00193156101
58.64,object_red_01,RED,0.0215409851,-0.337004654,0.0600833615,0.0373282921,0.00103278562,-2.4841603e-16,1.37269225e-06,-6.17170566e-06,-0.00103687728,0.600065992,0.599933824,1,0.000253867605,-0.0023121921,-0.0115691215,0.00193201268
58.68,object_red_01,RED,0.0230409664,-0.336961366,0.0600833615,0.0376439259,0.00114135868,-8.62250045e-16,3.56944545e-07,-1.60484387e-06,-0.00026962176,0.600054038,0.59994581,1,0.000252064544,-0.00231273892,-0.0115691215,0.00193264038
58.72,object_red_01,RED,0.0245517626,-0.336911882,0.0600833615,0.0378672511,0.00133737659,-4.83956989e-16,-1.90334994e-07,8.5575954e-07,0.000143771846,0.600033813,0.599966095,1,0.000250773396,-0.00231321674,-0.0115691215,0.00193317701
58.76,object_red_01,RED,0.0260694092,-0.336852697,0.0600833615,0.0379950207,0.00162320534,-5.62470642e-16,-3.54760371e-07,1.59502777e-06,0.000267972573,0.600017732,0.59998226,1,0.000250022074,-0.00231354687,-0.0115691215,0.00193354167
58.8,object_red_01,RED,0.0275906742,-0.336780037,0.0600833615,0.0380566641,0.00200782205,-7.55185972e-16,-3.24152807e-07,1.45741434e-06,0.000244852832,0.600007709,0.599992389,1,0.000249852442,-0.00231374658,-0.0115691215,0.00193374907
58.84,object_red_01,RED,0.0291134851,-0.336689765,0.0600833615,0.0380773576,0.00249944891,-8.37268428e-16,-2.4514677e-07,1.10219757e-06,0.000185174654,0.600001245,0.599998975,1,0.00025030138,-0.00231385426,-0.0115691215,0.00193383565
58.88,object_red_01,RED,0.0306365293,-0.336577716,0.0600833615,0.0380727366,0.00308191109,-4.51837767e-16,-1.2718714e-07,5.71842663e-07,9.60724e-05,0.599998441,0.600001887,1,0.000251316461,-0.00231390187,-0.0115691215,0.00193383621
58.92,object_red_01,RED,0.0321593005,-0.336442074,0.0600833615,0.038068217,0.00366497153,-6.05296271e-16,5.81361547e-08,-2.61384326e-07,-4.3913862e-05,0.600000807,0.599999525,1,0.000252448879,-0.00231392973,-0.0115691215,0.00193381223
58.96,object_red_01,RED,0.0336822828,-0.336284175,0.0600833615,0.0380845057,0.00419149259,-7.19497948e-16,2.0118247e-07,-9.04530929e-07,-0.000151965679,0.600005878,0.599994392,1,0.000253305634,-0.00231397544,-0.0115691215,0.00193381915
59,object_red_01,RED,0.0352064999,-0.336106895,0.0600833615,0.0381288806,0.00463527282,-8.76525254e-16,2.6942461e-07,-1.21135241e-06,-0.000203513208,0.600011379,0.599988803,1,0.000253697115,-0.00231406148,-0.0115691215,0.00193388751
59.04,object_red_01,RED,0.036733077,-0.335913847,0.0600833615,0.0382007376,0.00498295878,-5.12507408e-16,2.80054274e-07,-1.25914403e-06,-0.000211542438,0.600016401,0.599983676,1,0.000253530307,-0.00231419469,-0.0115691215,0.00193402804
59.08,object_red_01,RED,0.0382630636,-0.335709056,0.0600833615,0.0382978009,0.00522665739,-5.98158666e-16,2.59986892e-07,-1.16891959e-06,-0.000196384286,0.600021138,0.599978825,1,0.000252754165,-0.0023143746,-0.0115691215,0.00193424273
59.12,object_red_01,RED,0.0397974448,-0.335496786,0.0600833615,0.0384192941,0.005361741,-7.62323577e-16,2.27372167e-07,-1.02228145e-06,-0.000171748351,0.600025819,0.599974023,1,0.000251338384,-0.00231460036,-0.0115691215,0.00193453283
59.16,object_red_01,RED,0.0413372189,-0.335281457,0.0600833615,0.0385665141,0.00538471575,-8.62250045e-16,1.91704608e-07,-8.61917563e-07,-0.000144806424,0.600031029,0.599968687,1,0.000249261265,-0.00231487378,-0.0115691215,0.00193490258
59.2,object_red_01,RED,0.0428834659,-0.335067596,0.0600833615,0.038742023,0.00529368385,-4.94663396e-16,1.52730132e-07,-6.86685546e-07,-0.000115366576,0.600036714,0.599962873,1,0.000246506143,-0.002315199,-0.0115691215,0.001935359
59.24,object_red_01,RED,0.0444373872,-0.334859774,0.0600833615,0.0389495582,0.00509149539,-5.98158666e-16,1.1443319e-07,-5.14499763e-07,-8.64385109e-05,0.600043373,0.599956084,1,0.00024307246,-0.00231558276,-0.0115691215,0.00193591172
59.28,object_red_01,RED,0.0460003093,-0.334661133,0.0600833615,0.0391881584,0.00485640063,-7.90873996e-16,2.78099489e-08,-1.25035473e-07,-2.10065794e-05,0.60004763,0.599951754,1,0.000239285336,-0.00231602499,-0.0115691215,0.00193654724
59.32,object_red_01,RED,0.0475729855,-0.334470911,0.0600833615,0.0394315542,0.00467684837,-8.47974835e-16,-1.07635828e-07,4.83938297e-07,8.13040335e-05,0.600045487,0.599953933,1,0.000235677291,-0.00231648684,-0.0115691215,0.00193719997
59.36,object_red_01,RED,0.0491549681,-0.334286037,0.0600833615,0.0396508118,0.00458809144,-4.66112977e-16,-2.21488343e-07,9.95827263e-07,0.000167303918,0.600038979,0.599960535,1,0.000232523058,-0.00231691906,-0.0115691215,0.00193780441
59.4,object_red_01,RED,0.0507449009,-0.33410251,0.0600833615,0.0398294547,0.00460581297,-5.73177049e-16,-2.82003226e-07,1.26790656e-06,0.000213014588,0.600030357,0.599969275,1,0.000229949526,-0.00231728632,-0.0115691215,0.00193831591
59.44,object_red_01,RED,0.0523410196,-0.333915891,0.0600833615,0.0399620944,0.0047380939,-6.69534714e-16,-2.9367684e-07,1.32039206e-06,0.000221832411,0.600021384,0.59997838,1,0.00022802181,-0.0023175718,-0.0115691215,0.0019387116
59.48,object_red_01,RED,0.0539414666,-0.333721477,0.0600833615,0.040048246,0.00499035121,-8.83662859e-16,-2.78160221e-07,1.25062828e-06,0.00021011175,0.600012442,0.599987462,1,0.000226779986,-0.00231777008,-0.0115691215,0.00193898184
59.52,object_red_01,RED,0.0555443847,-0.333514381,0.0600833615,0.0400878803,0.00536642406,-4.51837767e-16,-2.54778512e-07,1.14550244e-06,0.000192450088,0.60000344,0.599996612,1,0.000226252737,-0.00231787941,-0.0115691215,0.00193912192
59.56,object_red_01,RED,0.0571478892,-0.333289592,0.0600833615,0.0400796008,0.00586908665,-5.80314654e-16,-2.35177215e-07,1.05737361e-06,0.000177644007,0.599993937,0.600006267,1,0.000226461939,-0.0023178972,-0.0115691215,0.00193912738
59.6,object_red_01,RED,0.0587500297,-0.333042079,0.0600833615,0.0400231024,0.00649177027,-7.08791541e-16,-1.93295251e-07,8.69069396e-07,0.000146007965,0.599985844,0.600014508,1,0.000227398972,-0.00231782333,-0.0115691215,0.00193899884
59.64,object_red_01,RED,0.0603493082,-0.332768556,0.0600833615,0.0399446701,0.00714773449,-8.44406033e-16,-1.9852765e-08,8.9259551e-08,1.49960462e-05,0.599985484,0.600014913,1,0.000228674214,-0.00231770524,-0.0115691215,0.00193880711
59.68,object_red_01,RED,0.0619456854,-0.332469732,0.0600833615,0.0398822658,0.00775069072,-9.55038907e-16,1.68080441e-07,-7.55701845e-07,-0.000126961655,0.599991092,0.600009247,1,0.000229737383,-0.00231760922,-0.0115691215,0.00193865032
59.72,object_red_01,RED,0.0635402992,-0.332148593,0.0600833615,0.0398566387,0.00826376126,-5.23213816e-16,2.83302733e-07,-1.27374953e-06,-0.000213996233,0.59999908,0.60000116,1,0.00023030657,-0.00231757515,-0.0115691215,0.00193858392
59.76,object_red_01,RED,0.0651347813,-0.331809161,0.0600833615,0.0398737583,0.00866855017,-6.98085134e-16,3.2155211e-07,-1.44572132e-06,-0.000242888348,0.60000739,0.59999273,1,0.000230246465,-0.0023176193,-0.0115691215,0.0019386314
59.8,object_red_01,RED,0.0667308406,-0.331456005,0.0600833615,0.0399331429,0.00895462468,-7.94442799e-16,3.09496734e-07,-1.39151939e-06,-0.000233782155,0.600015322,0.599984666,1,0.000229485973,-0.00231774449,-0.0115691215,0.0019387997
59.84,object_red_01,RED,0.0683301456,-0.331094022,0.0600833615,0.0400339718,0.00911523466,-9.15782081e-16,2.74556694e-07,-1.23442644e-06,-0.000207389761,0.600023433,0.599976413,1,0.000227982483,-0.00231795012,-0.0115691215,0.0019390915
59.88,object_red_01,RED,0.0699343664,-0.330728315,0.0600833615,0.0401771369,0.00914680297,-4.91094594e-16,2.30048171e-07,-1.03431293e-06,-0.0001737697,0.600031725,0.599967974,1,0.000225709147,-0.00231823714,-0.0115691215,0.00193951102
59.92,object_red_01,RED,0.0715452493,-0.330364109,0.0600833615,0.0403653676,0.00904644241,-5.91021061e-16,1.8258812e-07,-8.20929167e-07,-0.00013792017,0.600040717,0.59995883,1,0.000222645271,-0.00231860971,-0.0115691215,0.00194006634
59.96,object_red_01,RED,0.0731646731,-0.330006581,0.0600833615,0.0406021574,0.008827153,-7.23066751e-16,1.32669585e-07,-5.96491865e-07,-0.000100213591,0.600050041,0.599949357,1,0.000218821182,-0.00231907277,-0.0115691215,0.00194076415
60,object_red_01,RED,0.0747943796,-0.32965846,0.0600833615,0.0408718236,0.00859847989,-8.51543637e-16,1.07431516e-08,-4.83019285e-08,-8.11496369e-06,0.600052539,0.599946802,1,0.00021472911,-0.00231958855,-0.0115691215,0.00194153926
60.04,object_red_01,RED,0.0764348256,-0.329318041,0.0600833615,0.0411325541,0.00844646866,-4.58975372e-16,-1.50051482e-07,6.7464205e-07,0.00011334321,0.600047252,0.599952152,1,0.000210936735,-0.00232008374,-0.0115691215,0.00194228232
60.08,object_red_01,RED,0.0780848716,-0.328981475,0.0600833615,0.0413497127,0.00840348863,-5.69608247e-16,-2.73648424e-07,1.23034266e-06,0.000206703668,0.600036651,0.599962871,1,0.000207712913,-0.00232050156,-0.0115691215,0.00194291653
60.12,object_red_01,RED,0.0797423572,-0.328644084,0.0600833615,0.0415059294,0.00848326816,-6.6239711e-16,-3.31497254e-07,1.49043524e-06,0.000250400509,0.600024156,0.599975509,1,0.000205180778,-0.00232080837,-0.0115691215,0.00194339703
60.16,object_red_01,RED,0.0814047048,-0.328300774,0.0600833615,0.0415958221,0.00869406825,-8.33699625e-16,-3.37118823e-07,1.51571034e-06,0.00025464685,0.600011209,0.599988614,1,0.000203407689,-0.00232098963,-0.0115691215,0.00194370193
60.2,object_red_01,RED,0.0830692408,-0.327946175,0.0600833615,0.0416186714,0.00904152967,-1.00143334e-15,-3.16340799e-07,1.42229091e-06,0.000238951922,0.599998302,0.600001688,1,0.000202437025,-0.00232104104,-0.0115691215,0.00194382183
60.24,object_red_01,RED,0.0847332718,-0.327574739,0.0600833615,0.0415737123,0.00952944697,-5.3035142e-16,-2.90486862e-07,1.30604976e-06,0.000219422833,0.599984942,0.600015221,1,0.000202299046,-0.00232096048,-0.0115691215,0.00194375128
60.28,object_red_01,RED,0.0863940461,-0.327180808,0.0600833615,0.0414591739,0.010158604,-6.76672319e-16,-2.6369329e-07,1.18558396e-06,0.000199183981,0.599971944,0.600028398,1,0.00020301301,-0.00232074517,-0.0115691215,0.00194348596
60.32,object_red_01,RED,0.0880490691,-0.326759613,0.0600833615,0.0412969567,0.0108670684,-7.87305194e-16,-1.08758079e-07,4.88984343e-07,8.21517915e-05,0.599967795,0.600032652,1,0.000204334755,-0.00232044274,-0.0115691215,0.00194309138
60.36,object_red_01,RED,0.0896976023,-0.3263106,0.0600833615,0.0411425498,0.0115380548,-9.40763698e-16,1.21226648e-07,-5.45043792e-07,-9.15700577e-05,0.599973559,0.600026851,1,0.000205591227,-0.00232016656,-0.0115691215,0.00194272837
60.4,object_red_01,RED,0.0913408114,-0.325836546,0.0600833615,0.0410325263,0.0121178669,-5.41057828e-16,2.86991349e-07,-1.2903339e-06,-0.000216782489,0.599984038,0.600016269,1,0.000206367889,-0.00231998158,-0.0115691215,0.00194249015
60.44,object_red_01,RED,0.0929808345,-0.325341686,0.0600833615,0.0409813896,0.0125812608,-6.6239711e-16,3.5827833e-07,-1.61084512e-06,-0.000270629963,0.599995886,0.600004289,1,0.000206469843,-0.00231991334,-0.0115691215,0.00194241505
60.48,object_red_01,RED,0.0946201039,-0.324830993,0.0600833615,0.0409917461,0.0129142027,-7.76598787e-16,3.59201256e-07,-1.61499449e-06,-0.000271327079,0.600007618,0.599992407,1,0.000205797256,-0.00231996745,-0.0115691215,0.0019425155
60.52,object_red_01,RED,0.096261073,-0.324309886,0.0600833615,0.0410633089,0.013107805,-8.44406033e-16,3.23712599e-07,-1.45543487e-06,-0.000244520273,0.600019593,0.599980271,1,0.000204292298,-0.00232014324,-0.0115691215,0.00194279564
60.56,object_red_01,RED,0.0979061989,-0.323784047,0.0600833615,0.0411967962,0.0131574093,-4.80388187e-16,2.72585787e-07,-1.22556507e-06,-0.000205901007,0.600031601,0.599968094,1,0.000201920363,-0.00232044069,-0.0115691215,0.00194325982
60.6,object_red_01,RED,0.0995580146,-0.323259311,0.0600833615,0.0413951685,0.0130596483,-5.76745852e-16,2.17218603e-07,-9.7663026e-07,-0.000164078726,0.60004458,0.599954941,1,0.000198656158,-0.00232086387,-0.0115691215,0.00194391703
60.64,object_red_01,RED,0.10121918,-0.322741368,0.0600833615,0.0416599276,0.0128365181,-7.73029984e-16,1.54507741e-07,-6.94677739e-07,-0.000116709304,0.600056194,0.59994316,1,0.000194558959,-0.00232141117,-0.0115691215,0.00194476562
60.68,object_red_01,RED,0.102891824,-0.322232707,0.0600833615,0.0419580249,0.0126182943,-8.76525254e-16,3.42772018e-09,-1.54112134e-08,-2.58916077e-06,0.600057045,0.599942259,1,0.000190237428,-0.00232199601,-0.0115691215,0.00194567733
60.72,object_red_01,RED,0.104576079,-0.321731003,0.0600833615,0.042233088,0.0124918986,-4.51837767e-16,-1.82014315e-07,8.18349175e-07,0.000137486719,0.600048292,0.599951094,1,0.00018629821,-0.00232251331,-0.0115691215,0.00194650078
60.76,object_red_01,RED,0.106270095,-0.321231844,0.0600833615,0.0424443488,0.0124879126,-5.80314654e-16,-3.17732659e-07,1.42854848e-06,0.000240003228,0.60003347,0.599966056,1,0.000183016561,-0.00232290117,-0.0115691215,0.00194714975
60.8,object_red_01,RED,0.107970848,-0.320730029,0.0600833615,0.0425722574,0.0126196314,-7.40910763e-16,-3.77840641e-07,1.69879842e-06,0.000285406555,0.600016533,0.59998316,1,0.000180520491,-0.00232312696,-0.0115691215,0.001947578
60.84,object_red_01,RED,0.109674846,-0.320219943,0.0600833615,0.0426106678,0.0128954424,-8.33699625e-16,-3.80758079e-07,1.71191557e-06,0.000287610301,0.599999055,0.600000821,1,0.000178882037,-0.0023231776,-0.0115691215,0.00194776359
60.88,object_red_01,RED,0.111378476,-0.319695689,0.0600833615,0.0425582881,0.0133212212,-9.47901302e-16,-3.56502229e-07,1.60285958e-06,0.000269288354,0.599981508,0.60001856,1,0.000178148134,-0.0023230493,-0.0115691215,0.00194769674
60.92,object_red_01,RED,0.113078082,-0.319151189,0.0600833615,0.0424137307,0.0139005929,-5.3035142e-16,-3.2804535e-07,1.47491542e-06,0.000247793101,0.599963262,0.600037006,1,0.000178351443,-0.00232273964,-0.0115691215,0.00194737128
60.96,object_red_01,RED,0.114769995,-0.318580415,0.0600833615,0.0421821006,0.0146181011,-6.3384669e-16,-2.48904513e-07,1.11909278e-06,0.000188013132,0.599950374,0.600050081,1,0.000179456563,-0.00232226194,-0.0115691215,0.00194680368
61,object_red_01,RED,0.11645181,-0.317980096,0.0600833615,0.04192356,0.0153535256,-7.58754775e-16,-5.49315667e-09,2.46977726e-08,4.14934723e-06,0.599951938,0.600048553,1,0.000180885042,-0.00232175781,-0.0115691215,0.0019461838
61.04,object_red_01,RED,0.118123926,-0.317351782,0.0600833615,0.0417031541,0.0160124995,-8.97938069e-16,2.32905993e-07,-1.04716229e-06,-0.000175928453,0.59996333,0.600037073,1,0.000181981532,-0.00232135991,-0.0115691215,0.00194569776
61.08,object_red_01,RED,0.119788646,-0.316699434,0.0600833615,0.0415534961,0.0165565279,-4.87525791e-16,3.69537132e-07,-1.66146565e-06,-0.000279134462,0.599978482,0.600021785,1,0.000182427997,-0.00232111821,-0.0115691215,0.00194542061
61.12,object_red_01,RED,0.121449081,-0.316028118,0.0600833615,0.041485493,0.0169651559,-5.98158666e-16,4.07484322e-07,-1.83207869e-06,-0.0003077983,0.599994618,0.600005488,1,0.000182068715,-0.00232104641,-0.0115691215,0.00194537825
61.16,object_red_01,RED,0.123108548,-0.315343527,0.0600833615,0.0415009515,0.0172260958,-6.94516331e-16,3.83550343e-07,-1.72446965e-06,-0.00028971945,0.600010582,0.599989346,1,0.000180818591,-0.00232114467,-0.0115691215,0.00194557827
61.2,object_red_01,RED,0.124770397,-0.31465174,0.0600833615,0.0416006353,0.0173317413,-8.15855613e-16,3.31527014e-07,-1.490569e-06,-0.000250422981,0.600027283,0.599972457,1,0.000178626678,-0.00232141172,-0.0115691215,0.00194602529
61.24,object_red_01,RED,0.126438038,-0.313959053,0.0600833615,0.0417868396,0.0172786881,-4.51837767e-16,2.68265202e-07,-1.20613937e-06,-0.000202637394,0.600043993,0.599955553,1,0.000175461747,-0.00232184937,-0.0115691215,0.00194672685
61.28,object_red_01,RED,0.128115008,-0.313271756,0.0600833615,0.042061836,0.0170778476,-5.62470642e-16,2.03371215e-07,-9.14371394e-07,-0.000153618927,0.600060196,0.599939155,1,0.000171341622,-0.00232245759,-0.0115691215,0.00194768595
61.32,object_red_01,RED,0.129804249,-0.312593418,0.0600833615,0.0423859247,0.0168593825,-7.01653936e-16,4.73605031e-08,-2.12936075e-07,-3.57743173e-05,0.600062686,0.59993658,1,0.000166834146,-0.00232312177,-0.0115691215,0.00194874366
61.36,object_red_01,RED,0.131506176,-0.311922101,0.0600833615,0.0426861416,0.0167322416,-8.05149206e-16,-1.65629329e-07,7.44681105e-07,0.000125110118,0.600052107,0.599947233,1,0.000162667428,-0.00232368693,-0.0115691215,0.00194968177
61.4,object_red_01,RED,0.133218617,-0.311253248,0.0600833615,0.0429088957,0.0167331669,-9.47901302e-16,-3.32768912e-07,1.49615247e-06,0.000251361034,0.600033952,0.59996554,1,0.00015918554,-0.00232407541,-0.0115691215,0.00195038888
61.44,object_red_01,RED,0.134937824,-0.310581395,0.0600833615,0.0430270236,0.0168768255,-5.33920223e-16,-4.14939501e-07,1.86559747e-06,0.000313429624,0.600012469,0.599987207,1,0.000156543808,-0.00232424997,-0.0115691215,0.00195080977
61.48,object_red_01,RED,0.136659372,-0.30990063,0.0600833615,0.0430308713,0.0171725406,-6.37415493e-16,-4.27662363e-07,1.92280055e-06,0.000323040024,0.599989907,0.600009972,1,0.000154828023,-0.00232419569,-0.0115691215,0.00195091814
61.52,object_red_01,RED,0.138378628,-0.309204731,0.0600833615,0.0429180494,0.0176264727,-7.6589238e-16,-4.03941304e-07,1.81614907e-06,0.000305122045,0.599967309,0.600032786,1,0.00015409288,-0.00232390855,-0.0115691215,0.0019507024
61.56,object_red_01,RED,0.140090889,-0.308487269,0.0600833615,0.0426866877,0.0182430409,-8.83662859e-16,-3.72526531e-07,1.674906e-06,0.00028139251,0.599944166,0.600056154,1,0.000154377069,-0.00232338602,-0.0115691215,0.00195015522
61.6,object_red_01,RED,0.141791537,-0.307742022,0.0600833615,0.0423507949,0.0189937391,-5.01801001e-16,-2.55477669e-07,1.1486463e-06,0.000192978269,0.599929975,0.600070539,1,0.000155595949,-0.00232266435,-0.0115691215,0.00194932108
61.64,object_red_01,RED,0.143478042,-0.306966386,0.0600833615,0.0419967868,0.0197404483,-5.94589864e-16,2.95547973e-08,-1.32880383e-07,-2.23245636e-05,0.599935209,0.600065318,1,0.000157040618,-0.00232195929,-0.0115691215,0.00194848287
61.68,object_red_01,RED,0.14515141,-0.3061626,0.0600833615,0.0416999568,0.0203972078,-7.26635553e-16,2.83020839e-07,-1.27248233e-06,-0.000213783335,0.599950453,0.600049965,1,0.00015806272,-0.00232142347,-0.0115691215,0.0019478536
61.72,object_red_01,RED,0.146814795,-0.305335116,0.0600833615,0.0414964586,0.0209275789,-9.15782081e-16,4.18269889e-07,-1.88057163e-06,-0.000315945354,0.59997016,0.6000301,1,0.000158353678,-0.00232110406,-0.0115691215,0.00194750844
61.76,object_red_01,RED,0.148472236,-0.304489432,0.0600833615,0.0413983909,0.0213118672,-4.83956989e-16,4.47669971e-07,-2.01275622e-06,-0.000338153021,0.599990983,0.600009092,1,0.000157760363,-0.00232100992,-0.0115691215,0.00194747026
61.8,object_red_01,RED,0.150128021,-0.303631672,0.0600833615,0.041408453,0.0215377142,-5.87452259e-16,4.13375608e-07,-1.85856613e-06,-0.000312248324,0.60001211,0.599987765,1,0.000156196913,-0.0023211388,-0.0115691215,0.00194774574
61.84,object_red_01,RED,0.151786509,-0.302768344,0.0600833615,0.0415284213,0.0215978103,-7.80167589e-16,3.50769271e-07,-1.57708352e-06,-0.00026495785,0.600033258,0.599966405,1,0.000153610987,-0.00232148932,-0.0115691215,0.00194834077
61.88,object_red_01,RED,0.153452161,-0.301906156,0.0600833615,0.0417617471,0.0214889189,-8.4083723e-16,2.8003382e-07,-1.25905191e-06,-0.000211526962,0.600056116,0.599943328,1,0.00014997062,-0.0023220645,-0.0115691215,0.00194926535
61.92,object_red_01,RED,0.15512938,-0.301051118,0.0600833615,0.0420930646,0.0212708962,-4.58975372e-16,1.73649353e-07,-7.80739675e-07,-0.000131168137,0.600068083,0.599931175,1,0.000145476973,-0.00232281247,-0.0115691215,0.00195045343
61.96,object_red_01,RED,0.156820459,-0.300204155,0.0600833615,0.0424381902,0.0211022561,-5.66039444e-16,-4.5578565e-08,2.04924508e-07,3.44283329e-05,0.600062729,0.599936524,1,0.000140970801,-0.0023235049,-0.0115691215,0.00195159747
62,object_red_01,RED,0.15852414,-0.299361537,0.0600833615,0.0427158144,0.0210533499,-6.90947529e-16,-2.71899467e-07,1.22247908e-06,0.000205382547,0.600044054,0.59995533,1,0.000137033449,-0.00232399649,-0.0115691215,0.00195249246
62.04,object_red_01,RED,0.160236609,-0.29851795,0.0600833615,0.0428779168,0.0211459451,-8.33699625e-16,-4.17186541e-07,1.87570014e-06,0.000315126924,0.600019087,0.599980486,1,0.000133914752,-0.00232422892,-0.0115691215,0.00195305074
62.08,object_red_01,RED,0.161952732,-0.297667489,0.0600833615,0.0429034367,0.0213909073,-9.05075674e-16,-4.70476272e-07,2.11529483e-06,0.000355380017,0.599991649,0.60000814,1,0.000131737212,-0.00232417828,-0.0115691215,0.00195323175
62.12,object_red_01,RED,0.163666878,-0.296803888,0.0600833615,0.0427857766,0.0217960525,-5.23213816e-16,-4.62370123e-07,2.0788492e-06,0.00034925697,0.59996411,0.600035913,1,0.00013057486,-0.00232383736,-0.0115691215,0.00195301734
62.16,object_red_01,RED,0.165373265,-0.295920602,0.0600833615,0.0425223243,0.0223675689,-1.15489184e-15,-4.30890662e-07,1.93731533e-06,0.000325478578,0.599935146,0.600065122,1,0.00013047985,-0.00232320358,-0.0115691215,0.00195239754
62.2,object_red_01,RED,0.16706607,-0.295011015,0.0600833615,0.0421178324,0.0230964823,-7.58754775e-16,-3.5479831e-07,1.59519895e-06,0.000268001328,0.599912365,0.600088143,1,0.00013144932,-0.00232229169,-0.0115691215,0.00195138707
62.24,object_red_01,RED,0.168741088,-0.294070943,0.0600833615,0.0416573156,0.0238621407,-9.33626093e-16,-7.13254568e-08,3.20684729e-07,5.38766211e-05,0.599912856,0.600087729,1,0.000132922779,-0.00232132652,-0.0115691215,0.00195027035
62.28,object_red_01,RED,0.170398479,-0.293101653,0.0600833615,0.0412470096,0.0245503736,-4.91094594e-16,2.35997758e-07,-1.06106316e-06,-0.000178263867,0.599929076,0.600071415,1,0.000134103207,-0.00232055533,-0.0115691215,0.00194937842
62.32,object_red_01,RED,0.17204156,-0.292107303,0.0600833615,0.0409423999,0.0251161482,-6.83809924e-16,4.25222186e-07,-1.9118298e-06,-0.00032119688,0.599952399,0.600047929,1,0.000134587935,-0.00232005504,-0.0115691215,0.00194882979
62.36,object_red_01,RED,0.173675099,-0.29109333,0.0600833615,0.0407653701,0.0255357522,-7.44479565e-16,4.86915278e-07,-2.18920602e-06,-0.000367797461,0.599978037,0.600022093,1,0.000134180024,-0.00231984003,-0.0115691215,0.00194865913
62.4,object_red_01,RED,0.175304356,-0.290065915,0.0600833615,0.0407221089,0.0257944706,-8.65818847e-16,4.63426966e-07,-2.08360061e-06,-0.000350055232,0.60000384,0.599996072,1,0.000132772123,-0.00231990705,-0.0115691215,0.0019488752
62.44,object_red_01,RED,0.17693474,-0.289031704,0.0600833615,0.0408153512,0.0258828567,-9.3005729e-16,4.00175552e-07,-1.79921766e-06,-0.000302277487,0.600030974,0.599968707,1,0.000130299404,-0.0023202529,-0.0115691215,0.00194948389
62.48,object_red_01,RED,0.178571775,-0.287997603,0.0600833615,0.0410484353,0.0257973818,-5.26782618e-16,3.21768967e-07,-1.44669606e-06,-0.000243052111,0.600058408,0.599941034,1,0.000126722758,-0.00232087887,-0.0115691215,0.00195049459
62.52,object_red_01,RED,0.180220883,-0.286969877,0.0600833615,0.04140178,0.0255953893,-6.08865073e-16,2.07296666e-07,-9.3202033e-07,-0.000156584038,0.600073289,0.599925944,1,0.00012223059,-0.00232171917,-0.0115691215,0.00195182657
62.56,object_red_01,RED,0.181884815,-0.285949581,0.0600833615,0.0417695303,0.0254440621,-8.44406033e-16,-3.43937307e-08,1.5463673e-07,2.59797366e-05,0.600066146,0.599933076,1,0.000117700838,-0.00232247535,-0.0115691215,0.00195308905
62.6,object_red_01,RED,0.183561979,-0.284932876,0.0600833615,0.0420549068,0.0254153056,-9.15782081e-16,-2.86074497e-07,1.28621096e-06,0.000216089821,0.600043479,0.599955884,1,0.00011375355,-0.00232296768,-0.0115691215,0.00195403188
62.64,object_red_01,RED,0.185247779,-0.283914359,0.0600833615,0.0422018715,0.0255296472,-5.5890184e-16,-4.49606937e-07,2.02146448e-06,0.000339616057,0.600013709,0.59998586,1,0.00011065252,-0.00232313508,-0.0115691215,0.00195456009
62.68,object_red_01,RED,0.186936072,-0.282888078,0.0600833615,0.0421854665,0.0257971753,-6.58828307e-16,-5.11565597e-07,2.30003534e-06,0.00038641734,0.599981058,0.600018748,1,0.000108527739,-0.00232295552,-0.0115691215,0.00195463266
62.72,object_red_01,RED,0.188620115,-0.281847734,0.0600833615,0.0419972517,0.0262259442,-7.76598787e-16,-5.05541755e-07,2.27295194e-06,0.000381867192,0.599947421,0.600052642,1,0.000107458806,-0.00232242335,-0.0115691215,0.00195423143
62.76,object_red_01,RED,0.190292969,-0.280786756,0.0600833615,0.0416342558,0.0268213152,-9.08644476e-16,-4.7154503e-07,2.1201003e-06,0.000356187358,0.59991291,0.600087422,1,0.00010749941,-0.00232153775,-0.0115691215,0.00195334745
62.8,object_red_01,RED,0.191947755,-0.279698635,0.0600833615,0.0411118011,0.0275626174,-5.01801001e-16,-3.51593201e-07,1.58078878e-06,0.000265580346,0.599890898,0.60010968,1,0.000108602681,-0.00232034222,-0.0115691215,0.00195202936
62.84,object_red_01,RED,0.193580374,-0.278580268,0.0600833615,0.0405526528,0.0283082395,-6.01727469e-16,-1.61754326e-08,7.27261929e-08,1.22183589e-05,0.599896053,0.600104564,1,0.000110049029,-0.00231917261,-0.0115691215,0.00195069694
62.88,object_red_01,RED,0.195191992,-0.277433822,0.0600833615,0.0400712852,0.028962206,-7.6589238e-16,3.01641025e-07,-1.35620013e-06,-0.00022784834,0.599918013,0.600082481,1,0.000111089641,-0.00231828415,-0.0115691215,0.00194969221
62.92,object_red_01,RED,0.196787045,-0.276263839,0.0600833615,0.0397234758,0.0294871389,-8.33699625e-16,4.79705457e-07,-2.15679051e-06,-0.000362351492,0.599946556,0.60005375,1,0.000111367379,-0.00231773887,-0.0115691215,0.00194911816
62.96,object_red_01,RED,0.198371406,-0.275075965,0.0600833615,0.0395308012,0.0298614658,-4.69681779e-16,5.24868007e-07,-2.35984415e-06,-0.000396465513,0.599977541,0.600022544,1,0.000110702076,-0.00231754225,-0.0115691215,0.0019490012
63,object_red_01,RED,0.199951449,-0.273876542,0.0600833615,0.0395001076,0.0300709867,-5.37489025e-16,4.87242124e-07,-2.19067521e-06,-0.000368044295,0.600008919,0.599990924,1,0.000108990774,-0.00231768797,-0.0115691215,0.00194934824
63.04,object_red_01,RED,0.201533727,-0.272672352,0.0600833615,0.0396348948,0.0301074632,-7.30204355e-16,4.12061984e-07,-1.85265985e-06,-0.000311256041,0.600041914,0.599957674,1,0.000106171724,-0.00231817202,-0.0115691215,0.00195016528
63.08,object_red_01,RED,0.203124927,-0.271470348,0.0600833615,0.0399367248,0.029974952,-7.76598787e-16,3.25519544e-07,-1.46355888e-06,-0.000245885149,0.600071221,0.599928105,1,0.000102226649,-0.00231898929,-0.0115691215,0.00195145394
63.12,object_red_01,RED,0.20473067,-0.270275223,0.0600833615,0.0403340486,0.0297989416,-9.55038907e-16,1.38103857e-07,-6.20924461e-07,-0.00010431839,0.600077075,0.599922098,1,9.76675004e-05,-0.00231991867,-0.0115691215,0.0019529375
63.16,object_red_01,RED,0.206351834,-0.269085366,0.0600833615,0.0406905054,0.0297184656,-5.16076211e-16,-1.50227575e-07,6.75433732e-07,0.000113476216,0.600058926,0.599940318,1,9.33975391e-05,-0.00232060689,-0.0115691215,0.00195415526
63.2,object_red_01,RED,0.20798472,-0.26789598,0.0600833615,0.0409157163,0.0297716418,-6.6239711e-16,-3.92799835e-07,1.76605556e-06,0.000296706093,0.60002805,0.599971386,1,8.98599789e-05,-0.00232092623,-0.0115691215,0.0019549221
63.24,object_red_01,RED,0.209622978,-0.266701445,0.0600833615,0.0409631502,0.0299700213,-7.6589238e-16,-5.23763897e-07,2.35487953e-06,0.000395631436,0.599991148,0.600008529,1,8.72469711e-05,-0.00232083975,-0.0115691215,0.00195517287
63.28,object_red_01,RED,0.211259045,-0.265495782,0.0600833615,0.0408142908,0.0303216175,-8.90800464e-16,-5.5548789e-07,2.49751322e-06,0.000419594601,0.599952853,0.600047092,1,8.56643634e-05,-0.00232033788,-0.0115691215,0.00195488085
63.32,object_red_01,RED,0.212884911,-0.264272702,0.0600833615,0.0404625979,0.0308339057,-4.66112977e-16,-5.3307535e-07,2.396745e-06,0.00040266504,0.599912536,0.600087694,1,8.51839743e-05,-0.00231941935,-0.0115691215,0.00195403297
63.36,object_red_01,RED,0.21449242,-0.263025715,0.0600833615,0.039908561,0.0315066398,-6.08865073e-16,-4.73676034e-07,2.12968168e-06,0.000357797076,0.599876813,0.60012371,1,8.58418729e-05,-0.00231809271,-0.0115691215,0.00195263206
63.4,object_red_01,RED,0.216074886,-0.261749905,0.0600833615,0.0392449608,0.0322433108,-7.98011601e-16,-1.81696363e-07,8.16920581e-07,0.000137246701,0.599871796,0.600128873,1,8.72210677e-05,-0.00231661844,-0.0115691215,0.00195099121
63.44,object_red_01,RED,0.217631426,-0.260445767,0.0600833615,0.0386300512,0.0329137029,-8.4083723e-16,1.96553102e-07,-8.83717096e-07,-0.00014846885,0.599891406,0.600109181,1,8.8437545e-05,-0.00231541351,-0.0115691215,0.00194963912
63.48,object_red_01,RED,0.219166038,-0.259117136,0.0600833615,0.0381513497,0.0334685165,-4.66112977e-16,4.54321147e-07,-2.04266103e-06,-0.000343177172,0.599922556,0.60007785,1,8.90021078e-05,-0.00231460944,-0.0115691215,0.00194876903
63.52,object_red_01,RED,0.220685086,-0.257769193,0.0600833615,0.0378467918,0.033882974,-5.33920223e-16,5.55093796e-07,-2.49574166e-06,-0.000419296967,0.599958127,0.600042051,1,8.8679022e-05,-0.00231422219,-0.0115691215,0.00194842678
63.56,object_red_01,RED,0.222195864,-0.256407924,0.0600833615,0.0377295943,0.0341404863,-7.15929146e-16,5.42423612e-07,-2.43877518e-06,-0.000409726319,0.599994454,0.600005469,1,8.7338369e-05,-0.00231424309,-0.0115691215,0.00194862111
63.6,object_red_01,RED,0.22370599,-0.255039858,0.0600833615,0.037805401,0.034229813,-8.12286811e-16,4.73046554e-07,-2.12685082e-06,-0.000357321482,0.600032982,0.59996667,1,8.49004331e-05,-0.00231466515,-0.0115691215,0.00194935749
63.64,object_red_01,RED,0.225223268,-0.253671818,0.0600833615,0.0380777784,0.0341484753,-9.5860771e-16,3.83082978e-07,-1.72236817e-06,-0.000289366391,0.600070361,0.599929009,1,8.13218086e-05,-0.00231548544,-0.0115691215,0.00195064253
63.68,object_red_01,RED,0.226754816,-0.252309307,0.0600833615,0.0384882127,0.0339893748,-5.48195432e-16,2.13766949e-07,-9.61111021e-07,-0.000161471419,0.600081901,0.599917258,1,7.69415897e-05,-0.00231652002,-0.0115691215,0.00195225393
63.72,object_red_01,RED,0.228302791,-0.250951777,0.0600833615,0.0388760839,0.0339103752,-6.58828307e-16,-8.98058761e-08,4.03773598e-07,6.78359665e-05,0.600065348,0.599933845,1,7.270012e-05,-0.00231731347,-0.0115691215,0.00195361654
63.76,object_red_01,RED,0.229863699,-0.2495948,0.0600833615,0.039127761,0.0339583746,-7.55185972e-16,-3.72074811e-07,1.67287432e-06,0.000281051182,0.600031728,0.599967652,1,6.91269572e-05,-0.00231767847,-0.0115691215,0.00195447067
63.8,object_red_01,RED,0.231430686,-0.248233041,0.0600833615,0.0391832747,0.0341436643,-8.76525254e-16,-5.40039951e-07,2.42805769e-06,0.000407925731,0.599990521,0.600009112,1,6.64435197e-05,-0.00231757088,-0.0115691215,0.00195473832
63.84,object_red_01,RED,0.232995287,-0.246860872,0.0600833615,0.0390172232,0.0344728817,-5.05369803e-16,-5.93759983e-07,2.6695872e-06,0.000448503884,0.599946718,0.6000532,1,6.47667843e-05,-0.0023169825,-0.0115691215,0.00195439156
63.88,object_red_01,RED,0.234548417,-0.245472379,0.0600833615,0.0386203814,0.0349533611,-6.6239711e-16,-5.78657574e-07,2.60168594e-06,0.000437096133,0.599901361,0.600098861,1,6.4175219e-05,-0.00231591433,-0.0115691215,0.00195341779
63.92,object_red_01,RED,0.236080779,-0.24406143,0.0600833615,0.0379917781,0.0355868131,-7.6589238e-16,-5.22783438e-07,2.35047208e-06,0.000394890957,0.599858596,0.600141941,1,6.47148011e-05,-0.002314375,-0.0115691215,0.00195181792
63.96,object_red_01,RED,0.237584567,-0.242623229,0.0600833615,0.0372313073,0.0362849294,-8.5511244e-16,-2.20988121e-07,9.93579295e-07,0.000166926239,0.599853016,0.600147691,1,6.6012069e-05,-0.0023126505,-0.0115691215,0.00194992807
64,object_red_01,RED,0.23905853,-0.241158176,0.0600833615,0.0365215073,0.0369202965,-4.58975372e-16,1.86747842e-07,-8.39631923e-07,-0.000141062323,0.599874139,0.600126489,1,6.71850492e-05,-0.00231124107,-0.0115691215,0.0019483681
64.04,object_red_01,RED,0.240507085,-0.239669917,0.0600833615,0.0359643828,0.0374460136,-5.73177049e-16,4.71206963e-07,-2.11858095e-06,-0.000355932095,0.599909323,0.600091111,1,6.77352822e-05,-0.00231030305,-0.0115691215,0.00194736241
64.08,object_red_01,RED,0.241937411,-0.238163349,0.0600833615,0.0356047018,0.0378390846,-7.26635553e-16,5.86410561e-07,-2.63654413e-06,-0.00044295248,0.599949801,0.600050391,1,6.74236578e-05,-0.00230984989,-0.0115691215,0.00194695745
64.12,object_red_01,RED,0.243357818,-0.236644149,0.0600833615,0.0354592276,0.0380827395,-8.37268428e-16,5.77244189e-07,-2.59533098e-06,-0.00043602847,0.599992076,0.600007843,1,6.61147892e-05,-0.00230986943,-0.0115691215,0.00194716068
64.16,object_red_01,RED,0.244777032,-0.235118549,0.0600833615,0.0355348476,0.0381658828,-4.73250582e-16,5.03154746e-07,-2.26221935e-06,-0.000380064066,0.60003493,0.599964697,1,6.37256089e-05,-0.00231035157,-0.0115691215,0.00194797577
64.2,object_red_01,RED,0.246203989,-0.233593059,0.0600833615,0.0358345093,0.038087732,-5.48195432e-16,4.07585575e-07,-1.83253354e-06,-0.000307874721,0.600077315,0.59992201,1,6.02164522e-05,-0.00231128847,-0.0115691215,0.00194940418
64.24,object_red_01,RED,0.247646373,-0.232072393,0.0600833615,0.0362685435,0.0379601166,-7.08791541e-16,2.02809193e-07,-9.11844081e-07,-0.00015319433,0.600083748,0.599915378,1,5.60186422e-05,-0.0023124009,-0.0115691215,0.00195111217
64.28,object_red_01,RED,0.249105614,-0.230555166,0.0600833615,0.0366541767,0.0379226713,-8.2656202e-16,-1.28620942e-07,5.78288822e-07,9.71553897e-05,0.600062108,0.59993708,1,5.20451772e-05,-0.00231317494,-0.0115691215,0.00195246057
64.32,object_red_01,RED,0.250577066,-0.229036881,0.0600833615,0.0368735622,0.0380082171,-1.51177208e-15,-4.20329038e-07,1.88982867e-06,0.00031750059,0.600022775,0.599976626,1,4.87597129e-05,-0.00231343458,-0.0115691215,0.00195320508
64.36,object_red_01,RED,0.252052689,-0.227512509,0.0600833615,0.0368676001,0.0382212805,-5.19645013e-16,-5.84814704e-07,2.62936815e-06,0.000441746887,0.599976071,0.600023606,1,4.63546447e-05,-0.00231314941,-0.0115691215,0.00195328368
64.4,object_red_01,RED,0.253522869,-0.225976849,0.0600833615,0.0366115891,0.0385671058,-6.481219e-16,-6.31645628e-07,2.83992378e-06,0.000477121273,0.599926072,0.600073913,1,4.49378453e-05,-0.00231231906,-0.0115691215,0.00195267677
64.44,object_red_01,RED,0.254977383,-0.224424447,0.0600833615,0.0360963976,0.0390522571,-7.94442799e-16,-6.10505282e-07,2.74487555e-06,0.000461152697,0.599876584,0.600123729,1,4.45857723e-05,-0.00231094779,-0.0115691215,0.00195137484
64.48,object_red_01,RED,0.256405869,-0.222849717,0.0600833615,0.0353311807,0.0396702645,-8.80094057e-16,-5.10938489e-07,2.29721673e-06,0.000385943791,0.599835123,0.600165514,1,4.53150224e-05,-0.0023090732,-0.0115691215,0.00194941174
64.52,object_red_01,RED,0.257801108,-0.22124939,0.0600833615,0.0344774405,0.0403061171,4.96894129e-18,-1.27797083e-07,5.7458561e-07,9.65332245e-05,0.599839347,0.600161394,1,4.6559117e-05,-0.0023071708,-0.0115691215,0.00194734352
64.56,object_red_01,RED,0.259163768,-0.219625072,0.0600833615,0.0337192632,0.0408657271,-6.12433876e-16,2.8649694e-07,-1.28811129e-06,-0.000216409078,0.599868331,0.600132283,1,4.75285489e-05,-0.00230571762,-0.0115691215,0.0019457611
64.6,object_red_01,RED,0.26049986,-0.217980564,0.0600833615,0.0331495235,0.0413175031,-7.5161717e-16,5.42095566e-07,-2.4373012e-06,-0.000409478678,0.599909808,0.600090583,1,4.78311562e-05,-0.00230481739,-0.0115691215,0.00194482574
64.64,object_red_01,RED,0.261817872,-0.216320587,0.0600833615,0.0328077273,0.0416426438,-8.69387649e-16,6.24450891e-07,-2.80757605e-06,-0.000471686691,0.599955585,0.600044536,1,4.72686447e-05,-0.00230446563,-0.0115691215,0.00194456273
64.68,object_red_01,RED,0.263127287,-0.214650538,0.0600833615,0.0327090736,0.0418260845,-4.58975372e-16,5.91659596e-07,-2.66014358e-06,-0.000446917309,0.600004108,0.599995716,1,4.57223996e-05,-0.00230464489,-0.0115691215,0.00194497354
64.72,object_red_01,RED,0.264437985,-0.212976296,0.0600833615,0.032860164,0.0418590604,-5.87452259e-16,5.01719607e-07,-2.25576679e-06,-0.000378980006,0.600051449,0.599948061,1,4.31190002e-05,-0.00230534415,-0.0115691215,0.00194606053
64.76,object_red_01,RED,0.265759898,-0.211303726,0.0600833615,0.033246306,0.041763326,-7.15929146e-16,3.8111637e-07,-1.71352593e-06,-0.000287880855,0.600088206,0.599910994,1,3.94951867e-05,-0.00230650472,-0.0115691215,0.00194776372
64.8,object_red_01,RED,0.267099286,-0.209634945,0.0600833615,0.0336930878,0.0416941313,-8.08718008e-16,8.83815527e-08,-3.97369331e-07,-6.67600208e-05,0.600079745,0.599919356,1,3.55837122e-05,-0.00230758573,-0.0115691215,0.00194943923
64.84,object_red_01,RED,0.268454501,-0.20796679,0.0600833615,0.0340213366,0.0417307231,-9.19350883e-16,-2.67033814e-07,1.20060262e-06,0.000201707196,0.600045599,0.599953649,1,3.21154029e-05,-0.00230815215,-0.0115691215,0.00195054365
64.88,object_red_01,RED,0.269818518,-0.206294786,0.0600833615,0.0341329158,0.0418807107,-5.08938606e-16,-5.27581688e-07,2.37204415e-06,0.000398515182,0.599998037,0.60000147,1,2.93881896e-05,-0.00230811215,-0.0115691215,0.00195093697
64.92,object_red_01,RED,0.271181582,-0.204614401,0.0600833615,0.0339822427,0.0421445711,-6.37415493e-16,-6.4788068e-07,2.91291743e-06,0.00048938457,0.599945552,0.600054264,1,2.75394854e-05,-0.00230746063,-0.0115691215,0.00195058949
64.96,object_red_01,RED,0.272532761,-0.202920979,0.0600833615,0.0335508482,0.0425277134,-7.94442799e-16,-6.6360272e-07,2.98360528e-06,0.000501260477,0.599889382,0.600110771,1,2.66605437e-05,-0.00230620497,-0.0115691215,0.00194949153
65,object_red_01,RED,0.273860672,-0.201209641,0.0600833615,0.0328327931,0.0430346297,-9.05075674e-16,-6.25305608e-07,2.81141897e-06,0.00047233232,0.599834953,0.600165554,1,2.68154779e-05,-0.00230435479,-0.0115691215,0.00194764084
65.04,object_red_01,RED,0.275154824,-0.199476045,0.0600833615,0.0319069979,0.0436162023,-4.5540657e-16,-3.63048944e-07,1.63229529e-06,0.000274233689,0.599816026,0.600184738,1,2.78228974e-05,-0.00230214611,-0.0115691215,0.00194529926
65.08,object_red_01,RED,0.276411797,-0.197719869,0.0600833615,0.0310057452,0.0441534156,-6.05296271e-16,9.8596591e-08,-4.43297264e-07,-7.44761383e-05,0.599837415,0.600163311,1,2.88887286e-05,-0.00230026664,-0.0115691215,0.00194327344
65.12,object_red_01,RED,0.277635932,-0.195943945,0.0600833615,0.0302728815,0.0446041883,-7.23066751e-16,4.6072679e-07,-2.07146151e-06,-0.000348015795,0.599878183,0.600122344,1,2.94798899e-05,-0.00229898792,-0.0115691215,0.00194191675
65.16,object_red_01,RED,0.278835546,-0.194152129,0.0600833615,0.0297747506,0.0449506005,-8.76525254e-16,6.31096168e-07,-2.83745406e-06,-0.000476706342,0.599927149,0.600073112,1,2.93436493e-05,-0.0022983309,-0.0115691215,0.00194129014
65.2,object_red_01,RED,0.280020675,-0.192348924,0.0600833615,0.0295381239,0.0451773127,7.63449895e-17,6.45685084e-07,-2.9030462e-06,-0.000487726152,0.599978354,0.600021605,1,2.83358563e-05,-0.00229827285,-0.0115691215,0.00194139456
65.24,object_red_01,RED,0.281202046,-0.190539391,0.0600833615,0.0295746663,0.045271978,-5.83883457e-16,5.74772921e-07,-2.58421973e-06,-0.000434161728,0.60003306,0.599966573,1,2.63630894e-05,-0.00229879704,-0.0115691215,0.00194222979
65.28,object_red_01,RED,0.282390698,-0.188728908,0.0600833615,0.0298865493,0.0452344356,-7.58754775e-16,4.6898106e-07,-2.10857193e-06,-0.000354250539,0.600082686,0.599916609,1,2.33804246e-05,-0.00229988639,-0.0115691215,0.00194378876
65.32,object_red_01,RED,0.283595806,-0.186921054,0.0600833615,0.030349209,0.0451714529,-8.69387649e-16,2.30835365e-07,-1.03785159e-06,-0.000174364217,0.600088192,0.599910889,1,1.98087782e-05,-0.00230114822,-0.0115691215,0.00194561872
65.36,object_red_01,RED,0.284818437,-0.185114004,0.0600833615,0.0307369685,0.0451968219,-4.37562558e-16,-1.45267552e-07,6.53133145e-07,0.000109729607,0.600059053,0.599940106,1,1.64673563e-05,-0.00230193215,-0.0115691215,0.00194694485
65.4,object_red_01,RED,0.286052538,-0.183303816,0.0600833615,0.0309177781,0.0453223634,-5.48195432e-16,-4.68564958e-07,2.10670064e-06,0.000353936157,0.6000112,0.599988202,1,1.37386132e-05,-0.00230205195,-0.0115691215,0.00194751872
65.44,object_red_01,RED,0.287288307,-0.181486601,0.0600833615,0.030826963,0.0455431385,-6.98085134e-16,-6.48530858e-07,2.91584041e-06,0.000489875648,0.59995491,0.600044803,1,1.1779017e-05,-0.00230149444,-0.0115691215,0.00194729887
65.48,object_red_01,RED,0.288514224,-0.179658541,0.0600833615,0.030437589,0.0458604997,-8.01580404e-16,-6.98239734e-07,3.13933564e-06,0.000527423948,0.599896262,0.600103798,1,1.06836702e-05,-0.00230027349,-0.0115691215,0.00194628087
65.52,object_red_01,RED,0.28971809,-0.177815657,0.0600833615,0.0297386927,0.0462800659,-9.40763698e-16,-6.75769128e-07,3.03830648e-06,0.000510450548,0.599835344,0.600165085,1,1.05259988e-05,-0.00229840028,-0.0115691215,0.00194446179
65.56,object_red_01,RED,0.290887889,-0.175954039,0.0600833615,0.0287708232,0.0467811491,-4.87525791e-16,-4.937705e-07,2.22002875e-06,0.000372975824,0.599800301,0.600200455,1,1.12621364e-05,-0.00229600562,-0.0115691215,0.0019419774
65.6,object_red_01,RED,0.292017428,-0.17407256,0.0600833615,0.0277702825,0.0472589089,-6.37415493e-16,-2.71208418e-08,1.21937813e-07,2.04861523e-05,0.599816398,0.600184392,1,1.22534979e-05,-0.00229381301,-0.0115691215,0.00193964898
65.64,object_red_01,RED,0.293109752,-0.172173387,0.0600833615,0.0269232148,0.0476663827,-7.62323577e-16,3.97645769e-07,-1.78784471e-06,-0.000300366766,0.599856027,0.600144583,1,1.29126764e-05,-0.00229225907,-0.0115691215,0.00193800622
65.68,object_red_01,RED,0.29417307,-0.170259637,0.0600833615,0.026317088,0.0479899458,-8.94369266e-16,6.28110317e-07,-2.82402969e-06,-0.000474450979,0.599907134,0.60009321,1,1.29665686e-05,-0.00229139388,-0.0115691215,0.00193714451
65.72,object_red_01,RED,0.295217912,-0.168334945,0.0600833615,0.0259893834,0.0482159834,-5.01801001e-16,6.79943216e-07,-3.05707337e-06,-0.000513603479,0.599963429,0.600036604,1,1.22615456e-05,-0.0022911915,-0.0115691215,0.00193706436
65.76,object_red_01,RED,0.29625578,-0.166403483,0.0600833615,0.0259553915,0.0483321679,-5.69608247e-16,6.21638649e-07,-2.79493141e-06,-0.000469562334,0.600021181,0.599978514,1,1.0696563e-05,-0.00229162765,-0.0115691215,0.00193775975
65.8,object_red_01,RED,0.297298598,-0.164469806,0.0600833615,0.0262221161,0.0483330251,-7.33773158e-16,5.18031704e-07,-2.32910711e-06,-0.000391301544,0.600077808,0.599921534,1,8.21014668e-06,-0.00229268811,-0.0115691215,0.00193922887
65.84,object_red_01,RED,0.298357036,-0.162537406,0.0600833615,0.0266866137,0.0482964852,-8.62250045e-16,3.02166661e-07,-1.35856208e-06,-0.00022824517,0.600092204,0.599906871,1,5.07626991e-06,-0.00229404779,-0.0115691215,0.00194110707
65.88,object_red_01,RED,0.299433627,-0.160604996,0.0600833615,0.0270975425,0.0483372583,-4.23287348e-16,-8.48117804e-08,3.81319863e-07,6.40636265e-05,0.600063304,0.599935812,1,2.06455561e-06,-0.00229494291,-0.0115691215,0.00194251079
65.92,object_red_01,RED,0.300522654,-0.158669106,0.0600833615,0.0273010341,0.0484641503,-5.51764235e-16,-4.42208138e-07,1.98819847e-06,0.000334027205,0.600014658,0.599984695,1,-4.3200493e-07,-0.00229511504,-0.0115691215,0.00194311654
65.96,object_red_01,RED,0.301614034,-0.156726542,0.0600833615,0.0272212855,0.0486658699,-6.90947529e-16,-6.55454543e-07,2.94696966e-06,0.000495105517,0.599955886,0.600043786,1,-2.26315776e-06,-0.00229454818,-0.0115691215,0.00194288062
66,object_red_01,RED,0.302695656,-0.154774391,0.0600833615,0.026825649,0.0489403389,-7.98011601e-16,-7.26393119e-07,3.26591516e-06,0.000548689937,0.599893039,0.600106992,1,-3.33881213e-06,-0.00229326318,-0.0115691215,0.00194180608
66.04,object_red_01,RED,0.303754579,-0.152809664,0.0600833615,0.0261014142,0.0492916954,-4.44700163e-16,-7.10932759e-07,3.19640467e-06,0.000537011827,0.599827739,0.600172675,1,-3.58670824e-06,-0.00229127767,-0.0115691215,0.00193989621
66.08,object_red_01,RED,0.304777894,-0.150829357,0.0600833615,0.0250812182,0.0497072805,-5.41057828e-16,-5.45937115e-07,2.45457363e-06,0.000412380527,0.599788957,0.600211812,1,-3.01725773e-06,-0.00228870605,-0.0115691215,0.0019372648
66.12,object_red_01,RED,0.305758386,-0.148832617,0.0600833615,0.024010204,0.0501013159,-6.37415493e-16,-6.95084214e-08,3.12515608e-07,5.25041646e-05,0.599801787,0.60019904,1,-2.1655874e-06,-0.00228631266,-0.0115691215,0.00193475881
66.16,object_red_01,RED,0.306698852,-0.146821303,0.0600833615,0.023095047,0.0504374723,-8.37268428e-16,3.84596068e-07,-1.72917232e-06,-0.000290509513,0.599843842,0.600156807,1,-1.57015757e-06,-0.00228461008,-0.0115691215,0.00193297801
66.2,object_red_01,RED,0.307607809,-0.144797864,0.0600833615,0.0224326112,0.0507094166,-1.00143334e-15,6.4001812e-07,-2.87756814e-06,-0.000483445703,0.599897919,0.600102455,1,-1.48054687e-06,-0.00228365658,-0.0115691215,0.00193202387
66.24,object_red_01,RED,0.308496381,-0.142765077,0.0600833615,0.0220654396,0.0509065931,-5.19645013e-16,7.04440618e-07,-3.16721549e-06,-0.000532107901,0.59995751,0.600042541,1,-2.04090705e-06,-0.00228341989,-0.0115691215,0.00193189017
66.28,object_red_01,RED,0.309376811,-0.140726188,0.0600833615,0.0220116919,0.0510172124,-6.40984295e-16,6.49348053e-07,-2.91951484e-06,-0.000490492969,0.600018376,0.599981323,1,-3.35049219e-06,-0.00228387101,-0.0115691215,0.00193256655
66.32,object_red_01,RED,0.31026183,-0.138684812,0.0600833615,0.0222787849,0.0510361344,-7.80167589e-16,5.4320265e-07,-2.44227744e-06,-0.00041031472,0.6000804,0.59991893,1,-5.47086457e-06,-0.00228499167,-0.0115691215,0.00193404716
66.36,object_red_01,RED,0.311162681,-0.136643553,0.0600833615,0.0227491627,0.0510357011,-9.443325e-16,3.13444778e-07,-1.40926921e-06,-0.00023676422,0.600091169,0.599907889,1,-8.14561784e-06,-0.00228640891,-0.0115691215,0.00193592103
66.4,object_red_01,RED,0.312081713,-0.134600854,0.0600833615,0.023154784,0.0511088475,-5.05369803e-16,-9.05541611e-08,4.07138016e-07,6.84012045e-05,0.600061465,0.599937639,1,-1.06985708e-05,-0.00228730014,-0.0115691215,0.00193725854
66.44,object_red_01,RED,0.313012624,-0.132553707,0.0600833615,0.0233364239,0.0512509963,-5.80314654e-16,-4.61831888e-07,2.07642817e-06,0.000348850234,0.600008902,0.599990452,1,-1.28048455e-05,-0.00228740158,-0.0115691215,0.00193774102
66.48,object_red_01,RED,0.313944672,-0.130499767,0.0600833615,0.0232184038,0.0514440065,-7.44479565e-16,-6.81161184e-07,3.0625485e-06,0.000514523335,0.599946933,0.600052756,1,-1.43471659e-05,-0.002286711,-0.0115691215,0.0019373439
66.52,object_red_01,RED,0.314865082,-0.12843714,0.0600833615,0.022767856,0.051683351,-8.15855613e-16,-7.52983074e-07,3.38546549e-06,0.000568774985,0.599880102,0.600119962,1,-1.52483946e-05,-0.00228525828,-0.0115691215,0.00193608131
66.56,object_red_01,RED,0.315760234,-0.126363907,0.0600833615,0.0219714823,0.0519724116,-4.69681779e-16,-7.36124262e-07,3.30966749e-06,0.000556040543,0.599814428,0.600186037,1,-1.54403418e-05,-0.00228306461,-0.0115691215,0.00193396068
66.6,object_red_01,RED,0.316616738,-0.124278193,0.0600833615,0.0208785918,0.0522969327,-5.62470642e-16,-5.34620946e-07,2.40369554e-06,0.000403832753,0.599776052,0.600224764,1,-1.49485658e-05,-0.00228029779,-0.0115691215,0.00193115107
66.64,object_red_01,RED,0.317428099,-0.122180001,0.0600833615,0.0197625848,0.0525903513,-7.94442799e-16,-2.75837623e-08,1.24019226e-07,2.08358398e-05,0.599795841,0.600205005,1,-1.42617467e-05,-0.00227782135,-0.0115691215,0.00192859098
66.68,object_red_01,RED,0.318198109,-0.120071014,0.0600833615,0.0188244798,0.052839465,-8.37268428e-16,4.27547781e-07,-1.92228642e-06,-0.000322953638,0.599841071,0.600159576,1,-1.37998056e-05,-0.00227611004,-0.0115691215,0.0019268242
66.72,object_red_01,RED,0.318936105,-0.117952962,0.0600833615,0.0181583199,0.0530452386,-9.47901302e-16,6.72163047e-07,-3.02209402e-06,-0.000507726768,0.599898969,0.600101385,1,-1.37575599e-05,-0.00227519856,-0.0115691215,0.00192592064
66.76,object_red_01,RED,0.319653949,-0.115827719,0.0600833615,0.0178054646,0.0531997611,-6.12433876e-16,7.2424796e-07,-3.25627065e-06,-0.00054706961,0.599961128,0.600038887,1,-1.42576032e-05,-0.00227504542,-0.0115691215,0.00192586215
66.8,object_red_01,RED,0.3203646,-0.113697562,0.0600833615,0.0177842288,0.0532925005,-7.12360343e-16,6.60245507e-07,-2.96851054e-06,-0.000498724489,0.600027703,0.599971944,1,-1.53896296e-05,-0.00227561861,-0.0115691215,0.00192663414
66.84,object_red_01,RED,0.321081482,-0.111565066,0.0600833615,0.0180968694,0.0533225807,-8.05149206e-16,5.45343578e-07,-2.45190312e-06,-0.000411931883,0.600085318,0.599913946,1,-1.72018365e-05,-0.00227688631,-0.0115691215,0.00192821505
66.88,object_red_01,RED,0.321815374,-0.109431437,0.0600833615,0.0185741394,0.0533678025,-9.443325e-16,2.68180463e-07,-1.20575757e-06,-0.000202573257,0.600089212,0.599909817,1,-1.93824221e-05,-0.00227830761,-0.0115691215,0.00193001671
66.92,object_red_01,RED,0.322566738,-0.107294529,0.0600833615,0.0189425501,0.0534819095,-5.05369803e-16,-1.61203249e-07,7.24781139e-07,0.000121766825,0.600051024,0.599948101,1,-2.13875774e-05,-0.00227906402,-0.0115691215,0.00193113433
66.96,object_red_01,RED,0.323327859,-0.105152025,0.0600833615,0.0190585135,0.053640335,-6.51690702e-16,-5.23973796e-07,2.35582251e-06,0.000395789868,0.599994191,0.600005213,1,-2.30124151e-05,-0.00227896778,-0.0115691215,0.00193134483
67,object_red_01,RED,0.32408705,-0.103002672,0.0600833615,0.0188549245,0.0538211859,-7.73029984e-16,-7.23127132e-07,3.25123044e-06,0.000546222837,0.599928279,0.600071482,1,-2.41818788e-05,-0.00227804085,-0.0115691215,0.00193065507
67.04,object_red_01,RED,0.324830844,-0.10084572,0.0600833615,0.0183032417,0.0540195725,-9.3005729e-16,-7.77278868e-07,3.49470122e-06,0.000587127129,0.599861022,0.600139133,1,-2.48327004e-05,-0.00227632084,-0.0115691215,0.00192908941
67.08,object_red_01,RED,0.325545019,-0.0986804068,0.0600833615,0.0173911293,0.0542387296,-5.23213816e-16,-7.50555665e-07,3.37455218e-06,0.000566941491,0.599788895,0.600211679,1,-2.49031397e-05,-0.00227383103,-0.0115691215,0.00192665845
67.12,object_red_01,RED,0.32621645,-0.0965061577,0.0600833615,0.0162228964,0.0544577188,-5.83883457e-16,-4.50191915e-07,2.02409684e-06,0.000340058288,0.599769363,0.600231517,1,-2.44724456e-05,-0.00227090467,-0.0115691215,0.00192370401
67.16,object_red_01,RED,0.326841171,-0.0943238888,0.0600833615,0.0150948301,0.0546410326,-7.05222739e-16,8.80202955e-08,-3.95745349e-07,-6.64871817e-05,0.599797188,0.60020365,1,-2.39698063e-05,-0.0022684854,-0.0115691215,0.00192123373
67.2,object_red_01,RED,0.327424908,-0.0921348691,0.0600833615,0.014181948,0.0547988446,-8.12286811e-16,5.13962123e-07,-2.31081165e-06,-0.000388227803,0.599848431,0.600152172,1,-2.36648046e-05,-0.00226690978,-0.0115691215,0.00191962913
67.24,object_red_01,RED,0.327978158,-0.0899399405,0.0600833615,0.013564333,0.0549370927,-9.76451722e-16,7.15793952e-07,-3.21826154e-06,-0.000540683884,0.599909545,0.600090742,1,-2.36900579e-05,-0.00226616776,-0.0115691215,0.0019189055
67.28,object_red_01,RED,0.328513584,-0.0877400051,0.0600833615,0.0132780686,0.0550488528,-5.37489025e-16,7.35771215e-07,-3.30807988e-06,-0.000555773818,0.599976625,0.600023302,1,-2.41445811e-05,-0.00226621079,-0.0115691215,0.00191903402
67.32,object_red_01,RED,0.329044812,-0.0855363135,0.0600833615,0.0133387909,0.0551256027,-6.3384669e-16,6.51665435e-07,-2.92993382e-06,-0.000492243409,0.600043174,0.599956367,1,-2.51048591e-05,-0.00226700621,-0.0115691215,0.00191999738
67.36,object_red_01,RED,0.329585681,-0.0833302379,0.0600833615,0.013727231,0.0551770438,-7.73029984e-16,5.12573848e-07,-2.30456787e-06,-0.000387178833,0.600093496,0.59990566,1,-2.65801325e-05,-0.00226846381,-0.0115691215,0.00192170923
67.4,object_red_01,RED,0.33014475,-0.0811212589,0.0600833615,0.0141900331,0.0552780114,-8.87231661e-16,1.57995519e-07,-7.10358314e-07,-0.000119343725,0.600079323,0.599919692,1,-2.81926529e-05,-0.00226976719,-0.0115691215,0.00192329675
67.44,object_red_01,RED,0.330719319,-0.0789070647,0.0600833615,0.0144831776,0.0554290578,-5.3035142e-16,-2.8406242e-07,1.27716433e-06,0.000214569944,0.600032579,0.599966607,1,-2.96014374e-05,-0.00227025247,-0.0115691215,0.00192404333
67.48,object_red_01,RED,0.331299855,-0.0766864798,0.0600833615,0.0144900095,0.055591472,-6.44553098e-16,-6.13094403e-07,2.75651504e-06,0.0004631082,0.599970656,0.600028849,1,-3.07193577e-05,-0.00226984113,-0.0115691215,0.00192385504
67.52,object_red_01,RED,0.331873661,-0.0744595731,0.0600833615,0.0141582044,0.0557439406,-7.58754775e-16,-7.69438511e-07,3.45944989e-06,0.000581204735,0.599903494,0.600096391,1,-3.15049715e-05,-0.00226857957,-0.0115691215,0.00192276917
67.56,object_red_01,RED,0.33242664,-0.0722268419,0.0600833615,0.0134642373,0.0558837082,-9.19350883e-16,-7.968256e-07,3.58258483e-06,0.000601892011,0.599830449,0.600169852,1,-3.19041691e-05,-0.00226650612,-0.0115691215,0.00192081258
67.6,object_red_01,RED,0.332944165,-0.0699887569,0.0600833615,0.0124094624,0.0560117518,-4.5540657e-16,-7.20670437e-07,3.24018667e-06,0.000544367415,0.59976904,0.600231689,1,-3.18691411e-05,-0.00226367167,-0.0115691215,0.00191802564
67.64,object_red_01,RED,0.333415004,-0.0677461101,0.0600833615,0.0111953989,0.0561094551,-6.30277888e-16,-2.84780414e-07,1.28039478e-06,0.000215112656,0.599769236,0.60023169,1,-3.15486659e-05,-0.002260729,-0.0115691215,0.00191507724
67.68,object_red_01,RED,0.333839159,-0.0655001518,0.0600833615,0.0101013884,0.0561833225,-7.44479565e-16,2.57101627e-07,-1.15594781e-06,-0.000194204958,0.599808232,0.600192562,1,-3.1235618e-05,-0.00225852646,-0.0115691215,0.00191285622
67.72,object_red_01,RED,0.334224631,-0.0632512734,0.0600833615,0.00926331873,0.0562580889,-8.62250045e-16,6.18533187e-07,-2.78097069e-06,-0.00046721685,0.599865255,0.600135261,1,-3.10630809e-05,-0.00225721808,-0.0115691215,0.00191153947
67.76,object_red_01,RED,0.334583135,-0.0609992549,0.0600833615,0.0087438536,0.0563394566,-4.48268965e-16,7.54553277e-07,-3.39252595e-06,-0.000569961171,0.599930922,0.60006925,1,-3.11172445e-05,-0.0022567569,-0.0115691215,0.00191109769
67.8,object_red_01,RED,0.334928078,-0.0587439545,0.0600833615,0.00857089419,0.056420807,-5.87452259e-16,7.2977721e-07,-3.28113016e-06,-0.000551246134,0.599998555,0.600001236,1,-3.14770109e-05,-0.00225709171,-0.0115691215,0.001911496
67.84,object_red_01,RED,0.335273638,-0.056485527,0.0600833615,0.00875820068,0.0564956221,-7.15929146e-16,6.27455129e-07,-2.82108254e-06,-0.000473955855,0.600070389,0.599929,1,-3.2205251e-05,-0.00225819551,-0.0115691215,0.00191272025
67.88,object_red_01,RED,0.335633112,-0.0542238468,0.0600833615,0.00921004364,0.0565935082,-8.4083723e-16,4.16082687e-07,-1.87073641e-06,-0.000314292998,0.60009225,0.599906798,1,-3.32251574e-05,-0.00225975706,-0.0115691215,0.0019144504
67.92,object_red_01,RED,0.336010605,-0.0519569818,0.0600833615,0.00961684817,0.0567488623,-9.80020524e-16,-1.29020799e-08,5.8009024e-08,9.74580096e-06,0.600060926,0.59993812,1,-3.42052297e-05,-0.00226077276,-0.0115691215,0.00191563779
67.96,object_red_01,RED,0.336399907,-0.0496834329,0.0600833615,0.00979193209,0.0569181679,-5.08938606e-16,-4.37998785e-07,1.96927279e-06,0.000330847598,0.600006219,0.599993078,1,-3.50261345e-05,-0.00226086371,-0.0115691215,0.00191588763
68,object_red_01,RED,0.33678975,-0.0474036037,0.0600833615,0.00965067847,0.0570595241,-6.80241122e-16,-7.06463296e-07,3.17630836e-06,0.000533635557,0.59994102,0.600058633,1,-3.56789975e-05,-0.0022600452,-0.0115691215,0.0019152132
68.04,object_red_01,RED,0.337166583,-0.0451190234,0.0600833615,0.00915503505,0.0571570461,-7.83736392e-16,-8.08699843e-07,3.63597189e-06,0.000610861303,0.599869232,0.600130828,1,-3.61375076e-05,-0.00225837421,-0.0115691215,0.0019136652
68.08,object_red_01,RED,0.337515854,-0.0428314877,0.0600833615,0.00828966332,0.0572098575,-9.65745315e-16,-8.01554528e-07,3.60384664e-06,0.000605464098,0.599798375,0.600202121,1,-3.63543707e-05,-0.00225589062,-0.0115691215,0.00191127336
68.12,object_red_01,RED,0.337823218,-0.040542754,0.0600833615,0.00710636763,0.0572184292,-4.98232199e-16,-5.92795662e-07,2.66525348e-06,0.00044777578,0.599758842,0.60024204,1,-3.63086573e-05,-0.00225278687,-0.0115691215,0.00190822211
68.16,object_red_01,RED,0.338081832,-0.0382545283,0.0600833615,0.00590397847,0.0571916294,-6.16002678e-16,-4.88243958e-08,2.19518824e-07,3.68802438e-05,0.599779705,0.600221214,1,-3.61502307e-05,-0.00225004985,-0.0115691215,0.00190550818
68.2,object_red_01,RED,0.338295967,-0.035967379,0.0600833615,0.00489586287,0.0571709263,-8.01580404e-16,4.44973904e-07,-2.00063563e-06,-0.000336116694,0.599829329,0.600171374,1,-3.59889921e-05,-0.00224820714,-0.0115691215,0.00190367027
68.24,object_red_01,RED,0.338475698,-0.0336804249,0.0600833615,0.00417984789,0.057182224,-9.12213278e-16,7.1253922e-07,-3.20362832e-06,-0.000538225429,0.599891402,0.600108982,1,-3.58733108e-05,-0.00224727013,-0.0115691215,0.00190272904
68.28,object_red_01,RED,0.338633769,-0.031392283,0.0600833615,0.00380090591,0.0572277847,-4.87525791e-16,7.70938835e-07,-3.46619619e-06,-0.00058233814,0.59995858,0.600041434,1,-3.58633323e-05,-0.00224717347,-0.0115691215,0.00190263234
68.32,object_red_01,RED,0.338784169,-0.0291017163,0.0600833615,0.0037808283,0.0573010125,-6.05296271e-16,7.03704516e-07,-3.16390529e-06,-0.000531551776,0.600030053,0.59996956,1,-3.60234382e-05,-0.00224787428,-0.0115691215,0.00190335085
68.36,object_red_01,RED,0.338941364,-0.0268076715,0.0600833615,0.00411354749,0.057403115,-7.44479565e-16,5.753401e-07,-2.58676947e-06,-0.0004345901,0.600088422,0.59991078,1,-3.63895225e-05,-0.00224930982,-0.0115691215,0.00190483019
68.4,object_red_01,RED,0.339115615,-0.024508348,0.0600833615,0.00456748,0.05756477,-8.76525254e-16,2.40871775e-07,-1.08297565e-06,-0.000181945285,0.60007894,0.599920055,1,-3.68110995e-05,-0.00225072637,-0.0115691215,0.00190630188
68.44,object_red_01,RED,0.339305393,-0.0222017674,0.0600833615,0.00486715485,0.0577537449,-4.73250582e-16,-2.23884741e-07,1.00660139e-06,0.000169114027,0.600034664,0.599964474,1,-3.7162091e-05,-0.00225129706,-0.0115691215,0.00190693065
68.48,object_red_01,RED,0.339501522,-0.0198881761,0.0600833615,0.00488559707,0.0579085179,-5.66039444e-16,-5.93017076e-07,2.66624586e-06,0.000447942531,0.599973562,0.600025893,1,-3.74734372e-05,-0.00225090877,-0.0115691215,0.00190661179
68.52,object_red_01,RED,0.339691417,-0.0175697748,0.0600833615,0.00456622887,0.0579945374,-7.3734196e-16,-7.83811972e-07,3.5240738e-06,0.000592061873,0.599904427,0.60009542,1,-3.77654726e-05,-0.00224962599,-0.0115691215,0.00190541261
68.56,object_red_01,RED,0.339860977,-0.0152495614,0.0600833615,0.00388428589,0.0580028048,-8.62250045e-16,-8.27442809e-07,3.72024193e-06,0.000625019084,0.599833033,0.600167244,1,-3.80134774e-05,-0.00224750607,-0.0115691215,0.00190338455
68.6,object_red_01,RED,0.339995458,-0.0129306313,0.0600833615,0.00283414231,0.0579347665,-4.58975372e-16,-7.70468202e-07,3.46408083e-06,0.000581982744,0.599767545,0.600233181,1,-3.81741991e-05,-0.00224459588,-0.0115691215,0.00190056503
68.64,object_red_01,RED,0.340082925,-0.0106158098,0.0600833615,0.00159997718,0.0578063665,-5.5890184e-16,-3.50690651e-07,1.57673217e-06,0.000264898804,0.599763308,0.600237658,1,-3.82397685e-05,-0.002241506,-0.0115691215,0.00189755078
68.68,object_red_01,RED,0.340122624,-0.00830644794,0.0600833615,0.000474551725,0.057672745,-7.23066751e-16,2.17216798e-07,-9.76622599e-07,-0.000164077435,0.599802223,0.600198627,1,-3.8230126e-05,-0.0022391769,-0.0115691215,0.00189526704
68.72,object_red_01,RED,0.34012228,-0.00600158472,0.0600833615,-0.000399123111,0.0575848301,-8.33699625e-16,6.12750633e-07,-2.75497202e-06,-0.000462848944,0.59985847,0.600142098,1,-3.81263865e-05,-0.00223779287,-0.0115691215,0.00189389043
68.76,object_red_01,RED,0.340093526,-0.00369890975,0.0600833615,-0.000954637632,0.0575609279,-9.26488488e-16,7.71651854e-07,-3.46940249e-06,-0.000582876811,0.599923514,0.600076699,1,-3.79439184e-05,-0.0022372928,-0.0115691215,0.00189336407
68.8,object_red_01,RED,0.340049827,-0.00139586431,0.0600833615,-0.0011602241,0.0575992733,-4.69681779e-16,7.58230848e-07,-3.4090598e-06,-0.000572738948,0.599993423,0.600006396,1,-3.77317114e-05,-0.0022376146,-0.0115691215,0.00189363695
68.84,object_red_01,RED,0.340005527,0.000909929563,0.0600833615,-0.00100138211,0.057695056,-7.73029984e-16,6.55575298e-07,-2.94751278e-06,-0.000495196763,0.600065816,0.599933586,1,-3.75408916e-05,-0.00223872343,-0.0115691215,0.00189468521
68.88,object_red_01,RED,0.339974148,0.00322091872,0.0600833615,-0.000571985402,0.0578589253,-8.05149206e-16,4.43444231e-07,-1.99375578e-06,-0.000334960863,0.600086531,0.599912512,1,-3.73611525e-05,-0.0022403073,-0.0115691215,0.00189620119
68.92,object_red_01,RED,0.339959835,0.00553968668,0.0600833615,-0.000190837254,0.0580707229,-9.08644476e-16,2.92564159e-09,-1.31534556e-08,-2.20984953e-06,0.600056161,0.599942872,1,-3.71371198e-05,-0.00224131227,-0.0115691215,0.00189714127
68.96,object_red_01,RED,0.339956254,0.00786658391,0.0600833615,-4.28580992e-05,0.0582544182,-1.05496537e-15,-4.39087019e-07,1.97416553e-06,0.000331669603,0.600001212,0.599998077,1,-3.69534396e-05,-0.00224134432,-0.0115691215,0.00189713613
69,object_red_01,RED,0.339952196,0.0101991744,0.0600833615,-0.000207641901,0.0583533327,-6.40984295e-16,-7.21181589e-07,3.24248276e-06,0.000544753186,0.599936125,0.600063532,1,-3.6895834e-05,-0.00224044066,-0.0115691215,0.00189623924
69.04,object_red_01,RED,0.339934313,0.0125335021,0.0600833615,-0.00072059489,0.0583450891,-8.51543637e-16,-8.29180345e-07,3.72805366e-06,0.000626331498,0.599866633,0.600133445,1,-3.69807744e-05,-0.00223867768,-0.0115691215,0.00189452875
69.08,object_red_01,RED,0.339888286,0.0148651822,0.0600833615,-0.00159822574,0.0582266263,-8.90800464e-16,-8.25520567e-07,3.71159963e-06,0.000623567135,0.599796098,0.60020443,1,-3.71797965e-05,-0.00223610263,-0.0115691215,0.00189204551
69.12,object_red_01,RED,0.339800072,0.0171899397,0.0600833615,-0.00278174905,0.0580093158,-5.37489025e-16,-6.01619284e-07,2.70492524e-06,0.000454440833,0.599759364,0.600241556,1,-3.74410631e-05,-0.0022329357,-0.0115691215,0.00188899516
69.16,object_red_01,RED,0.339663404,0.0195050059,0.0600833615,-0.00397120112,0.0577583005,-8.78199214e-17,-4.05788322e-08,1.82446188e-07,3.06518575e-05,0.599783951,0.600217,1,-3.76565642e-05,-0.00223019763,-0.0115691215,0.00188635614
69.2,object_red_01,RED,0.339482869,0.0218107645,0.0600833615,-0.0049632691,0.0575520774,-7.87305194e-16,4.61361512e-07,-2.07431555e-06,-0.000348495285,0.599832193,0.600168531,1,-3.77001222e-05,-0.00222839548,-0.0115691215,0.00188459963
69.24,object_red_01,RED,0.339268534,0.0241100062,0.0600833615,-0.00566567201,0.0574316805,-8.94369266e-16,7.30130657e-07,-3.2827207e-06,-0.000551513341,0.59989339,0.600107003,1,-3.75114521e-05,-0.00222751608,-0.0115691215,0.00188370042
69.28,object_red_01,RED,0.339033007,0.0264064173,0.0600833615,-0.00603453489,0.0574056548,-4.23287348e-16,7.86802883e-07,-3.53752207e-06,-0.000594321242,0.599960565,0.600039445,1,-3.7103341e-05,-0.00222748092,-0.0115691215,0.00188358416
69.32,object_red_01,RED,0.338790131,0.0287037071,0.0600833615,-0.00604831901,0.0574703541,-5.73177049e-16,7.15351632e-07,-3.21627152e-06,-0.000540349562,0.600031785,0.599967812,1,-3.6518604e-05,-0.00222824085,-0.0115691215,0.00188421151
69.36,object_red_01,RED,0.338554188,0.0310054658,0.0600833615,-0.00571878383,0.0576256401,-7.30204355e-16,5.78600192e-07,-2.60142697e-06,-0.000437052633,0.600082783,0.599916394,1,-3.57906768e-05,-0.00222971472,-0.0115691215,0.00188551001
69.4,object_red_01,RED,0.338334498,0.033315188,0.0600833615,-0.00529985477,0.0578555526,-8.30130823e-16,2.20459579e-07,-9.91200946e-07,-0.000166526681,0.600070964,0.599928027,1,-3.49534663e-05,-0.00223106416,-0.0115691215,0.0018866654
69.44,object_red_01,RED,0.338128534,0.0356342276,0.0600833615,-0.00505085579,0.0580760465,-9.55038907e-16,-2.55025676e-07,1.14661315e-06,0.000192636697,0.600024288,0.599974866,1,-3.41722273e-05,-0.00223150735,-0.0115691215,0.00188694445
69.48,object_red_01,RED,0.337926894,0.0379604051,0.0600833615,-0.00508124704,0.0582067966,-5.01801001e-16,-6.21319311e-07,2.79349467e-06,0.000469320963,0.599964531,0.600034956,1,-3.3619757e-05,-0.00223098136,-0.0115691215,0.00188631941
69.52,object_red_01,RED,0.337717273,0.0402891498,0.0600833615,-0.00543872431,0.0582072328,-6.87378726e-16,-8.03945016e-07,3.61459343e-06,0.00060726962,0.599898251,0.600101641,1,-3.33741595e-05,-0.00222957418,-0.0115691215,0.00188489172
69.56,object_red_01,RED,0.337486064,0.0426149513,0.0600833615,-0.00614547331,0.058066294,-7.87305194e-16,-8.41429514e-07,3.78312719e-06,0.000635584121,0.59983051,0.600169824,1,-3.34362022e-05,-0.00222735221,-0.0115691215,0.00188272663
69.6,object_red_01,RED,0.337219124,0.0449321601,0.0600833615,-0.00720143811,0.0577865766,-8.83662859e-16,-7.65008911e-07,3.4395357e-06,0.00057785904,0.599769172,0.600231618,1,-3.37700686e-05,-0.00222437938,-0.0115691215,0.00187988001
69.64,object_red_01,RED,0.336905813,0.0472361357,0.0600833615,-0.00839952512,0.0574261296,-4.91094594e-16,-3.04707318e-07,1.36998777e-06,0.000230164721,0.599774352,0.600226644,1,-3.42146194e-05,-0.00222136185,-0.0115691215,0.00187701213
69.68,object_red_01,RED,0.336546644,0.0495259279,0.0600833615,-0.00947094573,0.0570919757,-6.01727469e-16,2.64469418e-07,-1.18907395e-06,-0.000199770314,0.599812484,0.600188371,1,-3.44962719e-05,-0.00221917312,-0.0115691215,0.00187492415
69.72,object_red_01,RED,0.336149628,0.0518042288,0.0600833615,-0.0102910378,0.0568541396,-7.48048367e-16,6.44136818e-07,-2.89608656e-06,-0.000486556886,0.599868111,0.600132446,1,-3.44407327e-05,-0.0022179323,-0.0115691215,0.00187369751
69.76,object_red_01,RED,0.335726175,0.0540755344,0.0600833615,-0.0108016033,0.0567376166,-7.98011601e-16,7.85975722e-07,-3.53380354e-06,-0.000593696507,0.599931323,0.600068867,1,-3.39982402e-05,-0.00221755663,-0.0115691215,0.00187324102
69.8,object_red_01,RED,0.335289347,0.0563447681,0.0600833615,-0.0109732262,0.0567438752,-4.80388187e-16,7.60356984e-07,-3.418619e-06,-0.00057434494,0.599999787,0.6,1,-3.31880171e-05,-0.0022179792,-0.0115691215,0.0018734933
69.84,object_red_01,RED,0.334853044,0.0586167766,0.0600833615,-0.0107924207,0.0568702643,-5.73177049e-16,6.52331492e-07,-2.93292837e-06,-0.000492746509,0.600064801,0.599934559,1,-3.20454329e-05,-0.00221916458,-0.0115691215,0.00187442736
69.88,object_red_01,RED,0.334429732,0.0608962596,0.0600833615,-0.01038575,0.0571053527,-7.15929146e-16,4.09820453e-07,-1.8425808e-06,-0.000309562718,0.600078885,0.599920139,1,-3.06318292e-05,-0.00222069607,-0.0115691215,0.00187564797
69.92,object_red_01,RED,0.334021686,0.0631860053,0.0600833615,-0.010063495,0.0573633083,-1.31905675e-15,-5.03408346e-08,2.26336248e-07,3.80256094e-05,0.600043091,0.599955963,1,-2.92015284e-05,-0.00222153387,-0.0115691215,0.00187618683
69.96,object_red_01,RED,0.333621865,0.065484653,0.0600833615,-0.00997802469,0.057540012,-9.47901302e-16,-4.83972585e-07,2.17597414e-06,0.00036557445,0.599989903,0.60000943,1,-2.80431064e-05,-0.00222139283,-0.0115691215,0.00187582075
70,object_red_01,RED,0.333219303,0.0677874681,0.0600833615,-0.0101921872,0.0575722225,-4.98232199e-16,-7.47373251e-07,3.3602424e-06,0.000564537388,0.599928137,0.600071578,1,-2.73207952e-05,-0.00222034828,-0.0115691215,0.00187465494
70.04,object_red_01,RED,0.332801346,0.0700880748,0.0600833615,-0.0107344574,0.057436368,-6.69534714e-16,-8.39590187e-07,3.77485715e-06,0.000634194715,0.599864121,0.600136024,1,-2.70825622e-05,-0.00221848782,-0.0115691215,0.00187278423
70.08,object_red_01,RED,0.332354547,0.0723796395,0.0600833615,-0.011618674,0.0571288148,-7.90873996e-16,-8.26975339e-07,3.71814043e-06,0.000624666021,0.599794951,0.600205652,1,-2.73155904e-05,-0.00221586319,-0.0115691215,0.00187025694
70.12,object_red_01,RED,0.331866142,0.0746556785,0.0600833615,-0.0127620394,0.0566815055,-8.83662859e-16,-5.47849931e-07,2.46317456e-06,0.000413825519,0.599774053,0.600226916,1,-2.79096594e-05,-0.0022127726,-0.0115691215,0.00186734438
70.16,object_red_01,RED,0.331331857,0.0769130798,0.0600833615,-0.0138728696,0.0562198836,-4.98232199e-16,2.78173825e-08,-1.25068401e-07,-2.10121157e-05,0.599799349,0.600201606,1,-2.84710089e-05,-0.00221024156,-0.0115691215,0.00186497449
70.2,object_red_01,RED,0.330757027,0.0791536837,0.0600833615,-0.0147817208,0.0558495634,-6.01727469e-16,5.09077817e-07,-2.28885158e-06,-0.000384538401,0.599847599,0.600153109,1,-2.86626927e-05,-0.00220865006,-0.0115691215,0.00186345269
70.24,object_red_01,RED,0.330151501,0.0813823276,0.0600833615,-0.0154129274,0.0556190872,-7.33773158e-16,7.49880813e-07,-3.37151871e-06,-0.000566431847,0.599905578,0.600094787,1,-2.83374489e-05,-0.00220794293,-0.0115691215,0.0018626953
70.28,object_red_01,RED,0.329527272,0.0836049276,0.0600833615,-0.0157281051,0.0555400435,-8.51543637e-16,7.86296481e-07,-3.53524514e-06,-0.000593938708,0.599970001,0.600029972,1,-2.74701299e-05,-0.00220803521,-0.0115691215,0.00186261427
70.32,object_red_01,RED,0.328897444,0.0858275246,0.0600833615,-0.0157076567,0.0556109994,-4.33993755e-16,7.03574499e-07,-3.16332062e-06,-0.000531453549,0.600033731,0.599965824,1,-2.60836255e-05,-0.00220887888,-0.0115691215,0.00186316801
70.36,object_red_01,RED,0.328275353,0.0880560719,0.0600833615,-0.0153777165,0.055827397,-1.05139657e-15,5.52571095e-07,-2.48439819e-06,-0.000417391219,0.600078384,0.599920757,1,-2.42188281e-05,-0.0022103541,-0.0115691215,0.00186424861
70.4,object_red_01,RED,0.327668273,0.0902951873,0.0600833615,-0.015012754,0.056114846,-7.23066751e-16,1.63885511e-07,-7.36840016e-07,-0.000123792783,0.600057595,0.599941408,1,-2.21494432e-05,-0.00221154049,-0.0115691215,0.00186500858
70.44,object_red_01,RED,0.327072406,0.092545011,0.0600833615,-0.014829279,0.0563463166,-8.22993218e-16,-3.07989057e-07,1.38474011e-06,0.000232643208,0.60001243,0.599986768,1,-2.03095988e-05,-0.00221179903,-0.0115691215,0.00186490547
70.48,object_red_01,RED,0.326478467,0.0948012342,0.0600833615,-0.014911457,0.0564315542,-9.72882919e-16,-6.52957124e-07,2.93574056e-06,0.000493218976,0.599956437,0.600043107,1,-1.89823433e-05,-0.00221113351,-0.0115691215,0.00186399633
70.52,object_red_01,RED,0.325874991,0.0970569995,0.0600833615,-0.015295065,0.0563291512,-5.41057828e-16,-8.13901978e-07,3.65936076e-06,0.000614790753,0.599897025,0.600102931,1,-1.82864234e-05,-0.00220964927,-0.0115691215,0.00186240609
70.56,object_red_01,RED,0.325249502,0.0993045037,0.0600833615,-0.0159983022,0.0560279329,-6.73103517e-16,-8.38969673e-07,3.77206762e-06,0.000633726058,0.59983242,0.600167982,1,-1.8241551e-05,-0.00220741583,-0.0115691215,0.00186020626
70.6,object_red_01,RED,0.324589153,0.101535836,0.0600833615,-0.0170117675,0.0555354967,-7.62323577e-16,-7.31517332e-07,3.28895548e-06,0.000552560814,0.599785098,0.600215752,1,-1.8808205e-05,-0.00220451918,-0.0115691215,0.00185747403
70.64,object_red_01,RED,0.323885276,0.103745168,0.0600833615,-0.018117178,0.0549602015,-8.83662859e-16,-2.38809578e-07,1.07370659e-06,0.000180388016,0.599793253,0.600207758,1,-1.96220314e-05,-0.00220173083,-0.0115691215,0.00185489664
70.68,object_red_01,RED,0.323139603,0.105932463,0.0600833615,-0.0190846974,0.0544495055,3.35193606e-17,3.17694927e-07,-1.42837986e-06,-0.000239974891,0.599831975,0.600168868,1,-2.01437243e-05,-0.00219979479,-0.0115691215,0.00185309921
70.72,object_red_01,RED,0.32235999,0.108102218,0.0600833615,-0.0198150507,0.0540842489,-6.3384669e-16,6.68277573e-07,-3.00462506e-06,-0.000504791893,0.599883392,0.600117144,1,-2.00789149e-05,-0.00219875631,-0.0115691215,0.00185206816
70.76,object_red_01,RED,0.321557052,0.110260978,0.0600833615,-0.0202593849,0.0538928956,-7.62323577e-16,7.86451293e-07,-3.53594162e-06,-0.000594055716,0.599942418,0.600057746,1,-1.93277617e-05,-0.00219851952,-0.0115691215,0.0018516899
70.8,object_red_01,RED,0.320742832,0.112415817,0.0600833615,-0.0203918232,0.0538790883,-8.69387649e-16,7.46722459e-07,-3.35731711e-06,-0.00056404592,0.600002464,0.599997294,1,-1.7884685e-05,-0.00219901806,-0.0115691215,0.00185189917
70.84,object_red_01,RED,0.319930124,0.114573817,0.0600833615,-0.0202004506,0.0540420481,-4.66112977e-16,6.36545209e-07,-2.86195213e-06,-0.000480822149,0.600064887,0.599934445,1,-1.57705916e-05,-0.00220021748,-0.0115691215,0.00185266821
70.88,object_red_01,RED,0.319129773,0.116741487,0.0600833615,-0.0198347569,0.0543379044,-5.62470642e-16,3.69491361e-07,-1.66125832e-06,-0.000279099643,0.600066958,0.599932067,1,-1.31627706e-05,-0.00220162895,-0.0115691215,0.00185355401
70.92,object_red_01,RED,0.318342498,0.118921299,0.0600833615,-0.0195729061,0.0546250779,-7.58754775e-16,-9.36863389e-08,4.21220563e-07,7.0767142e-05,0.600032016,0.599967071,1,-1.06147421e-05,-0.0022023002,-0.0115691215,0.00185372873
70.96,object_red_01,RED,0.317561225,0.121110166,0.0600833615,-0.0195347762,0.0547816627,-8.12286811e-16,-5.1137941e-07,2.29919714e-06,0.000386276526,0.599983056,0.600016322,1,-8.57516338e-06,-0.002202041,-0.0115691215,0.00185308916
71,object_red_01,RED,0.316775915,0.123301308,0.0600833615,-0.0197661663,0.0547419059,-9.62176512e-16,-7.54506359e-07,3.39231345e-06,0.000569925484,0.599929061,0.600070702,1,-7.26730532e-06,-0.00220095462,-0.0115691215,0.00185177647
71.04,object_red_01,RED,0.315975275,0.125486271,0.0600833615,-0.0202893859,0.0544819613,-4.94663396e-16,-8.33390485e-07,3.74698291e-06,0.000629511704,0.599869903,0.600130288,1,-6.76463396e-06,-0.00219913389,-0.0115691215,0.00184989409
71.08,object_red_01,RED,0.315147374,0.127656132,0.0600833615,-0.0211150399,0.0539982775,-6.65965912e-16,-8.11365619e-07,3.64795811e-06,0.000612875042,0.599812413,0.600188233,1,-7.06760742e-06,-0.00219663224,-0.0115691215,0.00184749435
71.12,object_red_01,RED,0.314281149,0.129802616,0.0600833615,-0.0221555587,0.053344665,-7.55185972e-16,-5.09667893e-07,2.29150535e-06,0.00038498424,0.599795564,0.600205425,1,-7.99263308e-06,-0.00219377141,-0.0115691215,0.00184485958
71.16,object_red_01,RED,0.313373639,0.131922526,0.0600833615,-0.0231474227,0.0526970745,-9.12213278e-16,6.34175429e-08,-2.85129447e-07,-4.79031631e-05,0.599821769,0.600179186,1,-8.87281239e-06,-0.00219150607,-0.0115691215,0.00184280205
71.2,object_red_01,RED,0.312430073,0.134018999,0.0600833615,-0.0239531877,0.0521804788,-5.19645013e-16,5.25079198e-07,-2.36079493e-06,-0.00039662524,0.599865149,0.600135552,1,-9.19572968e-06,-0.0021901266,-0.0115691215,0.00184150912
71.24,object_red_01,RED,0.311459348,0.136098615,0.0600833615,-0.0245105029,0.0518497386,-6.3384669e-16,7.48006485e-07,-3.36309151e-06,-0.000565016037,0.599917345,0.600083015,1,-8.73951466e-06,-0.00218955526,-0.0115691215,0.00184086171
71.28,object_red_01,RED,0.310472166,0.138169198,0.0600833615,-0.0247861457,0.0517194254,-8.08718008e-16,7.73132731e-07,-3.47605992e-06,-0.000583995297,0.599972745,0.600027227,1,-7.44446223e-06,-0.00218970457,-0.0115691215,0.00184076317
71.32,object_red_01,RED,0.309480234,0.140238802,0.0600833615,-0.0247607368,0.0517906778,-8.97938069e-16,6.89098097e-07,-3.09823372e-06,-0.000520518627,0.60003385,0.599965709,1,-5.31375247e-06,-0.00219053096,-0.0115691215,0.00184117333
71.36,object_red_01,RED,0.308495424,0.142315386,0.0600833615,-0.0244645106,0.0520519394,-4.69681779e-16,5.34630231e-07,-2.40373479e-06,-0.000403839367,0.600068236,0.599930917,1,-2.4031662e-06,-0.00219190884,-0.0115691215,0.00184198268
71.4,object_red_01,RED,0.307523788,0.144404456,0.0600833615,-0.024151461,0.052381661,-5.94589864e-16,1.49771428e-07,-6.73382157e-07,-0.000113131547,0.600047985,0.599951041,1,7.94469215e-07,-0.00219297092,-0.0115691215,0.00184243405
71.44,object_red_01,RED,0.306561466,0.146505256,0.0600833615,-0.0240069918,0.0526212923,-7.55185972e-16,-3.12089334e-07,1.40317524e-06,0.000235740402,0.600007533,0.599991689,1,3.61644732e-06,-0.00219315501,-0.0115691215,0.00184209703
71.48,object_red_01,RED,0.305600169,0.14861191,0.0600833615,-0.0240948693,0.0526725542,-8.22993218e-16,-6.46025713e-07,2.90457649e-06,0.000487983259,0.599959745,0.600039819,1,5.68229591e-06,-0.0021924969,-0.0115691215,0.0018410735
71.52,object_red_01,RED,0.304629973,0.150715815,0.0600833615,-0.0244421256,0.0524915175,-4.73250582e-16,-8.00363952e-07,3.59849286e-06,0.000604564643,0.599907029,0.600092939,1,6.83129188e-06,-0.00219111155,-0.0115691215,0.00183950284
71.56,object_red_01,RED,0.303640179,0.152807361,0.0600833615,-0.0250628689,0.0520662513,-5.37489025e-16,-8.20190724e-07,3.68763617e-06,0.000619541154,0.599854119,0.600146286,1,7.02340053e-06,-0.00218907297,-0.0115691215,0.00183746361
71.6,object_red_01,RED,0.302619744,0.154876805,0.0600833615,-0.0259526633,0.0514044218,-6.73103517e-16,-7.22683552e-07,3.24923803e-06,0.000545888085,0.599810095,0.600190751,1,6.28979515e-06,-0.00218645276,-0.0115691215,0.00183502083
71.64,object_red_01,RED,0.301561087,0.156916999,0.0600833615,-0.026923425,0.0506448485,-8.05149206e-16,-2.47651584e-07,1.11346086e-06,0.000187066931,0.599818263,0.600182752,1,5.13494732e-06,-0.00218393197,-0.0115691215,0.00183275355
71.68,object_red_01,RED,0.300465678,0.158928129,0.0600833615,-0.0277757325,0.0499697748,-8.72956452e-16,2.99503659e-07,-1.34659055e-06,-0.000226233881,0.599851709,0.600149148,1,4.33973749e-06,-0.00218219619,-0.0115691215,0.00183119315
71.72,object_red_01,RED,0.299340242,0.160915837,0.0600833615,-0.0284257081,0.049474489,-5.23213816e-16,6.48721287e-07,-2.91669856e-06,-0.000490019805,0.599895551,0.600105008,1,4.32632072e-06,-0.00218127609,-0.0115691215,0.00183029131
71.76,object_red_01,RED,0.298193836,0.162888191,0.0600833615,-0.0288312915,0.049193961,-7.33773158e-16,7.6880253e-07,-3.45659152e-06,-0.000580724506,0.599944922,0.600055276,1,5.25292849e-06,-0.0021810694,-0.0115691215,0.00182991827
71.8,object_red_01,RED,0.297036802,0.164853986,0.0600833615,-0.0289673312,0.0491357196,-7.83736392e-16,7.34623587e-07,-3.30291979e-06,-0.000554906899,0.599999832,0.599999972,1,7.15492779e-06,-0.00218151067,-0.0115691215,0.00183000475
71.84,object_red_01,RED,0.295880209,0.166822116,0.0600833615,-0.0288226898,0.0492996647,-9.22919686e-16,6.26030921e-07,-2.81467918e-06,-0.000472880058,0.600053193,0.599946198,1,1.00246187e-05,-0.00218256562,-0.0115691215,0.00183052188
71.88,object_red_01,RED,0.294733845,0.168800806,0.0600833615,-0.0285085034,0.0496316823,-5.05369803e-16,3.90542621e-07,-1.75590639e-06,-0.000295000986,0.600058269,0.599940796,1,1.36478819e-05,-0.00218386826,-0.0115691215,0.00183115303
71.92,object_red_01,RED,0.293598869,0.170793102,0.0600833615,-0.0282778436,0.0499510512,-6.26709085e-16,-5.12130264e-08,2.30257649e-07,3.86844247e-05,0.600029088,0.599970009,1,1.7240438e-05,-0.00218452676,-0.0115691215,0.00183116355
71.96,object_red_01,RED,0.292469359,0.172795283,0.0600833615,-0.0282348504,0.0501160956,-7.30204355e-16,-4.6759896e-07,2.10235723e-06,0.000353206445,0.599988257,0.600011108,1,2.01812287e-05,-0.00218433973,-0.0115691215,0.00183046284
72,object_red_01,RED,0.291336961,0.174799415,0.0600833615,-0.0284148633,0.0500523055,-8.51543637e-16,-7.1996374e-07,3.23700737e-06,0.000543833292,0.599942822,0.600056911,1,2.21662885e-05,-0.00218341709,-0.0115691215,0.00182920828
72.04,object_red_01,RED,0.290192367,0.176795648,0.0600833615,-0.0288347654,0.0497318048,-4.48268965e-16,-8.06213121e-07,3.62479151e-06,0.000608982944,0.599895723,0.600104422,1,2.30833728e-05,-0.00218186147,-0.0115691215,0.00182751725
72.08,object_red_01,RED,0.289025732,0.178773541,0.0600833615,-0.0295052937,0.0491485961,-5.33920223e-16,-7.90878112e-07,3.55584476e-06,0.000597399543,0.599847297,0.600153285,1,2.29109169e-05,-0.00217972751,-0.0115691215,0.00182544612
72.12,object_red_01,RED,0.287827464,0.180723051,0.0600833615,-0.0303805278,0.0483454364,-2.51984832e-16,-5.65825876e-07,2.5439954e-06,0.000427403823,0.599824506,0.600176451,1,2.1793598e-05,-0.00217720377,-0.0115691215,0.00182315624
72.16,object_red_01,RED,0.28659385,0.182639396,0.0600833615,-0.0312401561,0.0475265597,-8.62250045e-16,-2.35120883e-08,1.05712752e-07,1.77602607e-05,0.599844574,0.600156403,1,2.0553942e-05,-0.00217511968,-0.0115691215,0.00182132189
72.2,object_red_01,RED,0.28532863,0.184525612,0.0600833615,-0.0319553419,0.0468496344,-4.37562558e-16,4.54780382e-07,-2.04472626e-06,-0.000343524138,0.599878369,0.600122385,1,1.99324493e-05,-0.00217382557,-0.0115691215,0.00182015744
72.24,object_red_01,RED,0.284038865,0.186389089,0.0600833615,-0.0324709361,0.0463856143,-5.73177049e-16,7.06535869e-07,-3.17663675e-06,-0.000533690712,0.599920229,0.600080205,1,2.02671935e-05,-0.00217325103,-0.0115691215,0.00181953307
72.28,object_red_01,RED,0.282733247,0.188238925,0.0600833615,-0.0327553565,0.0461574138,-7.15929146e-16,7.56454553e-07,-3.40107378e-06,-0.000571397253,0.599967695,0.600032372,1,2.16743489e-05,-0.00217330391,-0.0115691215,0.00181933813
72.32,object_red_01,RED,0.281421452,0.190084663,0.0600833615,-0.0327900094,0.046168866,-8.12286811e-16,6.85385516e-07,-3.08154175e-06,-0.000517714293,0.600017244,0.599982429,1,2.41759752e-05,-0.00217393517,-0.0115691215,0.00181952316
72.36,object_red_01,RED,0.280113609,0.191935876,0.0600833615,-0.0325773846,0.0464158343,-9.33626093e-16,5.61079837e-07,-2.52265437e-06,-0.000423818443,0.600056162,0.599943107,1,2.77503451e-05,-0.00217509392,-0.0115691215,0.00182004678
72.4,object_red_01,RED,0.278816586,0.193800115,0.0600833615,-0.0322984956,0.0467791553,-5.19645013e-16,2.47320055e-07,-1.11196763e-06,-0.000186816081,0.600046012,0.599953044,1,3.19132004e-05,-0.00217617298,-0.0115691215,0.0018203997
72.44,object_red_01,RED,0.277528451,0.195677772,0.0600833615,-0.0321435691,0.0470640752,-6.69534714e-16,-2.00545122e-07,9.01664876e-07,0.000151484171,0.600013544,0.599985642,1,3.57606366e-05,-0.00217650965,-0.0115691215,0.00182008365
72.48,object_red_01,RED,0.276242778,0.197562935,0.0600833615,-0.0321713137,0.0471504907,-8.15855613e-16,-5.60868785e-07,2.52170494e-06,0.00042365894,0.599975926,0.600023565,1,3.87451906e-05,-0.00217608873,-0.0115691215,0.00181917157
72.52,object_red_01,RED,0.274951771,0.199446311,0.0600833615,-0.0324024014,0.0469820651,-9.22919686e-16,-7.47811108e-07,3.36221141e-06,0.000564868189,0.599935446,0.60006442,1,4.06219398e-05,-0.00217503433,-0.0115691215,0.0018178216
72.56,object_red_01,RED,0.273647022,0.201317232,0.0600833615,-0.0328494349,0.0465401615,-5.23213816e-16,-7.91281795e-07,3.55765942e-06,0.000597704418,0.599892726,0.600107552,1,4.1307985e-05,-0.00217343113,-0.0115691215,0.00181612757
72.6,object_red_01,RED,0.272319718,0.203164684,0.0600833615,-0.0335194265,0.0458229595,-6.16002678e-16,-7.52119512e-07,3.38158346e-06,0.00056812278,0.599849341,0.600151366,1,4.07939841e-05,-0.00217132391,-0.0115691215,0.00181413435
72.64,object_red_01,RED,0.270962141,0.204978942,0.0600833615,-0.0343216164,0.0449254489,-7.58754775e-16,-4.13819694e-07,1.86056477e-06,0.00031258409,0.599846564,0.60015443,1,3.94145536e-05,-0.00216905055,-0.0115691215,0.00181212123
72.68,object_red_01,RED,0.269573313,0.206757632,0.0600833615,-0.0350631649,0.0440734401,-8.72956452e-16,1.29521256e-07,-5.82336807e-07,-9.78354703e-05,0.599867752,0.600133173,1,3.81692485e-05,-0.00216735968,-0.0115691215,0.00181066158
72.72,object_red_01,RED,0.268157714,0.208505719,0.0600833615,-0.0356588791,0.0434006006,-4.76819384e-16,5.39357697e-07,-2.424992e-06,-0.000407410666,0.599900588,0.600100084,1,3.77264024e-05,-0.00216639343,-0.0115691215,0.00180978307
72.76,object_red_01,RED,0.26672208,0.210231712,0.0600833615,-0.0360689875,0.042962015,-5.66039444e-16,7.22319646e-07,-3.24760144e-06,-0.000545613133,0.599939339,0.600061006,1,3.83686149e-05,-0.00216605385,-0.0115691215,0.00180934104
72.8,object_red_01,RED,0.2652744,0.211945402,0.0600833615,-0.036268337,0.0427740111,-6.90947529e-16,7.28745397e-07,-3.27649122e-06,-0.000550466768,0.599982155,0.600017824,1,4.01888122e-05,-0.00216626315,-0.0115691215,0.00180924451
72.84,object_red_01,RED,0.26382346,0.213656896,0.0600833615,-0.0362418014,0.0428395836,-8.4083723e-16,6.3952475e-07,-2.87534843e-06,-0.000483072793,0.600025605,0.599973987,1,4.32047422e-05,-0.00216698473,-0.0115691215,0.00180945827
72.88,object_red_01,RED,0.262378182,0.215376208,0.0600833615,-0.0360116627,0.0431423525,-1.01927735e-15,4.9630563e-07,-2.2314248e-06,-0.000374890433,0.600052733,0.599946478,1,4.73531566e-05,-0.00216812374,-0.0115691215,0.00180990544
72.92,object_red_01,RED,0.260942926,0.21710983,0.0600833615,-0.035778519,0.0435128713,-1.03355256e-15,1.42701881e-07,-6.41597087e-07,-0.000107791497,0.600034237,0.599964847,1,5.19137559e-05,-0.00216898679,-0.0115691215,0.00181002464
72.96,object_red_01,RED,0.259514458,0.218856208,0.0600833615,-0.0356760192,0.0437625503,-6.51690702e-16,-2.87361813e-07,1.29199865e-06,0.000217062181,0.600004901,0.599994361,1,5.59616362e-05,-0.0021691264,-0.0115691215,0.00180952187
73,object_red_01,RED,0.258086666,0.220608076,0.0600833615,-0.0357391429,0.0437871138,-7.76598787e-16,-6.01914046e-07,2.70624744e-06,0.000454662994,0.599971361,0.600028216,1,5.90016571e-05,-0.00216860237,-0.0115691215,0.00180852906
73.04,object_red_01,RED,0.25665264,0.222355337,0.0600833615,-0.0359805855,0.043541572,-9.19350883e-16,-7.47226353e-07,3.35958251e-06,0.000564426519,0.599936037,0.600063914,1,6.08237555e-05,-0.00216753545,-0.0115691215,0.00180719263
73.08,object_red_01,RED,0.255205037,0.224086838,0.0600833615,-0.0364101206,0.0430124365,-5.12507408e-16,-7.66047688e-07,3.44420519e-06,0.000578643544,0.599898016,0.600102339,1,6.13601219e-05,-0.00216599762,-0.0115691215,0.00180559066
73.12,object_red_01,RED,0.253736196,0.225791202,0.0600833615,-0.0370310519,0.0422018799,-5.83883457e-16,-7.03113271e-07,3.16124817e-06,0.000531105357,0.599865794,0.600134976,1,6.06112567e-05,-0.00216403102,-0.0115691215,0.00180376407
73.16,object_red_01,RED,0.252240081,0.227459189,0.0600833615,-0.0377362088,0.0412430504,-7.6589238e-16,-3.1670224e-07,1.42391753e-06,0.00023922519,0.59986661,0.600134383,1,5.90720271e-05,-0.00216204317,-0.0115691215,0.00180204028
73.2,object_red_01,RED,0.250716975,0.229089934,0.0600833615,-0.038368873,0.0403641972,-8.44406033e-16,2.06494943e-07,-9.28416343e-07,-0.000155978545,0.599888498,0.600112386,1,5.78162949e-05,-0.00216065034,-0.0115691215,0.00180086137
73.24,object_red_01,RED,0.249171222,0.230689452,0.0600833615,-0.0388686631,0.0396842808,-4.30424953e-16,5.69190058e-07,-2.55912036e-06,-0.000429944895,0.599917428,0.600083197,1,5.7473082e-05,-0.00215990156,-0.0115691215,0.00180017591
73.28,object_red_01,RED,0.247608844,0.232266868,0.0600833615,-0.0392040807,0.0392509422,-5.41057828e-16,7.13904737e-07,-3.20976723e-06,-0.000539256801,0.599951781,0.60004852,1,5.83021031e-05,-0.0021596969,-0.0115691215,0.00179984374
73.32,object_red_01,RED,0.246036897,0.233832403,0.0600833615,-0.0393536416,0.0390780334,-7.5161717e-16,6.99873664e-07,-3.14668176e-06,-0.000528658135,0.59998841,0.600011533,1,6.03892404e-05,-0.00215996973,-0.0115691215,0.00179978732
73.36,object_red_01,RED,0.24446311,0.235396544,0.0600833615,-0.0393046549,0.0391683359,-8.12286811e-16,6.04876222e-07,-2.71956619e-06,-0.000456900605,0.600028483,0.599971085,1,6.37516335e-05,-0.00216068948,-0.0115691215,0.00179997844
73.4,object_red_01,RED,0.242895185,0.236969593,0.0600833615,-0.0390879078,0.0394960552,-9.5860771e-16,4.53658313e-07,-2.03967941e-06,-0.000342676258,0.600045299,0.599953909,1,6.8295147e-05,-0.00216174377,-0.0115691215,0.00180032786
73.44,object_red_01,RED,0.241336145,0.23855749,0.0600833615,-0.0388899774,0.0398689635,-5.16076211e-16,9.8622491e-08,-4.43413156e-07,-7.4495613e-05,0.60002843,0.599970686,1,7.3177384e-05,-0.00216247392,-0.0115691215,0.00180031852
73.48,object_red_01,RED,0.23978261,0.240157801,0.0600833615,-0.0388133618,0.040101546,-6.40984295e-16,-3.12779903e-07,1.40628014e-06,0.000236262039,0.600001716,0.599997589,1,7.74528937e-05,-0.00216253982,-0.0115691215,0.0017997542
73.52,object_red_01,RED,0.238229185,0.241762663,0.0600833615,-0.0388789854,0.0400978513,-7.80167589e-16,-6.02094732e-07,2.70705991e-06,0.000454799492,0.599973504,0.600026112,1,8.06408867e-05,-0.00216202563,-0.0115691215,0.0017987826
73.56,object_red_01,RED,0.236670005,0.243361641,0.0600833615,-0.0390948642,0.0398175292,-9.01506871e-16,-7.28775208e-07,3.27662494e-06,0.000550489236,0.599943199,0.60005678,1,8.25407026e-05,-0.0021610469,-0.0115691215,0.00179754087
73.6,object_red_01,RED,0.235098894,0.244943365,0.0600833615,-0.039468831,0.0392490268,-5.26782618e-16,-7.37367223e-07,3.31525583e-06,0.000556979411,0.599913424,0.600086944,1,8.30868002e-05,-0.00215966876,-0.0115691215,0.00179609896
73.64,object_red_01,RED,0.233509396,0.246496273,0.0600833615,-0.0400046168,0.0383941175,-5.98158666e-16,-6.74085331e-07,3.03073643e-06,0.000509178738,0.599883326,0.600117443,1,8.22771323e-05,-0.00215792671,-0.0115691215,0.00179449148
73.68,object_red_01,RED,0.231896503,0.248011067,0.0600833615,-0.0406065084,0.0373941161,-7.73029984e-16,-2.95239453e-07,1.32741917e-06,0.000223012989,0.599887041,0.600113938,1,8.06414874e-05,-0.00215619017,-0.0115691215,0.00179300952
73.72,object_red_01,RED,0.230260623,0.249487081,0.0600833615,-0.0411446143,0.0364793199,-8.58681242e-16,2.07984398e-07,-9.35113046e-07,-0.000157103625,0.599905064,0.600095808,1,7.93006428e-05,-0.00215499354,-0.0115691215,0.00179202057
73.76,object_red_01,RED,0.228605476,0.25093054,0.0600833615,-0.0415704225,0.0357683829,-4.73250582e-16,5.55385728e-07,-2.49705502e-06,-0.000419517613,0.599929527,0.600071095,1,7.89066773e-05,-0.0021543673,-0.0115691215,0.00179145858
73.8,object_red_01,RED,0.226936123,0.252350743,0.0600833615,-0.0418581246,0.0353082332,-6.6239711e-16,6.92326988e-07,-3.11275207e-06,-0.000522957774,0.599957895,0.600042415,1,7.97293684e-05,-0.00215421427,-0.0115691215,0.00179118735
73.84,object_red_01,RED,0.225258516,0.253758091,0.0600833615,-0.0419882966,0.035113392,-6.87378726e-16,6.7782e-07,-3.04752693e-06,-0.000511999633,0.59999045,0.600009518,1,8.18618669e-05,-0.00215447257,-0.0115691215,0.00179113387
73.88,object_red_01,RED,0.223579223,0.255163269,0.0600833615,-0.0419497164,0.0351864752,-9.01506871e-16,5.84378894e-07,-2.62740875e-06,-0.000441417698,0.600022576,0.599977031,1,8.53251827e-05,-0.00215511377,-0.0115691215,0.00179127191
73.92,object_red_01,RED,0.221904887,0.25657685,0.0600833615,-0.0417617423,0.0355082949,-4.44700163e-16,4.48778288e-07,-2.0177386e-06,-0.000338990091,0.60004122,0.599958036,1,9.00500835e-05,-0.00215606084,-0.0115691215,0.00179154295
73.96,object_red_01,RED,0.220238412,0.258005373,0.0600833615,-0.0415844509,0.0358891615,-5.66039444e-16,1.21171657e-07,-5.44795809e-07,-9.15284011e-05,0.600025709,0.599973432,1,9.52146832e-05,-0.00215675324,-0.0115691215,0.00179151449
74,object_red_01,RED,0.218576976,0.259446776,0.0600833615,-0.0415102626,0.0361358099,-7.23066751e-16,-2.76245383e-07,1.24201844e-06,0.000208665259,0.600003317,0.59999599,1,9.98045792e-05,-0.00215685409,-0.0115691215,0.00179099217
74.04,object_red_01,RED,0.216916056,0.26089336,0.0600833615,-0.0415532949,0.0361492157,-7.69461182e-16,-5.65233181e-07,2.54132781e-06,0.000426955676,0.599980301,0.600019298,1,0.000103298347,-0.0021564402,-0.0115691215,0.00179011613
74.08,object_red_01,RED,0.215250893,0.262334782,0.0600833615,-0.0417171636,0.0358877242,-8.87231661e-16,-6.96316781e-07,3.13068954e-06,0.000525971364,0.599957069,0.600042875,1,0.000105476248,-0.0021556265,-0.0115691215,0.00178902254
74.12,object_red_01,RED,0.213576518,0.263759707,0.0600833615,-0.0420088012,0.0353377406,-5.51764235e-16,-7.11834503e-07,3.20045884e-06,0.000537692948,0.599930817,0.600069497,1,0.00010625995,-0.00215447663,-0.0115691215,0.00178778008
74.16,object_red_01,RED,0.21188771,0.265156559,0.0600833615,-0.0424324735,0.0344992956,-6.65965912e-16,-6.64232232e-07,2.98643595e-06,0.00050173604,0.599906188,0.600094509,1,0.00010563695,-0.00215302262,-0.0115691215,0.00178642063
74.2,object_red_01,RED,0.210179951,0.26651521,0.0600833615,-0.0429303102,0.0334763936,-7.76598787e-16,-3.57788721e-07,1.60864512e-06,0.000270260343,0.599905348,0.600095604,1,0.000103984938,-0.00215149548,-0.0115691215,0.00178512501
74.24,object_red_01,RED,0.208452959,0.267833518,0.0600833615,-0.0433844184,0.0325111889,-3.94736929e-16,1.30301798e-07,-5.85846241e-07,-9.84250723e-05,0.599919045,0.600081844,1,0.000102458325,-0.0021504071,-0.0115691215,0.00178424931
74.28,object_red_01,RED,0.206709543,0.269116952,0.0600833615,-0.0437516423,0.0317371658,-5.08938606e-16,4.96036142e-07,-2.23021498e-06,-0.000374687163,0.599938277,0.600062387,1,0.000101815015,-0.00214982632,-0.0115691215,0.00178375974
74.32,object_red_01,RED,0.204953654,0.270374492,0.0600833615,-0.0440102016,0.0312093733,-6.51690702e-16,6.5819438e-07,-2.95928953e-06,-0.000497175305,0.599961184,0.600039191,1,0.000102380512,-0.00214966154,-0.0115691215,0.00178352094
74.36,object_red_01,RED,0.203190022,0.271616441,0.0600833615,-0.0441425856,0.0309457317,-2.44847227e-16,6.62079857e-07,-2.9767582e-06,-0.000500110135,0.599986495,0.600013558,1,0.000104273347,-0.00214984772,-0.0115691215,0.00178345389
74.4,object_red_01,RED,0.201423976,0.272853487,0.0600833615,-0.0441363952,0.0309511527,-9.55038907e-16,5.81931976e-07,-2.61640732e-06,-0.000439569401,0.600014462,0.59998525,1,0.000107527936,-0.00215035705,-0.0115691215,0.0017835309
74.44,object_red_01,RED,0.199661122,0.274096372,0.0600833615,-0.043993848,0.0312206578,-4.76819384e-16,4.69384427e-07,-2.11038545e-06,-0.000354555221,0.600036064,0.599963301,1,0.000112130447,-0.00215116056,-0.0115691215,0.0017837327
74.48,object_red_01,RED,0.197905074,0.27535343,0.0600833615,-0.0438261028,0.0316112708,-6.51690702e-16,2.09929739e-07,-9.43858399e-07,-0.000158572895,0.600025785,0.599973385,1,0.000117495119,-0.00215188523,-0.0115691215,0.00178377315
74.52,object_red_01,RED,0.196154181,0.276624622,0.0600833615,-0.0437385345,0.0319053253,-7.76598787e-16,-1.70803499e-07,7.67944506e-07,0.000129018485,0.600008095,0.599991178,1,0.000122496742,-0.00215211122,-0.0115691215,0.00178337946
74.56,object_red_01,RED,0.194404817,0.277903361,0.0600833615,-0.0437447212,0.0319865808,-8.94369266e-16,-4.82884352e-07,2.17108167e-06,0.000364752489,0.599990096,0.600009432,1,0.000126490453,-0.00215186657,-0.0115691215,0.00178265321
74.6,object_red_01,RED,0.192653265,0.279179905,0.0600833615,-0.0438435303,0.0318036423,-4.76819384e-16,-6.46988177e-07,2.90890449e-06,0.000488710378,0.599971809,0.600028036,1,0.000129194113,-0.00215126804,-0.0115691215,0.0017817367
74.64,object_red_01,RED,0.190895759,0.280443241,0.0600833615,-0.044038541,0.031338967,-5.87452259e-16,-6.833363e-07,3.0723288e-06,0.000516166467,0.599952824,0.600047367,1,0.00013050092,-0.00215038922,-0.0115691215,0.00178070979
74.68,object_red_01,RED,0.189128326,0.281681991,0.0600833615,-0.0443355323,0.0305886066,-7.58754775e-16,-6.51739797e-07,2.93026893e-06,0.000492299703,0.599932983,0.60006757,1,0.000130379853,-0.00214926277,-0.0115691215,0.00177960569
74.72,object_red_01,RED,0.187347005,0.282885118,0.0600833615,-0.0447188533,0.0295908847,-8.90800464e-16,-4.85222736e-07,2.18159726e-06,0.000366519144,0.599923322,0.600077556,1,0.000128953512,-0.00214796573,-0.0115691215,0.00177848694
74.76,object_red_01,RED,0.185550252,0.284047015,0.0600833615,-0.0450922855,0.0285699125,-4.76819384e-16,-4.11957783e-08,1.85219748e-07,3.11178309e-05,0.599932949,0.600067971,1,0.000127202561,-0.00214692237,-0.0115691215,0.00177766026
74.8,object_red_01,RED,0.183739743,0.285170894,0.0600833615,-0.045405792,0.0277012621,-6.05296271e-16,3.69628263e-07,-1.66187589e-06,-0.000279203381,0.599945954,0.600054794,1,0.000126112191,-0.00214632662,-0.0115691215,0.00177720003
74.84,object_red_01,RED,0.181918277,0.286264678,0.0600833615,-0.0456415404,0.0270610949,-1.30121274e-15,5.9491055e-07,-2.6747611e-06,-0.000449373118,0.599962419,0.600038073,1,0.000126141353,-0.00214610715,-0.0115691215,0.00177697869
74.88,object_red_01,RED,0.180089288,0.287338186,0.0600833615,-0.045784059,0.0266771322,-8.90800464e-16,6.46580901e-07,-2.90707402e-06,-0.000488402844,0.599981897,0.6000183,1,0.000127469888,-0.00214618939,-0.0115691215,0.00177690068
74.92,object_red_01,RED,0.178256793,0.288401871,0.0600833615,-0.0458203228,0.026557368,-4.62544175e-16,5.92294643e-07,-2.6629987e-06,-0.000447396984,0.600003622,0.599996258,1,0.000130157767,-0.00214653819,-0.0115691215,0.00177692696
74.96,object_red_01,RED,0.176425213,0.289466358,0.0600833615,-0.0457438682,0.0267035886,-5.73177049e-16,4.90631051e-07,-2.20591182e-06,-0.000370604124,0.600024899,0.599974654,1,0.000134219021,-0.00214713899,-0.0115691215,0.00177704779
75,object_red_01,RED,0.174598649,0.29054177,0.0600833615,-0.0455910367,0.0270677271,-7.26635553e-16,3.39604202e-07,-1.52688415e-06,-0.00025652411,0.600028212,0.599971049,1,0.000139477282,-0.00214787555,-0.0115691215,0.00177717726
75.04,object_red_01,RED,0.172777537,0.291632363,0.0600833615,-0.045482304,0.0274264333,-7.65892379e-16,1.28306211e-08,-5.76871124e-08,-9.69172311e-06,0.600013547,0.599985681,1,0.000144892578,-0.00214829441,-0.0115691215,0.00177698959
75.08,object_red_01,RED,0.1709592,0.292734213,0.0600833615,-0.0454482896,0.0276209552,-9.69314117e-16,-3.30874275e-07,1.48763375e-06,0.000249929849,0.599999808,0.599999606,1,0.000149558362,-0.00214827482,-0.0115691215,0.00177646301
75.12,object_red_01,RED,0.169140757,0.293838986,0.0600833615,-0.0454830926,0.027576925,-5.66039444e-16,-5.56809796e-07,2.50345589e-06,0.000420593005,0.599986931,0.600012759,1,0.000153048932,-0.00214792069,-0.0115691215,0.00177573946
75.16,object_red_01,RED,0.167319528,0.294936427,0.0600833615,-0.0455846625,0.02726516,-7.08791541e-16,-6.43989726e-07,2.89542357e-06,0.000486445514,0.599973953,0.600026052,1,0.000155189676,-0.00214732419,-0.0115691215,0.00177492181
75.2,object_red_01,RED,0.165492762,0.296015611,0.0600833615,-0.0457572384,0.0266772819,-8.01580404e-16,-6.37645146e-07,2.86689827e-06,0.000481653119,0.59995929,0.600041049,1,0.000155920084,-0.00214653117,-0.0115691215,0.0017740572
75.24,object_red_01,RED,0.163657531,0.297065472,0.0600833615,-0.0460043041,0.0258139242,-9.15782081e-16,-5.86070057e-07,2.63501319e-06,0.000442695275,0.599946386,0.600054297,1,0.000155229689,-0.0021455619,-0.0115691215,0.00177316532
75.28,object_red_01,RED,0.161811343,0.298076389,0.0600833615,-0.0462891361,0.0247772336,-5.01801001e-16,-3.0770303e-07,1.38345596e-06,0.000232427449,0.599946532,0.600054377,1,0.000153496198,-0.00214457484,-0.0115691215,0.00177236576
75.32,object_red_01,RED,0.15995431,0.299046523,0.0600833615,-0.0465424948,0.0238017162,-5.87452259e-16,1.32230316e-07,-5.94517042e-07,-9.98818095e-05,0.599955369,0.600045481,1,0.000151878122,-0.00214391797,-0.0115691215,0.00177188404
75.36,object_red_01,RED,0.158088141,0.299981254,0.0600833615,-0.0467467979,0.0230108034,-7.48048367e-16,4.58986544e-07,-2.06363715e-06,-0.000346701264,0.599965638,0.600035011,1,0.000151126185,-0.00214361515,-0.0115691215,0.00177166315
75.4,object_red_01,RED,0.156215013,0.300889196,0.0600833615,-0.0468913832,0.022455251,-8.97938069e-16,6.02285136e-07,-2.70791746e-06,-0.000454943553,0.599978451,0.600021941,1,0.000151562836,-0.00214358445,-0.0115691215,0.00177158605
75.44,object_red_01,RED,0.154337583,0.301780199,0.0600833615,-0.0469634928,0.0221526781,-4.98232199e-16,6.04233059e-07,-2.71667489e-06,-0.000456414849,0.599993097,0.600007009,1,0.000153311236,-0.00214377425,-0.0115691215,0.00177158931
75.48,object_red_01,RED,0.152458977,0.302664514,0.0600833615,-0.046953109,0.0221083555,-5.91021061e-16,5.31168448e-07,-2.38817094e-06,-0.000401224558,0.600010175,0.59998963,1,0.000156411313,-0.00214416406,-0.0115691215,0.00177165234
75.52,object_red_01,RED,0.150582581,0.303552486,0.0600833615,-0.0468578611,0.0223220547,-7.83736392e-16,4.30414863e-07,-1.93517562e-06,-0.0003251191,0.600024734,0.599974762,1,0.000160867178,-0.00214474206,-0.0115691215,0.00177177021
75.56,object_red_01,RED,0.148711005,0.304453215,0.0600833615,-0.0467324165,0.0227024675,-8.76525254e-16,2.49887641e-07,-1.12351213e-06,-0.000188755611,0.600020276,0.599978987,1,0.000166326229,-0.00214533466,-0.0115691215,0.00177181518
75.6,object_red_01,RED,0.146843428,0.305368574,0.0600833615,-0.0466602872,0.0230266095,-4.73250582e-16,-7.64674147e-08,3.4380298e-07,5.77606045e-05,0.600008159,0.599991136,1,0.000171669133,-0.00214559356,-0.0115691215,0.00177155611
75.64,object_red_01,RED,0.144977523,0.30629334,0.0600833615,-0.046643892,0.0231681672,-5.87452259e-16,-3.7925527e-07,1.70515813e-06,0.000286475024,0.599998609,0.600000889,1,0.000176140968,-0.00214550838,-0.0115691215,0.00177105115
75.68,object_red_01,RED,0.143111322,0.307218876,0.0600833615,-0.0466716244,0.0230714433,-7.30204355e-16,-5.57605915e-07,2.50703547e-06,0.000421194391,0.599990577,0.60000919,1,0.000179406611,-0.00214518532,-0.0115691215,0.00177042972
75.72,object_red_01,RED,0.14124314,0.308135143,0.0600833615,-0.0467411896,0.022716018,-8.05149206e-16,-6.1147494e-07,2.74923492e-06,0.000461885095,0.59998273,0.600017337,1,0.000181332922,-0.00214469818,-0.0115691215,0.00176977058
75.76,object_red_01,RED,0.139371224,0.30903164,0.0600833615,-0.0468568197,0.0220957491,-9.51470105e-16,-5.91859134e-07,2.66104112e-06,0.000447068098,0.599972908,0.600027474,1,0.000181872723,-0.00214407895,-0.0115691215,0.00176910555
75.8,object_red_01,RED,0.13749367,0.309897796,0.0600833615,-0.0470204877,0.0212140176,-5.01801001e-16,-5.32620087e-07,2.39469835e-06,0.000402321189,0.599964726,0.600035977,1,0.000181024631,-0.00214334353,-0.0115691215,0.00176844943
75.84,object_red_01,RED,0.135609028,0.310724895,0.0600833615,-0.0471997983,0.02019012,-6.40984295e-16,-2.41457014e-07,1.08560894e-06,0.000182387676,0.599967518,0.600033369,1,0.000179248016,-0.00214264262,-0.0115691215,0.0017679125
75.88,object_red_01,RED,0.133717726,0.311512113,0.0600833615,-0.0473525688,0.0192424946,-8.08718008e-16,1.68166016e-07,-7.56086644e-07,-0.000127026302,0.599973351,0.600027461,1,0.000177673167,-0.0021422273,-0.0115691215,0.00176764322
75.92,object_red_01,RED,0.131820976,0.312265065,0.0600833615,-0.0474732188,0.0184787362,-9.83589327e-16,4.57429498e-07,-2.05663647e-06,-0.000345525116,0.599980047,0.600020571,1,0.000176977251,-0.0021420847,-0.0115691215,0.00176756544
75.96,object_red_01,RED,0.129920178,0.312992158,0.0600833615,-0.0475553092,0.0179423753,-5.48195432e-16,5.75542202e-07,-2.58767922e-06,-0.000434742932,0.599988451,0.600011924,1,0.000177448183,-0.00214214108,-0.0115691215,0.0017675781
76,object_red_01,RED,0.128017091,0.313702866,0.0600833615,-0.0475884,0.0176485586,-6.69534714e-16,5.67301806e-07,-2.55062932e-06,-0.00042851837,0.599998566,0.60000154,1,0.000179195987,-0.00214235483,-0.0115691215,0.00176763071
76.04,object_red_01,RED,0.126113869,0.314407008,0.0600833615,-0.0475639651,0.0176020881,-7.73029984e-16,4.94440834e-07,-2.223041e-06,-0.000373481909,0.600010346,0.59998948,1,0.000182256957,-0.00214271104,-0.0115691215,0.00176770901
76.08,object_red_01,RED,0.124212879,0.315114485,0.0600833615,-0.0474799665,0.0178030382,-8.90800464e-16,3.99113819e-07,-1.79444395e-06,-0.000301475481,0.60002143,0.59997811,1,0.00018663557,-0.00214320136,-0.0115691215,0.00176781119
76.12,object_red_01,RED,0.122315953,0.315834213,0.0600833615,-0.0473764284,0.0181735188,-4.87525791e-16,2.40858989e-07,-1.08291875e-06,-0.000181935722,0.600016034,0.599983276,1,0.000192039628,-0.00214370313,-0.0115691215,0.00176784944
76.16,object_red_01,RED,0.120422281,0.316568395,0.0600833615,-0.0473182766,0.0184984933,-6.19571481e-16,-5.69719917e-08,2.5615019e-07,4.30345015e-05,0.600006785,0.599992541,1,0.000197392295,-0.00214393453,-0.0115691215,0.00176763907
76.2,object_red_01,RED,0.118530033,0.317312281,0.0600833615,-0.0473000463,0.0186540541,-7.26635553e-16,-3.43248783e-07,1.54327049e-06,0.000259277096,0.600000718,0.599998789,1,0.000201935272,-0.00214388941,-0.0115691215,0.00176723252
76.24,object_red_01,RED,0.116637983,0.318057822,0.0600833615,-0.0473053683,0.0185869099,-8.69387649e-16,-5.16802238e-07,2.32357927e-06,0.00039037284,0.599997062,0.600002692,1,0.000205332455,-0.00214366656,-0.0115691215,0.00176674756
76.28,object_red_01,RED,0.114745327,0.318795611,0.0600833615,-0.0473295202,0.0182769265,-5.01801001e-16,-5.72450882e-07,2.57377995e-06,0.000432407791,0.599993384,0.600006647,1,0.000207447595,-0.00214333458,-0.0115691215,0.00176625622
76.32,object_red_01,RED,0.11285126,0.319515787,0.0600833615,-0.0473754618,0.0177184124,-5.48195432e-16,-5.54492116e-07,2.49303633e-06,0.000418842459,0.599988999,0.600011322,1,0.000208232325,-0.00214292361,-0.0115691215,0.00176578762
76.36,object_red_01,RED,0.110954842,0.320208407,0.0600833615,-0.0474461295,0.0169118888,-7.05222739e-16,-5.07720221e-07,2.28274661e-06,0.000383512743,0.599983601,0.600017018,1,0.000207677381,-0.00214244533,-0.0115691215,0.00176535239
76.4,object_red_01,RED,0.109055231,0.320864405,0.0600833615,-0.0475285076,0.0159265921,-8.08718008e-16,-3.00302136e-07,1.35018072e-06,0.000226837047,0.599986005,0.600014837,1,0.000206030295,-0.00214196634,-0.0115691215,0.00176499942
76.44,object_red_01,RED,0.107152667,0.32148112,0.0600833615,-0.0475932275,0.0149759258,-9.80020524e-16,8.08692139e-08,-3.63593731e-07,-6.10855492e-05,0.59998933,0.600011488,1,0.000204337706,-0.00214169215,-0.0115691215,0.0017648557
76.48,object_red_01,RED,0.105247881,0.322062871,0.0600833615,-0.0476411948,0.0141829696,3.35193606e-17,3.84950074e-07,-1.7307637e-06,-0.000290776876,0.599992343,0.600008311,1,0.000203373288,-0.00214163698,-0.0115691215,0.00176487529
76.52,object_red_01,RED,0.103341514,0.322617159,0.0600833615,-0.0476722867,0.013597328,-6.481219e-16,5.28579212e-07,-2.37653032e-06,-0.000399268871,0.599996109,0.600004329,1,0.000203473803,-0.00214173175,-0.0115691215,0.00176496196
76.56,object_red_01,RED,0.10143439,0.323152735,0.0600833615,-0.0476786944,0.0132377846,-7.65892379e-16,5.42373391e-07,-2.43854948e-06,-0.0004096884,0.600001785,0.599998411,1,0.000204773625,-0.00214193412,-0.0115691215,0.00176506338
76.6,object_red_01,RED,0.0995276803,0.323678797,0.0600833615,-0.0476521875,0.0131104133,-9.12213278e-16,4.83616166e-07,-2.17437257e-06,-0.000365305371,0.600008247,0.599991691,1,0.00020732089,-0.00214222919,-0.0115691215,0.00176516373
76.64,object_red_01,RED,0.0976227955,0.324204668,0.0600833615,-0.0475891224,0.013216672,-4.69681779e-16,3.9653992e-07,-1.78287152e-06,-0.000299531255,0.600015715,0.59998396,1,0.000211127166,-0.00214261127,-0.0115691215,0.00176526197
76.68,object_red_01,RED,0.0957210867,0.324739494,0.0600833615,-0.047500659,0.0135348073,-5.66039444e-16,2.93743774e-07,-1.32069268e-06,-0.000221882919,0.600015403,0.599984017,1,0.000216121087,-0.00214304849,-0.0115691215,0.00176533951
76.72,object_red_01,RED,0.093822449,0.325288551,0.0600833615,-0.0474414839,0.0138892701,-7.58754775e-16,6.33848454e-08,-2.84982532e-07,-4.78784801e-05,0.600007411,0.599991924,1,0.000221517664,-0.00214333557,-0.0115691215,0.00176525437
76.76,object_red_01,RED,0.0919253816,0.32584954,0.0600833615,-0.0474168581,0.0141207394,-8.76525254e-16,-2.21245484e-07,9.94735176e-07,0.000167120443,0.600002804,0.599996649,1,0.000226381669,-0.00214338742,-0.0115691215,0.00176498537
76.8,object_red_01,RED,0.0900289853,0.326415901,0.0600833615,-0.0474041237,0.0141603135,-4.48268965e-16,-4.29087726e-07,1.92920855e-06,0.000324116604,0.600002159,0.599997502,1,0.000230262383,-0.00214328489,-0.0115691215,0.00176463676
76.84,object_red_01,RED,0.0881330839,0.326979288,0.0600833615,-0.0473913152,0.0139804051,-5.69608247e-16,-5.21714911e-07,2.34566728e-06,0.000394083732,0.600002475,0.599997431,1,0.000232972342,-0.00214310527,-0.0115691215,0.00176429054
76.88,object_red_01,RED,0.0862377135,0.327530694,0.0600833615,-0.0473780549,0.0135722063,-7.08791541e-16,-5.25828962e-07,2.36416466e-06,0.00039719138,0.600002681,0.599997487,1,0.000234440225,-0.00214288699,-0.0115691215,0.00176398398
76.92,object_red_01,RED,0.0843428193,0.328060929,0.0600833615,-0.0473678558,0.0129332904,-8.33699625e-16,-4.89474372e-07,2.20071193e-06,0.000369730511,0.600001572,0.599998867,1,0.000234641388,-0.00214264302,-0.0115691215,0.00176372843
76.96,object_red_01,RED,0.0824482502,0.328560846,0.0600833615,-0.0473611431,0.0120719558,-9.65745315e-16,-4.19891455e-07,1.88786237e-06,0.000317170233,0.600001893,0.599998816,1,0.000233593817,-0.00214238236,-0.0115691215,0.00176353139
77,object_red_01,RED,0.0805540982,0.32902368,0.0600833615,-0.0473445553,0.0111210274,-5.05369803e-16,-1.36356599e-07,6.13069588e-07,0.000102998725,0.600004935,0.599995891,1,0.000231844031,-0.00214220109,-0.0115691215,0.00176345727
77.04,object_red_01,RED,0.0786608746,0.329449953,0.0600833615,-0.0473173182,0.0102591989,-1.16559825e-15,2.06552454e-07,-9.28674914e-07,-0.000156021986,0.600005739,0.599995,1,0.000230390108,-0.0021421953,-0.0115691215,0.00176354154
77.08,object_red_01,RED,0.076768771,0.32984513,0.0600833615,-0.0472894049,0.00956587522,-7.83736392e-16,4.29645278e-07,-1.93171644e-06,-0.000324537932,0.600005606,0.59999496,1,0.000229767734,-0.00214231846,-0.0115691215,0.00176370334
77.12,object_red_01,RED,0.0748777959,0.330216722,0.0600833615,-0.0472600486,0.00907309123,-9.15782081e-16,5.09283714e-07,-2.28977616e-06,-0.000384693744,0.600006433,0.599993925,1,0.000230202867,-0.00214251692,-0.0115691215,0.00176387415
77.16,object_red_01,RED,0.0729881479,0.330573037,0.0600833615,-0.0472222283,0.00879234705,-4.76819384e-16,4.89813709e-07,-2.2022373e-06,-0.000369986784,0.600008501,0.599991628,1,0.000231782929,-0.00214276668,-0.0115691215,0.00176402544
77.2,object_red_01,RED,0.0711003042,0.33092265,0.0600833615,-0.047169896,0.00872751335,-6.51690702e-16,4.22497829e-07,-1.89958018e-06,-0.000319138888,0.600011714,0.599988179,1,0.000234537587,-0.00214306142,-0.0115691215,0.00176415221
77.24,object_red_01,RED,0.0692148883,0.3312742,0.0600833615,-0.0471018289,0.00887811012,-7.55185972e-16,3.3708317e-07,-1.51554977e-06,-0.000254619875,0.600014229,0.599985423,1,0.000238470486,-0.00214339744,-0.0115691215,0.00176425612
77.28,object_red_01,RED,0.0673323552,0.331635944,0.0600833615,-0.0470322321,0.00920912771,-9.08644476e-16,2.33686676e-07,-1.05067171e-06,-0.000176518058,0.60001033,0.599989101,1,0.000243457008,-0.00214373589,-0.0115691215,0.00176431309
77.32,object_red_01,RED,0.0654519243,0.332011498,0.0600833615,-0.046996616,0.00953800332,-4.51837767e-16,6.73165322e-09,-3.02658657e-08,-5.08481603e-06,0.600004033,0.599995357,1,0.000248641062,-0.00214392317,-0.0115691215,0.00176422302
77.36,object_red_01,RED,0.0635724242,0.332397759,0.0600833615,-0.0469799367,0.0097378502,-6.30277888e-16,-2.46304573e-07,1.10740261e-06,0.000186049131,0.600002903,0.599996614,1,0.000253230877,-0.00214394633,-0.0115691215,0.00176401354
77.4,object_red_01,RED,0.061693662,0.332788312,0.0600833615,-0.0469569038,0.00975636017,-7.33773158e-16,-4.18097702e-07,1.87979672e-06,0.00031581517,0.600005801,0.599993912,1,0.000256867567,-0.00214388668,-0.0115691215,0.00176377814
77.44,object_red_01,RED,0.0598161712,0.333175405,0.0600833615,-0.0469165809,0.00957313703,-8.5511244e-16,-4.85514025e-07,2.18290561e-06,0.000366738964,0.600009468,0.599990471,1,0.000259403087,-0.00214380572,-0.0115691215,0.00176357911
77.48,object_red_01,RED,0.0579406637,0.333550805,0.0600833615,-0.0468590701,0.00918167419,-4.98232199e-16,-4.79253547e-07,2.15475827e-06,0.00036201007,0.600012635,0.599987544,1,0.000260781178,-0.00214373091,-0.0115691215,0.00176344169
77.52,object_red_01,RED,0.0560677639,0.33390616,0.0600833615,-0.0467873394,0.0085813609,-6.23140283e-16,-4.40094912e-07,1.97869833e-06,0.000332431127,0.600015148,0.599985277,1,0.000260985407,-0.00214367062,-0.0115691215,0.00176337227
77.56,object_red_01,RED,0.0541980089,0.334233157,0.0600833615,-0.0467023101,0.00777719003,-7.26635553e-16,-3.81837281e-07,1.71676798e-06,0.000288425528,0.60001837,0.599982301,1,0.000260025425,-0.00214362895,-0.0115691215,0.00176337411
77.6,object_red_01,RED,0.05233199,0.334525378,0.0600833615,-0.0466012515,0.00688069719,-8.19424416e-16,-1.35804194e-07,6.10585846e-07,0.000102581445,0.600020971,0.59997982,1,0.000258354245,-0.00214365703,-0.0115691215,0.00176347905
77.64,object_red_01,RED,0.0504701759,0.334782947,0.0600833615,-0.0464956787,0.00605951288,-9.72882919e-16,1.79684297e-07,-8.07873693e-07,-0.000135726783,0.6000201,0.599980619,1,0.000256904653,-0.00214380781,-0.0115691215,0.00176369762
77.68,object_red_01,RED,0.0486123767,0.335010669,0.0600833615,-0.0464014632,0.00538850206,-5.41057828e-16,3.90272605e-07,-1.75469399e-06,-0.000294797285,0.600017159,0.599983407,1,0.000256195175,-0.00214403525,-0.0115691215,0.00176395846
77.72,object_red_01,RED,0.0467580451,0.335215287,0.0600833615,-0.046321082,0.00489827919,-6.58828307e-16,4.69278196e-07,-2.10990849e-06,-0.000354475083,0.600014814,0.599985565,1,0.00025644565,-0.00214429255,-0.0115691215,0.00176420349
77.76,object_red_01,RED,0.0449067305,0.335404315,0.0600833615,-0.0462491231,0.00460037582,-7.76598787e-16,4.55521672e-07,-2.04805788e-06,-0.000344083877,0.600013589,0.599986585,1,0.000257743648,-0.00214456044,-0.0115691215,0.00176440978
77.8,object_red_01,RED,0.0430582168,0.335585538,0.0600833615,-0.0461802529,0.0044985776,-9.15782081e-16,3.95847911e-07,-1.77976028e-06,-0.000299008551,0.60001334,0.59998662,1,0.000260119464,-0.00214483481,-0.0115691215,0.00176457419
77.84,object_red_01,RED,0.0412124272,0.335766809,0.0600833615,-0.0461129399,0.00459268608,-4.87525791e-16,3.1919189e-07,-1.43510933e-06,-0.000241105484,0.600012578,0.599987165,1,0.000263577559,-0.00214511388,-0.0115691215,0.00176469913
77.88,object_red_01,RED,0.0393692451,0.335955883,0.0600833615,-0.0460519646,0.00487296699,-5.98158666e-16,2.41355013e-07,-1.08514922e-06,-0.000182310449,0.600009556,0.599989974,1,0.000268086034,-0.00214538649,-0.0115691215,0.00176478109
77.92,object_red_01,RED,0.0375279262,0.336157926,0.0600833615,-0.0460210521,0.00520588304,-7.69461182e-16,7.22175574e-08,-3.24695111e-07,-5.45503895e-05,0.600003007,0.599996421,1,0.000273076201,-0.0021455658,-0.0115691215,0.00176476299
77.96,object_red_01,RED,0.0356873497,0.336371666,0.0600833615,-0.0460087937,0.0054470289,-8.4083723e-16,-1.60811871e-07,7.23021478e-07,0.000121471194,0.600002361,0.599997145,1,0.000277698373,-0.00214561958,-0.0115691215,0.0017646466
78,object_red_01,RED,0.0338474183,0.336591965,0.0600833615,-0.0459851354,0.0055355084,-4.83956989e-16,-3.4399185e-07,1.54661157e-06,0.000259838413,0.600006782,0.599992887,1,0.00028152634,-0.00214561555,-0.0115691215,0.00176451084
78.04,object_red_01,RED,0.0320089983,0.33681215,0.0600833615,-0.0459331949,0.00544789654,-5.41057828e-16,-4.32331279e-07,1.94379213e-06,0.000326566714,0.600012973,0.599986892,1,0.00028438402,-0.00214561629,-0.0115691215,0.00176441865
78.08,object_red_01,RED,0.0301733202,0.337024968,0.0600833615,-0.0458498005,0.00517567184,-7.48048367e-16,-4.42831409e-07,1.99100169e-06,0.000334498152,0.600018972,0.599981105,1,0.000286200869,-0.00214565243,-0.0115691215,0.00176439808
78.12,object_red_01,RED,0.0283415978,0.337222991,0.0600833615,-0.0457373486,0.00471743986,-8.01580404e-16,-4.11009383e-07,1.84792769e-06,0.000310461011,0.600024511,0.599975785,1,0.000286953707,-0.00214573331,-0.0115691215,0.00176445598
78.16,object_red_01,RED,0.026514944,0.33739878,0.0600833615,-0.0455978458,0.00407357825,-9.33626093e-16,-3.7011916e-07,1.66408233e-06,0.000279574078,0.600029796,0.599970722,1,0.000286637954,-0.00214586084,-0.0115691215,0.001764593
78.2,object_red_01,RED,0.0246944323,0.337545195,0.0600833615,-0.0454320312,0.00327006334,-5.12507408e-16,-2.66060781e-07,1.19622868e-06,0.000200972345,0.600034495,0.599966221,1,0.00028533958,-0.00214604024,-0.0115691215,0.00176481227
78.24,object_red_01,RED,0.0228809179,0.337658693,0.0600833615,-0.0452525421,0.00245624506,-6.6239711e-16,8.88026436e-09,-3.99261621e-08,-6.70779428e-06,0.600034902,0.599965839,1,0.000283755787,-0.00214629924,-0.0115691215,0.00176512115
78.28,object_red_01,RED,0.0210744187,0.337741561,0.0600833615,-0.0450843289,0.00174477474,-7.73029984e-16,2.62871553e-07,-1.18188966e-06,-0.000198563318,0.600030845,0.599969791,1,0.000282607076,-0.0021466175,-0.0115691215,0.00176547637
78.32,object_red_01,RED,0.0192741482,0.337798988,0.0600833615,-0.0449407465,0.00118134537,-8.94369266e-16,4.00977163e-07,-1.8028223e-06,-0.00030288308,0.600025701,0.599974784,1,0.000282224503,-0.00214694521,-0.0115691215,0.00176581639
78.36,object_red_01,RED,0.0174790932,0.337837332,0.0600833615,-0.0448216318,0.000784176984,-4.69681779e-16,4.315842e-07,-1.94043344e-06,-0.000326002436,0.600021348,0.599978962,1,0.000282745035,-0.00214725496,-0.0115691215,0.00176610886
78.4,object_red_01,RED,0.0156883775,0.337863415,0.0600833615,-0.0447219718,0.000560245645,-5.80314654e-16,3.97621714e-07,-1.7877355e-06,-0.000300348427,0.600017909,0.599982214,1,0.000284222354,-0.00214753985,-0.0115691215,0.00176634599
78.44,object_red_01,RED,0.0139013077,0.337884218,0.0600833615,-0.0446382481,0.000511419691,-7.3734196e-16,3.35836949e-07,-1.50994674e-06,-0.000253678539,0.6000148,0.599985132,1,0.000286672906,-0.00214780003,-0.0115691215,0.00176652984
78.48,object_red_01,RED,0.0121172592,0.337906732,0.0600833615,-0.0445703435,0.000636915793,-8.80094057e-16,2.65956009e-07,-1.19575707e-06,-0.000200893116,0.600011583,0.599988156,1,0.000290095761,-0.00214803434,-0.0115691215,0.00176666335
78.52,object_red_01,RED,0.0103355246,0.337937773,0.0600833615,-0.0445236969,0.000920714876,-4.33993755e-16,1.9297223e-07,-8.67616799e-07,-0.000145763924,0.600005683,0.59999387,1,0.000294438906,-0.00214823133,-0.0115691215,0.00176674205
78.56,object_red_01,RED,0.00855497577,0.337981302,0.0600833615,-0.0445086616,0.00123159236,-5.73177049e-16,3.43025468e-08,-1.54226586e-07,-2.59108319e-05,0.600000872,0.59999861,1,0.000299118324,-0.00214834217,-0.0115691215,0.00176673747
78.6,object_red_01,RED,0.00677475339,0.338035573,0.0600833615,-0.0445011476,0.00145065185,-7.30204355e-16,-1.71203296e-07,7.69742063e-07,0.000129320483,0.600002614,0.599996948,1,0.00030340565,-0.0021483798,-0.0115691215,0.00176668026
78.64,object_red_01,RED,0.00499524119,0.338095807,0.0600833615,-0.0444703501,0.00153212773,-8.08718008e-16,-3.2482759e-07,1.46044776e-06,0.000245362465,0.600009172,0.599990539,1,0.000306959513,-0.00214840968,-0.0115691215,0.00176663941
78.68,object_red_01,RED,0.00321774718,0.338156076,0.0600833615,-0.0444009194,0.00145848864,-9.87158129e-16,-3.9369544e-07,1.7700827e-06,0.000297382669,0.600017281,0.599982606,1,0.000309640059,-0.00214848129,-0.0115691215,0.00176666238
78.72,object_red_01,RED,0.00144389991,0.338210024,0.0600833615,-0.0442902688,0.00122370998,-5.37489025e-16,-3.95474268e-07,1.77808061e-06,0.000298726356,0.60002521,0.599974865,1,0.000311391984,-0.00214861648,-0.0115691215,0.00176676796
78.76,object_red_01,RED,-0.000324694585,0.338251167,0.0600833615,-0.0441406725,0.00082631988,-6.94516331e-16,-3.641112e-07,1.63707009e-06,0.000275035889,0.600032625,0.599967644,1,0.000312196084,-0.00214882042,-0.0115691215,0.00176695884
78.8,object_red_01,RED,-0.00208652273,0.338273025,0.0600833615,-0.0439539318,0.000267899132,-8.12286811e-16,-3.24632825e-07,1.45957249e-06,0.000245215413,0.600039908,0.599960557,1,0.000312051445,-0.00214909325,-0.0115691215,0.00176723389
78.84,object_red_01,RED,-0.00384010825,0.338269257,0.0600833615,-0.0437309299,-0.000441450903,-9.51470105e-16,-2.62140825e-07,1.17860411e-06,0.000198011332,0.600046412,0.59995424,1,0.000310990224,-0.00214943494,-0.0115691215,0.00176759277
78.88,object_red_01,RED,-0.00558426395,0.338235781,0.0600833615,-0.0434884569,-0.00118914859,-4.98232199e-16,-3.79357277e-08,1.70561943e-07,2.86552503e-05,0.600047241,0.599953469,1,0.000309505725,-0.00214983794,-0.0115691215,0.0017680209
78.92,object_red_01,RED,-0.0073188777,0.338173747,0.0600833615,-0.0432578622,-0.00186109618,-6.58828307e-16,2.02128128e-07,-9.08782766e-07,-0.000152680007,0.600042574,0.599958058,1,0.000308300702,-0.00215026849,-0.0115691215,0.00176847271
78.96,object_red_01,RED,-0.00904487914,0.338087326,0.0600833615,-0.043057935,-0.00240993657,-7.98011601e-16,3.46496198e-07,-1.55787196e-06,-0.000261730209,0.60003589,0.599964615,1,0.000307724338,-0.0021506801,-0.0115691215,0.00176889471
79,object_red_01,RED,-0.0107636036,0.337981903,0.0600833615,-0.0428920168,-0.0028163793,-1.41184562e-15,3.90280419e-07,-1.75472872e-06,-0.000294803123,0.600029424,0.599970931,1,0.000307922898,-0.00215104746,-0.0115691215,0.00176925828
79.04,object_red_01,RED,-0.0124763442,0.337863362,0.0600833615,-0.04275648,-0.00307257201,-4.87525791e-16,3.69046424e-07,-1.659259e-06,-0.000278763738,0.600023894,0.599976299,1,0.000308955527,-0.0021513649,-0.0115691215,0.001769557
79.08,object_red_01,RED,-0.0141842351,0.337737772,0.0600833615,-0.0426477994,-0.00317631489,-5.94589864e-16,3.17754352e-07,-1.42864613e-06,-0.000240019633,0.600018756,0.599981269,1,0.000310841851,-0.00215163396,-0.0115691215,0.00176979352
79.12,object_red_01,RED,-0.0158883223,0.337611235,0.0600833615,-0.0425650888,-0.00312781194,-7.58754775e-16,2.57214712e-07,-1.15645559e-06,-0.000194290273,0.600013553,0.599986303,1,0.000313583565,-0.00215185544,-0.0115691215,0.00176997136
79.16,object_red_01,RED,-0.0175896712,0.337489794,0.0600833615,-0.0425099544,-0.00292941476,-7.62323577e-16,1.9562358e-07,-8.79537496e-07,-0.00014776666,0.600007788,0.599991902,1,0.000317172414,-0.00215202681,-0.0115691215,0.00177009207
79.2,object_red_01,RED,-0.0192895023,0.337378797,0.0600833615,-0.0424884899,-0.00263109893,-4.80388187e-16,1.10791375e-07,-4.9812582e-07,-8.36876077e-05,0.600000998,0.599998554,1,0.000321424079,-0.00215213368,-0.0115691215,0.00177014838
79.24,object_red_01,RED,-0.0209890152,0.337279375,0.0600833615,-0.0424877902,-0.00236653003,-5.5890184e-16,-5.60883962e-08,2.52177422e-07,4.2367057e-05,0.600000133,0.599999421,1,0.000325649834,-0.0021521795,-0.0115691215,0.00177015408
79.28,object_red_01,RED,-0.0226883232,0.337188527,0.0600833615,-0.042473517,-0.00220365265,-6.98085134e-16,-2.22927944e-07,1.00229975e-06,0.000168391328,0.600005592,0.599994065,1,0.000329370968,-0.0021522173,-0.0115691215,0.00177016492
79.32,object_red_01,RED,-0.0243863153,0.337101596,0.0600833615,-0.0424212516,-0.00216670438,-8.44406033e-16,-3.2503571e-07,1.46138359e-06,0.000245519689,0.600014302,0.599985497,1,0.000332388276,-0.00215230045,-0.0115691215,0.00177023193
79.36,object_red_01,RED,-0.0260812428,0.337013325,0.0600833615,-0.0423221431,-0.00226475935,-9.72882919e-16,-3.55722594e-07,1.59935417e-06,0.000268699428,0.600023638,0.599976319,1,0.000334621278,-0.00215245823,-0.0115691215,0.00177038106
79.4,object_red_01,RED,-0.0277712167,0.336918238,0.0600833615,-0.0421762737,-0.00250074989,-5.4462663e-16,-3.39578043e-07,1.52676723e-06,0.000256504462,0.600032544,0.59996758,1,0.000336038815,-0.00215269988,-0.0115691215,0.00177061865
79.44,object_red_01,RED,-0.0294544163,0.33681081,0.0600833615,-0.0419859892,-0.00287484098,-6.90947529e-16,-3.05267802e-07,1.37250595e-06,0.000230587802,0.600041135,0.599959159,1,0.000336632249,-0.00215302548,-0.0115691215,0.00177094285
79.48,object_red_01,RED,-0.0311290952,0.336685549,0.0600833615,-0.0417524356,-0.0033850793,-7.87305194e-16,-2.7024293e-07,1.21503161e-06,0.000204131333,0.600049548,0.599950916,1,0.000336404612,-0.00215343396,-0.0115691215,0.00177135173
79.52,object_red_01,RED,-0.0327935298,0.336537122,0.0600833615,-0.0414769497,-0.00402081803,-9.40763698e-16,-2.12616057e-07,9.5593716e-07,0.00016060218,0.600056779,0.599943845,1,0.000335391448,-0.00215392304,-0.0115691215,0.00177184325
79.56,object_red_01,RED,-0.0344464394,0.336362288,0.0600833615,-0.041183468,-0.00468192826,-4.83956989e-16,-1.29866725e-08,5.83891191e-08,9.80966075e-06,0.600056683,0.599943982,1,0.000334042239,-0.00215445846,-0.0115691215,0.00177238284
79.6,object_red_01,RED,-0.036087874,0.336162238,0.0600833615,-0.0409070643,-0.00527545629,-6.51690702e-16,1.92818809e-07,-8.66927363e-07,-0.000145648092,0.600050986,0.599949608,1,0.00033294984,-0.00215498606,-0.0115691215,0.00177291455
79.64,object_red_01,RED,-0.0377189728,0.335940588,0.0600833615,-0.0406664859,-0.00576343747,-7.30204355e-16,3.13382608e-07,-1.40899083e-06,-0.000236717441,0.600043317,0.599957165,1,0.000332402012,-0.00215546508,-0.0115691215,0.00177339583
79.68,object_red_01,RED,-0.0393412804,0.335701931,0.0600833615,-0.0404653472,-0.0061302037,-8.22993218e-16,3.47603852e-07,-1.56285181e-06,-0.00026256685,0.600035732,0.59996462,1,0.000332519736,-0.00215587828,-0.0115691215,0.00177380843
79.72,object_red_01,RED,-0.040956323,0.335451275,0.0600833615,-0.0403007968,-0.00636911314,-4.44700163e-16,3.27302417e-07,-1.47157498e-06,-0.000247231892,0.600028917,0.599971295,1,0.000333352516,-0.00215622411,-0.0115691215,0.00177415071
79.76,object_red_01,RED,-0.0425654972,0.335193785,0.0600833615,-0.0401699162,-0.00647834498,-5.4462663e-16,2.82482863e-07,-1.27006303e-06,-0.000213376885,0.600022453,0.599977615,1,0.000334916386,-0.0021565057,-0.0115691215,0.00177442678
79.8,object_red_01,RED,-0.044170125,0.334934647,0.0600833615,-0.0400718822,-0.00645823326,-6.98085134e-16,2.30413599e-07,-1.03595591e-06,-0.000174045729,0.60001595,0.599983973,1,0.000337212028,-0.00215672477,-0.0115691215,0.00177464028
79.84,object_red_01,RED,-0.0457715379,0.334678987,0.0600833615,-0.040007767,-0.00631108125,-8.22993218e-16,1.7642886e-07,-7.93236686e-07,-0.000133267696,0.600009103,0.599990676,1,0.000340231623,-0.00215688012,-0.0115691215,0.00177479286
79.88,object_red_01,RED,-0.047371145,0.334431734,0.0600833615,-0.0399803912,-0.00605154345,-9.76451722e-16,1.21885246e-07,-5.48004713e-07,-9.20675084e-05,0.600001742,0.599997899,1,0.000343926654,-0.00215696724,-0.0115691215,0.00177488358
79.92,object_red_01,RED,-0.0489703343,0.334195485,0.0600833615,-0.0399812378,-0.00578188342,-5.16076211e-16,3.3401306e-09,-1.50174291e-08,-2.52300279e-06,0.59999894,0.600000653,1,0.000347835018,-0.00215700117,-0.0115691215,0.00177492971
79.96,object_red_01,RED,-0.0505695708,0.333968679,0.0600833615,-0.0399771165,-0.00558339226,-6.51690702e-16,-1.47891126e-07,6.64928946e-07,0.00011171136,0.600003078,0.599996577,1,0.000351430984,-0.0021570344,-0.0115691215,0.00177498177
80,object_red_01,RED,-0.0521680018,0.333747777,0.0600833615,-0.0399391212,-0.00548443516,-7.76598787e-16,-2.59289293e-07,1.16578302e-06,0.000195857328,0.600011452,0.599988315,1,0.000354478514,-0.00215711751,-0.0115691215,0.00177508653
80.04,object_red_01,RED,-0.0537639382,0.333528543,0.0600833615,-0.039853645,-0.0054953461,-9.26488488e-16,-3.06917865e-07,1.37992459e-06,0.000231834171,0.600021211,0.599978688,1,0.000356882631,-0.00215728115,-0.0115691215,0.00177527091
80.08,object_red_01,RED,-0.0553554038,0.333306497,0.0600833615,-0.039718218,-0.00561975282,-4.91094594e-16,-3.04226789e-07,1.36782543e-06,0.000229801451,0.600030834,0.599969204,1,0.00035860565,-0.00215753653,-0.0115691215,0.00177554312
80.12,object_red_01,RED,-0.0569404348,0.333077073,0.0600833615,-0.0395346953,-0.00585851869,-5.91021061e-16,-2.76584265e-07,1.2435427e-06,0.000208921336,0.60004011,0.599960072,1,0.00035963482,-0.00215788409,-0.0115691215,0.00177590148
80.16,object_red_01,RED,-0.0585171491,0.332835712,0.0600833615,-0.0393049021,-0.00621054827,-7.40910763e-16,-2.43293246e-07,1.09386389e-06,0.000183774555,0.600048916,0.599951411,1,0.000359969866,-0.00215832154,-0.0115691215,0.00177634249
80.2,object_red_01,RED,-0.0600837061,0.332577913,0.0600833615,-0.0390290436,-0.00667450765,-8.97938069e-16,-2.16806294e-07,9.74776639e-07,0.000163767307,0.60005818,0.599942291,1,0.000359615138,-0.0021588482,-0.0115691215,0.00177686512
80.24,object_red_01,RED,-0.0616382906,0.332299395,0.0600833615,-0.0387106472,-0.0072337977,-4.37562558e-16,-1.52835353e-07,6.87158813e-07,0.000115446086,0.60006453,0.599936068,1,0.000358626868,-0.00215945669,-0.0115691215,0.00177746302
80.28,object_red_01,RED,-0.0631797665,0.33199805,0.0600833615,-0.0383811813,-0.00779857001,-5.83883457e-16,2.61945043e-08,-1.17772334e-07,-1.97863359e-05,0.60006299,0.599937623,1,0.000357438348,-0.00216008794,-0.0115691215,0.00177808229
80.32,object_red_01,RED,-0.0647084689,0.331675296,0.0600833615,-0.03807495,-0.00830072172,-7.33773158e-16,1.93178497e-07,-8.68544511e-07,-0.000145919782,0.60005646,0.599944085,1,0.000356509217,-0.00216068015,-0.0115691215,0.00177866566
80.36,object_red_01,RED,-0.0662257157,0.331334276,0.0600833615,-0.0378077186,-0.00871351061,-8.62250045e-16,2.8349047e-07,-1.27459356e-06,-0.000214138035,0.600048227,0.599952221,1,0.000356050619,-0.00216120255,-0.0115691215,0.00177918382
80.4,object_red_01,RED,-0.0677331511,0.330978841,0.0600833615,-0.0375821122,-0.00902528588,-4.51837767e-16,3.03658759e-07,-1.36527149e-06,-0.000229372379,0.600040303,0.599960033,1,0.000356152606,-0.00216164635,-0.0115691215,0.00177962842
80.44,object_red_01,RED,-0.0692323967,0.330613151,0.0600833615,-0.0373957671,-0.00923116156,-5.3035142e-16,2.82243233e-07,-1.26898568e-06,-0.000213195885,0.600032865,0.599967352,1,0.000356851315,-0.00216201359,-0.0115691215,0.00178000192
80.48,object_red_01,RED,-0.0707249687,0.330241478,0.0600833615,-0.0372463377,-0.00932972551,-7.12360343e-16,2.43203055e-07,-1.09345824e-06,-0.000183706405,0.600025747,0.599974349,1,0.000358157859,-0.0021623085,-0.0115691215,0.00178030936
80.52,object_red_01,RED,-0.0722123246,0.3298681,0.0600833615,-0.037133185,-0.0093219328,-8.2656202e-16,1.99115804e-07,-8.95238811e-07,-0.000150404558,0.600018591,0.599981383,1,0.000360070715,-0.00216253322,-0.0115691215,0.0017805542
80.56,object_red_01,RED,-0.0736959287,0.329497238,0.0600833615,-0.0370570895,-0.00920970796,-9.5860771e-16,1.53932046e-07,-6.92089419e-07,-0.000116274453,0.600011268,0.599988585,1,0.000362582717,-0.00216268724,-0.0115691215,0.00178073779
80.6,object_red_01,RED,-0.0751772923,0.329133,0.0600833615,-0.0370196251,-0.00899688237,-5.08938606e-16,1.10641852e-07,-4.97453639e-07,-8.35746773e-05,0.600003398,0.599996337,1,0.000365679995,-0.00216276815,-0.0115691215,0.00178086006
80.64,object_red_01,RED,-0.0766579335,0.328778572,0.0600833615,-0.0370164139,-0.00873909392,-1.16916705e-15,3.84759138e-08,-1.72990415e-07,-2.90632475e-05,0.599998891,0.600000762,1,0.000369143855,-0.00216278986,-0.0115691215,0.00178093443
80.68,object_red_01,RED,-0.0781386747,0.328433777,0.0600833615,-0.0370184988,-0.00852228501,-7.58754775e-16,-8.39976515e-08,3.77659392e-07,6.344865e-05,0.600001002,0.599998674,1,0.000372482684,-0.00216281077,-0.0115691215,0.00178101247
80.72,object_red_01,RED,-0.0796190384,0.328096134,0.0600833615,-0.0369946508,-0.00838066601,-9.15782081e-16,-1.94265263e-07,8.73430375e-07,0.000146740634,0.600008208,0.599991549,1,0.000375424174,-0.00216288118,-0.0115691215,0.00178113837
80.76,object_red_01,RED,-0.0810975678,0.327762371,0.0600833615,-0.03692721,-0.00832497548,-5.55333037e-16,-2.53971143e-07,1.14187232e-06,0.000191840211,0.600017531,0.599982331,1,0.00037786064,-0.00216303138,-0.0115691215,0.00178133817
80.8,object_red_01,RED,-0.0825723744,0.327428955,0.0600833615,-0.0368107499,-0.00835925152,-5.87452259e-16,-2.64496084e-07,1.1891933e-06,0.000199790369,0.600027189,0.599972788,1,0.000379749315,-0.00216327391,-0.0115691215,0.00178162137
80.84,object_red_01,RED,-0.0840415008,0.327092252,0.0600833615,-0.0366459486,-0.00848484045,-7.44479565e-16,-2.45360013e-07,1.10315621e-06,0.00018533571,0.600036342,0.599963753,1,0.000381074043,-0.0021636101,-0.0115691215,0.00178198722
80.88,object_red_01,RED,-0.0855030541,0.326748604,0.0600833615,-0.0364346896,-0.00870174098,-8.62250045e-16,-2.1668533e-07,9.74232785e-07,0.000163675937,0.600045423,0.599954793,1,0.000381830896,-0.00216403741,-0.0115691215,0.00178243179
80.92,object_red_01,RED,-0.0869552053,0.326394394,0.0600833615,-0.0361782051,-0.00900817553,-4.33993755e-16,-1.88976386e-07,8.49651387e-07,0.000142745644,0.600054103,0.599946232,1,0.000382024345,-0.00216455322,-0.0115691215,0.00178295187
80.96,object_red_01,RED,-0.0883961472,0.326026077,0.0600833615,-0.0358764088,-0.00940234883,-5.48195432e-16,-1.68552163e-07,7.57822596e-07,0.000127317952,0.600063127,0.599937326,1,0.000381661383,-0.00216515706,-0.0115691215,0.00178354697
81,object_red_01,RED,-0.089824105,0.325640316,0.0600833615,-0.0355336205,-0.00986995303,-7.08791541e-16,-1.14357062e-07,5.14157624e-07,8.63810286e-05,0.600069061,0.599931494,1,0.000380792174,-0.00216583922,-0.0115691215,0.0017842089
81.04,object_red_01,RED,-0.0912380435,0.325235566,0.0600833615,-0.0351828157,-0.0103384168,-8.01580404e-16,3.59447901e-08,-1.61610345e-07,-2.7151339e-05,0.600066862,0.599933702,1,0.000379773862,-0.00216652888,-0.0115691215,0.00178487546
81.08,object_red_01,RED,-0.092638387,0.324813047,0.0600833615,-0.034856403,-0.0107559789,-9.62176512e-16,1.72445304e-07,-7.75326548e-07,-0.000130258702,0.600060395,0.59994011,1,0.000378969361,-0.00216716345,-0.0115691215,0.00178549217
81.12,object_red_01,RED,-0.0940264626,0.324375283,0.0600833615,-0.0345686206,-0.0111020777,-5.73177049e-16,2.44952107e-07,-1.10132228e-06,-0.000185027602,0.600052261,0.599948163,1,0.000378543998,-0.00216771926,-0.0115691215,0.00178603859
81.16,object_red_01,RED,-0.0954038911,0.323925343,0.0600833615,-0.0343218569,-0.0113678099,-6.30277888e-16,2.59610185e-07,-1.16722595e-06,-0.000196099745,0.600044454,0.599955878,1,0.000378567798,-0.00216819256,-0.0115691215,0.00178651219
81.2,object_red_01,RED,-0.0967722792,0.323466542,0.0600833615,-0.0341142346,-0.0115489943,-7.94442799e-16,2.4131881e-07,-1.08498657e-06,-0.000182283122,0.600036994,0.599963241,1,0.00037906976,-0.00216858721,-0.0115691215,0.00178691748
81.24,object_red_01,RED,-0.0981331478,0.32300229,0.0600833615,-0.033943805,-0.0116445976,-9.22919686e-16,2.09344406e-07,-9.41227364e-07,-0.000158130863,0.600029832,0.599970303,1,0.00038005843,-0.00216890793,-0.0115691215,0.00178725977
81.28,object_red_01,RED,-0.0994879665,0.322535999,0.0600833615,-0.0338099114,-0.0116554634,-4.83956989e-16,1.73806483e-07,-7.8144632e-07,-0.000131286856,0.600022629,0.599977406,1,0.000381531709,-0.00216915729,-0.0115691215,0.00178754237
81.32,object_red_01,RED,-0.100838202,0.322071019,0.0600833615,-0.0337129044,-0.0115835634,-5.98158666e-16,1.37318629e-07,-6.17394328e-07,-0.000103725308,0.600015474,0.599984462,1,0.00038348242,-0.00216933562,-0.0115691215,0.00178776663
81.36,object_red_01,RED,-0.102185347,0.321610621,0.0600833615,-0.033653649,-0.0114308296,-7.30204355e-16,1.0005066e-07,-4.49834886e-07,-7.55744907e-05,0.600007863,0.599991977,1,0.000385902433,-0.00216944173,-0.0115691215,0.00178793273
81.4,object_red_01,RED,-0.103530926,0.321157908,0.0600833615,-0.0336324259,-0.0112077151,-8.51543637e-16,6.34086638e-08,-2.85089858e-07,-4.78965096e-05,0.600000984,0.599998764,1,0.000388757475,-0.00216947634,-0.0115691215,0.00178804235
81.44,object_red_01,RED,-0.104876231,0.320714493,0.0600833615,-0.0336338637,-0.0109795684,-5.23213816e-16,-1.20551593e-08,5.42008626e-08,9.10601338e-06,0.599999419,0.600000293,1,0.000391753313,-0.00216948212,-0.0115691215,0.00178813177
81.48,object_red_01,RED,-0.106221508,0.320279313,0.0600833615,-0.0336265623,-0.0107981029,-5.5890184e-16,-1.12273809e-07,5.04791005e-07,8.48073913e-05,0.600003707,0.599996045,1,0.000394545409,-0.00216952108,-0.0115691215,0.00178825317
81.52,object_red_01,RED,-0.107565872,0.319850107,0.0600833615,-0.0335869798,-0.0106791261,-7.5161717e-16,-1.87627618e-07,8.43587095e-07,0.000141726814,0.600011436,0.599988391,1,0.000396983215,-0.00216962798,-0.0115691215,0.00178843554
81.56,object_red_01,RED,-0.108907763,0.319424251,0.0600833615,-0.0335041585,-0.0106277288,-8.37268428e-16,-2.19480384e-07,9.86799459e-07,0.000165787201,0.600020288,0.599979628,1,0.000399007768,-0.0021698195,-0.0115691215,0.0017886922
81.6,object_red_01,RED,-0.110245385,0.318998993,0.0600833615,-0.0333759049,-0.0106458569,-9.5860771e-16,-2.15822923e-07,9.70355307e-07,0.000163024501,0.600029028,0.599970982,1,0.000400596069,-0.00217009994,-0.0115691215,0.00178902523
81.64,object_red_01,RED,-0.111576945,0.318571537,0.0600833615,-0.0332035189,-0.0107342026,-5.01801001e-16,-1.94534137e-07,8.74639428e-07,0.000146943759,0.60003757,0.599962536,1,0.000401740076,-0.00217046748,-0.0115691215,0.00178943138
81.68,object_red_01,RED,-0.112900714,0.318139082,0.0600833615,-0.0329886853,-0.0108921609,-1.21199268e-15,-1.68885223e-07,7.59320078e-07,0.000127569537,0.600045741,0.599954461,1,0.00040243983,-0.00217091884,-0.0115691215,0.00178990653
81.72,object_red_01,RED,-0.114215014,0.317698869,0.0600833615,-0.0327322405,-0.0111183488,-7.69461182e-16,-1.46610554e-07,6.59171555e-07,0.000110744088,0.600053756,0.599946542,1,0.00040270014,-0.00217145179,-0.0115691215,0.0017904481
81.76,object_red_01,RED,-0.115518186,0.317248213,0.0600833615,-0.0324343549,-0.0114106802,-8.47974835e-16,-1.29938612e-07,5.84213305e-07,9.81507306e-05,0.600062049,0.599938342,1,0.000402528828,-0.0021720654,-0.0115691215,0.00179105527
81.8,object_red_01,RED,-0.116808574,0.316784526,0.0600833615,-0.0320956555,-0.0117651993,-4.94663396e-16,-1.0990508e-07,4.94141126e-07,8.30181584e-05,0.600068996,0.599931486,1,0.000401939327,-0.00217275793,-0.0115691215,0.00179172688
81.84,object_red_01,RED,-0.118084863,0.316305945,0.0600833615,-0.0317367024,-0.0121431875,-5.33920223e-16,-1.1223361e-08,5.04610683e-08,8.47770925e-06,0.600069642,0.599930876,1,0.000401102907,-0.00217348156,-0.0115691215,0.00179242139
81.88,object_red_01,RED,-0.119347009,0.315812743,0.0600833615,-0.0313922296,-0.0124924478,-7.3734196e-16,1.11276464e-07,-5.00307014e-07,-8.40540577e-05,0.6000645,0.599935985,1,0.000400345662,-0.00217415969,-0.0115691215,0.0017930735
81.92,object_red_01,RED,-0.120596024,0.315306568,0.0600833615,-0.0310802069,-0.0127920358,-8.4083723e-16,1.8893179e-07,-8.49450919e-07,-0.000142711964,0.600057414,0.599943012,1,0.00039984137,-0.00217476279,-0.0115691215,0.00179365935
81.96,object_red_01,RED,-0.121833346,0.314789632,0.0600833615,-0.0308059215,-0.0130324721,-4.51837767e-16,2.15709542e-07,-9.69845551e-07,-0.00016293886,0.600050049,0.599950306,1,0.000399665068,-0.00217528562,-0.0115691215,0.00179417595
82,object_red_01,RED,-0.123060481,0.314264403,0.0600833615,-0.030568686,-0.0132093465,-5.5890184e-16,2.08784967e-07,-9.38712117e-07,-0.000157708289,0.600042922,0.599957357,1,0.000399848355,-0.00217573197,-0.0115691215,0.00179462803
82.04,object_red_01,RED,-0.124278872,0.313733468,0.0600833615,-0.0303667032,-0.0133209092,-7.40910763e-16,1.86425798e-07,-8.38183674e-07,-0.000140819012,0.600036189,0.599964011,1,0.000400402811,-0.00217610702,-0.0115691215,0.00179502127
82.08,object_red_01,RED,-0.125489903,0.31319944,0.0600833615,-0.0301989074,-0.0133674499,-8.22993218e-16,1.59470619e-07,-7.16991267e-07,-0.000120458087,0.600029567,0.599970553,1,0.000401328806,-0.00217641438,-0.0115691215,0.00179535963
82.12,object_red_01,RED,-0.126694937,0.312664896,0.0600833615,-0.0300651168,-0.0133501905,-9.19350883e-16,1.31762554e-07,-5.92413826e-07,-9.95284596e-05,0.600022865,0.599977178,1,0.000402621487,-0.0021766556,-0.0115691215,0.00179564503
82.16,object_red_01,RED,-0.127895336,0.312132344,0.0600833615,-0.0299655686,-0.0132711865,2.63817558e-17,1.03360749e-07,-4.64717286e-07,-7.80748081e-05,0.600016123,0.599983843,1,0.000404273144,-0.00217683084,-0.0115691215,0.00179587817
82.2,object_red_01,RED,-0.129092479,0.311604216,0.0600833615,-0.0299006142,-0.0131324351,-6.55259505e-16,7.34837199e-08,-3.30388036e-07,-5.5506828e-05,0.60000944,0.599990452,1,0.000406275618,-0.00217693965,-0.0115691215,0.0017960593
82.24,object_red_01,RED,-0.130287755,0.311082842,0.0600833615,-0.0298704611,-0.0129377185,-7.87305194e-16,4.50541392e-08,-2.02566615e-07,-3.40321955e-05,0.600002654,0.599997165,1,0.000408615453,-0.0021769819,-0.0115691215,0.00179618893
82.28,object_red_01,RED,-0.131482418,0.310569813,0.0600833615,-0.0298648212,-0.012726807,-9.01506871e-16,-2.3521752e-09,1.05755515e-08,1.77674518e-06,0.600000463,0.599999312,1,0.000411130097,-0.00217698879,-0.0115691215,0.00179629316
82.32,object_red_01,RED,-0.132676889,0.310064677,0.0600833615,-0.029856555,-0.0125458675,-4.66112977e-16,-7.78285501e-08,3.4992269e-07,5.87887467e-05,0.600003233,0.599996562,1,0.000413534867,-0.00217702362,-0.0115691215,0.00179642434
82.36,object_red_01,RED,-0.133870564,0.309565854,0.0600833615,-0.0298234642,-0.0124099691,-6.05296271e-16,-1.42558259e-07,6.40952062e-07,0.000107683123,0.600009494,0.599990355,1,0.000415689635,-0.00217711941,-0.0115691215,0.00179660911
82.4,object_red_01,RED,-0.135062179,0.30907145,0.0600833615,-0.0297542812,-0.0123228619,-7.3734196e-16,-1.74608836e-07,7.85053785e-07,0.000131892927,0.600017023,0.599982893,1,0.000417541915,-0.00217729001,-0.0115691215,0.00179685816
82.44,object_red_01,RED,-0.136250203,0.308579477,0.0600833615,-0.029645849,-0.012286091,-8.83662859e-16,-1.76253126e-07,7.92446659e-07,0.000133134967,0.600024711,0.599975277,1,0.000419071198,-0.00217753907,-0.0115691215,0.0017971733
82.48,object_red_01,RED,-0.137433076,0.308087905,0.0600833615,-0.0294988721,-0.0123003015,-4.69681779e-16,-1.60197729e-07,7.20260462e-07,0.000121007328,0.600032006,0.599968056,1,0.00042026999,-0.00217786486,-0.0115691215,0.00179755162
82.52,object_red_01,RED,-0.138609287,0.307594693,0.0600833615,-0.0293148223,-0.0123654445,-6.16002678e-16,-1.38920753e-07,6.24597661e-07,0.000104935503,0.600039246,0.599960891,1,0.000421137262,-0.00217826421,-0.0115691215,0.00179798927
82.56,object_red_01,RED,-0.13977738,0.307097824,0.0600833615,-0.0290949131,-0.0124804148,-7.48048367e-16,-1.18647474e-07,5.33447541e-07,8.96218312e-05,0.600046066,0.599954144,1,0.000421676778,-0.00217873421,-0.0115691215,0.00179848302
82.6,object_red_01,RED,-0.140935932,0.306595333,0.0600833615,-0.0288395769,-0.0126438594,-8.69387649e-16,-1.03132336e-07,4.63690371e-07,7.7902281e-05,0.600053067,0.599947215,1,0.000421894227,-0.00217927344,-0.0115691215,0.00179903144
82.64,object_red_01,RED,-0.142083532,0.306085324,0.0600833615,-0.028549079,-0.0128537296,-4.37562558e-16,-9.146613e-08,4.11238269e-07,6.90900674e-05,0.600059996,0.599940357,1,0.000421797222,-0.00217988101,-0.0115691215,0.00179963387
82.68,object_red_01,RED,-0.143218774,0.305565977,0.0600833615,-0.0282235764,-0.0131080284,-5.33920223e-16,-8.19922954e-08,3.68643228e-07,6.19338894e-05,0.60006648,0.599933941,1,0.00042139383,-0.00218055638,-0.0115691215,0.00180029022
82.72,object_red_01,RED,-0.144340425,0.305035794,0.0600833615,-0.0278754333,-0.0133872647,-2.19865611e-16,-2.07950365e-08,9.34959929e-08,1.570779e-05,0.600068089,0.599932373,1,0.000420764942,-0.00218127003,-0.0115691215,0.00180097481
82.76,object_red_01,RED,-0.145448238,0.304494667,0.0600833615,-0.0275355305,-0.0136513492,-8.4083723e-16,7.57819048e-08,-3.40720903e-07,-5.72428004e-05,0.600064103,0.59993634,1,0.000420148628,-0.00218194781,-0.0115691215,0.00180162438
82.8,object_red_01,RED,-0.146542965,0.303943636,0.0600833615,-0.0272215885,-0.0138823276,-9.69314117e-16,1.43251807e-07,-6.44070421e-07,-0.000108207023,0.600058399,0.599942001,1,0.000419694022,-0.00218255847,-0.0115691215,0.00180221424
82.84,object_red_01,RED,-0.1476258,0.303384215,0.0600833615,-0.0269396591,-0.014071942,-5.08938606e-16,1.70872182e-07,-7.68253575e-07,-0.000129070409,0.600051976,0.599948372,1,0.000419466975,-0.00218309713,-0.0115691215,0.0018027423
82.88,object_red_01,RED,-0.148698036,0.302818152,0.0600833615,-0.0266898736,-0.0142163002,-6.65965912e-16,1.69763615e-07,-7.63269333e-07,-0.000128233031,0.600045803,0.599954488,1,0.000419495869,-0.00218356759,-0.0115691215,0.00180321349
82.92,object_red_01,RED,-0.149760932,0.302247298,0.0600833615,-0.0264708612,-0.014313648,-7.83736392e-16,1.54825128e-07,-6.96104827e-07,-0.000116949062,0.600039946,0.599960286,1,0.000419791434,-0.00218397497,-0.0115691215,0.00180363339
82.96,object_red_01,RED,-0.150815692,0.301673541,0.0600833615,-0.0262814978,-0.0143639102,-9.01506871e-16,1.35485065e-07,-6.09150514e-07,-0.000102340306,0.600034205,0.599965967,1,0.000420354975,-0.00218432312,-0.0115691215,0.00180400605
83,object_red_01,RED,-0.151863491,0.301098749,0.0600833615,-0.0261213068,-0.014367926,-5.66039444e-16,1.15373212e-07,-5.18726192e-07,-8.71485715e-05,0.600028501,0.599971612,1,0.000421183163,-0.00218461413,-0.0115691215,0.00180433364
83.04,object_red_01,RED,-0.152905493,0.300524739,0.0600833615,-0.0259902003,-0.014327335,-6.55259505e-16,9.51720861e-08,-4.27900488e-07,-7.18894031e-05,0.600022852,0.599977203,1,0.000422269684,-0.00218484886,-0.0115691215,0.00180461708
83.08,object_red_01,RED,-0.153942863,0.299953262,0.0600833615,-0.0258882194,-0.0142436647,-8.01580404e-16,7.41062729e-08,-3.3318709e-07,-5.59770825e-05,0.600017142,0.599982858,1,0.000423607849,-0.00218502751,-0.0115691215,0.00180485676
83.12,object_red_01,RED,-0.154976763,0.299386004,0.0600833615,-0.0258152409,-0.0141187289,-9.08644476e-16,5.14474352e-08,-2.31311335e-07,-3.88614509e-05,0.60001142,0.599988525,1,0.000425190357,-0.00218515034,-0.0115691215,0.00180505314
83.16,object_red_01,RED,-0.15600835,0.298824584,0.0600833615,-0.0257711016,-0.0139540686,-4.73250582e-16,2.74465104e-08,-1.23401464e-07,-2.07320577e-05,0.600005927,0.599993966,1,0.00042701058,-0.00218521758,-0.0115691215,0.00180520677
83.2,object_red_01,RED,-0.157038742,0.298270403,0.0600833615,-0.0257523355,-0.0137639693,-6.05296271e-16,3.6639621e-09,-1.64734336e-08,-2.76761847e-06,0.600002247,0.5999976,1,0.00042901694,-0.00218524022,-0.0115691215,0.00180532683
83.24,object_red_01,RED,-0.158068576,0.297723635,0.0600833615,-0.0257390338,-0.0135874268,-7.05222739e-16,-4.48989901e-08,2.0186905e-07,3.39150012e-05,0.600003404,0.599996441,1,0.000431007583,-0.0021852737,-0.0115691215,0.00180545914
83.28,object_red_01,RED,-0.159097624,0.297183339,0.0600833615,-0.0257110928,-0.013440086,-9.01506871e-16,-9.6971683e-08,4.35991587e-07,7.3248748e-05,0.600007559,0.599992318,1,0.000432846796,-0.00218535399,-0.0115691215,0.0018056326
83.32,object_red_01,RED,-0.160125023,0.296648249,0.0600833615,-0.0256566157,-0.0133256605,-4.62544175e-16,-1.29504379e-07,5.82260922e-07,9.78227211e-05,0.60001336,0.599986564,1,0.000434483082,-0.00218549435,-0.0115691215,0.00180585731
83.36,object_red_01,RED,-0.161149598,0.29611703,0.0600833615,-0.025571184,-0.0132450429,-5.33920223e-16,-1.37489149e-07,6.18161035e-07,0.000103854118,0.600019508,0.599980467,1,0.000435897378,-0.00218569854,-0.0115691215,0.00180613547
83.4,object_red_01,RED,-0.162170099,0.295588313,0.0600833615,-0.0254545591,-0.0131988504,-2.51984832e-16,-1.28313795e-07,5.76908006e-07,9.69234047e-05,0.600025531,0.599974498,1,0.000437082293,-0.00218596549,-0.0115691215,0.00180646507
83.44,object_red_01,RED,-0.163185299,0.295060717,0.0600833615,-0.0253079467,-0.0131872358,-8.22993218e-16,-1.11562777e-07,5.01594241e-07,8.42703185e-05,0.600031164,0.599968919,1,0.00043803617,-0.00218629224,-0.0115691215,0.00180684261
83.48,object_red_01,RED,-0.164194026,0.294532866,0.0600833615,-0.0251324329,-0.0132098411,-9.5860771e-16,-9.48786028e-08,4.26580986e-07,7.16677202e-05,0.600036855,0.599963282,1,0.000438760658,-0.00218667617,-0.0115691215,0.00180726521
83.52,object_red_01,RED,-0.165195141,0.29400341,0.0600833615,-0.0249288746,-0.013265546,-5.62470642e-16,-8.01844101e-08,3.6051485e-07,6.05682819e-05,0.600042208,0.599957981,1,0.000439260178,-0.00218711508,-0.0115691215,0.00180773065
83.56,object_red_01,RED,-0.166187532,0.293471052,0.0600833615,-0.02469768,-0.0133531565,-6.481219e-16,-6.90405435e-08,3.10411219e-07,5.21506237e-05,0.600047592,0.599952649,1,0.000439540055,-0.0021876078,-0.0115691215,0.00180823788
83.6,object_red_01,RED,-0.167170103,0.292934548,0.0600833615,-0.0244392619,-0.0134711352,-7.90873996e-16,-6.05104052e-08,2.72059113e-07,4.57072795e-05,0.600052999,0.599947292,1,0.000439606536,-0.00218815334,-0.0115691215,0.00180878615
83.64,object_red_01,RED,-0.16814177,0.29239271,0.0600833615,-0.0241539141,-0.0136180983,-9.3005729e-16,-5.42024958e-08,2.43698299e-07,4.09425223e-05,0.600057933,0.599942407,1,0.000439465463,-0.00218875111,-0.0115691215,0.00180937516
83.68,object_red_01,RED,-0.169101468,0.291844413,0.0600833615,-0.0238426572,-0.0137920117,-4.87525791e-16,-4.50447125e-08,2.02524256e-07,3.4025079e-05,0.60006268,0.599937705,1,0.000439125371,-0.00218939884,-0.0115691215,0.0018100032
83.72,object_red_01,RED,-0.170048413,0.29128889,0.0600833615,-0.023521191,-0.0139739413,-6.19571481e-16,1.19237738e-08,-5.36101401e-08,-9.00676924e-06,0.600061984,0.599938416,1,0.000438673355,-0.00219005732,-0.0115691215,0.00181063597
83.76,object_red_01,RED,-0.1709827,0.290726342,0.0600833615,-0.0232118637,-0.0141417128,-7.73029984e-16,7.76975672e-08,-3.49333842e-07,-5.86898169e-05,0.60005846,0.599941919,1,0.000438262261,-0.00219067279,-0.0115691215,0.00181122814
83.8,object_red_01,RED,-0.171905074,0.290157561,0.0600833615,-0.0229252787,-0.0142857873,-8.58681242e-16,1.17839986e-07,-5.29817025e-07,-8.90118863e-05,0.600053593,0.599946753,1,0.000437973034,-0.00219122977,-0.0115691215,0.0018117686
83.84,object_red_01,RED,-0.172816516,0.289583596,0.0600833615,-0.0226641731,-0.0144016717,-4.76819384e-16,1.30539679e-07,-5.86915737e-07,-9.8604753e-05,0.600048518,0.599951789,1,0.000437841127,-0.00219172902,-0.0115691215,0.00181225992
83.88,object_red_01,RED,-0.173718046,0.289005635,0.0600833615,-0.0224281572,-0.0144869349,-5.4462663e-16,1.26247943e-07,-5.67619771e-07,-9.53629353e-05,0.600043808,0.599956458,1,0.000437882058,-0.00219217491,-0.0115691215,0.00181270728
83.92,object_red_01,RED,-0.174610642,0.288424925,0.0600833615,-0.0222161621,-0.0145406414,-7.23066751e-16,1.15020749e-07,-5.17141502e-07,-8.68823357e-05,0.600039123,0.599961101,1,0.000438100898,-0.00219257168,-0.0115691215,0.0018131152
83.96,object_red_01,RED,-0.175495247,0.287842726,0.0600833615,-0.0220273542,-0.014562984,-8.2656202e-16,1.01690515e-07,-4.57207819e-07,-7.68131796e-05,0.600034698,0.599965485,1,0.000438497079,-0.00219292233,-0.0115691215,0.00181348667
84,object_red_01,RED,-0.17637278,0.287260279,0.0600833615,-0.021861352,-0.0145548049,-9.72882919e-16,8.8643816e-08,-3.98548925e-07,-6.6958195e-05,0.600030255,0.599969887,1,0.000439067115,-0.00219322841,-0.0115691215,0.00181382318
84.04,object_red_01,RED,-0.177244147,0.28667878,0.0600833615,-0.0217179392,-0.0145172726,-5.3035142e-16,7.5382856e-08,-3.38926699e-07,-5.69413655e-05,0.60002587,0.599974232,1,0.000439806072,-0.00219349081,-0.0115691215,0.00181412551
84.08,object_red_01,RED,-0.178110249,0.286099375,0.0600833615,-0.0215968972,-0.014451662,-6.12433876e-16,6.13996026e-08,-2.76056995e-07,-4.63789435e-05,0.600021485,0.599978578,1,0.000440708503,-0.00219371013,-0.0115691215,0.00181439416
84.12,object_red_01,RED,-0.178971974,0.285523163,0.0600833615,-0.0214979212,-0.014359175,-7.80167589e-16,4.62253473e-08,-2.07832458e-07,-3.49168835e-05,0.600017318,0.599982708,1,0.000441769163,-0.00219388693,-0.0115691215,0.00181462963
84.16,object_red_01,RED,-0.179830197,0.284951198,0.0600833615,-0.0214206776,-0.0142408284,-8.87231661e-16,2.99268398e-08,-1.34553202e-07,-2.26056049e-05,0.600012991,0.599986999,1,0.000442983195,-0.00219402182,-0.0115691215,0.00181483255
84.2,object_red_01,RED,-0.180685778,0.284384485,0.0600833615,-0.0213646889,-0.0140979823,-5.08938606e-16,1.24794883e-08,-5.61086665e-08,-9.42653405e-06,0.600008982,0.599990973,1,0.000444344989,-0.00219411571,-0.0115691215,0.00181500379
84.24,object_red_01,RED,-0.181539559,0.283823968,0.0600833615,-0.0213292817,-0.0139335749,-6.76672319e-16,-2.02386514e-09,9.09944311e-09,1.52875161e-06,0.600005289,0.599994633,1,0.000445843917,-0.00219417044,-0.0115691215,0.00181514494
84.28,object_red_01,RED,-0.182392201,0.283270108,0.0600833615,-0.0213043575,-0.0137696223,-7.69461182e-16,-2.56919149e-08,1.15512678e-07,1.94067027e-05,0.600004833,0.599995073,1,0.000447384304,-0.00219421705,-0.0115691215,0.00181528164
84.32,object_red_01,RED,-0.183243773,0.282722479,0.0600833615,-0.0212737378,-0.0136224974,-9.33626093e-16,-6.04952354e-08,2.71990887e-07,4.56958175e-05,0.600007236,0.599992685,1,0.000448850474,-0.00219429337,-0.0115691215,0.00181544487
84.36,object_red_01,RED,-0.184093799,0.282180311,0.0600833615,-0.0212266181,-0.0134956356,-4.87525791e-16,-8.78488569e-08,3.94974722e-07,6.63577111e-05,0.60001102,0.599988929,1,0.000450194606,-0.00219441271,-0.0115691215,0.0018156448
84.4,object_red_01,RED,-0.184941499,0.281642784,0.0600833615,-0.0211580359,-0.0133894828,-6.05296271e-16,-9.88606319e-08,4.44484462e-07,7.46755926e-05,0.600015428,0.599984555,1,0.000451400323,-0.00219457856,-0.0115691215,0.00181588367
84.44,object_red_01,RED,-0.185785981,0.281109066,0.0600833615,-0.0210669136,-0.0133041949,-7.48048367e-16,-9.57802098e-08,4.30634676e-07,7.23487599e-05,0.600019796,0.599980223,1,0.000452461772,-0.00219479051,-0.0115691215,0.00181616039
84.48,object_red_01,RED,-0.186626354,0.280578315,0.0600833615,-0.0209538485,-0.0132400706,-8.30130823e-16,-8.47363775e-08,3.80980817e-07,6.4006666e-05,0.600023983,0.599976071,1,0.000453376951,-0.00219504644,-0.0115691215,0.00181647251
84.52,object_red_01,RED,-0.187461762,0.280049686,0.0600833615,-0.0208198327,-0.0131970273,-4.30424953e-16,-7.15781721e-08,3.21820584e-07,5.40674532e-05,0.600027971,0.599972119,1,0.000454146479,-0.00219534395,-0.0115691215,0.00181681743
84.56,object_red_01,RED,-0.188291384,0.279522343,0.0600833615,-0.020665695,-0.0131745875,-5.73177049e-16,-5.95216024e-08,2.67613383e-07,4.49603751e-05,0.600031903,0.599968222,1,0.000454772887,-0.002195681,-0.0115691215,0.00181719309
84.6,object_red_01,RED,-0.189114429,0.27899548,0.0600833615,-0.0204920234,-0.0131719153,-7.30204355e-16,-4.94750802e-08,2.22443503e-07,3.73716112e-05,0.600035525,0.599964635,1,0.000455259942,-0.00219605611,-0.0115691215,0.00181759813
84.64,object_red_01,RED,-0.189930123,0.278468324,0.0600833615,-0.0202991546,-0.0131881318,-7.94442799e-16,-4.20009682e-08,1.88839361e-07,3.17259487e-05,0.600039397,0.599960796,1,0.000455611729,-0.00219646846,-0.0115691215,0.00181803184
84.68,object_red_01,RED,-0.190737709,0.277940143,0.0600833615,-0.0200876429,-0.0132221137,-1.47965286e-15,-3.55471902e-08,1.59822714e-07,2.68510078e-05,0.600042893,0.599957332,1,0.000455833021,-0.00219691685,-0.0115691215,0.00181849328
84.72,object_red_01,RED,-0.191536449,0.277410243,0.0600833615,-0.0198578516,-0.013273061,-5.55333037e-16,-3.08679534e-08,1.3878453e-07,2.33164889e-05,0.600046475,0.59995378,1,0.000455927962,-0.00219740056,-0.0115691215,0.00181898196
84.76,object_red_01,RED,-0.192325623,0.276877968,0.0600833615,-0.0196103376,-0.0133399713,-6.40984295e-16,-2.71743967e-08,1.22178028e-07,2.0526514e-05,0.600049992,0.599950293,1,0.000455901038,-0.00219791854,-0.0115691215,0.00181949708
84.8,object_red_01,RED,-0.193104532,0.276342694,0.0600833615,-0.0193455625,-0.013421966,-7.98011601e-16,-2.42834924e-08,1.09180319e-07,1.83428349e-05,0.600053019,0.599947295,1,0.000455756354,-0.0021984699,-0.0115691215,0.00182003805
84.84,object_red_01,RED,-0.193872541,0.275803878,0.0600833615,-0.0190680181,-0.0135145675,-9.33626093e-16,-3.93423458e-09,1.76886027e-08,2.97177302e-06,0.600054357,0.599945977,1,0.000455513665,-0.00219904362,-0.0115691215,0.00182059514
84.88,object_red_01,RED,-0.194629479,0.275261408,0.0600833615,-0.0187943298,-0.0136029807,9.06201992e-17,4.07057583e-08,-1.83016013e-07,-3.07475971e-05,0.600052165,0.599948162,1,0.000455259499,-0.00219959663,-0.0115691215,0.00182113088
84.92,object_red_01,RED,-0.195375743,0.274715632,0.0600833615,-0.0185346702,-0.0136796577,-6.26709085e-16,7.40167592e-08,-3.32784656e-07,-5.59094716e-05,0.600049114,0.599951193,1,0.000455059918,-0.00220010871,-0.0115691215,0.00182162926
84.96,object_red_01,RED,-0.196111987,0.274167107,0.0600833615,-0.0182925979,-0.013740783,-7.62323577e-16,8.86222131e-08,-3.98451807e-07,-6.69418786e-05,0.60004557,0.599954714,1,0.000454945258,-0.00220057824,-0.0115691215,0.00182209056
85,object_red_01,RED,-0.196838923,0.273616501,0.0600833615,-0.0180683236,-0.0137842959,-8.72956452e-16,8.95378735e-08,-4.02568685e-07,-6.76335343e-05,0.600042094,0.599958164,1,0.000454929134,-0.00220100855,-0.0115691215,0.00182251892
85.04,object_red_01,RED,-0.19755725,0.273064544,0.0600833615,-0.0178611682,-0.0138091684,-4.69681779e-16,8.39737993e-08,-3.77552199e-07,-6.34306409e-05,0.600038901,0.599961331,1,0.000455016889,-0.00220140315,-0.0115691215,0.00182291818
85.08,object_red_01,RED,-0.198267638,0.272511988,0.0600833615,-0.0176704476,-0.0138152372,-5.62470642e-16,7.67420591e-08,-3.4503778e-07,-5.79680574e-05,0.600035641,0.599964564,1,0.000455209149,-0.00220176468,-0.0115691215,0.00182329104
85.12,object_red_01,RED,-0.198970732,0.271959576,0.0600833615,-0.0174956346,-0.0138029441,-7.12360343e-16,6.90485422e-08,-3.10447171e-07,-5.21566638e-05,0.600032647,0.599967532,1,0.000455503964,-0.00220209494,-0.0115691215,0.00182363918
85.16,object_red_01,RED,-0.199667164,0.27140803,0.0600833615,-0.0173364682,-0.0137729865,-7.90873996e-16,6.18869783e-08,-2.78248276e-07,-4.67470893e-05,0.600029594,0.599970559,1,0.00045589825,-0.00220239484,-0.0115691215,0.00182396335
85.2,object_red_01,RED,-0.200357552,0.270858039,0.0600833615,-0.0171926537,-0.0137262012,-9.62176512e-16,5.43234176e-08,-2.44241959e-07,-4.10338596e-05,0.600026632,0.599973498,1,0.000456388342,-0.00220266514,-0.0115691215,0.00182426418
85.24,object_red_01,RED,-0.201042504,0.270310257,0.0600833615,-0.0170638811,-0.0136634081,-5.91021061e-16,4.62094498e-08,-2.0776098e-07,-3.49048746e-05,0.600023717,0.599976389,1,0.000456970518,-0.00220290651,-0.0115691215,0.00182454214
85.28,object_red_01,RED,-0.201722615,0.269765311,0.0600833615,-0.0169497712,-0.0135853374,-6.51690702e-16,3.730502e-08,-1.67726033e-07,-2.81788048e-05,0.600020928,0.599979156,1,0.000457641319,-0.00220311966,-0.0115691215,0.0018247978
85.32,object_red_01,RED,-0.202398463,0.269223796,0.0600833615,-0.0168499378,-0.0134926659,-7.83736392e-16,2.77521305e-08,-1.24775558e-07,-2.09629122e-05,0.60001813,0.599981932,1,0.000458397374,-0.00220330531,-0.0115691215,0.00182503179
85.36,object_red_01,RED,-0.203070609,0.268686281,0.0600833615,-0.0167639622,-0.0133862022,-8.87231661e-16,1.7692855e-08,-7.95483396e-08,-1.33645154e-05,0.600015518,0.599984524,1,0.000459235064,-0.00220346428,-0.0115691215,0.00182524478
85.4,object_red_01,RED,-0.203739602,0.268153303,0.0600833615,-0.0166914822,-0.0132665076,-5.76745852e-16,7.06430544e-09,-3.17616178e-08,-5.33610916e-06,0.600012869,0.599987152,1,0.000460151294,-0.00220359724,-0.0115691215,0.00182543734
85.44,object_red_01,RED,-0.20440597,0.267625377,0.0600833615,-0.016632047,-0.0131343429,-6.08865073e-16,-4.08113937e-09,1.83490949e-08,3.08273872e-06,0.600010349,0.599989653,1,0.00046114272,-0.00220370504,-0.0115691215,0.00182561022
85.48,object_red_01,RED,-0.205070228,0.267102985,0.0600833615,-0.016585204,-0.0129910453,-7.40910763e-16,-1.29761707e-08,5.83417966e-08,9.8017106e-06,0.600008147,0.599991836,1,0.000462204296,-0.00220378873,-0.0115691215,0.00182576427
85.52,object_red_01,RED,-0.205732796,0.266586374,0.0600833615,-0.0165454374,-0.0128478242,-8.33699625e-16,-2.36134807e-08,1.06167894e-07,1.78367323e-05,0.600007677,0.599992296,1,0.000463289288,-0.00220386584,-0.0115691215,0.00182591393
85.56,object_red_01,RED,-0.206393739,0.266075303,0.0600833615,-0.0165027017,-0.0127142696,-4.48268965e-16,-4.18113307e-08,1.87986725e-07,3.15827015e-05,0.600009093,0.599990887,1,0.000464332617,-0.00220396172,-0.0115691215,0.00182608012
85.6,object_red_01,RED,-0.207052785,0.265569341,0.0600833615,-0.0164502576,-0.0125917691,-5.83883457e-16,-5.74842775e-08,2.58453413e-07,4.34214545e-05,0.600011329,0.599988667,1,0.000465308055,-0.00220408466,-0.0115691215,0.00182626924
85.64,object_red_01,RED,-0.207709467,0.265068049,0.0600833615,-0.0163848303,-0.012480242,-6.83809924e-16,-6.40630759e-08,2.88032164e-07,4.83908313e-05,0.600014004,0.599986011,1,0.000466207149,-0.00220423654,-0.0115691215,0.00182648248
85.68,object_red_01,RED,-0.208363244,0.264570989,0.0600833615,-0.0163056689,-0.0123795775,-8.65818847e-16,-6.19566253e-08,2.78561419e-07,4.67996994e-05,0.600016671,0.599983366,1,0.00046702719,-0.00220441677,-0.0115691215,0.00182671894
85.72,object_red_01,RED,-0.209013571,0.264077726,0.0600833615,-0.0162131432,-0.0122899271,-4.62544175e-16,-5.47099423e-08,2.45979813e-07,4.13258276e-05,0.600019226,0.599980831,1,0.000467767368,-0.00220462382,-0.0115691215,0.00182697693
85.76,object_red_01,RED,-0.209659928,0.263587816,0.0600833615,-0.0161079209,-0.0122112806,-5.41057828e-16,-4.58472228e-08,2.06132396e-07,3.46312643e-05,0.600021612,0.599978466,1,0.000468428264,-0.00220485599,-0.0115691215,0.0018272547
85.8,object_red_01,RED,-0.21030182,0.263100826,0.0600833615,-0.0159905687,-0.0121433871,-6.58828307e-16,-3.76453959e-08,1.69256394e-07,2.8435913e-05,0.60002398,0.599976118,1,0.000469011505,-0.0022051119,-0.0115691215,0.00182755091
85.84,object_red_01,RED,-0.210938772,0.262616333,0.0600833615,-0.0158616094,-0.0120858244,-2.12728006e-16,-3.03449318e-08,1.36432978e-07,2.2921417e-05,0.600026161,0.599973957,1,0.000469519382,-0.00220539034,-0.0115691215,0.00182786443
85.88,object_red_01,RED,-0.211570329,0.262133934,0.0600833615,-0.0157214069,-0.0120380668,-9.22919686e-16,-2.45729785e-08,1.10481869e-07,1.85615017e-05,0.60002836,0.599971776,1,0.000469954569,-0.00220569048,-0.0115691215,0.00182819456
85.92,object_red_01,RED,-0.212196049,0.261653251,0.0600833615,-0.0155703618,-0.0119995248,-5.01801001e-16,-1.97060074e-08,8.85996228e-08,1.48851758e-05,0.600030473,0.599969681,1,0.000470319903,-0.00220601147,-0.0115691215,0.00182854062
85.96,object_red_01,RED,-0.212815505,0.261173925,0.0600833615,-0.0154088011,-0.011969639,-6.51690702e-16,-1.56675843e-08,7.04425815e-08,1.18347025e-05,0.600032389,0.599967782,1,0.000470618123,-0.00220635267,-0.0115691215,0.00182890211
86,object_red_01,RED,-0.213428285,0.260695622,0.0600833615,-0.015237134,-0.0119479151,-7.62323577e-16,-1.23915611e-08,5.57133408e-08,9.36011738e-06,0.60003444,0.599965748,1,0.000470851948,-0.00220671325,-0.0115691215,0.00182927838
86.04,object_red_01,RED,-0.214033994,0.260218026,0.0600833615,-0.015055819,-0.0119338218,-9.22919686e-16,-9.49520919e-09,4.26911424e-08,7.17232337e-06,0.600036132,0.599964071,1,0.00047102403,-0.00220709237,-0.0115691215,0.00182966874
86.08,object_red_01,RED,-0.214632253,0.25974084,0.0600833615,-0.0148651542,-0.0119269856,-4.98232199e-16,-7.83705576e-09,3.52359654e-08,5.91981676e-06,0.60003808,0.599962138,1,0.000471136748,-0.00220748942,-0.0115691215,0.00183007276
86.12,object_red_01,RED,-0.215222698,0.259263786,0.0600833615,-0.0146656027,-0.0119268233,-5.94589864e-16,-6.40192139e-09,2.8783499e-08,4.8357704e-06,0.600039731,0.599960501,1,0.000471192745,-0.00220790353,-0.0115691215,0.00183048973
86.16,object_red_01,RED,-0.21580498,0.258786604,0.0600833615,-0.0144575125,-0.011932965,-7.62323577e-16,-5.69427257e-09,2.56018569e-08,4.3012389e-06,0.600041308,0.599958939,1,0.000471194483,-0.00220833396,-0.0115691215,0.00183091911
86.2,object_red_01,RED,-0.216378769,0.258309054,0.0600833615,-0.0142415561,-0.0119448259,-3.44773695e-16,-3.90998901e-09,1.75795916e-08,2.95345877e-06,0.600042733,0.599957526,1,0.000471144982,-0.00220877934,-0.0115691215,0.00183135973
86.24,object_red_01,RED,-0.216943847,0.257830979,0.0600833615,-0.0140238423,-0.0119579023,-4.66112977e-16,1.5603762e-08,-7.01556283e-08,-1.17864933e-05,0.60004191,0.59995835,1,0.000471067103,-0.00220922389,-0.0115691215,0.0018317975
86.28,object_red_01,RED,-0.217500333,0.257352452,0.0600833615,-0.0138124667,-0.0119670637,-5.69608247e-16,3.72727851e-08,-1.67581112e-07,-2.81544576e-05,0.600040431,0.599959821,1,0.000471001081,-0.00220964707,-0.0115691215,0.00183221482
86.32,object_red_01,RED,-0.218048565,0.256873689,0.0600833615,-0.0136109365,-0.0119697087,-6.83809924e-16,4.99407563e-08,-2.24537214e-07,-3.77233649e-05,0.600038305,0.599961935,1,0.00047096902,-0.00221004432,-0.0115691215,0.0018326087
86.36,object_red_01,RED,-0.218588955,0.256394983,0.0600833615,-0.0134198475,-0.0119644428,-7.87305194e-16,5.32132344e-08,-2.39250507e-07,-4.01952711e-05,0.600036323,0.599963903,1,0.000470980833,-0.00221041743,-0.0115691215,0.00183298163
86.4,object_red_01,RED,-0.219121917,0.255916672,0.0600833615,-0.0132389374,-0.0119503195,-9.69314117e-16,5.17190354e-08,-2.32532482e-07,-3.90666095e-05,0.600034429,0.599965783,1,0.000471041085,-0.00221076871,-0.0115691215,0.00183333625
86.44,object_red_01,RED,-0.219647846,0.255439118,0.0600833615,-0.013067671,-0.0119270176,-5.23213816e-16,4.85422697e-08,-2.18249515e-07,-3.66670004e-05,0.600032481,0.599967717,1,0.000471150977,-0.00221110028,-0.0115691215,0.00183367475
86.48,object_red_01,RED,-0.220167121,0.254962688,0.0600833615,-0.0129056885,-0.0118946404,-6.65965912e-16,4.52790733e-08,-2.03577947e-07,-3.4202104e-05,0.600030781,0.599969403,1,0.000471309967,-0.00221141341,-0.0115691215,0.00183399837
86.52,object_red_01,RED,-0.220680107,0.254487737,0.0600833615,-0.0127527602,-0.011853543,-2.37709623e-16,4.2486794e-08,-1.91023662e-07,-3.20929222e-05,0.600028967,0.599971204,1,0.000471516385,-0.0022117089,-0.0115691215,0.0018343078
86.56,object_red_01,RED,-0.221187162,0.254014605,0.0600833615,-0.0126085973,-0.0118041925,-9.12213278e-16,3.93869512e-08,-1.77086545e-07,-2.97514176e-05,0.600027336,0.599972823,1,0.000471768153,-0.00221198749,-0.0115691215,0.00183460365
86.6,object_red_01,RED,-0.221688629,0.253543613,0.0600833615,-0.012472966,-0.0117470017,-9.47901302e-16,3.62313249e-08,-1.62898627e-07,-2.73677769e-05,0.600025685,0.599974461,1,0.000472063225,-0.00221224968,-0.0115691215,0.00183488628
86.64,object_red_01,RED,-0.222184846,0.253075065,0.0600833615,-0.0123455764,-0.0116823864,-6.40984295e-16,3.27781068e-08,-1.47372713e-07,-2.47593464e-05,0.600024085,0.599976049,1,0.000472399607,-0.00221249603,-0.0115691215,0.00183515613
86.68,object_red_01,RED,-0.222676135,0.252609251,0.0600833615,-0.0122261613,-0.0116107563,-7.62323577e-16,2.89863772e-08,-1.30324821e-07,-2.18952159e-05,0.600022574,0.599977549,1,0.000472775288,-0.00221272708,-0.0115691215,0.0018354136
86.72,object_red_01,RED,-0.22316281,0.252146443,0.0600833615,-0.0121144281,-0.0115324953,-8.62250045e-16,2.49828481e-08,-1.1232467e-07,-1.88711013e-05,0.600021084,0.599979028,1,0.000473188334,-0.00221294338,-0.0115691215,0.00183565915
86.76,object_red_01,RED,-0.223645172,0.251686899,0.0600833615,-0.0120100655,-0.0114479067,-4.91094594e-16,2.04364387e-08,-9.18836896e-08,-1.54369152e-05,0.600019686,0.599980416,1,0.000473637015,-0.00221314553,-0.0115691215,0.00183589325
86.8,object_red_01,RED,-0.224123508,0.251230865,0.0600833615,-0.0119127867,-0.0113573856,-5.66039444e-16,1.59683901e-08,-7.17950224e-08,-1.20619198e-05,0.600018327,0.599981766,1,0.000474119446,-0.00221333407,-0.0115691215,0.00183611634
86.84,object_red_01,RED,-0.224598098,0.25077857,0.0600833615,-0.0118223232,-0.0112612529,-7.05222739e-16,1.12326127e-08,-5.05026276e-08,-8.48469207e-06,0.600017025,0.599983059,1,0.000474633865,-0.00221350954,-0.0115691215,0.00183632886
86.88,object_red_01,RED,-0.225069207,0.250330232,0.0600833615,-0.0117383963,-0.0111598718,-7.94442799e-16,6.34926879e-09,-2.85467651e-08,-4.79599772e-06,0.600015759,0.599984315,1,0.000475178472,-0.00221367246,-0.0115691215,0.00183653123
86.92,object_red_01,RED,-0.225537091,0.249886054,0.0600833615,-0.0116607228,-0.0110535355,-9.72882919e-16,1.23211271e-09,-5.53966931e-09,-9.30691868e-07,0.600014603,0.599985464,1,0.000475751673,-0.00221382338,-0.0115691215,0.00183672388
86.96,object_red_01,RED,-0.226001995,0.249446229,0.0600833615,-0.011589031,-0.0109425246,-5.91021061e-16,-4.03374908e-09,1.81360189e-08,3.04694096e-06,0.600013421,0.599986637,1,0.000476351876,-0.00221396283,-0.0115691215,0.00183690727
87,object_red_01,RED,-0.226464152,0.249010936,0.0600833615,-0.0115230439,-0.0108272297,-6.44553098e-16,-9.30497426e-09,4.18358335e-08,7.02862705e-06,0.600012369,0.599987683,1,0.00047697728,-0.00221409134,-0.0115691215,0.00183708182
87.04,object_red_01,RED,-0.226923786,0.24858034,0.0600833615,-0.0114625337,-0.0107078892,-8.12286811e-16,-1.46430645e-08,6.58362647e-08,1.10608188e-05,0.600011265,0.599988779,1,0.000477626366,-0.00221420939,-0.0115691215,0.0018372479
87.08,object_red_01,RED,-0.227381106,0.248154578,0.0600833615,-0.0114068141,-0.0105864288,-9.55038907e-16,-1.69099092e-08,7.60281629e-08,1.27731082e-05,0.600010612,0.599989426,1,0.000478292644,-0.002214319,-0.0115691215,0.00183740709
87.12,object_red_01,RED,-0.227836231,0.247733619,0.0600833615,-0.0113519796,-0.0104682476,-5.08938606e-16,-2.16099401e-08,9.71598316e-08,1.63233334e-05,0.600010873,0.599989163,1,0.000478949332,-0.00221443234,-0.0115691215,0.00183756952
87.16,object_red_01,RED,-0.228289111,0.247317284,0.0600833615,-0.0112942001,-0.0103549401,-6.58828307e-16,-2.82998341e-08,1.27238081e-07,2.13766283e-05,0.600011679,0.599988363,1,0.000479579005,-0.00221455686,-0.0115691215,0.00183774126
87.2,object_red_01,RED,-0.228739577,0.246905383,0.0600833615,-0.0112312801,-0.0102462638,-7.73029984e-16,-3.26147545e-08,1.46638266e-07,2.4635956e-05,0.600012814,0.599987236,1,0.000480176695,-0.00221469417,-0.0115691215,0.00183792353
87.24,object_red_01,RED,-0.229187402,0.24649774,0.0600833615,-0.0111623915,-0.0101418528,-9.15782081e-16,-3.31293784e-08,1.4895205e-07,2.50246828e-05,0.600013991,0.599986067,1,0.00048074145,-0.00221484422,-0.0115691215,0.00183811616
87.28,object_red_01,RED,-0.229632344,0.246094183,0.0600833615,-0.0110874868,-0.0100416986,-5.19645013e-16,-3.02078414e-08,1.35816611e-07,2.28178638e-05,0.600015141,0.599984927,1,0.000481273014,-0.00221500641,-0.0115691215,0.00183831853
87.32,object_red_01,RED,-0.230074169,0.245694543,0.0600833615,-0.0110068826,-0.00994582269,-6.44553098e-16,-2.57078939e-08,1.15584529e-07,1.94187739e-05,0.600016218,0.599983858,1,0.000481771575,-0.00221517986,-0.0115691215,0.00183852973
87.36,object_red_01,RED,-0.230512657,0.245298647,0.0600833615,-0.0109209418,-0.0098542203,-2.80535252e-16,-2.09177288e-08,9.40476088e-08,1.58004645e-05,0.600017242,0.599982843,1,0.000482237707,-0.00221536373,-0.0115691215,0.00183874892
87.4,object_red_01,RED,-0.230947601,0.244906329,0.0600833615,-0.0108299694,-0.0097667496,-8.90800464e-16,-1.65391009e-08,7.43609758e-08,1.24930125e-05,0.600018167,0.599981927,1,0.000482672432,-0.00221555729,-0.0115691215,0.00183897547
87.44,object_red_01,RED,-0.231378804,0.244517426,0.0600833615,-0.0107341924,-0.00968317853,-4.91094594e-16,-1.29183297e-08,5.80817349e-08,9.75801927e-06,0.600019121,0.59998098,1,0.000483077047,-0.00221576003,-0.0115691215,0.00183920893
87.48,object_red_01,RED,-0.23180608,0.244131789,0.0600833615,-0.010633882,-0.00960329637,-5.55333037e-16,-9.52525505e-09,4.28262289e-08,7.19501861e-06,0.600019953,0.599980156,1,0.000483452829,-0.00221597139,-0.0115691215,0.00183944881
87.52,object_red_01,RED,-0.232229251,0.243749273,0.0600833615,-0.010529244,-0.00952686728,-7.44479565e-16,-6.7781532e-09,3.04750616e-08,5.11996151e-06,0.600020801,0.599979315,1,0.000483801114,-0.00221619096,-0.0115691215,0.0018396948
87.56,object_red_01,RED,-0.232648151,0.243369746,0.0600833615,-0.0104205235,-0.00945366234,-8.44406033e-16,-4.2896227e-09,1.92864558e-08,3.24022007e-06,0.600021595,0.599978528,1,0.000484123206,-0.00221641824,-0.0115691215,0.00183994649
87.6,object_red_01,RED,-0.23306262,0.242993084,0.0600833615,-0.0103079126,-0.00938344612,-4.51837767e-16,-2.13280294e-09,9.58923658e-09,1.61103913e-06,0.600022276,0.599977853,1,0.000484420394,-0.00221665287,-0.0115691215,0.0018402036
87.64,object_red_01,RED,-0.233472507,0.24261917,0.0600833615,-0.0101916519,-0.00931603892,-6.19571481e-16,-2.83323309e-10,1.27384141e-09,2.14011661e-07,0.60002303,0.599977105,1,0.000484693879,-0.00221689438,-0.0115691215,0.00184046576
87.68,object_red_01,RED,-0.233877671,0.242247898,0.0600833615,-0.0100719988,-0.00925124729,-7.30204355e-16,1.47352361e-09,-6.62506959e-09,-1.11304477e-06,0.600023591,0.59997655,1,0.000484944821,-0.00221714227,-0.0115691215,0.00184073254
87.72,object_red_01,RED,-0.234277981,0.241879165,0.0600833615,-0.00994911793,-0.00918891056,-8.05149206e-16,2.56622807e-09,-1.15379438e-08,-1.93843197e-06,0.600024285,0.599975861,1,0.000485174326,-0.00221739623,-0.0115691215,0.00184100371
87.76,object_red_01,RED,-0.234673312,0.241512878,0.0600833615,-0.00982325036,-0.0091288015,-9.65745315e-16,3.6447482e-09,-1.63870545e-08,-2.75310601e-06,0.600024824,0.599975327,1,0.000485383572,-0.00221765579,-0.0115691215,0.00184127888
87.8,object_red_01,RED,-0.235063549,0.241148951,0.0600833615,-0.00969458515,-0.00907077507,-5.19645013e-16,4.43804087e-09,-1.99537435e-08,-3.35232772e-06,0.600025323,0.599974833,1,0.000485573645,-0.00221792056,-0.0115691215,0.00184155776
87.84,object_red_01,RED,-0.235448585,0.240787304,0.0600833615,-0.00956334793,-0.00901467718,-6.40984295e-16,4.97744111e-09,-2.23789283e-08,-3.75977077e-06,0.600025873,0.599974288,1,0.000485745576,-0.00221819012,-0.0115691215,0.00184184
87.88,object_red_01,RED,-0.23582832,0.240427864,0.0600833615,-0.00942974628,-0.00896033788,-7.58754775e-16,5.39683983e-09,-2.42645781e-08,-4.07656967e-06,0.600026189,0.599973975,1,0.000485900397,-0.00221846406,-0.0115691215,0.00184212526
87.92,object_red_01,RED,-0.236202664,0.240070562,0.0600833615,-0.0092938878,-0.00890762835,-9.3005729e-16,5.1842334e-09,-2.3308683e-08,-3.91597423e-06,0.600026735,0.599973433,1,0.000486039047,-0.00221874219,-0.0115691215,0.00184241343
87.96,object_red_01,RED,-0.236571532,0.239715339,0.0600833615,-0.00915605818,-0.00885634848,-5.4462663e-16,5.24321457e-09,-2.35738685e-08,-3.96052647e-06,0.600027038,0.599973133,1,0.000486162646,-0.00221902391,-0.0115691215,0.001842704
88,object_red_01,RED,-0.236934847,0.239362137,0.0600833615,-0.00901638384,-0.00880642477,-5.83883457e-16,4.84055758e-09,-2.17634984e-08,-3.6563758e-06,0.600027412,0.599972763,1,0.000486272015,-0.00221930901,-0.0115691215,0.00184299681
88.04,object_red_01,RED,-0.23729254,0.239010907,0.0600833615,-0.00887508666,-0.00875769614,-7.19497948e-16,4.37117756e-09,-1.96531293e-08,-3.30182315e-06,0.600027765,0.599972412,1,0.000486368113,-0.00221959705,-0.0115691215,0.0018432915
88.08,object_red_01,RED,-0.23764455,0.238661604,0.0600833615,-0.00873230887,-0.00871003619,-8.72956452e-16,3.7661312e-09,-1.6932794e-08,-2.84479333e-06,0.600027921,0.599972259,1,0.000486451814,-0.00221988775,-0.0115691215,0.00184358786
88.12,object_red_01,RED,-0.237990836,0.238314194,0.0600833615,-0.00858945734,-0.00866273613,-4.73250582e-16,8.40034821e-09,-3.77685657e-08,-6.34530632e-06,0.600027711,0.599972469,1,0.000486527072,-0.00222017757,-0.0115691215,0.00184388269
88.16,object_red_01,RED,-0.238331463,0.237968692,0.0600833615,-0.0084495236,-0.00861454438,-5.62470642e-16,1.61821439e-08,-7.27560805e-08,-1.2223382e-05,0.600026886,0.59997329,1,0.000486604446,-0.00222045871,-0.0115691215,0.00184416902
88.2,object_red_01,RED,-0.238666577,0.23762515,0.0600833615,-0.00831363942,-0.00856477085,-6.3384669e-16,2.04789088e-08,-9.20746323e-08,-1.54689948e-05,0.600026144,0.599974027,1,0.0004866906,-0.00222072943,-0.0115691215,0.00184444568
88.24,object_red_01,RED,-0.238996344,0.237283643,0.0600833615,-0.00818202344,-0.00851277332,-8.12286811e-16,2.17231506e-08,-9.76688357e-08,-1.64088486e-05,0.600025311,0.599974855,1,0.000486789074,-0.00222099035,-0.0115691215,0.00184471354
88.28,object_red_01,RED,-0.239320934,0.236944269,0.0600833615,-0.00805447467,-0.00845817096,-9.47901302e-16,2.13443941e-08,-9.59659251e-08,-1.6122751e-05,0.600024494,0.599975667,1,0.000486901546,-0.00222124253,-0.0115691215,0.00184497381
88.32,object_red_01,RED,-0.239640503,0.236607137,0.0600833615,-0.00793080016,-0.00840082938,-1.01213975e-15,2.05563994e-08,-9.24230425e-08,-1.55275291e-05,0.600023817,0.599976339,1,0.000487028458,-0.00222148677,-0.0115691215,0.00184522732
88.36,object_red_01,RED,-0.239955204,0.236272357,0.0600833615,-0.00781084687,-0.00834077521,-1.29407514e-15,2.00478096e-08,-9.01363866e-08,-1.51433597e-05,0.600023006,0.599977145,1,0.000487169527,-0.00222172364,-0.0115691215,0.00184547462
88.4,object_red_01,RED,-0.240265181,0.235940032,0.0600833615,-0.00769441894,-0.0082781537,-8.30130823e-16,1.93216232e-08,-8.68713988e-08,-1.45948256e-05,0.600022419,0.599977727,1,0.000487324081,-0.00222195364,-0.0115691215,0.00184571615
88.44,object_red_01,RED,-0.240570574,0.235610265,0.0600833615,-0.00758145616,-0.00821309313,-9.443325e-16,1.90563682e-08,-8.56787968e-08,-1.43944626e-05,0.600021719,0.599978423,1,0.000487491432,-0.00222217694,-0.0115691215,0.00184595203
88.48,object_red_01,RED,-0.240871519,0.235283147,0.0600833615,-0.00747180974,-0.00814579405,-5.12507408e-16,1.85900221e-08,-8.35820661e-08,-1.40422017e-05,0.60002109,0.599979048,1,0.000487670734,-0.00222239385,-0.0115691215,0.00184618251
88.52,object_red_01,RED,-0.241168146,0.234958766,0.0600833615,-0.00736537272,-0.00807640347,-6.6239711e-16,1.80710003e-08,-8.12485063e-08,-1.36501517e-05,0.600020506,0.599979628,1,0.00048786123,-0.00222260459,-0.0115691215,0.00184640775
88.56,object_red_01,RED,-0.24146058,0.234637202,0.0600833615,-0.00726199006,-0.0080050463,-7.94442799e-16,1.7403303e-08,-7.8246496e-08,-1.3145799e-05,0.600019862,0.599980268,1,0.00048806222,-0.00222280947,-0.0115691215,0.001846628
88.6,object_red_01,RED,-0.24174894,0.234318531,0.0600833615,-0.00716151219,-0.00793183819,-8.94369266e-16,1.65779781e-08,-7.45357714e-08,-1.25223792e-05,0.60001936,0.599980766,1,0.000488273077,-0.00222300875,-0.0115691215,0.00184684349
88.64,object_red_01,RED,-0.24203334,0.234002826,0.0600833615,-0.0070638517,-0.00785691926,-5.37489025e-16,1.593263e-08,-7.16342417e-08,-1.20349076e-05,0.600018782,0.59998134,1,0.00048849311,-0.00222320261,-0.0115691215,0.00184705433
88.68,object_red_01,RED,-0.242313891,0.23369015,0.0600833615,-0.00696885494,-0.00778041565,-6.55259505e-16,1.49935536e-08,-6.74120857e-08,-1.13255646e-05,0.600018305,0.599981814,1,0.000488721662,-0.00222339135,-0.0115691215,0.00184726077
88.72,object_red_01,RED,-0.242590696,0.233380566,0.0600833615,-0.00687641527,-0.0077024348,-7.65892379e-16,1.40980706e-08,-6.33859324e-08,-1.06491507e-05,0.60001782,0.599982296,1,0.000488958125,-0.00222357519,-0.0115691215,0.00184746299
88.76,object_red_01,RED,-0.242863854,0.233074131,0.0600833615,-0.00678639115,-0.00762306937,-9.22919686e-16,1.3179515e-08,-5.92560392e-08,-9.95530854e-06,0.600017332,0.599982781,1,0.000489201953,-0.00222375437,-0.0115691215,0.00184766119
88.8,object_red_01,RED,-0.24313346,0.232770898,0.0600833615,-0.00669868556,-0.0075424488,-4.94663396e-16,1.2222219e-08,-5.49519706e-08,-9.2322034e-06,0.600016919,0.599983191,1,0.000489452528,-0.0022239291,-0.0115691215,0.00184785552
88.84,object_red_01,RED,-0.243399605,0.232470913,0.0600833615,-0.00661320017,-0.00746068646,-5.62470642e-16,1.1346586e-08,-5.10150599e-08,-8.57078317e-06,0.600016458,0.59998365,1,0.000489709259,-0.00222409957,-0.0115691215,0.00184804614
88.88,object_red_01,RED,-0.243662375,0.232174221,0.0600833615,-0.00652979989,-0.00737786481,-7.55185972e-16,1.01457189e-08,-4.56158746e-08,-7.66369289e-06,0.600016098,0.599984007,1,0.000489971645,-0.00222426604,-0.0115691215,0.00184823326
88.92,object_red_01,RED,-0.243921851,0.231880863,0.0600833615,-0.00644839085,-0.00729407345,-8.72956452e-16,9.164552e-09,-4.12044802e-08,-6.92255691e-06,0.600015705,0.599984397,1,0.000490239189,-0.00222442868,-0.0115691215,0.00184841701
88.96,object_red_01,RED,-0.244178111,0.231590876,0.0600833615,-0.0063688701,-0.00720941372,-4.58975372e-16,8.11482105e-09,-3.64848177e-08,-6.12962998e-06,0.600015343,0.599984757,1,0.000490511372,-0.00222458769,-0.0115691215,0.00184859756
89,object_red_01,RED,-0.244431227,0.231304291,0.0600833615,-0.00629115157,-0.00712398788,-5.66039444e-16,7.06254337e-09,-3.17536966e-08,-5.3347784e-06,0.600015015,0.599985083,1,0.000490787676,-0.00222474325,-0.0115691215,0.00184877504
89.04,object_red_01,RED,-0.244681272,0.231021137,0.0600833615,-0.00621513465,-0.00703787447,-7.12360343e-16,5.99476118e-09,-2.69528701e-08,-4.52821577e-06,0.600014666,0.59998543,1,0.00049106765,-0.00222489555,-0.0115691215,0.00184894961
89.08,object_red_01,RED,-0.244928309,0.230741442,0.0600833615,-0.0061407056,-0.00695112439,-8.12286811e-16,4.77079654e-09,-2.14498427e-08,-3.60368014e-06,0.600014388,0.599985706,1,0.000491350923,-0.00222504479,-0.0115691215,0.00184912144
89.12,object_red_01,RED,-0.245172401,0.230465228,0.0600833615,-0.0060678017,-0.00686385203,-9.55038907e-16,3.79041874e-09,-1.7041991e-08,-2.863139e-06,0.600014083,0.599986009,1,0.000491636989,-0.00222519111,-0.0115691215,0.00184929063
89.16,object_red_01,RED,-0.245413608,0.230192515,0.0600833615,-0.00599633015,-0.0067761227,-5.55333037e-16,2.63903194e-09,-1.18652683e-08,-1.99342384e-06,0.600013821,0.59998627,1,0.000491925449,-0.00222533468,-0.0115691215,0.00184945731
89.2,object_red_01,RED,-0.245651984,0.229923319,0.0600833615,-0.00592621483,-0.0066880193,-6.481219e-16,1.54356027e-09,-6.93995173e-09,-1.16594666e-06,0.600013569,0.599986521,1,0.000492215887,-0.00222547566,-0.0115691215,0.00184962162
89.24,object_red_01,RED,-0.245887583,0.229657655,0.0600833615,-0.00585735581,-0.00659957937,-7.98011601e-16,4.1685789e-10,-1.87422193e-09,-3.14878706e-07,0.600013317,0.599986771,1,0.000492508001,-0.00222561422,-0.0115691215,0.00184978369
89.28,object_red_01,RED,-0.246120452,0.229395533,0.0600833615,-0.00578968691,-0.00651088457,-9.08644476e-16,-6.86522979e-10,3.08665428e-09,5.18573001e-07,0.600013104,0.599986982,1,0.000492801389,-0.0022257505,-0.0115691215,0.00184994364
89.32,object_red_01,RED,-0.246350638,0.229136964,0.0600833615,-0.00572314582,-0.00642201986,-4.80388187e-16,-1.6662872e-09,7.49174398e-09,1.25865012e-06,0.600012876,0.59998721,1,0.000493095655,-0.00222588463,-0.0115691215,0.00185010156
89.36,object_red_01,RED,-0.246578186,0.228881952,0.0600833615,-0.00565765121,-0.00633302117,-6.76672319e-16,-2.85837846e-09,1.28514748e-08,2.15911148e-06,0.600012694,0.599987391,1,0.000493390514,-0.00222601675,-0.0115691215,0.00185025757
89.4,object_red_01,RED,-0.246803134,0.228630501,0.0600833615,-0.00559312994,-0.00624394741,-7.73029984e-16,-3.91572314e-09,1.76053703e-08,2.95778927e-06,0.600012506,0.599987578,1,0.000493685662,-0.002226147,-0.0115691215,0.00185041179
89.44,object_red_01,RED,-0.24702552,0.228382614,0.0600833615,-0.00552951766,-0.00615485093,-8.01580404e-16,-4.94454885e-09,2.2231052e-08,3.73492641e-06,0.60001233,0.599987752,1,0.000493980795,-0.00222627551,-0.0115691215,0.00185056431
89.48,object_red_01,RED,-0.24724538,0.22813829,0.0600833615,-0.00546676234,-0.00606580216,-4.69681779e-16,-5.95521472e-09,2.67750686e-08,4.49834427e-06,0.600012176,0.599987906,1,0.000494275579,-0.00222640238,-0.0115691215,0.00185071522
89.52,object_red_01,RED,-0.247462747,0.227897527,0.0600833615,-0.00540480462,-0.00597685558,-5.69608247e-16,-6.88820522e-09,3.09698626e-08,5.20309032e-06,0.600012011,0.59998807,1,0.000494569733,-0.00222652772,-0.0115691215,0.0018508646
89.56,object_red_01,RED,-0.247677631,0.227660298,0.0600833615,-0.0053421589,-0.00588949514,-7.15929146e-16,-9.84691953e-09,4.42724562e-08,7.43799203e-06,0.600012448,0.599987634,1,0.000494857155,-0.00222665582,-0.0115691215,0.0018510162
89.6,object_red_01,RED,-0.247889966,0.227426507,0.0600833615,-0.00527755568,-0.00580459114,-1.33690077e-15,-1.06965874e-08,4.80926218e-08,8.07979882e-06,0.600012728,0.599987357,1,0.000495129435,-0.00222679036,-0.0115691215,0.00185117299
89.64,object_red_01,RED,-0.24809969,0.227196081,0.0600833615,-0.00521179625,-0.00572106467,-9.69314117e-16,-9.56838795e-09,4.30201605e-08,7.22759996e-06,0.600012908,0.599987179,1,0.000495391349,-0.00222692678,-0.0115691215,0.00185133082
89.68,object_red_01,RED,-0.248306769,0.226968974,0.0600833615,-0.00514537917,-0.00563857266,-5.41057828e-16,-7.76285373e-09,3.49023467e-08,5.8637674e-06,0.600013016,0.599987072,1,0.000495645778,-0.00222706358,-0.0115691215,0.00185148845
89.72,object_red_01,RED,-0.248511182,0.226745147,0.0600833615,-0.0050785625,-0.00555697181,-6.3384669e-16,-6.14548935e-09,2.76305559e-08,4.64207023e-06,0.600013051,0.599987038,1,0.000495894018,-0.00222720057,-0.0115691215,0.00185164577
89.76,object_red_01,RED,-0.248712917,0.226524567,0.0600833615,-0.00501148931,-0.00547619833,-8.05149206e-16,-4.86389158e-09,2.18684051e-08,3.67400066e-06,0.600013119,0.599986971,1,0.000496136713,-0.00222733773,-0.0115691215,0.00185180282
89.8,object_red_01,RED,-0.248911965,0.226307202,0.0600833615,-0.00494425196,-0.00539621603,-9.26488488e-16,-3.7208317e-09,1.67291219e-08,2.81057564e-06,0.60001312,0.59998697,1,0.000496374229,-0.00222747501,-0.0115691215,0.00185195958
89.84,object_red_01,RED,-0.24910832,0.22609302,0.0600833615,-0.0048768743,-0.0053169667,-4.80388187e-16,-2.9724429e-09,1.33643209e-08,2.245272e-06,0.600013169,0.599986921,1,0.000496606893,-0.00222761242,-0.0115691215,0.0018521161
89.88,object_red_01,RED,-0.249301979,0.225881993,0.0600833615,-0.00480939404,-0.0052384069,-5.91021061e-16,-2.22911384e-09,1.00222555e-08,1.6837887e-06,0.600013184,0.599986907,1,0.000496834961,-0.00222774993,-0.0115691215,0.00185227235
89.92,object_red_01,RED,-0.249492936,0.225674095,0.0600833615,-0.00474183191,-0.005160501,-7.62323577e-16,-1.50619115e-09,6.77194339e-09,1.13771984e-06,0.600013181,0.599986911,1,0.000497058656,-0.0022278875,-0.0115691215,0.00185242831
89.96,object_red_01,RED,-0.249681189,0.225469299,0.0600833615,-0.00467423387,-0.00508324912,-3.69755312e-16,-8.2227311e-10,3.69699426e-09,6.21113425e-07,0.600013208,0.599986884,1,0.0004972781,-0.00222802505,-0.0115691215,0.00185258393
90,object_red_01,RED,-0.249866739,0.22526758,0.0600833615,-0.00460663982,-0.00500663935,-4.5540657e-16,-8.66015464e-11,3.89371872e-10,6.54164374e-08,0.600013164,0.599986928,1,0.000497493429,-0.00222816253,-0.0115691215,0.00185273913
90.04,object_red_01,RED,-0.250049585,0.225068912,0.0600833615,-0.00453904987,-0.00493063996,-5.48195432e-16,3.30671124e-10,-1.48672e-09,-2.4977661e-07,0.600013201,0.599986891,1,0.000497704821,-0.00222829992,-0.0115691215,0.00185289394
90.08,object_red_01,RED,-0.250229729,0.224873272,0.0600833615,-0.00447151566,-0.00485523781,-7.08791541e-16,9.80793172e-10,-4.40971722e-09,-7.40854246e-07,0.60001317,0.599986922,1,0.000497912421,-0.00222843712,-0.0115691215,0.00185304826
90.12,object_red_01,RED,-0.250407173,0.224680636,0.0600833615,-0.00440405727,-0.00478043162,-8.33699625e-16,1.49761409e-09,-6.73337992e-09,-1.13124087e-06,0.600013155,0.599986937,1,0.000498116332,-0.0022285741,-0.0115691215,0.00185320207
90.16,object_red_01,RED,-0.25058192,0.224490979,0.0600833615,-0.00433671396,-0.00470621636,-9.55038907e-16,2.00907266e-09,-9.0329309e-09,-1.51757747e-06,0.600013148,0.599986945,1,0.000498316663,-0.00222871078,-0.0115691215,0.0018533553
90.2,object_red_01,RED,-0.250753977,0.224304279,0.0600833615,-0.00426949861,-0.00463256836,-5.23213816e-16,2.45019904e-09,-1.10162661e-08,-1.85078739e-06,0.600013083,0.599987009,1,0.000498513555,-0.00222884714,-0.0115691215,0.00185350794
90.24,object_red_01,RED,-0.250923348,0.224120513,0.0600833615,-0.00420242165,-0.00455946568,-6.01727469e-16,2.79516184e-09,-1.25672567e-08,-2.11136138e-06,0.60001309,0.599987003,1,0.00049870716,-0.00222898316,-0.0115691215,0.00185365997
90.28,object_red_01,RED,-0.251090039,0.22393966,0.0600833615,-0.00413553742,-0.00448691837,-1.29050633e-15,3.30689805e-09,-1.48680495e-08,-2.49790612e-06,0.600013021,0.599987072,1,0.000498897548,-0.00222911873,-0.0115691215,0.00185381129
90.32,object_red_01,RED,-0.25125406,0.223761697,0.0600833615,-0.00406884898,-0.00441491866,-9.08644476e-16,3.5971436e-09,-1.61730154e-08,-2.71714669e-06,0.600013004,0.599987089,1,0.000499084819,-0.00222925386,-0.0115691215,0.00185396192
90.36,object_red_01,RED,-0.251415417,0.223586602,0.0600833615,-0.00400238977,-0.00434345403,-4.83956989e-16,3.92792023e-09,-1.76602128e-08,-2.96700323e-06,0.600012962,0.599987131,1,0.000499269079,-0.00222938846,-0.0115691215,0.00185411179
90.4,object_red_01,RED,-0.251574121,0.223414356,0.0600833615,-0.00393616137,-0.00427249979,-6.481219e-16,4.24334498e-09,-1.90783814e-08,-3.20526257e-06,0.600012888,0.599987204,1,0.000499450469,-0.00222952255,-0.0115691215,0.00185426092
90.44,object_red_01,RED,-0.251730181,0.223244937,0.0600833615,-0.00387019677,-0.00420206746,-7.23066751e-16,4.52916502e-09,-2.03634437e-08,-3.42115988e-06,0.600012865,0.599987228,1,0.000499629051,-0.00222965605,-0.0115691215,0.00185440923
90.48,object_red_01,RED,-0.251883609,0.223078324,0.0600833615,-0.00380452879,-0.0041321561,-3.41204893e-16,4.8946531e-09,-2.2006707e-08,-3.69723605e-06,0.600012763,0.599987329,1,0.000499804893,-0.00222978891,-0.0115691215,0.00185455669
90.52,object_red_01,RED,-0.252034416,0.222914497,0.0600833615,-0.00373914743,-0.00406275364,-4.76819384e-16,4.97955089e-09,-2.23884185e-08,-3.76136504e-06,0.600012747,0.599987345,1,0.000499978095,-0.00222992115,-0.0115691215,0.00185470331
90.56,object_red_01,RED,-0.252182615,0.222753436,0.0600833615,-0.00367408656,-0.00399384032,-5.5890184e-16,5.25523822e-09,-2.36279281e-08,-3.96960909e-06,0.600012668,0.599987423,1,0.000500148771,-0.00223005269,-0.0115691215,0.00185484904
90.6,object_red_01,RED,-0.252328218,0.22259512,0.0600833615,-0.00360935643,-0.00392542522,-7.30204355e-16,5.46617866e-09,-2.45763332e-08,-4.12894561e-06,0.600012597,0.599987494,1,0.000500316979,-0.00223018352,-0.0115691215,0.00185499386
90.64,object_red_01,RED,-0.252471239,0.222439531,0.0600833615,-0.00354498584,-0.00385751295,-8.22993218e-16,5.66898361e-09,-2.54881578e-08,-4.28213712e-06,0.600012548,0.599987543,1,0.000500482769,-0.00223031359,-0.0115691215,0.00185513773
90.68,object_red_01,RED,-0.252611693,0.222286648,0.0600833615,-0.00348098658,-0.00379009483,-9.5860771e-16,5.86372547e-09,-2.63637249e-08,-4.42923661e-06,0.600012431,0.59998766,1,0.000500646217,-0.00223044287,-0.0115691215,0.00185528062
90.72,object_red_01,RED,-0.252749595,0.222136452,0.0600833615,-0.00341734693,-0.00372315147,-5.41057828e-16,5.8950133e-09,-2.65043984e-08,-4.45287019e-06,0.6000124,0.59998769,1,0.00050080743,-0.00223057139,-0.0115691215,0.00185542257
90.76,object_red_01,RED,-0.25288496,0.221988923,0.0600833615,-0.00335411635,-0.00365669345,-6.481219e-16,6.1435132e-09,-2.76216767e-08,-4.64057838e-06,0.600012293,0.599987797,1,0.000500966452,-0.00223069905,-0.0115691215,0.00185556348
90.8,object_red_01,RED,-0.253017804,0.221844042,0.0600833615,-0.0032912898,-0.00359072659,-7.62323577e-16,6.21793509e-09,-2.79562818e-08,-4.69679373e-06,0.600012229,0.59998786,1,0.000501123323,-0.00223082585,-0.0115691215,0.00185570338
90.84,object_red_01,RED,-0.253148144,0.22170179,0.0600833615,-0.00322889451,-0.00352524802,-8.94369266e-16,6.33735227e-09,-2.84931924e-08,-4.78699739e-06,0.600012155,0.599987934,1,0.0005012781,-0.00223095176,-0.0115691215,0.00185584221
90.88,object_red_01,RED,-0.253275997,0.221562146,0.0600833615,-0.00316692012,-0.00346023764,-5.05369803e-16,6.41723057e-09,-2.88523274e-08,-4.84733411e-06,0.600012038,0.59998805,1,0.000501430872,-0.00223107679,-0.0115691215,0.00185598
90.92,object_red_01,RED,-0.25340138,0.221425094,0.0600833615,-0.00310538714,-0.00339570667,-5.80314654e-16,6.48582416e-09,-2.91607308e-08,-4.8991474e-06,0.600011984,0.599988104,1,0.000501581684,-0.0022312009,-0.0115691215,0.00185611671
90.96,object_red_01,RED,-0.253524311,0.221290612,0.0600833615,-0.00304432494,-0.00333166305,-7.5161717e-16,6.66221696e-09,-2.99538018e-08,-5.03238749e-06,0.600011854,0.599988234,1,0.000501730557,-0.00223132403,-0.0115691215,0.00185625229
91,object_red_01,RED,-0.25364481,0.221158682,0.0600833615,-0.00298371973,-0.0032681065,-8.4083723e-16,6.61264507e-09,-2.97309291e-08,-4.99494324e-06,0.6000118,0.599988287,1,0.000501877538,-0.00223144621,-0.0115691215,0.00185638677
91.04,object_red_01,RED,-0.253762895,0.221029284,0.0600833615,-0.00292359199,-0.00320502069,4.77945702e-17,6.68177613e-09,-3.00417419e-08,-5.04716152e-06,0.600011696,0.59998839,1,0.000502022699,-0.00223156741,-0.0115691215,0.00185652012
91.08,object_red_01,RED,-0.253878584,0.220902399,0.0600833615,-0.00286394448,-0.00314241266,-5.69608247e-16,6.74424961e-09,-3.0322626e-08,-5.09435144e-06,0.600011589,0.599988496,1,0.000502166082,-0.00223168761,-0.0115691215,0.00185665233
91.12,object_red_01,RED,-0.253991898,0.220778009,0.0600833615,-0.00280479778,-0.00308029529,-6.90947529e-16,6.795092e-09,-3.05512168e-08,-5.13275597e-06,0.600011515,0.59998857,1,0.000502307698,-0.00223180677,-0.0115691215,0.00185678338
91.16,object_red_01,RED,-0.254102857,0.220656093,0.0600833615,-0.00274616455,-0.00301866823,-7.90873996e-16,6.89534882e-09,-3.10019777e-08,-5.20848611e-06,0.600011369,0.599988716,1,0.000502447578,-0.00223192489,-0.0115691215,0.00185691322
91.2,object_red_01,RED,-0.254211481,0.220536632,0.0600833615,-0.00268802026,-0.00295751997,-3.84030522e-16,6.76487098e-09,-3.04153485e-08,-5.10992962e-06,0.600011316,0.599988768,1,0.000502585784,-0.002232042,-0.0115691215,0.00185704193
91.24,object_red_01,RED,-0.25431779,0.220419607,0.0600833615,-0.00263040641,-0.0028968542,-5.3035142e-16,6.87727502e-09,-3.09207227e-08,-5.19483471e-06,0.60001119,0.599988893,1,0.000502722355,-0.00223215801,-0.0115691215,0.00185716942
91.28,object_red_01,RED,-0.254421805,0.220304998,0.0600833615,-0.0025733152,-0.00283668534,-6.94516331e-16,6.86547978e-09,-3.08676906e-08,-5.18592482e-06,0.600011096,0.599988986,1,0.000502857291,-0.00223227295,-0.0115691215,0.0018572957
91.32,object_red_01,RED,-0.254523549,0.220192785,0.0600833615,-0.00251676747,-0.0027770168,-8.19424416e-16,6.89624486e-09,-3.10060097e-08,-5.20916322e-06,0.600011005,0.599989077,1,0.000502990614,-0.00223238678,-0.0115691215,0.00185742075
91.36,object_red_01,RED,-0.254623041,0.220082949,0.0600833615,-0.00246075094,-0.00271783733,-9.76451722e-16,6.87198014e-09,-3.08969176e-08,-5.19083508e-06,0.600010865,0.599989216,1,0.000503122371,-0.00223249953,-0.0115691215,0.00185754459
91.4,object_red_01,RED,-0.254720305,0.219975469,0.0600833615,-0.00240527188,-0.00265915056,-4.76819384e-16,6.83326361e-09,-3.07228398e-08,-5.16158948e-06,0.600010792,0.599989288,1,0.000503252601,-0.00223261117,-0.0115691215,0.00185766719
91.44,object_red_01,RED,-0.25481536,0.219870327,0.0600833615,-0.00235035846,-0.00260097082,-6.12433876e-16,6.92487434e-09,-3.11347284e-08,-5.23078897e-06,0.600010651,0.599989429,1,0.000503381296,-0.00223272166,-0.0115691215,0.00185778853
91.48,object_red_01,RED,-0.254908231,0.219767501,0.0600833615,-0.00229599547,-0.00254330368,-8.2656202e-16,6.83526745e-09,-3.07318524e-08,-5.16310364e-06,0.60001057,0.599989509,1,0.00050350847,-0.00223283103,-0.0115691215,0.00185790862
91.52,object_red_01,RED,-0.25499894,0.219666971,0.0600833615,-0.00224219825,-0.00248614185,-8.90800464e-16,6.81858158e-09,-3.06568281e-08,-5.15049912e-06,0.600010457,0.599989622,1,0.000503634157,-0.00223293924,-0.0115691215,0.00185802744
91.56,object_red_01,RED,-0.255087508,0.219568716,0.0600833615,-0.0021889604,-0.00242948403,-4.44700163e-16,6.81680358e-09,-3.06488382e-08,-5.14915671e-06,0.600010329,0.599989748,1,0.000503758395,-0.00223304632,-0.0115691215,0.001858145
91.6,object_red_01,RED,-0.255173958,0.219472718,0.0600833615,-0.0021362975,-0.00237334828,-5.80314654e-16,6.80443697e-09,-3.05932393e-08,-5.13981567e-06,0.600010241,0.599989836,1,0.000503881171,-0.00223315222,-0.0115691215,0.00185826127
91.64,object_red_01,RED,-0.255258314,0.219378953,0.0600833615,-0.00208422203,-0.00231773917,-7.55185972e-16,6.86085674e-09,-3.0846908e-08,-5.18243277e-06,0.600010086,0.59998999,1,0.000504002489,-0.00223325693,-0.0115691215,0.00185837624
91.68,object_red_01,RED,-0.2553406,0.219287402,0.0600833615,-0.00203271017,-0.00226265396,-8.2656202e-16,6.69549259e-09,-3.01034089e-08,-5.05752196e-06,0.600010014,0.599990061,1,0.000504122375,-0.00223336049,-0.0115691215,0.00185848994
91.72,object_red_01,RED,-0.255420837,0.219198044,0.0600833615,-0.00198178889,-0.00220808848,-4.5540657e-16,6.73916452e-09,-3.02997659e-08,-5.09051086e-06,0.600009883,0.599990192,1,0.000504240864,-0.00223346285,-0.0115691215,0.00185860233
91.76,object_red_01,RED,-0.255499049,0.219110857,0.0600833615,-0.00193145235,-0.0021540605,-5.16076211e-16,6.70836977e-09,-3.01613084e-08,-5.0672494e-06,0.60000977,0.599990304,1,0.000504357941,-0.00223356403,-0.0115691215,0.00185871342
91.8,object_red_01,RED,-0.255575261,0.219025819,0.0600833615,-0.00188171527,-0.00210057777,-7.12360343e-16,6.698839e-09,-3.01184574e-08,-5.06004999e-06,0.600009669,0.599990404,1,0.000504473601,-0.00223366399,-0.0115691215,0.00185882318
91.84,object_red_01,RED,-0.255649496,0.21894291,0.0600833615,-0.00183257155,-0.0020476372,-8.01580404e-16,6.66530904e-09,-2.9967706e-08,-5.03472311e-06,0.600009519,0.599990553,1,0.000504587863,-0.00223376275,-0.0115691215,0.00185893163
91.88,object_red_01,RED,-0.255721777,0.218862106,0.0600833615,-0.00178401265,-0.00199523544,-4.48268965e-16,6.57664877e-09,-2.95690812e-08,-4.96775245e-06,0.600009436,0.599990636,1,0.000504700759,-0.00223386032,-0.0115691215,0.00185903878
91.92,object_red_01,RED,-0.255792128,0.218783388,0.0600833615,-0.00173606674,-0.00194338867,-5.23213816e-16,6.63587798e-09,-2.98353821e-08,-5.01249213e-06,0.600009292,0.599990779,1,0.000504812272,-0.00223395665,-0.0115691215,0.00185914458
91.96,object_red_01,RED,-0.255860575,0.218706731,0.0600833615,-0.00168871975,-0.001892106,-6.30277888e-16,6.55321307e-09,-2.94637178e-08,-4.95005075e-06,0.600009193,0.599990877,1,0.000504922392,-0.00223405177,-0.0115691215,0.00185924905
92,object_red_01,RED,-0.25592714,0.218632113,0.0600833615,-0.00164198484,-0.00184138742,-7.62323577e-16,6.52032195e-09,-2.93158335e-08,-4.92520523e-06,0.600009077,0.599990992,1,0.00050503113,-0.00223414565,-0.0115691215,0.00185935218
92.04,object_red_01,RED,-0.255991849,0.218559513,0.0600833615,-0.00159584986,-0.00179122627,-9.37194895e-16,6.49285846e-09,-2.91923546e-08,-4.90445999e-06,0.600008938,0.59999113,1,0.000505138516,-0.00223423832,-0.0115691215,0.00185945398
92.08,object_red_01,RED,-0.256054725,0.218488907,0.0600833615,-0.00155032634,-0.00174164034,-5.12507408e-16,6.46070364e-09,-2.90477821e-08,-4.88017116e-06,0.600008842,0.599991225,1,0.000505244532,-0.00223432975,-0.0115691215,0.00185955443
92.12,object_red_01,RED,-0.256115793,0.218420273,0.0600833615,-0.00150542703,-0.00169263791,-1.12991023e-15,6.50241646e-09,-2.92353318e-08,-4.9116804e-06,0.600008688,0.599991378,1,0.000505349163,-0.00223441992,-0.0115691215,0.00185965351
92.16,object_red_01,RED,-0.256175078,0.218353586,0.0600833615,-0.00146113312,-0.00164422169,-7.26635553e-16,6.3643154e-09,-2.86144125e-08,-4.80736344e-06,0.600008601,0.599991465,1,0.000505452415,-0.00223450887,-0.0115691215,0.00185975126
92.2,object_red_01,RED,-0.256232604,0.218288824,0.0600833615,-0.00141745944,-0.00159638457,-8.08718008e-16,6.37021736e-09,-2.86409495e-08,-4.81182134e-06,0.600008469,0.599991596,1,0.000505554313,-0.00223459656,-0.0115691215,0.00185984764
92.24,object_red_01,RED,-0.256288396,0.218225962,0.0600833615,-0.00137440259,-0.00154914186,-4.73250582e-16,6.34728119e-09,-2.85378307e-08,-4.79449695e-06,0.600008344,0.59999172,1,0.000505654842,-0.00223468301,-0.0115691215,0.00185994266
92.28,object_red_01,RED,-0.256342479,0.218164978,0.0600833615,-0.00133197339,-0.00150250457,-5.23213816e-16,6.33034211e-09,-2.84616734e-08,-4.78170255e-06,0.600008237,0.599991826,1,0.000505753982,-0.0022347682,-0.0115691215,0.00186003631
92.32,object_red_01,RED,-0.256394878,0.218105847,0.0600833615,-0.00129017177,-0.00145647466,-7.26635553e-16,6.32293601e-09,-2.84283722e-08,-4.77610782e-06,0.600008084,0.599991978,1,0.000505851735,-0.00223485212,-0.0115691215,0.00186012858
92.36,object_red_01,RED,-0.256445618,0.218048544,0.0600833615,-0.00124898113,-0.00141104674,-7.65892379e-16,6.21212544e-09,-2.79301587e-08,-4.69240527e-06,0.600007993,0.599992068,1,0.000505948121,-0.0022349348,-0.0115691215,0.0018602195
92.4,object_red_01,RED,-0.256494723,0.217993045,0.0600833615,-0.00120842766,-0.00136623372,-9.55038907e-16,6.2586865e-09,-2.8139498e-08,-4.72757515e-06,0.600007851,0.599992209,1,0.000506043127,-0.0022350162,-0.0115691215,0.00186030903
92.44,object_red_01,RED,-0.25654222,0.217939325,0.0600833615,-0.00116850042,-0.00132204695,-5.23213816e-16,6.20197888e-09,-2.78845383e-08,-4.68474082e-06,0.600007739,0.59999232,1,0.000506136733,-0.00223509635,-0.0115691215,0.00186039717
92.48,object_red_01,RED,-0.256588133,0.21788736,0.0600833615,-0.00112921099,-0.00127849076,-6.51690702e-16,6.1838377e-09,-2.78029745e-08,-4.6710377e-06,0.600007622,0.599992436,1,0.000506228933,-0.0022351752,-0.0115691215,0.00186048392
92.52,object_red_01,RED,-0.256632487,0.217837124,0.0600833615,-0.00109054648,-0.0012355584,-7.44479565e-16,6.14641658e-09,-2.76347306e-08,-4.6427718e-06,0.600007478,0.59999258,1,0.000506319744,-0.0022352528,-0.0115691215,0.0018605693
92.56,object_red_01,RED,-0.256675308,0.217788592,0.0600833615,-0.00105251408,-0.00119326241,-8.72956452e-16,6.11049519e-09,-2.74732235e-08,-4.61563766e-06,0.600007375,0.599992681,1,0.000506409158,-0.00223532913,-0.0115691215,0.00186065328
92.6,object_red_01,RED,-0.256716621,0.217741739,0.0600833615,-0.00101512737,-0.00115161373,-4.98232199e-16,6.15103771e-09,-2.76555088e-08,-4.64626256e-06,0.600007226,0.59999283,1,0.00050649715,-0.00223540415,-0.0115691215,0.00186073585
92.64,object_red_01,RED,-0.256756452,0.217696537,0.0600833615,-0.00097837279,-0.00111061762,-6.05296271e-16,6.05883315e-09,-2.72409525e-08,-4.57661468e-06,0.600007125,0.59999293,1,0.000506583714,-0.00223547791,-0.0115691215,0.00186081703
92.68,object_red_01,RED,-0.256794827,0.217652962,0.0600833615,-0.000942258716,-0.00107026917,-7.26635553e-16,6.04326785e-09,-2.7170958e-08,-4.56485597e-06,0.600006994,0.59999306,1,0.00050666886,-0.00223555038,-0.0115691215,0.0018608968
92.72,object_red_01,RED,-0.25683177,0.217610987,0.0600833615,-0.000906782522,-0.00103057708,-8.94369266e-16,6.03188779e-09,-2.71197987e-08,-4.55626048e-06,0.600006861,0.599993192,1,0.000506752585,-0.00223562156,-0.0115691215,0.00186097517
92.76,object_red_01,RED,-0.256867308,0.217570586,0.0600833615,-0.00087195294,-0.0009915543,-4.62544175e-16,6.01850963e-09,-2.70596485e-08,-4.5461552e-06,0.600006749,0.599993303,1,0.000506834861,-0.00223569144,-0.0115691215,0.00186105212
92.8,object_red_01,RED,-0.256901466,0.217531731,0.0600833615,-0.000837774395,-0.000953205258,-5.87452259e-16,6.04119061e-09,-2.71616208e-08,-4.56328727e-06,0.600006595,0.599993456,1,0.00050691568,-0.00223576002,-0.0115691215,0.00186112764
92.84,object_red_01,RED,-0.25693427,0.217494396,0.0600833615,-0.000804229318,-0.00091552729,-6.87378726e-16,5.92872155e-09,-2.66559587e-08,-4.47833322e-06,0.600006497,0.599993553,1,0.00050699505,-0.00223582732,-0.0115691215,0.00186120177
92.88,object_red_01,RED,-0.256965747,0.217458554,0.0600833615,-0.000771339156,-0.000878526619,-8.51543637e-16,5.9646589e-09,-2.68175276e-08,-4.50547775e-06,0.600006357,0.599993692,1,0.000507072967,-0.00223589331,-0.0115691215,0.00186127446
92.92,object_red_01,RED,-0.256995921,0.217424178,0.0600833615,-0.00073909714,-0.000842215706,-4.01874534e-16,5.93418501e-09,-2.66805236e-08,-4.48246041e-06,0.600006235,0.599993814,1,0.000507149407,-0.00223595799,-0.0115691215,0.00186134572
92.96,object_red_01,RED,-0.257024819,0.21739124,0.0600833615,-0.000707512959,-0.000806600631,-5.69608247e-16,5.93014087e-09,-2.66623413e-08,-4.47940517e-06,0.600006115,0.599993932,1,0.000507224358,-0.00223602135,-0.0115691215,0.00186141553
93,object_red_01,RED,-0.257052468,0.217359712,0.0600833615,-0.000676578327,-0.000771678723,-7.15929146e-16,5.89890323e-09,-2.65218856e-08,-4.45580837e-06,0.600005968,0.599994078,1,0.000507297822,-0.00223608341,-0.0115691215,0.00186148392
93.04,object_red_01,RED,-0.257078893,0.217329565,0.0600833615,-0.000646294678,-0.000737455068,-8.30130823e-16,5.86176737e-09,-2.63549267e-08,-4.42775815e-06,0.600005859,0.599994187,1,0.000507369803,-0.00223614416,-0.0115691215,0.00186155087
93.08,object_red_01,RED,-0.257104121,0.217300773,0.0600833615,-0.000616676507,-0.000703941724,-9.65745315e-16,5.90043137e-09,-2.65287599e-08,-4.45696322e-06,0.600005712,0.599994332,1,0.000507440271,-0.00223620358,-0.0115691215,0.00186161636
93.12,object_red_01,RED,-0.257128177,0.217273307,0.0600833615,-0.000587714725,-0.000671144723,-5.3035142e-16,5.84347704e-09,-2.62726914e-08,-4.41394219e-06,0.600005598,0.599994445,1,0.000507509217,-0.00223626168,-0.0115691215,0.0018616804
93.16,object_red_01,RED,-0.25715109,0.217247137,0.0600833615,-0.000559416829,-0.000639063848,-6.55259505e-16,5.82679432e-09,-2.6197678e-08,-4.40133993e-06,0.600005467,0.599994575,1,0.00050757664,-0.00223631844,-0.0115691215,0.00186174299
93.2,object_red_01,RED,-0.257172884,0.217222236,0.0600833615,-0.000531778713,-0.000607700936,-7.58754775e-16,5.82044519e-09,-2.61691427e-08,-4.39654569e-06,0.600005329,0.599994713,1,0.000507642541,-0.00223637389,-0.0115691215,0.00186180411
93.24,object_red_01,RED,-0.257193586,0.217198573,0.0600833615,-0.000504808329,-0.000577068878,-8.97938069e-16,5.81073141e-09,-2.61254669e-08,-4.38920792e-06,0.600005211,0.59999483,1,0.000507706898,-0.00223642799,-0.0115691215,0.00186186377
93.28,object_red_01,RED,-0.257213224,0.217176121,0.0600833615,-0.000478512016,-0.00054717326,-4.87525791e-16,5.83731136e-09,-2.62449657e-08,-4.40928425e-06,0.600005059,0.59999498,1,0.000507769695,-0.00223648074,-0.0115691215,0.00186192195
93.32,object_red_01,RED,-0.257231824,0.217154849,0.0600833615,-0.000452878312,-0.000518015205,-6.26709085e-16,5.75382727e-09,-2.5869618e-08,-4.34622394e-06,0.600004948,0.59999509,1,0.000507830931,-0.00223653216,-0.0115691215,0.00186197866
93.36,object_red_01,RED,-0.257249413,0.217134727,0.0600833615,-0.000427920445,-0.000489595674,-7.40910763e-16,5.77489819e-09,-2.59643512e-08,-4.3621399e-06,0.600004809,0.599995229,1,0.000507890609,-0.00223658223,-0.0115691215,0.00186203388
93.4,object_red_01,RED,-0.257266017,0.217115727,0.0600833615,-0.000403636437,-0.000461926082,-8.37268428e-16,5.7623053e-09,-2.59077378e-08,-4.35262842e-06,0.600004677,0.599995359,1,0.000507948706,-0.00223663094,-0.0115691215,0.00186208762
93.44,object_red_01,RED,-0.257281665,0.217097818,0.0600833615,-0.000380033983,-0.000435013207,-4.66112977e-16,5.75968828e-09,-2.58959714e-08,-4.35065174e-06,0.600004552,0.599995484,1,0.000508005207,-0.00223667829,-0.0115691215,0.00186213985
93.48,object_red_01,RED,-0.257296383,0.217080969,0.0600833615,-0.000357111359,-0.000408858237,-5.51764235e-16,5.74698207e-09,-2.58388424e-08,-4.34105369e-06,0.600004403,0.599995631,1,0.000508060108,-0.00223672428,-0.0115691215,0.00186219059
93.52,object_red_01,RED,-0.257310198,0.21706515,0.0600833615,-0.000334865427,-0.000383461842,-7.30204355e-16,5.7082231e-09,-2.56645754e-08,-4.31177588e-06,0.600004285,0.599995749,1,0.000508113412,-0.00223676891,-0.0115691215,0.00186223983
93.56,object_red_01,RED,-0.257323137,0.217050332,0.0600833615,-0.000313310317,-0.000358834575,-7.94442799e-16,5.73857682e-09,-2.58010523e-08,-4.33470482e-06,0.600004139,0.599995893,1,0.000508165099,-0.00223681215,-0.0115691215,0.00186228755
93.6,object_red_01,RED,-0.257335229,0.217036482,0.0600833615,-0.000292441346,-0.000334982861,-9.65745315e-16,5.70661875e-09,-2.56573633e-08,-4.31056419e-06,0.600004013,0.599996019,1,0.000508215155,-0.00223685402,-0.0115691215,0.00186233375
93.64,object_red_01,RED,-0.257346501,0.21702357,0.0600833615,-0.000272265708,-0.000311909555,-5.37489025e-16,5.69614523e-09,-2.56102767e-08,-4.30265305e-06,0.600003879,0.599996151,1,0.000508263572,-0.0022368945,-0.0115691215,0.00186237843
93.68,object_red_01,RED,-0.25735698,0.217011564,0.0600833615,-0.00025277979,-0.000289614011,-6.44553098e-16,5.68759511e-09,-2.55718367e-08,-4.29619523e-06,0.600003735,0.599996294,1,0.000508310353,-0.0022369336,-0.0115691215,0.00186242158
93.72,object_red_01,RED,-0.257366694,0.217000434,0.0600833615,-0.000233990314,-0.000268106404,-8.01580404e-16,5.67833525e-09,-2.55302046e-08,-4.28920098e-06,0.600003608,0.59999642,1,0.000508355481,-0.00223697131,-0.0115691215,0.0018624632
93.76,object_red_01,RED,-0.257375672,0.216990147,0.0600833615,-0.000215904344,-0.000247392933,-9.01506871e-16,5.69830362e-09,-2.56199805e-08,-4.30428376e-06,0.600003459,0.599996569,1,0.000508398939,-0.0022370076,-0.0115691215,0.00186250326
93.8,object_red_01,RED,-0.25738394,0.216980672,0.0600833615,-0.000198516742,-0.000227476927,-4.87525791e-16,5.6484751e-09,-2.53959473e-08,-4.2666452e-06,0.600003334,0.599996693,1,0.000508440723,-0.0022370425,-0.0115691215,0.00186254178
93.84,object_red_01,RED,-0.257391528,0.216971977,0.0600833615,-0.00018183508,-0.000208358382,-6.19571481e-16,5.65258079e-09,-2.54144091e-08,-4.26974647e-06,0.600003192,0.599996834,1,0.000508480831,-0.00223707598,-0.0115691215,0.00186257874
93.88,object_red_01,RED,-0.257398464,0.21696403,0.0600833615,-0.000165860527,-0.000190045563,-7.90873996e-16,5.64748405e-09,-2.53914907e-08,-4.26589639e-06,0.600003052,0.599996973,1,0.000508519249,-0.00223710805,-0.0115691215,0.00186261414
93.92,object_red_01,RED,-0.257404776,0.216956799,0.0600833615,-0.000150599348,-0.000172545291,-8.65818847e-16,5.64374381e-09,-2.53746732e-08,-4.26307083e-06,0.600002918,0.599997106,1,0.000508555963,-0.00223713869,-0.0115691215,0.00186264796
93.96,object_red_01,RED,-0.257410492,0.21695025,0.0600833615,-0.000136053985,-0.000155860855,-4.94663396e-16,5.64301455e-09,-2.53713916e-08,-4.26251957e-06,0.600002767,0.599997255,1,0.000508590963,-0.0022371679,-0.0115691215,0.0018626802
94,object_red_01,RED,-0.257415641,0.216944351,0.0600833615,-0.00012222141,-0.000139992914,-5.73177049e-16,5.60689438e-09,-2.52089958e-08,-4.235236e-06,0.600002637,0.599997384,1,0.00050862425,-0.00223719567,-0.0115691215,0.00186271087
94.04,object_red_01,RED,-0.257420252,0.21693907,0.0600833615,-0.000109112787,-0.000124948656,-7.33773158e-16,5.62236799e-09,-2.52785672e-08,-4.24692471e-06,0.60000249,0.59999753,1,0.00050865581,-0.002237222,-0.0115691215,0.00186273994
94.08,object_red_01,RED,-0.257424354,0.216934374,0.0600833615,-9.67275364e-05,-0.000110734383,-8.30130823e-16,5.60607085e-09,-2.5205294e-08,-4.23461419e-06,0.600002352,0.599997667,1,0.00050868563,-0.00223724688,-0.0115691215,0.00186276741
94.12,object_red_01,RED,-0.257427976,0.216930228,0.0600833615,-8.50718002e-05,-9.73542086e-05,-9.443325e-16,5.60038174e-09,-2.51797131e-08,-4.23031661e-06,0.600002211,0.599997807,1,0.000508713699,-0.00223727031,-0.0115691215,0.00186279327
94.16,object_red_01,RED,-0.257431147,0.2169266,0.0600833615,-7.41447812e-05,-8.48090136e-05,-5.91021061e-16,5.58825854e-09,-2.51252081e-08,-4.22115957e-06,0.600002063,0.599997954,1,0.000508740017,-0.00223729227,-0.0115691215,0.00186281751
94.2,object_red_01,RED,-0.257433896,0.216923456,0.0600833615,-6.39515071e-05,-7.31051639e-05,-7.19497948e-16,5.5778059e-09,-2.50782176e-08,-4.2132647e-06,0.600001924,0.599998091,1,0.000508764572,-0.00223731276,-0.0115691215,0.00186284014
94.24,object_red_01,RED,-0.257436253,0.216920763,0.0600833615,-5.44983611e-05,-6.22486493e-05,-1.34403837e-15,5.58508383e-09,-2.51109382e-08,-4.21876173e-06,0.600001774,0.59999824,1,0.000508787351,-0.00223733178,-0.0115691215,0.00186286113
94.28,object_red_01,RED,-0.257438248,0.216918486,0.0600833615,-4.57852828e-05,-5.22435873e-05,-8.90800464e-16,5.56182691e-09,-2.50063729e-08,-4.20119448e-06,0.600001634,0.599998379,1,0.000508808344,-0.00223734931,-0.0115691215,0.00186288049
94.32,object_red_01,RED,-0.25743991,0.216916591,0.0600833615,-3.78172084e-05,-4.30921216e-05,-4.87525791e-16,5.55437451e-09,-2.49728665e-08,-4.19556513e-06,0.600001487,0.599998525,1,0.000508827546,-0.00223736535,-0.0115691215,0.0018628982
94.36,object_red_01,RED,-0.257441268,0.216915045,0.0600833615,-3.05968637e-05,-3.47992759e-05,-5.80314654e-16,5.5484914e-09,-2.49464148e-08,-4.19112129e-06,0.600001339,0.599998672,1,0.00050884495,-0.0022373799,-0.0115691215,0.00186291426
94.4,object_red_01,RED,-0.257442354,0.216913812,0.0600833615,-2.41292146e-05,-2.73709539e-05,-7.76598787e-16,5.54183074e-09,-2.49164677e-08,-4.18608994e-06,0.600001194,0.599998815,1,0.000508860541,-0.00223739294,-0.0115691215,0.00186292865
94.44,object_red_01,RED,-0.257443196,0.216912857,0.0600833615,-1.84180958e-05,-2.08111977e-05,-9.12213278e-16,5.53891405e-09,-2.49033528e-08,-4.18388697e-06,0.600001043,0.599998966,1,0.000508874312,-0.00223740446,-0.0115691215,0.00186294137
94.48,object_red_01,RED,-0.257443827,0.216912147,0.0600833615,-1.34645292e-05,-1.51230824e-05,-4.83956989e-16,5.51806771e-09,-2.48096255e-08,-4.16814025e-06,0.600000898,0.59999911,1,0.000508886254,-0.00223741448,-0.0115691215,0.00186295242
94.52,object_red_01,RED,-0.257444275,0.216911646,0.0600833615,-9.27469024e-06,-1.03111437e-05,-5.55333037e-16,5.51551208e-09,-2.47981372e-08,-4.16621005e-06,0.600000747,0.599999259,1,0.000508896361,-0.00223742296,-0.0115691215,0.00186296179
94.56,object_red_01,RED,-0.257444571,0.216911319,0.0600833615,-5.85139449e-06,-6.3805918e-06,-7.55185972e-16,5.50622609e-09,-2.47563846e-08,-4.15919562e-06,0.600000597,0.599999408,1,0.00050890462,-0.00223742991,-0.0115691215,0.00186296945
94.6,object_red_01,RED,-0.257444747,0.216911131,0.0600833615,-3.19887644e-06,-3.33565423e-06,-8.37268428e-16,5.4977422e-09,-2.47182437e-08,-4.15278764e-06,0.600000447,0.599999557,1,0.000508911023,-0.00223743532,-0.0115691215,0.00186297542
94.64,object_red_01,RED,-0.257444833,0.216911046,0.0600833615,-1.32018355e-06,-1.18009136e-06,-4.5540657e-16,5.48727847e-09,-2.46712e-08,-4.14488361e-06,0.600000295,0.599999708,1,0.000508915561,-0.00223743918,-0.0115691215,0.00186297967
94.68,object_red_01,RED,-0.257444691,0.21691085,0.0600833615,3.46928591e-05,-3.65637371e-05,-5.4462663e-16,-9.49009856e-08,4.26681515e-07,7.16846103e-05,0.600050166,0.599949856,1,0.00050881965,-0.00223752498,-0.0115691215,0.00186305643
94.72,object_red_01,RED,-0.257418984,0.216885651,0.0600833615,0.00169904822,-0.0016312173,-6.83809924e-16,-2.28113972e-06,1.02561314e-05,0.0017230812,0.600633567,0.599368442,1,0.000502201849,-0.00224246256,-0.0115691215,0.00186738768
94.76,object_red_01,RED,-0.257253106,0.216733443,0.0600833615,0.00688617665,-0.00618111854,-8.01580404e-16,-3.94230327e-06,1.77248534e-05,0.00297786341,0.601296128,0.598696639,1,0.000478687847,-0.00225801232,-0.0115691215,0.00188100111
94.8,object_red_01,RED,-0.256820946,0.216357332,0.0600833615,0.0145978086,-0.0124485507,-9.08644476e-16,-2.36765429e-06,1.06451986e-05,0.00178844569,0.601610179,0.598397904,1,0.000442290381,-0.00227798266,-0.0115691215,0.00189861246
94.84,object_red_01,RED,-0.25606484,0.215725877,0.0600833615,0.0226671744,-0.0186645025,-5.3035142e-16,1.36228345e-06,-6.12493715e-06,-0.0010290197,0.601468952,0.59854128,1,0.000403708611,-0.00229584859,-0.0115691215,0.00191478491
94.88,object_red_01,RED,-0.255018238,0.214874788,0.0600833615,0.0288887936,-0.023289744,-6.44553098e-16,5.16453062e-06,-2.3220219e-05,-0.00390111094,0.600934019,0.599074675,1,0.000373522326,-0.00230620069,-0.0115691215,0.00192437246
94.92,object_red_01,RED,-0.253791404,0.213892073,0.0600833615,0.0316459819,-0.0252418595,-7.73029984e-16,7.42602734e-06,-3.33880429e-05,-0.00560935597,0.600158482,0.599845448,1,0.000359372281,-0.00230655452,-0.0115691215,0.00192453421
94.96,object_red_01,RED,-0.252542246,0.212897554,0.0600833615,0.0301692386,-0.0240082515,-8.83662859e-16,7.49485051e-06,-3.36973504e-05,-0.00566132217,0.59931077,0.600687542,1,0.000364780432,-0.00229693827,-0.0115691215,0.00191498145
95,object_red_01,RED,-0.251438516,0.212017143,0.0600833615,0.024706363,-0.0197859878,-5.05369803e-16,5.5039781e-06,-2.47461572e-05,-0.00415747803,0.598639441,0.601353792,1,0.000388680996,-0.00227951935,-0.0115691215,0.00189802528
95.04,object_red_01,RED,-0.250614762,0.211351441,0.0600833615,0.0166293703,-0.0136215424,-6.3384669e-16,1.99776553e-06,-8.98200753e-06,-0.00150902249,0.598308556,0.601675453,1,0.000425194387,-0.00225858834,-0.0115691215,0.00187839986
95.08,object_red_01,RED,-0.250125766,0.210939424,0.0600833615,0.00848818802,-0.00750784692,-7.94442799e-16,-2.43516704e-06,1.09486359e-05,0.00183942549,0.59861113,0.601378424,1,0.000463468279,-0.00224082916,-0.0115691215,0.00186280008
95.12,object_red_01,RED,-0.24990531,0.210725417,0.0600833615,0.00343053646,-0.0038508405,-8.83662859e-16,-6.33286847e-06,2.84729024e-05,0.00478358974,0.599344709,0.600649184,1,0.000489314285,-0.00223372386,-0.0115691215,0.00185760563
95.16,object_red_01,RED,-0.24982003,0.210612468,0.0600832676,0.00126912679,-0.00206406232,-7.86965491e-06,-6.14146678e-06,2.76125319e-05,0.00463904178,0.599740264,0.60025675,1,0.000501680544,-0.0022340121,-0.0115691531,0.00185892477
95.2,object_red_01,RED,-0.249788912,0.210553358,0.0600824202,0.000467427225,-0.00103132464,-3.65922018e-05,-3.89625211e-06,1.75179134e-05,0.00294309562,0.599911164,0.600087316,1,0.000507691938,-0.00223542634,-0.0115693077,0.0018608615
95.24,object_red_01,RED,-0.249776663,0.210525833,0.0600800231,0.000207383049,-0.000434149738,-8.45400177e-05,-1.786762e-06,8.03344475e-06,0.00134965826,0.599972064,0.600027148,1,0.000510694197,-0.00223646315,-0.011569589,0.00186216091
95.28,object_red_01,RED,-0.249770307,0.210515568,0.0600753235,0.000129503821,-0.000133650001,-0.00015093511,-5.26262113e-07,2.36611888e-06,0.000397519647,0.599986206,0.600018968,1,0.000512115178,-0.00223719227,-0.0115699921,0.00186300986
95.32,object_red_01,RED,-0.249766574,0.21051313,0.0600676003,7.38504298e-05,-1.60817822e-05,-0.000234990721,-1.1670897e-08,5.24735886e-08,8.81581977e-06,0.599995378,0.600005679,1,0.000512702145,-0.00223736382,-0.0115705117,0.00186322535
95.36,object_red_01,RED,-0.24976427,0.210513233,0.0600561638,4.24496741e-05,1.08736335e-05,-0.00033592945,8.87285207e-08,-3.98929783e-07,-6.70221808e-05,0.59999402,0.600005409,1,0.000512892689,-0.00223745248,-0.0115711428,0.0018633199
95.4,object_red_01,RED,-0.249763089,0.21051362,0.060040355,1.93683681e-05,6.62418967e-06,-0.000452984796,4.63563923e-08,-2.08421632e-07,-3.50158671e-05,0.599996295,0.60000358,1,0.000512930858,-0.00223747036,-0.0115718804,0.00186332824
95.44,object_red_01,RED,-0.249762629,0.210513713,0.0600195445,5.86168825e-06,-1.0663742e-06,-0.000585379942,-3.64044682e-09,1.63677136e-08,2.749857e-06,0.599998106,0.600001759,1,0.000512929914,-0.0022374714,-0.0115727197,0.00186331476
95.48,object_red_01,RED,-0.249762534,0.210513587,0.0599931332,1.78244401e-07,-4.30218574e-06,-0.00073223415,-2.40773869e-08,1.08253656e-07,1.81871507e-05,0.599999294,0.600000574,1,0.000512928699,-0.0022374695,-0.0115736552,0.00186329711
95.52,object_red_01,RED,-0.249762562,0.210513417,0.0599605532,-1.11330218e-06,-3.81054624e-06,-0.000892953898,-2.18110586e-08,9.80640751e-08,1.64752508e-05,0.59999985,0.600000022,1,0.000512932885,-0.0022374692,-0.0115746826,0.00186328057
95.56,object_red_01,RED,-0.249762601,0.2105133,0.0599212644,-7.465591e-07,-2.06309054e-06,-0.0010668063,-1.19106314e-08,5.35510556e-08,8.99684265e-06,0.599999984,0.599999881,1,0.000512938824,-0.00223747008,-0.011575797,0.00186326459
95.6,object_red_01,RED,-0.249762618,0.21051325,0.0598747556,-1.83757873e-07,-6.26852915e-07,-0.00125308168,-3.66755703e-09,1.64896008e-08,2.77033445e-06,0.599999939,0.599999916,1,0.000512943334,-0.00223747084,-0.0115769937,0.00186324782
95.64,object_red_01,RED,-0.249762617,0.210513242,0.0598205436,1.06406912e-07,7.88612277e-08,-0.00145108133,4.09926158e-10,-1.84305266e-09,-3.09642132e-07,0.599999861,0.599999979,1,0.000512945601,-0.00223747085,-0.0115782683,0.00186322976
95.68,object_red_01,RED,-0.249762611,0.21051325,0.0597581734,1.44989021e-07,2.41617045e-07,-0.00166011739,1.36676463e-09,-6.14506847e-09,-1.03240199e-06,0.599999805,0.600000019,1,0.000512946236,-0.00223747014,-0.0115796162,0.00186321074
95.72,object_red_01,RED,-0.249762606,0.210513259,0.0596872167,7.53591753e-08,1.67432588e-07,-0.00187952018,9.53661209e-10,-4.28772762e-09,-7.2035956e-07,0.599999778,0.600000031,1,0.000512946125,-0.00223746899,-0.011581033,0.00186319132
95.76,object_red_01,RED,-0.249762605,0.210513263,0.059607269,3.34132604e-09,5.98968905e-08,-0.00210857355,3.41700415e-10,-1.53631327e-09,-2.58108185e-07,0.599999791,0.600000029,1,0.000512945865,-0.00223746765,-0.0115825146,0.00186317203
95.8,object_red_01,RED,-0.249762605,0.210513264,0.0595179595,-3.61442258e-08,-4.08700761e-09,-0.00234661709,-2.40451861e-11,1.08107599e-10,1.81624867e-08,0.599999809,0.600000023,1,0.000512945696,-0.00223746626,-0.0115840561,0.00186315321
95.84,object_red_01,RED,-0.249762607,0.210513263,0.0594189394,-4.57068893e-08,-2.27258106e-08,-0.0025930449,-1.30843303e-10,5.88274561e-10,9.8833157e-08,0.599999825,0.60000002,1,0.000512945643,-0.00223746487,-0.0115856534,0.00186313511
95.88,object_red_01,RED,-0.249762609,0.210513262,0.0593098859,-3.98850679e-08,-1.78556498e-08,-0.00284722741,-1.02906858e-10,4.62673349e-10,7.77313445e-08,0.59999984,0.60000002,1,0.000512945654,-0.00223746346,-0.0115873025,0.0018631179
95.92,object_red_01,RED,-0.24976261,0.210513262,0.0591905013,-3.04064272e-08,-7.85091591e-09,-0.00310854271,-4.54090401e-11,2.04158959e-10,3.42996234e-08,0.599999854,0.600000021,1,0.000512945681,-0.00223746203,-0.0115889993,0.00186310174
95.96,object_red_01,RED,-0.249762612,0.210513262,0.0590605534,-9.60327704e-08,-9.8236247e-10,-0.00337742257,-6.0036274e-12,2.69915978e-11,4.5346453e-09,0.599999597,0.600000013,1,0.0005129457,-0.00223746071,-0.011590732,0.00186308696
96,object_red_01,RED,-0.249762613,0.210513262,0.0589196721,-3.75913065e-08,1.6506803e-09,-0.0036498599,9.22205415e-12,-4.14596773e-11,-6.96550121e-09,0.59999984,0.600000021,1,0.000512945707,-0.00223745928,-0.0115925188,0.00186307335
96.04,object_red_01,RED,-0.249762615,0.210513262,0.0587677489,-8.20219545e-09,1.49595837e-09,-0.00392945994,8.52149649e-12,-3.83110861e-11,-6.43662344e-09,0.599999936,0.600000025,1,0.000512945708,-0.00223745752,-0.0115943368,0.00186306095
96.08,object_red_01,RED,-0.249762617,0.210513262,0.0586045464,-1.22352613e-08,8.23055854e-10,-0.00421351865,4.77388519e-12,-2.14599463e-11,-3.60546498e-09,0.60000001,0.600000014,1,0.000512945706,-0.00223745594,-0.0115961854,0.00186305036
96.12,object_red_01,RED,-0.249762618,0.210513262,0.0584298865,-1.03947736e-08,1.72129521e-10,-0.00450176463,1.03749708e-12,-4.66402885e-12,-7.83711952e-10,0.60000008,0.600000007,1,0.000512945704,-0.00223745435,-0.0115980622,0.00186304151
96.16,object_red_01,RED,-0.24976262,0.210513262,0.0582436132,-8.11333453e-09,-1.12919494e-10,-0.00479364349,-5.89871504e-13,2.65435272e-12,4.4612602e-10,0.600000153,0.599999999,1,0.000512945703,-0.00223745273,-0.0115999637,0.00186303446
96.2,object_red_01,RED,-0.249762621,0.210513262,0.0580456316,-6.2037761e-08,-1.74969974e-10,-0.00508867174,-1.13018506e-12,5.07678819e-12,8.5301797e-10,0.599999922,0.599999998,1,0.000512945703,-0.00223745129,-0.011601877,0.00186302952
96.24,object_red_01,RED,-0.249762623,0.210513262,0.0578357142,-2.06932598e-08,-2.39676821e-11,-0.00538581663,-2.47139376e-13,1.11534248e-12,1.8730515e-10,0.600000256,0.599999982,1,0.000512945703,-0.00223744968,-0.0116038253,0.00186302635
96.28,object_red_01,RED,-0.249762625,0.210513262,0.0576138844,4.12602834e-09,-8.20007401e-11,-0.00568564158,-4.34436809e-13,1.95732766e-12,3.28616534e-10,0.600000375,0.59999998,1,0.000512945703,-0.0022374478,-0.0116057804,0.00186302498
96.32,object_red_01,RED,-0.249762626,0.210513262,0.0573800345,-2.49571295e-09,5.26416714e-11,-0.00598704672,4.11104678e-13,-1.84774022e-12,-3.10331516e-10,0.600000419,0.59999997,1,0.000512945704,-0.00223744612,-0.0116077459,0.00186302586
96.36,object_red_01,RED,-0.249762628,0.210513262,0.0571341113,-1.02138428e-08,5.84002775e-11,-0.00628975543,4.24308344e-13,-1.90842509e-12,-3.20768641e-10,0.600000375,0.599999971,1,0.000512945704,-0.00223744446,-0.0116097194,0.00186302886
96.4,object_red_01,RED,-0.24976263,0.210513262,0.0568760829,2.1469069e-08,-3.39434789e-10,-0.00659233285,-2.18564916e-12,9.83003555e-12,1.65159816e-09,0.600000304,0.600000004,1,0.000512945703,-0.00223744296,-0.0116116986,0.00186303413
96.44,object_red_01,RED,-0.249762631,0.210513262,0.0566059581,-2.01266505e-08,3.41166836e-11,-0.0068962684,3.66043931e-13,-1.64971071e-12,-2.77052175e-10,0.600000302,0.599999973,1,0.000512945704,-0.00223744103,-0.011613675,0.00186304106
96.48,object_red_01,RED,-0.249762633,0.210513262,0.0563237267,-3.51529924e-08,6.34494344e-11,-0.00719906857,4.55334086e-13,-2.05157765e-12,-3.4458253e-10,0.600000245,0.599999972,1,0.000512945704,-0.00223743943,-0.011615651,0.00186305042
96.52,object_red_01,RED,-0.249762635,0.210513262,0.056029438,-5.25437032e-08,-2.59848287e-12,-0.00750023218,-3.20607026e-14,1.48922654e-13,2.49130355e-11,0.600000083,0.599999983,1,0.000512945704,-0.00223743788,-0.0116176167,0.00186306184
96.56,object_red_01,RED,-0.249762636,0.210513262,0.0557230907,-5.46903329e-08,4.44024754e-11,-0.0078013605,2.37692117e-13,-1.06711654e-12,-1.79274235e-10,0.600000135,0.599999975,1,0.000512945704,-0.00223743621,-0.0116195842,0.00186307524
96.6,object_red_01,RED,-0.249762638,0.210513262,0.0554047952,-5.46022478e-08,1.50499704e-11,-0.00810025537,1.44514125e-13,-6.4847255e-13,-1.08638156e-10,0.600000112,0.599999977,1,0.000512945704,-0.00223743446,-0.0116215364,0.0018630905
96.64,object_red_01,RED,-0.249762639,0.210513262,0.0550746513,-8.76826199e-09,-1.80598998e-10,-0.00839001025,-1.22782143e-12,5.5177088e-12,9.26938725e-10,0.599999944,0.600000032,1,0.000512945704,-0.00223743322,-0.0116234542,0.00186310795
96.68,object_red_01,RED,-0.249762641,0.210513262,0.0547326468,-6.45923038e-08,-1.06238061e-10,-0.00868931124,-9.10066441e-13,4.08948271e-12,6.8711415e-10,0.599999972,0.599999993,1,0.000512945703,-0.00223743155,-0.0116253936,0.00186312719
96.72,object_red_01,RED,-0.249762643,0.210513262,0.05437901,-5.52976917e-08,-6.84269116e-11,-0.00898028419,-3.70639329e-13,1.6680295e-12,2.80354411e-10,0.600000006,0.599999989,1,0.000512945704,-0.00223742963,-0.0116272957,0.00186314775
96.76,object_red_01,RED,-0.249762644,0.210513262,0.0540138453,-1.01809713e-07,1.46390951e-10,-0.0092686268,9.38699472e-13,-4.22124569e-12,-7.09180939e-10,0.599999936,0.599999968,1,0.000512945704,-0.00223742802,-0.011629175,0.00186317025
96.8,object_red_01,RED,-0.249762646,0.210513262,0.053637258,-7.61851316e-08,8.82572952e-11,-0.0095502985,5.15808866e-13,-2.31067905e-12,-3.88582884e-10,0.599999926,0.599999987,1,0.000512945704,-0.0022374266,-0.0116310296,0.00186319448
96.84,object_red_01,RED,-0.249762647,0.210513262,0.0532494488,-6.49591923e-08,-3.03904781e-11,-0.00982924909,-1.81606631e-13,8.15520657e-13,1.36779029e-10,0.599999905,0.599999996,1,0.000512945704,-0.00223742502,-0.0116328581,0.00186321999
96.88,object_red_01,RED,-0.249762649,0.210513262,0.0528505766,-4.42312289e-08,4.60461159e-11,-0.0101051129,5.58927699e-13,-2.51254717e-12,-4.22145493e-10,0.599999993,0.599999993,1,0.000512945704,-0.00223742319,-0.011634665,0.0018632467
96.92,object_red_01,RED,-0.249762651,0.210513262,0.0524408435,-7.49425067e-08,1.54266618e-10,-0.0103730836,1.05998979e-12,-4.76653804e-12,-8.00752427e-10,0.599999872,0.599999992,1,0.000512945704,-0.00223742197,-0.0116364249,0.00186327496
96.96,object_red_01,RED,-0.249762652,0.210513262,0.0520204472,-8.73240752e-08,2.98198625e-11,-0.0106375421,1.49359538e-13,-6.69986958e-13,-1.12968905e-10,0.599999798,0.599999995,1,0.000512945704,-0.00223742062,-0.0116381573,0.00186330426
97,object_red_01,RED,-0.249762653,0.210513262,0.0515895831,-6.48641065e-08,1.03235654e-11,-0.0108951084,2.78626034e-14,-1.25867831e-13,-2.12801218e-11,0.599999826,0.600000006,1,0.000512945704,-0.00223741925,-0.0116398553,0.00186333448
97.04,object_red_01,RED,-0.249762655,0.210513262,0.05114851,-5.38002975e-08,-5.29409893e-11,-0.0111475715,-3.27168788e-13,1.47025224e-12,2.47057066e-10,0.599999827,0.600000012,1,0.000512945704,-0.00223741783,-0.0116415149,0.00186336544
97.08,object_red_01,RED,-0.249762656,0.210513262,0.0506974601,-4.46489938e-08,-8.78994289e-11,-0.0113937315,-5.4501378e-13,2.45192892e-12,4.11667137e-10,0.599999821,0.600000018,1,0.000512945704,-0.00223741649,-0.0116431347,0.00186339713
97.12,object_red_01,RED,-0.249762657,0.210513262,0.0502366909,-4.72169951e-08,-3.70422895e-11,-0.0116335195,-2.09647847e-13,9.44044821e-13,1.58570774e-10,0.599999816,0.600000017,1,0.000512945704,-0.00223741517,-0.0116447116,0.00186342931
97.16,object_red_01,RED,-0.249762659,0.210513262,0.0497664583,-3.54295712e-09,-2.8927127e-10,-0.0118664333,-1.74154922e-12,7.83273412e-12,1.31610088e-09,0.59999984,0.600000041,1,0.000512945704,-0.00223741387,-0.0116462491,0.00186346197
97.2,object_red_01,RED,-0.24976266,0.210513262,0.049287062,-4.03187445e-08,7.86724344e-12,-0.0120923858,1.45329578e-13,-6.53057405e-13,-1.09807982e-10,0.599999818,0.600000019,1,0.000512945704,-0.00223741261,-0.011647733,0.00186349467
97.24,object_red_01,RED,-0.249762661,0.210513262,0.0487987654,-3.64072215e-08,-2.85941419e-11,-0.0123109855,-1.70130401e-13,7.6475713e-13,1.28396167e-10,0.599999832,0.60000002,1,0.000512945704,-0.00223741149,-0.0116491741,0.00186352767
97.28,object_red_01,RED,-0.249762662,0.210513262,0.0483018783,-3.10505981e-08,-3.67685088e-11,-0.0125218022,-2.14618845e-13,9.69574478e-13,1.62993025e-10,0.599999848,0.600000021,1,0.000512945704,-0.00223741034,-0.0116505649,0.00186356051
97.32,object_red_01,RED,-0.249762663,0.210513262,0.0477967086,-2.58344055e-08,-2.59827484e-11,-0.0127250733,-1.29929015e-13,5.83067633e-13,9.8111685e-11,0.599999877,0.60000002,1,0.000512945704,-0.00223740921,-0.0116519062,0.00186359314
97.36,object_red_01,RED,-0.249762664,0.210513262,0.0472835744,-2.26866712e-08,-2.17937149e-11,-0.0129199846,-1.15736557e-13,5.24209684e-13,8.82175509e-11,0.599999888,0.60000002,1,0.000512945704,-0.00223740817,-0.0116531939,0.00186362542
97.4,object_red_01,RED,-0.249762665,0.210513262,0.0467627976,9.16880375e-09,-1.57408447e-10,-0.0131069979,-8.86045346e-13,3.98546655e-12,6.6953021e-10,0.599999943,0.600000032,1,0.000512945704,-0.00223740708,-0.0116544321,0.0018636572
97.44,object_red_01,RED,-0.249762666,0.210513262,0.0462347285,-1.49528949e-08,2.78248823e-11,-0.013285176,2.54469551e-13,-1.14580832e-12,-1.92613471e-10,0.599999933,0.600000017,1,0.000512945704,-0.00223740614,-0.0116556083,0.00186368825
97.48,object_red_01,RED,-0.249762667,0.210513262,0.0456996907,1.94193045e-08,-1.87282211e-10,-0.0134549088,-1.0915146e-12,4.90620972e-12,8.24375602e-10,0.59999997,0.600000034,1,0.000512945704,-0.00223740522,-0.0116567349,0.00186371866
97.52,object_red_01,RED,-0.249762668,0.210513262,0.0451580562,8.30038644e-10,2.34215297e-11,-0.0136151718,2.38107501e-13,-1.06923166e-12,-1.7963928e-10,0.600000047,0.600000011,1,0.000512945704,-0.00223740435,-0.0116577965,0.00186374795
97.56,object_red_01,RED,-0.249762669,0.210513262,0.0446101623,7.4894509e-09,-1.9224339e-10,-0.0137672701,-1.29021071e-12,5.79991837e-12,9.74580708e-10,0.599999983,0.600000026,1,0.000512945703,-0.0022374037,-0.0116588051,0.0018637765
97.6,object_red_01,RED,-0.24976267,0.210513262,0.0440564011,-5.98668814e-09,-6.84680322e-11,-0.013909852,-4.08482645e-13,1.83458494e-12,3.08517287e-10,0.599999952,0.600000019,1,0.000512945704,-0.00223740283,-0.0116597488,0.00186380345
97.64,object_red_01,RED,-0.24976267,0.210513262,0.0434971091,-6.70717105e-09,2.17720197e-12,-0.0140435735,-1.45088961e-14,6.5799088e-14,1.11869162e-11,0.600000059,0.600000004,1,0.000512945704,-0.00223740212,-0.0116606378,0.00186382939
97.68,object_red_01,RED,-0.249762671,0.210513262,0.0429326941,-4.01006819e-09,4.99543617e-12,-0.0141676941,6.53592448e-14,-2.91389678e-13,-4.89976482e-11,0.600000099,0.599999999,1,0.000512945704,-0.00223740138,-0.0116614626,0.00186385374
97.72,object_red_01,RED,-0.249762672,0.210513262,0.0423635281,-2.33126249e-09,2.25592856e-11,-0.0142816559,1.64091834e-13,-7.38654642e-13,-1.24271165e-10,0.600000115,0.599999997,1,0.000512945704,-0.00223740078,-0.0116622237,0.00186387663
97.76,object_red_01,RED,-0.249762672,0.210513262,0.0417900016,3.38619007e-09,1.3562998e-12,-0.0143861601,5.02372682e-14,-2.29077679e-13,-3.8287987e-11,0.600000138,0.599999997,1,0.000512945704,-0.00223740019,-0.0116629222,0.00186389787
97.8,object_red_01,RED,-0.249762673,0.210513262,0.0412125089,-1.02126415e-09,2.64138287e-11,-0.0144806993,1.9767726e-13,-8.85422893e-13,-1.48793473e-10,0.600000131,0.599999994,1,0.000512945704,-0.0022373997,-0.0116635551,0.00186391738
97.84,object_red_01,RED,-0.249762673,0.210513262,0.0406314432,5.0761386e-09,-6.28849603e-11,-0.0145652841,-4.02373632e-13,1.80907333e-12,3.03810964e-10,0.600000098,0.600000002,1,0.000512945704,-0.00223739929,-0.0116641242,0.00186393514
97.88,object_red_01,RED,-0.249762674,0.210513262,0.0400472214,-2.21206902e-09,-4.24422569e-11,-0.0146391087,-2.76952161e-13,1.24505432e-12,2.08971418e-10,0.599999993,0.600000011,1,0.000512945704,-0.00223739893,-0.0116646227,0.00186395084
97.92,object_red_01,RED,-0.249762674,0.210513262,0.0394602151,-7.40895601e-09,-3.754815e-12,-0.0147043272,-7.41341957e-14,3.34888296e-13,5.63279979e-11,0.600000046,0.6,1,0.000512945704,-0.00223739859,-0.0116650631,0.00186396479
97.96,object_red_01,RED,-0.249762674,0.210513262,0.0388708655,-1.50420288e-08,6.40159559e-11,-0.0147593556,4.46053589e-13,-2.00535988e-12,-3.36776752e-10,0.600000059,0.59999999,1,0.000512945704,-0.00223739816,-0.0116654346,0.00186397651
98,object_red_01,RED,-0.249762674,0.210513262,0.0382795635,-9.76348772e-09,5.57333704e-11,-0.0148024675,3.48179274e-13,-1.57008049e-12,-2.63993392e-10,0.600000029,0.599999998,1,0.000512945704,-0.00223739802,-0.011665736,0.00186398627
98.04,object_red_01,RED,-0.249762675,0.210513262,0.0376867294,-1.57430155e-09,-1.19674127e-11,-0.0148360097,-6.2678297e-14,2.81162225e-13,4.74203659e-11,0.600000024,0.600000003,1,0.000512945704,-0.00223739784,-0.011665972,0.00186399387
98.08,object_red_01,RED,-0.249762675,0.210513262,0.0370927774,-6.61269727e-10,4.13268711e-12,-0.0148587579,3.27920418e-14,-1.42689183e-13,-2.39709132e-11,0.600000017,0.600000003,1,0.000512945704,-0.00223739775,-0.0116661384,0.00186399929
98.12,object_red_01,RED,-0.249762675,0.210513262,0.0364981164,-1.37633229e-09,-5.07981676e-12,-0.014871687,-4.41011345e-14,1.95992509e-13,3.28673505e-11,0.600000003,0.600000004,1,0.000512945704,-0.0022373977,-0.0116662391,0.00186400259
98.16,object_red_01,RED,-0.249762675,0.210513262,0.0359031669,1.20852479e-09,-4.48968852e-12,-0.0148739608,-2.78113822e-14,1.23878905e-13,2.0964103e-11,0.600000004,0.600000004,1,0.000512945704,-0.00223739769,-0.011666271,0.00186400364
98.2,object_red_01,RED,-0.249762675,0.210513262,0.0353083434,3.18348408e-09,-1.13827078e-12,-0.0148658071,-9.02107215e-15,3.88730764e-14,6.6005597e-12,0.600000004,0.600000005,1,0.000512945704,-0.00223739776,-0.0116662351,0.00186400251
98.24,object_red_01,RED,-0.249762675,0.210513262,0.034714062,4.16206738e-09,-1.45495828e-12,-0.0148471938,-2.34342979e-14,1.08410434e-13,1.8018306e-11,0.600000001,0.600000005,1,0.000512945704,-0.00223739789,-0.0116661308,0.00186399919
98.28,object_red_01,RED,-0.249762674,0.210513262,0.0341207357,5.41632196e-09,-2.29924949e-12,-0.0148186398,-1.81057026e-14,8.33719569e-14,1.39940114e-11,0.600000002,0.600000005,1,0.000512945704,-0.00223739804,-0.0116659604,0.0018639937
98.32,object_red_01,RED,-0.249762674,0.210513262,0.0335287836,1.06682132e-08,1.33102176e-11,-0.0147790964,9.79018199e-14,-4.36652844e-13,-7.35317323e-11,0.600000023,0.600000004,1,0.000512945704,-0.00223739827,-0.0116657204,0.001863986
98.36,object_red_01,RED,-0.249762674,0.210513262,0.0329386082,2.97183435e-08,-5.29669916e-11,-0.0147288214,-3.35943125e-13,1.5101687e-12,2.53993432e-10,0.600000039,0.600000014,1,0.000512945704,-0.00223739861,-0.0116654136,0.00186397626
98.4,object_red_01,RED,-0.249762674,0.210513262,0.032350639,2.14101353e-08,-3.56255588e-11,-0.0146696608,-2.04293739e-13,9.15555298e-13,1.5385854e-10,0.600000044,0.600000007,1,0.000512945704,-0.0022373989,-0.0116650404,0.00186396436
98.44,object_red_01,RED,-0.249762673,0.210513262,0.03176527,1.28938189e-08,-1.40127103e-11,-0.0145991695,-1.64857546e-13,7.45420832e-13,1.25344935e-10,0.600000013,0.600000006,1,0.000512945704,-0.00223739943,-0.0116645977,0.00186395052
98.48,object_red_01,RED,-0.249762673,0.210513262,0.0311829079,2.32033894e-08,-4.65447639e-11,-0.0145196421,-3.18159477e-13,1.42996003e-12,2.40260387e-10,0.600000055,0.600000005,1,0.000512945704,-0.0022373998,-0.011664094,0.00186393467
98.52,object_red_01,RED,-0.249762672,0.210513262,0.0306039608,1.21260371e-08,9.05559519e-11,-0.0144297104,5.76836861e-13,-2.59122401e-12,-4.35332411e-10,0.600000071,0.599999994,1,0.000512945704,-0.00223740027,-0.0116635215,0.00186391688
98.56,object_red_01,RED,-0.249762672,0.210513262,0.0300288186,1.80044548e-08,2.90805431e-11,-0.0143301599,1.67687958e-13,-7.5277139e-13,-1.26374204e-10,0.600000091,0.599999995,1,0.000512945704,-0.00223740084,-0.011662887,0.00186389741
98.6,object_red_01,RED,-0.249762671,0.210513262,0.0294578898,2.40795773e-08,3.1527099e-11,-0.0142199543,2.19699665e-13,-9.8827574e-13,-1.66014417e-10,0.600000102,0.599999996,1,0.000512945704,-0.00223740144,-0.0116621845,0.00186387607
98.64,object_red_01,RED,-0.24976267,0.210513262,0.0288915526,2.91703956e-08,1.14120332e-11,-0.0141002178,6.32299218e-14,-2.85318736e-13,-4.80331089e-11,0.600000112,0.599999998,1,0.000512945704,-0.00223740216,-0.0116614197,0.0018638532
98.68,object_red_01,RED,-0.24976267,0.210513262,0.028330201,2.70008608e-08,1.46764078e-11,-0.0139714256,9.52362361e-14,-4.26610861e-13,-7.16718295e-11,0.600000126,0.599999993,1,0.000512945704,-0.00223740286,-0.0116605926,0.00186382875
98.72,object_red_01,RED,-0.249762669,0.210513262,0.0277742126,2.2766777e-08,-6.18904784e-12,-0.0138324675,-1.05500046e-13,4.74308349e-13,7.97095791e-11,0.600000093,0.599999995,1,0.000512945704,-0.00223740373,-0.011659701,0.00186380292
98.76,object_red_01,RED,-0.249762668,0.210513262,0.02722396,2.64500889e-08,-1.60854476e-11,-0.013685306,-1.2407241e-13,5.57759041e-13,9.37306456e-11,0.600000117,0.599999993,1,0.000512945704,-0.00223740448,-0.011658753,0.00186377575
98.8,object_red_01,RED,-0.249762667,0.210513262,0.026679818,-7.23712205e-09,2.17206648e-10,-0.0135285972,1.3158029e-12,-5.90902996e-12,-9.92924619e-10,0.600000095,0.599999973,1,0.000512945704,-0.00223740536,-0.0116577402,0.00186374734
98.84,object_red_01,RED,-0.249762666,0.210513262,0.0261421287,3.07126661e-09,9.90258498e-12,-0.013364159,-1.30988193e-14,6.16174277e-14,1.05333923e-11,0.600000007,0.59999999,1,0.000512945704,-0.00223740628,-0.0116566772,0.0018637181
98.88,object_red_01,RED,-0.249762665,0.210513262,0.0256112744,5.15692264e-09,2.27306351e-10,-0.0131888652,1.54550641e-12,-6.94969312e-12,-1.16783644e-09,0.600000137,0.599999971,1,0.000512945704,-0.00223740707,-0.011655548,0.00186368752
98.92,object_red_01,RED,-0.249762664,0.210513262,0.0250875734,-2.10308995e-08,9.30025961e-11,-0.013007927,5.25637968e-13,-2.36414691e-12,-3.9723132e-10,0.599999883,0.599999988,1,0.000512945704,-0.00223740822,-0.011654371,0.00186365669
98.96,object_red_01,RED,-0.249762663,0.210513262,0.0245713943,4.79835805e-09,1.78654061e-10,-0.0128144224,1.21877229e-12,-5.48371801e-12,-9.21155348e-10,0.600000115,0.599999972,1,0.000512945704,-0.00223740918,-0.0116531282,0.0018636247
99,object_red_01,RED,-0.249762662,0.210513262,0.0240630418,8.39207632e-09,7.63091062e-11,-0.0126145267,4.33850615e-13,-1.94754633e-12,-3.26972831e-10,0.600000077,0.599999981,1,0.000512945704,-0.00223741045,-0.0116518374,0.00186359261
99.04,object_red_01,RED,-0.249762661,0.210513262,0.0235628563,1.13092938e-08,1.05923114e-11,-0.0124068284,4.73629005e-14,-2.1598435e-13,-3.62922763e-11,0.600000004,0.599999991,1,0.000512945704,-0.00223741158,-0.0116504928,0.00186355996
99.08,object_red_01,RED,-0.24976266,0.210513262,0.0230711364,8.47413398e-09,2.94049954e-11,-0.0121916848,1.5673317e-13,-7.03570874e-13,-1.18547173e-10,0.599999971,0.599999993,1,0.000512945704,-0.00223741278,-0.0116490992,0.00186352716
99.12,object_red_01,RED,-0.249762658,0.210513262,0.0225881938,7.22112359e-09,6.17047507e-12,-0.0119688518,9.13970107e-15,-3.64430678e-14,-6.47218243e-12,0.599999892,0.600000002,1,0.000512945704,-0.00223741403,-0.0116476552,0.00186349428
99.16,object_red_01,RED,-0.249762657,0.210513262,0.0221143127,-7.1366763e-09,5.38780458e-12,-0.0117398232,-1.42685611e-14,6.71363984e-14,1.1177941e-11,0.599999741,0.600000011,1,0.000512945704,-0.0022374153,-0.0116461662,0.00186346153
99.2,object_red_01,RED,-0.249762656,0.210513262,0.0216497861,-1.82501624e-08,2.63226451e-10,-0.0115027334,1.75608936e-12,-7.890285e-12,-1.3257254e-09,0.599999804,0.599999992,1,0.000512945704,-0.00223741645,-0.0116446276,0.00186342877
99.24,object_red_01,RED,-0.249762654,0.210513262,0.021194868,-4.69314806e-09,1.32078331e-11,-0.0112587307,-3.14090114e-14,1.42291031e-13,2.39827482e-11,0.599999689,0.600000019,1,0.000512945704,-0.00223741805,-0.011643048,0.00186339689
99.28,object_red_01,RED,-0.249762653,0.210513262,0.0207498317,-1.84590908e-09,-4.30543036e-12,-0.0110088152,-7.70626051e-14,3.46305555e-13,5.83016807e-11,0.599999651,0.600000024,1,0.000512945704,-0.00223741938,-0.0116414255,0.00186336521
99.32,object_red_01,RED,-0.249762652,0.210513262,0.020314922,7.39166211e-09,-3.40591204e-11,-0.0107523465,-2.79248162e-13,1.25343052e-12,2.10321238e-10,0.599999676,0.600000027,1,0.000512945704,-0.00223742083,-0.0116397625,0.0018633343
99.36,object_red_01,RED,-0.24976265,0.210513262,0.019890369,2.70240329e-08,-1.52013742e-10,-0.0104891644,-1.07999971e-12,4.8528183e-12,8.15361168e-10,0.599999674,0.600000041,1,0.000512945704,-0.00223742241,-0.0116380594,0.00186330427
99.4,object_red_01,RED,-0.249762649,0.210513262,0.0194764034,2.88847137e-08,-1.12259438e-10,-0.0102226545,-7.57445392e-13,3.40585327e-12,5.72253724e-10,0.599999741,0.600000031,1,0.000512945704,-0.00223742378,-0.0116363254,0.00186327505
99.44,object_red_01,RED,-0.249762648,0.210513262,0.0190731954,5.31026285e-09,1.36680203e-10,-0.00995435782,9.33213773e-13,-4.19430584e-12,-7.04842362e-10,0.59999996,0.599999984,1,0.000512945704,-0.002237425,-0.0116345699,0.00186324696
99.48,object_red_01,RED,-0.249762646,0.210513262,0.0186810344,4.3059601e-08,4.03974957e-11,-0.00967311689,4.15606887e-13,-1.86631334e-12,-3.13689751e-10,0.599999863,0.60000002,1,0.000512945704,-0.0022374266,-0.0116327542,0.00186321999
99.52,object_red_01,RED,-0.249762644,0.210513262,0.018300009,4.07417576e-08,2.62138499e-11,-0.00939095591,1.00924046e-13,-4.52193269e-13,-7.59639623e-11,0.59999985,0.600000023,1,0.000512945704,-0.00223742842,-0.0116309227,0.00186319476
99.56,object_red_01,RED,-0.249762642,0.210513262,0.0179303115,7.66957428e-08,-2.12104643e-10,-0.00910373937,-1.44851946e-12,6.50792187e-12,1.09367271e-09,0.599999857,0.600000047,1,0.000512945704,-0.00223743014,-0.0116290627,0.00186317087
99.6,object_red_01,RED,-0.249762641,0.210513262,0.0175721135,6.68467803e-08,-1.29881578e-10,-0.00881604969,-8.37463788e-13,3.76738282e-12,6.32898714e-10,0.599999926,0.600000029,1,0.000512945704,-0.00223743157,-0.011627184,0.00186314831
99.64,object_red_01,RED,-0.249762639,0.210513262,0.0172255327,6.10309737e-08,-1.9163429e-11,-0.0085239117,-1.48619636e-13,6.6722794e-13,1.12616666e-10,0.59999996,0.600000021,1,0.000512945704,-0.00223743319,-0.0116252814,0.00186312756
99.68,object_red_01,RED,-0.249762637,0.210513262,0.0168907009,2.76180194e-08,-4.30993787e-11,-0.00822715244,-6.29868576e-13,2.83332982e-12,4.76065188e-10,0.599999846,0.600000019,1,0.000512945703,-0.00223743522,-0.0116233497,0.00186310888
99.72,object_red_01,RED,-0.249762636,0.210513262,0.0165677005,7.76734519e-08,-2.3011009e-10,-0.00793142246,-1.58385717e-12,7.12050989e-12,1.19614093e-09,0.600000007,0.600000026,1,0.000512945703,-0.00223743656,-0.011621422,0.00186309153
99.76,object_red_01,RED,-0.249762634,0.210513262,0.0162566422,7.127379e-08,-6.91110846e-12,-0.00763216676,-4.28601319e-14,1.95714501e-13,3.2586703e-11,0.600000068,0.600000012,1,0.000512945704,-0.00223743808,-0.0116194706,0.00186307618
99.8,object_red_01,RED,-0.249762633,0.210513262,0.0159575885,6.82417043e-08,-6.95800657e-11,-0.007330311,-5.79275036e-13,2.6040991e-12,4.37507012e-10,0.600000043,0.600000016,1,0.000512945704,-0.00223743992,-0.0116175045,0.00186306309
99.84,object_red_01,RED,-0.249762631,0.210513262,0.0156705899,8.04419261e-08,-8.23528185e-11,-0.00702917944,-5.61511223e-13,2.52026964e-12,4.23561478e-10,0.600000131,0.60000001,1,0.000512945704,-0.00223744144,-0.011615538,0.00186305173
99.88,object_red_01,RED,-0.249762629,0.210513262,0.0153956855,7.60796658e-08,1.61024111e-11,-0.00672654439,9.25610717e-14,-4.18952364e-13,-7.03894067e-11,0.600000165,0.600000002,1,0.000512945704,-0.00223744307,-0.0116135624,0.00186304253
99.92,object_red_01,RED,-0.249762628,0.210513262,0.015132892,7.28195096e-08,1.7231905e-11,-0.00642405231,9.54720444e-14,-4.31638946e-13,-7.27858844e-11,0.60000018,0.599999997,1,0.000512945704,-0.00223744472,-0.0116115855,0.00186303544
99.96,object_red_01,RED,-0.249762626,0.210513262,0.0148822119,2.08460916e-08,4.09494149e-10,-0.00612223024,2.57403245e-12,-1.15746166e-11,-1.94446251e-09,0.600000191,0.599999961,1,0.000512945704,-0.00223744631,-0.0116096063,0.00186303038
100,object_red_01,RED,-0.249762624,0.210513262,0.0146435989,6.31854359e-08,7.33174285e-12,-0.00582033101,-7.39144078e-14,3.28090499e-13,5.52486834e-11,0.600000193,0.599999991,1,0.000512945703,-0.00223744812,-0.0116076384,0.00186302765
100.04,object_red_01,RED,-0.249762623,0.210513262,0.0144170356,6.5226431e-08,2.73938557e-11,-0.00552019848,1.66792606e-13,-7.52306708e-13,-1.26108014e-10,0.600000223,0.599999986,1,0.000512945704,-0.00223744966,-0.0116056748,0.00186302675
100.08,object_red_01,RED,-0.249762621,0.210513262,0.0142024524,6.03537684e-08,5.40715147e-11,-0.00522182337,3.30678694e-13,-1.48625591e-12,-2.49743079e-10,0.600000236,0.599999982,1,0.000512945704,-0.00223745129,-0.011603722,0.001863028
100.12,object_red_01,RED,-0.249762619,0.210513262,0.0139997652,6.36007102e-08,-2.01957879e-10,-0.0049230367,-1.55932136e-12,7.00446716e-12,1.1768607e-09,0.600000108,0.600000006,1,0.000512945703,-0.00223745334,-0.0116017741,0.00186303169
100.16,object_red_01,RED,-0.249762618,0.210513262,0.0138088736,7.00165193e-08,-1.58593707e-10,-0.00463243501,-1.04581749e-12,4.70107814e-12,7.89644387e-10,0.60000025,0.599999987,1,0.000512945703,-0.00223745455,-0.0115998624,0.00186303651
100.2,object_red_01,RED,-0.249762616,0.210513262,0.0136296552,4.82191617e-08,8.8217627e-11,-0.00434270933,5.74161802e-13,-2.57942314e-12,-4.33477807e-10,0.600000242,0.599999973,1,0.000512945704,-0.00223745607,-0.011597962,0.00186304356
100.24,object_red_01,RED,-0.249762615,0.210513262,0.0134619576,4.21800357e-08,6.24550018e-11,-0.00405690159,3.71153439e-13,-1.67179511e-12,-2.80780769e-10,0.600000214,0.599999973,1,0.000512945704,-0.00223745766,-0.011596087,0.00186305251
100.28,object_red_01,RED,-0.249762613,0.210513262,0.013305612,3.71499897e-08,5.48138934e-11,-0.00377559198,3.243815e-13,-1.45820736e-12,-2.45087063e-10,0.60000019,0.599999973,1,0.000512945704,-0.00223745919,-0.0115942406,0.00186306313
100.32,object_red_01,RED,-0.249762612,0.210513262,0.0131604262,3.16579981e-08,5.27159586e-11,-0.00349935141,3.07699684e-13,-1.38727432e-12,-2.33010695e-10,0.600000167,0.599999973,1,0.000512945704,-0.0022374607,-0.0115924264,0.00186307534
100.36,object_red_01,RED,-0.24976261,0.210513262,0.0130261804,4.5251823e-08,-3.04765985e-10,-0.00322527109,-2.25403633e-12,1.01282388e-11,1.70179e-09,0.599999984,0.600000012,1,0.000512945703,-0.00223746267,-0.0115906376,0.00186308961
100.4,object_red_01,RED,-0.249762609,0.210513262,0.0129026472,4.18124265e-08,-2.22489145e-10,-0.00296432318,-1.45714874e-12,6.54634583e-12,1.1000001e-09,0.600000113,0.599999987,1,0.000512945703,-0.00223746364,-0.0115889101,0.00186310407
100.44,object_red_01,RED,-0.249762608,0.210513262,0.0127895535,1.64845789e-08,7.50568179e-11,-0.00270694564,4.75014031e-13,-2.13060697e-12,-3.57794539e-10,0.600000105,0.599999971,1,0.000512945704,-0.00223746498,-0.0115872155,0.00186312022
100.48,object_red_01,RED,-0.249762606,0.210513262,0.0126866149,1.17217397e-08,4.11773691e-11,-0.00245672696,2.18048242e-13,-9.81347211e-13,-1.6462484e-10,0.600000052,0.599999976,1,0.000512945704,-0.00223746638,-0.0115855681,0.00186313748
100.52,object_red_01,RED,-0.249762605,0.210513262,0.0125935189,1.04920496e-08,1.81522697e-11,-0.00221467896,7.67051537e-14,-3.46434201e-13,-5.82553769e-11,0.599999994,0.599999983,1,0.000512945704,-0.00223746769,-0.0115839732,0.00186315553
100.56,object_red_01,RED,-0.249762604,0.210513262,0.0125099251,7.84471154e-09,1.50667795e-11,-0.00198135842,5.6229932e-14,-2.52177531e-13,-4.25276391e-11,0.599999938,0.599999989,1,0.000512945704,-0.00223746896,-0.0115824344,0.00186317425
100.6,object_red_01,RED,-0.249762602,0.210513262,0.0124354696,5.6611922e-09,5.59820422e-12,-0.00175744113,-5.5995874e-15,2.24409472e-14,4.06345481e-12,0.599999886,0.599999995,1,0.000512945704,-0.00223747017,-0.0115809561,0.00186319343
100.64,object_red_01,RED,-0.249762601,0.210513262,0.0123697617,3.63937563e-09,-2.93215608e-12,-0.00154358961,-6.06961705e-14,2.70831542e-13,4.53834619e-11,0.59999984,0.6,1,0.000512945704,-0.00223747133,-0.0115795425,0.00186321286
100.68,object_red_01,RED,-0.2497626,0.210513262,0.0123123842,1.77855392e-09,-1.05121684e-11,-0.00134047667,-1.08359549e-13,4.87595284e-13,8.19093599e-11,0.5999998,0.600000005,1,0.000512945704,-0.00223747243,-0.0115781981,0.00186323233
100.72,object_red_01,RED,-0.249762599,0.210513262,0.0122628928,1.04595933e-10,-1.71041185e-11,-0.00114878602,-1.50316237e-13,6.76098551e-13,1.13392985e-10,0.599999766,0.600000009,1,0.000512945704,-0.00223747346,-0.0115769272,0.00186325162
100.76,object_red_01,RED,-0.249762598,0.210513262,0.0122208156,1.76806562e-10,-2.33338682e-11,-0.000969096186,-1.89404434e-13,8.49079507e-13,1.42644095e-10,0.599999751,0.600000012,1,0.000512945704,-0.00223747442,-0.0115757341,0.00186327051
100.8,object_red_01,RED,-0.249762597,0.210513262,0.0121856545,4.07577429e-09,-2.15201707e-11,-0.000801991258,-1.68278418e-13,7.58927399e-13,1.2729238e-10,0.599999792,0.60000001,1,0.000512945704,-0.00223747531,-0.0115746233,0.00186328878
100.84,object_red_01,RED,-0.249762596,0.210513262,0.0121568781,7.42016211e-09,-1.9176125e-11,-0.000648505339,-1.52470586e-13,6.87808289e-13,1.15260597e-10,0.59999983,0.600000008,1,0.000512945704,-0.00223747613,-0.0115736002,0.00186330619
100.88,object_red_01,RED,-0.249762596,0.210513262,0.0121339291,1.01187492e-08,-1.80239889e-11,-0.000509355385,-1.40016468e-13,6.28805195e-13,1.0582273e-10,0.599999866,0.600000006,1,0.000512945704,-0.00223747686,-0.0115726693,0.00186332251
100.92,object_red_01,RED,-0.249762595,0.210513262,0.0121162207,1.18893276e-08,-1.62071705e-11,-0.000385282623,-1.23469901e-13,5.57748359e-13,9.35568466e-11,0.599999897,0.600000004,1,0.000512945704,-0.0022374775,-0.0115718354,0.00186333752
100.96,object_red_01,RED,-0.249762594,0.210513262,0.012103136,1.27403081e-08,-1.4209652e-11,-0.00027704118,-1.06615959e-13,4.80159522e-13,8.07000938e-11,0.599999925,0.600000002,1,0.000512945704,-0.00223747806,-0.0115711034,0.00186335098
101,object_red_01,RED,-0.249754894,0.210519987,0.0121015843,0.000412099837,0.000392776741,-1.53658093e-05,2.62245458e-08,-1.17900019e-07,-1.98078462e-05,0.595879315,0.604132328,1,0.000513898274,-0.00224178808,-0.0115693275,0.00186776255
101.04,object_red_01,RED,-0.249731782,0.210544724,0.012102111,0.000728803718,0.000805039629,0.00022472398,1.37051247e-06,-6.16192677e-06,-0.0010352342,0.59422941,0.605779302,1,0.000514991951,-0.00225088603,-0.0115684299,0.00187693814
101.08,object_red_01,RED,-0.249706747,0.210575544,0.0120975431,0.000542326972,0.000709911395,1.69772911e-05,2.36806057e-06,-1.06469634e-05,-0.00178874267,0.593861744,0.606141043,1,0.000514839514,-0.00225755704,-0.011569812,0.00188353912
101.12,object_red_01,RED,-0.249685642,0.210601933,0.0121007907,0.000482475958,0.000602217364,-4.01490139e-05,1.72763136e-06,-7.76754996e-06,-0.00130498693,0.592704468,0.60729783,1,0.000514561222,-0.00226302498,-0.0115691147,0.00188896987
101.16,object_red_01,RED,-0.24967079,0.210621241,0.0121005786,0.000276240534,0.000370965304,1.80917561e-05,1.24962646e-06,-5.61840228e-06,-0.000943919493,0.592396224,0.607604292,1,0.00051397187,-0.00226633209,-0.0115690519,0.00189220934
101.2,object_red_01,RED,-0.249662812,0.210631997,0.0121010832,0.000140730307,0.000189300557,8.11040648e-06,5.6463572e-07,-2.538639e-06,-0.000426503963,0.592162671,0.607837845,1,0.000513485183,-0.00226796537,-0.0115690576,0.00189379077
101.24,object_red_01,RED,-0.249672745,0.21068504,0.0116773614,0.000638979059,-0.00136490256,0.00325517902,0.111241306,0.0693306499,-0.00310266083,0,0.0085766876,0,0.000572869533,-0.00225630391,-0.0120288529,
101.28,object_red_01,RED,-0.250230775,0.210665196,0.0120169309,-0.0584779939,0.000561605543,0.0053797732,1.80570288,0.0689131703,-0.244310928,0,0.117886237,0,0.000591061212,-0.00168742269,-0.0117161707,
101.32,object_red_01,RED,-0.251611533,0.210651954,0.0118791252,-0.00323839048,-0.000186403356,0.00117520906,0.0163167729,-0.0207679129,-0.0092550386,0,0,0,0.000534924413,-0.000284174882,-0.0118245615,
101.36,object_red_01,RED,-0.251636836,0.210643704,0.0119225004,-3.55379593e-05,-0.000316744721,0.000635791074,0.0318700742,0.0130772107,-0.0191311795,0,0.0261400196,0,0.000558726136,-0.000295063344,-0.011780359,
101.4,object_red_01,RED,-0.251637114,0.210629853,0.0119327713,-3.86269896e-07,-0.000335500379,8.15329825e-05,0.00216089255,0.0037367034,-0.00238146805,0,0.0220090596,0,0.000567730341,-0.00030896243,-0.0117700602,
101.44,object_red_01,RED,-0.251637116,0.210617512,0.0119335368,1.81137886e-08,-0.000266080148,1.11234664e-06,2.49088098e-05,4.17656197e-05,0.00104122571,0,0.0223510311,0,0.000568588707,-0.0003157632,-0.0117693904,
101.48,object_red_01,RED,-0.251637115,0.210608346,0.0119335555,2.4950609e-08,-0.000200769205,5.77018169e-07,4.09076732e-07,-7.36114892e-07,0.00069278243,0,0.0222523918,0,0.000568776913,-0.000319958759,-0.0117693876,
101.52,object_red_01,RED,-0.251637114,0.210601303,0.0119335676,2.33734568e-08,-0.000155509356,3.13819778e-07,9.96098026e-08,-8.42880132e-07,0.000484034106,0,0.0218672929,0,0.000568913214,-0.000323156101,-0.0117693888,
101.56,object_red_01,RED,-0.251637114,0.210595854,0.0119335728,2.02355371e-08,-0.000120205105,-3.05472855e-08,6.77877391e-08,-5.94552733e-07,0.000339353743,0,0.021404089,0,0.000569025594,-0.000325802772,-0.0117693904,
101.6,object_red_01,RED,-0.251637113,0.210591638,0.0119336515,1.6832465e-08,-9.3022749e-05,6.4269223e-06,0.000114754839,0.000400566199,0.000122994364,0,0.0208240652,0,0.000569125565,-0.000328090244,-0.0117693032,
101.64,object_red_01,RED,-0.251637112,0.210588376,0.011934225,1.37272616e-08,-7.24464223e-05,2.06283014e-05,0.000381106534,0.00121593754,-0.000138066191,0,0.019945847,0,0.000569257947,-0.000330173484,-0.0117686901,
101.68,object_red_01,RED,-0.251637112,0.210585785,0.0119352664,1.14160981e-08,-5.86106917e-05,3.08341285e-05,0.000625624585,0.00175981718,-0.000292319944,0,0.0189857168,0,0.000569380401,-0.000332179751,-0.0117675913,
101.72,object_red_01,RED,-0.251637111,0.210583646,0.0119366577,9.76463507e-09,-4.94478202e-05,3.80260983e-05,0.000874580449,0.00206811363,-0.000399580541,0,0.0178962028,0,0.000569463587,-0.000334183467,-0.0117661286,
101.76,object_red_01,RED,-0.251637111,0.210581809,0.0119383969,8.57953322e-09,-4.33092405e-05,4.8451336e-05,0.00141214736,0.00243051948,-0.000598866904,0,0.0165168236,0,0.000569495136,-0.00033623669,-0.0117643051,
101.8,object_red_01,RED,-0.251637111,0.210580142,0.0119405624,8.03288449e-09,-4.07782087e-05,6.01308029e-05,0.00261523887,0.00237307485,-0.000985104762,0,0.0150857594,0,0.000569438049,-0.000338383004,-0.011762038,
101.84,object_red_01,RED,-0.25163711,0.210578516,0.0119430003,7.72234543e-09,-3.9734154e-05,5.6392462e-05,0.0040382434,0.00105109371,-0.00138435911,0,0.0135156789,0,0.000569196157,-0.000340627294,-0.0117595048,
101.88,object_red_01,RED,-0.25163711,0.210577019,0.0119448009,6.45418272e-09,-3.39234439e-05,3.39903637e-05,0.00339128008,5.65560132e-05,-0.00116078639,0,0.0117061427,0,0.000568855955,-0.0003429526,-0.0117576748,
101.92,object_red_01,RED,-0.25163711,0.210575801,0.0119457962,5.12521055e-09,-2.7732668e-05,1.82687318e-05,0.00205934257,-9.98559362e-05,-0.000773085332,0,0.00992787336,0,0.000568610441,-0.000345350157,-0.0117566909,
101.96,object_red_01,RED,-0.25163711,0.210574765,0.0119463552,4.4057686e-09,-2.46975458e-05,1.08230167e-05,0.0012581269,-9.27600927e-05,-0.00056655671,0,0.00804636608,0,0.00056846044,-0.000347827926,-0.0117561871,
102,object_red_01,RED,-0.251637109,0.210573816,0.0119467135,3.98682455e-09,-2.32636427e-05,7.8158466e-06,0.000675263334,-6.05000098e-05,-0.000436292164,0,0.00594438657,0,0.0005683902,-0.00035042305,-0.0117559351,
102.04,object_red_01,RED,-0.251637109,0.210572415,0.0119471267,5.8429721e-09,-4.06459642e-05,6.55186069e-06,0.000998926972,-0.000120175382,-0.00153566853,0,0.00347800186,0,0.000568635931,-0.000353593217,-0.0117557976,
102.08,object_red_01,RED,-0.251637109,0.210570965,0.0119473386,5.57786123e-09,-2.9504022e-05,3.5884434e-06,0.000690792947,-0.00035341296,-0.0014179943,0,0.00150939132,0,0.000569315766,-0.000357144236,-0.0117557606,
102.12,object_red_01,RED,-0.251637109,0.210570263,0.0119473334,8.1680592e-10,-3.85163688e-06,-6.00110228e-06,8.92116471e-05,-0.00010260549,-0.000287293786,0,0,0,0.000569982551,-0.000360271902,-0.0117560004,
102.16,object_red_01,RED,-0.251637109,0.210570233,0.0119471309,8.95275865e-12,-4.22166016e-08,-3.14360874e-06,9.77822109e-07,-1.12462637e-06,-3.14893842e-06,0,0,0,0.000570831189,-0.000362267964,-0.0117561979,
102.2,object_red_01,RED,-0.251637109,0.210570233,0.0119470625,9.81286055e-14,-4.62723125e-10,-8.35765729e-07,1.07176063e-08,-1.23266825e-08,-3.45145409e-08,0,0,0,0.000571059909,-0.000363030063,-0.0117562665,
102.24,object_red_01,RED,-0.251637109,0.210570233,0.0119470451,1.08014955e-15,-5.07176812e-12,-2.04068177e-07,1.17471723e-10,-1.35109114e-10,-3.78303216e-10,0,0,0,0.000570817287,-0.00036314852,-0.0117562839,
102.28,object_red_01,RED,-0.251637109,0.210570233,0.0119470409,1.39861667e-17,-5.55914151e-14,-4.90287693e-08,1.28803691e-12,-1.48043733e-12,-4.14646734e-12,0,0,0,0.000570483146,-0.000363063015,-0.0117562881,
102.32,object_red_01,RED,-0.251637109,0.210570233,0.0119470399,4.47414671e-19,-6.09770743e-16,-1.17412147e-08,1.42803491e-14,-1.59376573e-14,-4.54461172e-14,0,0,0,0.000570257494,-0.000362978922,-0.0117562891,
102.36,object_red_01,RED,-0.251637109,0.210570233,0.0119470397,2.44985611e-18,9.84133996e-19,-2.80987379e-09,6.64982172e-16,4.73034479e-16,-4.98576125e-16,0,0,0,0.000570163056,-0.000362945343,-0.0117562893,
102.4,object_red_01,RED,-0.251637109,0.210570233,0.0119470396,9.39011383e-18,6.86185398e-18,-6.72359729e-10,-1.07298935e-15,1.95045852e-15,-4.54829593e-18,0,0,0,0.000570148411,-0.000362945967,-0.0117562894,
102.44,object_red_01,RED,-0.251637109,0.210570233,0.0119470396,7.7677725e-18,5.34580999e-18,-1.60880923e-10,1.27128368e-16,2.01224632e-15,3.82683335e-18,0,0,0,0.000570161903,-0.000362957697,-0.0117562894,
102.48,object_red_01,RED,-0.251637109,0.210570233,0.0119470396,1.05746321e-17,1.28650397e-17,-3.84950506e-11,-1.17540777e-15,2.20109501e-15,2.33024982e-18,0,0,0,0.000570176216,-0.000362967946,-0.0117562894,
102.52,object_red_01,RED,-0.251637109,0.210570233,0.0119470396,1.25278457e-17,1.61637423e-17,-9.21093552e-12,-2.95112001e-16,1.54992021e-15,2.11414108e-18,0,0,0,0.000570183239,-0.000362972421,-0.0117562894,
102.56,object_red_01,RED,-0.251637109,0.210570233,0.0119470396,4.17827696e-18,1.12287577e-17,-2.20396671e-12,-9.36640896e-16,1.07951412e-15,-2.15539591e-19,0,0,0,0.000570184356,-0.000362973221,-0.0117562894,
102.6,object_red_01,RED,-0.251637109,0.210570233,0.0119470396,5.55731065e-18,1.17044819e-17,-5.27396869e-13,-1.06042267e-15,1.62853067e-15,-1.87298372e-18,0,0,0,0.00057018338,-0.000362973042,-0.0117562894,
102.64,object_red_01,RED,-0.251637109,0.210570233,0.0119470396,8.80417154e-18,1.19658688e-17,-1.26220652e-13,-1.65671153e-15,2.05943027e-15,-4.12214821e-19,0,0,0,0.00057018216,-0.000362972137,-0.0117562894,
102.68,object_red_01,RED,-0.251637109,0.210570233,0.0119470396,7.63620776e-18,1.35115366e-17,-3.02377115e-14,-1.72142992e-15,1.48100475e-15,8.14232785e-19,0,0,0,0.000570181335,-0.000362971656,-0.0117562894,
102.72,object_red_01,RED,-0.251637109,0.210570233,0.0119470396,1.17495662e-17,8.87801824e-18,-7.29388083e-15,-1.53544309e-15,1.05684992e-15,3.74513122e-18,0,0,0,0.000570181271,-0.000362971903,-0.0117562894,
102.76,object_red_01,RED,-0.251637109,0.210570233,0.0119470396,1.53434851e-18,1.26907817e-17,-1.74082428e-15,-2.17006031e-15,-3.53872547e-16,-1.06369516e-18,0,0,0,0.000570181338,-0.000362971699,-0.0117562894,
102.8,object_red_01,RED,-0.251637109,0.210570233,0.0119470396,9.96109328e-19,8.67239388e-18,-3.95385774e-16,-2.06073021e-15,1.29014342e-15,-1.10205344e-18,0,0,0,0.000570181312,-0.000362971704,-0.0117562894,
102.84,object_red_01,RED,-0.251637109,0.210570233,0.0119470396,-7.53163813e-18,1.54423145e-17,-2.5620248e-16,-2.29824042e-15,4.8524281e-16,-4.5802442e-18,0,0,0,0.000570181503,-0.000362972046,-0.0117562894,
102.88,object_red_01,RED,-0.251637109,0.210570233,0.0119470396,-7.4020338e-18,5.85115799e-18,-2.5620248e-16,-1.36767794e-15,3.90948548e-16,-3.40538188e-18,0,0,0,0.000570181523,-0.000362971804,-0.0117562894,
102.92,object_red_01,RED,-0.251637109,0.210570233,0.0119470396,-7.08749823e-18,1.55067899e-17,-2.49064875e-16,-2.60235402e-15,-4.72446023e-16,-1.35692745e-18,0,0,0,0.000570181418,-0.0003629718,-0.0117562894,
102.96,object_red_01,RED,-0.251637109,0.210570233,0.0119470396,-1.20451363e-17,1.69740417e-17,-2.5620248e-16,-1.79180331e-15,-9.01421346e-16,3.18440841e-18,0,0,0,0.000570181545,-0.000362972066,-0.0117562894,
103,object_red_01,RED,-0.251637109,0.210570233,0.0119470396,-1.70572301e-17,1.08593309e-17,-2.49064875e-16,-2.07266856e-15,-1.21621171e-15,-3.4714151e-18,0,0,0,0.000570181522,-0.000362971799,-0.0117562894,
103.04,object_red_01,RED,-0.251637109,0.210570233,0.0119470396,-4.83673924e-18,1.43061528e-17,-2.49064875e-16,-1.20305446e-15,-7.25797117e-16,-1.91120524e-19,0,0,0,0.000570181432,-0.000362971841,-0.0117562894,
103.08,object_red_01,RED,-0.251637109,0.210570233,0.0119470396,-4.04706608e-19,6.17005e-18,-2.52633677e-16,-1.83201668e-15,-8.54561659e-17,-4.46401514e-19,0,0,0,0.000570181562,-0.000362972064,-0.0117562894,
103.12,object_red_01,RED,-0.251637109,0.210570233,0.0119470396,-3.162774e-18,8.5608688e-18,-2.5620248e-16,-1.80625499e-15,-3.9780683e-16,3.31040511e-19,0,0,0,0.000570181531,-0.000362971807,-0.0117562894,
103.16,object_red_01,RED,-0.251637109,0.210570233,0.0119470396,3.89473909e-19,1.50310658e-17,-2.5620248e-16,-1.99601182e-15,4.29595715e-17,1.90122149e-19,0,0,0,0.000570181463,-0.000362971889,-0.0117562894,
103.2,object_red_01,RED,-0.251637109,0.210570233,0.0119470396,6.38590711e-18,1.55608099e-17,-2.63340084e-16,-2.577849e-15,-9.37231468e-16,-5.98511948e-19,0,0,0,0.000570181584,-0.000362972063,-0.0117562894,
103.24,object_red_01,RED,-0.251637109,0.210570233,0.0119470396,-7.42555862e-18,2.3662061e-17,-2.52633677e-16,-2.08712024e-15,-1.68948457e-15,3.64209742e-19,0,0,0,0.00057018154,-0.000362971817,-0.0117562894,
103.28,object_red_01,RED,-0.251637109,0.210570233,0.0119470396,-5.98335642e-18,1.7014121e-17,-2.49064875e-16,-2.06575688e-15,-7.71135333e-16,-2.69621149e-18,0,0,0,0.00057018149,-0.000362971931,-0.0117562894,
103.32,object_red_01,RED,-0.251637109,0.210570233,0.0119470396,-1.84255235e-18,1.71848938e-17,-2.5620248e-16,-1.26086118e-15,-4.71744056e-16,-6.98833612e-19,0,0,0,0.000570181601,-0.000362972059,-0.0117562894,
103.36,object_red_01,RED,-0.251637109,0.210570233,0.0119470396,-7.09337944e-18,1.33843283e-17,-2.59771282e-16,-1.39281129e-15,-9.73846644e-16,-3.3509127e-19,0,0,0,0.000570181548,-0.00036297183,-0.0117562894,
103.4,object_red_01,RED,-0.251637109,0.210570233,0.0119470396,-6.81914102e-18,1.21244435e-17,-2.59771282e-16,-1.03026264e-15,-1.43905425e-15,-1.53233774e-18,0,0,0,0.000570181516,-0.000362971965,-0.0117562894,
103.44,object_red_01,RED,-0.251637109,0.210570233,0.0119470396,-6.43773398e-18,8.477225e-18,-2.59771282e-16,-6.42580638e-16,-8.56431658e-16,5.7533292e-19,0,0,0,0.000570181612,-0.000362972049,-0.0117562894,
103.48,object_red_01,RED,-0.251637109,0.210570233,0.0119470396,5.24930976e-18,6.26066412e-18,-2.5620248e-16,-1.11320272e-15,-1.24157606e-16,2.20418639e-18,0,0,0,0.000570181557,-0.000362971849,-0.0117562894,
103.52,object_red_01,RED,-0.251637109,0.210570233,0.0119470396,4.77162521e-18,5.83024704e-18,-2.5620248e-16,-9.0019753e-16,-5.29570409e-16,1.31930047e-18,0,0,0,0.000570181541,-0.000362971992,-0.0117562894,
103.56,object_red_01,RED,-0.251637109,0.210570233,0.0119470396,4.65748626e-18,5.27959198e-18,-2.5620248e-16,-1.26090187e-16,-1.83692241e-16,-9.93455335e-20,0,0,0,0.000570181619,-0.000362972038,-0.0117562894,
103.6,object_red_01,RED,-0.251637109,0.210570233,0.0119470396,7.94529776e-18,7.18248857e-18,-2.59771282e-16,-8.29824136e-16,-2.23836886e-16,2.28771995e-18,0,0,0,0.000570181565,-0.000362971869,-0.0117562894,
103.64,object_red_01,RED,-0.251637109,0.210570233,0.0119470396,1.0570996e-18,5.70652391e-18,-2.52633677e-16,-1.13079607e-15,-2.52283721e-16,2.67893374e-18,0,0,0,0.000570181562,-0.000362972012,-0.0117562894,
103.68,object_red_01,RED,-0.251637109,0.210570233,0.0119470396,6.12408457e-18,5.70303875e-18,-2.52633677e-16,-2.58040302e-16,-5.96453881e-17,1.60795419e-18,0,0,0,0.000570181624,-0.000362972028,-0.0117562894,
103.72,object_red_01,RED,-0.251637109,0.210570233,0.0119470396,3.31069029e-18,5.76054386e-18,-2.52633677e-16,-8.76949177e-16,5.69642689e-18,7.71194181e-19,0,0,0,0.000570181574,-0.000362971893,-0.0117562894,
103.76,object_red_01,RED,-0.251637109,0.210570233,0.0119470396,1.41193231e-18,5.631593e-18,-2.5620248e-16,-1.19237279e-15,-2.76027869e-16,1.99530163e-18,0,0,0,0.000570181581,-0.000362972022,-0.0117562894,
103.8,object_red_01,RED,-0.251637109,0.210570233,0.0119470396,9.38292569e-18,7.34454845e-18,-2.59771282e-16,-6.19332285e-16,3.31227376e-16,1.90098298e-18,0,0,0,0.000570181625,-0.000362972018,-0.0117562894,
103.84,object_red_01,RED,-0.251637109,0.210570233,0.0119470396,-8.16608791e-19,1.03539829e-17,-2.52633677e-16,-1.061051e-15,1.90441315e-16,2.26146945e-18,0,0,0,0.000570181584,-0.000362971921,-0.0117562894,
103.88,object_red_01,RED,-0.251637109,0.210570233,0.0119470396,-8.26569966e-18,1.23440085e-17,-2.52633677e-16,-4.54708807e-16,3.35002012e-17,-9.07413137e-19,0,0,0,0.000570181595,-0.000362972025,-0.0117562894,
103.92,object_red_01,RED,-0.251637109,0.210570233,0.0119470396,-8.37084098e-19,1.45623119e-17,-2.52633677e-16,-1.49711472e-15,5.78039595e-17,1.85651993e-18,0,0,0,0.000570181624,-0.00036297201,-0.0117562894,
103.96,object_red_01,RED,-0.251637109,0.210570233,0.0119470396,-7.78054224e-19,1.64983175e-17,-2.5620248e-16,-6.70227329e-16,1.46924285e-16,-3.78908832e-20,0,0,0,0.000570181593,-0.000362971948,-0.0117562894,
104,object_red_01,RED,-0.251637109,0.210570233,0.0119470396,-2.70382218e-18,1.10301037e-17,-2.5620248e-16,-3.57945389e-16,-3.62895028e-16,1.01029754e-18,0,0,0,0.000570181605,-0.000362972022,-0.0117562894,
104.04,object_red_01,RED,-0.251637109,0.210570233,0.0119470396,-1.76086895e-18,1.47905898e-17,-2.63340084e-16,-9.69314258e-16,-1.45977482e-16,-4.36430395e-19,0,0,0,0.000570181621,-0.000362972005,-0.0117562894,
104.08,object_red_01,RED,-0.251637109,0.210570233,0.0119470396,-3.11899169e-18,1.23056717e-17,-2.45496072e-16,-4.39628794e-16,-1.03010244e-16,1.07429584e-18,0,0,0,0.000570181604,-0.000362971974,-0.0117562894,
104.12,object_red_01,RED,-0.251637109,0.210570233,0.0119470396,4.33256214e-19,1.45588268e-17,-2.52633677e-16,-3.42865376e-16,-1.52717345e-16,5.80216733e-19,0,0,0,0.000570181611,-0.000362972011,-0.0117562894,
104.16,object_red_01,RED,-0.251637109,0.210570233,0.0119470396,5.0018635e-18,1.74149142e-17,-2.5620248e-16,-8.95170859e-16,-2.23581625e-16,1.38311514e-21,0,0,0,0.000570181617,-0.000362972003,-0.0117562894,
104.2,object_red_01,RED,-0.251637109,0.210570233,0.0119470396,3.4585917e-18,7.21559758e-18,-2.5620248e-16,-8.76320843e-16,-1.01733941e-16,-1.18438791e-20,0,0,0,0.000570181614,-0.000362971997,-0.0117562894,
104.24,object_red_01,RED,-0.251637109,0.210570233,0.0119470396,6.64293756e-18,4.67491696e-18,-2.52633677e-16,-7.66990747e-16,-5.34651353e-17,1.05547281e-18,0,0,0,0.000570181613,-0.000362971995,-0.0117562894,
104.28,object_red_01,RED,-0.251637109,0.210570233,0.0119470396,-1.13136218e-18,1.09063805e-17,-2.49064875e-16,-7.03529025e-16,3.84826926e-17,6.96919521e-19,0,0,0,0.000570181612,-0.000362972005,-0.0117562894,
104.32,object_red_01,RED,-0.251637109,0.210570233,0.0119470396,1.17864451e-18,1.30724066e-17,-2.52633677e-16,-5.25082202e-16,1.09523692e-16,1.31126253e-18,0,0,0,0.000570181623,-0.000362972015,-0.0117562894,
104.36,object_red_01,RED,-0.251637109,0.210570233,0.0119470396,-5.42050331e-18,1.15946994e-17,-2.52633677e-16,-1.17352277e-15,-1.56335173e-16,2.40384727e-19,0,0,0,0.00057018161,-0.000362971975,-0.0117562894,
104.4,object_red_01,RED,-0.251637109,0.210570233,0.0119470396,-5.62177122e-18,1.44821533e-17,-2.52633677e-16,-7.98407441e-16,1.21196958e-16,-2.49421045e-19,0,0,0,0.000570181606,-0.00036297201,-0.0117562894,
104.44,object_red_01,RED,-0.251637109,0.210570233,0.0119470396,1.43044722e-18,1.51303928e-17,-2.59771282e-16,-1.66303555e-16,1.10255112e-16,6.83692527e-19,0,0,0,0.000570181631,-0.000362972027,-0.0117562894,
104.48,object_red_01,RED,-0.251637109,0.210570233,0.0119470396,3.47166105e-18,1.35324476e-17,-2.59771282e-16,-6.84679009e-16,-3.49965095e-16,2.60530457e-19,0,0,0,0.000570181603,-0.000362971954,-0.0117562894,
104.52,object_red_01,RED,-0.251637109,0.210570233,0.0119470396,3.96350406e-18,1.43305489e-17,-2.52633677e-16,-8.53072489e-16,1.39285825e-17,-1.78365063e-18,0,0,0,0.000570181601,-0.000362972018,-0.0117562894,
104.56,object_red_01,RED,-0.251637109,0.210570233,0.0119470396,-2.18845435e-18,1.09638857e-17,-2.52633677e-16,-5.50843892e-16,-1.14266256e-16,1.79028322e-18,0,0,0,0.000570181636,-0.000362972031,-0.0117562894,
104.6,object_red_01,RED,-0.251637109,0.210570233,0.0119470396,-3.21200186e-18,1.41092413e-17,-2.5620248e-16,-1.21687781e-15,2.3406634e-16,-1.15811555e-18,0,0,0,0.000570181592,-0.000362971932,-0.0117562894,
104.64,object_red_01,RED,-0.251637109,0.210570233,0.0119470396,-2.04556284e-18,1.68729721e-17,-2.59771282e-16,-1.27782619e-15,1.08850903e-17,-3.99394811e-19,0,0,0,0.000570181596,-0.000362972029,-0.0117562894,
104.68,object_red_01,RED,-0.251637109,0.210570233,0.0119470396,-3.83105316e-18,1.39402111e-17,-2.5620248e-16,-5.96083931e-16,6.53734192e-17,1.46154154e-18,0,0,0,0.000570181639,-0.000362972027,-0.0117562894,
104.72,object_red_01,RED,-0.251637109,0.210570233,0.0119470396,2.46031159e-18,9.60118865e-18,-2.52633677e-16,-9.2281755e-16,-2.54797332e-17,2.04413976e-18,0,0,0,0.000570181578,-0.000362971908,-0.0117562894,
104.76,object_red_01,RED,-0.251637109,0.210570233,0.0119470396,1.6635172e-18,1.33529619e-17,-2.5620248e-16,-1.16221276e-15,8.7124571e-17,-8.32121015e-19,0,0,0,0.000570181591,-0.000362972043,-0.0117562894,
104.8,object_red_01,RED,-0.251637109,0.210570233,0.0119470396,-3.75699354e-18,1.36474578e-17,-2.5620248e-16,-2.43588623e-16,-1.98085014e-16,4.34516304e-19,0,0,0,0.000570181638,-0.000362972015,-0.0117562894,
104.84,object_red_01,RED,-0.251637109,0.210570233,0.0119470396,-3.99463779e-18,1.42974399e-17,-2.49064875e-16,-7.37459055e-16,-4.46340989e-17,1.03654804e-18,0,0,0,0.000570181562,-0.000362971888,-0.0117562894,
104.88,object_red_01,RED,-0.251637109,0.210570233,0.0119470396,-2.36619744e-18,1.32850013e-17,-2.5620248e-16,-1.70509323e-15,1.78326252e-16,1.83281309e-18,0,0,0,0.000570181587,-0.000362972056,-0.0117562894,
104.92,object_red_01,RED,-0.251637109,0.210570233,0.0119470396,-4.51756249e-19,1.38983892e-17,-2.5620248e-16,-1.01141263e-15,-1.27171645e-16,-5.22100619e-19,0,0,0,0.000570181633,-0.000362971994,-0.0117562894,
104.96,object_red_01,RED,-0.251637109,0.210570233,0.0119470396,-8.63004965e-19,1.55207305e-17,-2.63340084e-16,-1.33751791e-15,-5.82758166e-17,-4.72346772e-19,0,0,0,0.000570181543,-0.00036297187,-0.0117562894,
105,object_red_01,RED,-0.251637109,0.210570233,0.0119470396,-2.68988154e-18,1.0432399e-17,-2.5620248e-16,-7.47512397e-16,3.46724642e-16,3.98294689e-19,0,0,0,0.000570181583,-0.000362972071,-0.0117562894,
105.04,object_red_01,RED,-0.251637109,0.210570233,0.0119470396,-4.21964835e-18,1.09447173e-17,-2.5620248e-16,-4.54708807e-16,-1.64341521e-16,1.38055163e-18,0,0,0,0.000570181625,-0.000362971966,-0.0117562894,
105.08,object_red_01,RED,-0.251637109,0.210570233,0.0119470396,-4.96612575e-18,1.38182306e-17,-2.52633677e-16,-8.90144188e-16,-1.51740482e-16,1.2478747e-18,0,0,0,0.000570181522,-0.000362971853,-0.0117562894,
105.12,object_red_01,RED,-0.251637109,0.210570233,0.0119470396,4.50464184e-19,1.60051676e-17,-2.5620248e-16,-7.39344056e-16,-1.16494878e-16,-1.26800135e-18,0,0,0,0.000570181579,-0.000362972086,-0.0117562894,
105.16,object_red_01,RED,-0.251637109,0.210570233,0.0119470396,2.63761903e-18,1.13855899e-17,-2.52633677e-16,-9.6805759e-16,-6.48585958e-17,-3.73144315e-19,0,0,0,0.000570181611,-0.000362971933,-0.0117562894,
105.2,object_red_01,RED,-0.251637109,0.210570233,0.0119470396,2.03076579e-18,1.16103826e-17,-2.52633677e-16,-5.43303885e-16,-2.95329501e-16,-8.07701949e-19,0,0,0,0.000570181501,-0.000362971842,-0.0117562894,
105.24,object_red_01,RED,-0.251637109,0.210570233,0.0119470396,-3.07913019e-18,1.37903493e-17,-2.5620248e-16,-5.09373855e-16,2.05162706e-17,2.24814071e-18,0,0,0,0.000570181575,-0.000362972096,-0.0117562894,
105.28,object_red_01,RED,-0.251637109,0.210570233,0.0119470396,4.77105432e-20,1.09203212e-17,-2.52633677e-16,-6.22473954e-16,2.51860952e-16,1.20890594e-18,0,0,0,0.000570181592,-0.000362971894,-0.0117562894,
105.32,object_red_01,RED,-0.251637109,0.210570233,0.0119470396,-3.18499188e-18,1.15459071e-17,-2.45496072e-16,-8.39877478e-16,2.46569203e-16,2.61717385e-18,0,0,0,0.000570181479,-0.000362971835,-0.0117562894,
105.36,object_red_01,RED,-0.251637109,0.210570233,0.0119470396,-2.08884259e-19,1.24224245e-17,-2.52633677e-16,-1.32683624e-15,1.10152026e-16,1.92061998e-18,0,0,0,0.00057018157,-0.000362972105,-0.0117562894,
105.4,object_red_01,RED,-0.251637109,0.210570233,0.0119470396,-1.09934228e-18,1.76431921e-17,-2.5620248e-16,-9.34755894e-16,-3.24713927e-16,-4.95748377e-19,0,0,0,0.00057018157,-0.000362971849,-0.0117562894,
105.44,object_red_01,RED,-0.251637109,0.210570233,0.0119470396,-3.21788307e-18,1.90721072e-17,-2.59771282e-16,-1.39029796e-15,-5.90219631e-17,1.03960042e-18,0,0,0,0.000570181456,-0.000362971829,-0.0117562894,
105.48,object_red_01,RED,-0.251637109,0.210570233,0.0119470396,4.30200009e-18,1.54614828e-17,-2.5620248e-16,-1.22190448e-15,5.44635088e-16,-1.39304732e-18,0,0,0,0.000570181564,-0.000362972106,-0.0117562894,
105.52,object_red_01,RED,-0.251637109,0.210570233,0.0119470396,7.38985061e-18,4.09986579e-18,-2.52633677e-16,-5.30108873e-16,1.9424568e-16,-4.62782637e-19,0,0,0,0.000570181543,-0.000362971807,-0.0117562894,
105.56,object_red_01,RED,-0.251637109,0.210570233,0.0119470396,1.45658591e-18,3.42200244e-18,-2.52633677e-16,-8.32965805e-16,-3.51727375e-16,2.32404331e-18,0,0,0,0.000570181434,-0.000362971828,-0.0117562894,
105.6,object_red_01,RED,-0.251637109,0.210570233,0.0119470396,-4.00132338e-19,1.45727674e-17,-2.52633677e-16,-1.09498103e-15,-2.61065668e-16,3.78352452e-19,0,0,0,0.000570181554,-0.000362972095,-0.0117562894,
105.64,object_red_01,RED,-0.251637109,0.210570233,0.0119470396,2.31393493e-18,7.44039031e-18,-2.52633677e-16,-9.77482598e-16,1.52775644e-16,5.157097e-19,0,0,0,0.000570181512,-0.000362971762,-0.0117562894,
105.68,object_red_01,RED,-0.251637109,0.210570233,0.0119470396,7.47109837e-18,4.00925166e-18,-2.5620248e-16,-7.55052403e-16,2.00204759e-17,-4.10179899e-19,0,0,0,0.000570181413,-0.000362971829,-0.0117562894,
105.72,object_red_01,RED,-0.251637109,0.210570233,0.0119470396,4.26300988e-18,5.81979156e-18,-2.52633677e-16,-4.66647151e-16,-2.46942883e-16,1.8259961e-18,0,0,0,0.000570181544,-0.000362972081,-0.0117562894,
105.76,object_red_01,RED,-0.251637109,0.210570233,0.0119470396,3.66791904e-18,8.79785959e-18,-2.5620248e-16,-9.67429256e-16,-2.6140438e-16,8.9257729e-19,0,0,0,0.000570181478,-0.000362971716,-0.0117562894,
105.8,object_red_01,RED,-0.251637109,0.210570233,0.0119470396,-6.53292237e-18,1.32762884e-17,-2.49064875e-16,-1.22818782e-15,-1.18998396e-16,1.15447178e-18,0,0,0,0.000570181391,-0.00036297183,-0.0117562894,
105.84,object_red_01,RED,-0.251637109,0.210570233,0.0119470396,-1.35695928e-19,1.61428313e-17,-2.59771282e-16,-7.16724037e-16,2.97670419e-16,-1.63469433e-18,0,0,0,0.000570181527,-0.000362972053,-0.0117562894,
105.88,object_red_01,RED,-0.251637109,0.210570233,0.0119470396,3.3137398e-18,6.50114007e-18,-2.52633677e-16,-1.00701429e-15,-4.52673416e-17,-4.55456917e-19,0,0,0,0.000570181441,-0.000362971679,-0.0117562894,
105.92,object_red_01,RED,-0.251637109,0.210570233,0.0119470396,4.9678832e-18,8.0136989e-18,-2.59771282e-16,-1.14964608e-15,-4.01719466e-17,1.71488935e-18,0,0,0,0.00057018137,-0.000362971831,-0.0117562894,
105.96,object_red_01,RED,-0.251637109,0.210570233,0.0119470396,9.5210251e-18,5.68038522e-18,-2.5620248e-16,-6.49492311e-16,1.5907371e-16,2.7622638e-18,0,0,0,0.000570181506,-0.000362972014,-0.0117562894,
106,object_red_01,RED,-0.251637109,0.210570233,0.0119470396,9.42322283e-18,7.24347885e-18,-2.59771282e-16,-1.29981788e-15,-1.42767088e-16,6.35770109e-19,0,0,0,0.000570181403,-0.000362971643,-0.0117562894,
106.04,object_red_01,RED,-0.251637109,0.210570233,0.0119470396,1.76763631e-18,5.22034428e-18,-2.52633677e-16,-6.27500625e-16,-5.44125174e-16,-5.45909209e-19,0,0,0,0.000570181349,-0.000362971832,-0.0117562894,
106.08,object_red_01,RED,-0.251637109,0.210570233,0.0119470396,2.87068901e-18,8.43540309e-18,-2.52633677e-16,-8.54957491e-16,-1.16647053e-16,9.99512451e-19,0,0,0,0.000570181482,-0.000362971971,-0.0117562894,
106.12,object_red_01,RED,-0.251637109,0.210570233,0.0119470396,-4.34112634e-19,1.02651114e-17,-2.45496072e-16,-4.17637108e-16,-1.01724123e-16,7.82386253e-19,0,0,0,0.000570181362,-0.000362971608,-0.0117562894,
106.16,object_red_01,RED,-0.251637109,0.210570233,0.0119470396,4.59830548e-19,1.10893514e-17,-2.49064875e-16,-1.00261595e-15,1.47493712e-16,1.42481119e-18,0,0,0,0.000570181328,-0.000362971829,-0.0117562894,
106.2,object_red_01,RED,-0.251637109,0.210570233,0.0119470396,-3.02698806e-20,1.22202853e-17,-2.59771282e-16,-4.29575452e-16,-7.19126254e-17,2.66940461e-19,0,0,0,0.000570181451,-0.000362971917,-0.0117562894,
106.24,object_red_01,RED,-0.251637109,0.210570233,0.0119470396,1.4254373e-18,1.27709404e-17,-2.59771282e-16,-8.6124083e-16,2.35750079e-16,-1.14368947e-20,0,0,0,0.000570181323,-0.000362971585,-0.0117562894,
106.28,object_red_01,RED,-0.251637109,0.210570233,0.0119470396,-1.87783959e-18,1.28075346e-17,-2.52633677e-16,-1.0981227e-15,-3.11789179e-17,1.68246735e-19,0,0,0,0.000570181306,-0.000362971821,-0.0117562894,
106.32,object_red_01,RED,-0.251637109,0.210570233,0.0119470396,-2.15970179e-18,1.55433841e-17,-2.5620248e-16,-1.17352277e-15,2.28651869e-16,-2.46931767e-18,0,0,0,0.000570181414,-0.000362971857,-0.0117562894,
106.36,object_red_01,RED,-0.251637109,0.210570233,0.0119470396,5.98859903e-18,1.06223401e-17,-2.5620248e-16,-9.50464241e-16,5.76915742e-16,-4.47113736e-19,0,0,0,0.000570181283,-0.000362971564,-0.0117562894,
106.4,object_red_01,RED,-0.251637109,0.210570233,0.0119470396,7.29139488e-18,7.88300545e-18,-2.59771282e-16,-7.92124103e-16,-1.8554779e-16,1.47999259e-19,0,0,0,0.000570181283,-0.000362971808,-0.0117562894,
106.44,object_red_01,RED,-0.251637109,0.210570233,0.0119470396,2.80773834e-18,1.29138319e-17,-2.5620248e-16,-6.3315563e-16,7.21820059e-17,6.61715367e-19,0,0,0,0.000570181375,-0.000362971796,-0.0117562894,
106.48,object_red_01,RED,-0.251637109,0.210570233,0.0119470396,-3.45552732e-18,1.15894716e-17,-2.5620248e-16,-8.39877478e-16,2.32583865e-16,1.31227999e-18,0,0,0,0.000570181243,-0.000362971546,-0.0117562894,
106.52,object_red_01,RED,-0.251637109,0.210570233,0.0119470396,4.48823825e-18,5.50961244e-18,-2.59771282e-16,-6.8656401e-16,3.72775954e-16,3.03263823e-19,0,0,0,0.000570181258,-0.000362971787,-0.0117562894,
106.56,object_red_01,RED,-0.251637109,0.210570233,0.0119470396,1.3165261e-18,1.08053109e-17,-2.59771282e-16,-9.27844221e-16,-1.04119646e-16,-1.52053519e-18,0,0,0,0.000570181328,-0.000362971733,-0.0117562894,
106.6,object_red_01,RED,-0.251637109,0.210570233,0.0119470396,-1.16403554e-18,9.7231692e-18,-2.52633677e-16,-8.00920777e-16,-1.49182966e-16,-7.40142532e-19,0,0,0,0.000570181206,-0.000362971536,-0.0117562894,
106.64,object_red_01,RED,-0.251637109,0.210570233,0.0119470396,6.8113812e-19,1.09673708e-17,-2.59771282e-16,-1.08496838e-16,-4.36179652e-17,1.25570916e-18,0,0,0,0.00057018123,-0.000362971756,-0.0117562894,
106.68,object_red_01,RED,-0.251637109,0.210570233,0.0119470396,5.46523868e-19,1.43235786e-17,-2.5620248e-16,-3.67370398e-16,2.41930056e-17,1.66890011e-18,0,0,0,0.000570181278,-0.000362971672,-0.0117562894,
106.72,object_red_01,RED,-0.251637109,0.210570233,0.0119470396,4.19461364e-18,1.42155386e-17,-2.59771282e-16,-6.95360685e-16,8.62360677e-17,-2.0587371e-19,0,0,0,0.000570181169,-0.000362971526,-0.0117562894,
106.76,object_red_01,RED,-0.251637109,0.210570233,0.0119470396,6.91157951e-19,1.1894423e-17,-2.5620248e-16,-1.07675935e-15,-2.97661208e-16,3.31345749e-19,0,0,0,0.000570181198,-0.000362971717,-0.0117562894,
106.8,object_red_01,RED,-0.251637109,0.210570233,0.0119470396,-4.29784659e-18,1.26942669e-17,-2.49064875e-16,-2.96368669e-16,-1.12209444e-16,2.2979963e-18,0,0,0,0.000570181226,-0.000362971615,-0.0117562894,
106.84,object_red_01,RED,-0.251637109,0.210570233,0.0119470396,-1.3803332e-18,1.28632971e-17,-2.49064875e-16,-7.52539068e-16,-2.37031897e-16,2.21731164e-18,0,0,0,0.000570181134,-0.000362971516,-0.0117562894,
106.88,object_red_01,RED,-0.251637109,0.210570233,0.0119470396,-3.99964771e-18,1.12200448e-17,-2.59771282e-16,-1.00638596e-15,-2.71438362e-17,5.65158309e-19,0,0,0,0.000570181161,-0.000362971667,-0.0117562894,
106.92,object_red_01,RED,-0.251637109,0.210570233,0.0119470396,-3.1083184e-18,1.44037372e-17,-2.5620248e-16,-7.36202387e-16,4.19581643e-17,1.38451973e-18,0,0,0,0.00057018117,-0.000362971565,-0.0117562894,
106.96,object_red_01,RED,-0.251637109,0.210570233,0.0119470396,-4.69711507e-18,1.20564829e-17,-2.52633677e-16,-8.51187488e-16,5.34341212e-16,-7.42787931e-19,0,0,0,0.000570181101,-0.000362971507,-0.0117562894,
107,object_red_01,RED,-0.251637109,0.210570233,0.0119470396,-4.84959076e-18,9.45132683e-18,-2.5620248e-16,-4.94922176e-16,1.5614803e-16,2.09148671e-19,0,0,0,0.000570181119,-0.000362971604,-0.0117562894,
107.04,object_red_01,RED,-0.251637109,0.210570233,0.0119470396,2.83176571e-19,9.99849673e-18,-2.52633677e-16,-6.94732351e-16,7.61974521e-17,7.56339249e-19,0,0,0,0.000570181114,-0.000362971524,-0.0117562894,
107.08,object_red_01,RED,-0.251637109,0.210570233,0.0119470396,-4.38214387e-18,1.11625397e-17,-2.5620248e-16,-8.0850147e-17,1.01644974e-16,-6.30968957e-19,0,0,0,0.000570181069,-0.000362971494,-0.0117562894,
107.12,object_red_01,RED,-0.251637109,0.210570233,0.0119470396,1.66830929e-18,1.35934378e-17,-2.59771282e-16,-1.03717432e-15,-4.2272938e-17,-1.73440552e-18,0,0,0,0.00057018107,-0.000362971531,-0.0117562894,
107.16,object_red_01,RED,-0.251637109,0.210570233,0.0119470396,-5.06915576e-18,1.07739445e-17,-2.5620248e-16,-4.94293842e-16,-1.10427805e-17,6.63852035e-19,0,0,0,0.000570181058,-0.000362971492,-0.0117562894,
107.2,object_red_01,RED,-0.251637109,0.210570233,0.0119470396,-4.94194747e-18,1.36648836e-17,-2.63340084e-16,-1.19928446e-15,-1.16961219e-16,-3.69583201e-19,0,0,0,0.000570181037,-0.000362971476,-0.0117562894,
107.24,object_red_01,RED,-0.251637109,0.210570233,0.0119470396,-3.13489273e-18,1.12670945e-17,-2.52633677e-16,-8.16629124e-16,3.341776e-16,-2.99988862e-19,0,0,0,0.000570181047,-0.0003629715,-0.0117563102,
107.28,object_red_01,RED,-0.251637109,0.210570233,0.0119470396,-4.42897568e-18,1.30358125e-17,-2.49064875e-16,-5.33250543e-16,2.57403053e-16,9.56372101e-19,0,0,0,0.000570181147,-0.000362971597,-0.0117567721,
107.32,object_red_01,RED,-0.251637109,0.210570233,0.0119470396,-6.09967359e-18,1.47871046e-17,-2.63340084e-16,-8.58727494e-16,-1.3416186e-16,3.33380671e-19,0,0,0,0.000570181282,-0.000362971707,-0.0117584624,
107.36,object_red_01,RED,-0.251637109,0.210570233,0.0119470396,-4.12707382e-18,1.61132075e-17,-2.5620248e-16,-1.15341609e-15,1.32605145e-16,-7.54285242e-19,0,0,0,0.000570181379,-0.000362971781,-0.0117621468,
107.4,object_red_01,RED,-0.251637109,0.210570233,0.0119470396,-6.51941738e-18,1.39036169e-17,-2.5620248e-16,-1.10629104e-15,-5.01663824e-17,-2.0902784e-19,0,0,0,0.000570181422,-0.000362971815,-0.0117685594,
107.44,object_red_01,RED,-0.251637109,0.210570233,0.0119470396,-3.45683426e-18,1.0498617e-17,-2.52633677e-16,-6.75254e-16,3.37888697e-16,8.77315373e-19,0,0,0,0.000570181429,-0.000362971823,-0.0117784031,
107.48,object_red_01,RED,-0.251637109,0.210570233,0.0119470396,-4.05279638e-18,1.62874654e-17,-2.59771282e-16,-1.84961003e-15,1.18266369e-16,9.0906016e-19,0,0,0,0.000570181422,-0.000362971821,-0.0117923493,
107.52,object_red_01,RED,-0.251637109,0.210570233,0.0119470396,-4.99466049e-18,1.44159353e-17,-2.5620248e-16,-7.81442427e-16,-4.44328357e-17,-8.21742912e-19,0,0,0,0.000570181414,-0.000362971818,-0.0118110394,
107.56,object_red_01,RED,-0.251637109,0.210570233,0.0119470396,3.32876955e-18,1.39750627e-17,-2.49064875e-16,-3.49148715e-16,2.16571169e-16,-2.90389717e-20,0,0,0,0.00057018141,-0.000362971816,-0.0118350862,
107.6,object_red_01,RED,-0.251637109,0.210570233,0.0119470396,-2.25663276e-18,1.26681282e-17,-2.59771282e-16,-1.02397931e-15,-6.87856825e-17,6.47165673e-19,0,0,0,0.000570181409,-0.000362971815,-0.0118650692,
107.64,object_red_01,RED,-0.251637109,0.210570233,0.0119470396,-4.88182848e-18,1.11817081e-17,-2.49064875e-16,-1.14147774e-15,1.29208215e-16,1.43417183e-18,0,0,0,0.000570181409,-0.000362971815,-0.0119015404,
107.68,object_red_01,RED,-0.251637109,0.210570233,0.0119470396,-3.43287379e-18,1.30828621e-17,-2.52633677e-16,-6.01738936e-16,1.46551212e-16,4.61377277e-19,0,0,0,0.00057018141,-0.000362971816,-0.0119450227,
107.72,object_red_01,RED,-0.251637109,0.210570233,0.0119470396,-1.26401603e-18,1.26681282e-17,-2.52633677e-16,-1.26086118e-15,3.22406157e-16,5.47657978e-19,0,0,0,0.00057018141,-0.000362971816,-0.011996011,
107.76,object_red_01,RED,-0.251637109,0.210570233,0.0119470396,6.01850761e-19,1.08854696e-17,-2.5620248e-16,-5.51472225e-16,-2.39746496e-16,-1.0783466e-18,0,0,0,0.00057018141,-0.000362971816,-0.012054972,
107.8,object_red_01,RED,-0.251637109,0.210570233,0.0119470396,4.6723651e-19,1.17916108e-17,-2.5620248e-16,-5.24453868e-16,-4.13110774e-18,-1.43293179e-18,0,0,0,0.00057018141,-0.000362971816,-0.0121223447,
107.84,object_red_01,RED,-0.251637109,0.210570233,0.0119470396,1.25183284e-18,1.46215596e-17,-2.59771282e-16,-1.10943271e-15,-2.45597855e-16,-1.69330009e-18,0,0,0,0.00057018141,-0.000362971816,-0.0121985439,
107.88,object_red_01,RED,-0.251637109,0.210570233,0.0119470396,-1.76500758e-18,1.33703877e-17,-2.5620248e-16,-8.70665838e-16,6.06565247e-16,4.36551226e-19,0,0,0,0.00057018141,-0.000362971816,-0.0122839536,
107.92,object_red_01,RED,-0.251637109,0.210570233,0.0119470396,2.46052941e-18,1.24799297e-17,-2.59771282e-16,-1.04726835e-16,3.19745556e-16,5.12352078e-19,0,0,0,0.00057018141,-0.000362971816,-0.0123789322,
107.96,object_red_01,RED,-0.251637109,0.210570233,0.0119470396,9.39120294e-18,1.02529133e-17,-2.5620248e-16,-1.36076627e-15,1.5803794e-16,-5.01954889e-19,0,0,0,0.00057018141,-0.000362971816,-0.0124838129,
108,object_red_01,RED,-0.251637109,0.210570233,0.0119470396,-2.88607262e-19,1.29539112e-17,-2.59771282e-16,-8.74435841e-16,-3.29598241e-16,-3.16843705e-20,0,0,0,0.00057018141,-0.000362971816,-0.0125989039,
108.04,object_red_01,RED,-0.251637109,0.210570233,0.0119470396,-8.78470356e-19,1.10126779e-17,-2.52633677e-16,-5.70950576e-16,-2.03013508e-16,4.12844383e-19,0,0,0,0.00057018141,-0.000362971816,-0.0127244876,
108.08,object_red_01,RED,-0.251637109,0.210570233,0.0119470396,1.00205745e-19,1.35847249e-17,-2.59771282e-16,-1.18483278e-15,3.2503703e-17,3.09165097e-19,0,0,0,0.00057018141,-0.000362971816,-0.0128608272,
108.12,object_red_01,RED,-0.251637109,0.210570233,0.0119470396,2.73150049e-18,6.88973525e-18,-2.5620248e-16,-4.12610437e-16,-4.17996965e-16,2.08524519e-18,0,0,0,0.00057018141,-0.000362971816,-0.0130081491,
108.16,object_red_01,RED,-0.251637109,0.210570233,0.0119470396,2.4331507e-19,1.0465508e-17,-2.52633677e-16,-5.30108873e-16,-2.68610584e-16,1.27880552e-18,0,0,0,0.00057018141,-0.000362971816,-0.0131666741,
108.2,object_red_01,RED,-0.251637109,0.210570233,0.0119470396,9.46663641e-19,1.43897966e-17,-2.49064875e-16,-1.07738769e-15,-3.50789783e-16,9.5352321e-19,0,0,0,0.00057018141,-0.000362971816,-0.0133365848,
108.24,object_red_01,RED,-0.251637109,0.210570233,0.0119470396,-4.56576816e-18,1.36823094e-17,-2.52633677e-16,-8.63125831e-16,2.29564917e-16,2.69144851e-18,0,0,0,0.00057018141,-0.000362971816,-0.0135180463,
108.28,object_red_01,RED,-0.251637109,0.210570233,0.0119470396,-2.59403968e-18,1.56496814e-17,-2.5620248e-16,-5.64038903e-16,1.95526892e-16,1.14931774e-19,0,0,0,0.00057018141,-0.000362971816,-0.0137112014,
108.32,object_red_01,RED,-0.251637109,0.210570233,0.0119470396,-4.78990742e-18,1.27012372e-17,-2.59771282e-16,-1.03277598e-15,-9.97311263e-17,-1.70734105e-18,0,0,0,0.00057018141,-0.000362971816,-0.0139161735,
108.36,object_red_01,RED,-0.251637109,0.210570233,0.0119470396,4.08526679e-18,1.46930054e-17,-2.5620248e-16,-1.59890481e-15,1.02072045e-16,-3.19625861e-19,0,0,0,0.00057018141,-0.000362971816,-0.0141330549,
108.4,object_red_01,RED,-0.251637109,0.210570233,0.0119470396,6.20467886e-18,1.10004798e-17,-2.59771282e-16,-6.75882334e-16,-3.22480397e-16,1.01355341e-18,0,0,0,0.00057018141,-0.000362971816,-0.0143619313,
108.44,object_red_01,RED,-0.251637109,0.210570233,0.0119470396,-1.75433428e-18,1.4607619e-17,-2.5620248e-16,-7.08555696e-16,-2.95540581e-16,8.17625418e-20,0,0,0,0.00057018141,-0.000362971816,-0.0146028611,
108.48,object_red_01,RED,-0.251637109,0.210570233,0.0119470396,-3.86220177e-18,1.32222684e-17,-2.5620248e-16,-8.56842493e-16,4.66633328e-16,-2.70278998e-19,0,0,0,0.00057018141,-0.000362971816,-0.0148558803,
108.52,object_red_01,RED,-0.251637109,0.210570233,0.0119470396,1.56941792e-18,1.38652802e-17,-2.5620248e-16,-4.82983832e-16,2.26624511e-16,-1.37770552e-20,0,0,0,0.00057018141,-0.000362971816,-0.0151210055,
108.56,object_red_01,RED,-0.251637109,0.210570233,0.0119470396,-1.17209497e-18,1.55451266e-17,-2.5620248e-16,-7.77044089e-16,-1.7965716e-16,-9.7690573e-19,0,0,0,0.00057018141,-0.000362971816,-0.015398237,
108.6,object_red_01,RED,-0.251637109,0.210570233,0.0119470396,2.91643172e-18,1.72180028e-17,-2.5620248e-16,-1.0126693e-15,-4.3730869e-17,-2.44927368e-18,0,0,0,0.00057018141,-0.000362971816,-0.0156875542,
108.64,object_red_01,RED,-0.251637109,0.210570233,0.0119470396,-3.84913242e-18,1.36439726e-17,-2.52633677e-16,-1.053511e-15,-1.11644926e-16,-1.57619032e-18,0,0,0,0.00057018141,-0.000362971816,-0.0159889201,
108.68,object_red_01,RED,-0.251637109,0.210570233,0.0119470396,-1.08174892e-17,1.54684532e-17,-2.52633677e-16,-9.69942591e-16,-3.14002798e-16,-3.62155735e-19,0,0,0,0.00057018141,-0.000362971816,-0.0163022753,
108.72,object_red_01,RED,-0.251637109,0.210570233,0.0119470396,-2.77243624e-18,1.18491159e-17,-2.5620248e-16,-5.25082202e-16,3.96412107e-16,1.70512172e-18,0,0,0,0.00057018141,-0.000362971816,-0.0166275511,
108.76,object_red_01,RED,-0.251637109,0.210570233,0.0119470396,-4.44640148e-18,1.12200448e-17,-2.5620248e-16,-9.9884595e-16,9.96912487e-17,-4.01429733e-19,0,0,0,0.00057018141,-0.000362971816,-0.01696466,
108.8,object_red_01,RED,-0.251637109,0.210570233,0.0119470396,-6.68670499e-18,1.27796533e-17,-2.52633677e-16,-4.69788821e-16,-2.03332584e-16,-3.53812554e-19,0,0,0,0.00057018141,-0.000362971816,-0.017313481,
108.84,object_red_01,RED,-0.251637109,0.210570233,0.0119470396,-5.09202711e-18,1.51443334e-17,-2.59771282e-16,-1.23195782e-15,-5.89483302e-17,9.88558882e-20,0,0,0,0.00057018141,-0.000362971816,-0.0176738979,
108.88,object_red_01,RED,-0.251637109,0.210570233,0.0119470396,4.46362432e-18,3.11879364e-18,-2.52633677e-16,-3.08307013e-16,6.6836259e-17,1.78930077e-19,0,0,0,0.00057018141,-0.000362971816,-0.0180457804,
108.92,object_red_01,RED,-0.251637109,0.210570233,0.0119470396,3.56140388e-18,5.38937447e-18,-2.5620248e-16,-1.60016148e-15,-1.15400202e-16,6.01278178e-19,0,0,0,0.00057018141,-0.000362971816,-0.0184289598,
108.96,object_red_01,RED,-0.251637109,0.210570233,0.0119470396,2.74413419e-18,3.61194358e-18,-2.52633677e-16,-8.43647481e-16,-3.08352702e-16,2.92987466e-19,0,0,0,0.00057018141,-0.000362971816,-0.0188232516,
109,object_red_01,RED,-0.251637109,0.210570233,0.0119470396,-5.63026629e-18,1.16853135e-17,-2.52633677e-16,-7.75159088e-16,-2.61458377e-16,1.06727536e-18,0,0,0,0.00057018141,-0.000362971816,-0.0192285345,
109.04,object_red_01,RED,-0.251637109,0.210570233,0.0119470396,-2.39930644e-18,1.25513754e-17,-2.59771282e-16,-6.26243957e-16,2.73356843e-16,-2.2017254e-18,0,0,0,0.00057018141,-0.000362971816,-0.0196445499,
109.08,object_red_01,RED,-0.251637109,0.210570233,0.0119470396,-1.92859221e-18,1.43270637e-17,-2.59771282e-16,-6.29385627e-16,-1.8894472e-16,2.15253438e-19,0,0,0,0.00057018141,-0.000362971816,-0.0200711079,
109.12,object_red_01,RED,-0.251637109,0.210570233,0.0119470396,2.24009313e-18,1.59128109e-17,-2.59771282e-16,-1.12011439e-15,4.8773651e-16,5.50033149e-20,0,0,0,0.00057018141,-0.000362971816,-0.0205079779,
109.16,object_red_01,RED,-0.251637109,0.210570233,0.0119470396,4.63962483e-18,7.48918253e-18,-2.59771282e-16,-1.54486809e-15,-5.67739816e-18,3.52203701e-19,0,0,0,0.00057018141,-0.000362971816,-0.0209549253,
109.2,object_red_01,RED,-0.251637109,0.210570233,0.0119470396,9.52843106e-18,5.75008839e-18,-2.63340084e-16,-4.44655465e-16,-6.9080214e-17,4.07858823e-19,0,0,0,0.00057018141,-0.000362971816,-0.0214117012,
109.24,object_red_01,RED,-0.251637109,0.210570233,0.0119470396,3.83810526e-19,1.31090008e-17,-2.63340084e-16,-8.65010833e-16,-3.76369845e-16,-1.5609284e-18,0,0,0,0.00057018141,-0.000362971816,-0.0218780367,
109.28,object_red_01,RED,-0.251637109,0.210570233,0.0119470396,-1.28296658e-18,1.26367618e-17,-2.59771282e-16,-1.06356434e-15,-1.06775338e-16,7.80758315e-19,0,0,0,0.00057018141,-0.000362971816,-0.022353678,
109.32,object_red_01,RED,-0.251637109,0.210570233,0.0119470396,-3.28837496e-20,1.64042182e-17,-2.59771282e-16,-6.0236727e-16,1.96569446e-18,-9.45364436e-19,0,0,0,0.00057018141,-0.000362971816,-0.0228383242,
109.36,object_red_01,RED,-0.251637109,0.210570233,0.0119470396,3.34140325e-18,1.15528775e-17,-2.52633677e-16,-1.51219473e-15,-1.97918113e-16,-5.78976695e-19,0,0,0,0.00057018141,-0.000362971816,-0.0233316888,
109.4,object_red_01,RED,-0.251637109,0.210570233,0.0119470396,-4.4525005e-18,1.25844844e-17,-2.5620248e-16,-6.38810635e-16,1.90308776e-16,1.78041384e-18,0,0,0,0.00057018141,-0.000362971816,-0.023833461,
109.44,object_red_01,RED,-0.251637109,0.210570233,0.0119470396,-6.91360903e-19,1.44821533e-17,-2.49064875e-16,-1.57628479e-15,1.94790564e-16,-5.07245687e-19,0,0,0,0.00057018141,-0.000362971816,-0.0243433337,
109.48,object_red_01,RED,-0.251637109,0.210570233,0.0119470396,1.40561546e-18,1.01413882e-17,-2.52633677e-16,-6.92219015e-16,-7.78327087e-17,5.65295066e-20,0,0,0,0.00057018141,-0.000362971816,-0.0248609714,
109.52,object_red_01,RED,-0.251637109,0.210570233,0.0119470396,-6.18026788e-18,1.40273401e-17,-2.59771282e-16,-1.27154286e-15,-5.41062046e-16,1.79150417e-18,0,0,0,0.00057018141,-0.000362971816,-0.0253860636,
109.56,object_red_01,RED,-0.251637109,0.210570233,0.0119470396,-5.08113599e-18,1.5663622e-17,-2.59771282e-16,-9.42924235e-16,5.50498141e-18,1.69952569e-18,0,0,0,0.00057018141,-0.000362971816,-0.0259182448,
109.6,object_red_01,RED,-0.251637109,0.210570233,0.0119470396,-3.44899265e-18,1.4300925e-17,-2.5620248e-16,-1.55806311e-15,1.26115634e-16,2.40588219e-19,0,0,0,0.00057018141,-0.000362971816,-0.0264571909,
109.64,object_red_01,RED,-0.251637109,0.210570233,0.0119470396,-1.90267134e-18,1.56827904e-17,-2.59771282e-16,-1.32306623e-15,1.13627498e-16,1.60327387e-18,0,0,0,0.00057018141,-0.000362971816,-0.0270025314,
109.68,object_red_01,RED,-0.251637109,0.210570233,0.0119470396,-3.08915002e-18,1.18804824e-17,-2.5620248e-16,-4.76072159e-16,1.12469007e-16,9.00818725e-19,0,0,0,0.00057018141,-0.000362971816,-0.0275539035,
109.72,object_red_01,RED,-0.251637109,0.210570233,0.0119470396,-3.11180355e-18,9.88522907e-18,-2.5620248e-16,-6.52633981e-16,9.96028893e-17,1.18672529e-18,0,0,0,0.00057018141,-0.000362971816,-0.0281109423,
109.76,object_red_01,RED,-0.251637109,0.210570233,0.0119470396,8.36512413e-20,1.21871763e-17,-2.52633677e-16,-7.94637438e-16,2.09841124e-16,1.79191115e-18,0,0,0,0.00057018141,-0.000362971816,-0.0286732675,
109.8,object_red_01,RED,-0.251637109,0.210570233,0.0119470396,2.98641963e-19,1.25008406e-17,-2.5620248e-16,-8.02805779e-16,1.27279033e-16,1.33456239e-18,0,0,0,0.00057018141,-0.000362971816,-0.0292405047,
109.84,object_red_01,RED,-0.251637109,0.210570233,0.0119470396,3.48407693e-18,1.5179185e-17,-2.5620248e-16,-1.15404442e-15,1.33395471e-16,-1.17683684e-18,0,0,0,0.00057018141,-0.000362971816,-0.0298122602,
109.88,object_red_01,RED,-0.251637109,0.210570233,0.0119470396,3.59211684e-18,9.18122703e-18,-2.52633677e-16,-8.30452469e-16,2.90704749e-16,1.62555626e-18,0,0,0,0.00057018141,-0.000362971816,-0.0303881494,
109.92,object_red_01,RED,-0.251637109,0.210570233,0.0119470396,-3.91201619e-19,1.3969835e-17,-2.5620248e-16,-1.00387262e-15,-4.31628865e-16,-9.9806892e-19,0,0,0,0.00057018141,-0.000362971816,-0.0309677724,
109.96,object_red_01,RED,-0.251637109,0.210570233,0.0119470396,1.37032823e-18,1.38182306e-17,-2.52633677e-16,-8.3862081e-16,1.65739939e-16,1.74439572e-18,0,0,0,0.00057018141,-0.000362971816,-0.03155073,
110,object_red_01,RED,-0.251637109,0.210570233,0.0119470396,6.43672665e-19,1.35045663e-17,-2.5620248e-16,-9.39782565e-16,3.54048659e-16,1.3198092e-18,0,0,0,0.00057018141,-0.000362971816,-0.03213662,
110.04,object_red_01,RED,-0.251637109,0.210570233,0.0119470396,6.8601065e-18,7.78367843e-18,-2.5620248e-16,-6.1053561e-16,5.50059101e-17,-6.35242293e-19,0,0,0,0.00057018141,-0.000362971816,-0.032725028,
110.08,object_red_01,RED,-0.251637109,0.210570233,0.0119470396,4.5159017e-18,6.30597119e-18,-2.59771282e-16,-4.10097102e-16,-1.46164018e-16,1.17166687e-18,0,0,0,0.00057018141,-0.000362971816,-0.0333155635,
110.12,object_red_01,RED,-0.251637109,0.210570233,0.0119470396,4.81322929e-18,1.67579618e-17,-2.63340084e-16,-3.9690209e-16,3.19259579e-16,-3.22373006e-19,0,0,0,0.00057018141,-0.000362971816,-0.0339077972,
110.16,object_red_01,RED,-0.251637109,0.210570233,0.0119470396,-1.17296626e-18,1.21052751e-17,-2.52633677e-16,-8.39249144e-16,3.30098338e-16,1.35715003e-18,0,0,0,0.00057018141,-0.000362971816,-0.0345013248,
110.2,object_red_01,RED,-0.251637109,0.210570233,0.0119470396,2.29592258e-19,1.31839317e-17,-2.52633677e-16,-8.8071918e-16,-2.52318083e-16,-2.01870601e-20,0,0,0,0.00057018141,-0.000362971816,-0.0350957289,
110.24,object_red_01,RED,-0.251637109,0.210570233,0.0119470396,2.56856933e-18,1.05543795e-17,-2.52633677e-16,-1.37773128e-15,-2.75060824e-16,-6.06956875e-19,0,0,0,0.00057018141,-0.000362971816,-0.0356905945,
110.28,object_red_01,RED,-0.251637109,0.210570233,0.0119470396,-4.18632152e-18,1.36997352e-17,-2.52633677e-16,-7.81442427e-16,-9.32121622e-17,2.19526774e-19,0,0,0,0.00057018141,-0.000362971816,-0.0362855061,
110.32,object_red_01,RED,-0.251637109,0.210570233,0.0119470396,-5.55925618e-18,1.18369179e-17,-2.52633677e-16,-6.20001305e-17,6.09112669e-17,6.78096491e-19,0,0,0,0.00057018141,-0.000362971816,-0.0368800487,
110.36,object_red_01,RED,-0.251637109,0.210570233,0.0119470396,-2.00744392e-18,1.31612782e-17,-2.5620248e-16,-8.40505812e-16,3.77792807e-16,-9.47806342e-19,0,0,0,0.00057018141,-0.000362971816,-0.037473804,
110.4,object_red_01,RED,-0.251637109,0.210570233,0.0119470396,5.92913351e-18,1.7585687e-17,-2.5620248e-16,-6.94732351e-16,-6.59532712e-17,-6.47044842e-19,0,0,0,0.00057018141,-0.000362971816,-0.0380663598,
110.44,object_red_01,RED,-0.251637109,0.210570233,0.0119470396,3.52284932e-18,1.37920919e-17,-2.59771282e-16,-5.99853934e-16,2.234043e-16,3.21883361e-19,0,0,0,0.00057018141,-0.000362971816,-0.0386573047,
110.48,object_red_01,RED,-0.251637109,0.210570233,0.0119470396,-3.79946891e-18,1.02494281e-17,-2.52633677e-16,-1.19048778e-15,7.904459e-17,9.74381162e-19,0,0,0,0.00057018141,-0.000362971816,-0.0392462198,
110.52,object_red_01,RED,-0.251637109,0.210570233,0.0119470396,6.03811163e-19,1.23596917e-17,-2.5620248e-16,-9.41667567e-16,2.54643999e-17,1.61762007e-18,0,0,0,0.00057018141,-0.000362971816,-0.0398327087,
110.56,object_red_01,RED,-0.251637109,0.210570233,0.0119470396,3.69013693e-18,1.47104312e-17,-2.63340084e-16,-6.65200658e-16,-6.52807576e-17,-5.94035119e-19,0,0,0,0.00057018141,-0.000362971816,-0.0404163414,
110.6,object_red_01,RED,-0.251637109,0.210570233,0.0119470396,1.83537908e-18,1.49648477e-17,-2.59771282e-16,-1.41417465e-15,-1.5828399e-16,-1.0311014e-19,0,0,0,0.00057018141,-0.000362971816,-0.0409967356,
110.64,object_red_01,RED,-0.251637109,0.210570233,0.0119470396,-8.799282e-20,1.36579133e-17,-2.5620248e-16,-5.43932219e-16,-2.49608393e-16,-1.51032557e-19,0,0,0,0.00057018141,-0.000362971816,-0.041573482,
110.68,object_red_01,RED,-0.251637109,0.210570233,0.0119470396,3.59059209e-18,1.39454388e-17,-2.52633677e-16,-1.12388439e-15,1.09263523e-16,1.58886093e-19,0,0,0,0.00057018141,-0.000362971816,-0.0421461855,
110.72,object_red_01,RED,-0.251637109,0.210570233,0.0119470396,1.36575396e-18,1.52819972e-17,-2.52633677e-16,-5.13143859e-16,-5.61551897e-17,-6.17843708e-19,0,0,0,0.00057018141,-0.000362971816,-0.0427144551,
110.76,object_red_01,RED,-0.251637109,0.210570233,0.0119470396,2.45878683e-18,1.50746302e-17,-2.59771282e-16,-1.22504615e-15,-3.03178765e-16,2.00323782e-18,0,0,0,0.00057018141,-0.000362971816,-0.0432778992,
110.8,object_red_01,RED,-0.251637109,0.210570233,0.0119470396,-3.22485339e-18,1.24450781e-17,-2.52633677e-16,-1.00324429e-15,2.58571086e-17,-9.22980291e-19,0,0,0,0.00057018141,-0.000362971816,-0.0438361436,
110.84,object_red_01,RED,-0.251637109,0.210570233,0.0119470396,-4.25036131e-18,1.44385888e-17,-2.5620248e-16,-9.27215887e-16,1.62627723e-16,-2.12429661e-18,0,0,0,0.00057018141,-0.000362971816,-0.0443887923,
110.88,object_red_01,RED,-0.251637109,0.210570233,0.0119470396,-6.46343702e-18,1.69844971e-17,-2.59771282e-16,-9.27215887e-16,-3.65560539e-16,7.52676389e-19,0,0,0,0.00057018141,-0.000362971816,-0.044935498,
110.92,object_red_01,RED,-0.251637109,0.210570233,0.0119470396,-4.93671973e-18,1.73190724e-17,-2.63340084e-16,-7.72017418e-16,-1.35231991e-16,-5.33903168e-19,0,0,0,0.00057018141,-0.000362971816,-0.0454758777,
110.96,object_red_01,RED,-0.251637109,0.210570233,0.0119470396,-1.56482878e-18,1.70594281e-17,-2.59771282e-16,-1.41166131e-15,-1.2584162e-17,7.76383233e-19,0,0,0,0.00057018141,-0.000362971816,-0.0460095847,
111,object_red_01,RED,-0.251637109,0.210570233,0.0119470396,-2.15774139e-18,1.47661937e-17,-2.52633677e-16,-1.08241436e-15,4.81315723e-16,2.4601796e-18,0,0,0,0.00057018141,-0.000362971816,-0.0465362706,
111.04,object_red_01,RED,-0.251637109,0.210570233,0.0119470396,-3.46881449e-18,1.16922838e-17,-2.52633677e-16,-3.69883733e-16,2.4698618e-17,3.89239285e-19,0,0,0,0.00057018141,-0.000362971816,-0.047055586,
111.08,object_red_01,RED,-0.251637109,0.210570233,0.0119470396,2.20785541e-18,1.35150218e-17,-2.59771282e-16,-1.07173268e-15,-5.58115696e-17,1.01172198e-18,0,0,0,0.00057018141,-0.000362971816,-0.0475672036,
111.12,object_red_01,RED,-0.251637109,0.210570233,0.0119470396,5.58286279e-19,1.13943027e-17,-2.52633677e-16,-7.36202387e-16,3.2084514e-16,8.77010135e-19,0,0,0,0.00057018141,-0.000362971816,-0.0480707905,
111.16,object_red_01,RED,-0.251637109,0.210570233,0.0119470396,-6.14905237e-19,1.30636937e-17,-2.5620248e-16,-1.29856121e-15,-2.52539257e-17,5.43079403e-19,0,0,0,0.00057018141,-0.000362971816,-0.0485660356,
111.2,object_red_01,RED,-0.251637109,0.210570233,0.0119470396,3.88661275e-18,1.22377111e-17,-2.5620248e-16,-8.80090846e-16,-1.93961573e-16,-4.14147997e-19,0,0,0,0.00057018141,-0.000362971816,-0.0490526314,
111.24,object_red_01,RED,-0.251637109,0.210570233,0.0119470396,3.05975887e-18,1.12810351e-17,-2.52633677e-16,-5.64667237e-16,1.7661797e-16,1.11065421e-19,0,0,0,0.00057018141,-0.000362971816,-0.049530282,
111.28,object_red_01,RED,-0.251637109,0.210570233,0.0119470396,1.966726e-18,1.29120893e-17,-2.5620248e-16,-8.27939134e-16,2.32441508e-16,1.65638534e-18,0,0,0,0.00057018141,-0.000362971816,-0.0499986989,
111.32,object_red_01,RED,-0.251637109,0.210570233,0.0119470396,4.78360544e-18,1.48515801e-17,-2.49064875e-16,-3.27157029e-16,1.69495216e-16,-4.52302788e-19,0,0,0,0.00057018141,-0.000362971816,-0.0504576129,
111.36,object_red_01,RED,-0.251637109,0.210570233,0.0119470396,5.08812118e-18,8.89021629e-18,-2.5620248e-16,-9.47950906e-16,-1.60591153e-16,1.71834872e-18,0,0,0,0.00057018141,-0.000362971816,-0.0509067538,
111.4,object_red_01,RED,-0.251637109,0.210570233,0.0119470396,-1.29930326e-18,1.4048251e-17,-2.5620248e-16,-7.69504083e-16,-4.36326642e-16,-1.16340635e-18,0,0,0,0.00057018141,-0.000362971816,-0.0513458697,
111.44,object_red_01,RED,-0.251637109,0.210570233,0.0119470396,2.45181651e-18,1.45170049e-17,-2.59771282e-16,-9.95075947e-16,3.48928719e-16,-8.72377464e-20,0,0,0,0.00057018141,-0.000362971816,-0.0517747304,
111.48,object_red_01,RED,-0.251637109,0.210570233,0.0119470396,3.21948961e-19,1.52314624e-17,-2.59771282e-16,-5.81632252e-16,-2.33698783e-16,6.59782191e-19,0,0,0,0.00057018141,-0.000362971816,-0.0521930824,
111.52,object_red_01,RED,-0.251637109,0.210570233,0.0119470396,2.83823347e-18,1.53081359e-17,-2.52633677e-16,-6.2498729e-16,-2.34400749e-16,2.78169731e-18,0,0,0,0.00057018141,-0.000362971816,-0.0526007381,
111.56,object_red_01,RED,-0.251637109,0.210570233,0.0119470396,-3.56095337e-18,1.65314265e-17,-2.63340084e-16,-6.4446564e-16,-6.256125e-17,5.32736311e-20,0,0,0,0.00057018141,-0.000362971816,-0.0529974847,
111.6,object_red_01,RED,-0.251637109,0.210570233,0.0119470396,-3.79968673e-18,1.81589956e-17,-2.59771282e-16,-1.14838941e-15,9.68392019e-17,3.05122275e-18,0,0,0,0.00057018141,-0.000362971816,-0.0533831436,
111.64,object_red_01,RED,-0.251637109,0.210570233,0.0119470396,-2.03619648e-18,1.166266e-17,-2.5620248e-16,-9.93190945e-16,-1.20687043e-16,1.03563232e-18,0,0,0,0.00057018141,-0.000362971816,-0.0537575439,
111.68,object_red_01,RED,-0.251637109,0.210570233,0.0119470396,-1.70183908e-18,1.28423861e-17,-2.5620248e-16,-6.81537339e-16,1.41136741e-16,4.83252691e-19,0,0,0,0.00057018141,-0.000362971816,-0.0541204982,
111.72,object_red_01,RED,-0.251637109,0.210570233,0.0119470396,2.25664763e-18,1.52262346e-17,-2.5620248e-16,-4.93037174e-16,-3.67504722e-17,6.34752648e-19,0,0,0,0.00057018141,-0.000362971816,-0.0544718938,
111.76,object_red_01,RED,-0.251637109,0.210570233,0.0119470396,-5.93674243e-18,1.38739931e-17,-2.59771282e-16,-1.36390794e-15,-2.30625837e-16,1.3356816e-18,0,0,0,0.00057018141,-0.000362971816,-0.0548116218,
111.8,object_red_01,RED,-0.251637109,0.210570233,0.0119470396,-6.16218862e-18,1.48097582e-17,-2.5620248e-16,-1.22630282e-15,2.62557355e-16,3.90358492e-19,0,0,0,0.00057018141,-0.000362971816,-0.0551394928,
111.84,object_red_01,RED,-0.251637109,0.210570233,0.0119470396,2.89377819e-18,1.48149859e-17,-2.5620248e-16,-2.82545323e-16,6.36013213e-17,-1.9071354e-19,0,0,0,0.00057018141,-0.000362971816,-0.05545549,
111.88,object_red_01,RED,-0.251637109,0.210570233,0.0119470396,5.49806296e-18,9.94099161e-18,-2.63340084e-16,-1.50402639e-15,-2.65625998e-16,9.36938594e-19,0,0,0,0.00057018141,-0.000362971816,-0.0557595223,
111.92,object_red_01,RED,-0.251637109,0.210570233,0.0119470396,-5.24798796e-18,1.29504261e-17,-2.52633677e-16,-3.88105416e-16,-2.07819281e-16,-4.09569422e-19,0,0,0,0.00057018141,-0.000362971816,-0.0560514954,
111.96,object_red_01,RED,-0.251637109,0.210570233,0.0119470396,-4.59582765e-18,1.30619511e-17,-2.63340084e-16,-1.41543131e-15,-1.1997035e-16,-9.44957451e-19,0,0,0,0.00057018141,-0.000362971816,-0.0563314006,
112,object_red_01,RED,-0.251637109,0.210570233,0.0119470396,-2.99766461e-18,1.17898682e-17,-2.5620248e-16,-5.62153901e-16,1.01787331e-16,6.63038066e-19,0,0,0,0.00057018141,-0.000362971816,-0.0565991986,
112.04,object_red_01,RED,-0.251637109,0.210570233,0.0119470396,-3.6827161e-18,1.2234226e-17,-2.5620248e-16,-1.05853767e-15,-6.48635046e-17,-1.56652444e-18,0,0,0,0.00057018141,-0.000362971816,-0.0568548918,
112.08,object_red_01,RED,-0.251637109,0.210570233,0.0119470396,-2.72320837e-18,1.04202009e-17,-2.52633677e-16,-5.1817053e-16,4.7519901e-17,6.9858247e-20,0,0,0,0.00057018141,-0.000362971816,-0.057098484,
112.12,object_red_01,RED,-0.251637109,0.210570233,0.0119470396,-4.42592617e-18,1.14204414e-17,-2.52633677e-16,-1.45250301e-15,4.30430221e-17,3.88425316e-19,0,0,0,0.00057018141,-0.000362971816,-0.0573300185,
112.16,object_red_01,RED,-0.251637109,0.210570233,0.0119470396,-4.60279797e-18,1.68468334e-17,-2.52633677e-16,-7.9338077e-16,-3.96790696e-16,9.15571911e-19,0,0,0,0.00057018141,-0.000362971816,-0.057549546,
112.2,object_red_01,RED,-0.251637109,0.210570233,0.0119470396,-7.90193623e-18,1.12113319e-17,-2.5620248e-16,-2.75633651e-16,-2.61070577e-16,1.79760894e-18,0,0,0,0.00057018141,-0.000362971816,-0.0577571696,
112.24,object_red_01,RED,-0.251637109,0.210570233,0.0119470396,2.03889213e-19,9.6133867e-18,-2.5620248e-16,-1.18106278e-15,2.88363224e-16,2.46140056e-18,0,0,0,0.00057018141,-0.000362971816,-0.0579528962,
112.28,object_red_01,RED,-0.251637109,0.210570233,0.0119470396,1.45114035e-18,1.26541876e-17,-2.49064875e-16,-6.38810635e-16,2.69120498e-16,4.09283269e-19,0,0,0,0.00057018141,-0.000362971816,-0.058136927,
112.32,object_red_01,RED,-0.251637109,0.210570233,0.0119470396,1.82056716e-18,1.53168488e-17,-2.5620248e-16,-1.15969942e-15,-1.07781654e-16,-4.40907224e-19,0,0,0,0.00057018141,-0.000362971816,-0.0583093719,
112.36,object_red_01,RED,-0.251637109,0.210570233,0.0119470396,3.60939173e-19,1.28493565e-17,-2.5620248e-16,-9.14020876e-16,-3.43254961e-17,-1.71585271e-19,0,0,0,0.00057018141,-0.000362971816,-0.0584703928,
112.4,object_red_01,RED,-0.251637109,0.210570233,0.0119470396,3.53395826e-18,1.26803263e-17,-2.52633677e-16,-8.02805779e-16,1.47842241e-16,-6.02174808e-19,0,0,0,0.00057018141,-0.000362971816,-0.0586201725,
112.44,object_red_01,RED,-0.251637109,0.210570233,0.0119470396,9.31779679e-18,6.5569026e-18,-2.59771282e-16,-8.21655795e-16,1.00079049e-16,1.07744997e-18,0,0,0,0.00057018141,-0.000362971816,-0.0587589521,
112.48,object_red_01,RED,-0.251637109,0.210570233,0.0119470396,-5.03778933e-18,1.17114522e-17,-2.49064875e-16,-3.30298699e-16,-9.14057023e-17,5.46980766e-20,0,0,0,0.00057018141,-0.000362971816,-0.0588868553,
112.52,object_red_01,RED,-0.251637109,0.210570233,0.0119470396,-6.84767576e-18,1.24293949e-17,-2.5620248e-16,-7.04785693e-16,-1.42634549e-16,-2.98767908e-19,0,0,0,0.00057018141,-0.000362971816,-0.0590042409,
112.56,object_red_01,RED,-0.251637109,0.210570233,0.0119470396,-4.75636277e-18,1.22987014e-17,-2.5620248e-16,-5.7157891e-16,2.54644275e-16,1.54517684e-18,0,0,0,0.00057018141,-0.000362971816,-0.0591113511,
112.6,object_red_01,RED,-0.251637109,0.210570233,0.0119470396,7.54820751e-18,1.01152495e-17,-2.5620248e-16,-1.06796268e-15,-3.19770707e-16,-1.46884817e-18,0,0,0,0.00057018141,-0.000362971816,-0.0592084859,
112.64,object_red_01,RED,-0.251637109,0.210570233,0.0119470396,-4.69428338e-18,1.41162116e-17,-2.5620248e-16,-1.04282932e-15,1.25094591e-16,8.25221365e-19,0,0,0,0.00057018141,-0.000362971816,-0.0592959763,
112.68,object_red_01,RED,-0.251637109,0.210570233,0.0119470396,-1.00408698e-19,1.46598964e-17,-2.5620248e-16,-1.43679467e-15,-1.32389762e-16,-5.47537147e-19,0,0,0,0.00057018141,-0.000362971816,-0.0593741759,
112.72,object_red_01,RED,-0.251637109,0.210570233,0.0119470396,6.55951157e-18,4.42050038e-18,-2.52633677e-16,-3.86220414e-16,1.573507e-16,5.45419564e-19,0,0,0,0.00057018141,-0.000362971816,-0.059443464,
112.76,object_red_01,RED,-0.251637109,0.210570233,0.0119470396,1.79813145e-18,5.31444356e-18,-2.59771282e-16,-4.18265442e-16,-3.14262968e-16,-5.02361874e-19,0,0,0,0.00057018141,-0.000362971816,-0.059504247,
112.8,object_red_01,RED,-0.251637109,0.210570233,0.0119470396,5.4333697e-18,7.39334067e-18,-2.63340084e-16,-1.29981788e-15,-1.62805324e-17,1.99804877e-18,0,0,0,0.00057018141,-0.000362971816,-0.0595569579,
112.84,object_red_01,RED,-0.251637109,0.210570233,0.0119470396,2.76134216e-18,1.32274962e-17,-2.5620248e-16,-7.60707408e-16,1.91722527e-16,-1.63906941e-18,0,0,0,0.00057018141,-0.000362971816,-0.0596020574,
112.88,object_red_01,RED,-0.251637109,0.210570233,0.0119470396,4.99249714e-18,8.02938212e-18,-2.59771282e-16,-1.47198136e-15,3.89588518e-17,1.99448766e-18,0,0,0,0.00057018141,-0.000362971816,-0.0596400326,
112.92,object_red_01,RED,-0.251637109,0.210570233,0.0119470396,6.1574114e-18,6.61440772e-18,-2.49064875e-16,-8.02218131e-17,1.82700045e-16,5.35244953e-19,0,0,0,0.00057018141,-0.000362971816,-0.0596714013,
112.96,object_red_01,RED,-0.251637109,0.210570233,0.0119470396,4.8861998e-18,1.11015494e-17,-2.52633677e-16,-1.1666111e-15,8.80572542e-17,5.33515269e-19,0,0,0,0.00057018141,-0.000362971816,-0.0596967095,
113,object_red_01,RED,-0.251637109,0.210570233,0.0119470396,-3.84935024e-18,1.22568795e-17,-2.52633677e-16,-9.51092575e-16,-2.34508744e-16,1.35430114e-18,0,0,0,0.00057018141,-0.000362971816,-0.0597165321,
113.04,object_red_01,RED,-0.251637109,0.210570233,0.0119470396,-4.37778742e-18,1.41632613e-17,-2.5620248e-16,-7.66990747e-16,-2.16856489e-16,4.67990774e-19,0,0,0,0.00057018141,-0.000362971816,-0.0597314732,
113.08,object_red_01,RED,-0.251637109,0.210570233,0.0119470396,-4.83325408e-18,1.6024336e-17,-2.63340084e-16,-8.68780836e-16,-4.78101303e-17,2.43606577e-18,0,0,0,0.00057018141,-0.000362971816,-0.0597421673,
113.12,object_red_01,RED,-0.251637109,0.210570233,0.0119470396,-1.72122527e-18,1.53708687e-17,-2.59771282e-16,-7.3997239e-16,1.36330968e-16,-1.6222813e-18,0,0,0,0.00057018141,-0.000362971816,-0.0597492791,
113.16,object_red_01,RED,-0.251637109,0.210570233,0.0119470396,-4.412639e-18,1.34697147e-17,-2.5620248e-16,-1.39909463e-15,4.58263448e-17,-8.9530535e-19,0,0,0,0.00057018141,-0.000362971816,-0.0597535043,
113.2,object_red_01,RED,-0.251637109,0.210570233,0.0119470396,-2.81643636e-18,1.31002879e-17,-2.5620248e-16,-1.16095609e-15,2.79463463e-16,-2.91645681e-19,0,0,0,0.00057018141,-0.000362971816,-0.05975557,
113.24,object_red_01,RED,-0.251637109,0.210570233,0.0119470396,1.74918832e-19,1.38234583e-17,-2.52633677e-16,-1.27531286e-15,2.11667219e-16,-1.34400569e-18,0,0,0,0.00057018141,-0.000362971816,-0.0597562359,
113.28,object_red_01,RED,-0.251637109,0.210570233,0.0119470396,-4.35419568e-19,1.0651964e-17,-2.5620248e-16,-1.12514106e-15,-1.99155146e-16,1.21684214e-18,0,0,0,0.000570181406,-0.000362971821,-0.0597562896,
113.32,object_red_01,RED,-0.251637109,0.210570233,0.0119470396,-5.98597029e-18,1.3211813e-17,-2.59771282e-16,-9.95075947e-16,8.59758982e-17,-1.53925648e-18,0,0,0,0.000570180638,-0.000362972681,-0.0597562894,
113.36,object_red_01,RED,-0.251637109,0.210570233,0.0119470396,-6.52704116e-18,1.36683687e-17,-2.52633677e-16,-6.97245686e-16,-3.66817482e-17,-1.11860305e-19,0,0,0,0.000570174919,-0.000362979398,-0.0597562894,
113.4,object_red_01,RED,-0.251637109,0.210570233,0.0119470396,-2.05035494e-18,1.35150218e-17,-2.52633677e-16,-1.3186679e-15,4.7427642e-16,-4.21473717e-19,0,0,0,0.00057015724,-0.000363000889,-0.0597562894,
113.44,object_red_01,RED,-0.251637109,0.210570233,0.0119470396,1.6023091e-18,1.07739445e-17,-2.52633677e-16,-2.48615294e-16,-3.94871332e-16,-9.38242208e-19,0,0,0,0.000570119364,-0.00036304787,-0.0597562894,
113.48,object_red_01,RED,-0.251637109,0.210570233,0.0119470396,4.22968305e-18,1.11764803e-17,-2.49064875e-16,-8.76949177e-16,3.54367735e-16,2.53465775e-18,0,0,0,0.000570052412,-0.000363131724,-0.0597562894,
113.52,object_red_01,RED,-0.251637109,0.210570233,0.0119470396,3.99966258e-18,4.81780846e-18,-2.5620248e-16,-4.71673822e-16,-4.96070482e-18,1.26937814e-19,0,0,0,0.00056994713,-0.000363264005,-0.0597562894,
113.56,object_red_01,RED,-0.251637109,0.210570233,0.0119470396,5.77600435e-18,7.11104282e-18,-2.59771282e-16,-1.34945626e-15,5.87022806e-17,4.22850512e-20,0,0,0,0.000569794063,-0.000363456278,-0.0597562894,
113.6,object_red_01,RED,-0.251637109,0.210570233,0.0119470396,-1.88589902e-18,1.15284814e-17,-2.5620248e-16,3.74691918e-16,-2.75237543e-16,7.75467518e-19,0,0,0,0.000569583679,-0.000363720075,-0.0597562894,
113.64,object_red_01,RED,-0.251637109,0.210570233,0.0119470396,1.23702092e-18,1.29469409e-17,-2.52633677e-16,-3.71140401e-16,6.12392062e-16,2.19879385e-18,0,0,0,0.000569306451,-0.000364066881,-0.0597562894,
113.68,object_red_01,RED,-0.251637109,0.210570233,0.0119470396,-4.53281006e-19,1.24137116e-17,-2.59771282e-16,-9.70570925e-16,3.25773634e-16,1.4663236e-18,0,0,0,0.000568952892,-0.00036450814,-0.0597562894,
113.72,object_red_01,RED,-0.251637109,0.210570233,0.0119470396,5.96093558e-18,1.33756154e-17,-2.52633677e-16,-3.40980375e-16,1.49413076e-16,-1.82573851e-19,0,0,0,0.000568513558,-0.00036505525,-0.0597562894,
113.76,object_red_01,RED,-0.251637109,0.210570233,0.0119470396,-3.37617305e-19,1.39611221e-17,-2.5620248e-16,-1.05602433e-15,-3.25597522e-16,1.77227415e-18,0,0,0,0.000567979061,-0.000365719553,-0.0597562894,
113.8,object_red_01,RED,-0.251637109,0.210570233,0.0119470396,-2.76110947e-18,1.24590187e-17,-2.63340084e-16,-9.17162545e-16,2.23325482e-17,-5.26373956e-19,0,0,0,0.000567340053,-0.00036651234,-0.0597562894,
113.84,object_red_01,RED,-0.251637109,0.210570233,0.0119470396,-4.53178786e-18,1.37345868e-17,-2.52633677e-16,-1.11006105e-15,-5.28318925e-17,6.77486014e-19,0,0,0,0.00056658723,-0.000367444853,-0.0597562894,
113.88,object_red_01,RED,-0.251637109,0.210570233,0.0119470396,-5.69844471e-18,1.46459557e-17,-2.5620248e-16,-1.0145543e-15,-1.14570605e-16,2.46455468e-18,0,0,0,0.000565711342,-0.000368528265,-0.0597562894,
113.92,object_red_01,RED,-0.251637109,0.210570233,0.0119470396,-3.97285555e-18,1.54754235e-17,-2.5620248e-16,-1.2426395e-15,-2.4689407e-17,3.73061654e-19,0,0,0,0.000564703181,-0.000369773697,-0.0597562894,
113.96,object_red_01,RED,-0.251637109,0.210570233,0.0119470396,4.9027543e-18,1.32431794e-17,-2.5620248e-16,-1.03466098e-15,1.50571567e-16,7.70888943e-19,0,0,0,0.000563553575,-0.000371192224,-0.0597562894,
114,object_red_01,RED,-0.251637109,0.210570233,0.0119470396,9.37950744e-19,1.0871529e-17,-2.59771282e-16,-7.34317385e-16,-6.21194527e-17,1.52330142e-18,0,0,0,0.000562253409,-0.000372794855,-0.0597562894,
114.04,object_red_01,RED,-0.251637109,0.210570233,0.0119470396,5.05109136e-18,1.49840161e-17,-2.63340084e-16,-6.79652338e-16,1.41637444e-16,-1.52725044e-18,0,0,0,0.000560793612,-0.000374592543,-0.0597562894,
114.08,object_red_01,RED,-0.251637109,0.210570233,0.0119470396,2.34835087e-18,1.35777546e-17,-2.5620248e-16,-6.65200658e-16,-1.10290081e-16,8.87489984e-19,0,0,0,0.00055916515,-0.000376596194,-0.0597562894,
114.12,object_red_01,RED,-0.251637109,0.210570233,0.0119470396,-3.86982555e-18,1.15075704e-17,-2.52633677e-16,-7.89610767e-16,1.48455849e-16,-2.34871352e-19,0,0,0,0.000557359052,-0.000378816643,-0.0597562894,
114.16,object_red_01,RED,-0.251637109,0.210570233,0.0119470396,-6.17983224e-18,1.47191441e-17,-2.59771282e-16,-1.12011439e-15,3.01273521e-16,-1.52735218e-18,0,0,0,0.000555366376,-0.000381264681,-0.0597562894,
114.2,object_red_01,RED,-0.251637109,0.210570233,0.0119470396,-5.20268089e-18,1.14587782e-17,-2.59771282e-16,-5.08117187e-16,-2.00309003e-17,5.31683839e-19,0,0,0,0.000553178227,-0.000383951047,-0.0597562894,
114.24,object_red_01,RED,-0.251637109,0.210570233,0.0119470396,-2.93950603e-18,1.4388054e-17,-2.59771282e-16,-5.93570596e-16,-9.83321016e-17,2.18322669e-18,0,0,0,0.000550785768,-0.000386886407,-0.0597562894,
114.28,object_red_01,RED,-0.251637109,0.210570233,0.0119470396,-2.33592012e-18,1.21035325e-17,-2.52633677e-16,7.24633205e-17,1.2539894e-16,-5.5659255e-19,0,0,0,0.000548180201,-0.000390081377,-0.0597562894,
114.32,object_red_01,RED,-0.251637109,0.210570233,0.0119470396,-1.99176071e-18,1.36770816e-17,-2.5620248e-16,-8.59355828e-16,4.00815353e-16,8.00191822e-19,0,0,0,0.000545352762,-0.000393546531,-0.0597562894,
114.36,object_red_01,RED,-0.251637109,0.210570233,0.0119470396,6.26871865e-18,1.29469409e-17,-2.63340084e-16,-1.78363497e-15,-2.68482954e-16,3.26461936e-19,0,0,0,0.000542294754,-0.000397292364,-0.0597562894,
114.4,object_red_01,RED,-0.251637109,0.210570233,0.0119470396,-3.83257792e-18,1.03696661e-17,-2.5620248e-16,-6.35668966e-16,1.32035717e-16,1.73411936e-18,0,0,0,0.000538997509,-0.00040132933,-0.0597562894,
114.44,object_red_01,RED,-0.251637109,0.210570233,0.0119470396,-4.78816484e-18,1.41667464e-17,-2.52633677e-16,-9.55490912e-16,-1.74881116e-17,1.10963675e-19,0,0,0,0.000535452407,-0.000405667825,-0.0597562894,
114.48,object_red_01,RED,-0.251637109,0.210570233,0.0119470396,-4.23337116e-18,1.3058466e-17,-2.52633677e-16,-7.47512397e-16,3.70198527e-17,1.78529766e-18,0,0,0,0.00053165089,-0.000410318168,-0.0597562894,
114.52,object_red_01,RED,-0.251637109,0.210570233,0.0119470396,8.64762414e-19,1.2080879e-17,-2.5620248e-16,-8.76320843e-16,1.19149964e-16,1.31211151e-19,0,0,0,0.000527584421,-0.000415290652,-0.0597562894,
114.56,object_red_01,RED,-0.251637109,0.210570233,0.0119470396,3.6820775e-18,1.61288907e-17,-2.49064875e-16,-6.42580638e-16,-5.3857844e-17,2.95632864e-19,0,0,0,0.000523244518,-0.000420595498,-0.0597562894,
114.6,object_red_01,RED,-0.251637109,0.210570233,0.0119470396,-6.95963648e-18,9.77718916e-18,-2.5620248e-16,-3.33440368e-16,7.30066941e-17,1.16763204e-19,0,0,0,0.000518622755,-0.000426242862,-0.0597562894,
114.64,object_red_01,RED,-0.251637109,0.210570233,0.0119470396,-3.79467682e-18,1.39994588e-17,-2.59771282e-16,-1.24766617e-15,-1.48196286e-16,-3.29189995e-19,0,0,0,0.000513710743,-0.000432242848,-0.0597562894,
114.68,object_red_01,RED,-0.251637109,0.210570233,0.0119470396,-8.441918e-18,1.04811912e-17,-2.5620248e-16,-2.32906947e-16,-1.65745455e-16,1.54293842e-18,0,0,0,0.00050850013,-0.000438605515,-0.0597562894,
114.72,object_red_01,RED,-0.251637109,0.210570233,0.0119470396,-3.55790386e-18,1.42068257e-17,-2.59771282e-16,-2.93226999e-16,3.70085899e-16,1.78682385e-18,0,0,0,0.00050298263,-0.000445340841,-0.0597562894,
114.76,object_red_01,RED,-0.251637109,0.210570233,0.0119470396,-2.25532583e-18,1.45239752e-17,-2.5620248e-16,-1.11571605e-15,7.8072636e-17,-1.30544392e-18,0,0,0,0.000497149983,-0.000452458768,-0.0597562894,
114.8,object_red_01,RED,-0.251637109,0.210570233,0.0119470396,-2.51795274e-19,1.21819486e-17,-2.49064875e-16,-9.92562611e-16,1.63189209e-18,8.83725378e-19,0,0,0,0.000490993981,-0.000459969171,-0.0597562894,
114.84,object_red_01,RED,-0.251637109,0.210570233,0.0119470396,1.61058635e-18,1.25809993e-17,-2.52633677e-16,-4.48425469e-16,2.28028444e-16,1.20503959e-18,0,0,0,0.00048450648,-0.000467881851,-0.0597562894,
114.88,object_red_01,RED,-0.251637109,0.210570233,0.0119470396,1.28494185e-18,1.17898682e-17,-2.52633677e-16,-4.17008774e-16,1.57321247e-16,1.59808481e-18,0,0,0,0.000477679352,-0.000476206577,-0.0597562894,
114.92,object_red_01,RED,-0.251637109,0.210570233,0.0119470396,4.49869373e-18,1.4288727e-17,-2.5620248e-16,-8.53072489e-16,-9.88818938e-17,9.29816366e-19,0,0,0,0.000470504521,-0.000484953058,-0.0597562894,
114.96,object_red_01,RED,-0.251637109,0.210570233,0.0119470396,-4.35513389e-18,1.48916594e-17,-2.5620248e-16,-7.46884063e-16,1.79759639e-16,-2.79843132e-19,0,0,0,0.000462973984,-0.000494130912,-0.0597562894,
115,object_red_01,RED,-0.251637109,0.210570233,0.0119470396,-8.55867081e-18,1.3530705e-17,-2.59771282e-16,-5.23825535e-16,-2.22560583e-16,5.66481008e-19,0,0,0,0.000455079752,-0.000503749732,-0.0597562894,
115.04,object_red_01,RED,-0.251637109,0.210570233,0.0119470396,-4.86527398e-18,1.22812756e-17,-2.59771282e-16,-1.21185114e-15,1.98064772e-16,2.09257091e-18,0,0,0,0.000446813893,-0.000513819043,-0.0597562894,
115.08,object_red_01,RED,-0.251637109,0.210570233,0.0119470396,3.06999652e-18,5.84941541e-18,-2.52633677e-16,-1.36143529e-16,-3.24694292e-16,1.23057787e-18,0,0,0,0.000438168534,-0.000524348294,-0.0597562894,
115.12,object_red_01,RED,-0.251637109,0.210570233,0.0119470396,1.97195374e-18,1.3070664e-17,-2.52633677e-16,-7.48769065e-16,-1.31324539e-16,9.55456386e-19,0,0,0,0.000429135819,-0.000535346903,-0.0597562894,
115.16,object_red_01,RED,-0.251637109,0.210570233,0.0119470396,-4.36820323e-18,1.12548964e-17,-2.52633677e-16,-2.78146986e-16,-1.26749483e-16,1.06829282e-18,0,0,0,0.000419707961,-0.000546824211,-0.0597562894,
115.2,object_red_01,RED,-0.251637109,0.210570233,0.0119470396,-4.64832285e-18,1.13193718e-17,-2.49064875e-16,-9.3726923e-16,-2.80018771e-16,-2.47182631e-19,0,0,0,0.00040987723,-0.000558789481,-0.0597562894,
115.24,object_red_01,RED,-0.251637109,0.210570233,0.0119470396,-6.1891986e-18,1.76222812e-17,-2.59771282e-16,-1.08492769e-15,1.32811317e-16,4.90171426e-19,0,0,0,0.000399635905,-0.000571251958,-0.0597562894,
115.28,object_red_01,RED,-0.251637109,0.210570233,0.0119470396,3.93322674e-18,1.91208994e-17,-2.59771282e-16,-8.59984162e-16,7.31195979e-17,-1.58053039e-19,0,0,0,0.000388976329,-0.000584220806,-0.0597562894,
115.32,object_red_01,RED,-0.251637109,0.210570233,0.0119470396,4.09267275e-18,1.11346584e-17,-2.5620248e-16,-9.39782565e-16,-8.05129454e-17,1.32611746e-18,0,0,0,0.000377890915,-0.000597705106,-0.0597562894,
115.36,object_red_01,RED,-0.251637109,0.210570233,0.0119470396,-5.47162466e-19,1.35498733e-17,-2.52633677e-16,-6.13048946e-16,-9.64274645e-17,-1.41471924e-18,0,0,0,0.000366372086,-0.000611713916,-0.0597562894,
115.4,object_red_01,RED,-0.251637109,0.210570233,0.0119470396,1.05405009e-18,8.24894711e-18,-2.59771282e-16,-9.19675881e-16,-9.80719321e-17,9.80994659e-19,0,0,0,0.000354412331,-0.000626256211,-0.0597562894,
115.44,object_red_01,RED,-0.251637109,0.210570233,0.0119470396,-7.11618388e-19,1.04027751e-17,-2.52633677e-16,-1.09183936e-15,-3.03060953e-16,5.91917536e-19,0,0,0,0.000342004186,-0.000641340905,-0.0597562894,
115.48,object_red_01,RED,-0.251637109,0.210570233,0.0119470396,-4.6254515e-18,1.13925602e-17,-2.5620248e-16,-1.67560223e-16,-1.57169679e-16,6.93460153e-19,0,0,0,0.000329140218,-0.000656976866,-0.0597562894,
115.52,object_red_01,RED,-0.251637109,0.210570233,0.0119470396,-7.67649004e-18,1.35202495e-17,-2.5620248e-16,-1.06293601e-15,-4.04274829e-18,6.38619e-19,0,0,0,0.000315813051,-0.000673172893,-0.0597562894,
115.56,object_red_01,RED,-0.251637109,0.210570233,0.0119470396,-3.22223952e-18,1.1840403e-17,-2.52633677e-16,-6.61430655e-16,1.58892082e-16,1.96874589e-18,0,0,0,0.000302015384,-0.000689937688,-0.0597562894,
115.6,object_red_01,RED,-0.251637109,0.210570233,0.0119470396,-1.06361941e-18,1.40290827e-17,-2.52633677e-16,-1.72268658e-15,1.95340356e-16,1.40690387e-18,0,0,0,0.000287739902,-0.000707279961,-0.0597562894,
115.64,object_red_01,RED,-0.251637109,0.210570233,0.0119470396,5.6161227e-18,1.28563268e-17,-2.5620248e-16,-6.60173987e-16,-1.9040756e-16,5.71771806e-19,0,0,0,0.000272979378,-0.000725208312,-0.0597562894,
115.68,object_red_01,RED,-0.251637109,0.210570233,0.0119470396,5.40984488e-18,1.07077265e-17,-2.5620248e-16,-1.24955117e-15,1.68675437e-16,1.8862298e-18,0,0,0,0.000257726641,-0.000743731271,-0.0597562894,
115.72,object_red_01,RED,-0.251637109,0.210570233,0.0119470396,3.68490919e-18,5.30050293e-18,-2.5620248e-16,-1.26274618e-15,2.96516562e-17,-1.38877398e-18,0,0,0,0.000241974533,-0.000762857341,-0.0597562894,
115.76,object_red_01,RED,-0.251637109,0.210570233,0.0119470396,4.37453495e-18,3.67990418e-18,-2.52633677e-16,-8.17257458e-16,-4.01856638e-16,-2.75468049e-19,0,0,0,0.00022571597,-0.000782594936,-0.0597562894,
115.8,object_red_01,RED,-0.251637109,0.210570233,0.0119470396,-4.84436303e-18,1.41162116e-17,-2.5620248e-16,-9.57375914e-16,2.15223109e-18,2.22748625e-18,0,0,0,0.00020894391,-0.000802952408,-0.0597562894,
115.84,object_red_01,RED,-0.251637109,0.210570233,0.0119470396,-1.56395749e-18,1.32414368e-17,-2.59771282e-16,-1.057281e-15,2.35401274e-17,-6.9679869e-19,0,0,0,0.000191651336,-0.000823938074,-0.0597562894,
115.88,object_red_01,RED,-0.251637109,0.210570233,0.0119470396,3.80819668e-18,6.37393178e-18,-2.59771282e-16,-9.84394271e-16,-3.7032704e-16,1.35586234e-19,0,0,0,0.000173831306,-0.000845560156,-0.0597562894,
115.92,object_red_01,RED,-0.251637109,0.210570233,0.0119470396,5.46582524e-18,1.19414726e-17,-2.59771282e-16,-8.93285858e-16,4.7622987e-17,-6.28221812e-19,0,0,0,0.000155476945,-0.000867826794,-0.0597562894,
115.96,object_red_01,RED,-0.251637109,0.210570233,0.0119470396,1.89310202e-18,1.24572761e-17,-2.52633677e-16,-1.2445245e-15,7.79990032e-17,-5.47842385e-19,0,0,0,0.000136581357,-0.000890746134,-0.0597562894,
116,object_red_01,RED,-0.251637109,0.210570233,0.0119470396,-4.40545086e-18,1.18090366e-17,-2.59771282e-16,-1.06230767e-15,-5.85119051e-16,1.88470361e-18,0,0,0,0.000117137753,-0.000914326199,-0.0597562894,
116.04,object_red_01,RED,-0.251637109,0.210570233,0.0119470396,-6.85617083e-18,1.42399347e-17,-2.52633677e-16,-4.23920447e-16,1.22055732e-17,1.94137619e-18,0,0,0,9.71393798e-05,-0.000938574958,-0.0597562894,
116.08,object_red_01,RED,-0.251637109,0.210570233,0.0119470396,-3.77093418e-18,1.37241313e-17,-2.52633677e-16,-1.12702606e-15,-2.47541763e-16,-5.74805104e-19,0,0,0,7.65795161e-05,-0.000963500335,-0.0597562894,
116.12,object_red_01,RED,-0.251637109,0.210570233,0.0119470396,-4.52895617e-18,1.31647633e-17,-2.59771282e-16,-6.19332285e-16,2.29628732e-16,-1.59379239e-18,0,0,0,5.54515073e-05,-0.000989110169,-0.0597562894,
116.16,object_red_01,RED,-0.251637109,0.210570233,0.0119470396,-5.71325663e-18,1.31543078e-17,-2.59771282e-16,-1.62403816e-15,1.07275435e-16,-6.87743286e-19,0,0,0,3.37487483e-05,-0.00101541223,-0.0597562894,
116.2,object_red_01,RED,-0.251637109,0.210570233,0.0119470396,-5.06109633e-18,1.18299476e-17,-2.52633677e-16,-1.12451273e-15,2.31719906e-16,-5.33190945e-19,0,0,0,1.14646453e-05,-0.00104241427,-0.0597562894,
116.24,object_red_01,RED,-0.251637109,0.210570233,0.0119470396,1.10001062e-18,1.41510632e-17,-2.59771282e-16,-6.0236727e-16,4.81727792e-17,7.43350758e-20,0,0,0,-1.14072944e-05,-0.00107012392,-0.0597562894,
116.28,object_red_01,RED,-0.251637109,0.210570233,0.0119470396,5.24299291e-18,1.6388535e-17,-2.63340084e-16,-9.39154231e-16,-3.26132587e-16,1.47273361e-18,0,0,0,-3.48735198e-05,-0.00109854875,-0.0597562894,
116.32,object_red_01,RED,-0.251637109,0.210570233,0.0119470396,4.16237592e-18,1.35603288e-17,-2.59771282e-16,-9.32242559e-16,-3.90530026e-18,1.36956305e-18,0,0,0,-5.89404834e-05,-0.0011276963,-0.0597562894,
116.36,object_red_01,RED,-0.251637109,0.210570233,0.0119470396,-2.35683107e-18,1.03365571e-17,-2.5620248e-16,-1.13205273e-15,-5.16144956e-17,1.6011372e-18,0,0,0,-8.36145361e-05,-0.00115757403,-0.0597562894,
116.4,object_red_01,RED,-0.251637109,0.210570233,0.0119470396,-1.23221395e-18,1.50572044e-17,-2.59771282e-16,-1.03151931e-15,9.36334417e-18,1.49817013e-18,0,0,0,-0.000108901989,-0.0011881893,-0.0597562894,
116.44,object_red_01,RED,-0.251637109,0.210570233,0.0119470396,-3.47273529e-18,1.287201e-17,-2.5620248e-16,-5.96712265e-16,3.58171824e-17,1.18072227e-18,0,0,0,-0.000134809128,-0.00121954948,-0.0597562894,
116.48,object_red_01,RED,-0.251637109,0.210570233,0.0119470396,8.38987331e-18,8.25766e-18,-2.59771282e-16,-9.6491592e-16,1.70280633e-16,9.56779085e-19,0,0,0,-0.000161342147,-0.00125166178,-0.0597562894,
116.52,object_red_01,RED,-0.251637109,0.210570233,0.0119470396,-3.45400256e-18,1.06205975e-17,-2.52633677e-16,-6.13048946e-16,-6.80886246e-17,1.53188311e-19,0,0,0,-0.000188507219,-0.0012845334,-0.0597562894,
116.56,object_red_01,RED,-0.251637109,0.210570233,0.0119470396,-3.77267675e-18,1.22586221e-17,-2.52633677e-16,-9.51092575e-16,2.05506602e-16,8.72126322e-19,0,0,0,-0.000216310485,-0.0013181715,-0.0597562894,
116.6,object_red_01,RED,-0.251637109,0.210570233,0.0119470396,-4.52198585e-18,1.38147454e-17,-2.63340084e-16,-1.31552623e-15,-3.67366998e-16,2.3794282e-19,0,0,0,-0.000244757981,-0.0013525831,-0.0597562894,
116.64,object_red_01,RED,-0.251637109,0.210570233,0.0119470396,-3.52958694e-18,1.32606052e-17,-2.59771282e-16,-1.24833519e-16,2.30330699e-16,8.29189464e-19,0,0,0,-0.000273855718,-0.00138777519,-0.0597562894,
116.68,object_red_01,RED,-0.251637109,0.210570233,0.0119470396,-3.1307541e-18,1.27482869e-17,-2.49064875e-16,-1.2986019e-16,6.75382258e-17,1.14755304e-18,0,0,0,-0.000303609684,-0.00142375471,-0.0597562894,
116.72,object_red_01,RED,-0.251637109,0.210570233,0.0119470396,-2.44635608e-18,1.28615545e-17,-2.5620248e-16,-1.061051e-15,1.76136902e-16,2.44685086e-18,0,0,0,-0.000334025774,-0.00146052852,-0.0597562894,
116.76,object_red_01,RED,-0.251637109,0.210570233,0.0119470396,-2.15534534e-18,1.287201e-17,-2.49064875e-16,-7.08555696e-16,8.6363698e-17,5.30055901e-19,0,0,0,-0.000365109846,-0.00149810339,-0.0597562894,
116.8,object_red_01,RED,-0.251637109,0.210570233,0.0119470396,-4.37778742e-18,1.45640545e-17,-2.52633677e-16,-6.94732351e-16,6.11763452e-17,-8.44906014e-20,0,0,0,-0.000396867725,-0.00153648606,-0.0597562894,
116.84,object_red_01,RED,-0.251637109,0.210570233,0.0119470396,-1.56613571e-18,1.51600166e-17,-2.59771282e-16,-1.1314244e-15,3.70935132e-16,1.71417713e-18,0,0,0,-0.000429305131,-0.00157568317,-0.0597562894,
116.88,object_red_01,RED,-0.251637109,0.210570233,0.0119470396,6.62623214e-19,1.48167285e-17,-2.5620248e-16,-1.46067135e-15,-2.19797171e-17,2.29372297e-18,0,0,0,-0.000462427786,-0.0016157013,-0.0597562894,
116.92,object_red_01,RED,-0.251637109,0.210570233,0.0119470396,3.45292832e-18,1.46790647e-17,-2.5620248e-16,-7.66362413e-16,-5.65086275e-17,-2.15685536e-18,0,0,0,-0.000496241354,-0.00165654701,-0.0597562894,
116.96,object_red_01,RED,-0.251637109,0.210570233,0.0119470396,-1.42956106e-18,1.36735965e-17,-2.52633677e-16,-9.49207573e-16,-2.13317478e-17,1.49511775e-18,0,0,0,-0.000530751405,-0.00169822672,-0.0597562894,
117,object_red_01,RED,-0.251637109,0.210570233,0.0119470396,-2.69009936e-18,1.52802546e-17,-2.59771282e-16,-6.47607309e-16,1.12135205e-16,2.43844095e-19,0,0,0,-0.000565963473,-0.0017407468,-0.0597562894,
117.04,object_red_01,RED,-0.251637109,0.210570233,0.0119470396,5.52441947e-18,5.44165185e-18,-2.52633677e-16,-1.30924289e-15,2.08005211e-16,5.55492428e-19,0,0,0,-0.000601883079,-0.0017841136,-0.0597562894,
117.08,object_red_01,RED,-0.251637109,0.210570233,0.0119470396,2.12726112e-18,5.67690006e-18,-2.5620248e-16,-1.26902952e-15,2.08923167e-16,2.52356743e-18,0,0,0,-0.000638515623,-0.00182833335,-0.0597562894,
117.12,object_red_01,RED,-0.251637109,0.210570233,0.0119470396,-1.80269085e-18,2.55419795e-18,-2.5620248e-16,-6.57032318e-16,-5.21784959e-16,1.68955457e-18,0,0,0,-0.0006758665,-0.00187341224,-0.0597562894,
117.16,object_red_01,RED,-0.251637109,0.210570233,0.0119470396,6.3109762e-18,5.24996813e-18,-2.59771282e-16,-8.3862081e-16,-1.49993204e-17,1.49830689e-19,0,0,0,-0.000713941041,-0.00191935639,-0.0597562894,
117.2,object_red_01,RED,-0.251637109,0.210570233,0.0119470396,2.43918281e-18,2.72497072e-18,-2.5620248e-16,-7.66362413e-16,-1.59000683e-16,2.36209635e-18,0,0,0,-0.000752744473,-0.00196617182,-0.0597562894,
117.24,object_red_01,RED,-0.251637109,0.210570233,0.0119470396,2.05690448e-18,1.13873324e-17,-2.52633677e-16,-9.66800922e-16,-3.41193241e-17,-6.93848052e-19,0,0,0,-0.00079228204,-0.00201386452,-0.0597562894,
117.28,object_red_01,RED,-0.251637109,0.210570233,0.0119470396,3.52110674e-18,1.39349834e-17,-2.52633677e-16,-8.09089117e-16,1.21211684e-16,1.26632576e-19,0,0,0,-0.000832558904,-0.00206244042,-0.0597562894,
117.32,object_red_01,RED,-0.251637109,0.210570233,0.0119470396,6.95856223e-18,4.33162884e-18,-2.52633677e-16,-8.33594139e-16,4.08851155e-16,1.41443309e-18,0,0,0,-0.000873580136,-0.00211190534,-0.0597562894,
117.36,object_red_01,RED,-0.251637109,0.210570233,0.0119470396,2.04666683e-18,9.3188908e-18,-2.5620248e-16,8.94283353e-17,-1.36905911e-16,-6.52132147e-19,0,0,0,-0.000915350779,-0.00216226505,-0.0597562894,
117.4,object_red_01,RED,-0.251637109,0.210570233,0.0119470396,5.46088224e-19,1.25635735e-17,-2.5620248e-16,4.23032941e-17,-1.09013778e-16,2.04363103e-18,0,0,0,-0.000957875839,-0.00221352528,-0.0597562894,
117.44,object_red_01,RED,-0.251637109,0.210570233,0.0119470396,1.73670553e-18,1.4201598e-17,-2.59771282e-16,-8.59984162e-16,-3.86452916e-17,-1.17761579e-19,0,0,0,-0.00100116021,-0.00226569164,-0.0597562894,
117.48,object_red_01,RED,-0.251637109,0.210570233,0.0119470396,2.0843501e-18,1.37729235e-17,-2.49064875e-16,-1.19802779e-15,-8.65164793e-17,1.70064489e-18,0,0,0,-0.00104520878,-0.00231876972,-0.0597562894,
117.52,object_red_01,RED,-0.251637109,0.210570233,0.0119470396,3.73762222e-18,1.7991708e-17,-2.63340084e-16,-8.82604182e-16,-1.44578457e-16,2.42826633e-19,0,0,0,-0.00109002635,-0.00237276503,-0.0597562894,
117.56,object_red_01,RED,-0.251637109,0.210570233,0.0119470396,1.52345739e-18,1.37241313e-17,-2.59771282e-16,-8.13487455e-16,-1.01940113e-16,-1.23544259e-18,0,0,0,-0.00113561765,-0.00242768297,-0.0597562894,
117.6,object_red_01,RED,-0.251637109,0.210570233,0.0119470396,7.50290044e-18,1.8849057e-17,-2.63340084e-16,-7.78300757e-16,2.74800048e-16,-3.79656066e-19,0,0,0,-0.00118198738,-0.00248352894,-0.0597562894,
117.64,object_red_01,RED,-0.251637109,0.210570233,0.0119470396,-2.94488467e-19,1.82705207e-17,-2.59771282e-16,-5.44560553e-16,-1.5579029e-16,2.2785628e-18,0,0,0,-0.00122914019,-0.00254030826,-0.0597562894,
117.68,object_red_01,RED,-0.251637109,0.210570233,0.0119470396,5.92695529e-18,1.69618436e-17,-2.59771282e-16,-1.48643304e-15,3.23638281e-16,1.29233775e-18,0,0,0,-0.0012770806,-0.00259802612,-0.0597562894,
117.72,object_red_01,RED,-0.251637109,0.210570233,0.0119470396,-5.56252352e-18,1.12270151e-17,-2.5620248e-16,-1.08744103e-15,-7.0606869e-17,4.52220127e-19,0,0,0,-0.00132581313,-0.00265668771,-0.0597562894,
117.76,object_red_01,RED,-0.251637109,0.210570233,0.0119470396,-5.79210834e-18,1.61532868e-17,-2.59771282e-16,-9.74969263e-16,9.13753668e-18,1.1408378e-18,0,0,0,-0.00137534224,-0.00271629813,-0.0597562894,
117.8,object_red_01,RED,-0.251637109,0.210570233,0.0119470396,5.13865597e-18,1.11991339e-17,-2.59771282e-16,-8.71922506e-16,-3.47545028e-16,-5.84877969e-19,0,0,0,-0.00142567227,-0.00277686239,-0.0597562894,
117.84,object_red_01,RED,-0.251637109,0.210570233,0.0119470396,-3.61976542e-18,9.47223778e-18,-2.49064875e-16,-6.88449012e-16,1.3705257e-16,-7.21828233e-19,0,0,0,-0.00147680757,-0.0028383855,-0.0597562894,
117.88,object_red_01,RED,-0.251637109,0.210570233,0.0119470396,-1.01460936e-18,1.15581052e-17,-2.52633677e-16,-1.7195856e-16,-7.15051901e-17,2.25465246e-18,0,0,0,-0.00152875238,-0.00290087234,-0.0597562894,
117.92,object_red_01,RED,-0.251637109,0.210570233,0.0119470396,1.31478352e-18,8.78217637e-18,-2.5620248e-16,-8.99569197e-16,1.44538304e-17,2.28619375e-18,0,0,0,-0.00158151086,-0.00296432772,-0.0597562894,
117.96,object_red_01,RED,-0.251637109,0.210570233,0.0119470396,1.77003236e-18,1.19554133e-17,-2.52633677e-16,-4.06327098e-16,-4.12028068e-17,2.70569296e-18,0,0,0,-0.00163508715,-0.00302875644,-0.0597562894,
118,object_red_01,RED,-0.251637109,0.210570233,0.0119470396,1.03145521e-17,8.28379869e-18,-2.59771282e-16,-1.18734612e-15,4.22870579e-17,3.63802758e-19,0,0,0,-0.00168948533,-0.00309416321,-0.0597562894,
118.04,object_red_01,RED,-0.251637109,0.210570233,0.0119470396,2.07890454e-18,1.00333483e-17,-2.49064875e-16,-4.90523839e-16,-4.92484259e-17,7.25510178e-19,0,0,0,-0.00174470933,-0.00316055263,-0.0597562894,
118.08,object_red_01,RED,-0.251637109,0.210570233,0.0119470396,-1.10761953e-18,1.49003723e-17,-2.59771282e-16,-6.23102288e-16,-1.04227641e-16,5.28936694e-19,0,0,0,-0.00180076312,-0.0032279293,-0.0597562894,
118.12,object_red_01,RED,-0.251637109,0.210570233,0.0119470396,4.28675252e-18,1.41092413e-17,-2.59771282e-16,-9.53605911e-16,-1.31761428e-16,-1.28387374e-18,0,0,0,-0.00185765052,-0.00329629773,-0.0597562894,
118.16,object_red_01,RED,-0.251637109,0.210570233,0.0119470396,-4.67511501e-18,1.37363293e-17,-2.52633677e-16,-9.01454198e-16,3.92926542e-17,-8.74447397e-19,0,0,0,-0.00191537531,-0.00336566234,-0.0597562894,
118.2,object_red_01,RED,-0.251637109,0.210570233,0.0119470396,4.00365029e-19,1.29086042e-17,-2.5620248e-16,-1.19677112e-15,4.97976113e-17,9.49148127e-19,0,0,0,-0.00197394123,-0.00343602753,-0.0597562894,
118.24,object_red_01,RED,-0.251637109,0.210570233,0.0119470396,-7.42113526e-19,1.05195279e-17,-2.5620248e-16,-1.04848433e-15,1.14545179e-17,-3.41908259e-19,0,0,0,-0.00203335193,-0.00350739763,-0.0597562894,
118.28,object_red_01,RED,-0.251637109,0.210570233,0.0119470396,3.21571971e-18,1.49456794e-17,-2.5620248e-16,-1.26840119e-15,3.22685962e-16,-1.02397917e-19,0,0,0,-0.00209361091,-0.00357977683,-0.0597562894,
118.32,object_red_01,RED,-0.251637109,0.210570233,0.0119470396,-5.13559159e-18,1.18926804e-17,-2.52633677e-16,-3.44122044e-16,7.79106437e-17,7.13097152e-19,0,0,0,-0.00215472174,-0.00365316939,-0.0597562894,
118.36,object_red_01,RED,-0.251637109,0.210570233,0.0119470396,-4.4758075e-18,1.13472531e-17,-2.49064875e-16,1.33999355e-17,-1.57439666e-16,1.38492671e-18,0,0,0,-0.00221668783,-0.0037275794,-0.0597562894,
118.4,object_red_01,RED,-0.251637109,0.210570233,0.0119470396,-4.11792528e-18,1.24520484e-17,-2.52633677e-16,-4.39628794e-16,-1.26857478e-16,-1.25273943e-18,0,0,0,-0.00227951251,-0.00380301092,-0.0597562894,
118.44,object_red_01,RED,-0.251637109,0.210570233,0.0119470396,-2.82536708e-18,1.42521328e-17,-2.5620248e-16,-1.00198762e-15,-1.98605353e-16,1.06534218e-18,0,0,0,-0.00234319908,-0.00387946797,-0.0597562894,
118.48,object_red_01,RED,-0.251637109,0.210570233,0.0119470396,-4.05933105e-18,1.21035325e-17,-2.52633677e-16,-4.48425469e-16,1.98020593e-16,9.32360019e-19,0,0,0,-0.00240775073,-0.00395695447,-0.0597562894,
118.52,object_red_01,RED,-0.251637109,0.210570233,0.0119470396,-1.80181956e-18,1.46163319e-17,-2.59771282e-16,-1.18860278e-15,1.21398221e-16,-3.34140544e-20,0,0,0,-0.00247317059,-0.0040354743,-0.0597562894,
118.56,object_red_01,RED,-0.251637109,0.210570233,0.0119470396,1.92250805e-18,1.45274603e-17,-2.45496072e-16,-9.20932549e-16,2.09369873e-16,-8.34461176e-19,0,0,0,-0.00253946172,-0.00411503131,-0.0597562894,
118.6,object_red_01,RED,-0.251637109,0.210570233,0.0119470396,-1.19017423e-18,1.17131948e-17,-2.52633677e-16,-8.31080803e-16,2.73970451e-16,-1.41773661e-19,0,0,0,-0.00260662709,-0.00419562924,-0.0597562894,
118.64,object_red_01,RED,-0.251637109,0.210570233,0.0119470396,3.45031445e-18,1.25914547e-17,-2.52633677e-16,-1.26148951e-15,7.88678711e-17,-6.33614355e-19,0,0,0,-0.00267466954,-0.00427727175,-0.0597562894,
118.68,object_red_01,RED,-0.251637109,0.210570233,0.0119470396,6.01386643e-18,1.6487862e-17,-2.5620248e-16,-8.30452469e-16,2.99491606e-16,-1.62224629e-19,0,0,0,-0.00274359196,-0.00435996254,-0.0597562894,
118.72,object_red_01,RED,-0.251637109,0.210570233,0.0119470396,1.02627104e-17,8.58526491e-18,-2.59771282e-16,-6.87820678e-16,3.90521201e-17,-1.1606592e-18,0,0,0,-0.00281339703,-0.00444370517,-0.0597562894,
118.76,object_red_01,RED,-0.251637109,0.210570233,0.0119470396,2.89835246e-18,6.75381407e-18,-2.52633677e-16,-1.02523597e-15,-1.87314979e-16,2.26248691e-18,0,0,0,-0.00288408741,-0.00452850315,-0.0597562894,
118.8,object_red_01,RED,-0.251637109,0.210570233,0.0119470396,2.48542808e-19,1.1828205e-17,-2.5620248e-16,-9.4543757e-16,1.03475979e-16,9.0590603e-19,0,0,0,-0.00295566567,-0.00461435997,-0.0597562894,
118.84,object_red_01,RED,-0.251637109,0.210570233,0.0119470396,5.84244019e-18,1.54545125e-17,-2.5620248e-16,-5.86030589e-16,-7.97864343e-17,3.2822663e-20,0,0,0,-0.00302813428,-0.00470127902,-0.0597562894,
118.88,object_red_01,RED,-0.251637109,0.210570233,0.0119470396,4.83631847e-18,1.36352597e-17,-2.59771282e-16,-8.05947448e-16,3.31875345e-16,-4.27746965e-20,0,0,0,-0.00310149563,-0.00478926366,-0.0597562894,
118.92,object_red_01,RED,-0.251637109,0.210570233,0.0119470396,-2.76590156e-18,1.67387935e-17,-2.5620248e-16,-3.00138672e-16,-4.65396902e-16,-3.64597641e-19,0,0,0,-0.00317575207,-0.00487831722,-0.0597562894,
118.96,object_red_01,RED,-0.251637109,0.210570233,0.0119470396,-5.4087409e-18,1.17236502e-17,-2.52633677e-16,2.5845015e-16,1.14844895e-16,2.69968994e-18,0,0,0,-0.00325090579,-0.00496844292,-0.0597562894,
119,object_red_01,RED,-0.251637109,0.210570233,0.0119470396,-3.52849783e-18,1.29730796e-17,-2.52633677e-16,-3.40352041e-16,3.42257581e-16,7.00887619e-19,0,0,0,-0.00332695888,-0.00505964392,-0.0597562894,
119.04,object_red_01,RED,-0.251637109,0.210570233,0.0119470396,-4.29044063e-18,1.22917311e-17,-2.52633677e-16,-6.60173987e-16,4.12066457e-16,1.96162366e-18,0,0,0,-0.00340391345,-0.00515192341,-0.0597562894,
119.08,object_red_01,RED,-0.251637109,0.210570233,0.0119470396,8.25772202e-19,4.46406486e-18,-2.5620248e-16,-4.8109883e-16,-1.09200314e-16,3.770466e-18,0,0,0,-0.00348177143,-0.00524528446,-0.0597562894,
119.12,object_red_01,RED,-0.251637109,0.210570233,0.0119470396,1.03561562e-17,7.51183606e-18,-2.5620248e-16,-8.60612496e-16,2.42833561e-16,1.91543093e-18,0,0,0,-0.00356053466,-0.0053397301,-0.0597562894,
119.16,object_red_01,RED,-0.251637109,0.210570233,0.0119470396,5.15368572e-18,9.14114771e-18,-2.59771282e-16,-1.71765991e-15,-2.08506797e-17,1.25001137e-18,0,0,0,-0.00364020494,-0.00543526333,-0.0597562894,
119.2,object_red_01,RED,-0.251637109,0.210570233,0.0119470396,-6.00818818e-18,1.11817081e-17,-2.59771282e-16,-5.86030589e-16,-1.8133108e-16,1.76036986e-18,0,0,0,-0.00372078389,-0.00553188705,-0.0597562894,
119.24,object_red_01,RED,-0.251637109,0.210570233,0.0119470396,-4.72216465e-18,1.33250806e-17,-2.5620248e-16,-5.50215558e-16,1.4565289e-16,2.34585199e-19,0,0,0,-0.00380227311,-0.00562960417,-0.0597562894,
119.28,object_red_01,RED,-0.251637109,0.210570233,0.0119470396,6.56088542e-19,1.66795458e-17,-2.5620248e-16,-8.94542526e-16,9.85818467e-17,5.77469588e-19,0,0,0,-0.00388467411,-0.00572841755,-0.0597562894,
119.32,object_red_01,RED,-0.251637109,0.210570233,0.0119470396,3.291371e-19,1.17044819e-17,-2.5620248e-16,-7.38715723e-16,3.36146052e-16,3.32973687e-19,0,0,0,-0.00396798821,-0.00582832995,-0.0597562894,
119.36,object_red_01,RED,-0.251637109,0.210570233,0.0119470396,-7.39767735e-18,1.58465929e-17,-2.5620248e-16,-9.73084261e-16,-2.85884857e-16,1.91339601e-18,0,0,0,-0.00405221669,-0.0059293441,-0.0597562894,
119.4,object_red_01,RED,-0.251637109,0.210570233,0.0119470396,1.105674e-18,1.31665059e-17,-2.52633677e-16,-1.26337451e-15,1.26493616e-16,1.72520072e-19,0,0,0,-0.00413736077,-0.00603146275,-0.0597562894,
119.44,object_red_01,RED,-0.251637109,0.210570233,0.0119470396,1.25466453e-18,1.09952521e-17,-2.63340084e-16,-8.48674152e-16,-1.06068463e-16,-2.93375365e-19,0,0,0,-0.00422342149,-0.00613468852,-0.0597562894,
119.48,object_red_01,RED,-0.251637109,0.210570233,0.0119470396,1.3496351e-18,1.22777905e-17,-2.5620248e-16,-1.00638596e-15,-2.757677e-16,1.18316418e-18,0,0,0,-0.00431039981,-0.00623902402,-0.0597562894,
119.52,object_red_01,RED,-0.251637109,0.210570233,0.0119470396,7.55844516e-18,8.77520606e-18,-2.5620248e-16,-1.21813448e-15,2.42057962e-16,1.77359685e-18,0,0,0,-0.00439829663,-0.00634447186,-0.0597562894,
119.56,object_red_01,RED,-0.251637109,0.210570233,0.0119470396,6.87208674e-18,9.2265341e-18,-2.5620248e-16,-1.78928997e-15,-4.03427473e-16,-7.58421821e-20,0,0,0,-0.00448711264,-0.00645103452,-0.0597562894,
119.6,object_red_01,RED,-0.251637109,0.210570233,0.0119470396,-1.49447214e-18,1.03870919e-17,-2.52633677e-16,-1.03277598e-15,-1.76711845e-16,-1.32854028e-18,0,0,0,-0.00457684853,-0.0065587145,-0.0597562894,
119.64,object_red_01,RED,-0.251637109,0.210570233,0.0119470396,3.6694438e-18,1.19223043e-17,-2.5620248e-16,-4.90523839e-16,1.45873789e-16,-9.77719698e-19,0,0,0,-0.00466750483,-0.00666751429,-0.0597562894,
119.68,object_red_01,RED,-0.251637109,0.210570233,0.0119470396,2.59514366e-18,1.06484788e-17,-2.59771282e-16,-1.43113966e-15,2.05555415e-17,8.37430898e-19,0,0,0,-0.00475908195,-0.00677743627,-0.0597562894,
119.72,object_red_01,RED,-0.251637109,0.210570233,0.0119470396,6.00950998e-18,9.81204074e-18,-2.49064875e-16,-7.90867435e-16,6.49905282e-17,2.60618527e-18,0,0,0,-0.00485158017,-0.0068884828,-0.0597562894,
119.76,object_red_01,RED,-0.251637109,0.210570233,0.0119470396,-9.1942097e-19,1.29504261e-17,-2.5620248e-16,-6.54518982e-16,-6.19672781e-17,-8.41853631e-20,0,0,0,-0.00494499973,-0.00700065627,-0.0597562894,
119.8,object_red_01,RED,-0.251637109,0.210570233,0.0119470396,7.85947573e-18,5.7657716e-18,-2.5620248e-16,-9.48579239e-16,3.29911802e-16,-5.01039174e-19,0,0,0,-0.00503934067,-0.00711395894,-0.0597562894,
119.84,object_red_01,RED,-0.251637109,0.210570233,0.0119470396,4.38934687e-18,4.91887806e-18,-2.52633677e-16,-7.56309071e-16,-3.18474768e-16,-7.28136491e-19,0,0,0,-0.00513460287,-0.00722839302,-0.0597562894,
119.88,object_red_01,RED,-0.251637109,0.210570233,0.0119470396,9.2945567e-19,1.03644384e-17,-2.52633677e-16,-3.2401536e-16,1.00771198e-16,2.13520253e-18,0,0,0,-0.00523078698,-0.00734396013,-0.0597562894,
119.92,object_red_01,RED,-0.251637109,0.210570233,0.0119470396,-5.86806145e-19,1.29155745e-17,-2.63340084e-16,-4.06327098e-16,-3.50048546e-16,1.85133088e-18,0,0,0,-0.005327897,-0.00746065792,-0.0597562894,
119.96,object_red_01,RED,-0.251637109,0.210570233,0.0119470396,3.42134407e-18,1.88647402e-17,-2.5620248e-16,-1.20493946e-15,-2.12129258e-16,1.24258391e-18,0,0,0,-0.00542593906,-0.00757848344,-0.0597562894,
120,object_red_01,RED,-0.251637109,0.210570233,0.0119470396,-6.56211057e-18,1.44838959e-17,-2.59771282e-16,-1.06419267e-15,9.42276892e-17,-1.61200495e-18,0,0,0,-0.00552491734,-0.00769743531,-0.0597562894,
120.04,object_red_01,RED,-0.251637109,0.210570233,0.0119470396,-4.74503601e-18,1.17985811e-17,-2.49064875e-16,-1.66864987e-15,1.77908999e-16,1.78773956e-18,0,0,0,-0.00562483365,-0.00781751361,-0.0597562894,
120.08,object_red_01,RED,-0.251637109,0.210570233,0.0119470396,6.86214948e-20,1.38565673e-17,-2.52633677e-16,-9.6805759e-16,2.35642084e-16,-2.5583105e-19,0,0,0,-0.00572568852,-0.00793871919,-0.0597562894,
120.12,object_red_01,RED,-0.251637109,0.210570233,0.0119470396,-4.4914238e-19,1.53429874e-17,-2.52633677e-16,-8.6124083e-16,-2.84873632e-16,1.91241356e-19,0,0,0,-0.00582748211,-0.00806105307,-0.0597562894,
120.16,object_red_01,RED,-0.251637109,0.210570233,0.0119470396,1.02372252e-17,7.49963801e-18,-2.59771282e-16,-5.0686052e-16,-3.98945685e-16,2.01924697e-19,0,0,0,-0.00593021461,-0.00818451605,-0.0597562894,
120.2,object_red_01,RED,-0.251637109,0.210570233,0.0119470396,8.34674447e-18,6.95072553e-18,-2.52633677e-16,-1.31049956e-15,-4.53213391e-17,5.32294315e-19,0,0,0,-0.0060338864,-0.0083091088,-0.0597562894,
120.24,object_red_01,RED,-0.251637109,0.210570233,0.0119470396,-4.28013606e-19,1.35899527e-17,-2.5620248e-16,-8.35479141e-16,-5.34655986e-16,-7.34749988e-19,0,0,0,-0.0061384979,-0.00843483179,-0.0597562894,
120.28,object_red_01,RED,-0.251637109,0.210570233,0.0119470396,-3.88180578e-18,1.02389727e-17,-2.5620248e-16,-8.71294172e-16,7.31932307e-17,2.37746001e-18,0,0,0,-0.00624404947,-0.00856168536,-0.0597562894,
120.32,object_red_01,RED,-0.251637109,0.210570233,0.0119470396,1.61320022e-18,1.3244922e-17,-2.59771282e-16,-9.74969263e-16,-7.89568373e-17,4.66871567e-19,0,0,0,-0.00635054148,-0.00868966984,-0.0597562894,
120.36,object_red_01,RED,-0.251637109,0.210570233,0.0119470396,-1.65217557e-18,1.43078953e-17,-2.52633677e-16,-1.44559134e-15,3.63326126e-17,6.45639482e-19,0,0,0,-0.00645797421,-0.00881878548,-0.0597562894,
120.4,object_red_01,RED,-0.251637109,0.210570233,0.0119470396,-4.02186559e-18,1.16713729e-17,-2.49064875e-16,-1.26525952e-15,1.58725181e-16,-5.41635872e-19,0,0,0,-0.00656634779,-0.00894903236,-0.0597562894,
120.44,object_red_01,RED,-0.251637109,0.210570233,0.0119470396,-5.22664136e-18,1.32693181e-17,-2.5620248e-16,-7.33060718e-16,2.05158073e-16,1.22426961e-18,0,0,0,-0.00667566234,-0.00908041059,-0.0597562894,
120.48,object_red_01,RED,-0.251637109,0.210570233,0.0119470396,-6.29157514e-18,1.16556896e-17,-2.52633677e-16,-1.04157265e-15,7.82542638e-17,1.51180411e-18,0,0,0,-0.00678591792,-0.00921292015,-0.0597562894,
120.52,object_red_01,RED,-0.251637109,0.210570233,0.0119470396,-5.77533602e-18,1.17898682e-17,-2.49064875e-16,-5.15657194e-16,-1.69658967e-19,-4.45791037e-19,0,0,0,-0.00689711448,-0.00934656091,-0.0597562894,
120.56,object_red_01,RED,-0.251637109,0.210570233,0.0119470396,-2.44984124e-18,1.55224731e-17,-2.5620248e-16,-9.54234244e-16,-9.28881776e-17,1.98278686e-18,0,0,0,-0.00700925198,-0.00948133272,-0.0597562894,
120.6,object_red_01,RED,-0.251637109,0.210570233,0.0119470396,-2.28799919e-18,1.48446098e-17,-2.59771282e-16,-8.66267501e-16,1.9428986e-16,-5.44754991e-20,0,0,0,-0.00712233026,-0.0096172353,-0.0597562894,
120.64,object_red_01,RED,-0.251637109,0.210570233,0.0119470396,2.98940223e-18,1.7705925e-17,-2.5620248e-16,-1.12639773e-15,2.93792421e-16,1.09261014e-18,0,0,0,-0.00723634906,-0.00975426825,-0.0597562894,
120.68,object_red_01,RED,-0.251637109,0.210570233,0.0119470396,1.37185299e-18,1.56287705e-17,-2.5620248e-16,-7.66990747e-16,-7.5255558e-17,-3.07491051e-18,0,0,0,-0.00735130817,-0.00989243118,-0.0597562894,
120.72,object_red_01,RED,-0.251637109,0.210570233,0.0119470396,-2.72233708e-18,1.57559787e-17,-2.59771282e-16,-1.11445938e-15,-3.82471556e-16,6.19897716e-19,0,0,0,-0.00746720725,-0.0100317236,-0.0597562894,
120.76,object_red_01,RED,-0.251637109,0.210570233,0.0119470396,-3.93582574e-18,1.55242157e-17,-2.5620248e-16,-2.82545323e-16,1.18443088e-16,1.4246077e-18,0,0,0,-0.00758404584,-0.0101721448,-0.0597562894,
120.8,object_red_01,RED,-0.251637109,0.210570233,0.0119470396,-2.42871247e-18,1.5518988e-17,-2.5620248e-16,-1.25080784e-15,7.34877622e-17,7.72720373e-19,0,0,0,-0.00770182352,-0.0103136941,-0.0597562894,
120.84,object_red_01,RED,-0.251637109,0.210570233,0.0119470396,-4.22836124e-18,1.49038575e-17,-2.5620248e-16,-8.37364142e-16,1.55298797e-16,-1.3005601e-18,0,0,0,-0.00782053975,-0.0104563708,-0.0597562894,
120.88,object_red_01,RED,-0.251637109,0.210570233,0.0119470396,2.12726112e-18,1.53604132e-17,-2.59771282e-16,-1.80311332e-15,-1.9788866e-16,7.74755295e-19,0,0,0,-0.00794019392,-0.010600174,-0.0597562894,
120.92,object_red_01,RED,-0.251637109,0.210570233,0.0119470396,2.68357956e-18,1.31107434e-17,-2.5620248e-16,-9.89420942e-16,3.52330283e-17,3.03779227e-18,0,0,0,-0.00806078541,-0.0107451028,-0.0597562894,
120.96,object_red_01,RED,-0.251637109,0.210570233,0.0119470396,3.5245919e-18,1.3464487e-17,-2.5620248e-16,-7.87097432e-16,-1.85876683e-16,4.37059957e-19,0,0,0,-0.00818231348,-0.0108911561,-0.0597562894,
121,object_red_01,RED,-0.251637109,0.210570233,0.0119470396,3.28912587e-18,1.50833431e-17,-2.59771282e-16,-5.46445554e-16,-3.04337256e-16,-1.75248131e-19,0,0,0,-0.00830477729,-0.0110383327,-0.0597562894,
121.04,object_red_01,RED,-0.251637109,0.210570233,0.0119470396,8.27377396e-18,7.07619124e-18,-2.5620248e-16,-8.13487455e-16,1.62789715e-16,1.04916455e-18,0,0,0,-0.00842817608,-0.0111866315,-0.0597562894,
121.08,object_red_01,RED,-0.251637109,0.210570233,0.0119470396,2.85936225e-18,7.59722245e-18,-2.52633677e-16,-6.60802321e-16,-2.79061544e-16,2.9058057e-20,0,0,0,-0.00855250891,-0.0113360512,-0.0597562894,
121.12,object_red_01,RED,-0.251637109,0.210570233,0.0119470396,-5.73503887e-18,1.2014661e-17,-2.52633677e-16,-1.03466098e-15,-6.11278633e-17,1.33873398e-18,0,0,0,-0.00867777477,-0.0114865904,-0.0597562894,
121.16,object_red_01,RED,-0.251637109,0.210570233,0.0119470396,-4.73610529e-18,1.27883662e-17,-2.5620248e-16,-4.07583766e-16,3.36867378e-17,-3.42010005e-19,0,0,0,-0.00880397266,-0.0116382476,-0.0597562894,
121.2,object_red_01,RED,-0.251637109,0.210570233,0.0119470396,-2.91031782e-18,1.18369179e-17,-2.49064875e-16,-1.02963431e-15,6.16760946e-16,1.80442592e-18,0,0,0,-0.00893110146,-0.0117910213,-0.0597562894,
121.24,object_red_01,RED,-0.251637109,0.210570233,0.0119470396,-9.22470483e-19,1.24677316e-17,-2.52633677e-16,-4.82355498e-16,2.62974608e-16,2.32811315e-18,0,0,0,-0.00905915999,-0.0119449099,-0.0597562894,
121.28,object_red_01,RED,-0.251637109,0.210570233,0.0119470396,-4.66030309e-18,1.23422659e-17,-2.52633677e-16,-1.16786776e-15,1.49575068e-16,2.00588322e-18,0,0,0,-0.00918814708,-0.0120999115,-0.0597562894,
121.32,object_red_01,RED,-0.251637109,0.210570233,0.0119470396,4.46689165e-18,1.5092056e-17,-2.5620248e-16,-8.37992476e-16,1.82587142e-16,-2.35074844e-19,0,0,0,-0.00931806141,-0.0122560245,-0.0597562894,
121.36,object_red_01,RED,-0.251637109,0.210570233,0.0119470396,2.03642917e-18,1.57978006e-17,-2.5620248e-16,-1.0962377e-15,-3.42582172e-16,4.16745746e-20,0,0,0,-0.00944890158,-0.0124132468,-0.0597562894,
121.4,object_red_01,RED,-0.251637109,0.210570233,0.0119470396,-3.42045791e-18,1.55555821e-17,-2.52633677e-16,-1.45313135e-15,2.15908473e-16,-1.14590602e-18,0,0,0,-0.00958066626,-0.0125715766,-0.0597562894,
121.44,object_red_01,RED,-0.251637109,0.210570233,0.0119470396,-3.66202297e-18,1.70542003e-17,-2.5620248e-16,-1.00135929e-15,-1.39291617e-16,-1.1580138e-18,0,0,0,-0.00971335392,-0.0127310117,-0.0597562894,
121.48,object_red_01,RED,-0.251637109,0.210570233,0.0119470396,-2.47162348e-18,1.34488037e-17,-2.52633677e-16,-9.23445884e-16,4.04879888e-16,1.48891124e-18,0,0,0,-0.00984696303,-0.0128915499,-0.0597562894,
121.52,object_red_01,RED,-0.251637109,0.210570233,0.0119470396,-3.69818149e-18,1.02982204e-17,-2.49064875e-16,-7.88354099e-16,1.57061078e-16,-8.07927306e-21,0,0,0,-0.00998149201,-0.013053189,-0.0597562894,
121.56,object_red_01,RED,-0.251637109,0.210570233,0.0119470396,-3.5496266e-18,9.58027769e-18,-2.52633677e-16,-6.00482268e-16,4.14967317e-17,-9.18163213e-20,0,0,0,-0.0101169392,-0.0132159267,-0.0597562894,
121.6,object_red_01,RED,-0.251637109,0.210570233,0.0119470396,-3.2259425e-18,1.67196251e-17,-2.49064875e-16,-1.30861455e-15,-8.27661114e-17,-2.87982821e-19,0,0,0,-0.0102533028,-0.0133797604,-0.0597562894,
121.64,object_red_01,RED,-0.251637109,0.210570233,0.0119470396,-6.07593095e-18,1.20965622e-17,-2.52633677e-16,-7.6573408e-16,-6.59532712e-17,3.38264484e-19,0,0,0,-0.0103905811,-0.0135446878,-0.0597562894,
121.68,object_red_01,RED,-0.251637109,0.210570233,0.0119470396,-5.03909626e-18,1.01100218e-17,-2.5620248e-16,-8.20399127e-16,-1.1992617e-16,2.61859829e-18,0,0,0,-0.0105287723,-0.0137107062,-0.0597562894,
121.72,object_red_01,RED,-0.251637109,0.210570233,0.0119470396,3.64482987e-18,1.26245637e-17,-2.52633677e-16,-1.15530109e-15,2.16526989e-16,1.24421184e-18,0,0,0,-0.0106678743,-0.0138778129,-0.0597562894,
121.76,object_red_01,RED,-0.251637109,0.210570233,0.0119470396,2.89552077e-18,9.2091083e-18,-2.5620248e-16,-1.04220099e-15,-1.766873e-16,1.10583714e-18,0,0,0,-0.0108078854,-0.0140460051,-0.0597562894,
121.8,object_red_01,RED,-0.251637109,0.210570233,0.0119470396,3.3302943e-18,1.26838114e-17,-2.5620248e-16,-8.97055861e-16,-3.47044324e-16,4.08367554e-19,0,0,0,-0.0109488032,-0.0142152797,-0.0597562894,
121.84,object_red_01,RED,-0.251637109,0.210570233,0.0119470396,-2.23942479e-18,1.39071021e-17,-2.52633677e-16,-7.84584096e-16,5.20174247e-16,3.89137539e-19,0,0,0,-0.0110906256,-0.014385635,-0.0597562894,
121.88,object_red_01,RED,-0.251637109,0.210570233,0.0119470396,-6.31895385e-19,1.31455949e-17,-2.52633677e-16,-9.82509269e-16,-4.20883373e-16,-1.25965817e-18,0,0,0,-0.0112333479,-0.0145570695,-0.0597562894,
121.92,object_red_01,RED,-0.251637109,0.210570233,0.0119470396,-4.55248099e-18,1.16887987e-17,-2.5620248e-16,-7.95265772e-16,3.00934534e-17,5.68210692e-19,0,0,0,-0.0113769657,-0.0147295818,-0.0597562894,
121.96,object_red_01,RED,-0.251637109,0.210570233,0.0119470396,-3.00594186e-18,1.4893402e-17,-2.59771282e-16,-5.95455597e-16,2.86401556e-18,-8.69360092e-19,0,0,0,-0.0115214756,-0.0149031696,-0.0597562894,
122,object_red_01,RED,-0.251637109,0.210570233,0.0119470396,2.91577825e-18,1.56200576e-17,-2.59771282e-16,-8.66267501e-16,-1.27996333e-16,-9.35291571e-19,0,0,0,-0.0116668748,-0.01507783,-0.0597562894,
122.04,object_red_01,RED,-0.251637109,0.210570233,0.0119470396,1.15207018e-18,1.42904695e-17,-2.63340084e-16,-8.7255084e-16,-1.33263538e-16,1.02291406e-18,0,0,0,-0.0118131609,-0.0152535596,-0.0597562894,
122.08,object_red_01,RED,-0.251637109,0.210570233,0.0119470396,1.3135435e-19,1.68851701e-17,-2.52633677e-16,-8.02805779e-16,-2.65252925e-16,1.36010066e-18,0,0,0,-0.0119603313,-0.0154303549,-0.0597562894,
122.12,object_red_01,RED,-0.251637109,0.210570233,0.0119470396,4.08395985e-18,9.95144709e-18,-2.52633677e-16,-1.09753506e-16,-7.48530316e-17,1.04153359e-18,0,0,0,-0.0121083837,-0.0156082125,-0.0597562894,
122.16,object_red_01,RED,-0.251637109,0.210570233,0.0119470396,1.06951548e-18,1.43636579e-17,-2.63340084e-16,-3.76795406e-16,1.85527548e-16,2.76097611e-19,0,0,0,-0.0122573152,-0.0157871288,-0.0597562894,
122.2,object_red_01,RED,-0.251637109,0.210570233,0.0119470396,6.26850083e-18,1.02320024e-17,-2.52633677e-16,-1.19928446e-15,6.6801897e-17,3.57216283e-18,0,0,0,-0.012407123,-0.0159671003,-0.0597562894,
122.24,object_red_01,RED,-0.251637109,0.210570233,0.0119470396,-5.61756568e-19,1.24781871e-17,-2.5620248e-16,-6.16818949e-16,-8.7360803e-17,1.04061788e-18,0,0,0,-0.0125578043,-0.0161481233,-0.0597562894,
122.28,object_red_01,RED,-0.251637109,0.210570233,0.0119470396,-8.78252534e-19,1.45361732e-17,-2.49064875e-16,-4.14495439e-16,-6.41173581e-17,2.13218516e-19,0,0,0,-0.0127093559,-0.0163301939,-0.0597562894,
122.32,object_red_01,RED,-0.251637109,0.210570233,0.0119470396,-4.01075665e-18,1.42364496e-17,-2.52633677e-16,-5.74720579e-16,-6.01072841e-16,-3.51268901e-19,0,0,0,-0.012861775,-0.0165133083,-0.0597562894,
122.36,object_red_01,RED,-0.251637109,0.210570233,0.0119470396,-6.5623284e-18,1.03679235e-17,-2.52633677e-16,-4.11982103e-16,1.48932008e-16,9.44773044e-19,0,0,0,-0.0130150585,-0.0166974626,-0.0597562894,
122.4,object_red_01,RED,-0.251637109,0.210570233,0.0119470396,1.78419082e-18,1.39628646e-17,-2.5620248e-16,-2.65580309e-16,1.47302267e-16,7.32734152e-19,0,0,0,-0.0131692031,-0.0168826527,-0.0597562894,
122.44,object_red_01,RED,-0.251637109,0.210570233,0.0119470396,-2.04403809e-18,1.07983406e-17,-2.52633677e-16,-8.03434112e-16,-1.35025819e-16,1.46225376e-18,0,0,0,-0.0133242058,-0.0170688746,-0.0597562894,
122.48,object_red_01,RED,-0.251637109,0.210570233,0.0119470396,7.87435457e-19,1.6442555e-17,-2.5620248e-16,-5.51472225e-16,-1.77585621e-16,9.52302256e-19,0,0,0,-0.0134800632,-0.0172561239,-0.0597562894,
122.52,object_red_01,RED,-0.251637109,0.210570233,0.0119470396,8.36512413e-20,1.15249962e-17,-2.5620248e-16,-7.97779108e-16,-2.08933592e-16,-9.09549805e-19,0,0,0,-0.013636772,-0.0174443963,-0.0597562894,
122.56,object_red_01,RED,-0.251637109,0.210570233,0.0119470396,2.38145987e-18,1.41092413e-17,-2.5620248e-16,-9.23445884e-16,4.27043108e-17,4.23527724e-19,0,0,0,-0.0137943289,-0.0176336876,-0.0597562894,
122.6,object_red_01,RED,-0.251637109,0.210570233,0.0119470396,1.05361445e-18,1.21662654e-17,-2.5620248e-16,-7.16095703e-16,-1.6219635e-16,3.87713094e-19,0,0,0,-0.0139527304,-0.0178239931,-0.0597562894,
122.64,object_red_01,RED,-0.251637109,0.210570233,0.0119470396,2.95171895e-18,1.01553289e-17,-2.52633677e-16,-1.35008459e-15,1.77476744e-17,-1.01380456e-19,0,0,0,-0.014111973,-0.0180153084,-0.0597562894,
122.68,object_red_01,RED,-0.251637109,0.210570233,0.0119470396,5.37810972e-19,1.42416773e-17,-2.5620248e-16,-1.061051e-15,-2.8015131e-16,1.43325612e-18,0,0,0,-0.0142720532,-0.0182076287,-0.0597562894,
122.72,object_red_01,RED,-0.251637109,0.210570233,0.0119470396,-2.71384201e-18,1.42259941e-17,-2.49064875e-16,-5.42047217e-16,2.09286423e-16,1.44393946e-18,0,0,0,-0.0144329673,-0.0184009493,-0.0597562894,
122.76,object_red_01,RED,-0.251637109,0.210570233,0.0119470396,-3.95434065e-18,1.31856743e-17,-2.52633677e-16,-4.85497168e-16,9.57003468e-17,1.11407857e-18,0,0,0,-0.0145947116,-0.0185952654,-0.0597562894,
122.8,object_red_01,RED,-0.251637109,0.210570233,0.0119470396,-6.41747649e-18,1.26315341e-17,-2.5620248e-16,-5.86658923e-16,-2.44954795e-16,8.42518204e-19,0,0,0,-0.0147572825,-0.018790572,-0.0597562894,
122.84,object_red_01,RED,-0.251637109,0.210570233,0.0119470396,-4.32267835e-18,1.34627444e-17,-2.59771282e-16,-7.36830721e-16,8.80376187e-17,1.16128877e-18,0,0,0,-0.014920676,-0.0189868641,-0.0597562894,
122.88,object_red_01,RED,-0.251637109,0.210570233,0.0119470396,-3.30457639e-18,1.59284941e-17,-2.59771282e-16,-7.7390242e-16,5.07763501e-19,-4.31648328e-19,0,0,0,-0.0150848884,-0.0191841366,-0.0597562894,
122.92,object_red_01,RED,-0.251637109,0.210570233,0.0119470396,-3.14513038e-18,1.03522403e-17,-2.5620248e-16,-6.50120645e-16,2.09423871e-16,-4.1536895e-19,0,0,0,-0.0152499158,-0.0193823843,-0.0597562894,
122.96,object_red_01,RED,-0.251637109,0.210570233,0.0119470396,-1.85605734e-18,1.17846405e-17,-2.5620248e-16,-8.43647481e-16,1.27053226e-16,9.11705559e-19,0,0,0,-0.0154157542,-0.019581602,-0.0597562894,
123,object_red_01,RED,-0.251637109,0.210570233,0.0119470396,-5.27325536e-18,1.41214394e-17,-2.5620248e-16,-2.44216957e-16,-3.3638256e-17,6.9040777e-19,0,0,0,-0.0155823994,-0.0197817842,-0.0597562894,
123.04,object_red_01,RED,-0.251637109,0.210570233,0.0119470396,-4.46905501e-18,1.44856384e-17,-2.52633677e-16,-8.26054132e-16,1.05969679e-16,1.30993983e-18,0,0,0,-0.0157498475,-0.0199829254,-0.0597562894,
123.08,object_red_01,RED,-0.251637109,0.210570233,0.0119470396,-2.17473153e-18,1.30741492e-17,-2.52633677e-16,-9.53605911e-16,3.68775234e-16,3.13947164e-19,0,0,0,-0.0159180944,-0.0201850202,-0.0597562894,
123.12,object_red_01,RED,-0.251637109,0.210570233,0.0119470396,5.37717152e-18,1.2706465e-17,-2.5620248e-16,-8.75064175e-16,8.2304072e-17,7.45961146e-19,0,0,0,-0.0160871358,-0.0203880629,-0.0597562894,
123.16,object_red_01,RED,-0.251637109,0.210570233,0.0119470396,-5.22548534e-19,1.16434916e-17,-2.49064875e-16,-3.44750378e-16,-3.27988412e-17,1.15745742e-19,0,0,0,-0.0162569674,-0.0205920476,-0.0597562894,
123.2,object_red_01,RED,-0.251637109,0.210570233,0.0119470396,7.78302007e-18,1.01535863e-17,-2.59771282e-16,-1.30987122e-15,-2.98927694e-16,-7.87861458e-19,0,0,0,-0.0164275849,-0.0207969687,-0.0597562894,
123.24,object_red_01,RED,-0.251637109,0.210570233,0.0119470396,-4.44291632e-18,1.22185428e-17,-2.52633677e-16,-1.09686604e-15,1.82493873e-16,-7.96916861e-19,0,0,0,-0.0165989841,-0.0210028202,-0.0597562894,
123.28,object_red_01,RED,-0.251637109,0.210570233,0.0119470396,-2.68400034e-18,1.32989419e-17,-2.5620248e-16,-9.00825864e-16,1.95737698e-17,-8.31510539e-19,0,0,0,-0.0167711603,-0.021209596,-0.0597562894,
123.32,object_red_01,RED,-0.251637109,0.210570233,0.0119470396,-9.14779786e-20,1.4806273e-17,-2.5620248e-16,-1.27594119e-15,3.70542147e-17,-1.85548339e-18,0,0,0,-0.0169441083,-0.0214172916,-0.0597562894,
123.36,object_red_01,RED,-0.251637109,0.210570233,0.0119470396,-3.21396227e-18,1.4541401e-17,-2.59771282e-16,-5.85402255e-16,-4.29606415e-16,-2.12080223e-19,0,0,0,-0.01711782,-0.0216259033,-0.0597562894,
123.4,object_red_01,RED,-0.251637109,0.210570233,0.0119470396,-6.17983224e-18,1.14030156e-17,-2.5620248e-16,-1.23384282e-15,1.85277196e-16,1.35521685e-18,0,0,0,-0.0172922881,-0.0218354272,-0.0597562894,
123.44,object_red_01,RED,-0.251637109,0.210570233,0.0119470396,2.46771755e-18,1.39611221e-17,-2.52633677e-16,-9.38525897e-16,4.02498816e-17,3.66855141e-19,0,0,0,-0.0174675061,-0.0220458583,-0.0597562894,
123.48,object_red_01,RED,-0.251637109,0.210570233,0.0119470396,-3.17584334e-18,1.30811195e-17,-2.5620248e-16,-1.3613946e-15,-2.7198297e-16,-9.46585389e-19,0,0,0,-0.0176434689,-0.0222571903,-0.0597562894,
123.52,object_red_01,RED,-0.251637109,0.210570233,0.0119470396,-4.93192764e-18,1.24241671e-17,-2.5620248e-16,-1.23635616e-15,-2.30812374e-16,6.55305362e-19,0,0,0,-0.0178201718,-0.022469417,-0.0597562894,
123.56,object_red_01,RED,-0.251637109,0.210570233,0.0119470396,-4.78250146e-18,1.32606052e-17,-2.59771282e-16,-5.64038903e-16,3.30751216e-16,-1.17795604e-18,0,0,0,-0.0179976099,-0.0226825316,-0.0597562894,
123.6,object_red_01,RED,-0.251637109,0.210570233,0.0119470396,1.62801215e-18,1.18421456e-17,-2.52633677e-16,-1.03654598e-15,3.3264576e-17,1.47083544e-19,0,0,0,-0.0181757784,-0.0228965277,-0.0597562894,
123.64,object_red_01,RED,-0.251637109,0.210570233,0.0119470396,2.01704298e-18,1.69566159e-17,-2.59771282e-16,-6.18703951e-16,1.12940258e-16,5.53254014e-19,0,0,0,-0.0183546721,-0.0231113985,-0.0597562894,
123.68,object_red_01,RED,-0.251637109,0.210570233,0.0119470396,-3.38669544e-18,1.33425064e-17,-2.49064875e-16,-4.85497168e-16,1.71939828e-16,2.22697752e-18,0,0,0,-0.0185342859,-0.0233271375,-0.0597562894,
123.72,object_red_01,RED,-0.251637109,0.210570233,0.0119470396,-3.72039938e-18,1.4421163e-17,-2.52633677e-16,-1.07236101e-15,-9.60939379e-18,-1.4576561e-18,0,0,0,-0.0187146143,-0.0235437378,-0.0597562894,
123.76,object_red_01,RED,-0.251637109,0.210570233,0.0119470396,-2.37120735e-18,1.40168846e-17,-2.59771282e-16,-1.06167934e-15,6.76511295e-17,1.80534164e-18,0,0,0,-0.0188956521,-0.0237611926,-0.0597562894,
123.8,object_red_01,RED,-0.251637109,0.210570233,0.0119470396,-1.10413438e-18,1.48132433e-17,-2.5620248e-16,-1.25520617e-15,-9.46357312e-17,2.07832645e-18,0,0,0,-0.0190773938,-0.023979495,-0.0597562894,
123.84,object_red_01,RED,-0.251637109,0.210570233,0.0119470396,-3.49734922e-18,1.19327598e-17,-2.5620248e-16,-7.38087389e-16,4.65626736e-17,2.44501943e-18,0,0,0,-0.019259834,-0.024198638,-0.0597562894,
123.88,object_red_01,RED,-0.251637109,0.210570233,0.0119470396,-9.26267285e-18,1.46215596e-17,-2.59771282e-16,-9.26587554e-16,-3.71431809e-17,1.93089634e-18,0,0,0,-0.0194429671,-0.0244186145,-0.0597562894,
123.92,object_red_01,RED,-0.251637109,0.210570233,0.0119470396,-3.25883368e-18,1.2959139e-17,-2.59771282e-16,-1.21436447e-15,1.06691281e-16,-5.15080138e-19,0,0,0,-0.0196267877,-0.0246394172,-0.0597562894,
123.96,object_red_01,RED,-0.251637109,0.210570233,0.0119470396,-3.8576275e-18,1.3609121e-17,-2.52633677e-16,-9.58004248e-16,3.17428575e-16,8.83521886e-19,0,0,0,-0.0198112901,-0.0248610388,-0.0597562894,
124,object_red_01,RED,-0.251637109,0.210570233,0.0119470396,4.42114895e-18,1.16260658e-17,-2.5620248e-16,-9.69942591e-16,-4.58337963e-16,2.47177866e-18,0,0,0,-0.0199964686,-0.0250834721,-0.0597562894,
124.04,object_red_01,RED,-0.251637109,0.210570233,0.0119470396,1.96918896e-19,1.26716134e-17,-2.52633677e-16,-9.75597596e-16,-2.19306285e-17,5.50405123e-19,0,0,0,-0.0201823176,-0.0253067096,-0.0597562894,
124.08,object_red_01,RED,-0.251637109,0.210570233,0.0119470396,-6.56211057e-18,1.10945791e-17,-2.5620248e-16,-9.46065904e-16,9.56168962e-17,7.0505921e-19,0,0,0,-0.0203688312,-0.0255307436,-0.0597562894,
124.12,object_red_01,RED,-0.251637109,0.210570233,0.0119470396,2.16522913e-19,1.30758918e-17,-2.59771282e-16,-1.30610122e-15,1.97553975e-17,1.18187649e-19,0,0,0,-0.0205560036,-0.0257555667,-0.0597562894,
124.16,object_red_01,RED,-0.251637109,0.210570233,0.0119470396,-4.60824353e-18,1.07373504e-17,-2.52633677e-16,-1.29416288e-15,2.80405964e-16,-4.27746965e-20,0,0,0,-0.020743829,-0.025981171,-0.0597562894,
124.2,object_red_01,RED,-0.251637109,0.210570233,0.0119470396,7.859107e-19,1.59006128e-17,-2.52633677e-16,-1.33186291e-15,-1.48402458e-16,9.84489038e-20,0,0,0,-0.0209323014,-0.0262075487,-0.0597562894,
124.24,object_red_01,RED,-0.251637109,0.210570233,0.0119470396,-3.2318237e-18,1.11468565e-17,-2.49064875e-16,-1.27154286e-15,6.02539983e-16,1.97244376e-19,0,0,0,-0.0211214149,-0.026434692,-0.0597562894,
124.28,object_red_01,RED,-0.251637109,0.210570233,0.0119470396,-1.02899233e-17,1.2201117e-17,-2.52633677e-16,-1.15215942e-15,-1.30769838e-16,1.03634454e-18,0,0,0,-0.0213111633,-0.0266625929,-0.0597562894,
124.32,object_red_01,RED,-0.251637109,0.210570233,0.0119470396,-4.2571138e-18,8.85187955e-18,-2.5620248e-16,-5.47073888e-16,-1.71331736e-16,2.32211013e-18,0,0,0,-0.0215015407,-0.0268912433,-0.0597562894,
124.36,object_red_01,RED,-0.251637109,0.210570233,0.0119470396,-2.41607877e-18,1.56984736e-17,-2.59771282e-16,-8.33594139e-16,1.3941864e-16,-4.07397743e-20,0,0,0,-0.0216925409,-0.0271206351,-0.0597562894,
124.4,object_red_01,RED,-0.251637109,0.210570233,0.0119470396,6.40964975e-18,9.2265341e-18,-2.52633677e-16,-8.82604182e-16,4.57821927e-16,-1.31293812e-19,0,0,0,-0.0218841578,-0.0273507601,-0.0597562894,
124.44,object_red_01,RED,-0.251637109,0.210570233,0.0119470396,4.06544495e-18,1.32640903e-17,-2.5620248e-16,-6.43208972e-16,-1.54136005e-16,6.13284219e-19,0,0,0,-0.022076385,-0.0275816098,-0.0597562894,
124.48,object_red_01,RED,-0.251637109,0.210570233,0.0119470396,1.42020957e-18,1.08994102e-17,-2.5620248e-16,-6.30642295e-16,2.06350925e-16,-2.50708734e-20,0,0,0,-0.0222692163,-0.027813176,-0.0597562894,
124.52,object_red_01,RED,-0.251637109,0.210570233,0.0119470396,8.92963725e-18,7.90217383e-18,-2.5620248e-16,-1.52790308e-15,3.3443286e-16,-4.64614067e-19,0,0,0,-0.0224626455,-0.0280454501,-0.0597562894,
124.56,object_red_01,RED,-0.251637109,0.210570233,0.0119470396,7.56933628e-18,6.6579722e-18,-2.59771282e-16,-6.39438969e-16,-2.59902269e-16,7.55423534e-19,0,0,0,-0.0226566658,-0.0282784237,-0.0597562894,
124.6,object_red_01,RED,-0.251637109,0.210570233,0.0119470396,4.44706981e-18,5.2186017e-18,-2.52633677e-16,-6.06765607e-16,-3.29328254e-16,8.17793899e-19,0,0,0,-0.0228512686,-0.028512091,-0.0597562894,
124.64,object_red_01,RED,-0.251637109,0.210570233,0.0119470396,6.72425223e-19,1.09325192e-17,-2.52633677e-16,-1.05099766e-15,-1.50753801e-16,-2.30801507e-19,0,0,0,-0.0230464432,-0.0287464463,-0.0597562894,
124.68,object_red_01,RED,-0.251637109,0.210570233,0.0119470396,2.57989609e-18,9.92879355e-18,-2.52633677e-16,-4.72302156e-16,2.7152093e-16,1.79119893e-18,0,0,0,-0.0232421799,-0.0289814832,-0.0597562894,
124.72,object_red_01,RED,-0.251637109,0.210570233,0.0119470396,1.77482445e-18,1.30114163e-17,-2.5620248e-16,-8.65639167e-16,-1.45034981e-16,1.39978165e-18,0,0,0,-0.0234384707,-0.0292171938,-0.0597562894,
124.76,object_red_01,RED,-0.251637109,0.210570233,0.0119470396,1.75238875e-18,1.55869485e-17,-2.52633677e-16,-1.07613102e-15,-1.34647837e-16,-1.05372404e-18,0,0,0,-0.0236353087,-0.0294535696,-0.0597562894,
124.8,object_red_01,RED,-0.251637109,0.210570233,0.0119470396,2.43968537e-19,1.06240827e-17,-2.49064875e-16,-9.9067761e-16,-1.74100332e-16,-4.55355171e-19,0,0,0,-0.0238326873,-0.0296906014,-0.0597562894,
124.84,object_red_01,RED,-0.251637109,0.210570233,0.0119470396,-2.7293074e-18,1.5804771e-17,-2.52633677e-16,-6.31270629e-16,7.41943621e-18,-1.0902509e-18,0,0,0,-0.0240305998,-0.02992828,-0.0597562894,
124.88,object_red_01,RED,-0.251637109,0.210570233,0.0119470396,-3.54265629e-18,1.62125345e-17,-2.5620248e-16,-9.58632582e-16,-1.79460805e-16,2.93089212e-19,0,0,0,-0.0242290395,-0.0301665965,-0.0597562894,
124.92,object_red_01,RED,-0.251637109,0.210570233,0.0119470396,-3.05930835e-18,1.61707126e-17,-2.5620248e-16,-1.11571605e-15,1.33542461e-17,-3.67548279e-19,0,0,0,-0.0244279992,-0.0304055417,-0.0597562894,
124.96,object_red_01,RED,-0.251637109,0.210570233,0.0119470396,4.16847495e-18,1.15929568e-17,-2.59771282e-16,-7.53167402e-16,-8.2677752e-17,1.99194401e-18,0,0,0,-0.0246274718,-0.0306451065,-0.0597562894,
125,object_red_01,RED,-0.251637109,0.210570233,0.0119470396,6.4625806e-18,9.26661342e-18,-2.59771282e-16,-8.30452469e-16,-4.39836476e-16,-1.88068141e-19,0,0,0,-0.0248274499,-0.0308852816,-0.0597562894,
125.04,object_red_01,RED,-0.251637109,0.210570233,0.0119470396,-7.95268886e-18,1.15023427e-17,-2.5620248e-16,-8.22912463e-16,2.4526808e-17,-5.30850785e-19,0,0,0,-0.0250279265,-0.0311260578,-0.0597562894,
125.08,object_red_01,RED,-0.251637109,0.210570233,0.0119470396,-5.28893857e-18,1.29800499e-17,-2.5620248e-16,-5.43303885e-16,1.07486516e-16,3.96259767e-19,0,0,0,-0.0252288941,-0.0313674256,-0.0597562894,
125.12,object_red_01,RED,-0.251637109,0.210570233,0.0119470396,-5.09398751e-18,1.62160197e-17,-2.52633677e-16,-9.08994205e-16,-2.01025421e-16,-3.4940246e-20,0,0,0,-0.0254303455,-0.0316093756,-0.0597562894,
125.16,object_red_01,RED,-0.251637109,0.210570233,0.0119470396,-3.43635895e-18,1.15842439e-17,-2.59771282e-16,-7.95265772e-16,3.60253456e-16,8.24747646e-20,0,0,0,-0.0256322732,-0.0318518981,-0.0597562894,
125.2,object_red_01,RED,-0.251637109,0.210570233,0.0119470396,-4.29762877e-18,1.02407152e-17,-2.52633677e-16,-4.88010503e-16,-3.1208371e-17,3.91579446e-19,0,0,0,-0.0258346698,-0.0320949837,-0.0597562894,
125.24,object_red_01,RED,-0.251637109,0.210570233,0.0119470396,-3.5243592e-18,1.74340826e-17,-2.59771282e-16,-7.18609038e-16,6.67975066e-16,2.38756789e-19,0,0,0,-0.0260375279,-0.0323386225,-0.0597562894,
125.28,object_red_01,RED,-0.251637109,0.210570233,0.0119470396,-3.44725007e-18,1.52210069e-17,-2.59771282e-16,-1.053511e-15,3.35959515e-16,9.32598522e-20,0,0,0,-0.02624084,-0.0325828047,-0.0597562894,
125.32,object_red_01,RED,-0.251637109,0.210570233,0.0119470396,-4.04364784e-18,1.38635376e-17,-2.5620248e-16,-7.87725765e-16,-1.00663809e-16,1.70298505e-18,0,0,0,-0.0264445984,-0.0328275205,-0.0597562894,
125.36,object_red_01,RED,-0.251637109,0.210570233,0.0119470396,-6.04325759e-18,9.77021884e-18,-2.49064875e-16,-1.09686604e-15,-8.45382093e-17,9.38464785e-19,0,0,0,-0.0266487956,-0.0330727598,-0.0597562894,
125.4,object_red_01,RED,-0.251637109,0.210570233,0.0119470396,-3.00637751e-18,1.4267816e-17,-2.59771282e-16,-5.84145587e-16,3.438352e-18,1.31319571e-18,0,0,0,-0.026853424,-0.0333185127,-0.0597562894,
125.44,object_red_01,RED,-0.251637109,0.210570233,0.0119470396,-6.92761658e-18,1.18909378e-17,-2.52633677e-16,-6.49492311e-16,-2.26846016e-16,-1.04432839e-19,0,0,0,-0.0270584758,-0.0335647691,-0.0597562894,
125.48,object_red_01,RED,-0.251637109,0.210570233,0.0119470396,-5.23535426e-18,1.24084839e-17,-2.49064875e-16,-8.17257458e-16,9.19303435e-17,2.0064937e-18,0,0,0,-0.0272639433,-0.0338115187,-0.0597562894,
125.52,object_red_01,RED,-0.251637109,0.210570233,0.0119470396,-6.00012875e-18,1.2851099e-17,-2.5620248e-16,-8.09717451e-16,5.74259774e-17,1.7161103e-18,0,0,0,-0.0274698188,-0.0340587512,-0.0597562894,
125.56,object_red_01,RED,-0.251637109,0.210570233,0.0119470396,-3.54069589e-18,1.42608457e-17,-2.59771282e-16,-1.4726097e-15,-2.53339125e-16,-2.23237284e-20,0,0,0,-0.0276760944,-0.0343064564,-0.0597562894,
125.6,object_red_01,RED,-0.251637109,0.210570233,0.0119470396,-2.6720201e-18,1.54911067e-17,-2.59771282e-16,-1.36013793e-15,-2.51606574e-17,1.7776667e-18,0,0,0,-0.0278827623,-0.0345546236,-0.0597562894,
125.64,object_red_01,RED,-0.251637109,0.210570233,0.0119470396,-4.76551131e-18,1.15807587e-17,-2.52633677e-16,-3.5480372e-16,3.08700624e-16,6.78808713e-19,0,0,0,-0.0280898146,-0.0348032426,-0.0597562894,
125.68,object_red_01,RED,-0.251637109,0.210570233,0.0119470396,-2.96978334e-18,1.25269793e-17,-2.5620248e-16,-5.90428926e-16,2.40118963e-16,1.12293048e-18,0,0,0,-0.0282972436,-0.0350523029,-0.0597562894,
125.72,object_red_01,RED,-0.251637109,0.210570233,0.0119470396,-5.66359312e-18,1.44194204e-17,-2.59771282e-16,-3.04537009e-16,-4.76039583e-17,7.96935947e-19,0,0,0,-0.0285061245,-0.0353037909,-0.0597562894,
125.76,object_red_01,RED,-0.251637109,0.210570233,0.0119470396,-2.24879115e-18,1.29155745e-17,-2.5620248e-16,-8.63754165e-16,1.59137525e-16,2.08789059e-18,0,0,0,-0.0287198795,-0.0355657481,-0.0597562894,
125.8,object_red_01,RED,-0.251637109,0.210570233,0.0119470396,-2.75914907e-18,1.27988217e-17,-2.52633677e-16,-1.06544934e-15,3.49483145e-17,5.07366519e-19,0,0,0,-0.0289394757,-0.0358431965,-0.0597562894,
125.84,object_red_01,RED,-0.251637109,0.210570233,0.0119470396,-3.75568661e-18,1.23143846e-17,-2.5620248e-16,-6.39438969e-16,3.56002384e-16,1.52248745e-18,0,0,0,-0.0291646457,-0.0361372757,-0.0597562894,
125.88,object_red_01,RED,-0.251637109,0.210570233,0.0119470396,8.10524633e-19,1.6782358e-17,-2.5620248e-16,-8.60612496e-16,-3.36161385e-16,-2.55424066e-19,0,0,0,-0.0293949981,-0.0364470893,-0.0597562894,
125.92,object_red_01,RED,-0.251637109,0.210570233,0.0119470396,-4.74568947e-18,1.28563268e-17,-2.59771282e-16,-9.32242559e-16,2.12771437e-17,-2.24696741e-19,0,0,0,-0.0296301054,-0.036770801,-0.0597562894,
125.96,object_red_01,RED,-0.251637109,0.210570233,0.0119470396,-1.70031432e-18,1.31159711e-17,-2.59771282e-16,-6.4446564e-16,4.60276356e-16,2.56497809e-18,0,0,0,-0.0298693913,-0.0371062178,-0.0597562894,
126,object_red_01,RED,-0.251637109,0.210570233,0.0119470396,-1.90180005e-18,1.35376753e-17,-2.59771282e-16,-6.41952305e-16,2.93807148e-16,1.38116211e-18,0,0,0,-0.0301120877,-0.0374510446,-0.0597562894,
126.04,object_red_01,RED,-0.251637109,0.210570233,0.0119470396,-3.03513006e-18,1.2168008e-17,-2.49064875e-16,-1.26902952e-15,-1.55878649e-16,4.28955279e-20,0,0,0,-0.0303572791,-0.0378029576,-0.0597562894,
126.08,object_red_01,RED,-0.251637109,0.210570233,0.0119470396,-4.33226253e-18,1.56252853e-17,-2.5620248e-16,-1.34380125e-15,-1.27269822e-16,5.20526778e-20,0,0,0,-0.0306039792,-0.0381596029,-0.0597562894,
126.12,object_red_01,RED,-0.251637109,0.210570233,0.0119470396,-2.55657422e-18,1.21523247e-17,-2.49064875e-16,-6.67713994e-16,3.04091206e-16,-1.00010384e-18,0,0,0,-0.0308511959,-0.0385185781,-0.0597562894,
126.16,object_red_01,RED,-0.251637109,0.210570233,0.0119470396,-2.73605989e-18,1.38443692e-17,-2.5620248e-16,-1.15215942e-15,2.34910388e-17,-5.19251728e-19,0,0,0,-0.0310979664,-0.0388774205,-0.0597562894,
126.2,object_red_01,RED,-0.251637109,0.210570233,0.0119470396,-1.91944367e-18,1.03278442e-17,-2.52633677e-16,-6.92847349e-16,4.58111549e-16,9.930007e-19,0,0,0,-0.0313433696,-0.0392336058,-0.0597562894,
126.24,object_red_01,RED,-0.251637109,0.210570233,0.0119470396,-7.42331348e-19,1.3816488e-17,-2.63340084e-16,-7.25520711e-16,-7.51033834e-17,-7.33223797e-19,0,0,0,-0.0315865249,-0.0395845506,-0.0597562894,
126.28,object_red_01,RED,-0.251637109,0.210570233,0.0119470396,-4.3076486e-18,1.54876215e-17,-2.63340084e-16,-1.02837764e-15,-8.13867222e-17,-6.89234467e-20,0,0,0,-0.0318265868,-0.0399276178,-0.0597562894,
126.32,object_red_01,RED,-0.251637109,0.210570233,0.0119470396,1.91989418e-18,1.19362449e-17,-2.52633677e-16,-9.89420942e-16,1.16832982e-16,-1.83879702e-18,0,0,0,-0.0320627394,-0.0402601194,-0.0597562894,
126.36,object_red_01,RED,-0.251637109,0.210570233,0.0119470396,6.31751087e-18,1.09725986e-17,-2.52633677e-16,-8.97684195e-16,4.51047426e-17,8.01412776e-19,0,0,0,-0.0322941913,-0.0405793165,-0.0597562894,
126.4,object_red_01,RED,-0.251637109,0.210570233,0.0119470396,4.95938813e-18,1.0245943e-17,-2.52633677e-16,-8.71922506e-16,1.02459845e-16,-1.85015758e-19,0,0,0,-0.0325201732,-0.0408824212,-0.0597562894,
126.44,object_red_01,RED,-0.251637109,0.210570233,0.0119470396,1.61036853e-18,1.53935222e-17,-2.63340084e-16,-1.44747634e-15,1.40724397e-16,-7.49808413e-19,0,0,0,-0.0327399316,-0.0411665959,-0.0597562894,
126.48,object_red_01,RED,-0.251637109,0.210570233,0.0119470396,2.47447004e-18,1.00141799e-17,-2.49064875e-16,2.87981842e-16,-1.47081975e-16,6.79724428e-19,0,0,0,-0.0329527208,-0.041428949,-0.0597562894,
126.52,object_red_01,RED,-0.251637109,0.210570233,0.0119470396,1.37512033e-18,1.39053595e-17,-2.5620248e-16,-1.03968765e-15,-2.16154522e-16,-1.5307098e-18,0,0,0,-0.0331577966,-0.0416665391,-0.0597562894,
126.56,object_red_01,RED,-0.251637109,0.210570233,0.0119470396,-4.18218289e-18,1.02563985e-17,-2.49064875e-16,-8.07204116e-16,2.02507289e-16,1.0296293e-18,0,0,0,-0.0333544041,-0.0418763715,-0.0597562894,
126.6,object_red_01,RED,-0.251637109,0.210570233,0.0119470396,-1.02898564e-18,1.11381436e-17,-2.49064875e-16,-6.25615624e-16,3.49429423e-16,8.6144298e-19,0,0,0,-0.0335417641,-0.0420553961,-0.0597562894,
126.64,object_red_01,RED,-0.251637109,0.210570233,0.0119470396,6.44543954e-19,1.54214035e-17,-2.5620248e-16,-3.00767006e-16,-5.97337475e-17,4.28411537e-19,0,0,0,-0.0337190593,-0.0422005086,-0.0597562894,
126.68,object_red_01,RED,-0.251637109,0.210570233,0.0119470396,1.82405232e-18,1.46006487e-17,-2.5620248e-16,-1.30798622e-15,-8.12689096e-17,-1.17144429e-18,0,0,0,-0.0338854162,-0.0423085477,-0.0597562894,
126.72,object_red_01,RED,-0.251637109,0.210570233,0.0119470396,9.76505311e-19,1.33128826e-17,-2.52633677e-16,-1.33123457e-15,4.73480909e-17,5.66684501e-19,0,0,0,-0.0340398842,-0.0423762908,-0.0597562894,
126.76,object_red_01,RED,-0.251637109,0.210570233,0.0119470396,-5.9238909e-18,1.1795096e-17,-2.5620248e-16,-1.1703811e-15,-2.91564682e-17,-5.53133183e-19,0,0,0,-0.0341814165,-0.0424004586,-0.0597562894,
126.8,object_red_01,RED,-0.251637109,0.210570233,0.0119470396,-4.86832349e-18,1.67265954e-17,-2.59771282e-16,-8.29195802e-16,-1.68911669e-16,1.34249859e-18,0,0,0,-0.0343096999,-0.0423770813,-0.0597562894,
126.84,object_red_01,RED,-0.251637109,0.210570233,0.0119470396,2.15718536e-20,1.34209225e-17,-2.5620248e-16,-8.43019147e-16,-2.32559927e-16,9.94628638e-19,0,0,0,-0.034458812,-0.042278941,-0.0597562894,
126.88,object_red_01,RED,-0.251637109,0.210570233,0.0119470396,5.17786401e-18,8.23500647e-18,-2.49064875e-16,-4.80470497e-16,-3.85648739e-19,1.46459392e-18,0,0,0,-0.0347274304,-0.0420403678,-0.0597562894,
126.92,object_red_01,RED,-0.251637109,0.210570233,0.0119470396,1.51910094e-18,1.29225448e-17,-2.5620248e-16,-3.42237042e-16,2.28052989e-16,-2.60511371e-19,0,0,0,-0.035198774,-0.0416103187,-0.0597562894,
126.96,object_red_01,RED,-0.251637109,0.210570233,0.0119470396,3.55160188e-18,1.24781871e-17,-2.5620248e-16,-1.27468452e-15,-2.13906541e-17,-1.45741759e-19,0,0,0,-0.0358994883,-0.0409769568,-0.0597562894,
127,object_red_01,RED,-0.251637109,0.210570233,0.0119470396,-1.03573814e-18,1.2279533e-17,-2.52633677e-16,-3.14590351e-16,3.56174194e-16,7.83200222e-19,0,0,0,-0.0368088335,-0.0401608756,-0.0597562894,
127.04,object_red_01,RED,-0.251637109,0.210570233,0.0119470396,2.75655007e-18,6.0184456e-18,-2.52633677e-16,-1.55621879e-16,-1.86814275e-16,-1.83184328e-19,0,0,0,-0.0378827126,-0.0391988988,-0.0597562894,
127.08,object_red_01,RED,-0.251637109,0.210570233,0.0119470396,2.49385624e-18,1.10510146e-17,-2.59771282e-16,-4.94922176e-16,-1.04777433e-16,1.69264196e-19,0,0,0,-0.0390727758,-0.0381312145,-0.0597562894,
127.12,object_red_01,RED,-0.251637109,0.210570233,0.0119470396,5.8166019e-20,1.31455949e-17,-2.52633677e-16,-8.67524169e-16,2.15638486e-16,1.5634244e-19,0,0,0,-0.0403352898,-0.0369954165,-0.0597562894,
127.16,object_red_01,RED,-0.251637109,0.210570233,0.0119470396,4.53550571e-18,1.37067055e-17,-2.52633677e-16,-5.23825535e-16,-9.54309663e-17,-2.81708587e-18,0,0,0,-0.0416322268,-0.035825772,-0.0597562894,
127.2,object_red_01,RED,-0.251637109,0.210570233,0.0119470396,-3.28018028e-18,1.30933176e-17,-2.5620248e-16,-7.7390242e-16,4.09484397e-16,1.31197475e-18,0,0,0,-0.0429288988,-0.0346547791,-0.0597562894,
127.24,object_red_01,RED,-0.251637109,0.210570233,0.0119470396,-3.20132857e-18,1.15598478e-17,-2.5620248e-16,-1.061051e-15,1.43630441e-16,4.52423619e-19,0,0,0,-0.0441913052,-0.0335148883,-0.0597562894,
127.28,object_red_01,RED,-0.251637109,0.210570233,0.0119470396,-4.19939086e-18,1.52088088e-17,-2.5620248e-16,1.08278352e-16,9.77473408e-17,-9.26302902e-20,0,0,0,-0.0453845648,-0.0324394745,-0.0597562894,
127.32,object_red_01,RED,-0.251637109,0.210570233,0.0119470396,-4.43224302e-18,1.3915815e-17,-2.63340084e-16,-1.27594119e-15,-2.58135356e-17,-1.02159414e-20,0,0,0,-0.0464811989,-0.031451087,-0.0597562894,
127.36,object_red_01,RED,-0.251637109,0.210570233,0.0119470396,-1.93098825e-18,1.42817567e-17,-2.52633677e-16,-9.89420942e-16,1.23656296e-16,4.66362836e-19,0,0,0,-0.0474977657,-0.0305306141,-0.0597562894,
127.4,object_red_01,RED,-0.251637109,0.210570233,0.0119470396,-4.97767034e-18,1.28772377e-17,-2.59771282e-16,-6.41323971e-16,-3.25685881e-16,1.42786357e-18,0,0,0,-0.0484785488,-0.0296430757,-0.0597562894,
127.44,object_red_01,RED,-0.251637109,0.210570233,0.0119470396,-4.32529222e-18,1.4938709e-17,-2.52633677e-16,-6.14305614e-16,2.14548719e-16,1.30363157e-18,0,0,0,-0.0494589368,-0.0287618106,-0.0597562894,
127.48,object_red_01,RED,-0.251637109,0.210570233,0.0119470396,-6.81674497e-18,1.06275679e-17,-2.49064875e-16,-1.0943527e-15,2.23409209e-16,1.39398212e-18,0,0,0,-0.0504546683,-0.0278736052,-0.0597562894,
127.52,object_red_01,RED,-0.251637109,0.210570233,0.0119470396,-2.99417945e-18,1.39994588e-17,-2.52633677e-16,-5.59640566e-16,5.5079543e-17,1.92112871e-18,0,0,0,-0.0514664064,-0.0269750359,-0.0597562894,
127.56,object_red_01,RED,-0.251637109,0.210570233,0.0119470396,-6.96791373e-18,1.21261861e-17,-2.59771282e-16,-7.4311406e-16,-1.67978985e-16,1.43318938e-19,0,0,0,-0.0524881008,-0.0260669172,-0.0597562894,
127.6,object_red_01,RED,-0.251637109,0.210570233,0.0119470396,-4.34983924e-19,1.29103467e-17,-2.52633677e-16,-1.08115769e-15,-2.51949918e-16,-2.09943555e-19,0,0,0,-0.053513106,-0.0251503874,-0.0597562894,
127.64,object_red_01,RED,-0.251637109,0.210570233,0.0119470396,-5.93216816e-18,1.13036886e-17,-2.59771282e-16,-1.32997791e-15,1.17048697e-17,1.36478098e-18,0,0,0,-0.05453675,-0.0242253038,-0.0597562894,
127.68,object_red_01,RED,-0.251637109,0.210570233,0.0119470396,3.18870974e-18,1.64617234e-17,-2.59771282e-16,-7.78929091e-16,1.21741841e-16,-4.06110054e-19,0,0,0,-0.0555564216,-0.0232902039,-0.0597562894,
127.72,object_red_01,RED,-0.251637109,0.210570233,0.0119470396,1.91488427e-18,1.39471814e-17,-2.52633677e-16,-1.22001948e-15,4.87520245e-17,-3.64801134e-19,0,0,0,-0.0565706726,-0.0223428716,-0.0597562894,
127.76,object_red_01,RED,-0.251637109,0.210570233,0.0119470396,2.69752019e-18,1.70106358e-17,-2.5620248e-16,-1.69378322e-15,2.33845442e-16,6.1979597e-19,0,0,0,-0.0575783405,-0.0213808759,-0.0597562894,
127.8,object_red_01,RED,-0.251637109,0.210570233,0.0119470396,1.09042643e-18,1.16905412e-17,-2.52633677e-16,-5.27595538e-16,-2.37930219e-16,-6.98833612e-19,0,0,0,-0.0585784629,-0.020401938,-0.0597562894,
127.84,object_red_01,RED,-0.251637109,0.210570233,0.0119470396,-3.20045728e-18,1.43566876e-17,-2.63340084e-16,-1.26840119e-15,1.43949241e-17,1.1799083e-18,0,0,0,-0.0595714102,-0.019404996,-0.0597562894,
127.88,object_red_01,RED,-0.251637109,0.210570233,0.0119470396,-4.96438318e-18,1.33372787e-17,-2.59771282e-16,-2.24738606e-16,-1.345303e-17,1.41565404e-18,0,0,0,-0.0605582249,-0.0183906643,-0.0597562894,
127.92,object_red_01,RED,-0.251637109,0.210570233,0.0119470396,-2.73605989e-18,1.54858789e-17,-2.5620248e-16,-1.06167934e-15,1.10765358e-17,2.32041546e-19,0,0,0,-0.0615398436,-0.0173606645,-0.0597562894,
127.96,object_red_01,RED,-0.251637109,0.210570233,0.0119470396,-7.22189466e-18,1.29330003e-17,-2.5620248e-16,-4.23292113e-16,1.16901431e-17,-1.11355075e-18,0,0,0,-0.06251711,-0.0163172855,-0.0597562894,
128,object_red_01,RED,-0.251637109,0.210570233,0.0119470396,-5.73678145e-18,1.42085683e-17,-2.52633677e-16,-1.0145543e-15,-5.08521223e-16,-5.6758113e-19,0,0,0,-0.0634909676,-0.0152630227,-0.0597562894,
128.04,object_red_01,RED,-0.251637109,0.210570233,0.0119470396,-5.65945449e-18,1.63955053e-17,-2.59771282e-16,-1.22441781e-15,-5.02449241e-17,7.62647508e-19,0,0,0,-0.0644625761,-0.0142004006,-0.0597562894,
128.08,object_red_01,RED,-0.251637109,0.210570233,0.0119470396,-2.48011856e-18,1.47836195e-17,-2.59771282e-16,-6.83422341e-16,8.57795438e-17,9.97884513e-19,0,0,0,-0.0654333134,-0.013131924,-0.0597562894,
128.12,object_red_01,RED,-0.251637109,0.210570233,0.0119470396,-2.57683171e-18,1.40465084e-17,-2.5620248e-16,-8.08460784e-16,1.16474636e-16,1.62525103e-18,0,0,0,-0.0664047245,-0.0120600883,-0.0597562894,
128.16,object_red_01,RED,-0.251637109,0.210570233,0.0119470396,4.22582916e-19,1.49648477e-17,-2.5620248e-16,-1.16723943e-15,4.27077746e-16,-4.5199755e-19,0,0,0,-0.0673784639,-0.0109874033,-0.0597562894,
128.2,object_red_01,RED,-0.251637109,0.210570233,0.0119470396,2.15869446e-19,1.10248759e-17,-2.5620248e-16,-9.08365871e-16,1.11015985e-16,7.46164638e-19,0,0,0,-0.0683562576,-0.00991640642,-0.0597562894,
128.24,object_red_01,RED,-0.251637109,0.210570233,0.0119470396,1.86696333e-18,9.74930789e-18,-2.5620248e-16,-7.29290714e-16,2.07165796e-16,5.17744622e-19,0,0,0,-0.0693397947,-0.00884941971,-0.0597562894,
128.28,object_red_01,RED,-0.251637109,0.210570233,0.0119470396,8.54496287e-18,1.1488402e-17,-2.59771282e-16,-1.35511126e-15,2.00975725e-16,2.12302801e-19,0,0,0,-0.0703299501,-0.00778697508,-0.0597562894,
128.32,object_red_01,RED,-0.251637109,0.210570233,0.0119470396,1.50371812e-20,1.34540315e-17,-2.59771282e-16,-6.94732351e-16,-1.71263012e-16,1.0139604e-18,0,0,0,-0.071326625,-0.00672779328,-0.0597562894,
128.36,object_red_01,RED,-0.251637109,0.210570233,0.0119470396,4.25516827e-18,7.6268463e-18,-2.5620248e-16,-7.07299028e-16,8.4110532e-17,9.89236094e-19,0,0,0,-0.07232916,-0.00566981787,-0.0597562894,
128.4,object_red_01,RED,-0.251637109,0.210570233,0.0119470396,7.25262249e-18,5.59151367e-18,-2.52633677e-16,-6.22473954e-16,-1.5187793e-16,1.07378711e-18,0,0,0,-0.073336413,-0.00461073994,-0.0597562894,
128.44,object_red_01,RED,-0.251637109,0.210570233,0.0119470396,-6.9288566e-19,1.05962014e-17,-2.45496072e-16,-7.53167402e-16,2.30792132e-16,6.26342732e-20,0,0,0,-0.0743468044,-0.00354823255,-0.0597562894,
128.48,object_red_01,RED,-0.251637109,0.210570233,0.0119470396,-4.55444139e-18,1.0212834e-17,-2.52633677e-16,-4.97435511e-16,1.37837988e-16,-6.42873251e-19,0,0,0,-0.0753584209,-0.00248001122,-0.0597562894,
128.52,object_red_01,RED,-0.251637109,0.210570233,0.0119470396,-3.54156717e-18,1.27639701e-17,-2.52633677e-16,-1.37647461e-15,2.41218547e-16,-9.38547446e-19,0,0,0,-0.0763691376,-0.00140381938,-0.0597562894,
128.56,object_red_01,RED,-0.251637109,0.210570233,0.0119470396,3.96677139e-18,7.74534169e-18,-2.52633677e-16,-1.31741123e-15,-1.50366001e-16,1.96823716e-18,0,0,0,-0.0773767128,-0.000317401295,-0.0597562894,
128.6,object_red_01,RED,-0.251637109,0.210570233,0.0119470396,3.41916585e-18,3.37146764e-18,-2.52633677e-16,-2.49871962e-16,-1.2551736e-16,3.79268167e-19,0,0,0,-0.0783788357,0.00078151515,-0.0597562894,
128.64,object_red_01,RED,-0.251637109,0.210570233,0.0119470396,-1.6049081e-18,1.1190421e-17,-2.52633677e-16,-4.75484512e-17,1.36164067e-16,-6.57524691e-19,0,0,0,-0.0793731418,0.00189521958,-0.0597562894,
128.68,object_red_01,RED,-0.251637109,0.210570233,0.0119470396,-7.34707564e-19,1.34662295e-17,-2.59771282e-16,-1.82007834e-15,-3.8493117e-17,-9.85859387e-19,0,0,0,-0.0803573588,0.00302602749,-0.0597562894,
128.72,object_red_01,RED,-0.251637109,0.210570233,0.0119470396,-4.83340499e-19,1.40918155e-17,-2.5620248e-16,-6.42580638e-16,-1.94874621e-16,-8.17978306e-19,0,0,0,-0.0813308065,0.00417558437,-0.0597562894,
128.76,object_red_01,RED,-0.251637109,0.210570233,0.0119470396,-4.86309575e-18,1.00560018e-17,-2.52633677e-16,-5.37020546e-16,-1.53276954e-16,4.95665716e-19,0,0,0,-0.0822945937,0.00534371556,-0.0597562894,
128.8,object_red_01,RED,-0.251637109,0.210570233,0.0119470396,-3.34204184e-18,1.39314982e-17,-2.52633677e-16,-8.21655795e-16,-3.55909723e-16,-3.7687391e-20,0,0,0,-0.0832501362,0.00652878286,-0.0597562894,
128.84,object_red_01,RED,-0.251637109,0.210570233,0.0119470396,-5.53486007e-18,1.19414726e-17,-2.5620248e-16,-1.15718609e-15,6.73369626e-17,1.70878458e-18,0,0,0,-0.0841987697,0.00772830891,-0.0597562894,
128.88,object_red_01,RED,-0.251637109,0.210570233,0.0119470396,-5.72131606e-18,1.10440443e-17,-2.5620248e-16,-6.60173987e-16,3.85813882e-16,6.24069306e-19,0,0,0,-0.0851418885,0.00893944846,-0.0597562894,
128.92,object_red_01,RED,-0.251637109,0.210570233,0.0119470396,2.91664954e-18,5.31792872e-18,-2.52633677e-16,-9.52977577e-16,-1.97579402e-16,2.59774034e-18,0,0,0,-0.0860811078,0.0101592637,-0.0597562894,
128.96,object_red_01,RED,-0.251637109,0.210570233,0.0119470396,3.13360067e-18,1.4553599e-17,-2.5620248e-16,-1.10503438e-15,-1.75857703e-16,1.9972348e-18,0,0,0,-0.0870183114,0.0113848323,-0.0597562894,
129,object_red_01,RED,-0.251637109,0.210570233,0.0119470396,-3.45879466e-18,1.43514598e-17,-2.5620248e-16,-5.76605581e-16,-2.49313861e-16,1.55240081e-18,0,0,0,-0.0879556104,0.0126132604,-0.0597562894,
129.04,object_red_01,RED,-0.251637109,0.210570233,0.0119470396,3.27954168e-18,1.33791006e-17,-2.59771282e-16,-8.82604182e-16,4.37263627e-16,7.458594e-19,0,0,0,-0.0888952749,0.013841662,-0.0597562894,
129.08,object_red_01,RED,-0.251637109,0.210570233,0.0119470396,4.23883159e-18,1.36317746e-17,-2.63340084e-16,-1.21185114e-15,8.57942704e-17,8.71312353e-19,0,0,0,-0.0898396743,0.015067153,-0.0597562894,
129.12,object_red_01,RED,-0.251637109,0.210570233,0.0119470396,4.11423717e-18,1.04236861e-17,-2.59771282e-16,-4.59735478e-16,-4.30740361e-16,2.18916298e-19,0,0,0,-0.0907907492,0.0162877087,-0.0597562894,
129.16,object_red_01,RED,-0.251637109,0.210570233,0.0119470396,9.49713155e-19,1.50118974e-17,-2.59771282e-16,-9.95704281e-16,-4.95724105e-17,-4.16488157e-19,0,0,0,-0.0917488977,0.0175037754,-0.0597562894,
129.2,object_red_01,RED,-0.251637109,0.210570233,0.0119470396,-3.60233963e-18,1.55259583e-17,-2.59771282e-16,-3.21502024e-16,-1.57012596e-16,-5.95764803e-19,0,0,0,-0.0927135192,0.0187172631,-0.0597562894,
129.24,object_red_01,RED,-0.251637109,0.210570233,0.0119470396,2.15470674e-18,1.52506307e-17,-2.5620248e-16,-8.06575782e-16,2.08353464e-17,-4.33886742e-19,0,0,0,-0.0936833959,0.0199306434,-0.0597562894,
129.28,object_red_01,RED,-0.251637109,0.210570233,0.0119470396,-5.86921748e-18,1.26071379e-17,-2.52633677e-16,-1.19677112e-15,-3.06438523e-17,-4.06924023e-19,0,0,0,-0.0946567374,0.0211465209,-0.0597562894,
129.32,object_red_01,RED,-0.251637109,0.210570233,0.0119470396,-3.94933073e-18,1.16016697e-17,-2.59771282e-16,-1.2834812e-15,5.693561e-16,-2.10333691e-18,0,0,0,-0.095631259,0.0223674599,-0.0597562894,
129.36,object_red_01,RED,-0.251637109,0.210570233,0.0119470396,6.47375646e-19,1.27639701e-17,-2.52633677e-16,-9.25330886e-16,-4.28978081e-16,-3.73347807e-19,0,0,0,-0.0966043232,0.0235959594,-0.0597562894,
129.4,object_red_01,RED,-0.251637109,0.210570233,0.0119470396,9.86089497e-19,1.55730079e-17,-2.63340084e-16,-6.83422341e-16,-1.77183095e-16,2.26547256e-19,0,0,0,-0.0975730828,0.0248344809,-0.0597562894,
129.44,object_red_01,RED,-0.251637109,0.210570233,0.0119470396,-5.31697075e-19,1.31734762e-17,-2.52633677e-16,-5.5712723e-16,-4.25635148e-16,1.34911208e-18,0,0,0,-0.0985345754,0.0260854793,-0.0597562894,
129.48,object_red_01,RED,-0.251637109,0.210570233,0.0119470396,-7.64767057e-19,1.41998554e-17,-2.59771282e-16,-7.32432384e-16,-5.86734341e-17,4.00431357e-19,0,0,0,-0.0994857705,0.0273514125,-0.0597562894,
129.52,object_red_01,RED,-0.251637109,0.210570233,0.0119470396,-4.00552891e-18,1.50659173e-17,-2.5620248e-16,-6.52633981e-16,-1.76927834e-16,9.63901313e-19,0,0,0,-0.100423774,0.0286347696,-0.0597562894,
129.56,object_red_01,RED,-0.251637109,0.210570233,0.0119470396,-3.68903295e-18,1.4334034e-17,-2.52633677e-16,-7.22379042e-16,2.58188471e-16,1.4427185e-18,0,0,0,-0.101347738,0.0299372858,-0.0597562894,
129.6,object_red_01,RED,-0.251637109,0.210570233,0.0119470396,-2.69227759e-18,1.66882587e-17,-2.59771282e-16,-1.20808113e-15,-1.16818863e-16,5.82556894e-19,0,0,0,-0.10225906,0.0312586774,-0.0597562894,
129.64,object_red_01,RED,-0.251637109,0.210570233,0.0119470396,2.89377819e-18,1.08192516e-17,-2.52633677e-16,-1.24326783e-15,4.20857947e-17,1.97956599e-19,0,0,0,-0.103159576,0.0325970522,-0.0597562894,
129.68,object_red_01,RED,-0.251637109,0.210570233,0.0119470396,4.41570339e-18,1.5125165e-17,-2.59771282e-16,-7.35574053e-16,2.25088038e-16,-1.44215568e-19,0,0,0,-0.104051094,0.0339496008,-0.0597562894,
129.72,object_red_01,RED,-0.251637109,0.210570233,0.0119470396,9.1400537e-18,5.44339443e-18,-2.5620248e-16,-7.79557425e-16,7.84358916e-17,1.26130519e-18,0,0,0,-0.104935544,0.0353131283,-0.0597562894,
129.76,object_red_01,RED,-0.251637109,0.210570233,0.0119470396,6.23147102e-18,4.06849936e-18,-2.52633677e-16,-8.39249144e-16,1.56722366e-16,2.70581456e-21,0,0,0,-0.105815146,0.0366843596,-0.0597562894,
129.8,object_red_01,RED,-0.251637109,0.210570233,0.0119470396,4.81845703e-18,4.60695637e-18,-2.52633677e-16,3.94170269e-16,8.12631183e-18,2.85661746e-19,0,0,0,-0.106692452,0.0380600561,-0.0597562894,
129.84,object_red_01,RED,-0.251637109,0.210570233,0.0119470396,3.80231547e-18,6.55167487e-18,-2.59771282e-16,-6.32527296e-16,-2.64496961e-16,2.03803499e-18,0,0,0,-0.107570286,0.039437029,-0.0597562894,
129.88,object_red_01,RED,-0.251637109,0.210570233,0.0119470396,-2.36329883e-19,1.325712e-17,-2.5620248e-16,-9.09622539e-16,-3.01411576e-16,1.14796003e-18,0,0,0,-0.108451657,0.0408121161,-0.0597562894,
129.92,object_red_01,RED,-0.251637109,0.210570233,0.0119470396,-2.86392165e-18,1.04846764e-17,-2.5620248e-16,-7.61335742e-16,1.38589043e-16,6.76875537e-19,0,0,0,-0.109339456,0.0421825038,-0.0597562894,
129.96,object_red_01,RED,-0.251637109,0.210570233,0.0119470396,-1.85845339e-18,1.35585862e-17,-2.49064875e-16,-5.4895889e-16,2.81878622e-16,1.43610501e-18,0,0,0,-0.11023482,0.0435477581,-0.0597562894,
130,object_red_01,RED,-0.251637109,0.210570233,0.0119470396,-7.44945217e-19,1.71587551e-17,-2.5620248e-16,-5.10002189e-16,-8.55101633e-17,9.83233074e-19,0,0,0,-0.1111372,0.0449095667,-0.0597562894,
130.04,object_red_01,RED,-0.251637109,0.210570233,0.0119470396,-5.95286128e-18,1.45100345e-17,-2.59771282e-16,-8.4993082e-16,-6.07989698e-17,-7.06261078e-19,0,0,0,-0.112045242,0.0462704481,-0.0597562894,
130.08,object_red_01,RED,-0.251637109,0.210570233,0.0119470396,-5.57646415e-18,9.83295169e-18,-2.5620248e-16,-8.32965805e-16,-2.02272546e-17,3.00923662e-19,0,0,0,-0.112956902,0.047633175,-0.0597562894,
130.12,object_red_01,RED,-0.251637109,0.210570233,0.0119470396,5.37375327e-19,1.61968513e-17,-2.59771282e-16,-8.15372456e-16,4.14648516e-16,4.85796343e-19,0,0,0,-0.113869503,0.0490004996,-0.0597562894,
130.16,object_red_01,RED,-0.251637109,0.210570233,0.0119470396,1.46878396e-18,1.26228212e-17,-2.52633677e-16,-3.95645422e-16,3.89392164e-17,-1.25457086e-18,0,0,0,-0.114779876,0.0503750782,-0.0597562894,
130.2,object_red_01,RED,-0.251637109,0.210570233,0.0119470396,-6.79975483e-18,1.52105514e-17,-2.5620248e-16,-1.18923112e-15,-4.41868743e-16,-5.92508927e-19,0,0,0,-0.115684543,0.0517594905,-0.0597562894,
130.24,object_red_01,RED,-0.251637109,0.210570233,0.0119470396,-6.88775508e-18,1.27082075e-17,-2.5620248e-16,-9.80624268e-16,1.06357479e-16,-1.69346857e-19,0,0,0,-0.116579852,0.0531562778,-0.0597562894,
130.28,object_red_01,RED,-0.251637109,0.210570233,0.0119470396,-5.49456293e-18,1.22690776e-17,-2.52633677e-16,-9.52977577e-16,9.6907926e-17,1.35216447e-18,0,0,0,-0.11746206,0.054567968,-0.0597562894,
130.32,object_red_01,RED,-0.251637109,0.210570233,0.0119470396,-1.17492666e-18,1.37903493e-17,-2.52633677e-16,-1.07236101e-15,-2.54026365e-16,-1.05911659e-18,0,0,0,-0.118327727,0.055997117,-0.0597562894,
130.36,object_red_01,RED,-0.251637109,0.210570233,0.0119470396,-8.53972026e-18,1.40970432e-17,-2.5620248e-16,-6.64572324e-16,-2.80617652e-16,-9.5492857e-19,0,0,0,-0.119176202,0.0574453114,-0.0597562894,
130.4,object_red_01,RED,-0.251637109,0.210570233,0.0119470396,-1.55393766e-18,1.85806998e-17,-2.59771282e-16,-1.22316115e-15,-5.53496185e-16,1.73910492e-18,0,0,0,-0.120009325,0.0589119801,-0.0597562894,
130.44,object_red_01,RED,-0.251637109,0.210570233,0.0119470396,-5.3368595e-18,1.40273401e-17,-2.59771282e-16,-6.70855663e-16,2.18092915e-16,2.38814336e-18,0,0,0,-0.120829402,0.060394913,-0.0597562894,
130.48,object_red_01,RED,-0.251637109,0.210570233,0.0119470396,1.39886297e-18,1.31142285e-17,-2.5620248e-16,-1.26588785e-15,3.28100433e-16,2.61605464e-18,0,0,0,-0.121638775,0.0618909967,-0.0597562894,
130.52,object_red_01,RED,-0.251637109,0.210570233,0.0119470396,3.13556107e-18,1.07129542e-17,-2.52633677e-16,-9.05224202e-16,5.4441419e-16,6.04839292e-19,0,0,0,-0.122439994,0.0633967693,-0.0597562894,
130.56,object_red_01,RED,-0.251637109,0.210570233,0.0119470396,-4.14863824e-18,1.37241313e-17,-2.5620248e-16,-1.05979434e-15,7.00908322e-17,1.36864734e-18,0,0,0,-0.123235987,0.0649087277,-0.0597562894,
130.6,object_red_01,RED,-0.251637109,0.210570233,0.0119470396,-8.19577867e-18,1.35829824e-17,-2.52633677e-16,-8.95170859e-16,-3.55860634e-16,4.14675813e-19,0,0,0,-0.12403007,0.0664234376,-0.0597562894,
130.64,object_red_01,RED,-0.251637109,0.210570233,0.0119470396,-3.44594314e-18,1.23352956e-17,-2.59771282e-16,-9.5674758e-16,1.04835732e-16,6.92646184e-19,0,0,0,-0.124825866,0.0679375362,-0.0597562894,
130.68,object_red_01,RED,-0.251637109,0.210570233,0.0119470396,2.88310489e-18,1.03626958e-17,-2.52633677e-16,-7.35574053e-16,4.08159006e-16,-1.3281333e-18,0,0,0,-0.125627137,0.069447776,-0.0597562894,
130.72,object_red_01,RED,-0.251637109,0.210570233,0.0119470396,9.70624106e-19,1.41458355e-17,-2.52633677e-16,-1.03591765e-15,2.3729146e-16,6.1613311e-19,0,0,0,-0.126436303,0.0709525629,-0.0597562894,
130.76,object_red_01,RED,-0.251637109,0.210570233,0.0119470396,2.75110451e-18,8.6114036e-18,-2.5620248e-16,-1.38464295e-15,1.51813508e-16,-5.8589543e-19,0,0,0,-0.127253146,0.0724531022,-0.0597562894,
130.8,object_red_01,RED,-0.251637109,0.210570233,0.0119470396,1.32523899e-18,1.12183022e-17,-2.52633677e-16,-4.89267171e-16,-5.9370492e-17,1.99009071e-20,0,0,0,-0.128076253,0.0739517971,-0.0597562894,
130.84,object_red_01,RED,-0.251637109,0.210570233,0.0119470396,-5.56535521e-18,1.16278084e-17,-2.59771282e-16,-8.14744122e-16,4.20904278e-18,-4.59119777e-19,0,0,0,-0.128903413,0.0754514645,-0.0597562894,
130.88,object_red_01,RED,-0.251637109,0.210570233,0.0119470396,-2.64348537e-18,1.22237705e-17,-2.5620248e-16,-8.92657524e-16,9.07372152e-18,3.54645608e-19,0,0,0,-0.129731642,0.0769549523,-0.0597562894,
130.92,object_red_01,RED,-0.251637109,0.210570233,0.0119470396,-4.60955046e-18,1.55416415e-17,-2.52633677e-16,-3.8559208e-16,2.0570268e-17,-1.12514981e-18,0,0,0,-0.130557309,0.0784649898,-0.0597562894,
130.96,object_red_01,RED,-0.251637109,0.210570233,0.0119470396,1.34614995e-18,1.16504619e-17,-2.52633677e-16,-1.10503438e-15,-8.47541991e-17,-5.11315532e-19,0,0,0,-0.131376337,0.0799841845,-0.0597562894,
131,object_red_01,RED,-0.251637109,0.210570233,0.0119470396,4.14255408e-18,1.51216799e-17,-2.52633677e-16,-7.0168471e-17,2.44846193e-16,-9.61236829e-19,0,0,0,-0.132184396,0.0815150649,-0.0597562894,
131.04,object_red_01,RED,-0.251637109,0.210570233,0.0119470396,-1.40923666e-19,1.19501855e-17,-2.5620248e-16,-2.7060698e-16,1.0626421e-16,-5.48656354e-19,0,0,0,-0.132977024,0.0830601175,-0.0597562894,
131.08,object_red_01,RED,-0.251637109,0.210570233,0.0119470396,1.91401298e-18,1.05073299e-17,-2.52633677e-16,-1.16032776e-15,1.86715492e-16,-1.31663599e-18,0,0,0,-0.13375012,0.0846218705,-0.0597562894,
131.12,object_red_01,RED,-0.251637109,0.210570233,0.0119470396,-4.69624378e-18,1.3004446e-17,-2.52633677e-16,-7.89610767e-16,1.5238972e-18,1.0426528e-18,0,0,0,-0.134502887,0.0862019241,-0.0597562894,
131.16,object_red_01,RED,-0.251637109,0.210570233,0.0119470396,-4.30939118e-18,1.47975601e-17,-2.52633677e-16,-9.28472555e-16,8.13861155e-17,6.2396756e-19,0,0,0,-0.135237507,0.0877996775,-0.0597562894,
131.2,object_red_01,RED,-0.251637109,0.210570233,0.0119470396,-3.47404223e-18,1.41650038e-17,-2.52633677e-16,-1.27531286e-15,3.84974191e-17,1.18876022e-18,0,0,0,-0.135956778,0.0894128244,-0.0597562894,
131.24,object_red_01,RED,-0.251637109,0.210570233,0.0119470396,-9.13982101e-18,1.38983892e-17,-2.5620248e-16,-4.66018817e-16,1.81271567e-16,4.89255711e-19,0,0,0,-0.136663605,0.0910381158,-0.0597562894,
131.28,object_red_01,RED,-0.251637109,0.210570233,0.0119470396,1.25009026e-18,1.44664701e-17,-2.5620248e-16,-1.02774931e-15,1.93185091e-17,2.14541215e-19,0,0,0,-0.137361171,0.0926719563,-0.0597562894,
131.32,object_red_01,RED,-0.251637109,0.210570233,0.0119470396,1.06186322e-17,5.917376e-18,-2.59771282e-16,-1.21562114e-15,2.94838008e-16,1.59889878e-18,0,0,0,-0.138053107,0.0943107339,-0.0597562894,
131.36,object_red_01,RED,-0.251637109,0.210570233,0.0119470396,9.35591571e-18,7.86035192e-18,-2.59771282e-16,-1.06859101e-15,-2.03337493e-16,-2.33141668e-19,0,0,0,-0.138743498,0.0959509359,-0.0597562894,
131.4,object_red_01,RED,-0.251637109,0.210570233,0.0119470396,1.45527897e-18,1.32745458e-17,-2.5620248e-16,-9.49835907e-16,-3.12726495e-16,6.03923577e-19,0,0,0,-0.139436767,0.0975891503,-0.0597562894,
131.44,object_red_01,RED,-0.251637109,0.210570233,0.0119470396,9.6735677e-19,1.61881384e-17,-2.59771282e-16,-8.86374185e-16,9.92445426e-17,-5.43976033e-19,0,0,0,-0.140137149,0.0992224383,-0.0597562894,
131.48,object_red_01,RED,-0.251637109,0.210570233,0.0119470396,2.79510464e-18,1.13280847e-17,-2.59771282e-16,-7.60707408e-16,2.24832777e-16,9.59119246e-19,0,0,0,-0.140846015,0.100850586,-0.0597562894,
131.52,object_red_01,RED,-0.251637109,0.210570233,0.0119470396,-6.55638028e-19,1.09656282e-17,-2.52633677e-16,-1.12891106e-15,3.74714677e-17,6.68328864e-19,0,0,0,-0.141562248,0.10247553,-0.0597562894,
131.56,object_red_01,RED,-0.251637109,0.210570233,0.0119470396,1.27644677e-18,1.36526855e-17,-2.52633677e-16,-9.12135874e-16,1.47042097e-16,-1.15882777e-18,0,0,0,-0.142283724,0.104099931,-0.0597562894,
131.6,object_red_01,RED,-0.251637109,0.210570233,0.0119470396,-2.85339926e-19,1.4201598e-17,-2.52633677e-16,-6.79024004e-16,7.40400364e-16,5.18151606e-19,0,0,0,-0.143007433,0.105726633,-0.0597562894,
131.64,object_red_01,RED,-0.251637109,0.210570233,0.0119470396,-9.3205467e-19,1.04689931e-17,-2.52633677e-16,-4.29575452e-16,-2.96762887e-16,3.27209169e-20,0,0,0,-0.143729528,0.107358387,-0.0597562894,
131.68,object_red_01,RED,-0.251637109,0.210570233,0.0119470396,-8.09754076e-18,1.13855899e-17,-2.52633677e-16,-3.34697036e-16,1.06052854e-17,-6.14893071e-19,0,0,0,-0.144445511,0.108997771,-0.0597562894,
131.72,object_red_01,RED,-0.251637109,0.210570233,0.0119470396,-4.33988632e-18,1.38548247e-17,-2.52633677e-16,-9.51092575e-16,-3.44236733e-17,2.37027105e-19,0,0,0,-0.145150471,0.110647225,-0.0597562894,
131.76,object_red_01,RED,-0.251637109,0.210570233,0.0119470396,-5.33184959e-18,1.3278031e-17,-2.5620248e-16,-5.99853934e-16,-4.66565486e-17,-7.65544049e-20,0,0,0,-0.145839279,0.112309099,-0.0597562894,
131.8,object_red_01,RED,-0.251637109,0.210570233,0.0119470396,1.53217029e-18,1.29225448e-17,-2.59771282e-16,-1.08178602e-15,4.19498469e-16,-2.45249455e-19,0,0,0,-0.146506854,0.113985762,-0.0597562894,
131.84,object_red_01,RED,-0.251637109,0.210570233,0.0119470396,4.94435838e-18,1.10754107e-17,-2.5620248e-16,-8.16629124e-16,-9.53082448e-17,2.18814552e-19,0,0,0,-0.1471509,0.115679222,-0.0597562894,
131.88,object_red_01,RED,-0.251637109,0.210570233,0.0119470396,-3.30283381e-18,1.50380361e-17,-2.5620248e-16,-3.73025403e-16,1.95168546e-16,-1.21346543e-18,0,0,0,-0.147773352,0.117389491,-0.0597562894,
131.92,object_red_01,RED,-0.251637109,0.210570233,0.0119470396,-1.9752062e-18,1.28929209e-17,-2.52633677e-16,-1.20870947e-15,-1.71454457e-16,1.0583217e-18,0,0,0,-0.148377422,0.119114653,-0.0597562894,
131.96,object_red_01,RED,-0.251637109,0.210570233,0.0119470396,-4.93018506e-18,1.2673356e-17,-2.49064875e-16,-1.08555603e-15,-3.08549332e-17,-1.44724298e-19,0,0,0,-0.148966535,0.120851626,-0.0597562894,
132,object_red_01,RED,-0.251637109,0.210570233,0.0119470396,2.11005315e-18,1.26681282e-17,-2.52633677e-16,-8.28567468e-16,1.12159749e-16,3.96158021e-19,0,0,0,-0.149544401,0.122596848,-0.0597562894,
132.04,object_red_01,RED,-0.251637109,0.210570233,0.0119470396,-3.3805295e-19,8.17227362e-18,-2.59771282e-16,-5.67808906e-16,1.12513187e-16,-8.44228802e-19,0,0,0,-0.150115221,0.124346701,-0.0597562894,
132.08,object_red_01,RED,-0.251637109,0.210570233,0.0119470396,1.01762349e-17,4.60869894e-18,-2.59771282e-16,-9.01454198e-16,2.11048703e-16,-9.00901386e-19,0,0,0,-0.150683725,0.126097686,-0.0597562894,
132.12,object_red_01,RED,-0.251637109,0.210570233,0.0119470396,7.56911846e-18,5.75357355e-18,-2.59771282e-16,-1.1276544e-15,-1.17996989e-16,1.30953285e-18,0,0,0,-0.151255058,0.127846442,-0.0597562894,
132.16,object_red_01,RED,-0.251637109,0.210570233,0.0119470396,2.83453049e-18,6.94898295e-18,-2.5620248e-16,-9.47950906e-16,-4.2227258e-16,-7.53878257e-19,0,0,0,-0.151834042,0.12959021,-0.0597562894,
132.2,object_red_01,RED,-0.251637109,0.210570233,0.0119470396,-1.15336224e-18,1.22324834e-17,-2.5620248e-16,-1.20431113e-15,-1.57312036e-16,2.6393545e-18,0,0,0,-0.15242189,0.13132912,-0.0597562894,
132.24,object_red_01,RED,-0.251637109,0.210570233,0.0119470396,-2.74912924e-18,1.22394537e-17,-2.5620248e-16,-1.23761283e-15,-1.91084982e-16,7.79130378e-19,0,0,0,-0.153017097,0.133065221,-0.0597562894,
132.28,object_red_01,RED,-0.251637109,0.210570233,0.0119470396,-5.45579054e-18,1.39663498e-17,-2.5620248e-16,-9.79995934e-16,-3.60681409e-17,3.70009271e-19,0,0,0,-0.153617103,0.134801132,-0.0597562894,
132.32,object_red_01,RED,-0.251637109,0.210570233,0.0119470396,-6.51549658e-18,1.25356922e-17,-2.59771282e-16,-7.55680737e-16,-1.44627546e-16,5.6251291e-19,0,0,0,-0.154218383,0.136539574,-0.0597562894,
132.36,object_red_01,RED,-0.251637109,0.210570233,0.0119470396,1.52345739e-18,1.37415571e-17,-2.5620248e-16,-7.72017418e-16,-1.10697516e-16,-5.47435401e-19,0,0,0,-0.154816481,0.138283113,-0.0597562894,
132.4,object_red_01,RED,-0.251637109,0.210570233,0.0119470396,5.35103283e-18,1.41318948e-17,-2.59771282e-16,-4.76700493e-16,3.27678271e-16,8.69887907e-19,0,0,0,-0.155406227,0.140034102,-0.0597562894,
132.44,object_red_01,RED,-0.251637109,0.210570233,0.0119470396,9.7280233e-19,1.13908176e-17,-2.59771282e-16,-2.68721978e-16,8.46357798e-17,-3.21355545e-19,0,0,0,-0.155982006,0.141794718,-0.0597562894,
132.48,object_red_01,RED,-0.251637109,0.210570233,0.0119470396,1.74918832e-19,1.46877776e-17,-2.52633677e-16,-1.33311958e-15,-1.08326537e-16,-5.26440691e-20,0,0,0,-0.156537978,0.14356703,-0.0597562894,
132.52,object_red_01,RED,-0.251637109,0.210570233,0.0119470396,4.25778214e-18,5.87032636e-18,-2.5620248e-16,-8.22912463e-16,2.7590945e-16,2.15253438e-19,0,0,0,-0.157068836,0.145353203,-0.0597562894,
132.56,object_red_01,RED,-0.251637109,0.210570233,0.0119470396,-7.47559086e-19,1.33616748e-17,-2.52633677e-16,-7.48769065e-16,-1.1171365e-16,-3.44315155e-20,0,0,0,-0.15757379,0.147154668,-0.0597562894,
132.6,object_red_01,RED,-0.251637109,0.210570233,0.0119470396,-7.48088551e-18,1.12479261e-17,-2.52633677e-16,-4.15123773e-16,-2.20312326e-16,1.0426528e-18,0,0,0,-0.158055801,0.148970808,-0.0597562894,
132.64,object_red_01,RED,-0.251637109,0.210570233,0.0119470396,3.20700682e-18,1.18787398e-17,-2.52633677e-16,-4.97435511e-16,5.67043752e-17,-1.36974746e-18,0,0,0,-0.158518678,0.15079933,-0.0597562894,
132.68,object_red_01,RED,-0.251637109,0.210570233,0.0119470396,-2.62562393e-18,1.21924041e-17,-2.59771282e-16,-7.02900691e-16,1.85075933e-16,1.87157836e-18,0,0,0,-0.158966485,0.15263702,-0.0597562894,
132.72,object_red_01,RED,-0.251637109,0.210570233,0.0119470396,-3.57837916e-18,1.55329286e-17,-2.59771282e-16,-1.18734612e-15,3.86299859e-16,8.67344255e-19,0,0,0,-0.159403717,0.154480379,-0.0597562894,
132.76,object_red_01,RED,-0.251637109,0.210570233,0.0119470396,3.69601813e-18,1.55259583e-17,-2.59771282e-16,-1.33688958e-15,4.33621254e-16,-1.87254172e-19,0,0,0,-0.159835465,0.156325968,-0.0597562894,
132.8,object_red_01,RED,-0.251637109,0.210570233,0.0119470396,2.31545968e-18,5.68909811e-18,-2.5620248e-16,-1.37647461e-15,-2.78600111e-16,-7.54183495e-19,0,0,0,-0.160267371,0.158170518,-0.0597562894,
132.84,object_red_01,RED,-0.251637109,0.210570233,0.0119470396,6.27634244e-18,6.10731714e-18,-2.5620248e-16,-1.13205273e-15,-2.42971616e-16,9.72447986e-19,0,0,0,-0.160705348,0.160011027,-0.0597562894,
132.88,object_red_01,RED,-0.251637109,0.210570233,0.0119470396,-3.95775889e-19,1.19641262e-17,-2.52633677e-16,-1.05036933e-15,-1.84948909e-16,2.57376327e-19,0,0,0,-0.161152655,0.16184652,-0.0597562894,
132.92,object_red_01,RED,-0.251637109,0.210570233,0.0119470396,-1.82229487e-18,1.29469409e-17,-2.5620248e-16,-1.23070115e-15,3.85941512e-16,1.29925649e-18,0,0,0,-0.161608247,0.163678634,-0.0597562894,
132.96,object_red_01,RED,-0.251637109,0.210570233,0.0119470396,3.58057226e-18,1.22516518e-17,-2.52633677e-16,-1.85153572e-16,1.08232662e-16,2.10630663e-18,0,0,0,-0.162069602,0.165509732,-0.0597562894,
133,object_red_01,RED,-0.251637109,0.210570233,0.0119470396,-1.48227408e-18,1.39280131e-17,-2.5620248e-16,-5.77233915e-16,3.54004479e-16,1.0400074e-18,0,0,0,-0.162533187,0.167342336,-0.0597562894,
133.04,object_red_01,RED,-0.251637109,0.210570233,0.0119470396,-3.27124956e-18,1.49247684e-17,-2.59771282e-16,-4.29575452e-16,8.76694543e-17,8.91900078e-20,0,0,0,-0.162994414,0.16917883,-0.0597562894,
133.08,object_red_01,RED,-0.251637109,0.210570233,0.0119470396,-3.91774648e-18,1.33738728e-17,-2.59771282e-16,-9.44180902e-16,2.94460026e-16,1.40978778e-19,0,0,0,-0.163447795,0.171021337,-0.0597562894,
133.12,object_red_01,RED,-0.251637109,0.210570233,0.0119470396,-5.51416694e-18,1.31386246e-17,-2.59771282e-16,-5.89800592e-16,-1.64380792e-16,1.37271718e-18,0,0,0,-0.163887238,0.17287174,-0.0597562894,
133.16,object_red_01,RED,-0.251637109,0.210570233,0.0119470396,-2.51801966e-18,1.50746302e-17,-2.59771282e-16,-1.01958097e-15,1.35800812e-16,2.12197553e-18,0,0,0,-0.164306325,0.174731757,-0.0597562894,
133.2,object_red_01,RED,-0.251637109,0.210570233,0.0119470396,-3.92820196e-18,1.46337577e-17,-2.63340084e-16,-1.05853767e-15,4.93999938e-17,-1.46577593e-21,0,0,0,-0.164698832,0.176603172,-0.0597562894,
133.24,object_red_01,RED,-0.251637109,0.210570233,0.0119470396,-1.32827364e-18,1.46686093e-17,-2.52633677e-16,-1.35825293e-15,4.29448449e-17,-4.91271548e-19,0,0,0,-0.165062764,0.178487565,-0.0597562894,
133.28,object_red_01,RED,-0.251637109,0.210570233,0.0119470396,-1.84385929e-18,1.37398145e-17,-2.52633677e-16,-1.13770774e-15,-1.08130183e-16,-7.5509921e-19,0,0,0,-0.16540099,0.180384788,-0.0597562894,
133.32,object_red_01,RED,-0.251637109,0.210570233,0.0119470396,-3.29455656e-18,2.50752929e-17,-2.52633677e-16,-3.52290384e-16,1.93470081e-16,7.87575305e-19,0,0,0,-0.165717722,0.182292965,-0.0597562894,
133.36,object_red_01,RED,-0.251637109,0.210570233,0.0119470396,-2.17603847e-18,1.23562065e-17,-2.49064875e-16,2.78516148e-17,5.32971641e-16,3.80231253e-18,0,0,0,-0.166017503,0.184209191,-0.0597562894,
133.4,object_red_01,RED,-0.251637109,0.210570233,0.0119470396,-3.32526952e-18,1.03156462e-17,-2.52633677e-16,-7.86469098e-16,4.69200661e-16,-5.87218129e-19,0,0,0,-0.166305333,0.186130212,-0.0597562894,
133.44,object_red_01,RED,-0.251637109,0.210570233,0.0119470396,-5.07961123e-18,1.26454747e-17,-2.5620248e-16,-4.55337141e-16,6.04743785e-17,1.73452635e-18,0,0,0,-0.166586863,0.188052833,-0.0597562894,
133.48,object_red_01,RED,-0.251637109,0.210570233,0.0119470396,1.92708232e-18,1.46633815e-17,-2.52633677e-16,-1.02712097e-15,-2.28932281e-16,6.96716029e-19,0,0,0,-0.166868368,0.189974062,-0.0597562894,
133.52,object_red_01,RED,-0.251637109,0.210570233,0.0119470396,-4.82236296e-18,1.01762398e-17,-2.52633677e-16,-7.52539068e-16,3.11616486e-16,3.23731639e-18,0,0,0,-0.167156379,0.191891238,-0.0597562894,
133.56,object_red_01,RED,-0.251637109,0.210570233,0.0119470396,-4.90862064e-18,1.23753749e-17,-2.52633677e-16,-7.78929091e-16,2.00303212e-16,4.12233906e-19,0,0,0,-0.167454132,0.193803834,-0.0597562894,
133.6,object_red_01,RED,-0.251637109,0.210570233,0.0119470396,2.52892565e-18,4.65400601e-18,-2.52633677e-16,-6.1367728e-16,-1.35025819e-16,1.28257013e-18,0,0,0,-0.167760161,0.195713602,-0.0597562894,
133.64,object_red_01,RED,-0.251637109,0.210570233,0.0119470396,-9.87599385e-19,1.28615545e-17,-2.5620248e-16,-1.11194605e-15,-4.63050468e-16,7.2388224e-19,0,0,0,-0.168071573,0.197622744,-0.0597562894,
133.68,object_red_01,RED,-0.251637109,0.210570233,0.0119470396,-4.10202424e-18,1.00699425e-17,-2.52633677e-16,-8.86374185e-16,9.00502507e-17,7.99661227e-21,0,0,0,-0.168384422,0.199533489,-0.0597562894,
133.72,object_red_01,RED,-0.251637109,0.210570233,0.0119470396,-1.65173992e-18,1.40621917e-17,-2.52633677e-16,-1.73399659e-15,2.68649248e-16,2.33465991e-19,0,0,0,-0.168693634,0.201447841,-0.0597562894,
133.76,object_red_01,RED,-0.251637109,0.210570233,0.0119470396,4.73989005e-19,1.34366057e-17,-2.52633677e-16,-1.07047601e-15,2.05997488e-16,-1.33963061e-18,0,0,0,-0.168993176,0.203367489,-0.0597562894,
133.8,object_red_01,RED,-0.251637109,0.210570233,0.0119470396,-5.85527684e-18,1.23300678e-17,-2.5620248e-16,-3.62343727e-16,-2.89070706e-16,-2.53761117e-20,0,0,0,-0.169276367,0.205293845,-0.0597562894,
133.84,object_red_01,RED,-0.251637109,0.210570233,0.0119470396,-5.4067805e-18,1.20861067e-17,-2.52633677e-16,-8.5809916e-16,1.90014244e-16,2.97715159e-18,0,0,0,-0.1695362,0.207228132,-0.0597562894,
133.88,object_red_01,RED,-0.251637109,0.210570233,0.0119470396,-5.40133494e-18,1.17375909e-17,-2.52633677e-16,-2.98253671e-16,4.00780991e-16,-3.20236338e-19,0,0,0,-0.169766433,0.209171781,-0.0597562894,
133.92,object_red_01,RED,-0.251637109,0.210570233,0.0119470396,-3.6804553e-20,1.56427111e-17,-2.52633677e-16,-9.7622593e-16,-1.33175179e-16,-7.31494113e-19,0,0,0,-0.169966477,0.211125987,-0.0597562894,
133.96,object_red_01,RED,-0.251637109,0.210570233,0.0119470396,-5.71565268e-18,1.33738728e-17,-2.63340084e-16,-8.22912463e-16,-2.5994154e-16,1.10258126e-18,0,0,0,-0.170140065,0.21309033,-0.0597562894,
134,object_red_01,RED,-0.251637109,0.210570233,0.0119470396,-2.14641462e-18,1.55503544e-17,-2.59771282e-16,-1.21876281e-15,-1.05877017e-16,4.67278551e-19,0,0,0,-0.170291947,0.215062892,-0.0597562894,
134.04,object_red_01,RED,-0.251637109,0.210570233,0.0119470396,-3.04950634e-18,1.42747863e-17,-2.52633677e-16,-1.15907109e-15,5.27085644e-17,1.20178372e-18,0,0,0,-0.170427255,0.217040947,-0.0597562894,
134.08,object_red_01,RED,-0.251637109,0.210570233,0.0119470396,3.79403822e-18,1.10231334e-17,-2.5620248e-16,-1.06042267e-15,3.43676241e-16,-1.53528838e-18,0,0,0,-0.170551699,0.219021581,-0.0597562894,
134.12,object_red_01,RED,-0.251637109,0.210570233,0.0119470396,7.01977033e-18,3.27911094e-18,-2.52633677e-16,-5.602689e-16,1.83456009e-16,1.93913777e-18,0,0,0,-0.17067171,0.221002037,-0.0597562894,
134.16,object_red_01,RED,-0.251637109,0.210570233,0.0119470396,7.66212863e-18,1.6376337e-17,-2.52633677e-16,4.85866329e-17,-2.91024707e-17,1.03837947e-18,0,0,0,-0.170794351,0.222979815,-0.0597562894,
134.2,object_red_01,RED,-0.251637109,0.210570233,0.0119470396,5.78842023e-18,1.3211813e-17,-2.49064875e-16,-9.69314258e-16,3.99749855e-17,8.33259308e-19,0,0,0,-0.17092596,0.22495323,-0.0597562894,
134.24,object_red_01,RED,-0.251637109,0.210570233,0.0119470396,-1.4474225e-18,1.17358483e-17,-2.52633677e-16,-5.75977247e-16,2.18308905e-16,-1.05911659e-18,0,0,0,-0.171067207,0.226923245,-0.0597562894,
134.28,object_red_01,RED,-0.251637109,0.210570233,0.0119470396,-1.82447309e-18,1.19310172e-17,-2.52633677e-16,-1.08115769e-15,8.36883701e-17,4.1813518e-19,0,0,0,-0.171215527,0.228891782,-0.0597562894,
134.32,object_red_01,RED,-0.251637109,0.210570233,0.0119470396,4.90994244e-18,1.55764931e-17,-2.5620248e-16,-1.63597651e-15,7.11609633e-17,5.69329899e-19,0,0,0,-0.171367313,0.230860779,-0.0597562894,
134.36,object_red_01,RED,-0.251637109,0.210570233,0.0119470396,3.07064999e-18,1.28197326e-17,-2.52633677e-16,-1.38656864e-16,9.42620513e-17,3.22927844e-18,0,0,0,-0.171517814,0.23283198,-0.0597562894,
134.4,object_red_01,RED,-0.251637109,0.210570233,0.0119470396,-2.38493016e-18,1.36160914e-17,-2.49064875e-16,-1.49648639e-15,-2.08658696e-16,-1.25131499e-18,0,0,0,-0.171661118,0.234806775,-0.0597562894,
134.44,object_red_01,RED,-0.251637109,0.210570233,0.0119470396,-1.96082993e-18,1.07112117e-17,-2.52633677e-16,-2.30841162e-18,3.43195173e-16,8.26544065e-19,0,0,0,-0.171790423,0.23678619,-0.0597562894,
134.48,object_red_01,RED,-0.251637109,0.210570233,0.0119470396,5.00621995e-18,1.33721303e-17,-2.52633677e-16,-8.10974119e-16,-2.98603709e-16,-4.43043892e-19,0,0,0,-0.171898393,0.238770977,-0.0597562894,
134.52,object_red_01,RED,-0.251637109,0.210570233,0.0119470396,-2.30586063e-18,1.43462321e-17,-2.59771282e-16,-8.77577511e-16,7.92998507e-17,1.03176597e-18,0,0,0,-0.171977603,0.24076185,-0.0597562894,
134.56,object_red_01,RED,-0.251637109,0.210570233,0.0119470396,-2.14765464e-19,1.32414368e-17,-2.52633677e-16,-5.35763878e-16,3.66811415e-17,-4.49046912e-19,0,0,0,-0.172024388,0.24276003,-0.0597562894,
134.6,object_red_01,RED,-0.251637109,0.210570233,0.0119470396,-1.80944335e-18,1.44420739e-17,-2.5620248e-16,-4.3083212e-16,-3.16452594e-17,1.240142e-18,0,0,0,-0.172041446,0.244765965,-0.0597562894,
134.64,object_red_01,RED,-0.251637109,0.210570233,0.0119470396,-5.64769208e-18,1.34453186e-17,-2.5620248e-16,-4.64133816e-16,4.18403517e-17,-1.48997635e-19,0,0,0,-0.172033634,0.246778615,-0.0597562894,
134.68,object_red_01,RED,-0.251637109,0.210570233,0.0119470396,-4.11705399e-18,1.1422184e-17,-2.5620248e-16,-2.73120315e-16,5.58011452e-17,3.00991383e-18,0,0,0,-0.172006337,0.248795894,-0.0597562894,
134.72,object_red_01,RED,-0.251637109,0.210570233,0.0119470396,-4.75331326e-18,1.34209225e-17,-2.52633677e-16,-1.40726297e-15,1.46070143e-16,3.39085127e-18,0,0,0,-0.171965463,0.250815346,-0.0597562894,
134.76,object_red_01,RED,-0.251637109,0.210570233,0.0119470396,1.21894166e-18,1.48550652e-17,-2.52633677e-16,-8.6124083e-16,-1.85493792e-16,8.02531983e-19,0,0,0,-0.171917671,0.252834611,-0.0597562894,
134.8,object_red_01,RED,-0.251637109,0.210570233,0.0119470396,-1.41359311e-19,1.32623478e-17,-2.5620248e-16,-2.37933618e-16,-8.59765049e-17,1.7240465e-18,0,0,0,-0.171870353,0.254851608,-0.0597562894,
134.84,object_red_01,RED,-0.251637109,0.210570233,0.0119470396,-2.61124765e-18,1.31943872e-17,-2.52633677e-16,-1.34442959e-15,3.32007884e-16,-1.64995625e-18,0,0,0,-0.171830934,0.256864762,-0.0597562894,
134.88,object_red_01,RED,-0.251637109,0.210570233,0.0119470396,2.69577762e-18,3.28433868e-18,-2.52633677e-16,4.78995343e-16,-4.14335232e-17,1.55402875e-18,0,0,0,-0.171801754,0.258874685,-0.0597562894,
134.92,object_red_01,RED,-0.251637109,0.210570233,0.0119470396,7.44888048e-18,3.2146355e-18,-2.5620248e-16,-9.54862578e-16,-1.78312133e-16,1.79038496e-18,0,0,0,-0.171780359,0.260883157,-0.0597562894,
134.96,object_red_01,RED,-0.251637109,0.210570233,0.0119470396,1.65916075e-18,1.70088933e-17,-2.59771282e-16,-1.40160797e-15,-6.48245095e-18,3.45484957e-18,0,0,0,-0.171763179,0.262891798,-0.0597562894,
135,object_red_01,RED,-0.251637109,0.210570233,0.0119470396,-1.91022821e-19,1.20878493e-17,-2.59771282e-16,-5.40162215e-16,-5.79557314e-16,2.23969578e-18,0,0,0,-0.171745548,0.264901963,-0.0597562894,
135.04,object_red_01,RED,-0.251637109,0.210570233,0.0119470396,-5.12252225e-18,1.20425422e-17,-2.5620248e-16,-5.50215558e-16,1.34288883e-16,-9.07616629e-19,0,0,0,-0.171721555,0.266914598,-0.0597562894,
135.08,object_red_01,RED,-0.251637109,0.210570233,0.0119470396,-1.61797745e-18,1.47174015e-17,-2.59771282e-16,-6.97245686e-16,-1.24692672e-16,-3.48725248e-19,0,0,0,-0.171684249,0.268930223,-0.0597562894,
135.12,object_red_01,RED,-0.251637109,0.210570233,0.0119470396,-1.04837184e-18,1.5464968e-17,-2.59771282e-16,-8.75692509e-16,-5.74884081e-16,-2.05771964e-19,0,0,0,-0.171626024,0.270949013,-0.0597562894,
135.16,object_red_01,RED,-0.251637109,0.210570233,0.0119470396,-2.85520875e-18,1.15075704e-17,-2.59771282e-16,-9.85650939e-16,2.87876971e-17,3.46404173e-19,0,0,0,-0.171539022,0.272971017,-0.0597562894,
135.2,object_red_01,RED,-0.251637109,0.210570233,0.0119470396,2.5032226e-18,1.57124143e-17,-2.5620248e-16,-1.03151931e-15,7.55197539e-18,5.62818148e-19,0,0,0,-0.171418427,0.274997026,-0.0597562894,
135.24,object_red_01,RED,-0.251637109,0.210570233,0.0119470396,-5.3582061e-18,1.36126062e-17,-2.5620248e-16,-5.55242229e-16,2.62724256e-16,6.5327044e-19,0,0,0,-0.171266429,0.277027777,-0.0597562894,
135.28,object_red_01,RED,-0.251637109,0.210570233,0.0119470396,-3.94584557e-18,1.08053109e-17,-2.59771282e-16,-9.28472555e-16,2.78903853e-16,2.74469674e-19,0,0,0,-0.171088043,0.279062786,-0.0597562894,
135.32,object_red_01,RED,-0.251637109,0.210570233,0.0119470396,2.87417417e-18,1.36143488e-17,-2.52633677e-16,-1.21813448e-15,3.3623932e-16,-2.7465408e-19,0,0,0,-0.17088893,0.281100532,-0.0597562894,
135.36,object_red_01,RED,-0.251637109,0.210570233,0.0119470396,5.44927074e-18,3.57186426e-18,-2.52633677e-16,-3.12077016e-16,-4.44931871e-16,7.7263848e-22,0,0,0,-0.170675298,0.283139096,-0.0597562894,
135.4,object_red_01,RED,-0.251637109,0.210570233,0.0119470396,1.26098138e-18,9.59421833e-18,-2.5620248e-16,-8.37364142e-16,-1.02936611e-16,-2.1900246e-18,0,0,0,-0.17045413,0.28517666,-0.0597562894,
135.44,object_red_01,RED,-0.251637109,0.210570233,0.0119470396,-3.80731052e-18,1.23196124e-17,-2.5620248e-16,-1.41228965e-15,-1.85562516e-16,-8.22149897e-19,0,0,0,-0.170233197,0.287211717,-0.0597562894,
135.48,object_red_01,RED,-0.251637109,0.210570233,0.0119470396,2.88622132e-19,1.3290229e-17,-2.52633677e-16,-1.25771951e-15,1.38240514e-16,1.82742055e-18,0,0,0,-0.170020329,0.289243278,-0.0597562894,
135.52,object_red_01,RED,-0.251637109,0.210570233,0.0119470396,-6.76331157e-19,1.25496328e-17,-2.45496072e-16,-6.99759022e-16,-1.93858487e-16,2.44705435e-18,0,0,0,-0.169817881,0.29127229,-0.0597562894,
135.56,object_red_01,RED,-0.251637109,0.210570233,0.0119470396,2.66658941e-18,1.21662654e-17,-2.5620248e-16,-1.057281e-15,3.33480266e-17,1.39123497e-18,0,0,0,-0.169623121,0.293300423,-0.0597562894,
135.6,object_red_01,RED,-0.251637109,0.210570233,0.0119470396,1.07757491e-18,1.75473503e-17,-2.59771282e-16,-1.1741511e-15,-1.26685668e-16,2.0212819e-19,0,0,0,-0.169432315,0.295328916,-0.0597562894,
135.64,object_red_01,RED,-0.251637109,0.210570233,0.0119470396,8.07910764e-19,1.57158994e-17,-2.59771282e-16,-2.43000975e-17,-4.40960604e-16,-1.26138785e-18,0,0,0,-0.169240658,0.29735861,-0.0597562894,
135.68,object_red_01,RED,-0.251637109,0.210570233,0.0119470396,4.51154525e-18,1.85266798e-17,-2.59771282e-16,-1.31803956e-15,1.96424938e-17,6.32310741e-19,0,0,0,-0.169042057,0.299389856,-0.0597562894,
135.72,object_red_01,RED,-0.251637109,0.210570233,0.0119470396,3.79512733e-18,1.88176906e-17,-2.52633677e-16,-9.793676e-16,2.14965972e-16,-2.17269275e-19,0,0,0,-0.168829332,0.301422519,-0.0597562894,
135.76,object_red_01,RED,-0.251637109,0.210570233,0.0119470396,2.54831184e-18,4.88576905e-18,-2.5620248e-16,-8.59984162e-16,-3.35852127e-16,-1.96783296e-20,0,0,0,-0.168594616,0.303456083,-0.0597562894,
135.8,object_red_01,RED,-0.251637109,0.210570233,0.0119470396,2.58338125e-18,1.06327956e-17,-2.5620248e-16,-1.12266841e-16,-2.68640313e-17,2.14846453e-19,0,0,0,-0.168329825,0.305489941,-0.0597562894,
135.84,object_red_01,RED,-0.251637109,0.210570233,0.0119470396,-1.94514671e-18,1.29242874e-17,-2.52633677e-16,-1.03026264e-15,-3.4624418e-16,1.4118227e-19,0,0,0,-0.16803062,0.30752457,-0.0597562894,
135.88,object_red_01,RED,-0.251637109,0.210570233,0.0119470396,-9.03519933e-19,9.94796193e-18,-2.5620248e-16,-1.46255636e-15,1.16901706e-16,8.11282148e-19,0,0,0,-0.167699773,0.309560773,-0.0597562894,
135.92,object_red_01,RED,-0.251637109,0.210570233,0.0119470396,-1.97302798e-18,1.08680438e-17,-2.52633677e-16,-1.38024462e-15,6.20550309e-17,4.92104602e-19,0,0,0,-0.167342619,0.311598375,-0.0597562894,
135.96,object_red_01,RED,-0.251637109,0.210570233,0.0119470396,2.12551854e-18,1.43026676e-17,-2.5620248e-16,-8.29195802e-16,-8.34337162e-17,-1.24375076e-19,0,0,0,-0.16696512,0.313636328,-0.0597562894,
136,object_red_01,RED,-0.251637109,0.210570233,0.0119470396,1.87066632e-18,4.15214317e-18,-2.49064875e-16,1.74881743e-16,1.23769199e-16,-2.0037942e-19,0,0,0,-0.166573845,0.315673304,-0.0597562894,
136.04,object_red_01,RED,-0.251637109,0.210570233,0.0119470396,8.40032878e-18,3.96568718e-18,-2.5620248e-16,-1.54926643e-15,2.31734632e-16,-1.35770641e-19,0,0,0,-0.166176184,0.31770816,-0.0597562894,
136.08,object_red_01,RED,-0.251637109,0.210570233,0.0119470396,2.44245015e-18,3.35578443e-18,-2.52633677e-16,-1.20435182e-16,-1.50253098e-16,2.17101716e-18,0,0,0,-0.165780338,0.319740115,-0.0597562894,
136.12,object_red_01,RED,-0.251637109,0.210570233,0.0119470396,1.2300506e-18,1.37119332e-17,-2.5620248e-16,-1.11634439e-15,-3.01063047e-16,2.39475685e-18,0,0,0,-0.165393904,0.321769075,-0.0597562894,
136.16,object_red_01,RED,-0.251637109,0.210570233,0.0119470396,-4.86172191e-19,1.50624322e-17,-2.52633677e-16,-3.40980375e-16,-6.59630889e-17,2.97959349e-18,0,0,0,-0.165017562,0.323796604,-0.0597562894,
136.2,object_red_01,RED,-0.251637109,0.210570233,0.0119470396,-4.14471744e-18,1.26977521e-17,-2.5620248e-16,-8.81975848e-16,3.0957931e-16,3.04688268e-19,0,0,0,-0.164648033,0.325824081,-0.0597562894,
136.24,object_red_01,RED,-0.251637109,0.210570233,0.0119470396,5.81935101e-18,9.72491178e-18,-2.5620248e-16,-1.22818782e-15,1.37793808e-16,3.81134607e-20,0,0,0,-0.164281318,0.327852215,-0.0597562894,
136.28,object_red_01,RED,-0.251637109,0.210570233,0.0119470396,3.02163994e-18,4.05455873e-18,-2.52633677e-16,6.17816445e-17,2.30394238e-17,3.21422002e-18,0,0,0,-0.1639123,0.329881179,-0.0597562894,
136.32,object_red_01,RED,-0.251637109,0.210570233,0.0119470396,4.52308984e-18,6.46106074e-18,-2.59771282e-16,-1.02460764e-15,-3.79501697e-16,1.56267717e-18,0,0,0,-0.16353455,0.33191057,-0.0597562894,
136.36,object_red_01,RED,-0.251637109,0.210570233,0.0119470396,7.78286916e-19,1.08227367e-17,-2.49064875e-16,-9.59260915e-16,1.93224638e-16,7.36600504e-19,0,0,0,-0.16314059,0.333939463,-0.0597562894,
136.4,object_red_01,RED,-0.251637109,0.210570233,0.0119470396,6.70153179e-18,1.13193718e-17,-2.5620248e-16,-1.21691849e-16,6.61966623e-16,1.66198137e-18,0,0,0,-0.162722321,0.335966549,-0.0597562894,
136.44,object_red_01,RED,-0.251637109,0.210570233,0.0119470396,-8.44707882e-19,1.10196482e-17,-2.52633677e-16,-6.31898962e-16,-7.1475737e-17,-3.17896177e-19,0,0,0,-0.16227182,0.33799071,-0.0597562894,
136.48,object_red_01,RED,-0.251637109,0.210570233,0.0119470396,-4.89250178e-18,1.36457152e-17,-2.59771282e-16,-1.49774305e-15,1.19591761e-16,-9.3661427e-19,0,0,0,-0.161786854,0.340012467,-0.0597562894,
136.52,object_red_01,RED,-0.251637109,0.210570233,0.0119470396,4.59780292e-18,6.3809021e-18,-2.52633677e-16,-1.13205273e-15,8.93924637e-17,1.14439891e-18,0,0,0,-0.161271431,0.342032695,-0.0597562894,
136.56,object_red_01,RED,-0.251637109,0.210570233,0.0119470396,7.01214655e-18,7.39682583e-18,-2.5620248e-16,-6.66457326e-16,-2.36457561e-16,4.2495217e-19,0,0,0,-0.160731279,0.344051436,-0.0597562894,
136.6,object_red_01,RED,-0.251637109,0.210570233,0.0119470396,1.56179413e-18,1.19205617e-17,-2.49064875e-16,-1.35196959e-15,1.06853273e-16,1.76691662e-19,0,0,0,-0.160172671,0.346068115,-0.0597562894,
136.64,object_red_01,RED,-0.251637109,0.210570233,0.0119470396,1.71688369e-18,1.52959378e-17,-2.52633677e-16,-7.512824e-16,-3.47771111e-17,-6.01360839e-19,0,0,0,-0.159602584,0.348082092,-0.0597562894,
136.68,object_red_01,RED,-0.251637109,0.210570233,0.0119470396,4.6082584e-18,1.33494767e-17,-2.49064875e-16,-7.19237372e-16,-9.43706528e-17,6.09723105e-19,0,0,0,-0.159028879,0.350093034,-0.0597562894,
136.72,object_red_01,RED,-0.251637109,0.210570233,0.0119470396,-3.9811328e-18,1.13298273e-17,-2.52633677e-16,-7.49397399e-16,-1.09460484e-16,-8.4219388e-19,0,0,0,-0.158460132,0.352101029,-0.0597562894,
136.76,object_red_01,RED,-0.251637109,0.210570233,0.0119470396,-5.62627857e-19,1.41388651e-17,-2.5620248e-16,-5.69065574e-16,4.01802034e-16,-5.15385376e-19,0,0,0,-0.157902149,0.354107165,-0.0597562894,
136.8,object_red_01,RED,-0.251637109,0.210570233,0.0119470396,4.51742645e-18,1.05718053e-17,-2.52633677e-16,-1.06230767e-15,7.07486192e-17,1.49582997e-18,0,0,0,-0.157353061,0.356113224,-0.0597562894,
136.84,object_red_01,RED,-0.251637109,0.210570233,0.0119470396,2.50104438e-18,1.06449936e-17,-2.5620248e-16,-8.96427527e-16,1.76838593e-17,9.5952623e-19,0,0,0,-0.156809197,0.35811996,-0.0597562894,
136.88,object_red_01,RED,-0.251637109,0.210570233,0.0119470396,5.62614253e-18,1.1575531e-17,-2.59771282e-16,-1.36076627e-15,-2.71924063e-16,3.27682889e-19,0,0,0,-0.156266232,0.360127367,-0.0597562894,
136.92,object_red_01,RED,-0.251637109,0.210570233,0.0119470396,-1.17645142e-18,9.23176183e-18,-2.59771282e-16,-9.12135874e-16,3.2419789e-16,2.07262867e-18,0,0,0,-0.155718603,0.362134781,-0.0597562894,
136.96,object_red_01,RED,-0.251637109,0.210570233,0.0119470396,-4.24622268e-18,1.34488037e-17,-2.63340084e-16,-1.62533552e-16,4.14230988e-17,3.93614368e-19,0,0,0,-0.155159468,0.364140907,-0.0597562894,
137,object_red_01,RED,-0.251637109,0.210570233,0.0119470396,-6.54766738e-19,1.43619153e-17,-2.59771282e-16,-1.02963431e-15,-6.7970812e-17,1.83747155e-20,0,0,0,-0.154581057,0.36614393,-0.0597562894,
137.04,object_red_01,RED,-0.251637109,0.210570233,0.0119470396,7.89178036e-19,1.33425064e-17,-2.5620248e-16,-8.00920777e-16,-1.67419376e-16,-3.09044266e-19,0,0,0,-0.153975113,0.36814172,-0.0597562894,
137.08,object_red_01,RED,-0.251637109,0.210570233,0.0119470396,3.64679027e-18,5.99927723e-18,-2.5620248e-16,-9.93190945e-16,-3.10929853e-16,1.75090747e-18,0,0,0,-0.153335139,0.370133188,-0.0597562894,
137.12,object_red_01,RED,-0.251637109,0.210570233,0.0119470396,-4.65696884e-19,1.29016338e-17,-2.5620248e-16,-1.17289444e-15,-1.25512451e-16,-8.75566604e-19,0,0,0,-0.152662156,0.372119267,-0.0597562894,
137.16,object_red_01,RED,-0.251637109,0.210570233,0.0119470396,-6.88318081e-18,1.27953365e-17,-2.59771282e-16,-8.01549111e-16,-2.14741047e-17,4.3777218e-19,0,0,0,-0.151961284,0.374100952,-0.0597562894,
137.2,object_red_01,RED,-0.251637109,0.210570233,0.0119470396,2.96348136e-18,1.33041697e-17,-2.5620248e-16,-1.08932603e-15,1.66319185e-16,2.20849474e-19,0,0,0,-0.151238557,0.376078552,-0.0597562894,
137.24,object_red_01,RED,-0.251637109,0.210570233,0.0119470396,-1.28492698e-18,1.21052751e-17,-2.52633677e-16,-7.70760751e-16,4.38235306e-17,8.61849965e-19,0,0,0,-0.150500583,0.378052075,-0.0597562894,
137.28,object_red_01,RED,-0.251637109,0.210570233,0.0119470396,2.0425282e-18,7.31840976e-18,-2.5620248e-16,-4.69201173e-17,-1.85827595e-16,2.15049945e-19,0,0,0,-0.149754793,0.380021709,-0.0597562894,
137.32,object_red_01,RED,-0.251637109,0.210570233,0.0119470396,3.22791777e-18,7.41947936e-18,-2.5620248e-16,-1.29900876e-17,1.33567281e-16,9.25237791e-19,0,0,0,-0.149009499,0.381988058,-0.0597562894,
137.36,object_red_01,RED,-0.251637109,0.210570233,0.0119470396,1.08846603e-18,1.48620356e-17,-2.5620248e-16,-8.45532483e-16,5.20409596e-17,6.77384268e-19,0,0,0,-0.148272996,0.383952275,-0.0597562894,
137.4,object_red_01,RED,-0.251637109,0.210570233,0.0119470396,1.6362894e-18,1.58099987e-17,-2.59771282e-16,-1.22630282e-15,-2.43462502e-16,-8.1238227e-19,0,0,0,-0.147546932,0.385916406,-0.0597562894,
137.44,object_red_01,RED,-0.251637109,0.210570233,0.0119470396,-3.52261662e-18,1.32013575e-17,-2.5620248e-16,-1.15215942e-15,1.83907349e-17,-3.04058706e-19,0,0,0,-0.1468278,0.387881582,-0.0597562894,
137.48,object_red_01,RED,-0.251637109,0.210570233,0.0119470396,4.53202056e-18,9.81204074e-18,-2.5620248e-16,-6.29385627e-16,1.09111348e-16,6.12775488e-19,0,0,0,-0.146111738,0.389847696,-0.0597562894,
137.52,object_red_01,RED,-0.251637109,0.210570233,0.0119470396,-4.08917272e-18,1.19013933e-17,-2.59771282e-16,-3.62343727e-16,1.34740498e-16,1.73218619e-18,0,0,0,-0.145393999,0.39181384,-0.0597562894,
137.56,object_red_01,RED,-0.251637109,0.210570233,0.0119470396,-4.41547069e-18,1.34888831e-17,-2.5620248e-16,-5.49587224e-16,6.97766652e-17,8.3163137e-19,0,0,0,-0.144668513,0.393778377,-0.0597562894,
137.6,object_red_01,RED,-0.251637109,0.210570233,0.0119470396,-4.34119325e-18,1.33059122e-17,-2.52633677e-16,-1.09183936e-15,1.00177226e-16,1.99296147e-18,0,0,0,-0.14392805,0.395739029,-0.0597562894,
137.64,object_red_01,RED,-0.251637109,0.210570233,0.0119470396,-7.00559701e-18,1.19728391e-17,-2.5620248e-16,-8.81347514e-16,-1.20088162e-16,-1.25345166e-18,0,0,0,-0.143164671,0.397693049,-0.0597562894,
137.68,object_red_01,RED,-0.251637109,0.210570233,0.0119470396,-5.81236583e-18,1.31543078e-17,-2.5620248e-16,-9.39782565e-16,-8.42145004e-18,-8.20216721e-19,0,0,0,-0.142370388,0.399637821,-0.0597562894,
137.72,object_red_01,RED,-0.251637109,0.210570233,0.0119470396,-1.82033447e-18,1.40778749e-17,-2.52633677e-16,-9.69314258e-16,-1.50925887e-17,-2.10710152e-18,0,0,0,-0.141542357,0.401573155,-0.0597562894,
137.76,object_red_01,RED,-0.251637109,0.210570233,0.0119470396,-5.52592936e-18,1.39332408e-17,-2.5620248e-16,-7.01644023e-16,-4.43444763e-17,2.38631193e-18,0,0,0,-0.140684403,0.403500498,-0.0597562894,
137.8,object_red_01,RED,-0.251637109,0.210570233,0.0119470396,-2.87082505e-19,1.2345751e-17,-2.59771282e-16,-9.58632582e-16,3.52360011e-16,3.72327566e-21,0,0,0,-0.139802237,0.405421022,-0.0597562894,
137.84,object_red_01,RED,-0.251637109,0.210570233,0.0119470396,-5.44882022e-18,1.11886784e-17,-2.49064875e-16,-1.09875104e-15,-2.68806938e-16,1.19008291e-18,0,0,0,-0.138902126,0.407335466,-0.0597562894,
137.88,object_red_01,RED,-0.251637109,0.210570233,0.0119470396,-2.82732748e-18,1.28964061e-17,-2.59771282e-16,-3.48520381e-16,1.64709079e-16,4.02873264e-19,0,0,0,-0.137991041,0.409244601,-0.0597562894,
137.92,object_red_01,RED,-0.251637109,0.210570233,0.0119470396,-3.59384455e-18,1.03400423e-17,-2.49064875e-16,-1.00387262e-15,2.23654651e-16,1.81378657e-18,0,0,0,-0.137076862,0.411149579,-0.0597562894,
137.96,object_red_01,RED,-0.251637109,0.210570233,0.0119470396,-3.54744838e-18,1.31090008e-17,-2.59771282e-16,-1.12262773e-15,4.54581804e-17,-2.43586506e-20,0,0,0,-0.136168208,0.413052032,-0.0597562894,
138,object_red_01,RED,-0.251637109,0.210570233,0.0119470396,-3.55354741e-18,1.22777905e-17,-2.52633677e-16,-9.50464241e-16,-4.14777029e-17,2.00195013e-19,0,0,0,-0.135270445,0.414954261,-0.0597562894,
138.04,object_red_01,RED,-0.251637109,0.210570233,0.0119470396,-3.59188415e-18,1.41876574e-17,-2.5620248e-16,-9.82509269e-16,-8.35662554e-17,1.58933465e-18,0,0,0,-0.134381016,0.416858017,-0.0597562894,
138.08,object_red_01,RED,-0.251637109,0.210570233,0.0119470396,4.22009886e-18,1.13524808e-17,-2.52633677e-16,-9.85650939e-16,-3.88023751e-17,-1.16666222e-18,0,0,0,-0.133496173,0.418763281,-0.0597562894,
138.12,object_red_01,RED,-0.251637109,0.210570233,0.0119470396,8.06880307e-18,6.21709964e-18,-2.59771282e-16,-1.17666444e-15,1.02042592e-16,8.0731405e-19,0,0,0,-0.132611844,0.420668953,-0.0597562894,
138.16,object_red_01,RED,-0.251637109,0.210570233,0.0119470396,5.40962706e-18,4.3176882e-18,-2.5620248e-16,-4.29575452e-16,-1.68808583e-16,1.62158817e-18,0,0,0,-0.131722783,0.422573095,-0.0597562894,
138.2,object_red_01,RED,-0.251637109,0.210570233,0.0119470396,7.08250319e-18,4.99380897e-18,-2.52633677e-16,-9.7622593e-16,1.78826956e-16,5.43282895e-19,0,0,0,-0.13082246,0.424473018,-0.0597562894,
138.24,object_red_01,RED,-0.251637109,0.210570233,0.0119470396,7.6492771e-18,5.58280077e-18,-2.5620248e-16,-3.82450411e-16,3.45762506e-16,2.10223679e-18,0,0,0,-0.129903416,0.426365455,-0.0597562894,
138.28,object_red_01,RED,-0.251637109,0.210570233,0.0119470396,6.81066082e-18,6.79215081e-18,-2.52633677e-16,-9.63659253e-16,-1.06819518e-16,8.65004094e-19,0,0,0,-0.128957709,0.428246829,-0.0597562894,
138.32,object_red_01,RED,-0.251637109,0.210570233,0.0119470396,9.1653211e-18,7.64078693e-18,-2.52633677e-16,-1.07864435e-15,5.02786794e-17,2.45539753e-18,0,0,0,-0.127979489,0.430115164,-0.0597562894,
138.36,object_red_01,RED,-0.251637109,0.210570233,0.0119470396,1.10913069e-17,6.83048756e-18,-2.59771282e-16,-6.08022275e-16,-4.92827879e-17,1.05170821e-18,0,0,0,-0.126970384,0.431971604,-0.0597562894,
138.4,object_red_01,RED,-0.251637109,0.210570233,0.0119470396,5.65641985e-18,8.72641384e-18,-2.59771282e-16,-1.13645107e-15,-2.05202859e-16,4.97293654e-19,0,0,0,-0.125935556,0.433817986,-0.0597562894,
138.44,object_red_01,RED,-0.251637109,0.210570233,0.0119470396,-7.20917839e-20,1.11538268e-17,-2.52633677e-16,-1.01958097e-15,3.00640003e-17,1.44241327e-18,0,0,0,-0.124880925,0.435655798,-0.0597562894,
138.48,object_red_01,RED,-0.251637109,0.210570233,0.0119470396,1.47727904e-18,1.37136758e-17,-2.52633677e-16,-1.23698449e-15,-2.2975206e-16,-7.73718748e-19,0,0,0,-0.12381298,0.437486429,-0.0597562894,
138.52,object_red_01,RED,-0.251637109,0.210570233,0.0119470396,-5.4194142e-18,1.12775499e-17,-2.5620248e-16,-7.58194073e-16,-2.15030394e-16,2.28812693e-18,0,0,0,-0.122739066,0.439311582,-0.0597562894,
138.56,object_red_01,RED,-0.251637109,0.210570233,0.0119470396,2.56377723e-18,1.38304286e-17,-2.5620248e-16,-1.29667621e-15,2.22667971e-16,-5.26373956e-19,0,0,0,-0.121667397,0.441133449,-0.0597562894,
138.6,object_red_01,RED,-0.251637109,0.210570233,0.0119470396,5.80737078e-18,5.05305667e-18,-2.52633677e-16,-7.6259241e-16,3.21385115e-16,1.03664978e-18,0,0,0,-0.120605564,0.44295475,-0.0597562894,
138.64,object_red_01,RED,-0.251637109,0.210570233,0.0119470396,1.13725825e-18,4.9659277e-18,-2.5620248e-16,-9.16534211e-16,-2.18294785e-16,-1.4625049e-19,0,0,0,-0.11955334,0.444777966,-0.0597562894,
138.68,object_red_01,RED,-0.251637109,0.210570233,0.0119470396,4.09201928e-18,5.87729668e-18,-2.52633677e-16,-7.55052403e-16,-2.73259273e-16,-6.20387361e-19,0,0,0,-0.118506877,0.446603448,-0.0597562894,
138.72,object_red_01,RED,-0.251637109,0.210570233,0.0119470396,2.18759793e-18,1.43514598e-17,-2.5620248e-16,-8.81347514e-16,-3.80316843e-17,4.66464583e-19,0,0,0,-0.117462562,0.448430014,-0.0597562894,
138.76,object_red_01,RED,-0.251637109,0.210570233,0.0119470396,-7.95480017e-19,1.199375e-17,-2.52633677e-16,-3.88105416e-16,-1.1081042e-16,1.17777164e-18,0,0,0,-0.116415983,0.450255494,-0.0597562894,
138.8,object_red_01,RED,-0.251637109,0.210570233,0.0119470396,5.51287488e-18,7.34106329e-18,-2.52633677e-16,-1.19865612e-15,1.18659078e-16,1.80269624e-18,0,0,0,-0.115361432,0.452076867,-0.0597562894,
138.84,object_red_01,RED,-0.251637109,0.210570233,0.0119470396,-3.99914515e-19,3.68861707e-18,-2.52633677e-16,-4.46540467e-16,-3.05976815e-16,6.18778509e-19,0,0,0,-0.114292101,0.453890419,-0.0597562894,
138.88,object_red_01,RED,-0.251637109,0.210570233,0.0119470396,4.78883318e-18,4.78992719e-18,-2.52633677e-16,-3.71140401e-16,-2.09243125e-17,1.19608594e-18,0,0,0,-0.113200537,0.455691964,-0.0597562894,
138.92,object_red_01,RED,-0.251637109,0.210570233,0.0119470396,-9.40918476e-20,8.60443328e-18,-2.5620248e-16,-1.11068938e-15,-2.92315461e-16,1.5016295e-18,0,0,0,-0.112079537,0.457477841,-0.0597562894,
138.96,object_red_01,RED,-0.251637109,0.210570233,0.0119470396,2.72938918e-19,1.25112961e-17,-2.52633677e-16,-9.61145917e-16,1.21270315e-17,-5.7490685e-19,0,0,0,-0.110927782,0.459247957,-0.0597562894,
139,object_red_01,RED,-0.251637109,0.210570233,0.0119470396,-2.24073173e-18,1.54928493e-17,-2.59771282e-16,-7.00387356e-16,3.67219126e-16,1.40710737e-18,0,0,0,-0.109749491,0.461004439,-0.0597562894,
139.04,object_red_01,RED,-0.251637109,0.210570233,0.0119470396,-3.8149343e-18,1.50833431e-17,-2.49064875e-16,-7.5442407e-16,-1.36989362e-16,-2.48810569e-19,0,0,0,-0.108550174,0.462749463,-0.0597562894,
139.08,object_red_01,RED,-0.251637109,0.210570233,0.0119470396,-4.45489655e-18,1.00908534e-17,-2.5620248e-16,-8.70037504e-16,1.88492498e-16,-6.12924884e-20,0,0,0,-0.107335816,0.464485042,-0.0597562894,
139.12,object_red_01,RED,-0.251637109,0.210570233,0.0119470396,-5.03277941e-18,1.37067055e-17,-2.59771282e-16,-6.58917319e-16,1.1340169e-16,-1.45674038e-18,0,0,0,-0.106113139,0.46621341,-0.0597562894,
139.16,object_red_01,RED,-0.251637109,0.210570233,0.0119470396,-4.87479125e-19,1.37920919e-17,-2.59771282e-16,-7.97150774e-16,8.6859217e-18,4.4011234e-19,0,0,0,-0.104889762,0.467937285,-0.0597562894,
139.2,object_red_01,RED,-0.251637109,0.210570233,0.0119470396,2.61540115e-18,1.40203698e-17,-2.5620248e-16,-1.44621967e-15,-9.61378419e-17,-4.52709772e-19,0,0,0,-0.103673819,0.469659894,-0.0597562894,
139.24,object_red_01,RED,-0.251637109,0.210570233,0.0119470396,-4.33182689e-18,1.57943155e-17,-2.5620248e-16,-1.12639773e-15,-1.90819904e-16,-1.30276351e-19,0,0,0,-0.102468422,0.471384501,-0.0597562894,
139.28,object_red_01,RED,-0.251637109,0.210570233,0.0119470396,-3.72497365e-18,1.32135555e-17,-2.59771282e-16,-1.09560937e-15,3.47136986e-16,1.14867225e-18,0,0,0,-0.101269899,0.473112196,-0.0597562894,
139.32,object_red_01,RED,-0.251637109,0.210570233,0.0119470396,-1.9450798e-19,1.45379158e-17,-2.59771282e-16,-1.15655775e-15,5.43864398e-16,4.6992395e-19,0,0,0,-0.100074803,0.474841911,-0.0597562894,
139.36,object_red_01,RED,-0.251637109,0.210570233,0.0119470396,7.00430494e-18,8.34653155e-18,-2.52633677e-16,-1.18608945e-15,-7.19813494e-17,4.92918571e-19,0,0,0,-0.0988794984,0.476571361,-0.0597562894,
139.4,object_red_01,RED,-0.251637109,0.210570233,0.0119470396,1.88090397e-18,1.78627571e-17,-2.59771282e-16,-1.14524774e-15,-1.09573387e-16,-7.78093831e-19,0,0,0,-0.097679205,0.4782973,-0.0597562894,
139.44,object_red_01,RED,-0.251637109,0.210570233,0.0119470396,9.91317235e-19,1.38252009e-17,-2.52633677e-16,-1.33814625e-15,3.60871696e-17,1.82619959e-18,0,0,0,-0.0964679316,0.480015681,-0.0597562894,
139.48,object_red_01,RED,-0.251637109,0.210570233,0.0119470396,-4.87660074e-18,1.38234583e-17,-2.5620248e-16,-8.80090846e-16,-8.82051266e-17,1.69108076e-18,0,0,0,-0.0952388658,0.481721876,-0.0597562894,
139.52,object_red_01,RED,-0.251637109,0.210570233,0.0119470396,-1.96431508e-18,1.52000959e-17,-2.5620248e-16,-6.95989018e-16,-3.16698037e-17,-1.76265592e-19,0,0,0,-0.0939848206,0.48341109,-0.0597562894,
139.56,object_red_01,RED,-0.251637109,0.210570233,0.0119470396,-1.98914684e-18,1.23701472e-17,-2.52633677e-16,-1.04974099e-15,-5.62239137e-17,3.40808137e-19,0,0,0,-0.0927014954,0.485081154,-0.0597562894,
139.6,object_red_01,RED,-0.251637109,0.210570233,0.0119470396,-4.93170981e-18,1.19118488e-17,-2.52633677e-16,-1.10503438e-15,-2.09223214e-16,-5.24237288e-19,0,0,0,-0.0913914322,0.48673381,-0.0597562894,
139.64,object_red_01,RED,-0.251637109,0.210570233,0.0119470396,-4.73654093e-18,1.20529977e-17,-2.52633677e-16,-3.69883733e-16,3.72112982e-17,1.14368669e-18,0,0,0,-0.090059596,0.488371756,-0.0597562894,
139.68,object_red_01,RED,-0.251637109,0.210570233,0.0119470396,-5.21683935e-18,1.36439726e-17,-2.5620248e-16,-7.3180405e-16,-9.47685461e-18,-4.28697691e-19,0,0,0,-0.0887114431,0.489997605,-0.0597562894,
139.72,object_red_01,RED,-0.251637109,0.210570233,0.0119470396,5.09792318e-18,7.47349932e-18,-2.5620248e-16,-7.68247415e-16,-4.5899575e-16,-7.02699964e-19,0,0,0,-0.0873530019,0.491614082,-0.0597562894,
139.76,object_red_01,RED,-0.251637109,0.210570233,0.0119470396,-4.8003629e-18,1.12514112e-17,-2.49064875e-16,-1.27719786e-15,-4.22866552e-16,-1.02533688e-18,0,0,0,-0.0859911516,0.493224355,-0.0597562894,
139.8,object_red_01,RED,-0.251637109,0.210570233,0.0119470396,-4.1453709e-18,1.37223887e-17,-2.5620248e-16,-5.50215558e-16,1.45338724e-16,-4.89948849e-19,0,0,0,-0.0846335718,0.494832123,-0.0597562894,
139.84,object_red_01,RED,-0.251637109,0.210570233,0.0119470396,-5.93282162e-18,1.30410402e-17,-2.52633677e-16,-7.7390242e-16,-4.53856176e-16,1.3434143e-18,0,0,0,-0.0832863642,0.496441394,-0.0597562894,
139.88,object_red_01,RED,-0.251637109,0.210570233,0.0119470396,-6.95832954e-18,1.00786554e-17,-2.5620248e-16,-4.82174715e-18,2.22525614e-16,1.59839005e-18,0,0,0,-0.0819473821,0.498054438,-0.0597562894,
139.92,object_red_01,RED,-0.251637109,0.210570233,0.0119470396,-3.45487385e-18,1.26036528e-17,-2.63340084e-16,-9.27844221e-16,-1.94663816e-17,-1.64463044e-19,0,0,0,-0.080612937,0.499670651,-0.0597562894,
139.96,object_red_01,RED,-0.251637109,0.210570233,0.0119470396,1.66874494e-18,1.05805182e-17,-2.5620248e-16,-1.40537797e-15,3.04557548e-16,7.66106876e-19,0,0,0,-0.079279993,0.501287812,-0.0597562894,
140,object_red_01,RED,-0.251637109,0.210570233,0.0119470396,9.69752816e-19,1.29417132e-17,-2.5620248e-16,-8.93914192e-16,-3.64107516e-16,-1.66857578e-18,0,0,0,-0.07794477,0.502902608,-0.0597562894,
140.04,object_red_01,RED,-0.251637109,0.210570233,0.0119470396,-2.21023659e-18,1.31630207e-17,-2.59771282e-16,-1.057281e-15,-1.63541653e-17,1.15559098e-18,0,0,0,-0.0766022656,0.50451081,-0.0597562894,
140.08,object_red_01,RED,-0.251637109,0.210570233,0.0119470396,-3.12639766e-18,1.11642823e-17,-2.5620248e-16,-8.87002519e-16,5.10346436e-17,2.26343764e-19,0,0,0,-0.0752464793,0.506107492,-0.0597562894,
140.12,object_red_01,RED,-0.251637109,0.210570233,0.0119470396,-7.63183644e-18,9.91136776e-18,-2.59771282e-16,-9.26587554e-16,-9.37521367e-17,-2.60728539e-18,0,0,0,-0.0738708684,0.507687287,-0.0597562894,
140.16,object_red_01,RED,-0.251637109,0.210570233,0.0119470396,-2.33308843e-18,1.4015142e-17,-2.5620248e-16,-5.92942262e-16,1.04148492e-16,1.01965818e-18,0,0,0,-0.0724693351,0.509245788,-0.0597562894,
140.2,object_red_01,RED,-0.251637109,0.210570233,0.0119470396,-3.19544736e-18,1.22638498e-17,-2.5620248e-16,1.45978385e-16,7.54316702e-17,9.88930856e-19,0,0,0,-0.0710415665,0.510783139,-0.0597562894,
140.24,object_red_01,RED,-0.251637109,0.210570233,0.0119470396,-2.96520907e-18,1.49299962e-17,-2.59771282e-16,-1.24703783e-15,1.69033783e-16,-7.79721769e-19,0,0,0,-0.0695916412,0.512302163,-0.0597562894,
140.28,object_red_01,RED,-0.251637109,0.210570233,0.0119470396,-5.43422612e-18,1.60103953e-17,-2.59771282e-16,-5.74092245e-16,-4.84516906e-16,-9.9939162e-19,0,0,0,-0.0681244668,0.513805993,-0.0597562894,
140.32,object_red_01,RED,-0.251637109,0.210570233,0.0119470396,-1.94906751e-18,1.55364137e-17,-2.59771282e-16,-6.53262314e-16,-9.37079569e-17,5.50033149e-20,0,0,0,-0.0666453398,0.515297804,-0.0597562894,
140.36,object_red_01,RED,-0.251637109,0.210570233,0.0119470396,-4.93497715e-18,1.47696789e-17,-2.59771282e-16,-1.40474964e-15,-1.64729321e-16,9.35107164e-19,0,0,0,-0.0651602694,0.516781115,-0.0597562894,
140.4,object_red_01,RED,-0.251637109,0.210570233,0.0119470396,-6.47999152e-18,1.10074501e-17,-2.52633677e-16,-6.92847349e-16,-2.00004378e-16,8.74975213e-19,0,0,0,-0.0636761139,0.518259988,-0.0597562894,
140.44,object_red_01,RED,-0.251637109,0.210570233,0.0119470396,-4.96176931e-18,1.34453186e-17,-2.52633677e-16,-6.21217286e-16,3.06579997e-16,2.53028267e-18,0,0,0,-0.0622000893,0.51973897,-0.0597562894,
140.48,object_red_01,RED,-0.251637109,0.210570233,0.0119470396,9.42742837e-19,8.58003717e-18,-2.52633677e-16,-5.43932219e-16,5.63769819e-16,2.35120952e-18,0,0,0,-0.060733848,0.521221839,-0.0597562894,
140.52,object_red_01,RED,-0.251637109,0.210570233,0.0119470396,7.47262313e-18,3.97962782e-18,-2.59771282e-16,-7.8521243e-16,-3.25887144e-16,6.1796454e-19,0,0,0,-0.0592734003,0.522709098,-0.0597562894,
140.56,object_red_01,RED,-0.251637109,0.210570233,0.0119470396,7.46347459e-18,9.06795938e-18,-2.59771282e-16,-8.81347514e-16,-1.47774124e-16,1.07704299e-18,0,0,0,-0.0578158545,0.524198894,-0.0597562894,
140.6,object_red_01,RED,-0.251637109,0.210570233,0.0119470396,3.84500867e-18,1.65401394e-17,-2.63340084e-16,-1.44684801e-15,-1.41991489e-16,-8.80145179e-19,0,0,0,-0.0563583879,0.525688061,-0.0597562894,
140.64,object_red_01,RED,-0.251637109,0.210570233,0.0119470396,8.50030927e-18,1.04707357e-17,-2.59771282e-16,-6.45093974e-16,2.32814581e-16,1.70624093e-18,0,0,0,-0.0548971504,0.527172399,-0.0597562894,
140.68,object_red_01,RED,-0.251637109,0.210570233,0.0119470396,4.23186127e-18,5.81979156e-18,-2.5620248e-16,-1.29164954e-15,2.64614166e-16,2.58654827e-18,0,0,0,-0.0534271643,0.528646871,-0.0597562894,
140.72,object_red_01,RED,-0.251637109,0.210570233,0.0119470396,5.44752816e-18,4.94153159e-18,-2.5620248e-16,-1.27342786e-15,-2.94804528e-17,1.75965764e-18,0,0,0,-0.0519427105,0.53010587,-0.0597562894,
140.76,object_red_01,RED,-0.251637109,0.210570233,0.0119470396,-8.2466822e-19,5.48521633e-18,-2.59771282e-16,-6.41952305e-16,-3.26687288e-16,-4.45043803e-20,0,0,0,-0.0504377116,0.531543627,-0.0597562894,
140.8,object_red_01,RED,-0.251637109,0.210570233,0.0119470396,8.95294425e-18,5.45036475e-18,-2.59771282e-16,-6.95360685e-16,4.11182862e-16,8.00497061e-19,0,0,0,-0.0489083473,0.532957239,-0.0597562894,
140.84,object_red_01,RED,-0.251637109,0.210570233,0.0119470396,4.21487112e-18,1.26019102e-17,-2.59771282e-16,1.93103426e-16,3.75224323e-19,-3.14029825e-19,0,0,0,-0.0473568182,0.534348612,-0.0597562894,
140.88,object_red_01,RED,-0.251637109,0.210570233,0.0119470396,1.49840781e-18,1.50031845e-17,-2.5620248e-16,-1.18797445e-15,-2.42328831e-17,-3.21145379e-18,0,0,0,-0.045787386,0.535721168,-0.0597562894,
140.92,object_red_01,RED,-0.251637109,0.210570233,0.0119470396,3.46098775e-18,8.07468918e-18,-2.52633677e-16,-1.68007773e-18,9.06785846e-17,8.66835524e-19,0,0,0,-0.0442046409,0.537078475,-0.0597562894,
140.96,object_red_01,RED,-0.251637109,0.210570233,0.0119470396,1.18068535e-17,5.38588931e-18,-2.52633677e-16,-1.02900598e-15,1.83156569e-16,-1.13898728e-18,0,0,0,-0.0426136449,0.538424317,-0.0597562894,
141,object_red_01,RED,-0.251637109,0.210570233,0.0119470396,9.13264774e-18,7.75928232e-18,-2.5620248e-16,-1.0220943e-15,1.33842177e-16,1.82884499e-18,0,0,0,-0.0410202453,0.539762959,-0.0597562894,
141.04,object_red_01,RED,-0.251637109,0.210570233,0.0119470396,8.21757578e-18,6.56038776e-18,-2.59771282e-16,-9.61774251e-16,-2.0889923e-16,3.03670807e-19,0,0,0,-0.0394310474,0.541099219,-0.0597562894,
141.08,object_red_01,RED,-0.251637109,0.210570233,0.0119470396,1.13984365e-17,8.33259091e-18,-2.59771282e-16,-1.01141263e-15,-2.61203116e-16,3.42334329e-19,0,0,0,-0.0378516665,0.542438112,-0.0597562894,
141.12,object_red_01,RED,-0.251637109,0.210570233,0.0119470396,-5.6187217e-18,1.11764803e-17,-2.52633677e-16,-4.6476215e-16,-3.47103231e-16,-7.98102804e-20,0,0,0,-0.0362800764,0.54378225,-0.0597562894,
141.16,object_red_01,RED,-0.251637109,0.210570233,0.0119470396,-3.89356819e-18,1.39018744e-17,-2.52633677e-16,-9.42295901e-16,2.03886678e-16,-2.66616138e-19,0,0,0,-0.0347126748,0.545130751,-0.0597562894,
141.2,object_red_01,RED,-0.251637109,0.210570233,0.0119470396,-4.16497492e-18,1.21645228e-17,-2.52633677e-16,-1.04157265e-15,2.24159988e-17,-1.5869754e-18,0,0,0,-0.0331472073,0.546480905,-0.0597562894,
141.24,object_red_01,RED,-0.251637109,0.210570233,0.0119470396,-7.81742114e-18,1.10858662e-17,-2.49064875e-16,-7.17352371e-16,-3.11489463e-16,-1.25141673e-18,0,0,0,-0.0315810483,0.547828813,-0.0597562894,
141.28,object_red_01,RED,-0.251637109,0.210570233,0.0119470396,-7.19466686e-18,1.33721303e-17,-2.63340084e-16,-4.54708807e-16,1.72106729e-16,8.1697993e-19,0,0,0,-0.0300104795,0.549169596,-0.0597562894,
141.32,object_red_01,RED,-0.251637109,0.210570233,0.0119470396,-5.23600772e-18,1.39332408e-17,-2.52633677e-16,-6.08650609e-16,-2.68767667e-16,-8.04446074e-19,0,0,0,-0.0284308193,0.550497634,-0.0597562894,
141.36,object_red_01,RED,-0.251637109,0.210570233,0.0119470396,9.42039114e-18,6.41923884e-18,-2.5620248e-16,-1.15655775e-15,-3.94267543e-16,6.2712169e-19,0,0,0,-0.0268368523,0.551806848,-0.0597562894,
141.4,object_red_01,RED,-0.251637109,0.210570233,0.0119470396,1.67549743e-18,1.56130872e-17,-2.5620248e-16,-1.34819959e-15,-3.1174009e-17,5.80013241e-19,0,0,0,-0.0252232019,0.553091514,-0.0597562894,
141.44,object_red_01,RED,-0.251637109,0.210570233,0.0119470396,1.90922088e-18,1.53029081e-17,-2.63340084e-16,-1.44747634e-15,-4.59104021e-17,3.18118755e-19,0,0,0,-0.0235882519,0.554350331,-0.0597562894,
141.48,object_red_01,RED,-0.251637109,0.210570233,0.0119470396,-1.74431445e-18,1.32954568e-17,-2.59771282e-16,-8.82604182e-16,-5.28662545e-17,2.53709966e-18,0,0,0,-0.0219350161,0.555586159,-0.0597562894,
141.52,object_red_01,RED,-0.251637109,0.210570233,0.0119470396,3.15581855e-18,1.18508585e-17,-2.59771282e-16,-5.41418883e-16,-6.41372693e-18,-1.30595265e-18,0,0,0,-0.0202674463,0.556802821,-0.0597562894,
141.56,object_red_01,RED,-0.251637109,0.210570233,0.0119470396,3.87441469e-18,9.50708936e-18,-2.52633677e-16,-1.28787954e-15,-4.37701122e-16,3.5250894e-19,0,0,0,-0.018589704,0.558004299,-0.0597562894,
141.6,object_red_01,RED,-0.251637109,0.210570233,0.0119470396,-5.64072177e-18,1.21227009e-17,-2.5620248e-16,-5.72207244e-16,1.3963463e-16,7.38431934e-19,0,0,0,-0.0169064949,0.559194919,-0.0597562894,
141.64,object_red_01,RED,-0.251637109,0.210570233,0.0119470396,-5.28479994e-18,1.34209225e-17,-2.5620248e-16,-4.69788821e-16,4.2619906e-16,4.97497146e-19,0,0,0,-0.0152233013,0.560379545,-0.0597562894,
141.68,object_red_01,RED,-0.251637109,0.210570233,0.0119470396,-1.20825349e-18,1.32013575e-17,-2.5620248e-16,-1.06670601e-15,4.33105824e-16,1.04061788e-18,0,0,0,-0.0135462354,0.561563555,-0.0597562894,
141.72,object_red_01,RED,-0.251637109,0.210570233,0.0119470396,4.43400047e-18,8.58875007e-18,-2.52633677e-16,-8.61869164e-16,1.72342354e-16,1.76182932e-19,0,0,0,-0.0118789275,0.562752002,-0.0597562894,
141.76,object_red_01,RED,-0.251637109,0.210570233,0.0119470396,3.45118574e-18,1.27779107e-17,-2.5620248e-16,-1.23572782e-15,-1.72917573e-17,3.84457218e-19,0,0,0,-0.0102178424,0.563946376,-0.0597562894,
141.8,object_red_01,RED,-0.251637109,0.210570233,0.0119470396,1.1017532e-18,7.4578161e-18,-2.52633677e-16,-2.96997003e-16,-1.01066336e-16,1.71051427e-18,0,0,0,-0.00856008844,0.565145005,-0.0597562894,
141.84,object_red_01,RED,-0.251637109,0.210570233,0.0119470396,4.70570759e-20,6.28157508e-18,-2.49064875e-16,-5.50884578e-17,-5.02925125e-16,2.423551e-18,0,0,0,-0.0069039219,0.566344648,-0.0597562894,
141.88,object_red_01,RED,-0.251637109,0.210570233,0.0119470396,1.92185458e-18,1.24137116e-17,-2.59771282e-16,-8.87630853e-16,5.24925746e-17,3.04281284e-19,0,0,0,-0.00524704958,0.567540928,-0.0597562894,
141.92,object_red_01,RED,-0.251637109,0.210570233,0.0119470396,-2.47990073e-18,1.32135555e-17,-2.5620248e-16,-3.15218685e-16,1.76799597e-16,1.99133353e-18,0,0,0,-0.00358612902,0.568728536,-0.0597562894,
141.96,object_red_01,RED,-0.251637109,0.210570233,0.0119470396,-1.80617601e-18,1.29957331e-17,-2.5620248e-16,-9.44180902e-16,1.4016942e-17,-1.57035578e-19,0,0,0,-0.00191698575,0.569901502,-0.0597562894,
142,object_red_01,RED,-0.251637109,0.210570233,0.0119470396,4.12998729e-19,1.5377839e-17,-2.5620248e-16,-7.50025732e-16,1.51808599e-16,1.75833494e-18,0,0,0,-0.000235036025,0.571053471,-0.0597562894,
142.04,object_red_01,RED,-0.251637109,0.210570233,0.0119470396,3.83890964e-18,5.87206894e-18,-2.49064875e-16,-8.65010833e-16,2.31901534e-16,1.11906413e-18,0,0,0,0.00146429008,0.572178869,-0.0597562894,
142.08,object_red_01,RED,-0.251637109,0.210570233,0.0119470396,6.92545323e-18,3.57186426e-18,-2.52633677e-16,-7.86469098e-16,-2.95344503e-17,5.28631456e-19,0,0,0,0.00318160762,0.573277171,-0.0597562894,
142.12,object_red_01,RED,-0.251637109,0.210570233,0.0119470396,2.84563944e-18,1.63920202e-17,-2.5620248e-16,-6.09907277e-16,-1.31241364e-17,-2.70852277e-18,0,0,0,0.00491394129,0.574351654,-0.0597562894,
142.16,object_red_01,RED,-0.251637109,0.210570233,0.0119470396,-1.79201756e-18,1.64320995e-17,-2.59771282e-16,-1.15404442e-15,2.03651053e-16,9.09874129e-19,0,0,0,0.00665782036,0.575406416,-0.0597562894,
142.2,object_red_01,RED,-0.251637109,0.210570233,0.0119470396,-7.01322079e-18,1.48080156e-17,-2.63340084e-16,-6.17447283e-16,-2.17175565e-16,1.03542883e-18,0,0,0,0.00840961304,0.576445767,-0.0597562894,
142.24,object_red_01,RED,-0.251637109,0.210570233,0.0119470396,-5.8179623e-19,1.68137244e-17,-2.52633677e-16,-1.38401462e-15,-6.94827404e-17,8.07008812e-19,0,0,0,0.0101651428,0.577474413,-0.0597562894,
142.28,object_red_01,RED,-0.251637109,0.210570233,0.0119470396,-3.48340859e-18,1.33407638e-17,-2.45496072e-16,-9.2595922e-16,3.54686535e-17,4.50897428e-19,0,0,0,0.0119194978,0.578497606,-0.0597562894,
142.32,object_red_01,RED,-0.251637109,0.210570233,0.0119470396,-5.30810694e-18,1.1915334e-17,-2.52633677e-16,-3.79937075e-16,2.25730823e-17,1.34467027e-19,0,0,0,0.0136672132,0.579521083,-0.0597562894,
142.36,object_red_01,RED,-0.251637109,0.210570233,0.0119470396,-3.18542753e-18,1.47557382e-17,-2.59771282e-16,-4.06955432e-16,2.66508986e-16,-2.37459204e-18,0,0,0,0.0154056255,0.580549952,-0.0597562894,
142.4,object_red_01,RED,-0.251637109,0.210570233,0.0119470396,-4.78925396e-18,1.78313907e-17,-2.52633677e-16,-1.12262773e-15,-1.90933083e-17,1.00175087e-18,0,0,0,0.0171385421,0.581585294,-0.0597562894,
142.44,object_red_01,RED,-0.251637109,0.210570233,0.0119470396,-2.37186082e-18,1.1761987e-17,-2.49064875e-16,-6.98502354e-16,7.21771246e-16,1.55290954e-18,0,0,0,0.0188684457,0.582625155,-0.0597562894,
142.48,object_red_01,RED,-0.251637109,0.210570233,0.0119470396,6.4791351e-18,8.45282889e-18,-2.5620248e-16,-1.22693115e-15,2.79529154e-18,-2.83912976e-19,0,0,0,0.0205966017,0.583666094,-0.0597562894,
142.52,object_red_01,RED,-0.251637109,0.210570233,0.0119470396,-2.6787726e-18,1.05073299e-17,-2.49064875e-16,-8.6124083e-16,9.7462627e-17,-1.05959031e-19,0,0,0,0.0223247692,0.584703557,-0.0597562894,
142.56,object_red_01,RED,-0.251637109,0.210570233,0.0119470396,-2.82101063e-18,1.39105873e-17,-2.5620248e-16,-9.02082532e-16,-1.0900396e-16,4.11826922e-19,0,0,0,0.0240556882,0.58573208,-0.0597562894,
142.6,object_red_01,RED,-0.251637109,0.210570233,0.0119470396,-1.70750246e-18,1.58030284e-17,-2.5620248e-16,-1.01392596e-15,-4.55471466e-17,4.72569349e-19,0,0,0,0.0257928609,0.586745565,-0.0597562894,
142.64,object_red_01,RED,-0.251637109,0.210570233,0.0119470396,-3.53394339e-18,1.19728391e-17,-2.59771282e-16,-2.7877532e-16,1.17804936e-16,1.41209293e-18,0,0,0,0.0275401499,0.587737568,-0.0597562894,
142.68,object_red_01,RED,-0.251637109,0.210570233,0.0119470396,-4.36537154e-18,1.34662295e-17,-2.52633677e-16,-8.82604182e-16,-5.06179974e-17,1.56491558e-18,0,0,0,0.0293015448,0.58870224,-0.0597562894,
142.72,object_red_01,RED,-0.251637109,0.210570233,0.0119470396,-4.92168998e-18,1.42765289e-17,-2.5620248e-16,-5.98597267e-16,2.94037864e-16,1.42155531e-18,0,0,0,0.0310778675,0.589638625,-0.0597562894,
142.76,object_red_01,RED,-0.251637109,0.210570233,0.0119470396,-5.83981145e-18,1.25600883e-17,-2.5620248e-16,-1.08178602e-15,1.58175388e-16,-3.90542899e-19,0,0,0,0.0328665955,0.590549944,-0.0597562894,
142.8,object_red_01,RED,-0.251637109,0.210570233,0.0119470396,-2.31065272e-18,1.46389854e-17,-2.52633677e-16,-1.13268107e-15,2.65684298e-16,-2.3202246e-19,0,0,0,0.0346647914,0.591440423,-0.0597562894,
142.84,object_red_01,RED,-0.251637109,0.210570233,0.0119470396,8.46676462e-18,6.50985296e-18,-2.5620248e-16,-1.22378948e-15,1.40449501e-16,8.55846944e-19,0,0,0,0.0364694473,0.592314548,-0.0597562894,
142.88,object_red_01,RED,-0.251637109,0.210570233,0.0119470396,8.75559714e-18,6.69805153e-18,-2.59771282e-16,-6.99759022e-16,-4.44146454e-16,1.56735749e-18,0,0,0,0.0382770923,0.59317719,-0.0597562894,
142.92,object_red_01,RED,-0.251637109,0.210570233,0.0119470396,3.30611602e-18,7.77496554e-18,-2.52633677e-16,-8.63125831e-16,-5.37547579e-17,-7.67308744e-19,0,0,0,0.0400835701,0.594033754,-0.0597562894,
142.96,object_red_01,RED,-0.251637109,0.210570233,0.0119470396,-1.85910686e-18,1.14500653e-17,-2.52633677e-16,-6.51377313e-16,3.02004941e-16,2.50087805e-18,0,0,0,0.0418841688,0.594890126,-0.0597562894,
143,object_red_01,RED,-0.251637109,0.210570233,0.0119470396,-7.41242236e-19,1.27116927e-17,-2.52633677e-16,-8.35479141e-16,-2.52406442e-16,2.31681933e-18,0,0,0,0.043675713,0.595751891,-0.0597562894,
143.04,object_red_01,RED,-0.251637109,0.210570233,0.0119470396,3.21680883e-18,1.50554619e-17,-2.66908887e-16,-1.36704961e-15,-1.51367684e-17,1.23973502e-18,0,0,0,0.0454615319,0.596620791,-0.0597562894,
143.08,object_red_01,RED,-0.251637109,0.210570233,0.0119470396,2.73803516e-18,5.08442309e-18,-2.5620248e-16,-7.76415756e-16,-1.87408247e-16,1.19028641e-18,0,0,0,0.0472443176,0.597495111,-0.0597562894,
143.12,object_red_01,RED,-0.251637109,0.210570233,0.0119470396,5.93762858e-18,5.34755257e-18,-2.5620248e-16,-8.00920777e-16,-4.54813403e-16,2.04668341e-18,0,0,0,0.0490249479,0.598371583,-0.0597562894,
143.16,object_red_01,RED,-0.251637109,0.210570233,0.0119470396,-1.31150131e-18,1.20111758e-17,-2.5620248e-16,-2.34791948e-16,-2.5628444e-16,1.16719004e-18,0,0,0,0.0508044648,0.599245821,-0.0597562894,
143.2,object_red_01,RED,-0.251637109,0.210570233,0.0119470396,4.07677171e-18,1.50484915e-17,-2.52633677e-16,-6.35668966e-16,2.35779532e-16,-3.5442303e-19,0,0,0,0.0525847919,0.600112502,-0.0597562894,
143.24,object_red_01,RED,-0.251637109,0.210570233,0.0119470396,-2.56093067e-18,1.27308611e-17,-2.5620248e-16,-8.73179174e-16,-6.88298623e-17,4.63412199e-19,0,0,0,0.0543686292,0.60096564,-0.0597562894,
143.28,object_red_01,RED,-0.251637109,0.210570233,0.0119470396,-2.37774202e-18,1.48655207e-17,-2.59771282e-16,-1.29227787e-15,-4.70885281e-17,5.32904792e-19,0,0,0,0.0561590791,0.60179887,-0.0597562894,
143.32,object_red_01,RED,-0.251637109,0.210570233,0.0119470396,-3.93597665e-19,1.39663498e-17,-2.52633677e-16,-5.44560553e-16,-2.36413381e-16,2.14446142e-18,0,0,0,0.0579594614,0.602605867,-0.0597562894,
143.36,object_red_01,RED,-0.251637109,0.210570233,0.0119470396,4.84045709e-18,1.46703518e-17,-2.52633677e-16,-1.28285287e-15,3.40991095e-16,-1.30581589e-19,0,0,0,0.0597717925,0.603383634,-0.0597562894,
143.4,object_red_01,RED,-0.251637109,0.210570233,0.0119470396,6.31598612e-18,6.03761397e-18,-2.5620248e-16,-1.14587608e-15,-4.77899764e-16,-1.25853896e-18,0,0,0,0.0615944528,0.604134478,-0.0597562894,
143.44,object_red_01,RED,-0.251637109,0.210570233,0.0119470396,3.09352134e-18,1.49404516e-17,-2.5620248e-16,-6.45093974e-16,-1.1283287e-16,-1.29079248e-18,0,0,0,0.0634250091,0.604862512,-0.0597562894,
143.48,object_red_01,RED,-0.251637109,0.210570233,0.0119470396,5.19463633e-18,1.6235188e-17,-2.59771282e-16,-1.16095609e-15,-2.12777503e-17,5.66989739e-19,0,0,0,0.0652611012,0.605572218,-0.0597562894,
143.52,object_red_01,RED,-0.251637109,0.210570233,0.0119470396,4.64136741e-18,1.60330489e-17,-2.59771282e-16,-9.6805759e-16,1.44916562e-16,-2.24496749e-18,0,0,0,0.0671000995,0.606268404,-0.0597562894,
143.56,object_red_01,RED,-0.251637109,0.210570233,0.0119470396,5.29200295e-18,6.72419022e-18,-2.5620248e-16,-6.49492311e-16,-1.06760612e-16,-3.75687967e-19,0,0,0,0.0689387813,0.606956368,-0.0597562894,
143.6,object_red_01,RED,-0.251637109,0.210570233,0.0119470396,5.50154811e-18,5.75183097e-18,-2.5620248e-16,-1.53858476e-15,2.51046082e-16,3.32159718e-19,0,0,0,0.0707733338,0.607641906,-0.0597562894,
143.64,object_red_01,RED,-0.251637109,0.210570233,0.0119470396,4.31855459e-18,6.20315901e-18,-2.49064875e-16,-4.28318784e-16,-4.00801233e-16,6.7707903e-19,0,0,0,0.0725998531,0.608331086,-0.0597562894,
143.68,object_red_01,RED,-0.251637109,0.210570233,0.0119470396,7.96098098e-18,9.94447677e-18,-2.63340084e-16,-1.51596474e-15,2.2572619e-16,8.82809663e-19,0,0,0,0.074419118,0.609027755,-0.0597562894,
143.72,object_red_01,RED,-0.251637109,0.210570233,0.0119470396,6.73725466e-18,6.64577415e-18,-2.49064875e-16,-3.4349371e-16,1.57586325e-16,3.35462965e-18,0,0,0,0.076234844,0.609731323,-0.0597562894,
143.76,object_red_01,RED,-0.251637109,0.210570233,0.0119470396,3.23909363e-19,5.16283916e-18,-2.52633677e-16,-2.19711935e-16,-3.17394819e-16,1.95378921e-18,0,0,0,0.0780481197,0.610439136,-0.0597562894,
143.8,object_red_01,RED,-0.251637109,0.210570233,0.0119470396,6.33297626e-18,6.09163393e-18,-2.52633677e-16,-9.30985891e-16,6.09210846e-17,4.91697618e-19,0,0,0,0.0798592645,0.611147367,-0.0597562894,
143.84,object_red_01,RED,-0.251637109,0.210570233,0.0119470396,3.4712254e-18,1.39802904e-17,-2.52633677e-16,-1.21436447e-15,-2.34341843e-16,3.74180861e-19,0,0,0,0.0816691833,0.6118512,-0.0597562894,
143.88,object_red_01,RED,-0.251637109,0.210570233,0.0119470396,-1.62472994e-18,1.41824296e-17,-2.59771282e-16,-5.19427197e-16,-2.93891205e-16,1.23580193e-19,0,0,0,0.0834795998,0.612545044,-0.0597562894,
143.92,object_red_01,RED,-0.251637109,0.210570233,0.0119470396,1.70904209e-18,1.29086042e-17,-2.52633677e-16,-6.00482268e-16,-8.78320534e-17,-5.18030775e-19,0,0,0,0.0852927835,0.613222825,-0.0597562894,
143.96,object_red_01,RED,-0.251637109,0.210570233,0.0119470396,6.39969684e-19,1.28528416e-17,-2.5620248e-16,-1.07361768e-15,-1.5075871e-16,6.80640143e-19,0,0,0,0.0871112086,0.613878244,-0.0597562894,
144,object_red_01,RED,-0.251637109,0.210570233,0.0119470396,-4.47907484e-18,1.54336016e-17,-2.5620248e-16,-3.59830391e-16,-1.15208757e-16,1.04997852e-18,0,0,0,0.0889375329,0.614505637,-0.0597562894,
144.04,object_red_01,RED,-0.251637109,0.210570233,0.0119470396,-2.14401857e-18,1.22359686e-17,-2.49064875e-16,-4.23920447e-16,-3.86707901e-16,4.28818522e-19,0,0,0,0.0907722823,0.615104086,-0.0597562894,
144.08,object_red_01,RED,-0.251637109,0.210570233,0.0119470396,9.80027343e-18,6.07595072e-18,-2.59771282e-16,-1.44182134e-15,1.09263523e-16,2.48551438e-18,0,0,0,0.0926136497,0.615676807,-0.0597562894,
144.12,object_red_01,RED,-0.251637109,0.210570233,0.0119470396,5.26847813e-18,8.86930534e-18,-2.59771282e-16,-7.79557425e-16,2.24012998e-16,-9.99493366e-19,0,0,0,0.0944597558,0.616228064,-0.0597562894,
144.16,object_red_01,RED,-0.251637109,0.210570233,0.0119470396,5.26499297e-18,8.37441282e-18,-2.49064875e-16,-1.33940291e-15,-3.67155918e-16,3.99515642e-19,0,0,0,0.096308793,0.616762416,-0.0597562894,
144.2,object_red_01,RED,-0.251637109,0.210570233,0.0119470396,-3.4786165e-18,9.63604023e-18,-2.49064875e-16,-3.96273756e-16,9.03300556e-17,1.54365065e-18,0,0,0,0.0981586028,0.617284799,-0.0597562894,
144.24,object_red_01,RED,-0.251637109,0.210570233,0.0119470396,1.80945822e-18,1.37537551e-17,-2.5620248e-16,-6.62687323e-16,-2.39078891e-16,-1.76899919e-18,0,0,0,0.10000645,0.61780064,-0.0597562894,
144.28,object_red_01,RED,-0.251637109,0.210570233,0.0119470396,-3.24750692e-18,1.09464599e-17,-2.5620248e-16,-9.66800922e-16,2.09394418e-16,1.70990379e-18,0,0,0,0.101849117,0.618315799,-0.0597562894,
144.32,object_red_01,RED,-0.251637109,0.210570233,0.0119470396,-4.39303499e-18,1.45100345e-17,-2.5620248e-16,-8.12230787e-16,-5.97386564e-17,8.49640432e-19,0,0,0,0.103683671,0.618836191,-0.0597562894,
144.36,object_red_01,RED,-0.251637109,0.210570233,0.0119470396,3.79294911e-18,1.30323273e-17,-2.52633677e-16,-7.87097432e-16,-2.31965956e-16,1.50386792e-18,0,0,0,0.105512236,0.61936468,-0.0597562894,
144.4,object_red_01,RED,-0.251637109,0.210570233,0.0119470396,1.5837942e-18,1.11956487e-17,-2.52633677e-16,-5.80375584e-16,5.30423668e-17,1.08599664e-18,0,0,0,0.10733794,0.619900056,-0.0597562894,
144.44,object_red_01,RED,-0.251637109,0.210570233,0.0119470396,-6.4991599e-18,1.22708201e-17,-2.52633677e-16,-1.56878547e-16,-2.45126605e-16,2.63243577e-18,0,0,0,0.109161229,0.62043951,-0.0597562894,
144.48,object_red_01,RED,-0.251637109,0.210570233,0.0119470396,6.98128268e-19,1.29451983e-17,-2.59771282e-16,-1.03026264e-15,4.5900987e-16,1.30057919e-18,0,0,0,0.110982012,0.620979179,-0.0597562894,
144.52,object_red_01,RED,-0.251637109,0.210570233,0.0119470396,4.48083229e-18,1.23771175e-17,-2.5620248e-16,-8.41762479e-16,-7.77394404e-17,-6.3495892e-21,0,0,0,0.112800792,0.621514289,-0.0597562894,
144.56,object_red_01,RED,-0.251637109,0.210570233,0.0119470396,2.9978973e-18,1.14134711e-17,-2.52633677e-16,-9.38525897e-16,7.84015296e-17,-3.9156036e-19,0,0,0,0.114618796,0.622039373,-0.0597562894,
144.6,object_red_01,RED,-0.251637109,0.210570233,0.0119470396,3.1660562e-18,1.50049271e-17,-2.5620248e-16,-1.18671778e-15,-1.84875276e-16,3.06621444e-19,0,0,0,0.116437699,0.62254856,-0.0597562894,
144.64,object_red_01,RED,-0.251637109,0.210570233,0.0119470396,-1.70946286e-18,1.48324117e-17,-2.66908887e-16,-6.31270629e-16,-2.03794293e-17,2.57783312e-19,0,0,0,0.118259309,0.623035816,-0.0597562894,
144.68,object_red_01,RED,-0.251637109,0.210570233,0.0119470396,-6.39765465e-18,1.68067541e-17,-2.59771282e-16,-1.22693115e-15,-3.4280798e-16,2.85559999e-19,0,0,0,0.12008567,0.623495611,-0.0597562894,
144.72,object_red_01,RED,-0.251637109,0.210570233,0.0119470396,1.60339822e-18,1.36509429e-17,-2.59771282e-16,-8.53072489e-16,-1.29066464e-16,-4.66648989e-19,0,0,0,0.121917336,0.623926783,-0.0597562894,
144.76,object_red_01,RED,-0.251637109,0.210570233,0.0119470396,6.03760907e-18,1.37345868e-17,-2.5620248e-16,-3.83078745e-16,2.81785353e-16,-3.16878716e-19,0,0,0,0.123752886,0.624332342,-0.0597562894,
144.8,object_red_01,RED,-0.251637109,0.210570233,0.0119470396,2.32526169e-18,1.28876932e-17,-2.59771282e-16,5.17283023e-17,1.25133862e-16,8.81725467e-20,0,0,0,0.125590933,0.624716418,-0.0597562894,
144.84,object_red_01,RED,-0.251637109,0.210570233,0.0119470396,3.4712254e-18,1.17585018e-17,-2.52633677e-16,-1.26211785e-15,1.9807459e-16,1.1997488e-18,0,0,0,0.127430235,0.625083435,-0.0597562894,
144.88,object_red_01,RED,-0.251637109,0.210570233,0.0119470396,-3.33812104e-18,1.45274603e-17,-2.59771282e-16,-1.33186291e-15,-1.40273664e-17,-1.04334594e-18,0,0,0,0.129269274,0.625438175,-0.0597562894,
144.92,object_red_01,RED,-0.251637109,0.210570233,0.0119470396,-3.13010064e-18,1.48411246e-17,-2.5620248e-16,-1.0981227e-15,-3.09683003e-16,1.52157174e-18,0,0,0,0.131106018,0.625785877,-0.0597562894,
144.96,object_red_01,RED,-0.251637109,0.210570233,0.0119470396,-3.89814246e-18,1.25461477e-17,-2.5620248e-16,-6.96617352e-16,3.71273843e-16,8.49742178e-19,0,0,0,0.132937981,0.626132188,-0.0597562894,
145,object_red_01,RED,-0.251637109,0.210570233,0.0119470396,-2.41041539e-18,1.53517003e-17,-2.5620248e-16,-1.32557957e-15,-1.41834405e-16,1.30912586e-18,0,0,0,0.134762563,0.626482958,-0.0597562894,
145.04,object_red_01,RED,-0.251637109,0.210570233,0.0119470396,-3.27364561e-18,1.25931973e-17,-2.59771282e-16,-5.59012232e-16,-1.90540375e-17,-2.78215194e-19,0,0,0,0.136580642,0.626841999,-0.0597562894,
145.08,object_red_01,RED,-0.251637109,0.210570233,0.0119470396,-6.71545755e-18,1.72302008e-17,-2.59771282e-16,-3.48520381e-16,-4.35094519e-16,1.82589435e-18,0,0,0,0.138395749,0.627208726,-0.0597562894,
145.12,object_red_01,RED,-0.251637109,0.210570233,0.0119470396,-4.45657222e-19,1.14361247e-17,-2.52633677e-16,-1.21185114e-15,7.98153084e-16,5.98836271e-19,0,0,0,0.14020854,0.627580723,-0.0597562894,
145.16,object_red_01,RED,-0.251637109,0.210570233,0.0119470396,3.39259151e-18,4.24624245e-18,-2.49064875e-16,-1.31116858e-16,8.14204775e-17,2.51217186e-18,0,0,0,0.142018524,0.627954588,-0.0597562894,
145.2,object_red_01,RED,-0.251637109,0.210570233,0.0119470396,9.56807474e-18,7.22779564e-18,-2.63340084e-16,-8.48674152e-16,-1.16971037e-16,1.38970878e-18,0,0,0,0.143825549,0.628326032,-0.0597562894,
145.24,object_red_01,RED,-0.251637109,0.210570233,0.0119470396,-3.39359884e-19,9.32586112e-18,-2.5620248e-16,-5.55242229e-16,1.85527272e-17,1.40008689e-18,0,0,0,0.145630132,0.628690055,-0.0597562894,
145.28,object_red_01,RED,-0.251637109,0.210570233,0.0119470396,1.62539828e-18,1.13646789e-17,-2.5620248e-16,-8.13487455e-16,1.27323213e-16,6.27833912e-19,0,0,0,0.14743328,0.62904121,-0.0597562894,
145.32,object_red_01,RED,-0.251637109,0.210570233,0.0119470396,-9.86661182e-20,1.42782715e-17,-2.5620248e-16,-3.21502024e-16,-3.84322196e-16,2.53028267e-18,0,0,0,0.149236186,0.629373863,-0.0597562894,
145.36,object_red_01,RED,-0.251637109,0.210570233,0.0119470396,4.95394257e-18,1.20948196e-17,-2.49064875e-16,-1.07927269e-15,5.76517848e-17,5.74722443e-19,0,0,0,0.151040116,0.629682377,-0.0597562894,
145.4,object_red_01,RED,-0.251637109,0.210570233,0.0119470396,4.25429698e-18,5.67167232e-18,-2.59771282e-16,-9.04595868e-16,-6.46298154e-16,8.81486964e-19,0,0,0,0.1528464,0.629963025,-0.0597562894,
145.44,object_red_01,RED,-0.251637109,0.210570233,0.0119470396,-1.37837279e-18,8.64799777e-18,-2.52633677e-16,-8.08460784e-16,-6.60121775e-17,6.23865814e-19,0,0,0,0.154654476,0.630217065,-0.0597562894,
145.48,object_red_01,RED,-0.251637109,0.210570233,0.0119470396,-8.31645229e-18,1.1268837e-17,-2.5620248e-16,-1.82011902e-16,-2.45765032e-17,7.43519239e-19,0,0,0,0.156463248,0.630448081,-0.0597562894,
145.52,object_red_01,RED,-0.251637109,0.210570233,0.0119470396,-4.814957e-18,1.38339138e-17,-2.5620248e-16,-3.75538738e-16,-2.63804811e-16,8.05889604e-19,0,0,0,0.158271936,0.630660159,-0.0597562894,
145.56,object_red_01,RED,-0.251637109,0.210570233,0.0119470396,-3.60952777e-18,1.35777546e-17,-2.59771282e-16,-1.0183243e-15,-8.49898243e-17,-1.37500325e-19,0,0,0,0.16007975,0.630857656,-0.0597562894,
145.6,object_red_01,RED,-0.251637109,0.210570233,0.0119470396,-3.83911259e-18,1.18630566e-17,-2.52633677e-16,-3.92503753e-16,2.45101454e-16,3.38264484e-19,0,0,0,0.161885529,0.631045316,-0.0597562894,
145.64,object_red_01,RED,-0.251637109,0.210570233,0.0119470396,3.23118511e-18,1.30462679e-17,-2.5620248e-16,-6.49492311e-16,-1.46066117e-17,-1.10113773e-18,0,0,0,0.163687645,0.631228304,-0.0597562894,
145.68,object_red_01,RED,-0.251637109,0.210570233,0.0119470396,4.19315579e-19,1.54161758e-17,-2.5620248e-16,-1.43616633e-15,3.19789736e-16,3.89137539e-19,0,0,0,0.165484143,0.631412092,-0.0597562894,
145.72,object_red_01,RED,-0.251637109,0.210570233,0.0119470396,3.68817653e-18,1.54928493e-17,-2.59771282e-16,-8.87630853e-16,3.51829855e-16,5.76248635e-19,0,0,0,0.167273316,0.631602113,-0.0597562894,
145.76,object_red_01,RED,-0.251637109,0.210570233,0.0119470396,-4.71578089e-19,1.20059481e-17,-2.52633677e-16,-6.27500625e-16,8.07037842e-17,9.25339537e-19,0,0,0,0.169057423,0.631800846,-0.0597562894,
145.8,object_red_01,RED,-0.251637109,0.210570233,0.0119470396,-6.83634899e-18,1.03504977e-17,-2.5620248e-16,-4.93665508e-16,1.41014019e-16,1.42603214e-18,0,0,0,0.17083922,0.632007024,-0.0597562894,
145.84,object_red_01,RED,-0.251637109,0.210570233,0.0119470396,-1.94492889e-18,1.46877776e-17,-2.59771282e-16,-9.20304215e-16,1.96950461e-16,-1.47166205e-19,0,0,0,0.172618629,0.632218163,-0.0597562894,
145.88,object_red_01,RED,-0.251637109,0.210570233,0.0119470396,3.54680978e-18,1.5125165e-17,-2.59771282e-16,-8.50559154e-16,-1.81508075e-17,-6.12145926e-19,0,0,0,0.174394838,0.632430937,-0.0597562894,
145.92,object_red_01,RED,-0.251637109,0.210570233,0.0119470396,-4.65043417e-19,1.53098784e-17,-2.59771282e-16,-3.6297206e-16,-6.62060498e-16,-5.72973674e-19,0,0,0,0.176167435,0.632641228,-0.0597562894,
145.96,object_red_01,RED,-0.251637109,0.210570233,0.0119470396,-4.71301611e-18,1.07425781e-17,-2.5620248e-16,-2.6746531e-16,-5.7218536e-19,1.41738372e-18,0,0,0,0.177936597,0.632844317,-0.0597562894,
146,object_red_01,RED,-0.251637109,0.210570233,0.0119470396,-2.39530307e-20,1.26785837e-17,-2.59771282e-16,-8.83232516e-16,-1.97859207e-16,2.93597942e-19,0,0,0,0.179702875,0.633035136,-0.0597562894,
146.04,object_red_01,RED,-0.251637109,0.210570233,0.0119470396,2.49777704e-18,1.45361732e-17,-2.5620248e-16,-1.31615456e-15,-1.06333541e-16,-1.55624808e-18,0,0,0,0.181466941,0.633208494,-0.0597562894,
146.08,object_red_01,RED,-0.251637109,0.210570233,0.0119470396,6.21578781e-18,4.70279823e-18,-2.59771282e-16,-6.16818949e-16,-4.61985245e-16,-4.5616914e-19,0,0,0,0.183229488,0.633359225,-0.0597562894,
146.12,object_red_01,RED,-0.251637109,0.210570233,0.0119470396,8.66628995e-18,5.68038522e-18,-2.5620248e-16,-8.48674152e-16,-1.92253291e-16,1.16763204e-19,0,0,0,0.184991509,0.63348358,-0.0597562894,
146.16,object_red_01,RED,-0.251637109,0.210570233,0.0119470396,6.93503741e-18,4.63483763e-18,-2.5620248e-16,-8.66267501e-16,6.05136493e-17,-1.73213209e-19,0,0,0,0.186752703,0.633582399,-0.0597562894,
146.2,object_red_01,RED,-0.251637109,0.210570233,0.0119470396,2.87569893e-18,6.51333812e-18,-2.49064875e-16,-6.63315657e-16,-3.45954558e-16,7.00480635e-19,0,0,0,0.188512333,0.633658931,-0.0597562894,
146.24,object_red_01,RED,-0.251637109,0.210570233,0.0119470396,1.68965589e-18,1.15650755e-17,-2.5620248e-16,-1.04767521e-17,-9.10129936e-17,8.52998053e-19,0,0,0,0.190270024,0.63371696,-0.0597562894,
146.28,object_red_01,RED,-0.251637109,0.210570233,0.0119470396,2.60058922e-18,1.26507024e-17,-2.5620248e-16,-9.27844221e-16,-3.13899712e-16,-1.60233907e-18,0,0,0,0.192025474,0.633760509,-0.0597562894,
146.32,object_red_01,RED,-0.251637109,0.210570233,0.0119470396,1.79747799e-18,1.4487381e-17,-2.5620248e-16,-1.23384282e-15,-5.27386242e-17,-2.28434324e-18,0,0,0,0.193778083,0.633793948,-0.0597562894,
146.36,object_red_01,RED,-0.251637109,0.210570233,0.0119470396,-8.71935684e-19,1.1807294e-17,-2.63340084e-16,-9.91934277e-16,-2.25000285e-16,1.15135266e-19,0,0,0,0.195526832,0.633822027,-0.0597562894,
146.4,object_red_01,RED,-0.251637109,0.210570233,0.0119470396,-3.83083534e-18,1.36927648e-17,-2.5620248e-16,-4.8109883e-16,-5.89453573e-16,1.13737843e-18,0,0,0,0.197270398,0.633849783,-0.0597562894,
146.44,object_red_01,RED,-0.251637109,0.210570233,0.0119470396,-3.14447692e-18,1.12514112e-17,-2.5620248e-16,-4.62877148e-16,3.09810026e-16,-1.34718169e-20,0,0,0,0.199008995,0.633881858,-0.0597562894,
146.48,object_red_01,RED,-0.251637109,0.210570233,0.0119470396,3.50768432e-20,1.54039777e-17,-2.49064875e-16,-1.34317292e-15,4.95570772e-17,1.92784396e-18,0,0,0,0.200838705,0.633893688,-0.0597562894,
146.52,object_red_01,RED,-0.251637109,0.210570233,0.0119470396,-5.42485976e-18,1.34557741e-17,-2.52633677e-16,-8.54957491e-16,1.98629291e-16,1.33042581e-19,0,0,0,0.202918556,0.63384643,-0.0597562894,
146.56,object_red_01,RED,-0.251637109,0.210570233,0.0119470396,-2.82449579e-18,1.78139649e-17,-2.59771282e-16,-1.06984768e-15,-1.39895406e-16,6.32412487e-19,0,0,0,0.205225131,0.633754446,-0.0597562894,
146.6,object_red_01,RED,-0.251637109,0.210570233,0.0119470396,2.08696397e-18,1.73190724e-17,-2.63340084e-16,-1.03591765e-15,3.46307389e-16,-6.97510912e-19,0,0,0,0.207642068,0.633648475,-0.0597562894,
146.64,object_red_01,RED,-0.251637109,0.210570233,0.0119470396,-8.07024605e-19,1.20355719e-17,-2.59771282e-16,-1.00073095e-15,-2.66298512e-16,1.41589254e-19,0,0,0,0.210031945,0.633556059,-0.0597562894,
146.68,object_red_01,RED,-0.251637109,0.210570233,0.0119470396,5.65910063e-19,1.27935939e-17,-2.52633677e-16,-2.95740335e-16,-3.90203008e-16,1.15569273e-18,0,0,0,0.212253517,0.63350273,-0.0597562894,
146.72,object_red_01,RED,-0.251637109,0.210570233,0.0119470396,-4.38323298e-18,1.25496328e-17,-2.59771282e-16,-1.04974099e-15,-3.74101952e-16,2.01239497e-18,0,0,0,0.214162042,0.633516851,-0.0597562894,
146.76,object_red_01,RED,-0.251637109,0.210570233,0.0119470396,-4.06020234e-18,1.47853621e-17,-2.59771282e-16,-8.84489183e-16,2.12820525e-17,-1.29313264e-18,0,0,0,0.215608429,0.633631663,-0.0597562894,
146.8,object_red_01,RED,-0.251637109,0.210570233,0.0119470396,-5.22446314e-18,1.53499578e-17,-2.59771282e-16,-4.10725436e-16,-9.12142568e-17,8.58085359e-19,0,0,0,0.216440243,0.633884208,-0.0597562894,
146.84,object_red_01,RED,-0.251637109,0.210570233,0.0119470396,1.60601208e-18,1.37903493e-17,-2.5620248e-16,-1.04408599e-15,2.78501051e-17,1.72770936e-18,0,0,0,0.21656025,0.634285456,-0.0597562894,
146.88,object_red_01,RED,-0.251637109,0.210570233,0.0119470396,2.2349323e-19,1.60313063e-17,-2.5620248e-16,-8.94542526e-16,-8.21721396e-17,-2.16557052e-19,0,0,0,0.216273868,0.634664426,-0.0597562894,
146.92,object_red_01,RED,-0.251637109,0.210570233,0.0119470396,-3.09176389e-18,1.63728518e-17,-2.63340084e-16,-1.1722661e-15,1.89797979e-17,4.56086479e-19,0,0,0,0.215938502,0.634851797,-0.0597562894,
146.96,object_red_01,RED,-0.251637109,0.210570233,0.0119470396,-1.95124574e-18,1.53865519e-17,-2.52633677e-16,-1.00324429e-15,6.82549191e-17,1.41697674e-18,0,0,0,0.215711616,0.634790117,-0.0597562894,
147,object_red_01,RED,-0.251637109,0.210570233,0.0119470396,-4.71998643e-18,1.29208022e-17,-2.5620248e-16,-6.49492311e-16,2.96899729e-16,2.20645982e-19,0,0,0,0.215632733,0.634488998,-0.0597562894,
147.04,object_red_01,RED,-0.251637109,0.210570233,0.0119470396,6.25891664e-18,5.6734149e-18,-2.59771282e-16,-1.49774305e-15,1.61528139e-16,-2.29580554e-19,0,0,0,0.215686876,0.633989521,-0.0597562894,
147.08,object_red_01,RED,-0.251637109,0.210570233,0.0119470396,9.96544973e-19,4.60869894e-18,-2.5620248e-16,-9.65544254e-16,-3.27718149e-16,5.98836271e-19,0,0,0,0.215839716,0.633343358,-0.0597562894,
147.12,object_red_01,RED,-0.251637109,0.210570233,0.0119470396,3.78728573e-18,8.88150339e-18,-2.52633677e-16,-8.02805779e-16,-2.91888391e-16,3.30334961e-18,0,0,0,0.216054007,0.63260289,-0.0597562894,
147.16,object_red_01,RED,-0.251637109,0.210570233,0.0119470396,1.20783271e-18,1.39942311e-17,-2.59771282e-16,-5.60897234e-16,-4.47032862e-16,-1.06162523e-19,0,0,0,0.216294965,0.631818258,-0.0597562894,
147.2,object_red_01,RED,-0.251637109,0.210570233,0.0119470396,6.60227168e-19,1.24171968e-17,-2.5620248e-16,-7.67619081e-16,-2.40644817e-16,1.11507417e-20,0,0,0,0.216530463,0.631037659,-0.0597562894,
147.24,object_red_01,RED,-0.251637109,0.210570233,0.0119470396,-4.74220431e-18,1.13141441e-17,-2.52633677e-16,-1.01706763e-15,2.18451261e-16,1.22671151e-18,0,0,0,0.216729744,0.630308456,-0.0597562894,
147.28,object_red_01,RED,-0.251637109,0.210570233,0.0119470396,-3.668122e-18,1.2399771e-17,-2.5620248e-16,-3.19617023e-16,4.04261372e-16,1.2571336e-18,0,0,0,0.216871935,0.629670637,-0.0597562894,
147.32,object_red_01,RED,-0.251637109,0.210570233,0.0119470396,1.27644677e-18,1.73277853e-17,-2.52633677e-16,-9.2281755e-16,-1.38825275e-16,1.39795022e-18,0,0,0,0.217048536,0.629071186,-0.0597562894,
147.36,object_red_01,RED,-0.251637109,0.210570233,0.0119470396,-1.76370064e-18,1.15703033e-17,-2.52633677e-16,-9.50464241e-16,2.28578236e-16,1.78624838e-19,0,0,0,0.217359065,0.628428558,-0.0597562894,
147.4,object_red_01,RED,-0.251637109,0.210570233,0.0119470396,-2.98524873e-18,1.14796891e-17,-2.49064875e-16,-1.06293601e-15,-6.53053019e-17,2.46489493e-19,0,0,0,0.2178179,0.627715133,-0.0597562894,
147.44,object_red_01,RED,-0.251637109,0.210570233,0.0119470396,-5.68994963e-18,1.01692695e-17,-2.52633677e-16,-5.99225601e-16,3.33843797e-16,4.06027393e-19,0,0,0,0.218383822,0.62694254,-0.0597562894,
147.48,object_red_01,RED,-0.251637109,0.210570233,0.0119470396,-6.12668357e-18,1.1882225e-17,-2.5620248e-16,-9.41667567e-16,6.96291238e-18,1.94483556e-18,0,0,0,0.218980146,0.626148949,-0.0597562894,
147.52,object_red_01,RED,-0.251637109,0.210570233,0.0119470396,5.98990596e-18,6.04458429e-18,-2.5620248e-16,-1.57691312e-15,-1.59216673e-16,1.70145886e-18,0,0,0,0.219511184,0.625387758,-0.0597562894,
147.56,object_red_01,RED,-0.251637109,0.210570233,0.0119470396,4.50239671e-18,6.38264467e-18,-2.52633677e-16,-6.50748979e-16,1.89901341e-16,8.7558569e-19,0,0,0,0.219874381,0.624718749,-0.0597562894,
147.6,object_red_01,RED,-0.251637109,0.210570233,0.0119470396,5.05653693e-18,7.93354025e-18,-2.59771282e-16,-1.01078429e-15,-3.97649746e-16,6.80029667e-19,0,0,0,0.219967146,0.6242027,-0.0597562894,
147.64,object_red_01,RED,-0.251637109,0.210570233,0.0119470396,1.87785446e-18,1.59859992e-17,-2.59771282e-16,-4.98063845e-16,1.07015266e-16,-4.14453235e-19,0,0,0,0.219689315,0.623898891,-0.0597562894,
147.68,object_red_01,RED,-0.251637109,0.210570233,0.0119470396,-9.79539956e-19,1.43514598e-17,-2.52633677e-16,-1.25771951e-15,3.83217096e-16,-5.99936393e-19,0,0,0,0.21894314,0.623864182,-0.0597562894,
147.72,object_red_01,RED,-0.251637109,0.210570233,0.0119470396,2.07759761e-18,1.18369179e-17,-2.5620248e-16,-1.12828273e-15,3.49218342e-16,-1.54288433e-19,0,0,0,0.217640391,0.624145872,-0.0597562894,
147.76,object_red_01,RED,-0.251637109,0.210570233,0.0119470396,-5.83959363e-18,1.13803621e-17,-2.49064875e-16,-6.07393941e-16,4.96945253e-17,2.10589965e-18,0,0,0,0.21579677,0.624700985,-0.0597562894,
147.8,object_red_01,RED,-0.251637109,0.210570233,0.0119470396,-3.4339629e-18,1.53726113e-17,-2.52633677e-16,-3.52290384e-16,-1.1106568e-16,3.35110355e-19,0,0,0,0.213477988,0.625453819,-0.0597562894,
147.84,object_red_01,RED,-0.251637109,0.210570233,0.0119470396,-1.01961928e-18,1.26454747e-17,-2.5620248e-16,-7.88982433e-16,3.09157148e-16,3.69435991e-18,0,0,0,0.210737847,0.626359928,-0.0597562894,
147.88,object_red_01,RED,-0.251637109,0.210570233,0.0119470396,2.22658814e-18,1.3762468e-17,-2.59771282e-16,-7.81442427e-16,-2.95751662e-16,1.92665801e-19,0,0,0,0.207631111,0.627385808,-0.0597562894,
147.92,object_red_01,RED,-0.251637109,0.210570233,0.0119470396,-1.91791891e-18,1.55991466e-17,-2.5620248e-16,-9.36640896e-16,3.37054191e-16,-1.09927129e-19,0,0,0,0.204213261,0.628502221,-0.0597562894,
147.96,object_red_01,RED,-0.251637109,0.210570233,0.0119470396,2.30027903e-19,1.36021507e-17,-2.52633677e-16,-4.86753835e-16,-3.4747658e-17,1.50773427e-18,0,0,0,0.200538634,0.629683051,-0.0597562894,
148,object_red_01,RED,-0.251637109,0.210570233,0.0119470396,-3.46983669e-19,1.16696303e-17,-2.49064875e-16,-4.15123773e-16,-2.08163177e-17,1.23831057e-18,0,0,0,0.196659339,0.630905287,-0.0597562894,
148.04,object_red_01,RED,-0.251637109,0.210570233,0.0119470396,-4.33988632e-18,1.44926087e-17,-2.59771282e-16,-8.07204116e-16,-1.99862021e-16,-5.96578771e-19,0,0,0,0.192625217,0.632148797,-0.0597562894,
148.08,object_red_01,RED,-0.251637109,0.210570233,0.0119470396,-2.49580177e-18,1.2992248e-17,-2.59771282e-16,-9.05852535e-16,4.03456319e-16,6.94884599e-19,0,0,0,0.188484408,0.633395855,-0.0597562894,
148.12,object_red_01,RED,-0.251637109,0.210570233,0.0119470396,-1.85475041e-18,1.28249604e-17,-2.5620248e-16,-1.40914798e-15,3.22558332e-16,1.86028454e-18,0,0,0,0.184284008,0.634630653,-0.0597562894,
148.16,object_red_01,RED,-0.251637109,0.210570233,0.0119470396,6.13323311e-18,1.15127981e-17,-2.52633677e-16,-1.72080158e-15,-1.00845437e-16,1.00856785e-18,0,0,0,0.180070537,0.635838968,-0.0597562894,
148.2,object_red_01,RED,-0.251637109,0.210570233,0.0119470396,2.907501e-18,1.32693181e-17,-2.52633677e-16,-3.70512067e-16,4.37126179e-16,1.23698787e-18,0,0,0,0.175890144,0.637008003,-0.0597562894,
148.24,object_red_01,RED,-0.251637109,0.210570233,0.0119470396,1.56201196e-18,1.42956973e-17,-2.52633677e-16,-5.11258857e-16,-5.00632964e-17,-2.80860593e-19,0,0,0,0.171788649,0.638126308,-0.0597562894,
148.28,object_red_01,RED,-0.251637109,0.210570233,0.0119470396,1.74411149e-18,1.60173656e-17,-2.63340084e-16,-9.63659253e-16,-2.15030394e-16,1.67195249e-18,0,0,0,0.167811453,0.639183744,-0.0597562894,
148.32,object_red_01,RED,-0.251637109,0.210570233,0.0119470396,1.37533815e-18,9.48095067e-18,-2.49064875e-16,-9.27215887e-16,-2.96267092e-16,3.63294027e-19,0,0,0,0.163984126,0.64017636,-0.0597562894,
148.36,object_red_01,RED,-0.251637109,0.210570233,0.0119470396,4.91560582e-18,1.67527341e-17,-2.5620248e-16,-6.43208972e-16,2.32299151e-16,-4.20624737e-20,0,0,0,0.16025137,0.64112094,-0.0597562894,
148.4,object_red_01,RED,-0.251637109,0.210570233,0.0119470396,-1.72296785e-18,1.30602086e-17,-2.5620248e-16,-5.66552239e-16,-2.69950702e-16,-5.22711096e-19,0,0,0,0.156560363,0.642032235,-0.0597562894,
148.44,object_red_01,RED,-0.251637109,0.210570233,0.0119470396,2.48107163e-19,1.1322857e-17,-2.52633677e-16,-6.73997333e-16,2.24813142e-16,3.90914595e-18,0,0,0,0.152888623,0.642916464,-0.0597562894,
148.48,object_red_01,RED,-0.251637109,0.210570233,0.0119470396,-3.79489464e-18,1.06171124e-17,-2.59771282e-16,-9.2595922e-16,-1.76014787e-16,1.8154145e-18,0,0,0,0.149227606,0.64377606,-0.0597562894,
148.52,object_red_01,RED,-0.251637109,0.210570233,0.0119470396,-6.69933869e-18,1.14239266e-17,-2.52633677e-16,-8.27939134e-16,2.15201597e-16,1.44149755e-18,0,0,0,0.145574187,0.644612008,-0.0597562894,
148.56,object_red_01,RED,-0.251637109,0.210570233,0.0119470396,-2.01071126e-18,1.43148657e-17,-2.5620248e-16,-8.44904149e-16,1.75493841e-16,-4.21371971e-19,0,0,0,0.141927308,0.645424761,-0.0597562894,
148.6,object_red_01,RED,-0.251637109,0.210570233,0.0119470396,-5.37171109e-18,1.7573489e-17,-2.5620248e-16,-8.29195802e-16,-3.18332411e-16,8.69989654e-19,0,0,0,0.138286685,0.646214575,-0.0597562894,
148.64,object_red_01,RED,-0.251637109,0.210570233,0.0119470396,-4.37125275e-18,1.4640728e-17,-2.5620248e-16,-3.14590351e-16,2.2267288e-16,1.28260514e-19,0,0,0,0.134652326,0.646981636,-0.0597562894,
148.68,object_red_01,RED,-0.251637109,0.210570233,0.0119470396,4.84524918e-18,1.4002944e-17,-2.5620248e-16,-8.70665838e-16,5.50265549e-16,3.35619085e-19,0,0,0,0.131024343,0.647726106,-0.0597562894,
148.72,object_red_01,RED,-0.251637109,0.210570233,0.0119470396,4.44365157e-19,4.95547223e-18,-2.5620248e-16,-2.9008533e-16,-8.41945892e-17,9.13842227e-19,0,0,0,0.12740289,0.648448141,-0.0597562894,
148.76,object_red_01,RED,-0.251637109,0.210570233,0.0119470396,-9.16153633e-19,1.02494281e-17,-2.5620248e-16,-7.6259241e-16,-2.86807722e-16,3.8964627e-19,0,0,0,0.123788132,0.649147892,-0.0597562894,
148.8,object_red_01,RED,-0.251637109,0.210570233,0.0119470396,-5.36430512e-18,1.34731999e-17,-2.52633677e-16,-5.8288892e-16,-7.5707173e-17,7.55321788e-19,0,0,0,0.120180237,0.649825513,-0.0597562894,
148.84,object_red_01,RED,-0.251637109,0.210570233,0.0119470396,2.56225248e-18,9.80507042e-18,-2.52633677e-16,-1.1295394e-15,1.50227947e-16,1.37434512e-18,0,0,0,0.116579376,0.650481157,-0.0597562894,
148.88,object_red_01,RED,-0.251637109,0.210570233,0.0119470396,7.37242482e-18,3.75134993e-18,-2.52633677e-16,-1.1722661e-15,-1.82872462e-16,-1.45640013e-19,0,0,0,0.112985717,0.651114978,-0.0597562894,
148.92,object_red_01,RED,-0.251637109,0.210570233,0.0119470396,-1.83471075e-18,1.19240469e-17,-2.52633677e-16,-7.31175716e-16,4.26159514e-17,2.22545133e-18,0,0,0,0.109399426,0.651727131,-0.0597562894,
148.96,object_red_01,RED,-0.251637109,0.210570233,0.0119470396,7.68987465e-20,1.27813959e-17,-2.52633677e-16,-5.61525568e-16,-2.79277533e-16,1.96172541e-18,0,0,0,0.105820672,0.652317769,-0.0597562894,
149,object_red_01,RED,-0.251637109,0.210570233,0.0119470396,3.18979885e-18,1.10945791e-17,-2.5620248e-16,-7.48769065e-16,1.80864132e-16,6.73517916e-19,0,0,0,0.102249616,0.652887052,-0.0597562894,
149.04,object_red_01,RED,-0.251637109,0.210570233,0.0119470396,8.2051599e-18,4.85440263e-18,-2.59771282e-16,-6.3315563e-16,-4.0339802e-16,3.39383692e-19,0,0,0,0.0986864196,0.653435137,-0.0597562894,
149.08,object_red_01,RED,-0.251637109,0.210570233,0.0119470396,-5.3141234e-20,1.57559787e-17,-2.59771282e-16,-5.00577181e-16,1.40611217e-17,1.69983092e-18,0,0,0,0.0951312416,0.653962181,-0.0597562894,
149.12,object_red_01,RED,-0.251637109,0.210570233,0.0119470396,3.56728509e-18,1.49230258e-17,-2.5620248e-16,-1.43867967e-15,-2.30463845e-16,9.16319144e-20,0,0,0,0.0915842391,0.654468345,-0.0597562894,
149.16,object_red_01,RED,-0.251637109,0.210570233,0.0119470396,-1.66851225e-18,1.3178704e-17,-2.52633677e-16,-3.82450411e-16,-4.17726977e-16,2.3794282e-19,0,0,0,0.0880455673,0.654953789,-0.0597562894,
149.2,object_red_01,RED,-0.251637109,0.210570233,0.0119470396,1.7179728e-18,1.49875013e-17,-2.52633677e-16,-6.27500625e-16,1.27117041e-16,-6.29544511e-19,0,0,0,0.0845153795,0.655418674,-0.0597562894,
149.24,object_red_01,RED,-0.251637109,0.210570233,0.0119470396,3.87681074e-18,1.38513396e-17,-2.59771282e-16,-1.04911266e-15,4.25030476e-17,1.31177126e-18,0,0,0,0.0809938265,0.655863162,-0.0597562894,
149.28,object_red_01,RED,-0.251637109,0.210570233,0.0119470396,3.03971921e-18,1.07687168e-17,-2.5620248e-16,-3.92503753e-16,7.79155526e-17,-2.14013399e-19,0,0,0,0.0774810568,0.656287416,-0.0597562894,
149.32,object_red_01,RED,-0.251637109,0.210570233,0.0119470396,-3.91861777e-18,1.28667823e-17,-2.5620248e-16,-1.055396e-15,-2.85531419e-16,1.93476269e-18,0,0,0,0.0739772179,0.656691601,-0.0597562894,
149.36,object_red_01,RED,-0.251637109,0.210570233,0.0119470396,-4.01794479e-18,1.501364e-17,-2.49064875e-16,-5.90428926e-16,7.50095084e-17,1.2964076e-18,0,0,0,0.070482454,0.657075879,-0.0597562894,
149.4,object_red_01,RED,-0.251637109,0.210570233,0.0119470396,2.9900557e-18,1.13437679e-17,-2.5620248e-16,-8.87630853e-16,-9.46651843e-17,2.26747247e-18,0,0,0,0.0669969082,0.657440417,-0.0597562894,
149.44,object_red_01,RED,-0.251637109,0.210570233,0.0119470396,-1.06274812e-18,1.2971337e-17,-2.5620248e-16,-1.64477318e-15,7.81705375e-18,2.42375449e-18,0,0,0,0.0635207212,0.657785379,-0.0597562894,
149.48,object_red_01,RED,-0.251637109,0.210570233,0.0119470396,-4.23337116e-18,1.08314496e-17,-2.49064875e-16,-1.66303555e-16,1.56864723e-16,1.39744149e-18,0,0,0,0.0600540312,0.658110933,-0.0597562894,
149.52,object_red_01,RED,-0.251637109,0.210570233,0.0119470396,-6.23472349e-18,1.04567951e-17,-2.5620248e-16,-1.0145543e-15,-2.94372273e-16,9.54337178e-19,0,0,0,0.0565969751,0.658417246,-0.0597562894,
149.56,object_red_01,RED,-0.251637109,0.210570233,0.0119470396,-4.87071954e-18,1.08331922e-17,-2.5620248e-16,-9.64287587e-16,6.23883699e-16,2.34174713e-18,0,0,0,0.0531496864,0.658704485,-0.0597562894,
149.6,object_red_01,RED,-0.251637109,0.210570233,0.0119470396,-4.44749059e-18,1.63031486e-17,-2.5620248e-16,-7.10440698e-16,-1.39566513e-16,9.74584654e-19,0,0,0,0.0497123005,0.658972818,-0.0597562894,
149.64,object_red_01,RED,-0.251637109,0.210570233,0.0119470396,-5.6021672e-18,1.43688856e-17,-2.52633677e-16,-7.22379042e-16,1.31431652e-17,-6.4500992e-19,0,0,0,0.0462849455,0.659222414,-0.0597562894,
149.68,object_red_01,RED,-0.251637109,0.210570233,0.0119470396,-3.72628058e-18,1.39907459e-17,-2.5620248e-16,-1.32118123e-15,-1.25443727e-16,5.52134807e-19,0,0,0,0.0428677503,0.659453443,-0.0597562894,
149.72,object_red_01,RED,-0.251637109,0.210570233,0.0119470396,-3.62978525e-18,1.24520484e-17,-2.5620248e-16,-8.45532483e-16,1.82115891e-16,4.36754718e-19,0,0,0,0.0394608411,0.659666074,-0.0597562894,
149.76,object_red_01,RED,-0.251637109,0.210570233,0.0119470396,-4.27192572e-18,1.54806512e-17,-2.59771282e-16,-1.0164393e-15,2.16796976e-16,1.24258391e-18,0,0,0,0.0360643426,0.659860478,-0.0597562894,
149.8,object_red_01,RED,-0.251637109,0.210570233,0.0119470396,5.22491365e-18,5.00600703e-18,-2.5620248e-16,-1.04911266e-15,-4.07511919e-17,6.09621359e-19,0,0,0,0.0326783771,0.660036826,-0.0597562894,
149.84,object_red_01,RED,-0.251637109,0.210570233,0.0119470396,4.02253393e-18,5.18200754e-18,-2.52633677e-16,-4.98692179e-16,9.10289895e-19,6.61003144e-19,0,0,0,0.0293030648,0.660195288,-0.0597562894,
149.88,object_red_01,RED,-0.251637109,0.210570233,0.0119470396,1.03975425e-17,7.68086625e-18,-2.59771282e-16,-8.87002519e-16,-3.32960809e-16,-4.35005949e-19,0,0,0,0.0259385242,0.660336036,-0.0597562894,
149.92,object_red_01,RED,-0.251637109,0.210570233,0.0119470396,4.54683248e-18,7.1720331e-18,-2.52633677e-16,-3.90618751e-16,-4.82612269e-16,1.54253144e-18,0,0,0,0.0225848719,0.660459243,-0.0597562894,
149.96,object_red_01,RED,-0.251637109,0.210570233,0.0119470396,-1.74431445e-18,1.3037555e-17,-2.5620248e-16,-7.26149045e-16,-3.32003582e-16,-4.43756115e-19,0,0,0,0.0192422217,0.66056508,-0.0597562894,
150,object_red_01,RED,-0.251637109,0.210570233,0.0119470396,-7.83223306e-18,1.30950601e-17,-2.5620248e-16,-6.31898962e-16,-1.96023294e-16,4.12675901e-20,0,0,0,0.0159106862,0.66065372,-0.0597562894,
150.04,object_red_01,RED,-0.251637109,0.210570233,0.0119470396,-2.60013871e-18,1.43200934e-17,-2.52633677e-16,-1.07236101e-15,-1.78272862e-16,6.59680445e-19,0,0,0,0.012590376,0.660725336,-0.0597562894,
150.08,object_red_01,RED,-0.251637109,0.210570233,0.0119470396,-1.97956265e-18,1.34697147e-17,-2.52633677e-16,-8.84489183e-16,3.20103902e-16,2.71112052e-19,0,0,0,0.00928139903,0.660780102,-0.0597562894,
150.12,object_red_01,RED,-0.251637109,0.210570233,0.0119470396,-2.48491065e-18,1.12148171e-17,-2.52633677e-16,-1.03466098e-15,1.57301612e-16,8.65309332e-19,0,0,0,0.00598386208,0.660818191,-0.0597562894,
150.16,object_red_01,RED,-0.251637109,0.210570233,0.0119470396,-2.1588305e-18,1.31142285e-17,-2.5620248e-16,-3.12117702e-17,1.78807321e-16,2.87062341e-18,0,0,0,0.00269786959,0.660839776,-0.0597562894,
150.2,object_red_01,RED,-0.251637109,0.210570233,0.0119470396,-3.83737001e-18,1.13176293e-17,-2.52633677e-16,-8.273108e-16,1.82857129e-16,-3.47300803e-19,0,0,0,-0.000576476989,0.660845031,-0.0597562894,
150.24,object_red_01,RED,-0.251637109,0.210570233,0.0119470396,-4.71301611e-18,1.05665776e-17,-2.5620248e-16,-8.02177445e-16,2.50888998e-16,9.86081965e-19,0,0,0,-0.00383907578,0.660834131,-0.0597562894,
150.28,object_red_01,RED,-0.251637109,0.210570233,0.0119470396,-5.98923763e-18,1.22586221e-17,-2.59771282e-16,-7.84584096e-16,3.42267123e-17,5.21407482e-19,0,0,0,-0.00708982754,0.66080725,-0.0597562894,
150.32,object_red_01,RED,-0.251637109,0.210570233,0.0119470396,-1.154887e-18,1.12583816e-17,-2.52633677e-16,-1.48329137e-15,-5.69307894e-17,1.17451576e-18,0,0,0,-0.0103286372,0.660764562,-0.0597562894,
150.36,object_red_01,RED,-0.251637109,0.210570233,0.0119470396,-2.3463756e-18,1.1124203e-17,-2.52633677e-16,-2.03375254e-16,-4.70806464e-16,1.03536209e-19,0,0,0,-0.0135554095,0.660706242,-0.0597562894,
150.4,object_red_01,RED,-0.251637109,0.210570233,0.0119470396,-1.38309797e-19,1.61010094e-17,-2.59771282e-16,-1.02272264e-15,1.14937887e-17,4.33702335e-19,0,0,0,-0.0167700517,0.660632464,-0.0597562894,
150.44,object_red_01,RED,-0.251637109,0.210570233,0.0119470396,9.69027311e-18,5.79888061e-18,-2.59771282e-16,-6.58288986e-16,1.18717984e-16,1.54120874e-18,0,0,0,-0.0199724729,0.660543404,-0.0597562894,
150.48,object_red_01,RED,-0.251637109,0.210570233,0.0119470396,8.08993185e-18,6.6248632e-18,-2.63340084e-16,-4.01300427e-16,2.45189814e-16,8.54219007e-19,0,0,0,-0.0231625838,0.660439234,-0.0597562894,
150.52,object_red_01,RED,-0.251637109,0.210570233,0.0119470396,7.90696102e-18,5.99579207e-18,-2.5620248e-16,-9.61145917e-16,-1.64945311e-16,1.00459976e-18,0,0,0,-0.0263402974,0.660320132,-0.0597562894,
150.56,object_red_01,RED,-0.251637109,0.210570233,0.0119470396,3.82067947e-19,1.14953723e-17,-2.59771282e-16,-8.22284129e-16,-3.1231906e-16,8.40359671e-21,0,0,0,-0.0295055288,0.66018627,-0.0597562894,
150.6,object_red_01,RED,-0.251637109,0.210570233,0.0119470396,6.01299514e-18,1.51652444e-17,-2.59771282e-16,-1.29227787e-15,1.69161414e-16,8.14538024e-19,0,0,0,-0.0326581941,0.660037825,-0.0597562894,
150.64,object_red_01,RED,-0.251637109,0.210570233,0.0119470396,-3.41000244e-18,1.0411488e-17,-2.5620248e-16,-1.30861455e-15,9.14394576e-17,-9.71106201e-19,0,0,0,-0.035798212,0.65987497,-0.0597562894,
150.68,object_red_01,RED,-0.251637109,0.210570233,0.0119470396,-4.98442284e-18,1.743234e-17,-2.5620248e-16,-1.06607768e-15,-7.82352351e-17,-1.02136878e-18,0,0,0,-0.038925503,0.65969788,-0.0597562894,
150.72,object_red_01,RED,-0.251637109,0.210570233,0.0119470396,-3.8382413e-18,1.47417976e-17,-2.52633677e-16,-1.05979434e-15,-3.96761519e-17,1.38726688e-18,0,0,0,-0.0420399891,0.65950673,-0.0597562894,
150.76,object_red_01,RED,-0.251637109,0.210570233,0.0119470396,-5.69169221e-18,1.13089164e-17,-2.5620248e-16,-5.67180572e-16,1.29257303e-16,-3.21966021e-19,0,0,0,-0.0451415942,0.659301694,-0.0597562894,
150.8,object_red_01,RED,-0.251637109,0.210570233,0.0119470396,-3.55681474e-18,1.16870561e-17,-2.5620248e-16,-6.29385627e-16,1.65990015e-17,-1.01750243e-18,0,0,0,-0.0482302446,0.659082947,-0.0597562894,
150.84,object_red_01,RED,-0.251637109,0.210570233,0.0119470396,9.87178609e-19,1.37206461e-17,-2.52633677e-16,-8.45532483e-16,1.67806569e-16,4.57409179e-19,0,0,0,-0.0513058674,0.658850663,-0.0597562894,
150.88,object_red_01,RED,-0.251637109,0.210570233,0.0119470396,-2.54720786e-18,1.41981128e-17,-2.5620248e-16,-6.2498729e-16,-4.36182409e-18,-1.51483741e-18,0,0,0,-0.0543683922,0.658605015,-0.0597562894,
150.92,object_red_01,RED,-0.251637109,0.210570233,0.0119470396,-3.2045959e-18,1.25374348e-17,-2.52633677e-16,-1.34631459e-15,5.19015756e-16,1.55250256e-18,0,0,0,-0.057417752,0.658346178,-0.0597562894,
150.96,object_red_01,RED,-0.251637109,0.210570233,0.0119470396,-4.11857875e-18,1.39280131e-17,-2.59771282e-16,-1.42422799e-15,9.99416005e-17,-3.88304485e-19,0,0,0,-0.0604538763,0.658074325,-0.0597562894,
151,object_red_01,RED,-0.251637109,0.210570233,0.0119470396,-2.86370383e-18,1.67475064e-17,-2.5620248e-16,-1.26840119e-15,-2.06896415e-16,-3.42823974e-19,0,0,0,-0.0634767014,0.657789629,-0.0597562894,
151.04,object_red_01,RED,-0.251637109,0.210570233,0.0119470396,-3.26275449e-18,1.59476625e-17,-2.52633677e-16,-9.30985891e-16,-4.61631807e-16,2.61371448e-18,0,0,0,-0.0664861645,0.657492264,-0.0597562894,
151.08,object_red_01,RED,-0.251637109,0.210570233,0.0119470396,-3.82146898e-18,1.54231461e-17,-2.59771282e-16,-1.15844276e-15,1.02253673e-16,1.81571974e-18,0,0,0,-0.0694822036,0.657182403,-0.0597562894,
151.12,object_red_01,RED,-0.251637109,0.210570233,0.0119470396,-4.97636341e-18,8.35698702e-18,-2.52633677e-16,-2.09030259e-16,1.32114259e-16,5.21000497e-19,0,0,0,-0.0724647587,0.656860218,-0.0597562894,
151.16,object_red_01,RED,-0.251637109,0.210570233,0.0119470396,-7.225162e-18,1.34731999e-17,-2.5620248e-16,-1.18860278e-15,-7.84266806e-17,6.52659963e-19,0,0,0,-0.0754337716,0.656525882,-0.0597562894,
151.2,object_red_01,RED,-0.251637109,0.210570233,0.0119470396,-2.42261344e-18,1.32693181e-17,-2.59771282e-16,-8.0469078e-16,2.01368434e-16,-4.51387073e-19,0,0,0,-0.0783891854,0.656179566,-0.0597562894,
151.24,object_red_01,RED,-0.251637109,0.210570233,0.0119470396,-4.37386661e-18,1.04306564e-17,-2.5620248e-16,-5.80375584e-16,5.50157279e-17,1.53391803e-19,0,0,0,-0.0813309454,0.655821443,-0.0597562894,
151.28,object_red_01,RED,-0.251637109,0.210570233,0.0119470396,-5.31333468e-18,1.16034123e-17,-2.52633677e-16,-1.1741511e-15,-1.09234676e-16,1.72018015e-18,0,0,0,-0.0842589987,0.655451683,-0.0597562894,
151.32,object_red_01,RED,-0.251637109,0.210570233,0.0119470396,-4.37452008e-18,1.12967183e-17,-2.5620248e-16,-1.27217119e-15,-1.26778936e-16,9.39990977e-19,0,0,0,-0.0871732933,0.655070458,-0.0597562894,
151.36,object_red_01,RED,-0.251637109,0.210570233,0.0119470396,-4.03406365e-18,1.23091569e-17,-2.5620248e-16,-8.55585825e-16,1.2015628e-16,6.64666004e-19,0,0,0,-0.0900737794,0.654677938,-0.0597562894,
151.4,object_red_01,RED,-0.251637109,0.210570233,0.0119470396,-5.96680192e-18,1.29068616e-17,-2.5620248e-16,-5.5712723e-16,2.19236679e-16,3.50067033e-19,0,0,0,-0.092960409,0.654274293,-0.0597562894,
151.44,object_red_01,RED,-0.251637109,0.210570233,0.0119470396,-4.7012537e-18,1.14901446e-17,-2.5620248e-16,-8.42390813e-16,5.02031106e-16,3.03850449e-18,0,0,0,-0.0958331353,0.653859693,-0.0597562894,
151.48,object_red_01,RED,-0.251637109,0.210570233,0.0119470396,-3.04508298e-19,1.21209583e-17,-2.52633677e-16,-7.22379042e-16,-2.74461943e-16,9.48741142e-19,0,0,0,-0.0986919135,0.653434307,-0.0597562894,
151.52,object_red_01,RED,-0.251637109,0.210570233,0.0119470396,-1.41039269e-18,1.48411246e-17,-2.5620248e-16,-8.22284129e-16,-2.88260744e-16,9.23609853e-19,0,0,0,-0.1015367,0.652998305,-0.0597562894,
151.56,object_red_01,RED,-0.251637109,0.210570233,0.0119470396,-5.89420014e-19,1.30776344e-17,-2.5620248e-16,-9.16534211e-16,2.19766836e-16,-1.27380088e-18,0,0,0,-0.104367453,0.652551854,-0.0597562894,
151.6,object_red_01,RED,-0.251637109,0.210570233,0.0119470396,6.06440123e-18,1.29748222e-17,-2.5620248e-16,-7.5442407e-16,5.42401282e-17,9.13740481e-19,0,0,0,-0.107184133,0.652095123,-0.0597562894,
151.64,object_red_01,RED,-0.251637109,0.210570233,0.0119470396,2.58011391e-18,1.43636579e-17,-2.5620248e-16,-1.02523597e-15,1.97504887e-17,6.76875537e-19,0,0,0,-0.109986701,0.651628279,-0.0597562894,
151.68,object_red_01,RED,-0.251637109,0.210570233,0.0119470396,4.88663544e-18,1.3497596e-17,-2.5620248e-16,-7.97779108e-16,3.73595733e-16,-2.23237284e-20,0,0,0,-0.112775119,0.651151488,-0.0597562894,
151.72,object_red_01,RED,-0.251637109,0.210570233,0.0119470396,1.40583329e-18,1.27901088e-17,-2.52633677e-16,-1.11131772e-15,-6.81917107e-17,8.65512825e-19,0,0,0,-0.115549354,0.650664917,-0.0597562894,
151.76,object_red_01,RED,-0.251637109,0.210570233,0.0119470396,-5.05216561e-18,1.04306564e-17,-2.59771282e-16,-5.52100559e-16,-9.71441579e-17,8.72940291e-19,0,0,0,-0.118309368,0.650168733,-0.0597562894,
151.8,object_red_01,RED,-0.251637109,0.210570233,0.0119470396,-6.46561524e-18,1.18874527e-17,-2.49064875e-16,-9.81252601e-16,-1.10417711e-16,8.14843262e-19,0,0,0,-0.121055131,0.6496631,-0.0597562894,
151.84,object_red_01,RED,-0.251637109,0.210570233,0.0119470396,-2.58924759e-18,1.37311016e-17,-2.5620248e-16,-1.0202093e-15,7.59372826e-17,1.59014862e-18,0,0,0,-0.123786613,0.649148182,-0.0597562894,
151.88,object_red_01,RED,-0.251637109,0.210570233,0.0119470396,-4.15495509e-18,1.23474936e-17,-2.52633677e-16,-2.20340269e-16,3.34118418e-17,-1.04405816e-18,0,0,0,-0.126503782,0.648624145,-0.0597562894,
151.92,object_red_01,RED,-0.251637109,0.210570233,0.0119470396,-2.35661325e-18,1.57577213e-17,-2.5620248e-16,-1.34442959e-15,1.05729145e-16,1.96894938e-18,0,0,0,-0.129206611,0.648091151,-0.0597562894,
151.96,object_red_01,RED,-0.251637109,0.210570233,0.0119470396,-2.51976224e-18,1.18857101e-17,-2.52633677e-16,-7.2049404e-16,1.6883252e-16,5.69533392e-19,0,0,0,-0.131895074,0.647549363,-0.0597562894,
152,object_red_01,RED,-0.251637109,0.210570233,0.0119470396,-5.69299915e-18,1.32989419e-17,-2.59771282e-16,-2.88200328e-16,-3.98332353e-17,1.38207782e-18,0,0,0,-0.134569146,0.646998944,-0.0597562894,
152.04,object_red_01,RED,-0.251637109,0.210570233,0.0119470396,2.48361859e-18,1.34087244e-17,-2.5620248e-16,-1.07864435e-15,-3.21017833e-17,-6.44297697e-19,0,0,0,-0.137228802,0.646440054,-0.0597562894,
152.08,object_red_01,RED,-0.251637109,0.210570233,0.0119470396,1.36052623e-18,1.66568922e-17,-2.5620248e-16,-1.24955117e-15,2.20498255e-16,-2.05975456e-19,0,0,0,-0.13987402,0.645872856,-0.0597562894,
152.12,object_red_01,RED,-0.251637109,0.210570233,0.0119470396,3.83085021e-18,1.42033406e-17,-2.63340084e-16,-1.42171465e-15,9.76638902e-17,1.80391719e-18,0,0,0,-0.14250478,0.64529751,-0.0597562894,
152.16,object_red_01,RED,-0.251637109,0.210570233,0.0119470396,4.27956438e-18,1.24450781e-17,-2.5620248e-16,-8.02805779e-16,3.48437834e-16,2.2509896e-18,0,0,0,-0.145121061,0.644714174,-0.0597562894,
152.2,object_red_01,RED,-0.251637109,0.210570233,0.0119470396,4.34643586e-18,1.27761681e-17,-2.52633677e-16,-9.40410899e-16,2.02413745e-17,1.6220969e-18,0,0,0,-0.147722846,0.644123007,-0.0597562894,
152.24,object_red_01,RED,-0.251637109,0.210570233,0.0119470396,8.70425796e-19,1.30183867e-17,-2.52633677e-16,-1.0981227e-15,8.82339731e-17,3.47421634e-19,0,0,0,-0.150310118,0.643524169,-0.0597562894,
152.28,object_red_01,RED,-0.251637109,0.210570233,0.0119470396,1.48141766e-18,1.11416287e-17,-2.59771282e-16,-7.03529025e-16,8.7438738e-17,1.55626716e-18,0,0,0,-0.152882862,0.642917816,-0.0597562894,
152.32,object_red_01,RED,-0.251637109,0.210570233,0.0119470396,-3.42982428e-18,1.29068616e-17,-2.52633677e-16,-8.36107474e-16,1.44096507e-17,8.94510466e-19,0,0,0,-0.155441062,0.642304106,-0.0597562894,
152.36,object_red_01,RED,-0.251637109,0.210570233,0.0119470396,-5.59672164e-18,1.21993744e-17,-2.5620248e-16,-4.03813763e-16,-9.92846959e-18,2.5098317e-18,0,0,0,-0.157984707,0.641683193,-0.0597562894,
152.4,object_red_01,RED,-0.251637109,0.210570233,0.0119470396,-7.04044859e-18,1.29434557e-17,-2.5620248e-16,-7.3180405e-16,6.96291238e-18,-5.53336675e-19,0,0,0,-0.160513785,0.641055234,-0.0597562894,
152.44,object_red_01,RED,-0.251637109,0.210570233,0.0119470396,-5.52200855e-18,1.59929695e-17,-2.59771282e-16,-3.23387026e-16,-2.94019111e-17,-3.57373668e-19,0,0,0,-0.163028286,0.640420382,-0.0597562894,
152.48,object_red_01,RED,-0.251637109,0.210570233,0.0119470396,2.15718536e-20,1.35551011e-17,-2.5620248e-16,-1.05665267e-15,2.62459178e-16,-6.24457206e-19,0,0,0,-0.1655282,0.639778792,-0.0597562894,
152.52,object_red_01,RED,-0.251637109,0.210570233,0.0119470396,9.43607436e-18,6.93329973e-18,-2.52633677e-16,-1.33940291e-15,-8.35368022e-17,8.17386915e-19,0,0,0,-0.16801352,0.639130617,-0.0597562894,
152.56,object_red_01,RED,-0.251637109,0.210570233,0.0119470396,4.87204134e-18,8.98431557e-18,-2.49064875e-16,-3.91875419e-16,-1.23234741e-16,-4.52166031e-20,0,0,0,-0.170484241,0.638476007,-0.0597562894,
152.6,object_red_01,RED,-0.251637109,0.210570233,0.0119470396,-6.25759484e-18,1.46825499e-17,-2.5620248e-16,-7.78300757e-16,5.39210524e-17,1.19761213e-18,0,0,0,-0.172940354,0.637815116,-0.0597562894,
152.64,object_red_01,RED,-0.251637109,0.210570233,0.0119470396,-9.86945918e-19,1.1235728e-17,-2.5620248e-16,-1.68188557e-16,-7.63796866e-17,9.51081303e-19,0,0,0,-0.175381857,0.637148093,-0.0597562894,
152.68,object_red_01,RED,-0.251637109,0.210570233,0.0119470396,3.40065094e-18,1.04742209e-17,-2.5620248e-16,-1.00387262e-15,1.09224252e-16,-1.02584561e-18,0,0,0,-0.177808748,0.636475088,-0.0597562894,
152.72,object_red_01,RED,-0.251637109,0.210570233,0.0119470396,3.469265e-18,1.26106231e-17,-2.49064875e-16,-3.71768735e-16,2.99673234e-16,1.80910625e-18,0,0,0,-0.180221025,0.635796249,-0.0597562894,
152.76,object_red_01,RED,-0.251637109,0.210570233,0.0119470396,1.70969555e-18,1.67143974e-17,-2.52633677e-16,-1.09498103e-15,-1.51853385e-16,2.6863612e-18,0,0,0,-0.182618686,0.635111725,-0.0597562894,
152.8,object_red_01,RED,-0.251637109,0.210570233,0.0119470396,-4.86004624e-18,1.09516876e-17,-2.59771282e-16,-2.09658593e-16,3.66929503e-16,1.59859355e-18,0,0,0,-0.185001734,0.634421663,-0.0597562894,
152.84,object_red_01,RED,-0.251637109,0.210570233,0.0119470396,9.57336939e-19,1.14239266e-17,-2.52633677e-16,-6.35040632e-16,3.79574447e-17,4.38891387e-19,0,0,0,-0.187370169,0.633726209,-0.0597562894,
152.88,object_red_01,RED,-0.251637109,0.210570233,0.0119470396,-2.47205913e-18,1.37101906e-17,-2.5620248e-16,-8.09717451e-16,-1.40803545e-16,-1.12260616e-18,0,0,0,-0.189723994,0.633025508,-0.0597562894,
152.92,object_red_01,RED,-0.251637109,0.210570233,0.0119470396,-4.66705558e-18,1.46755796e-17,-2.52633677e-16,-1.10691938e-15,-3.2590678e-16,1.60907339e-18,0,0,0,-0.192063214,0.632319705,-0.0597562894,
152.96,object_red_01,RED,-0.251637109,0.210570233,0.0119470396,-8.27397691e-18,1.09935095e-17,-2.63340084e-16,-6.2184562e-16,-3.67357456e-17,6.09723105e-19,0,0,0,-0.194387834,0.631608944,-0.0597562894,
153,object_red_01,RED,-0.251637109,0.210570233,0.0119470396,2.74173814e-18,1.15110556e-17,-2.59771282e-16,-8.68780836e-16,5.85402882e-17,-1.52999758e-18,0,0,0,-0.196697859,0.630893367,-0.0597562894,
153.04,object_red_01,RED,-0.251637109,0.210570233,0.0119470396,1.68028953e-18,1.67457638e-17,-2.5620248e-16,-7.72645752e-16,7.6339809e-17,1.69976419e-19,0,0,0,-0.198993297,0.630173116,-0.0597562894,
153.08,object_red_01,RED,-0.251637109,0.210570233,0.0119470396,5.42334987e-18,6.57781356e-18,-2.52633677e-16,-5.46445554e-16,-4.97216122e-16,-9.39463161e-19,0,0,0,-0.201274157,0.629448331,-0.0597562894,
153.12,object_red_01,RED,-0.251637109,0.210570233,0.0119470396,1.20304062e-18,1.2134899e-17,-2.52633677e-16,-5.98597267e-16,-3.13502095e-16,9.63697821e-19,0,0,0,-0.203540447,0.628719154,-0.0597562894,
153.16,object_red_01,RED,-0.251637109,0.210570233,0.0119470396,3.3536013e-18,1.4652926e-17,-2.5620248e-16,-5.13143859e-16,-2.53226497e-17,1.06900504e-18,0,0,0,-0.205792178,0.627985722,-0.0597562894,
153.2,object_red_01,RED,-0.251637109,0.210570233,0.0119470396,-2.783763e-18,1.14988575e-17,-2.5620248e-16,-2.15313598e-16,4.33817333e-17,2.7059982e-18,0,0,0,-0.208029362,0.627248175,-0.0597562894,
153.24,object_red_01,RED,-0.251637109,0.210570233,0.0119470396,-1.69465094e-18,1.59215238e-17,-2.5620248e-16,-3.29670365e-16,-1.48161924e-16,1.84675231e-18,0,0,0,-0.21025201,0.626506648,-0.0597562894,
153.28,object_red_01,RED,-0.251637109,0.210570233,0.0119470396,-3.4349851e-19,1.0651964e-17,-2.49064875e-16,-6.18075617e-16,5.37409249e-16,-1.83794804e-19,0,0,0,-0.212460137,0.625761279,-0.0597562894,
153.32,object_red_01,RED,-0.251637109,0.210570233,0.0119470396,3.389542e-18,1.39890033e-17,-2.59771282e-16,-1.31803956e-15,-1.54739794e-16,-7.958994e-19,0,0,0,-0.214653756,0.625012202,-0.0597562894,
153.36,object_red_01,RED,-0.251637109,0.210570233,0.0119470396,-5.61044445e-18,1.43950243e-17,-2.52633677e-16,-1.00889929e-15,6.94085009e-17,1.90016901e-18,0,0,0,-0.216832883,0.624259553,-0.0597562894,
153.4,object_red_01,RED,-0.251637109,0.210570233,0.0119470396,3.50768432e-20,1.45553416e-17,-2.52633677e-16,-2.74376983e-16,-1.69137752e-17,3.15982086e-19,0,0,0,-0.218997533,0.623503463,-0.0597562894,
153.44,object_red_01,RED,-0.251637109,0.210570233,0.0119470396,3.21077671e-19,1.2420682e-17,-2.52633677e-16,-7.63849078e-16,-1.3420113e-16,8.50047416e-19,0,0,0,-0.221147725,0.622744066,-0.0597562894,
153.48,object_red_01,RED,-0.251637109,0.210570233,0.0119470396,-5.36343384e-18,1.51059967e-17,-2.63340084e-16,-6.79652338e-16,-5.50948763e-17,-8.06277504e-19,0,0,0,-0.223283476,0.621981493,-0.0597562894,
153.52,object_red_01,RED,-0.251637109,0.210570233,0.0119470396,1.75914124e-18,1.52314624e-17,-2.5620248e-16,-8.73807507e-16,-7.17948128e-17,3.87916586e-19,0,0,0,-0.225404805,0.621215874,-0.0597562894,
153.56,object_red_01,RED,-0.251637109,0.210570233,0.0119470396,-3.35859635e-18,1.52872249e-17,-2.5620248e-16,-7.78300757e-16,-1.35011092e-16,1.22569405e-18,0,0,0,-0.227511731,0.620447339,-0.0597562894,
153.6,object_red_01,RED,-0.251637109,0.210570233,0.0119470396,-3.60255745e-18,1.26629005e-17,-2.5620248e-16,-1.055396e-15,1.15870846e-16,1.00938182e-18,0,0,0,-0.229604276,0.619676016,-0.0597562894,
153.64,object_red_01,RED,-0.251637109,0.210570233,0.0119470396,-4.45990647e-18,1.36230617e-17,-2.52633677e-16,-1.057281e-15,4.45451328e-17,1.50071379e-18,0,0,0,-0.231682461,0.618902032,-0.0597562894,
153.68,object_red_01,RED,-0.251637109,0.210570233,0.0119470396,-4.37386661e-18,1.46442131e-17,-2.52633677e-16,-5.50843892e-16,-5.21790144e-17,1.21341778e-19,0,0,0,-0.233746308,0.618125514,-0.0597562894,
153.72,object_red_01,RED,-0.251637109,0.210570233,0.0119470396,-4.83390755e-18,1.14587782e-17,-2.52633677e-16,-7.89610767e-16,7.8386803e-17,1.37688877e-18,0,0,0,-0.235795841,0.617346588,-0.0597562894,
153.76,object_red_01,RED,-0.251637109,0.210570233,0.0119470396,3.25405646e-18,1.32762884e-17,-2.5620248e-16,-8.40505812e-16,-1.3153562e-16,2.03091277e-18,0,0,0,-0.237831083,0.616565377,-0.0597562894,
153.8,object_red_01,RED,-0.251637109,0.210570233,0.0119470396,3.43027479e-18,1.50153825e-17,-2.52633677e-16,-8.68152502e-16,-2.99639478e-16,1.77797194e-18,0,0,0,-0.23985206,0.615782005,-0.0597562894,
153.84,object_red_01,RED,-0.251637109,0.210570233,0.0119470396,-4.2950149e-18,1.29451983e-17,-2.5620248e-16,-6.35668966e-16,3.0515152e-16,1.09952888e-18,0,0,0,-0.241858797,0.614996594,-0.0597562894,
153.88,object_red_01,RED,-0.251637109,0.210570233,0.0119470396,-1.6574033e-18,1.02982204e-17,-2.49064875e-16,-1.07487435e-15,5.23943974e-17,-2.96494483e-20,0,0,0,-0.24385132,0.614209265,-0.0597562894,
153.92,object_red_01,RED,-0.251637109,0.210570233,0.0119470396,-1.95342396e-18,1.40447659e-17,-2.5620248e-16,-1.02900598e-15,-4.34814714e-16,-7.20098549e-19,0,0,0,-0.245829656,0.61342014,-0.0597562894,
153.96,object_red_01,RED,-0.251637109,0.210570233,0.0119470396,-7.10747098e-19,8.09734271e-18,-2.49064875e-16,-7.512824e-16,3.03934123e-16,1.43478231e-18,0,0,0,-0.247793834,0.612629336,-0.0597562894,
154,object_red_01,RED,-0.251637109,0.210570233,0.0119470396,-1.99437458e-18,9.71271372e-18,-2.52633677e-16,-7.24892377e-16,8.20733557e-17,-2.72212174e-19,0,0,0,-0.249743882,0.611836973,-0.0597562894,
154.04,object_red_01,RED,-0.251637109,0.210570233,0.0119470396,8.67594105e-19,1.41301523e-17,-2.5620248e-16,-2.38561952e-16,-1.02912067e-16,6.42587098e-19,0,0,0,-0.251679829,0.611043167,-0.0597562894,
154.08,object_red_01,RED,-0.251637109,0.210570233,0.0119470396,3.0474099e-19,1.70524577e-17,-2.59771282e-16,-9.47950906e-16,1.58460102e-16,-7.28915449e-20,0,0,0,-0.253601706,0.610248034,-0.0597562894,
154.12,object_red_01,RED,-0.251637109,0.210570233,0.0119470396,3.76985993e-18,1.60347914e-17,-2.59771282e-16,-1.5561781e-15,3.2458569e-16,-4.72245025e-19,0,0,0,-0.255509542,0.60945169,-0.0597562894,
154.16,object_red_01,RED,-0.251637109,0.210570233,0.0119470396,1.11199085e-18,1.65052878e-17,-2.5620248e-16,-6.39438969e-16,-3.07999264e-16,7.23001536e-20,0,0,0,-0.25740337,0.608654248,-0.0597562894,
154.2,object_red_01,RED,-0.251637109,0.210570233,0.0119470396,7.24920425e-19,1.26838114e-17,-2.52633677e-16,-1.10126437e-15,-4.55520554e-17,-7.1796188e-19,0,0,0,-0.259283221,0.607855821,-0.0597562894,
154.24,object_red_01,RED,-0.251637109,0.210570233,0.0119470396,-2.03554301e-18,1.18630566e-17,-2.59771282e-16,-5.48330556e-16,-2.1732774e-16,2.70009693e-18,0,0,0,-0.261149129,0.607056522,-0.0597562894,
154.28,object_red_01,RED,-0.251637109,0.210570233,0.0119470396,-4.68339226e-18,1.46302725e-17,-2.52633677e-16,-6.18703951e-16,1.84108888e-16,-3.2094856e-19,0,0,0,-0.263001126,0.606256461,-0.0597562894,
154.32,object_red_01,RED,-0.251637109,0.210570233,0.0119470396,-2.43459367e-18,1.38792208e-17,-2.5620248e-16,-1.2815962e-15,-3.5960146e-17,-8.52368491e-19,0,0,0,-0.264839246,0.605455747,-0.0597562894,
154.36,object_red_01,RED,-0.251637109,0.210570233,0.0119470396,-6.57256605e-18,1.35812398e-17,-2.49064875e-16,-2.73120315e-16,-1.22015468e-18,7.04550479e-19,0,0,0,-0.266663525,0.60465449,-0.0597562894,
154.4,object_red_01,RED,-0.251637109,0.210570233,0.0119470396,-3.09198171e-18,1.15615904e-17,-2.5620248e-16,-1.12828273e-15,-1.89401244e-16,1.43274739e-18,0,0,0,-0.268473998,0.603852797,-0.0597562894,
154.44,object_red_01,RED,-0.251637109,0.210570233,0.0119470396,-2.51388103e-18,1.13821047e-17,-2.52633677e-16,-4.44655465e-16,4.11605024e-16,6.79250709e-20,0,0,0,-0.270270699,0.603050775,-0.0597562894,
154.48,object_red_01,RED,-0.251637109,0.210570233,0.0119470396,-2.8382186e-18,1.12531538e-17,-2.52633677e-16,-1.07487435e-15,4.9184004e-17,7.04957464e-19,0,0,0,-0.272053666,0.602248529,-0.0597562894,
154.52,object_red_01,RED,-0.251637109,0.210570233,0.0119470396,-3.16190271e-18,1.42434199e-17,-2.59771282e-16,-8.84489183e-16,1.14270558e-16,9.32563511e-19,0,0,0,-0.273822936,0.601446164,-0.0597562894,
154.56,object_red_01,RED,-0.251637109,0.210570233,0.0119470396,2.2592615e-18,1.42643309e-17,-2.52633677e-16,-7.28034047e-16,1.04173036e-16,-1.23052377e-19,0,0,0,-0.275578547,0.600643782,-0.0597562894,
154.6,object_red_01,RED,-0.251637109,0.210570233,0.0119470396,3.07137037e-19,1.8024817e-17,-2.5620248e-16,-1.03026264e-15,-5.10303415e-17,1.99889775e-19,0,0,0,-0.277320535,0.599841487,-0.0597562894,
154.64,object_red_01,RED,-0.251637109,0.210570233,0.0119470396,2.90364711e-19,1.51826702e-17,-2.5620248e-16,-1.01581096e-15,-2.40865716e-16,2.57004354e-20,0,0,0,-0.279048939,0.599039379,-0.0597562894,
154.68,object_red_01,RED,-0.251637109,0.210570233,0.0119470396,1.49121967e-18,1.32222684e-17,-2.59771282e-16,-1.11383105e-15,4.37131088e-16,1.21623166e-18,0,0,0,-0.2807638,0.598237559,-0.0597562894,
154.72,object_red_01,RED,-0.251637109,0.210570233,0.0119470396,9.32847008e-18,8.32736318e-18,-2.5620248e-16,-1.60958648e-15,1.21000603e-16,9.52810987e-19,0,0,0,-0.282465157,0.597436125,-0.0597562894,
154.76,object_red_01,RED,-0.251637109,0.210570233,0.0119470396,5.21946809e-18,9.42693072e-18,-2.59771282e-16,-1.42359966e-15,-1.44941713e-16,-1.33125242e-19,0,0,0,-0.284153049,0.596635176,-0.0597562894,
154.8,object_red_01,RED,-0.251637109,0.210570233,0.0119470396,4.5285354e-18,1.50171251e-17,-2.59771282e-16,-5.11887191e-16,6.60852037e-17,7.38126695e-19,0,0,0,-0.285827518,0.595834808,-0.0597562894,
154.84,object_red_01,RED,-0.251637109,0.210570233,0.0119470396,5.54772647e-18,1.53273042e-17,-2.59771282e-16,-1.1684961e-15,1.54312117e-16,8.38753598e-19,0,0,0,-0.287488604,0.595035117,-0.0597562894,
154.88,object_red_01,RED,-0.251637109,0.210570233,0.0119470396,5.91170772e-18,1.09935095e-17,-2.5620248e-16,-7.94009104e-16,1.06490018e-16,2.37013429e-18,0,0,0,-0.289136349,0.594236198,-0.0597562894,
154.92,object_red_01,RED,-0.251637109,0.210570233,0.0119470396,8.91308274e-18,4.91713548e-18,-2.5620248e-16,-3.88105416e-16,-1.65745455e-16,1.5631859e-18,0,0,0,-0.290770796,0.593438145,-0.0597562894,
154.96,object_red_01,RED,-0.251637109,0.210570233,0.0119470396,1.37533815e-18,1.34226651e-17,-2.52633677e-16,-5.31993875e-16,-1.49104425e-16,-3.11180934e-19,0,0,0,-0.292391986,0.59264105,-0.0597562894,
155,object_red_01,RED,-0.251637109,0.210570233,0.0119470396,-1.94754276e-18,1.38252009e-17,-2.52633677e-16,-3.3532537e-16,3.24134075e-16,1.65302771e-18,0,0,0,-0.293999963,0.591845005,-0.0597562894,
155.04,object_red_01,RED,-0.251637109,0.210570233,0.0119470396,-2.83974336e-18,1.75107561e-17,-2.5620248e-16,-1.31803956e-15,5.60465881e-17,-8.99498805e-21,0,0,0,-0.29559477,0.591050099,-0.0597562894,
155.08,object_red_01,RED,-0.251637109,0.210570233,0.0119470396,-2.51605926e-18,1.5179185e-17,-2.59771282e-16,-4.6162048e-16,1.92802476e-16,1.7776667e-18,0,0,0,-0.29717645,0.590256423,-0.0597562894,
155.12,object_red_01,RED,-0.251637109,0.210570233,0.0119470396,-6.12537664e-18,1.20704235e-17,-2.49064875e-16,-1.36184215e-17,-5.21397435e-17,-4.37956586e-19,0,0,0,-0.298745048,0.589464065,-0.0597562894,
155.16,object_red_01,RED,-0.251637109,0.210570233,0.0119470396,-4.6001841e-18,1.55799782e-17,-2.5620248e-16,-1.55994811e-15,-2.35411974e-16,1.6598447e-18,0,0,0,-0.300300609,0.588673111,-0.0597562894,
155.2,object_red_01,RED,-0.251637109,0.210570233,0.0119470396,-5.54509773e-18,1.42643309e-17,-2.59771282e-16,-1.14399108e-15,-2.46687622e-16,-5.25661733e-19,0,0,0,-0.301843177,0.587883649,-0.0597562894,
155.24,object_red_01,RED,-0.251637109,0.210570233,0.0119470396,-8.41272979e-18,1.41510632e-17,-2.52633677e-16,-5.84145587e-16,9.7496989e-17,-4.88727895e-19,0,0,0,-0.303372798,0.587095762,-0.0597562894,
155.28,object_red_01,RED,-0.251637109,0.210570233,0.0119470396,-5.63462274e-18,1.27813959e-17,-2.49064875e-16,-8.13487455e-16,-4.25871049e-17,1.09617126e-18,0,0,0,-0.304889517,0.586309534,-0.0597562894,
155.32,object_red_01,RED,-0.251637109,0.210570233,0.0119470396,-3.22027912e-18,9.9165955e-18,-2.59771282e-16,-4.56593809e-16,8.32662083e-17,2.62592401e-18,0,0,0,-0.306393381,0.58552505,-0.0597562894,
155.36,object_red_01,RED,-0.251637109,0.210570233,0.0119470396,1.23070407e-18,1.05944588e-17,-2.59771282e-16,-3.50405383e-16,5.72787116e-17,-9.69478263e-19,0,0,0,-0.307884435,0.58474239,-0.0597562894,
155.4,object_red_01,RED,-0.251637109,0.210570233,0.0119470396,2.48035125e-18,1.33425064e-17,-2.59771282e-16,-6.52633981e-16,3.15406125e-16,6.50421549e-19,0,0,0,-0.309362727,0.583961635,-0.0597562894,
155.44,object_red_01,RED,-0.251637109,0.210570233,0.0119470396,3.41894803e-18,1.37154184e-17,-2.5620248e-16,-9.97589282e-16,-2.18196608e-16,-9.80365097e-19,0,0,0,-0.310828304,0.583182864,-0.0597562894,
155.48,object_red_01,RED,-0.251637109,0.210570233,0.0119470396,2.45334127e-18,1.61445739e-17,-2.5620248e-16,-1.35385459e-15,-1.21123931e-16,7.89508481e-19,0,0,0,-0.312281212,0.582406157,-0.0597562894,
155.52,object_red_01,RED,-0.251637109,0.210570233,0.0119470396,-5.70933583e-18,9.8660607e-18,-2.52633677e-16,-5.41418883e-16,-1.2512956e-16,-1.30886827e-19,0,0,0,-0.313721501,0.581631591,-0.0597562894,
155.56,object_red_01,RED,-0.251637109,0.210570233,0.0119470396,3.75968919e-19,1.48184711e-17,-2.49064875e-16,-9.98217616e-16,7.76504742e-17,1.96111493e-18,0,0,0,-0.315149216,0.580859242,-0.0597562894,
155.6,object_red_01,RED,-0.251637109,0.210570233,0.0119470396,7.92445372e-19,1.21854338e-17,-2.52633677e-16,-1.07675935e-15,3.1781825e-18,-3.34175555e-19,0,0,0,-0.316564408,0.580089186,-0.0597562894,
155.64,object_red_01,RED,-0.251637109,0.210570233,0.0119470396,2.65243096e-18,1.30636937e-17,-2.5620248e-16,-1.18671778e-15,4.6782618e-16,1.80971672e-18,0,0,0,-0.317967124,0.579321496,-0.0597562894,
155.68,object_red_01,RED,-0.251637109,0.210570233,0.0119470396,4.36255472e-18,8.89544403e-18,-2.45496072e-16,-9.44180902e-16,-5.93852186e-17,-5.60153664e-19,0,0,0,-0.319357414,0.578556246,-0.0597562894,
155.72,object_red_01,RED,-0.251637109,0.210570233,0.0119470396,-2.87938704e-18,1.21070177e-17,-2.49064875e-16,-6.31270629e-16,2.94793828e-16,1.48911473e-18,0,0,0,-0.320735325,0.577793509,-0.0597562894,
155.76,object_red_01,RED,-0.251637109,0.210570233,0.0119470396,-2.09892933e-18,1.18526011e-17,-2.5620248e-16,-1.39218296e-15,4.87697239e-16,3.32770194e-19,0,0,0,-0.322100909,0.577033355,-0.0597562894,
155.8,object_red_01,RED,-0.251637109,0.210570233,0.0119470396,-1.01700541e-18,1.17323631e-17,-2.52633677e-16,-3.48520381e-16,7.48816023e-18,5.81641179e-19,0,0,0,-0.323454213,0.576275854,-0.0597562894,
155.84,object_red_01,RED,-0.251637109,0.210570233,0.0119470396,-5.3834735e-18,1.00298632e-17,-2.52633677e-16,-7.95894106e-16,-6.27625132e-17,5.70245614e-19,0,0,0,-0.324795289,0.575521075,-0.0597562894,
155.88,object_red_01,RED,-0.251637109,0.210570233,0.0119470396,1.90333968e-18,1.00507741e-17,-2.59771282e-16,-7.56309071e-16,1.75582201e-16,1.14694256e-18,0,0,0,-0.326124187,0.574769086,-0.0597562894,
155.92,object_red_01,RED,-0.251637109,0.210570233,0.0119470396,2.21199404e-18,1.24311374e-17,-2.5620248e-16,-5.47702222e-16,-3.69433628e-16,4.61987754e-19,0,0,0,-0.327440956,0.574019955,-0.0597562894,
155.96,object_red_01,RED,-0.251637109,0.210570233,0.0119470396,4.19533402e-19,1.287201e-17,-2.5620248e-16,-1.39783797e-15,-1.91767589e-17,2.3112233e-18,0,0,0,-0.328745646,0.573273746,-0.0597562894,
156,object_red_01,RED,-0.251637109,0.210570233,0.0119470396,-3.52675525e-18,1.51269076e-17,-2.52633677e-16,-1.09875104e-15,-3.29161353e-16,1.21317928e-18,0,0,0,-0.330038309,0.572530525,-0.0597562894,
156.04,object_red_01,RED,-0.251637109,0.210570233,0.0119470396,-5.53660265e-18,1.13455105e-17,-2.52633677e-16,7.11659663e-18,5.61938539e-17,1.86486311e-18,0,0,0,-0.331318997,0.571790355,-0.0597562894,
156.08,object_red_01,RED,-0.251637109,0.210570233,0.0119470396,-1.53237324e-18,1.1190421e-17,-2.5620248e-16,-7.41229058e-16,2.47992772e-16,1.84135976e-18,0,0,0,-0.332587758,0.571053299,-0.0597562894,
156.12,object_red_01,RED,-0.251637109,0.210570233,0.0119470396,-4.06608354e-18,1.40168846e-17,-2.52633677e-16,-5.81632252e-16,1.23945918e-16,3.63870479e-18,0,0,0,-0.333844647,0.570319419,-0.0597562894,
156.16,object_red_01,RED,-0.251637109,0.210570233,0.0119470396,-2.98503091e-18,1.36056359e-17,-2.52633677e-16,-6.43837306e-16,1.70840243e-16,2.62582227e-18,0,0,0,-0.335089712,0.569588775,-0.0597562894,
156.2,object_red_01,RED,-0.251637109,0.210570233,0.0119470396,-1.34613508e-18,1.85928978e-17,-2.59771282e-16,-9.3726923e-16,2.27036855e-16,2.29901376e-18,0,0,0,-0.336323007,0.568861426,-0.0597562894,
156.24,object_red_01,RED,-0.251637109,0.210570233,0.0119470396,-2.49275226e-18,1.10022224e-17,-2.59771282e-16,-7.65105746e-16,9.54401773e-17,8.1881136e-19,0,0,0,-0.337544584,0.568137432,-0.0597562894,
156.28,object_red_01,RED,-0.251637109,0.210570233,0.0119470396,-4.45467873e-18,1.26297915e-17,-2.5620248e-16,-1.16535443e-15,-1.47121246e-16,1.74046263e-19,0,0,0,-0.338754493,0.56741685,-0.0597562894,
156.32,object_red_01,RED,-0.251637109,0.210570233,0.0119470396,-3.47926996e-18,9.65869376e-18,-2.5620248e-16,-6.22473954e-16,3.57867751e-16,1.58377362e-19,0,0,0,-0.339952787,0.566699735,-0.0597562894,
156.36,object_red_01,RED,-0.251637109,0.210570233,0.0119470396,1.55721986e-18,1.33581896e-17,-2.52633677e-16,-7.06670694e-16,-1.03373499e-16,1.6874179e-18,0,0,0,-0.34113952,0.565986144,-0.0597562894,
156.4,object_red_01,RED,-0.251637109,0.210570233,0.0119470396,1.30628844e-18,1.28563268e-17,-2.59771282e-16,-5.79118916e-16,1.05194079e-16,4.96174447e-19,0,0,0,-0.342314742,0.565276132,-0.0597562894,
156.44,object_red_01,RED,-0.251637109,0.210570233,0.0119470396,2.22571685e-18,1.3849597e-17,-2.63340084e-16,-9.13392542e-16,-2.88943076e-16,-1.00973471e-19,0,0,0,-0.343478507,0.56456975,-0.0597562894,
156.48,object_red_01,RED,-0.251637109,0.210570233,0.0119470396,1.32545682e-18,1.69513881e-17,-2.5620248e-16,-9.7622593e-16,-2.34302572e-16,5.08790964e-19,0,0,0,-0.344630867,0.563867052,-0.0597562894,
156.52,object_red_01,RED,-0.251637109,0.210570233,0.0119470396,-5.59018697e-18,9.39033655e-18,-2.59771282e-16,4.92149668e-17,2.63514582e-16,1.612838e-18,0,0,0,-0.345771876,0.56316809,-0.0597562894,
156.56,object_red_01,RED,-0.251637109,0.210570233,0.0119470396,-5.70018729e-18,1.44682126e-17,-2.52633677e-16,-3.56688722e-16,2.73788547e-17,-6.74719784e-19,0,0,0,-0.346901585,0.562472913,-0.0597562894,
156.6,object_red_01,RED,-0.251637109,0.210570233,0.0119470396,-4.95153165e-18,9.60990154e-18,-2.52633677e-16,-4.57222143e-16,-6.54525676e-17,-1.15129856e-18,0,0,0,-0.348020049,0.56178157,-0.0597562894,
156.64,object_red_01,RED,-0.251637109,0.210570233,0.0119470396,-3.1608136e-18,1.11085197e-17,-2.59771282e-16,-6.48863977e-16,2.01746416e-16,2.86679207e-19,0,0,0,-0.349127321,0.561094111,-0.0597562894,
156.68,object_red_01,RED,-0.251637109,0.210570233,0.0119470396,-3.93081583e-18,1.32257536e-17,-2.49064875e-16,-1.61524149e-15,4.57183499e-17,8.38041375e-19,0,0,0,-0.350223452,0.560410582,-0.0597562894,
156.72,object_red_01,RED,-0.251637109,0.210570233,0.0119470396,-5.37105762e-18,1.61637423e-17,-2.5620248e-16,-5.74092245e-16,-1.67419651e-17,4.9973556e-19,0,0,0,-0.351308499,0.55973103,-0.0597562894,
156.76,object_red_01,RED,-0.251637109,0.210570233,0.0119470396,-7.18203316e-18,1.16068974e-17,-2.52633677e-16,-6.57660652e-16,1.05292256e-16,-8.18080052e-19,0,0,0,-0.352382512,0.5590555,-0.0597562894,
156.8,object_red_01,RED,-0.251637109,0.210570233,0.0119470396,-4.16236105e-18,1.21000474e-17,-2.5620248e-16,-1.15969942e-15,-2.10175809e-17,6.56322823e-19,0,0,0,-0.353445547,0.558384037,-0.0597562894,
156.84,object_red_01,RED,-0.251637109,0.210570233,0.0119470396,-1.93490906e-18,1.17480463e-17,-2.5620248e-16,-2.69978646e-16,-1.96725536e-17,2.62463633e-19,0,0,0,-0.354497657,0.557716683,-0.0597562894,
156.88,object_red_01,RED,-0.251637109,0.210570233,0.0119470396,3.21513316e-19,1.37380719e-17,-2.59771282e-16,-7.66990747e-16,-1.23067839e-16,1.17736465e-18,0,0,0,-0.355538895,0.557053482,-0.0597562894,
156.92,object_red_01,RED,-0.251637109,0.210570233,0.0119470396,2.81601559e-18,1.74427955e-17,-2.59771282e-16,-1.16221276e-15,-2.08074541e-16,-1.51147979e-18,0,0,0,-0.356569315,0.556394474,-0.0597562894,
156.96,object_red_01,RED,-0.251637109,0.210570233,0.0119470396,3.55900784e-18,1.70228339e-17,-2.5620248e-16,-1.0164393e-15,7.23780845e-18,3.51593225e-19,0,0,0,-0.357588972,0.555739701,-0.0597562894,
157,object_red_01,RED,-0.251637109,0.210570233,0.0119470396,1.88046832e-18,1.31455949e-17,-2.5620248e-16,-1.46067135e-15,3.83596954e-18,1.54395588e-18,0,0,0,-0.358597918,0.5550892,-0.0597562894,
157.04,object_red_01,RED,-0.251637109,0.210570233,0.0119470396,3.32404437e-19,1.3103773e-17,-2.49064875e-16,-9.91934277e-16,1.4988896e-17,-6.87132809e-19,0,0,0,-0.359596209,0.554443012,-0.0597562894,
157.08,object_red_01,RED,-0.251637109,0.210570233,0.0119470396,2.92035252e-18,1.4893402e-17,-2.5620248e-16,-3.38467039e-16,-6.49371375e-17,-2.48301838e-19,0,0,0,-0.360583898,0.553801174,-0.0597562894,
157.12,object_red_01,RED,-0.251637109,0.210570233,0.0119470396,2.80860963e-18,1.55346712e-17,-2.59771282e-16,-6.60802321e-16,-1.59285397e-16,1.52452238e-18,0,0,0,-0.361561039,0.553163721,-0.0597562894,
157.16,object_red_01,RED,-0.251637109,0.210570233,0.0119470396,4.14102932e-18,1.27674552e-17,-2.5620248e-16,-2.72491981e-16,1.53948861e-16,3.3467952e-18,0,0,0,-0.362527686,0.55253069,-0.0597562894,
157.2,object_red_01,RED,-0.251637109,0.210570233,0.0119470396,1.18975345e-18,1.65558226e-17,-2.59771282e-16,-1.27279952e-15,7.28198818e-18,-3.77926382e-19,0,0,0,-0.363483895,0.551902116,-0.0597562894,
157.24,object_red_01,RED,-0.251637109,0.210570233,0.0119470396,8.23500157e-18,8.23500647e-18,-2.5620248e-16,-6.49492311e-16,-5.22992538e-16,-8.50231823e-19,0,0,0,-0.364429718,0.551278032,-0.0597562894,
157.28,object_red_01,RED,-0.251637109,0.210570233,0.0119470396,3.57686928e-18,1.30968027e-17,-2.5620248e-16,-4.54708807e-16,-9.77184943e-17,2.05889295e-18,0,0,0,-0.36536521,0.55065847,-0.0597562894,
157.32,object_red_01,RED,-0.251637109,0.210570233,0.0119470396,-3.08762527e-18,1.45222326e-17,-2.5620248e-16,-9.39782565e-16,1.94815108e-16,1.65302771e-18,0,0,0,-0.366290426,0.550043463,-0.0597562894,
157.36,object_red_01,RED,-0.251637109,0.210570233,0.0119470396,-5.72262299e-18,1.20791364e-17,-2.5620248e-16,-3.13962018e-16,-1.77158551e-16,-1.3151098e-18,0,0,0,-0.367205419,0.549433042,-0.0597562894,
157.4,object_red_01,RED,-0.251637109,0.210570233,0.0119470396,-2.95845658e-18,1.26001676e-17,-2.5620248e-16,-9.3412756e-16,3.92882638e-16,3.06282181e-18,0,0,0,-0.368110245,0.548827236,-0.0597562894,
157.44,object_red_01,RED,-0.251637109,0.210570233,0.0119470396,-3.52544832e-18,1.20669384e-17,-2.59771282e-16,-4.68532153e-16,-3.44889336e-16,9.31647796e-19,0,0,0,-0.369004957,0.548226074,-0.0597562894,
157.48,object_red_01,RED,-0.251637109,0.210570233,0.0119470396,-4.11269754e-18,1.58134839e-17,-2.5620248e-16,-1.0962377e-15,1.325806e-16,1.05933916e-18,0,0,0,-0.369889611,0.547629586,-0.0597562894,
157.52,object_red_01,RED,-0.251637109,0.210570233,0.0119470396,-4.95545246e-18,1.15006001e-17,-2.52633677e-16,-1.08304269e-15,2.64751614e-16,1.3202512e-19,0,0,0,-0.37076426,0.547037797,-0.0597562894,
157.56,object_red_01,RED,-0.251637109,0.210570233,0.0119470396,-4.24469792e-18,1.09325192e-17,-2.52633677e-16,-2.24110272e-16,2.66739702e-16,1.35572558e-18,0,0,0,-0.371628958,0.546450734,-0.0597562894,
157.6,object_red_01,RED,-0.251637109,0.210570233,0.0119470396,-3.90402367e-18,1.57211272e-17,-2.5620248e-16,-1.31615456e-15,-1.85567425e-16,-1.70784978e-18,0,0,0,-0.372483762,0.545868422,-0.0597562894,
157.64,object_red_01,RED,-0.251637109,0.210570233,0.0119470396,-4.59517419e-18,1.40970432e-17,-2.52633677e-16,-2.65580309e-16,1.32300795e-16,1.09026998e-18,0,0,0,-0.373328724,0.545290886,-0.0597562894,
157.68,object_red_01,RED,-0.251637109,0.210570233,0.0119470396,-4.8489373e-18,1.48289266e-17,-2.5620248e-16,-4.76072159e-16,3.11793205e-16,9.90253555e-19,0,0,0,-0.3741639,0.54471815,-0.0597562894,
157.72,object_red_01,RED,-0.251637109,0.210570233,0.0119470396,-4.32442093e-18,1.34418334e-17,-2.5620248e-16,-1.00010262e-15,1.36438687e-17,1.49155664e-18,0,0,0,-0.374989344,0.544150235,-0.0597562894,
157.76,object_red_01,RED,-0.251637109,0.210570233,0.0119470396,-5.96309894e-18,1.26141083e-17,-2.5620248e-16,-1.31992456e-15,-1.43444511e-16,-2.38737704e-19,0,0,0,-0.37580511,0.543587165,-0.0597562894,
157.8,object_red_01,RED,-0.251637109,0.210570233,0.0119470396,-6.31597125e-18,1.22359686e-17,-2.5620248e-16,-6.11792278e-16,5.19081447e-18,1.84729605e-19,0,0,0,-0.376611254,0.543028959,-0.0597562894,
157.84,object_red_01,RED,-0.251637109,0.210570233,0.0119470396,-6.28939691e-18,1.73086169e-17,-2.5620248e-16,-4.50938804e-16,-2.64511687e-16,5.03907151e-19,0,0,0,-0.377407829,0.542475638,-0.0597562894,
157.88,object_red_01,RED,-0.251637109,0.210570233,0.0119470396,-3.04057563e-18,1.69635862e-17,-2.63340084e-16,-1.25457784e-15,-3.68440162e-18,2.73377489e-18,0,0,0,-0.37819489,0.54192722,-0.0597562894,
157.92,object_red_01,RED,-0.251637109,0.210570233,0.0119470396,-3.90881576e-18,1.11799655e-17,-2.5620248e-16,-5.87915591e-16,-1.49035701e-16,1.75853843e-18,0,0,0,-0.378972492,0.541383724,-0.0597562894,
157.96,object_red_01,RED,-0.251637109,0.210570233,0.0119470396,2.7850848e-18,4.24798503e-18,-2.5620248e-16,-4.54708807e-16,-2.0902686e-16,1.12435493e-18,0,0,0,-0.379740689,0.540845168,-0.0597562894,
158,object_red_01,RED,-0.251637109,0.210570233,0.0119470396,8.01652569e-18,7.77148038e-18,-2.5620248e-16,-1.0962377e-15,5.39436607e-16,1.76433796e-18,0,0,0,-0.380499536,0.540311567,-0.0597562894,
158.04,object_red_01,RED,-0.251637109,0.210570233,0.0119470396,6.36848132e-18,7.89694609e-18,-2.59771282e-16,-1.15592942e-15,-3.54039448e-16,4.46929329e-19,0,0,0,-0.381249088,0.539782938,-0.0597562894,
158.08,object_red_01,RED,-0.251637109,0.210570233,0.0119470396,-2.67833695e-18,1.39227853e-17,-2.52633677e-16,-7.37459055e-16,3.96019399e-16,4.97598892e-19,0,0,0,-0.381989398,0.539259294,-0.0597562894,
158.12,object_red_01,RED,-0.251637109,0.210570233,0.0119470396,-3.22964548e-18,1.46720944e-17,-2.63340084e-16,-9.80624268e-16,4.01713399e-17,1.32520175e-18,0,0,0,-0.382720522,0.538740651,-0.0597562894,
158.16,object_red_01,RED,-0.251637109,0.210570233,0.0119470396,8.7523298e-18,6.74510117e-18,-2.59771282e-16,-1.09121103e-15,1.59137525e-16,1.63769906e-19,0,0,0,-0.383442514,0.53822702,-0.0597562894,
158.2,object_red_01,RED,-0.251637109,0.210570233,0.0119470396,5.71436061e-18,4.17131154e-18,-2.5620248e-16,-6.57660652e-16,-4.39127724e-18,9.30630335e-19,0,0,0,-0.384155428,0.537718415,-0.0597562894,
158.24,object_red_01,RED,-0.251637109,0.210570233,0.0119470396,4.47843624e-18,6.0184456e-18,-2.52633677e-16,-1.30233122e-15,4.70486506e-17,6.1664184e-19,0,0,0,-0.384859319,0.537214847,-0.0597562894,
158.28,object_red_01,RED,-0.251637109,0.210570233,0.0119470396,4.27869309e-18,3.53527009e-18,-2.59771282e-16,-7.60707408e-16,-1.32119774e-16,-6.42771505e-19,0,0,0,-0.385554241,0.536716325,-0.0597562894,
158.32,object_red_01,RED,-0.251637109,0.210570233,0.0119470396,3.1747691e-18,4.78818461e-18,-2.59771282e-16,-5.76605581e-16,-2.95879293e-16,1.31821628e-19,0,0,0,-0.38624025,0.53622286,-0.0597562894,
158.36,object_red_01,RED,-0.251637109,0.210570233,0.0119470396,5.54859776e-18,9.55762416e-18,-2.49064875e-16,-1.72586894e-16,2.17636391e-16,1.0439755e-18,0,0,0,-0.386917399,0.535734461,-0.0597562894,
158.4,object_red_01,RED,-0.251637109,0.210570233,0.0119470396,3.25274952e-18,1.02006359e-17,-2.5620248e-16,9.44550064e-17,1.68439811e-16,9.9483213e-19,0,0,0,-0.387585743,0.535251136,-0.0597562894,
158.44,object_red_01,RED,-0.251637109,0.210570233,0.0119470396,3.38649249e-18,1.02198043e-17,-2.52633677e-16,-4.86753835e-16,-4.87928562e-16,-5.16708075e-19,0,0,0,-0.388245336,0.534772891,-0.0597562894,
158.48,object_red_01,RED,-0.251637109,0.210570233,0.0119470396,-4.88095719e-18,1.4827184e-17,-2.52633677e-16,-1.06419267e-15,-1.23607814e-16,1.25174106e-18,0,0,0,-0.388896234,0.534299734,-0.0597562894,
158.52,object_red_01,RED,-0.251637109,0.210570233,0.0119470396,-3.70689439e-18,9.81378332e-18,-2.52633677e-16,-2.69978646e-16,3.85696069e-16,1.04814709e-18,0,0,0,-0.389538489,0.53383167,-0.0597562894,
158.56,object_red_01,RED,-0.251637109,0.210570233,0.0119470396,3.04364001e-18,1.2300444e-17,-2.52633677e-16,-2.38561952e-16,2.53986488e-16,-1.48387158e-19,0,0,0,-0.390172158,0.533368703,-0.0597562894,
158.6,object_red_01,RED,-0.251637109,0.210570233,0.0119470396,-3.78487481e-18,1.35463882e-17,-2.52633677e-16,-6.68342328e-16,1.15821482e-17,1.7278111e-18,0,0,0,-0.390797294,0.532910838,-0.0597562894,
158.64,object_red_01,RED,-0.251637109,0.210570233,0.0119470396,-3.75263709e-18,1.51112244e-17,-2.5620248e-16,-1.16912443e-15,-1.37337891e-16,-5.51606991e-19,0,0,0,-0.391413951,0.532458079,-0.0597562894,
158.68,object_red_01,RED,-0.251637109,0.210570233,0.0119470396,-2.57857429e-18,1.34331205e-17,-2.59771282e-16,9.38266725e-17,1.62961525e-16,3.8048912e-19,0,0,0,-0.392022184,0.532010426,-0.0597562894,
158.72,object_red_01,RED,-0.251637109,0.210570233,0.0119470396,-4.07544991e-18,1.21035325e-17,-2.5620248e-16,-1.06356434e-15,7.22409122e-17,-4.61968668e-19,0,0,0,-0.392622048,0.531567882,-0.0597562894,
158.76,object_red_01,RED,-0.251637109,0.210570233,0.0119470396,-2.49144532e-18,1.07251523e-17,-2.49064875e-16,-6.90334014e-16,-9.41055745e-17,4.5110092e-19,0,0,0,-0.393213597,0.531130449,-0.0597562894,
158.8,object_red_01,RED,-0.251637109,0.210570233,0.0119470396,-7.11618388e-19,1.42939547e-17,-2.5620248e-16,-1.18671778e-15,-1.90260294e-16,-4.72041533e-19,0,0,0,-0.393796885,0.530698125,-0.0597562894,
158.84,object_red_01,RED,-0.251637109,0.210570233,0.0119470396,-2.56114849e-18,1.1629551e-17,-2.5620248e-16,-1.07927269e-15,1.31392657e-16,1.90515457e-18,0,0,0,-0.394371966,0.53027091,-0.0597562894,
158.88,object_red_01,RED,-0.251637109,0.210570233,0.0119470396,-5.52135508e-18,1.14256692e-17,-2.5620248e-16,-7.68247415e-16,1.16508722e-17,2.3608754e-18,0,0,0,-0.394938896,0.529848803,-0.0597562894,
158.92,object_red_01,RED,-0.251637109,0.210570233,0.0119470396,-5.46508999e-19,1.14082434e-17,-2.5620248e-16,-1.18043444e-15,-1.01837302e-17,-1.28438247e-18,0,0,0,-0.395497728,0.529431802,-0.0597562894,
158.96,object_red_01,RED,-0.251637109,0.210570233,0.0119470396,-5.26606722e-18,1.39088447e-17,-2.5620248e-16,-6.58288986e-16,7.50340527e-17,3.83439757e-19,0,0,0,-0.396048517,0.529019903,-0.0597562894,
159,object_red_01,RED,-0.251637109,0.210570233,0.0119470396,9.83039984e-19,1.07983406e-17,-2.5620248e-16,-2.39190286e-16,-2.28888101e-16,1.56725574e-18,0,0,0,-0.396591317,0.528613103,-0.0597562894,
159.04,object_red_01,RED,-0.251637109,0.210570233,0.0119470396,-2.24399906e-18,1.17323631e-17,-2.59771282e-16,-7.68247415e-16,2.65296222e-17,1.39337164e-18,0,0,0,-0.397126183,0.528211398,-0.0597562894,
159.08,object_red_01,RED,-0.251637109,0.210570233,0.0119470396,8.80445627e-19,5.52878082e-18,-2.49064875e-16,-1.22881615e-15,-5.19227444e-16,2.1713224e-18,0,0,0,-0.397653169,0.527814781,-0.0597562894,
159.12,object_red_01,RED,-0.251637109,0.210570233,0.0119470396,-3.1248729e-18,1.13437679e-17,-2.59771282e-16,-9.69942591e-16,-3.15338008e-16,-9.35291571e-19,0,0,0,-0.398172329,0.527423248,-0.0597562894,
159.16,object_red_01,RED,-0.251637109,0.210570233,0.0119470396,-2.91358516e-18,1.25548606e-17,-2.5620248e-16,-6.28128959e-16,1.13170974e-16,4.12675901e-20,0,0,0,-0.398683718,0.527036791,-0.0597562894,
159.2,object_red_01,RED,-0.251637109,0.210570233,0.0119470396,1.41367489e-18,1.42120535e-17,-2.5620248e-16,-9.51092575e-16,3.42125042e-16,2.74062689e-19,0,0,0,-0.39918739,0.526655403,-0.0597562894,
159.24,object_red_01,RED,-0.251637109,0.210570233,0.0119470396,2.9920161e-18,9.09061291e-18,-2.52633677e-16,-1.07613102e-15,1.35349197e-16,-7.32918558e-19,0,0,0,-0.3996834,0.526279076,-0.0597562894,
159.28,object_red_01,RED,-0.251637109,0.210570233,0.0119470396,3.39564103e-18,1.33041697e-17,-2.49064875e-16,-9.36012562e-16,-1.04934516e-16,4.46725837e-19,0,0,0,-0.400171802,0.525907801,-0.0597562894,
159.32,object_red_01,RED,-0.251637109,0.210570233,0.0119470396,-1.36181829e-18,1.12792925e-17,-2.5620248e-16,-5.63410569e-16,6.27030002e-17,1.279416e-18,0,0,0,-0.40065265,0.525541568,-0.0597562894,
159.36,object_red_01,RED,-0.251637109,0.210570233,0.0119470396,-9.5645078e-19,1.61323759e-17,-2.59771282e-16,-1.35888127e-15,-6.32720251e-16,-4.39482778e-19,0,0,0,-0.401125999,0.525180368,-0.0597562894,
159.4,object_red_01,RED,-0.251637109,0.210570233,0.0119470396,-2.22352375e-18,9.02265232e-18,-2.52633677e-16,-8.24797465e-16,1.34053258e-16,1.24176994e-18,0,0,0,-0.401591904,0.524824188,-0.0597562894,
159.44,object_red_01,RED,-0.251637109,0.210570233,0.0119470396,-2.66853494e-18,1.2201117e-17,-2.59771282e-16,-1.47575137e-15,1.03240353e-16,1.92869294e-19,0,0,0,-0.402050418,0.524473019,-0.0597562894,
159.48,object_red_01,RED,-0.251637109,0.210570233,0.0119470396,-6.93131956e-18,1.44769255e-17,-2.5620248e-16,-6.26872291e-16,-4.18217863e-16,1.32611746e-18,0,0,0,-0.402501596,0.524126846,-0.0597562894,
159.52,object_red_01,RED,-0.251637109,0.210570233,0.0119470396,-6.84658664e-18,1.38321712e-17,-2.5620248e-16,-1.10126437e-15,-1.4259037e-16,-2.93070126e-19,0,0,0,-0.402945494,0.523785657,-0.0597562894,
159.56,object_red_01,RED,-0.251637109,0.210570233,0.0119470396,-5.09202711e-18,1.27935939e-17,-2.52633677e-16,-5.75977247e-16,3.06344372e-16,2.44949626e-18,0,0,0,-0.403382164,0.523449439,-0.0597562894,
159.6,object_red_01,RED,-0.251637109,0.210570233,0.0119470396,-4.31527238e-18,1.42399347e-17,-2.5620248e-16,-7.50025732e-16,6.1323611e-17,1.70227283e-18,0,0,0,-0.403811663,0.523118177,-0.0597562894,
159.64,object_red_01,RED,-0.251637109,0.210570233,0.0119470396,3.05888758e-18,9.89568455e-18,-2.49064875e-16,-3.42237042e-16,8.65060549e-17,2.62266814e-18,0,0,0,-0.404234044,0.522791855,-0.0597562894,
159.68,object_red_01,RED,-0.251637109,0.210570233,0.0119470396,1.13464438e-18,1.18212347e-17,-2.5620248e-16,-6.29385627e-16,-9.16756895e-17,1.83779865e-18,0,0,0,-0.404649362,0.522470458,-0.0597562894,
159.72,object_red_01,RED,-0.251637109,0.210570233,0.0119470396,-1.82948301e-18,1.22115724e-17,-2.5620248e-16,-1.52664641e-15,1.42359046e-16,1.64889113e-19,0,0,0,-0.405057672,0.52215397,-0.0597562894,
159.76,object_red_01,RED,-0.251637109,0.210570233,0.0119470396,-5.92585131e-18,1.10806385e-17,-2.49064875e-16,-3.84963746e-16,1.56300204e-16,3.84050234e-19,0,0,0,-0.405459028,0.521842373,-0.0597562894,
159.8,object_red_01,RED,-0.251637109,0.210570233,0.0119470396,-6.14781234e-18,1.0543924e-17,-2.49064875e-16,-6.29385627e-16,-1.73535813e-16,2.29412995e-18,0,0,0,-0.405853486,0.521535649,-0.0597562894,
159.84,object_red_01,RED,-0.251637109,0.210570233,0.0119470396,-4.15379906e-19,1.20983048e-17,-2.5620248e-16,-7.3180405e-16,5.32289034e-17,8.24407396e-19,0,0,0,-0.406241099,0.521233781,-0.0597562894,
159.88,object_red_01,RED,-0.251637109,0.210570233,0.0119470396,4.79558567e-18,1.22046021e-17,-2.49064875e-16,-1.04659933e-15,4.96066843e-16,1.89002941e-19,0,0,0,-0.406621924,0.520936749,-0.0597562894,
159.92,object_red_01,RED,-0.251637109,0.210570233,0.0119470396,1.74650754e-18,3.82279568e-18,-2.52633677e-16,1.45350051e-16,-5.61139277e-16,8.17081676e-19,0,0,0,-0.406996014,0.520644533,-0.0597562894,
159.96,object_red_01,RED,-0.251637109,0.210570233,0.0119470396,7.21435266e-19,1.16243232e-17,-2.59771282e-16,-6.26243957e-16,-1.40425563e-16,1.1315789e-18,0,0,0,-0.407363424,0.520357114,-0.0597562894,
160,object_red_01,RED,-0.251637109,0.210570233,0.0119470396,4.5532319e-20,1.41109839e-17,-2.5620248e-16,-6.34412298e-16,-2.41042435e-16,-1.38928271e-18,0,0,0,-0.40772421,0.520074469,-0.0597562894,
160.04,object_red_01,RED,-0.251637109,0.210570233,0.0119470396,-6.86066253e-20,1.41841722e-17,-2.5620248e-16,-8.60612496e-16,-1.96529182e-17,-1.3451249e-18,0,0,0,-0.408078427,0.519796578,-0.0597562894,
160.08,object_red_01,RED,-0.251637109,0.210570233,0.0119470396,3.27126443e-18,1.07094691e-17,-2.49064875e-16,-5.59640566e-16,3.53061978e-16,9.48842889e-19,0,0,0,-0.408426129,0.519523418,-0.0597562894,
160.12,object_red_01,RED,-0.251637109,0.210570233,0.0119470396,4.43639652e-18,1.65854465e-17,-2.52633677e-16,-1.04471432e-15,-5.09616175e-17,-4.83335351e-19,0,0,0,-0.408767372,0.519254967,-0.0597562894,
160.16,object_red_01,RED,-0.251637109,0.210570233,0.0119470396,-9.00688242e-19,1.37711809e-17,-2.5620248e-16,-9.71827593e-16,-9.11160797e-17,1.39184545e-18,0,0,0,-0.409102211,0.5189912,-0.0597562894,
160.2,object_red_01,RED,-0.251637109,0.210570233,0.0119470396,2.86226085e-19,1.27221482e-17,-2.5620248e-16,-4.19341327e-18,1.97716243e-16,5.59190299e-20,0,0,0,-0.409430701,0.518732095,-0.0597562894,
160.24,object_red_01,RED,-0.251637109,0.210570233,0.0119470396,-4.86331358e-18,1.25722864e-17,-2.52633677e-16,-4.11353769e-16,-8.0596396e-17,-9.69478263e-19,0,0,0,-0.409752898,0.518477625,-0.0597562894,
160.28,object_red_01,RED,-0.251637109,0.210570233,0.0119470396,5.90523996e-19,1.50694025e-17,-2.5620248e-16,-1.41417465e-15,-5.19188449e-17,1.4978649e-18,0,0,0,-0.410068856,0.518227767,-0.0597562894,
160.32,object_red_01,RED,-0.251637109,0.210570233,0.0119470396,-4.45010446e-18,1.41562909e-17,-2.63340084e-16,-5.36392212e-16,7.7414849e-17,5.44402103e-19,0,0,0,-0.410378632,0.517982493,-0.0597562894,
160.36,object_red_01,RED,-0.251637109,0.210570233,0.0119470396,-2.0743154e-18,1.55067899e-17,-2.5620248e-16,-6.66457326e-16,3.80114421e-17,-2.49319299e-19,0,0,0,-0.410682281,0.517741778,-0.0597562894,
160.4,object_red_01,RED,-0.251637109,0.210570233,0.0119470396,-3.02511023e-18,1.45954209e-17,-2.5620248e-16,-9.10250873e-16,4.93312698e-17,7.72822119e-19,0,0,0,-0.410979859,0.517505595,-0.0597562894,
160.44,object_red_01,RED,-0.251637109,0.210570233,0.0119470396,-3.36578449e-18,1.28789803e-17,-2.5620248e-16,-1.53858476e-15,2.71638743e-16,7.43519239e-19,0,0,0,-0.411271421,0.517273915,-0.0597562894,
160.48,object_red_01,RED,-0.251637109,0.210570233,0.0119470396,8.16908395e-20,1.25618309e-17,-2.52633677e-16,-7.6259241e-16,1.48092593e-16,-5.50284292e-19,0,0,0,-0.411557023,0.517046711,-0.0597562894,
160.52,object_red_01,RED,-0.251637109,0.210570233,0.0119470396,5.53182543e-18,1.08227367e-17,-2.5620248e-16,-6.40067303e-16,2.02252029e-16,8.93899989e-19,0,0,0,-0.411836721,0.516823954,-0.0597562894,
160.56,object_red_01,RED,-0.251637109,0.210570233,0.0119470396,-3.53328992e-18,1.5191383e-17,-2.59771282e-16,-7.14210701e-16,1.03313986e-16,-1.99972436e-19,0,0,0,-0.412110572,0.516605615,-0.0597562894,
160.6,object_red_01,RED,-0.251637109,0.210570233,0.0119470396,-3.37732908e-18,1.62909506e-17,-2.5620248e-16,-7.68875749e-16,1.72062549e-16,2.98583502e-19,0,0,0,-0.41237863,0.516391663,-0.0597562894,
160.64,object_red_01,RED,-0.251637109,0.210570233,0.0119470396,-6.66884356e-18,1.67335657e-17,-2.59771282e-16,-1.25646284e-15,-1.13181398e-16,-6.85097887e-19,0,0,0,-0.412640954,0.516182069,-0.0597562894,
160.68,object_red_01,RED,-0.251637109,0.210570233,0.0119470396,-3.54026024e-18,1.31961297e-17,-2.49064875e-16,9.19416708e-17,2.31111207e-16,3.77538483e-19,0,0,0,-0.412897598,0.5159768,-0.0597562894,
160.72,object_red_01,RED,-0.251637109,0.210570233,0.0119470396,-3.08588269e-18,1.40987858e-17,-2.5620248e-16,-5.94827263e-16,6.02289355e-17,-8.31917523e-19,0,0,0,-0.413148619,0.515775826,-0.0597562894,
160.76,object_red_01,RED,-0.251637109,0.210570233,0.0119470396,3.06912523e-18,1.21418693e-17,-2.5620248e-16,-8.70665838e-16,2.41051646e-16,6.15013903e-19,0,0,0,-0.413394075,0.515579115,-0.0597562894,
160.8,object_red_01,RED,-0.251637109,0.210570233,0.0119470396,-5.55664232e-18,1.36788242e-17,-2.5620248e-16,-8.65010833e-16,-7.83238702e-18,2.12746982e-18,0,0,0,-0.41363402,0.515386633,-0.0597562894,
160.84,object_red_01,RED,-0.251637109,0.210570233,0.0119470396,-7.19205299e-18,1.51635018e-17,-2.5620248e-16,-4.77328827e-16,9.99072385e-17,-2.57865972e-19,0,0,0,-0.413868514,0.515198348,-0.0597562894,
160.88,object_red_01,RED,-0.251637109,0.210570233,0.0119470396,-3.95434065e-18,1.26629005e-17,-2.59771282e-16,-1.22567448e-15,1.19351227e-16,1.25662487e-18,0,0,0,-0.414097611,0.515014226,-0.0597562894,
160.92,object_red_01,RED,-0.251637109,0.210570233,0.0119470396,2.18890486e-18,1.1927532e-17,-2.5620248e-16,-6.79024004e-16,2.96983179e-16,1.52116476e-18,0,0,0,-0.41432137,0.514834232,-0.0597562894,
160.96,object_red_01,RED,-0.251637109,0.210570233,0.0119470396,8.49268549e-18,9.18819735e-18,-2.5620248e-16,-1.63409151e-15,1.197243e-16,1.43529104e-18,0,0,0,-0.414539847,0.514658333,-0.0597562894,
161,object_red_01,RED,-0.251637109,0.210570233,0.0119470396,1.12220003e-17,8.13393687e-18,-2.5620248e-16,-8.97055861e-16,-3.69075557e-17,1.06218805e-18,0,0,0,-0.4147531,0.514486492,-0.0597562894,
161.04,object_red_01,RED,-0.251637109,0.210570233,0.0119470396,2.86742168e-18,1.04637654e-17,-2.59771282e-16,-9.66172588e-16,-2.8965486e-16,1.71407538e-18,0,0,0,-0.414961187,0.514318673,-0.0597562894,
161.08,object_red_01,RED,-0.251637109,0.210570233,0.0119470396,8.42326705e-19,1.40430233e-17,-2.5620248e-16,-9.9884595e-16,4.92330926e-17,-9.45466182e-19,0,0,0,-0.415164164,0.514154841,-0.0597562894,
161.12,object_red_01,RED,-0.251637109,0.210570233,0.0119470396,2.72583711e-18,1.49108278e-17,-2.5620248e-16,-1.04597099e-15,-1.4839264e-16,1.44336399e-19,0,0,0,-0.41536209,0.513994959,-0.0597562894,
161.16,object_red_01,RED,-0.251637109,0.210570233,0.0119470396,3.87267211e-18,1.6235188e-17,-2.5620248e-16,-5.84773921e-16,-3.25872418e-16,-1.8705068e-19,0,0,0,-0.415555023,0.513838989,-0.0597562894,
161.2,object_red_01,RED,-0.251637109,0.210570233,0.0119470396,-6.61634835e-18,1.31473375e-17,-2.52633677e-16,-3.20245356e-16,1.63516226e-16,-5.84165746e-19,0,0,0,-0.415743021,0.513686894,-0.0597562894,
161.24,object_red_01,RED,-0.251637109,0.210570233,0.0119470396,-4.95327423e-18,1.34261502e-17,-2.59771282e-16,-1.51847807e-15,7.94667518e-17,1.38536871e-19,0,0,0,-0.415926141,0.513538635,-0.0597562894,
161.28,object_red_01,RED,-0.251637109,0.210570233,0.0119470396,5.97073759e-18,1.22847608e-17,-2.59771282e-16,-1.00952763e-15,2.8700347e-16,1.25208131e-19,0,0,0,-0.416104443,0.513394173,-0.0597562894,
161.32,object_red_01,RED,-0.251637109,0.210570233,0.0119470396,9.48878738e-18,6.24149575e-18,-2.52633677e-16,-6.76510668e-16,2.7629725e-16,-8.02105913e-19,0,0,0,-0.416277985,0.513253469,-0.0597562894,
161.36,object_red_01,RED,-0.251637109,0.210570233,0.0119470396,-6.80084394e-18,1.29208022e-17,-2.59771282e-16,-7.58194073e-16,-5.10797058e-18,1.04855408e-18,0,0,0,-0.416446825,0.513116483,-0.0597562894,
161.4,object_red_01,RED,-0.251637109,0.210570233,0.0119470396,-6.30224843e-18,1.10893514e-17,-2.52633677e-16,-1.08618436e-15,5.46426546e-17,9.23441372e-20,0,0,0,-0.416611023,0.512983176,-0.0597562894,
161.44,object_red_01,RED,-0.251637109,0.210570233,0.0119470396,-3.79293424e-18,1.18247198e-17,-2.52633677e-16,1.0258266e-17,-1.77644528e-16,2.50128503e-18,0,0,0,-0.416770638,0.512853506,-0.0597562894,
161.48,object_red_01,RED,-0.251637109,0.210570233,0.0119470396,-5.8840294e-18,1.46180745e-17,-2.52633677e-16,-9.81252601e-16,1.20553897e-16,1.2690379e-18,0,0,0,-0.416925729,0.512727433,-0.0597562894,
161.52,object_red_01,RED,-0.251637109,0.210570233,0.0119470396,-3.32374476e-18,1.19362449e-17,-2.59771282e-16,-8.37992476e-16,6.49119865e-17,2.26480521e-20,0,0,0,-0.417076355,0.512604914,-0.0597562894,
161.56,object_red_01,RED,-0.251637109,0.210570233,0.0119470396,-5.18342995e-20,1.43410043e-17,-2.52633677e-16,-1.41417465e-15,2.43255723e-16,-4.67427947e-20,0,0,0,-0.417222577,0.512485907,-0.0597562894,
161.6,object_red_01,RED,-0.251637109,0.210570233,0.0119470396,5.51940955e-18,1.31943872e-17,-2.59771282e-16,-1.051626e-15,4.66986765e-16,-1.08709677e-18,0,0,0,-0.417364453,0.512370371,-0.0597562894,
161.64,object_red_01,RED,-0.251637109,0.210570233,0.0119470396,6.5821651e-18,6.1613371e-18,-2.45496072e-16,-4.45283799e-16,8.49597645e-17,4.11318191e-19,0,0,0,-0.417502045,0.512258261,-0.0597562894,
161.68,object_red_01,RED,-0.251637109,0.210570233,0.0119470396,2.66767852e-18,1.2080879e-17,-2.52633677e-16,-7.07299028e-16,-3.09884266e-16,-1.52660495e-19,0,0,0,-0.417635412,0.512149535,-0.0597562894,
161.72,object_red_01,RED,-0.251637109,0.210570233,0.0119470396,-1.00023308e-18,1.48986297e-17,-2.52633677e-16,-7.95894106e-16,2.00406298e-16,2.01239497e-18,0,0,0,-0.417764615,0.512044148,-0.0597562894,
161.76,object_red_01,RED,-0.251637109,0.210570233,0.0119470396,-5.26628504e-18,1.10475295e-17,-2.49064875e-16,-9.63659253e-16,-6.2664336e-17,5.66481008e-19,0,0,0,-0.417889714,0.511942057,-0.0597562894,
161.8,object_red_01,RED,-0.251637109,0.210570233,0.0119470396,-7.61528194e-18,1.53290468e-17,-2.59771282e-16,-8.09717451e-16,-2.7116319e-16,1.90427387e-19,0,0,0,-0.418010771,0.511843217,-0.0597562894,
161.84,object_red_01,RED,-0.251637109,0.210570233,0.0119470396,-7.84748063e-18,1.46372428e-17,-2.59771282e-16,-8.54329157e-16,7.11413279e-17,-2.28868331e-19,0,0,0,-0.418127847,0.511747581,-0.0597562894,
161.88,object_red_01,RED,-0.251637109,0.210570233,0.0119470396,-7.82155976e-18,1.51112244e-17,-2.66908887e-16,-8.27939134e-16,1.39016114e-16,1.12557588e-18,0,0,0,-0.418241002,0.511655106,-0.0597562894,
161.92,object_red_01,RED,-0.251637109,0.210570233,0.0119470396,1.85280488e-18,1.24450781e-17,-2.59771282e-16,-8.73179174e-16,-3.82574918e-17,-1.34929649e-18,0,0,0,-0.418350299,0.511565744,-0.0597562894,
161.96,object_red_01,RED,-0.251637109,0.210570233,0.0119470396,7.53448469e-18,8.3169077e-18,-2.52633677e-16,-1.28599453e-15,1.57090531e-16,-6.99545834e-19,0,0,0,-0.418455799,0.51147945,-0.0597562894,
162,object_red_01,RED,-0.251637109,0.210570233,0.0119470396,8.99106317e-18,9.38510881e-18,-2.59771282e-16,-8.20399127e-16,-1.38378569e-16,1.29176229e-19,0,0,0,-0.418557564,0.511396175,-0.0597562894,
162.04,object_red_01,RED,-0.251637109,0.210570233,0.0119470396,7.95640671e-18,8.40752182e-18,-2.63340084e-16,-9.88164274e-16,7.75964768e-17,-5.46824924e-19,0,0,0,-0.418655658,0.511315874,-0.0597562894,
162.08,object_red_01,RED,-0.251637109,0.210570233,0.0119470396,1.04334832e-17,8.34827413e-18,-2.59771282e-16,-2.84430325e-16,-3.29660181e-18,9.18624294e-19,0,0,0,-0.418750141,0.511238498,-0.0597562894,
162.12,object_red_01,RED,-0.251637109,0.210570233,0.0119470396,7.97993153e-18,8.18272909e-18,-2.63340084e-16,-1.20305446e-15,-2.26217682e-16,1.53876683e-18,0,0,0,-0.418841077,0.511164,-0.0597562894,
162.16,object_red_01,RED,-0.251637109,0.210570233,0.0119470396,1.0531788e-18,9.54716869e-18,-2.52633677e-16,-9.29100889e-16,-1.59997182e-16,-1.40871622e-18,0,0,0,-0.41892853,0.51109233,-0.0597562894,
162.2,object_red_01,RED,-0.251637109,0.210570233,0.0119470396,5.00709124e-18,7.8795203e-18,-2.52633677e-16,-8.62497497e-16,3.31605358e-16,1.40792134e-18,0,0,0,-0.419012561,0.51102344,-0.0597562894,
162.24,object_red_01,RED,-0.251637109,0.210570233,0.0119470396,5.81375454e-19,9.12023676e-18,-2.5620248e-16,-4.42770464e-16,-2.62896673e-16,1.56623828e-18,0,0,0,-0.419093235,0.510957281,-0.0597562894,
162.28,object_red_01,RED,-0.251637109,0.210570233,0.0119470396,-4.0257864e-18,1.1629551e-17,-2.59771282e-16,-5.5712723e-16,-8.58243303e-17,1.83718817e-18,0,0,0,-0.419170616,0.510893802,-0.0597562894,
162.32,object_red_01,RED,-0.251637109,0.210570233,0.0119470396,-3.95434065e-18,1.2565316e-17,-2.5620248e-16,-1.13770774e-15,-4.81566682e-16,5.76757365e-19,0,0,0,-0.419244768,0.510832954,-0.0597562894,
162.36,object_red_01,RED,-0.251637109,0.210570233,0.0119470396,-5.72284082e-18,1.1695769e-17,-2.52633677e-16,-4.23920447e-16,6.07247302e-17,1.01355341e-18,0,0,0,-0.419315754,0.510774687,-0.0597562894,
162.4,object_red_01,RED,-0.251637109,0.210570233,0.0119470396,-5.59497906e-18,1.32536349e-17,-2.52633677e-16,-3.98158758e-16,-7.80143364e-17,6.74163403e-20,0,0,0,-0.41938364,0.510718949,-0.0597562894,
162.44,object_red_01,RED,-0.251637109,0.210570233,0.0119470396,-3.34334878e-18,1.39977162e-17,-2.5620248e-16,-1.50339806e-15,-8.15290791e-17,2.63019735e-18,0,0,0,-0.419448491,0.510665689,-0.0597562894,
162.48,object_red_01,RED,-0.251637109,0.210570233,0.0119470396,-2.10655312e-18,1.1521511e-17,-2.5620248e-16,-6.11163944e-16,8.07425917e-16,3.64938813e-18,0,0,0,-0.419510371,0.510614856,-0.0597562894,
162.52,object_red_01,RED,-0.251637109,0.210570233,0.0119470396,-4.44683712e-18,1.155462e-17,-2.52633677e-16,-9.98217616e-16,-8.47394725e-17,2.67652684e-19,0,0,0,-0.419569346,0.510566398,-0.0597562894,
162.56,object_red_01,RED,-0.251637109,0.210570233,0.0119470396,3.50433441e-18,1.66237832e-17,-2.52633677e-16,-9.53605911e-16,5.12506334e-17,-1.55611132e-19,0,0,0,-0.419625481,0.510520262,-0.0597562894,
162.6,object_red_01,RED,-0.251637109,0.210570233,0.0119470396,-2.65132697e-18,1.36317746e-17,-2.52633677e-16,-6.40695637e-16,1.38201243e-16,2.33930522e-18,0,0,0,-0.419678844,0.510476395,-0.0597562894,
162.64,object_red_01,RED,-0.251637109,0.210570233,0.0119470396,-2.77374317e-18,1.331114e-17,-2.52633677e-16,-1.46318469e-15,4.22723313e-17,2.58292042e-19,0,0,0,-0.4197295,0.510434745,-0.0597562894,
162.68,object_red_01,RED,-0.251637109,0.210570233,0.0119470396,-5.77293997e-18,1.42521328e-17,-2.52633677e-16,-1.23824116e-15,-1.08179272e-16,4.33397097e-19,0,0,0,-0.419777515,0.510395259,-0.0597562894,
162.72,object_red_01,RED,-0.251637109,0.210570233,0.0119470396,2.54460886e-18,1.46494409e-17,-2.59771282e-16,-1.11571605e-15,3.39174542e-17,4.03788979e-19,0,0,0,-0.419822957,0.510357881,-0.0597562894,
162.76,object_red_01,RED,-0.251637109,0.210570233,0.0119470396,6.05111406e-18,1.59546328e-17,-2.5620248e-16,-8.35479141e-16,-5.79321965e-17,-5.3909222e-19,0,0,0,-0.419865892,0.510322559,-0.0597562894,
162.8,object_red_01,RED,-0.251637109,0.210570233,0.0119470396,2.09654816e-18,9.44784167e-18,-2.52633677e-16,-2.62438639e-16,-1.54214822e-17,1.20117324e-18,0,0,0,-0.419906389,0.510289238,-0.0597562894,
162.84,object_red_01,RED,-0.251637109,0.210570233,0.0119470396,4.686021e-18,1.41301523e-17,-2.49064875e-16,-9.1464921e-16,3.45634875e-16,-7.3670503e-21,0,0,0,-0.419944515,0.510257862,-0.0597562894,
162.88,object_red_01,RED,-0.251637109,0.210570233,0.0119470396,8.28379379e-18,1.20843642e-17,-2.49064875e-16,-8.56214159e-16,4.24544775e-16,-1.15384221e-18,0,0,0,-0.419980338,0.510228378,-0.0597562894,
162.92,object_red_01,RED,-0.251637109,0.210570233,0.0119470396,4.35994085e-18,1.02302598e-17,-2.49064875e-16,2.15682759e-17,3.75549183e-17,2.52895997e-18,0,0,0,-0.420013927,0.510200728,-0.0597562894,
162.96,object_red_01,RED,-0.251637109,0.210570233,0.0119470396,1.46116018e-18,1.56775627e-17,-2.52633677e-16,-1.60078981e-15,-1.15218575e-16,-4.13435774e-19,0,0,0,-0.42004535,0.510174858,-0.0597562894,
163,object_red_01,RED,-0.251637109,0.210570233,0.0119470396,5.0290913e-18,1.42643309e-17,-2.49064875e-16,-3.68627065e-16,1.57841586e-16,8.51573608e-19,0,0,0,-0.420074677,0.51015071,-0.0597562894,
163.04,object_red_01,RED,-0.251637109,0.210570233,0.0119470396,-3.54200282e-18,1.33825857e-17,-2.52633677e-16,-1.08178602e-15,1.64046383e-16,1.55006065e-18,0,0,0,-0.420101977,0.51012823,-0.0597562894,
163.08,object_red_01,RED,-0.251637109,0.210570233,0.0119470396,-3.74828064e-18,1.01065366e-17,-2.52633677e-16,-9.71827593e-16,-1.06657526e-16,2.16928747e-18,0,0,0,-0.420127319,0.510107359,-0.0597562894,
163.12,object_red_01,RED,-0.251637109,0.210570233,0.0119470396,-5.86290063e-18,1.40953007e-17,-2.5620248e-16,-1.85781905e-16,-1.3287083e-16,-9.94202568e-19,0,0,0,-0.420150774,0.51008804,-0.0597562894,
163.16,object_red_01,RED,-0.251637109,0.210570233,0.0119470396,1.96149826e-18,1.17759276e-17,-2.5620248e-16,-8.32965805e-16,2.08501005e-16,2.51983783e-19,0,0,0,-0.420172412,0.510070216,-0.0597562894,
163.2,object_red_01,RED,-0.251637109,0.210570233,0.0119470396,1.89135944e-18,1.58884148e-17,-2.59771282e-16,-6.2184562e-16,-8.15978031e-17,-4.45043803e-20,0,0,0,-0.420192304,0.51005383,-0.0597562894,
163.24,object_red_01,RED,-0.251637109,0.210570233,0.0119470396,-5.65052378e-18,1.61480591e-17,-2.52633677e-16,-9.10879206e-16,-4.62196602e-17,7.35481297e-19,0,0,0,-0.420210521,0.510038822,-0.0597562894,
163.28,object_red_01,RED,-0.251637109,0.210570233,0.0119470396,-3.05320933e-18,1.52907101e-17,-2.5620248e-16,-5.6843724e-16,8.39583573e-17,1.96844065e-18,0,0,0,-0.420227134,0.510025134,-0.0597562894,
163.32,object_red_01,RED,-0.251637109,0.210570233,0.0119470396,-2.69097065e-18,1.18212347e-17,-2.5620248e-16,-1.22881615e-15,8.43216129e-17,-4.82826621e-19,0,0,0,-0.420242215,0.510012708,-0.0597562894,
163.36,object_red_01,RED,-0.251637109,0.210570233,0.0119470396,-2.82188192e-18,1.34836553e-17,-2.5620248e-16,-8.32337471e-16,-5.40247451e-17,-2.36499289e-19,0,0,0,-0.420255836,0.510001484,-0.0597562894,
163.4,object_red_01,RED,-0.251637109,0.210570233,0.0119470396,-5.9345642e-18,1.41737167e-17,-2.5620248e-16,-8.01549111e-16,-1.4615911e-16,1.89436949e-18,0,0,0,-0.420268069,0.509991403,-0.0597562894,
163.44,object_red_01,RED,-0.251637109,0.210570233,0.0119470396,-4.67446154e-18,1.41196968e-17,-2.59771282e-16,-4.32088788e-16,2.33020753e-16,-4.17098634e-19,0,0,0,-0.420278988,0.509982405,-0.0597562894,
163.48,object_red_01,RED,-0.251637109,0.210570233,0.0119470396,1.58582151e-19,1.55573247e-17,-2.5620248e-16,-1.06921935e-15,-1.23156199e-16,2.90749051e-19,0,0,0,-0.420288666,0.509974429,-0.0597562894,
163.52,object_red_01,RED,-0.251637109,0.210570233,0.0119470396,-5.41767162e-18,1.27099501e-17,-2.52633677e-16,-9.74340929e-16,-1.98149105e-17,9.99715943e-19,0,0,0,-0.420297175,0.509967416,-0.0597562894,
163.56,object_red_01,RED,-0.251637109,0.210570233,0.0119470396,-5.08723502e-18,1.13716492e-17,-2.5620248e-16,-1.07047601e-15,3.24374609e-16,9.30833827e-19,0,0,0,-0.42030459,0.509961305,-0.0597562894,
163.6,object_red_01,RED,-0.251637109,0.210570233,0.0119470396,-5.62525638e-18,1.34697147e-17,-2.52633677e-16,-8.95170859e-16,2.74620296e-18,8.87998715e-19,0,0,0,-0.420310985,0.509956034,-0.0597562894,
163.64,object_red_01,RED,-0.251637109,0.210570233,0.0119470396,-2.8090304e-18,1.63066338e-17,-2.5620248e-16,-8.50559154e-16,-3.50814328e-16,-1.54108791e-18,0,0,0,-0.420316435,0.509951542,-0.0597562894,
163.68,object_red_01,RED,-0.251637109,0.210570233,0.0119470396,-2.50342556e-18,1.21488396e-17,-2.5620248e-16,-2.89456996e-16,5.13635647e-16,8.47910748e-19,0,0,0,-0.420321014,0.509947768,-0.0597562894,
163.72,object_red_01,RED,-0.251637109,0.210570233,0.0119470396,-4.08655885e-18,1.4400252e-17,-2.5620248e-16,-1.20493946e-15,3.63724019e-16,1.99889775e-19,0,0,0,-0.420324797,0.509944649,-0.0597562894,
163.76,object_red_01,RED,-0.251637109,0.210570233,0.0119470396,-4.96409844e-19,1.39123298e-17,-2.5620248e-16,-8.83232516e-16,2.87106556e-16,2.51278234e-18,0,0,0,-0.420327861,0.509942124,-0.0597562894,
163.8,object_red_01,RED,-0.251637109,0.210570233,0.0119470396,-3.13010064e-18,1.19623836e-17,-2.59771282e-16,-6.5577565e-16,3.27452464e-16,1.59706735e-18,0,0,0,-0.420330282,0.509940128,-0.0597562894,
163.84,object_red_01,RED,-0.251637109,0.210570233,0.0119470396,4.54400079e-18,1.27134353e-17,-2.59771282e-16,-1.441193e-15,4.13735469e-16,5.25782564e-19,0,0,0,-0.420332135,0.509938601,-0.0597562894,
163.88,object_red_01,RED,-0.251637109,0.210570233,0.0119470396,2.52674742e-18,6.35650599e-18,-2.52633677e-16,-1.20305446e-15,-3.60278607e-16,1.03573407e-18,0,0,0,-0.420333498,0.509937478,-0.0597562894,
163.92,object_red_01,RED,-0.251637109,0.210570233,0.0119470396,3.51137164e-19,1.15267388e-17,-2.45496072e-16,-8.24797465e-16,2.52508921e-16,2.42680688e-18,0,0,0,-0.420334447,0.509936695,-0.0597562894,
163.96,object_red_01,RED,-0.251637109,0.210570233,0.0119470396,2.22833072e-18,1.20233739e-17,-2.52633677e-16,-9.9884595e-16,1.53075084e-16,1.94697222e-18,0,0,0,-0.42033506,0.50993619,-0.0597562894,
164,object_red_01,RED,-0.251637109,0.210570233,0.0119470396,2.17605334e-18,4.09463805e-18,-2.52633677e-16,-2.8191699e-16,-4.43871558e-16,1.10227602e-18,0,0,0,-0.420335415,0.509935897,-0.0597562894,
164.04,object_red_01,RED,-0.251637109,0.210570233,0.0119470396,3.82170167e-18,1.25217516e-17,-2.5620248e-16,-4.23920447e-16,-9.81553827e-17,1.92753872e-18,0,0,0,-0.42033559,0.509935752,-0.0597563102,
164.08,object_red_01,RED,-0.251637109,0.210570233,0.0119470396,3.89576129e-18,1.48027879e-17,-2.59771282e-16,-1.68007773e-18,2.60073472e-16,1.01599532e-18,0,0,0,-0.420335663,0.509935692,-0.0597951166,
164.12,object_red_01,RED,-0.251637109,0.210570233,0.0119470396,1.55765551e-18,1.50328083e-17,-2.63340084e-16,-1.63660484e-15,-2.41739768e-17,-1.92924932e-18,0,0,0,-0.420335691,0.50993567,-0.06007626,
164.16,object_red_01,RED,-0.251637109,0.210570233,0.0119470396,-7.83397564e-18,1.26332766e-17,-2.5620248e-16,-5.95455597e-16,6.42836526e-17,1.36976654e-18,0,0,0,-0.420335701,0.509935661,-0.0607799316,
164.2,object_red_01,RED,-0.251637109,0.210570233,0.0119470396,-2.92600104e-18,1.47365698e-17,-2.59771282e-16,-1.24389616e-15,1.66957336e-16,2.2300299e-18,0,0,0,-0.420335705,0.509935658,-0.0619975407,
164.24,object_red_01,RED,-0.251637109,0.210570233,0.0119470396,3.85770928e-19,1.37450422e-17,-2.5620248e-16,-8.6124083e-16,-5.70976905e-17,-5.89523279e-20,0,0,0,-0.420335706,0.509935656,-0.0637458411,
164.28,object_red_01,RED,-0.251637109,0.210570233,0.0119470396,-4.5914712e-18,1.30462679e-17,-2.52633677e-16,-6.14305614e-16,4.3288465e-17,2.68137564e-18,0,0,0,-0.420335707,0.509935656,-0.0659799264,
164.32,object_red_01,RED,-0.251637109,0.210570233,0.0119470396,2.14686514e-18,8.75080995e-18,-2.52633677e-16,-1.21691849e-16,1.36880485e-17,-7.83588121e-19,0,0,0,-0.420335707,0.509935656,-0.0686048951,
164.36,object_red_01,RED,-0.251637109,0.210570233,0.0119470396,3.61999811e-18,1.48777188e-17,-2.59771282e-16,-6.90962347e-16,-3.66081153e-17,1.44322724e-18,0,0,0,-0.420335707,0.509935656,-0.0714958059,
164.4,object_red_01,RED,-0.251637109,0.210570233,0.0119470396,-3.83148881e-18,1.38652802e-17,-2.59771282e-16,-1.12199939e-15,-1.8584723e-16,-4.25340069e-19,0,0,0,-0.420335707,0.509935656,-0.0744975518,
164.44,object_red_01,RED,-0.251637109,0.210570233,0.0119470396,-4.06150927e-18,1.56339982e-17,-2.63340084e-16,-1.61775482e-15,1.79268753e-16,-2.05022544e-18,0,0,0,-0.420335707,0.509935656,-0.0774516266,
164.48,object_red_01,RED,-0.251637109,0.210570233,0.0119470396,-4.3688567e-18,1.20791364e-17,-2.52633677e-16,-5.52100559e-16,1.14751626e-16,7.11977945e-19,0,0,0,-0.420335707,0.509935656,-0.0801995211,
164.52,object_red_01,RED,-0.251637109,0.210570233,0.0119470396,-5.85331644e-18,1.16504619e-17,-2.5620248e-16,-1.34631459e-15,1.2965983e-16,9.75195131e-19,0,0,0,-0.420335707,0.509935656,-0.0826048829,
164.56,object_red_01,RED,-0.251637109,0.210570233,0.0119470396,-4.46426292e-18,1.35533585e-17,-2.5620248e-16,-8.36735808e-16,-3.25242208e-18,2.63233402e-18,0,0,0,-0.420335707,0.509935656,-0.0845531264,
164.6,object_red_01,RED,-0.251637109,0.210570233,0.0119470396,-2.99984283e-18,1.20756513e-17,-2.5620248e-16,-1.13645107e-15,1.93740068e-16,1.53062714e-18,0,0,0,-0.420335707,0.509935656,-0.0859859785,
164.64,object_red_01,RED,-0.251637109,0.210570233,0.0119470396,-6.01400247e-19,1.40865878e-17,-2.5620248e-16,-7.53795736e-16,8.32220286e-17,9.80282436e-19,0,0,0,-0.420335707,0.509935656,-0.0868862098,
164.68,object_red_01,RED,-0.251637109,0.210570233,0.0119470396,-4.69471903e-18,1.09551728e-17,-2.52633677e-16,-7.0168471e-17,1.12208838e-16,1.57956702e-18,0,0,0,-0.420335707,0.509935656,-0.0873196827,
164.72,object_red_01,RED,-0.251637109,0.210570233,0.0119470396,-6.09379239e-18,1.18909378e-17,-2.52633677e-16,-3.49777049e-16,7.92013978e-18,-2.72619158e-19,0,0,0,-0.420335707,0.509935656,-0.0874274289,
164.76,object_red_01,RED,-0.251637109,0.210570233,0.0119470396,-2.812013e-19,1.3025357e-17,-2.49064875e-16,-7.85840764e-16,-4.00207262e-16,4.54560288e-19,0,0,0,-0.420335707,0.509935656,-0.0874284073,
164.8,object_red_01,RED,-0.251637109,0.210570233,0.0119470396,-1.23700605e-18,1.23614343e-17,-2.5620248e-16,-6.6394399e-16,4.31093192e-16,-9.42922529e-19,0,0,0,-0.420335707,0.509935656,-0.0874284498,
164.84,object_red_01,RED,-0.251637109,0.210570233,0.0119470396,3.49104724e-18,1.07687168e-17,-2.52633677e-16,-5.55242229e-16,3.42449026e-16,1.24685724e-18,0,0,0,-0.420335707,0.509935656,-0.0874284506,
164.88,object_red_01,RED,-0.251637109,0.210570233,0.0119470396,2.97611506e-18,1.15981845e-17,-2.5620248e-16,-4.47168801e-16,3.55177696e-16,1.19713841e-19,0,0,0,-0.420335707,0.509935656,-0.0874284506,
164.92,object_red_01,RED,-0.251637109,0.210570233,0.0119470396,1.44504132e-18,1.60609301e-17,-2.59771282e-16,-8.98312529e-16,-7.24722352e-17,-1.95132822e-18,0,0,0,-0.420335707,0.509935656,-0.0874284506,
164.96,object_red_01,RED,-0.251637109,0.210570233,0.0119470396,-5.31442379e-18,1.24520484e-17,-2.59771282e-16,-1.13770774e-15,-4.23662063e-17,3.13234941e-19,0,0,0,-0.420335707,0.509935656,-0.0874284506,
165,object_red_01,RED,-0.251637109,0.210570233,0.0119470396,9.96762796e-19,1.14535504e-17,-2.52633677e-16,-1.26965785e-15,4.3243822e-16,-9.45160943e-19,0,0,0,-0.420335707,0.509935656,-0.0874284506,
165.04,object_red_01,RED,-0.251637109,0.210570233,0.0119470396,-5.34093121e-19,1.40604491e-17,-2.59771282e-16,-9.41039233e-16,-3.91724754e-16,-7.13485052e-19,0,0,0,-0.420335707,0.509935656,-0.0874284506,
165.08,object_red_01,RED,-0.251637109,0.210570233,0.0119470396,-2.07496887e-18,1.31961297e-17,-2.52633677e-16,-7.8521243e-16,3.73904991e-16,-1.45775784e-18,0,0,0,-0.420335707,0.509935656,-0.0874284506,
165.12,object_red_01,RED,-0.251637109,0.210570233,0.0119470396,3.13889532e-19,1.35533585e-17,-2.5620248e-16,-8.43019147e-16,5.58031363e-16,-1.69065469e-18,0,0,0,-0.420335707,0.509935656,-0.0874284506,
165.16,object_red_01,RED,-0.251637109,0.210570233,0.0119470396,2.00571621e-18,1.49875013e-17,-2.59771282e-16,-7.44999061e-16,-4.41569303e-16,-8.64069294e-19,0,0,0,-0.420335707,0.509935656,-0.0874284506,
165.2,object_red_01,RED,-0.251637109,0.210570233,0.0119470396,-3.93386534e-18,1.13524808e-17,-2.52633677e-16,-3.28413697e-16,1.4537281e-17,8.81690456e-19,0,0,0,-0.420335707,0.509935656,-0.0874284506,
165.24,object_red_01,RED,-0.251637109,0.210570233,0.0119470396,-5.85963329e-18,1.40587065e-17,-2.5620248e-16,-3.98787092e-16,2.96320208e-17,3.35415593e-19,0,0,0,-0.420335707,0.509935656,-0.0874284506,
165.28,object_red_01,RED,-0.251637109,0.210570233,0.0119470396,-3.95782581e-18,1.36666262e-17,-2.5620248e-16,-9.3726923e-16,-1.05901561e-16,1.14684082e-18,0,0,0,-0.420335707,0.509935656,-0.0874284506,
