simulation_time_s,physics_step_index,state,active_command_id,phase,commanded_j1,commanded_j2,commanded_j3,commanded_j4,actual_j1,actual_j2,actual_j3,actual_j4,position_error_j1,position_error_j2,position_error_j3,position_error_j4,absolute_position_error_j1,absolute_position_error_j2,absolute_position_error_j3,absolute_position_error_j4,planned_dq_j1,planned_dq_j2,planned_dq_j3,planned_dq_j4,actual_dq_j1,actual_dq_j2,actual_dq_j3,actual_dq_j4,velocity_error_j1,velocity_error_j2,velocity_error_j3,velocity_error_j4,planned_ddq_j1,planned_ddq_j2,planned_ddq_j3,planned_ddq_j4,actual_ddq_j1,actual_ddq_j2,actual_ddq_j3,actual_ddq_j4,commanded_tcp_x_m,commanded_tcp_y_m,commanded_tcp_z_m,commanded_tcp_yaw_rad,estimated_tcp_x_m,estimated_tcp_y_m,estimated_tcp_z_m,estimated_tcp_yaw_rad,planned_gripper_m,commanded_gripper_m,actual_gripper_m,planned_gripper_velocity_m_s,actual_gripper_velocity_m_s,planned_gripper_acceleration_m_s2,touch_left_N,touch_right_N,peak_abs_joint_error,peak_abs_error_j1,peak_abs_error_j2,peak_abs_error_j3,peak_abs_error_j4,actuator_force_j1_Nm,actuator_force_j2_Nm,actuator_force_j3_N,actuator_force_j4_Nm,actuator_force_gripper_N
0,0,OBSERVE,,,-0.5,1.04719755,0.015,0,-0.5,1.04719755,0.015,0,0,0,0,0,0,0,0,0,0,0,0,0,0,0,0,0,0,0,0,0,0,0,0,0,0,0,9.69977259,0,,,,,0.372641185,-0.00620866924,0.088,0.547197551,0,0,0,0,0,0,0,0,0,0,0,0,0,0,0,0,0,0
0.04,20,APPROACH,single_red_center-f6430d296e:0001:APPROACH,INITIAL_APPROACH,-0.5,1.04719755,0.0153289928,-1.48320997e-19,-0.5,1.04719755,0.0155322343,-4.12661317e-21,0,0,-0.000203241487,-1.44194383e-19,0,0,0.000203241487,1.44194383e-19,8.33952645e-18,0,0.000258684193,-3.32846858e-17,-2.39957037e-22,3.43814122e-21,0.02430445,-9.83892666e-19,8.33976641e-18,-3.43814122e-21,-0.0240457658,-3.23007932e-17,1.24207906e-15,0,0.0382732801,-4.94099544e-15,-1.56947938e-19,1.06102891e-18,-1.33893581,-2.16245628e-16,0.372641185,-0.00620866924,0.0876710072,0.547197551,0.372641185,-0.00620866924,0.0874677657,0.547197551,0,0,-2.85940616e-25,0,-5.69323857e-23,0,0,0,0.000203241487,0,0,0.000203241487,1.44194383e-19,0,0,-0.986726921,-2.29587794e-19,1.40170102e-22
0.08,40,APPROACH,single_red_center-f6430d296e:0001:APPROACH,INITIAL_APPROACH,-0.5,1.04719755,0.0154158027,-1.18982305e-17,-0.5,1.04719755,0.0156832748,-1.53362963e-18,0,0,-0.000267472075,-1.03646008e-17,0,0,0.000267472075,1.03646008e-17,1.99043641e-16,0,0.00512330988,-7.23719114e-16,-1.96006993e-16,5.97397807e-16,0.0042876062,-1.3284057e-16,3.95050634e-16,-5.97397807e-16,0.000835703682,-5.90878544e-16,9.36852955e-15,0,0.194200468,-3.07279431e-14,2.51819507e-15,-5.78092464e-15,0.369892221,-7.68825594e-15,0.372641185,-0.00620866924,0.0875841973,0.547197551,0.372641185,-0.00620866924,0.0873167252,0.547197551,0,0,-3.5658644e-20,0,-1.53137514e-17,0,0,0,0.000324072532,0,0,0.000324072532,1.03646008e-17,0,0,-0.852292936,-9.24888602e-18,2.96918247e-17
0.12,60,APPROACH,single_red_center-f6430d296e:0001:APPROACH,INITIAL_APPROACH,-0.5,1.04719755,0.015805125,-7.36473201e-17,-0.5,1.04719755,0.0160257138,-1.78907637e-17,0,0,-0.000220588841,-5.57565564e-17,0,0,0.000220588841,5.57565564e-17,9.05293369e-16,0,0.0149815222,-2.53475304e-15,-3.15107977e-16,1.00332777e-15,0.0133773672,-7.95676427e-16,1.22040135e-15,-1.00332777e-15,0.00160415498,-1.73907662e-15,2.69793669e-14,0,0.289300381,-5.34508339e-14,1.47084308e-13,-4.27090663e-13,0.438258886,-2.16671623e-14,0.372641185,-0.00620866924,0.087194875,0.547197551,0.372641185,-0.00620866924,0.0869742862,0.547197551,0,0,-1.67570923e-20,0,8.61986748e-19,0,0,0,0.000324072532,0,0,0.000324072532,5.57565564e-17,0,-1.77635684e-15,-0.837023918,-3.91264295e-17,2.53109014e-17
0.16,80,APPROACH,single_red_center-f6430d296e:0001:APPROACH,INITIAL_APPROACH,-0.5,1.04719755,0.0166502421,-1.97735164e-16,-0.5,1.04719755,0.0168076474,-7.6075924e-17,1.11022302e-16,0,-0.000157405274,-1.2165924e-16,1.11022302e-16,0,0.000157405274,1.2165924e-16,2.01103618e-15,0,0.0275643704,-2.580262e-15,9.15014196e-16,-4.71845269e-16,0.0257351557,-2.05316112e-15,1.09602199e-15,4.71845269e-16,0.00182921476,-5.2710088e-16,1.4683385e-14,0,0.331775991,1.19933266e-13,-4.10833153e-15,8.5279362e-15,0.504728415,-3.03226779e-14,0.372641185,-0.00620866924,0.0863497579,0.547197551,0.372641185,-0.00620866924,0.0861923526,0.547197551,0,0,-1.68478282e-20,0,-2.84204152e-18,0,0,0,0.000324072532,1.11022302e-16,0,0.000324072532,1.2165924e-16,0,0,-0.818658343,-5.12054997e-17,1.15130111e-17
0.2,100,APPROACH,single_red_center-f6430d296e:0001:APPROACH,INITIAL_APPROACH,-0.5,1.04719755,0.0180202454,-2.22044605e-16,-0.5,1.04719755,0.0181111439,-1.55774947e-16,1.11022302e-16,0,-9.08984831e-05,-6.62696576e-17,1.11022302e-16,0,9.08984831e-05,6.62696576e-17,0,0,0.0409309872,0,1.10301873e-15,-9.29181962e-16,0.0391336797,-1.54696768e-15,-1.10301873e-15,9.29181962e-16,0.00179730758,1.54696768e-15,0,0,0.329830268,0,-6.08090189e-15,1.29771104e-14,0.481573184,3.66750932e-14,0.372641185,-0.00620866924,0.0849797546,0.547197551,0.372641185,-0.00620866924,0.0848888561,0.547197551,0,0,-1.12679561e-20,0,-1.18564746e-18,0,0,0,0.000324072532,1.11022302e-16,0,0.000324072532,1.2165924e-16,0,0,-0.807352683,2.2029625e-17,6.95075415e-18
0.24,120,APPROACH,single_red_center-f6430d296e:0001:APPROACH,INITIAL_APPROACH,-0.5,1.04719755,0.0199131571,-2.22044605e-16,-0.5,1.04719755,0.0199411491,-1.96374283e-16,1.11022302e-16,0,-2.79919722e-05,-2.56703215e-17,1.11022302e-16,0,2.79919722e-05,2.56703215e-17,0,0,0.0534685885,0,9.45825738e-16,-6.18061178e-16,0.0518619957,-6.36178022e-16,-9.45825738e-16,6.18061178e-16,0.00160659281,6.36178022e-16,0,0,0.291666186,0,-4.67968894e-15,9.13627243e-15,0.446538877,1.87413951e-14,0.372641185,-0.00620866924,0.0830868429,0.547197551,0.372641185,-0.00620866924,0.0830588509,0.547197551,0,0,9.8039507e-20,0,-6.83360508e-18,0,0,0,0.000324072532,1.11022302e-16,0,0.000324072532,1.2165924e-16,0,0,-0.79779091,1.28312047e-17,-5.09603554e-17
0.28,140,APPROACH,single_red_center-f6430d296e:0001:APPROACH,INITIAL_APPROACH,-0.5,1.04719755,0.0222650593,-2.22044605e-16,-0.5,1.04719755,0.0222438532,-2.12333824e-16,5.55111512e-17,0,2.12061195e-05,-9.71078056e-18,5.55111512e-17,0,2.12061195e-05,9.71078056e-18,0,0,0.0639257623,0,9.6798394e-16,-5.53209121e-16,0.0623480489,-2.42732551e-16,-9.6798394e-16,5.53209121e-16,0.00157771342,2.42732551e-16,0,0,0.225706484,0,-4.50193636e-15,9.17723712e-15,0.292489489,7.24044064e-15,0.372641185,-0.00620866924,0.0807349407,0.547197551,0.372641185,-0.00620866924,0.0807561468,0.547197551,0,0,1.32101797e-22,0,-5.46827833e-19,0,0,0,0.000324072532,1.11022302e-16,0,0.000324072532,1.2165924e-16,0,0,-0.801228467,5.08392871e-18,1.27848873e-19
0.32,160,APPROACH,single_red_center-f6430d296e:0001:APPROACH,INITIAL_APPROACH,-0.5,1.04719755,0.0249831763,-2.22044605e-16,-0.5,1.04719755,0.0249221566,-2.18519226e-16,1.11022302e-16,0,6.10196701e-05,-3.52537847e-18,1.11022302e-16,0,6.10196701e-05,3.52537847e-18,0,0,0.0712460245,0,9.89912179e-16,1.16225478e-16,0.0705977348,-8.93868492e-17,-9.89912179e-16,-1.16225478e-16,0.000648289712,8.93868492e-17,0,0,0.139494824,0,-2.42171936e-15,2.88835023e-15,0.224101392,2.83312791e-15,0.372641185,-0.00620866924,0.0780168237,0.547197551,0.372641185,-0.00620866924,0.0780778434,0.547197551,0,0,-4.04534181e-21,0,-3.5247619e-19,0,0,0,0.000324072532,1.11022302e-16,0,0.000324072532,1.2165924e-16,0,0,-0.799159975,2.00055537e-18,2.77250214e-18
0.36,180,APPROACH,single_red_center-f6430d296e:0001:APPROACH,INITIAL_APPROACH,-0.5,1.04719755,0.0279187704,-2.22044605e-16,-0.5,1.04719755,0.0278402757,-2.20787312e-16,1.11022302e-16,0,7.84946243e-05,-1.25729307e-18,1.11022302e-16,0,7.84946243e-05,1.25729307e-18,0,0,0.0749151229,0,9.15726252e-16,4.88265831e-16,0.0746348288,-3.18099001e-17,-9.15726252e-16,-4.88265831e-16,0.000280294095,3.18099001e-17,0,0,0.0419089122,0,-1.01684845e-15,-9.07227862e-16,0.0949148864,1.07999474e-15,0.372641185,-0.00620866924,0.0750812296,0.547197551,0.372641185,-0.00620866924,0.0751597243,0.547197551,0,0,-1.85113349e-21,0,-6.02936483e-19,0,0,0,0.000324072532,1.11022302e-16,0,0.000324072532,1.2165924e-16,0,0,-0.806799283,7.16459534e-19,1.5311461e-18
0.4,200,APPROACH,single_red_center-f6430d296e:0001:APPROACH,INITIAL_APPROACH,-0.5,1.04719755,0.0309225009,-2.22044605e-16,-0.5,1.04719755,0.0308454069,-2.21554588e-16,5.55111512e-17,0,7.70939149e-05,-4.90016498e-19,5.55111512e-17,0,7.70939149e-05,4.90016498e-19,0,0,0.0745938144,0,1.02524898e-15,2.90944857e-16,0.0749448733,-1.13859176e-17,-1.02524898e-15,-2.90944857e-16,-0.000351058916,1.13859176e-17,0,0,-0.0591547024,0,-1.96685162e-15,1.33373416e-15,-0.0457301525,2.92665515e-16,0.372641185,-0.00620866924,0.0720774991,0.547197551,0.372641185,-0.00620866924,0.0721545931,0.547197551,0,0,6.67919777e-21,0,-1.30109523e-18,0,0,0,0.000324072532,1.11022302e-16,0,0.000324072532,1.2165924e-16,0,0,-0.819201309,1.62666029e-19,-3.25474566e-18
0.44,220,APPROACH,single_red_center-f6430d296e:0001:APPROACH,INITIAL_APPROACH,-0.5,1.04719755,0.033830565,-2.22044605e-16,-0.5,1.04719755,0.0337757511,-2.21847143e-16,5.55111512e-17,0,5.48139269e-05,-1.9746188e-19,5.55111512e-17,0,5.48139269e-05,1.9746188e-19,0,0,0.0702397482,0,9.62952345e-16,3.15829912e-16,0.0710245335,-4.50535552e-18,-9.62952345e-16,-3.15829912e-16,-0.00078478527,4.50535552e-18,0,0,-0.155325634,0,-1.70549143e-15,9.1535152e-16,-0.173380679,1.28854498e-16,0.372641185,-0.00620866924,0.069169435,0.547197551,0.372641185,-0.00620866924,0.0692242489,0.547197551,0,0,-2.42122939e-22,0,-2.07707475e-19,0,0,0,0.000324072532,1.11022302e-16,0,0.000324072532,1.2165924e-16,0,0,-0.834659223,5.98668326e-20,1.78419362e-19
0.48,240,APPROACH,single_red_center-f6430d296e:0001:APPROACH,INITIAL_APPROACH,-0.5,1.04719755,0.0364940301,-2.22044605e-16,-0.5,1.04719755,0.0364790953,-2.22010743e-16,1.11022302e-16,0,1.49347636e-05,-3.38623106e-20,1.11022302e-16,0,1.49347636e-05,3.38623106e-20,0,0,0.0623176179,0,8.86296099e-16,7.00390677e-16,0.063799619,-7.1756686e-18,-8.86296099e-16,-7.00390677e-16,-0.00148200111,7.1756686e-18,0,0,-0.23860458,0,2.43263753e-13,-5.61645068e-13,-0.352329086,1.23608513e-14,0.372641185,-0.00620866924,0.0665059699,0.547197551,0.372641185,-0.00620866924,0.0665209047,0.547197551,0,0,2.64878725e-20,0,2.04681527e-17,0,0,0,0.000324072532,1.11022302e-16,0,0.000324072532,1.2165924e-16,1.77635684e-15,-1.77635684e-15,-0.858058223,2.09653938e-18,1.58901852e-17
0.52,260,APPROACH,single_red_center-f6430d296e:0001:APPROACH,INITIAL_APPROACH,-0.5,1.04719755,0.0387763806,-2.22044605e-16,-0.5,1.04719755,0.0388154319,-2.2205049e-16,5.55111512e-17,0,-3.9051335e-05,5.88511081e-21,5.55111512e-17,0,3.9051335e-05,5.88511081e-21,0,0,0.0514429873,0,9.95230773e-16,4.88514867e-16,0.0529672586,5.32511577e-19,-9.95230773e-16,-4.88514867e-16,-0.00152427125,-5.32511577e-19,0,0,-0.300546884,0,-1.23998472e-15,-5.6281082e-16,-0.343954834,1.64653109e-17,0.372641185,-0.00620866924,0.0642236194,0.547197551,0.372641185,-0.00620866924,0.0641845681,0.547197551,0,0,-6.41414077e-21,0,1.75068568e-18,0,0,0,0.000324072532,1.11022302e-16,0,0.000324072532,1.2165924e-16,0,0,-0.868133684,-3.70730278e-20,2.8460396e-18
0.56,280,APPROACH,single_red_center-f6430d296e:0001:APPROACH,INITIAL_APPROACH,-0.5,1.04719755,0.0405831127,-2.22044605e-16,-0.5,1.04719755,0.040685165,-2.21873325e-16,5.55111512e-17,0,-0.000102052375,-1.71280354e-19,5.55111512e-17,0,0.000102052375,1.71280354e-19,0,0,0.0386582304,0,1.25261221e-15,-5.03330607e-16,0.0406074352,-7.50067595e-19,-1.25261221e-15,5.03330607e-16,-0.00194920478,7.50067595e-19,0,0,-0.333150877,0,-5.14830682e-15,9.94090791e-15,-0.401239949,-4.80434088e-16,0.372641185,-0.00620866924,0.0624168873,0.547197551,0.372641185,-0.00620866924,0.062314835,0.547197551,0,0,-3.10732456e-21,0,-8.02680942e-21,0,0,0,0.000324072532,1.11022302e-16,2.22044605e-16,0.000324072532,1.2165924e-16,0,0,-0.885671169,-3.39495277e-19,2.38293855e-18
0.6,300,APPROACH,single_red_center-f6430d296e:0001:APPROACH,INITIAL_APPROACH,-0.5,1.04719755,0.0418618706,-2.22044605e-16,-0.5,1.04719755,0.0420310619,-2.21975579e-16,5.55111512e-17,0,-0.000169191305,-6.90255399e-20,5.55111512e-17,0,0.000169191305,6.90255399e-20,0,0,0.0252931488,0,1.11629008e-15,-2.79591181e-16,0.0270446886,-2.27902515e-18,-1.11629008e-15,2.79591181e-16,-0.00175153989,2.27902515e-18,0,0,-0.328146488,0,-4.05446947e-15,7.1384981e-15,-0.369078033,1.21082915e-17,0.372641185,-0.00620866924,0.0611381294,0.547197551,0.372641185,-0.00620866924,0.0609689381,0.547197551,0,0,3.15222932e-21,0,-1.07369382e-20,0,0,0,0.000324072532,1.11022302e-16,2.22044605e-16,0.000324072532,1.2165924e-16,0,0,-0.896326991,9.00192641e-20,-1.54456105e-18
0.64,320,APPROACH,single_red_center-f6430d296e:0001:APPROACH,INITIAL_APPROACH,-0.5,1.04719755,0.0426216625,-2.22044605e-16,-0.5,1.04719755,0.0428519977,-2.22032014e-16,5.55111512e-17,0,-0.000230335171,-1.25908341e-20,5.55111512e-17,0,0.000230335171,1.25908341e-20,0,0,0.0130157909,0,1.00649534e-15,-1.18751655e-16,0.0146902269,-7.77456135e-19,-1.00649534e-15,1.18751655e-16,-0.00167443594,7.77456135e-19,0,0,-0.277330745,0,-3.22697226e-15,5.17864104e-15,-0.33912566,-1.17117788e-18,0.372641185,-0.00620866924,0.0603783375,0.547197551,0.372641185,-0.00620866924,0.0601480023,0.547197551,0,0,1.65793114e-21,0,-2.646215e-20,0,0,0,0.000324072532,1.11022302e-16,2.22044605e-16,0.000324072532,1.2165924e-16,0,0,-0.905974235,5.45673435e-20,-8.22083868e-19
0.68,340,APPROACH,single_red_center-f6430d296e:0001:APPROACH,INITIAL_APPROACH,-0.5,1.04719755,0.0429447633,-2.22044605e-16,-0.5,1.04719755,0.0432217105,-2.22047791e-16,5.55111512e-17,0,-0.000276947233,3.18634387e-21,5.55111512e-17,0,0.000276947233,3.18634387e-21,0,0,0.00382228902,0,9.16902062e-16,-3.56868304e-18,0.00489742053,-1.50140675e-19,-9.16902062e-16,3.56868304e-18,-0.00107513151,1.50140675e-19,0,0,-0.172500675,0,-2.60305612e-15,3.73488043e-15,-0.227027938,-1.24833171e-17,0.372641185,-0.00620866924,0.0600552367,0.547197551,0.372641185,-0.00620866924,0.0597782895,0.547197551,0,0,8.66515411e-22,0,-1.26277434e-20,0,0,0,0.000324072532,1.11022302e-16,2.22044605e-16,0.000324072532,1.2165924e-16,0,0,-0.905635194,2.25780674e-20,-4.3014547e-19
0.72,360,APPROACH,single_red_center-f6430d296e:0001:APPROACH,INITIAL_APPROACH,-0.5,1.04719755,0.0429998356,-2.22044605e-16,-0.5,1.04719755,0.0432970725,-2.22045437e-16,5.55111512e-17,0,-0.000297236928,8.3224126e-22,5.55111512e-17,0,0.000297236928,8.3224126e-22,0,0,3.68582161e-05,0,9.83794518e-16,-7.37700447e-17,0.000123208278,-1.20464753e-19,-9.83794518e-16,7.37700447e-17,-8.63500618e-05,1.20464753e-19,0,0,-0.00545330897,0,-3.01873979e-15,4.65594107e-15,-0.0563356263,-3.99576525e-17,0.372641185,-0.00620866924,0.0600001644,0.547197551,0.372641185,-0.00620866924,0.0597029275,0.547197551,0,0,-5.39884294e-21,0,-1.51127394e-19,0,0,0,0.000324072532,1.11022302e-16,2.22044605e-16,0.000324072532,1.2165924e-16,0,0,-0.89498154,1.14450693e-20,3.14867365e-18
0.76,380,APPROACH,single_red_center-f6430d296e:0001:APPROACH,ORIENTATION_ALIGN,-0.5,1.04719755,0.043,0.000205592247,-0.500000006,1.04719752,0.0432966598,2.03752749e-05,6.00930239e-09,3.40850592e-08,-0.000296659794,0.000185216973,6.00930239e-09,3.40850592e-08,0.000296659794,0.000185216973,0,0,0,0.0151795169,-6.76332013e-07,-2.89099662e-06,4.37062845e-06,0.00198196425,6.76332013e-07,2.89099662e-06,-4.37062845e-06,0.0131975527,0,0,0,0.747286619,-2.1553645e-05,-0.000405499016,-0.000508966835,0.188334358,0.372641185,-0.00620866924,0.06,0.547403143,0.372641188,-0.0062086773,0.0597033402,0.547217886,0,0,3.94536801e-10,0,2.76898765e-08,0,0,0,0.000324072532,6.00930239e-09,3.40850592e-08,0.000324072532,0.000185216973,6.44311607e-07,2.45356052e-06,-0.890054538,0.000211216846,-2.00239389e-07
0.8,400,APPROACH,single_red_center-f6430d296e:0001:APPROACH,ORIENTATION_ALIGN,-0.5,1.04719755,0.043,0.00159184648,-0.500000137,1.04719721,0.0432966704,0.000355659566,1.37019696e-07,3.41206439e-07,-0.000296670424,0.00123618692,1.37019696e-07,3.41206439e-07,0.000296670424,0.00123618692,0,0,0,0.0583088056,-6.6291932e-06,-1.27057956e-05,6.3846867e-08,0.0171994165,6.6291932e-06,1.27057956e-05,-6.3846867e-08,0.0411093891,0,0,0,1.38676798,-9.51032736e-05,-0.00109279301,1.07548187e-05,0.762540706,0.372641185,-0.00620866924,0.06,0.548789398,0.372641219,-0.00620877857,0.0597033296,0.547552733,0,0,2.00832135e-09,0,4.84225087e-08,0,0,0,0.00123618692,1.37019696e-07,3.41206439e-07,0.000324072532,0.00123618692,8.67842581e-06,1.43911833e-05,-0.89001187,0.000946953638,-1.01129786e-06
0.84,420,APPROACH,single_red_center-f6430d296e:0001:APPROACH,ORIENTATION_ALIGN,-0.5,1.04719755,0.043,0.00517039088,-0.500000601,1.04719649,0.043296671,0.00173160714,6.00877127e-07,1.06240963e-06,-0.000296670958,0.00343878373,6.00877127e-07,1.06240963e-06,0.000296670958,0.00343878373,0,0,0,0.124423812,-1.60944249e-05,-2.22888959e-05,-4.36590024e-10,0.0534537445,1.60944249e-05,2.22888959e-05,4.36590024e-10,0.0709700672,0,0,0,1.90180576,-2.19681222e-05,-0.00156329179,5.89681458e-07,1.42287337,0.372641185,-0.00620866924,0.06,0.552367942,0.372641291,-0.0062090746,0.059703329,0.548927495,0,0,3.63931711e-09,0,2.42420388e-08,0,0,0,0.00343878373,6.00877127e-07,1.06240963e-06,0.000324072532,0.00343878373,2.70377745e-05,3.27276352e-05,-0.890012853,0.00198060449,-1.82553585e-06
0.88,440,APPROACH,single_red_center-f6430d296e:0001:APPROACH,ORIENTATION_ALIGN,-0.5,1.04719755,0.043,0.0117635142,-0.5000014,1.04719547,0.043296671,0.00501663746,1.40047645e-06,2.0828043e-06,-0.000296670969,0.00674687679,1.40047645e-06,2.0828043e-06,0.000296670969,0.00674687679,0,0,0,0.208758064,-2.27417786e-05,-2.72750314e-05,-4.6940131e-11,0.111234043,2.27417786e-05,2.72750314e-05,4.6940131e-11,0.0975240202,0,0,0,2.29999438,0.000128212845,-0.00168290667,1.17396547e-08,2.00008518,0.372641185,-0.00620866924,0.06,0.558961065,0.372641393,-0.00620954685,0.059703329,0.552210705,0,0,3.1707838e-09,0,-6.09947756e-08,0,0,0,0.00674687679,1.40047645e-06,2.0828043e-06,0.000324072532,0.00674687679,4.96142774e-05,5.23497264e-05,-0.890012905,0.00314505028,-1.58647309e-06
0.92,460,APPROACH,single_red_center-f6430d296e:0001:APPROACH,ORIENTATION_ALIGN,-0.5,1.04719755,0.043,0.0220619596,-0.50000235,1.04719436,0.043296671,0.011018202,2.34994559e-06,3.19385596e-06,-0.000296670969,0.0110437575,2.34994559e-06,3.19385596e-06,0.000296670969,0.0110437575,0,0,0,0.306933092,-2.37839204e-05,-2.7453013e-05,-1.15812644e-12,0.187825241,2.37839204e-05,2.7453013e-05,1.15812644e-12,0.119107851,0,0,0,2.5877962,0.000359172783,-0.00220753826,3.35029269e-11,2.55807164,0.372641185,-0.00620866924,0.06,0.569259511,0.372641502,-0.00621009043,0.059703329,0.558210209,0,0,6.17986766e-10,0,-1.13722759e-07,0,0,0,0.0110437575,2.34994559e-06,3.19385596e-06,0.000324072532,0.0110437575,6.98861037e-05,6.9155178e-05,-0.890012906,0.00447805503,-4.35257889e-07
0.96,480,APPROACH,single_red_center-f6430d296e:0001:APPROACH,ORIENTATION_ALIGN,-0.5,1.04719755,0.043,0.0364757425,-0.500003241,1.04719334,0.043296671,0.0204071557,3.24146079e-06,4.21566357e-06,-0.000296670969,0.0160685868,3.24146079e-06,4.21566357e-06,0.000296670969,0.0160685868,0,0,0,0.414522709,-2.03799585e-05,-2.36884246e-05,-9.08646003e-15,0.279268815,2.03799585e-05,2.36884246e-05,9.08646003e-15,0.135253893,0,0,0,2.77467866,0.000525968597,-0.00261376392,-4.99476623e-12,2.97693638,0.372641185,-0.00620866924,0.06,0.583673294,0.372641603,-0.00621059716,0.059703329,0.56759725,0,0,-7.18311299e-10,0,-1.02942695e-07,0,0,0,0.0160685868,3.24146079e-06,4.21566357e-06,0.000324072532,0.0160685868,8.46427316e-05,8.15583335e-05,-0.890012906,0.00581819084,5.84469658e-07
1,500,APPROACH,single_red_center-f6430d296e:0001:APPROACH,ORIENTATION_ALIGN,-0.5,1.04719755,0.043,0.0553006398,-0.500003946,1.04719251,0.043296671,0.03369647,3.9460454e-06,5.04293607e-06,-0.000296670969,0.0216041698,3.9460454e-06,5.04293607e-06,0.000296670969,0.0216041698,0,0,0,0.527676334,-1.4939187e-05,-1.79489986e-05,2.51441465e-16,0.381581325,1.4939187e-05,1.79489986e-05,-2.51441465e-16,0.146095009,0,0,0,2.86839418,0.000595948812,-0.00283307829,-6.65484841e-14,3.24241474,0.372641185,-0.00620866924,0.06,0.602498191,0.372641685,-0.00621100102,0.059703329,0.580885032,0,0,-7.17469274e-09,0,-5.23869308e-07,0,0,0,0.0216041698,3.9460454e-06,5.04293607e-06,0.000324072532,0.0216041698,9.35777983e-05,8.95792067e-05,-0.890012906,0.00711112676,3.80620755e-06
1.04,520,APPROACH,single_red_center-f6430d296e:0001:APPROACH,ORIENTATION_ALIGN,-0.5,1.04719755,0.043,0.0786863853,-0.500004424,1.04719191,0.043296671,0.0512404895,4.42407611e-06,5.63784801e-06,-0.000296670969,0.0274458957,4.42407611e-06,5.63784801e-06,0.000296670969,0.0274458957,0,0,0,0.642849609,-9.35179864e-06,-1.18808831e-05,-5.08871226e-16,0.490941456,9.35179864e-06,1.18808831e-05,5.08871226e-16,0.151908153,0,0,0,2.8766952,0.000553067742,-0.00269070841,-5.80786771e-14,3.34961245,0.372641185,-0.00620866924,0.06,0.625883936,0.372641744,-0.00621128076,0.059703329,0.598427979,0,0,-2.28575053e-08,0,-6.4097626e-07,0,0,0,0.0274458957,4.42407611e-06,5.63784801e-06,0.000324072532,0.0274458957,9.77122646e-05,9.41039366e-05,-0.890012906,0.00831368054,1.15077095e-05
1.08,540,APPROACH,single_red_center-f6430d296e:0001:APPROACH,ORIENTATION_ALIGN,-0.5,1.04719755,0.043,0.106699745,-0.500004692,1.04719155,0.043296671,0.0732425714,4.6918842e-06,6.00436589e-06,-0.000296670969,0.0334571731,4.6918842e-06,6.00436589e-06,0.000296670969,0.0334571731,0,0,0,0.756754638,-4.48459924e-06,-6.63354622e-06,-7.82783003e-16,0.603783533,4.48459924e-06,6.63354622e-06,7.82783003e-16,0.152971106,0,0,0,2.80654106,0.000536695233,-0.00280866339,-5.56587322e-14,3.42160456,0.372641185,-0.00620866924,0.06,0.653897296,0.37264178,-0.00621144316,0.059703329,0.620429426,0,0,-5.67581391e-08,0,-9.55675823e-07,0,0,0,0.0334571731,4.6918842e-06,6.00436589e-06,0.000324072532,0.0334571731,9.83381541e-05,9.54950702e-05,-0.890012906,0.00951526554,2.85545583e-05
1.12,560,APPROACH,single_red_center-f6430d296e:0001:APPROACH,ORIENTATION_ALIGN,-0.5,1.04719755,0.043,0.139197564,-0.500004785,1.04719139,0.043296671,0.0997665426,4.78518556e-06,6.16244951e-06,-0.000296670969,0.0394310212,4.78518556e-06,6.16244951e-06,0.000296670969,0.0394310212,0,0,0,0.866412676,-5.07219268e-07,-1.84423449e-06,-2.21678878e-16,0.716585561,5.07219268e-07,1.84423449e-06,2.21678878e-16,0.149827115,0,0,0,2.66638084,0.000545021537,-0.00298314508,-6.17085944e-14,3.41066579,0.372641185,-0.00620866924,0.06,0.686395115,0.372641796,-0.00621150493,0.059703329,0.646953146,0,0,-9.87672406e-08,0,-1.13792452e-06,0,0,0,0.0394310212,4.78518556e-06,6.16244951e-06,0.000324072532,0.0394310212,9.63701437e-05,9.39669367e-05,-0.890012906,0.0106321633,4.96029419e-05
1.16,580,APPROACH,single_red_center-f6430d296e:0001:APPROACH,ORIENTATION_ALIGN,-0.5,1.04719755,0.043,0.17593679,-0.500004736,1.04719142,0.043296671,0.130746553,4.73569978e-06,6.13469772e-06,-0.000296670969,0.0451902377,4.73569978e-06,6.13469772e-06,0.000296670969,0.0451902377,0,0,0,0.969220779,2.80063963e-06,2.58992129e-06,-5.43732725e-16,0.826218133,-2.80063963e-06,-2.58992129e-06,5.43732725e-16,0.143002647,0,0,0,2.46433033,0.000540866277,-0.00299765845,-5.80786771e-14,3.29014433,0.372641185,-0.00620866924,0.06,0.723134342,0.372641794,-0.00621148175,0.059703329,0.677933233,0,0,-1.48527056e-07,0,-1.3155882e-06,0,0,0,0.0451902377,4.78518556e-06,6.17212149e-06,0.000324072532,0.0451902377,9.22033251e-05,8.99967529e-05,-0.890012906,0.0116059984,7.45296835e-05
1.2,600,APPROACH,single_red_center-f6430d296e:0001:APPROACH,ORIENTATION_ALIGN,-0.5,1.04719755,0.043,0.216598859,-0.500004567,1.0471916,0.043296671,0.166004257,4.5670397e-06,5.94830129e-06,-0.000296670969,0.050594602,4.5670397e-06,5.94830129e-06,0.000296670969,0.050594602,0,0,0,1.06287645,5.47935929e-06,6.63663597e-06,-3.89346087e-16,0.930204486,-5.47935929e-06,-6.63663597e-06,3.89346087e-16,0.132671966,0,0,0,2.20814197,0.000475029248,-0.00261935339,2.55304185e-13,3.03900523,0.372641185,-0.00620866924,0.06,0.76379641,0.372641775,-0.00621138706,0.059703329,0.713191292,0,0,-2.03891412e-07,0,-1.44215445e-06,0,0,0,0.050594602,4.78518556e-06,6.17212149e-06,0.000324072532,0.050594602,8.62243747e-05,8.42586861e-05,-0.890012906,0.0123906306,0.000102229617
1.24,620,APPROACH,single_red_center-f6430d296e:0001:APPROACH,ORIENTATION_ALIGN,-0.5,1.04719755,0.043,0.260792011,-0.500004294,1.04719194,0.043296671,0.205253843,4.29377045e-06,5.61203095e-06,-0.000296670969,0.0555381681,4.29377045e-06,5.61203095e-06,0.000296670969,0.0555381681,0,0,0,1.14533261,8.05174724e-06,1.02103978e-05,-6.66578007e-16,1.02578836,-8.05174724e-06,-1.02103978e-05,6.66578007e-16,0.119544248,0,0,0,1.90541973,0.000436064247,-0.00238194707,-5.68687046e-14,2.75153995,0.372641185,-0.00620866924,0.06,0.807989562,0.372641742,-0.0062112278,0.059703329,0.752441488,0,0,-2.62565492e-07,0,-1.48533088e-06,0,0,0,0.0555381681,4.78518556e-06,6.17212149e-06,0.000324072532,0.0555381681,7.82829185e-05,7.64393374e-05,-0.890012906,0.0130543145,0.00013158128
1.28,640,APPROACH,single_red_center-f6430d296e:0001:APPROACH,ORIENTATION_ALIGN,-0.5,1.04719755,0.043,0.308056983,-0.500003926,1.0471924,0.043296671,0.248121455,3.92605977e-06,5.15268444e-06,-0.000296670969,0.0599355277,3.92605977e-06,5.15268444e-06,0.000296670969,0.0599355277,0,0,0,1.21474402,1.0179504e-05,1.28669167e-05,-5.07211154e-16,1.11135733,-1.0179504e-05,-1.28669167e-05,5.07211154e-16,0.103386687,0,0,0,1.56371847,0.000373208775,-0.00209823975,-5.80786771e-14,2.42786258,0.372641185,-0.00620866924,0.06,0.855254534,0.372641696,-0.00621101232,0.059703329,0.795309927,0,0,-3.2126437e-07,0,-1.45338136e-06,0,0,0,0.0599355277,4.78518556e-06,6.17212149e-06,0.000324072532,0.0599355277,6.88475827e-05,6.74924819e-05,-0.890012906,0.0135810463,0.000160926679
1.32,660,APPROACH,single_red_center-f6430d296e:0001:APPROACH,ORIENTATION_ALIGN,-0.5,1.04719755,0.043,0.357802599,-0.500003476,1.04719298,0.043296671,0.294153652,3.47618947e-06,4.57507219e-06,-0.000296670969,0.0636489472,3.47618947e-06,4.57507219e-06,0.000296670969,0.0636489472,0,0,0,1.26991697,1.22079756e-05,1.55170286e-05,-7.72822575e-16,1.18448548,-1.22079756e-05,-1.55170286e-05,7.72822575e-16,0.0854314844,0,0,0,1.19145816,0.000328280394,-0.00183280956,-5.56587322e-14,2.04645696,0.372641185,-0.00620866924,0.06,0.90500015,0.372641639,-0.00621074602,0.059703329,0.841343152,0,0,-3.77541075e-07,0,-1.34031958e-06,0,0,0,0.0636489472,4.78518556e-06,6.17212149e-06,0.000324072532,0.0636489472,5.78992631e-05,5.66985938e-05,-0.890012906,0.0139246983,0.00018905167
1.36,680,APPROACH,single_red_center-f6430d296e:0001:APPROACH,ORIENTATION_ALIGN,-0.5,1.04719755,0.043,0.409445214,-0.500002954,1.04719365,0.043296671,0.342831463,2.95406829e-06,3.90306437e-06,-0.000296670969,0.0666137505,2.95406829e-06,3.90306437e-06,0.000296670969,0.0666137505,0,0,0,1.30977317,1.38023862e-05,1.78837486e-05,-6.26736294e-16,1.24402386,-1.38023862e-05,-1.78837486e-05,6.26736294e-16,0.0657493087,0,0,0,0.796336636,0.000258838068,-0.00139696647,-5.68687046e-14,1.59843545,0.372641185,-0.00620866924,0.06,0.956642765,0.372641572,-0.00621043668,0.059703329,0.890022157,0,0,-4.28059222e-07,0,-1.18003707e-06,0,0,0,0.0666137505,4.78518556e-06,6.17212149e-06,0.000324072532,0.0666137505,4.59143192e-05,4.48326113e-05,-0.890012906,0.0140647529,0.000214279566
1.4,700,APPROACH,single_red_center-f6430d296e:0001:APPROACH,ORIENTATION_ALIGN,-0.5,1.04719755,0.043,0.46236103,-0.500002372,1.0471944,0.043296671,0.393581067,2.37206707e-06,3.14966041e-06,-0.000296670969,0.0687799633,2.37206707e-06,3.14966041e-06,0.000296670969,0.0687799633,0,0,0,1.33355822,1.51403947e-05,1.96527314e-05,-4.72349656e-16,1.28869428,-1.51403947e-05,-1.96527314e-05,4.72349656e-16,0.0448639426,0,0,0,0.386106327,0.000173777258,-0.000928006545,-5.80786771e-14,1.12554225,0.372641185,-0.00620866924,0.06,1.00955858,0.372641498,-0.00621009112,0.059703329,0.940773097,0,0,-4.70353942e-07,0,-9.41813823e-07,0,0,0,0.0687799633,4.78518556e-06,6.17212149e-06,0.000324072532,0.0687799633,3.2958392e-05,3.22159743e-05,-0.890012906,0.0140308503,0.000235377977
1.44,720,APPROACH,single_red_center-f6430d296e:0001:APPROACH,ORIENTATION_ALIGN,-0.5,1.04719755,0.043,0.515901076,-0.500001744,1.04719522,0.043296671,0.445790546,1.74428023e-06,2.33371391e-06,-0.000296670969,0.0701105297,1.74428023e-06,2.33371391e-06,0.000296670969,0.0701105297,0,0,0,1.34063289,1.61486802e-05,2.10186447e-05,-7.39621147e-16,1.3176528,-1.61486802e-05,-2.10186447e-05,7.39621147e-16,0.0229800901,0,0,0,-0.031464514,0.000108909627,-0.000546721832,-5.56587322e-14,0.64580257,0.372641185,-0.00620866924,0.06,1.06309863,0.372641417,-0.00620971782,0.059703329,0.992984019,0,0,-5.0225557e-07,0,-6.5891795e-07,0,0,0,0.0701105297,4.78518556e-06,6.17212149e-06,0.000324072532,0.0701105297,1.94262228e-05,1.88656478e-05,-0.890012906,0.013832868,0.000251278023
1.48,740,APPROACH,single_red_center-f6430d296e:0001:APPROACH,ORIENTATION_ALIGN,-0.5,1.04719755,0.043,0.569385113,-0.500001083,1.04719608,0.043296671,0.498817441,1.08288048e-06,1.47184879e-06,-0.000296670969,0.0705676711,1.08288048e-06,1.47184879e-06,0.000296670969,0.0705676711,0,0,0,1.33091185,1.68274119e-05,2.19816356e-05,-5.81914366e-16,1.3303176,-1.68274119e-05,-2.19816356e-05,5.81914366e-16,0.00059425483,0,0,0,-0.448378395,2.99319757e-05,-9.09048843e-05,-5.68687046e-14,0.14290532,0.372641185,-0.00620866924,0.06,1.11658266,0.372641331,-0.00620932415,0.059703329,1.04601244,0,0,-5.22016546e-07,0,-3.42736558e-07,0,0,0,0.0705676711,4.78518556e-06,6.17212149e-06,0.000324072532,0.0705676711,5.52859261e-06,5.19757569e-06,-0.890012906,0.0134484144,0.000261095419
1.52,760,APPROACH,single_red_center-f6430d296e:0001:APPROACH,ORIENTATION_ALIGN,-0.5,1.04719755,0.043,0.622154238,-0.500000402,1.04719697,0.043296671,0.552005325,4.01584489e-07,5.82130669e-07,-0.000296670969,0.0701489126,4.01584489e-07,5.82130669e-07,0.000296670969,0.0701489126,0,0,0,1.30478123,1.71685583e-05,2.25135374e-05,-4.291878e-16,1.32648462,-1.71685583e-05,-2.25135374e-05,4.291878e-16,-0.0217033959,0,0,0,-0.85687685,-5.04862338e-05,0.000372686673,2.55304185e-13,-0.363557213,0.372641185,-0.00620866924,0.06,1.16935179,0.372641243,-0.00620891831,0.059703329,1.09920189,0,0,-5.28758506e-07,0,-1.34581557e-08,0,0,0,0.0705676711,4.78518556e-06,6.17212149e-06,0.000324072532,0.0705676711,-8.44287032e-06,-8.55086402e-06,-0.890012906,0.0128953598,0.000264399926
1.56,780,APPROACH,single_red_center-f6430d296e:0001:APPROACH,ORIENTATION_ALIGN,-0.5,1.04719755,0.043,0.673564961,-0.499999712,1.04719787,0.043296671,0.60469223,-2.87754776e-07,-3.19703847e-07,-0.000296670969,0.0688727308,2.87754776e-07,3.19703847e-07,0.000296670969,0.0688727308,0,0,0,1.26267697,1.72280983e-05,2.24289667e-05,-7.03099577e-16,1.30620188,-1.72280983e-05,-2.24289667e-05,7.03099577e-16,-0.043524908,0,0,0,-1.24922772,-0.000113449715,0.000700900948,-5.56587322e-14,-0.836156994,0.372641185,-0.00620866924,0.06,1.22076251,0.372641153,-0.0062085074,0.059703329,1.15189039,0,0,-5.22164417e-07,0,3.24258244e-07,0,0,0,0.0705676711,4.78518556e-06,6.17212149e-06,0.000324072532,0.0705676711,-2.2299117e-05,-2.21257596e-05,-0.890012906,0.0122122196,0.000261039512
1.6,800,APPROACH,single_red_center-f6430d296e:0001:APPROACH,ORIENTATION_ALIGN,-0.5,1.04719755,0.043,0.72296859,-0.499999029,1.04719877,0.043296671,0.65622909,-9.7061551e-07,-1.2153789e-06,-0.000296670969,0.0667394996,9.7061551e-07,1.2153789e-06,0.000296670969,0.0667394996,0,0,0,1.20522774,1.69391463e-05,2.21953366e-05,-5.65313653e-16,1.26980472,-1.69391463e-05,-2.21953366e-05,5.65313653e-16,-0.0645769792,0,0,0,-1.61732417,-0.000176663816,0.00108918631,-5.80786771e-14,-1.31577225,0.372641185,-0.00620866924,0.06,1.27016614,0.372641064,-0.00620809996,0.059703329,1.20342883,0,0,-5.02914267e-07,0,6.28118122e-07,0,0,0,0.0705676711,4.78518556e-06,6.17212149e-06,0.000324072532,0.0705676711,-3.56798695e-05,-3.54299906e-05,-0.890012906,0.0113608072,0.000251354934
1.64,820,APPROACH,single_red_center-f6430d296e:0001:APPROACH,ORIENTATION_ALIGN,-0.5,1.04719755,0.043,0.769797534,-0.499998364,1.04719964,0.043296671,0.705985771,-1.63573704e-06,-2.08539187e-06,-0.000296670969,0.0638117629,1.63573704e-06,2.08539187e-06,0.000296670969,0.0638117629,0,0,0,1.13371598,1.62719145e-05,2.11076918e-05,-4.34168014e-16,1.2182236,-1.62719145e-05,-2.11076918e-05,4.34168014e-16,-0.08450762,0,0,0,-1.95357187,-0.000280987612,0.00158591703,2.55304185e-13,-1.77132611,0.372641185,-0.00620866924,0.06,1.31699509,0.372640978,-0.00620770351,0.059703329,1.25318704,0,0,-4.71935904e-07,0,9.02683548e-07,0,0,0,0.0705676711,4.78518556e-06,6.17212149e-06,0.000324072532,0.0705676711,-4.84001236e-05,-4.75468592e-05,-0.890012906,0.010382012,0.000235798692
1.68,840,APPROACH,single_red_center-f6430d296e:0001:APPROACH,ORIENTATION_ALIGN,-0.5,1.04719755,0.043,0.813478164,-0.499997732,1.04720047,0.043296671,0.753368599,-2.26836952e-06,-2.91947198e-06,-0.000296670969,0.0601095644,2.26836952e-06,2.91947198e-06,0.000296670969,0.0601095644,0,0,0,1.04942922,1.53878931e-05,2.02637836e-05,-7.11399934e-16,1.15198278,-1.53878931e-05,-2.02637836e-05,7.11399934e-16,-0.102553566,0,0,0,-2.24965455,-0.000354690583,0.00205345895,-5.56587322e-14,-2.22100344,0.372641185,-0.00620866924,0.06,1.36067571,0.372640895,-0.00620732531,0.059703329,1.30057134,0,0,-4.31547409e-07,0,1.11372493e-06,0,0,0,0.0705676711,4.78518556e-06,6.17212149e-06,0.000324072532,0.0705676711,-6.02121194e-05,-5.93342466e-05,-0.890012906,0.00926259264,0.000215555204
1.72,860,APPROACH,single_red_center-f6430d296e:0001:APPROACH,ORIENTATION_ALIGN,-0.5,1.04719755,0.043,0.853614281,-0.499997142,1.04720124,0.043296671,0.79782811,-2.85834877e-06,-3.69285628e-06,-0.000296670969,0.055786171,2.85834877e-06,3.69285628e-06,0.000296670969,0.055786171,0,0,0,0.954360303,1.41216563e-05,1.81927335e-05,-5.73614009e-16,1.07299305,-1.41216563e-05,-1.81927335e-05,5.73614009e-16,-0.118632749,0,0,0,-2.49874657,-0.000387848712,0.00215157625,-5.80786771e-14,-2.5426589,0.372641185,-0.00620866924,0.06,1.40081183,0.372640818,-0.00620697337,0.059703329,1.34503221,0,0,-3.83584612e-07,0,1.27387804e-06,0,0,0,0.0705676711,4.78518556e-06,6.17212149e-06,0.000324072532,0.0705676711,-7.08071985e-05,-6.95580377e-05,-0.890012906,0.00814578699,0.000191548163
1.76,880,APPROACH,single_red_center-f6430d296e:0001:APPROACH,ORIENTATION_ALIGN,-0.5,1.04719755,0.043,0.889734207,-0.499996611,1.04720194,0.043296671,0.838879331,-3.38932924e-06,-4.39314167e-06,-0.000296670969,0.0508548768,3.38932924e-06,4.39314167e-06,0.000296670969,0.0508548768,0,0,0,0.850346406,1.25539289e-05,1.63292175e-05,-4.24207586e-16,0.982422488,-1.25539289e-05,-1.63292175e-05,4.24207586e-16,-0.132076081,0,0,0,-2.69201655,-0.000403971946,0.00228924925,2.55304185e-13,-2.85049753,0.372641185,-0.00620866924,0.06,1.43693176,0.372640748,-0.0062066559,0.059703329,1.38608466,0,0,-3.31237397e-07,0,1.35294698e-06,0,0,0,0.0705676711,4.78518556e-06,6.17212149e-06,0.000324072532,0.0705676711,-7.98963362e-05,-7.87814267e-05,-0.890012906,0.00692721761,0.000165363795
1.8,900,APPROACH,single_red_center-f6430d296e:0001:APPROACH,ORIENTATION_ALIGN,-0.5,1.04719755,0.043,0.921530496,-0.499996149,1.04720255,0.043296671,0.876104124,-3.85133622e-06,-5.00102392e-06,-0.000296670969,0.045426372,3.85133622e-06,5.00102392e-06,0.000296670969,0.045426372,0,0,0,0.739821188,1.05995869e-05,1.41137118e-05,-6.99779434e-16,0.882417829,-1.05995869e-05,-1.41137118e-05,6.99779434e-16,-0.142596641,0,0,0,-2.82156889,-0.000480126042,0.00272718423,-5.56587322e-14,-3.15177673,0.372641185,-0.00620866924,0.06,1.46872805,0.372640688,-0.00620637991,0.059703329,1.42331053,0,0,-2.76968033e-07,0,1.34818473e-06,0,0,0,0.0705676711,4.78518556e-06,6.17212149e-06,0.000324072532,0.0705676711,-8.72919447e-05,-8.60010444e-05,-0.890012906,0.00562098191,0.000138213912
1.84,920,APPROACH,single_red_center-f6430d296e:0001:APPROACH,ORIENTATION_ALIGN,-0.5,1.04719755,0.043,0.948836932,-0.49999577,1.04720305,0.043296671,0.909173494,-4.22972485e-06,-5.49904326e-06,-0.000296670969,0.0396634379,4.22972485e-06,5.49904326e-06,0.000296670969,0.0396634379,0,0,0,0.625532871,8.3507388e-06,1.12113432e-05,-5.5037301e-16,0.775328364,-8.3507388e-06,-1.12113432e-05,5.5037301e-16,-0.149795492,0,0,0,-2.88015251,-0.0005412829,0.00301968181,-5.80786771e-14,-3.35659255,0.372641185,-0.00620866924,0.06,1.49603448,0.372640639,-0.00620615385,0.059703329,1.45638077,0,0,-2.238164e-07,0,1.28921065e-06,0,0,0,0.0705676711,4.78518556e-06,6.17212149e-06,0.000324072532,0.0705676711,-9.27400919e-05,-9.11121423e-05,-0.890012906,0.00434193331,0.00011163824
1.88,940,APPROACH,single_red_center-f6430d296e:0001:APPROACH,ORIENTATION_ALIGN,-0.5,1.04719755,0.043,0.971562383,-0.499995487,1.04720342,0.043296671,0.93785275,-4.51265125e-06,-5.87148725e-06,-0.000296670969,0.0337096328,4.51265125e-06,5.87148725e-06,0.000296670969,0.0337096328,0,0,0,0.51045264,5.83602918e-06,7.62962563e-06,-3.84365873e-16,0.663677105,-5.83602918e-06,-7.62962563e-06,3.84365873e-16,-0.153224465,0,0,0,-2.860015,-0.000567668448,0.00306441057,2.55304185e-13,-3.44183158,0.372641185,-0.00620866924,0.06,1.51875993,0.372640602,-0.00620598481,0.059703329,1.48506069,0,0,-1.74209038e-07,0,1.18209184e-06,0,0,0,0.0705676711,4.78518556e-06,6.17212149e-06,0.000324072532,0.0705676711,-9.60157663e-05,-9.3977477e-05,-0.890012906,0.00313879021,8.68531591e-05
1.92,960,APPROACH,single_red_center-f6430d296e:0001:APPROACH,ORIENTATION_ALIGN,-0.5,1.04719755,0.043,0.989739126,-0.499995313,1.04720365,0.043296671,0.962018048,-4.68700874e-06,-6.10098884e-06,-0.000296670969,0.0277210773,4.68700874e-06,6.10098884e-06,0.000296670969,0.0277210773,0,0,0,0.397857901,2.99986888e-06,3.68010126e-06,-6.54957507e-16,0.550304185,-2.99986888e-06,-3.68010126e-06,6.54957507e-16,-0.152446284,0,0,0,-2.75340392,-0.000519054592,0.00273918678,-5.68687046e-14,-3.39435232,0.372641185,-0.00620866924,0.06,1.53693668,0.372640579,-0.00620588064,0.059703329,1.50922639,0,0,-1.26855225e-07,0,1.2469603e-06,0,0,0,0.0705676711,4.78518556e-06,6.17212149e-06,0.000324072532,0.0705676711,-9.67531965e-05,-9.46988295e-05,-0.890012906,0.00205330733,6.31750882e-05
1.96,980,APPROACH,single_red_center-f6430d296e:0001:APPROACH,ORIENTATION_ALIGN,-0.5,1.04719755,0.043,1.00348231,-0.49999526,1.04720372,0.043296671,0.981667934,-4.73982429e-06,-6.17017514e-06,-0.000296670969,0.0218143761,4.73982429e-06,6.17017514e-06,0.000296670969,0.0218143761,0,0,0,0.291465205,-2.13694588e-07,-2.54797739e-07,-4.98910798e-16,0.438339772,2.13694588e-07,2.54797739e-07,4.98910798e-16,-0.146874567,0,0,0,-2.55123493,-0.000525769333,0.00276205758,-5.80786771e-14,-3.32996368,0.372641185,-0.00620866924,0.06,1.55067986,0.372640572,-0.00620584914,0.059703329,1.5288764,0,0,-8.41567269e-08,0,9.37564378e-07,0,0,0,0.0705676711,4.78518556e-06,6.17212149e-06,0.000324072532,0.0705676711,-9.47386665e-05,-9.26138972e-05,-0.890012906,0.000999104753,4.18816006e-05
2,1000,APPROACH,single_red_center-f6430d296e:0001:APPROACH,ORIENTATION_ALIGN,-0.5,1.04719755,0.043,1.01316246,-0.499995342,1.04720361,0.043296671,0.996935869,-4.65835174e-06,-6.06101467e-06,-0.000296670969,0.0162265916,4.65835174e-06,6.06101467e-06,0.000296670969,0.0162265916,0,0,0,0.195195044,-3.74740674e-06,-4.82481364e-06,-3.62784945e-16,0.331477563,3.74740674e-06,4.82481364e-06,3.62784945e-16,-0.136282519,0,0,0,-2.24652681,-0.000534585545,0.00272786575,2.54094212e-13,-3.15165097,0.372641185,-0.00620866924,0.06,1.56036001,0.372640583,-0.00620589814,0.059703329,1.54414414,0,0,-5.17674723e-08,0,6.8524657e-07,0,0,0,0.0705676711,4.78518556e-06,6.17212149e-06,0.000324072532,0.0705676711,-8.97559847e-05,-8.73162984e-05,-0.890012906,0.000111707408,2.57291502e-05
2.04,1020,APPROACH,single_red_center-f6430d296e:0001:APPROACH,ORIENTATION_ALIGN,-0.5,1.04719755,0.043,1.01927754,-0.49999557,1.04720331,0.043296671,1.00810224,-4.4295703e-06,-5.75769373e-06,-0.000296670969,0.0111752949,4.4295703e-06,5.75769373e-06,0.000296670969,0.0111752949,0,0,0,0.113241578,-7.57184715e-06,-1.00202267e-05,-6.54957507e-16,0.23352265,7.57184715e-06,1.00202267e-05,6.54957507e-16,-0.120281072,0,0,0,-1.8318209,-0.000498130579,0.00241814107,2.5772413e-13,-2.82205782,0.372641185,-0.00620866924,0.06,1.56647509,0.372640613,-0.0062060352,0.059703329,1.55530998,0,0,-2.58167455e-08,0,1.09382268e-07,0,0,0,0.0705676711,4.78518556e-06,6.17212149e-06,0.000324072532,0.0705676711,-8.153263e-05,-7.87756399e-05,-0.890012906,-0.000532872587,1.25268006e-05
2.08,1040,APPROACH,single_red_center-f6430d296e:0001:APPROACH,ORIENTATION_ALIGN,-0.5,1.04719755,0.043,1.02248431,-0.499995959,1.04720279,0.043296671,1.01560776,-4.04112224e-06,-5.24117658e-06,-0.000296670969,0.0068765424,4.04112224e-06,5.24117658e-06,0.000296670969,0.0068765424,0,0,0,0.0501240781,-1.17154337e-05,-1.56240359e-05,-5.05551083e-16,0.148557712,1.17154337e-05,1.56240359e-05,5.05551083e-16,-0.0984336336,0,0,0,-1.29936477,-0.000428372968,0.0018934262,-5.80786771e-14,-2.34195018,0.372641185,-0.00620866924,0.06,1.56968186,0.372640664,-0.00620626817,0.059703329,1.5628146,0,0,-1.53130598e-08,0,4.65892062e-07,0,0,0,0.0705676711,4.78518556e-06,6.17212149e-06,0.000324072532,0.0705676711,-6.9794359e-05,-6.68325731e-05,-0.890012906,-0.000894585728,7.53106368e-06
2.12,1060,APPROACH,single_red_center-f6430d296e:0001:APPROACH,ORIENTATION_ALIGN,-0.5,1.04719755,0.043,1.02361725,-0.499996521,1.04720205,0.043296671,1.02006566,-3.47930871e-06,-4.49676643e-06,-0.000296670969,0.00355158599,3.47930871e-06,4.49676643e-06,0.000296670969,0.00355158599,0,0,0,0.0108670535,-1.61939672e-05,-2.14704226e-05,-3.82705801e-16,0.0810292364,1.61939672e-05,2.14704226e-05,3.82705801e-16,-0.070162183,0,0,0,-0.640489595,-0.000345256417,0.00132815486,2.55304185e-13,-1.74518666,0.372641185,-0.00620866924,0.06,1.5708148,0.372640738,-0.00620660467,0.059703329,1.56727119,0,0,-4.79350816e-09,0,1.78381511e-07,0,0,0,0.0705676711,4.78518556e-06,6.17212149e-06,0.000324072532,0.0705676711,-5.4264496e-05,-5.12035932e-05,-0.890012906,-0.000963373312,2.35177056e-06
2.16,1080,APPROACH,single_red_center-f6430d296e:0001:APPROACH,PREGRASP_ROUTE,-0.5,1.04719755,0.043,1.02374007,-0.499997268,1.04720106,0.043296671,1.02227427,-2.73150446e-06,-3.50680803e-06,-0.000296670969,0.00146579882,2.73150446e-06,3.50680803e-06,0.000296670969,0.00146579882,1.11200735e-07,-2.44836974e-07,0,1.33636239e-07,-2.09896283e-05,-2.77905979e-05,-6.89819006e-16,0.0357631056,2.1100829e-05,2.7545761e-05,6.89819006e-16,-0.0357629719,2.92709574e-05,-6.44475293e-05,0,3.51765719e-05,-0.000257403942,0.000703416308,-5.56587322e-14,-1.00921324,0.372641185,-0.00620866924,0.06,1.57093762,0.372640837,-0.00620705241,0.059703329,1.56947806,0,0,-5.03046366e-10,0,5.93838808e-08,0,0,0,0.0705676711,4.78518556e-06,6.17212149e-06,0.000324072532,0.0705676711,-3.47259938e-05,-3.14532831e-05,-0.890012906,-0.000668055134,2.34616108e-07
2.2,1100,APPROACH,single_red_center-f6430d296e:0001:APPROACH,PREGRASP_ROUTE,-0.499999928,1.04719739,0.043,1.02374016,-0.499998188,1.04719985,0.043296671,1.02318125,-1.74067426e-06,-2.45670494e-06,-0.000296670969,0.000558903445,1.74067426e-06,2.45670494e-06,0.000296670969,0.000558903445,4.54293948e-06,-1.00024479e-05,0,5.45950846e-06,-2.37754941e-05,-3.1566635e-05,-5.43732725e-16,0.0138832528,2.83184336e-05,2.15641871e-05,5.43732725e-16,-0.0138777933,0.000191921982,-0.000422565536,0,0.000230643554,-2.12051528e-05,0.00030554044,-5.80786771e-14,-0.415552834,0.372641201,-0.00620866948,0.06,1.57093762,0.372640957,-0.00620760124,0.059703329,1.57038292,0,0,5.41346697e-10,0,7.02149467e-09,0,0,0,0.0705676711,4.78518556e-06,6.17212149e-06,0.000324072532,0.0705676711,-1.19336658e-05,-1.26136285e-05,-0.890012906,-0.000283499889,-2.73507931e-07
2.24,1120,APPROACH,single_red_center-f6430d296e:0001:APPROACH,PREGRASP_ROUTE,-0.49999955,1.04719656,0.043,1.02374061,-0.499999018,1.04719854,0.043296671,1.02352866,-5.31335054e-07,-1.97634133e-06,-0.000296670969,0.000211946807,5.31335054e-07,1.97634133e-06,0.000296670969,0.000211946807,1.54455103e-05,-3.40072591e-05,0,1.85617488e-05,-1.60756395e-05,-3.47003883e-05,-3.79385658e-16,0.00527444664,3.15211498e-05,6.9312919e-07,3.79385658e-16,-0.00525588489,0.000352821532,-0.000776827311,0,0.000424005779,0.000373835513,-0.000120976304,2.55304185e-13,-0.15879323,0.37264129,-0.00620867077,0.06,1.57093762,0.372641088,-0.00620813522,0.059703329,1.57072818,0,0,5.59136003e-10,0,-2.73964008e-09,0,0,0,0.0705676711,4.78518556e-06,6.17212149e-06,0.000324072532,0.0705676711,5.47814281e-06,-3.1614895e-06,-0.890012906,-0.000108634655,-2.79312838e-07
2.28,1140,APPROACH,single_red_center-f6430d296e:0001:APPROACH,PREGRASP_ROUTE,-0.499998607,1.04719448,0.043,1.02374174,-0.499999305,1.04719694,0.043296671,1.02366066,6.97740763e-07,-2.45417207e-06,-0.000296670969,8.10876618e-05,6.97740763e-07,2.45417207e-06,0.000296670969,8.10876618e-05,3.27489817e-05,-7.2105305e-05,0,3.93563233e-05,2.18509891e-06,-4.6675845e-05,-6.59937721e-16,0.00201015807,3.05638828e-05,-2.542946e-05,6.59937721e-16,-0.00197080175,0.000511975818,-0.00112724671,0,0.000615270891,0.00065895976,-0.000673582514,-5.68687046e-14,-0.0597816605,0.372641512,-0.00620867399,0.06,1.57093762,0.372641253,-0.00620851483,0.059703329,1.57085829,0,0,4.33449119e-10,0,-3.11798597e-09,0,0,0,0.0705676711,4.78518556e-06,6.17212149e-06,0.000324072532,0.0705676711,1.29397511e-05,-1.60022391e-06,-0.890012906,-4.06571424e-05,-2.16128349e-07
2.32,1160,APPROACH,single_red_center-f6430d296e:0001:APPROACH,PREGRASP_ROUTE,-0.499996845,1.0471906,0.043,1.02374386,-0.499998727,1.04719457,0.043296671,1.02371145,1.88243804e-06,-3.96354007e-06,-0.000296670969,3.24094522e-05,1.88243804e-06,3.96354007e-06,0.000296670969,3.24094522e-05,5.63836693e-05,-0.000124143174,0,6.77595048e-05,2.60781073e-05,-7.31397463e-05,-5.43732725e-16,0.000789169745,3.03055619e-05,-5.10034278e-05,5.43732725e-16,-0.00072141024,0.000669390997,-0.00147383758,0,0.000804446583,0.000824086495,-0.00127948258,-5.80786771e-14,-0.0221027049,0.372641927,-0.00620868,0.06,1.57093762,0.372641503,-0.00620870452,0.059703329,1.57090729,0,0,6.25990281e-10,0,1.89458122e-08,0,0,0,0.0705676711,4.78518556e-06,6.17212149e-06,0.000324072532,0.0705676711,1.38855393e-05,-4.50118777e-06,-0.890012906,-1.45869166e-05,-3.18203701e-07
2.36,1180,APPROACH,single_red_center-f6430d296e:0001:APPROACH,PREGRASP_ROUTE,-0.499994012,1.04718437,0.043,1.02374727,-0.499997131,1.0471908,0.043296671,1.0237322,3.11857942e-06,-6.43045174e-06,-0.000296670969,1.5062495e-05,3.11857942e-06,6.43045174e-06,0.000296670969,1.5062495e-05,8.62801343e-05,-0.000189968009,0,0.000103687875,5.28281801e-05,-0.000115954596,-3.89346087e-16,0.000346377649,3.34519543e-05,-7.40134128e-05,3.89346087e-16,-0.000242689774,0.000825073183,-0.00181661377,0,0.00099154059,0.000954299088,-0.00188075676,2.55304185e-13,-0.00770761029,0.372642594,-0.00620868967,0.06,1.57093762,0.372641905,-0.00620875348,0.059703329,1.57092587,0,0,8.68487028e-10,0,5.53074148e-09,0,0,0,0.0705676711,4.78518556e-06,6.43045174e-06,0.000324072532,0.0705676711,1.30571983e-05,-9.19961719e-06,-0.890012906,-4.3999732e-06,-4.3477444e-07
2.4,1200,APPROACH,single_red_center-f6430d296e:0001:APPROACH,PREGRASP_ROUTE,-0.499989859,1.04717522,0.043,1.02375226,-0.499994406,1.04718497,0.043296671,1.02374245,4.54627761e-06,-9.75045357e-06,-0.000296670969,9.80830005e-06,4.54627761e-06,9.75045357e-06,0.000296670969,9.80830005e-06,0.000122369182,-0.000269427506,0,0.000147058325,8.25226562e-05,-0.000174846004,-2.41599734e-16,0.000202496881,3.98465254e-05,-9.45815022e-05,2.41599734e-16,-5.5438556e-05,0.000979028445,-0.00215558913,0,0.00117656069,0.0011081997,-0.0024503343,2.5288424e-13,-0.00212192181,0.372643571,-0.00620870385,0.06,1.57093762,0.372642528,-0.00620873263,0.059703329,1.57093302,0,0,1.09756069e-09,0,5.14743042e-09,0,0,0,0.0705676711,4.78518556e-06,9.75045357e-06,0.000324072532,0.0705676711,1.32827383e-05,-1.42832039e-05,-0.890012906,-1.75426827e-07,-5.49561928e-07
2.44,1220,APPROACH,single_red_center-f6430d296e:0001:APPROACH,PREGRASP_ROUTE,-0.49998414,1.04716263,0.043,1.02375913,-0.499990408,1.04717648,0.043296671,1.02374976,6.26707288e-06,-1.38439069e-05,-0.000296670969,9.37059999e-06,6.26707288e-06,1.38439069e-05,0.000296670969,9.37059999e-06,0.000164581858,-0.000362369915,0,0.000197788058,0.000116518197,-0.000248772139,-5.38752511e-16,0.000176235165,4.80636607e-05,-0.000113597777,5.38752511e-16,2.15528931e-05,0.00113126281,-0.0024907775,0,0.00135951471,0.00129968904,-0.00298611533,-5.80786771e-14,0.000131915073,0.372644917,-0.00620872337,0.06,1.57093762,0.372643437,-0.00620869424,0.059703329,1.57093583,0,0,1.31373176e-09,0,5.31323546e-09,0,0,0,0.0705676711,6.26707288e-06,1.38439069e-05,0.000324072532,0.0705676711,1.53156839e-05,-1.93492448e-05,-0.890012906,1.84136621e-06,-6.57560017e-07
2.48,1240,APPROACH,single_red_center-f6430d296e:0001:APPROACH,PREGRASP_ROUTE,-0.499976612,1.04714606,0.043,1.02376818,-0.499984936,1.04716472,0.043296671,1.02375718,8.32407239e-06,-1.86671939e-05,-0.000296670969,1.09957583e-05,8.32407239e-06,1.86671939e-05,0.000296670969,1.09957583e-05,0.00021284945,-0.000468644041,0,0.000255794592,0.000156090166,-0.000336754165,-3.8104573e-16,0.000199008497,5.67592841e-05,-0.000131889876,3.8104573e-16,5.67860957e-05,0.00128178226,-0.00282219273,0,0.00154041049,0.00151703162,-0.00349745606,2.55304185e-13,0.00112482973,0.372646688,-0.00620874908,0.06,1.57093762,0.372644694,-0.00620866266,0.059703329,1.57093697,0,0,1.52988474e-09,0,5.27548836e-09,0,0,0,0.0705676711,8.32407239e-06,1.86671939e-05,0.000324072532,0.0705676711,1.87706842e-05,-2.45080292e-05,-0.890012906,3.06863652e-06,-7.65448506e-07
2.52,1260,APPROACH,single_red_center-f6430d296e:0001:APPROACH,PREGRASP_ROUTE,-0.499967032,1.04712496,0.043,1.02377969,-0.499977751,1.04714917,0.043296671,1.02376605,1.07187951e-05,-2.42026394e-05,-0.000296670969,1.36397265e-05,1.07187951e-05,2.42026394e-05,0.000296670969,1.36397265e-05,0.000267103483,-0.00058809924,0,0.000320995759,0.000201913031,-0.000438176148,-6.68238078e-16,0.000244844575,6.51904526e-05,-0.000149923092,6.68238078e-16,7.61511843e-05,0.00143059276,-0.00314984866,0,0.00171925593,0.00174163004,-0.00399008076,-5.68687046e-14,0.00163872684,0.372648942,-0.00620878179,0.06,1.57093762,0.372646357,-0.0062086423,0.059703329,1.57093747,0,0,1.745095e-09,0,5.28276064e-09,0,0,0,0.0705676711,1.07187951e-05,2.42026394e-05,0.000324072532,0.0705676711,2.29957929e-05,-2.99778355e-05,-0.890012906,4.0405418e-06,-8.73008849e-07
2.56,1280,APPROACH,single_red_center-f6430d296e:0001:APPROACH,PREGRASP_ROUTE,-0.499955164,1.04709883,0.043,1.02379395,-0.499968599,1.04712928,0.043296671,1.02377705,1.34354897e-05,-3.04447559e-05,-0.000296670969,1.69048103e-05,1.34354897e-05,3.04447559e-05,0.000296670969,1.69048103e-05,0.000327275721,-0.000720585424,0,0.000393309707,0.000254104702,-0.000552711537,-5.15511511e-16,0.000303864357,7.31710188e-05,-0.000167873887,5.15511511e-16,8.94453501e-05,0.00157770022,-0.00347375912,0,0.00189605896,0.00196389372,-0.00447505579,-5.80786771e-14,0.001970105,0.372651735,-0.00620882233,0.06,1.57093762,0.372648484,-0.00620862905,0.059703329,1.57093773,0,0,1.95731286e-09,0,5.30476366e-09,0,0,0,0.0705676711,1.34354897e-05,3.04447559e-05,0.000324072532,0.0705676711,2.75434116e-05,-3.59420695e-05,-0.890012906,4.95895706e-06,-9.79078591e-07
2.6,1300,APPROACH,single_red_center-f6430d296e:0001:APPROACH,PREGRASP_ROUTE,-0.499940771,1.04706714,0.043,1.02381125,-0.499957229,1.04710453,0.043296671,1.02379061,1.64576524e-05,-3.73905673e-05,-0.000296670969,2.06378659e-05,1.64576524e-05,3.73905673e-05,0.000296670969,2.06378659e-05,0.000393298163,-0.000865953058,0,0.000472654901,0.000312504758,-0.000680221504,-7.7946286e-16,0.000372281083,8.07934049e-05,-0.000185731554,7.7946286e-16,0.000100373818,0.00172311052,-0.00379393796,0,0.00207082752,0.00217978881,-0.00495575655,-5.56587322e-14,0.00223094754,0.372655122,-0.00620887152,0.06,1.57093762,0.372651129,-0.00620861807,0.059703329,1.57093792,0,0,2.16627936e-09,0,5.34218086e-09,0,0,0,0.0705676711,1.64576524e-05,3.73905673e-05,0.000324072532,0.0705676711,3.22295405e-05,-4.24675108e-05,-0.890012906,5.89958458e-06,-1.08352792e-06
2.64,1320,APPROACH,single_red_center-f6430d296e:0001:APPROACH,PREGRASP_ROUTE,-0.499923622,1.04702939,0.043,1.02383186,-0.499943397,1.04707442,0.043296671,1.02380708,1.97743238e-05,-4.5035268e-05,-0.000296670969,2.47782674e-05,1.97743238e-05,4.5035268e-05,0.000296670969,2.47782674e-05,0.000465103043,-0.00102405316,0,0.000558950127,0.000376891081,-0.000820618831,-6.30056436e-16,0.000448610977,8.82119614e-05,-0.000203434328,6.30056436e-16,0.000110339149,0.00186682953,-0.00411039901,0,0.00224356959,0.00238958627,-0.00543261919,-5.68687046e-14,0.0024635734,0.372659157,-0.00620893014,0.06,1.57093762,0.372654348,-0.00620860691,0.059703329,1.5709381,0,0,2.37217768e-09,0,5.40583193e-09,0,0,0,0.0705676711,1.97743238e-05,4.5035268e-05,0.000324072532,0.0705676711,3.70486345e-05,-4.95496478e-05,-0.890012906,6.89059153e-06,-1.18645128e-06
2.68,1340,APPROACH,single_red_center-f6430d296e:0001:APPROACH,PREGRASP_ROUTE,-0.499903487,1.04698505,0.043,1.02385606,-0.499926866,1.04703842,0.043296671,1.02382676,2.33798356e-05,-5.33715354e-05,-0.000296670969,2.93003161e-05,2.33798356e-05,5.33715354e-05,0.000296670969,2.93003161e-05,0.000542622828,-0.0011947373,0,0.000652114487,0.00044708745,-0.000973801165,-4.75669798e-16,0.000532242158,9.55353784e-05,-0.000220936135,4.75669798e-16,0.000119872329,0.00200886309,-0.00442315612,0,0.00241429317,0.00259482363,-0.00590447134,-5.80786771e-14,0.00268369028,0.372663894,-0.006208999,0.06,1.57093762,0.372658196,-0.00620859549,0.059703329,1.57093831,0,0,2.57482192e-09,0,5.42002836e-09,0,0,0,0.0705676711,2.33798356e-05,5.33715354e-05,0.000324072532,0.0705676711,4.20594941e-05,-5.71557988e-05,-0.890012906,7.94191227e-06,-1.2877131e-06
2.72,1360,APPROACH,single_red_center-f6430d296e:0001:APPROACH,PREGRASP_ROUTE,-0.499880137,1.04693364,0.043,1.02388412,-0.499907408,1.04699603,0.043296671,1.02384993,2.72715346e-05,-6.23909519e-05,-0.000296670969,3.41916985e-05,2.72715346e-05,6.23909519e-05,0.000296670969,3.41916985e-05,0.00062579022,-0.0013778576,0,0.000752067406,0.000522982913,-0.00113963921,-7.56221861e-16,0.000622890554,0.000102807307,-0.000238218391,7.56221861e-16,0.000129176852,0.00214921701,-0.0047322231,0,0.00258300628,0.00279726304,-0.00637122377,-5.56587322e-14,0.002897668,0.372669388,-0.0062090789,0.06,1.57093762,0.372662728,-0.00620858506,0.059703329,1.57093855,0,0,2.77512558e-09,0,5.46417202e-09,0,0,0,0.0705676711,2.72715346e-05,6.23909519e-05,0.000324072532,0.0705676711,4.73187791e-05,-6.52588304e-05,-0.890012906,9.05724075e-06,-1.38781492e-06
2.76,1380,APPROACH,single_red_center-f6430d296e:0001:APPROACH,PREGRASP_ROUTE,-0.499853349,1.04687466,0.043,1.02391631,-0.499884796,1.04694674,0.043296671,1.02387687,3.14475134e-05,-7.20848162e-05,-0.000296670969,3.94451698e-05,3.14475134e-05,7.20848162e-05,0.000296670969,3.94451698e-05,0.000714538153,-0.00157326675,0,0.000858728629,0.000604510629,-0.00131798634,-6.16775865e-16,0.000720400424,0.000110027524,-0.000255280417,6.16775865e-16,0.000138328205,0.00228789711,-0.00503761381,0,0.00274971695,0.00299766208,-0.00683249444,-5.68687046e-14,0.00310783398,0.37267569,-0.00620917063,0.06,1.57093762,0.372667996,-0.00620857718,0.059703329,1.57093881,0,0,2.97318413e-09,0,5.52045094e-09,0,0,0,0.0705676711,3.14475134e-05,7.20848162e-05,0.000324072532,0.0705676711,5.28539505e-05,-7.38405546e-05,-0.890012906,1.02374224e-05,-1.48679626e-06
2.8,1400,APPROACH,single_red_center-f6430d296e:0001:APPROACH,PREGRASP_ROUTE,-0.4998229,1.04680762,0.043,1.02395291,-0.499858806,1.04689006,0.043296671,1.02390785,3.59054052e-05,-8.2444497e-05,-0.000296670969,4.50553062e-05,3.59054052e-05,8.2444497e-05,0.000296670969,4.50553062e-05,0.000808799793,-0.00178081797,0,0.000972018223,0.000691620099,-0.00150868935,-4.90610441e-16,0.000824665388,0.000117179694,-0.000272128625,4.90610441e-16,0.000147352835,0.00242490917,-0.00533934207,0,0.00291443321,0.00319565379,-0.00728694191,-5.80786771e-14,0.00331465593,0.372682853,-0.00620927496,0.06,1.57093762,0.372674054,-0.00620857321,0.059703329,1.57093911,0,0,3.16918869e-09,0,5.48367505e-09,0,0,0,0.0705676711,3.59054052e-05,8.2444497e-05,0.000324072532,0.0705676711,5.86657202e-05,-8.28879481e-05,-0.890012906,1.14819005e-05,-1.58474849e-06
2.84,1420,APPROACH,single_red_center-f6430d296e:0001:APPROACH,PREGRASP_ROUTE,-0.499788572,1.04673203,0.043,1.02399416,-0.499829215,1.04682549,0.043296671,1.02394314,4.06421822e-05,-9.34616305e-05,-0.000296670969,5.10173309e-05,4.06421822e-05,9.34616305e-05,0.000296670969,5.10173309e-05,0.000908508536,-0.00200036506,0,0.00109185658,0.000784257091,-0.00171158993,-3.72745373e-16,0.000935593063,0.000124251444,-0.000288775127,3.72745373e-16,0.000156263512,0.002560259,-0.00563742172,0,0.00307716311,0.00339115603,-0.00773482965,-5.92886495e-14,0.00351842784,0.372690929,-0.00620939267,0.06,1.57093762,0.372680954,-0.00620857424,0.059703329,1.57093942,0,0,3.3627015e-09,0,5.42708841e-09,0,0,0,0.0705676711,4.06421822e-05,9.34616305e-05,0.000324072532,0.0705676711,6.47453949e-05,-9.23977846e-05,-0.890012906,1.27900389e-05,-1.68145779e-06
2.88,1440,APPROACH,single_red_center-f6430d296e:0001:APPROACH,PREGRASP_ROUTE,-0.499750148,1.04664743,0.043,1.02404034,-0.499795803,1.04675256,0.043296671,1.02398301,4.56545392e-05,-0.00010512842,-0.000296670969,5.73269235e-05,4.56545392e-05,0.00010512842,0.000296670969,5.73269235e-05,0.00101359801,-0.00223176233,0,0.0012181644,0.000882361675,-0.00192653746,-6.56617578e-16,0.00105309805,0.000131236337,-0.000305224872,6.56617578e-16,0.000165066347,0.00269395238,-0.00593186659,0,0.00323791469,0.003584374,-0.00817720798,-5.68687046e-14,0.00371966401,0.372699967,-0.00620952455,0.06,1.57093762,0.372688749,-0.00620858114,0.059703329,1.57093977,0,0,3.55410558e-09,0,5.35925429e-09,0,0,0,0.0705676711,4.56545392e-05,0.00010512842,0.000324072532,0.0705676711,7.10845923e-05,-0.000102370259,-0.890012906,1.41614785e-05,-1.77711483e-06
2.92,1460,APPROACH,single_red_center-f6430d296e:0001:APPROACH,PREGRASP_ROUTE,-0.499707414,1.04655334,0.043,1.0240917,-0.499758353,1.04667077,0.043296671,1.02402772,5.09389953e-05,-0.000117437095,-0.000296670969,6.39798517e-05,5.09389953e-05,0.000117437095,0.000296670969,6.39798517e-05,0.00112400208,-0.0024748647,0,0.00135086272,0.000985870396,-0.00215338897,-5.07211154e-16,0.00117710145,0.000138131685,-0.000321475735,5.07211154e-16,0.000173761264,0.00282599513,-0.00622269052,0,0.00339669598,0.0037748278,-0.00861320322,-5.80786771e-14,0.00391823077,0.372710018,-0.00620967137,0.06,1.57093762,0.372697488,-0.00620859471,0.059703329,1.57094014,0,0,3.74348711e-09,0,5.28871228e-09,0,0,0,0.0705676711,5.09389953e-05,0.000117437095,0.000324072532,0.0705676711,7.7673888e-05,-0.000112797997,-0.890012906,1.55953075e-05,-1.87179284e-06
2.96,1480,APPROACH,single_red_center-f6430d296e:0001:APPROACH,PREGRASP_ROUTE,-0.499660159,1.04644929,0.043,1.02414849,-0.499716651,1.04657967,0.043296671,1.02407752,5.64919571e-05,-0.000130379612,-0.000296670969,7.09717825e-05,5.64919571e-05,0.000130379612,0.000296670969,7.09717825e-05,0.00123965484,-0.00272952761,0,0.00148987289,0.00109472172,-0.00239201315,-7.81122932e-16,0.0013075306,0.000144933125,-0.000337514452,7.81122932e-16,0.000182342281,0.00295639307,-0.00650990734,0,0.00355351499,0.00396010909,-0.00903689435,-5.56587322e-14,0.00411286912,0.372721132,-0.0062098339,0.06,1.57093762,0.372707223,-0.00620861574,0.059703329,1.57094054,0,0,3.93130034e-09,0,5.23771077e-09,0,0,0,0.0705676711,5.64919571e-05,0.000130379612,0.000324072532,0.0705676711,8.44971649e-05,-0.000123654933,-0.890012906,1.70896342e-05,-1.96588782e-06
3,1500,APPROACH,single_red_center-f6430d296e:0001:APPROACH,PREGRASP_ROUTE,-0.499608174,1.04633482,0.043,1.02421097,-0.499670484,1.04647877,0.043296671,1.02413267,6.23100214e-05,-0.000143948221,-0.000296670969,7.82985089e-05,6.23100214e-05,0.000143948221,0.000296670969,7.82985089e-05,0.00136049061,-0.00299560704,0,0.00163511658,0.00120883995,-0.00264224709,-6.31716508e-16,0.00144429713,0.000151650658,-0.000353359954,6.31716508e-16,0.000190819452,0.00308515202,-0.00679353089,0,0.00370837973,0.00414271386,-0.00945455885,-5.68687046e-14,0.00430483731,0.372733357,-0.00621001291,0.06,1.57093762,0.372718002,-0.00620864506,0.059703329,1.57094096,0,0,4.11683322e-09,0,5.21348507e-09,0,0,0,0.0705676711,6.23100214e-05,0.000143948221,0.000324072532,0.0705676711,9.15624291e-05,-0.00013495716,-0.890012906,1.86447302e-05,-2.05886564e-06
3.04,1520,APPROACH,single_red_center-f6430d296e:0001:APPROACH,PREGRASP_ROUTE,-0.499551253,1.04620949,0.043,1.02427938,-0.499619643,1.04636763,0.043296671,1.02419343,6.83899121e-05,-0.00015813528,-0.000296670969,8.59559571e-05,6.83899121e-05,0.00015813528,0.000296670969,8.59559571e-05,0.00148644396,-0.00327295956,0,0.00178651579,0.00132815903,-0.00290394973,-4.7732987e-16,0.00158732321,0.000158284929,-0.000369009835,4.7732987e-16,0.000199192583,0.00321227787,-0.00707357501,0,0.00386129816,0.00432269631,-0.00986624211,-5.80786771e-14,0.00449425342,0.372746742,-0.00621020917,0.06,1.57093762,0.372729875,-0.00620868352,0.059703329,1.57094141,0,0,4.30029705e-09,0,5.18510695e-09,0,0,0,0.0705676711,6.83899121e-05,0.00015813528,0.000324072532,0.0705676711,9.88676886e-05,-0.000146698682,-0.890012906,2.02599376e-05,-2.15082793e-06
3.08,1540,APPROACH,single_red_center-f6430d296e:0001:APPROACH,PREGRASP_ROUTE,-0.499489192,1.04607284,0.043,1.02435397,-0.499563921,1.04624578,0.043296671,1.02426003,7.47283466e-05,-0.000172933038,-0.000296670969,9.3940006e-05,7.47283466e-05,0.000172933038,0.000296670969,9.3940006e-05,0.00161744968,-0.00356144227,0,0.00194399283,0.00145261344,-0.00317697835,-7.64522218e-16,0.00173653174,0.000164836246,-0.000384463923,7.64522218e-16,0.000207461088,0.00333777651,-0.00735005353,0,0.00401227821,0.00450002597,-0.0102718129,-5.56587322e-14,0.00468103266,0.372761334,-0.00621042346,0.06,1.57093762,0.372742891,-0.00620873198,0.059703329,1.57094189,0,0,4.48149735e-09,0,5.13224429e-09,0,0,0,0.0705676711,7.47283466e-05,0.000172933038,0.000324072532,0.0705676711,0.000106410145,-0.000158872989,-0.890012906,2.19344026e-05,-2.24166333e-06
3.12,1560,APPROACH,single_red_center-f6430d296e:0001:APPROACH,PREGRASP_ROUTE,-0.499421792,1.04592443,0.043,1.02443498,-0.499503114,1.04611277,0.043296671,1.02433273,8.13219154e-05,-0.000188333462,-0.000296670969,0.000102246368,8.13219154e-05,0.000188333462,0.000296670969,0.000102246368,0.00175344281,-0.00386091283,0,0.00210747031,0.00158213652,-0.00346118523,-6.21756079e-16,0.00189184434,0.000171306285,-0.000399727607,6.21756079e-16,0.000215625972,0.0034616539,-0.0076229803,0,0.00416132779,0.00467454432,-0.0106708991,-5.68687046e-14,0.00486485359,0.372777179,-0.00621065655,0.06,1.57093762,0.372757097,-0.0062087913,0.059703329,1.57094239,0,0,4.65965261e-09,0,5.02289922e-09,0,0,0,0.0705676711,8.13219154e-05,0.000188333462,0.000324072532,0.0705676711,0.000114185366,-0.000171472912,-0.890012906,2.36670216e-05,-2.33094113e-06
3.16,1580,APPROACH,single_red_center-f6430d296e:0001:APPROACH,PREGRASP_ROUTE,-0.499348853,1.04576383,0.043,1.02452264,-0.499437021,1.04596816,0.043296671,1.02441177,8.81673932e-05,-0.000204328975,-0.000296670969,0.000110870996,8.81673932e-05,0.000204328975,0.000296670969,0.000110870996,0.00189435861,-0.00417122946,0,0.00227687119,0.00171666328,-0.00375642838,-4.87290298e-16,0.00205318144,0.000177695334,-0.000414801075,4.87290298e-16,0.000223689756,0.00358391604,-0.00789236916,0,0.00430845472,0.00484651573,-0.0110641413,-5.80786771e-14,0.00504613004,0.372794324,-0.00621090921,0.06,1.57093762,0.37277254,-0.00620886234,0.059703329,1.57094291,0,0,4.83586373e-09,0,4.91768983e-09,0,0,0,0.0705676711,8.81673932e-05,0.000204328975,0.000324072532,0.0705676711,0.000122191621,-0.00018449484,-0.890012906,2.54574071e-05,-2.41926916e-06
3.2,1600,APPROACH,single_red_center-f6430d296e:0001:APPROACH,PREGRASP_ROUTE,-0.499270181,1.0455906,0.043,1.0246172,-0.499365442,1.04581151,0.043296671,1.02449739,9.52615697e-05,-0.000220912026,-0.000296670969,0.000119809882,9.52615697e-05,0.000220912026,0.000296670969,0.000119809882,0.0020401326,-0.00449225091,0,0.00245211872,0.00185612991,-0.00406256825,-7.69502432e-16,0.00222046726,0.000184002692,-0.000429682655,7.69502432e-16,0.000231651452,0.003704569,-0.00815823395,0,0.00445366681,0.00501593732,-0.0114515106,-5.56587322e-14,0.00522487996,0.372812814,-0.00621118221,0.06,1.57093762,0.372789266,-0.00620894596,0.059703329,1.57094346,0,0,5.01001902e-09,0,4.80835877e-09,0,0,0,0.0705676711,9.52615697e-05,0.000220912026,0.000324072532,0.0705676711,0.000130425937,-0.000197932901,-0.890012906,2.73048206e-05,-2.50658425e-06
3.24,1620,APPROACH,single_red_center-f6430d296e:0001:APPROACH,PREGRASP_ROUTE,-0.499185582,1.04540432,0.043,1.02471889,-0.499288183,1.04564239,0.043296671,1.02458983,0.000102601093,-0.000238074744,-0.000296670969,0.000129058854,0.000102601093,0.000238074744,0.000296670969,0.000129058854,0.00219070055,-0.00482383651,0,0.00263313645,0.00200047291,-0.00437946447,-6.3503665e-16,0.00239362833,0.00019022764,-0.000444372038,6.3503665e-16,0.000239508121,0.0038236189,-0.00842058854,0,0.00459697175,0.00518208665,-0.0118312248,-5.68687046e-14,0.0054004119,0.372832695,-0.00621147634,0.06,1.57093762,0.372807321,-0.00620904302,0.059703329,1.57094404,0,0,5.18190526e-09,0,4.5059652e-09,0,0,0,0.0705676711,0.000102601093,0.000238074744,0.000324072532,0.0705676711,0.000138881269,-0.000211775175,-0.890012906,2.92078591e-05,-2.59273743e-06
3.28,1640,APPROACH,single_red_center-f6430d296e:0001:APPROACH,PREGRASP_ROUTE,-0.499094865,1.04520456,0.043,1.02482793,-0.499205047,1.04546037,0.043296671,1.02468931,0.000110182655,-0.000255809404,-0.000296670969,0.000138613763,0.000110182655,0.000255809404,0.000296670969,0.000138613763,0.00234599845,-0.00516584613,0,0.00281984827,0.00214962559,-0.00470697033,-4.74009727e-16,0.00257258386,0.000196372854,-0.000458875801,4.74009727e-16,0.000247264408,0.00394107197,-0.00867944676,0,0.00473837719,0.00534541494,-0.0122044483,-5.80786771e-14,0.00557306242,0.37285401,-0.00621179237,0.06,1.57093762,0.37282675,-0.00620915439,0.059703329,1.57094463,0,0,5.35144821e-09,0,4.19189168e-09,0,0,0,0.0705676711,0.000110182655,0.000255809404,0.000324072532,0.0705676711,0.000147556042,-0.000226020035,-0.890012906,3.11660335e-05,-2.67773088e-06
3.32,1660,APPROACH,single_red_center-f6430d296e:0001:APPROACH,PREGRASP_ROUTE,-0.498997843,1.04499092,0.043,1.02494455,-0.499115846,1.04526503,0.043296671,1.02479608,0.000118003108,-0.000274108642,-0.000296670969,0.000148470688,0.000118003108,0.000274108642,0.000296670969,0.000148470688,0.00250596255,-0.0055181402,0,0.00301217833,0.00230352429,-0.00504494773,-7.41281219e-16,0.00275725711,0.00020243826,-0.000473192472,7.41281219e-16,0.000254921226,0.0040569345,-0.00893482248,0,0.00487789068,0.0055062022,-0.0125718459,-5.56587322e-14,0.00574319263,0.372876802,-0.0062121311,0.06,1.57093762,0.372847598,-0.00620928091,0.059703329,1.57094526,0,0,5.51907472e-09,0,3.85391639e-09,0,0,0,0.0705676711,0.000118003108,0.000274108642,0.000324072532,0.0705676711,0.000156448842,-0.000240664054,-0.890012906,3.31789309e-05,-2.76177668e-06
3.36,1680,APPROACH,single_red_center-f6430d296e:0001:APPROACH,PREGRASP_ROUTE,-0.49889433,1.04476298,0.043,1.02506897,-0.49902039,1.04505595,0.043296671,1.02491034,0.000126059245,-0.000292964919,-0.000296670969,0.000158625642,0.000126059245,0.000292964919,0.000296670969,0.000158625642,0.00267052938,-0.00588057971,0,0.00321005113,0.00246210825,-0.00539326418,-5.90214723e-16,0.00294757651,0.000208421129,-0.000487315533,5.90214723e-16,0.000262474624,0.00417121291,-0.00918672957,0,0.00501551968,0.00566356976,-0.0129311899,-5.68687046e-14,0.00591029543,0.372901114,-0.0062124933,0.06,1.57093762,0.372869908,-0.00620942345,0.059703329,1.5709459,0,0,5.68524024e-09,0,3.45031831e-09,0,0,0,0.0705676711,0.000126059245,0.000292964919,0.000324072532,0.0705676711,0.000165552657,-0.00025569373,-0.890012906,3.52453642e-05,-2.84515901e-06
3.4,1700,APPROACH,single_red_center-f6430d296e:0001:APPROACH,PREGRASP_ROUTE,-0.498784144,1.04452035,0.043,1.02520142,-0.498918492,1.04483272,0.043296671,1.02503234,0.000134347695,-0.00031237033,-0.000296670969,0.000169074424,0.000134347695,0.00031237033,0.000296670969,0.000169074424,0.00283963569,-0.00625302619,0,0.00341339143,0.0026253161,-0.00575178425,-4.35828085e-16,0.00314347024,0.00021431959,-0.000501241941,4.35828085e-16,0.000269921195,0.00428391369,-0.00943518188,0,0.00515127156,0.00581606738,-0.0132788815,2.55304185e-13,0.00607336608,0.372926989,-0.00621287978,0.06,1.57093762,0.372893723,-0.0062095829,0.059703329,1.57094657,0,0,5.84966112e-09,0,2.96420894e-09,0,0,0,0.0705676711,0.000134347695,0.00031237033,0.000324072532,0.0705676711,0.000174856953,-0.000271090847,-0.890012906,3.73636643e-05,-2.92780059e-06
3.44,1720,APPROACH,single_red_center-f6430d296e:0001:APPROACH,PREGRASP_ROUTE,-0.498667104,1.04426262,0.043,1.02534211,-0.49880997,1.04459494,0.043296671,1.0251623,0.000142865324,-0.000332317564,-0.000296670969,0.000179813093,0.000142865324,0.000332317564,0.000296670969,0.000179813093,0.00301321851,-0.00663534174,0,0.00362212429,0.00279307831,-0.00612035539,-7.19700291e-16,0.00334485373,0.0002201402,-0.000514986347,7.19700291e-16,0.000277270568,0.00439504348,-0.00968019329,0,0.00528515354,0.00596591884,-0.0136205047,-5.56587322e-14,0.00623379661,0.372954468,-0.00621329134,0.06,1.57093762,0.372919086,-0.0062097601,0.059703329,1.57094726,0,0,6.01221733e-09,0,2.47963764e-09,0,0,0,0.0705676711,0.000142865324,0.000332317564,0.000324072532,0.0705676711,0.00018436885,-0.00028686929,-0.890012906,3.95342905e-05,-3.00953635e-06
3.48,1740,APPROACH,single_red_center-f6430d296e:0001:APPROACH,PREGRASP_ROUTE,-0.498543033,1.0439894,0.043,1.02549125,-0.498694642,1.0443422,0.043296671,1.02530042,0.000151609033,-0.000352799343,-0.000296670969,0.00019083779,0.000151609033,0.000352799343,0.000296670969,0.00019083779,0.00319121515,-0.00702738899,0,0.00383617507,0.00296533305,-0.00649884317,-5.83574438e-16,0.00355165357,0.000225882102,-0.000528545817,5.83574438e-16,0.000284521496,0.00450460905,-0.00992177767,0,0.00541717274,0.00611313866,-0.0139560549,-5.68687046e-14,0.00639166475,0.372983592,-0.00621372876,0.06,1.57093762,0.372946037,-0.00620995595,0.059703329,1.57094797,0,0,6.17292823e-09,0,1.97317769e-09,0,0,0,0.0705676711,0.000151609033,0.000352799343,0.000324072532,0.0705676711,0.000194085785,-0.000303023379,-0.890012906,4.17565884e-05,-3.09036809e-06
3.52,1760,APPROACH,single_red_center-f6430d296e:0001:APPROACH,PREGRASP_ROUTE,-0.49841175,1.0437003,0.043,1.02564907,-0.49857233,1.04407412,0.043296671,1.02544692,0.000160580338,-0.000373818516,-0.000296670969,0.000202150211,0.000160580338,0.000373818516,0.000296670969,0.000202150211,0.00337356592,-0.00742903723,0,0.00405547271,0.00314204229,-0.00688716999,-4.25867657e-16,0.00376381548,0.000231523636,-0.000541867242,4.25867657e-16,0.000291657228,0.00461261631,-0.0101599467,0,0.00554733495,0.00627542644,-0.0143292514,2.55304185e-13,0.00655865394,0.373014401,-0.0062141929,0.06,1.57093762,0.372974619,-0.00621017132,0.059703329,1.57094871,0,0,6.33256107e-09,0,2.09904747e-09,0,0,0,0.0705676711,0.000160580338,0.000373818516,0.000324072532,0.0705676711,0.000204098967,-0.000319703383,-0.890012906,4.40410396e-05,-3.16995177e-06
3.56,1780,APPROACH,single_red_center-f6430d296e:0001:APPROACH,PREGRASP_ROUTE,-0.498273086,1.04339494,0.043,1.02581577,-0.498442858,1.0437903,0.043296671,1.02560202,0.000169772372,-0.00039535952,-0.000296670969,0.000213741911,0.000169772372,0.00039535952,0.000296670969,0.000213741911,0.00356020638,-0.00784014512,0,0.00427994034,0.00332312272,-0.00728514688,-2.79781376e-16,0.00398124817,0.000237083656,-0.00055499824,2.79781376e-16,0.000298692166,0.00471907312,-0.0103947162,0,0.00567564797,0.00643926933,-0.014706772,2.54094212e-13,0.00672557661,0.373046934,-0.00621468454,0.06,1.57093762,0.373004871,-0.0062104071,0.059703329,1.57094947,0,0,6.48964147e-09,0,2.37616945e-09,0,0,0,0.0705676711,0.000169772372,0.00039535952,0.000324072532,0.0705676711,0.000214332385,-0.000336784912,-0.890012906,4.63780406e-05,-3.24806995e-06
3.6,1800,APPROACH,single_red_center-f6430d296e:0001:APPROACH,PREGRASP_ROUTE,-0.498126872,1.04307295,0.043,1.02599154,-0.498306053,1.04349037,0.043296671,1.02576593,0.000179181207,-0.000417413275,-0.000296670969,0.000225608022,0.000179181207,0.000417413275,0.000296670969,0.000225608022,0.0037510741,-0.00826057579,0,0.00450950348,0.00350850823,-0.00769262941,-5.71953938e-16,0.004203873,0.000242565871,-0.000567946382,5.71953938e-16,0.000305630486,0.00482398691,-0.0106261003,0,0.00580211872,0.00660152531,-0.0150808185,-5.80786771e-14,0.00689061557,0.373081229,-0.00621520449,0.06,1.57093762,0.373036832,-0.00621066419,0.059703329,1.57095025,0,0,6.64509617e-09,0,2.66666756e-09,0,0,0,0.0705676711,0.000179181207,0.000417413275,0.000324072532,0.0705676711,0.00022476661,-0.000354234492,-0.890012906,4.87651101e-05,-3.32535457e-06
3.64,1820,APPROACH,single_red_center-f6430d296e:0001:APPROACH,PREGRASP_ROUTE,-0.497972939,1.04273396,0.043,1.0261766,-0.498161743,1.04317394,0.043296671,1.02593885,0.000188803785,-0.000439972575,-0.000296670969,0.00023774472,0.000188803785,0.000439972575,0.000296670969,0.00023774472,0.00394610754,-0.00869019411,0,0.00474408859,0.003698138,-0.00810948469,-4.22547514e-16,0.00443161795,0.00024796954,-0.000580709418,4.22547514e-16,0.000312470639,0.00492736507,-0.0108541129,0,0.00592675368,0.00676217197,-0.0154513013,2.55304185e-13,0.00705375211,0.373117325,-0.0062157536,0.06,1.57093762,0.373070543,-0.00621094346,0.059703329,1.57095105,0,0,6.79881763e-09,0,2.97419506e-09,0,0,0,0.0705676711,0.000188803785,0.000439972575,0.000324072532,0.0705676711,0.000235398855,-0.000372046226,-0.890012906,5.12015113e-05,-3.40175078e-06
3.68,1840,APPROACH,single_red_center-f6430d296e:0001:APPROACH,PREGRASP_ROUTE,-0.497811124,1.04237761,0.043,1.02637114,-0.49800976,1.04284064,0.043296671,1.02612099,0.000198636817,-0.000463029679,-0.000296670969,0.000250147893,0.000198636817,0.000463029679,0.000296670969,0.000250147893,0.00414524541,-0.00912886551,0,0.00498362236,0.00389195034,-0.0085355753,-7.03099577e-16,0.0046644127,0.000253295062,-0.000593290208,7.03099577e-16,0.000319209665,0.00502921518,-0.0110787681,0,0.00604955919,0.00692038794,-0.0158162134,-5.56587322e-14,0.00721404063,0.373155259,-0.00621633268,0.06,1.57093762,0.37310604,-0.00621124584,0.059703329,1.57095187,0,0,6.94983297e-09,0,3.05092874e-09,0,0,0,0.0705676711,0.000198636817,0.000463029679,0.000324072532,0.0705676711,0.00024622141,-0.000390207646,-0.890012906,5.36856183e-05,-3.47667752e-06
3.72,1860,APPROACH,single_red_center-f6430d296e:0001:APPROACH,PREGRASP_ROUTE,-0.497641261,1.04200352,0.043,1.02657536,-0.497849939,1.0424901,0.043296671,1.02631255,0.000208677205,-0.000486577341,-0.000296670969,0.000262813624,0.000208677205,0.000486577341,0.000296670969,0.000262813624,0.00434842674,-0.00957645597,0,0.00522803175,0.0040898815,-0.00897076148,-5.52033082e-16,0.00490217763,0.000258545243,-0.000605694492,5.52033082e-16,0.000325854117,0.00512954504,-0.0113000797,0,0.00617054139,0.00707690723,-0.0161774013,-5.80786771e-14,0.00737223088,0.373195067,-0.00621694257,0.06,1.57093762,0.373143361,-0.00621157221,0.059703329,1.57095271,0,0,7.09903831e-09,0,3.17016433e-09,0,0,0,0.0705676711,0.000208677205,0.000486577341,0.000324072532,0.0705676711,0.000257234519,-0.000408719656,-0.890012906,5.62173607e-05,-3.55068533e-06
3.76,1880,APPROACH,single_red_center-f6430d296e:0001:APPROACH,PREGRASP_ROUTE,-0.497463192,1.04161136,0.043,1.02678945,-0.497682114,1.04212197,0.043296671,1.02651371,0.000218921975,-0.000510608551,-0.000296670969,0.000275738188,0.000218921975,0.000510608551,0.000296670969,0.000275738188,0.0045555909,-0.010032832,0,0.00547724393,0.00429187173,-0.00941491341,-4.09266943e-16,0.00514484095,0.000263719178,-0.000617918622,4.09266943e-16,0.000332402975,0.00522836264,-0.0115180617,0,0.0062897062,0.00723181363,-0.016535021,2.55304185e-13,0.00752851398,0.373236785,-0.00621758412,0.06,1.57093762,0.373182544,-0.0062119235,0.059703329,1.57095357,0,0,7.24657703e-09,0,3.2925962e-09,0,0,0,0.0705676711,0.000218921975,0.000510608551,0.000324072532,0.0705676711,0.000268436211,-0.000427577247,-0.890012906,5.87962127e-05,-3.62383362e-06
3.8,1900,APPROACH,single_red_center-f6430d296e:0001:APPROACH,PREGRASP_ROUTE,-0.497276758,1.04120077,0.043,1.02701361,-0.497506126,1.04173589,0.043296671,1.02672469,0.000229368044,-0.000535116004,-0.000296670969,0.000288917716,0.000229368044,0.000535116004,0.000296670969,0.000288917716,0.00476667756,-0.0104978608,0,0.00573118633,0.00449786405,-0.00986790581,-7.03099577e-16,0.00539233598,0.000268813516,-0.000629954984,7.03099577e-16,0.000338850349,0.00532567621,-0.0117327279,0,0.00640705935,0.00738384124,-0.0168858794,-5.56587322e-14,0.00768203483,0.373280448,-0.00621825816,0.06,1.57093762,0.373223624,-0.00621230061,0.059703329,1.57095445,0,0,7.39314184e-09,0,3.26023597e-09,0,0,0,0.0705676711,0.000229368044,0.000535116004,0.000324072532,0.0705676711,0.000279817736,-0.000446763798,-0.890012906,6.14207012e-05,-3.69651273e-06
3.84,1920,APPROACH,single_red_center-f6430d296e:0001:APPROACH,PREGRASP_ROUTE,-0.497081803,1.04077141,0.043,1.02724801,-0.497321815,1.0413315,0.043296671,1.02694566,0.000240012159,-0.000560092049,-0.000296670969,0.000302348096,0.000240012159,0.000560092049,0.000296670969,0.000302348096,0.00498162673,-0.0109714099,0,0.0059897866,0.00470779626,-0.0103295995,-5.52033082e-16,0.00564458896,0.000273830471,-0.000641810431,5.52033082e-16,0.000345197645,0.0054214942,-0.0119440925,0,0.00652260632,0.00753259832,-0.0172290621,-5.80786771e-14,0.00783229411,0.37332609,-0.00621896554,0.06,1.57093762,0.373266636,-0.00621270446,0.059703329,1.57095535,0,0,7.53756486e-09,0,3.1594587e-09,0,0,0,0.0705676711,0.000240012159,0.000560092049,0.000324072532,0.0705676711,0.000291373257,-0.000466270742,-0.890012906,6.40895981e-05,-3.76814049e-06
3.88,1940,APPROACH,single_red_center-f6430d296e:0001:APPROACH,PREGRASP_ROUTE,-0.496878174,1.04032294,0.043,1.02749285,-0.497129025,1.04090847,0.043296671,1.02717683,0.00025085142,-0.000585529855,-0.000296670969,0.000316025631,0.00025085142,0.000585529855,0.000296670969,0.000316025631,0.00520037875,-0.0114533476,0,0.00625297261,0.00492160505,-0.0107998561,-4.20887443e-16,0.00590152054,0.000278773707,-0.000653491486,4.20887443e-16,0.000351452066,0.00551582531,-0.0121521692,0,0.00663635238,0.00767968175,-0.0175685371,-5.92886495e-14,0.00798057602,0.373373746,-0.00621970711,0.06,1.57093762,0.373311615,-0.00621313597,0.059703329,1.57095628,0,0,7.6806457e-09,0,3.05448268e-09,0,0,0,0.0705676711,0.00025085142,0.000585529855,0.000324072532,0.0705676711,0.000303107688,-0.000486106436,-0.890012906,6.68033379e-05,-3.83908333e-06
3.92,1960,APPROACH,single_red_center-f6430d296e:0001:APPROACH,PREGRASP_ROUTE,-0.49666572,1.03985503,0.043,1.02774831,-0.496927602,1.04046645,0.043296671,1.02741837,0.000261882904,-0.00061142248,-0.000296670969,0.000329946624,0.000261882904,0.00061142248,0.000296670969,0.000329946624,0.00542287435,-0.0119435427,0,0.00652067241,0.00513923213,-0.0112785479,-3.01362304e-16,0.00616306095,0.000283642218,-0.000664994773,3.01362304e-16,0.000357611467,0.00560867852,-0.0123569722,0,0.00674830252,0.00782506982,-0.017904201,-6.0498622e-14,0.0081268788,0.373423447,-0.00622048373,0.06,1.57093762,0.373358596,-0.00621359607,0.059703329,1.57095722,0,0,7.82217113e-09,0,2.94912307e-09,0,0,0,0.0705676711,0.000261882904,0.00061142248,0.000324072532,0.0705676711,0.000315018557,-0.000506265063,-0.890012906,6.95612234e-05,-3.90922951e-06
3.96,1980,APPROACH,single_red_center-f6430d296e:0001:APPROACH,PREGRASP_ROUTE,-0.496444292,1.03936734,0.043,1.02801457,-0.496717395,1.04000511,0.043296671,1.02767046,0.000273103451,-0.000637762394,-0.000296670969,0.000344107096,0.000273103451,0.000637762394,0.000296670969,0.000344107096,0.00564905457,-0.0124418644,0,0.00679281428,0.00536064261,-0.0117656014,-5.78594224e-16,0.00642916185,0.000288411969,-0.000676262998,5.78594224e-16,0.000363652433,0.00570006306,-0.0125585153,0,0.0068584615,0.00796030063,-0.0182147508,-5.68687046e-14,0.00826740305,0.373475227,-0.00622129623,0.06,1.57093762,0.373407611,-0.00621408568,0.059703329,1.57095817,0,0,7.9638455e-09,0,3.24638225e-09,0,0,0,0.0705676711,0.000273103451,0.000637762394,0.000324072532,0.0705676711,0.000327064522,-0.000526666888,-0.890012906,7.23593295e-05,-3.9801683e-06
4,2000,APPROACH,single_red_center-f6430d296e:0001:APPROACH,PREGRASP_ROUTE,-0.496213744,1.03885957,0.043,1.0282918,-0.496498254,1.03952411,0.043296671,1.0279333,0.000284510031,-0.000664542457,-0.000296670969,0.000358503109,0.000284510031,0.000664542457,0.000296670969,0.000358503109,0.00587886089,-0.0129481827,0,0.00706932666,0.00558575072,-0.0122608204,-4.27527728e-16,0.00669972547,0.000293110168,-0.000687362275,4.27527728e-16,0.000369601185,0.00578998846,-0.0127568127,0,0.00696683379,0.00809350356,-0.0185207218,2.55304185e-13,0.00840552675,0.373529117,-0.00622214549,0.06,1.57093762,0.373458692,-0.00621460571,0.059703329,1.57095915,0,0,8.10333183e-09,0,3.61627428e-09,0,0,0,0.0705676711,0.000284510031,0.000664542457,0.000324072532,0.0705676711,0.000339278463,-0.000547378335,-0.890012906,7.51997064e-05,-4.05001009e-06
4.04,2020,APPROACH,single_red_center-f6430d296e:0001:APPROACH,PREGRASP_ROUTE,-0.495973933,1.03833138,0.043,1.02858018,-0.496270033,1.03902314,0.043296671,1.02820705,0.000296099829,-0.000691755956,-0.000296670969,0.000373131064,0.000296099829,0.000691755956,0.000296670969,0.000373131064,0.00611223511,-0.0134623681,0,0.00735013816,0.00581449951,-0.0127640807,-7.04759648e-16,0.00697468119,0.000297735596,-0.000698287368,7.04759648e-16,0.000375456973,0.00587846454,-0.0129518782,0,0.00707342357,0.00822478735,-0.0188223138,-5.56587322e-14,0.00854159039,0.373585148,-0.00622303233,0.06,1.57093762,0.373511872,-0.0062151571,0.059703329,1.57096015,0,0,8.24142865e-09,0,3.98340501e-09,0,0,0,0.0705676711,0.000296099829,0.000691755956,0.000324072532,0.0705676711,0.000351658903,-0.000568394668,-0.890012906,7.80819908e-05,-4.11915598e-06
4.08,2040,APPROACH,single_red_center-f6430d296e:0001:APPROACH,PREGRASP_ROUTE,-0.495724717,1.03778247,0.043,1.02887987,-0.496032587,1.03850187,0.043296671,1.02849188,0.000307869974,-0.000719395999,-0.000296670969,0.00038798726,0.000307869974,0.000719395999,0.000296670969,0.00038798726,0.00634911948,-0.0139842914,0,0.00763517757,0.00604683193,-0.0132752553,-5.53693153e-16,0.00725395989,0.000302287547,-0.000709036123,5.53693153e-16,0.000381217681,0.00596550143,-0.0131437261,0,0.00717823474,0.0083540973,-0.0191193533,-5.80786771e-14,0.00867550018,0.37364335,-0.00622395761,0.06,1.57093762,0.373567182,-0.00621574076,0.059703329,1.57096116,0,0,8.37802484e-09,0,4.34373734e-09,0,0,0,0.0705676711,0.000307869974,0.000719395999,0.000324072532,0.0705676711,0.000364203127,-0.000589709942,-0.890012906,8.10054003e-05,-4.18754801e-06
4.12,2060,APPROACH,single_red_center-f6430d296e:0001:APPROACH,PREGRASP_ROUTE,-0.495465957,1.03721253,0.043,1.02919105,-0.495785774,1.03795999,0.043296671,1.02878798,0.000319817303,-0.000747455028,-0.000296670969,0.000403067616,0.000319817303,0.000747455028,0.000296670969,0.000403067616,0.00658945664,-0.0145138244,0,0.00792437383,0.00628268853,-0.0137942088,-3.97646444e-16,0.00753749197,0.000306768106,-0.00071961569,3.97646444e-16,0.000386881863,0.00605110957,-0.0133323702,0,0.00728127088,0.0084807712,-0.0194102561,2.55304185e-13,0.00880630224,0.373703751,-0.00622492216,0.06,1.57093762,0.373624652,-0.00621635761,0.059703329,1.57096219,0,0,8.51141759e-09,0,4.49443812e-09,0,0,0,0.0705676711,0.000319817303,0.000747455028,0.000324072532,0.0705676711,0.000376904033,-0.000611313448,-0.890012906,8.39682993e-05,-4.25421486e-06
4.16,2080,APPROACH,single_red_center-f6430d296e:0001:APPROACH,PREGRASP_ROUTE,-0.495197515,1.03662126,0.043,1.02951388,-0.495529453,1.03739719,0.043296671,1.02909551,0.000331938994,-0.000775926306,-0.000296670969,0.000418368433,0.000331938994,0.000775926306,0.000296670969,0.000418368433,0.00683318965,-0.0150508392,0,0.008217656,0.00652201046,-0.0143208109,-6.98119363e-16,0.00782520008,0.000311179187,-0.000730028331,6.98119363e-16,0.000392455922,0.00613529976,-0.0135178246,0,0.00738253527,0.00860557757,-0.019696917,-5.56587322e-14,0.00893497718,0.373766382,-0.00622592681,0.06,1.57093762,0.373684311,-0.00621700856,0.059703329,1.57096324,0,0,8.64363475e-09,0,4.6935533e-09,0,0,0,0.0705676711,0.000331938994,0.000775926306,0.000324072532,0.0705676711,0.000389762732,-0.000633206417,-0.890012906,8.69708743e-05,-4.32031657e-06
4.2,2100,APPROACH,single_red_center-f6430d296e:0001:APPROACH,PREGRASP_ROUTE,-0.494919256,1.03600837,0.043,1.02984851,-0.495263489,1.03681317,0.043296671,1.02941463,0.000344232295,-0.000804803171,-0.000296670969,0.000433886119,0.000344232295,0.000804803171,0.000296670969,0.000433886119,0.00708026203,-0.0155952084,0,0.00851495327,0.00676474251,-0.0148549391,-5.48712939e-16,0.00811701604,0.000315519518,-0.000740269317,5.48712939e-16,0.000397937222,0.00621808312,-0.0137001036,0,0.00748203083,0.00872849704,-0.0199792202,-5.80786771e-14,0.00906156993,0.373831269,-0.00622697239,0.06,1.57093762,0.373746189,-0.00621769451,0.059703329,1.57096431,0,0,8.77445294e-09,0,4.90017178e-09,0,0,0,0.0705676711,0.000344232295,0.000804803171,0.000324072532,0.0705676711,0.000402777147,-0.000655383125,-0.890012906,9.00124924e-05,-4.38571893e-06
4.24,2120,APPROACH,single_red_center-f6430d296e:0001:APPROACH,PREGRASP_ROUTE,-0.49463105,1.03537355,0.043,1.03019512,-0.494987744,1.03620763,0.043296671,1.02974551,0.000356694265,-0.000834078484,-0.000296670969,0.00044961683,0.000356694265,0.000834078484,0.000296670969,0.00044961683,0.00733061772,-0.0161468054,0,0.00881619494,0.00701083132,-0.0153964723,-4.10927015e-16,0.00841287602,0.000319786402,-0.000750333071,4.10927015e-16,0.000403318919,0.00629947114,-0.013879221,0,0.00757976017,0.00884809734,-0.0202535733,2.55304185e-13,0.00918492167,0.37389844,-0.0062280597,0.06,1.57093762,0.373810314,-0.00621841635,0.059703329,1.57096539,0,0,8.90423651e-09,0,4.82995236e-09,0,0,0,0.0705676711,0.000356694265,0.000834078484,0.000324072532,0.0705676711,0.000415937732,-0.000677825881,-0.890012906,9.30914079e-05,-4.45059308e-06
4.28,2140,APPROACH,single_red_center-f6430d296e:0001:APPROACH,PREGRASP_ROUTE,-0.494332764,1.03471653,0.043,1.03055386,-0.494702086,1.03558027,0.043296671,1.0300883,0.00036932191,-0.00086374503,-0.000296670969,0.000465556577,0.00036932191,0.00086374503,0.000296670969,0.000465556577,0.00758420115,-0.0167055039,0,0.00912131042,0.00726021668,-0.0159452726,-6.9479922e-16,0.00871270368,0.000323984478,-0.000760231262,6.9479922e-16,0.000408606741,0.00637947567,-0.0140551911,0,0.00767572553,0.00896486653,-0.0205212609,-5.56587322e-14,0.00930519848,0.373967921,-0.00622918953,0.06,1.57093763,0.373876712,-0.00621917497,0.059703329,1.57096649,0,0,9.03194508e-09,0,4.72886341e-09,0,0,0,0.0705676711,0.00036932191,0.00086374503,0.000324072532,0.0705676711,0.000429243063,-0.000700533993,-0.890012906,9.62070003e-05,-4.51443677e-06
4.32,2160,APPROACH,single_red_center-f6430d296e:0001:APPROACH,PREGRASP_ROUTE,-0.494024272,1.03403702,0.043,1.03092488,-0.494406385,1.03493081,0.043296671,1.03044318,0.000382112593,-0.000893796389,-0.000296670969,0.000481701826,0.000382112593,0.000893796389,0.000296670969,0.000481701826,0.00784095724,-0.0172711784,0,0.00943022919,0.00751284227,-0.0165012146,-5.47052867e-16,0.00901642484,0.000328114966,-0.00076996375,5.47052867e-16,0.000413804349,0.00645810894,-0.0142280279,0,0.00776992878,0.0090797699,-0.0207846308,-5.80786771e-14,0.00942337887,0.374039738,-0.00623036265,0.06,1.57093763,0.373945411,-0.00621997122,0.059703329,1.57096761,0,0,9.15860474e-09,0,4.60873121e-09,0,0,0,0.0705676711,0.000382112593,0.000893796389,0.000324072532,0.0705676711,0.000442695798,-0.000723510325,-0.890012906,9.93594771e-05,-4.57775801e-06
4.36,2180,APPROACH,single_red_center-f6430d296e:0001:APPROACH,PREGRASP_ROUTE,-0.493705447,1.03333475,0.043,1.03130833,-0.494100511,1.03425897,0.043296671,1.03081028,0.000395063606,-0.000924225888,-0.000296670969,0.000498048944,0.000395063606,0.000924225888,0.000296670969,0.000498048944,0.00810083138,-0.0178437037,0,0.0097428808,0.00776865751,-0.0170641838,-3.87686015e-16,0.00932397501,0.00033217387,-0.000779519875,3.87686015e-16,0.000418905788,0.00653538357,-0.0143977457,0,0.00786237145,0.00919168929,-0.0210408137,2.55304185e-13,0.00953889608,0.374113916,-0.00623157982,0.06,1.57093763,0.374016437,-0.00622080595,0.059703329,1.57096874,0,0,9.28453914e-09,0,4.4907957e-09,0,0,0,0.0705676711,0.000395063606,0.000924225888,0.000324072532,0.0705676711,0.000456288827,-0.000746739693,-0.890012906,0.000102547675,-4.64080981e-06
4.4,2200,APPROACH,single_red_center-f6430d296e:0001:APPROACH,PREGRASP_ROUTE,-0.493376166,1.03260944,0.043,1.03170436,-0.493784338,1.03356446,0.043296671,1.03118976,0.000408171958,-0.000955026178,-0.000296670969,0.000514593931,0.000408171958,0.000955026178,0.000296670969,0.000514593931,0.00836376948,-0.0184229555,0,0.0100591948,0.00802761948,-0.0176340815,-6.66578007e-16,0.00963529787,0.000336150002,-0.000788874053,6.66578007e-16,0.000423896975,0.00661131259,-0.0145643586,0,0.00795305466,0.00929576998,-0.0212776317,-5.68687046e-14,0.00964909956,0.374190478,-0.00623284177,0.06,1.57093763,0.374089815,-0.00622168001,0.059703329,1.57096989,0,0,9.41039236e-09,0,4.42656473e-09,0,0,0,0.0705676711,0.000408171958,0.000955026178,0.000324072532,0.0705676711,0.000469996876,-0.000770174749,-0.890012906,0.000105768575,-4.70425051e-06
4.44,2220,APPROACH,single_red_center-f6430d296e:0001:APPROACH,PREGRASP_ROUTE,-0.493036308,1.03186083,0.043,1.03211311,-0.493457743,1.03284702,0.043296671,1.03158178,0.000421434967,-0.000986190682,-0.000296670969,0.000531333044,0.000421434967,0.000986190682,0.000296670969,0.000531333044,0.008629718,-0.0190088098,0,0.010379101,0.00828965617,-0.0182107406,-5.1385144e-16,0.00995030184,0.000340061832,-0.000798069242,5.1385144e-16,0.00042879914,0.00668590942,-0.0147278807,0,0.00804197913,0.00939783581,-0.0215097512,-5.80786771e-14,0.00975692114,0.37426945,-0.0062341492,0.06,1.57093763,0.374165569,-0.00622259417,0.059703329,1.57097105,0,0,9.53474124e-09,0,4.41948468e-09,0,0,0,0.0705676711,0.000421434967,0.000986190682,0.000324072532,0.0705676711,0.000483843388,-0.000793861312,-0.890012906,0.000109023953,-4.76695748e-06
4.48,2240,APPROACH,single_red_center-f6430d296e:0001:APPROACH,PREGRASP_ROUTE,-0.492685752,1.03108865,0.043,1.03253473,-0.493120602,1.03210636,0.043296671,1.03198647,0.000434850083,-0.00101771303,-0.000296670969,0.000548262762,0.000434850083,0.00101771303,0.000296670969,0.000548262762,0.00889862392,-0.0196011433,0,0.0107025289,0.00855471593,-0.0187940438,-7.81122932e-16,0.0102689187,0.000343907992,-0.000807099578,7.81122932e-16,0.000433610113,0.00675918793,-0.0148883262,0,0.00812914521,0.00949793469,-0.0217372061,-5.56587322e-14,0.00986257493,0.374350852,-0.00623550277,0.06,1.57093763,0.374243723,-0.00622354922,0.059703329,1.57097223,0,0,9.65795251e-09,0,4.40321399e-09,0,0,0,0.0705676711,0.000434850083,0.00101771303,0.000324072532,0.0705676711,0.00049782703,-0.000817794301,-0.890012906,0.000112313346,-4.82910445e-06
4.52,2260,APPROACH,single_red_center-f6430d296e:0001:APPROACH,PREGRASP_ROUTE,-0.492324382,1.03029266,0.043,1.03296935,-0.492772797,1.03134224,0.043296671,1.03240397,0.000448414665,-0.00104958657,-0.000296670969,0.000565379395,0.000448414665,0.00104958657,0.000296670969,0.000565379395,0.0091704348,-0.0201998332,0,0.0110294081,0.00882274657,-0.0193838692,-6.31716508e-16,0.0105910809,0.000347688235,-0.000815964053,6.31716508e-16,0.000438327293,0.00683116239,-0.0150457095,0,0.0082145528,0.00959593458,-0.021959634,-5.68687046e-14,0.00996581705,0.374434708,-0.0062369031,0.06,1.57093763,0.3743243,-0.00622454589,0.059703329,1.57097342,0,0,9.77949801e-09,0,4.32557031e-09,0,0,0,0.0705676711,0.000448414665,0.00104958657,0.000324072532,0.0705676711,0.000511944914,-0.000841967374,-0.890012906,0.000115635835,-4.89039171e-06
4.56,2280,APPROACH,single_red_center-f6430d296e:0001:APPROACH,PREGRASP_ROUTE,-0.491952083,1.02947259,0.043,1.03341712,-0.492414209,1.03055439,0.043296671,1.03283444,0.000462125818,-0.00108180409,-0.000296670969,0.000582678887,0.000462125818,0.00108180409,0.000296670969,0.000582678887,0.00944509877,-0.0208047574,0,0.0113596685,0.00909369263,-0.0199800848,-4.7732987e-16,0.0109167164,0.000351406144,-0.000824672602,4.7732987e-16,0.000442952107,0.00690184754,-0.0152000447,0,0.0082982014,0.00969154835,-0.0221763893,-5.80786771e-14,0.0100660454,0.374521038,-0.00623835081,0.06,1.57093763,0.374407322,-0.0062255849,0.059703329,1.57097463,0,0,9.89797254e-09,0,4.15196791e-09,0,0,0,0.0705676711,0.000462125818,0.00108180409,0.000324072532,0.0705676711,0.000526191987,-0.000866373317,-0.890012906,0.000118990103,-4.95005368e-06
4.6,2300,APPROACH,single_red_center-f6430d296e:0001:APPROACH,PREGRASP_ROUTE,-0.491568741,1.0286282,0.043,1.03387817,-0.492044722,1.02974256,0.043296671,1.03327801,0.000475981054,-0.00111435929,-0.000296670969,0.000600157661,0.000475981054,0.00111435929,0.000296670969,0.000600157661,0.00972256456,-0.0214157941,0,0.0116932395,0.00936750228,-0.0205825708,-4.175673e-16,0.0112457514,0.000355062285,-0.000833223273,4.175673e-16,0.000447488136,0.00697125854,-0.015351346,0,0.00838009008,0.00978528851,-0.0223886872,2.55304185e-13,0.0101640853,0.374609862,-0.00623984641,0.06,1.57093763,0.374492811,-0.0062266669,0.059703329,1.57097585,0,0,1.00155912e-08,0,3.9889528e-09,0,0,0,0.0705676711,0.000475981054,0.00111435929,0.000324072532,0.0705676711,0.000540568933,-0.00089101118,-0.890012906,0.000122376225,-5.0093096e-06
4.64,2320,APPROACH,single_red_center-f6430d296e:0001:APPROACH,PREGRASP_ROUTE,-0.491174246,1.02775926,0.043,1.03435262,-0.491664224,1.0289065,0.043296671,1.03373481,0.000489977914,-0.00114724585,-0.000296670969,0.000617812154,0.000489977914,0.00114724585,0.000296670969,0.000617812154,0.0100027815,-0.0220328223,0,0.0120300509,0.009644126,-0.0211912109,-7.11399934e-16,0.0115781187,0.000358655517,-0.000841611394,7.11399934e-16,0.000451932172,0.00703941103,-0.0154996279,0,0.00846021747,0.00987713853,-0.0225964096,-5.56587322e-14,0.0102599359,0.374701202,-0.00624139042,0.06,1.57093763,0.374580787,-0.00622779253,0.059703329,1.57097708,0,0,1.01321019e-08,0,3.82407802e-09,0,0,0,0.0705676711,0.000489977914,0.00114724585,0.000324072532,0.0705676711,0.000555074108,-0.000915875463,-0.890012906,0.000125793533,-5.06802081e-06
4.68,2340,APPROACH,single_red_center-f6430d296e:0001:APPROACH,PREGRASP_ROUTE,-0.490768488,1.02686551,0.043,1.03484061,-0.491272602,1.02804597,0.043296671,1.03420497,0.000504113667,-0.00118045675,-0.000296670969,0.000635638428,0.000504113667,0.00118045675,0.000296670969,0.000635638428,0.0102856996,-0.0226557215,0,0.012370032,0.00992351481,-0.0218058857,-5.73614009e-16,0.0119137545,0.000362184822,-0.000849835812,5.73614009e-16,0.000456277501,0.00710632112,-0.0156449045,0,0.00853858174,0.00996567572,-0.0227960142,-5.80786771e-14,0.0103522085,0.374795074,-0.00624298326,0.06,1.57093763,0.37467127,-0.00622896235,0.059703329,1.57097833,0,0,1.02470005e-08,0,3.28740737e-09,0,0,0,0.0705676711,0.000504113667,0.00118045675,0.000324072532,0.0705676711,0.000569697974,-0.000940949007,-0.890012906,0.000129240047,-5.12585052e-06
4.72,2360,APPROACH,single_red_center-f6430d296e:0001:APPROACH,PREGRASP_ROUTE,-0.49035136,1.02594673,0.043,1.03534226,-0.490869746,1.02716072,0.043296671,1.03468862,0.00051838572,-0.00121398533,-0.000296670969,0.000653632614,0.00051838572,0.00121398533,0.000296670969,0.000653632614,0.0105712695,-0.0232843719,0,0.0127131123,0.0102056141,-0.0224264641,-4.24207586e-16,0.0122525797,0.000365655428,-0.000857907784,4.24207586e-16,0.000460532614,0.00717200536,-0.0157871902,0,0.00861518063,0.010051943,-0.0229901379,2.55304185e-13,0.0104417105,0.374891498,-0.00624462532,0.06,1.57093763,0.37476428,-0.00623017689,0.059703329,1.5709796,0,0,1.03603125e-08,0,2.76021948e-09,0,0,0,0.0705676711,0.00051838572,0.00121398533,0.000324072532,0.0705676711,0.0005844425,-0.000966235936,-0.890012906,0.000132715744,-5.18289815e-06
4.76,2380,APPROACH,single_red_center-f6430d296e:0001:APPROACH,PREGRASP_ROUTE,-0.489922758,1.0250027,0.043,1.03585769,-0.49045555,1.02625053,0.043296671,1.0351859,0.000532791767,-0.00124782553,-0.000296670969,0.000671791205,0.000532791767,0.00124782553,0.000296670969,0.000671791205,0.0108594425,-0.023918654,0,0.0130592212,0.0104903755,-0.023052831,-7.03099577e-16,0.0125945236,0.000369066991,-0.000865822951,7.03099577e-16,0.000464697545,0.00723648083,-0.0159264994,0,0.0086900114,0.0101363938,-0.0231798194,-5.56587322e-14,0.0105290331,0.374990492,-0.00624631689,0.06,1.57093763,0.374859835,-0.00623143659,0.059703329,1.57098087,0,0,1.04727184e-08,0,2.20965344e-09,0,0,0,0.0705676711,0.000532791767,0.00124782553,0.000324072532,0.0705676711,0.000599308612,-0.00099173476,-0.890012906,0.000136220499,-5.23949742e-06
4.8,2400,APPROACH,single_red_center-f6430d296e:0001:APPROACH,PREGRASP_ROUTE,-0.489482578,1.02403318,0.043,1.03638702,-0.490029907,1.02531515,0.043296671,1.03569691,0.000547329385,-0.00128197089,-0.000296670969,0.000690110518,0.000547329385,0.00128197089,0.000296670969,0.000690110518,0.0111501706,-0.0245584491,0,0.0134082879,0.0107777562,-0.0236848811,-6.05155366e-16,0.0129395243,0.000372414368,-0.000873567929,6.05155366e-16,0.000468763587,0.00729976507,-0.0160628464,0,0.00876307084,0.0102172595,-0.0233605544,-5.68687046e-14,0.0106131477,0.37509207,-0.00624805822,0.06,1.57093763,0.374957953,-0.00623274184,0.059703329,1.57098216,0,0,1.05851263e-08,0,1.54766789e-09,0,0,0,0.0705676711,0.000547329385,0.00128197089,0.000324072532,0.0705676711,0.000614286605,-0.00101742498,-0.890012906,0.000139752736,-5.29621571e-06
4.84,2420,APPROACH,single_red_center-f6430d296e:0001:APPROACH,PREGRASP_ROUTE,-0.489030718,1.02303797,0.043,1.03693038,-0.489592714,1.02435438,0.043296671,1.03622179,0.000561995885,-0.00131641433,-0.000296670969,0.000708586462,0.000561995885,0.00131641433,0.000296670969,0.000708586462,0.0114434065,-0.025203639,0,0.0137602414,0.0110677105,-0.0243224986,-4.5408887e-16,0.0132875157,0.000375696029,-0.000881140315,4.5408887e-16,0.000472725685,0.00736187612,-0.0161962456,0,0.00883435529,0.0102924603,-0.0235271745,-5.92886495e-14,0.0106925391,0.375196251,-0.00624984946,0.06,1.57093763,0.37505865,-0.00623409298,0.059703329,1.57098346,0,0,1.06966703e-08,0,7.77744395e-10,0,0,0,0.0705676711,0.000561995885,0.00131641433,0.000324072532,0.0705676711,0.000629363791,-0.001043284,-0.890012906,0.000143310356,-5.35270397e-06
4.88,2440,APPROACH,single_red_center-f6430d296e:0001:APPROACH,PREGRASP_ROUTE,-0.48856708,1.02201684,0.043,1.03748787,-0.489143869,1.02336799,0.043296671,1.03676066,0.000576789027,-0.00135114984,-0.000296670969,0.000727215402,0.000576789027,0.00135114984,0.000296670969,0.000727215402,0.0117391036,-0.025854106,0,0.0141150107,0.0113601807,-0.0249655431,-7.26340576e-16,0.0136384117,0.000378922934,-0.000888562956,7.26340576e-16,0.00047659897,0.00742283251,-0.0163267114,0,0.00890386058,0.010365838,-0.0236892908,-5.56587322e-14,0.0107696041,0.375303048,-0.00625169068,0.06,1.57093763,0.375161943,-0.00623549023,0.059703329,1.57098478,0,0,1.08073764e-08,0,2.5894775e-11,0,0,0,0.0705676711,0.000576789027,0.00135114984,0.000324072532,0.0705676711,0.000644555794,-0.00106933998,-0.890012906,0.000146894745,-5.40879672e-06
4.92,2460,APPROACH,single_red_center-f6430d296e:0001:APPROACH,PREGRASP_ROUTE,-0.488091566,1.02096959,0.043,1.03805961,-0.488683273,1.02235576,0.043296671,1.03731361,0.00059170662,-0.00138617135,-0.000296670969,0.000745993777,0.00059170662,0.00138617135,0.000296670969,0.000745993777,0.0120372162,-0.0265097333,0,0.0144725245,0.0116551224,-0.0256139033,-5.80254295e-16,0.0139921444,0.000382093819,-0.000895829969,5.80254295e-16,0.000480380038,0.00748265331,-0.0164542583,0,0.00897158207,0.0104374007,-0.023846826,-5.68687046e-14,0.0108444279,0.375412477,-0.00625358184,0.06,1.57093763,0.375267847,-0.00623693374,0.059703329,1.5709861,0,0,1.09171746e-08,0,-7.40935953e-10,0,0,0,0.0705676711,0.00059170662,0.00138617135,0.000324072532,0.0705676711,0.000659861612,-0.0010955877,-0.890012906,0.000150505314,-5.46444588e-06
4.96,2480,APPROACH,single_red_center-f6430d296e:0001:APPROACH,PREGRASP_ROUTE,-0.487604072,1.019896,0.043,1.03864571,-0.488210827,1.02131749,0.043296671,1.03788078,0.000606754336,-0.00142148999,-0.000296670969,0.000764927398,0.000606754336,0.00142148999,0.000296670969,0.000764927398,0.0123377008,-0.0271704074,0,0.0148327131,0.0119525322,-0.0262675652,-4.291878e-16,0.0143486775,0.000385168591,-0.000902842281,4.291878e-16,0.000484035524,0.00754135735,-0.0165788988,0,0.00903751342,0.0105378077,-0.0240755065,2.55304185e-13,0.0109368195,0.375524552,-0.00625552285,0.06,1.57093763,0.375376378,-0.00623842358,0.059703329,1.57098744,0,0,1.10273124e-08,0,-3.84438778e-10,0,0,0,0.0705676711,0.000606754336,0.00142148999,0.000324072532,0.0705676711,0.000675439938,-0.00112228704,-0.890012906,0.000154160361,-5.51900076e-06
5,2500,APPROACH,single_red_center-f6430d296e:0001:APPROACH,PREGRASP_ROUTE,-0.487104512,1.01879587,0.043,1.03924627,-0.487726435,1.02025296,0.043296671,1.03846226,0.000621922961,-0.00145708419,-0.000296670969,0.000784004073,0.000621922961,0.00145708419,0.000296670969,0.000784004073,0.0126405117,-0.0278360097,0,0.0151955032,0.0122523258,-0.026926315,-1.13139799e-15,0.0147079083,0.000388185868,-0.000909694737,1.13139799e-15,0.000487594927,0.00759896536,-0.0167006491,0,0.00910165004,0.0106412031,-0.0243115041,-3.65411677e-13,0.0110295558,0.375639285,-0.00625751344,0.06,1.57093763,0.375487548,-0.00623995971,0.059703329,1.57098879,0,0,1.11353407e-08,0,1.75147912e-10,0,0,0,0.0705676711,0.000621922961,0.00145708419,0.000324072532,0.0705676711,0.000691151923,-0.00114920956,-0.890012906,0.000157842592,-5.57226044e-06
5.04,2520,APPROACH,single_red_center-f6430d296e:0001:APPROACH,PREGRASP_ROUTE,-0.486592793,1.01766903,0.043,1.03986139,-0.487230002,1.01916198,0.043296671,1.03905817,0.000637209303,-0.00149294556,-0.000296670969,0.000803218857,0.000637209303,0.00149294556,0.000296670969,0.000803218857,0.0129456052,-0.0285064243,0,0.0155608228,0.0125544543,-0.0275900283,-5.38752511e-16,0.0150697597,0.000391150906,-0.000916395996,5.38752511e-16,0.000491063109,0.00765549805,-0.0168195239,0,0.00916398596,0.010743478,-0.0245445675,-5.80786771e-14,0.0111203816,0.375756687,-0.00625955325,0.06,1.57093763,0.375601371,-0.00624154197,0.059703329,1.57099015,0,0,1.12427359e-08,0,7.34580973e-10,0,0,0,0.0705676711,0.000637209303,0.00149294556,0.000324072532,0.0705676711,0.000706975056,-0.00117631437,-0.890012906,0.000161549148,-5.62518982e-06
5.08,2540,APPROACH,single_red_center-f6430d296e:0001:APPROACH,PREGRASP_ROUTE,-0.486068825,1.01651528,0.043,1.04049118,-0.486721437,1.01804435,0.043296671,1.03966861,0.0006526113,-0.0015290681,-0.000296670969,0.000822568092,0.0006526113,0.0015290681,0.000296670969,0.000822568092,0.0132529389,-0.0291815365,0,0.0159285996,0.012858876,-0.0282585947,-3.86025944e-16,0.0154341631,0.000394062872,-0.00092294181,3.86025944e-16,0.000494436483,0.00771097655,-0.0169355377,0,0.00922451455,0.0108446085,-0.0247745514,2.55304185e-13,0.0112092406,0.375876771,-0.0062616418,0.06,1.57093763,0.375717859,-0.0062431701,0.059703329,1.57099152,0,0,1.13493209e-08,0,1.30419557e-09,0,0,0,0.0705676711,0.0006526113,0.0015290681,0.000324072532,0.0705676711,0.000722908171,-0.00120359607,-0.890012906,0.000165279289,-5.67770073e-06
5.12,2560,APPROACH,single_red_center-f6430d296e:0001:APPROACH,PREGRASP_ROUTE,-0.485532521,1.01533443,0.043,1.04113572,-0.486200647,1.01689988,0.043296671,1.04029367,0.000668126531,-0.00156544489,-0.000296670969,0.000842047612,0.000668126531,0.00156544489,0.000296670969,0.000842047612,0.0135624709,-0.0298612321,0,0.0162987612,0.0131655479,-0.0289318953,-6.64917935e-16,0.0158010518,0.000396923038,-0.000929336817,6.64917935e-16,0.000497709426,0.00776542252,-0.0170487053,0,0.00928322868,0.0109432984,-0.0249982602,-5.68687046e-14,0.0112945965,0.375999547,-0.00626377846,0.06,1.57093763,0.375837024,-0.00624484373,0.059703329,1.5709929,0,0,1.14534305e-08,0,1.48451196e-09,0,0,0,0.0705676711,0.000668126531,0.00156544489,0.000324072532,0.0705676711,0.000738942333,-0.00123103903,-0.890012906,0.000169030846,-5.72880377e-06
5.16,2580,APPROACH,single_red_center-f6430d296e:0001:APPROACH,PREGRASP_ROUTE,-0.484983792,1.01412631,0.043,1.04179512,-0.485667545,1.01572838,0.043296671,1.04093346,0.000683752938,-0.0016020699,-0.000296670969,0.00086165358,0.000683752938,0.0016020699,0.000296670969,0.00086165358,0.0138741604,-0.0305453977,0,0.0166712349,0.0134744244,-0.0296098092,-5.12191369e-16,0.0161703433,0.000399735979,-0.000935588493,5.12191369e-16,0.000500891557,0.00781885814,-0.017159041,0,0.00934012071,0.0110408288,-0.0252188718,-5.80786771e-14,0.0113777522,0.376125024,-0.00626596247,0.06,1.57093763,0.375958877,-0.00624656231,0.059703329,1.5709943,0,0,1.15567242e-08,0,1.73345102e-09,0,0,0,0.0705676711,0.000683752938,0.0016020699,0.000324072532,0.0705676711,0.000755081745,-0.00125864924,-0.890012906,0.00017280426,-5.77950563e-06
5.2,2600,APPROACH,single_red_center-f6430d296e:0001:APPROACH,PREGRASP_ROUTE,-0.484422553,1.01289073,0.043,1.04246946,-0.485122042,1.01452967,0.043296671,1.04158807,0.000699488646,-0.00163893734,-0.000296670969,0.000881382383,0.000699488646,0.00163893734,0.000296670969,0.000881382383,0.0141879675,-0.0312339201,0,0.0170459476,0.0137854669,-0.0302922299,-3.77725587e-16,0.0165419679,0.000402500545,-0.000941690195,3.77725587e-16,0.000503979715,0.00787130613,-0.0172665596,0,0.00939518248,0.0111372875,-0.0254364872,2.55304185e-13,0.0114589216,0.376253212,-0.0062681929,0.06,1.57093763,0.376083427,-0.00624832518,0.059703329,1.5709957,0,0,1.16592667e-08,0,1.98275985e-09,0,0,0,0.0705676711,0.000699488646,0.00163893734,0.000324072532,0.0705676711,0.000771326336,-0.00128642217,-0.890012906,0.000176599049,-5.82981365e-06
5.24,2620,APPROACH,single_red_center-f6430d296e:0001:APPROACH,PREGRASP_ROUTE,-0.483848721,1.01162752,0.043,1.04315883,-0.484564053,1.01330356,0.043296671,1.0422576,0.000715331621,-0.00167604097,-0.000296670969,0.000901230135,0.000715331621,0.00167604097,0.000296670969,0.000901230135,0.014503853,-0.0319266871,0,0.017422826,0.0140986411,-0.0309790574,-6.59937721e-16,0.0169158624,0.000405211983,-0.000947629636,6.59937721e-16,0.000506963603,0.00792278974,-0.0173712756,0,0.00944840534,0.0112306271,-0.0256459107,-5.68687046e-14,0.0115367206,0.376384118,-0.00627046868,0.06,1.57093763,0.376210685,-0.00625013154,0.059703329,1.57099711,0,0,1.17621799e-08,0,1.96738779e-09,0,0,0,0.0705676711,0.000715331621,0.00167604097,0.000324072532,0.0705676711,0.000787665536,-0.00131433531,-0.890012906,0.000180413276,-5.8803584e-06
5.28,2640,APPROACH,single_red_center-f6430d296e:0001:APPROACH,PREGRASP_ROUTE,-0.483262212,1.01033653,0.043,1.04386332,-0.483993492,1.0120499,0.043296671,1.04294212,0.00073127962,-0.00171337404,-0.000296670969,0.000921192567,0.00073127962,0.00171337404,0.000296670969,0.000921192567,0.014821779,-0.0326235868,0,0.0178017963,0.0144139039,-0.0316701678,-5.03891012e-16,0.0172919504,0.000407875124,-0.000953418969,5.03891012e-16,0.000509845888,0.00797333276,-0.0174732038,0,0.00949978011,0.0113206455,-0.0258467047,-5.80786771e-14,0.0116106195,0.376517751,-0.00627278853,0.06,1.57093763,0.376340659,-0.0062519804,0.059703329,1.57099853,0,0,1.18634442e-08,0,1.8747867e-09,0,0,0,0.0705676711,0.00073127962,0.00171337404,0.000324072532,0.0705676711,0.000804095437,-0.00134238259,-0.890012906,0.000184245649,-5.93012212e-06
5.32,2660,APPROACH,single_red_center-f6430d296e:0001:APPROACH,PREGRASP_ROUTE,-0.482662947,1.00901757,0.043,1.044583,-0.483410278,1.0107685,0.043296671,1.04364174,0.000747330953,-0.00175093104,-0.000296670969,0.000941266015,0.000747330953,0.00175093104,0.000296670969,0.000941266015,0.0151417082,-0.033324508,0,0.0181827844,0.0147312131,-0.0323654427,-7.72822575e-16,0.017670149,0.000410495149,-0.000959065304,7.72822575e-16,0.000512635377,0.0080229595,-0.0175723587,0,0.00954929712,0.0114096426,-0.0260445375,-5.56587322e-14,0.0116824591,0.376654118,-0.00627515102,0.06,1.57093763,0.376473356,-0.0062538706,0.059703329,1.57099996,0,0,1.19644571e-08,0,1.76724376e-09,0,0,0,0.0705676711,0.000747330953,0.00175093104,0.000324072532,0.0705676711,0.00082062597,-0.0013705785,-0.890012906,0.000188097099,-5.97975522e-06
5.36,2680,APPROACH,single_red_center-f6430d296e:0001:APPROACH,PREGRASP_ROUTE,-0.482050845,1.0076705,0.043,1.04531797,-0.482814329,1.00945921,0.043296671,1.04435652,0.000763483895,-0.0017887062,-0.000296670969,0.000961446737,0.000763483895,0.0017887062,0.000296670969,0.000961446737,0.0154636045,-0.03402934,0,0.0185657158,0.0150505347,-0.0330647797,-6.21756079e-16,0.0180503892,0.000413069891,-0.000964560311,6.21756079e-16,0.000515326652,0.00807169481,-0.0176687551,0,0.00959694616,0.0114971689,-0.0262381687,-5.68687046e-14,0.0117520233,0.376793223,-0.0062775545,0.06,1.57093763,0.376608784,-0.0062558008,0.059703329,1.57100141,0,0,1.20649611e-08,0,1.68284667e-09,0,0,0,0.0705676711,0.000763483895,0.0017887062,0.000324072532,0.0705676711,0.000837254728,-0.00139891402,-0.890012906,0.00019196674,-6.02916313e-06
5.4,2700,APPROACH,single_red_center-f6430d296e:0001:APPROACH,PREGRASP_ROUTE,-0.481425829,1.00629517,0.043,1.04606829,-0.482205565,1.00812186,0.043296671,1.04508656,0.000779736403,-0.00182669291,-0.000296670969,0.000981730546,0.000779736403,0.00182669291,0.000296670969,0.000981730546,0.0157874328,-0.0347379729,0,0.0189505156,0.0153718647,-0.0337681447,-4.69029513e-16,0.0184326275,0.000415568173,-0.000969828221,4.69029513e-16,0.000517888095,0.00811956407,-0.0177624078,0,0.00964271656,0.0115715452,-0.0263981679,-5.80786771e-14,0.0118142216,0.376935073,-0.00627999712,0.06,1.57093763,0.376746949,-0.0062577695,0.059703329,1.57100285,0,0,1.2167037e-08,0,2.16792978e-09,0,0,0,0.0705676711,0.000779736403,0.00182669291,0.000324072532,0.0705676711,0.000853928743,-0.00142728448,-0.890012906,0.000195849546,-6.08039503e-06
5.44,2720,APPROACH,single_red_center-f6430d296e:0001:APPROACH,PREGRASP_ROUTE,-0.480787822,1.00489141,0.043,1.04683404,-0.481583909,1.00675629,0.043296671,1.04583193,0.000796086675,-0.00186488519,-0.000296670969,0.00100211332,0.000796086675,0.00186488519,0.000296670969,0.00100211332,0.016113159,-0.0354502972,0,0.0193371084,0.0156951303,-0.0344753363,-3.37883874e-16,0.0188167533,0.000418028645,-0.000974960895,3.37883874e-16,0.00052035515,0.0081665932,-0.0178533314,0,0.00968659708,0.011644673,-0.0265545483,-6.0498622e-14,0.0118738309,0.377079672,-0.0062824768,0.06,1.57093763,0.376887856,-0.00625977493,0.059703329,1.57100431,0,0,1.22675837e-08,0,2.74378364e-09,0,0,0,0.0705676711,0.000796086675,0.00186488519,0.000324072532,0.0705676711,0.000870698055,-0.00145578753,-0.890012906,0.000199748672,-6.13085636e-06
5.48,2740,APPROACH,single_red_center-f6430d296e:0001:APPROACH,PREGRASP_ROUTE,-0.480136749,1.00345909,0.043,1.04761529,-0.480949282,1.00536237,0.043296671,1.0465927,0.000812533215,-0.00190327756,-0.000296670969,0.00102259135,0.000812533215,0.00190327756,0.000296670969,0.00102259135,0.0164407499,-0.036166204,0,0.0197254184,0.0160202998,-0.0351862538,-6.25076222e-16,0.019202693,0.00042045007,-0.000979950263,6.25076222e-16,0.000522725449,0.00821280863,-0.0179415408,0,0.00972857604,0.0117166924,-0.0267075194,-5.68687046e-14,0.0119312797,0.377227023,-0.00628499125,0.06,1.57093763,0.37703151,-0.00626181514,0.059703329,1.57100578,0,0,1.2367621e-08,0,3.30617537e-09,0,0,0,0.0705676711,0.000812533215,0.00190327756,0.000324072532,0.0705676711,0.000887563508,-0.00148441908,-0.890012906,0.000203663817,-6.18105787e-06
5.52,2760,APPROACH,single_red_center-f6430d296e:0001:APPROACH,PREGRASP_ROUTE,-0.479472535,1.00199806,0.043,1.0484121,-0.48030161,1.00393993,0.043296671,1.04736894,0.000829074462,-0.00194186427,-0.000296670969,0.00104316073,0.000829074462,0.00194186427,0.000296670969,0.00104316073,0.0167701735,-0.0368855851,0,0.0201153693,0.0163473414,-0.035900792,-4.70689584e-16,0.0195903744,0.000422832112,-0.000984793147,4.70689584e-16,0.00052499488,0.00825823733,-0.0180270507,0,0.00976864122,0.0117875035,-0.026856744,-5.80786771e-14,0.0119863683,0.377377131,-0.0062875379,0.06,1.57093762,0.377177916,-0.00626388796,0.059703329,1.57100725,0,0,1.24668948e-08,0,3.83196847e-09,0,0,0,0.0705676711,0.000829074462,0.00194186427,0.000324072532,0.0705676711,0.000904524151,-0.00151317334,-0.890012906,0.000207594064,-6.23086058e-06
5.56,2780,APPROACH,single_red_center-f6430d296e:0001:APPROACH,PREGRASP_ROUTE,-0.478795109,1.00050819,0.043,1.04922454,-0.479640817,1.00248883,0.043296671,1.04816072,0.000845708494,-0.0019806387,-0.000296670969,0.00106381701,0.000845708494,0.0019806387,0.000296670969,0.00106381701,0.017101399,-0.0376083327,0,0.0205068842,0.0166762205,-0.0366188332,-7.41281219e-16,0.0199797231,0.000425178494,-0.000989499578,7.41281219e-16,0.000527161085,0.00830290677,-0.018109876,0,0.0098067799,0.0118563089,-0.0270002905,-5.56587322e-14,0.012037877,0.377529996,-0.00629011394,0.06,1.57093762,0.377327076,-0.00626599096,0.059703329,1.57100874,0,0,1.25631502e-08,0,4.0808988e-09,0,0,0,0.0705676711,0.000845708494,0.0019806387,0.000324072532,0.0705676711,0.000921573747,-0.00154203933,-0.890012906,0.000211537465,-6.27898633e-06
5.6,2800,APPROACH,single_red_center-f6430d296e:0001:APPROACH,PREGRASP_ROUTE,-0.478102501,0.998985182,0.043,1.05005205,-0.47896675,1.00100875,0.043296671,1.0489681,0.000864249574,-0.00202356426,-0.000296670969,0.00108395207,0.000864249574,0.00202356426,0.000296670969,0.00108395207,0.0177381065,-0.0390013528,0,0.0208003092,0.0170245501,-0.0373829108,-5.90214723e-16,0.0203670337,0.000713556449,-0.00161844199,5.90214723e-16,0.000433275505,0.0345722497,-0.0757887372,0,0.00124511839,0.0164806247,-0.0382663113,-5.68687046e-14,0.011357183,0.377686047,-0.00629272257,0.06,1.57093473,0.377479013,-0.00626812496,0.059703329,1.57101009,0,0,1.44148205e-08,0,3.40646644e-07,0,0,0,0.0705676711,0.000864249574,0.00202356426,0.000324072532,0.0705676711,0.000964325273,-0.00160972251,-0.890012906,0.000214501906,-7.15517928e-06
5.64,2820,APPROACH,single_red_center-f6430d296e:0001:APPROACH,PREGRASP_ROUTE,-0.477365587,0.997365085,0.043,1.05088516,-0.478272026,0.999482486,0.043296671,1.04978911,0.000906439112,-0.00211740047,-0.000296670969,0.00109605154,0.000906439112,0.00211740047,0.000296670969,0.00109605154,0.01910042,-0.0419876915,0,0.0208579314,0.0177568662,-0.0390265185,-8.47525787e-16,0.0206410238,0.00134355385,-0.00296117306,8.47525787e-16,0.000216907595,0.0335012001,-0.0734355742,0,0.00164955769,0.0341232102,-0.0786204415,2.60144074e-13,0.00648967253,0.377851808,-0.00629545839,0.06,1.57088466,0.377635472,-0.0062704832,0.059703329,1.57099957,0,0,3.77009816e-08,0,3.07311963e-07,0,0,0,0.0705676711,0.000906439112,0.00211740047,0.000324072532,0.0705676711,0.00112969851,-0.00179494928,-0.890012906,0.00021155345,-1.89375161e-05
5.68,2840,APPROACH,single_red_center-f6430d296e:0001:APPROACH,PREGRASP_ROUTE,-0.476575107,0.995627571,0.043,1.05172092,-0.477539793,0.997873382,0.043296671,1.05061811,0.000964686471,-0.0022458107,-0.000296670969,0.00110280642,0.000964686471,0.0022458107,0.000296670969,0.00110280642,0.0204147186,-0.0448685568,0,0.0209333943,0.0188384807,-0.0413810309,-7.3132079e-16,0.020789298,0.00157623789,-0.0034875259,7.3132079e-16,0.000144096266,0.032168835,-0.0705092144,0,0.00213803387,0.0421479345,-0.0948771803,-5.56587322e-14,0.00419267405,0.37802931,-0.00629835536,0.06,1.57077338,0.377800187,-0.00627306458,0.059703329,1.5709517,0,0,4.45128382e-08,0,1.06269697e-07,0,0,0,0.0705676711,0.000964686471,0.0022458107,0.000324072532,0.0705676711,0.00126785283,-0.00192535035,-0.890012906,0.000210433147,-2.22745608e-05
5.72,2860,APPROACH,single_red_center-f6430d296e:0001:APPROACH,PREGRASP_ROUTE,-0.475733195,0.993777326,0.043,1.05256011,-0.476760835,0.99616388,0.043296671,1.05145196,0.00102764081,-0.00238655479,-0.000296670969,0.00110815802,0.00102764081,0.00238655479,0.000296670969,0.00110815802,0.0216702332,-0.0476203269,0,0.0210301635,0.0200598899,-0.0439838734,-5.78594224e-16,0.0208949169,0.0016103433,-0.00363645346,5.78594224e-16,0.0001352466,0.0305592419,-0.066974761,0,0.00271578854,0.044568358,-0.0994703677,-5.68687046e-14,0.00369179621,0.378218017,-0.00630141075,0.06,1.57060425,0.377974919,-0.0062754361,0.059703329,1.570855,0,0,4.59669407e-08,0,8.83720324e-09,0,0,0,0.0705676711,0.00102764081,0.00238655479,0.000324072532,0.0705676711,0.00135791045,-0.00203712183,-0.890012906,0.000210909442,-2.29760438e-05
5.76,2880,APPROACH,single_red_center-f6430d296e:0001:APPROACH,PREGRASP_ROUTE,-0.474842428,0.991820008,0.043,1.05340367,-0.475932317,0.99434903,0.043296671,1.0522899,0.00108988976,-0.00252902174,-0.000296670969,0.00111376774,0.00108988976,0.00252902174,0.000296670969,0.00111376774,0.0228555505,-0.0502179669,0,0.0211519171,0.0213009816,-0.0466229317,-4.27527728e-16,0.0209985808,0.00155456895,-0.00359503512,4.27527728e-16,0.000153336299,0.0286561209,-0.0627964672,0,0.00338819071,0.0439753352,-0.0985095031,2.55304185e-13,0.00395017959,0.378417296,-0.0063046205,0.06,1.57038125,0.378160128,-0.00627738918,0.059703329,1.57070661,0,0,4.50747848e-08,0,-3.24141318e-08,0,0,0,0.0705676711,0.00108988976,0.00252902174,0.000324072532,0.0705676711,0.00141051627,-0.00214100042,-0.890012906,0.000212220669,-2.2521132e-05
5.8,2900,APPROACH,single_red_center-f6430d296e:0001:APPROACH,PREGRASP_ROUTE,-0.473905853,0.989762308,0.043,1.05425265,-0.475054942,0.992429826,0.043296671,1.05313228,0.00114908951,-0.00266751812,-0.000296670969,0.00112037559,0.00114908951,0.00266751812,0.000296670969,0.00112037559,0.0239585975,-0.0526349955,0,0.0213025502,0.0224975349,-0.0491919243,-7.04759648e-16,0.0211178842,0.0014610626,-0.00344307116,7.04759648e-16,0.000184666087,0.0264427899,-0.0579377485,0,0.00416073504,0.0418113535,-0.0945090478,-5.56587322e-14,0.00455356032,0.378626407,-0.0063079791,0.06,1.57010911,0.378355658,-0.00627902,0.059703329,1.57050716,0,0,4.30214988e-08,0,-5.51814327e-08,0,0,0,0.0705676711,0.00114908951,0.00266751812,0.000324072532,0.0705676711,0.00144260352,-0.00223605946,-0.890012906,0.000214086815,-2.14908444e-05
5.84,2920,APPROACH,single_red_center-f6430d296e:0001:APPROACH,PREGRASP_ROUTE,-0.472927013,0.987612004,0.043,1.05510831,-0.474131241,0.990410498,0.043296671,1.05397992,0.00120422751,-0.0027984946,-0.000296670969,0.00112838876,0.00120422751,0.0027984946,0.000296670969,0.00112838876,0.0249666265,-0.0548434515,0,0.0214861804,0.0236174333,-0.0516269972,-5.53693153e-16,0.0212617776,0.00134919315,-0.00321645424,5.53693153e-16,0.000224402795,0.0239021906,-0.0523611951,0,0.00503903992,0.0387989188,-0.0884674691,-5.80786771e-14,0.00535341422,0.378844504,-0.0063114793,0.06,1.5697933,0.378561018,-0.00628055466,0.059703329,1.57025918,0,0,4.02513622e-08,0,-7.14149992e-08,0,0,0,0.0705676711,0.00120422751,0.0027984946,0.000324072532,0.0705676711,0.00146588264,-0.00231924766,-0.890012906,0.000216437484,-2.01053308e-05
5.88,2940,APPROACH,single_red_center-f6430d296e:0001:APPROACH,PREGRASP_ROUTE,-0.471909976,0.985378022,0.043,1.05597204,-0.473164666,0.988297424,0.043296671,1.05483394,0.00125469003,-0.0029194022,-0.000296670969,0.00113809975,0.00125469003,0.0029194022,0.000296670969,0.00113809975,0.0258662,-0.0568138612,0,0.0217071522,0.0246436858,-0.053881317,-4.04286729e-16,0.0214361969,0.00122251411,-0.00293254413,4.04286729e-16,0.000270955282,0.0210168949,-0.0460285863,0,0.00602884538,0.0352632209,-0.0808857435,2.55304185e-13,0.00630390594,0.379070629,-0.00631511197,0.06,1.56944009,0.378775502,-0.00628219502,0.059703329,1.5699667,0,0,3.69077267e-08,0,-8.56145237e-08,0,0,0,0.0705676711,0.00125469003,0.0029194022,0.000324072532,0.0705676711,0.00148488982,-0.00238891306,-0.890012906,0.000219279729,-1.84332744e-05
5.92,2960,APPROACH,single_red_center-f6430d296e:0001:APPROACH,PREGRASP_ROUTE,-0.47085936,0.9830705,0.043,1.05684544,-0.472159223,0.986098671,0.043296671,1.05569567,0.00129986315,-0.00302817096,-0.000296670969,0.00114976553,0.00129986315,0.00302817096,0.000296670969,0.00114976553,0.0266431762,-0.0585152061,0,0.0219700421,0.0255641955,-0.0559158128,-6.81518649e-16,0.0216461358,0.00107898066,-0.00259939337,6.81518649e-16,0.000323906355,0.0177691113,-0.0389009048,0,0.00713601085,0.0312693969,-0.0719519586,-5.68687046e-14,0.00739147696,0.379303704,-0.0063188658,0.06,1.56905658,0.378998234,-0.00628405803,0.059703329,1.56963512,0,0,3.30231034e-08,0,-9.9838974e-08,0,0,0,0.0705676711,0.00129986315,0.00302817096,0.000324072532,0.0705676711,0.00149904477,-0.00244429875,-0.890012906,0.000222645692,-1.64903291e-05
5.96,2980,APPROACH,single_red_center-f6430d296e:0001:APPROACH,PREGRASP_ROUTE,-0.469780363,0.980700845,0.043,1.05773027,-0.471119394,0.983823784,0.043296671,1.05656663,0.00133903156,-0.00312293946,-0.000296670969,0.00116363701,0.00133903156,0.00312293946,0.000296670969,0.00116363701,0.0272826946,-0.0599148917,0,0.0222796636,0.0263666506,-0.0576948679,-5.27132011e-16,0.0218963705,0.000916044018,-0.00222002374,5.27132011e-16,0.000383293132,0.0141406929,-0.0309383533,0,0.00836651277,0.0267875493,-0.0617393371,-5.80786771e-14,0.00861478924,0.379542534,-0.00632272712,0.06,1.56865075,0.379228197,-0.00628618403,0.059703329,1.56927102,0,0,2.85823492e-08,0,-1.14889394e-07,0,0,0,0.0705676711,0.00133903156,0.00312293946,0.000324072532,0.0705676711,0.00150579471,-0.00248500116,-0.890012906,0.000226578396,-1.42685531e-05
6,3000,APPROACH,single_red_center-f6430d296e:0001:APPROACH,PREGRASP_ROUTE,-0.468678792,0.978281802,0.043,1.0586285,-0.47005019,0.981483703,0.043296671,1.05744853,0.00137139798,-0.00320190149,-0.000296670969,0.00117997045,0.00137139798,0.00320190149,0.000296670969,0.00117997045,0.0277691618,-0.060978716,0,0.0226410713,0.0270370082,-0.059184149,-3.77725587e-16,0.0221917305,0.00073215367,-0.00179456699,3.77725587e-16,0.000449340766,0.0101131444,-0.0221003712,0,0.00972644201,0.0217690211,-0.0502594317,2.55304185e-13,0.00997683164,0.379785796,-0.00632667958,0.06,1.56823151,0.379464239,-0.00628857034,0.059703329,1.56888204,0,0,2.35557025e-08,0,-1.30811535e-07,0,0,0,0.0705676711,0.00137139798,0.00320190149,0.000324072532,0.0705676711,0.00150258642,-0.00251038961,-0.890012906,0.000231127196,-1.17529182e-05
6.04,3020,APPROACH,single_red_center-f6430d296e:0001:APPROACH,PREGRASP_ROUTE,-0.467561094,0.975827516,0.043,1.05954231,-0.468957218,0.979090739,0.043296671,1.05834327,0.00139612412,-0.00326322338,-0.000296670969,0.00119903302,0.00139612412,0.00326322338,0.000296670969,0.00119903302,0.0280862379,-0.06167084,0,0.0230595656,0.0275596476,-0.0603492766,-6.59937721e-16,0.0225372118,0.000526590322,-0.00132156338,6.59937721e-16,0.000522353826,0.00566763084,-0.0123456528,0,0.0112220012,0.0161758634,-0.0374893734,-5.68687046e-14,0.01148384,0.380032038,-0.00633070397,0.06,1.56780873,0.379705079,-0.00629120095,0.059703329,1.56847679,0,0,1.79170758e-08,0,-1.47418167e-07,0,0,0,0.0705676711,0.00139612412,0.00326322338,0.000324072532,0.0705676711,0.00148758738,-0.0025194155,-0.890012906,0.000236347891,-8.93055229e-06
6.08,3040,APPROACH,single_red_center-f6430d296e:0001:APPROACH,PREGRASP_ROUTE,-0.466434383,0.973353598,0.043,1.06047409,-0.467846735,0.976658597,0.043296671,1.05925298,0.0014123517,-0.00330499848,-0.000296670969,0.00122110445,0.0014123517,0.00330499848,0.000296670969,0.00122110445,0.0282168228,-0.0619537579,0,0.0235406974,0.0279178992,-0.0611548989,-5.15511511e-16,0.0229380343,0.000298923601,-0.000798858945,5.15511511e-16,0.000602663105,0.00078498638,-0.00163216655,0,0.0128595018,0.00998069018,-0.0233812438,-5.80786771e-14,0.013142351,0.380279676,-0.00633477789,0.06,1.5673933,0.379949306,-0.00629406205,0.059703329,1.56806485,0,0,1.16334049e-08,0,-1.64696511e-07,0,0,0,0.0705676711,0.0014123517,0.00330499848,0.000324072532,0.0705676711,0.00145959569,-0.00251065358,-0.890012906,0.000242299992,-5.78480536e-06
6.12,3060,APPROACH,single_red_center-f6430d296e:0001:APPROACH,PREGRASP_ROUTE,-0.465306473,0.970877194,0.043,1.06142646,-0.466725678,0.974202425,0.043296671,1.06017999,0.00141920496,-0.00332523057,-0.000296670969,0.00124647729,0.00141920496,0.00332523057,0.000296670969,0.00124647729,0.0281430437,-0.0617882686,0,0.024090272,0.0280944194,-0.0615641848,-4.30847871e-16,0.0233996693,4.86242232e-05,-0.000224083766,4.30847871e-16,0.000690602703,-0.00455427684,0.010082825,0,0.0146453611,0.00316266267,-0.00787809727,-5.92886495e-14,0.0149570375,0.380526983,-0.00633887557,0.06,1.56699719,0.380195377,-0.00629714573,0.059703329,1.56765673,0,0,4.67217247e-09,0,-1.82441394e-07,0,0,0,0.0705676711,0.00141920496,0.00332523057,0.000324072532,0.0705676711,0.00141772048,-0.00248246277,-0.890012906,0.000249044139,-2.29935853e-06
6.16,3080,APPROACH,single_red_center-f6430d296e:0001:APPROACH,PREGRASP_ROUTE,-0.464185909,0.968417052,0.043,1.06240229,-0.465601692,0.971738882,0.043296671,1.06112683,0.00141578344,-0.0033218306,-0.000296670969,0.0012754577,0.00141578344,0.0033218306,0.000296670969,0.0012754577,0.0278462416,-0.0611334478,0,0.0247143535,0.0280713361,-0.0615386842,-7.37961076e-16,0.0239278195,-0.000225094451,0.000405236313,7.37961076e-16,0.000786534063,-0.0103699588,0.0228427437,0,0.0165860991,-0.00427684556,0.00901941428,-5.56587322e-14,0.016937124,0.380772093,-0.00634296758,0.06,1.56663343,0.380441612,-0.00630044753,0.059703329,1.56726402,0,0,-2.98418534e-09,0,-1.93159231e-07,0,0,0,0.0705676711,0.00141933603,0.00332665177,0.000324072532,0.0705676711,0.00136111007,-0.00243310817,-0.890012906,0.000256646759,1.54157694e-06
6.2,3100,APPROACH,single_red_center-f6430d296e:0001:APPROACH,PREGRASP_ROUTE,-0.463081997,0.965993591,0.043,1.06340468,-0.46448315,0.969286207,0.043296671,1.06209631,0.00140115292,-0.00329261615,-0.000296670969,0.00130836621,0.00140115292,0.00329261615,0.000296670969,0.00130836621,0.0273069599,-0.0599466213,0,0.0254192688,0.0278300934,-0.0610379329,-6.44997079e-16,0.0245284535,-0.000523133438,0.00109131162,6.44997079e-16,0.000890815278,-0.0166821616,0.036691674,0,0.018688335,-0.0124217168,0.027545273,-5.68687046e-14,0.0190870124,0.381012989,-0.0063470206,0.06,1.56631627,0.380686187,-0.00630396287,0.059703329,1.56689937,0,0,-6.26228556e-09,0,-4.30430456e-08,0,0,0,0.0705676711,0.00141933603,0.00332665177,0.000324072532,0.0705676711,0.00128879881,-0.0023607901,-0.890012906,0.000265176908,3.14163622e-06
6.24,3120,APPROACH,single_red_center-f6430d296e:0001:APPROACH,PREGRASP_ROUTE,-0.462004839,0.963628973,0.043,1.06443698,-0.463379178,0.966864283,0.043296671,1.06309144,0.00137433876,-0.00323531028,-0.000296670969,0.00134553692,0.00137433876,0.00323531028,0.000296670969,0.00134553692,0.026504932,-0.0581833385,0,0.0262116115,0.0273515427,-0.0600200532,-4.98910798e-16,0.0252078288,-0.000846610757,0.00183671473,4.98910798e-16,0.00100378266,-0.0235112787,0.0516743395,0,0.0209587841,-0.0212327782,0.0475796208,-5.80786771e-14,0.0214154198,0.3812475,-0.00635099726,0.06,1.56606111,0.380927135,-0.00630768445,0.059703329,1.56657655,0,0,-7.81488065e-09,0,-2.38062711e-08,0,0,0,0.0705676711,0.00141933603,0.00332665177,0.000324072532,0.0705676711,0.00119971472,-0.00226370559,-0.890012906,0.000274703388,3.93037922e-06
6.28,3140,APPROACH,single_red_center-f6430d296e:0001:APPROACH,PREGRASP_ROUTE,-0.460965363,0.961347173,0.043,1.06550284,-0.462299688,0.964494719,0.043296671,1.06411552,0.00133432544,-0.00314754552,-0.000296670969,0.00138731714,0.00133432544,0.00314754552,0.000296670969,0.00138731714,0.0254190697,-0.0557973478,0,0.0270982454,0.0266156656,-0.058441125,-3.71085302e-16,0.0259724605,-0.00119659592,0.00264377724,3.71085302e-16,0.00112578492,-0.0308779841,0.0678360786,0,0.0234042537,-0.030742315,0.0692030568,2.54094212e-13,0.0239252753,0.381473296,-0.00635485593,0.06,1.56588465,0.381162332,-0.00631160124,0.059703329,1.56631055,0,0,-8.80622228e-09,0,-8.38196398e-09,0,0,0,0.0705676711,0.00141933603,0.00332665177,0.000324072532,0.0705676711,0.00109272712,-0.00214008623,-0.890012906,0.000285295898,4.43367759e-06
6.32,3160,APPROACH,single_red_center-f6430d296e:0001:APPROACH,PREGRASP_ROUTE,-0.459975357,0.959174054,0.043,1.06660617,-0.461255409,0.962200909,0.043296671,1.0651721,0.00128005281,-0.00302685487,-0.000296670969,0.00143406939,0.00128005281,0.00302685487,0.000296670969,0.00143406939,0.0240274528,-0.0527405722,0,0.0280863088,0.0256016782,-0.0562556349,-6.9479922e-16,0.0268290846,-0.00157422541,0.0035150627,6.9479922e-16,0.00125722421,-0.0388032209,0.0852228199,0,0.0260316397,-0.0409864229,0.092497727,-5.56587322e-14,0.0266279056,0.381687879,-0.00635855058,0.06,1.56580487,0.381389499,-0.00631569831,0.059703329,1.5661176,0,0,-9.6273389e-09,0,4.20754902e-09,0,0,0,0.0705676711,0.00141933603,0.00332665177,0.000324072532,0.0705676711,0.000966535926,-0.00198788711,-0.890012906,0.000297034813,4.85564201e-06
6.36,3180,APPROACH,single_red_center-f6430d296e:0001:APPROACH,PREGRASP_ROUTE,-0.459047502,0.957137438,0.043,1.06775117,-0.46025792,0.960008111,0.043296671,1.066265,0.00121041753,-0.00287067297,-0.000296670969,0.00148617096,0.00121041753,0.00287067297,0.000296670969,0.00148617096,0.0223073181,-0.0489630863,0,0.0291832171,0.0242879133,-0.0534161825,-5.70293867e-16,0.0277847492,-0.00198059519,0.00445309621,5.70293867e-16,0.00139846789,-0.0473081891,0.103881056,0,0.0288479225,-0.0519916938,0.117522125,-5.80786771e-14,0.0295309375,0.381888577,-0.00636203075,0.06,1.5658411,0.381606192,-0.00631995714,0.059703329,1.56601519,0,0,-1.0412971e-08,0,1.81925046e-08,0,0,0,0.0705676711,0.00141933603,0.00332665177,0.000324072532,0.0705676711,0.000819838661,-0.00180506501,-0.890012906,0.000309999405,5.26326026e-06
6.4,3200,APPROACH,single_red_center-f6430d296e:0001:APPROACH,PREGRASP_ROUTE,-0.458195471,0.955267319,0.043,1.06894238,-0.459319683,0.957943519,0.043296671,1.06739833,0.0011242122,-0.00267620042,-0.000296670969,0.00154404844,0.0011242122,0.00267620042,0.000296670969,0.00154404844,0.0202347877,-0.0444125199,0,0.0303967533,0.0226515206,-0.0498727386,-4.15907229e-16,0.0288468802,-0.00241673296,0.00546021862,4.15907229e-16,0.00154987318,-0.0564147668,0.123858765,0,0.0318603041,-0.0640352432,0.144954724,2.55304185e-13,0.0326973815,0.382072521,-0.00636524125,0.06,1.56601423,0.381809792,-0.00632435572,0.059703329,1.56602217,0,0,-1.12291077e-08,0,1.98682825e-08,0,0,0,0.0705676711,0.00141933603,0.00332665177,0.000324072532,0.0705676711,0.0006500487,-0.00158742801,-0.890012906,0.000324341073,5.67476691e-06
6.44,3220,APPROACH,single_red_center-f6430d296e:0001:APPROACH,PREGRASP_ROUTE,-0.457433801,0.953595586,0.043,1.0701846,-0.458454085,0.956036336,0.043296671,1.06857652,0.0010202837,-0.00244074966,-0.000296670969,0.00160808265,0.0010202837,0.00244074966,0.000296670969,0.00160808265,0.0177855819,-0.0390356223,0,0.031734832,0.0206693476,-0.0455747739,-6.98119363e-16,0.0300229899,-0.00288376568,0.00653915155,6.98119363e-16,0.00171184208,-0.0661442727,0.145202699,0,0.0350758051,-0.0770071286,0.174518508,-5.56587322e-14,0.036092581,0.382236671,-0.00636812284,0.06,1.56634639,0.381997504,-0.00632886893,0.059703329,1.56615877,0,0,-1.20751305e-08,0,1.72010749e-08,0,0,0,0.0705676711,0.00141933603,0.00332665177,0.000324072532,0.0705676711,0.000456477541,-0.00133386594,-0.890012906,0.000340094263,6.0973295e-06
6.48,3240,APPROACH,single_red_center-f6430d296e:0001:APPROACH,PREGRASP_ROUTE,-0.456778057,0.952156386,0.043,1.07148298,-0.457675459,0.954317843,0.043296671,1.06980428,0.000897402254,-0.00216145722,-0.000296670969,0.00167869311,0.000897402254,0.00216145722,0.000296670969,0.00167869311,0.0149343734,-0.0327768446,0,0.0332057129,0.0183171837,-0.0404693656,-5.48712939e-16,0.0313209447,-0.00338281031,0.007692521,5.48712939e-16,0.00188476816,-0.0765185611,0.167960787,0,0.0385016212,-0.0909226511,0.206245098,-5.80786771e-14,0.0397220939,0.382377776,-0.0063706119,0.06,1.5668613,0.38216634,-0.00633346848,0.059703329,1.56644667,0,0,-1.29680583e-08,0,1.20571594e-08,0,0,0,0.0705676711,0.00141933603,0.00332665177,0.000324072532,0.0705676711,0.000237748425,-0.00104214173,-0.890012906,0.000357343816,6.54078611e-06
6.52,3260,APPROACH,single_red_center-f6430d296e:0001:APPROACH,PREGRASP_ROUTE,-0.45624484,0.950986136,0.043,1.07284298,-0.456999129,0.952821481,0.043296671,1.07108667,0.000754288803,-0.00183534463,-0.000296670969,0.00175631762,0.000754288803,0.00183534463,0.000296670969,0.00175631762,0.0116549304,-0.0255786547,0,0.0348179537,0.0155699201,-0.0345016226,-3.92666229e-16,0.0327489217,-0.0039149897,0.0089229679,3.92666229e-16,0.00206903199,-0.0875597335,0.192181495,0,0.0421450291,-0.105816376,0.240213639,2.55304185e-13,0.0435946309,0.382492367,-0.00637264085,0.06,1.56758428,0.382313113,-0.00633812296,0.059703329,1.56690902,0,0,-1.39157891e-08,0,4.18151597e-09,0,0,0,0.0705676711,0.00141933603,0.00332665177,0.000324072532,0.0705676711,-7.66468816e-06,-0.000709756155,-0.890012906,0.000376181809,7.00877494e-06
6.56,3280,APPROACH,single_red_center-f6430d296e:0001:APPROACH,PREGRASP_ROUTE,-0.455851818,0.950123596,0.043,1.07427045,-0.456441442,0.951582934,0.043296671,1.07242905,0.000589624194,-0.00145933848,-0.000296670969,0.00184140706,0.000589624194,0.00145933848,0.000296670969,0.00184140706,0.00792013297,-0.0173815732,0,0.0365804043,0.0124015956,-0.027614833,-6.69898149e-16,0.0343154091,-0.00448146259,0.0102332597,6.69898149e-16,0.00226499517,-0.0992900823,0.217913712,0,0.0460133685,-0.121706499,0.27646357,-5.68687046e-14,0.0477117926,0.382576744,-0.00637413848,0.06,1.56854223,0.382434424,-0.00634279794,0.059703329,1.56757054,0,0,-1.48821115e-08,0,-1.97717228e-09,0,0,0,0.0705676711,0.00141933603,0.00332665177,0.000324072532,0.0705676711,-0.000281251205,-0.000334227675,-0.890012906,0.000396695446,7.4777596e-06
6.6,3300,APPROACH,single_red_center-f6430d296e:0001:APPROACH,PREGRASP_ROUTE,-0.455617762,0.949609942,0.043,1.07577158,-0.456019803,0.950640191,0.043296671,1.07383715,0.000402040613,-0.00103024969,-0.000296670969,0.00193442929,0.000402040613,0.00103024969,0.000296670969,0.00193442929,0.00370196633,-0.00812415755,0,0.0385022095,0.00878539834,-0.0197503737,-5.30452154e-16,0.0360291003,-0.00508343201,0.0116262161,5.30452154e-16,0.00247310925,-0.111732077,0.245206714,0,0.0501140373,-0.138639459,0.315103892,-5.80786771e-14,0.052087995,0.382626958,-0.00637503063,0.06,1.56976376,0.382526646,-0.00634745669,0.059703329,1.56845754,0,0,-1.59190887e-08,0,-1.04772968e-08,0,0,0,0.0705676711,0.00141933603,0.00332665177,0.000324072532,0.0705676711,-0.000584696036,8.72650339e-05,-0.890012906,0.00041898835,7.97772608e-06
6.64,3320,APPROACH,single_red_center-f6430d296e:0001:APPROACH,PREGRASP_ROUTE,-0.455570007,0.949480008,0.043,1.07735402,-0.455752701,0.950033425,0.043296671,1.07531708,0.000182694195,-0.000553416541,-0.000296670969,0.00203693523,0.000182694195,0.000553416541,0.000296670969,0.00203693523,-0.00264665681,0.00031495856,0,0.0408304454,0.00469226217,-0.0108944127,-3.67765159e-16,0.0379064121,-0.00733891898,0.0112093713,3.67765159e-16,0.00292403321,-0.31692838,0.0376251111,0,0.0823918715,-0.15579665,0.341999851,2.54094212e-13,0.0588171339,0.382639583,-0.00637963839,0.06,1.57126402,0.38258593,-0.00635209415,0.059703329,1.5695978,0,0,-1.53139364e-08,0,3.43572703e-07,0,0,0,0.0705676711,0.00141933603,0.00332665177,0.000324072532,0.0705676711,-0.00106817127,0.000448037146,-0.890012906,0.000444917202,7.74506153e-06
6.68,3340,APPROACH,single_red_center-f6430d296e:0001:APPROACH,PREGRASP_ROUTE,-0.455925817,0.949522015,0.043,1.07905254,-0.4556706,0.949765678,0.043296671,1.07688144,-0.000255217389,-0.000243662529,-0.000296670969,0.0021710986,0.000255217389,0.000243662529,0.000296670969,0.0021710986,-0.0150423433,0.00176661546,0,0.0440775845,-0.000760377374,-0.00338652364,-6.53297436e-16,0.0403098205,-0.0142819659,0.00515313909,6.53297436e-16,0.00376776399,-0.302538074,0.0349072739,0,0.079903648,-0.216186598,0.246727711,-5.68687046e-14,0.0806344351,0.382633308,-0.00650838637,0.06,1.57264874,0.382611851,-0.00636782469,0.059703329,1.57097652,0,0,6.74076118e-09,0,2.03805068e-07,0,0,0,0.0705676711,0.00141933603,0.00332665177,0.000324072532,0.0705676711,-0.00471934442,-0.000806833905,-0.890012906,0.00048602562,-3.44902079e-06
6.72,3360,APPROACH,single_red_center-f6430d296e:0001:APPROACH,PREGRASP_ROUTE,-0.456765403,0.949619828,0.043,1.08087885,-0.455873118,0.949733066,0.043296671,1.07855363,-0.000892284807,-0.000113237179,-0.000296670969,0.00232521607,0.000892284807,0.000113237179,0.000296670969,0.00232521607,-0.0268229946,0.00310327965,0,0.0472175898,-0.00948927711,0.00106589213,-5.03891012e-16,0.0431982345,-0.0173337175,0.00203738752,5.03891012e-16,0.00401935538,-0.286164329,0.0318735564,0,0.0770327979,-0.300148047,0.162209513,-5.80786771e-14,0.0894547264,0.382618453,-0.00681240261,0.06,1.57373328,0.382613646,-0.0064510535,0.059703329,1.57241358,0,0,9.4484613e-09,0,2.53029945e-09,0,0,0,0.0705676711,0.00141933603,0.00332665177,0.000324072532,0.0705676711,-0.00924911006,-0.00239110917,-0.890012906,0.000518352636,-4.75920962e-06
6.76,3380,APPROACH,single_red_center-f6430d296e:0001:APPROACH,PREGRASP_ROUTE,-0.458062557,0.949768593,0.043,1.08282836,-0.456485621,0.949827121,0.043296671,1.08034474,-0.00157693623,-5.85283917e-05,-0.000296670969,0.00248361237,0.00157693623,5.85283917e-05,0.000296670969,0.00248361237,-0.0379077753,0.00431208409,0,0.0502348645,-0.020862848,0.00324167618,-3.77725587e-16,0.046208903,-0.0170449273,0.00107040791,3.77725587e-16,0.0040259615,-0.267732031,0.0285123309,0,0.0737646898,-0.345146359,0.108622202,2.55304185e-13,0.0904461585,0.382595248,-0.00728248264,0.06,1.57453439,0.382600715,-0.0066688357,0.059703329,1.57368624,0,0,9.08102226e-09,0,2.4798664e-09,0,0,0,0.0705676711,0.00157693623,0.00332665177,0.000324072532,0.0705676711,-0.0121152071,-0.00331546865,-0.890012906,0.000546236258,-4.58127122e-06
6.8,3400,APPROACH,single_red_center-f6430d296e:0001:APPROACH,PREGRASP_ROUTE,-0.459787778,0.949962929,0.043,1.08489583,-0.457577256,0.949979862,0.043296671,1.08225583,-0.00221052235,-1.69338717e-05,-0.000296670969,0.00264000008,0.00221052235,1.69338717e-05,0.000296670969,0.00264000008,-0.0482128359,0.00537969517,0,0.0531132246,-0.0331102618,0.00422709786,-6.84838792e-16,0.0491835398,-0.0151025741,0.00115259731,6.84838792e-16,0.00392968472,-0.247165581,0.0248118978,0,0.070084597,-0.344637235,0.0827915378,-5.68687046e-14,0.088410174,0.382563819,-0.0079082403,0.06,1.57507098,0.382578768,-0.00705957166,0.059703329,1.57465843,0,0,9.24593528e-09,0,1.77090906e-08,0,0,0,0.0705676711,0.00221052235,0.00332665177,0.000324072532,0.0705676711,-0.0130333877,-0.00347968139,-0.890012906,0.000573084707,-4.67379226e-06
6.84,3420,APPROACH,single_red_center-f6430d296e:0001:APPROACH,PREGRASP_ROUTE,-0.46190815,0.950196914,0.043,1.08707537,-0.459150608,0.95016194,0.043296671,1.08428399,-0.00275754197,3.49738882e-05,-0.000296670969,0.00279138647,0.00275754197,3.49738882e-05,0.000296670969,0.00279138647,-0.0576512942,0.00629231001,0,0.0558358952,-0.0448001297,0.00482515946,-5.40412582e-16,0.052061073,-0.0128511645,0.00146715055,5.40412582e-16,0.00377482221,-0.224388949,0.020760493,0,0.0659777071,-0.315799555,0.0728963636,-5.80786771e-14,0.0850252052,0.38252424,-0.00867806873,0.06,1.57536414,0.38255002,-0.0076293792,0.059703329,1.57529532,0,0,9.68241981e-09,0,1.42044204e-08,0,0,0,0.0705676711,0.00275754197,0.00332665177,0.000324072532,0.0705676711,-0.0127011307,-0.00316738497,-0.890012906,0.000599042498,-4.88427356e-06
6.88,3440,APPROACH,single_red_center-f6430d296e:0001:APPROACH,PREGRASP_ROUTE,-0.464387223,0.950464065,0.043,1.08936042,-0.461166398,0.95036704,0.043296671,1.08642462,-0.00322082517,9.70250554e-05,-0.000296670969,0.00293580355,0.00322082517,9.70250554e-05,0.000296670969,0.00293580355,-0.0661332193,0.00703565406,0,0.0583855078,-0.0552350608,0.0054102136,-3.86025944e-16,0.0548092838,-0.0108981585,0.00162544046,3.86025944e-16,0.00357622399,-0.199325728,0.0163462968,0,0.0614291328,-0.276955527,0.068203415,2.55304185e-13,0.0807884786,0.382476595,-0.00957910132,0.06,1.57543726,0.382514591,-0.00836429266,0.059703329,1.57562526,0,0,1.00626633e-08,0,6.86095131e-09,0,0,0,0.0705676711,0.00322082517,0.00332665177,0.000324072532,0.0705676711,-0.0118797669,-0.00268509309,-0.890012906,0.000623340154,-5.06571714e-06
6.92,3460,APPROACH,single_red_center-f6430d296e:0001:APPROACH,PREGRASP_ROUTE,-0.467184886,0.950757319,0.043,1.09174369,-0.463570101,0.950596635,0.043296671,1.088672,-0.00361478457,0.000160683712,-0.000296670969,0.00307168487,0.00361478457,0.000160683712,0.000296670969,0.00307168487,-0.0735656178,0.00759497904,0,0.0607440967,-0.064270745,0.00604087976,-6.64917935e-16,0.0574028289,-0.00929487282,0.00155409927,6.64917935e-16,0.0033412678,-0.171899189,0.011557442,0,0.0564239217,-0.238437678,0.0622611083,-5.68687046e-14,0.0758157968,0.382421035,-0.010597173,0.06,1.57531612,0.382471895,-0.00924313688,0.059703329,1.57569854,0,0,1.03800399e-08,0,3.28959414e-09,0,0,0,0.0705676711,0.00361478457,0.00332665177,0.000324072532,0.0705676711,-0.0110160321,-0.00221529922,-0.890012906,0.00064529164,-5.21649093e-06
6.96,3480,APPROACH,single_red_center-f6430d296e:0001:APPROACH,PREGRASP_ROUTE,-0.470257248,0.951069011,0.043,1.09421717,-0.466307346,0.950850973,0.043296671,1.09101946,-0.00394990231,0.000218038229,-0.000296670969,0.00319770987,0.00394990231,0.000218038229,0.000296670969,0.00319770987,-0.0798524215,0.00795506118,0,0.0628930972,-0.0719983281,0.00663096664,-5.37092439e-16,0.0598179055,-0.00785409339,0.00132409454,5.37092439e-16,0.00307519174,-0.142032333,0.00638202208,0,0.0509470678,-0.202899765,0.0529254583,-5.80786771e-14,0.070151129,0.382357847,-0.0117167821,0.06,1.57502893,0.382421473,-0.0102450051,0.059703329,1.57556309,0,0,1.07597001e-08,0,4.06982104e-09,0,0,0,0.0705676711,0.00394990231,0.00332665177,0.000324072532,0.0705676711,-0.0102372833,-0.00181325983,-0.890012906,0.000664546334,-5.39984597e-06
7,3500,APPROACH,single_red_center-f6430d296e:0001:APPROACH,PREGRASP_ROUTE,-0.473556515,0.95139086,0.043,1.0967721,-0.469328101,0.951126137,0.043296671,1.09345937,-0.00422841443,0.000264722118,-0.000296670969,0.00331272819,0.00422841443,0.000264722118,0.000296670969,0.00331272819,-0.084894478,0.00810019987,0,0.0648133436,-0.0785172138,0.00707397896,-4.09266943e-16,0.0620319592,-0.00637726416,0.00102622091,4.09266943e-16,0.0027813844,-0.109647947,0.000808100592,0,0.0449835217,-0.168825812,0.0405125593,2.55304185e-13,0.0638297909,0.382287515,-0.012921052,0.06,1.57460644,0.382363286,-0.0113513865,0.059703329,1.57525741,0,0,1.12792476e-08,0,7.52521922e-09,0,0,0,0.0705676711,0.00422841443,0.00332665177,0.000324072532,0.0705676711,-0.00949000657,-0.00146182414,-0.890012906,0.000680974689,-5.65495792e-06
7.04,3520,APPROACH,single_red_center-f6430d296e:0001:APPROACH,PREGRASP_ROUTE,-0.477030865,0.951713946,0.043,1.09939893,-0.472584659,0.951414586,0.043296671,1.09598324,-0.00444620565,0.000299359701,-0.000296670969,0.00341568773,0.00444620565,0.000299359701,0.000296670969,0.00341568773,-0.0885895434,0.0080142166,0,0.0664850674,-0.0838427978,0.00729744383,-7.08079791e-16,0.0640237309,-0.00474674562,0.000716772776,7.08079791e-16,0.0024613365,-0.0746686641,-0.00517628065,0,0.0385182019,-0.133736883,0.026082796,-5.56587322e-14,0.0568916544,0.38221079,-0.014191694,0.06,1.57408201,0.38229772,-0.0125453071,0.059703329,1.57481317,0,0,1.19110325e-08,0,1.16662894e-08,0,0,0,0.0705676711,0.00444620565,0.00332665177,0.000324072532,0.0705676711,-0.00867242366,-0.0011241451,-0.890012906,0.000694520721,-5.9659667e-06
7.08,3540,APPROACH,single_red_center-f6430d296e:0001:APPROACH,PREGRASP_ROUTE,-0.480624323,0.952028693,0.043,1.10208732,-0.476028085,0.951706717,0.043296671,1.09858176,-0.00459623799,0.000321976795,-0.000296670969,0.00350556167,0.00459623799,0.000321976795,0.000296670969,0.00350556167,-0.090832277,0.00768045429,0,0.0678878965,-0.087906976,0.00726727295,-5.5037301e-16,0.0657729272,-0.00292530104,0.000413181334,5.5037301e-16,0.00211496934,-0.0370170167,-0.0115830924,0,0.0315360059,-0.0958255136,0.0104633289,-5.80786771e-14,0.0493503865,0.382128745,-0.0155089697,0.06,1.57349169,0.382225506,-0.0138097003,0.059703329,1.57426039,0,0,1.26098559e-08,0,1.62879048e-08,0,0,0,0.0705676711,0.00459623799,0.00332665177,0.000324072532,0.0705676711,-0.00770572213,-0.000772302419,-0.890012906,0.000705081801,-6.3102751e-06
7.12,3560,APPROACH,single_red_center-f6430d296e:0001:APPROACH,PREGRASP_ROUTE,-0.484276641,0.95232485,0.043,1.1048261,-0.479605579,0.951992098,0.043296671,1.1012448,-0.00467106152,0.000332752701,-0.000296670969,0.00358130087,0.00467106152,0.000332752701,0.000296670969,0.00358130087,-0.0915142388,0.00708177693,0,0.0690008546,-0.0905935132,0.00697189605,-3.91006158e-16,0.0672594729,-0.000920725537,0.000109880886,3.91006158e-16,0.00174138166,0.00338450253,-0.0184243088,0,0.0240218218,-0.0542943934,-0.00598825343,2.55304185e-13,0.0411966456,0.382042839,-0.0168516536,0.06,1.57287431,0.382147693,-0.0151261892,0.059703329,1.57363132,0,0,1.33315516e-08,0,2.15132663e-08,0,0,0,0.0705676711,0.00467106152,0.00332665177,0.000324072532,0.0705676711,-0.00655097732,-0.000394139285,-0.890012906,0.000712485578,-6.66573873e-06
7.16,3580,APPROACH,single_red_center-f6430d296e:0001:APPROACH,PREGRASP_ROUTE,-0.487923169,0.95259147,0.043,1.10760324,-0.48325929,0.952260009,0.043296671,1.10396142,-0.00466387917,0.000331461365,-0.000296670969,0.00364181558,0.00466387917,0.000331461365,0.000296670969,0.00364181558,-0.0905238886,0.0062005697,0,0.0698023607,-0.0917711661,0.00640597818,-6.61597792e-16,0.0684628685,0.00124727754,-0.000205408482,6.61597792e-16,0.00133949222,0.0466133821,-0.0257118987,0,0.0159605395,-0.00904732055,-0.0232582923,2.5772413e-13,0.0324185208,0.38195496,-0.0181969953,0.06,1.57227154,0.382065663,-0.0164745425,0.059703329,1.57296214,0,0,1.40516122e-08,0,2.62887275e-08,0,0,0,0.0705676711,0.00467811501,0.00332665177,0.000324072532,0.0705676711,-0.00519806409,1.10948036e-05,-0.890012906,0.000716518572,-7.0197962e-06
7.2,3600,APPROACH,single_red_center-f6430d296e:0001:APPROACH,PREGRASP_ROUTE,-0.491494736,0.952816892,0.043,1.11040584,-0.486926142,0.952499469,0.043296671,1.10671986,-0.00456859343,0.000317422885,-0.000296670969,0.00368597402,0.00456859343,0.000317422885,0.000296670969,0.00368597402,-0.0877465884,0.00501873928,0,0.0702702299,-0.0913115729,0.0055611125,-5.10531297e-16,0.0693619966,0.00356498449,-0.000542373211,5.10531297e-16,0.000908233323,0.0927470325,-0.0334578155,0,0.00733706233,0.0397478541,-0.0415018967,-5.80786771e-14,0.0229986937,0.381867469,-0.0195206806,0.06,1.57172799,0.38198119,-0.0178326099,0.059703329,1.57229319,0,0,4.43336046e-08,0,1.00868186e-06,0,0,0,0.0705676711,0.00467811501,0.00332665177,0.000324072532,0.0705676711,-0.00364859695,0.000439473665,-0.890012906,0.000716941465,-2.259044e-05
7.24,3620,APPROACH,single_red_center-f6430d296e:0001:APPROACH,PREGRASP_ROUTE,-0.494917523,0.952988721,0.043,1.1132201,-0.49053808,0.952699049,0.043296671,1.1095075,-0.00437944244,0.000289671756,-0.000296670969,0.0037126045,0.00437944244,0.000289671756,0.000296670969,0.0037126045,-0.0830646066,0.00351771474,0,0.0703816739,-0.0890934315,0.00442352161,-7.84443074e-16,0.0699350192,0.00602882495,-0.00090580687,7.84443074e-16,0.000446654772,0.141862725,-0.0416739888,0,-0.00186368099,0.0919190413,-0.0608384784,-5.56587322e-14,0.0129148893,0.381783224,-0.0207967907,0.06,1.5712913,0.381896494,-0.0191764527,0.059703329,1.57166847,0,0,6.02303785e-08,0,5.70965112e-07,0,0,0,0.0705676711,0.00467811501,0.00332665177,0.000324072532,0.0705676711,-0.00190411255,0.00088693147,-0.890012906,0.000713503612,-3.02007906e-05
7.28,3640,APPROACH,single_red_center-f6430d296e:0001:APPROACH,PREGRASP_ROUTE,-0.49811294,0.953093811,0.043,1.11603131,-0.494022289,0.952846662,0.043296671,1.11231081,-0.00409065077,0.000247149089,-0.000296670969,0.00372050094,0.00409065077,0.000247149089,0.000296670969,0.00372050094,-0.0763571245,0.00167844861,0,0.0701133023,-0.0849992793,0.0029747197,-6.3503665e-16,0.0701593472,0.00864215477,-0.00129627109,6.3503665e-16,-4.60448494e-05,0.194037531,-0.0503723142,0,-0.0116567246,0.147374553,-0.0812753126,-5.68687046e-14,0.00215001402,0.381705588,-0.021997759,0.06,1.57101218,0.381814288,-0.0204804706,0.059703329,1.57113518,0,0,8.04248435e-08,0,4.9831228e-07,0,0,0,0.0705676711,0.00467811501,0.00332665177,0.000324072532,0.0705676711,3.79539005e-05,0.00135181935,-0.890012906,0.000705958547,-4.02921105e-05
7.32,3660,APPROACH,single_red_center-f6430d296e:0001:APPROACH,PREGRASP_ROUTE,-0.501007784,0.953118339,0.043,1.11882682,-0.497301429,0.952929616,0.043296671,1.11511543,-0.00370635522,0.000188722298,-0.000296670969,0.00371138973,0.00370635522,0.000188722298,0.000296670969,0.00371138973,-0.069585459,-0.000494777035,0,0.0700533288,-0.0789461958,0.00123056104,-4.93930583e-16,0.0700295621,0.00936073677,-0.00172533807,4.93930583e-16,2.37666729e-05,0.00776037227,-0.055427663,0,0.0479363838,0.197155057,-0.0915631397,-5.80786771e-14,-0.00463848538,0.381638167,-0.023098231,0.06,1.57093737,0.381737777,-0.0217174819,0.059703329,1.57074362,0,0,9.85353876e-08,0,1.41787487e-07,0,0,0,0.0705676711,0.00467811501,0.00332665177,0.000324072532,0.0705676711,0.00200115554,0.00181609426,-0.890012906,0.000699059553,-4.94510388e-05
7.36,3680,APPROACH,single_red_center-f6430d296e:0001:APPROACH,PREGRASP_ROUTE,-0.503785716,0.953055728,0.043,1.12166649,-0.500324654,0.9529529,0.043296671,1.11792101,-0.00346106144,0.000102828202,-0.000296670969,0.00374548479,0.00346106144,0.000102828202,0.000296670969,0.00374548479,-0.0693294511,-0.00259777501,0,0.0719105124,-0.0728220057,0.000105514995,-7.74482646e-16,0.0704180542,0.00349255461,-0.00270329,7.74482646e-16,0.00149245818,0.00500215911,-0.0496427936,0,0.0448808231,0.147217135,-0.0569982039,-5.56587322e-14,0.0277292387,0.381577969,-0.0241695849,0.06,1.57093651,0.381668339,-0.0228672725,0.059703329,1.57054925,0,0,6.54400071e-08,0,-6.57871396e-07,0,0,0,0.0705676711,0.00467811501,0.00332665177,0.000324072532,0.0705676711,0.000943859244,0.00142400242,-0.890012906,0.000735332233,-3.25194846e-05
7.4,3700,APPROACH,single_red_center-f6430d296e:0001:APPROACH,PREGRASP_ROUTE,-0.506555673,0.95291375,0.043,1.12457794,-0.503151108,0.952935127,0.043296671,1.1207618,-0.00340456461,-2.13763217e-05,-0.000296670969,0.00381614466,0.00340456461,2.13763217e-05,0.000296670969,0.00381614466,-0.0691882605,-0.00445996182,0,0.073640499,-0.0691391872,-0.00101915753,-6.33376579e-16,0.0716457471,-4.90733692e-05,-0.00344080429,6.33376579e-16,0.00199475192,0.00201832369,-0.043384662,0,0.0415752578,0.0727580026,-0.0604301791,-5.68687046e-14,0.0438755649,0.381521816,-0.0252520581,0.06,1.57093602,0.381603727,-0.0239491488,0.059703329,1.57054582,0,0,4.6722382e-08,0,-3.8077871e-07,0,0,0,0.0705676711,0.00467811501,0.00332665177,0.000324072532,0.0705676711,-0.00159727789,0.000408937955,-0.890012906,0.000761461622,-2.32697203e-05
7.44,3720,APPROACH,single_red_center-f6430d296e:0001:APPROACH,PREGRASP_ROUTE,-0.50932243,0.95270242,0.043,1.12755588,-0.505883554,0.952861351,0.043296671,1.12365905,-0.0034388757,-0.000158930806,-0.000296670969,0.00389683077,0.0034388757,0.000158930806,0.000296670969,0.00389683077,-0.0691710303,-0.00606216247,0,0.0752331607,-0.0678766884,-0.00266401523,-4.85630227e-16,0.0731591193,-0.0012943419,-0.00339814724,4.85630227e-16,0.00207404135,-0.00119704511,-0.036641008,0,0.0380132774,0.0179840779,-0.0674022477,-5.80786771e-14,0.0473773711,0.381468626,-0.0263457158,0.06,1.57093587,0.381543241,-0.0250050751,0.059703329,1.57063685,0,0,3.57464887e-08,0,-2.0223116e-07,0,0,0,0.0705676711,0.00467811501,0.00332665177,0.000324072532,0.0705676711,-0.00359606737,-0.000406158566,-0.890012906,0.00077812741,-1.78268584e-05
7.48,3740,APPROACH,single_red_center-f6430d296e:0001:APPROACH,PREGRASP_ROUTE,-0.512091132,0.952432528,0.043,1.1305946,-0.508599376,0.952714982,0.043296671,1.12661772,-0.00349175661,-0.000282453837,-0.000296670969,0.00397688835,0.00349175661,0.000282453837,0.000296670969,0.00397688835,-0.0692871388,-0.00738471283,0,0.0766781136,-0.0680573438,-0.00456795918,-7.81122932e-16,0.0746893384,-0.001229795,-0.00281675365,7.81122932e-16,0.00198877522,-0.00464982708,-0.0293996362,0,0.0341885056,-0.0083498291,-0.0651728944,-5.56587322e-14,0.0458615569,0.381417236,-0.0274506127,0.06,1.570936,0.381486504,-0.0260676179,0.059703329,1.57073332,0,0,2.94296492e-08,0,-1.24064325e-07,0,0,0,0.0705676711,0.00467811501,0.00332665177,0.000324072532,0.0705676711,-0.00452755182,-0.00079540569,-0.890012906,0.000791097203,-1.46882944e-05
7.52,3760,APPROACH,single_red_center-f6430d296e:0001:APPROACH,PREGRASP_ROUTE,-0.514867304,0.95211566,0.043,1.133688,-0.511335696,0.952494076,0.043296671,1.12963599,-0.0035316077,-0.000378416059,-0.000296670969,0.00405200749,0.0035316077,0.000378416059,0.000296670969,0.00405200749,-0.0695461993,-0.00840746249,0,0.0779647198,-0.0687535053,-0.00634084597,-6.26736294e-16,0.0761334349,-0.000792693982,-0.00206661652,6.26736294e-16,0.00183128492,-0.00834586586,-0.0216484268,0,0.0300946054,-0.0149869797,-0.0542624519,-5.68687046e-14,0.0423814009,0.381366403,-0.0285667925,0.06,1.57093635,0.381432616,-0.0271513374,0.059703329,1.57079437,0,0,2.50061305e-08,0,-1.02307332e-07,0,0,0,0.0705676711,0.00467811501,0.00332665177,0.000324072532,0.0705676711,-0.00466622123,-0.000858519902,-0.890012906,0.000802140257,-1.24834507e-05
7.56,3780,APPROACH,single_red_center-f6430d296e:0001:APPROACH,PREGRASP_ROUTE,-0.517656859,0.951764219,0.043,1.1368295,-0.514101,0.952209676,0.043296671,1.13270941,-0.00355585853,-0.000445456745,-0.000296670969,0.00412008913,0.00355585853,0.000445456745,0.000296670969,0.00412008913,-0.0699580577,-0.0091097779,0,0.0790820886,-0.0694584737,-0.00773585852,-4.72349656e-16,0.0774485226,-0.00049958401,-0.00137391939,4.72349656e-16,0.00163356599,-0.0122909641,-0.0133753449,0,0.0257252846,-0.0137978069,-0.0390899242,-5.80786771e-14,0.0379695727,0.381314806,-0.0296942861,0.06,1.57093686,0.381380213,-0.0282575142,0.059703329,1.57081809,0,0,2.07957185e-08,0,-1.0950479e-07,0,0,0,0.0705676711,0.00467811501,0.00332665177,0.000324072532,0.0705676711,-0.00446944242,-0.000772429713,-0.890012906,0.000811342809,-1.03773291e-05
7.6,3800,APPROACH,single_red_center-f6430d296e:0001:APPROACH,PREGRASP_ROUTE,-0.52046611,0.951391442,0.043,1.14001214,-0.51689204,0.951879027,0.043296671,1.1358323,-0.0035740699,-0.00048758453,-0.000296670969,0.00417983305,0.0035740699,0.00048758453,0.000296670969,0.00417983305,-0.0705327913,-0.00947054607,0,0.0800190787,-0.0700479633,-0.00867334187,-7.46261433e-16,0.0786109082,-0.000484827959,-0.000797204197,7.46261433e-16,0.00140817043,-0.0164908788,-0.00456845077,0,0.0210743005,-0.0127602613,-0.0232069835,-5.56587322e-14,0.03296283,0.381261039,-0.0308331102,0.06,1.57093747,0.381327737,-0.0293818169,0.059703329,1.57081929,0,0,1.60876424e-08,0,-1.251328e-07,0,0,0,0.0705676711,0.00467811501,0.00332665177,0.000324072532,0.0705676711,-0.00426287297,-0.000664163479,-0.890012906,0.00081843197,-8.01915373e-06
7.64,3820,APPROACH,single_red_center-f6430d296e:0001:APPROACH,PREGRASP_ROUTE,-0.523301777,0.951011421,0.043,1.14322845,-0.519705461,0.951520286,0.043296671,1.13899817,-0.00359631573,-0.000508865303,-0.000296670969,0.00423028622,0.00359631573,0.000508865303,0.000296670969,0.00423028622,-0.0712807064,-0.00946817847,0,0.0807643001,-0.0705997874,-0.00916876922,-6.23416151e-16,0.0796030508,-0.000680919022,-0.00029940925,6.23416151e-16,0.00116124936,-0.020951316,0.00478408981,0,0.0161354661,-0.0149351088,-0.00807837088,-5.68687046e-14,0.0274793935,0.381203614,-0.0319832657,0.06,1.5709381,0.381273604,-0.0305196914,0.059703329,1.57081299,0,0,1.07633673e-08,0,-1.39107767e-07,0,0,0,0.0705676711,0.00467811501,0.00332665177,0.000324072532,0.0705676711,-0.00417911322,-0.000585047117,-0.890012906,0.000823204038,-5.35218825e-06
7.68,3840,APPROACH,single_red_center-f6430d296e:0001:APPROACH,PREGRASP_ROUTE,-0.526170996,0.950639119,0.043,1.14647055,-0.522542384,0.95115033,0.043296671,1.14219987,-0.00362861208,-0.000511211039,-0.000296670969,0.00427067855,0.00362861208,0.000511211039,0.000296670969,0.00427067855,-0.0722123367,-0.00908061555,0,0.0813061168,-0.0712377752,-0.00926001119,-1.13774238e-16,0.0804099227,-0.000974561513,0.000179395645,1.13774238e-16,0.000896194065,-0.0256779264,0.0146939956,0,0.0109026545,-0.0201995993,0.00634647788,-6.29185668e-14,0.0215745393,0.381140957,-0.0331447362,0.06,1.57093868,0.381216252,-0.0316685037,0.059703329,1.57080782,0,0,4.93286357e-09,0,-1.48717137e-07,0,0,0,0.0705676711,0.00467811501,0.00332665177,0.000324072532,0.0705676711,-0.00421937646,-0.000534519426,-0.890012906,0.000825570608,-2.43203142e-06
7.72,3860,APPROACH,single_red_center-f6430d296e:0001:APPROACH,PREGRASP_ROUTE,-0.52908133,0.950290393,0.043,1.14973006,-0.525408331,0.950784801,0.043296671,1.14542972,-0.00367299949,-0.000494408055,-0.000296670969,0.00430033767,0.00367299949,0.000494408055,0.000296670969,0.00430033767,-0.0733384406,-0.00828533148,0,0.0816326486,-0.0720529222,-0.00896823943,-4.07606872e-16,0.0810179644,-0.00128551842,0.000682907951,4.07606872e-16,0.000614684218,-0.0306763001,0.0251728596,0,0.00536980506,-0.027289069,0.0207020051,2.55304185e-13,0.0152844198,0.381071409,-0.0343174862,0.06,1.57093912,0.381154106,-0.0328275031,0.059703329,1.57080619,0,0,-4.84314996e-09,0,1.35929515e-07,0,0,0,0.0705676711,0.00467811501,0.00332665177,0.000324072532,0.0705676711,-0.00433470575,-0.000492109836,-0.890012906,0.000825495118,2.42707631e-06
7.76,3880,APPROACH,single_red_center-f6430d296e:0001:APPROACH,PREGRASP_ROUTE,-0.532040777,0.949982008,0.043,1.15299813,-0.528311435,0.950439026,0.043296671,1.14867949,-0.00372934263,-0.000457017716,-0.000296670969,0.00431863268,0.00372934263,0.000457017716,0.000296670969,0.00431863268,-0.0746699988,-0.00705933946,0,0.0817317747,-0.0730882292,-0.00828959449,-6.93139149e-16,0.0814145491,-0.00158176962,0.00123025503,6.93139149e-16,0.000317225603,-0.035951962,0.0362321391,0,-0.000469072038,-0.0350805119,0.0356083495,-5.56587322e-14,0.00863243434,0.380993223,-0.0355014592,0.06,1.57093936,0.381085543,-0.0339969728,0.059703329,1.57080709,0,0,-5.60857229e-09,0,-1.82877048e-09,0,0,0,0.0705676711,0.00467811501,0.00332665177,0.000324072532,0.0705676711,-0.00447896191,-0.000438289036,-0.890012906,0.000822932256,2.82538983e-06
7.8,3900,APPROACH,single_red_center-f6430d296e:0001:APPROACH,PREGRASP_ROUTE,-0.535057778,0.949731659,0.043,1.15626541,-0.531260798,0.950128895,0.043296671,1.15194047,-0.00379697985,-0.000397235647,-0.000296670969,0.00432493653,0.00379697985,0.000397235647,0.000296670969,0.00432493653,-0.0762182116,-0.00537919728,0,0.0815911361,-0.0743543331,-0.00720252421,-5.47052867e-16,0.0815875167,-0.00186387857,0.00182332693,5.47052867e-16,3.61936356e-06,-0.0415103666,0.0478831451,0,-0.00661988984,-0.042997455,0.0514033454,-5.80786771e-14,0.001624627,0.380904561,-0.0366965763,0.06,1.57093929,0.381008852,-0.035177443,0.059703329,1.57080857,0,0,-6.30061415e-09,0,7.19286867e-09,0,0,0,0.0705676711,0.00467811501,0.00332665177,0.000324072532,0.0705676711,-0.0046275917,-0.000362093084,-0.890012906,0.000817796547,3.18133054e-06
7.84,3920,APPROACH,single_red_center-f6430d296e:0001:APPROACH,PREGRASP_ROUTE,-0.538141279,0.949558057,0.043,1.15952205,-0.534265637,0.949871348,0.043296671,1.15520345,-0.00387564265,-0.00031329083,-0.000296670969,0.00431859316,0.00387564265,0.00031329083,0.000296670969,0.00431859316,-0.0779946692,-0.00322065058,0,0.0811979472,-0.0758500129,-0.0056776044,-3.91006158e-16,0.0815246745,-0.00214465631,0.00245695382,3.91006158e-16,-0.000326727299,-0.0473571051,0.0601374758,0,-0.0130887133,-0.0510844787,0.0685387186,2.55304185e-13,-0.0057771959,0.380803483,-0.0379027417,0.06,1.57093882,0.380922233,-0.0363692745,0.059703329,1.57080916,0,0,-6.76768922e-09,0,1.15065353e-08,0,0,0,0.0705676711,0.00467811501,0.00332665177,0.000324072532,0.0705676711,-0.00477639291,-0.000259104247,-0.890012906,0.000809940565,3.41634905e-06
7.88,3940,APPROACH,single_red_center-f6430d296e:0001:APPROACH,PREGRASP_ROUTE,-0.5413006,0.949480773,0.043,1.16275769,-0.537335106,0.949684511,0.043296671,1.15845875,-0.00396549399,-0.000203738213,-0.000296670969,0.00429894144,0.00396549399,0.000203738213,0.000296670969,0.00429894144,-0.0800108568,-0.000559669623,0,0.0805395435,-0.0775747648,-0.00368563427,-6.8317872e-16,0.081213676,-0.002436092,0.00312596465,6.8317872e-16,-0.000674132445,-0.0534972852,0.0730057185,0,-0.0198810748,-0.0593703602,0.0867856509,-3.70251566e-13,-0.0135793037,0.38068797,-0.0391198174,0.06,1.57093787,0.380823783,-0.0375725643,0.059703329,1.57080816,0,0,-7.16134924e-09,0,1.17136279e-08,0,0,0,0.0705676711,0.00467811501,0.00332665177,0.000324072532,0.0705676711,-0.00492920465,-0.000130397036,-0.890012906,0.000799226039,3.61293178e-06
7.92,3960,APPROACH,single_red_center-f6430d296e:0001:APPROACH,PREGRASP_ROUTE,-0.544545715,0.949517687,0.043,1.16596474,-0.540478425,0.949587424,0.043296671,1.16169648,-0.00406729,-6.97368679e-05,-0.000296670969,0.00426825588,0.00406729,6.97368679e-05,0.000296670969,0.00426825588,-0.082237745,0.00236094278,0,0.079854427,-0.0795283353,-0.00122707552,-9.55430426e-16,0.080673576,-0.00270940971,0.0035880183,9.55430426e-16,-0.000819148989,-0.0539875956,0.0688101996,0,-0.0144889101,-0.0667504924,0.101852369,-3.67831621e-13,-0.0186941717,0.380556108,-0.0403481995,0.06,1.57093671,0.380711524,-0.0387872419,0.059703329,1.57080548,0,0,-6.46363468e-09,0,1.05325784e-07,0,0,0,0.0705676711,0.00467811501,0.00332665177,0.000324072532,0.0705676711,-0.00510020611,2.3146366e-06,-0.890012906,0.000788877314,3.24394177e-06
7.96,3980,APPROACH,single_red_center-f6430d296e:0001:APPROACH,PREGRASP_ROUTE,-0.547877037,0.949664524,0.043,1.16914858,-0.543703037,0.949593568,0.043296671,1.16491095,-0.00417400002,7.09563575e-05,-0.000296670969,0.00423763477,0.00417400002,7.09563575e-05,0.000296670969,0.00423763477,-0.0842915007,0.00491134834,0,0.0793701231,-0.0816032146,0.00139562967,-3.77725587e-16,0.080086708,-0.00268828607,0.00351571867,3.77725587e-16,-0.000716584977,-0.0486484812,0.0586108267,0,-0.00967923396,-0.0677909476,0.101361844,2.55304185e-13,-0.0175013914,0.3804081,-0.0415886984,0.06,1.57093607,0.380583986,-0.0400135561,0.059703329,1.57080148,0,0,-2.05247841e-09,0,1.23884642e-07,0,0,0,0.0705676711,0.00467811501,0.00332665177,0.000324072532,0.0705676711,-0.00524449952,9.24753425e-05,-0.890012906,0.000784170692,1.01843051e-06
8,4000,APPROACH,single_red_center-f6430d296e:0001:APPROACH,PREGRASP_ROUTE,-0.551286145,0.949905041,0.043,1.17231699,-0.547010237,0.949702032,0.043296671,1.16810366,-0.00427590803,0.000203009634,-0.000296670969,0.00421332464,0.00427590803,0.000203009634,0.000296670969,0.00421332464,-0.0861250503,0.00704103378,0,0.0790842467,-0.0836373599,0.00386172076,-6.59937721e-16,0.0795963618,-0.00248769039,0.00317931302,6.59937721e-16,-0.000512115079,-0.0429762515,0.0477721841,0,-0.00456657439,-0.064129131,0.0923328973,-5.68687046e-14,-0.0133648555,0.380245442,-0.0428409721,0.06,1.57093588,0.380441072,-0.0412520445,0.059703329,1.57079546,0,0,1.88269118e-09,0,8.71715754e-08,0,0,0,0.0705676711,0.00467811501,0.00332665177,0.000324072532,0.0705676711,-0.00532496057,0.000164787594,-0.890012906,0.000783296129,-9.51475104e-07
8.04,4020,APPROACH,single_red_center-f6430d296e:0001:APPROACH,PREGRASP_ROUTE,-0.554763964,0.950221896,0.043,1.17547813,-0.550395935,0.949903038,0.043296671,1.17128,-0.00436802899,0.000318857947,-0.000296670969,0.00419812705,0.00436802899,0.000318857947,0.000296670969,0.00419812705,-0.08772495,0.00872419778,0,0.0790090274,-0.0855216674,0.00602150434,-5.15511511e-16,0.0792671644,-0.00220328265,0.00270269344,5.15511511e-16,-0.000258137028,-0.0369649392,0.0362827308,0,0.000854585066,-0.0576558739,0.0791496777,-5.80786771e-14,-0.00783968405,0.380069745,-0.0441046509,0.06,1.57093606,0.380283591,-0.0425028269,0.059703329,1.57078711,0,0,4.43966046e-09,0,5.27777668e-08,0,0,0,0.0705676711,0.00467811501,0.00332665177,0.000324072532,0.0705676711,-0.0053492207,0.000225678585,-0.890012906,0.000785400748,-2.22882249e-06
8.08,4040,APPROACH,single_red_center-f6430d296e:0001:APPROACH,PREGRASP_ROUTE,-0.558300874,0.950596703,0.043,1.17864068,-0.553852667,0.950182577,0.043296671,1.17444716,-0.00444820689,0.000414125991,-0.000296670969,0.00419352141,0.00444820689,0.000414125991,0.000296670969,0.00419352141,-0.0890775196,0.00993458156,0,0.0791569133,-0.0871922581,0.00779793492,-3.76065516e-16,0.0791317803,-0.00188526145,0.00213664664,3.76065516e-16,2.51329764e-05,-0.0306086862,0.0241311365,0,0.00658966036,-0.0496212527,0.0635457295,2.55304185e-13,-0.00153347656,0.379882727,-0.0453793722,0.06,1.57093651,0.380112823,-0.0437655318,0.059703329,1.57077707,0,0,5.98468915e-09,0,3.1198377e-08,0,0,0,0.0705676711,0.00467811501,0.00332665177,0.000324072532,0.0705676711,-0.00533741835,0.000270581331,-0.890012906,0.000790209347,-3.00037371e-06
8.12,4060,APPROACH,single_red_center-f6430d296e:0001:APPROACH,PREGRASP_ROUTE,-0.561886705,0.951010021,0.043,1.18181383,-0.557371114,0.950524209,0.043296671,1.17761335,-0.00451559105,0.000485812008,-0.000296670969,0.00420048161,0.00451559105,0.000485812008,0.000296670969,0.00420048161,-0.0901688465,0.0106454776,0,0.0795405672,-0.0886160718,0.0091406375,-6.5827765e-16,0.0792104937,-0.00155277476,0.00150484008,6.5827765e-16,0.00033007352,-0.0239017491,0.0113062922,0,0.0126439619,-0.0407417183,0.0461849243,-5.68687046e-14,0.00531911155,0.379686216,-0.0466647824,0.06,1.57093715,0.379930319,-0.0450395471,0.059703329,1.57076644,0,0,6.949953e-09,0,2.0471883e-08,0,0,0,0.0705676711,0.00467811501,0.00332665177,0.000324072532,0.0705676711,-0.00530544877,0.000293877527,-0.890012906,0.000797684479,-3.48177934e-06
8.16,4080,APPROACH,single_red_center-f6430d296e:0001:APPROACH,PREGRASP_ROUTE,-0.565510726,0.951441328,0.043,1.18500725,-0.56094102,0.950909716,0.043296671,1.18078746,-0.00456970585,0.000531611814,-0.000296670969,0.00421979461,0.00456970585,0.000531611814,0.000296670969,0.00421979461,-0.0909847913,0.0108297386,0,0.080172862,-0.0897763641,0.0100093136,-5.08871226e-16,0.0795188807,-0.00120842717,0.000820425005,5.08871226e-16,0.000653981251,-0.0168385047,-0.00220267912,0,0.0190226894,-0.0313391537,0.027364718,-5.80786771e-14,0.0126288527,0.379482155,-0.0479605399,0.06,1.57093786,0.379737814,-0.0463242545,0.059703329,1.57075615,0,0,7.61697246e-09,0,1.50558716e-08,0,0,0,0.0705676711,0.00467811501,0.00332665177,0.000324072532,0.0705676711,-0.00526040013,0.000292310868,-0.890012906,0.000807890386,-3.81264052e-06
8.2,4100,APPROACH,single_red_center-f6430d296e:0001:APPROACH,PREGRASP_ROUTE,-0.569161636,0.95186901,0.043,1.18823116,-0.564551605,0.951319384,0.043296671,1.18397898,-0.00461003057,0.000549626163,-0.000296670969,0.00425218533,0.00461003057,0.000549626163,0.000296670969,0.00425218533,-0.0915109916,0.010459787,0,0.0810668763,-0.0906620306,0.0103686648,-3.82705801e-16,0.0800708191,-0.00084896103,9.11222095e-05,3.82705801e-16,0.000996057237,-0.00941345529,-0.016406412,0,0.0257309273,-0.0214912168,0.00723980171,-5.92886495e-14,0.020368107,0.3792726,-0.0492663168,0.06,1.57093853,0.379537192,-0.0476191376,0.059703329,1.57074675,0,0,8.13989182e-09,0,1.21062959e-08,0,0,0,0.0705676711,0.00467811501,0.00332665177,0.000324072532,0.0705676711,-0.00520262933,0.000264732781,-0.890012906,0.000820940263,-4.06956004e-06
8.24,4120,APPROACH,single_red_center-f6430d296e:0001:APPROACH,PREGRASP_ROUTE,-0.572827553,0.95227034,0.043,1.19149628,-0.568191654,0.951732155,0.043296671,1.18719792,-0.00463589925,0.000538184926,-0.000296670969,0.00429836303,0.00463589925,0.000538184926,0.000296670969,0.00429836303,-0.0917328682,0.00950762504,0,0.0822358897,-0.0912619168,0.0101865702,-6.63257864e-16,0.0808797153,-0.000470951377,-0.000678945162,6.63257864e-16,0.00135617432,-0.00162123425,-0.0313152886,0,0.0327736393,-0.0111680448,-0.0141018744,-5.68687046e-14,0.0285294176,0.379059729,-0.0505818019,0.06,1.57093907,0.379330466,-0.0489237903,0.059703329,1.57073842,0,0,8.59648372e-09,0,1.02099151e-08,0,0,0,0.0705676711,0.00467811501,0.00332665177,0.000324072532,0.0705676711,-0.00512945399,0.000210929591,-0.890012906,0.000836964458,-4.2911801e-06
8.28,4140,APPROACH,single_red_center-f6430d296e:0001:APPROACH,PREGRASP_ROUTE,-0.576496012,0.952621464,0.043,1.19481389,-0.571849468,0.952125734,0.043296671,1.19045486,-0.00464654334,0.000495729787,-0.000296670969,0.00435903667,0.00464654334,0.000495729787,0.000296670969,0.00435903667,-0.0916356297,0.00794484479,0,0.0836933777,-0.0915629278,0.00943280786,-5.40412582e-16,0.0819590307,-7.27019078e-05,-0.00148796307,5.40412582e-16,0.00173434699,0.00654338878,-0.0469394277,0,0.0401556638,-0.000345840393,-0.0365467756,-5.80786771e-14,0.0370971107,0.378845837,-0.0519067029,0.06,1.57093935,0.379119771,-0.0502378819,0.059703329,1.57073112,0,0,3.30504157e-08,0,2.38842021e-07,0,0,0,0.0705676711,0.00467811501,0.00332665177,0.000324072532,0.0705676711,-0.00503801181,0.000130935276,-0.890012906,0.000856086149,-1.67066496e-05
8.32,4160,APPROACH,single_red_center-f6430d296e:0001:APPROACH,PREGRASP_ROUTE,-0.580153947,0.952897383,0.043,1.1981958,-0.575512791,0.952476653,0.043296671,1.19376088,-0.00464115545,0.000420730585,-0.000296670969,0.00443492194,0.00464115545,0.000420730585,0.000296670969,0.00443492194,-0.0912042784,0.00574263908,0,0.085453007,-0.0915504222,0.00807855341,-3.86025944e-16,0.0833221382,0.000346143756,-0.00233591433,3.86025944e-16,0.00213086881,0.0150855026,-0.0632886751,0,0.0478817089,0.0110151654,-0.0600944421,2.55304185e-13,0.0460858879,0.378633342,-0.0532407489,0.06,1.57093924,0.378907367,-0.0515611195,0.059703329,1.57072474,0,0,4.02763081e-08,0,3.24572501e-07,0,0,0,0.0705676711,0.00467811501,0.00332665177,0.000324072532,0.0705676711,-0.0049261324,2.39884882e-05,-0.890012906,0.000878455328,-2.01976045e-05
8.36,4180,APPROACH,single_red_center-f6430d296e:0001:APPROACH,PREGRASP_ROUTE,-0.583787692,0.953071939,0.043,1.20165436,-0.579168758,0.952760289,0.043296671,1.19712762,-0.00461893358,0.000311649912,-0.000296670969,0.00452674424,0.00461893358,0.000311649912,0.000296670969,0.00452674424,-0.0904236159,0.00287181256,0,0.0875286298,-0.0912088271,0.0060950607,-6.84838792e-16,0.0849826662,0.00078521117,-0.00322324813,6.84838792e-16,0.00254596353,0.024010049,-0.0803725931,0,0.0559563474,0.0229282925,-0.0847467038,-5.68687046e-14,0.0555025524,0.37842478,-0.0545836927,0.06,1.57093861,0.378695634,-0.0528932272,0.059703329,1.57071915,0,0,5.11876238e-08,0,2.79564367e-07,0,0,0,0.0705676711,0.00467811501,0.00332665177,0.000324072532,0.0705676711,-0.00479270893,-0.000110823849,-0.890012906,0.000904215571,-2.56325021e-05
8.4,4200,APPROACH,single_red_center-f6430d296e:0001:APPROACH,PREGRASP_ROUTE,-0.587383139,0.953117922,0.043,1.20520258,-0.582803887,0.9529509,0.043296671,1.20056726,-0.00457925177,0.000167022308,-0.000296670969,0.00463532305,0.00457925177,0.000167022308,0.000296670969,0.00463532305,-0.0893208253,-0.000662621792,0,0.0899490405,-0.0905235722,0.00345595364,-5.33772296e-16,0.0869540179,0.00120274688,-0.00411857543,5.33772296e-16,0.0029950226,0.0262725548,-0.0911411966,0,0.0653168043,0.0353039598,-0.110431481,2.56514157e-13,0.065604172,0.378222792,-0.0559353551,0.06,1.57093736,0.378487071,-0.0542339407,0.059703329,1.57071427,0,0,6.22967691e-08,0,2.90696234e-07,0,0,0,0.0705676711,0.00467811501,0.00332665177,0.000324072532,0.0705676711,-0.00463935745,-0.000275110541,-0.890012906,0.000933761594,-3.11832419e-05
8.44,4220,APPROACH,single_red_center-f6430d296e:0001:APPROACH,PREGRASP_ROUTE,-0.590936676,0.953022121,0.043,1.20885088,-0.586405577,0.953024334,0.043296671,1.20409241,-0.00453109836,-2.21277988e-06,-0.000296670969,0.00475847519,0.00453109836,2.21277988e-06,0.000296670969,0.00475847519,-0.0883997891,-0.00403520726,0,0.092417152,-0.0895915816,0.000337945728,-3.82705801e-16,0.0892257174,0.00119179258,-0.00437315298,3.82705801e-16,0.0031914346,0.0197215966,-0.0773676447,0,0.058025397,0.0389201082,-0.118332443,2.55304185e-13,0.0722228949,0.378028424,-0.0572969454,0.06,1.57093633,0.378284019,-0.0555830681,0.059703329,1.57071116,0,0,6.64054106e-08,0,-3.69655553e-08,0,0,0,0.0705676711,0.00467811501,0.00332665177,0.000324072532,0.0705676711,-0.00456594602,-0.000421104224,-0.890012906,0.000963065624,-3.31907303e-05
8.48,4240,APPROACH,single_red_center-f6430d296e:0001:APPROACH,PREGRASP_ROUTE,-0.594458706,0.952802635,0.043,1.21259197,-0.5899699,0.952972172,0.043296671,1.20771067,-0.00448880596,-0.0001695369,-0.000296670969,0.00488130231,0.00448880596,0.0001695369,0.000296670969,0.00488130231,-0.08774782,-0.00684216939,0,0.0945858814,-0.0886921583,-0.00275830659,-6.63257864e-16,0.0915588259,0.000944338343,-0.0040838628,6.63257864e-16,0.00302705552,0.0128181769,-0.0628579093,0,0.0503465886,0.034440966,-0.110693223,-5.68687046e-14,0.0701676994,0.377839678,-0.0586691224,0.06,1.5709359,0.378087205,-0.0569407911,0.059703329,1.57071294,0,0,6.22853182e-08,0,-1.43622412e-07,0,0,0,0.0705676711,0.00467811501,0.00332665177,0.000324072532,0.0705676711,-0.00459021435,-0.000538978646,-0.890012906,0.000984410836,-3.11078133e-05
8.52,4260,APPROACH,single_red_center-f6430d296e:0001:APPROACH,PREGRASP_ROUTE,-0.597960277,0.952482679,0.043,1.21641356,-0.593502044,0.952802059,0.043296671,1.2114195,-0.00445823264,-0.000319380167,-0.000296670969,0.00499405661,0.00445823264,0.000319380167,0.000296670969,0.00499405661,-0.0873791066,-0.0090538743,0,0.0964396353,-0.0879905859,-0.00554162029,-5.10531297e-16,0.0937377802,0.000611479381,-0.00351225401,5.10531297e-16,0.00270185504,0.00555779027,-0.0476026519,0,0.0422754997,0.0260830641,-0.0951632661,-5.80786771e-14,0.0634995573,0.377654151,-0.0600518005,0.06,1.57093596,0.377895689,-0.0583077404,0.059703329,1.57071952,0,0,5.51600497e-08,0,-1.92543927e-07,0,0,0,0.0705676711,0.00467811501,0.00332665177,0.000324072532,0.0705676711,-0.00466446153,-0.000627327883,-0.890012906,0.000999657055,-2.75356813e-05
8.56,4280,APPROACH,single_red_center-f6430d296e:0001:APPROACH,PREGRASP_ROUTE,-0.601453003,0.952086661,0.043,1.22030273,-0.597011633,0.95253001,0.043296671,1.21521034,-0.00444136929,-0.00044334921,-0.000296670969,0.00509238903,0.00444136929,0.00044334921,0.000296670969,0.00509238903,-0.0873080144,-0.0106403209,0,0.0979626281,-0.0875580719,-0.00785926081,-3.79385658e-16,0.0956608781,0.000250057471,-0.00278106007,3.79385658e-16,0.00230175005,-0.00206391601,-0.0315928524,0,0.0338074173,0.0160608704,-0.0752817099,-5.92886495e-14,0.0547101692,0.377469324,-0.0614448533,0.06,1.57093639,0.377707672,-0.0596846421,0.059703329,1.57072872,0,0,4.6656954e-08,0,-2.20869008e-07,0,0,0,0.0705676711,0.00467811501,0.00332665177,0.000324072532,0.0705676711,-0.00475680293,-0.000681478462,-0.890012906,0.00101027657,-2.32807418e-05
8.6,4300,APPROACH,single_red_center-f6430d296e:0001:APPROACH,PREGRASP_ROUTE,-0.604949079,0.951640196,0.043,1.22424594,-0.600510083,0.952176708,0.043296671,1.21907182,-0.0044389959,-0.000536511843,-0.000296670969,0.00517411914,0.0044389959,0.000536511843,0.000296670969,0.00517411914,-0.0875490802,-0.0115711538,0,0.0991388895,-0.0874215535,-0.00961966967,-7.19700291e-16,0.0972790755,-0.00012752666,-0.00195148411,7.19700291e-16,0.001859814,-0.0100511369,-0.0148198181,0,0.0249378006,0.00529732562,-0.0526716285,-5.56587322e-14,0.0448082316,0.377282561,-0.0628481103,0.06,1.57093706,0.377520909,-0.0610719972,0.059703329,1.57073845,0,0,3.73144593e-08,0,-2.40707109e-07,0,0,0,0.0705676711,0.00467811501,0.00332665177,0.000324072532,0.0705676711,-0.00485561283,-0.000699628114,-0.890012906,0.0010167813,-1.8608382e-05
8.64,4320,APPROACH,single_red_center-f6430d296e:0001:APPROACH,PREGRASP_ROUTE,-0.608461285,0.95117012,0.043,1.228229,-0.604009507,0.951765813,0.043296671,1.22299111,-0.00445177816,-0.000595692163,-0.000296670969,0.00523789089,0.00445177816,0.000595692163,0.000296670969,0.00523789089,-0.0881170049,-0.0118156767,0,0.0999522709,-0.0875931728,-0.0107608832,-5.78594224e-16,0.0985638518,-0.00052383216,-0.00105479346,5.78594224e-16,0.00138841914,-0.018407905,0.0027248063,0,0.015662285,-0.00595488214,-0.0281248524,-5.80786771e-14,0.0341788412,0.377091112,-0.0642613546,0.06,1.57093784,0.377332902,-0.0624699803,0.059703329,1.57074742,0,0,2.73433689e-08,0,-2.57033789e-07,0,0,0,0.0705676711,0.00467811501,0.00332665177,0.000324072532,0.0705676711,-0.00496223949,-0.000682708722,-0.890012906,0.00101925981,-1.36226032e-05
8.68,4340,APPROACH,single_red_center-f6430d296e:0001:APPROACH,PREGRASP_ROUTE,-0.612002992,0.950704505,0.043,1.23223707,-0.607522456,0.951323101,0.043296671,1.22695441,-0.00448053597,-0.000618596595,-0.000296670969,0.00528265297,0.00448053597,0.000618596595,0.000296670969,0.00528265297,-0.0890266479,-0.0113428659,0,0.100386453,-0.0880839732,-0.011236663,-4.27527728e-16,0.099494372,-0.000942674662,-0.000106202937,4.27527728e-16,0.000892080847,-0.0271380867,0.0210490299,0,0.00597668775,-0.0177015111,-0.00205650851,2.55304185e-13,0.0229620519,0.376892115,-0.06568432,0.06,1.57093858,0.377140984,-0.0638784974,0.059703329,1.57075506,0,0,1.68348318e-08,0,-2.71540121e-07,0,0,0,0.0705676711,0.00467811501,0.00332665177,0.000324072532,0.0705676711,-0.0050825671,-0.000632397066,-0.890012906,0.00101763232,-8.36825197e-06
8.72,4360,APPROACH,single_red_center-f6430d296e:0001:APPROACH,PREGRASP_ROUTE,-0.615588166,0.950272667,0.043,1.23625464,-0.611061977,0.950876004,0.043296671,1.23094718,-0.00452618878,-0.000603337692,-0.000296670969,0.00530746435,0.00452618878,0.000603337692,0.000296670969,0.00530746435,-0.0902930194,-0.0101213846,0,0.100424952,-0.0889078132,-0.0110092343,-7.01439505e-16,0.100052533,-0.00138520623,0.000887849658,7.01439505e-16,0.000372419296,-0.0362453769,0.0401605061,0,-0.00412298789,-0.0299816821,0.0252803274,-5.56587322e-14,0.011212118,0.376682591,-0.067116688,0.06,1.57093914,0.376942346,-0.0652972924,0.059703329,1.5707612,0,0,5.83197903e-09,0,-2.85122911e-07,0,0,0,0.0705676711,0.00467811501,0.00332665177,0.000324072532,0.0705676711,-0.00522179893,-0.000549765315,-0.890012906,0.00101176338,-2.86536742e-06
8.76,4380,APPROACH,single_red_center-f6430d296e:0001:APPROACH,PREGRASP_ROUTE,-0.619231379,0.949905183,0.043,1.24026557,-0.614641724,0.95045336,0.043296671,1.23495414,-0.00458965501,-0.000548176411,-0.000296670969,0.00531142253,0.00458965501,0.000548176411,0.000296670969,0.00531142253,-0.0919312742,-0.0081195971,0,0.100051129,-0.0900807154,-0.0100451613,-1.32035023e-16,0.100221164,-0.00185055875,0.00192556419,1.32035023e-16,-0.000170034842,-0.0457332954,0.0600665238,0,-0.0146405474,-0.0428290238,0.0537976018,-6.29185668e-14,-0.00104874019,0.376459447,-0.0685580849,0.06,1.57093937,0.376734056,-0.0667260308,0.059703329,1.57076578,0,0,-8.020495e-09,0,-4.18362656e-08,0,0,0,0.0705676711,0.00467811501,0.00332665177,0.000324072532,0.0705676711,-0.00538300032,-0.000434577981,-0.890012906,0.00100149987,3.93454425e-06
8.8,4400,APPROACH,single_red_center-f6430d296e:0001:APPROACH,PREGRASP_ROUTE,-0.622947811,0.949633903,0.043,1.24425302,-0.618276011,0.950085304,0.043296671,1.23895938,-0.00467180032,-0.000451401121,-0.000296670969,0.00529363514,0.00467180032,0.000451401121,0.000296670969,0.00529363514,-0.0939567041,-0.00530558345,0,0.0992481976,-0.0916195104,-0.00831249861,-4.25867657e-16,0.099983404,-0.00233719365,0.00300691516,4.25867657e-16,-0.000735206425,-0.0556051824,0.0807739986,0,-0.0255796009,-0.0562481115,0.0834733114,2.55304185e-13,-0.013816363,0.376219475,-0.0700080782,0.06,1.57093911,0.376513059,-0.0681643383,0.059703329,1.57076868,0,0,-1.06322342e-08,0,-4.69956013e-08,0,0,0,0.0705676711,0.00467811501,0.00332665177,0.000324072532,0.0705676711,-0.00556733658,-0.000285789896,-0.890012906,0.000986676526,5.31942639e-06
8.84,4420,APPROACH,single_red_center-f6430d296e:0001:APPROACH,PREGRASP_ROUTE,-0.626753256,0.949491956,0.043,1.24819949,-0.621979823,0.949803245,0.043296671,1.24294628,-0.00477343324,-0.000311289,-0.000296670969,0.00525320952,0.00477343324,0.000311289,0.000296670969,0.00525320952,-0.0963847309,-0.00164715483,0,0.0979992285,-0.0935407686,-0.00577964218,-7.04759648e-16,0.0993224023,-0.00284396228,0.00413248735,7.04759648e-16,-0.0013231738,-0.0658641943,0.102289464,0,-0.0369435581,-0.0702176752,0.114290884,-5.56587322e-14,-0.0270901126,0.375959347,-0.0714661732,0.06,1.57093819,0.37627618,-0.0696118064,0.059703329,1.5707697,0,0,-1.1649148e-08,0,-2.99948393e-08,0,0,0,0.0705676711,0.00477343324,0.00332665177,0.000324072532,0.0705676711,-0.00577503933,-0.000101900977,-0.890012906,0.000967125665,5.83195694e-06
8.88,4440,APPROACH,single_red_center-f6430d296e:0001:APPROACH,PREGRASP_ROUTE,-0.630664355,0.949511676,0.043,1.25208946,-0.625768784,0.949639743,0.043296671,1.24689773,-0.00489557147,-0.000128067465,-0.000296670969,0.00519172747,0.00489557147,0.000128067465,0.000296670969,0.00519172747,-0.0991986527,0.00261856066,0,0.0965519143,-0.0958566884,-0.00243419939,-5.57013296e-16,0.0982445702,-0.00334196427,0.00505276005,5.57013296e-16,-0.00169265585,-0.0690240016,0.101220677,0,-0.0317014342,-0.0835350168,0.142278707,-5.80786771e-14,-0.0378512063,0.375675725,-0.0729322917,0.06,1.57093678,0.376020132,-0.0710679983,0.059703329,1.57076869,0,0,-1.1487597e-08,0,8.78645102e-08,0,0,0,0.0705676711,0.00489557147,0.00332665177,0.000324072532,0.0705676711,-0.0060133277,9.98340811e-05,-0.890012906,0.000945889019,5.75474895e-06
8.92,4460,APPROACH,single_red_center-f6430d296e:0001:APPROACH,PREGRASP_ROUTE,-0.634684873,0.949692345,0.043,1.25592855,-0.629656528,0.949620612,0.043296671,1.2508016,-0.00502834547,7.17327191e-05,-0.000296670969,0.00512694716,0.00502834547,7.17327191e-05,0.000296670969,0.00512694716,-0.101761855,0.00628938576,0,0.0954622267,-0.0984165621,0.00129190175,-4.14247157e-16,0.0970164368,-0.00334529313,0.00499748401,4.14247157e-16,-0.00155421008,-0.0590588759,0.0821720708,0,-0.0227124255,-0.0860930223,0.143258704,2.55304185e-13,-0.0370587515,0.375368273,-0.0744077523,0.06,1.57093602,0.375742201,-0.0725329596,0.059703329,1.57076569,0,0,-4.30404798e-09,0,1.92595627e-07,0,0,0,0.0705676711,0.00502834547,0.00332665177,0.000324072532,0.0705676711,-0.00621577396,0.000228372882,-0.890012906,0.000934361168,2.12242834e-06
8.96,4480,APPROACH,single_red_center-f6430d296e:0001:APPROACH,PREGRASP_ROUTE,-0.638799832,0.950004387,0.043,1.25973135,-0.633646347,0.949746821,0.043296671,1.25465879,-0.00515348435,0.000257565695,-0.000296670969,0.0050725648,0.00515348435,0.000257565695,0.000296670969,0.0050725648,-0.103917654,0.00918134634,0,0.0947401372,-0.100920008,0.00477260559,-6.93139149e-16,0.0959359335,-0.00299764612,0.00440874075,6.93139149e-16,-0.00119579629,-0.0486526406,0.0622751756,0,-0.0133204453,-0.0796366289,0.127117484,-5.56587322e-14,-0.0299324657,0.375039811,-0.0758923293,0.06,1.57093591,0.375441972,-0.0740075303,0.059703329,1.57075926,0,0,2.77473775e-09,0,1.41881052e-07,0,0,0,0.0705676711,0.00515348435,0.00332665177,0.000324072532,0.0705676711,-0.00630661356,0.000318542006,-0.890012906,0.000930482655,-1.40871257e-06
9,4500,APPROACH,single_red_center-f6430d296e:0001:APPROACH,PREGRASP_ROUTE,-0.642992581,0.950415968,0.043,1.26351289,-0.637731305,0.950001466,0.043296671,1.25847844,-0.0052612763,0.000414502054,-0.000296670969,0.0050344475,0.0052612763,0.000414502054,0.000296670969,0.0050344475,-0.10564834,0.0112603844,0,0.0944018253,-0.103160129,0.00770792032,-5.5037301e-16,0.0951404773,-0.00248821083,0.00355246405,5.5037301e-16,-0.000738651972,-0.0378020308,0.0415236647,0,-0.00352246343,-0.0679322425,0.103084899,-5.80786771e-14,-0.0199963411,0.374693427,-0.0773856439,0.06,1.57093627,0.375120883,-0.0754921052,0.059703329,1.5707486,0,0,7.41208559e-09,0,8.68825661e-08,0,0,0,0.0705676711,0.0052612763,0.00332665177,0.000324072532,0.0705676711,-0.00629529947,0.000387204617,-0.890012906,0.000932224439,-3.71696828e-06
9.04,4520,APPROACH,single_red_center-f6430d296e:0001:APPROACH,PREGRASP_ROUTE,-0.647245762,0.950893888,0.043,1.26728884,-0.641898122,0.950359398,0.043296671,1.26227345,-0.00534764004,0.000534490002,-0.000296670969,0.00501538344,0.00534764004,0.000534490002,0.000296670969,0.00501538344,-0.106936077,0.0124921973,0,0.0944635875,-0.105018064,0.00995374304,-3.94326301e-16,0.094693759,-0.00191801265,0.00253845431,3.94326301e-16,-0.000230171464,-0.0265040039,0.019911641,0,0.00668434537,-0.0534649636,0.0749373991,2.55304185e-13,-0.00867471361,0.374332347,-0.0788873604,0.06,1.57093696,0.374781344,-0.0769862939,0.059703329,1.57073473,0,0,1.01244898e-08,0,5.12715215e-08,0,0,0,0.0705676711,0.00534764004,0.00332665177,0.000324072532,0.0705676711,-0.00621809543,0.000428374951,-0.890012906,0.000938817804,-5.06811914e-06
9.08,4540,APPROACH,single_red_center-f6430d296e:0001:APPROACH,PREGRASP_ROUTE,-0.651541299,0.95140357,0.043,1.27107552,-0.646130127,0.950791131,0.043296671,1.26605855,-0.00541117223,0.000612438261,-0.000296670969,0.00501696838,0.00541117223,0.000612438261,0.000296670969,0.00501696838,-0.107762911,0.0128422556,0,0.0949418292,-0.106435222,0.0114249426,-6.71558221e-16,0.0946303463,-0.00132768945,0.00141731301,6.71558221e-16,0.000311482857,-0.0147557442,-0.00256635554,0,0.017302598,-0.0376805139,0.0441693211,-5.68687046e-14,0.00347763429,0.373959946,-0.080397191,0.06,1.57093779,0.374426299,-0.0784893002,0.059703329,1.57071956,0,0,1.17141672e-08,0,3.1062653e-08,0,0,0,0.0705676711,0.00541117223,0.00332665177,0.000324072532,0.0705676711,-0.00610551477,0.000432661381,-0.890012906,0.00095004601,-5.86337954e-06
9.12,4560,APPROACH,single_red_center-f6430d296e:0001:APPROACH,PREGRASP_ROUTE,-0.655860395,0.951909051,0.043,1.27488994,-0.650409075,0.951264319,0.043296671,1.26984959,-0.00545132008,0.000644731898,-0.000296670969,0.00504034518,0.00545132008,0.000644731898,0.000296670969,0.00504034518,-0.108110783,0.01227582,0,0.0958530562,-0.107385875,0.0120591912,-5.32112225e-16,0.0949735642,-0.000724907712,0.000216628742,5.32112225e-16,0.000879492029,-0.00255466618,-0.0259153398,0,0.0283346994,-0.021247031,0.0114306847,-5.80786771e-14,0.0162430969,0.373579748,-0.0819148999,0.06,1.57093859,0.374058998,-0.0800003342,0.059703329,1.57070484,0,0,1.27194657e-08,0,1.85353226e-08,0,0,0,0.0705676711,0.00545132008,0.00332665177,0.000324072532,0.0705676711,-0.00597228615,0.000394444277,-0.890012906,0.000965920478,-6.37064447e-06
9.16,4580,APPROACH,single_red_center-f6430d296e:0001:APPROACH,PREGRASP_ROUTE,-0.660183531,0.952372976,0.043,1.27874973,-0.654716006,0.95174437,0.043296671,1.27366324,-0.00546752468,0.000628605635,-0.000296670969,0.00508648865,0.00546752468,0.000628605635,0.000296670969,0.00508648865,-0.107961532,0.0107579597,0,0.0972138663,-0.107856596,0.0118051501,-3.82705801e-16,0.0957424729,-0.000104935858,-0.00104719037,3.82705801e-16,0.00147139338,0.0101015809,-0.0501398742,0,0.0397828383,-0.00436579092,-0.0229071672,2.55304185e-13,0.0295324749,0.373195425,-0.0834403074,0.06,1.57093918,0.373682895,-0.0815188207,0.059703329,1.57069161,0,0,1.343691e-08,0,7.22108486e-09,0,0,0,0.0705676711,0.00546752468,0.00332665177,0.000324072532,0.0705676711,-0.00582041543,0.000312159283,-0.890012906,0.000986546694,-6.73818328e-06
9.2,4600,APPROACH,single_red_center-f6430d296e:0001:APPROACH,PREGRASP_ROUTE,-0.664490457,0.952756588,0.043,1.28267322,-0.659031465,0.952194798,0.043296671,1.2775169,-0.00545899224,0.000561790267,-0.000296670969,0.00515631652,0.00545899224,0.000561790267,0.000296670969,0.00515631652,-0.107296909,0.00825357073,0,0.0990409403,-0.10783496,0.0106185824,-6.63257864e-16,0.0969545249,0.000538050898,-0.00236501166,6.63257864e-16,0.0020864154,0.0232151095,-0.0752440615,0,0.0516489847,0.0129861126,-0.0586305249,-5.68687046e-14,0.0433199053,0.372810799,-0.0849732934,0.06,1.57093935,0.373301612,-0.0830444219,0.059703329,1.57068024,0,0,5.03884389e-08,0,3.32451877e-08,0,0,0,0.0705676711,0.00546768678,0.00332665177,0.000324072532,0.0705676711,-0.00564587323,0.000186080448,-0.890012906,0.00101208064,-2.53030638e-05
9.24,4620,APPROACH,single_red_center-f6430d296e:0001:APPROACH,PREGRASP_ROUTE,-0.668760194,0.953019724,0.043,1.28667939,-0.663335446,0.952577455,0.043296671,1.28142866,-0.00542474768,0.000442268615,-0.000296670969,0.00525072847,0.00542474768,0.000442268615,0.000296670969,0.00525072847,-0.106098586,0.00472739421,0,0.101351034,-0.107305705,0.00845996513,-5.23811868e-16,0.0986267141,0.00120711921,-0.00373257092,5.23811868e-16,0.00272431951,0.0367877902,-0.101231537,0,0.0639348855,0.0308881587,-0.0956259446,-5.80786771e-14,0.0575957551,0.372429838,-0.0865138015,0.06,1.57093892,0.372918919,-0.0845769744,0.059703329,1.57067067,0,0,6.29774947e-08,0,4.15730355e-07,0,0,0,0.0705676711,0.00546768678,0.00332665177,0.000324072532,0.0705676711,-0.00544364133,1.65231834e-05,-0.890012906,0.0010426888,-3.16246984e-05
9.28,4640,APPROACH,single_red_center-f6430d296e:0001:APPROACH,PREGRASP_ROUTE,-0.672970991,0.953120716,0.043,1.29078795,-0.667607267,0.95285267,0.043296671,1.28541727,-0.00536372374,0.000268045695,-0.000296670969,0.00537067207,0.00536372374,0.000268045695,0.000296670969,0.00537067207,-0.104347908,0.000143546725,0,0.104161198,-0.106250519,0.00529202806,-4.059468e-16,0.100776093,0.00190261005,-0.00514848134,4.059468e-16,0.00338510434,0.0500279827,-0.127842951,0,0.0773500576,0.049544654,-0.134215668,2.55304185e-13,0.0724669042,0.372056661,-0.0880618451,0.06,1.57093767,0.372538738,-0.0861164198,0.059703329,1.57066268,0,0,7.86165467e-08,0,3.78812239e-07,0,0,0,0.0705676711,0.00546768678,0.00332665177,0.000324072532,0.0705676711,-0.00520965033,-0.00019806019,-0.890012906,0.00107864647,-3.9426933e-05
9.32,4660,APPROACH,single_red_center-f6430d296e:0001:APPROACH,PREGRASP_ROUTE,-0.677110835,0.953030198,0.043,1.295017,-0.671826612,0.952981452,0.043296671,1.28950209,-0.00528422278,4.87459264e-05,-0.000296670969,0.00551490907,0.00528422278,4.87459264e-05,0.000296670969,0.00551490907,-0.102723941,-0.00451140021,0,0.107213754,-0.104749948,0.00126745499,-6.93139149e-16,0.103400482,0.00202600625,-0.0057788552,6.93139149e-16,0.00381327135,0.0350335337,-0.104968624,0,0.070453255,0.0595498719,-0.155317362,-5.56587322e-14,0.08494946,0.37169384,-0.0896187602,0.06,1.57093636,0.372164924,-0.0876627724,0.059703329,1.57065693,0,0,8.78078915e-08,0,-3.49175774e-08,0,0,0,0.0705676711,0.00546768678,0.00332665177,0.000324072532,0.0705676711,-0.00504605127,-0.000410844377,-0.890012906,0.00111721483,-4.39474067e-05
9.36,4680,APPROACH,single_red_center-f6430d296e:0001:APPROACH,PREGRASP_ROUTE,-0.681194712,0.952771937,0.043,1.29935866,-0.675983991,0.952945037,0.043296671,1.29369683,-0.00521072156,-0.000173100206,-0.000296670969,0.00566183107,0.00521072156,0.000173100206,0.000296670969,0.00566183107,-0.101545403,-0.00824242446,0,0.10978463,-0.103223882,-0.00283796367,-5.47052867e-16,0.106184744,0.00167847886,-0.00540446079,5.47052867e-16,0.0035998854,0.0238296964,-0.0814499242,0,0.0580208837,0.0544589959,-0.146524107,-5.80786771e-14,0.083306532,0.371338609,-0.0911857178,0.06,1.57093588,0.371799253,-0.0892162464,0.059703329,1.57065787,0,0,8.24715301e-08,0,-2.17760227e-07,0,0,0,0.0705676711,0.00546768678,0.00332665177,0.000324072532,0.0705676711,-0.00504860742,-0.000568285975,-0.890012906,0.00114350826,-4.12167722e-05
9.4,4700,APPROACH,single_red_center-f6430d296e:0001:APPROACH,PREGRASP_ROUTE,-0.685240532,0.952383502,0.043,1.30379307,-0.680085554,0.952752843,0.043296671,1.29799925,-0.00515497784,-0.000369341517,-0.000296670969,0.00579382326,0.00515497784,0.000369341517,0.000296670969,0.00579382326,-0.100823551,-0.0110149071,0,0.111848861,-0.101978641,-0.00648497559,-3.91006158e-16,0.108752159,0.00115508998,-0.00452993151,3.91006158e-16,0.00309670125,0.0121988123,-0.0570406362,0,0.0451205203,0.0420502006,-0.123363231,2.55304185e-13,0.0733386023,0.37098717,-0.0927622635,0.06,1.57093604,0.371440555,-0.0907774676,0.059703329,1.57066654,0,0,7.21014641e-08,0,-2.95386916e-07,0,0,0,0.0705676711,0.00546768678,0.00332665177,0.000324072532,0.0705676711,-0.00514725943,-0.000679601381,-0.890012906,0.00115940209,-3.60032738e-05
9.44,4720,APPROACH,single_red_center-f6430d296e:0001:APPROACH,PREGRASP_ROUTE,-0.689266902,0.951903946,0.043,1.30829961,-0.684145816,0.952429373,0.043296671,1.3023964,-0.00512108623,-0.000525426665,-0.000296670969,0.00590321037,0.00512108623,0.000525426665,0.000296670969,0.00590321037,-0.100575491,-0.0127931752,0,0.113387701,-0.101151389,-0.00940677075,-6.68238078e-16,0.110921582,0.000575897626,-0.00338640446,6.68238078e-16,0.00246611893,0.000139683406,-0.0317382977,0,0.031750888,0.0264633875,-0.0927190272,-5.68687046e-14,0.0596645355,0.37063559,-0.0943478551,0.06,1.57093665,0.371086073,-0.0923472381,0.059703329,1.57067995,0,0,5.9515488e-08,0,-3.33577398e-07,0,0,0,0.0705676711,0.00546768678,0.00332665177,0.000324072532,0.0705676711,-0.00528602439,-0.000739044387,-0.890012906,0.00116768985,-2.96957875e-05
9.48,4740,APPROACH,single_red_center-f6430d296e:0001:APPROACH,PREGRASP_ROUTE,-0.693293117,0.951373753,0.043,1.31285686,-0.688182759,0.952007008,0.043296671,1.30687042,-0.00511035832,-0.000633255596,-0.000296670969,0.00598644281,0.00511035832,0.000633255596,0.000296670969,0.00598644281,-0.100818371,-0.0135414672,0,0.11438236,-0.100793738,-0.0114547029,-4.92270512e-16,0.112610995,-2.46328304e-05,-0.00208676429,4.92270512e-16,0.00177136528,-0.0123486505,-0.00554094083,0,0.0179109693,0.0095611722,-0.0576623025,-5.80786771e-14,0.0441995916,0.370279811,-0.0959418643,0.06,1.5709375,0.370732296,-0.0939260802,0.059703329,1.57069467,0,0,4.56725407e-08,0,-3.5770369e-07,0,0,0,0.0705676711,0.00546768678,0.00332665177,0.000324072532,0.0705676711,-0.00543878938,-0.000742730756,-0.890012906,0.00116945859,-2.27664044e-05
9.52,4760,APPROACH,single_red_center-f6430d296e:0001:APPROACH,PREGRASP_ROUTE,-0.697339157,0.950834835,0.043,1.3174427,-0.692215604,0.951522794,0.043296671,1.31140115,-0.00512355324,-0.000687959577,-0.000296670969,0.00604155244,0.00512355324,0.000687959577,0.000296670969,0.00604155244,-0.101569375,-0.0132239529,0,0.114814011,-0.100924002,-0.0125351664,-7.72822575e-16,0.113777625,-0.000645372409,-0.00068878651,7.72822575e-16,0.00103638526,-0.025266909,0.0215529018,0,0.003600009,-0.00803755101,-0.0196493113,-5.56587322e-14,0.0276758376,0.369915654,-0.097543573,0.06,1.57093838,0.370375347,-0.0955140173,0.059703329,1.57070834,0,0,3.09545887e-08,0,-3.76041177e-07,0,0,0,0.0705676711,0.00546768678,0.00332665177,0.000324072532,0.0705676711,-0.0056023102,-0.000691256147,-0.890012906,0.00116499727,-1.54039598e-05
9.56,4780,APPROACH,single_red_center-f6430d296e:0001:APPROACH,PREGRASP_ROUTE,-0.70142569,0.950330541,0.043,1.32203423,-0.69626411,0.951016864,0.043296671,1.31596706,-0.00516157988,-0.000686323092,-0.000296670969,0.00606716838,0.00516157988,0.000686323092,0.000296670969,0.00606716838,-0.102845709,-0.0118047534,0,0.114663801,-0.101553818,-0.0125831325,-6.26736294e-16,0.114393582,-0.00129189048,0.000778379048,6.26736294e-16,0.000270219189,-0.0386155683,0.0495441921,0,-0.0111824834,-0.0262477723,0.0205548558,-5.68687046e-14,0.0103707126,0.36953882,-0.0991521708,0.06,1.57093908,0.370011148,-0.0971106114,0.059703329,1.57071981,0,0,1.55598947e-08,0,-3.90441686e-07,0,0,0,0.0705676711,0.00546768678,0.00332665177,0.000324072532,0.0705676711,-0.00578358221,-0.00058732036,-0.890012906,0.00115428669,-7.70686365e-06
9.6,4800,APPROACH,single_red_center-f6430d296e:0001:APPROACH,PREGRASP_ROUTE,-0.705574074,0.949905656,0.043,1.32660779,-0.700348551,0.950531591,0.043296671,1.32054564,-0.00522552306,-0.000625935448,-0.000296670969,0.00606214658,0.00522552306,0.000625935448,0.000296670969,0.00606214658,-0.104664593,-0.00924796162,0,0.113912866,-0.102697608,-0.0115493753,-4.72349656e-16,0.11443654,-0.00196698499,0.00230141366,4.72349656e-16,-0.000523673526,-0.052394859,0.0784333814,0,-0.0264367308,-0.0451340892,0.0625415116,-5.80786771e-14,-0.00760597009,0.369144893,-0.10076675,0.06,1.57093937,0.369635472,-0.0987151128,0.059703329,1.57072868,0,0,-1.3676886e-08,0,-6.72957244e-07,0,0,0,0.0705676711,0.00546768678,0.00332665177,0.000324072532,0.0705676711,-0.0059906449,-0.000433154763,-0.890012906,0.00113719972,7.41612696e-06
9.64,4820,APPROACH,single_red_center-f6430d296e:0001:APPROACH,PREGRASP_ROUTE,-0.709806353,0.949606398,0.043,1.33113898,-0.70448985,0.950111119,0.043296671,1.32511355,-0.00531650269,-0.000504720725,-0.000296670969,0.0060254297,0.00531650269,0.000504720725,0.000296670969,0.0060254297,-0.107043253,-0.00551766262,0,0.112542336,-0.104373289,-0.00939304855,-3.46184231e-16,0.113886305,-0.00266996447,0.00387538593,3.46184231e-16,-0.00134396908,-0.066604764,0.108220405,0,-0.0421626859,-0.0647544588,0.106124572,-6.0498622e-14,-0.026214769,0.368729337,-0.102386303,0.06,1.57093903,0.36924396,-0.100326599,0.059703329,1.57073482,0,0,-1.42582336e-08,0,-5.22956451e-08,0,0,0,0.0705676711,0.00546768678,0.00332665177,0.000324072532,0.0705676711,-0.00622885371,-0.000229268751,-0.890012906,0.00111356651,7.13299485e-06
9.68,4840,APPROACH,single_red_center-f6430d296e:0001:APPROACH,PREGRASP_ROUTE,-0.714145224,0.949480359,0.043,1.33560267,-0.708709696,0.94980114,0.043296671,1.32964665,-0.00543552747,-0.000320781453,-0.000296670969,0.00595602247,0.00543552747,0.000320781453,0.000296670969,0.00595602247,-0.109998731,-0.000578326537,0,0.110533546,-0.106600362,-0.00607731832,-6.25076222e-16,0.112723553,-0.00339836885,0.00549899178,6.25076222e-16,-0.00219000773,-0.0812448876,0.138904413,0,-0.0583598887,-0.0849725561,0.150869886,-5.68687046e-14,-0.0453767087,0.368287507,-0.104009716,0.06,1.5709378,0.368832122,-0.101944055,0.059703329,1.57073809,0,0,-1.5721514e-08,0,-1.43012662e-08,0,0,0,0.0705676711,0.00546768678,0.00332665177,0.000324072532,0.0705676711,-0.00649948145,2.39453723e-05,-0.890012906,0.00108326435,7.82302439e-06
9.72,4860,APPROACH,single_red_center-f6430d296e:0001:APPROACH,PREGRASP_ROUTE,-0.718612577,0.949566594,0.043,1.33998237,-0.71303029,0.949647772,0.043296671,1.334121,-0.00558228701,-8.11788138e-05,-0.000296670969,0.00586137443,0.00558228701,8.11788138e-05,0.000296670969,0.00586137443,-0.113300026,0.00472451613,0,0.108552307,-0.109365005,-0.0016798279,-4.90610441e-16,0.1110222,-0.00393502155,0.00640434404,4.90610441e-16,-0.00246989347,-0.0761376892,0.119310397,0,-0.0425867621,-0.10052975,0.181662103,-5.80786771e-14,-0.0564360706,0.367815235,-0.105637152,0.06,1.57093639,0.368395415,-0.10356649,0.059703329,1.57073848,0,0,-1.29576387e-08,0,2.35038816e-07,0,0,0,0.0705676711,0.00558228701,0.00332665177,0.000324072532,0.0705676711,-0.00680294187,0.000264112446,-0.890012906,0.00105550758,6.40361483e-06
9.76,4880,APPROACH,single_red_center-f6430d296e:0001:APPROACH,PREGRASP_ROUTE,-0.723201534,0.949843449,0.043,1.34429398,-0.717467214,0.949678325,0.043296671,1.33852425,-0.0057343197,0.000165124382,-0.000296670969,0.0057697248,0.0057343197,0.000165124382,0.000296670969,0.0057697248,-0.11604717,0.00892590474,0,0.107118667,-0.112326983,0.00293097626,-7.61202075e-16,0.109256757,-0.00372018666,0.00599492848,7.61202075e-16,-0.00213808983,-0.0611413983,0.0906087019,0,-0.029023712,-0.0988603928,0.172502398,-5.56587322e-14,-0.0516522498,0.367314164,-0.107269965,0.06,1.57093589,0.367930867,-0.105194061,0.059703329,1.57073536,0,0,-2.23631108e-09,0,2.60940572e-07,0,0,0,0.0705676711,0.0057343197,0.00332665177,0.000324072532,0.0705676711,-0.00699881026,0.000398206699,-0.890012906,0.0010424702,1.03251344e-06
9.8,4900,APPROACH,single_red_center-f6430d296e:0001:APPROACH,PREGRASP_ROUTE,-0.727888244,0.95026514,0.043,1.34855921,-0.722019297,0.949883432,0.043296671,1.34286236,-0.00586894722,0.000381707622,-0.000296670969,0.00569684956,0.00586894722,0.000381707622,0.000296670969,0.00569684956,-0.118184686,0.0119604092,0,0.106236497,-0.115079784,0.00699445566,-6.13455723e-16,0.107788473,-0.00310490137,0.00496595356,6.13455723e-16,-0.0015519754,-0.0456558946,0.0609653453,0,-0.0150128844,-0.0860585376,0.143747846,-5.68687046e-14,-0.039464065,0.366788804,-0.108908009,0.06,1.5709361,0.367438942,-0.106827855,0.059703329,1.57072649,0,0,6.4584583e-09,0,1.7049755e-07,0,0,0,0.0705676711,0.00586894722,0.00332665177,0.000324072532,0.0705676711,-0.00703094598,0.000487692944,-0.890012906,0.00103965407,-3.28762974e-06
9.84,4920,APPROACH,single_red_center-f6430d296e:0001:APPROACH,PREGRASP_ROUTE,-0.732647933,0.950784239,0.043,1.35280048,-0.726672432,0.950233183,0.043296671,1.34715098,-0.00597550113,0.000551056391,-0.000296670969,0.00564950474,0.00597550113,0.000551056391,0.000296670969,0.00564950474,-0.119693022,0.0137903921,0,0.105923694,-0.117371978,0.0101703933,-4.64049299e-16,0.106776541,-0.00232104379,0.00361999885,4.64049299e-16,-0.000852846507,-0.0296819497,0.0303817891,0,-0.000554962837,-0.0670944535,0.105870142,-5.92886495e-14,-0.0240182325,0.366243841,-0.110551204,0.06,1.57093679,0.366922386,-0.108468223,0.059703329,1.57071173,0,0,1.17632663e-08,0,9.64961767e-08,0,0,0,0.0705676711,0.00597550113,0.00332665177,0.000324072532,0.0705676711,-0.00693436396,0.000542821072,-0.890012906,0.00104461614,-5.91405266e-06
9.88,4940,APPROACH,single_red_center-f6430d296e:0001:APPROACH,PREGRASP_ROUTE,-0.737455043,0.951351818,0.043,1.35704093,-0.731405072,0.950688244,0.043296671,1.35141007,-0.00604997169,0.000663573418,-0.000296670969,0.00563086612,0.00604997169,0.000663573418,0.000296670969,0.00563086612,-0.120552661,0.0143782855,0,0.106198123,-0.119069898,0.0122920057,-7.39621147e-16,0.106293882,-0.00148276338,0.00208627984,7.39621147e-16,-9.57591359e-05,-0.0132206225,-0.00113994941,0,0.0143491044,-0.045093487,0.063096214,-5.56587322e-14,-0.00696971162,0.365684114,-0.112199558,0.06,1.57093771,0.36638516,-0.110114677,0.059703329,1.57069324,0,0,1.475712e-08,0,5.54930518e-08,0,0,0,0.0705676711,0.00604997169,0.00332665177,0.000324072532,0.0705676711,-0.006762043,0.000552279104,-0.890012906,0.0010564393,-7.39274925e-06
9.92,4960,APPROACH,single_red_center-f6430d296e:0001:APPROACH,PREGRASP_ROUTE,-0.742283239,0.951917443,0.043,1.3613044,-0.736192026,0.951204204,0.043296671,1.35566168,-0.00609121387,0.000713238868,-0.000296670969,0.00564272273,0.00609121387,0.000713238868,0.000296670969,0.00564272273,-0.120744135,0.0136866133,0,0.107077606,-0.120114348,0.0132588025,-5.88554652e-16,0.106379471,-0.000629786965,0.00042781079,5.88554652e-16,0.00069813555,0.00372673896,-0.0335972951,0,0.0296981031,-0.0217549817,0.0171575033,-5.68687046e-14,0.01103329,0.365114622,-0.113853183,0.06,1.57093861,0.365831859,-0.111766456,0.059703329,1.57067386,0,0,1.6470681e-08,0,3.77922337e-08,0,0,0,0.0705676711,0.00609121387,0.00332665177,0.000324072532,0.0705676711,-0.00655065684,0.000504795341,-0.890012906,0.00107485535,-8.23652718e-06
9.96,4980,APPROACH,single_red_center-f6430d296e:0001:APPROACH,PREGRASP_ROUTE,-0.747105407,0.952429187,0.043,1.36561545,-0.741006611,0.951733279,0.043296671,1.35992911,-0.00609879647,0.000695908503,-0.000296670969,0.00568633487,0.00609879647,0.000695908503,0.000296670969,0.00568633487,-0.120248034,0.0116780138,0,0.10857991,-0.120482753,0.0129978454,-4.291878e-16,0.107059075,0.000234718642,-0.0013198316,4.291878e-16,0.0015208357,0.0211584958,-0.066987112,0,0.0454905514,0.00222476504,-0.0311557929,2.55304185e-13,0.0297404921,0.364540518,-0.115512292,0.06,1.57093923,0.365267406,-0.113423002,0.059703329,1.57065578,0,0,1.75344105e-08,0,3.38411706e-08,0,0,0,0.0705676711,0.00610017297,0.00332665177,0.000324072532,0.0705676711,-0.00631436381,0.000395135695,-0.890012906,0.00109987061,-8.75857079e-06
10,5000,APPROACH,single_red_center-f6430d296e:0001:APPROACH,PREGRASP_ROUTE,-0.751893658,0.952833631,0.043,1.36999933,-0.745821535,0.952225095,0.043296671,1.36423657,-0.00607212249,0.000608535118,-0.000296670969,0.00576276214,0.00607212249,0.000608535118,0.000296670969,0.00576276214,-0.119045023,0.00831526161,0,0.110722739,-0.120163709,0.0114509309,-7.23020433e-16,0.108353449,0.00111868669,-0.00313566932,7.23020433e-16,0.00236929011,0.0390727172,-0.101305701,0,0.0617246992,0.0266918661,-0.0813733672,-5.56587322e-14,0.0490454941,0.36396711,-0.117177209,0.06,1.57093931,0.364696916,-0.115084135,0.059703329,1.57064013,0,0,6.38549496e-08,0,6.94624419e-08,0,0,0,0.0705676711,0.00610017297,0.00332665177,0.000324072532,0.0705676711,-0.00605236269,0.000222918468,-0.890012906,0.00113159481,-3.20244833e-05
10.04,5020,APPROACH,single_red_center-f6430d296e:0001:APPROACH,PREGRASP_ROUTE,-0.75661933,0.953075867,0.043,1.37448204,-0.750609056,0.952627174,0.043296671,1.36860905,-0.0060102745,0.000448693047,-0.000296670969,0.00587298783,0.0060102745,0.000448693047,0.000296670969,0.00587298783,-0.117115845,0.003561291,0,0.11352372,-0.119144873,0.00856965128,-5.78594224e-16,0.110281349,0.00202902804,-0.00500836029,5.78594224e-16,0.00324237173,0.0574671794,-0.136548796,0,0.0783985263,0.0517248376,-0.13323589,-5.80786771e-14,0.0689104188,0.363399856,-0.118848368,0.06,1.57093857,0.364125652,-0.11675002,0.059703329,1.57062717,0,0,7.95898224e-08,0,5.58946083e-07,0,0,0,0.0705676711,0.00610017297,0.00332665177,0.000324072532,0.0705676711,-0.00575796018,-1.06601356e-05,-0.890012906,0.00117018808,-3.99056961e-05
10.08,5040,APPROACH,single_red_center-f6430d296e:0001:APPROACH,PREGRASP_ROUTE,-0.761254537,0.953101068,0.043,1.37909042,-0.755340908,0.952885372,0.043296671,1.37307226,-0.00591362912,0.000215695957,-0.000296670969,0.0060181566,0.00591362912,0.000215695957,0.000296670969,0.0060181566,-0.114662593,-0.00236353354,0,0.116989214,-0.117419657,0.00433132771,-4.27527728e-16,0.112862474,0.00275706443,-0.00669486125,4.27527728e-16,0.00412673977,0.0559018409,-0.143582726,0,0.0883930217,0.0751590399,-0.181907454,2.55304185e-13,0.0894749733,0.362844107,-0.120526571,0.06,1.57093695,0.363559005,-0.118421058,0.059703329,1.57061673,0,0,9.83437103e-08,0,4.18575474e-07,0,0,0,0.0705676711,0.00610017297,0.00332665177,0.000324072532,0.0705676711,-0.00544802679,-0.000293298893,-0.890012906,0.00121607658,-4.92709957e-05
10.12,5060,APPROACH,single_red_center-f6430d296e:0001:APPROACH,PREGRASP_ROUTE,-0.765800368,0.952900154,0.043,1.38383622,-0.759993587,0.952954431,0.043296671,1.37765092,-0.00580678044,-5.42770102e-05,-0.000296670969,0.00618529284,0.00580678044,5.42770102e-05,0.000296670969,0.00618529284,-0.112730511,-0.00746937298,0,0.120188272,-0.115310324,-0.000651465144,-7.04759648e-16,0.11595536,0.00257981315,-0.00681790784,7.04759648e-16,0.00423291164,0.0406256184,-0.111549518,0,0.0714759789,0.0776905761,-0.187682597,-5.56587322e-14,0.0971398778,0.362299945,-0.12221423,0.06,1.570936,0.363001449,-0.120097739,0.059703329,1.57061177,0,0,9.97269446e-08,0,-1.55672948e-07,0,0,0,0.0705676711,0.00610017297,0.00332665177,0.000324072532,0.0705676711,-0.00533252218,-0.000512264736,-0.890012906,0.00125468968,-4.98278504e-05
10.16,5080,APPROACH,single_red_center-f6430d296e:0001:APPROACH,PREGRASP_ROUTE,-0.770281254,0.952520879,0.043,1.38869631,-0.764564314,0.952827792,0.043296671,1.38235386,-0.0057169398,-0.000306913104,-0.000296670969,0.00634244915,0.0057169398,0.000306913104,0.000296670969,0.00634244915,-0.11141837,-0.0112753538,0,0.122700917,-0.113384793,-0.00534238665,-5.48712939e-16,0.118989824,0.00196642335,-0.00593296718,5.48712939e-16,0.00371109289,0.0249044614,-0.0785890725,0,0.0540719988,0.0649289719,-0.163791108,-5.80786771e-14,0.0881226309,0.361762443,-0.123911019,0.06,1.57093594,0.362453466,-0.121780539,0.059703329,1.57061734,0,0,8.94002863e-08,0,-3.19826828e-07,0,0,0,0.0705676711,0.00610017297,0.00332665177,0.000324072532,0.0705676711,-0.00540281273,-0.000664910409,-0.890012906,0.00127623254,-4.46333256e-05
10.2,5100,APPROACH,single_red_center-f6430d296e:0001:APPROACH,PREGRASP_ROUTE,-0.774722348,0.952015975,0.043,1.39364286,-0.769067602,0.952529704,0.043296671,1.38716976,-0.00565474565,-0.000513729043,-0.000296670969,0.00647310353,0.00565474565,0.000513729043,0.000296670969,0.00647310353,-0.110743918,-0.0137444896,0,0.124507726,-0.111946234,-0.00920457081,-3.92666229e-16,0.121584421,0.00120231642,-0.00453991883,3.92666229e-16,0.00292330543,0.00874084274,-0.0447065582,0,0.0361838033,0.0452244741,-0.125790013,2.55304185e-13,0.0713578723,0.361226413,-0.125615806,0.06,1.57093649,0.361912265,-0.123470146,0.059703329,1.57063186,0,0,7.47928536e-08,0,-3.89999413e-07,0,0,0,0.0705676711,0.00610017297,0.00332665177,0.000324072532,0.0705676711,-0.00556844505,-0.000753569068,-0.890012906,0.0012857364,-3.73179299e-05
10.24,5120,APPROACH,single_red_center-f6430d296e:0001:APPROACH,PREGRASP_ROUTE,-0.779149508,0.951439651,0.043,1.39864725,-0.773525966,0.952099549,0.043296671,1.39207704,-0.00562354217,-0.000659897516,-0.000296670969,0.00657020735,0.00562354217,0.000659897516,0.000296670969,0.00657020735,-0.110724798,-0.014840012,0,0.125589391,-0.111119864,-0.0119677302,-6.69898149e-16,0.123571683,0.000395066119,-0.00287228182,6.69898149e-16,0.00201770813,-0.00786249175,-0.0099077116,0,0.0178144117,0.0227549737,-0.0804321465,-5.68687046e-14,0.0512272301,0.360686548,-0.12732733,0.06,1.57093739,0.361373495,-0.12516711,0.059703329,1.57065062,0,0,5.81597482e-08,0,-4.32193804e-07,0,0,0,0.0705676711,0.00610017297,0.00332665177,0.000324072532,0.0705676711,-0.00576980179,-0.000770883602,-0.890012906,0.00128589601,-2.89947815e-05
10.28,5140,APPROACH,single_red_center-f6430d296e:0001:APPROACH,PREGRASP_ROUTE,-0.783589298,0.95084758,0.043,1.40368008,-0.777964935,0.951584759,0.043296671,1.39704964,-0.00562436293,-0.000737179618,-0.000296670969,0.00663044281,0.00562436293,0.000737179618,0.000296670969,0.00663044281,-0.111378539,-0.0145253934,0,0.125926729,-0.110947527,-0.0134786242,-5.23811868e-16,0.124875502,-0.000431012066,-0.0010467692,5.23811868e-16,0.00105122696,-0.0249025233,0.0258011632,0,-0.00103285914,-0.000742045019,-0.0307932744,-5.80786771e-14,0.0294596647,0.360137437,-0.129044199,0.06,1.57093836,0.360832135,-0.126871403,0.059703329,1.57066946,0,0,4.02354475e-08,0,-4.62088785e-07,0,0,0,0.0705676711,0.00610017297,0.00332665177,0.000324072532,0.0705676711,-0.00598481607,-0.000714458205,-0.890012906,0.00127766388,-2.00265823e-05
10.32,5160,APPROACH,single_red_center-f6430d296e:0001:APPROACH,PREGRASP_ROUTE,-0.78806898,0.95029689,0.043,1.40871121,-0.782410996,0.951037585,0.043296671,1.40205929,-0.0056579847,-0.000740695259,-0.000296670969,0.00665191858,0.0056579847,0.000740695259,0.000296670969,0.00665191858,-0.112722543,-0.0127643697,0,0.125500699,-0.111442846,-0.0136408986,-3.77725587e-16,0.125455142,-0.0012796975,0.000876528904,3.77725587e-16,4.55566323e-05,-0.0423759599,0.0624131941,0,-0.020354395,-0.0247714127,0.021599124,2.55304185e-13,0.00672193513,0.359573569,-0.130764887,0.06,1.57093912,0.360282889,-0.128582303,0.059703329,1.57068588,0,0,2.14023795e-08,0,-4.8363554e-07,0,0,0,0.0705676711,0.00610017297,0.00332665177,0.000324072532,0.0705676711,-0.006215335,-0.000586940473,-0.890012906,0.00126127656,-1.06036777e-05
10.36,5180,APPROACH,single_red_center-f6430d296e:0001:APPROACH,PREGRASP_ROUTE,-0.792616509,0.949846156,0.043,1.41370972,-0.786891072,0.95051343,0.043296671,1.40707643,-0.00572543687,-0.000667273822,-0.000296670969,0.0066332891,0.00572543687,0.000667273822,0.000296670969,0.0066332891,-0.114774076,-0.00952096294,0,0.124292406,-0.112616729,-0.0123887863,-6.54957507e-16,0.125283387,-0.00215734681,0.00286782332,6.54957507e-16,-0.000990981235,-0.0602792363,0.0999209414,0,-0.0401462841,-0.0493262187,0.0759358475,-5.68687046e-14,-0.0167287356,0.358989333,-0.132487733,0.06,1.57093936,0.35972032,-0.130298528,0.059703329,1.57069879,0,0,-9.44704201e-09,0,-2.05366577e-06,0,0,0,0.0705676711,0.00610017297,0.00332665177,0.000324072532,0.0705676711,-0.00647161183,-0.000392339983,-0.890012906,0.00123669707,5.29025228e-06
10.4,5200,APPROACH,single_red_center-f6430d296e:0001:APPROACH,PREGRASP_ROUTE,-0.797260527,0.949555385,0.043,1.41864395,-0.791432616,0.950069934,0.043296671,1.41207053,-0.0058279112,-0.00051454982,-0.000296670969,0.00657342016,0.0058279112,0.00051454982,0.000296670969,0.00657342016,-0.117550254,-0.00475950431,0,0.122283121,-0.114484544,-0.00967361414,-5.05551083e-16,0.124338194,-0.00306571016,0.00491410983,5.05551083e-16,-0.00205507247,-0.0786085144,0.138316397,0,-0.0604043169,-0.0744965196,0.131804122,-5.80786771e-14,-0.040793271,0.358379021,-0.134210931,0.06,1.57093881,0.359138887,-0.132018447,0.059703329,1.57070785,0,0,-1.71890062e-08,0,-1.6839258e-07,0,0,0,0.0705676711,0.00610017297,0.00332665177,0.000324072532,0.0705676711,-0.00676298069,-0.000133126957,-0.890012906,0.00120378919,8.69005518e-06
10.44,5220,APPROACH,single_red_center-f6430d296e:0001:APPROACH,PREGRASP_ROUTE,-0.802030551,0.94948584,0.043,1.42348191,-0.796063768,0.949766451,0.043296671,1.41701024,-0.00596678233,-0.000280610811,-0.000296670969,0.00647167133,0.00596678233,0.000280610811,0.000296670969,0.00647167133,-0.12109501,0.00149573391,0,0.119556069,-0.117065312,-0.00545679651,-3.62784945e-16,0.122602839,-0.00402969884,0.00695253041,3.62784945e-16,-0.00304676913,-0.0964370744,0.163060939,0,-0.0658198498,-0.10060147,0.189382096,2.54094212e-13,-0.0648883709,0.357736803,-0.135932632,0.06,1.5709372,0.358532942,-0.133740231,0.059703329,1.57071293,0,0,-1.92524994e-08,0,-1.0357682e-07,0,0,0,0.0705676711,0.00610017297,0.00332665177,0.000324072532,0.0705676711,-0.0070992119,0.000189812578,-0.890012906,0.00116297387,9.68516573e-06
10.48,5240,APPROACH,single_red_center-f6430d296e:0001:APPROACH,PREGRASP_ROUTE,-0.806946353,0.949666267,0.043,1.42821616,-0.800811875,0.94965878,0.043296671,1.42186728,-0.00613447792,7.48707638e-06,-0.000296670969,0.00634887943,0.00613447792,7.48707638e-06,0.000296670969,0.00634887943,-0.124568254,0.00728219606,0,0.117271361,-0.120236874,-0.000119520551,-6.44997079e-16,0.120333353,-0.0043313794,0.00740171661,6.44997079e-16,-0.00306199223,-0.0771340183,0.126086885,0,-0.0483322408,-0.112211976,0.208468513,-5.68687046e-14,-0.0710437878,0.357059139,-0.137653827,0.06,1.57093607,0.357897085,-0.135462366,0.059703329,1.57071418,0,0,-1.12095232e-08,0,3.27114455e-07,0,0,0,0.0705676711,0.00613447792,0.00332665177,0.000324072532,0.0705676711,-0.00742582154,0.000421172053,-0.890012906,0.00113426636,5.57421023e-06
10.52,5260,APPROACH,single_red_center-f6430d296e:0001:APPROACH,PREGRASP_ROUTE,-0.811985519,0.950048337,0.043,1.43287311,-0.805689481,0.949764915,0.043296671,1.42663421,-0.00629603823,0.000283422385,-0.000296670969,0.00623890187,0.00629603823,0.000283422385,0.000296670969,0.00623890187,-0.12725973,0.0115711222,0,0.115694993,-0.123444599,0.00505934127,-4.98910798e-16,0.118179399,-0.00381513133,0.00651178092,4.98910798e-16,-0.00248440591,-0.0573484044,0.088183538,0,-0.0304025074,-0.103888717,0.185487759,-5.80786771e-14,-0.0606867709,0.356350448,-0.139375664,0.06,1.57093593,0.357229052,-0.137185422,0.059703329,1.57070964,0,0,1.67752976e-09,0,2.88196413e-07,0,0,0,0.0705676711,0.00629603823,0.00332665177,0.000324072532,0.0705676711,-0.00756690193,0.000547821547,-0.890012906,0.00112277434,-8.79580364e-07
10.56,5280,APPROACH,single_red_center-f6430d296e:0001:APPROACH,PREGRASP_ROUTE,-0.817116397,0.950571412,0.043,1.43748146,-0.810687822,0.950060684,0.043296671,1.43132425,-0.00642857466,0.000510727633,-0.000296670969,0.00615720871,0.00642857466,0.000510727633,0.000296670969,0.00615720871,-0.129150233,0.0143255263,0,0.114844564,-0.126236837,0.00932836346,-7.72822575e-16,0.116503035,-0.00291339599,0.00499716282,7.72822575e-16,-0.00165847086,-0.0370850704,0.0493602075,0,-0.0120350746,-0.0839065628,0.143460475,-5.56587322e-14,-0.043090162,0.355616751,-0.141098525,0.06,1.57093648,0.356530683,-0.138910672,0.059703329,1.57069712,0,0,1.06620396e-08,0,1.7885991e-07,0,0,0,0.0705676711,0.00642857466,0.00332665177,0.000324072532,0.0705676711,-0.00750887458,0.000626058314,-0.890012906,0.00112317563,-5.35660491e-06
10.6,5300,APPROACH,single_red_center-f6430d296e:0001:APPROACH,PREGRASP_ROUTE,-0.822306567,0.95117338,0.043,1.4420706,-0.815784271,0.950501836,0.043296671,1.43596022,-0.00652229573,0.000671544079,-0.000296670969,0.00611037949,0.00652229573,0.000671544079,0.000296670969,0.00611037949,-0.130220758,0.0155088063,0,0.114737487,-0.128353547,0.0123537387,-6.26736294e-16,0.115460118,-0.00186721067,0.0031550676,6.26736294e-16,-0.000722631462,-0.016349157,0.00962678677,0,0.00676535397,-0.0578998338,0.0925767528,-5.68687046e-14,-0.0223638307,0.354864206,-0.142822929,0.06,1.57093741,0.355806274,-0.140638467,0.059703329,1.57067779,0,0,1.57999551e-08,0,9.73081616e-08,0,0,0,0.0705676711,0.00652229573,0.00332665177,0.000324072532,0.0705676711,-0.00731381498,0.00065558872,-0.890012906,0.00113300025,-7.91781909e-06
10.64,5320,APPROACH,single_red_center-f6430d296e:0001:APPROACH,PREGRASP_ROUTE,-0.827522855,0.951790674,0.043,1.4466706,-0.820948803,0.951034749,0.043296671,1.4405691,-0.0065740518,0.000755925649,-0.000296670969,0.00610149234,0.0065740518,0.000755925649,0.000296670969,0.00610149234,-0.130452508,0.0150847677,0,0.115390982,-0.129668482,0.0139668336,-4.67369441e-16,0.115121637,-0.000784026446,0.0011179341,4.67369441e-16,0.000269344759,0.00485389348,-0.0310062489,0,0.0259937972,-0.0292509265,0.0369919731,-5.92886495e-14,-0.000138838773,0.354099114,-0.144549541,0.06,1.57093842,0.355061403,-0.14236847,0.059703329,1.57065505,0,0,1.85888286e-08,0,4.5014621e-08,0,0,0,0.0705676711,0.0065740518,0.00332665177,0.000324072532,0.0705676711,-0.00704525888,0.000621163939,-0.890012906,0.00115132529,-9.31691758e-06
10.68,5340,APPROACH,single_red_center-f6430d296e:0001:APPROACH,PREGRASP_ROUTE,-0.83273134,0.952358287,0.043,1.45131222,-0.82614815,0.951600603,0.043296671,1.44517994,-0.00658319004,0.0007576842,-0.000296670969,0.00613227414,0.00658319004,0.0007576842,0.000296670969,0.00613227414,-0.129826905,0.0130176286,0,0.116822074,-0.130133103,0.0140635932,-3.11322732e-16,0.115525265,0.000306198967,-0.00104596463,3.11322732e-16,0.0012968084,0.0265183432,-0.0725278534,0,0.0456450018,0.000366701154,-0.0215592133,2.54094212e-13,0.0229512049,0.353327917,-0.146279179,0.06,1.57093916,0.354302255,-0.14410034,0.059703329,1.5706324,0,0,2.01426216e-08,0,8.0271003e-09,0,0,0,0.0705676711,0.00658479933,0.00332665177,0.000324072532,0.0705676711,-0.00673944499,0.000511742211,-0.890012906,0.00117788533,-1.01081462e-05
10.72,5360,APPROACH,single_red_center-f6430d296e:0001:APPROACH,PREGRASP_ROUTE,-0.837897304,0.952809652,0.043,1.45602698,-0.831347921,0.952137089,0.043296671,1.44982297,-0.00654938262,0.000672563025,-0.000296670969,0.00620401024,0.00654938262,0.000672563025,0.000296670969,0.00620401024,-0.128324946,0.00927080283,0,0.119048166,-0.129732046,0.0125683491,-6.11795651e-16,0.116695983,0.00140710017,-0.00329754623,6.11795651e-16,0.00235218309,0.0486384842,-0.114927038,0,0.0657137411,0.0306146944,-0.0828406217,-5.68687046e-14,0.0468199075,0.352557199,-0.148012816,0.06,1.57093933,0.35353528,-0.145834155,0.059703329,1.57061214,0,0,6.9416384e-08,0,1.02600871e-06,0,0,0,0.0705676711,0.00658479933,0.00332665177,0.000324072532,0.0705676711,-0.00640514187,0.000321949731,-0.890012906,0.00121283899,-3.53391893e-05
10.76,5380,APPROACH,single_red_center-f6430d296e:0001:APPROACH,PREGRASP_ROUTE,-0.842985362,0.953076973,0.043,1.46084696,-0.836513338,0.95257929,0.043296671,1.45452929,-0.00647202353,0.000497682634,-0.000296670969,0.00631767543,0.00647202353,0.000497682634,0.000296670969,0.00631767543,-0.125929193,0.0038106981,0,0.122085244,-0.128457838,0.00942379351,-4.64049299e-16,0.11865333,0.00252864438,-0.00561309541,4.64049299e-16,0.00343191481,0.0712076284,-0.158190924,0,0.0861938889,0.0613803347,-0.146204489,-5.92886495e-14,0.0713047276,0.351793671,-0.149751581,0.06,1.57093857,0.35276705,-0.147570511,0.059703329,1.57059524,0,0,8.40408538e-08,0,6.61297458e-07,0,0,0,0.0705676711,0.00658479933,0.00332665177,0.000324072532,0.0705676711,-0.00603746465,5.34164548e-05,-0.890012906,0.00125623395,-4.21845789e-05
10.8,5400,APPROACH,single_red_center-f6430d296e:0001:APPROACH,PREGRASP_ROUTE,-0.847961672,0.95309344,0.043,1.46580507,-0.841609369,0.952860467,0.043296671,1.45933072,-0.0063523028,0.0002329725,-0.000296670969,0.00647434622,0.0063523028,0.0002329725,0.000296670969,0.00647434622,-0.122929581,-0.00301995759,0,0.125912296,-0.12631504,0.00461438868,-3.3290366e-16,0.121416624,0.00338545944,-0.00763434626,3.3290366e-16,0.0044956716,0.0675793117,-0.162573054,0,0.0958018685,0.0896891436,-0.204953479,-6.0498622e-14,0.0963947916,0.351043759,-0.151497078,0.06,1.57093684,0.352004213,-0.14931041,0.059703329,1.57058182,0,0,1.05663702e-07,0,3.82637069e-07,0,0,0,0.0705676711,0.00658479933,0.00332665177,0.000324072532,0.0705676711,-0.00565998166,-0.000275815613,-0.890012906,0.00130837385,-5.29884345e-05
10.84,5420,APPROACH,single_red_center-f6430d296e:0001:APPROACH,PREGRASP_ROUTE,-0.852829872,0.952853216,0.043,1.47091259,-0.846607868,0.952926534,0.043296671,1.46425709,-0.00622200314,-7.33172736e-05,-0.000296670969,0.00665550445,0.00622200314,7.33172736e-05,0.000296670969,0.00665550445,-0.120610119,-0.00871894715,0,0.129320131,-0.123735108,-0.00103883216,-6.21756079e-16,0.124771663,0.00312498844,-0.00768011499,6.21756079e-16,0.00454846888,0.0483359666,-0.122256128,0,0.0745268328,0.0919497866,-0.210336775,-5.68687046e-14,0.104356065,0.350306885,-0.153252031,0.06,1.57093594,0.351252089,-0.151054892,0.059703329,1.57057576,0,0,1.05658659e-07,0,-2.14997572e-07,0,0,0,0.0705676711,0.00658479933,0.00332665177,0.000324072532,0.0705676711,-0.00552764845,-0.000522913289,-0.890012906,0.00134991362,-5.28164912e-05
10.88,5440,APPROACH,single_red_center-f6430d296e:0001:APPROACH,PREGRASP_ROUTE,-0.857620809,0.952417541,0.043,1.47613928,-0.851506842,0.952772375,0.043296671,1.46931725,-0.00611396751,-0.00035483417,-0.000296670969,0.00682202645,0.00611396751,0.00035483417,0.000296670969,0.00682202645,-0.119068699,-0.0127879526,0,0.13186788,-0.121411739,-0.00626866066,-4.57409013e-16,0.128006102,0.00234303969,-0.00651929198,4.57409013e-16,0.0038617789,0.0286776483,-0.0810747589,0,0.0527980071,0.0757660788,-0.179957857,-5.92886495e-14,0.0923333196,0.34957691,-0.155015305,0.06,1.57093601,0.350510983,-0.15280452,0.059703329,1.57058279,0,0,9.34493383e-08,0,-3.79071463e-07,0,0,0,0.0705676711,0.00658479933,0.00332665177,0.000324072532,0.0705676711,-0.00562093231,-0.000687028593,-0.890012906,0.00137050156,-4.66620993e-05
10.92,5460,APPROACH,single_red_center-f6430d296e:0001:APPROACH,PREGRASP_ROUTE,-0.862365936,0.951852299,0.043,1.48145036,-0.856325118,0.952429931,0.043296671,1.47449577,-0.00604081826,-0.000577631857,-0.000296670969,0.00695459343,0.00604081826,0.000577631857,0.000296670969,0.00695459343,-0.118321795,-0.0151926577,0,0.133537528,-0.119707049,-0.0104354345,-7.34640933e-16,0.130670469,0.00138525427,-0.00475722318,7.34640933e-16,0.00286705886,0.00861063468,-0.0390420265,0,0.0306222581,0.0512189017,-0.132552693,-5.56587322e-14,0.0712120528,0.348847542,-0.156784933,0.06,1.57093673,0.349777246,-0.15455977,0.059703329,1.57060058,0,0,7.68746045e-08,0,-4.45730763e-07,0,0,0,0.0705676711,0.00658479933,0.00332665177,0.000324072532,0.0705676711,-0.00582993741,-0.000771020118,-0.890012906,0.0013764242,-3.83530696e-05
10.96,5480,APPROACH,single_red_center-f6430d296e:0001:APPROACH,PREGRASP_ROUTE,-0.867097356,0.951224738,0.043,1.48681036,-0.861091013,0.951949052,0.043296671,1.47976523,-0.00600634262,-0.00072431406,-0.000296670969,0.00704513229,0.00600634262,0.00072431406,0.000296670969,0.00704513229,-0.118385624,-0.0158992802,0,0.134311341,-0.118767542,-0.0132222173,-5.8689458e-16,0.132571557,0.000381918118,-0.00267706282,5.8689458e-16,0.00173978444,-0.0118585295,0.00382843544,0,0.00800674331,0.0233666663,-0.076287696,-5.68687046e-14,0.0461908407,0.348112409,-0.15855878,0.06,1.57093775,0.34904541,-0.156320787,0.059703329,1.57062327,0,0,5.8157995e-08,0,-4.87089078e-07,0,0,0,0.0705676711,0.00658479933,0.00332665177,0.000324072532,0.0705676711,-0.00608214543,-0.000766372514,-0.890012906,0.00137093179,-2.89843445e-05
11,5500,APPROACH,single_red_center-f6430d296e:0001:APPROACH,PREGRASP_ROUTE,-0.871847817,0.950603444,0.043,1.4921831,-0.865836288,0.951388922,0.043296671,1.48509311,-0.0060115287,-0.000785478943,-0.000296670969,0.00708998935,0.0060115287,0.000785478943,0.000296670969,0.00708998935,-0.119276135,-0.0148745943,0,0.134171877,-0.118638662,-0.0144540278,-4.45788513e-16,0.133624429,-0.000637472239,-0.000420566453,4.45788513e-16,0.000547448517,-0.0327230349,0.0475224426,0,-0.0150410916,-0.00568191099,-0.0148991891,-5.92886495e-14,0.0193188365,0.347365069,-0.160334549,0.06,1.57093873,0.348309302,-0.158086951,0.059703329,1.57064575,0,0,3.80121665e-08,0,-5.16179227e-07,0,0,0,0.0705676711,0.00658479933,0.00332665177,0.000324072532,0.0705676711,-0.00635057339,-0.000670675165,-0.890012906,0.00135520457,-1.89080431e-05
11.04,5520,APPROACH,single_red_center-f6430d296e:0001:APPROACH,PREGRASP_ROUTE,-0.8766507,0.950058321,0.043,1.4975317,-0.870593649,0.950814129,0.043296671,1.49044449,-0.00605705105,-0.000755807824,-0.000296670969,0.00708720521,0.00605705105,0.000755807824,0.000296670969,0.00708720521,-0.121009,-0.0120859525,0,0.133101998,-0.119331621,-0.0140250181,-7.28000647e-16,0.133786077,-0.00167737959,0.00193906557,7.28000647e-16,-0.000684078619,-0.05397581,0.0920252658,0,-0.0385135153,-0.0353157246,0.0497315886,-5.56587322e-14,-0.00860569324,0.346599021,-0.162109775,0.06,1.57093932,0.347562531,-0.159856775,0.059703329,1.57066497,0,0,1.68766253e-08,0,-5.34796656e-07,0,0,0,0.0705676711,0.00658479933,0.00332665177,0.000324072532,0.0705676711,-0.00663719795,-0.000487690647,-0.890012906,0.00132958227,-8.34280812e-06
11.08,5540,APPROACH,single_red_center-f6430d296e:0001:APPROACH,PREGRASP_ROUTE,-0.881540006,0.949660569,0.043,1.50281861,-0.87539612,0.950292633,0.043296671,1.49578314,-0.00614388621,-0.000632063862,-0.000296670969,0.00703547166,0.00614388621,0.000632063862,0.000296670969,0.00703547166,-0.123599606,-0.00750130731,0,0.13108488,-0.120854211,-0.0118667818,-5.65313653e-16,0.133029654,-0.00274539498,0.00436547452,5.65313653e-16,-0.00194477349,-0.0756095234,0.137321636,0,-0.0624025135,-0.0655276486,0.116630866,-5.80786771e-14,-0.0372773631,0.345807706,-0.163881822,0.06,1.57093917,0.34679865,-0.161628089,0.059703329,1.57067965,0,0,-1.89716415e-08,0,4.09821535e-07,0,0,0,0.0705676711,0.00658479933,0.00332665177,0.000324072532,0.0705676711,-0.00695423784,-0.00022265294,-0.890012906,0.00129407514,9.56311986e-06
11.12,5560,APPROACH,single_red_center-f6430d296e:0001:APPROACH,PREGRASP_ROUTE,-0.886550346,0.949482656,0.043,1.50800561,-0.880277144,0.949894655,0.043296671,1.50107187,-0.00627320253,-0.000411999298,-0.000296670969,0.00693373793,0.00627320253,0.000411999298,0.000296670969,0.00693373793,-0.127063036,-0.00108923253,0,0.128104027,-0.12321971,-0.00793145187,-4.19227371e-16,0.131334505,-0.00384332579,0.00684221935,4.19227371e-16,-0.00323047806,-0.0976165869,0.183395749,0,-0.0866997923,-0.0964002106,0.185217988,2.55304185e-13,-0.0665681208,0.344984505,-0.165647883,0.06,1.57093792,0.346011164,-0.163398291,0.059703329,1.57068938,0,0,-2.01141172e-08,0,-2.24235455e-08,0,0,0,0.0705676711,0.00658479933,0.00332665177,0.000324072532,0.0705676711,-0.00731258234,0.000120631787,-0.890012906,0.00124858506,1.00039852e-05
11.16,5580,APPROACH,single_red_center-f6430d296e:0001:APPROACH,PREGRASP_ROUTE,-0.891714215,0.94958446,0.043,1.51306607,-0.885270406,0.949690708,0.043296671,1.50627394,-0.00644380907,-0.000106248226,-0.000296670969,0.00679212861,0.00644380907,0.000106248226,0.000296670969,0.00679212861,-0.131036758,0.0059374333,0,0.12507494,-0.126397443,-0.00233740437,-7.01439505e-16,0.128800446,-0.0046393147,0.00827483767,7.01439505e-16,-0.00372550557,-0.0895726168,0.155009397,0,-0.0646715809,-0.119848571,0.232631453,-5.56587322e-14,-0.0845838192,0.344123347,-0.167406793,0.06,1.57093631,0.345193594,-0.165164676,0.059703329,1.57069424,0,0,-1.7172554e-08,0,3.16156279e-07,0,0,0,0.0705676711,0.00658479933,0.00332665177,0.000324072532,0.0705676711,-0.00770755075,0.000449209614,-0.890012906,0.00120571603,8.4927245e-06
11.2,5600,APPROACH,single_red_center-f6430d296e:0001:APPROACH,PREGRASP_ROUTE,-0.89702108,0.949933955,0.043,1.51802301,-0.89039936,0.949723331,0.043296671,1.51136922,-0.00662172009,0.000210624564,-0.000296670969,0.00665379403,0.00662172009,0.000210624564,0.000296670969,0.00665379403,-0.134148092,0.0112339145,0,0.122915918,-0.129863863,0.00360035607,-1.18754452e-16,0.126137778,-0.0042842287,0.00763355845,1.18754452e-16,-0.00322186052,-0.0659286412,0.10968858,0,-0.0432195346,-0.11666305,0.218352361,-6.29185668e-14,-0.0776291456,0.343226415,-0.16916084,0.06,1.57093589,0.344341548,-0.166926465,0.059703329,1.57069319,0,0,-2.72176958e-09,0,3.54562511e-07,0,0,0,0.0705676711,0.00662172009,0.00332665177,0.000324072532,0.0705676711,-0.00793494701,0.000614520552,-0.890012906,0.00118579496,1.25356515e-06
11.24,5620,APPROACH,single_red_center-f6430d296e:0001:APPROACH,PREGRASP_ROUTE,-0.902433363,0.950458825,0.043,1.52291087,-0.895661383,0.949978036,0.043296671,1.51636633,-0.00677198003,0.000480788253,-0.000296670969,0.00654454241,0.00677198003,0.000480788253,0.000296670969,0.00654454241,-0.136305233,0.0147013175,0,0.121622708,-0.132985677,0.0086823438,-4.52428799e-16,0.123931326,-0.00331955572,0.00601897369,4.52428799e-16,-0.00230861758,-0.0418635447,0.0635565481,0,-0.02138142,-0.0962891214,0.173366814,-5.92886495e-14,-0.0586778716,0.342300833,-0.170911137,0.06,1.57093633,0.343455655,-0.168685212,0.059703329,1.57068298,0,0,8.97025488e-09,0,2.2790134e-07,0,0,0,0.0705676711,0.00677198003,0.00332665177,0.000324072532,0.0705676711,-0.00791484823,0.000706319728,-0.890012906,0.00118218823,-4.5550372e-06
11.28,5640,APPROACH,single_red_center-f6430d296e:0001:APPROACH,PREGRASP_ROUTE,-0.907912566,0.951085264,0.043,1.52776457,-0.901033958,0.950408101,0.043296671,1.52128956,-0.00687860778,0.000677162849,-0.000296670969,0.00647500686,0.00687860778,0.000677162849,0.000296670969,0.00647500686,-0.137491516,0.0163075393,0,0.12121059,-0.135382175,0.0123810887,-7.32980862e-16,0.122435003,-0.00210934113,0.00392645067,7.32980862e-16,-0.00122441316,-0.0173863074,0.0166306052,0,0.000834526602,-0.0667444701,0.114601367,-5.56587322e-14,-0.0346844008,0.341353874,-0.172658924,0.06,1.57093727,0.342540202,-0.170442101,0.059703329,1.57066371,0,0,1.58813806e-08,0,1.25533641e-07,0,0,0,0.0705676711,0.00687860778,0.00332665177,0.000324072532,0.0705676711,-0.0077044137,0.000742362993,-0.890012906,0.00119065756,-7.97527332e-06
11.32,5660,APPROACH,single_red_center-f6430d296e:0001:APPROACH,PREGRASP_ROUTE,-0.913419527,0.951738199,0.043,1.53261966,-0.906483511,0.950952505,0.043296671,1.5261699,-0.00693601585,0.000785693888,-0.000296670969,0.0064497618,0.00693601585,0.000785693888,0.000296670969,0.0064497618,-0.137690641,0.0160211799,0,0.121694508,-0.136859861,0.0144515566,-5.85234509e-16,0.121757101,-0.000830780011,0.0015696233,5.85234509e-16,-6.25932508e-05,0.00749381662,-0.0310714184,0,0.0234198169,-0.0329679681,0.0489653971,-5.68687046e-14,-0.00845121492,0.340392916,-0.174405626,0.06,1.57093833,0.341601476,-0.172197478,0.059703329,1.57063889,0,0,1.95865674e-08,0,7.04196177e-08,0,0,0,0.0705676711,0.00693601585,0.00332665177,0.000324072532,0.0705676711,-0.00738527574,0.000707454241,-0.890012906,0.00120950152,-9.80336785e-06
11.36,5680,APPROACH,single_red_center-f6430d296e:0001:APPROACH,PREGRASP_ROUTE,-0.918914443,0.952341313,0.043,1.53751227,-0.911971389,0.951543064,0.043296671,1.53104125,-0.00694305372,0.00079824933,-0.000296670969,0.00647102605,0.00694305372,0.00079824933,0.000296670969,0.00647102605,-0.136886683,0.0138115625,0,0.123089059,-0.137341246,0.0147586982,-4.55748942e-16,0.121948294,0.000454563627,-0.000947135698,4.55748942e-16,0.00114076548,0.032767303,-0.0795311705,0,0.046365714,0.00239435097,-0.0206744188,-5.92886495e-14,0.0189203792,0.339425442,-0.176152857,0.06,1.57093915,0.340646701,-0.173951522,0.059703329,1.57061292,0,0,2.15581655e-08,0,4.75099866e-08,0,0,0,0.0705676711,0.00694614615,0.00332665177,0.000324072532,0.0705676711,-0.00701305759,0.000586366482,-0.890012906,0.00123811447,-1.07722154e-05
11.4,5700,APPROACH,single_red_center-f6430d296e:0001:APPROACH,PREGRASP_ROUTE,-0.924356879,0.952817079,0.043,1.54247912,-0.917457188,0.952107286,0.043296671,1.53593901,-0.00689969149,0.00070979287,-0.000296670969,0.00654011104,0.00689969149,0.00070979287,0.000296670969,0.00654011104,-0.135064101,0.00964875503,0,0.125408491,-0.136805144,0.0132141216,-7.32980862e-16,0.123036719,0.0017410427,-0.00356536659,7.32980862e-16,0.00237177125,0.0584243614,-0.128729785,0,0.0696632363,0.0382677158,-0.0929967571,-5.56587322e-14,0.0470003805,0.338459034,-0.177902426,0.06,1.57093932,0.339683439,-0.175704836,0.059703329,1.57058911,0,0,6.82363932e-08,0,1.80258909e-06,0,0,0,0.0705676711,0.00694614615,0.00332665177,0.000324072532,0.0705676711,-0.00660920279,0.000372930424,-0.890012906,0.00127634871,-3.48873841e-05
11.44,5720,APPROACH,single_red_center-f6430d296e:0001:APPROACH,PREGRASP_ROUTE,-0.929705789,0.953086785,0.043,1.54755747,-0.922900115,0.952569709,0.043296671,1.5408995,-0.00680567398,0.000517076079,-0.000296670969,0.00665797433,0.00680567398,0.000517076079,0.000296670969,0.00665797433,-0.132207755,0.00350358991,0,0.128666682,-0.135247946,0.009754597,-6.3503665e-16,0.12504179,0.00304019107,-0.0062510071,6.3503665e-16,0.00362489224,0.0844549392,-0.178647891,0,0.0933031608,0.0743864318,-0.167204318,-5.68687046e-14,0.0756019439,0.337501358,-0.179656333,0.06,1.57093847,0.338719341,-0.177458652,0.059703329,1.57056909,0,0,8.532445e-08,0,7.02597056e-07,0,0,0,0.0705676711,0.00694614615,0.00332665177,0.000324072532,0.0705676711,-0.00617237746,6.79435685e-05,-0.890012906,0.00132422581,-4.27426975e-05
11.48,5740,APPROACH,single_red_center-f6430d296e:0001:APPROACH,PREGRASP_ROUTE,-0.934923822,0.953075615,0.043,1.55278487,-0.928259474,0.952853174,0.043296671,1.54595971,-0.00666434827,0.000222441437,-0.000296670969,0.00682516019,0.00666434827,0.000222441437,0.000296670969,0.00682516019,-0.128785049,-0.00400983808,0,0.132759928,-0.132697475,0.00439742766,-4.93930583e-16,0.127978889,0.00391242641,-0.00840726574,4.93930583e-16,0.00478103895,0.0756186617,-0.173758954,0,0.0990054488,0.10497137,-0.230438515,-5.80786771e-14,0.103832806,0.336559356,-0.181417208,0.06,1.57093666,0.337762031,-0.179214738,0.059703329,1.57055341,0,0,1.07165112e-07,0,3.08178416e-07,0,0,0,0.0705676711,0.00694614615,0.00332665177,0.000324072532,0.0705676711,-0.00575088506,-0.000293115104,-0.890012906,0.00138122381,-5.36761821e-05
11.52,5760,APPROACH,single_red_center-f6430d296e:0001:APPROACH,PREGRASP_ROUTE,-0.940020736,0.952788793,0.043,1.55816784,-0.933504901,0.952899521,0.043296671,1.55115268,-0.00651583558,-0.000110727684,-0.000296670969,0.00701515596,0.00651583558,0.000110727684,0.000296670969,0.00701515596,-0.126211017,-0.0100164519,0,0.1362224,-0.129729796,-0.00176251015,-7.74482646e-16,0.13151907,0.00351877948,-0.00825394177,7.74482646e-16,0.00470333006,0.0530223514,-0.126445513,0,0.0740518969,0.104096011,-0.229262924,-5.56587322e-14,0.109380877,0.335631061,-0.183187618,0.06,1.57093589,0.336817151,-0.180974702,0.059703329,1.5705473,0,0,1.04489012e-07,0,-2.33738392e-07,0,0,0,0.0705676711,0.00694614615,0.00332665177,0.000324072532,0.0705676711,-0.00563096557,-0.000546325088,-0.890012906,0.00142227403,-5.21919978e-05
11.56,5780,APPROACH,single_red_center-f6430d296e:0001:APPROACH,PREGRASP_ROUTE,-0.945032857,0.952299748,0.043,1.56366924,-0.938637285,0.952708955,0.043296671,1.55648485,-0.00639557225,-0.000409206526,-0.000296670969,0.00718438454,0.00639557225,0.000409206526,0.000296670969,0.00718438454,-0.124547732,-0.0141161683,0,0.138679194,-0.127120852,-0.00731644539,-6.26736294e-16,0.134835378,0.0025731201,-0.00679972287,6.26736294e-16,0.00384381555,0.0300818489,-0.0784152543,0,0.048722138,0.0833736085,-0.189838647,-5.68687046e-14,0.0933621173,0.334709425,-0.184965341,0.06,1.57093613,0.335884427,-0.182739096,0.059703329,1.57055652,0,0,9.10951607e-08,0,-3.89502965e-07,0,0,0,0.0705676711,0.00694614615,0.00332665177,0.000324072532,0.0705676711,-0.00576035824,-0.000705797511,-0.890012906,0.00143976636,-4.54644557e-05
11.6,5800,APPROACH,single_red_center-f6430d296e:0001:APPROACH,PREGRASP_ROUTE,-0.949996886,0.951685321,0.043,1.56924855,-0.94368018,0.952321816,0.043296671,1.56193596,-0.00631670602,-0.000636494488,-0.000296670969,0.00731259248,0.00631670602,0.000636494488,0.000296670969,0.00731259248,-0.123808771,-0.0162807141,0,0.14011547,-0.125258307,-0.0115788108,-4.72349656e-16,0.137451065,0.0014495358,-0.00470190325,4.72349656e-16,0.00266440554,0.00680676313,-0.0296881836,0,0.0230266673,0.0539225783,-0.132529986,-5.80786771e-14,0.0678829762,0.333787378,-0.186747448,0.06,1.57093699,0.33495931,-0.18450802,0.059703329,1.5705776,0,0,7.38256814e-08,0,-4.57779218e-07,0,0,0,0.0705676711,0.00694614615,0.00332665177,0.000324072532,0.0705676711,-0.00601357525,-0.000773105213,-0.890012906,0.00144093619,-3.6821194e-05
11.64,5820,APPROACH,single_red_center-f6430d296e:0001:APPROACH,PREGRASP_ROUTE,-0.95495006,0.951023468,0.043,1.57486467,-0.948667155,0.951797571,0.043296671,1.56747319,-0.00628290515,-0.000774103268,-0.000296670969,0.00739148017,0.00628290515,0.000774103268,0.000296670969,0.00739148017,-0.12400732,-0.0164826259,0,0.140516816,-0.124293271,-0.0142128572,-7.46261433e-16,0.13916589,0.000285950912,-0.0022697687,7.46261433e-16,0.00135092644,-0.0167930716,0.0197152269,0,-0.00302377452,0.0212982012,-0.0663074814,-5.56587322e-14,0.0384960136,0.332857819,-0.188530828,0.06,1.57093808,0.334035368,-0.186281,0.059703329,1.57060361,0,0,5.44568114e-08,0,-5.05427865e-07,0,0,0,0.0705676711,0.00694614615,0.00332665177,0.000324072532,0.0705676711,-0.00631054597,-0.000739442478,-0.890012906,0.00142931326,-2.71305886e-05
11.68,5840,APPROACH,single_red_center-f6430d296e:0001:APPROACH,PREGRASP_ROUTE,-0.959930135,0.950393225,0.043,1.58047592,-0.953635199,0.951205515,0.043296671,1.57305849,-0.00629493604,-0.000812290246,-0.000296670969,0.00741742182,0.00629493604,0.000812290246,0.000296670969,0.00741742182,-0.125156169,-0.0146952683,0,0.139869251,-0.124267604,-0.0150365266,-6.01835223e-16,0.139894533,-0.00088856432,0.000341258324,6.01835223e-16,-2.52815922e-05,-0.0407076,0.0697740451,0,-0.0294182061,-0.0122485121,0.00476453669,-5.68687046e-14,0.0073705456,0.331913637,-0.190312183,0.06,1.57093901,0.333105545,-0.188056608,0.059703329,1.57062881,0,0,3.35799793e-08,0,-5.40794333e-07,0,0,0,0.0705676711,0.00694614615,0.00332665177,0.000324072532,0.0705676711,-0.00662310025,-0.000603087499,-0.890012906,0.00140619,-1.6685466e-05
11.72,5860,APPROACH,single_red_center-f6430d296e:0001:APPROACH,PREGRASP_ROUTE,-0.964975369,0.949874678,0.043,1.58604006,-0.958622059,0.950620471,0.043296671,1.57865148,-0.00635331018,-0.000745792535,-0.000296670969,0.00738858308,0.00635331018,0.000745792535,0.000296670969,0.00738858308,-0.127267699,-0.010892852,0,0.138159241,-0.125187487,-0.0139436647,-4.69029513e-16,0.139596072,-0.0020802119,0.00305081273,4.69029513e-16,-0.00143683114,-0.0649265504,0.120466889,0,-0.0561454103,-0.0461021414,0.0786462144,-5.92886495e-14,-0.0246553718,0.33094771,-0.192088035,0.06,1.57093937,0.332162692,-0.189832419,0.059703329,1.57064989,0,0,1.16846034e-08,0,-5.63456066e-07,0,0,0,0.0705676711,0.00694614615,0.00332665177,0.000324072532,0.0705676711,-0.00695480429,-0.000369056525,-0.890012906,0.00137196238,-5.73081349e-06
11.76,5880,APPROACH,single_red_center-f6430d296e:0001:APPROACH,PREGRASP_ROUTE,-0.97012451,0.949548929,0.043,1.59151435,-0.963665621,0.950120567,0.043296671,1.58421052,-0.00645888881,-0.000571638233,-0.000296670969,0.00730382495,0.00645888881,0.000571638233,0.000296670969,0.00730382495,-0.130353879,-0.005050452,0,0.135373702,-0.127056521,-0.0108695748,-7.4294129e-16,0.138246686,-0.00329735782,0.00581912279,7.4294129e-16,-0.00287298391,-0.0894394395,0.171771937,0,-0.0831939394,-0.0802627368,0.154237973,-5.56587322e-14,-0.0572506874,0.329952911,-0.193854713,0.06,1.57093876,0.331199711,-0.191605252,0.059703329,1.57066547,0,0,-1.68668658e-08,0,-6.36839813e-08,0,0,0,0.0705676711,0.00694614615,0.00332665177,0.000324072532,0.0705676711,-0.0073196384,-4.38387762e-05,-0.890012906,0.00132669267,8.29405732e-06
11.8,5900,APPROACH,single_red_center-f6430d296e:0001:APPROACH,PREGRASP_ROUTE,-0.975417066,0.949497223,0.043,1.59685682,-0.968804022,0.949785932,0.043296671,1.58969327,-0.00661304488,-0.000288709293,-0.000296670969,0.00716354244,0.00661304488,0.000288709293,0.000296670969,0.00716354244,-0.134431551,0.00266116261,0,0.131727606,-0.129883946,-0.00577795619,-5.8689458e-16,0.135838599,-0.00454760462,0.0084391188,5.8689458e-16,-0.00411099298,-0.10648632,0.192656003,0,-0.0852166052,-0.114438234,0.229241985,-5.68687046e-14,-0.0884451832,0.328922041,-0.195608623,0.06,1.57093697,0.330209537,-0.193371467,0.059703329,1.57067518,0,0,-2.16424204e-08,0,-3.82916807e-08,0,0,0,0.0705676711,0.00694614615,0.00332665177,0.000324072532,0.0705676711,-0.00773609206,0.000358814977,-0.890012906,0.00127223989,1.08851146e-05
11.84,5920,APPROACH,single_red_center-f6430d296e:0001:APPROACH,PREGRASP_ROUTE,-0.980872397,0.949744144,0.043,1.60206421,-0.974072523,0.949688088,0.043296671,1.59506354,-0.00679987305,5.605521e-05,-0.000296670969,0.00700066675,0.00679987305,5.605521e-05,0.000296670969,0.00700066675,-0.138158755,0.00934680299,0,0.12880223,-0.13341811,0.000624941709,-4.32507942e-16,0.132804499,-0.00474064513,0.00872186128,4.32507942e-16,-0.0040022689,-0.0798058479,0.141495057,0,-0.060989899,-0.125618703,0.245550941,2.55304185e-13,-0.0934785032,0.327851588,-0.197350722,0.06,1.57093596,0.329185705,-0.195128048,0.059703329,1.57067911,0,0,-1.05746365e-08,0,3.79153101e-07,0,0,0,0.0705676711,0.00694614615,0.00332665177,0.000324072532,0.0705676711,-0.00809700669,0.000616578095,-0.890012906,0.00123694988,5.23351854e-06
11.88,5940,APPROACH,single_red_center-f6430d296e:0001:APPROACH,PREGRASP_ROUTE,-0.986455389,0.950217405,0.043,1.60717404,-0.979483383,0.949842363,0.043296671,1.60031521,-0.00697200598,0.000375041925,-0.000296670969,0.00685882758,0.00697200598,0.000375041925,0.000296670969,0.00685882758,-0.140812117,0.0139732451,0,0.126851997,-0.136884085,0.0066229136,-7.09739862e-16,0.130007239,-0.0039280321,0.00735033146,7.09739862e-16,-0.00315524163,-0.0527949294,0.0896974466,0,-0.0364601335,-0.111060191,0.209184957,-5.56587322e-14,-0.0776173756,0.32674813,-0.199083442,0.06,1.57093606,0.328125997,-0.196875519,0.059703329,1.57067419,0,0,3.91185474e-09,0,3.04025953e-07,0,0,0,0.0705676711,0.00697200598,0.00332665177,0.000324072532,0.0705676711,-0.00819286469,0.000744138628,-0.890012906,0.00122438553,-2.01080319e-06
11.92,5960,APPROACH,single_red_center-f6430d296e:0001:APPROACH,PREGRASP_ROUTE,-0.992122832,0.950834141,0.043,1.61222556,-0.985020914,0.950210722,0.043296671,1.6054685,-0.00710191742,0.000623418673,-0.000296670969,0.00675705513,0.00710191742,0.000623418673,0.000296670969,0.00675705513,-0.142378661,0.0165154874,0,0.125888807,-0.139712743,0.0112992125,-5.47052867e-16,0.127897359,-0.00266591793,0.00521627486,5.47052867e-16,-0.00200855185,-0.0254656438,0.0372864547,0,-0.0116383966,-0.0822356387,0.149899725,-5.80786771e-14,-0.052915001,0.325619727,-0.200808822,0.06,1.57093687,0.327033345,-0.198615873,0.059703329,1.57065831,0,0,1.33648924e-08,0,1.76144532e-07,0,0,0,0.0705676711,0.00710191742,0.00332665177,0.000324072532,0.0705676711,-0.00803463123,0.000806737137,-0.890012906,0.00122739912,-6.71738523e-06
11.96,5980,APPROACH,single_red_center-f6430d296e:0001:APPROACH,PREGRASP_ROUTE,-0.997831002,0.951510501,0.043,1.61725847,-0.990652374,0.950730894,0.043296671,1.61055537,-0.00717862841,0.000779607299,-0.000296670969,0.00670310137,0.00717862841,0.000779607299,0.000296670969,0.00670310137,-0.142845897,0.016949468,0,0.125924114,-0.141593016,0.0142559735,-4.24207586e-16,0.12666145,-0.00125288098,0.00269349452,4.24207586e-16,-0.000737335687,0.00216971405,-0.015714221,0,0.0134640262,-0.0464470932,0.0802480812,2.55304185e-13,-0.0245766431,0.324474489,-0.20252911,0.06,1.57093797,0.325913847,-0.200350438,0.059703329,1.57063389,0,0,1.84818115e-08,0,9.05717982e-08,0,0,0,0.0705676711,0.00717862841,0.00332665177,0.000324072532,0.0705676711,-0.00771218478,0.000800005799,-0.890012906,0.00124273723,-9.26633295e-06
12,6000,APPROACH,single_red_center-f6430d296e:0001:APPROACH,PREGRASP_ROUTE,-1.00353569,0.952161694,0.043,1.62231294,-0.996336472,0.951329617,0.043296671,1.61561264,-0.00719921628,0.000832077464,-0.000296670969,0.0067002908,0.00719921628,0.000832077464,0.000296670969,0.0067002908,-0.142201833,0.015252081,0,0.126968916,-0.142386259,0.0152996481,-6.96459291e-16,0.126378563,0.000184426797,-4.75671188e-05,6.96459291e-16,0.000590352489,0.0300986404,-0.0692804787,0,0.0388356565,-0.00793623347,0.0053816161,-5.56587322e-14,0.00533757003,0.323320584,-0.204246767,0.06,1.57093894,0.3247752,-0.202080096,0.059703329,1.57060579,0,0,2.11017832e-08,0,4.0260066e-08,0,0,0,0.0705676711,0.00719926709,0.00332665177,0.000324072532,0.0705676711,-0.00730686948,0.000705095193,-0.890012906,0.0012691259,-1.05790126e-05
12.04,6020,APPROACH,single_red_center-f6430d296e:0001:APPROACH,PREGRASP_ROUTE,-1.00919221,0.952702024,0.043,1.62742954,-1.00202861,0.951927833,0.043296671,1.62067931,-0.00716359864,0.000774190371,-0.000296670969,0.00675023112,0.00716359864,0.000774190371,0.000296670969,0.00675023112,-0.140434979,0.0114011923,0,0.129033748,-0.142049413,0.0143184774,-5.48712939e-16,0.127085585,0.00161443401,-0.00291728509,5.48712939e-16,0.00194816359,0.0583084282,-0.123387824,0,0.064464829,0.0312518785,-0.0723982073,-5.80786771e-14,0.0360055375,0.322166225,-0.20596447,0.06,1.57093936,0.323625705,-0.203805986,0.059703329,1.57057854,0,0,3.76939559e-08,0,2.62187473e-06,0,0,0,0.0705676711,0.00719926709,0.00332665177,0.000324072532,0.0705676711,-0.00686163788,0.000510714959,-0.890012906,0.00130610659,-1.90024474e-05
12.08,6040,APPROACH,single_red_center-f6430d296e:0001:APPROACH,PREGRASP_ROUTE,-1.01475543,0.953044927,0.043,1.6326493,-1.00768343,0.952442916,0.043296671,1.62579543,-0.00707200065,0.000602010854,-0.000296670969,0.00685386774,0.00707200065,0.000602010854,0.000296670969,0.00685386774,-0.137534359,0.00537565524,0,0.132128676,-0.140578514,0.0112398531,-3.92666229e-16,0.128802762,0.00304415483,-0.00586419783,3.92666229e-16,0.00332591371,0.0867861729,-0.178011384,0,0.0903396971,0.070445194,-0.151969367,2.55304185e-13,0.0671113175,0.321019663,-0.207685109,0.06,1.5709388,0.322473765,-0.205529906,0.059703329,1.57055492,0,0,7.58759762e-08,0,2.89196556e-07,0,0,0,0.0705676711,0.00719926709,0.00332665177,0.000324072532,0.0705676711,-0.0063858072,0.000214908778,-0.890012906,0.00135357532,-3.79388828e-05
12.12,6060,APPROACH,single_red_center-f6430d296e:0001:APPROACH,PREGRASP_ROUTE,-1.02018102,0.953104169,0.043,1.63801383,-1.01325568,0.952789937,0.043296671,1.63100171,-0.00692533935,0.000314231828,-0.000296670969,0.00701211794,0.00692533935,0.000314231828,0.000296670969,0.00701211794,-0.133718345,-0.00258898787,0,0.136263483,-0.13798387,0.006029006,-6.69898149e-16,0.131545355,0.00426552542,-0.00861799387,6.69898149e-16,0.00471812798,0.0889572344,-0.195938705,0,0.107958612,0.107963664,-0.229273565,-5.68687046e-14,0.098823658,0.319888928,-0.209411943,0.06,1.57093698,0.321327707,-0.207254332,0.059703329,1.57053597,0,0,9.8464314e-08,0,4.05495995e-07,0,0,0,0.0705676711,0.00719926709,0.00332665177,0.000324072532,0.0705676711,-0.00589010446,-0.00017081669,-0.890012906,0.00141193384,-4.940441e-05
12.16,6080,APPROACH,single_red_center-f6430d296e:0001:APPROACH,PREGRASP_ROUTE,-1.02546521,0.952857717,0.043,1.64354343,-1.01870692,0.952895656,0.043296671,1.63633698,-0.00675828413,-3.79384285e-05,-0.000296670969,0.00720645229,0.00675828413,3.79384285e-05,0.000296670969,0.00720645229,-0.130660433,-0.00937919756,0,0.140029633,-0.134719048,-0.000460998578,-5.23811868e-16,0.135105601,0.00405861484,-0.00891819899,5.23811868e-16,0.00492403281,0.0639148708,-0.14352311,0,0.0803234615,0.114985153,-0.244062381,-5.80786771e-14,0.112354013,0.318774321,-0.211148525,0.06,1.57093594,0.320194535,-0.208981783,0.059703329,1.57052571,0,0,1.0049691e-07,0,-2.16106753e-07,0,0,0,0.0705676711,0.00719926709,0.00332665177,0.000324072532,0.0705676711,-0.00567330652,-0.000471671858,-0.890012906,0.00146103426,-5.02558148e-05
12.2,6100,APPROACH,single_red_center-f6430d296e:0001:APPROACH,PREGRASP_ROUTE,-1.0306472,0.952381762,0.043,1.64920148,-1.02403043,0.952746401,0.043296671,1.64181598,-0.00661677012,-0.000364638647,-0.000296670969,0.0073855085,0.00661677012,0.000364638647,0.000296670969,0.0073855085,-0.128609165,-0.014062478,0,0.14268497,-0.131704337,-0.0065309655,-7.97723645e-16,0.138589655,0.00309517133,-0.00753151251,7.97723645e-16,0.00409531507,0.0386261446,-0.0905945274,0,0.0524191217,0.0961494866,-0.208515845,-5.56587322e-14,0.0986077537,0.317668453,-0.212892468,0.06,1.57093605,0.319075364,-0.210713147,0.059703329,1.57053195,0,0,8.88375565e-08,0,-3.66551999e-07,0,0,0,0.0705676711,0.00719926709,0.00332665177,0.000324072532,0.0705676711,-0.00576454068,-0.000661179109,-0.890012906,0.00148244874,-4.43697288e-05
12.24,6120,APPROACH,single_red_center-f6430d296e:0001:APPROACH,PREGRASP_ROUTE,-1.03576745,0.951760982,0.043,1.65494334,-1.02924826,0.95237997,0.043296671,1.64742097,-0.00651919272,-0.000618987728,-0.000296670969,0.00752236948,0.00651919272,0.000618987728,0.000296670969,0.00752236948,-0.127574155,-0.0166188125,0,0.144218989,-0.129450323,-0.0112896202,-6.51637364e-16,0.141375379,0.00187616859,-0.00532919223,6.51637364e-16,0.00284360974,0.0131031324,-0.0371780913,0,0.0242587763,0.0655553422,-0.149684322,-5.68687046e-14,0.0722728018,0.316563848,-0.214639932,0.06,1.57093687,0.317965946,-0.212448222,0.059703329,1.57055268,0,0,7.30560881e-08,0,-4.25668909e-07,0,0,0,0.0705676711,0.00719926709,0.00332665177,0.000324072532,0.0705676711,-0.00602113218,-0.000750697833,-0.890012906,0.00148446147,-3.64523637e-05
12.28,6140,APPROACH,single_red_center-f6430d296e:0001:APPROACH,PREGRASP_ROUTE,-1.04086679,0.951080834,0.043,1.66072394,-1.03439589,0.951858653,0.043296671,1.65311773,-0.0064709035,-0.000777819065,-0.000296670969,0.00760621182,0.0064709035,0.000777819065,0.000296670969,0.00760621182,-0.127564527,-0.0170291961,0,0.144621718,-0.12816411,-0.0143144595,-5.03891012e-16,0.143200059,0.000599582399,-0.00271473664,5.03891012e-16,0.00142165914,-0.0126419299,0.016700733,0,-0.00414421826,0.0304529295,-0.0793713477,-5.80786771e-14,0.0407912006,0.315453061,-0.216386885,0.06,1.57093798,0.316859564,-0.214186082,0.059703329,1.5705805,0,0,5.51132589e-08,0,-4.69074768e-07,0,0,0,0.0705676711,0.00719926709,0.00332665177,0.000324072532,0.0705676711,-0.00634038956,-0.00073020702,-0.890012906,0.00147186072,-2.74639504e-05
12.32,6160,APPROACH,single_red_center-f6430d296e:0001:APPROACH,PREGRASP_ROUTE,-1.04598641,0.950427515,0.043,1.66649786,-1.03951358,0.951256824,0.043296671,1.65886527,-0.00647283001,-0.000829309032,-0.000296670969,0.00763259059,0.00647283001,0.000829309032,0.000296670969,0.00763259059,-0.128588918,-0.0152756492,0,0.14388372,-0.127905282,-0.0153872093,-3.51164445e-16,0.143956675,-0.000683635363,0.000111560115,3.51164445e-16,-7.29544862e-05,-0.0385966533,0.0710161618,0,-0.0327763383,-0.00601732811,-0.0029126435,2.54094212e-13,0.00712235511,0.314328686,-0.218129112,0.06,1.57093896,0.315748708,-0.21592476,0.059703329,1.57060851,0,0,3.54950591e-08,0,-5.03579106e-07,0,0,0,0.0705676711,0.00719926709,0.00332665177,0.000324072532,0.0705676711,-0.00667897653,-0.000595947823,-0.890012906,0.00144651255,-1.76441954e-05
12.36,6180,APPROACH,single_red_center-f6430d296e:0001:APPROACH,PREGRASP_ROUTE,-1.05116784,0.949887923,0.043,1.67221928,-1.04464263,0.950655324,0.043296671,1.66461977,-0.00652520112,-0.000767400797,-0.000296670969,0.00759951297,0.00652520112,0.000767400797,0.000296670969,0.00759951297,-0.130655461,-0.0113412292,0,0.141996105,-0.128679616,-0.0143873876,-6.44997079e-16,0.143598895,-0.0019758454,0.00304615837,6.44997079e-16,-0.00160278991,-0.0647485016,0.125742106,0,-0.0616239003,-0.0428766207,0.0770708861,-5.68687046e-14,-0.0275867974,0.313183367,-0.219862213,0.06,1.57093937,0.314625816,-0.217661177,0.059703329,1.57063246,0,0,1.46923241e-08,0,-5.25773501e-07,0,0,0,0.0705676711,0.00719926709,0.00332665177,0.000324072532,0.0705676711,-0.00703464682,-0.00035265864,-0.890012906,0.00140906568,-7.23924783e-06
12.4,6200,APPROACH,single_red_center-f6430d296e:0001:APPROACH,PREGRASP_ROUTE,-1.0564529,0.949549609,0.043,1.67784206,-1.04982431,0.950138611,0.043296671,1.67033613,-0.00662859384,-0.000589001504,-0.000296670969,0.00750593064,0.00662859384,0.000589001504,0.000296670969,0.00750593064,-0.13377179,-0.00521004334,0,0.138950532,-0.130484519,-0.0112468134,-9.18908856e-16,0.142103776,-0.0032872712,0.00603677007,9.18908856e-16,-0.00315324406,-0.0910847981,0.180852182,0,-0.090673067,-0.0800394489,0.159194939,-3.67831621e-13,-0.0628940491,0.312009803,-0.221581605,0.06,1.57093877,0.31348349,-0.219391367,0.059703329,1.57065043,0,0,-1.70814714e-08,0,3.72603797e-07,0,0,0,0.0705676711,0.00719926709,0.00332665177,0.000324072532,0.0705676711,-0.00742153948,-8.00890495e-06,-0.890012906,0.00135969758,8.33784707e-06
12.44,6220,APPROACH,single_red_center-f6430d296e:0001:APPROACH,PREGRASP_ROUTE,-1.06188402,0.94949969,0.043,1.68332126,-1.05509985,0.949793147,0.043296671,1.67596861,-0.00678416642,-0.000293456315,-0.000296670969,0.00735265527,0.00678416642,0.000293456315,0.000296670969,0.00735265527,-0.137942588,0.0029031288,0,0.134996453,-0.133322424,-0.00593362498,-3.67765159e-16,0.139468286,-0.0046201643,0.00883675378,3.67765159e-16,-0.00447183317,-0.108245627,0.201317149,0,-0.0920743237,-0.116952706,0.240242712,2.54094212e-13,-0.0964170467,0.31080065,-0.223282809,0.06,1.57093693,0.312314473,-0.221110815,0.059703329,1.5706619,0,0,-2.06711581e-08,0,-4.2361611e-09,0,0,0,0.0705676711,0.00719926709,0.00332665177,0.000324072532,0.0705676711,-0.00786008994,0.000419722159,-0.890012906,0.00130071212,1.03468047e-05
12.48,6240,APPROACH,single_red_center-f6430d296e:0001:APPROACH,PREGRASP_ROUTE,-1.06748063,0.949762124,0.043,1.68865445,-1.06050694,0.9496953,0.043296671,1.68147852,-0.0069736882,6.68241811e-05,-0.000296670969,0.00717592392,0.0069736882,6.68241811e-05,0.000296670969,0.00717592392,-0.141693403,0.00984523951,0,0.131839536,-0.136905003,0.000759301685,-6.53297436e-16,0.136172358,-0.00478840018,0.00908593783,6.53297436e-16,-0.00433282185,-0.0792710504,0.145741909,0,-0.0657493265,-0.128258105,0.256416484,-5.68687046e-14,-0.101390647,0.309552331,-0.22496661,0.06,1.57093594,0.311112184,-0.222815737,0.059703329,1.57066688,0,0,-9.72542136e-09,0,3.85443649e-07,0,0,0,0.0705676711,0.00719926709,0.00332665177,0.000324072532,0.0705676711,-0.00822865255,0.000686736152,-0.890012906,0.00126285598,4.76552154e-06
12.52,6260,APPROACH,single_red_center-f6430d296e:0001:APPROACH,PREGRASP_ROUTE,-1.07320403,0.950257652,0.043,1.69388248,-1.06605789,0.94986005,0.043296671,1.68685991,-0.00714613805,0.000397602467,-0.000296670969,0.00702256793,0.00714613805,0.000397602467,0.000296670969,0.00702256793,-0.144281069,0.0145563137,0,0.129739441,-0.140391284,0.0069820543,-5.03891012e-16,0.133145713,-0.00388978526,0.0075742594,5.03891012e-16,-0.00340627225,-0.0500894164,0.0897676806,0,-0.0392343783,-0.11191434,0.216223078,-5.80786771e-14,-0.0839513494,0.308271871,-0.226636251,0.06,1.5709361,0.309874381,-0.224506536,0.059703329,1.57066207,0,0,4.25699423e-09,0,2.98117426e-07,0,0,0,0.0705676711,0.00719926709,0.00332665177,0.000324072532,0.0705676711,-0.00830884235,0.000814028029,-0.890012906,0.0012495351,-2.21576155e-06
12.56,6280,APPROACH,single_red_center-f6430d296e:0001:APPROACH,PREGRASP_ROUTE,-1.07900753,0.950896726,0.043,1.69904777,-1.07173504,0.950245437,0.043296671,1.69213498,-0.00727248984,0.000651289719,-0.000296670969,0.00691278743,0.00727248984,0.000651289719,0.000296670969,0.00691278743,-0.145697591,0.0170209441,0,0.128703502,-0.14317576,0.0117633233,-7.7946286e-16,0.130868028,-0.00252183089,0.00525762074,7.7946286e-16,-0.00216452531,-0.0207150473,0.0334220749,0,-0.0125426303,-0.0803117425,0.151404882,-5.56587322e-14,-0.057069882,0.306967773,-0.228294716,0.06,1.57093697,0.308604194,-0.226185603,0.059703329,1.57064538,0,0,1.31742525e-08,0,1.67284528e-07,0,0,0,0.0705676711,0.00727248984,0.00332665177,0.000324072532,0.0705676711,-0.00811783861,0.00086961659,-0.890012906,0.00125299548,-6.63567695e-06
12.6,6300,APPROACH,single_red_center-f6430d296e:0001:APPROACH,PREGRASP_ROUTE,-1.08484413,0.951589202,0.043,1.70419303,-1.0775027,0.950783943,0.043296671,1.69733839,-0.00734143497,0.000805259036,-0.000296670969,0.00685463823,0.00734143497,0.000805259036,0.000296670969,0.00685463823,-0.145935548,0.0172248327,0,0.128738527,-0.144932473,0.0146864259,-6.30056436e-16,0.129534818,-0.00100307538,0.00253840681,6.30056436e-16,-0.000796291276,0.00883760401,-0.0232670456,0,0.0143126458,-0.041352365,0.0754878868,-5.68687046e-14,-0.0263622279,0.305648533,-0.229945205,0.06,1.5709381,0.307308147,-0.227854921,0.059703329,1.57061963,0,0,1.78823815e-08,0,8.40295762e-08,0,0,0,0.0705676711,0.00734143497,0.00332665177,0.000324072532,0.0705676711,-0.00775412526,0.000848898537,-0.890012906,0.00126966769,-8.95589903e-06
12.64,6320,APPROACH,single_red_center-f6430d296e:0001:APPROACH,PREGRASP_ROUTE,-1.09066657,0.952244387,0.043,1.70936122,-1.08331634,0.951396668,0.043296671,1.70250981,-0.00735022355,0.000847718448,-0.000296670969,0.00685140505,0.00735022355,0.000847718448,0.000296670969,0.00685140505,-0.144988101,0.015154801,0,0.129850788,-0.14552071,0.0155538177,-4.64049299e-16,0.129225736,0.000532609156,-0.000399016773,4.64049299e-16,0.000625052108,0.0385539617,-0.0802715808,0,0.0413180654,0.000379416541,-0.00587925543,-5.92886495e-14,0.00593824296,0.304322641,-0.231591136,0.06,1.57093904,0.30599445,-0.229516165,0.059703329,1.57059014,0,0,2.02400963e-08,0,4.36478814e-08,0,0,0,0.0705676711,0.00735374905,0.00332665177,0.000324072532,0.0705676711,-0.00730501271,0.000732683409,-0.890012906,0.00129811266,-1.01124492e-05
12.68,6340,APPROACH,single_red_center-f6430d296e:0001:APPROACH,PREGRASP_ROUTE,-1.09642728,0.952771082,0.043,1.71459554,-1.0891282,0.951998923,0.043296671,1.70769102,-0.0072990822,0.000772158896,-0.000296670969,0.0069045256,0.0072990822,0.000772158896,0.000296670969,0.0069045256,-0.142848994,0.0107987986,0,0.132046021,-0.144901675,0.0142566583,-7.39621147e-16,0.129974827,0.00205268091,-0.00345785968,7.39621147e-16,0.00207119395,0.0684193343,-0.137563208,0,0.0684601376,0.0427510972,-0.0903015603,-5.56587322e-14,0.0389632909,0.302998575,-0.23323615,0.06,1.57093934,0.304671876,-0.23117136,0.059703329,1.57056174,0,0,4.95092991e-08,0,2.33493298e-06,0,0,0,0.0705676711,0.00735374905,0.00332665177,0.000324072532,0.0705676711,-0.00681568908,0.000509478239,-0.890012906,0.00133779679,-2.53680552e-05
12.72,6360,APPROACH,single_red_center-f6430d296e:0001:APPROACH,PREGRASP_ROUTE,-1.1020785,0.953077631,0.043,1.71993943,-1.09488997,0.952502635,0.043296671,1.7129247,-0.00718853562,0.000574996468,-0.000296670969,0.00701472211,0.00718853562,0.000574996468,0.000296670969,0.00701472211,-0.139512564,0.00414591263,0,0.135329422,-0.143077619,0.0107283067,-5.83574438e-16,0.131798345,0.00356505532,-0.00658239403,5.83574438e-16,0.00353107711,0.0984189221,-0.195113394,0,0.0957252717,0.0850545559,-0.17655409,-5.68687046e-14,0.0723679628,0.301684784,-0.2348841,0.06,1.57093855,0.303349191,-0.232823242,0.059703329,1.57053737,0,0,7.13778709e-08,0,4.8323063e-07,0,0,0,0.0705676711,0.00735374905,0.00332665177,0.000324072532,0.0705676711,-0.00629552226,0.000178096781,-0.890012906,0.00138854883,-3.56909548e-05
12.76,6380,APPROACH,single_red_center-f6430d296e:0001:APPROACH,PREGRASP_ROUTE,-1.1075764,0.953076836,0.043,1.72543624,-1.10055386,0.952818063,0.043296671,1.71825405,-0.00702253451,0.000258773524,-0.000296670969,0.00718218931,0.00702253451,0.000258773524,0.000296670969,0.00718218931,-0.135469326,-0.00415566904,0,0.139587923,-0.140088412,0.00498824356,-4.30847871e-16,0.134705215,0.00461908557,-0.00914391261,4.30847871e-16,0.00488270791,0.0900440213,-0.192429308,0,0.103346055,0.121355379,-0.251334647,2.55304185e-13,0.105232215,0.300388838,-0.236539331,0.06,1.57093668,0.302034942,-0.23447524,0.059703329,1.57051825,0,0,9.06388201e-08,0,2.66933571e-07,0,0,0,0.0705676711,0.00735374905,0.00332665177,0.000324072532,0.0705676711,-0.0057935182,-0.000224179619,-0.890012906,0.00144976343,-4.54033502e-05
12.8,6400,APPROACH,single_red_center-f6430d296e:0001:APPROACH,PREGRASP_ROUTE,-1.11293023,0.95277152,0.043,1.7310946,-1.1060837,0.952876318,0.043296671,1.72371761,-0.00684653434,-0.000104797858,-0.000296670969,0.00737699435,0.00684653434,0.000104797858,0.000296670969,0.00737699435,-0.132400468,-0.0107376939,0,0.143133948,-0.136583612,-0.00173327671,-7.08079791e-16,0.138325012,0.00418314395,-0.00900441714,7.08079791e-16,0.00480893579,0.0633787685,-0.136630062,0,0.0739332313,0.121152124,-0.251283556,-5.56587322e-14,0.112181125,0.299108416,-0.238204449,0.06,1.57093589,0.3007355,-0.236130336,0.059703329,1.57051022,0,0,8.79256214e-08,0,-2.05772673e-07,0,0,0,0.0705676711,0.00735374905,0.00332665177,0.000324072532,0.0705676711,-0.00563847795,-0.000502165669,-0.890012906,0.00149301881,-4.39140727e-05
12.84,6420,APPROACH,single_red_center-f6430d296e:0001:APPROACH,PREGRASP_ROUTE,-1.11818269,0.952247639,0.043,1.73687124,-1.1114796,0.952676367,0.043296671,1.72932337,-0.0067030871,-0.000428727982,-0.000296670969,0.00754786938,0.0067030871,0.000428727982,0.000296670969,0.00754786938,-0.130400716,-0.015082552,0,0.145500733,-0.133482876,-0.0077636275,-5.57013296e-16,0.141691965,0.00308215967,-0.00731892453,5.57013296e-16,0.00380876788,0.0365898315,-0.0805733146,0,0.044385304,0.0972493847,-0.205661148,-5.80786771e-14,0.0936167498,0.297835859,-0.23987555,0.06,1.57093619,0.299450673,-0.237789116,0.059703329,1.57052013,0,0,7.65866027e-08,0,-3.19553469e-07,0,0,0,0.0705676711,0.00735374905,0.00332665177,0.000324072532,0.0705676711,-0.0057809124,-0.000670020854,-0.890012906,0.00150852881,-3.8222638e-05
12.88,6440,APPROACH,single_red_center-f6430d296e:0001:APPROACH,PREGRASP_ROUTE,-1.12337661,0.951594872,0.043,1.74271887,-1.1167687,0.952264921,0.043296671,1.73504785,-0.00660790843,-0.000670048918,-0.000296670969,0.0076710166,0.00660790843,0.000670048918,0.000296670969,0.0076710166,-0.129474746,-0.0171805099,0,0.146683172,-0.131248137,-0.0122935815,-4.32507942e-16,0.144244157,0.00177339066,-0.00488692845,4.32507942e-16,0.00243901562,0.00969082126,-0.0242873903,0,0.0147171276,0.063033144,-0.139182,2.55304185e-13,0.0639975759,0.296563677,-0.241547884,0.06,1.57093713,0.29817534,-0.239450788,0.059703329,1.57054407,0,0,6.24547945e-08,0,-3.74572767e-07,0,0,0,0.0705676711,0.00735374905,0.00332665177,0.000324072532,0.0705676711,-0.00607210124,-0.000732107485,-0.890012906,0.00150499968,-3.1152046e-05
12.92,6460,APPROACH,single_red_center-f6430d296e:0001:APPROACH,PREGRASP_ROUTE,-1.12855504,0.95090327,0.043,1.74859004,-1.12198999,0.951710944,0.043296671,1.74085296,-0.0065650494,-0.000807673755,-0.000296670969,0.00773707563,0.0065650494,0.000807673755,0.000296670969,0.00773707563,-0.129626687,-0.0170229698,0,0.146676753,-0.130054949,-0.0149396506,-7.04759648e-16,0.145752369,0.000428262808,-0.00208331927,7.04759648e-16,0.000924383765,-0.0173045776,0.0321992336,0,-0.015056363,0.0252310623,-0.0626761372,-5.56587322e-14,0.0300157315,0.295284472,-0.243216524,0.06,1.57093827,0.296902295,-0.241113575,0.059703329,1.57057392,0,0,4.64438766e-08,0,-4.23768881e-07,0,0,0,0.0705676711,0.00735374905,0.00332665177,0.000324072532,0.0705676711,-0.00641438838,-0.000678551964,-0.890012906,0.00148680721,-2.31432355e-05
12.96,6480,APPROACH,single_red_center-f6430d296e:0001:APPROACH,PREGRASP_ROUTE,-1.13376116,0.9502632,0.043,1.75443711,-1.12718626,0.951094313,0.043296671,1.74669477,-0.00657489819,-0.000831112409,-0.000296670969,0.00774234462,0.00657489819,0.000831112409,0.000296670969,0.00774234462,-0.130860119,-0.0146024759,0,0.145477564,-0.12994495,-0.0155062706,-5.53693153e-16,0.146126259,-0.000915168495,0.00090379468,5.53693153e-16,-0.000648694989,-0.0443826134,0.0888579412,0,-0.0449201603,-0.0133751698,0.0189210089,-5.80786771e-14,-0.00570049161,0.293990943,-0.244876381,0.06,1.57093915,0.295623833,-0.242774524,0.059703329,1.57060282,0,0,2.87970498e-08,0,-4.63566187e-07,0,0,0,0.0705676711,0.00735374905,0.00332665177,0.000324072532,0.0705676711,-0.00677145549,-0.000507724289,-0.890012906,0.00145564897,-1.4317529e-05
13,6500,APPROACH,single_red_center-f6430d296e:0001:APPROACH,PREGRASP_ROUTE,-1.1390383,0.949765308,0.043,1.76021231,-1.13240084,0.950500606,0.043296671,1.75252701,-0.00663745844,-0.000735298046,-0.000296670969,0.00768529303,0.00663745844,0.000735298046,0.000296670969,0.00768529303,-0.133178072,-0.00991271951,0,0.143082293,-0.130914852,-0.013889535,-3.97646444e-16,0.145329221,-0.00226321973,0.00397681552,3.97646444e-16,-0.00224692715,-0.0715294753,0.145659992,0,-0.0748591917,-0.0519741328,0.103078599,2.55304185e-13,-0.0421263288,0.2926759,-0.246522199,0.06,1.57093932,0.294332408,-0.244429558,0.059703329,1.57062678,0,0,1.00156155e-08,0,-4.8744093e-07,0,0,0,0.0705676711,0.00735374905,0.00332665177,0.000324072532,0.0705676711,-0.00714553795,-0.000226377671,-0.890012906,0.00141214425,-4.92581141e-06
13.04,6520,APPROACH,single_red_center-f6430d296e:0001:APPROACH,PREGRASP_ROUTE,-1.14442988,0.949500466,0.043,1.76586773,-1.13767674,0.950018415,0.043296671,1.7583025,-0.00675313722,-0.00051794887,-0.000296670969,0.00756523545,0.00675313722,0.00051794887,0.000296670969,0.00756523545,-0.136583022,-0.0029485436,0,0.139488235,-0.132957211,-0.0100353779,-6.91479077e-16,0.143345322,-0.00362581047,0.00708683433,6.91479077e-16,-0.00385708711,-0.0987312994,0.202576538,0,-0.104858327,-0.0904889689,0.188323068,-5.56587322e-14,-0.0788363628,0.291332256,-0.248148561,0.06,1.57093832,0.293020762,-0.246073768,0.059703329,1.57064417,0,0,-1.58960403e-08,0,-2.34614732e-07,0,0,0,0.0705676711,0.00735374905,0.00332665177,0.000324072532,0.0705676711,-0.0075520674,0.000156419541,-0.890012906,0.00135652037,7.88263985e-06
13.08,6540,APPROACH,single_red_center-f6430d296e:0001:APPROACH,PREGRASP_ROUTE,-1.14997845,0.949552023,0.043,1.77136289,-1.14305667,0.949737258,0.043296671,1.76397411,-0.00692177891,-0.000185235142,-0.000296670969,0.00738878386,0.00692177891,0.000185235142,0.000296670969,0.00738878386,-0.140842236,0.00538939039,0,0.135421497,-0.136048154,-0.00399785054,-5.42072653e-16,0.140233399,-0.00479408124,0.00938724093,5.42072653e-16,-0.004811902,-0.0985248813,0.187975542,0,-0.0885184756,-0.123944452,0.259227354,-5.80786771e-14,-0.107242001,0.289952964,-0.249751105,0.06,1.57093647,0.291681874,-0.247701815,0.059703329,1.5706547,0,0,-1.74852711e-08,0,1.94667123e-07,0,0,0,0.0705676711,0.00735374905,0.00332665177,0.000324072532,0.0705676711,-0.0080047557,0.000573030894,-0.890012906,0.00129775313,8.72148553e-06
13.12,6560,APPROACH,single_red_center-f6430d296e:0001:APPROACH,PREGRASP_ROUTE,-1.15568289,0.949902504,0.043,1.77671627,-1.14857411,0.949721878,0.043296671,1.76950994,-0.0071087779,0.00018062511,-0.000296670969,0.0072063329,0.0071087779,0.00018062511,0.000296670969,0.0072063329,-0.144179352,0.0117499621,0,0.132429583,-0.139650103,0.00284485601,-3.72745373e-16,0.13675901,-0.00452924908,0.00890510604,3.72745373e-16,-0.00432942722,-0.0683107704,0.13001423,0,-0.0610587787,-0.124648385,0.251820922,2.54094212e-13,-0.102965227,0.2885379,-0.251332438,0.06,1.57093589,0.290310153,-0.24931039,0.059703329,1.57065771,0,0,-4.44347801e-09,0,3.36423009e-07,0,0,0,0.0705676711,0.00735374905,0.00332665177,0.000324072532,0.0705676711,-0.00828953868,0.000783448569,-0.890012906,0.00126709036,2.14603499e-06
13.16,6580,APPROACH,single_red_center-f6430d296e:0001:APPROACH,PREGRASP_ROUTE,-1.16149663,0.950461014,0.043,1.78197195,-1.15423083,0.949965035,0.043296671,1.77491508,-0.00726580553,0.000495978842,-0.000296670969,0.00705687276,0.00726580553,0.000495978842,0.000296670969,0.00705687276,-0.146306625,0.0157896153,0,0.130537231,-0.142914124,0.00878446275,-6.56617578e-16,0.13376892,-0.00339250066,0.00700515257,6.56617578e-16,-0.00323168865,-0.038033956,0.071932061,0,-0.0335415281,-0.101452997,0.199563444,-5.68687046e-14,-0.0807413191,0.28709528,-0.252896449,0.06,1.57093633,0.288905108,-0.250900975,0.059703329,1.57064929,0,0,7.0701802e-09,0,2.2084253e-07,0,0,0,0.0705676711,0.00735374905,0.00332665177,0.000324072532,0.0705676711,-0.00826452298,0.000884863758,-0.890012906,0.001258828,-3.58708535e-06
13.2,6600,APPROACH,single_red_center-f6430d296e:0001:APPROACH,PREGRASP_ROUTE,-1.16737124,0.951134633,0.043,1.78717395,-1.16000127,0.950412332,0.043296671,1.78021793,-0.00736996975,0.000722300741,-0.000296670969,0.00695602044,0.00736996975,0.000722300741,0.000296670969,0.00695602044,-0.147221854,0.0175041096,0,0.129746461,-0.14531675,0.0130551077,-5.07211154e-16,0.131639807,-0.00190510373,0.00444900189,5.07211154e-16,-0.00189334631,-0.00770983978,0.013758729,0,-0.00598086837,-0.0657557562,0.128228035,-5.80786771e-14,-0.0513000958,0.285633619,-0.254447072,0.06,1.57093735,0.287471129,-0.252476401,0.059703329,1.570629,0,0,1.36894867e-08,0,1.16161656e-07,0,0,0,0.0705676711,0.00736996975,0.00332665177,0.000324072532,0.0705676711,-0.00799014691,0.000916425295,-0.890012906,0.00126629687,-6.87295875e-06
13.24,6620,APPROACH,single_red_center-f6430d296e:0001:APPROACH,PREGRASP_ROUTE,-1.17325819,0.951830293,0.043,1.79236638,-1.16584477,0.950989231,0.043296671,1.78545654,-0.00741342933,0.00084106121,-0.000296670969,0.00690984165,0.00741342933,0.00084106121,0.000296670969,0.00690984165,-0.146923456,0.0168903931,0,0.130058726,-0.146595445,0.0153278039,-7.81122932e-16,0.130520582,-0.000328010976,0.00156258917,7.81122932e-16,-0.000461856729,0.022646147,-0.0444760157,0,0.0216090288,-0.0245648244,0.048443998,-5.56587322e-14,-0.0190565585,0.284161365,-0.255988444,0.06,1.57093848,0.286015516,-0.254039198,0.059703329,1.570601,0,0,1.69966319e-08,0,5.85995171e-08,0,0,0,0.0705676711,0.00741342933,0.00332665177,0.000324072532,0.0705676711,-0.00757228961,0.000864327995,-0.890012906,0.00128661661,-8.51631661e-06
13.28,6640,APPROACH,single_red_center-f6430d296e:0001:APPROACH,PREGRASP_ROUTE,-1.17910894,0.952454828,0.043,1.79759336,-1.17171389,0.951612159,0.043296671,1.79067268,-0.00739504485,0.000842668922,-0.000296670969,0.00692068032,0.00739504485,0.000842668922,0.000296670969,0.00692068032,-0.145410464,0.0139466048,0,0.131474911,-0.146651721,0.0154450994,-6.31716508e-16,0.130469259,0.00124125758,-0.0014984946,6.31716508e-16,0.00100565195,0.0530185513,-0.10274238,0,0.0492139717,0.0182933965,-0.0353954274,-5.68687046e-14,0.0142571258,0.282686896,-0.257524906,0.06,1.57093925,0.284546849,-0.255591903,0.059703329,1.57057094,0,0,1.85949227e-08,0,3.14545439e-08,0,0,0,0.0705676711,0.00741457742,0.00332665177,0.000324072532,0.0705676711,-0.00708880125,0.000710233366,-0.890012906,0.001318625,-9.31626811e-06
13.32,6660,APPROACH,single_red_center-f6430d296e:0001:APPROACH,PREGRASP_ROUTE,-1.18487487,0.952915022,0.043,1.80289906,-1.17755925,0.952192928,0.043296671,1.79590962,-0.00731562315,0.000722094905,-0.000296670969,0.00698943749,0.00731562315,0.000722094905,0.000296670969,0.00698943749,-0.142682531,0.0086720762,0,0.133995335,-0.145469957,0.0133213862,-4.6570937e-16,0.131508319,0.00278742653,-0.00464930997,4.6570937e-16,0.00248701565,0.0833919062,-0.161010546,0,0.076819756,0.0611549673,-0.121252313,2.55304185e-13,0.0479470567,0.281218514,-0.259061004,0.06,1.57093921,0.283073959,-0.257137596,0.059703329,1.5705433,0,0,5.71575062e-08,0,3.39574768e-07,0,0,0,0.0705676711,0.00741457742,0.00332665177,0.000324072532,0.0705676711,-0.00657344814,0.000446644753,-0.890012906,0.00136185368,-2.88869222e-05
13.36,6680,APPROACH,single_red_center-f6430d296e:0001:APPROACH,PREGRASP_ROUTE,-1.19050741,0.953117657,0.043,1.80832764,-1.18333155,0.952640768,0.043296671,1.80121119,-0.00717585944,0.000476889047,-0.000296670969,0.00711645412,0.00717585944,0.000476889047,0.000296670969,0.00711645412,-0.138739928,0.00106733137,0,0.137619746,-0.143063157,0.0089080022,-7.46261433e-16,0.133646165,0.00432322858,-0.00784067083,7.46261433e-16,0.00397358166,0.113750739,-0.219250683,0,0.104412172,0.103603126,-0.208074674,-5.56587322e-14,0.0817450185,0.279764426,-0.260601474,0.06,1.57093789,0.281605475,-0.258680101,0.059703329,1.5705204,0,0,6.71401851e-08,0,4.73140749e-07,0,0,0,0.0705676711,0.00741457742,0.00332665177,0.000324072532,0.0705676711,-0.00602819702,7.5406376e-05,-0.890012906,0.0014161348,-3.36962326e-05
13.4,6700,APPROACH,single_red_center-f6430d296e:0001:APPROACH,PREGRASP_ROUTE,-1.19597476,0.952992742,0.043,1.81391824,-1.18898373,0.952866684,0.043296671,1.80662112,-0.00699103901,0.000126058102,-0.000296670969,0.00729711432,0.00699103901,0.000126058102,0.000296670969,0.00729711432,-0.134830271,-0.00695985059,0,0.141766767,-0.139604303,0.00249227702,-6.08475508e-16,0.136842821,0.00477403142,-0.0094521276,6.08475508e-16,0.00492394568,0.0834179463,-0.172782449,0,0.0902282575,0.128416229,-0.258998266,-5.68687046e-14,0.109078023,0.278329445,-0.262151395,0.06,1.57093622,0.280149454,-0.260223715,0.059703329,1.57050408,0,0,7.65734776e-08,0,-5.33781948e-08,0,0,0,0.0705676711,0.00741457742,0.00332665177,0.000324072532,0.0705676711,-0.00561695215,-0.000300610771,-0.890012906,0.00147502916,-3.8323147e-05
13.44,6720,APPROACH,single_red_center-f6430d296e:0001:APPROACH,PREGRASP_ROUTE,-1.20130853,0.952591382,0.043,1.81965305,-1.19449154,0.952824444,0.043296671,1.81216995,-0.00681699284,-0.00023306174,-0.000296670969,0.00748310127,0.00681699284,0.00023306174,0.000296670969,0.00748310127,-0.132038106,-0.0127317338,0,0.144775341,-0.136025778,-0.00416701767,-4.59069084e-16,0.140388553,0.00398767205,-0.00856471618,4.59069084e-16,0.00438678834,0.0561741848,-0.115777936,0,0.0601826518,0.117090639,-0.237478566,-5.92886495e-14,0.104165054,0.276907495,-0.263710012,0.06,1.5709359,0.278709926,-0.261770974,0.059703329,1.57050285,0,0,7.00275034e-08,0,-2.28456726e-07,0,0,0,0.0705676711,0.00741457742,0.00332665177,0.000324072532,0.0705676711,-0.00558786085,-0.000537240782,-0.890012906,0.00150582558,-3.49889207e-05
13.48,6740,APPROACH,single_red_center-f6430d296e:0001:APPROACH,PREGRASP_ROUTE,-1.2065524,0.95200472,0.043,1.82548418,-1.19986796,0.952535989,0.043296671,1.81785141,-0.00668443578,-0.000531268181,-0.000296670969,0.00763277215,0.00668443578,0.000531268181,0.000296670969,0.00763277215,-0.130335485,-0.0162238661,0,0.146582317,-0.133086372,-0.00972922854,-7.61202075e-16,0.143399603,0.00275088684,-0.00649463753,7.61202075e-16,0.00318271377,0.0289418942,-0.0587973462,0,0.0301496186,0.0879778077,-0.182004129,-5.56587322e-14,0.0799356018,0.275491326,-0.265272008,0.06,1.5709365,0.277284398,-0.263321583,0.059703329,1.57051943,0,0,5.9907948e-08,0,-2.77005961e-07,0,0,0,0.0705676711,0.00741457742,0.00332665177,0.000324072532,0.0705676711,-0.00580081013,-0.000669377071,-0.890012906,0.00151217026,-2.99103668e-05
13.52,6760,APPROACH,single_red_center-f6430d296e:0001:APPROACH,PREGRASP_ROUTE,-1.21174992,0.951323916,0.043,1.83136359,-1.20514662,0.952059554,0.043296671,1.82363431,-0.00660330558,-0.000735638414,-0.000296670969,0.00772928156,0.00660330558,0.000735638414,0.000296670969,0.00772928156,-0.12972167,-0.0174377866,0,0.147188503,-0.131120211,-0.0135851083,-6.18435937e-16,0.145467192,0.00139854055,-0.00385267836,6.18435937e-16,0.00172131087,0.00173507697,-0.00186981798,0,0.000144438634,0.0518587921,-0.111176444,-5.68687046e-14,0.0479873508,0.274073841,-0.266831876,0.06,1.57093758,0.27586672,-0.264873854,0.059703329,1.57054724,0,0,4.8177479e-08,0,-3.13427029e-07,0,0,0,0.0705676711,0.00741457742,0.00332665177,0.000324072532,0.0705676711,-0.00611777337,-0.000691583138,-0.890012906,0.00150150782,-2.40291606e-05
13.56,6780,APPROACH,single_red_center-f6430d296e:0001:APPROACH,PREGRASP_ROUTE,-1.21694464,0.950640048,0.043,1.83724327,-1.21036921,0.9514702,0.043296671,1.82947706,-0.00657543153,-0.000830151797,-0.000296670969,0.00776620787,0.00657543153,0.000830151797,0.000296670969,0.00776620787,-0.130195433,-0.0163760541,0,0.146595241,-0.130235438,-0.0154433071,-9.21933103e-17,0.146432312,4.00053713e-05,-0.000932747075,9.21933103e-17,0.000162929303,-0.0254322819,0.0549755472,0,-0.029817626,0.0137878386,-0.0331101397,-6.29185668e-14,0.0131383833,0.272648087,-0.268383972,0.06,1.57093868,0.274449494,-0.266424925,0.059703329,1.57057805,0,0,3.47362553e-08,0,-3.48941188e-07,0,0,0,0.0705676711,0.00741457742,0.00332665177,0.000324072532,0.0705676711,-0.00646388992,-0.00059624456,-0.890012906,0.00147704536,-1.72890871e-05
13.6,6800,APPROACH,single_red_center-f6430d296e:0001:APPROACH,PREGRASP_ROUTE,-1.22218007,0.950044191,0.043,1.84307521,-1.21557942,0.950851253,0.043296671,1.83533411,-0.00660064744,-0.000807061881,-0.000296670969,0.0077410951,0.00660064744,0.000807061881,0.000296670969,0.0077410951,-0.131755605,-0.0130410917,0,0.1448038,-0.130444718,-0.0151565574,-3.89346087e-16,0.146235192,-0.00131088668,0.00211546569,3.89346087e-16,-0.00143139174,-0.0525461831,0.111709618,0,-0.0597212977,-0.0245951647,0.048948574,2.55304185e-13,-0.0228815297,0.27120725,-0.269922509,0.06,1.57093933,0.273025292,-0.267970729,0.059703329,1.57060594,0,0,1.97775869e-08,0,-3.75716359e-07,0,0,0,0.0705676711,0.00741457742,0.00332665177,0.000324072532,0.0705676711,-0.00682131591,-0.000383977756,-0.890012906,0.00143989081,-9.79487975e-06
13.64,6820,APPROACH,single_red_center-f6430d296e:0001:APPROACH,PREGRASP_ROUTE,-1.22749959,0.949627113,0.043,1.84881157,-1.22082076,0.9502902,0.043296671,1.84115846,-0.00667883375,-0.000663086844,-0.000296670969,0.00765310848,0.00667883375,0.000663086844,0.000296670969,0.00765310848,-0.134399008,-0.00743952424,0,0.141817659,-0.131734867,-0.0126525346,-1.09155628e-15,0.144854701,-0.00266414085,0.0052130104,1.09155628e-15,-0.00303704119,-0.0795927358,0.168303489,0,-0.0895514171,-0.0629029519,0.13302605,-3.66621649e-13,-0.0593439445,0.269744693,-0.271441594,0.06,1.57093909,0.271587066,-0.269506198,0.059703329,1.5706279,0,0,-1.4746536e-08,0,-1.42601568e-06,0,0,0,0.0705676711,0.00741457742,0.00332665177,0.000324072532,0.0705676711,-0.00719997851,-6.34373553e-05,-0.890012906,0.00139052131,8.27625866e-06
13.68,6840,APPROACH,single_red_center-f6430d296e:0001:APPROACH,PREGRASP_ROUTE,-1.2329465,0.949479342,0.043,1.85440468,-1.22613618,0.949876442,0.043296671,1.84690263,-0.0068103183,-0.000397099127,-0.000296670969,0.0075020489,0.0068103183,0.000397099127,0.000296670969,0.0075020489,-0.138136426,0.000418674169,0,0.137661795,-0.134093296,-0.00790447661,-9.33849498e-16,0.14228645,-0.00404312994,0.00832315078,9.33849498e-16,-0.00462465441,-0.113842193,0.222650159,0,-0.107702625,-0.101959265,0.219880159,-3.67831621e-13,-0.0961666847,0.268253914,-0.272935208,0.06,1.57093752,0.270128141,-0.271025603,0.059703329,1.57064288,0,0,-1.60633285e-08,0,-5.88337598e-08,0,0,0,0.0705676711,0.00741457742,0.00332665177,0.000324072532,0.0705676711,-0.00761990263,0.000362420471,-0.890012906,0.00132897426,8.07145969e-06
13.72,6860,APPROACH,single_red_center-f6430d296e:0001:APPROACH,PREGRASP_ROUTE,-1.23855499,0.949658777,0.043,1.8598323,-1.23156712,0.949696049,0.043296671,1.85252207,-0.00698787087,-3.72719496e-05,-0.000296670969,0.00731022738,0.00698787087,3.72719496e-05,0.000296670969,0.00731022738,-0.142083387,0.00816072868,0,0.133905142,-0.137389712,-0.00128085615,-3.72745373e-16,0.138785416,-0.00469367474,0.00944158483,3.72745373e-16,-0.00488027454,-0.0835352193,0.164508977,0,-0.0801568135,-0.1239142,0.261373518,-5.92886495e-14,-0.111583042,0.266729175,-0.274401004,0.06,1.57093609,0.268642211,-0.272523303,0.059703329,1.570651,0,0,-1.09723287e-08,0,3.03168325e-07,0,0,0,0.0705676711,0.00741457742,0.00332665177,0.000324072532,0.0705676711,-0.0080383055,0.000702988683,-0.890012906,0.00127893258,5.45809766e-06
13.76,6880,APPROACH,single_red_center-f6430d296e:0001:APPROACH,PREGRASP_ROUTE,-1.24429711,0.950101384,0.043,1.86513169,-1.23713583,0.949786539,0.043296671,1.85799936,-0.00716127959,0.00031484439,-0.000296670969,0.00713232464,0.00716127959,0.00031484439,0.000296670969,0.00713232464,-0.144819493,0.0135798778,0,0.131249016,-0.140825004,0.00533214271,-1.07661564e-15,0.135328468,-0.00399448895,0.00824773504,1.07661564e-15,-0.00407945174,-0.0533006423,0.106507239,0,-0.0526773577,-0.113756392,0.232447346,-3.66621649e-13,-0.098412656,0.265174828,-0.275843348,0.06,1.57093596,0.267125579,-0.273997704,0.059703329,1.57065007,0,0,8.6668699e-10,0,2.68308378e-07,0,0,0,0.0705676711,0.00741457742,0.00332665177,0.000324072532,0.0705676711,-0.00819567536,0.000861543886,-0.890012906,0.00125713558,-4.84208749e-07
13.8,6900,APPROACH,single_red_center-f6430d296e:0001:APPROACH,PREGRASP_ROUTE,-1.25012449,0.95071437,0.043,1.87034681,-1.24283146,0.950117054,0.043296671,1.8633513,-0.00729303547,0.000597315888,-0.000296670969,0.00699550289,0.00729303547,0.000597315888,0.000296670969,0.00699550289,-0.146347944,0.0166822871,0,0.129690484,-0.143674371,0.010653701,-4.98910798e-16,0.132549135,-0.00267357257,0.0060285861,4.98910798e-16,-0.00285865044,-0.0231536987,0.0486743211,0,-0.0252782505,-0.0847852203,0.171364255,-5.80786771e-14,-0.0726345295,0.263599085,-0.277266796,0.06,1.57093669,0.265579751,-0.275451412,0.059703329,1.5706369,0,0,8.89643856e-09,0,1.49004168e-07,0,0,0,0.0705676711,0.00741457742,0.00332665177,0.000324072532,0.0705676711,-0.00805448781,0.000936581548,-0.890012906,0.00125449392,-4.4821314e-06
13.84,6920,APPROACH,single_red_center-f6430d296e:0001:APPROACH,PREGRASP_ROUTE,-1.25598891,0.951405214,0.043,1.87552149,-1.24862119,0.950623163,0.043296671,1.86861121,-0.00736771826,0.000782050959,-0.000296670969,0.00691027995,0.00736771826,0.000782050959,0.000296670969,0.00691027995,-0.14667255,0.017475295,0,0.129226053,-0.145534541,0.0141483541,-7.69502432e-16,0.130705051,-0.00113800845,0.00332694092,7.69502432e-16,-0.00147899804,0.0068904414,-0.00896053096,0,0.00202657677,-0.0465099245,0.0964173895,-5.56587322e-14,-0.0419302588,0.262010032,-0.278676078,0.06,1.5709378,0.264010261,-0.27688767,0.059703329,1.57061318,0,0,1.30220823e-08,0,7.08050353e-08,0,0,0,0.0705676711,0.00741457742,0.00332665177,0.000324072532,0.0705676711,-0.00770723128,0.000938158805,-0.890012906,0.00126606322,-6.52770215e-06
13.88,6940,APPROACH,single_red_center-f6430d296e:0001:APPROACH,PREGRASP_ROUTE,-1.2618423,0.952081709,0.043,1.88069943,-1.25446109,0.951226317,0.043296671,1.87381887,-0.00738120836,0.00085539206,-0.000296670969,0.00688055799,0.00738120836,0.00085539206,0.000296670969,0.00688055799,-0.145797724,0.0159674064,0,0.129851674,-0.146224424,0.0155839306,-6.79858578e-16,0.129893988,0.000426699795,0.000383475822,6.79858578e-16,-4.23136472e-05,0.0368166824,-0.0663682141,0,0.0292232613,-0.00458303108,0.0151209679,-5.68687046e-14,-0.00936680416,0.260415639,-0.280076094,0.06,1.57093884,0.262424829,-0.278309617,0.059703329,1.5705841,0,0,1.49517947e-08,0,3.22744865e-08,0,0,0,0.0705676711,0.00741457742,0.00332665177,0.000324072532,0.0705676711,-0.00725416743,0.00084770311,-0.890012906,0.00128976437,-7.47834977e-06
13.92,6960,APPROACH,single_red_center-f6430d296e:0001:APPROACH,PREGRASP_ROUTE,-1.26763678,0.952652013,0.043,1.88592412,-1.26030296,0.951841555,0.043296671,1.87901645,-0.0073338178,0.000810458101,-0.000296670969,0.00690766996,0.0073338178,0.000810458101,0.000296670969,0.00690766996,-0.143728484,0.0121682874,0,0.131562746,-0.145692489,0.0148485863,-5.15511511e-16,0.130150764,0.00196400506,-0.0026802989,5.15511511e-16,0.00141198121,0.0666100109,-0.123519784,0,0.0562980159,0.038130098,-0.0692973567,-5.80786771e-14,0.0238426807,0.258823747,-0.281471917,0.06,1.57093935,0.260831904,-0.279720682,0.059703329,1.57055504,0,0,1.89324186e-08,0,9.98944873e-07,0,0,0,0.0705676711,0.00741457742,0.00332665177,0.000324072532,0.0705676711,-0.0067555758,0.000651263175,-0.890012906,0.00132472414,-9.1430224e-06
13.96,6980,APPROACH,single_red_center-f6430d296e:0001:APPROACH,PREGRASP_ROUTE,-1.27332469,0.953024693,0.043,1.89123888,-1.26609796,0.9523807,0.043296671,1.88424693,-0.00722672478,0.000643993457,-0.000296670969,0.00699195642,0.00722672478,0.000643993457,0.000296670969,0.00699195642,-0.140470444,0.0060887584,0,0.134354116,-0.14394516,0.0118845663,-7.82783003e-16,0.131485475,0.00347471548,-0.0057958079,7.82783003e-16,0.00286864088,0.0962555036,-0.180386471,0,0.0832371363,0.0805611316,-0.155299839,-5.56587322e-14,0.0572255259,0.257242061,-0.28286878,0.06,1.57093889,0.259239855,-0.281124941,0.059703329,1.57052966,0,0,4.45239488e-08,0,5.62712316e-08,0,0,0,0.0705676711,0.00741457742,0.00332665177,0.000324072532,0.0705676711,-0.00623051427,0.000346044875,-0.890012906,0.00137057829,-2.22059787e-05
14,7000,APPROACH,single_red_center-f6430d296e:0001:APPROACH,PREGRASP_ROUTE,-1.27885941,0.953109527,0.043,1.89668699,-1.27179795,0.952754015,0.043296671,1.88955344,-0.00706146018,0.000355512216,-0.000296670969,0.00713355038,0.00706146018,0.000355512216,0.000296670969,0.00713355038,-0.136200662,-0.00207878117,0,0.138232103,-0.141007569,0.00667249848,-6.33376579e-16,0.133899384,0.00480690643,-0.00875127966,6.33376579e-16,0.0043327183,0.102072945,-0.206068245,0,0.105026541,0.121233524,-0.239199856,-5.68687046e-14,0.0908565399,0.255677959,-0.284272128,0.06,1.57093711,0.257656677,-0.282527138,0.059703329,1.57050951,0,0,5.60567281e-08,0,2.58585466e-07,0,0,0,0.0705676711,0.00741457742,0.00332665177,0.000324072532,0.0705676711,-0.00568744681,-5.63700791e-05,-0.890012906,0.00142748768,-2.80771164e-05
14.04,7020,APPROACH,single_red_center-f6430d296e:0001:APPROACH,PREGRASP_ROUTE,-1.28423292,0.952876481,0.043,1.90229241,-1.27736132,0.952882408,0.043296671,1.8949772,-0.00687160004,-5.92724582e-06,-0.000296670969,0.0073152132,0.00687160004,5.92724582e-06,0.000296670969,0.0073152132,-0.132655082,-0.00919717043,0,0.141840543,-0.137310635,1.32786189e-05,-4.85630227e-16,0.137203819,0.00465555356,-0.00921044905,4.85630227e-16,0.00463672388,0.0752341981,-0.149909834,0,0.0754262516,0.129957034,-0.257043247,-5.80786771e-14,0.10651712,0.254131574,-0.285685982,0.06,1.57093597,0.256089081,-0.283931862,0.059703329,1.57049828,0,0,5.69423184e-08,0,-1.2458181e-07,0,0,0,0.0705676711,0.00741457742,0.00332665177,0.000324072532,0.0705676711,-0.00542685695,-0.000369172278,-0.890012906,0.00147615094,-2.84375246e-05
14.08,7040,APPROACH,single_red_center-f6430d296e:0001:APPROACH,PREGRASP_ROUTE,-1.28948606,0.95240357,0.043,1.90801852,-1.28277886,0.952747612,0.043296671,1.90053562,-0.00670719695,-0.000344042251,-0.000296670969,0.00748290164,0.00670719695,0.000344042251,0.000296670969,0.00748290164,-0.130180442,-0.0140746563,0,0.144267822,-0.133837763,-0.006271637,-7.69502432e-16,0.140474534,0.00365732086,-0.00780301929,7.69502432e-16,0.00379328845,0.0485269312,-0.0940252563,0,0.0459696836,0.110277632,-0.219528382,-5.56587322e-14,0.0925871843,0.252596065,-0.287106288,0.06,1.57093603,0.254538383,-0.285340566,0.059703329,1.57050436,0,0,5.0747545e-08,0,-1.72960819e-07,0,0,0,0.0705676711,0.00741457742,0.00332665177,0.000324072532,0.0705676711,-0.00550132482,-0.000562231182,-0.890012906,0.00149528207,-2.53313249e-05
14.12,7060,APPROACH,single_red_center-f6430d296e:0001:APPROACH,PREGRASP_ROUTE,-1.29466155,0.9517802,0.043,1.91381819,-1.28807284,0.952387755,0.043296671,1.90621124,-0.00658870603,-0.000607554913,-0.000296670969,0.00760694682,0.00658870603,0.000607554913,0.000296670969,0.00760694682,-0.128771219,-0.0167227462,0,0.145519982,-0.131151844,-0.011202984,-6.48317221e-16,0.143028389,0.00238062487,-0.00551976215,6.48317221e-16,0.00249159305,0.0219644485,-0.0384421978,0,0.0166713579,0.0779005986,-0.157204646,-5.68687046e-14,0.0649535866,0.251064894,-0.288527174,0.06,1.57093684,0.25300054,-0.28675204,0.059703329,1.57052615,0,0,4.33619738e-08,0,-1.95556346e-07,0,0,0,0.0705676711,0.00741457742,0.00332665177,0.000324072532,0.0705676711,-0.0057568883,-0.000652462156,-0.890012906,0.00149371202,-2.16401367e-05
14.16,7080,APPROACH,single_red_center-f6430d296e:0001:APPROACH,PREGRASP_ROUTE,-1.29980188,0.951095295,0.043,1.91964454,-1.2932802,0.951867416,0.043296671,1.9119686,-0.0065216747,-0.000772121732,-0.000296670969,0.00767594683,0.0065216747,0.000772121732,0.000296670969,0.00767594683,-0.128421356,-0.0171540505,0,0.145603639,-0.129475516,-0.0143362266,-5.00570869e-16,0.144583856,0.00105415999,-0.00281782387,5.00570869e-16,0.00101978319,-0.00444005121,0.0168118744,0,-0.0124543202,0.0410142576,-0.0835094842,-5.80786771e-14,0.0320661783,0.249531698,-0.289942665,0.06,1.57093796,0.251469077,-0.288163682,0.059703329,1.57055581,0,0,3.47209109e-08,0,-2.36137075e-07,0,0,0,0.0705676711,0.00741457742,0.00332665177,0.000324072532,0.0705676711,-0.00607845854,-0.000630874323,-0.890012906,0.0014770425,-1.73174024e-05
14.2,7100,APPROACH,single_red_center-f6430d296e:0001:APPROACH,PREGRASP_ROUTE,-1.30494929,0.950437251,0.043,1.92545099,-1.29844283,0.951263471,0.043296671,1.91776521,-0.00650646489,-0.000826219904,-0.000296670969,0.00768577911,0.00650646489,0.000826219904,0.000296670969,0.00768577911,-0.129124272,-0.0153822737,0,0.144525985,-0.128863806,-0.0154592533,-7.77802789e-16,0.145036712,-0.000260466546,7.69796309e-05,7.77802789e-16,-0.000510726997,-0.030673482,0.0717097277,0,-0.041393068,0.0032149025,-0.00448931938,-5.56587322e-14,-0.00269749423,0.247990298,-0.291346701,0.06,1.57093895,0.249936988,-0.289571671,0.059703329,1.57058586,0,0,2.44349016e-08,0,-2.78808425e-07,0,0,0,0.0705676711,0.00741457742,0.00332665177,0.000324072532,0.0705676711,-0.00641506905,-0.000494214788,-0.890012906,0.00144758423,-1.2170383e-05
14.24,7120,APPROACH,single_red_center-f6430d296e:0001:APPROACH,PREGRASP_ROUTE,-1.31014576,0.949893897,0.043,1.93119124,-1.30360323,0.950658717,0.043296671,1.92355612,-0.00654252878,-0.000764819927,-0.000296670969,0.00763511975,0.00654252878,0.000764819927,0.000296670969,0.00763511975,-0.130872865,-0.0114222044,0,0.142294781,-0.129309003,-0.0144703372,-6.51637364e-16,0.144352009,-0.00156386224,0.00304813283,6.51637364e-16,-0.00205722793,-0.0567228768,0.126224377,0,-0.0701307324,-0.0343408989,0.0769051562,2.5772413e-13,-0.0380310584,0.246434702,-0.292733141,0.06,1.57093937,0.248397585,-0.290971095,0.059703329,1.5706116,0,0,1.28181943e-08,0,-3.0808661e-07,0,0,0,0.0705676711,0.00741457742,0.00332665177,0.000324072532,0.0705676711,-0.00676162326,-0.000248538784,-0.890012906,0.00140625682,-6.35997052e-06
14.28,7140,APPROACH,single_red_center-f6430d296e:0001:APPROACH,PREGRASP_ROUTE,-1.31543296,0.949552446,0.043,1.9368193,-1.3088033,0.950138676,0.043296671,1.92929558,-0.0066296657,-0.000586230603,-0.000296670969,0.00752372138,0.0066296657,0.000586230603,0.000296670969,0.00752372138,-0.133659517,-0.00528970564,0,0.138918351,-0.13079241,-0.0113263338,-5.33772296e-16,0.142521451,-0.00286710776,0.00603662812,5.33772296e-16,-0.00360310081,-0.0825753944,0.180329098,0,-0.0986532974,-0.0715270993,0.159120986,-5.80786771e-14,-0.0734299231,0.244859105,-0.294095767,0.06,1.57093878,0.246844681,-0.292356237,0.059703329,1.57063096,0,0,-1.26164578e-08,0,3.91813015e-07,0,0,0,0.0705676711,0.00741457742,0.00332665177,0.000324072532,0.0705676711,-0.00713212369,9.65481346e-05,-0.890012906,0.00135344349,6.26885066e-06
14.32,7160,APPROACH,single_red_center-f6430d296e:0001:APPROACH,PREGRASP_ROUTE,-1.32085253,0.949498485,0.043,1.942291,-1.31408423,0.949789775,0.043296671,1.93493786,-0.0067682967,-0.000291290232,-0.000296670969,0.00735314313,0.0067682967,0.000291290232,0.000296670969,0.00735314313,-0.137476267,0.00278336591,0,0.134649471,-0.133300478,-0.00602310567,-3.82705801e-16,0.13955722,-0.00417578895,0.00880647157,3.82705801e-16,-0.0049077499,-0.099673498,0.20070969,0,-0.100038532,-0.107894892,0.239140474,2.55304185e-13,-0.106653255,0.243257731,-0.295428527,0.06,1.57093696,0.245272481,-0.29372093,0.059703329,1.5706434,0,0,-1.3401583e-08,0,-1.27258475e-08,0,0,0,0.0705676711,0.00741457742,0.00332665177,0.000324072532,0.0705676711,-0.00754775999,0.000521928975,-0.890012906,0.00129145947,6.70557069e-06
14.36,7180,APPROACH,single_red_center-f6430d296e:0001:APPROACH,PREGRASP_ROUTE,-1.3264235,0.949755385,0.043,1.94760406,-1.31948327,0.949687789,0.043296671,1.94044456,-0.00694022983,6.75961526e-05,-0.000296670969,0.00715949843,0.00694022983,6.75961526e-05,0.000296670969,0.00715949843,-0.140877292,0.00968781321,0,0.13118038,-0.136541443,0.000645685935,-6.79858578e-16,0.135939036,-0.00433584882,0.00904212728,6.79858578e-16,-0.00475865585,-0.0704102985,0.144575385,0,-0.0734458685,-0.118556745,0.254094774,-5.68687046e-14,-0.111215827,0.241627048,-0.296731341,0.06,1.57093595,0.243675733,-0.295059897,0.059703329,1.57064908,0,0,-5.84655635e-09,0,2.40708668e-07,0,0,0,0.0705676711,0.00741457742,0.00332665177,0.000324072532,0.0705676711,-0.00789157869,0.000785368334,-0.890012906,0.00125077974,2.85625667e-06
14.4,7200,APPROACH,single_red_center-f6430d296e:0001:APPROACH,PREGRASP_ROUTE,-1.33210715,0.950243663,0.043,1.95279957,-1.32501232,0.949847241,0.043296671,1.94581,-0.00709483032,0.000396422054,-0.000296670969,0.00698957578,0.00709483032,0.000396422054,0.000296670969,0.00698957578,-0.14311205,0.0143550973,0,0.128771088,-0.139677836,0.00683408961,-5.38752511e-16,0.132597649,-0.00343421477,0.00752100768,5.38752511e-16,-0.00382656056,-0.0413612564,0.0888536529,0,-0.0470495722,-0.101845264,0.213186778,-5.80786771e-14,-0.0934946379,0.239973049,-0.298009252,0.06,1.57093608,0.242052302,-0.296373005,0.059703329,1.57064492,0,0,3.12758853e-09,0,1.73309864e-07,0,0,0,0.0705676711,0.00741457742,0.00332665177,0.000324072532,0.0705676711,-0.00795011275,0.000909010029,-0.890012906,0.00123458661,-1.6169326e-06
14.44,7220,APPROACH,single_red_center-f6430d296e:0001:APPROACH,PREGRASP_ROUTE,-1.33785702,0.950874175,0.043,1.95791978,-1.33065353,0.950225932,0.043296671,1.95105659,-0.00720348761,0.000648242508,-0.000296670969,0.00686318441,0.00720348761,0.000648242508,0.000296670969,0.00686318441,-0.144189385,0.0168022543,0,0.127413488,-0.14211133,0.0115813838,-4.175673e-16,0.130006873,-0.00207805524,0.00522087048,4.175673e-16,-0.0025933853,-0.0125401971,0.0335711438,0,-0.0208623376,-0.0703548337,0.148637891,-5.92886495e-14,-0.0666587449,0.238303206,-0.29926737,0.06,1.57093693,0.240404693,-0.297663432,0.059703329,1.57062899,0,0,8.3483122e-09,0,8.85505503e-08,0,0,0,0.0705676711,0.00741457742,0.00332665177,0.000324072532,0.0705676711,-0.00774226293,0.000962938987,-0.890012906,0.00123487488,-4.20057765e-06
14.48,7240,APPROACH,single_red_center-f6430d296e:0001:APPROACH,PREGRASP_ROUTE,-1.34362699,0.951558476,0.043,1.96300657,-1.33637142,0.950756801,0.043296671,1.95621883,-0.00725557238,0.000801675283,-0.000296670969,0.00678773149,0.00725557238,0.000801675283,0.000296670969,0.00678773149,-0.144118688,0.0170473801,0,0.127098965,-0.143528506,0.0144932658,-6.99779434e-16,0.128350905,-0.000590182026,0.00255411433,6.99779434e-16,-0.00125194022,0.0160392164,-0.0212458035,0,0.00510329088,-0.032120718,0.074261596,-5.56587322e-14,-0.0364440341,0.236624823,-0.300510928,0.06,1.57093805,0.238738728,-0.298934799,0.059703329,1.57060421,0,0,1.07987698e-08,0,4.21012442e-08,0,0,0,0.0705676711,0.00741457742,0.00332665177,0.000324072532,0.0705676711,-0.00736825933,0.00094431808,-0.890012906,0.00124784507,-5.40846116e-06
14.52,7260,APPROACH,single_red_center-f6430d296e:0001:APPROACH,PREGRASP_ROUTE,-1.34937135,0.952208869,0.043,1.96810148,-1.34212223,0.951362425,0.043296671,1.96133573,-0.00724912125,0.000846444514,-0.000296670969,0.00676574952,0.00724912125,0.000846444514,0.000296670969,0.00676574952,-0.142909896,0.0151096177,0,0.127818407,-0.143803948,0.015400162,-5.5037301e-16,0.127695536,0.000894052043,-0.000290544243,5.5037301e-16,0.000122870682,0.0443634907,-0.0755711778,0,0.0308349243,0.00824396772,-0.00424517969,-5.80786771e-14,-0.00512621874,0.234945041,-0.301745283,0.06,1.570939,0.237061843,-0.300190808,0.059703329,1.57057593,0,0,1.18908057e-08,0,2.25941804e-08,0,0,0,0.0705676711,0.00741457742,0.00332665177,0.000324072532,0.0705676711,-0.00691650672,0.000835222734,-0.890012906,0.00127187716,-5.94721574e-06
14.56,7280,APPROACH,single_red_center-f6430d296e:0001:APPROACH,PREGRASP_ROUTE,-1.35504477,0.952738443,0.043,1.97324568,-1.34785959,0.951960762,0.043296671,1.9664478,-0.00718518155,0.000777680192,-0.000296670969,0.00679788608,0.00718518155,0.000777680192,0.000296670969,0.00679788608,-0.140573481,0.0110091436,0,0.12956221,-0.1429152,0.0142233843,-3.91006158e-16,0.128060031,0.00234171895,-0.00321424069,3.91006158e-16,0.00150217887,0.0724193085,-0.129379308,0,0.056320336,0.0485829916,-0.0844346224,2.55304185e-13,0.0264098977,0.233270838,-0.302975916,0.06,1.57093935,0.235381829,-0.301435572,0.059703329,1.57054897,0,0,2.29572706e-08,0,8.7436126e-07,0,0,0,0.0705676711,0.00741457742,0.00332665177,0.000324072532,0.0705676711,-0.00643295264,0.000625586534,-0.890012906,0.00130627382,-1.17172678e-05
14.6,7300,APPROACH,single_red_center-f6430d296e:0001:APPROACH,PREGRASP_ROUTE,-1.36060237,0.953061112,0.043,1.97847995,-1.35353727,0.952467615,0.043296671,1.97159589,-0.00706510699,0.000593496268,-0.000296670969,0.00688405995,0.00706510699,0.000593496268,0.000296670969,0.00688405995,-0.137120443,0.00476715402,0,0.132320284,-0.14088101,0.010927419,-6.79858578e-16,0.129445522,0.00376056668,-0.00616026501,6.79858578e-16,0.00287476223,0.100193535,-0.182644874,0,0.0815474674,0.0881948754,-0.165064874,-5.68687046e-14,0.0578134183,0.231609012,-0.304208416,0.06,1.57093869,0.233706189,-0.302673813,0.059703329,1.57052624,0,0,3.07164922e-08,0,1.79598845e-07,0,0,0,0.0705676711,0.00741457742,0.00332665177,0.000324072532,0.0705676711,-0.00592770333,0.00031575723,-0.890012906,0.00135070734,-1.53674095e-05
14.64,7320,APPROACH,single_red_center-f6430d296e:0001:APPROACH,PREGRASP_ROUTE,-1.36600195,0.953094032,0.043,1.98384477,-1.35911009,0.95279815,0.043296671,1.97682073,-0.00689186065,0.000295881308,-0.000296670969,0.0070240391,0.00689186065,0.000295881308,0.000296670969,0.0070240391,-0.132887863,-0.00319534491,0,0.136042616,-0.13774202,0.00553205371,-5.33772296e-16,0.131847301,0.00485415678,-0.00872739861,5.33772296e-16,0.00419531514,0.0970568936,-0.189897745,0,0.0937924289,0.123858978,-0.238699958,-5.80786771e-14,0.0889728414,0.229965689,-0.305448538,0.06,1.57093685,0.232041958,-0.303910789,0.059703329,1.57050879,0,0,3.8055272e-08,0,1.31943525e-07,0,0,0,0.0705676711,0.00741457742,0.00332665177,0.000324072532,0.0705676711,-0.00542545612,-7.17374157e-05,-0.890012906,0.00140515493,-1.90775803e-05
14.68,7340,APPROACH,single_red_center-f6430d296e:0001:APPROACH,PREGRASP_ROUTE,-1.37124663,0.952828553,0.043,1.989354,-1.36454211,0.952883692,0.043296671,1.98215959,-0.00670452496,-5.51394947e-05,-0.000296670969,0.00719440903,0.00670452496,5.51394947e-05,0.000296670969,0.00719440903,-0.129514196,-0.00972686753,0,0.139233216,-0.134036559,-0.000948354294,-3.82705801e-16,0.134986172,0.00452236277,-0.00877851323,3.82705801e-16,0.00424704463,0.0716568725,-0.13674169,0,0.0657707736,0.126383355,-0.24429105,2.55304185e-13,0.0985021067,0.228338987,-0.306698949,0.06,1.57093592,0.23039454,-0.305151076,0.059703329,1.57050117,0,0,3.665037e-08,0,-9.00054017e-08,0,0,0,0.0705676711,0.00741457742,0.00332665177,0.000324072532,0.0705676711,-0.00523245771,-0.000353073782,-0.890012906,0.00144612848,-1.83108399e-05
14.72,7360,APPROACH,single_red_center-f6430d296e:0001:APPROACH,PREGRASP_ROUTE,-1.37637662,0.952344187,0.043,1.99496851,-1.36983061,0.952717823,0.043296671,1.98762321,-0.00654600626,-0.000373636432,-0.000296670969,0.00734530897,0.00654600626,0.000373636432,0.000296670969,0.00734530897,-0.127151535,-0.014142552,0,0.141308411,-0.130662111,-0.00687076693,-6.81518649e-16,0.13795647,0.00351057541,-0.00727178511,6.81518649e-16,0.00335194089,0.0465075837,-0.0841078317,0,0.0380231934,0.105166611,-0.204088242,-5.68687046e-14,0.0824962891,0.226722794,-0.307954589,0.06,1.57093608,0.228764097,-0.306395576,0.059703329,1.57051042,0,0,3.2820614e-08,0,-9.38214386e-08,0,0,0,0.0705676711,0.00741457742,0.00332665177,0.000324072532,0.0705676711,-0.00533241793,-0.000528178503,-0.890012906,0.00146018315,-1.63944718e-05
14.76,7380,APPROACH,single_red_center-f6430d296e:0001:APPROACH,PREGRASP_ROUTE,-1.38143214,0.951725138,0.043,2.00064392,-1.37499987,0.952342021,0.043296671,1.99319132,-0.00643226419,-0.000616882985,-0.000296670969,0.00745260117,0.00643226419,0.000616882985,0.000296670969,0.00745260117,-0.125789621,-0.0164637652,0,0.142279415,-0.128082172,-0.0114260015,-5.38752511e-16,0.140189952,0.00229255194,-0.00503776365,5.38752511e-16,0.00208946276,0.0216205262,-0.0320201046,0,0.0105622423,0.0738032604,-0.143650062,-5.80786771e-14,0.0554264119,0.22511149,-0.309209422,0.06,1.57093692,0.227146392,-0.30764257,0.059703329,1.57053347,0,0,2.88376736e-08,0,-1.07529205e-07,0,0,0,0.0705676711,0.00741457742,0.00332665177,0.000324072532,0.0705676711,-0.00557975579,-0.000605967336,-0.890012906,0.00145595387,-1.44004391e-05
14.8,7400,APPROACH,single_red_center-f6430d296e:0001:APPROACH,PREGRASP_ROUTE,-1.38645301,0.95105474,0.043,2.00633629,-1.38008594,0.951819579,0.043296671,1.99882901,-0.00636706041,-0.000764838295,-0.000296670969,0.00750728607,0.00636706041,0.000764838295,0.000296670969,0.00750728607,-0.125417736,-0.0167128232,0,0.14215794,-0.126467882,-0.0142491159,-3.82705801e-16,0.141461694,0.0010501458,-0.00246370735,3.82705801e-16,0.000696245689,-0.00299298585,0.0194979427,0,-0.0165997272,0.0392127729,-0.0742228101,2.55304185e-13,0.0243058418,0.223499651,-0.310457366,0.06,1.57093803,0.225535399,-0.308888932,0.059703329,1.57056264,0,0,2.3783465e-08,0,-1.44680021e-07,0,0,0,0.0705676711,0.00741457742,0.00332665177,0.000324072532,0.0705676711,-0.00587498982,-0.000578434789,-0.890012906,0.00143817852,-1.18638619e-05
14.84,7420,APPROACH,single_red_center-f6430d296e:0001:APPROACH,PREGRASP_ROUTE,-1.3914786,0.950415414,0.043,2.01200217,-1.38512842,0.951223786,0.043296671,2.00449584,-0.00635018816,-0.000808372169,-0.000296670969,0.00750632656,0.00635018816,0.000808372169,0.000296670969,0.00750632656,-0.126024718,-0.0149129766,0,0.140956188,-0.125851485,-0.0151702922,-6.63257864e-16,0.14169281,-0.000173233494,0.000257315632,6.63257864e-16,-0.000736622448,-0.0273218289,0.0704231571,0,-0.0434505698,0.00430516131,-0.000893432748,-5.68687046e-14,-0.00810170797,0.221882054,-0.311692309,0.06,1.57093898,0.223924911,-0.310130387,0.059703329,1.57059121,0,0,1.71574103e-08,0,-1.81372519e-07,0,0,0,0.0705676711,0.00741457742,0.00332665177,0.000324072532,0.0705676711,-0.00617871075,-0.000444681238,-0.890012906,0.00140880618,-8.53892466e-06
14.88,7440,APPROACH,single_red_center-f6430d296e:0001:APPROACH,PREGRASP_ROUTE,-1.39654785,0.949888632,0.043,2.01759859,-1.39016693,0.950632543,0.043296671,2.01014962,-0.0063809202,-0.000743911442,-0.000296670969,0.00744897253,0.0063809202,0.000743911442,0.000296670969,0.00744897253,-0.127598961,-0.0110883936,0,0.138686842,-0.126216925,-0.0141138866,-5.05551083e-16,0.140860986,-0.00138203581,0.00302549303,5.05551083e-16,-0.00217414355,-0.0513550749,0.120732792,0,-0.0699783537,-0.0300399321,0.0737653644,-5.80786771e-14,-0.0407183345,0.220253682,-0.31290811,0.06,1.57093937,0.222309193,-0.31136172,0.059703329,1.57061523,0,0,9.30264959e-09,0,-2.01174133e-07,0,0,0,0.0705676711,0.00741457742,0.00332665177,0.000324072532,0.0705676711,-0.00649067533,-0.000212141815,-0.890012906,0.00136865389,-4.60076667e-06
14.92,7460,APPROACH,single_red_center-f6430d296e:0001:APPROACH,PREGRASP_ROUTE,-1.4016992,0.949554882,0.043,2.02308313,-1.3952403,0.950125612,0.043296671,2.01574777,-0.00645890176,-0.000570730584,-0.000296670969,0.00733535822,0.00645890176,0.000570730584,0.000296670969,0.00733535822,-0.130128426,-0.00526414408,0,0.135363061,-0.127542248,-0.0110550972,-7.81122932e-16,0.138965722,-0.00258617728,0.00579095316,7.81122932e-16,-0.00360266115,-0.0750819969,0.17040452,0,-0.0961713655,-0.0637602969,0.148363778,-5.56587322e-14,-0.0731171438,0.218609717,-0.314098607,0.06,1.57093881,0.220683056,-0.312577083,0.059703329,1.57063308,0,0,-9.56509102e-09,0,3.32073639e-07,0,0,0,0.0705676711,0.00741457742,0.00332665177,0.000324072532,0.0705676711,-0.00682501385,0.000109391717,-0.890012906,0.0013181071,4.7944486e-06
14.96,7480,APPROACH,single_red_center-f6430d296e:0001:APPROACH,PREGRASP_ROUTE,-1.40697091,0.949493118,0.043,2.02841482,-1.40038656,0.949783043,0.043296671,2.02124795,-0.00658434993,-0.000289925274,-0.000296670969,0.00716687379,0.00658434993,0.000289925274,0.000296670969,0.00716687379,-0.133619468,0.00238821967,0,0.131187393,-0.129811816,-0.00600106959,-6.26736294e-16,0.136022254,-0.00380765127,0.00838928926,6.26736294e-16,-0.00483486034,-0.0925635011,0.192223923,0,-0.0987037243,-0.0969677292,0.221591729,-5.68687046e-14,-0.103876386,0.216945398,-0.315257769,0.06,1.57093703,0.21904171,-0.313770311,0.059703329,1.57064443,0,0,-9.93446476e-09,0,2.03308231e-08,0,0,0,0.0705676711,0.00741457742,0.00332665177,0.000324072532,0.0705676711,-0.00720153792,0.000507477434,-0.890012906,0.00125871659,5.01414515e-06
15,7500,APPROACH,single_red_center-f6430d296e:0001:APPROACH,PREGRASP_ROUTE,-1.41238244,0.949728419,0.043,2.03358999,-1.4056403,0.949675549,0.043296671,2.02661431,-0.00674213983,5.28698547e-05,-0.000296670969,0.00697567906,0.00674213983,5.28698547e-05,0.000296670969,0.00697567906,-0.136777678,0.00903320041,0,0.127733713,-0.13277676,0.000361395386,-4.72349656e-16,0.132454382,-0.00400091821,0.00867180503,4.72349656e-16,-0.00472066932,-0.0653860982,0.140100509,0,-0.0740162562,-0.108235827,0.23863006,-5.80786771e-14,-0.109002058,0.215257214,-0.316385046,0.06,1.57093597,0.217380762,-0.314936066,0.059703329,1.57064956,0,0,-4.37064966e-09,0,2.12211763e-07,0,0,0,0.0705676711,0.00741457742,0.00332665177,0.000324072532,0.0705676711,-0.00752818491,0.000767698573,-0.890012906,0.00121801599,2.17431454e-06
15.04,7520,APPROACH,single_red_center-f6430d296e:0001:APPROACH,PREGRASP_ROUTE,-1.4178987,0.950188106,0.043,2.03864662,-1.41101348,0.949818475,0.043296671,2.03184084,-0.00688522108,0.000369631154,-0.000296670969,0.00680578572,0.00688522108,0.000369631154,0.000296670969,0.00680578572,-0.138854709,0.0136046487,0,0.1252621,-0.135667556,0.00631607878,-7.46261433e-16,0.129128358,-0.00318715372,0.0072885699,7.46261433e-16,-0.00386625773,-0.0385417148,0.0886186059,0,-0.0496340979,-0.0940745328,0.203379628,-5.56587322e-14,-0.0932366291,0.213550153,-0.317485583,0.06,1.57093603,0.215698148,-0.316073942,0.059703329,1.57064583,0,0,2.34716606e-09,0,1.42935089e-07,0,0,0,0.0705676711,0.00741457742,0.00332665177,0.000324072532,0.0705676711,-0.00759564544,0.000896318465,-0.890012906,0.00120009018,-1.1902972e-06
15.08,7540,APPROACH,single_red_center-f6430d296e:0001:APPROACH,PREGRASP_ROUTE,-1.42347664,0.95078961,0.043,2.04362382,-1.41649028,0.950173697,0.043296671,2.0369479,-0.00698635695,0.000615913271,-0.000296670969,0.00667592376,0.00698635695,0.000615913271,0.000296670969,0.00667592376,-0.139864838,0.0161300604,0,0.123759473,-0.137922333,0.0109523831,-6.01835223e-16,0.126490895,-0.00194250528,0.0051776773,6.01835223e-16,-0.00273142214,-0.0120414635,0.037799633,0,-0.0255674486,-0.0659093075,0.145593125,-5.68687046e-14,-0.0688639023,0.211830726,-0.318564711,0.06,1.5709368,0.2139958,-0.317187078,0.059703329,1.57063132,0,0,6.05893457e-09,0,6.52132399e-08,0,0,0,0.0705676711,0.00741457742,0.00332665177,0.000324072532,0.0705676711,-0.00741366142,0.000959728012,-0.890012906,0.00119752027,-3.0396724e-06
15.12,7560,APPROACH,single_red_center-f6430d296e:0001:APPROACH,PREGRASP_ROUTE,-1.42907386,0.951451629,0.043,2.0485601,-1.42203836,0.950679707,0.043296671,2.0419672,-0.00703549565,0.000771922314,-0.000296670969,0.00659290312,0.00703549565,0.000771922314,0.000296670969,0.00659290312,-0.139822052,0.0166363809,0,0.123213007,-0.139247206,0.0139038931,-4.59069084e-16,0.124712707,-0.000574846527,0.00273248785,4.59069084e-16,-0.0014996994,0.0141035647,-0.0123350346,0,-0.00182648643,-0.0312914148,0.078406479,-5.92886495e-14,-0.0413374849,0.210105238,-0.319627809,0.06,1.57093787,0.212278713,-0.318279302,0.059703329,1.57060854,0,0,7.65863414e-09,0,2.40227504e-08,0,0,0,0.0705676711,0.00741457742,0.00332665177,0.000324072532,0.0705676711,-0.00707451855,0.000956765196,-0.890012906,0.00120665257,-3.83675645e-06
15.16,7580,APPROACH,single_red_center-f6430d296e:0001:APPROACH,PREGRASP_ROUTE,-1.43464854,0.952093957,0.043,2.05349344,-1.42761765,0.951265522,0.043296671,2.04693454,-0.0070308925,0.000828434665,-0.000296670969,0.00655889538,0.0070308925,0.000828434665,0.000296670969,0.00655889538,-0.138740778,0.0151514013,0,0.123609475,-0.139525891,0.0150193611,-7.32980862e-16,0.123851796,0.00078511365,0.000132040213,7.32980862e-16,-0.000242320879,0.0398825225,-0.0617644918,0,0.0215788344,0.00542243097,0.00719754539,-5.56587322e-14,-0.012809388,0.208379809,-0.320680326,0.06,1.57093885,0.210553403,-0.319354602,0.059703329,1.57058242,0,0,8.31213361e-09,0,7.2628074e-09,0,0,0,0.0705676711,0.00741457742,0.00332665177,0.000324072532,0.0705676711,-0.0066618256,0.00087086485,-0.890012906,0.00122591289,-4.1632892e-06
15.2,7600,APPROACH,single_red_center-f6430d296e:0001:APPROACH,PREGRASP_ROUTE,-1.44015943,0.952637514,0.043,2.05846127,-1.43318569,0.951856163,0.043296671,2.05188699,-0.0069737444,0.000781351118,-0.000296670969,0.00657427665,0.0069737444,0.000781351118,0.000296670969,0.00657427665,-0.136635869,0.0117037391,0,0.124935257,-0.138740333,0.0142340558,-6.08475508e-16,0.123922024,0.00210446423,-0.00253031674,6.08475508e-16,0.00101323297,0.065284811,-0.110468313,0,0.0446387882,0.0421492226,-0.0656817967,-5.68687046e-14,0.0158713856,0.206660366,-0.321727775,0.06,1.57093935,0.208826687,-0.320417325,0.059703329,1.57055747,0,0,9.58302943e-09,0,2.30488848e-07,0,0,0,0.0705676711,0.00741457742,0.00332665177,0.000324072532,0.0705676711,-0.00622018,0.000692679751,-0.890012906,0.0012545855,-4.77592577e-06
15.24,7620,APPROACH,single_red_center-f6430d296e:0001:APPROACH,PREGRASP_ROUTE,-1.44556591,0.953004382,0.043,2.0635005,-1.43870032,0.952374998,0.043296671,2.05686177,-0.0068655852,0.000629384579,-0.000296670969,0.00663873139,0.0068655852,0.000629384579,0.000296670969,0.00663873139,-0.133522601,0.0063228191,0,0.127176348,-0.136912375,0.0115239929,-4.62389227e-16,0.124919969,0.00338977455,-0.00520117376,4.62389227e-16,0.00225637891,0.0903000843,-0.15842656,0,0.0673438825,0.078208072,-0.139058774,-5.92886495e-14,0.0443722758,0.20495265,-0.322775724,0.06,1.57093898,0.20710506,-0.321472326,0.059703329,1.57053644,0,0,1.42445229e-08,0,3.71957487e-08,0,0,0,0.0705676711,0.00741457742,0.00332665177,0.000324072532,0.0705676711,-0.00576030465,0.000422590478,-0.890012906,0.00129231421,-7.12070329e-06
15.28,7640,APPROACH,single_red_center-f6430d296e:0001:APPROACH,PREGRASP_ROUTE,-1.45082811,0.953117973,0.043,2.06864751,-1.44412048,0.952745027,0.043296671,2.06189576,-0.00670763166,0.000372946513,-0.000296670969,0.00675175705,0.00670763166,0.000372946513,0.000296670969,0.00675175705,-0.129475904,-0.000912315581,0,0.130338114,-0.134073351,0.00689469452,-7.56221861e-16,0.126834215,0.00459744705,-0.0078070101,7.56221861e-16,0.00350389966,0.100428326,-0.191400646,0,0.0919325235,0.113971067,-0.213370593,-5.56587322e-14,0.0729358694,0.203262154,-0.32382979,0.06,1.57093738,0.205394526,-0.322524897,0.059703329,1.57052031,0,0,1.72120978e-08,0,7.30738243e-08,0,0,0,0.0705676711,0.00741457742,0.00332665177,0.000324072532,0.0705676711,-0.00527586603,6.20952416e-05,-0.890012906,0.00133922934,-8.60297351e-06
15.32,7660,APPROACH,single_red_center-f6430d296e:0001:APPROACH,PREGRASP_ROUTE,-1.45593297,0.95294128,0.043,2.07392777,-1.44940946,0.952895999,0.043296671,2.0670246,-0.00652351174,4.52809174e-05,-0.000296670969,0.00690317142,0.00652351174,4.52809174e-05,0.000296670969,0.00690317142,-0.125923117,-0.00759633871,0,0.133502901,-0.130508135,0.000867755575,-6.05155366e-16,0.129559766,0.00458501806,-0.00846409428,6.05155366e-16,0.00394313574,0.0772777688,-0.142939615,0,0.0663798927,0.124787278,-0.235677792,-5.68687046e-14,0.089697399,0.201589372,-0.324894153,0.06,1.57093608,0.203700219,-0.323580162,0.059703329,1.57051114,0,0,1.73024524e-08,0,-6.04260051e-08,0,0,0,0.0705676711,0.00741457742,0.00332665177,0.000324072532,0.0705676711,-0.00500066611,-0.000235692039,-0.890012906,0.00138314535,-8.63540567e-06
15.36,7680,APPROACH,single_red_center-f6430d296e:0001:APPROACH,PREGRASP_ROUTE,-1.46091416,0.952535824,0.043,2.07931426,-1.45455593,0.952805406,0.043296671,2.07226682,-0.00635823353,-0.000269581981,-0.000296670969,0.00704744201,0.00635823353,0.000269581981,0.000296670969,0.00704744201,-0.123289487,-0.0123562201,0,0.135653089,-0.127063836,-0.00497590944,-4.45788513e-16,0.132355364,0.0037743489,-0.00738031068,4.45788513e-16,0.00329772564,0.0544708276,-0.0951943292,0,0.0412029679,0.10984503,-0.207584895,-5.92886495e-14,0.080077188,0.199929059,-0.325965116,0.06,1.57093593,0.20202352,-0.324640095,0.059703329,1.5705163,0,0,1.56555301e-08,0,-2.77823459e-08,0,0,0,0.0705676711,0.00741457742,0.00332665177,0.000324072532,0.0705676711,-0.00502341489,-0.000429612849,-0.890012906,0.00140175265,-7.81671516e-06
15.4,7700,APPROACH,single_red_center-f6430d296e:0001:APPROACH,PREGRASP_ROUTE,-1.46580817,0.951977992,0.043,2.08476672,-1.459577,0.952502085,0.043296671,2.07761034,-0.00623116578,-0.000524093274,-0.000296670969,0.00715637296,0.00623116578,0.000524093274,0.000296670969,0.00715637296,-0.121561093,-0.0152209588,0,0.1368039,-0.124260844,-0.00972711504,-3.61124873e-16,0.134585337,0.00269975123,-0.00549384379,3.61124873e-16,0.00221856339,0.0320163547,-0.0481832189,0,0.0164114198,0.0830678551,-0.156439164,-5.92886495e-14,0.0574621886,0.198276586,-0.327036836,0.06,1.57093654,0.200361487,-0.325703408,0.059703329,1.57053543,0,0,1.49254953e-08,0,-1.80757028e-08,0,0,0,0.0705676711,0.00741457742,0.00332665177,0.000324072532,0.0705676711,-0.0052118303,-0.000535243811,-0.890012906,0.00140186243,-7.45714329e-06
15.44,7720,APPROACH,single_red_center-f6430d296e:0001:APPROACH,PREGRASP_ROUTE,-1.47065091,0.951342992,0.043,2.09024547,-1.46450341,0.952039263,0.043296671,2.08302613,-0.00614750421,-0.00069627088,-0.000296670969,0.00721933553,0.00614750421,0.00069627088,0.000296670969,0.00721933553,-0.120723663,-0.016220281,0,0.136970937,-0.122305217,-0.0129827992,-6.49977293e-16,0.13598527,0.00158155438,-0.00323748171,6.49977293e-16,0.000985667602,0.00992296042,-0.00192421247,0,-0.00798534416,0.0521333049,-0.0950504519,-5.68687046e-14,0.0299843453,0.196627518,-0.328103476,0.06,1.57093755,0.198709147,-0.326767198,0.059703329,1.57056199,0,0,1.37326366e-08,0,-4.53032546e-08,0,0,0,0.0705676711,0.00741457742,0.00332665177,0.000324072532,0.0705676711,-0.0054605063,-0.000546465467,-0.890012906,0.00138892822,-6.85951449e-06
15.48,7740,APPROACH,single_red_center-f6430d296e:0001:APPROACH,PREGRASP_ROUTE,-1.47547774,0.950704833,0.043,2.09571149,-1.46937038,0.951481058,0.043296671,2.0884787,-0.00610735944,-0.000776224728,-0.000296670969,0.00723278742,0.00610735944,0.000776224728,0.000296670969,0.00723278742,-0.120762586,-0.0153846196,0,0.136170175,-0.121245151,-0.0145609942,-5.0223094e-16,0.13646249,0.000482564308,-0.000823625365,5.0223094e-16,-0.000292314315,-0.01180099,0.0435652715,0,-0.0319781835,0.0205065541,-0.029249077,-5.80786771e-14,0.000943382213,0.194977623,-0.329159214,0.06,1.57093858,0.197061192,-0.327827452,0.059703329,1.57058938,0,0,1.11200585e-08,0,-8.30937429e-08,0,0,0,0.0705676711,0.00741457742,0.00332665177,0.000324072532,0.0705676711,-0.00572020122,-0.000461085559,-0.890012906,0.00136529988,-5.54849288e-06
15.52,7760,APPROACH,single_red_center-f6430d296e:0001:APPROACH,PREGRASP_ROUTE,-1.48032341,0.95013629,0.043,2.10112638,-1.47421357,0.950896437,0.043296671,2.09393047,-0.00610983802,-0.000760147243,-0.000296670969,0.00719591088,0.00610983802,0.000760147243,0.000296670969,0.00719591088,-0.121662923,-0.0127450941,0,0.134417949,-0.12106789,-0.0143837817,-7.82783003e-16,0.135991797,-0.000595033619,0.00163868765,7.82783003e-16,-0.00157384795,-0.03314738,0.0882683313,0,-0.0555582285,-0.010641326,0.0381261207,-5.56587322e-14,-0.0283838739,0.19332287,-0.330198256,0.06,1.57093927,0.195412752,-0.328879301,0.059703329,1.57061334,0,0,7.17700111e-09,0,-1.10743665e-07,0,0,0,0.0705676711,0.00741457742,0.00332665177,0.000324072532,0.0705676711,-0.00598369989,-0.000285027232,-0.890012906,0.00133196865,-3.57310529e-06
15.56,7780,APPROACH,single_red_center-f6430d296e:0001:APPROACH,PREGRASP_ROUTE,-1.48522207,0.949708881,0.043,2.10645244,-1.47906776,0.950356228,0.043296671,2.09934351,-0.00615430904,-0.000647347545,-0.000296670969,0.00710893057,0.00615430904,0.000647347545,0.000296670969,0.00710893057,-0.123409413,-0.00833348955,0,0.131730942,-0.121748496,-0.0124278796,-6.33376579e-16,0.134573898,-0.00166091756,0.00409439004,6.33376579e-16,-0.00284295645,-0.0541083447,0.132168589,0,-0.078716884,-0.0411601531,0.105636043,-5.68687046e-14,-0.057509883,0.191659425,-0.331214836,0.06,1.57093926,0.193759541,-0.329917297,0.059703329,1.57063198,0,0,1.06219754e-10,0,-8.6314171e-07,0,0,0,0.0705676711,0.00741457742,0.00332665177,0.000324072532,0.0705676711,-0.00626232604,-2.74748993e-05,-0.890012906,0.00128939495,-2.24468116e-07
15.6,7800,APPROACH,single_red_center-f6430d296e:0001:APPROACH,PREGRASP_ROUTE,-1.49020725,0.949492839,0.043,2.1116526,-1.48396681,0.949931498,0.043296671,2.10468012,-0.00624043929,-0.0004386595,-0.000296670969,0.00697247869,0.00624043929,0.0004386595,0.000296670969,0.00697247869,-0.125986487,-0.00218223547,0,0.128126176,-0.123266931,-0.00870020391,-4.85630227e-16,0.132219421,-0.00271955644,0.00651796844,4.85630227e-16,-0.00409324537,-0.0746762745,0.175250195,0,-0.101445832,-0.0711545111,0.172507982,-5.80786771e-14,-0.0862399836,0.189983646,-0.33220322,0.06,1.57093819,0.192097718,-0.3309357,0.059703329,1.57064481,0,0,-6.30654095e-09,0,-8.86438276e-08,0,0,0,0.0705676711,0.00741457742,0.00332665177,0.000324072532,0.0705676711,-0.00656897965,0.000303489154,-0.890012906,0.00123785417,3.16121996e-06
15.64,7820,APPROACH,single_red_center-f6430d296e:0001:APPROACH,PREGRASP_ROUTE,-1.49531098,0.949549755,0.043,2.11669771,-1.48894378,0.949692096,0.043296671,2.10990371,-0.00636719817,-0.000142340474,-0.000296670969,0.00679399523,0.00636719817,0.000142340474,0.000296670969,0.00679399523,-0.129173682,0.00487335283,0,0.124271217,-0.125587375,-0.00330053584,-3.67765159e-16,0.129008102,-0.0035863069,0.00817388867,3.67765159e-16,-0.00473688486,-0.0722586471,0.158301848,0,-0.0852536625,-0.0960071117,0.224732703,-5.92886495e-14,-0.106681359,0.188291612,-0.333158784,0.06,1.57093648,0.190423705,-0.331928751,0.059703329,1.57065203,0,0,-5.75996954e-09,0,9.87185405e-08,0,0,0,0.0705676711,0.00741457742,0.00332665177,0.000324072532,0.0705676711,-0.00691172032,0.000645672349,-0.890012906,0.0011858586,2.85851637e-06
15.68,7840,APPROACH,single_red_center-f6430d296e:0001:APPROACH,PREGRASP_ROUTE,-1.50052933,0.949859041,0.043,2.12160617,-1.49402348,0.949685309,0.043296671,2.11499151,-0.00650584319,0.000173731883,-0.000296670969,0.0066146616,0.00650584319,0.000173731883,0.000296670969,0.0066146616,-0.13158372,0.0102845514,0,0.121297071,-0.128261356,0.00261570152,-6.4665715e-16,0.125584648,-0.00332236397,0.0076688499,6.4665715e-16,-0.00428757789,-0.0483149507,0.112396143,0,-0.0635193532,-0.094944853,0.215099935,2.5772413e-13,-0.10140868,0.186582895,-0.334084105,0.06,1.57093589,0.188734455,-0.332892921,0.059703329,1.57065334,0,0,-6.52015344e-10,0,1.14143245e-07,0,0,0,0.0705676711,0.00741457742,0.00332665177,0.000324072532,0.0705676711,-0.00711748691,0.000820424529,-0.890012906,0.00115670252,2.90693862e-07
15.72,7860,APPROACH,single_red_center-f6430d296e:0001:APPROACH,PREGRASP_ROUTE,-1.50582503,0.950348264,0.043,2.12641296,-1.49920561,0.949901598,0.043296671,2.1199499,-0.00661941272,0.000446665643,-0.000296670969,0.00646306325,0.00661941272,0.000446665643,0.000296670969,0.00646306325,-0.133044519,0.0138759093,0,0.119184499,-0.130637686,0.0077527674,-4.98910798e-16,0.122584204,-0.00240683251,0.00612314193,4.98910798e-16,-0.00339970503,-0.0247969838,0.0673104022,0,-0.0421752102,-0.075914756,0.172275986,-5.80786771e-14,-0.0831083196,0.184862696,-0.334984382,0.06,1.5709362,0.187029422,-0.333829602,0.059703329,1.57064588,0,0,2.88111655e-09,0,5.56451323e-08,0,0,0,0.0705676711,0.00741457742,0.00332665177,0.000324072532,0.0705676711,-0.00708119354,0.000913426402,-0.890012906,0.00114452088,-1.46050862e-06
15.76,7880,APPROACH,single_red_center-f6430d296e:0001:APPROACH,PREGRASP_ROUTE,-1.51116046,0.950945292,0.043,2.13115221,-1.50446928,0.950296534,0.043296671,2.12480221,-0.00669117682,0.000648758708,-0.000296670969,0.00634999794,0.00669117682,0.000648758708,0.000296670969,0.00634999794,-0.133573264,0.0156805265,0,0.117917752,-0.132326956,0.0115591628,-7.71162503e-16,0.120272491,-0.00124630797,0.0041213637,7.71162503e-16,-0.00235473909,-0.00171255645,0.0230596691,0,-0.021228393,-0.0477847726,0.116031308,2.58934102e-13,-0.0598911609,0.183136266,-0.335864798,0.06,1.57093704,0.18531125,-0.334742277,0.059703329,1.57062946,0,0,4.36880213e-09,0,2.00103995e-08,0,0,0,0.0705676711,0.00741457742,0.00332665177,0.000324072532,0.0705676711,-0.00685441052,0.000954766735,-0.890012906,0.00114408331,-2.19185098e-06
15.8,7900,APPROACH,single_red_center-f6430d296e:0001:APPROACH,PREGRASP_ROUTE,-1.51649869,0.951579332,0.043,2.13585744,-1.50978258,0.950811676,0.043296671,2.12957834,-0.00671611821,0.000767656193,-0.000296670969,0.00627909957,0.00671611821,0.000767656193,0.000296670969,0.00627909957,-0.133187448,0.0157320933,0,0.117480798,-0.133144284,0.0138182059,-6.25076222e-16,0.118744014,-4.31639612e-05,0.00191388736,6.25076222e-16,-0.00126321588,0.0209308098,-0.0203415682,0,-0.000685795885,-0.0160363142,0.0545418373,-5.68687046e-14,-0.0350790374,0.18140866,-0.336730548,0.06,1.57093808,0.183584718,-0.335634826,0.059703329,1.57060744,0,0,4.86022166e-09,0,8.13236428e-09,0,0,0,0.0705676711,0.00741457742,0.00332665177,0.000324072532,0.0705676711,-0.00652266076,0.000934290163,-0.890012906,0.00115304631,-2.43067716e-06
15.84,7920,APPROACH,single_red_center-f6430d296e:0001:APPROACH,PREGRASP_ROUTE,-1.5218035,0.952180948,0.043,2.14056152,-1.51510912,0.951383072,0.043296671,2.1343103,-0.00669438646,0.000797875839,-0.000296670969,0.00625121578,0.00669438646,0.000797875839,0.000296670969,0.00625121578,-0.131904857,0.0140648686,0,0.117857336,-0.133033088,0.0144444114,-4.67369441e-16,0.118025113,0.00112823086,-0.000379542789,4.67369441e-16,-0.000167776968,0.0431258843,-0.0628793837,0,0.0194459546,0.0163592187,-0.00883683588,-5.92886495e-14,-0.0099701046,0.179684748,-0.33758684,0.06,1.57093896,0.181855442,-0.336511352,0.059703329,1.57058426,0,0,5.03409471e-09,0,6.34803246e-09,0,0,0,0.0705676711,0.00741457742,0.00332665177,0.000324072532,0.0705676711,-0.00614800064,0.000838865224,-0.890012906,0.00117036613,-2.51368728e-06
15.88,7940,APPROACH,single_red_center-f6430d296e:0001:APPROACH,PREGRASP_ROUTE,-1.52703938,0.952682084,0.043,2.14529665,-1.5204118,0.951944637,0.043296671,2.13903053,-0.00662758222,0.000737446481,-0.000296670969,0.00626612301,0.00662758222,0.000737446481,0.000296670969,0.00626612301,-0.129743563,0.0107136568,0,0.119030806,-0.13200095,0.013406929,-7.74482646e-16,0.118115616,0.00225738683,-0.00269327213,7.74482646e-16,0.000915190193,0.06486573,-0.104540417,0,0.0391605019,0.0481150457,-0.0725201289,-5.56587322e-14,0.0149229384,0.177969205,-0.338438885,0.06,1.57093936,0.180128971,-0.337376305,0.059703329,1.57056337,0,0,5.10874274e-09,0,5.71419196e-09,0,0,0,0.0705676711,0.00741457742,0.00332665177,0.000324072532,0.0705676711,-0.00575719652,0.000664251263,-0.890012906,0.00119552958,-2.54868438e-06
15.92,7960,APPROACH,single_red_center-f6430d296e:0001:APPROACH,PREGRASP_ROUTE,-1.53217154,0.953016089,0.043,2.15009437,-1.52565436,0.952429699,0.043296671,2.14377119,-0.00651717993,0.00058639059,-0.000296670969,0.00632318517,0.00651717993,0.00058639059,0.000296670969,0.00632318517,-0.126721908,0.00571378543,0,0.120984396,-0.130076733,0.0107031583,-6.54957507e-16,0.119005068,0.00335482498,-0.00498937289,6.54957507e-16,0.00197932767,0.0861437056,-0.14531188,0,0.0584517618,0.0788888645,-0.135596902,-5.68687046e-14,0.0393864511,0.176266517,-0.33929189,0.06,1.57093893,0.178410422,-0.338234509,0.059703329,1.57054653,0,0,5.09608191e-09,0,4.10482434e-09,0,0,0,0.0705676711,0.00741457742,0.00332665177,0.000324072532,0.0705676711,-0.00535247961,0.000413771434,-0.890012906,0.00122823358,-2.54216511e-06
15.96,7980,APPROACH,single_red_center-f6430d296e:0001:APPROACH,PREGRASP_ROUTE,-1.53716611,0.95311786,0.043,2.15498563,-1.53080175,0.952771901,0.043296671,2.14856395,-0.00636436056,0.000345959948,-0.000296670969,0.00642168867,0.00636436056,0.000345959948,0.000296670969,0.00642168867,-0.122914729,-0.000851537018,0,0.12371863,-0.127290429,0.00635041493,-4.93930583e-16,0.120679035,0.00437569993,-0.00720195195,4.93930583e-16,0.00303959562,0.0939783701,-0.172530766,0,0.0794193868,0.108585089,-0.197274577,-5.80786771e-14,0.0635156495,0.174580931,-0.340151053,0.06,1.57093738,0.176704443,-0.339091058,0.059703329,1.57053409,0,0,4.95949532e-09,0,2.95857841e-09,0,0,0,0.0705676711,0.00741457742,0.00332665177,0.000324072532,0.0705676711,-0.00492870571,9.37696462e-05,-0.890012906,0.00126845332,-2.47566497e-06
16,8000,APPROACH,single_red_center-f6430d296e:0001:APPROACH,PREGRASP_ROUTE,-1.5420129,0.952957037,0.043,2.15999198,-1.53582293,0.952911457,0.043296671,2.15343918,-0.00618997366,4.55795702e-05,-0.000296670969,0.00655280134,0.00618997366,4.55795702e-05,0.000296670969,0.00655280134,-0.119557124,-0.00691191062,0,0.126451877,-0.123898612,0.000825732428,-7.74482646e-16,0.123041054,0.00434148763,-0.00773764304,7.74482646e-16,0.00341082265,0.073963861,-0.130616961,0,0.0573106538,0.117510179,-0.216078668,-5.56587322e-14,0.077789801,0.172912379,-0.341019958,0.06,1.57093611,0.175014953,-0.339950743,0.059703329,1.57052771,0,0,2.55925536e-09,0,-7.99933827e-08,0,0,0,0.0705676711,0.00741457742,0.00332665177,0.000324072532,0.0705676711,-0.00468446342,-0.000177819309,-0.890012906,0.00130625855,-1.26202885e-06
16.04,8020,APPROACH,single_red_center-f6430d296e:0001:APPROACH,PREGRASP_ROUTE,-1.54674128,0.952587097,0.043,2.16509009,-1.5407088,0.952829909,0.043296671,2.15841256,-0.00603248447,-0.000242812598,-0.000296670969,0.00667752141,0.00603248447,0.000242812598,0.000296670969,0.00667752141,-0.116991934,-0.011312745,0,0.128309706,-0.120624968,-0.00452527217,-6.26736294e-16,0.125459109,0.00363303462,-0.00678747288,6.26736294e-16,0.00285059659,0.0543578385,-0.0895542406,0,0.0356487714,0.104140882,-0.191017006,-5.68687046e-14,0.0693003923,0.171256572,-0.341895056,0.06,1.5709359,0.17334287,-0.340815354,0.059703329,1.57053367,0,0,6.71527821e-09,0,8.1212224e-07,0,0,0,0.0705676711,0.00741457742,0.00332665177,0.000324072532,0.0705676711,-0.00469690157,-0.000357199485,-0.890012906,0.00132219216,-3.57099406e-06
16.08,8040,APPROACH,single_red_center-f6430d296e:0001:APPROACH,PREGRASP_ROUTE,-1.55138263,0.952073736,0.043,2.1702453,-1.54547456,0.952552588,0.043296671,2.16347355,-0.00590806673,-0.000478852631,-0.000296670969,0.00677174775,0.00590806673,0.000478852631,0.000296670969,0.00677174775,-0.115202709,-0.0140883115,0,0.129310113,-0.117911341,-0.00892799479,-4.72349656e-16,0.127387612,0.00270863208,-0.0051603167,4.72349656e-16,0.00192250022,0.0351657604,-0.0493539778,0,0.0144397131,0.0808980678,-0.146820061,-5.80786771e-14,0.0497984317,0.169609987,-0.342771028,0.06,1.57093641,0.171685675,-0.341683593,0.059703329,1.57055158,0,0,4.88638921e-09,0,5.92161718e-08,0,0,0,0.0705676711,0.00741457742,0.00332665177,0.000324072532,0.0705676711,-0.0048474337,-0.00046138416,-0.890012906,0.00132233978,-2.64160474e-06
16.12,8060,APPROACH,single_red_center-f6430d296e:0001:APPROACH,PREGRASP_ROUTE,-1.55596765,0.951481269,0.043,2.1754237,-1.55014683,0.952125419,0.043296671,2.16859713,-0.00582081928,-0.000644149737,-0.000296670969,0.00682656439,0.00582081928,0.000644149737,0.000296670969,0.00682656439,-0.114172789,-0.0152733248,0,0.129471323,-0.115927333,-0.0120454665,-7.46261433e-16,0.128603113,0.00175454383,-0.00322785836,7.46261433e-16,0.000868209157,0.0163928135,-0.0100269841,0,-0.00631084287,0.0545250725,-0.0944835601,-5.56587322e-14,0.0263076733,0.167969285,-0.343642604,0.06,1.57093732,0.170039287,-0.342552639,0.059703329,1.57057572,0,0,1.73576951e-09,0,8.01648079e-08,0,0,0,0.0705676711,0.00741457742,0.00332665177,0.000324072532,0.0705676711,-0.00504510161,-0.00048532773,-0.890012906,0.00131146701,-8.91954765e-07
16.16,8080,APPROACH,single_red_center-f6430d296e:0001:APPROACH,PREGRASP_ROUTE,-1.56052636,0.950872615,0.043,2.18059207,-1.55475578,0.951603325,0.043296671,2.1737529,-0.00577058668,-0.000730709838,-0.000296670969,0.00683916624,0.00577058668,0.000730709838,0.000296670969,0.00683916624,-0.11388531,-0.014902921,0,0.128811784,-0.114707639,-0.0137301509,-5.95194937e-16,0.129030539,0.000822329139,-0.00117277015,5.95194937e-16,-0.000218755179,-0.00195608725,0.0284164948,0,-0.0265975144,0.0277948729,-0.0388873084,-5.68687046e-14,0.00165981542,0.166331306,-0.344504579,0.06,1.57093832,0.16839947,-0.34341871,0.059703329,1.57060045,0,0,1.76753737e-09,0,-1.42999913e-08,0,0,0,0.0705676711,0.00741457742,0.00332665177,0.000324072532,0.0705676711,-0.00524935242,-0.000427805374,-0.890012906,0.00129163242,-8.79202912e-07
16.2,8100,APPROACH,single_red_center-f6430d296e:0001:APPROACH,PREGRASP_ROUTE,-1.56508814,0.950309279,0.043,2.18571797,-1.55933174,0.951045044,0.043296671,2.17890887,-0.00575639957,-0.000735765698,-0.000296670969,0.00680909395,0.00575639957,0.000735765698,0.000296670969,0.00680909395,-0.114323217,-0.0130126346,0,0.127350154,-0.114236432,-0.0139242414,-4.5408887e-16,0.128652831,-8.67852687e-05,0.000911606838,4.5408887e-16,-0.0013026765,-0.0198763005,0.0659667815,0,-0.0464152173,0.00169740894,0.0175788898,-5.92886495e-14,-0.0230496511,0.164693071,-0.345351816,0.06,1.5709391,0.166762459,-0.344277348,0.059703329,1.57062217,0,0,7.77230325e-10,0,-3.67920028e-08,0,0,0,0.0705676711,0.00741457742,0.00332665177,0.000324072532,0.0705676711,-0.00545465185,-0.00029437848,-0.890012906,0.00126373311,-3.80108863e-07
16.24,8120,APPROACH,single_red_center-f6430d296e:0001:APPROACH,PREGRASP_ROUTE,-1.56968165,0.949851336,0.043,2.19076968,-1.56390412,0.950510556,0.043296671,2.18403289,-0.00577752884,-0.000659219706,-0.000296670969,0.00673678343,0.00577752884,0.000659219706,0.000296670969,0.00673678343,-0.115469275,-0.00963837559,0,0.125105288,-0.114488004,-0.0126166634,-7.52901718e-16,0.127475199,-0.000981271004,0.00297828777,7.52901718e-16,-0.00236991073,-0.0373634586,0.102614768,0,-0.0657591657,-0.0236529516,0.0736829467,-5.56587322e-14,-0.0474039622,0.163051778,-0.346179254,0.06,1.57093937,0.165125044,-0.345123674,0.059703329,1.57063933,0,0,-8.79569782e-10,0,-4.4210203e-08,0,0,0,0.0705676711,0.00741457742,0.00332665177,0.000324072532,0.0705676711,-0.0056711191,-9.3501568e-05,-0.890012906,0.00122820819,4.52073557e-07
16.28,8140,APPROACH,single_red_center-f6430d296e:0001:APPROACH,PREGRASP_ROUTE,-1.57433486,0.94955742,0.043,2.19571626,-1.56850136,0.950059686,0.043296671,2.18909324,-0.00583350043,-0.000502266591,-0.000296670969,0.00662301535,0.00583350043,0.000502266591,0.000296670969,0.00662301535,-0.117306079,-0.00481640705,0,0.122096225,-0.115441319,-0.00982217,-6.13455723e-16,0.125511318,-0.00186476027,0.00500576294,6.13455723e-16,-0.00341509354,-0.0544134694,0.138351919,0,-0.0846248734,-0.0483644075,0.128779971,-5.68687046e-14,-0.0712437444,0.161404798,-0.346981904,0.06,1.57093882,0.163484424,-0.345952628,0.059703329,1.57065157,0,0,-3.69321305e-09,0,3.29420991e-08,0,0,0,0.0705676711,0.00741457742,0.00332665177,0.000324072532,0.0705676711,-0.00590978625,0.000167508955,-0.890012906,0.00118533173,1.83222635e-06
16.32,8160,APPROACH,single_red_center-f6430d296e:0001:APPROACH,PREGRASP_ROUTE,-1.57907523,0.949484597,0.043,2.20052786,-1.57315118,0.94975132,0.043296671,2.19405884,-0.00592404666,-0.0002667223,-0.000296670969,0.0064690261,0.00592404666,0.0002667223,0.000296670969,0.0064690261,-0.119844576,0.00136998208,0,0.118431262,-0.11708077,-0.00557001043,-4.59069084e-16,0.122780969,-0.00276380576,0.00693999252,4.59069084e-16,-0.00434970745,-0.0707612638,0.160233778,0,-0.0886723388,-0.0727541589,0.182909248,-5.92886495e-14,-0.0941163426,0.159749594,-0.347754895,0.06,1.57093723,0.161838047,-0.346759137,0.059703329,1.57065898,0,0,-3.85249117e-09,0,-3.86345675e-09,0,0,0,0.0705676711,0.00741457742,0.00332665177,0.000324072532,0.0705676711,-0.00618085216,0.000483929582,-0.890012906,0.00113575246,1.94075809e-06
16.36,8180,APPROACH,single_red_center-f6430d296e:0001:APPROACH,PREGRASP_ROUTE,-1.58392016,0.949657097,0.043,2.20519915,-1.5778793,0.94963844,0.043296671,2.19890283,-0.00604085951,1.86570479e-05,-0.000296670969,0.00629631459,0.00604085951,1.86570479e-05,0.000296670969,0.00629631459,-0.122268272,0.0069997914,0,0.115253289,-0.119262324,-0.000279999433,-7.39621147e-16,0.11955907,-0.00300594763,0.00727979083,7.39621147e-16,-0.00430578175,-0.0504884057,0.121381709,0,-0.070285837,-0.0828138981,0.199172107,-5.56587322e-14,-0.0989154337,0.158083327,-0.348497,0.06,1.57093609,0.16018346,-0.347538713,0.059703329,1.57066198,0,0,-1.50453084e-09,0,8.53333498e-08,0,0,0,0.0705676711,0.00741457742,0.00332665177,0.000324072532,0.0705676711,-0.00643798387,0.000708050545,-0.890012906,0.00109885784,7.45771597e-07
16.4,8200,APPROACH,single_red_center-f6430d296e:0001:APPROACH,PREGRASP_ROUTE,-1.58884595,0.950023967,0.043,2.2097579,-1.58269636,0.949735905,0.043296671,2.20361951,-0.00614959086,0.000288062726,-0.000296670969,0.00613838572,0.00614959086,0.000288062726,0.000296670969,0.00613838572,-0.123890496,0.0110936991,0,0.112802128,-0.121436918,0.00478082484,-5.88554652e-16,0.116492663,-0.00245357878,0.00631287422,5.88554652e-16,-0.00369053531,-0.0306878344,0.0834389975,0,-0.0523318935,-0.0734096861,0.174294795,-5.68687046e-14,-0.0875692215,0.156408553,-0.349212561,0.06,1.57093592,0.158519025,-0.348290575,0.059703329,1.57065906,0,0,1.06960012e-09,0,4.95669292e-08,0,0,0,0.0705676711,0.00741457742,0.00332665177,0.000324072532,0.0705676711,-0.00651264109,0.000825575902,-0.890012906,0.00107922003,-5.38644501e-07
16.44,8220,APPROACH,single_red_center-f6430d296e:0001:APPROACH,PREGRASP_ROUTE,-1.59382093,0.950524511,0.043,2.21423283,-1.58759226,0.95001739,0.043296671,2.20822332,-0.00622866783,0.000507121261,-0.000296670969,0.00600950708,0.00622866783,0.000507121261,0.000296670969,0.00600950708,-0.12473013,0.0136880602,0,0.111060485,-0.123173796,0.00889801966,-4.34168014e-16,0.11392442,-0.00155633402,0.00479004055,4.34168014e-16,-0.00286393461,-0.0113635685,0.0464133699,0,-0.0348141793,-0.0533755692,0.132422912,2.55304185e-13,-0.0697823347,0.154729369,-0.349906284,0.06,1.57093641,0.156845452,-0.349017259,0.059703329,1.57064845,0,0,2.0793743e-09,0,1.47232695e-08,0,0,0,0.0705676711,0.00741457742,0.00332665177,0.000324072532,0.0705676711,-0.00639835584,0.000897018539,-0.890012906,0.00107090267,-1.03866626e-06
16.48,8240,APPROACH,single_red_center-f6430d296e:0001:APPROACH,PREGRASP_ROUTE,-1.59881416,0.951099481,0.043,2.21865197,-1.59254414,0.950438439,0.043296671,2.21273732,-0.00627002352,0.000661041244,-0.000296670969,0.00591465682,0.00627002352,0.000661041244,0.000296670969,0.00591465682,-0.124805909,0.0148189518,0,0.110011198,-0.12424492,0.011794274,-7.11399934e-16,0.1119814,-0.000560989031,0.00302467784,7.11399934e-16,-0.00197020231,0.0074804725,0.0103123629,0,-0.0177362736,-0.0285236591,0.0840522622,-5.56587322e-14,-0.0498456895,0.153049692,-0.350582832,0.06,1.57093729,0.155165691,-0.349722229,0.059703329,1.57063162,0,0,2.23284983e-09,0,3.22444643e-10,0,0,0,0.0705676711,0.00741457742,0.00332665177,0.000324072532,0.0705676711,-0.00616125927,0.000924959328,-0.890012906,0.00107096796,-1.11566847e-06
16.52,8260,APPROACH,single_red_center-f6430d296e:0001:APPROACH,PREGRASP_ROUTE,-1.60379547,0.951691033,0.043,2.2230427,-1.59752312,0.950947692,0.043296671,2.21718748,-0.00627234842,0.000743340882,-0.000296670969,0.0058552152,0.00627234842,0.000743340882,0.000296670969,0.0058552152,-0.124137604,0.0145244359,0,0.109636164,-0.124560574,0.0133656664,-5.73614009e-16,0.11070223,0.000422970229,0.00115876951,5.73614009e-16,-0.00106606545,0.0258412355,-0.0248581574,0,-0.00110096044,-0.00215745275,0.0331119152,-5.80786771e-14,-0.0293441976,0.151373264,-0.351246851,0.06,1.57093826,0.153483895,-0.350409181,0.059703329,1.57061205,0,0,2.19171527e-09,0,-2.11330632e-09,0,0,0,0.0705676711,0.00741457742,0.00332665177,0.000324072532,0.0705676711,-0.00586652875,0.000896064663,-0.890012906,0.00107821144,-1.09712838e-06
16.56,8280,APPROACH,single_red_center-f6430d296e:0001:APPROACH,PREGRASP_ROUTE,-1.60873548,0.9522429,0.043,2.22743162,-1.6024986,0.951491288,0.043296671,2.22160052,-0.00623687963,0.000751612261,-0.000296670969,0.00583109767,0.00623687963,0.000751612261,0.000296670969,0.00583109767,-0.122744607,0.0128418499,0,0.109917624,-0.124110295,0.0135774161,-9.18974144e-18,0.110090616,0.00136568759,-0.000735566157,9.18974144e-18,-0.000172991954,0.0437156588,-0.059092309,0,0.0150889692,0.0240257455,-0.0185622723,5.65057129e-13,-0.00894079889,0.14970365,-0.351902933,0.06,1.57093904,0.151804455,-0.351082031,0.059703329,1.57059321,0,0,2.18301552e-09,0,-1.870998e-09,0,0,0,0.0705676711,0.00741457742,0.00332665177,0.000324072532,0.0705676711,-0.00555167873,0.000802778117,-0.890012906,0.00109200076,-1.09447908e-06
16.6,8300,APPROACH,single_red_center-f6430d296e:0001:APPROACH,PREGRASP_ROUTE,-1.61360559,0.952700314,0.043,2.23184464,-1.60744037,0.9520147,0.043296671,2.22600295,-0.00616522595,0.000685614411,-0.000296670969,0.00584168319,0.00616522595,0.000685614411,0.000296670969,0.00584168319,-0.120646428,0.00980875511,0,0.110837713,-0.122917191,0.0124259587,-7.77802789e-16,0.110136822,0.00227076324,-0.00261720362,7.77802789e-16,0.000700890063,0.0611009798,-0.0923847876,0,0.0308309997,0.0494368934,-0.0700626203,-5.56587322e-14,0.0111069907,0.148044245,-0.352555621,0.06,1.57093936,0.150131468,-0.351744949,0.059703329,1.57057729,0,0,2.19112701e-09,0,-2.42998747e-09,0,0,0,0.0705676711,0.00741457742,0.00332665177,0.000324072532,0.0705676711,-0.00522759679,0.000645159165,-0.890012906,0.00111198719,-1.09895757e-06
16.64,8320,APPROACH,single_red_center-f6430d296e:0001:APPROACH,PREGRASP_ROUTE,-1.618378,0.95301001,0.043,2.23630694,-1.61231934,0.952463655,0.043296671,2.23042079,-0.00605865381,0.00054635519,-0.000296670969,0.00588614631,0.00605865381,0.00054635519,0.000296670969,0.00588614631,-0.11786268,0.00546291335,0,0.112378468,-0.121011259,0.00992582803,-6.28396365e-16,0.110825973,0.00314857958,-0.00446291468,6.28396365e-16,0.00155249428,0.0779947351,-0.124730866,0,0.0461228906,0.0740239967,-0.120852361,-5.68687046e-14,0.0306940141,0.146398273,-0.353209407,0.06,1.57093896,0.148468592,-0.352402318,0.059703329,1.57056511,0,0,2.14987273e-09,0,-3.94489508e-09,0,0,0,0.0705676711,0.00741457742,0.00332665177,0.000324072532,0.0705676711,-0.00489081108,0.000427743693,-0.890012906,0.00113793096,-1.07715963e-06
16.68,8340,APPROACH,single_red_center-f6430d296e:0001:APPROACH,PREGRASP_ROUTE,-1.62302572,0.953120319,0.043,2.24084298,-1.61710758,0.952784732,0.043296671,2.23487941,-0.00591814394,0.000335587756,-0.000296670969,0.00596357532,0.00591814394,0.000335587756,0.000296670969,0.00596357532,-0.114422721,-0.000149871362,0,0.114525165,-0.118418889,0.00610381525,-4.74009727e-16,0.112141174,0.00399616708,-0.00625368662,4.74009727e-16,0.00238399065,0.086706241,-0.152218514,0,0.0662787884,0.0977341171,-0.170226101,-5.80786771e-14,0.0497578228,0.144768775,-0.353868717,0.06,1.57093758,0.146819108,-0.353058626,0.059703329,1.57055656,0,0,2.03048605e-09,0,-6.50086187e-09,0,0,0,0.0705676711,0.00741457742,0.00332665177,0.000324072532,0.0705676711,-0.00453556942,0.000157005486,-0.890012906,0.00116962101,-1.01656134e-06
16.72,8360,APPROACH,single_red_center-f6430d296e:0001:APPROACH,PREGRASP_ROUTE,-1.62753758,0.953001614,0.043,2.24547222,-1.6217798,0.952929018,0.043296671,2.23940322,-0.00575778252,7.25952422e-05,-0.000296670969,0.00606899852,0.00575778252,7.25952422e-05,0.000296670969,0.00606899852,-0.111281725,-0.00555292376,0,0.116814455,-0.115308652,0.00127472144,-7.41281219e-16,0.114026324,0.00402692645,-0.0068276452,7.41281219e-16,0.00278813153,0.0704311566,-0.118116824,0,0.0482817847,0.107282208,-0.190597343,-5.56587322e-14,0.0630905561,0.143155873,-0.354536828,0.06,1.57093625,0.145185839,-0.353718103,0.059703329,1.57055244,0,0,1.0849871e-09,0,-3.55108421e-08,0,0,0,0.0705676711,0.00741457742,0.00332665177,0.000324072532,0.0705676711,-0.00430067662,-9.10506712e-05,-0.890012906,0.00120166992,-5.3407022e-07
16.76,8380,APPROACH,single_red_center-f6430d296e:0001:APPROACH,PREGRASP_ROUTE,-1.63193674,0.952693887,0.043,2.25017873,-1.62632705,0.952878304,0.043296671,2.24400664,-0.00560969243,-0.000184416912,-0.000296670969,0.00617208218,0.00560969243,0.000184416912,0.000296670969,0.00617208218,-0.108782908,-0.00961030409,0,0.118393528,-0.112257355,-0.00348826279,-5.90214723e-16,0.116012881,0.0034744477,-0.0061220413,5.90214723e-16,0.00238064704,0.0545890052,-0.0849175471,0,0.0307587712,0.0974632431,-0.17259297,-5.68687046e-14,0.0576227826,0.141556173,-0.355211051,0.06,1.57093587,0.143569574,-0.354382568,0.059703329,1.5705579,0,0,2.33268596e-09,0,1.19168505e-06,0,0,0,0.0705676711,0.00741457742,0.00332665177,0.000324072532,0.0705676711,-0.00428251354,-0.000259926492,-0.890012906,0.00121624518,5.60243839e-08
16.8,8400,APPROACH,single_red_center-f6430d296e:0001:APPROACH,PREGRASP_ROUTE,-1.63624851,0.952250196,0.043,2.2549345,-1.63076065,0.952651066,0.043296671,2.24868283,-0.00548785944,-0.000400870071,-0.000296670969,0.00625167334,0.00548785944,0.000400870071,0.000296670969,0.00625167334,-0.106909069,-0.012357863,0,0.119281214,-0.109643646,-0.00751868375,-4.35828085e-16,0.117631907,0.00273457665,-0.0048391792,4.35828085e-16,0.00164930698,0.0391816303,-0.0526245443,0,0.013711785,0.0791607132,-0.13795477,2.55304185e-13,0.0424367105,0.139967214,-0.355886893,0.06,1.57093619,0.14196847,-0.35505101,0.059703329,1.57057324,0,0,2.17416956e-09,0,-1.04565767e-07,0,0,0,0.0705676711,0.00741457742,0.00332665177,0.000324072532,0.0705676711,-0.00438171379,-0.000367010703,-0.890012906,0.00121753383,-1.3402165e-06
16.84,8420,APPROACH,single_red_center-f6430d296e:0001:APPROACH,PREGRASP_ROUTE,-1.64049754,0.951722205,0.043,2.25971227,-1.63510172,0.952283409,0.043296671,2.2534123,-0.00539582752,-0.000561204227,-0.000296670969,0.00629996844,0.00539582752,0.000561204227,0.000296670969,0.00629996844,-0.105642789,-0.0138319136,0,0.119496587,-0.107612796,-0.0105305125,-7.19700291e-16,0.118687478,0.00197000657,-0.0033014011,7.19700291e-16,0.000809109408,0.0242105093,-0.0212409155,0,-0.00285753632,0.0580230838,-0.0962524291,-5.56587322e-14,0.0237312834,0.138386684,-0.356559945,0.06,1.57093693,0.140379452,-0.35572101,0.059703329,1.57059399,0,0,9.07657597e-10,0,2.27643769e-07,0,0,0,0.0705676711,0.00741457742,0.00332665177,0.000324072532,0.0705676711,-0.00452118198,-0.000409057137,-0.890012906,0.00120974915,-7.62138204e-07
16.88,8440,APPROACH,single_red_center-f6430d296e:0001:APPROACH,PREGRASP_ROUTE,-1.64470779,0.951160125,0.043,2.26448552,-1.63937441,0.951818974,0.043296671,2.25817091,-0.00533338229,-0.000658849159,-0.000296670969,0.0063146092,0.00533338229,0.000658849159,0.000296670969,0.0063146092,-0.104966592,-0.0140688825,0,0.11905878,-0.106193817,-0.0124027919,-1.58596165e-16,0.119115326,0.00122722464,-0.00166609057,1.58596165e-16,-5.6545689e-05,0.00967685675,0.00923078613,0,-0.0189478413,0.0365831426,-0.0517468856,-6.17085944e-14,0.00402861307,0.136812417,-0.35722589,0.06,1.57093785,0.138799355,-0.356389356,0.059703329,1.57061548,0,0,-2.32089282e-10,0,-2.33798378e-07,0,0,0,0.0705676711,0.00741457742,0.00332665177,0.000324072532,0.0705676711,-0.00466500707,-0.000385069634,-0.890012906,0.00119475553,8.26546001e-08
16.92,8460,APPROACH,single_red_center-f6430d296e:0001:APPROACH,PREGRASP_ROUTE,-1.6489025,0.950612705,0.043,2.26922851,-1.64360294,0.95130444,0.043296671,2.26293318,-0.00529956001,-0.000691734878,-0.000296670969,0.00629532676,0.00529956001,0.000691734878,0.000296670969,0.00629532676,-0.104862962,-0.013105287,0,0.117986976,-0.10537104,-0.0130915228,-4.59069084e-16,0.118902825,0.000508078279,-1.37641223e-05,4.59069084e-16,-0.000915848836,-0.00441837406,0.0387885507,0,-0.0345580633,0.0157062615,-0.00656098659,-5.92886495e-14,-0.015685227,0.135242393,-0.357880511,0.06,1.57093871,0.137225449,-0.357052319,0.059703329,1.57063468,0,0,2.40053484e-10,0,1.9916227e-07,0,0,0,0.0705676711,0.00741457742,0.00332665177,0.000324072532,0.0705676711,-0.00480778445,-0.00030015324,-0.890012906,0.0011733878,1.03162005e-07
16.96,8480,APPROACH,single_red_center-f6430d296e:0001:APPROACH,PREGRASP_ROUTE,-1.65310423,0.950127235,0.043,2.27391627,-1.64781065,0.950787319,0.043296671,2.26767362,-0.00529358276,-0.000660084045,-0.000296670969,0.00624264547,0.00529358276,0.000660084045,0.000296670969,0.00624264547,-0.105314346,-0.0109777143,0,0.116300394,-0.105119913,-0.0125929803,-7.41281219e-16,0.118057182,-0.000194432856,0.00161526603,7.41281219e-16,-0.00175678809,-0.0180744898,0.0674309085,0,-0.0496874186,-0.00447640505,0.0382144143,-5.56587322e-14,-0.0350401516,0.133674735,-0.358519692,0.06,1.57093927,0.135655496,-0.357705879,0.059703329,1.5706503,0,0,-1.98178263e-10,0,8.21758902e-09,0,0,0,0.0705676711,0.00741457742,0.00332665177,0.000324072532,0.0705676711,-0.00495750129,-0.000161745013,-0.890012906,0.00114606279,1.10630746e-07
17,8500,APPROACH,single_red_center-f6430d296e:0001:APPROACH,PREGRASP_ROUTE,-1.65733482,0.94974954,0.043,2.27852458,-1.65201993,0.950314764,0.043296671,2.27236719,-0.00531489208,-0.000565224511,-0.000296670969,0.00615739071,0.00531489208,0.000565224511,0.000296670969,0.00615739071,-0.106303171,-0.00772279958,0,0.114018278,-0.105419548,-0.0109254803,-5.90214723e-16,0.11659304,-0.000883622912,0.00320268074,5.90214723e-16,-0.00257476184,-0.0312910554,0.0951569267,0,-0.0643354048,-0.0240590321,0.0820300074,-5.68687046e-14,-0.0538963442,0.132107703,-0.359139418,0.06,1.57093931,0.134087622,-0.358345917,0.059703329,1.57066203,0,0,-1.72510357e-09,0,2.79062134e-08,0,0,0,0.0705676711,0.00741457742,0.00332665177,0.000324072532,0.0705676711,-0.0051233028,2.36965561e-05,-0.890012906,0.00111304796,8.44181728e-07
17.04,8520,APPROACH,single_red_center-f6430d296e:0001:APPROACH,PREGRASP_ROUTE,-1.66161542,0.949523977,0.043,2.28303003,-1.65625246,0.949932929,0.043296671,2.27698952,-0.00536295678,-0.0004089514,-0.000296670969,0.00604050545,0.00536295678,0.0004089514,0.000296670969,0.00604050545,-0.107811852,-0.00337720465,0,0.111159889,-0.10625371,-0.00811883003,-4.35828085e-16,0.114527834,-0.00155814213,0.00474162538,4.35828085e-16,-0.00336794532,-0.0440678921,0.121966206,0,-0.0785017989,-0.0431068865,0.124610962,2.55304185e-13,-0.0721965563,0.130539692,-0.359735779,0.06,1.57093859,0.132520159,-0.358968342,0.059703329,1.57066999,0,0,-1.61366599e-09,0,2.93820044e-09,0,0,0,0.0705676711,0.00741457742,0.00332665177,0.000324072532,0.0705676711,-0.00531032557,0.000251872552,-0.890012906,0.0010745647,8.01132191e-07
17.08,8540,APPROACH,single_red_center-f6430d296e:0001:APPROACH,PREGRASP_ROUTE,-1.66596674,0.949492888,0.043,2.2874109,-1.66052932,0.949686608,0.043296671,2.281517,-0.00543741817,-0.000193720187,-0.000296670969,0.00589389452,0.00543741817,0.000193720187,0.000296670969,0.00589389452,-0.109836661,0.00190395351,0,0.107896352,-0.10760803,-0.00421135099,-7.18040219e-16,0.111887164,-0.00222863123,0.00611530449,7.18040219e-16,-0.00399081209,-0.0527015535,0.130097218,0,-0.0767439857,-0.0613946074,0.164749942,-5.56587322e-14,-0.0886173779,0.128969053,-0.360305081,0.06,1.57093705,0.130951556,-0.359569164,0.059703329,1.57067429,0,0,-1.41827558e-09,0,8.10684948e-09,0,0,0,0.0705676711,0.00741457742,0.00332665177,0.000324072532,0.0705676711,-0.00552501104,0.000514124742,-0.890012906,0.00103218195,7.0893067e-07
17.12,8560,APPROACH,single_red_center-f6430d296e:0001:APPROACH,PREGRASP_ROUTE,-1.67039814,0.949665035,0.043,2.29166918,-1.66486925,0.949613606,0.043296671,2.28593094,-0.00552888984,5.14292742e-05,-0.000296670969,0.00573824381,0.00552888984,5.14292742e-05,0.000296670969,0.00573824381,-0.111628556,0.00650226252,0,0.105113002,-0.109327557,0.000351697298,-5.6199351e-16,0.108955298,-0.00230099953,0.00615056522,5.6199351e-16,-0.00384229669,-0.0369731632,0.099972101,0,-0.0624966777,-0.0663142528,0.170248782,2.56514157e-13,-0.0892468739,0.127393858,-0.360847189,0.06,1.57093607,0.129380248,-0.36014512,0.059703329,1.57067529,0,0,-3.60884865e-11,0,3.1532239e-08,0,0,0,0.0705676711,0.00741457742,0.00332665177,0.000324072532,0.0705676711,-0.00571157907,0.000683195235,-0.890012906,0.00100224191,7.33865513e-09
17.16,8580,APPROACH,single_red_center-f6430d296e:0001:APPROACH,PREGRASP_ROUTE,-1.67488877,0.949997253,0.043,2.29582742,-1.66927793,0.949719153,0.043296671,2.29023043,-0.00561083916,0.000278100983,-0.000296670969,0.0055969919,0.00561083916,0.000278100983,0.000296670969,0.0055969919,-0.112800816,0.00991384953,0,0.102890852,-0.110982374,0.00461032412,-4.15907229e-16,0.106212133,-0.00181844168,0.00530352541,4.15907229e-16,-0.00332128084,-0.0217191105,0.0707597993,0,-0.0486833189,-0.0572635244,0.147358898,2.55304185e-13,-0.0790295042,0.125816215,-0.361365896,0.06,1.57093591,0.127805147,-0.360696138,0.059703329,1.57067165,0,0,7.65812537e-10,0,5.59821728e-09,0,0,0,0.0705676711,0.00741457742,0.00332665177,0.000324072532,0.0705676711,-0.00574983793,0.000779610244,-0.890012906,0.000984742675,-3.87758888e-07
17.2,8600,APPROACH,single_red_center-f6430d296e:0001:APPROACH,PREGRASP_ROUTE,-1.6794142,0.950442807,0.043,2.2999077,-1.67374575,0.949979567,0.043296671,2.29442841,-0.00566844997,0.00046324082,-0.000296670969,0.00547928966,0.00566844997,0.00046324082,0.000296670969,0.00547928966,-0.113372411,0.0121752192,0,0.101212549,-0.112266493,0.00808726272,-6.98119363e-16,0.103881156,-0.0011059178,0.0040879565,6.98119363e-16,-0.00266860618,-0.00693919804,0.0424599062,0,-0.0353037018,-0.0407672651,0.113099528,-5.56587322e-14,-0.0646748107,0.124238967,-0.361865116,0.06,1.57093631,0.126226844,-0.361224525,0.059703329,1.57066223,0,0,7.04152367e-10,0,-7.87594731e-09,0,0,0,0.0705676711,0.00741457742,0.00332665177,0.000324072532,0.0705676711,-0.00564584309,0.000843320253,-0.890012906,0.000975442658,-3.52321238e-07
17.24,8620,APPROACH,single_red_center-f6430d296e:0001:APPROACH,PREGRASP_ROUTE,-1.6839508,0.950956419,0.043,2.30393144,-1.67825419,0.950359247,0.043296671,2.29854333,-0.00569660792,0.000597172213,-0.000296670969,0.00538811515,0.00569660792,0.000597172213,0.000296670969,0.00538811515,-0.113362296,0.0133228496,0,0.100060753,-0.113023362,0.010604622,-5.43732725e-16,0.102040675,-0.000338933887,0.00271822761,5.43732725e-16,-0.00197992165,0.00736704019,0.0150714959,0,-0.0223573716,-0.0210782681,0.0747185201,-5.80786771e-14,-0.0490418611,0.122664807,-0.362348691,0.06,1.57093706,0.124647537,-0.361733256,0.059703329,1.57064838,0,0,3.89633597e-10,0,-7.66831383e-09,0,0,0,0.0705676711,0.00741457742,0.00332665177,0.000324072532,0.0705676711,-0.00545393636,0.000873651797,-0.890012906,0.000972316699,-1.93732852e-07
17.28,8640,APPROACH,single_red_center-f6430d296e:0001:APPROACH,PREGRASP_ROUTE,-1.68847568,0.95149427,0.043,2.30791935,-1.68278075,0.950818308,0.043296671,2.30259532,-0.00569493656,0.00067596245,-0.000296670969,0.00532403437,0.00569493656,0.00067596245,0.000296670969,0.00532403437,-0.112789405,0.0133931713,0,0.0994181454,-0.113197516,0.0121018059,-3.89346087e-16,0.100710253,0.000408111435,0.00129136542,3.89346087e-16,-0.00129210733,0.0212003369,-0.0114068716,0,-0.00984362789,-0.000668106507,0.0351299225,2.55304185e-13,-0.0332494351,0.121096287,-0.362820387,0.06,1.57093794,0.123070238,-0.36222549,0.059703329,1.57063288,0,0,1.82111946e-10,0,-2.96175051e-09,0,0,0,0.0705676711,0.00741457742,0.00332665177,0.000324072532,0.0705676711,-0.00522376419,0.000861143468,-0.890012906,0.000974437572,-9.01397988e-08
17.32,8660,APPROACH,single_red_center-f6430d296e:0001:APPROACH,PREGRASP_ROUTE,-1.69296671,0.952013998,0.043,2.31189146,-1.68730199,0.951315542,0.043296671,2.30660477,-0.00566471878,0.000698455928,-0.000296670969,0.00528668968,0.00566471878,0.000698455928,0.000296670969,0.00528668968,-0.111672635,0.0124225473,0,0.0992674417,-0.112789733,0.0125643834,-6.66578007e-16,0.0998866116,0.00111709885,-0.00014183615,6.66578007e-16,-0.000619169972,0.0345616882,-0.0369771448,0,0.00223847187,0.0192750535,-0.00439515471,-5.68687046e-14,-0.0177308799,0.119535818,-0.363283898,0.06,1.57093874,0.121498055,-0.362704526,0.059703329,1.57061832,0,0,1.2828217e-10,0,4.12792868e-10,0,0,0,0.0705676711,0.00741457742,0.00332665177,0.000324072532,0.0705676711,-0.00498214945,0.000800804273,-0.890012906,0.00098133465,-6.35036541e-08
17.36,8680,APPROACH,single_red_center-f6430d296e:0001:APPROACH,PREGRASP_ROUTE,-1.6974025,0.95247469,0.043,2.31586708,-1.69179511,0.951809659,0.043296671,2.3105917,-0.00560739754,0.000665031061,-0.000296670969,0.00527537546,0.00560739754,0.000665031061,0.000296670969,0.00527537546,-0.110030838,0.0104472523,0,0.0995913998,-0.111823473,0.0119994078,-5.1385144e-16,0.0995577481,0.00179263485,-0.00155215549,5.1385144e-16,3.36516825e-05,0.047452351,-0.0616417752,0,0.0138901102,0.0383543323,-0.0431832988,-5.80786771e-14,-0.00265906889,0.117985673,-0.36374284,0.06,1.57093926,0.119933813,-0.363173805,0.059703329,1.57060626,0,0,1.44203109e-10,0,1.19001285e-09,0,0,0,0.0705676711,0.00741457742,0.00332665177,0.000324072532,0.0705676711,-0.0047360234,0.000693576394,-0.890012906,0.000992721209,-7.16077878e-08
17.4,8700,APPROACH,single_red_center-f6430d296e:0001:APPROACH,PREGRASP_ROUTE,-1.70176244,0.952836887,0.043,2.31986486,-1.69623833,0.952259945,0.043296671,2.3145756,-0.00552411121,0.000576942015,-0.000296670969,0.00528925831,0.00552411121,0.000576942015,0.000296670969,0.00528925831,-0.107882813,0.00750345343,0,0.10037283,-0.11032588,0.0104268114,-3.82705801e-16,0.0997083384,0.0024430673,-0.00292335801,3.82705801e-16,0.000664491231,0.0598738397,-0.0854037112,0,0.0251127064,0.0565792359,-0.0808921842,2.55304185e-13,0.0119029835,0.11644799,-0.364200746,0.06,1.57093931,0.118379975,-0.363636863,0.059703329,1.57059722,0,0,1.47702656e-10,0,3.25057663e-10,0,0,0,0.0705676711,0.00741457742,0.00332665177,0.000324072532,0.0705676711,-0.00448201341,0.000543320247,-0.890012906,0.00100839148,-7.3393939e-08
17.44,8720,APPROACH,single_red_center-f6430d296e:0001:APPROACH,PREGRASP_ROUTE,-1.70602665,0.953062571,0.043,2.32390276,-1.70061092,0.952626666,0.043296671,2.3185753,-0.0054157305,0.00043590484,-0.000296670969,0.00532746042,0.0054157305,0.00043590484,0.000296670969,0.00532746042,-0.105247291,0.00362718961,0,0.101594603,-0.108320436,0.00787477249,-6.63257864e-16,0.100321885,0.00307314499,-0.00424758288,6.63257864e-16,0.00127271758,0.0718279229,-0.108266392,0,0.035907914,0.0740572158,-0.117316995,-5.68687046e-14,0.0259354153,0.114924775,-0.364661062,0.06,1.57093868,0.116838708,-0.364097256,0.059703329,1.57059105,0,0,1.04190595e-10,0,-9.40549489e-10,0,0,0,0.0705676711,0.00741457742,0.00332665177,0.000324072532,0.0705676711,-0.0042147619,0.000354337733,-0.890012906,0.00102817054,-5.17702998e-08
17.48,8740,APPROACH,single_red_center-f6430d296e:0001:APPROACH,PREGRASP_ROUTE,-1.71017635,0.953115426,0.043,2.32799818,-1.70489301,0.952871372,0.043296671,2.32260896,-0.00528334125,0.000244054007,-0.000296670969,0.00538922178,0.00528334125,0.000244054007,0.000296670969,0.00538922178,-0.102218728,-0.00107667567,0,0.103257556,-0.105828813,0.00438053855,-5.17171583e-16,0.101381843,0.00361008496,-0.00545721422,5.17171583e-16,0.00187571313,0.0725004859,-0.117821218,0,0.0459163027,0.0905644831,-0.151835548,-5.80786771e-14,0.0396981734,0.113417819,-0.365127141,0.06,1.57093726,0.115311984,-0.364558491,0.059703329,1.57058733,0,0,2.30207918e-11,0,1.92072015e-09,0,0,0,0.0705676711,0.00741457742,0.00332665177,0.000324072532,0.0705676711,-0.00393546983,0.0001306424,-0.890012906,0.00105217013,-1.2119809e-08
17.52,8760,APPROACH,single_red_center-f6430d296e:0001:APPROACH,PREGRASP_ROUTE,-1.71421034,0.952984896,0.043,2.33216164,-1.70906788,0.95296157,0.043296671,2.32669363,-0.00514246382,2.33259569e-05,-0.000296670969,0.00546801081,0.00514246382,2.33259569e-05,0.000296670969,0.00546801081,-0.0995599918,-0.00528362902,0,0.104827068,-0.103044761,0.00031072304,-7.84443074e-16,0.102815233,0.00348476915,-0.00559435206,7.84443074e-16,0.0020118348,0.0605004731,-0.0926601812,0,0.032629558,0.0928490779,-0.157197961,-5.56587322e-14,0.0464319858,0.111925972,-0.365600599,0.06,1.57093619,0.113801376,-0.365023602,0.059703329,1.57058732,0,0,1.26992611e-09,0,-2.15317847e-07,0,0,0,0.0705676711,0.00741457742,0.00332665177,0.000324072532,0.0705676711,-0.00378747044,-5.22408188e-05,-0.890012906,0.00107324739,-6.79065716e-07
17.56,8780,APPROACH,single_red_center-f6430d296e:0001:APPROACH,PREGRASP_ROUTE,-1.71814748,0.952705983,0.043,2.33637736,-1.71313309,0.952891266,0.043296671,2.3308367,-0.00501438575,-0.000185282336,-0.000296670969,0.00554066375,0.00501438575,0.000185282336,0.000296670969,0.00554066375,-0.097373034,-0.00850129212,0,0.105874125,-0.100395235,-0.00355657565,-6.3503665e-16,0.10423299,0.00302220111,-0.00494471647,6.3503665e-16,0.00164113491,0.0489109023,-0.0683553661,0,0.0197928727,0.0833835881,-0.139863392,-5.68687046e-14,0.0403078157,0.110447047,-0.366078662,0.06,1.57093587,0.112306853,-0.365493401,0.059703329,1.57059488,0,0,4.41880483e-10,0,-2.26184291e-07,0,0,0,0.0705676711,0.00741457742,0.00332665177,0.000324072532,0.0705676711,-0.00378336083,-0.000185438678,-0.890012906,0.00108145721,-1.63784939e-07
17.6,8800,APPROACH,single_red_center-f6430d296e:0001:APPROACH,PREGRASP_ROUTE,-1.72200629,0.952317574,0.043,2.34062483,-1.71709949,0.952678114,0.043296671,2.33503052,-0.0049068052,-0.000360539369,-0.000296670969,0.00559430852,0.0049068052,0.000360539369,0.000296670969,0.00559430852,-0.0956414755,-0.0107638353,0,0.106416689,-0.0981084278,-0.00681961956,-4.93930583e-16,0.105337487,0.00246695227,-0.00394421571,4.93930583e-16,0.00107920256,0.0377298679,-0.0449028406,0,0.00740419997,0.0690699155,-0.112742855,-5.80786771e-14,0.0283566534,0.10897955,-0.366557928,0.06,1.57093611,0.11082678,-0.365966751,0.059703329,1.57060915,0,0,5.75138796e-10,0,-1.96076307e-07,0,0,0,0.0705676711,0.00741457742,0.00332665177,0.000324072532,0.0705676711,-0.00384795153,-0.000273330152,-0.890012906,0.00108077328,-2.44769162e-07
17.64,8820,APPROACH,single_red_center-f6430d296e:0001:APPROACH,PREGRASP_ROUTE,-1.72580468,0.951857192,0.043,2.3448842,-1.72098354,0.952350338,0.043296671,2.33925973,-0.0048211396,-0.000493145792,-0.000296670969,0.0056244763,0.0048211396,0.000493145792,0.000296670969,0.0056244763,-0.0943490171,-0.0121052625,0,0.106472635,-0.0962612291,-0.00930870399,-7.74482646e-16,0.10601384,0.00191221207,-0.00279655856,7.74482646e-16,0.000458795213,0.0269552499,-0.0222982253,0,-0.00453874144,0.0534708447,-0.0817090072,-5.56587322e-14,0.0144645852,0.107522096,-0.367035095,0.06,1.57093672,0.109358951,-0.366441579,0.059703329,1.57062653,0,0,4.73594577e-10,0,-1.61613106e-07,0,0,0,0.0705676711,0.00741457742,0.00332665177,0.000324072532,0.0705676711,-0.00393041588,-0.000313167374,-0.890012906,0.00107392115,-2.01552962e-07
17.68,8840,APPROACH,single_red_center-f6430d296e:0001:APPROACH,PREGRASP_ROUTE,-1.72955987,0.951361002,0.043,2.34913639,-1.72480309,0.951940535,0.043296671,2.34350634,-0.00475678115,-0.000579532587,-0.000296670969,0.00563004654,0.00475678115,0.000579532587,0.000296670969,0.00563004654,-0.0934794487,-0.0125593941,0,0.106059742,-0.0948593445,-0.0109567232,-6.26736294e-16,0.10622878,0.00137989577,-0.00160267089,6.26736294e-16,-0.000169037806,0.0165847163,-0.000536700735,0,-0.0160384631,0.0380804238,-0.049445654,-5.68687046e-14,0.000183631341,0.106073406,-0.367506966,0.06,1.57093752,0.107901301,-0.366915296,0.059703329,1.57064379,0,0,2.80395876e-10,0,-1.28727952e-07,0,0,0,0.0705676711,0.00741457742,0.00332665177,0.000324072532,0.0705676711,-0.00401091368,-0.000305887701,-0.890012906,0.00106210675,-1.11756727e-07
17.72,8860,APPROACH,single_red_center-f6430d296e:0001:APPROACH,PREGRASP_ROUTE,-1.73328847,0.950863823,0.043,2.35336298,-1.7285756,0.95148284,0.043296671,2.34775181,-0.00471286668,-0.000619017435,-0.000296670969,0.00561117279,0.00471286668,0.000619017435,0.000296670969,0.00561117279,-0.0930166578,-0.0121598484,0,0.105195684,-0.0938841384,-0.0117459299,-4.90610441e-16,0.105980723,0.00086748064,-0.000413918574,4.90610441e-16,-0.000785038959,0.00661572754,0.0203869845,0,-0.0270977029,0.0233226243,-0.0172504466,-5.80786771e-14,-0.0138964639,0.104632301,-0.367970456,0.06,1.57093834,0.106452171,-0.367385021,0.059703329,1.57065905,0,0,-9.95784005e-11,0,-8.2971916e-08,0,0,0,0.0705676711,0.00741457742,0.00332665177,0.000324072532,0.0705676711,-0.00408954384,-0.000256332315,-0.890012906,0.00104588505,8.60029558e-08
17.76,8880,APPROACH,single_red_center-f6430d296e:0001:APPROACH,PREGRASP_ROUTE,-1.73700642,0.950399132,0.043,2.35754629,-1.73231769,0.951011501,0.043296671,2.3519778,-0.00468873088,-0.000612369349,-0.000296670969,0.00556848799,0.00468873088,0.000612369349,0.000296670969,0.00556848799,-0.0929446373,-0.0109400258,0,0.103898022,-0.0933144075,-0.0116845958,-3.82705801e-16,0.105279979,0.000369770173,0.000744570051,3.82705801e-16,-0.00138195797,-0.00295446039,0.0404785065,0,-0.0377194217,0.00921021638,0.0141906422,2.55304185e-13,-0.0275474129,0.103197704,-0.368422584,0.06,1.570939,0.105010274,-0.367847746,0.059703329,1.57067161,0,0,5.11419708e-10,0,2.63764773e-08,0,0,0,0.0705676711,0.00741457742,0.00332665177,0.000324072532,0.0705676711,-0.00417346153,-0.000170452417,-0.890012906,0.00102556915,-3.3090651e-07
17.8,8900,APPROACH,single_red_center-f6430d296e:0001:APPROACH,PREGRASP_ROUTE,-1.74072904,0.949999074,0.043,2.36166931,-1.73604519,0.950560106,0.043296671,2.35616651,-0.00468384418,-0.000561031882,-0.000296670969,0.0055028046,0.00468384418,0.000561031882,0.000296670969,0.0055028046,-0.0932474942,-0.00893309086,0,0.102184191,-0.0931327462,-0.0107951193,-6.63257864e-16,0.104141328,-0.000114747992,0.00186202847,6.63257864e-16,-0.00195713756,-0.012128792,0.0597439583,0,-0.0479067982,-0.00433009299,0.0445182753,-5.68687046e-14,-0.0406845552,0.101768631,-0.368860483,0.06,1.57093935,0.103574566,-0.368300462,0.059703329,1.57068142,0,0,5.34852994e-11,0,-5.39374139e-08,0,0,0,0.0705676711,0.00741457742,0.00332665177,0.000324072532,0.0705676711,-0.00426898072,-5.30786093e-05,-0.890012906,0.00100137873,-1.8916167e-08
17.84,8920,APPROACH,single_red_center-f6430d296e:0001:APPROACH,PREGRASP_ROUTE,-1.744471,0.949694475,0.043,2.36571576,-1.73977333,0.950161181,0.043296671,2.36030076,-0.00469766585,-0.000466706159,-0.000296670969,0.00541499836,0.00469766585,0.000466706159,0.000296670969,0.00541499836,-0.093909457,-0.00617195644,0,0.100071499,-0.093324972,-0.00910697361,-5.10531297e-16,0.10258117,-0.00058448503,0.00293501718,5.10531297e-16,-0.0025096715,-0.0209104082,0.0781898415,0,-0.0576632256,-0.0173456725,0.0735879414,-5.80786771e-14,-0.0532853136,0.10034419,-0.369281394,0.06,1.57093924,0.102144132,-0.368740231,0.059703329,1.57068861,0,0,2.59459813e-10,0,1.7005473e-08,0,0,0,0.0705676711,0.00741457742,0.00332665177,0.000324072532,0.0705676711,-0.00437901913,9.27929405e-05,-0.890012906,0.000973494436,-1.64464439e-07
17.88,8940,APPROACH,single_red_center-f6430d296e:0001:APPROACH,PREGRASP_ROUTE,-1.74824636,0.94951487,0.043,2.36967,-1.74351678,0.949846005,0.043296671,2.36436405,-0.00472957238,-0.000331134819,-0.000296670969,0.0053059511,0.00472957238,0.000331134819,0.000296670969,0.0053059511,-0.094914931,-0.00268916791,0,0.0975770576,-0.0938779866,-0.00665229363,-7.7946286e-16,0.100616339,-0.00103694438,0.00396312572,7.7946286e-16,-0.00303928142,-0.0293025873,0.0958229421,0,-0.0669922457,-0.0298733978,0.101446214,-5.56587322e-14,-0.065374435,0.0989235739,-0.369682659,0.06,1.57093851,0.100718125,-0.369164228,0.059703329,1.57069327,0,0,2.18239637e-10,0,4.91411618e-09,0,0,0,0.0705676711,0.00741457742,0.00332665177,0.000324072532,0.0705676711,-0.00450373812,0.000265816311,-0.890012906,0.000942059793,-1.25339102e-07
17.92,8960,APPROACH,single_red_center-f6430d296e:0001:APPROACH,PREGRASP_ROUTE,-1.75206882,0.949488313,0.043,2.37351763,-1.74728971,0.949644546,0.043296671,2.36834056,-0.00477911238,-0.000156233074,-0.000296670969,0.00517707526,0.00477911238,0.000156233074,0.000296670969,0.00517707526,-0.0962694648,0.00141708021,0,0.0948192162,-0.0947787474,-0.00346467489,-2.2499902e-16,0.0982678977,-0.00149071747,0.0048817551,2.2499902e-16,-0.00344868148,-0.0356631301,0.101387411,0,-0.065214139,-0.0420219558,0.128063285,-6.17085944e-14,-0.0762510333,0.0975059367,-0.370061778,0.06,1.57093713,0.0992957493,-0.369569743,0.059703329,1.5706954,0,0,1.66292706e-10,0,6.29832423e-09,0,0,0,0.0705676711,0.00741457742,0.00332665177,0.000324072532,0.0705676711,-0.00464683581,0.00046308164,-0.890012906,0.000907993211,-8.19597185e-08
17.96,8980,APPROACH,single_red_center-f6430d296e:0001:APPROACH,PREGRASP_ROUTE,-1.75594519,0.949620498,0.043,2.37726087,-1.75110464,0.949581905,0.043296671,2.37221804,-0.0048405466,3.85926558e-05,-0.000296670969,0.0050428253,0.0048405466,3.85926558e-05,0.000296670969,0.0050428253,-0.0974751074,0.0050497113,0,0.092410536,-0.0959269756,0.000159926224,-9.43809926e-16,0.0957360512,-0.00154813176,0.00488978508,9.43809926e-16,-0.00332551519,-0.0246970624,0.0803941637,0,-0.055291082,-0.0457737261,0.132437389,-3.67831621e-13,-0.0764146662,0.096089793,-0.370418666,0.06,1.57093618,0.0978761451,-0.369954575,0.059703329,1.57069531,0,0,5.24831112e-10,0,4.92718943e-09,0,0,0,0.0705676711,0.00741457742,0.00332665177,0.000324072532,0.0705676711,-0.00477919898,0.00059883169,-0.890012906,0.000882528386,-2.63289098e-07
18,9000,APPROACH,single_red_center-f6430d296e:0001:APPROACH,PREGRASP_ROUTE,-1.75986112,0.949881397,0.043,2.3809156,-1.75496552,0.9496613,0.043296671,2.3759965,-0.0048955969,0.000220096204,-0.000296670969,0.00491910777,0.0048955969,0.000220096204,0.000296670969,0.00491910777,-0.0982505544,0.00785885187,0,0.0903910665,-0.0970330728,0.00356532059,-7.7946286e-16,0.0933468234,-0.00121748161,0.00429353128,7.7946286e-16,-0.00295575687,-0.0141520043,0.060210277,0,-0.0457523611,-0.0398270322,0.116952358,-5.56587322e-14,-0.0692289001,0.0946763235,-0.370756131,0.06,1.57093588,0.0964585192,-0.370318703,0.059703329,1.57069228,0,0,3.68860135e-10,0,-9.93384923e-09,0,0,0,0.0705676711,0.00741457742,0.00332665177,0.000324072532,0.0705676711,-0.00481047742,0.000682612152,-0.890012906,0.000865627794,-1.82378549e-07
18.04,9020,APPROACH,single_red_center-f6430d296e:0001:APPROACH,PREGRASP_ROUTE,-1.76379973,0.950238717,0.043,2.38449709,-1.75886584,0.949866059,0.043296671,2.37968521,-0.00493389666,0.000372657365,-0.000296670969,0.00481188875,0.00493389666,0.000372657365,0.000296670969,0.00481188875,-0.0986125705,0.00987672924,0,0.0887455047,-0.0978862396,0.00642489592,-6.30056436e-16,0.0912479745,-0.000726330938,0.00345183332,6.30056436e-16,-0.00250246979,-0.00402416371,0.0408284073,0,-0.0365944612,-0.0287141223,0.0936957087,-5.68687046e-14,-0.0593499143,0.0932672707,-0.371077066,0.06,1.57093608,0.0950430642,-0.370663841,0.059703329,1.57068543,0,0,5.14016957e-11,0,-3.09824207e-08,0,0,0,0.0705676711,0.00741457742,0.00332665177,0.000324072532,0.0705676711,-0.00474165454,0.000744604377,-0.890012906,0.000854283525,-3.62620021e-08
18.08,9040,APPROACH,single_red_center-f6430d296e:0001:APPROACH,PREGRASP_ROUTE,-1.76774484,0.950661449,0.043,2.38801999,-1.76279292,0.950171494,0.043296671,2.38329701,-0.00495191403,0.000489954645,-0.000296670969,0.00472298014,0.00495191403,0.000489954645,0.000296670969,0.00472298014,-0.0985777645,0.0111352696,0,0.0874586917,-0.0983784956,0.00862228258,-4.75669798e-16,0.0894884694,-0.000199268917,0.00251298704,4.75669798e-16,-0.00202977764,0.00569044313,0.0222408413,0,-0.0278136909,-0.0153805456,0.0677071898,-5.80786771e-14,-0.0486912388,0.0918642713,-0.371384278,0.06,1.57093661,0.0936310683,-0.370992227,0.059703329,1.57067559,0,0,1.00892261e-10,0,1.14517953e-08,0,0,0,0.0705676711,0.00741457742,0.00332665177,0.000324072532,0.0705676711,-0.00461014609,0.000784808048,-0.890012906,0.000847108638,-1.31022774e-07
18.12,9060,APPROACH,single_red_center-f6430d296e:0001:APPROACH,PREGRASP_ROUTE,-1.77168088,0.951119855,0.043,2.39149835,-1.76673137,0.950550229,0.043296671,2.38684577,-0.0049495049,0.000569625446,-0.000296670969,0.00465257619,0.0049495049,0.000569625446,0.000296670969,0.00465257619,-0.0981625821,0.0116660834,0,0.0865156197,-0.0984726621,0.0101226284,-7.66182289e-16,0.0880779783,0.000310079963,0.00154345504,7.66182289e-16,-0.00156235859,0.0149959868,0.00443950513,0,-0.0194061869,-0.00157445805,0.041017072,-5.56587322e-14,-0.0380084543,0.0904688604,-0.371680487,0.06,1.57093733,0.0922244048,-0.371306234,0.059703329,1.57066463,0,0,1.6900413e-10,0,2.70266869e-08,0,0,0,0.0705676711,0.00741457742,0.00332665177,0.000324072532,0.0705676711,-0.00445154531,0.000796616385,-0.890012906,0.00084344095,-2.02898441e-07
18.16,9080,APPROACH,single_red_center-f6430d296e:0001:APPROACH,PREGRASP_ROUTE,-1.77559298,0.951585454,0.043,2.39494561,-1.77066524,0.950974251,0.043296671,2.39034536,-0.0049277309,0.000611203054,-0.000296670969,0.00460025603,0.0049277309,0.000611203054,0.000296670969,0.00460025603,-0.0973832989,0.0115004511,0,0.0859014388,-0.0981716675,0.0109226742,-6.21756079e-16,0.0870108878,0.000788368658,0.000577776902,6.21756079e-16,-0.00110944902,0.0238968199,-0.0125840266,0,-0.0113679185,0.0118581562,0.0144780521,-5.68687046e-14,-0.0275903721,0.0890824745,-0.371968325,0.06,1.57093809,0.0908250229,-0.371608297,0.059703329,1.57065436,0,0,-8.08426059e-12,0,1.35847343e-07,0,0,0,0.0705676711,0.00741457742,0.00332665177,0.000324072532,0.0705676711,-0.0042856397,0.000776357377,-0.890012906,0.000842930924,3.11677211e-07
18.2,9100,APPROACH,single_red_center-f6430d296e:0001:APPROACH,PREGRASP_ROUTE,-1.77946689,0.952031009,0.043,2.39837464,-1.77457911,0.951415744,0.043296671,2.39380927,-0.00488777683,0.000615264679,-0.000296670969,0.00456537269,0.00488777683,0.000615264679,0.000296670969,0.00456537269,-0.0962560123,0.0106693092,0,0.0856014635,-0.0974948721,0.0110334939,-4.87290298e-16,0.0862758092,0.00123885974,-0.000364184748,4.87290298e-16,-0.000674345758,0.0323974722,-0.0288385209,0,-0.00369469169,0.0246392068,-0.0114691944,-5.80786771e-14,-0.0175444573,0.0877064546,-0.372250337,0.06,1.57093877,0.0894346694,-0.371900907,0.059703329,1.57064591,0,0,1.27312493e-10,0,1.83166923e-07,0,0,0,0.0705676711,0.00741457742,0.00332665177,0.000324072532,0.0705676711,-0.00411797215,0.000724610054,-0.890012906,0.000845360738,2.84104981e-07
18.24,9120,APPROACH,single_red_center-f6430d296e:0001:APPROACH,PREGRASP_ROUTE,-1.78328901,0.952430514,0.043,2.40179772,-1.7784584,0.951847528,0.043296671,2.39725052,-0.00483060627,0.000582985668,-0.000296670969,0.00454720054,0.00483060627,0.000582985668,0.000296670969,0.00454720054,-0.0947966355,0.00920323691,0,0.0856011793,-0.0964643816,0.0104746245,-7.64522218e-16,0.0858593201,0.00166774604,-0.00127138755,7.64522218e-16,-0.000258140815,0.0405026458,-0.0443330771,0,0.00361784557,0.0367644319,-0.0365761174,-5.56587322e-14,-0.00791331733,0.0863420494,-0.37252898,0.06,1.57093923,0.0880548278,-0.372186569,0.059703329,1.57063965,0,0,3.59666778e-10,0,2.09239438e-07,0,0,0,0.0705676711,0.00741457742,0.00332665177,0.000324072532,0.0705676711,-0.00394654901,0.000644247383,-0.890012906,0.00085056086,1.99976746e-07
18.28,9140,APPROACH,single_red_center-f6430d296e:0001:APPROACH,PREGRASP_ROUTE,-1.78704637,0.952759179,0.043,2.40522655,-1.7822894,0.952243327,0.043296671,2.40068155,-0.00475697859,0.000515852051,-0.000296670969,0.00454499076,0.00475697859,0.000515852051,0.000296670969,0.00454499076,-0.0930208901,0.00713244309,0,0.085886249,-0.0950996774,0.00927106935,-6.21756079e-16,0.0857473212,0.00207878726,-0.00213862626,6.21756079e-16,0.000138927777,0.0482172095,-0.059077117,0,0.0105741993,0.0483149261,-0.0607021221,-5.68687046e-14,0.00129110277,0.0849904185,-0.372806623,0.06,1.57093935,0.086686768,-0.372467766,0.059703329,1.57063549,0,0,-6.31636989e-11,0,-1.14347088e-07,0,0,0,0.0705676711,0.00741457742,0.00332665177,0.000324072532,0.0705676711,-0.00376768982,0.00053848181,-0.890012906,0.000858385419,7.78993408e-10
18.32,9160,APPROACH,single_red_center-f6430d296e:0001:APPROACH,PREGRASP_ROUTE,-1.79072664,0.952993414,0.043,2.40867224,-1.78605907,0.952577937,0.043296671,2.40411425,-0.00466756731,0.000415477193,-0.000296670969,0.00455799209,0.00466756731,0.000415477193,0.000296670969,0.00455799209,-0.0909442997,0.00448675339,0,0.0864425184,-0.0934170738,0.00745089228,-4.64049299e-16,0.0859256226,0.0024727741,-0.00296413889,4.64049299e-16,0.000516895818,0.0555461946,-0.0730803748,0,0.0171790243,0.0593267913,-0.0837238793,-5.92886495e-14,0.010064564,0.0836526343,-0.373085541,0.06,1.57093902,0.0853316195,-0.372746916,0.059703329,1.57063311,0,0,4.06918523e-10,0,-6.12612005e-09,0,0,0,0.0705676711,0.00741457742,0.00332665177,0.000324072532,0.0705676711,-0.00357910345,0.000410059589,-0.890012906,0.000868693433,-3.27784861e-07
18.36,9180,APPROACH,single_red_center-f6430d296e:0001:APPROACH,PREGRASP_ROUTE,-1.79431809,0.953110813,0.043,2.41214538,-1.78975503,0.952827313,0.043296671,2.40755993,-0.00456305144,0.000283500526,-0.000296670969,0.00458545695,0.00456305144,0.000283500526,0.000296670969,0.00458545695,-0.0885821836,0.00129559802,0,0.0872560226,-0.0914311135,0.00504354403,-7.39621147e-16,0.0863801402,0.00284892991,-0.00374794601,7.39621147e-16,0.00087588235,0.0624947887,-0.0863528874,0,0.02343712,0.0697911194,-0.105534935,-5.56587322e-14,0.018400833,0.0823296857,-0.373367918,0.06,1.57093811,0.0839904233,-0.373026352,0.059703329,1.57063221,0,0,2.51140158e-10,0,2.28793411e-07,0,0,0,0.0705676711,0.00741457742,0.00332665177,0.000324072532,0.0705676711,-0.00338040355,0.000261019544,-0.890012906,0.000881340919,3.26806641e-07
18.4,9200,APPROACH,single_red_center-f6430d296e:0001:APPROACH,PREGRASP_ROUTE,-1.79781194,0.953092659,0.043,2.41565611,-1.7933656,0.952968897,0.043296671,2.41102936,-0.00444633698,0.000123762016,-0.000296670969,0.00462674686,0.00444633698,0.000123762016,0.000296670969,0.00462674686,-0.0861699635,-0.00214055122,0,0.088284522,-0.0891747172,0.00211297646,-5.88554652e-16,0.0870991088,0.00300475371,-0.00425352768,5.88554652e-16,0.00118541324,0.0559252567,-0.0792318716,0,0.0237101384,0.0770046423,-0.120669315,-5.68687046e-14,0.0261659073,0.0810219779,-0.373655697,0.06,1.57093683,0.0826641368,-0.373308283,0.059703329,1.57063266,0,0,4.44535923e-10,0,-6.41399794e-08,0,0,0,0.0705676711,0.00741457742,0.00332665177,0.000324072532,0.0705676711,-0.00320201117,0.000105473203,-0.890012906,0.000896164132,-3.1269261e-07
18.44,9220,APPROACH,single_red_center-f6430d296e:0001:APPROACH,PREGRASP_ROUTE,-1.80121604,0.952947933,0.043,2.41920419,-1.79688388,0.952988989,0.043296671,2.41453147,-0.00433215101,-4.10560596e-05,-0.000296670969,0.00467271954,0.00433215101,4.10560596e-05,0.000296670969,0.00467271954,-0.0840858782,-0.00498911722,0,0.0890635412,-0.0868702492,-0.000933834059,-4.34168014e-16,0.0879636032,0.002784371,-0.00405528316,4.34168014e-16,0.00109993794,0.0483364819,-0.0633165287,0,0.0153040481,0.0740809359,-0.115829378,2.55304185e-13,0.0264615589,0.0797278388,-0.37394848,0.06,1.57093609,0.0813532263,-0.373594137,0.059703329,1.57063658,0,0,9.7948624e-10,0,7.62896223e-08,0,0,0,0.0705676711,0.00741457742,0.00332665177,0.000324072532,0.0705676711,-0.00313497317,-1.57502861e-05,-0.890012906,0.000905171941,-6.27761227e-07
18.48,9240,APPROACH,single_red_center-f6430d296e:0001:APPROACH,PREGRASP_ROUTE,-1.80454275,0.952701813,0.043,2.42277681,-1.80031322,0.952892197,0.043296671,2.41806653,-0.00422953355,-0.000190383353,-0.000296670969,0.0047102844,0.00422953355,0.000190383353,0.000296670969,0.0047102844,-0.082298638,-0.00721508237,0,0.0895136938,-0.084742509,-0.00370335295,-7.34640933e-16,0.0887184416,0.00244387099,-0.00351172942,7.34640933e-16,0.000795252203,0.0410818539,-0.0480994493,0,0.0072655639,0.0659980414,-0.101045239,-5.56587322e-14,0.0204884341,0.0784463419,-0.374244066,0.06,1.57093587,0.0800570609,-0.373883742,0.059703329,1.5706455,0,0,2.22938245e-10,0,9.70061487e-09,0,0,0,0.0705676711,0.00741457742,0.00332665177,0.000324072532,0.0705676711,-0.0031371398,-0.000107689498,-0.890012906,0.000906868014,-8.81759587e-08
18.52,9260,APPROACH,single_red_center-f6430d296e:0001:APPROACH,PREGRASP_ROUTE,-1.8078037,0.952378648,0.043,2.4263611,-1.8036629,0.952693668,0.043296671,2.42162697,-0.00414079637,-0.000315019875,-0.000296670969,0.00473413128,0.00414079637,0.000315019875,0.000296670969,0.00473413128,-0.0807949715,-0.00884618159,0,0.0896495819,-0.0828816966,-0.00602568462,-5.8689458e-16,0.0892327861,0.00208672508,-0.00282049697,5.8689458e-16,0.000416795779,0.0341566619,-0.0335708685,0,-0.000410417138,0.0562018654,-0.0822230114,-5.68687046e-14,0.0121484995,0.0771767558,-0.374540286,0.06,1.57093605,0.0787743691,-0.374175989,0.059703329,1.57065773,0,0,7.56395972e-10,0,4.91888866e-09,0,0,0,0.0705676711,0.00741457742,0.00332665177,0.000324072532,0.0705676711,-0.00316301625,-0.000169293266,-0.890012906,0.000903829558,-3.79562987e-07
18.56,9280,APPROACH,single_red_center-f6430d296e:0001:APPROACH,PREGRASP_ROUTE,-1.81100995,0.952001681,0.043,2.42994478,-1.80694415,0.952412931,0.043296671,2.42520209,-0.00406579923,-0.000411249771,-0.000296670969,0.00474268765,0.00406579923,0.000411249771,0.000296670969,0.00474268765,-0.079561798,-0.00990975408,0,0.0894856006,-0.0813064368,-0.00783294831,-4.32507942e-16,0.089463378,0.00174463871,-0.00207680577,4.32507942e-16,2.22226605e-05,0.0275560727,-0.0197207665,0,-0.00772913153,0.0462688632,-0.0619794132,2.55304185e-13,0.00316984379,0.0759184116,-0.374835065,0.06,1.57093651,0.0775038372,-0.374469323,0.059703329,1.57067087,0,0,8.0332883e-10,0,-1.28701161e-09,0,0,0,0.0705676711,0.00741457742,0.00332665177,0.000324072532,0.0705676711,-0.0031895464,-0.000199797697,-0.890012906,0.00089734644,-4.02304529e-07
18.6,9300,APPROACH,single_red_center-f6430d296e:0001:APPROACH,PREGRASP_ROUTE,-1.81417208,0.951593073,0.043,2.43351614,-1.81016823,0.952071139,0.043296671,2.42878032,-0.00400384702,-0.000478065691,-0.000296670969,0.0047358231,0.00400384702,0.000478065691,0.000296670969,0.0047358231,-0.0785862327,-0.0104327333,0,0.0890359333,-0.0800065363,-0.00910395734,-7.32980862e-16,0.0894025957,0.00142030354,-0.00132877599,7.32980862e-16,-0.000366662469,0.021275135,-0.00653887872,0,-0.014695944,0.0367487846,-0.0415422517,-5.56587322e-14,-0.00578052496,0.074670701,-0.375126426,0.06,1.57093714,0.076244407,-0.374761962,0.059703329,1.57068323,0,0,7.30053296e-10,0,-2.62540923e-09,0,0,0,0.0705676711,0.00741457742,0.00332665177,0.000324072532,0.0705676711,-0.00321184578,-0.000201712717,-0.890012906,0.000887998224,-3.65127539e-07
18.64,9320,APPROACH,single_red_center-f6430d296e:0001:APPROACH,PREGRASP_ROUTE,-1.81730012,0.951173916,0.043,2.43706403,-1.81334579,0.951689745,0.043296671,2.43235008,-0.00395432644,-0.000515829727,-0.000296670969,0.00471394853,0.00395432644,0.000515829727,0.000296670969,0.00471394853,-0.077855591,-0.0104416376,0,0.0883145459,-0.0789651947,-0.00984120978,-5.80254295e-16,0.0890563081,0.00110960368,-0.0006004278,5.80254295e-16,-0.000741762156,0.0153087848,0.00598529412,0,-0.0213163424,0.0277279619,-0.0215286203,-5.68687046e-14,-0.0144483779,0.0734330732,-0.375412481,0.06,1.57093783,0.0749953146,-0.375052023,0.059703329,1.57069404,0,0,6.51315208e-10,0,-1.86144379e-09,0,0,0,0.0705676711,0.00741457742,0.00332665177,0.000324072532,0.0705676711,-0.00323373449,-0.000179238352,-0.890012906,0.000876084617,-3.25693199e-07
18.68,9340,APPROACH,single_red_center-f6430d296e:0001:APPROACH,PREGRASP_ROUTE,-1.82040362,0.950764247,0.043,2.44057787,-1.81648686,0.951289811,0.043296671,2.43590019,-0.0039167663,-0.000525563834,-0.000296670969,0.00467767255,0.0039167663,0.000525563834,0.000296670969,0.00467767255,-0.0773573929,-0.00996256058,0,0.0873351828,-0.0781674309,-0.0100599587,-4.291878e-16,0.0884353929,0.000810038043,9.73981428e-05,4.291878e-16,-0.00110021014,0.00965185014,0.0178624758,0,-0.0275959319,0.0191590647,-0.00226596635,2.55304185e-13,-0.0227443955,0.0722050322,-0.375691442,0.06,1.57093849,0.0737560059,-0.37533762,0.059703329,1.57070315,0,0,6.09698487e-10,0,-6.85986645e-10,0,0,0,0.0705676711,0.00741457742,0.00332665177,0.000324072532,0.0705676711,-0.00326031713,-0.000136343582,-0.890012906,0.00086179291,-3.04953293e-07
18.72,9360,APPROACH,single_red_center-f6430d296e:0001:APPROACH,PREGRASP_ROUTE,-1.82349165,0.950383072,0.043,2.44404759,-1.81960091,0.950891632,0.043296671,2.43941992,-0.0038907362,-0.000508560773,-0.000296670969,0.00462767152,0.0038907362,0.000508560773,0.000296670969,0.00462767152,-0.0770793675,-0.00902116285,0,0.0861113618,-0.0776011571,-0.00978203795,-7.0641972e-16,0.0875524381,0.000521789633,0.000760875101,7.0641972e-16,-0.00144107638,0.00429905595,0.0291036042,0,-0.0335404303,0.0109910795,0.0160995896,-5.56587322e-14,-0.0306394666,0.0709861346,-0.375961609,0.06,1.57093902,0.0725260379,-0.375616922,0.059703329,1.57071064,0,0,6.0388255e-10,0,1.60941298e-10,0,0,0,0.0705676711,0.00741457742,0.00332665177,0.000324072532,0.0705676711,-0.00329470929,-7.57846601e-05,-0.890012906,0.000845272108,-3.02058435e-07
18.76,9380,APPROACH,single_red_center-f6430d296e:0001:APPROACH,PREGRASP_ROUTE,-1.82657275,0.950048375,0.043,2.4474637,-1.82269698,0.950514565,0.043296671,2.44289906,-0.00387576499,-0.000466190028,-0.000296670969,0.00456464184,0.00387576499,0.000466190028,0.000296670969,0.00456464184,-0.0770094568,-0.00764266329,0,0.0846563698,-0.0772558275,-0.00903201951,-5.55353224e-16,0.0864204885,0.000246370652,0.00138935622,5.55353224e-16,-0.0017641187,-0.000754970988,0.0397198215,0,-0.039155662,0.00321617828,0.0334946587,-5.80786771e-14,-0.0381187716,0.0697759864,-0.376221379,0.06,1.57093933,0.0713050169,-0.375888181,0.059703329,1.57071664,0,0,6.16217789e-10,0,4.97188337e-10,0,0,0,0.0705676711,0.00741457742,0.00332665177,0.000324072532,0.0705676711,-0.00333764019,7.31622329e-07,-0.890012906,0.000826665065,-3.08135693e-07
18.8,9400,APPROACH,single_red_center-f6430d296e:0001:APPROACH,PREGRASP_ROUTE,-1.82965502,0.949777144,0.043,2.45081721,-1.8257837,0.950176962,0.043296671,2.44632792,-0.00387131902,-0.00039981791,-0.000296670969,0.0044892823,0.00387131902,0.00039981791,0.000296670969,0.0044892823,-0.0771358197,-0.00585183124,0,0.0829832587,-0.077121041,-0.00783521132,-4.059468e-16,0.0850526973,-1.47786613e-05,0.00198338007,4.059468e-16,-0.00206943859,-0.005515697,0.0497224632,0,-0.044447553,-0.00415014905,0.0498942781,2.55304185e-13,-0.0451780999,0.0685742404,-0.376469234,0.06,1.57093933,0.070092575,-0.376149746,0.059703329,1.57072119,0,0,6.30984265e-10,0,4.83830354e-10,0,0,0,0.0705676711,0.00741457742,0.00332665177,0.000324072532,0.0705676711,-0.00338839885,9.21729126e-05,-0.890012906,0.000806107284,-3.15435692e-07
18.84,9420,APPROACH,single_red_center-f6430d296e:0001:APPROACH,PREGRASP_ROUTE,-1.83274607,0.949585384,0.043,2.45409964,-1.82886925,0.949896165,0.043296671,2.44969736,-0.00387682088,-0.000310780733,-0.000296670969,0.00440228234,0.00387682088,0.000310780733,0.000296670969,0.00440228234,-0.0774468353,-0.00367297897,0,0.0811048416,-0.0771859313,-0.00621673802,-6.88158934e-16,0.0834621747,-0.000260903999,0.00254375905,6.88158934e-16,-0.00235733311,-0.00998867659,0.0591230484,0,-0.0494221253,-0.0111008475,0.0653293759,-5.56587322e-14,-0.0518315413,0.0673805936,-0.376703748,0.06,1.57093895,0.0688883705,-0.376400062,0.059703329,1.57072427,0,0,6.3949091e-10,0,3.26326044e-10,0,0,0,0.0705676711,0.00741457742,0.00332665177,0.000324072532,0.0705676711,-0.00344585077,0.000197878424,-0.890012906,0.000783716791,-3.19659029e-07
18.88,9440,APPROACH,single_red_center-f6430d296e:0001:APPROACH,PREGRASP_ROUTE,-1.83585307,0.949488136,0.043,2.45730304,-1.83196139,0.949688522,0.043296671,2.45299872,-0.0038916772,-0.000200386263,-0.000296670969,0.00430432065,0.0038916772,0.000200386263,0.000296670969,0.00430432065,-0.0779311069,-0.0011299545,0,0.0790336887,-0.0774391899,-0.00420110986,-5.38752511e-16,0.0816617737,-0.000491916995,0.00307115535,5.38752511e-16,-0.002628085,-0.0141795474,0.0679332687,0,-0.0540854916,-0.0176291147,0.0798211276,-5.80786771e-14,-0.0580860601,0.0661947845,-0.376923579,0.06,1.57093811,0.0676920961,-0.376637665,0.059703329,1.57072585,0,0,6.39722874e-10,0,1.5760747e-10,0,0,0,0.0705676711,0.00741457742,0.00332665177,0.000324072532,0.0705676711,-0.00350896897,0.000317131513,-0.890012906,0.000759615954,-3.19838409e-07
18.92,9460,APPROACH,single_red_center-f6430d296e:0001:APPROACH,PREGRASP_ROUTE,-1.83898303,0.949498593,0.043,2.46042137,-1.83506742,0.94956937,0.043296671,2.45622399,-0.00391560885,-7.07771262e-05,-0.000296670969,0.00419738345,0.00391560885,7.07771262e-05,0.000296670969,0.00419738345,-0.0785791105,0.00163112649,0,0.076923368,-0.0778688526,-0.00181964896,-3.8104573e-16,0.0796765002,-0.000710257897,0.00345077545,3.8104573e-16,-0.00275313216,-0.0151574936,0.0650304391,0,-0.0495424904,-0.0233236468,0.0917108502,2.55304185e-13,-0.0623433729,0.0650163331,-0.377127603,0.06,1.57093694,0.0665034766,-0.376861185,0.059703329,1.57072594,0,0,6.73737085e-10,0,1.20484664e-09,0,0,0,0.0705676711,0.00741457742,0.00332665177,0.000324072532,0.0705676711,-0.00358322178,0.000440091151,-0.890012906,0.000735638453,-3.37804087e-07
18.96,9480,APPROACH,single_red_center-f6430d296e:0001:APPROACH,PREGRASP_ROUTE,-1.84213663,0.949612623,0.043,2.46346021,-1.83819311,0.94954943,0.043296671,2.45936857,-0.00394352138,6.31929527e-05,-0.000296670969,0.00409164176,0.00394352138,6.31929527e-05,0.000296670969,0.00409164176,-0.0790597973,0.00399163896,0,0.0750555667,-0.0783911514,0.000684133128,-6.61597792e-16,0.0776650691,-0.000668645943,0.00330750583,6.61597792e-16,-0.00260950244,-0.00892666477,0.0530907287,0,-0.0438928302,-0.0233709369,0.0891288785,-5.68687046e-14,-0.0602155321,0.0638444593,-0.377316455,0.06,1.57093621,0.0653221058,-0.377069727,0.059703329,1.57072489,0,0,4.69476062e-10,0,-9.86607983e-09,0,0,0,0.0705676711,0.00741457742,0.00332665177,0.000324072532,0.0705676711,-0.00364063331,0.000518765127,-0.890012906,0.0007176007,-2.33483172e-07
19,9500,APPROACH,single_red_center-f6430d296e:0001:APPROACH,PREGRASP_ROUTE,-1.84530456,0.949811683,0.043,2.46642878,-1.84133881,0.949626015,0.043296671,2.46243504,-0.00396575808,0.000185667489,-0.000296670969,0.00399374858,0.00396575808,0.000185667489,0.000296670969,0.00399374858,-0.0792974688,0.00588648734,0,0.0734081044,-0.078850221,0.00298092779,-4.97250726e-16,0.0757795347,-0.00044724778,0.00290555955,4.97250726e-16,-0.00237143031,-0.00300559762,0.041745055,0,-0.0385244985,-0.0188768305,0.0780351532,2.56514157e-13,-0.0551840375,0.0626799043,-0.377491932,0.06,1.5709359,0.0641475571,-0.377263725,0.059703329,1.57072225,0,0,5.8926215e-10,0,3.0604006e-07,0,0,0,0.0705676711,0.00741457742,0.00332665177,0.000324072532,0.0705676711,-0.00363858625,0.000575492614,-0.890012906,0.000703643586,2.82582581e-08
19.04,9520,APPROACH,single_red_center-f6430d296e:0001:APPROACH,PREGRASP_ROUTE,-1.84847735,0.950077618,0.043,2.46933568,-1.84449967,0.949787526,0.043296671,2.4654298,-0.00397768099,0.00029009245,-0.000296670969,0.00390587818,0.00397768099,0.00029009245,0.000296670969,0.00390587818,-0.0793043957,0.00733920147,0,0.0719698387,-0.079145753,0.00493512696,-3.72745373e-16,0.0740758047,-0.00015864262,0.00240407452,3.72745373e-16,-0.00210596593,0.00261168467,0.0309818585,0,-0.0334319699,-0.0120672988,0.0639146732,2.54094212e-13,-0.0492199788,0.0615235042,-0.37765578,0.06,1.57093595,0.0629799578,-0.377444391,0.059703329,1.57071766,0,0,-4.08386914e-11,0,-1.2635315e-07,0,0,0,0.0705676711,0.00741457742,0.00332665177,0.000324072532,0.0705676711,-0.0035836409,0.000622236826,-0.890012906,0.000692429289,1.63694435e-08
19.08,9540,APPROACH,single_red_center-f6430d296e:0001:APPROACH,PREGRASP_ROUTE,-1.851646,0.950393208,0.043,2.47218904,-1.847668,0.950019186,0.043296671,2.46836053,-0.00397799811,0.000374022426,-0.000296670969,0.0038285102,0.00397799811,0.000374022426,0.000296670969,0.0038285102,-0.0790926081,0.00837284609,0,0.0707298495,-0.0792297978,0.00650428984,-6.56617578e-16,0.0725689486,0.000137189728,0.00186855625,6.56617578e-16,-0.00183909906,0.00793123011,0.0207894426,0,-0.0286096539,-0.00441003312,0.0489802181,-5.68687046e-14,-0.0430984476,0.0603760352,-0.377809667,0.06,1.57093625,0.0618200022,-0.377613156,0.059703329,1.57071171,0,0,1.3195857e-10,0,-1.12001888e-07,0,0,0,0.0705676711,0.00741457742,0.00332665177,0.000324072532,0.0705676711,-0.00349821871,0.000657262149,-0.890012906,0.000683344979,-1.27418296e-07
19.12,9560,APPROACH,single_red_center-f6430d296e:0001:APPROACH,PREGRASP_ROUTE,-1.85480201,0.950742143,0.043,2.47499659,-1.850835,0.950305369,0.043296671,2.47123512,-0.00396700502,0.000436774067,-0.000296670969,0.00376147081,0.00396700502,0.000436774067,0.000296670969,0.00376147081,-0.078673893,0.00901001551,0,0.0696774415,-0.0790901246,0.00768105512,-5.07211154e-16,0.0712581642,0.000416231593,0.00132896039,5.07211154e-16,-0.00158072268,0.0129591525,0.0111559835,0,-0.0240518993,0.00324343145,0.0341144084,-5.80786771e-14,-0.0371278004,0.0592382167,-0.377955184,0.06,1.57093673,0.060668653,-0.377771497,0.059703329,1.57070549,0,0,-1.53424549e-10,0,-1.78904073e-07,0,0,0,0.0705676711,0.00741457742,0.00332665177,0.000324072532,0.0705676711,-0.00340135347,0.000676835384,-0.890012906,0.000676070158,5.8555482e-08
19.16,9580,APPROACH,single_red_center-f6430d296e:0001:APPROACH,PREGRASP_ROUTE,-1.85793732,0.951109008,0.043,2.47776562,-1.85399182,0.950630477,0.043296671,2.47406128,-0.00394549679,0.000478531069,-0.000296670969,0.00370434359,0.00394549679,0.000478531069,0.000296670969,0.00370434359,-0.0780597917,0.00927282874,0,0.0688021466,-0.0787338817,0.0084715107,-7.82783003e-16,0.0701365106,0.00067409002,0.00080131804,7.82783003e-16,-0.00133436393,0.0177016263,0.00206954081,0,-0.0197529991,0.0105069501,0.0196816517,-5.56587322e-14,-0.0314206949,0.0581107132,-0.378093852,0.06,1.57093731,0.0595268709,-0.377920896,0.059703329,1.57069993,0,0,1.99478681e-10,0,4.61563384e-08,0,0,0,0.0705676711,0.00741457742,0.00332665177,0.000324072532,0.0705676711,-0.00330271756,0.000679367584,-0.890012906,0.000670420165,-2.47473121e-07
19.2,9600,APPROACH,single_red_center-f6430d296e:0001:APPROACH,PREGRASP_ROUTE,-1.86104435,0.951479264,0.043,2.48050301,-1.8571301,0.9509793,0.043296671,2.47684638,-0.00391425779,0.000499964559,-0.000296670969,0.00365662984,0.00391425779,0.000499964559,0.000296670969,0.00365662984,-0.0772615972,0.00918292508,0,0.068093726,-0.0781753544,0.00888801379,-6.33376579e-16,0.0691948316,0.000913757196,0.000294911296,6.33376579e-16,-0.00110110562,0.0221648807,-0.00648193221,0,-0.0157071959,0.0172742553,0.00587103471,-5.68687046e-14,-0.0260116466,0.0569941371,-0.378227117,0.06,1.57093792,0.0583954829,-0.378062827,0.059703329,1.57069558,0,0,-8.92158606e-11,0,-1.03009966e-07,0,0,0,0.0705676711,0.00741457742,0.00332665177,0.000324072532,0.0705676711,-0.00320443881,0.000665608714,-0.890012906,0.000666271058,-5.13975344e-09
19.24,9620,APPROACH,single_red_center-f6430d296e:0001:APPROACH,PREGRASP_ROUTE,-1.86411596,0.951839228,0.043,2.48321523,-1.86024204,0.951337207,0.043296671,2.47959742,-0.0038739249,0.000502021248,-0.000296670969,0.00361780834,0.0038739249,0.000502021248,0.000296670969,0.00361780834,-0.0762903525,0.00876146001,0,0.0675421721,-0.0774292626,0.008946763,-4.85630227e-16,0.0684233553,0.00113891003,-0.000185302993,4.85630227e-16,-0.00088118324,0.0263551951,-0.0145105785,0,-0.0119086862,0.0235667548,-0.00720727115,-5.80786771e-14,-0.0209132954,0.0558890506,-0.378356352,0.06,1.57093849,0.0572751654,-0.378198735,0.059703329,1.57069259,0,0,4.47021647e-10,0,6.40068352e-08,0,0,0,0.0705676711,0.00741457742,0.00332665177,0.000324072532,0.0705676711,-0.00310506748,0.0006374147,-0.890012906,0.000663516577,-3.90004005e-07
19.28,9640,APPROACH,single_red_center-f6430d296e:0001:APPROACH,PREGRASP_ROUTE,-1.86714545,0.952176052,0.043,2.48590835,-1.86332043,0.951690272,0.043296671,2.482321,-0.00382501918,0.000485780101,-0.000296670969,0.00358735639,0.00382501918,0.000485780101,0.000296670969,0.00358735639,-0.0751568486,0.00802910157,0,0.0671377102,-0.0765084552,0.008666412,-3.62784945e-16,0.0678121967,0.00135160658,-0.000637310432,3.62784945e-16,-0.000674486553,0.0302788932,-0.0220286268,0,-0.00835162563,0.0294394521,-0.0195024738,-5.92886495e-14,-0.0161268646,0.0547959682,-0.37848286,0.06,1.57093896,0.0561664805,-0.37833002,0.059703329,1.57069084,0,0,1.28212405e-10,0,-1.04838729e-07,0,0,0,0.0705676711,0.00741457742,0.00332665177,0.000324072532,0.0705676711,-0.00300257785,0.000596677413,-0.890012906,0.0006620601,-1.216378e-07
19.32,9660,APPROACH,single_red_center-f6430d296e:0001:APPROACH,PREGRASP_ROUTE,-1.87012651,0.952477697,0.043,2.48858808,-1.86635851,0.952025345,0.043296671,2.48502333,-0.00376800616,0.000452352485,-0.000296670969,0.00356475763,0.00376800616,0.000452352485,0.000296670969,0.00356475763,-0.0738715983,0.00700598084,0,0.0668708221,-0.0754239036,0.00806683171,-2.26659092e-16,0.0673515689,0.00155230527,-0.00106085087,2.26659092e-16,-0.000480746828,0.0339422947,-0.0290482985,0,-0.00503017303,0.0349521786,-0.0310452769,2.5288424e-13,-0.0116480291,0.0537153608,-0.378607876,0.06,1.57093927,0.0550699187,-0.378458021,0.059703329,1.57069016,0,0,9.45478223e-11,0,1.30383919e-07,0,0,0,0.0705676711,0.00741457742,0.00332665177,0.000324072532,0.0705676711,-0.00289564269,0.000544744478,-0.890012906,0.000661809115,2.46589626e-07
19.36,9680,APPROACH,single_red_center-f6430d296e:0001:APPROACH,PREGRASP_ROUTE,-1.87305328,0.952732903,0.043,2.49125973,-1.86934994,0.952330083,0.043296671,2.48771022,-0.00370333362,0.000402819638,-0.000296670969,0.00354950879,0.00370333362,0.000402819638,0.000296670969,0.00354950879,-0.0724448332,0.00571168482,0,0.0667322493,-0.0741855101,0.00716810877,-5.12191369e-16,0.0670318953,0.00174067698,-0.00145642395,5.12191369e-16,-0.000299646026,0.0373516948,-0.0355817696,0,-0.00193850841,0.0401992208,-0.0419963438,-5.80786771e-14,-0.00746432507,0.0526476592,-0.378732561,0.06,1.57093936,0.053985927,-0.378584005,0.059703329,1.57069036,0,0,5.88939099e-11,0,-3.32042256e-08,0,0,0,0.0705676711,0.00741457742,0.00332665177,0.000324072532,0.0705676711,-0.00278358561,0.000482193749,-0.890012906,0.000662678354,-1.02599107e-07
19.4,9700,APPROACH,single_red_center-f6430d296e:0001:APPROACH,PREGRASP_ROUTE,-1.87592031,0.952931234,0.043,2.49392825,-1.87228879,0.952592951,0.043296671,2.49038713,-0.00363152134,0.000338283689,-0.000296670969,0.00354112352,0.00363152134,0.000338283689,0.000296670969,0.00354112352,-0.0708866681,0.00416557308,0,0.0667128434,-0.0728030602,0.00599047963,-8.34245216e-16,0.0668438345,0.00191639206,-0.00182490655,8.34245216e-16,-0.000130991111,0.0405136742,-0.0416417619,0,0.000929446493,0.0451163138,-0.0522451459,-3.69041594e-13,-0.00355691188,0.0515932393,-0.378858013,0.06,1.57093918,0.0529149189,-0.378709169,0.059703329,1.57069129,0,0,1.54993276e-10,0,1.44985126e-07,0,0,0,0.0705676711,0.00741457742,0.00332665177,0.000324072532,0.0705676711,-0.00266748459,0.000410101577,-0.890012906,0.000664595068,1.59953986e-07
19.44,9720,APPROACH,single_red_center-f6430d296e:0001:APPROACH,PREGRASP_ROUTE,-1.87872255,0.953062996,0.043,2.49659823,-1.87516948,0.952803204,0.043296671,2.49305911,-0.00355306788,0.000259791488,-0.000296670969,0.00353911943,0.00355306788,0.000259791488,0.000296670969,0.00353911943,-0.0692068707,0.00238633453,0,0.0668037756,-0.0712862559,0.00455344346,-6.89819006e-16,0.0667782417,0.00207938518,-0.00216710894,6.89819006e-16,2.55339043e-05,0.0434346822,-0.0472407465,0,0.00357965161,0.0497097872,-0.0618040654,-5.56587322e-14,7.98773008e-05,0.0505524445,-0.378985256,0.06,1.57093868,0.0518572749,-0.378834636,0.059703329,1.57069284,0,0,7.26730076e-10,0,1.20261712e-07,0,0,0,0.0705676711,0.00741457742,0.00332665177,0.000324072532,0.0705676711,-0.00254800736,0.000329133081,-0.890012906,0.000667473362,-5.62632419e-07
19.48,9740,APPROACH,single_red_center-f6430d296e:0001:APPROACH,PREGRASP_ROUTE,-1.88145532,0.953119228,0.043,2.49927391,-1.87798685,0.952950868,0.043296671,2.49573089,-0.00346846951,0.00016836031,-0.000296670969,0.00354302663,0.00346846951,0.00016836031,0.000296670969,0.00354302663,-0.0674149499,0.000392158491,0,0.0669964558,-0.0696447898,0.00287592689,-5.43732725e-16,0.0668262049,0.00222983988,-0.0024837684,5.43732725e-16,0.000170250898,0.0461211865,-0.0523912302,0,0.00601808386,0.0539738647,-0.0706922213,-5.80786771e-14,0.00345260879,0.0495255806,-0.37911525,0.06,1.57093782,0.0508133401,-0.378961463,0.059703329,1.57069491,0,0,3.11065044e-10,0,2.15154896e-07,0,0,0,0.0705676711,0.00741457742,0.00332665177,0.000324072532,0.0705676711,-0.00242576897,0.000239963367,-0.890012906,0.000671229984,-2.13887981e-10
19.52,9760,APPROACH,single_red_center-f6430d296e:0001:APPROACH,PREGRASP_ROUTE,-1.88411652,0.953094003,0.043,2.50195936,-1.8807363,0.953027039,0.043296671,2.49840686,-0.00338021915,6.69643407e-05,-0.000296670969,0.00355250354,0.00338021915,6.69643407e-05,0.000296670969,0.00355250354,-0.0656820834,-0.00160180262,0,0.0672639304,-0.0679070717,0.00100917296,-3.89346087e-16,0.0669815497,0.00222498828,-0.00261097558,3.89346087e-16,0.000282380756,0.0410717989,-0.0459146052,0,0.00508029212,0.0558490927,-0.0749247593,2.55304185e-13,0.00645892086,0.0485124558,-0.379248717,0.06,1.57093684,0.0497834033,-0.379090604,0.059703329,1.57069759,0,0,8.93783492e-11,0,6.08328966e-08,0,0,0,0.0705676711,0.00741457742,0.00332665177,0.000324072532,0.0705676711,-0.00232635931,0.000151924175,-0.890012906,0.000675761927,1.55860146e-07
19.56,9780,APPROACH,single_red_center-f6430d296e:0001:APPROACH,PREGRASP_ROUTE,-1.88671193,0.952995267,0.043,2.50465289,-1.88341633,0.95302823,0.043296671,2.50109031,-0.00329559903,-3.29634048e-05,-0.000296670969,0.00356257507,0.00329559903,3.29634048e-05,0.000296670969,0.00356257507,-0.0641137832,-0.00328279824,0,0.0673853477,-0.0661940409,-0.000837153626,-1.09155628e-15,0.0671768442,0.00208025773,-0.00244564461,1.09155628e-15,0.000208503471,0.0373804797,-0.0382133932,0,0.00103191157,0.0532771936,-0.0707275212,-3.66621649e-13,0.00574654101,0.0475121149,-0.379385096,0.06,1.57093622,0.048767443,-0.379222521,0.059703329,1.57070221,0,0,6.89243164e-11,0,-9.15934089e-09,0,0,0,0.0705676711,0.00741457742,0.00332665177,0.000324072532,0.0705676711,-0.00228234646,7.90095874e-05,-0.890012906,0.000677043755,-1.9413337e-08
19.6,9800,APPROACH,single_red_center-f6430d296e:0001:APPROACH,PREGRASP_ROUTE,-1.88924751,0.952835338,0.043,2.50734809,-1.88603002,0.952958826,0.043296671,2.50378032,-0.00321748437,-0.000123487927,-0.000296670969,0.00356776758,0.00321748437,0.000123487927,0.000296670969,0.00356776758,-0.0626889267,-0.00466458338,0,0.0673495028,-0.0645928692,-0.00251393941,-5.08871226e-16,0.0672998313,0.00190394251,-0.00215064397,5.08871226e-16,4.96715593e-05,0.0338984255,-0.0309516207,0,-0.00278409896,0.0488729736,-0.062868978,-5.80786771e-14,0.00250998674,0.0465242422,-0.379523306,0.06,1.57093592,0.0477649547,-0.379356953,0.059703329,1.57070913,0,0,5.72476795e-10,0,7.42402106e-09,0,0,0,0.0705676711,0.00741457742,0.00332665177,0.000324072532,0.0705676711,-0.00226369486,2.04523601e-05,-0.890012906,0.000675096746,-2.87692779e-07
19.64,9820,APPROACH,single_red_center-f6430d296e:0001:APPROACH,PREGRASP_ROUTE,-1.89172882,0.952625835,0.043,2.51003887,-1.88858256,0.952827071,0.043296671,2.50647277,-0.00314626005,-0.000201236052,-0.000296670969,0.00356610277,0.00314626005,0.000201236052,0.000296670969,0.00356610277,-0.0613992552,-0.00576450378,0,0.0671655696,-0.0631309705,-0.00396024676,-3.82705801e-16,0.0673000919,0.00173171534,-0.00180425702,3.82705801e-16,-0.000134522348,0.0306200661,-0.0241177361,0,-0.00637377847,0.0440281307,-0.053582467,-5.92886495e-14,-0.00159145843,0.0455485705,-0.379662325,0.06,1.57093588,0.0467752639,-0.379493272,0.059703329,1.57071728,0,0,7.48068529e-10,0,2.06538894e-09,0,0,0,0.0705676711,0.00741457742,0.00332665177,0.000324072532,0.0705676711,-0.0022496813,-2.23729408e-05,-0.890012906,0.000671075712,-3.7543274e-07
19.68,9840,APPROACH,single_red_center-f6430d296e:0001:APPROACH,PREGRASP_ROUTE,-1.89416112,0.952377694,0.043,2.51271948,-1.89107957,0.952642733,0.043296671,2.50916236,-0.00308155482,-0.00026503881,-0.000296670969,0.00355711803,0.00308155482,0.00026503881,0.000296670969,0.00355711803,-0.0602367327,-0.00659944301,0,0.0668424798,-0.0618079657,-0.0051541003,-6.56617578e-16,0.0671633941,0.00157123303,-0.00144534271,6.56617578e-16,-0.000320914264,0.0275398289,-0.0177001829,0,-0.00974316876,0.0393247502,-0.0439087208,-5.68687046e-14,-0.0058564098,0.0445848578,-0.379801192,0.06,1.57093605,0.0457977856,-0.37963068,0.059703329,1.57072552,0,0,7.52013679e-10,0,-6.90972088e-10,0,0,0,0.0705676711,0.00741457742,0.00332665177,0.000324072532,0.0705676711,-0.00223238343,-4.99373947e-05,-0.890012906,0.000665536233,-3.76978854e-07
19.72,9860,APPROACH,single_red_center-f6430d296e:0001:APPROACH,PREGRASP_ROUTE,-1.89654934,0.952101183,0.043,2.51538452,-1.89352641,0.952416019,0.043296671,2.5118436,-0.00302293062,-0.000314836188,-0.000296670969,0.00354092594,0.00302293062,0.000314836188,0.000296670969,0.00354092594,-0.0591935462,-0.00718582245,0,0.0663889239,-0.0606143202,-0.00609231569,-5.07211154e-16,0.0668898305,0.00142077404,-0.00109350677,5.07211154e-16,-0.00050090655,0.0246521428,-0.0116874078,0,-0.0128983098,0.0349181748,-0.0343469949,-5.80786771e-14,-0.0100193528,0.0436328853,-0.379939011,0.06,1.57093637,0.0448321113,-0.37976831,0.059703329,1.57073321,0,0,6.94202951e-10,0,-1.2870895e-09,0,0,0,0.0705676711,0.00741457742,0.00332665177,0.000324072532,0.0705676711,-0.00221200441,-6.43362961e-05,-0.890012906,0.000658737851,-3.48006309e-07
19.76,9880,APPROACH,single_red_center-f6430d296e:0001:APPROACH,PREGRASP_ROUTE,-1.89889808,0.951805923,0.043,2.51802896,-1.89592803,0.952157039,0.043296671,2.51451111,-0.00297005056,-0.00035111636,-0.000296670969,0.00351784927,0.00297005056,0.00035111636,0.000296670969,0.00351784927,-0.0582621052,-0.0075396016,0,0.0658133507,-0.0595399219,-0.00678155815,-7.74482646e-16,0.0664847745,0.00127781668,-0.000758043449,7.74482646e-16,-0.000671423801,0.0219514429,-0.00606786989,0,-0.0158452351,0.0307943415,-0.0251382555,2.58934102e-13,-0.0139815625,0.0426924564,-0.380074941,0.06,1.5709368,0.0438779818,-0.379905281,0.059703329,1.57074012,0,0,6.346214e-10,0,-1.01204624e-09,0,0,0,0.0705676711,0.00741457742,0.00332665177,0.000324072532,0.0705676711,-0.00219158403,-6.80390562e-05,-0.890012906,0.000650826292,-3.18149194e-07
19.8,9900,APPROACH,single_red_center-f6430d296e:0001:APPROACH,PREGRASP_ROUTE,-1.90121169,0.951500906,0.043,2.52064807,-1.89828904,0.951875517,0.043296671,2.51715978,-0.00292264549,-0.000374610535,-0.000296670969,0.00348828347,0.00292264549,0.000374610535,0.000296670969,0.00348828347,-0.0574350419,-0.00767627873,0,0.065123968,-0.0585765397,-0.00723361415,-6.26736294e-16,0.0659554432,0.00114149782,-0.000442664584,6.26736294e-16,-0.000831475128,0.0194321739,-0.000830049087,0,-0.0185899673,0.0269151232,-0.0164123934,-5.68687046e-14,-0.0177063056,0.0417633951,-0.380208204,0.06,1.57093729,0.0429352245,-0.38004074,0.059703329,1.57074626,0,0,5.93151718e-10,0,-7.27025875e-10,0,0,0,0.0705676711,0.00741457742,0.00332665177,0.000324072532,0.0705676711,-0.00217373431,-6.30943457e-05,-0.890012906,0.000641905555,-2.97212225e-07
19.84,9920,APPROACH,single_red_center-f6430d296e:0001:APPROACH,PREGRASP_ROUTE,-1.90349418,0.951194514,0.043,2.52323746,-1.90061373,0.951580646,0.043296671,2.51978481,-0.00288044944,-0.000386131417,-0.000296670969,0.00345264335,0.00288044944,0.000386131417,0.000296670969,0.00345264335,-0.0567052102,-0.0076108919,0,0.064328743,-0.0577175132,-0.00746266281,-4.62389227e-16,0.0653096573,0.001012303,-0.00014822909,4.62389227e-16,-0.000980914303,0.0170887951,0.00403754522,0,-0.0211385135,0.0232656736,-0.00824023823,-5.92886495e-14,-0.0211896487,0.0408455446,-0.380338075,0.06,1.5709378,0.0420037018,-0.380173881,0.059703329,1.57075173,0,0,5.66973041e-10,0,-5.87766291e-10,0,0,0,0.0705676711,0.00741457742,0.00332665177,0.000324072532,0.0705676711,-0.00215956985,-5.08587483e-05,-0.890012906,0.000632055041,-2.83934047e-07
19.88,9940,APPROACH,single_red_center-f6430d296e:0001:APPROACH,PREGRASP_ROUTE,-1.9057493,0.950894536,0.043,2.52579305,-1.90290613,0.951281031,0.043296671,2.52238171,-0.00284316736,-0.000386495277,-0.000296670969,0.0034113437,0.00284316736,0.000386495277,0.000296670969,0.0034113437,-0.0560656852,-0.00735802032,0,0.0634354028,-0.0569567335,-0.00748367716,-7.37961076e-16,0.0645552602,0.000891048276,0.000125656839,7.37961076e-16,-0.00111985742,0.0149157837,0.00854636589,0,-0.0234968612,0.0198411368,-0.000628190781,-5.56587322e-14,-0.0244333284,0.0399387662,-0.380463888,0.06,1.57093829,0.041083285,-0.380303956,0.059703329,1.57075661,0,0,5.46859253e-10,0,-6.12875211e-10,0,0,0,0.0705676711,0.00741457742,0.00332665177,0.000324072532,0.0705676711,-0.00214906379,-3.20553481e-05,-0.890012906,0.00062135105,-2.73683614e-07
19.92,9960,APPROACH,single_red_center-f6430d296e:0001:APPROACH,PREGRASP_ROUTE,-1.90798054,0.950608186,0.043,2.52831108,-1.90517007,0.950984681,0.043296671,2.52494628,-0.00281047564,-0.000376494789,-0.000296670969,0.00336479242,0.00281047564,0.000376494789,0.000296670969,0.00336479242,-0.0555097628,-0.00693178597,0,0.0624514358,-0.056288045,-0.00731148878,-5.88554652e-16,0.0636999709,0.000778282162,0.000379702801,5.88554652e-16,-0.00124853507,0.0129076392,0.0127078198,0,-0.0256709736,0.0166454278,0.00643530866,-5.68687046e-14,-0.0274406903,0.0390429375,-0.38058503,0.06,1.57093872,0.0401738484,-0.380430273,0.059703329,1.5707609,0,0,5.26103368e-10,0,-6.71923333e-10,0,0,0,0.0705676711,0.00741457742,0.00332665177,0.000324072532,0.0705676711,-0.00214164466,-7.13981721e-06,-0.890012906,0.000609867877,-2.63136613e-07
19.96,9980,APPROACH,single_red_center-f6430d296e:0001:APPROACH,PREGRASP_ROUTE,-1.91019111,0.950342124,0.043,2.53078805,-1.90740907,0.950699019,0.043296671,2.52747466,-0.00278203769,-0.000356895126,-0.000296670969,0.00331338785,0.00278203769,0.000356895126,0.000296670969,0.00331338785,-0.0550309582,-0.00634585568,0,0.0613840922,-0.0557050802,-0.00696045928,-4.291878e-16,0.0627513393,0.000674122007,0.000614603599,4.291878e-16,-0.00136724713,0.0110588869,0.0165332597,0,-0.0276667857,0.0136818719,0.0129671004,2.55304185e-13,-0.0302168112,0.0381579517,-0.380700938,0.06,1.57093907,0.0392752736,-0.380552195,0.059703329,1.57076461,0,0,5.02083687e-10,0,-6.89090444e-10,0,0,0,0.0705676711,0.00741457742,0.00332665177,0.000324072532,0.0705676711,-0.00213668405,2.34887798e-05,-0.890012906,0.000597676525,-2.5097825e-07
20,10000,APPROACH,single_red_center-f6430d296e:0001:APPROACH,PREGRASP_ROUTE,-1.91238396,0.950102472,0.043,2.53322078,-1.90962644,0.950430908,0.043296671,2.52996327,-0.0027575186,-0.000328435676,-0.000296670969,0.00325751493,0.0027575186,0.000328435676,0.000296670969,0.00325751493,-0.0546230048,-0.00561344339,0,0.0602403856,-0.0552013846,-0.00644442441,-7.0641972e-16,0.0617166973,0.000578379856,0.000830981017,7.0641972e-16,-0.00147631174,0.00936408207,0.0200339764,0,-0.0294902,0.0109495916,0.0189856994,-5.56587322e-14,-0.0327708629,0.0372837161,-0.380811101,0.06,1.57093929,0.0383874539,-0.380669142,0.059703329,1.57076773,0,0,4.74886637e-10,0,-6.47225981e-10,0,0,0,0.0705676711,0.00741457742,0.00332665177,0.000324072532,0.0705676711,-0.00213367836,5.94143866e-05,-0.890012906,0.000584841565,-2.37251053e-07
20.04,10020,APPROACH,single_red_center-f6430d296e:0001:APPROACH,PREGRASP_ROUTE,-1.91456181,0.949894832,0.043,2.53560635,-1.91182522,0.950186665,0.043296671,2.53240881,-0.00273659467,-0.000291832729,-0.000296670969,0.00319754645,0.00273659467,0.000291832729,0.000296670969,0.00319754645,-0.0542798534,-0.00474731281,0,0.0590270941,-0.0547705617,-0.00577671458,-5.55353224e-16,0.0606031313,0.000490708234,0.00102940177,5.55353224e-16,-0.00157603719,0.0078178136,0.0232211908,0,-0.0311470822,0.00844325194,0.0245084453,-5.80786771e-14,-0.0351098697,0.0364201509,-0.380915058,0.06,1.57093937,0.0375102973,-0.380780582,0.059703329,1.57077025,0,0,4.45820724e-10,0,-5.37391881e-10,0,0,0,0.0705676711,0.00741457742,0.00332665177,0.000324072532,0.0705676711,-0.00213230087,0.00010017623,-0.890012906,0.000571427115,-2.22613062e-07
20.08,10040,APPROACH,single_red_center-f6430d296e:0001:APPROACH,PREGRASP_ROUTE,-1.91672714,0.949724305,0.043,2.53794211,-1.91400818,0.949972087,0.043296671,2.53480827,-0.00271895671,-0.000247781684,-0.000296670969,0.00313384441,0.00271895671,0.000247781684,0.000296670969,0.00313384441,-0.0539956705,-0.00375978036,0,0.0577507622,-0.0544063912,-0.00497019465,-4.059468e-16,0.059417464,0.000410720759,0.00121041429,4.059468e-16,-0.00166670178,0.00641470751,0.0261060465,0,-0.0326432578,0.00615739016,0.0295438857,2.55304185e-13,-0.037232985,0.0355671884,-0.381012393,0.06,1.57093928,0.0366437267,-0.380886033,0.059703329,1.57077217,0,0,4.15779291e-10,0,-4.29757248e-10,0,0,0,0.0705676711,0.00741457742,0.00332665177,0.000324072532,0.0705676711,-0.00213234757,0.000145258308,-0.890012906,0.000557502363,-2.07462079e-07
20.12,10060,APPROACH,single_red_center-f6430d296e:0001:APPROACH,PREGRASP_ROUTE,-1.91888218,0.949595508,0.043,2.54022566,-1.91617787,0.949792463,0.043296671,2.5371589,-0.00270431002,-0.000196954947,-0.000296670969,0.00306675725,0.00270431002,0.000196954947,0.000296670969,0.00306675725,-0.0537648365,-0.00266271843,0,0.056417702,-0.0541029198,-0.00403733721,-6.99779434e-16,0.0581663786,0.000338083305,0.00137461878,6.99779434e-16,-0.00174867668,0.00514943071,0.0286996021,0,-0.0339845075,0.00408126499,0.0341134415,-5.56587322e-14,-0.0391541538,0.0347247716,-0.381102736,0.06,1.57093899,0.0357876786,-0.38098506,0.059703329,1.5707735,0,0,3.8602066e-10,0,-3.32874596e-10,0,0,0,0.0705676711,0.00741457742,0.00332665177,0.000324072532,0.0705676711,-0.00213365544,0.00019420123,-0.890012906,0.000543120318,-1.92465367e-07
20.16,10080,APPROACH,single_red_center-f6430d296e:0001:APPROACH,PREGRASP_ROUTE,-1.92102896,0.949512591,0.043,2.54245486,-1.91833659,0.949652592,0.043296671,2.53945824,-0.00269237193,-0.000140001257,-0.000296670969,0.00299662018,0.00269237193,0.000140001257,0.000296670969,0.00299662018,-0.0535819445,-0.0014675589,0,0.0550339954,-0.053854455,-0.00299017073,-5.5037301e-16,0.0568562613,0.000272510548,0.00152261183,5.5037301e-16,-0.00182226589,0.0040166944,0.0310128242,0,-0.035176564,0.00220657092,0.0382335804,-5.80786771e-14,-0.0408813497,0.0338928534,-0.381185759,0.06,1.57093848,0.0349421011,-0.381077274,0.059703329,1.57077424,0,0,3.56550649e-10,0,-2.54081351e-10,0,0,0,0.0705676711,0.00741457742,0.00332665177,0.000324072532,0.0705676711,-0.00213604786,0.000246553428,-0.890012906,0.000528337003,-1.77619289e-07
20.2,10100,APPROACH,single_red_center-f6430d296e:0001:APPROACH,PREGRASP_ROUTE,-1.9231693,0.949479257,0.043,2.54462779,-1.92048643,0.949556803,0.043296671,2.54170403,-0.00268287043,-7.75462142e-05,-0.000296670969,0.00292375699,0.00268287043,7.75462142e-05,0.000296670969,0.00292375699,-0.0534417979,-0.000185296986,0,0.0536054963,-0.0536555436,-0.00184024702,-3.77725587e-16,0.0554932157,0.000213745645,0.00165495003,3.77725587e-16,-0.00188771944,0.00301125752,0.0330565801,0,-0.0362251079,0.000532451322,0.0419024049,2.55304185e-13,-0.0424137251,0.0330713958,-0.381261177,0.06,1.57093774,0.0341069523,-0.381162329,0.059703329,1.5707744,0,0,3.27527398e-10,0,-2.61417674e-10,0,0,0,0.0705676711,0.00741457742,0.00332665177,0.000324072532,0.0705676711,-0.00213932164,0.000301823708,-0.890012906,0.000513214225,-1.63091601e-07
20.24,10120,APPROACH,single_red_center-f6430d296e:0001:APPROACH,PREGRASP_ROUTE,-1.92530512,0.949497933,0.043,2.54674414,-1.92262928,0.949508911,0.043296671,2.54389445,-0.00267584608,-1.09777055e-05,-0.000296670969,0.00284968768,0.00267584608,1.09777055e-05,0.000296670969,0.00284968768,-0.0533415197,0.00109332833,0,0.0522314094,-0.0535009536,-0.000606436238,-6.59937721e-16,0.0540965299,0.00015943391,0.00169976457,6.59937721e-16,-0.00186512053,0.00344364167,0.029801406,0,-0.0330892387,-0.000668634723,0.0438747085,-5.68687046e-14,-0.0425463279,0.0322601088,-0.381328848,0.06,1.57093695,0.0332821848,-0.38123993,0.059703329,1.57077408,0,0,3.05917712e-10,0,-2.32945334e-09,0,0,0,0.0705676711,0.00741457742,0.00332665177,0.000324072532,0.0705676711,-0.00214904907,0.000352350438,-0.890012906,0.000499137701,-1.5241596e-07
20.28,10140,APPROACH,single_red_center-f6430d296e:0001:APPROACH,PREGRASP_ROUTE,-1.92743542,0.949564312,0.043,2.54880751,-1.92476635,0.94951043,0.043296671,2.54602947,-0.00266907478,5.38814279e-05,-0.000296670969,0.00277803669,0.00266907478,5.38814279e-05,0.000296670969,0.00277803669,-0.053158285,0.00219657977,0,0.0509507147,-0.0533571261,0.000608877672,-5.38752511e-16,0.0527315892,0.000198841109,0.0015877021,5.38752511e-16,-0.00178087447,0.00569281863,0.02540917,0,-0.0309679834,2.79348541e-05,0.0410786311,-5.80786771e-14,-0.0408463229,0.0314587025,-0.381389289,0.06,1.5709364,0.0324676252,-0.381310015,0.059703329,1.57077355,0,0,9.83808278e-11,0,-6.59180816e-09,0,0,0,0.0705676711,0.00741457742,0.00332665177,0.000324072532,0.0705676711,-0.00215095672,0.000386375604,-0.890012906,0.000487147445,-4.78395946e-08
20.32,10160,APPROACH,single_red_center-f6430d296e:0001:APPROACH,PREGRASP_ROUTE,-1.92955663,0.949671384,0.043,2.5508213,-1.92689703,0.949558454,0.043296671,2.54811121,-0.00265960051,0.000112930291,-0.000296670969,0.00271009077,0.00265960051,0.000112930291,0.000296670969,0.00271009077,-0.0528881474,0.0031299635,0,0.0497521416,-0.0531772136,0.00171558683,-3.86025944e-16,0.0514324104,0.000289066251,0.00141437667,3.86025944e-16,-0.00168026888,0.00778972943,0.0213061955,0,-0.0289822892,0.00199681328,0.036201067,2.55304185e-13,-0.0386019982,0.0306674097,-0.381443232,0.06,1.57093606,0.0316630635,-0.381372957,0.059703329,1.57077264,0,0,8.14156503e-10,0,6.27801015e-08,0,0,0,0.0705676711,0.00741457742,0.00332665177,0.000324072532,0.0705676711,-0.00213153121,0.00041472627,-0.890012906,0.000476341683,-5.35223245e-07
20.36,10180,APPROACH,single_red_center-f6430d296e:0001:APPROACH,PREGRASP_ROUTE,-1.9316654,0.949812585,0.043,2.55278872,-1.92901922,0.949647878,0.043296671,2.55014255,-0.00264617387,0.000164707201,-0.000296670969,0.00264616154,0.00264617387,0.000164707201,0.000296670969,0.00264616154,-0.0525370909,0.00390484391,0,0.048630366,-0.0529325194,0.00268350848,-7.01439505e-16,0.0502081072,0.000395428485,0.00122133543,7.01439505e-16,-0.0015777412,0.00973967934,0.017482219,0,-0.0271272488,0.00458286675,0.0307275842,-5.56587322e-14,-0.0362459312,0.0298864509,-0.38149137,0.06,1.5709359,0.030868493,-0.381429322,0.059703329,1.57077121,0,0,-3.66214127e-11,0,-1.29726639e-07,0,0,0,0.0705676711,0.00741457742,0.00332665177,0.000324072532,0.0705676711,-0.0020942391,0.000440298776,-0.890012906,0.000466399009,3.39207406e-08
20.4,10200,APPROACH,single_red_center-f6430d296e:0001:APPROACH,PREGRASP_ROUTE,-1.9337586,0.949981795,0.043,2.5547127,-1.93113003,0.949772986,0.043296671,2.55212651,-0.00262857449,0.000208809013,-0.000296670969,0.00258619902,0.00262857449,0.000208809013,0.000296670969,0.00258619902,-0.0521108887,0.00453217713,0,0.0475802593,-0.0526105564,0.00350695545,-5.70293867e-16,0.0490590394,0.000499667678,0.00102522168,5.70293867e-16,-0.00147878007,0.0115479147,0.0139270906,0,-0.0253980091,0.00733839473,0.0252349555,-5.80786771e-14,-0.0339444903,0.029116025,-0.381534351,0.06,1.5709359,0.0300841027,-0.381479722,0.059703329,1.57076946,0,0,4.48005287e-11,0,-1.27505384e-07,0,0,0,0.0705676711,0.00741457742,0.00332665177,0.000324072532,0.0705676711,-0.00204736821,0.000461998813,-0.890012906,0.000457158109,-2.81233398e-08
20.44,10220,APPROACH,single_red_center-f6430d296e:0001:APPROACH,PREGRASP_ROUTE,-1.93583335,0.950173324,0.043,2.55659604,-1.9332263,0.949928044,0.043296671,2.55406602,-0.0026070531,0.000245280182,-0.000296670969,0.00253001718,0.0026070531,0.000245280182,0.000296670969,0.00253001718,-0.0516151054,0.0050225157,0,0.0465968858,-0.0522101148,0.00418884336,-4.20887443e-16,0.0479822223,0.00059500941,0.000833672342,4.20887443e-16,-0.00138533652,0.0132196199,0.0106307802,0,-0.0237897742,0.0100034625,0.0199360009,2.55304185e-13,-0.0317609577,0.028356311,-0.381572784,0.06,1.57093602,0.0293101666,-0.381524761,0.059703329,1.57076777,0,0,-1.37348129e-11,0,-1.45195677e-07,0,0,0,0.0705676711,0.00741457742,0.00332665177,0.000324072532,0.0705676711,-0.0019975241,0.000478444451,-0.890012906,0.000448523249,1.12289235e-08
20.48,10240,APPROACH,single_red_center-f6430d296e:0001:APPROACH,PREGRASP_ROUTE,-1.93788696,0.950381898,0.043,2.5584413,-1.93530498,0.950107508,0.043296671,2.55596391,-0.00258198647,0.000274389611,-0.000296670969,0.00247738543,0.00258198647,0.000274389611,0.000296670969,0.00247738543,-0.0510550992,0.00538601347,0,0.0456755002,-0.0517359175,0.00473511235,-7.28000647e-16,0.0469734713,0.000680818358,0.000650901127,7.28000647e-16,-0.00129797106,0.0147599143,0.00758338305,0,-0.0222978076,0.0124668889,0.0149142859,-5.56587322e-14,-0.0297147704,0.0276074681,-0.381607241,0.06,1.57093623,0.0285469497,-0.381565028,0.059703329,1.57076644,0,0,5.62600111e-10,0,9.65824751e-08,0,0,0,0.0705676711,0.00741457742,0.00332665177,0.000324072532,0.0705676711,-0.00194789494,0.000489169028,-0.890012906,0.000440431911,-4.33943111e-07
20.52,10260,APPROACH,single_red_center-f6430d296e:0001:APPROACH,PREGRASP_ROUTE,-1.93991698,0.950602639,0.043,2.56025086,-1.93736326,0.950306104,0.043296671,2.5578228,-0.00255372211,0.000296535053,-0.000296670969,0.00242806405,0.00255372211,0.000296535053,0.000296670969,0.00242806405,-0.0504360252,0.00563243073,0,0.0448115458,-0.051194619,0.00515309294,-6.05155366e-16,0.0460282637,0.000758593818,0.000479337785,6.05155366e-16,-0.00121671793,0.0161738494,0.00477512538,0,-0.0209174358,0.0147067065,0.0102107965,-5.68687046e-14,-0.027806716,0.0268696376,-0.381638254,0.06,1.57093652,0.0277946656,-0.381601089,0.059703329,1.57076565,0,0,4.25400289e-10,0,-6.3779187e-08,0,0,0,0.0705676711,0.00741457742,0.00332665177,0.000324072532,0.0705676711,-0.00189907217,0.000494539288,-0.890012906,0.000432838691,-2.79629065e-07
20.56,10280,APPROACH,single_red_center-f6430d296e:0001:APPROACH,PREGRASP_ROUTE,-1.94192114,0.950831052,0.043,2.56202695,-1.93939859,0.950518868,0.043296671,2.55964513,-0.00252254307,0.000312184447,-0.000296670969,0.00238181479,0.00252254307,0.000312184447,0.000296670969,0.00238181479,-0.0497628377,0.00577113953,0,0.0440006513,-0.0505926939,0.00545098369,-4.59069084e-16,0.0451421079,0.00082985617,0.000320155848,4.59069084e-16,-0.00114145665,0.0174664059,0.00219636979,0,-0.0196440498,0.0167404174,0.0058462894,-5.92886495e-14,-0.0260386664,0.0261429433,-0.38166632,0.06,1.57093686,0.0270534738,-0.381633486,0.059703329,1.57076541,0,0,-8.39017917e-12,0,-1.1740831e-07,0,0,0,0.0705676711,0.00741457742,0.00332665177,0.000324072532,0.0705676711,-0.00185046724,0.000495287252,-0.890012906,0.000425698021,8.1912432e-09
20.6,10300,APPROACH,single_red_center-f6430d296e:0001:APPROACH,PREGRASP_ROUTE,-1.94389737,0.951063012,0.043,2.56377159,-1.94140868,0.950741179,0.043296671,2.56143318,-0.00248868524,0.00032183286,-0.000296670969,0.00233840646,0.00248868524,0.00032183286,0.000296670969,0.00233840646,-0.0490402934,0.00581112929,0,0.0432386284,-0.0499357454,0.00563750411,-7.36301004e-16,0.0443105954,0.000895451965,0.000173625187,7.36301004e-16,-0.001071967,0.0186424914,-0.000162379648,0,-0.0184731084,0.0185913599,0.00182670166,-5.56587322e-14,-0.0244059777,0.0254274929,-0.381691899,0.06,1.57093723,0.0263234941,-0.381662728,0.059703329,1.57076568,0,0,1.51919013e-10,0,1.82186779e-07,0,0,0,0.0705676711,0.00741457742,0.00332665177,0.000324072532,0.0705676711,-0.00180137147,0.00049213876,-0.890012906,0.000418971499,2.38467544e-07
20.64,10320,APPROACH,single_red_center-f6430d296e:0001:APPROACH,PREGRASP_ROUTE,-1.94584378,0.951294742,0.043,2.56548665,-1.94339142,0.950968768,0.043296671,2.56318904,-0.00245236407,0.000325974046,-0.000296670969,0.00229761734,0.00245236407,0.000325974046,0.000296670969,0.00229761734,-0.0482729541,0.00576101251,0,0.0425214691,-0.0492285945,0.00572153333,-5.8689458e-16,0.04352946,0.000955640359,3.94791827e-05,5.8689458e-16,-0.00100799086,0.0197069375,-0.00231047245,0,-0.0174001401,0.0202789806,-0.00184002917,-5.68687046e-14,-0.0228993481,0.0247233784,-0.38171542,0.06,1.57093761,0.0256048231,-0.381689291,0.059703329,1.57076639,0,0,-1.53605297e-10,0,-9.51179875e-08,0,0,0,0.0705676711,0.00741457742,0.00332665177,0.000324072532,0.0705676711,-0.00175144221,0.000485666697,-0.890012906,0.00041262681,9.42269421e-08
20.68,10340,APPROACH,single_red_center-f6430d296e:0001:APPROACH,PREGRASP_ROUTE,-1.94775868,0.951522804,0.043,2.56717387,-1.94534489,0.951197719,0.043296671,2.56491463,-0.00241379115,0.000325084836,-0.000296670969,0.00225923493,0.00241379115,0.000325084836,0.000296670969,0.00225923493,-0.0474651898,0.00562903073,0,0.0418453429,-0.0484756283,0.00571185001,-4.27527728e-16,0.0427946658,0.00101043853,-8.28192774e-05,4.27527728e-16,-0.000949322901,0.0206644975,-0.00425710698,0,-0.0164207455,0.021808595,-0.00517063061,2.55304185e-13,-0.0215151068,0.0240306775,-0.381737279,0.06,1.57093799,0.0248975431,-0.38171362,0.059703329,1.57076746,0,0,5.08650636e-11,0,-8.75398071e-08,0,0,0,0.0705676711,0.00741457742,0.00332665177,0.000324072532,0.0705676711,-0.0017006797,0.000476255285,-0.890012906,0.000406626959,-2.81179399e-08
20.72,10360,APPROACH,single_red_center-f6430d296e:0001:APPROACH,PREGRASP_ROUTE,-1.94964054,0.951744082,0.043,2.5688348,-1.94726736,0.951424463,0.043296671,2.56661174,-0.00237317759,0.000319619503,-0.000296670969,0.00222305488,0.00237317759,0.000319619503,0.000296670969,0.00222305488,-0.0466211822,0.0054230607,0,0.0412065936,-0.0476810567,0.00561690704,-7.03099577e-16,0.0421023358,0.00105987446,-0.00019384634,7.03099577e-16,-0.000895742201,0.021519844,-0.00601132601,0,-0.0155305993,0.0231883696,-0.00818061287,-5.56587322e-14,-0.0202503453,0.0233494539,-0.38175784,0.06,1.57093834,0.0242017259,-0.381736123,0.059703329,1.57076885,0,0,2.26212557e-10,0,-6.50440418e-08,0,0,0,0.0705676711,0.00741457742,0.00332665177,0.000324072532,0.0705676711,-0.00164925718,0.000464190767,-0.890012906,0.00040093589,-1.39283228e-07
20.76,10380,APPROACH,single_red_center-f6430d296e:0001:APPROACH,PREGRASP_ROUTE,-1.95148797,0.951955767,0.043,2.57047086,-1.94915724,0.951645759,0.043296671,2.56828198,-0.0023307251,0.000310007749,-0.000296670969,0.00218887749,0.0023307251,0.000310007749,0.000296670969,0.00218887749,-0.0457449221,0.00515060892,0,0.0406017428,-0.0468489641,0.00544474221,-5.52033082e-16,0.0414487325,0.00110404205,-0.000294133288,5.52033082e-16,-0.000846989785,0.0222775485,-0.00758197785,0,-0.0147254684,0.0244341874,-0.010907167,-5.80786771e-14,-0.0191080534,0.0226797608,-0.381777438,0.06,1.57093866,0.0235174329,-0.381757178,0.059703329,1.5707705,0,0,3.52580665e-10,0,-2.84421863e-08,0,0,0,0.0705676711,0.00741457742,0.00332665177,0.000324072532,0.0705676711,-0.00159726609,0.000449690016,-0.890012906,0.000395512494,-2.27171015e-07
20.8,10400,APPROACH,single_red_center-f6430d296e:0001:APPROACH,PREGRASP_ROUTE,-1.95329974,0.952155337,0.043,2.57208334,-1.95101312,0.951858682,0.043296671,2.56992683,-0.00228662293,0.000296654756,-0.000296670969,0.00215650987,0.00228662293,0.000296654756,0.000296670969,0.00215650987,-0.0448402167,0.00481882621,0,0.0400274823,-0.0459833135,0.00520297466,-3.95986372e-16,0.0408302848,0.00114309678,-0.000384148454,3.95986372e-16,-0.000802802438,0.0229420855,-0.00897772491,0,-0.0140012082,0.0255756905,-0.01341512,2.55304185e-13,-0.0180954804,0.0220216412,-0.381796378,0.06,1.57093893,0.0228447139,-0.381777131,0.059703329,1.57077239,0,0,4.08304051e-10,0,1.96594971e-08,0,0,0,0.0705676711,0.00741457742,0.00332665177,0.000324072532,0.0705676711,-0.00154464507,0.000432895391,-0.890012906,0.000390312543,-2.78192714e-07
20.84,10420,APPROACH,single_red_center-f6430d296e:0001:APPROACH,PREGRASP_ROUTE,-1.95507483,0.952340563,0.043,2.57367341,-1.95283374,0.952060605,0.043296671,2.57154762,-0.00224108567,0.000279958544,-0.000296670969,0.00212578906,0.00224108567,0.000279958544,0.000296670969,0.00212578906,-0.0439107202,0.00443457028,0,0.0394806425,-0.0450880324,0.00489897843,-6.79858578e-16,0.0402436683,0.00117731217,-0.000464408153,6.79858578e-16,-0.000763025794,0.023517928,-0.0102072221,0,-0.0133536796,0.026588,-0.0156628519,-5.68687046e-14,-0.017182131,0.0213751158,-0.381814939,0.06,1.57093915,0.0221836068,-0.3817963,0.059703329,1.57077448,0,0,3.67764374e-10,0,7.56768123e-08,0,0,0,0.0705676711,0.00741457742,0.00332665177,0.000324072532,0.0705676711,-0.001491953,0.000414142364,-0.890012906,0.000385334334,-2.74849409e-07
20.88,10440,APPROACH,single_red_center-f6430d296e:0001:APPROACH,PREGRASP_ROUTE,-1.95681229,0.952509479,0.043,2.5752421,-1.95461799,0.952249185,0.043296671,2.57314556,-0.00219429787,0.000260293208,-0.000296670969,0.00209654638,0.00219429787,0.000260293208,0.000296670969,0.00209654638,-0.0429598931,0.00400432259,0,0.0389582347,-0.0441668416,0.00453968697,-5.38752511e-16,0.0396856673,0.00120694849,-0.000535364385,5.38752511e-16,-0.000727432638,0.0240094051,-0.0112788489,0,-0.0127788737,0.0274760333,-0.0176629054,-5.80786771e-14,-0.0163636584,0.0207402008,-0.381833372,0.06,1.57093929,0.0215341377,-0.381814973,0.059703329,1.57077675,0,0,2.23854794e-10,0,1.33440587e-07,0,0,0,0.0705676711,0.00741457742,0.00332665177,0.000324072532,0.0705676711,-0.00143929841,0.000393693113,-0.890012906,0.000380549879,1.06789507e-07
20.92,10460,APPROACH,single_red_center-f6430d296e:0001:APPROACH,PREGRASP_ROUTE,-1.95851135,0.952660367,0.043,2.57679034,-1.95636492,0.952422351,0.043296671,2.57472172,-0.00214643438,0.000238015341,-0.000296670969,0.00206862212,0.00214643438,0.000238015341,0.000296670969,0.00206862212,-0.0419910248,0.00353423289,0,0.0384574289,-0.0432232704,0.00413170312,-3.86025944e-16,0.0391532265,0.00123224562,-0.000597470232,3.86025944e-16,-0.000695797609,0.024420755,-0.0122008099,0,-0.0122728649,0.0282483911,-0.0194217627,2.55304185e-13,-0.0156348122,0.0201169026,-0.381851905,0.06,1.57093936,0.0208963211,-0.381833414,0.059703329,1.57077915,0,0,-2.00440079e-11,0,-6.69511544e-08,0,0,0,0.0705676711,0.00741457742,0.00332665177,0.000324072532,0.0705676711,-0.00138678681,0.000371798511,-0.890012906,0.000375934026,2.24747771e-08
20.96,10480,APPROACH,single_red_center-f6430d296e:0001:APPROACH,PREGRASP_ROUTE,-1.96017135,0.952791752,0.043,2.57831894,-1.95807369,0.952578288,0.043296671,2.57627707,-0.00209766174,0.000213464222,-0.000296670969,0.00204186559,0.00209766174,0.000213464222,0.000296670969,0.00204186559,-0.041007237,0.00303012636,0,0.0379755505,-0.0422606577,0.00368132292,-6.61597792e-16,0.0386434591,0.00125342065,-0.000651196561,6.61597792e-16,-0.000667908616,0.0247561239,-0.012981132,0,-0.0118318123,0.028906603,-0.0209529096,-5.68687046e-14,-0.0149898408,0.019505218,-0.381870741,0.06,1.57093934,0.0202701616,-0.38185186,0.059703329,1.57078167,0,0,1.28758358e-10,0,-6.21929711e-08,0,0,0,0.0705676711,0.00741457742,0.00332665177,0.000324072532,0.0705676711,-0.00133453364,0.000348692013,-0.890012906,0.000371463368,-6.67394174e-08
21,10500,APPROACH,single_red_center-f6430d296e:0001:APPROACH,PREGRASP_ROUTE,-1.96179175,0.952902386,0.043,2.5798286,-1.95974361,0.952715425,0.043296671,2.57781246,-0.00204813709,0.000186960391,-0.000296670969,0.00201613357,0.00204813709,0.000186960391,0.000296670969,0.00201613357,-0.0400114874,0.00249751069,0,0.0375100768,-0.0412821879,0.00319449233,-5.10531297e-16,0.0381536424,0.00127070054,-0.000696981643,5.10531297e-16,-0.000643565588,0.0250195642,-0.0136276611,0,-0.0114519615,0.0294585813,-0.022268893,-5.80786771e-14,-0.0144259871,0.0189051347,-0.381890057,0.06,1.57093923,0.019655654,-0.381870522,0.059703329,1.57078427,0,0,3.80940054e-10,0,2.55471461e-08,0,0,0,0.0705676711,0.00741457742,0.00332665177,0.000324072532,0.0705676711,-0.00128261595,0.000324588117,-0.890012906,0.000367113326,-2.52970248e-07
21.04,10520,APPROACH,single_red_center-f6430d296e:0001:APPROACH,PREGRASP_ROUTE,-1.96337213,0.952991232,0.043,2.58131992,-1.96137412,0.952832424,0.043296671,2.57932863,-0.00199800907,0.000158807358,-0.000296670969,0.00199129098,0.00199800907,0.000158807358,0.000296670969,0.00199129098,-0.0390065735,0.00194158344,0,0.0370586335,-0.0402908667,0.00267683715,-7.84443074e-16,0.0376811929,0.0012842932,-0.000735253708,7.84443074e-16,-0.00062255939,0.0252150333,-0.0141480598,0,-0.011129645,0.0299097387,-0.0233803637,-5.56587322e-14,-0.0139387802,0.0183166323,-0.381910013,0.06,1.57093902,0.0190527844,-0.38188959,0.059703329,1.57078694,0,0,5.89862122e-11,0,-5.63884182e-08,0,0,0,0.0705676711,0.00741457742,0.00332665177,0.000324072532,0.0705676711,-0.00123111165,0.000299697532,-0.890012906,0.00036286244,-2.34538942e-08
21.08,10540,APPROACH,single_red_center-f6430d296e:0001:APPROACH,PREGRASP_ROUTE,-1.96491217,0.953057457,0.043,2.58279344,-1.96296475,0.952928164,0.043296671,2.58082622,-0.00194741905,0.000129292664,-0.000296670969,0.00196721116,0.00194741905,0.000129292664,0.000296670969,0.00196721116,-0.0379951365,0.00136723939,0,0.0366189913,-0.0392895098,0.00213366845,-6.28396365e-16,0.0372236649,0.00129437332,-0.00076642906,6.28396365e-16,-0.00060467363,0.0253463923,-0.014549805,0,-0.0108612846,0.0302602505,-0.024285805,-5.68687046e-14,-0.0135212469,0.0177396826,-0.381930745,0.06,1.57093872,0.0184615303,-0.38190923,0.059703329,1.57078964,0,0,3.82670353e-10,0,2.37492055e-08,0,0,0,0.0705676711,0.00741457742,0.00332665177,0.000324072532,0.0705676711,-0.00118014702,0.00027424398,-0.890012906,0.000358693394,-2.49581944e-07
21.12,10560,APPROACH,single_red_center-f6430d296e:0001:APPROACH,PREGRASP_ROUTE,-1.96641167,0.953100417,0.043,2.58424956,-1.96451517,0.953001731,0.043296671,2.58230579,-0.00189650069,9.86863535e-05,-0.000296670969,0.00194377504,0.00189650069,9.86863535e-05,0.000296670969,0.00194377504,-0.036979665,0.00077907802,0,0.036189062,-0.0382808205,0.00157002975,-4.74009727e-16,0.0367787964,0.00130115547,-0.00079095173,4.74009727e-16,-0.000589734437,0.0254174049,-0.0148401851,0,-0.0106433912,0.0305189036,-0.025006288,-5.80786771e-14,-0.0131710798,0.0171742499,-0.381952371,0.06,1.57093831,0.0178818621,-0.381929588,0.059703329,1.57079235,0,0,9.21215945e-11,0,-5.22387372e-08,0,0,0,0.0705676711,0.00741457742,0.00332665177,0.000324072532,0.0705676711,-0.00112978579,0.000248373862,-0.890012906,0.000354585513,-4.14930231e-08
21.16,10580,APPROACH,single_red_center-f6430d296e:0001:APPROACH,PREGRASP_ROUTE,-1.96787051,0.953119647,0.043,2.58568866,-1.96602513,0.953052406,0.043296671,2.58376779,-0.00184537929,6.72418942e-05,-0.000296670969,0.0019208706,0.00184537929,6.72418942e-05,0.000296670969,0.0019208706,-0.0359624991,0.000181411089,0,0.0357668954,-0.0372673392,0.000990627741,-7.47921504e-16,0.0363444479,0.00130484007,-0.000809216652,7.47921504e-16,-0.000577552599,0.0254317361,-0.0150262988,0,-0.0104725666,0.0306912377,-0.0255548916,-5.56587322e-14,-0.0128847731,0.0166202918,-0.381974989,0.06,1.5709378,0.0173137425,-0.381950789,0.059703329,1.57079506,0,0,1.83615043e-10,0,1.15214717e-07,0,0,0,0.0705676711,0.00741457742,0.00332665177,0.000324072532,0.0705676711,-0.00108008669,0.000222251682,-0.890012906,0.00035052072,6.91269151e-08
21.2,10600,APPROACH,single_red_center-f6430d296e:0001:APPROACH,PREGRASP_ROUTE,-1.96928992,0.953117,0.043,2.58711014,-1.96749462,0.953079933,0.043296671,2.58521252,-0.00179530061,3.70671816e-05,-0.000296670969,0.00189762374,0.00179530061,3.70671816e-05,0.000296670969,0.00189762374,-0.0350364241,-0.000266022845,0,0.0352889801,-0.0362644438,0.000428100546,-6.1013558e-16,0.035910304,0.00122801967,-0.000694123391,6.1013558e-16,-0.000621323856,0.0219666221,-0.00916118093,0,-0.0127522616,0.029352394,-0.0227466099,-5.68687046e-14,-0.0134948239,0.0160776454,-0.381998474,0.06,1.57093722,0.0167571261,-0.381972911,0.059703329,1.57079783,0,0,8.63114069e-11,0,4.22547057e-09,0,0,0,0.0705676711,0.00741457742,0.00332665177,0.000324072532,0.0705676711,-0.00104319837,0.000205743159,-0.890012906,0.000345607198,-3.39251129e-08
21.24,10620,APPROACH,single_red_center-f6430d296e:0001:APPROACH,PREGRASP_ROUTE,-1.97067395,0.953099297,0.043,2.58851138,-1.96892515,0.953087089,0.043296671,2.58663918,-0.00174879799,1.2207693e-05,-0.000296670969,0.00187220104,0.00174879799,1.2207693e-05,0.000296670969,0.00187220104,-0.0341691439,-0.000612420992,0,0.0347701244,-0.0353192581,-3.2386276e-05,-4.64049299e-16,0.0354398323,0.00115011418,-0.000580034716,4.64049299e-16,-0.00066970796,0.0214026508,-0.00817055484,0,-0.0131839047,0.027374914,-0.0192488804,-5.92886495e-14,-0.014694172,0.0155459198,-0.38202222,0.06,1.57093673,0.0162119004,-0.381995738,0.059703329,1.57080112,0,0,4.00543875e-10,0,2.73943912e-09,0,0,0,0.0705676711,0.00741457742,0.00332665177,0.000324072532,0.0705676711,-0.00102345723,0.000191064209,-0.890012906,0.000339733068,-2.02168803e-07
21.28,10640,APPROACH,single_red_center-f6430d296e:0001:APPROACH,PREGRASP_ROUTE,-1.97202374,0.953068513,0.043,2.58989153,-1.970319,0.953077437,0.043296671,2.58804631,-0.0017047331,-8.92409902e-06,-0.000296670969,0.0018452224,0.0017047331,8.92409902e-06,0.000296670969,0.0018452224,-0.0333238186,-0.000920561407,0,0.0342347729,-0.0344252016,-0.000421165336,-7.39621147e-16,0.0349372355,0.00110138302,-0.000499396071,7.39621147e-16,-0.000702462603,0.0208685911,-0.0072476997,0,-0.0135773508,0.0259149772,-0.0169526756,-5.56587322e-14,-0.0155242327,0.0150250153,-0.382046084,0.06,1.57093631,0.0156777982,-0.382018979,0.059703329,1.57080474,0,0,4.04619656e-10,0,-1.48107182e-09,0,0,0,0.0705676711,0.00741457742,0.00332665177,0.000324072532,0.0705676711,-0.00100267188,0.000175805974,-0.890012906,0.000333890682,-2.03490469e-07
21.32,10660,APPROACH,single_red_center-f6430d296e:0001:APPROACH,PREGRASP_ROUTE,-1.97334013,0.953026125,0.043,2.59124996,-1.97167792,0.953053348,0.043296671,2.58943283,-0.00166220718,-2.722316e-05,-0.000296670969,0.00181712784,0.00166220718,2.722316e-05,0.000296670969,0.00181712784,-0.0324992827,-0.00119309086,0,0.0336844204,-0.0335686938,-0.000758968746,-5.88554652e-16,0.0344119116,0.00106941114,-0.000434122112,5.88554652e-16,-0.000727491197,0.0203628982,-0.0063894322,0,-0.0139342544,0.0248522032,-0.0151796918,-5.68687046e-14,-0.0161419941,0.014514855,-0.382069966,0.06,1.57093596,0.0151545497,-0.382042458,0.059703329,1.57080826,0,0,3.24013116e-10,0,-2.61524651e-09,0,0,0,0.0705676711,0.00741457742,0.00332665177,0.000324072532,0.0705676711,-0.000975997037,0.000163262086,-0.890012906,0.000328032711,-1.62736701e-07
21.36,10680,APPROACH,single_red_center-f6430d296e:0001:APPROACH,PREGRASP_ROUTE,-1.97462394,0.952973505,0.043,2.5925861,-1.97300317,0.953016653,0.043296671,2.59079796,-0.00162076067,-4.31477776e-05,-0.000296670969,0.00178814056,0.00162076067,4.31477776e-05,0.000296670969,0.00178814056,-0.0316944317,-0.00143253046,0,0.0331204961,-0.0327392812,-0.00105456594,-4.69029513e-16,0.0338688288,0.00104484943,-0.000377964522,4.69029513e-16,-0.000748332688,0.0198840677,-0.00559265309,0,-0.0142562257,0.0240489311,-0.0136592287,-5.92886495e-14,-0.0166464843,0.0140153622,-0.382093779,0.06,1.57093567,0.0146419796,-0.382066047,0.059703329,1.57081144,0,0,2.39664295e-10,0,-2.35521884e-09,0,0,0,0.0705676711,0.00741457742,0.00332665177,0.000324072532,0.0705676711,-0.000944475885,0.000153595104,-0.890012906,0.000322112531,-1.20504617e-07
21.4,10700,APPROACH,single_red_center-f6430d296e:0001:APPROACH,PREGRASP_ROUTE,-1.97587593,0.95291193,0.043,2.59389943,-1.9742957,0.952968936,0.043296671,2.59214104,-0.00158022248,-5.70054053e-05,-0.000296670969,0.00175839225,0.00158022248,5.70054053e-05,0.000296670969,0.00175839225,-0.0309082208,-0.00164127908,0,0.0325443658,-0.0319306521,-0.0013126352,-7.4294129e-16,0.0333108206,0.00102243126,-0.000328643876,7.4294129e-16,-0.000766454771,0.0194306357,-0.00485434764,0,-0.0145448309,0.0233851396,-0.0122979804,-5.56587322e-14,-0.0170799177,0.0135264607,-0.382117441,0.06,1.57093544,0.0141399973,-0.382089638,0.059703329,1.57081427,0,0,1.82114995e-10,0,-1.69654316e-09,0,0,0,0.0705676711,0.00741457742,0.00332665177,0.000324072532,0.0705676711,-0.000910945798,0.000145880049,-0.890012906,0.000316114683,-9.18255187e-08
21.44,10720,APPROACH,single_red_center-f6430d296e:0001:APPROACH,PREGRASP_ROUTE,-1.97709683,0.952842581,0.043,2.5951895,-1.97555627,0.95291162,0.043296671,2.59346152,-0.00154055726,-6.90385946e-05,-0.000296670969,0.00172797565,0.00154055726,6.90385946e-05,0.000296670969,0.00172797565,-0.0301396626,-0.00182161666,0,0.0319573334,-0.0311398757,-0.00153676005,-5.8689458e-16,0.0327398079,0.0010002131,-0.000284856607,5.8689458e-16,-0.000782474496,0.0190011794,-0.00417158585,0,-0.0148015915,0.0227838849,-0.0110652266,-5.68687046e-14,-0.0174617879,0.0130480746,-0.38214088,0.06,1.57093526,0.0136485539,-0.382113132,0.059703329,1.57081688,0,0,1.53101573e-10,0,-1.18009922e-09,0,0,0,0.0705676711,0.00741457742,0.00332665177,0.000324072532,0.0705676711,-0.000877647096,0.000139258848,-0.890012906,0.000310037046,-7.7408322e-08
21.48,10740,APPROACH,single_red_center-f6430d296e:0001:APPROACH,PREGRASP_ROUTE,-1.97828732,0.952766551,0.043,2.59645589,-1.97678556,0.952845994,0.043296671,2.59475892,-0.00150176385,-7.94435959e-05,-0.000296670969,0.00169696729,0.00150176385,7.94435959e-05,0.000296670969,0.00169696729,-0.0293878258,-0.00197570767,0,0.031360643,-0.0303659173,-0.00173016986,-4.55748942e-16,0.0321573057,0.000978091514,-0.000245537808,4.55748942e-16,-0.000796662713,0.0185943165,-0.00354152265,0,-0.0150279848,0.022209581,-0.00994503071,-5.92886495e-14,-0.0178001544,0.0125801278,-0.38216403,0.06,1.57093512,0.0131676056,-0.382136447,0.059703329,1.57081936,0,0,1.42667023e-10,0,-9.40678702e-10,0,0,0,0.0705676711,0.00741457742,0.00332665177,0.000324072532,0.0705676711,-0.000845611533,0.000133285994,-0.890012906,0.00030388593,-7.22287215e-08
21.52,10760,APPROACH,single_red_center-f6430d296e:0001:APPROACH,PREGRASP_ROUTE,-1.97944806,0.952684847,0.043,2.59769824,-1.97798423,0.952773225,0.043296671,2.5960328,-0.00146382976,-8.83778176e-05,-0.000296670969,0.00166543666,0.00146382976,8.83778176e-05,0.000296670969,0.00166543666,-0.0286518337,-0.00210560449,0,0.0307554804,-0.0296083901,-0.00189577457,-7.32980862e-16,0.0315646282,0.000956556348,-0.000209829918,7.32980862e-16,-0.000809147752,0.0182087058,-0.00296139797,0,-0.0152254433,0.0216519018,-0.00892003204,-5.56587322e-14,-0.0180956319,0.0121225443,-0.382186833,0.06,1.57093502,0.0126970976,-0.382159509,0.059703329,1.57082179,0,0,1.40088107e-10,0,-7.36310962e-10,0,0,0,0.0705676711,0.00741457742,0.00332665177,0.000324072532,0.0705676711,-0.000814975765,0.000127858973,-0.890012906,0.00029767408,-7.09495219e-08
21.56,10780,APPROACH,single_red_center-f6430d296e:0001:APPROACH,PREGRASP_ROUTE,-1.98057967,0.952598399,0.043,2.59891623,-1.97915295,0.952694369,0.043296671,2.59728278,-0.00142672207,-9.59703813e-05,-0.000296670969,0.001633448,0.00142672207,9.59703813e-05,0.000296670969,0.001633448,-0.0279308625,-0.00221325079,0,0.0301429752,-0.0288669231,-0.00203611712,-5.85234509e-16,0.0309630311,0.000936060588,-0.00017713367,5.85234509e-16,-0.000820055888,0.017843047,-0.00242853671,0,-0.0153953552,0.021116484,-0.00798268731,-5.68687046e-14,-0.0183541509,0.0116752477,-0.382209238,0.06,1.57093496,0.0122369625,-0.382182255,0.059703329,1.57082421,0,0,1.38545801e-10,0,-6.80181253e-10,0,0,0,0.0705676711,0.00741457742,0.00332665177,0.000324072532,0.0705676711,-0.000785426209,0.000123008704,-0.890012906,0.00029140846,-7.01511691e-08
21.6,10800,APPROACH,single_red_center-f6430d296e:0001:APPROACH,PREGRASP_ROUTE,-1.98168273,0.95250806,0.043,2.6001096,-1.98029233,0.952610391,0.043296671,2.59850853,-0.00139039536,-0.000102331443,-0.000296670969,0.00160106165,0.00139039536,0.000102331443,0.000296670969,0.00160106165,-0.0272241394,-0.00230048495,0,0.029524202,-0.028140918,-0.00215340816,-4.30847871e-16,0.0303536665,0.000916778571,-0.000147076792,4.30847871e-16,-0.000829464562,0.0174960804,-0.0019403486,0,-0.0155390639,0.0206085016,-0.0071225423,2.55304185e-13,-0.0185780115,0.0112381612,-0.3822312,0.06,1.57093493,0.0117871245,-0.38220463,0.059703329,1.5708266,0,0,1.3528008e-10,0,-6.56668543e-10,0,0,0,0.0705676711,0.00741457742,0.00332665177,0.000324072532,0.0705676711,-0.00075661748,0.000118797969,-0.890012906,0.000285098764,-6.84822659e-08
21.64,10820,APPROACH,single_red_center-f6430d296e:0001:APPROACH,PREGRASP_ROUTE,-1.98275779,0.95241461,0.043,2.6012781,-1.98140298,0.95252217,0.043296671,2.59970977,-0.00135480237,-0.000107560107,-0.000296670969,0.00156833528,0.00135480237,0.000107560107,0.000296670969,0.00156833528,-0.0265309413,-0.00236904343,0,0.0289001828,-0.0274295902,-0.00224959748,-7.01439505e-16,0.0297376055,0.000898648906,-0.000119445942,7.01439505e-16,-0.000837422674,0.0171665871,-0.001494328,0,-0.015657869,0.0201274246,-0.00632566461,-5.56587322e-14,-0.0187655688,0.0108112076,-0.382252678,0.06,1.57093493,0.0113475049,-0.382226587,0.059703329,1.57082895,0,0,1.29698235e-10,0,-6.11141438e-10,0,0,0,0.0705676711,0.00741457742,0.00332665177,0.000324072532,0.0705676711,-0.000728355914,0.000115257422,-0.890012906,0.000278757813,-6.55317484e-08
21.68,10840,APPROACH,single_red_center-f6430d296e:0001:APPROACH,PREGRASP_ROUTE,-1.98380538,0.952318764,0.043,2.60242156,-1.98248548,0.952430513,0.043296671,2.60088623,-0.00131990049,-0.000111749513,-0.000296670969,0.00153532417,0.00131990049,0.000111749513,0.000296670969,0.00153532417,-0.0258505929,-0.00242056415,0,0.0282718885,-0.0267321234,-0.00232642945,-5.45392796e-16,0.0291159027,0.000881530473,-9.41347064e-05,5.45392796e-16,-0.000844014175,0.0168533888,-0.00108805356,0,-0.0157530254,0.0196732835,-0.00558977454,-5.80786771e-14,-0.0189183606,0.0103943091,-0.382273639,0.06,1.57093494,0.0109180249,-0.382248084,0.059703329,1.57083127,0,0,1.23455546e-10,0,-5.92211644e-10,0,0,0,0.0705676711,0.00741457742,0.00332665177,0.000324072532,0.0705676711,-0.000700572633,0.000112335715,-0.890012906,0.000272394666,-6.21841498e-08
21.72,10860,APPROACH,single_red_center-f6430d296e:0001:APPROACH,PREGRASP_ROUTE,-1.984826,0.952221171,0.043,2.60353981,-1.98354035,0.95233616,0.043296671,2.60203773,-0.00128565245,-0.000114988995,-0.000296670969,0.00150207984,0.00128565245,0.000114988995,0.000296670969,0.00150207984,-0.0251824654,-0.00245658989,0,0.0276402406,-0.0260477647,-0.00238554748,-4.04286729e-16,0.028489571,0.000865299372,-7.10424131e-05,4.04286729e-16,-0.0008493304,0.0165553476,-0.000719187819,0,-0.0158257445,0.0192461046,-0.00491600259,-5.92886495e-14,-0.0190414483,0.00998738705,-0.382294054,0.06,1.57093498,0.010498607,-0.382269084,0.059703329,1.57083355,0,0,1.17369273e-10,0,-5.59921009e-10,0,0,0,0.0705676711,0.00741457742,0.00332665177,0.000324072532,0.0705676711,-0.000673244988,0.000109957008,-0.890012906,0.000266014273,-5.89313259e-08
21.76,10880,APPROACH,single_red_center-f6430d296e:0001:APPROACH,PREGRASP_ROUTE,-1.98582014,0.952122424,0.043,2.60463275,-1.98456811,0.952239787,0.043296671,2.6031641,-0.00125202564,-0.000117363479,-0.000296670969,0.00146865116,0.00125202564,0.000117363479,0.000296670969,0.00146865116,-0.0245259745,-0.00247857158,0,0.0270061131,-0.0253758258,-0.00242851671,-7.0641972e-16,0.0278595447,0.000849851224,-5.00548682e-05,7.0641972e-16,-0.000853431555,0.0162713656,-0.000385476692,0,-0.0158771935,0.0188433634,-0.0043007478,-5.56587322e-14,-0.0191363741,0.00959036216,-0.3823139,0.06,1.57093504,0.0100891733,-0.382289558,0.059703329,1.57083578,0,0,1.11804602e-10,0,-5.25178554e-10,0,0,0,0.0705676711,0.00741457742,0.00332665177,0.000324072532,0.0705676711,-0.00064638553,0.000108056191,-0.890012906,0.000259624443,-5.59535451e-08
21.8,10900,APPROACH,single_red_center-f6430d296e:0001:APPROACH,PREGRASP_ROUTE,-1.98678824,0.952023055,0.043,2.60570029,-1.98556924,0.952142008,0.043296671,2.6042652,-0.00121899117,-0.00011895322,-0.000296670969,0.00143508503,0.00121899117,0.00011895322,0.000296670969,0.00143508503,-0.0238805794,-0.00248787166,0,0.0263703342,-0.0247156867,-0.00245681356,-5.47052867e-16,0.0272267105,0.000835107367,-3.10581084e-05,5.47052867e-16,-0.000856376287,0.0160003848,-8.47488903e-05,0,-0.0159084968,0.0184623668,-0.00374037567,-5.80786771e-14,-0.0192033762,0.00920315412,-0.382333156,0.06,1.57093511,0.00968964626,-0.382309478,0.059703329,1.57083797,0,0,1.07300541e-10,0,-4.75647864e-10,0,0,0,0.0705676711,0.00741457742,0.00332665177,0.000324072532,0.0705676711,-0.000620015752,0.000106569968,-0.890012906,0.000253233831,-5.35557543e-08
21.84,10920,APPROACH,single_red_center-f6430d296e:0001:APPROACH,PREGRASP_ROUTE,-1.98773073,0.951923546,0.043,2.60674238,-1.98654421,0.95204338,0.043296671,2.60534095,-0.00118652284,-0.0001198339,-0.000296670969,0.00140142603,0.00118652284,0.0001198339,0.000296670969,0.00140142603,-0.0232457803,-0.00248576737,0,0.0257336879,-0.0240667967,-0.00247183457,-3.84365873e-16,0.0265919238,0.00082101643,-1.39328058e-05,3.84365873e-16,-0.000858235957,0.0157413865,0.000185084769,0,-0.0159207352,0.0181011445,-0.00323196453,2.55304185e-13,-0.0192443031,0.00882568163,-0.382351808,0.06,1.57093519,0.00929994729,-0.382328823,0.059703329,1.57084012,0,0,1.03545174e-10,0,-4.2680525e-10,0,0,0,0.0705676711,0.00741457742,0.00332665177,0.000324072532,0.0705676711,-0.000594143474,0.000105441406,-0.890012906,0.000246849146,-5.15512348e-08
21.88,10940,APPROACH,single_red_center-f6430d296e:0001:APPROACH,PREGRASP_ROUTE,-1.98864804,0.95182433,0.043,2.60775899,-1.98749345,0.951944406,0.043296671,2.60639128,-0.00115459568,-0.000120076492,-0.000296670969,0.00136771552,0.00115459568,0.000120076492,0.000296670969,0.00136771552,-0.0226211178,-0.00247345401,0,0.0250969158,-0.0234286603,-0.00247490429,-6.64917935e-16,0.0259559835,0.000807542595,1.45027947e-06,6.64917935e-16,-0.000859067693,0.0154933914,0.000426032126,0,-0.0159149474,0.0177585068,-0.00277222252,-5.68687046e-14,-0.0192614841,0.00845786232,-0.382369843,0.06,1.57093528,0.00891999653,-0.382347576,0.059703329,1.57084224,0,0,1.00140154e-10,0,-3.84865591e-10,0,0,0,0.0705676711,0.00741457742,0.00332665177,0.000324072532,0.0705676711,-0.000568746477,0.000104629388,-0.890012906,0.000240476074,-4.97282349e-08
21.92,10960,APPROACH,single_red_center-f6430d296e:0001:APPROACH,PREGRASP_ROUTE,-1.98954056,0.951725791,0.043,2.60875015,-1.98841738,0.951845538,0.043296671,2.60741615,-0.00112318633,-0.000119747068,-0.000296670969,0.00133399296,0.00112318633,0.000119747068,0.000296670969,0.00133399296,-0.0220061706,-0.00245204818,0,0.0244607189,-0.022800811,-0.00246725657,-5.12191369e-16,0.0253196383,0.000794640463,1.52083844e-05,5.12191369e-16,-0.000858919392,0.0152554588,0.000640020527,0,-0.0158921296,0.0174330206,-0.0023574539,-5.80786771e-14,-0.0192555733,0.00809961268,-0.382387254,0.06,1.57093538,0.00854971279,-0.382365723,0.059703329,1.57084432,0,0,9.70160008e-11,0,-3.17134116e-10,0,0,0,0.0705676711,0.00741457742,0.00332665177,0.000324072532,0.0705676711,-0.000543807479,0.000104096837,-0.890012906,0.000234121515,-4.80613956e-08
21.96,10980,APPROACH,single_red_center-f6430d296e:0001:APPROACH,PREGRASP_ROUTE,-1.99040867,0.951628273,0.043,2.60971588,-1.9893164,0.95174718,0.043296671,2.60841558,-0.0010922737,-0.000118907205,-0.000296670969,0.0013002964,0.0010922737,0.000118907205,0.000296670969,0.0013002964,-0.0214005545,-0.002422591,0,0.0238257591,-0.0221828078,-0.00245003411,-7.86103146e-16,0.0246835979,0.000782253314,2.7443109e-05,7.86103146e-16,-0.000857838774,0.0150266862,0.000828897752,0,-0.0158532364,0.0171225923,-0.00198371851,-5.56587322e-14,-0.0192255876,0.00775084795,-0.382404036,0.06,1.57093548,0.00818901377,-0.382383255,0.059703329,1.57084636,0,0,9.43580632e-11,0,-1.55918407e-10,0,0,0,0.0705676711,0.00741457742,0.00332665177,0.000324072532,0.0705676711,-0.000519331016,0.000103804141,-0.890012906,0.000227793624,-4.66603675e-08
22,11000,APPROACH,single_red_center-f6430d296e:0001:APPROACH,PREGRASP_ROUTE,-1.99125274,0.951532077,0.043,2.61065625,-1.9901909,0.951649692,0.043296671,2.60938959,-0.0010618383,-0.000117614681,-0.000296670969,0.00126666096,0.0010618383,0.000117614681,0.000296670969,0.00126666096,-0.0208039204,-0.00238605125,0,0.0231926611,-0.0215742654,-0.00242431206,-6.53297436e-16,0.024048557,0.000770345011,3.82608122e-05,6.53297436e-16,-0.000855895888,0.0148062091,0.000994433029,0,-0.0157991812,0.0168267245,-0.00164950059,-5.68687046e-14,-0.0191755438,0.00741148211,-0.382420187,0.06,1.57093558,0.00783781588,-0.382400166,0.059703329,1.57084838,0,0,9.19901235e-11,0,-1.24218459e-11,0,0,0,0.0705676711,0.00741457742,0.00332665177,0.000324072532,0.0705676711,-0.000495297597,0.000103714116,-0.890012906,0.000221495298,-4.54029789e-08
22.04,11020,APPROACH,single_red_center-f6430d296e:0001:APPROACH,PREGRASP_ROUTE,-1.99207312,0.95143747,0.043,2.61157134,-1.99104125,0.951553393,0.043296671,2.61033822,-0.00103186212,-0.000115923125,-0.000296670969,0.00123311962,0.00103186212,0.000115923125,0.000296670969,0.00123311962,-0.0202159533,-0.00234332849,0,0.0225620137,-0.0209748269,-0.00239109326,-5.03891012e-16,0.0234151476,0.00075887365,4.77647659e-05,5.03891012e-16,-0.000853133834,0.0145932,0.00113831811,0,-0.0157308369,0.0165443375,-0.0013517878,-5.80786771e-14,-0.0191067501,0.00708142775,-0.382435707,0.06,1.57093569,0.00749603404,-0.382416451,0.059703329,1.57085036,0,0,8.98223306e-11,0,1.24669945e-10,0,0,0,0.0705676711,0.00741457742,0.00332665177,0.000324072532,0.0705676711,-0.000471691058,0.000103797757,-0.890012906,0.000215231592,-4.42478788e-08
22.08,11040,APPROACH,single_red_center-f6430d296e:0001:APPROACH,PREGRASP_ROUTE,-1.99287014,0.951344681,0.043,2.61246126,-1.99186781,0.951458563,0.043296671,2.61126156,-0.00100232907,-0.000113882189,-0.000296670969,0.00119970406,0.00100232907,0.000113882189,0.000296670969,0.00119970406,-0.0196363703,-0.00229525615,0,0.0219343717,-0.0203841516,-0.00235130714,-3.72745373e-16,0.0227839443,0.000747781269,5.60509859e-05,3.72745373e-16,-0.000849572504,0.0143868683,0.00126216843,0,-0.0156490363,0.0162725767,-0.00108450354,-5.92886495e-14,-0.0190164308,0.00676059607,-0.382450601,0.06,1.5709358,0.00716358186,-0.382432112,0.059703329,1.57085231,0,0,8.74382278e-11,0,3.17469198e-10,0,0,0,0.0705676711,0.00741457742,0.00332665177,0.000324072532,0.0705676711,-0.000448521112,0.000104032401,-0.890012906,0.000209011176,-4.29202321e-08
22.12,11060,APPROACH,single_red_center-f6430d296e:0001:APPROACH,PREGRASP_ROUTE,-1.99364415,0.951253909,0.043,2.61332615,-1.99267092,0.951365447,0.043296671,2.61215971,-0.000973225098,-0.000111538155,-0.000296670969,0.00116644429,0.000973225098,0.000111538155,0.000296670969,0.00116644429,-0.0190649196,-0.00224260456,0,0.0213102574,-0.0198019489,-0.00230580503,-6.56617578e-16,0.0221555377,0.000737029374,6.32004724e-05,6.56617578e-16,-0.000845280288,0.0141864594,0.00136752435,0,-0.015554573,0.0160111234,-0.000847682551,-5.68687046e-14,-0.0189075927,0.00644889681,-0.382464872,0.06,1.57093591,0.00684037167,-0.382447149,0.059703329,1.57085423,0,0,8.54108076e-11,0,4.9273662e-10,0,0,0,0.0705676711,0.00741457742,0.00332665177,0.000324072532,0.0705676711,-0.000425785838,0.000104379245,-0.890012906,0.000202836891,-4.17518401e-08
22.16,11080,APPROACH,single_red_center-f6430d296e:0001:APPROACH,PREGRASP_ROUTE,-1.99439546,0.951165323,0.043,2.61416615,-1.99345092,0.951274257,0.043296671,2.61303279,-0.000944537336,-0.000108933936,-0.000296670969,0.00113336778,0.000944537336,0.000108933936,0.000296670969,0.00113336778,-0.0185013787,-0.00218608391,0,0.0206901619,-0.0192279678,-0.00225538746,-5.32112225e-16,0.0215304704,0.000726589163,6.93035527e-05,5.32112225e-16,-0.000840308554,0.0139912544,0.00145585241,0,-0.0154482017,0.015759621,-0.000640001117,-5.80786771e-14,-0.018783333,0.00614623816,-0.38247853,0.06,1.57093602,0.0065263142,-0.382461567,0.059703329,1.57085612,0,0,8.36309069e-11,0,6.60163095e-10,0,0,0,0.0705676711,0.00741457742,0.00332665177,0.000324072532,0.0705676711,-0.000403469452,0.00010481241,-0.890012906,0.000196711047,-4.07115105e-08
22.2,11100,APPROACH,single_red_center-f6430d296e:0001:APPROACH,PREGRASP_ROUTE,-1.99512437,0.951079064,0.043,2.61498144,-1.99420812,0.951185173,0.043296671,2.61388094,-0.000916249292,-0.000106108394,-0.000296670969,0.00110049502,0.000916249292,0.000106108394,0.000296670969,0.00110049502,-0.017945555,-0.00212634658,0,0.0200745483,-0.01866197,-0.00220080009,-3.82705801e-16,0.0209092218,0.000716415033,7.44535051e-05,3.82705801e-16,-0.0008346735,0.0138005697,0.00152854352,0,-0.0153306371,0.0155221651,-0.000465486432,2.55304185e-13,-0.0186551615,0.00585252878,-0.382491582,0.06,1.57093613,0.00622131854,-0.382475372,0.059703329,1.57085799,0,0,8.18721975e-11,0,7.33271614e-10,0,0,0,0.0705676711,0.00741457742,0.00332665177,0.000324072532,0.0705676711,-0.000381464208,0.000105319313,-0.890012906,0.000190626739,-3.97745903e-08
22.24,11120,APPROACH,single_red_center-f6430d296e:0001:APPROACH,PREGRASP_ROUTE,-1.9958312,0.950995251,0.043,2.61577218,-1.99494285,0.951098347,0.043296671,2.61470433,-0.000888344528,-0.000103096859,-0.000296670969,0.00106784361,0.000888344528,0.000103096859,0.000296670969,0.00106784361,-0.017397283,-0.00206399095,0,0.0194638523,-0.0181037344,-0.00214272385,-6.63257864e-16,0.0202922382,0.000706451307,7.87328923e-05,6.63257864e-16,-0.000828385882,0.0136137562,0.0015869175,0,-0.015202556,0.0153040549,-0.00033016593,-5.68687046e-14,-0.0185373335,0.00556767641,-0.382504039,0.06,1.57093623,0.00592529231,-0.382488574,0.059703329,1.57085983,0,0,8.03594619e-11,0,5.93069719e-10,0,0,0,0.0705676711,0.00741457742,0.00332665177,0.000324072532,0.0705676711,-0.000359645134,0.000105888341,-0.890012906,0.000184573923,-3.91997455e-08
22.28,11140,APPROACH,single_red_center-f6430d296e:0001:APPROACH,PREGRASP_ROUTE,-1.99651624,0.950913974,0.043,2.6165386,-1.99565541,0.951013908,0.043296671,2.61550315,-0.000860826798,-9.99341305e-05,-0.000296670969,0.00103545016,0.000860826798,9.99341305e-05,0.000296670969,0.00103545016,-0.0168564164,-0.00199956576,0,0.0188584791,-0.0175531069,-0.00208176002,-5.10531297e-16,0.0196800163,0.000696690492,8.21942593e-05,5.10531297e-16,-0.0008215372,0.0134301947,0.00163223621,0,-0.0150646078,0.0150920248,-0.000216121015,-5.80786771e-14,-0.0184058226,0.00529157961,-0.382515914,0.06,1.57093633,0.00563814157,-0.38250118,0.059703329,1.57086164,0,0,7.92014925e-11,0,4.54928963e-10,0,0,0,0.0705676711,0.00741457742,0.00332665177,0.000324072532,0.0705676711,-0.000338255796,0.000106478622,-0.890012906,0.000178582134,-3.87983938e-08
22.32,11160,APPROACH,single_red_center-f6430d296e:0001:APPROACH,PREGRASP_ROUTE,-1.99717979,0.950835308,0.043,2.61728092,-1.9963461,0.950931959,0.043296671,2.61627758,-0.000833688647,-9.66507966e-05,-0.000296670969,0.00100333604,0.000833688647,9.66507966e-05,0.000296670969,0.00100333604,-0.0163228368,-0.00193356925,0,0.018258811,-0.0170099425,-0.00201848244,-7.7946286e-16,0.0190729689,0.000687105723,8.49131884e-05,7.7946286e-16,-0.000814157891,0.0132493014,0.00166568506,0,-0.0149174,0.0148854584,-0.000121424879,-5.56587322e-14,-0.0182618316,0.0050241401,-0.38252722,0.06,1.57093643,0.00535977054,-0.382513204,0.059703329,1.57086344,0,0,7.82329288e-11,0,3.1989241e-10,0,0,0,0.0705676711,0.00741457742,0.00332665177,0.000324072532,0.0705676711,-0.00031728718,0.000107075246,-0.890012906,0.000172654318,-3.84855689e-08
22.36,11180,APPROACH,single_red_center-f6430d296e:0001:APPROACH,PREGRASP_ROUTE,-1.99782215,0.950759305,0.043,2.61799937,-1.99701522,0.95085258,0.043296671,2.61702785,-0.000806923852,-9.32746215e-05,-0.000296670969,0.000971521718,0.000806923852,9.32746215e-05,0.000296670969,0.000971521718,-0.0157964486,-0.00186645357,0,0.0176652067,-0.0164741117,-0.0019534091,-2.05078164e-16,0.0184714796,0.000677663075,8.69555235e-05,2.05078164e-16,-0.000806272939,0.0130705246,0.00168838306,0,-0.0147615052,0.0146834264,-4.40124899e-05,2.5288424e-13,-0.0181051476,0.00476525787,-0.382537971,0.06,1.57093653,0.00509008173,-0.382524658,0.059703329,1.5708652,0,0,7.75600457e-11,0,2.23847387e-10,0,0,0,0.0705676711,0.00741457742,0.00332665177,0.000324072532,0.0705676711,-0.000296740488,0.000107662814,-0.890012906,0.00016679457,-3.83337572e-08
22.4,11200,APPROACH,single_red_center-f6430d296e:0001:APPROACH,PREGRASP_ROUTE,-1.99844359,0.950686003,0.043,2.6186942,-1.99766306,0.950775834,0.043296671,2.61775418,-0.000780527811,-8.98308911e-05,-0.000296670969,0.000940026961,0.000780527811,8.98308911e-05,0.000296670969,0.000940026961,-0.0152771777,-0.00179862745,0,0.0170780029,-0.0159455046,-0.00188700529,-4.97250726e-16,0.0178759192,0.00066832688,8.83778466e-05,4.97250726e-16,-0.000797916326,0.0128933434,0.00170138443,0,-0.0145974623,0.0144847711,1.78037664e-05,-5.80786771e-14,-0.0179354695,0.00451483117,-0.382548182,0.06,1.57093662,0.00482897606,-0.382535554,0.059703329,1.57086695,0,0,7.73394337e-11,0,1.75328433e-10,0,0,0,0.0705676711,0.00741457742,0.00332665177,0.000324072532,0.0705676711,-0.000276630834,0.000108222028,-0.890012906,0.000161006915,-3.84237659e-08
22.44,11220,APPROACH,single_red_center-f6430d296e:0001:APPROACH,PREGRASP_ROUTE,-1.99904441,0.950615421,0.043,2.61936569,-1.99828991,0.950701764,0.043296671,2.61845682,-0.000754496703,-8.63426721e-05,-0.000296670969,0.000908869426,0.000754496703,8.63426721e-05,0.000296670969,0.000908869426,-0.0147649702,-0.00173045868,0,0.0164975152,-0.0154240489,-0.00181970311,-1.20112099e-15,0.0172866414,0.000659078746,8.92444357e-05,1.20112099e-15,-0.000789126175,0.0127172676,0.00170568033,0,-0.0144257771,0.0142892028,6.51168815e-05,-3.65411677e-13,-0.0177553994,0.00427275648,-0.382557869,0.06,1.5709367,0.00457635264,-0.382545908,0.059703329,1.57086867,0,0,7.73199282e-11,0,1.23511091e-10,0,0,0,0.0705676711,0.00741457742,0.00332665177,0.000324072532,0.0705676711,-0.00025695154,0.00010874079,-0.890012906,0.000155292276,-3.86069503e-08
22.48,11240,APPROACH,single_red_center-f6430d296e:0001:APPROACH,PREGRASP_ROUTE,-1.99962487,0.950547568,0.043,2.62001409,-1.99889605,0.950630398,0.043296671,2.61913602,-0.000728827505,-8.28306039e-05,-0.000296670969,0.000878065702,0.000728827505,8.28306039e-05,0.000296670969,0.000878065702,-0.0142597912,-0.00166227666,0,0.0159240398,-0.0149096865,-0.00175189065,-6.16775865e-16,0.0167039637,0.000649895305,8.96139872e-05,6.16775865e-16,-0.000779923867,0.0125418363,0.00170220049,0,-0.0142469231,0.0140961889,9.95342629e-05,-5.68687046e-14,-0.0175655365,0.00403892845,-0.382567048,0.06,1.57093678,0.00433210862,-0.382555736,0.059703329,1.57087038,0,0,7.74295084e-11,0,7.26534097e-11,0,0,0,0.0705676711,0.00741457742,0.00332665177,0.000324072532,0.0705676711,-0.000237698764,0.000109210084,-0.890012906,0.000149653251,-3.88490367e-08
22.52,11260,APPROACH,single_red_center-f6430d296e:0001:APPROACH,PREGRASP_ROUTE,-2.00018527,0.950482436,0.043,2.6206397,-1.99948175,0.95056175,0.043296671,2.61979206,-0.000703518444,-7.93130778e-05,-0.000296670969,0.000847632047,0.000703518444,7.93130778e-05,0.000296670969,0.000847632047,-0.0137616237,-0.00159437481,0,0.0153578544,-0.0144023627,-0.00168391115,-4.72349656e-16,0.0161281671,0.00064073902,8.95363409e-05,4.72349656e-16,-0.000770312741,0.0123666174,0.00169181508,0,-0.0140613427,0.0139038939,0.000124528763,-5.80786771e-14,-0.0173627486,0.00381323992,-0.382575737,0.06,1.57093686,0.00409613944,-0.382565052,0.059703329,1.57087206,0,0,7.74438187e-11,0,1.15030096e-10,0,0,0,0.0705676711,0.00741457742,0.00332665177,0.000324072532,0.0705676711,-0.000218892096,0.000109621985,-0.890012906,0.00014409589,-3.90128153e-08
22.56,11280,APPROACH,single_red_center-f6430d296e:0001:APPROACH,PREGRASP_ROUTE,-2.00072589,0.950420011,0.043,2.62124281,-2.00004732,0.950495818,0.043296671,2.62042522,-0.000678568815,-7.58067772e-05,-0.000296670969,0.000817583456,0.000678568815,7.58067772e-05,0.000296670969,0.000817583456,-0.0132704673,-0.00152701289,0,0.0147992197,-0.0139020616,-0.00161606988,-7.46261433e-16,0.0155595635,0.000631594287,8.90569903e-05,7.46261433e-16,-0.000760343834,0.0121912064,0.00167533643,0,-0.0138694478,0.0137125439,0.000139335655,-5.56587322e-14,-0.0171506007,0.00359558186,-0.382583951,0.06,1.57093693,0.00386833878,-0.382573874,0.059703329,1.57087372,0,0,7.7737209e-11,0,1.45863955e-10,0,0,0,0.0705676711,0.00741457742,0.00332665177,0.000324072532,0.0705676711,-0.000200532453,0.000109960454,-0.890012906,0.00013861967,-3.93059197e-08
22.6,11300,APPROACH,single_red_center-f6430d296e:0001:APPROACH,PREGRASP_ROUTE,-2.001247,0.950360266,0.043,2.62182373,-2.00059302,0.950432593,0.043296671,2.6210358,-0.000653978408,-7.23264624e-05,-0.000296670969,0.000787933464,0.000653978408,7.23264624e-05,0.000296670969,0.000787933464,-0.0127863373,-0.00146041931,0,0.0142483805,-0.0134087839,-0.00154864588,-6.08475508e-16,0.0149984188,0.000622446507,8.82265732e-05,6.08475508e-16,-0.00075003833,0.012015226,0.00165352088,0,-0.0136716213,0.013521882,0.000145067845,-5.68687046e-14,-0.0169304469,0.00338584336,-0.38259171,0.06,1.570937,0.0036485983,-0.382582219,0.059703329,1.57087537,0,0,7.81605104e-11,0,1.7405128e-10,0,0,0,0.0705676711,0.00741457742,0.00332665177,0.000324072532,0.0705676711,-0.000182615216,0.000110220175,-0.890012906,0.0001332259,-3.96594978e-08
22.64,11320,APPROACH,single_red_center-f6430d296e:0001:APPROACH,PREGRASP_ROUTE,-2.00174888,0.950303166,0.043,2.62238278,-2.00111913,0.950372051,0.043296671,2.62162408,-0.000629747744,-6.88850018e-05,-0.000296670969,0.000758695052,0.000629747744,6.88850018e-05,0.000296670969,0.000758695052,-0.0123092638,-0.0013947933,0,0.0137055669,-0.0129225316,-0.00148188817,-4.62389227e-16,0.0144449595,0.000613267796,8.70948635e-05,4.62389227e-16,-0.000739392557,0.0118383248,0.00162707064,0,-0.0134682175,0.0133300705,0.000146107684,-5.92886495e-14,-0.0167000759,0.00318391164,-0.382599029,0.06,1.57093706,0.00343680773,-0.382590103,0.059703329,1.570877,0,0,7.8353168e-11,0,1.52744883e-10,0,0,0,0.0705676711,0.00741457742,0.00332665177,0.000324072532,0.0705676711,-0.000165151381,0.000110404543,-0.890012906,0.000127919177,-3.9803035e-08
22.68,11340,APPROACH,single_red_center-f6430d296e:0001:APPROACH,PREGRASP_ROUTE,-2.00223183,0.950248668,0.043,2.62292028,-2.00162595,0.950314162,0.043296671,2.6221904,-0.000605878498,-6.54936688e-05,-0.000296670969,0.000729881073,0.000605878498,6.54936688e-05,0.000296670969,0.000729881073,-0.01183929,-0.00133030708,0,0.0131709954,-0.0124433211,-0.00141600294,-7.37961076e-16,0.0138994193,0.000604031098,8.56958584e-05,7.37961076e-16,-0.000728423904,0.0116601766,0.00159663565,0,-0.0132595633,0.0131360493,0.000144009571,-5.56587322e-14,-0.0164584235,0.00298967196,-0.382605927,0.06,1.57093712,0.00323285501,-0.382597543,0.059703329,1.57087861,0,0,7.86992758e-11,0,5.44760805e-11,0,0,0,0.0705676711,0.00741457742,0.00332665177,0.000324072532,0.0705676711,-0.000148160342,0.000110504816,-0.890012906,0.000122702937,-3.99323412e-08
22.72,11360,APPROACH,single_red_center-f6430d296e:0001:APPROACH,PREGRASP_ROUTE,-2.00269612,0.950196725,0.043,2.62343657,-2.00211374,0.950258887,0.043296671,2.62273506,-0.000582372882,-6.21624626e-05,-0.000296670969,0.00070150287,0.000582372882,6.21624626e-05,0.000296670969,0.00070150287,-0.0113764721,-0.00126710787,0,0.0126448699,-0.0119712064,-0.00135116993,-5.81914366e-16,0.0133620505,0.000594734399,8.40620602e-05,5.81914366e-16,-0.000717180611,0.0114804794,0.00156281553,0,-0.0130459593,0.0129411867,0.000135845057,-5.68687046e-14,-0.0162101795,0.00280300767,-0.382612421,0.06,1.57093717,0.00303662618,-0.382604558,0.059703329,1.57088021,0,0,7.92095411e-11,0,-4.35122908e-11,0,0,0,0.0705676711,0.00741457742,0.00332665177,0.000324072532,0.0705676711,-0.000131632608,0.000110506295,-0.890012906,0.000117574882,-4.01431906e-08
22.76,11380,APPROACH,single_red_center-f6430d296e:0001:APPROACH,PREGRASP_ROUTE,-2.00314204,0.950147281,0.043,2.62393198,-2.0025828,0.950206181,0.043296671,2.62325841,-0.00055923348,-5.88998333e-05,-0.000296670969,0.000673571023,0.00055923348,5.88998333e-05,0.000296670969,0.000673571023,-0.0109208775,-0.00120531989,0,0.0121273827,-0.0115062424,-0.00128755067,-4.291878e-16,0.012833056,0.000585364929,8.22307837e-05,4.291878e-16,-0.000705673228,0.0112989544,0.00152616141,0,-0.0128276808,0.0127452057,0.000122679896,2.55304185e-13,-0.0159557898,0.00262380017,-0.382618527,0.06,1.57093722,0.00284800514,-0.382611164,0.059703329,1.57088178,0,0,7.98072924e-11,0,-1.39425807e-10,0,0,0,0.0705676711,0.00741457742,0.00332665177,0.000324072532,0.0705676711,-0.000115567469,0.000110407772,-0.890012906,0.000112536616,-4.03984592e-08
22.8,11400,APPROACH,single_red_center-f6430d296e:0001:APPROACH,PREGRASP_ROUTE,-2.00356988,0.950100279,0.043,2.62440687,-2.00303342,0.950155992,0.043296671,2.62376077,-0.000536463557,-5.5712865e-05,-0.000296670969,0.000646095906,0.000536463557,5.5712865e-05,0.000296670969,0.000646095906,-0.0104725846,-0.00114504623,0,0.0116187158,-0.0110484882,-0.00122527736,-7.0641972e-16,0.0123126262,0.000575903594,8.02311302e-05,7.0641972e-16,-0.000693910463,0.0111153452,0.00148717793,0,-0.0126049785,0.0125475416,0.000105618698,-5.56587322e-14,-0.0156946294,0.00245192888,-0.382624264,0.06,1.57093727,0.0026668739,-0.382617378,0.059703329,1.57088335,0,0,8.07047782e-11,0,-2.04414653e-10,0,0,0,0.0705676711,0.00741457742,0.00332665177,0.000324072532,0.0705676711,-9.99742602e-05,0.000110205952,-0.890012906,0.000107590697,-4.08283934e-08
22.84,11420,APPROACH,single_red_center-f6430d296e:0001:APPROACH,PREGRASP_ROUTE,-2.00397994,0.950055657,0.043,2.62486159,-2.00346587,0.950108264,0.043296671,2.62424251,-0.000514067324,-5.26075811e-05,-0.000296670969,0.000619087685,0.000514067324,5.26075811e-05,0.000296670969,0.000619087685,-0.0100316816,-0.00108637074,0,0.0111190414,-0.0105980151,-0.00116445792,-5.55353224e-16,0.0118009548,0.000566333433,7.80871881e-05,5.55353224e-16,-0.000681913407,0.0109294171,0.00144632516,0,-0.0123780799,0.0123476114,8.52762672e-05,-5.80786771e-14,-0.0154268969,0.00228727125,-0.382629648,0.06,1.57093731,0.00249311262,-0.382623217,0.059703329,1.5708849,0,0,8.19169571e-11,0,-2.52964804e-10,0,0,0,0.0705676711,0.00741457742,0.00332665177,0.000324072532,0.0705676711,-8.48697621e-05,0.000109894168,-0.890012906,0.000102738859,-4.14272573e-08
22.88,11440,APPROACH,single_red_center-f6430d296e:0001:APPROACH,PREGRASP_ROUTE,-2.00437251,0.950013348,0.043,2.62529651,-2.00388047,0.950062937,0.043296671,2.62470396,-0.000492049105,-4.95890064e-05,-0.000296670969,0.00059255516,0.000492049105,4.95890064e-05,0.000296670969,0.00059255516,-0.00959826559,-0.00102935968,0,0.0106285233,-0.0101549149,-0.0011051901,-8.24284787e-16,0.0112982194,0.000556649326,7.58304211e-05,8.24284787e-16,-0.000669696149,0.0107409557,0.00140402053,0,-0.0121471902,0.01214538,6.22655837e-05,2.60144074e-13,-0.0151540764,0.00212970272,-0.382634695,0.06,1.57093735,0.00232659936,-0.382628699,0.059703329,1.57088643,0,0,8.32186058e-11,0,-3.01829892e-10,0,0,0,0.0705676711,0.00741457742,0.00332665177,0.000324072532,0.0705676711,-7.02521285e-05,0.000109473006,-0.890012906,9.7981389e-05,-4.20708355e-08
22.92,11460,APPROACH,single_red_center-f6430d296e:0001:APPROACH,PREGRASP_ROUTE,-2.0047479,0.949973285,0.043,2.625712,-2.00427749,0.950019946,0.043296671,2.62514549,-0.000470413561,-4.66610408e-05,-0.000296670969,0.000566506872,0.000470413561,4.66610408e-05,0.000296670969,0.000566506872,-0.00917244179,-0.00097406346,0,0.0101473172,-0.00971928202,-0.0010475496,-6.8317872e-16,0.0108045811,0.000546840223,7.34861404e-05,6.8317872e-16,-0.000657263862,0.010549766,0.00136064079,0,-0.0119124932,0.0119405975,3.7428571e-05,-5.68687046e-14,-0.0148761741,0.00197909675,-0.382639421,0.06,1.57093738,0.00216721008,-0.382633839,0.059703329,1.57088795,0,0,8.45593552e-11,0,-3.4228069e-10,0,0,0,0.0705676711,0.00741457742,0.00332665177,0.000324072532,0.0705676711,-5.6124413e-05,0.000108943188,-0.890012906,9.33199111e-05,-4.2734458e-08
22.96,11480,APPROACH,single_red_center-f6430d296e:0001:APPROACH,PREGRASP_ROUTE,-2.00510641,0.949935399,0.043,2.62610843,-2.00465725,0.949979226,0.043296671,2.62556747,-0.000449166102,-4.38266259e-05,-0.000296670969,0.000540951602,0.000449166102,4.38266259e-05,0.000296670969,0.000540951602,-0.00875432294,-0.000920518202,0,0.00967557225,-0.00929120804,-0.000991589565,-5.48712939e-16,0.0103201862,0.0005368851,7.10713636e-05,5.48712939e-16,-0.000644613924,0.0103556719,0.00131652391,0,-0.0116741523,0.0117321784,1.24904837e-05,-5.80786771e-14,-0.014590808,0.00183532474,-0.382643842,0.06,1.57093741,0.00201481886,-0.382638654,0.059703329,1.57088945,0,0,8.59554724e-11,0,-2.93803336e-10,0,0,0,0.0705676711,0.00741457742,0.00332665177,0.000324072532,0.0705676711,-4.25083962e-05,0.000108303277,-0.890012906,8.87583304e-05,-4.34305719e-08
23,11500,APPROACH,single_red_center-f6430d296e:0001:APPROACH,PREGRASP_ROUTE,-2.00544835,0.94989962,0.043,2.62648617,-2.00502004,0.949940708,0.043296671,2.62597028,-0.000428312508,-4.10881586e-05,-0.000296670969,0.000515897223,0.000428312508,4.10881586e-05,0.000296670969,0.000515897223,-0.00834402845,-0.000868747244,0,0.00921343114,-0.00887081084,-0.000937352793,-4.04286729e-16,0.00984520703,0.00052678239,6.86055489e-05,4.04286729e-16,-0.000631775887,0.010158515,0.0012719711,0,-0.0114323119,0.0115205319,-1.34010722e-05,2.55304185e-13,-0.0143009239,0.00169825609,-0.382647974,0.06,1.57093744,0.00186929778,-0.382643159,0.059703329,1.57089094,0,0,8.74977314e-11,0,-2.59120332e-10,0,0,0,0.0705676711,0.00741457742,0.00332665177,0.000324072532,0.0705676711,-2.940604e-05,0.000107549373,-0.890012906,8.42953621e-05,-4.41960934e-08
23.04,11520,APPROACH,single_red_center-f6430d296e:0001:APPROACH,PREGRASP_ROUTE,-2.00577404,0.949865875,0.043,2.62684563,-2.00536618,0.949904323,0.043296671,2.62635428,-0.000407858624,-3.84472031e-05,-0.000296670969,0.000491351018,0.000407858624,3.84472031e-05,0.000296670969,0.000491351018,-0.00794168369,-0.000818762585,0,0.00876103131,-0.00845821119,-0.000884872361,-6.88158934e-16,0.00937978416,0.000516527494,6.61097757e-05,6.88158934e-16,-0.000618752848,0.00995815351,0.00122724867,0,-0.0111870978,0.0113055904,-3.96483995e-05,-5.68687046e-14,-0.014006924,0.00156775816,-0.38265183,0.06,1.57093746,0.00173051675,-0.382647369,0.059703329,1.57089242,0,0,8.90729906e-11,0,-2.26740378e-10,0,0,0,0.0705676711,0.00741457742,0.00332665177,0.000324072532,0.0705676711,-1.68182398e-05,0.000106684154,-0.890012906,7.99320196e-05,-4.49773491e-08
23.08,11540,APPROACH,single_red_center-f6430d296e:0001:APPROACH,PREGRASP_ROUTE,-2.0060838,0.949834095,0.043,2.62718719,-2.00569599,0.949869999,0.043296671,2.62671987,-0.000387810638,-3.59045606e-05,-0.000296670969,0.000467320345,0.000387810638,3.59045606e-05,0.000296670969,0.000467320345,-0.00754741943,-0.000770566236,0,0.00831850545,-0.00805352355,-0.000834169279,-5.43732725e-16,0.0089240362,0.000506104117,6.36030433e-05,5.43732725e-16,-0.000605530754,0.00975446166,0.00118258995,0,-0.0109386187,0.0110860213,-6.32549082e-05,-5.80786771e-14,-0.0137063581,0.00144369623,-0.382655425,0.06,1.57093749,0.00159834364,-0.3826513,0.059703329,1.57089388,0,0,9.03349307e-11,0,-1.95712458e-10,0,0,0,0.0705676711,0.00741457742,0.00332665177,0.000324072532,0.0705676711,-4.76077778e-06,0.000105714968,-0.890012906,7.5672034e-05,-4.55333592e-08
23.12,11560,APPROACH,single_red_center-f6430d296e:0001:APPROACH,PREGRASP_ROUTE,-2.00637795,0.949804206,0.043,2.62751125,-2.00600977,0.949837667,0.043296671,2.62706744,-0.000368175329,-3.34605611e-05,-0.000296670969,0.000443812651,0.000368175329,3.34605611e-05,0.000296670969,0.000443812651,-0.00716137114,-0.000724151503,0,0.00788598226,-0.00765687497,-0.000785243739,-3.89346087e-16,0.00847810881,0.000495503833,6.1092236e-05,3.89346087e-16,-0.000592126545,0.00954732852,0.00113819723,0,-0.0106869671,0.0108618851,-8.49714938e-05,2.55304185e-13,-0.013399838,0.00132593355,-0.382658774,0.06,1.57093751,0.00147264438,-0.382654966,0.059703329,1.57089533,0,0,9.16966522e-11,0,-1.88153839e-10,0,0,0,0.0705676711,0.00741457742,0.00332665177,0.000324072532,0.0705676711,6.75274416e-06,0.000104636161,-0.890012906,7.15162175e-05,-4.61048537e-08
23.16,11580,APPROACH,single_red_center-f6430d296e:0001:APPROACH,PREGRASP_ROUTE,-2.00665682,0.949776139,0.043,2.62781821,-2.00630786,0.949807254,0.043296671,2.62739737,-0.000348959495,-3.11151652e-05,-0.000296670969,0.000420834496,0.000348959495,3.11151652e-05,0.000296670969,0.000420834496,-0.00678367844,-0.000679504192,0,0.00746358705,-0.00726840864,-0.000738094302,-6.89819006e-16,0.00804214573,0.000484730197,5.85901101e-05,6.89819006e-16,-0.000578558678,0.00933665725,0.0010942436,0,-0.0104322201,0.0106339067,-0.000106099237,-5.56587322e-14,-0.0130898309,0.00121433129,-0.382661888,0.06,1.57093752,0.00135328278,-0.38265838,0.059703329,1.57089676,0,0,9.3115512e-11,0,-1.81323654e-10,0,0,0,0.0705676711,0.00741457742,0.00332665177,0.000324072532,0.0705676711,1.77248501e-05,0.000103445859,-0.890012906,6.74634811e-05,-4.67077235e-08
23.2,11600,APPROACH,single_red_center-f6430d296e:0001:APPROACH,PREGRASP_ROUTE,-2.00692076,0.949749822,0.043,2.62810848,-2.00659059,0.94977869,0.043296671,2.62771008,-0.000330169984,-2.88677688e-05,-0.000296670969,0.000398392318,0.000330169984,2.88677688e-05,0.000296670969,0.000398392318,-0.00641448457,-0.000636603737,0,0.00705144233,-0.00688826404,-0.000692712613,-5.53693153e-16,0.00761626887,0.000473779467,5.61088758e-05,5.53693153e-16,-0.000564826546,0.00912236413,0.00105087481,0,-0.0101744404,0.010402064,-0.000126264804,-5.80786771e-14,-0.0127764063,0.00110874852,-0.382664782,0.06,1.57093754,0.0012401205,-0.382661556,0.059703329,1.57089818,0,0,9.45513053e-11,0,-1.74572176e-10,0,0,0,0.0705676711,0.00741457742,0.00332665177,0.000324072532,0.0705676711,2.81525409e-05,0.000102147114,-0.890012906,6.35149848e-05,-4.73229139e-08
23.24,11620,APPROACH,single_red_center-f6430d296e:0001:APPROACH,PREGRASP_ROUTE,-2.0071701,0.949725187,0.043,2.62838247,-2.00685829,0.949751904,0.043296671,2.62800597,-0.000311814006,-2.67173475e-05,-0.000296670969,0.000376492822,0.000311814006,2.67173475e-05,0.000296670969,0.000376492822,-0.00605393587,-0.00059542426,0,0.00664966837,-0.00651657832,-0.00064907822,-3.97646444e-16,0.00720059861,0.000462642459,5.36539597e-05,3.97646444e-16,-0.000550930244,0.00890437772,0.00100821113,0,-0.00991367738,0.010166057,-0.000145105331,2.55304185e-13,-0.0124587982,0.00100904227,-0.382667466,0.06,1.57093755,0.00113301716,-0.382664507,0.059703329,1.57089959,0,0,9.62693151e-11,0,-1.55234729e-10,0,0,0,0.0705676711,0.00741457742,0.00332665177,0.000324072532,0.0705676711,3.80228248e-05,0.000100739902,-0.890012906,5.9672713e-05,-4.8104847e-08
23.28,11640,APPROACH,single_red_center-f6430d296e:0001:APPROACH,PREGRASP_ROUTE,-2.0074052,0.949702165,0.043,2.6286406,-2.0071113,0.949726828,0.043296671,2.62828545,-0.000293899116,-2.46626939e-05,-0.000296670969,0.000355142584,0.000293899116,2.46626939e-05,0.000296670969,0.000355142584,-0.00570218129,-0.000555935551,0,0.0062583837,-0.00615349647,-0.000607166481,-6.88158934e-16,0.00679526281,0.000451315181,5.123093e-05,6.88158934e-16,-0.000536879106,0.00868263799,0.000966349104,0,-0.00964996816,0.00992574424,-0.000162615176,-5.68687046e-14,-0.0121374773,0.000915067423,-0.382669953,0.06,1.57093756,0.00103183038,-0.382667245,0.059703329,1.57090098,0,0,9.81441716e-11,0,-1.34448215e-10,0,0,0,0.0705676711,0.00741457742,0.00332665177,0.000324072532,0.0705676711,4.73234761e-05,9.92233424e-05,-0.890012906,5.59374615e-05,-4.89735732e-08
23.32,11660,APPROACH,single_red_center-f6430d296e:0001:APPROACH,PREGRASP_ROUTE,-2.0076264,0.949680689,0.043,2.62888329,-2.00734997,0.949703392,0.043296671,2.62854894,-0.000276432712,-2.27023514e-05,-0.000296670969,0.000334347591,0.000276432712,2.27023514e-05,0.000296670969,0.000334347591,-0.00535937199,-0.000518103983,0,0.00587770565,-0.00579917071,-0.000566953409,-5.43732725e-16,0.00640037921,0.000439798724,4.88494254e-05,5.43732725e-16,-0.00052267356,0.00845709545,0.00092536334,0,-0.00938333819,0.00968123453,-0.000178627074,-5.80786771e-14,-0.011813047,0.000826676798,-0.382672253,0.06,1.57093757,0.00093641559,-0.382669781,0.059703329,1.57090236,0,0,1.00027234e-10,0,-1.15650452e-10,0,0,0,0.0705676711,0.00741457742,0.00332665177,0.000324072532,0.0705676711,5.60529602e-05,9.7601025e-05,-0.890012906,5.23098032e-05,-4.98495622e-08
23.36,11680,APPROACH,single_red_center-f6430d296e:0001:APPROACH,PREGRASP_ROUTE,-2.00783407,0.949660694,0.043,2.62911096,-2.00757465,0.949681529,0.043296671,2.62879685,-0.000259422266,-2.0834557e-05,-0.000296670969,0.000314113983,0.000259422266,2.0834557e-05,0.000296670969,0.000314113983,-0.0050256609,-0.000481893356,0,0.00550775068,-0.00545374986,-0.000528407719,-3.77725587e-16,0.00601606019,0.00042808896,4.65143626e-05,3.77725587e-16,-0.000508309504,0.00822771034,0.00088530824,0,-0.00911380241,0.00943242248,-0.000192792104,2.55304185e-13,-0.0114850825,0.000743721089,-0.382674378,0.06,1.57093758,0.000846626068,-0.382672128,0.059703329,1.57090372,0,0,1.01923596e-10,0,-7.90754401e-11,0,0,0,0.0705676711,0.00741457742,0.00332665177,0.000324072532,0.0705676711,6.42045212e-05,9.58756853e-05,-0.890012906,4.87913019e-05,-5.07417083e-08
23.4,11700,APPROACH,single_red_center-f6430d296e:0001:APPROACH,PREGRASP_ROUTE,-2.00802858,0.949642116,0.043,2.62932406,-2.00778571,0.949661173,0.043296671,2.62902961,-0.000242875631,-1.90573854e-05,-0.000296670969,0.000294448293,0.000242875631,1.90573854e-05,0.000296670969,0.000294448293,-0.00470120235,-0.000447265668,0,0.00514863491,-0.00511737998,-0.000491490722,-6.54957507e-16,0.0056424201,0.000416177631,4.42250545e-05,6.54957507e-16,-0.000493785195,0.00799445181,0.000846219684,0,-0.00884136601,0.00917887906,-0.000204701755,-5.68687046e-14,-0.0111524777,0.000666048874,-0.382676337,0.06,1.57093759,0.000762313092,-0.382674295,0.059703329,1.57090507,0,0,1.03943568e-10,0,3.90458488e-12,0,0,0,0.0705676711,0.00741457742,0.00332665177,0.000324072532,0.0705676711,7.17606591e-05,9.40468004e-05,-0.890012906,4.53842246e-05,-5.17122584e-08
23.44,11720,APPROACH,single_red_center-f6430d296e:0001:APPROACH,PREGRASP_ROUTE,-2.0082103,0.949624892,0.043,2.62952301,-2.0079835,0.949642261,0.043296671,2.62924765,-0.000226800619,-1.73689624e-05,-0.000296670969,0.000275356505,0.000226800619,1.73689624e-05,0.000296670969,0.000275356505,-0.00438615177,-0.000414181825,0,0.00480047438,-0.00479022046,-0.000456167733,-5.40412582e-16,0.00527958505,0.00040406869,4.19859073e-05,5.40412582e-16,-0.000479110669,0.00775729713,0.000808116678,0,-0.00856602536,0.00892094848,-0.000214923287,-5.80786771e-14,-0.0108168629,0.000593506611,-0.38267814,0.06,1.5709376,0.00068332581,-0.382676293,0.059703329,1.57090641,0,0,1.05992402e-10,0,7.69520215e-11,0,0,0,0.0705676711,0.00741457742,0.00332665177,0.000324072532,0.0705676711,7.87186531e-05,9.21151896e-05,-0.890012906,4.20881679e-05,-5.26979767e-08
23.48,11740,APPROACH,single_red_center-f6430d296e:0001:APPROACH,PREGRASP_ROUTE,-2.00837961,0.949608961,0.043,2.62970825,-2.00816841,0.949624728,0.043296671,2.62945141,-0.000211204921,-1.57672381e-05,-0.000296670969,0.000256844543,0.000211204921,1.57672381e-05,0.000296670969,0.000256844543,-0.00408066532,-0.000382602285,0,0.00446338548,-0.00447242804,-0.000422403021,-3.74405444e-16,0.00492766722,0.000391762712,3.98007354e-05,3.74405444e-16,-0.000464281735,0.00751623089,0.000771002957,0,-0.00828776884,0.00865871625,-0.000223337252,2.55304185e-13,-0.0104782985,0.000525938623,-0.382679796,0.06,1.5709376,0.000609511159,-0.382678131,0.059703329,1.57090773,0,0,1.08012683e-10,0,1.45216721e-10,0,0,0,0.0705676711,0.00741457742,0.00332665177,0.000324072532,0.0705676711,8.5075313e-05,9.00842417e-05,-0.890012906,3.89041991e-05,-5.36720452e-08
23.52,11760,APPROACH,single_red_center-f6430d296e:0001:APPROACH,PREGRASP_ROUTE,-2.00853689,0.949594263,0.043,2.62988023,-2.0083408,0.949608513,0.043296671,2.62964132,-0.000196096381,-1.4250031e-05,-0.000296670969,0.000238918703,0.000196096381,1.4250031e-05,0.000296670969,0.000238918703,-0.00378489966,-0.000352487634,0,0.00413748519,-0.00416415062,-0.0003901585,-6.56617578e-16,0.00458676806,0.000379250962,3.7670866e-05,6.56617578e-16,-0.000449282874,0.00727124431,0.000734868543,0,-0.00800657764,0.00839132932,-0.000228207965,-5.68687046e-14,-0.0101346599,0.0004631871,-0.382681314,0.06,1.5709376,0.000540713972,-0.38267982,0.059703329,1.57090903,0,0,1.09779277e-10,0,2.41777885e-10,0,0,0,0.0705676711,0.00741457742,0.00332665177,0.000324072532,0.0705676711,9.08145421e-05,8.79591825e-05,-0.890012906,3.58355208e-05,-5.44860006e-08
23.56,11780,APPROACH,single_red_center-f6430d296e:0001:APPROACH,PREGRASP_ROUTE,-2.00868254,0.949580742,0.043,2.63003941,-2.00850106,0.949593557,0.043296671,2.62981782,-0.000181483034,-1.28152888e-05,-0.000296670969,0.000221585338,0.000181483034,1.28152888e-05,0.000296670969,0.000221585338,-0.00349901166,-0.000323799106,0,0.00382289137,-0.00386554677,-0.000359390957,-5.07211154e-16,0.00425701844,0.000366535115,3.55918511e-05,5.07211154e-16,-0.000434127068,0.00702233446,0.000699691248,0,-0.00772242652,0.00811929124,-0.000230967193,-5.80786771e-14,-0.00978727917,0.000405092085,-0.382682702,0.06,1.57093761,0.000476777031,-0.382681367,0.059703329,1.57091032,0,0,1.11606334e-10,0,3.25992837e-10,0,0,0,0.0705676711,0.00741457742,0.00332665177,0.000324072532,0.0705676711,9.5928502e-05,8.57359773e-05,-0.890012906,3.28820575e-05,-5.5325118e-08
23.6,11800,APPROACH,single_red_center-f6430d296e:0001:APPROACH,PREGRASP_ROUTE,-2.00881696,0.94956834,0.043,2.63018623,-2.00864958,0.949579801,0.043296671,2.62998138,-0.000167372731,-1.14610096e-05,-0.000296670969,0.000204850435,0.000167372731,1.14610096e-05,0.000296670969,0.000204850435,-0.00322315822,-0.000296499043,0,0.00351972301,-0.00357677811,-0.000330064209,-7.81122932e-16,0.0039385391,0.000353619889,3.35651665e-05,7.81122932e-16,-0.000418816087,0.0067695036,0.00066543813,0,-0.00743528466,0.00784297029,-0.000232130155,-5.56587322e-14,-0.0094371206,0.000351491472,-0.382683967,0.06,1.57093761,0.000417540906,-0.38268278,0.059703329,1.57091159,0,0,1.13428192e-10,0,4.03129597e-10,0,0,0,0.0705676711,0.00741457742,0.00332665177,0.000324072532,0.0705676711,0.000100415904,8.34162715e-05,-0.890012906,3.0044032e-05,-5.61676099e-08
23.64,11820,APPROACH,single_red_center-f6430d296e:0001:APPROACH,PREGRASP_ROUTE,-2.00894054,0.949557003,0.043,2.63032115,-2.00878676,0.949567188,0.043296671,2.63013243,-0.000153770636,-1.01848879e-05,-0.000296670969,0.000188717291,0.000153770636,1.01848879e-05,0.000296670969,0.000188717291,-0.00295749865,-0.000270551627,0,0.00322810337,-0.0032979974,-0.000302146223,-6.31716508e-16,0.00363143624,0.000340498745,3.15945965e-05,6.31716508e-16,-0.00040333287,0.0065127575,0.000632067102,0,-0.00714511552,0.00756516046,-0.000235273171,-5.68687046e-14,-0.00908963726,0.000302222044,-0.382685117,0.06,1.57093761,0.00036284397,-0.382684069,0.059703329,1.57091285,0,0,1.15126712e-10,0,4.24945894e-10,0,0,0,0.0705676711,0.00741457742,0.00332665177,0.000324072532,0.0705676711,0.000104324518,8.1006401e-05,-0.890012906,2.73169385e-05,-5.70037512e-08
23.68,11840,APPROACH,single_red_center-f6430d296e:0001:APPROACH,PREGRASP_ROUTE,-2.00905369,0.949546679,0.043,2.63044463,-2.00891301,0.949555663,0.043296671,2.63027144,-0.000140682398,-8.98470345e-06,-0.000296670969,0.000173189962,0.000140682398,8.98470345e-06,0.000296670969,0.000173189962,-0.00270219221,-0.000245922879,0,0.00294815749,-0.00302935349,-0.000275601534,-5.1385144e-16,0.00333582068,0.000327161287,2.96786549e-05,5.1385144e-16,-0.000387663194,0.00625210575,0.000599528022,0,-0.0068518783,0.00728813832,-0.000243650351,-5.80786771e-14,-0.00874906414,0.000257118302,-0.382686159,0.06,1.57093762,0.000312522516,-0.38268524,0.059703329,1.57091409,0,0,1.16851785e-10,0,3.46049532e-10,0,0,0,0.0705676711,0.00741457742,0.00332665177,0.000324072532,0.0705676711,0.000107687776,7.85090539e-05,-0.890012906,2.46975495e-05,-5.79663621e-08
23.72,11860,APPROACH,single_red_center-f6430d296e:0001:APPROACH,PREGRASP_ROUTE,-2.00915684,0.949537313,0.043,2.63055715,-2.00902872,0.949545172,0.043296671,2.63039887,-0.000128121557,-7.85922151e-06,-0.000296670969,0.00015828098,0.000128121557,7.85922151e-06,0.000296670969,0.00015828098,-0.00245738951,-0.000222579968,0,0.00268000293,-0.00277101324,-0.000250386341,-7.81122932e-16,0.00305183748,0.000313623733,2.78063738e-05,7.81122932e-16,-0.000371834547,0.0059875642,0.000567763397,0,-0.0065555311,0.00700619836,-0.000249820766,-5.56587322e-14,-0.00840408005,0.000216009417,-0.3826871,0.06,1.57093762,0.000266410696,-0.3826863,0.059703329,1.57091532,0,0,1.18626282e-10,0,2.70641359e-10,0,0,0,0.0705676711,0.00741457742,0.00332665177,0.000324072532,0.0705676711,0.000110386096,7.59164964e-05,-0.890012906,2.21988779e-05,-5.89483726e-08
23.76,11880,APPROACH,single_red_center-f6430d296e:0001:APPROACH,PREGRASP_ROUTE,-2.00925042,0.949528856,0.043,2.63065918,-2.00913432,0.949535663,0.043296671,2.63051518,-0.000116095888,-6.80671252e-06,-0.000296670969,0.000143996679,0.000116095888,6.80671252e-06,0.000296670969,0.000143996679,-0.00222324582,-0.00020049315,0,0.00242376502,-0.00252313462,-0.000226470274,-6.59937721e-16,0.00277960696,0.000299888804,2.59771239e-05,6.59937721e-16,-0.000355841936,0.00571914934,0.000536710699,0,-0.00625602756,0.00671946008,-0.000253789302,-5.68687046e-14,-0.00805478995,0.000178724616,-0.382687946,0.06,1.57093762,0.000224340422,-0.382687257,0.059703329,1.57091652,0,0,1.20382865e-10,0,1.99841734e-10,0,0,0,0.0705676711,0.00741457742,0.00332665177,0.000324072532,0.0705676711,0.000112415865,7.32313021e-05,-0.890012906,1.98220239e-05,-5.99150781e-08
23.8,11900,APPROACH,single_red_center-f6430d296e:0001:APPROACH,PREGRASP_ROUTE,-2.00933484,0.949521258,0.043,2.6307512,-2.00923023,0.949527083,0.043296671,2.63062086,-0.000104613157,-5.82550715e-06,-0.000296670969,0.000130343679,0.000104613157,5.82550715e-06,0.000296670969,0.000130343679,-0.0019999157,-0.000179635275,0,0.00217957097,-0.00228587104,-0.000203822434,-9.45469998e-16,0.00251925002,0.000285955342,2.41871588e-05,9.45469998e-16,-0.000339679053,0.00544687972,0.000506303085,0,-0.00595331907,0.00642787564,-0.000255460036,-3.67831621e-13,-0.00770069756,0.00014509094,-0.382688703,0.06,1.57093762,0.000186141428,-0.382688116,0.059703329,1.57091771,0,0,1.22183188e-10,0,1.51099351e-10,0,0,0,0.0705676711,0.00741457742,0.00332665177,0.000324072532,0.0705676711,0.000113768964,7.04548221e-05,-0.890012906,1.75687027e-05,-6.09065443e-08
23.84,11920,APPROACH,single_red_center-f6430d296e:0001:APPROACH,PREGRASP_ROUTE,-2.00941055,0.94951447,0.043,2.6308337,-2.00931687,0.949519384,0.043296671,2.63071637,-9.36812966e-05,-4.91410097e-06,-0.000296670969,0.000117328926,9.36812966e-05,4.91410097e-06,0.000296670969,0.000117328926,-0.00178755294,-0.000159981935,0,0.00194754997,-0.00205937443,-0.000182412201,-7.76142717e-16,0.00227089493,0.000271821482,2.24302661e-05,7.76142717e-16,-0.000323344958,0.00517077546,0.0004764705,0,-0.00564735532,0.00613132365,-0.00025492264,-5.56587322e-14,-0.00734144585,0.000114933243,-0.382689377,0.06,1.57093762,0.000151641352,-0.382688884,0.059703329,1.57091889,0,0,1.24079771e-10,0,1.23193897e-10,0,0,0,0.0705676711,0.00741457742,0.00332665177,0.000324072532,0.0705676711,0.000114432349,6.75859192e-05,-0.890012906,1.54405525e-05,-6.19469207e-08
23.88,11940,APPROACH,single_red_center-f6430d296e:0001:APPROACH,PREGRASP_ROUTE,-2.00947799,0.949508444,0.043,2.63090717,-2.00939468,0.949512515,0.043296671,2.63080221,-8.33080548e-05,-4.07121318e-06,-0.000296670969,0.000104959075,8.33080548e-05,4.07121318e-06,0.000296670969,0.000104959075,-0.0015863105,-0.000141511568,0,0.00172783326,-0.00184380227,-0.000162216591,-6.28396365e-16,0.00203467312,0.000257491767,2.07050234e-05,6.28396365e-16,-0.000306839855,0.00489085769,0.00044714073,0,-0.00533808491,0.00583002746,-0.00025246286,-5.68687046e-14,-0.0069777633,8.80741853e-05,-0.382689973,0.06,1.57093762,0.000120665605,-0.382689566,0.059703329,1.57092004,0,0,1.25961763e-10,0,9.59777584e-11,0,0,0,0.0705676711,0.00741457742,0.00332665177,0.000324072532,0.0705676711,0.000114402604,6.46258224e-05,-0.890012906,1.34381455e-05,-6.29709804e-08
23.92,11960,APPROACH,single_red_center-f6430d296e:0001:APPROACH,PREGRASP_ROUTE,-2.0095376,0.949503133,0.043,2.63097209,-2.0094641,0.949506429,0.043296671,2.63087885,-7.35010572e-05,-3.29563895e-06,-0.000296670969,9.32409372e-05,7.35010572e-05,3.29563895e-06,0.000296670969,9.32409372e-05,-0.00139634047,-0.000124205529,0,0.00152055413,-0.00163930823,-0.000143214265,-4.74009727e-16,0.0018107123,0.000242967758,1.90087366e-05,4.74009727e-16,-0.00029015817,0.00460714813,0.000418240386,0,-0.00502545577,0.00552407595,-0.000248112314,-5.80786771e-14,-0.00660955752,6.43342245e-05,-0.382690496,0.06,1.57093762,9.30373611e-05,-0.382690168,0.059703329,1.57092118,0,0,1.27804666e-10,0,7.11541585e-11,0,0,0,0.0705676711,0.00741457742,0.00332665177,0.000324072532,0.0705676711,0.000113674892,6.1576153e-05,-0.890012906,1.15628547e-05,-6.39666752e-08
23.96,11980,APPROACH,single_red_center-f6430d296e:0001:APPROACH,PREGRASP_ROUTE,-2.00958985,0.949498492,0.043,2.63102898,-2.00952558,0.949501079,0.043296671,2.63094679,-6.42680082e-05,-2.58627304e-06,-0.000296670969,8.21817039e-05,6.42680082e-05,2.58627304e-06,0.000296670969,8.21817039e-05,-0.00121779409,-0.000108048115,0,0.00132584798,-0.00144603926,-0.000125384679,-7.47921504e-16,0.00159913695,0.000228245164,1.73365648e-05,7.47921504e-16,-0.000273288974,0.00431966859,0.000389695837,0,-0.00470941575,0.00521302089,-0.000241101266,-5.56587322e-14,-0.00623543858,4.35316118e-05,-0.382690953,0.06,1.57093762,6.85776335e-05,-0.382690697,0.059703329,1.57092229,0,0,1.29534309e-10,0,8.49479436e-11,0,0,0,0.0705676711,0.00741457742,0.00332665177,0.000324072532,0.0705676711,0.000112235516,5.84384707e-05,-0.890012906,9.81734769e-06,-6.48873562e-08
24,12000,APPROACH,single_red_center-f6430d296e:0001:APPROACH,PREGRASP_ROUTE,-2.00963518,0.949494475,0.043,2.63107832,-2.00957956,0.949496417,0.043296671,2.63100654,-5.5616613e-05,-1.94228744e-06,-0.000296670969,7.17885416e-05,5.5616613e-05,1.94228744e-06,0.000296670969,7.17885416e-05,-0.00105082172,-9.30265589e-05,0,0.00114385226,-0.00126414986,-0.000108709685,-6.41676936e-16,0.00140009206,0.000213328138,1.56831263e-05,6.41676936e-16,-0.000256239796,0.0040284406,0.000361434068,0,-0.004389913,0.00489730638,-0.000232494365,-5.68687046e-14,-0.00585660275,2.54823842e-05,-0.382691347,0.06,1.57093762,4.71052698e-05,-0.382691155,0.059703329,1.57092339,0,0,1.31296222e-10,0,9.2070245e-11,0,0,0,0.0705676711,0.00741457742,0.00332665177,0.000324072532,0.0705676711,0.000110079312,5.52100841e-05,-0.890012906,8.20183847e-06,-6.58144389e-08
24.04,12020,APPROACH,single_red_center-f6430d296e:0001:APPROACH,PREGRASP_ROUTE,-2.00967407,0.949491035,0.043,2.63112065,-2.00962651,0.949492398,0.043296671,2.63105858,-4.75544061e-05,-1.36298183e-06,-0.000296670969,6.20685556e-05,4.75544061e-05,1.36298183e-06,0.000296670969,6.20685556e-05,-0.000895572861,-7.91309891e-05,0,0.000974706518,-0.00109379255,-9.31773218e-05,-4.97250726e-16,0.00121371304,0.000198219687,1.40463327e-05,4.97250726e-16,-0.000239006526,0.00373348502,0.000333383492,0,-0.00406689642,0.00457707042,-0.000222404092,-5.80786771e-14,-0.00547322008,1.00003584e-05,-0.382691684,0.06,1.57093762,2.84368531e-05,-0.38269155,0.059703329,1.57092447,0,0,1.33035586e-10,0,9.71465166e-11,0,0,0,0.0705676711,0.00741457742,0.00332665177,0.000324072532,0.0705676711,0.000107202236,5.18921847e-05,-0.890012906,6.71750923e-06,-6.67221658e-08
24.08,12040,APPROACH,single_red_center-f6430d296e:0001:APPROACH,PREGRASP_ROUTE,-2.00970698,0.94948813,0.043,2.63115647,-2.00966689,0.949488977,0.043296671,2.63110344,-4.00888695e-05,-8.47755178e-07,-0.000296670969,5.30290751e-05,4.00888695e-05,8.47755178e-07,0.000296670969,5.30290751e-05,-0.000752196218,-6.6354355e-05,0,0.000818552295,-0.000935114029,-7.87791991e-05,-3.52824516e-16,0.00104013091,0.000182917811,1.2424844e-05,3.52824516e-16,-0.000221578616,0.00343482162,0.000305474697,0,-0.00374031605,0.00425188709,-0.000209781326,-6.0498622e-14,-0.00508440647,-3.10287613e-06,-0.382691968,0.06,1.57093762,1.23867359e-05,-0.382691885,0.059703329,1.57092553,0,0,1.34638463e-10,0,8.51225825e-11,0,0,0,0.0705676711,0.00741457742,0.00332665177,0.000324072532,0.0705676711,0.000103594902,4.84884506e-05,-0.890012906,5.3665889e-06,-6.75227806e-08
24.12,12060,APPROACH,single_red_center-f6430d296e:0001:APPROACH,PREGRASP_ROUTE,-2.0097344,0.949485712,0.043,2.63118631,-2.00970117,0.949486109,0.043296671,2.63114163,-3.32275783e-05,-3.96166788e-07,-0.000296670969,4.46777268e-05,3.32275783e-05,3.96166788e-07,0.000296670969,4.46777268e-05,-0.000620839722,-5.46923276e-05,0,0.000675533114,-0.000788261319,-6.5504581e-05,-6.3503665e-16,0.00087948793,0.000167421597,1.08122534e-05,6.3503665e-16,-0.000203954816,0.00313246883,0.000277641133,0,-0.00341012343,0.0039217905,-0.000194965288,-5.68687046e-14,-0.00468994769,-1.40179635e-05,-0.382692204,0.06,1.57093762,-1.23290031e-06,-0.382692166,0.059703329,1.57092657,0,0,1.3626521e-10,0,5.26942131e-11,0,0,0,0.0705676711,0.00741457742,0.00332665177,0.000324072532,0.0705676711,9.92469458e-05,4.49968437e-05,-0.890012906,4.15070792e-06,-6.8308373e-08
24.16,12080,APPROACH,single_red_center-f6430d296e:0001:APPROACH,PREGRASP_ROUTE,-2.00975681,0.949483739,0.043,2.63121069,-2.00972983,0.949483747,0.043296671,2.63117367,-2.69780091e-05,-7.99873845e-09,-0.000296670969,3.70219953e-05,2.69780091e-05,7.99873845e-09,0.000296670969,3.70219953e-05,-0.000501650603,-4.41431716e-05,0,0.000545794398,-0.000653387102,-5.3346756e-05,-4.93930583e-16,0.000731935026,0.000151736499,9.20358441e-06,4.93930583e-16,-0.000186140628,0.00282644339,0.000249819753,0,-0.00307627195,0.00358742503,-0.000179353033,-5.80786771e-14,-0.00429102515,-2.29377886e-05,-0.382692397,0.06,1.57093762,-1.26121139e-05,-0.382692396,0.059703329,1.57092759,0,0,1.37901768e-10,0,2.53329548e-11,0,0,0,0.0705676711,0.00741457742,0.00332665177,0.000324072532,0.0705676711,9.41563184e-05,4.14139845e-05,-0.890012906,3.07015028e-06,-6.91001565e-08
24.2,12100,APPROACH,single_red_center-f6430d296e:0001:APPROACH,PREGRASP_ROUTE,-2.0097747,0.949482166,0.043,2.63123015,-2.00975335,0.949481849,0.043296671,2.63120008,-2.13475345e-05,3.16879711e-07,-0.000296670969,3.00694669e-05,2.13475345e-05,3.16879711e-07,0.000296670969,3.00694669e-05,-0.000394775457,-3.47075937e-05,0,0.000429483392,-0.000530639313,-4.2303924e-05,-7.74482646e-16,0.000597614824,0.000135863856,7.59633029e-06,7.74482646e-16,-0.000168131431,0.00251676005,0.000221951594,0,-0.00273871711,0.00324886562,-0.000162995256,-5.56587322e-14,-0.00388757562,-3.00574835e-05,-0.38269255,0.06,1.57093762,-2.19432358e-05,-0.382692582,0.059703329,1.57092858,0,0,1.39534968e-10,0,3.53178275e-12,0,0,0,0.0705676711,0.00741457742,0.00332665177,0.000324072532,0.0705676711,8.83177104e-05,3.77404039e-05,-0.890012906,2.12640728e-06,-6.98922033e-08
24.24,12120,APPROACH,single_red_center-f6430d296e:0001:APPROACH,PREGRASP_ROUTE,-2.00978856,0.949480948,0.043,2.63124523,-2.00977221,0.949480369,0.043296671,2.6312214,-1.63435323e-05,5.78489966e-07,-0.000296670969,2.38279392e-05,1.63435323e-05,5.78489966e-07,0.000296670969,2.38279392e-05,-0.000300360335,-2.63885683e-05,0,0.000326749076,-0.000420163343,-3.23752094e-05,-6.26736294e-16,0.000476672222,0.000119803007,5.98664113e-06,6.26736294e-16,-0.000149923146,0.00220343138,0.000193982308,0,-0.00239741685,0.00290609981,-0.000145917485,-5.68687046e-14,-0.00347932086,-3.55744348e-05,-0.382692669,0.06,1.57093762,-2.94208311e-05,-0.382692726,0.059703329,1.57092956,0,0,1.41221132e-10,0,-6.27159236e-12,0,0,0,0.0705676711,0.00741457742,0.00332665177,0.000324072532,0.0705676711,8.1723116e-05,3.39757177e-05,-0.890012906,1.32120946e-06,-7.07183275e-08
24.28,12140,APPROACH,single_red_center-f6430d296e:0001:APPROACH,PREGRASP_ROUTE,-2.00979889,0.94948004,0.043,2.63125647,-2.00978692,0.949479263,0.043296671,2.63123817,-1.19734313e-05,7.76698553e-07,-0.000296670969,1.83053481e-05,1.19734313e-05,7.76698553e-07,0.000296670969,1.83053481e-05,-0.000218550835,-1.9191143e-05,0,0.000237742056,-0.000322104735,-2.35618355e-05,-4.69029513e-16,0.000369257077,0.0001035539,4.37069249e-06,4.69029513e-16,-0.000131515021,0.00188646745,0.000165862651,0,-0.00205233178,0.00255913165,-0.000128259609,-5.92886495e-14,-0.00306627094,-3.96882908e-05,-0.382692757,0.06,1.57093762,-3.52416801e-05,-0.382692833,0.059703329,1.57093051,0,0,1.42942648e-10,0,-9.54754438e-12,0,0,0,0.0705676711,0.00741457742,0.00332665177,0.000324072532,0.0705676711,7.43636603e-05,3.01187064e-05,-0.890012906,6.56040712e-07,-7.15646114e-08
24.32,12160,APPROACH,single_red_center-f6430d296e:0001:APPROACH,PREGRASP_ROUTE,-2.00980621,0.949479398,0.043,2.63126443,-2.00979797,0.949478486,0.043296671,2.63125092,-8.24455497e-06,9.11241003e-07,-0.000296670969,1.35095502e-05,8.24455497e-06,9.11241003e-07,0.000296670969,1.35095502e-05,-0.000149492201,-1.31222257e-05,0,0.000162614457,-0.000236610494,-1.58692042e-05,-7.4294129e-16,0.00027551916,8.71182928e-05,2.74697854e-06,7.4294129e-16,-0.000112904703,0.00156587571,0.000137548924,0,-0.00170342542,0.0022080545,-0.000110118248,-5.56587322e-14,-0.00264861708,-4.26009681e-05,-0.382692819,0.06,1.57093762,-3.96048497e-05,-0.382692909,0.059703329,1.57093145,0,0,1.44651645e-10,0,-9.59440053e-12,0,0,0,0.0705676711,0.00741457742,0.00332665177,0.000324072532,0.0705676711,6.6234152e-05,2.61694692e-05,-0.890012906,1.32204297e-07,-7.24046477e-08
24.36,12180,APPROACH,single_red_center-f6430d296e:0001:APPROACH,PREGRASP_ROUTE,-2.00981102,0.949478975,0.043,2.63126967,-2.00980586,0.949477993,0.043296671,2.63126022,-5.16419598e-06,9.81782258e-07,-0.000296670969,9.44854168e-06,5.16419598e-06,9.81782258e-07,0.000296670969,9.44854168e-06,-9.33294407e-05,-8.19035415e-06,0,0.000101519804,-0.000163825687,-9.30367707e-06,-5.91874795e-16,0.000195608502,7.04962464e-05,1.11332292e-06,5.91874795e-16,-9.40886976e-05,0.00124166071,0.000109003381,0,-0.0013506644,0.001852896,-9.15178986e-05,-5.68687046e-14,-0.00222625429,-4.45166599e-05,-0.38269286,0.06,1.57093762,-4.2711683e-05,-0.382692957,0.059703329,1.57093236,0,0,1.46342494e-10,0,-4.53111977e-12,0,0,0,0.0705676711,0.00741457742,0.00332665177,0.000324072532,0.0705676711,5.73280447e-05,2.21278558e-05,-0.890012906,-2.48692681e-07,-7.3235761e-08
24.4,12200,APPROACH,single_red_center-f6430d296e:0001:APPROACH,PREGRASP_ROUTE,-2.00981385,0.949478727,0.043,2.63127274,-2.00981111,0.949477739,0.043296671,2.63126661,-2.73968506e-06,9.87902264e-07,-0.000296670969,6.1304758e-06,2.73968506e-06,9.87902264e-07,0.000296670969,6.1304758e-06,-5.02074359e-05,-4.40545082e-06,0,5.46128887e-05,-0.000103894008,-3.87246226e-06,-4.44128442e-16,0.00012967684,5.36865717e-05,-5.32988566e-07,4.44128442e-16,-7.50639517e-05,0.00091382398,8.01945969e-05,0,-0.000994018665,0.00149359688,-7.24166801e-05,-5.92886495e-14,-0.00179892113,-4.56418428e-05,-0.382692885,0.06,1.57093762,-4.47657773e-05,-0.382692981,0.059703329,1.57093324,0,0,1.48024931e-10,0,1.15941105e-11,0,0,0,0.0705676711,0.00741457742,0.00332665177,0.000324072532,0.0705676711,4.76365716e-05,1.79931529e-05,-0.890012906,-4.84867677e-07,-7.40629995e-08
24.44,12220,APPROACH,single_red_center-f6430d296e:0001:APPROACH,PREGRASP_ROUTE,-2.00981522,0.949478607,0.043,2.63127423,-2.00981424,0.949477678,0.043296671,2.63127067,-9.78338309e-07,9.29067285e-07,-0.000296670969,3.5634933e-06,9.78338309e-07,9.29067285e-07,0.000296670969,3.5634933e-06,-2.02710731e-05,-1.7785628e-06,0,2.20496361e-05,-5.69613793e-05,4.15015393e-07,-7.28000647e-16,7.78807149e-05,3.66903062e-05,-2.19357819e-06,7.28000647e-16,-5.58310788e-05,0.000582363826,5.10978126e-05,0,-0.000633461653,0.00113028441,-5.30796418e-05,-5.56587322e-14,-0.00136697855,-4.61852845e-05,-0.382692896,0.06,1.57093762,-4.59730073e-05,-0.382692987,0.059703329,1.57093411,0,0,1.49706918e-10,0,2.44062296e-11,0,0,0,0.0705676711,0.00741457742,0.00332665177,0.000324072532,0.0705676711,3.71536781e-05,1.37643317e-05,-0.890012906,-5.75126656e-07,-7.48893174e-08
24.48,12240,APPROACH,single_red_center-f6430d296e:0001:APPROACH,PREGRASP_ROUTE,-2.00981565,0.949478569,0.043,2.6312747,-2.00981576,0.949477765,0.043296671,2.63127295,1.1255442e-07,8.04697868e-07,-0.000296670969,1.75578462e-06,1.1255442e-07,8.04697868e-07,0.000296670969,1.75578462e-06,-3.66537225e-06,-3.21588869e-07,0,3.98696113e-06,-2.31728391e-05,3.54781242e-06,-5.81914366e-16,4.03745276e-05,1.95074668e-05,-3.86940129e-06,5.81914366e-16,-3.63875665e-05,0.00024727521,2.16952527e-05,0,-0.000268970463,0.000762985236,-3.35253812e-05,-5.68687046e-14,-0.000930410205,-4.63580521e-05,-0.3826929,0.06,1.57093762,-4.65415489e-05,-0.382692979,0.059703329,1.57093495,0,0,1.51377581e-10,0,3.54264787e-11,0,0,0,0.0705676711,0.00741457742,0.00332665177,0.000324072532,0.0705676711,2.58728477e-05,9.44111054e-06,-0.890012906,-5.17908721e-07,-7.57096852e-08
24.52,12260,APPROACH,single_red_center-f6430d296e:0001:APPROACH,PREGRASP,-2.00981722,0.949481933,0.043,2.63127291,-2.00981626,0.949478061,0.043296671,2.63127399,-9.60417737e-07,3.87164753e-06,-0.000296670969,-1.08427595e-06,9.60417737e-07,3.87164753e-06,0.000296670969,1.08427595e-06,-0.000421203788,0.000924883502,0,-0.000503679714,-1.51694193e-05,3.59196446e-05,-4.24207586e-16,7.16834196e-06,-0.000406034369,0.000888963857,4.24207586e-16,-0.000510848056,-0.0773216563,0.169783623,0,-0.0924619663,-0.00421387445,0.0113201642,2.55304185e-13,-0.00369790349,-4.63718954e-05,-0.382692571,0.06,1.57093762,-4.66799685e-05,-0.38269295,0.059703329,1.57093579,0,0,5.02103029e-10,0,9.07672094e-08,0,0,0,0.0705676711,0.00741457742,0.00332665177,0.000324072532,0.0705676711,-1.01723145e-05,4.25853922e-05,-0.890012906,-3.45455666e-06,-2.20824869e-07
24.56,12280,APPROACH,single_red_center-f6430d296e:0001:APPROACH,PREGRASP,-2.00996791,0.949812822,0.043,2.63109271,-2.00984062,0.949536104,0.043296671,2.63124974,-0.000127293893,0.000276718081,-0.000296670969,-0.000157027813,0.000127293893,0.000276718081,0.000296670969,0.000157027813,-0.00884248308,0.0194160767,0,-0.010573594,-0.0018105318,0.00426291053,-1.12807785e-15,-0.00189720649,-0.00703195128,0.0151531662,1.12807785e-15,-0.00867638751,-0.336423424,0.738689612,0,-0.402266222,-0.150182615,0.357099237,-3.65411677e-13,-0.14014748,-4.62998223e-05,-0.382660226,0.06,1.57093762,-4.58733134e-05,-0.382687277,0.059703329,1.57094523,0,0,4.80348833e-08,0,2.25230842e-06,0,0,0,0.0705676711,0.00741457742,0.00332665177,0.000324072532,0.0705676711,-0.00101339443,0.00124894132,-0.890012906,-0.000154654736,-2.43860904e-05
24.6,12300,APPROACH,single_red_center-f6430d296e:0001:APPROACH,PREGRASP,-2.01065118,0.951313057,0.043,2.63027574,-2.01005196,0.950022122,0.043296671,2.63101538,-0.000599212679,0.00129093534,-0.000296670969,-0.000739635441,0.000599212679,0.00129093534,0.000296670969,0.000739635441,-0.026760402,0.0587553996,0,-0.0319950031,-0.00958364218,0.0217974013,-5.48712939e-16,-0.0108379546,-0.0171767598,0.0369579983,5.48712939e-16,-0.0211570484,-0.552506589,1.21292753,0,-0.660421224,-0.410267124,0.947953322,-5.80786771e-14,-0.407532863,-4.59970889e-05,-0.382513443,0.06,1.57093762,-4.19433247e-05,-0.382639761,0.059703329,1.57098553,0,0,1.585633e-07,0,3.11786199e-06,0,0,0,0.0705676711,0.00741457742,0.00332665177,0.000324072532,0.0705676711,-0.00335088877,0.00358832464,-0.890012906,-0.000505020269,-7.98798139e-05
24.64,12320,APPROACH,single_red_center-f6430d296e:0001:APPROACH,PREGRASP,-2.01221316,0.954742313,0.043,2.62840847,-2.01073456,0.9515521,0.043296671,2.63023083,-0.00147860376,0.00319021318,-0.000296670969,-0.00182236104,0.00147860376,0.00319021318,0.000296670969,0.00182236104,-0.0525034462,0.115260884,0,-0.0627574654,-0.025085727,0.0557538077,-3.95986372e-16,-0.0290434572,-0.0274177191,0.0595070764,3.95986372e-16,-0.0337140082,-0.728048927,1.59781914,0,-0.869771079,-0.692215925,1.57178296,2.55304185e-13,-0.69664557,-4.54444115e-05,-0.382177124,0.06,1.57093762,-3.62015768e-05,-0.382490037,0.059703329,1.57104837,0,0,2.86352156e-07,0,3.15052707e-06,0,0,0,0.0705676711,0.00741457742,0.00332665177,0.000324072532,0.0705676711,-0.00645181245,0.00659305907,-0.890012906,-0.000969753241,-0.000143820015
24.68,12340,APPROACH,single_red_center-f6430d296e:0001:APPROACH,PREGRASP,-2.0149348,0.960716616,0.043,2.6251558,-2.01219931,0.954778028,0.043296671,2.62852608,-0.0027354849,0.00593858784,-0.000296670969,-0.00337027714,0.0027354849,0.00593858784,0.000296670969,0.00337027714,-0.0844940663,0.185462052,0,-0.100968059,-0.0481928648,0.105540898,-6.79858578e-16,-0.0562417183,-0.0363012014,0.0799211542,6.79858578e-16,-0.0447263406,-0.865253131,1.89868546,0,-1.03343361,-0.94861791,2.13604815,-5.68687046e-14,-0.957695454,-4.48850343e-05,-0.38158854,0.06,1.57093762,-3.39294558e-05,-0.382173617,0.059703329,1.57110479,0,0,4.02643422e-07,0,2.63403972e-06,0,0,0,0.0705676711,0.00741457742,0.00593858784,0.000324072532,0.0705676711,-0.00976727318,0.0100828403,-0.890012906,-0.00149700146,-0.000201881433
24.72,12360,APPROACH,single_red_center-f6430d296e:0001:APPROACH,PREGRASP,-2.01903575,0.969717879,0.043,2.62025548,-2.01473064,0.960292735,0.043296671,2.62556579,-0.00430510384,0.00942514436,-0.000296670969,-0.00531031004,0.00430510384,0.00942514436,0.000296670969,0.00531031004,-0.121233632,0.266104296,0,-0.144870768,-0.0778709456,0.169094784,-5.53693153e-16,-0.0911879942,-0.0433626869,0.0970095116,5.53693153e-16,-0.0536827738,-0.96572205,2.12080066,0,-1.15507835,-1.15838074,2.60301304,-5.80786771e-14,-1.17341259,-4.47711273e-05,-0.380695367,0.06,1.57093762,-4.06967274e-05,-0.381630414,0.059703329,1.57112788,0,0,4.92872735e-07,0,1.89080958e-06,0,0,0,0.0705676711,0.00741457742,0.00942514436,0.000324072532,0.0705676711,-0.0129643012,0.0139449506,-0.890012906,-0.00205730797,-0.000246868547
24.76,12380,APPROACH,single_red_center-f6430d296e:0001:APPROACH,PREGRASP,-2.0246774,0.982103372,0.043,2.61351164,-2.01856279,0.968592991,0.043296671,2.62107196,-0.00611461185,0.0135103806,-0.000296670969,-0.00756031182,0.00611461185,0.0135103806,0.000296670969,0.00756031182,-0.161271974,0.354144752,0,-0.192872756,-0.112732648,0.243806745,-3.97646444e-16,-0.132348203,-0.0485393258,0.110338006,3.97646444e-16,-0.0605245523,-1.03019904,2.26937635,0,-1.23916985,-1.31745131,2.96638871,2.55304185e-13,-1.34174447,-4.53540278e-05,-0.37945388,0.06,1.57093761,-5.98033294e-05,-0.380807404,0.059703329,1.57110216,0,0,5.52707285e-07,0,1.13724445e-06,0,0,0,0.0705676711,0.00741457742,0.0135103806,0.000324072532,0.0705676711,-0.015912016,0.018090023,-0.890012906,-0.00263331896,-0.000276630617
24.8,12400,APPROACH,single_red_center-f6430d296e:0001:APPROACH,PREGRASP,-2.0319626,0.998110758,0.043,2.60478946,-2.02387224,0.980066855,0.043296671,2.61482866,-0.00809035297,0.0180439025,-0.000296670969,-0.0100391952,0.00809035297,0.0180439025,0.000296670969,0.0100391952,-0.203190023,0.446745218,0,-0.243554772,-0.151308689,0.326896935,-2.68160876e-16,-0.178180086,-0.0518813344,0.119848283,2.68160876e-16,-0.0653746864,-1.06577324,2.34996424,0,-1.28423537,-1.42431148,3.22157273,-6.0498622e-14,-1.46411153,-4.57829051e-05,-0.377827967,0.06,1.57093762,-9.16657854e-05,-0.379659002,0.059703329,1.57102327,0,0,5.82643571e-07,0,4.12292809e-07,0,0,0,0.0705676711,0.00809035297,0.0180439025,0.000324072532,0.0705676711,-0.0185461351,0.0223980826,-0.890012906,-0.00321115664,-0.000291438016
24.84,12420,APPROACH,single_red_center-f6430d296e:0001:APPROACH,PREGRASP,-2.04094527,1.01786908,0.043,2.5940138,-2.03077785,0.99499204,0.043296671,2.60668039,-0.0101674236,0.0228770435,-0.000296670969,-0.0126665914,0.0101674236,0.0228770435,0.000296670969,0.0126665914,-0.245957632,0.54129582,0,-0.295338809,-0.192208664,0.415647535,-5.55353224e-16,-0.227181198,-0.0537489682,0.125648285,5.55353224e-16,-0.0681576112,-1.06729327,2.36751001,0,-1.30021313,-1.48261226,3.37041614,-5.80786771e-14,-1.5387045,-4.59410016e-05,-0.375787974,0.06,1.57093761,-0.000134238481,-0.378146615,0.059703329,1.57089458,0,0,5.87871109e-07,0,-1.0003464e-07,0,0,0,0.0705676711,0.0101674236,0.0228770435,0.000324072532,0.0705676711,-0.0209095778,0.0267331482,-0.890012906,-0.00377401739,-0.000293940133
24.88,12440,APPROACH,single_red_center-f6430d296e:0001:APPROACH,PREGRASP,-2.0516312,1.04140725,0.043,2.58116156,-2.03934623,1.01353975,0.043296671,2.5965313,-0.0122849652,0.0278675016,-0.000296670969,-0.0153697377,0.0122849652,0.0278675016,0.000296670969,0.0153697377,-0.288152644,0.635376612,0,-0.347222103,-0.234186816,0.507437427,-4.12587086e-16,-0.277920919,-0.0539658278,0.127939185,4.12587086e-16,-0.0693011836,-1.03723444,2.32732833,0,-1.28995566,-1.49450688,3.41577879,2.55304185e-13,-1.57273215,-4.52806018e-05,-0.373310276,0.06,1.57093762,-0.000184496497,-0.376238049,0.059703329,1.57072482,0,0,5.72886789e-07,0,-6.34722546e-07,0,0,0,0.0705676711,0.0122849652,0.0278675016,0.000324072532,0.0705676711,-0.0229840619,0.0309809824,-0.890012906,-0.00431489905,-0.000286361063
24.92,12460,APPROACH,single_red_center-f6430d296e:0001:APPROACH,PREGRASP,-2.06398549,1.06866399,0.043,2.56625912,-2.04959552,1.03577933,0.043296671,2.58433867,-0.0143899674,0.0328846671,-0.000296670969,-0.0180795496,0.0143899674,0.0328846671,0.000296670969,0.0180795496,-0.329236223,0.72681635,0,-0.397581587,-0.276089953,0.599834326,-6.96459291e-16,-0.329102633,-0.0531462702,0.126982024,6.96459291e-16,-0.0684789541,-1.00102209,2.23583211,0,-1.2348608,-1.47083923,3.37918018,-5.56587322e-14,-1.56571889,-4.39617271e-05,-0.370377101,0.06,1.57093762,-0.000239123646,-0.373907293,0.059703329,1.57052247,0,0,5.41957814e-07,0,-8.5022273e-07,0,0,0,0.0705676711,0.0143899674,0.0328846671,0.000324072532,0.0705676711,-0.0248315611,0.0350768481,-0.890012906,-0.00482000413,-0.000270824165
24.96,12480,APPROACH,single_red_center-f6430d296e:0001:APPROACH,PREGRASP,-2.07793797,1.09949137,0.043,2.54938416,-2.0615024,1.06168744,0.043296671,2.57011335,-0.0164355691,0.0378039238,-0.000296670969,-0.0207291936,0.0164355691,0.0378039238,0.000296670969,0.0207291936,-0.367897517,0.813615081,0,-0.445718355,-0.316959117,0.690580506,-5.48712939e-16,-0.379417082,-0.0509384,0.123034575,5.48712939e-16,-0.0663012735,-0.928157286,2.09672604,0,-1.16846832,-1.41169919,3.25793519,-5.80786771e-14,-1.52356307,-4.41561584e-05,-0.366977552,0.06,1.57093756,-0.000295614192,-0.371134277,0.059703329,1.5702984,0,0,5.01477372e-07,0,-1.15618917e-06,0,0,0,0.0705676711,0.0164355691,0.0378039238,0.000324072532,0.0705676711,-0.0264351495,0.0388848805,-0.890012906,-0.00528232603,-0.000250521215
25,12500,APPROACH,single_red_center-f6430d296e:0001:APPROACH,PREGRASP,-2.09337254,1.13366755,0.043,2.53064265,-2.07500508,1.09115327,0.043296671,2.55391137,-0.018367466,0.0425142756,-0.000296670969,-0.0232687188,0.018367466,0.0425142756,0.000296670969,0.0232687188,-0.403247996,0.894001928,0,-0.49075071,-0.355815928,0.777577643,-4.25867657e-16,-0.427875328,-0.0474320684,0.116424285,4.25867657e-16,-0.0628753823,-0.84164574,1.9164224,0,-1.07511546,-1.31792504,3.06240925,2.55304185e-13,-1.45239735,-4.39373989e-05,-0.363107784,0.06,1.57093765,-0.000352503881,-0.367905462,0.059703329,1.57005956,0,0,4.48259503e-07,0,-1.47952058e-06,0,0,0,0.0705676711,0.018367466,0.0425142756,0.000324072532,0.0705676711,-0.0276465335,0.0423653774,-0.890012906,-0.00569789688,-0.000223844392
25.04,12520,APPROACH,single_red_center-f6430d296e:0001:APPROACH,PREGRASP,-2.11014792,1.17090486,0.043,2.51018066,-2.09000363,1.12398802,0.043296671,2.53582685,-0.0201442937,0.0469168444,-0.000296670969,-0.025646188,0.0201442937,0.0469168444,0.000296670969,0.025646188,-0.43480713,0.966433837,0,-0.531629995,-0.391766886,0.859023275,-6.99779434e-16,-0.473515382,-0.0430402449,0.107410563,6.99779434e-16,-0.0581146127,-0.733519076,1.69951184,0,-0.965945887,-1.19669965,2.80595295,-5.56587322e-14,-1.35020047,-4.35156249e-05,-0.358771912,0.06,1.5709376,-0.000407834516,-0.364214299,0.059703329,1.56981124,0,0,3.87518661e-07,0,-1.5565217e-06,0,0,0,0.0705676711,0.0201442937,0.0469168444,0.000324072532,0.0705676711,-0.0285057065,0.045434945,-0.890012906,-0.00605484166,-0.000193460596
25.08,12540,APPROACH,single_red_center-f6430d296e:0001:APPROACH,PREGRASP,-2.12809525,1.21085797,0.043,2.48817492,-2.10636589,1.15993497,0.043296671,2.51599225,-0.0217293543,0.0509230005,-0.000296670969,-0.0278173301,0.0217293543,0.0509230005,0.000296670969,0.0278173301,-0.461747687,1.02955046,0,-0.567796903,-0.424063693,0.933291028,-5.5037301e-16,-0.515438427,-0.0376839937,0.0962594323,5.5037301e-16,-0.052358476,-0.617084335,1.45211587,0,-0.835641031,-1.0530593,2.5003385,-5.80786771e-14,-1.22511832,-4.28549155e-05,-0.353982909,0.06,1.57093764,-0.000459611188,-0.360061814,0.059703329,1.56956133,0,0,3.23331104e-07,0,-1.63801265e-06,0,0,0,0.0705676711,0.0217293543,0.0509230005,0.000324072532,0.0705676711,-0.0290030624,0.0480270141,-0.890012906,-0.00635223149,-0.000161340043
25.12,12560,APPROACH,single_red_center-f6430d296e:0001:APPROACH,PREGRASP,-2.14702337,1.25313032,0.043,2.46483064,-2.12393139,1.19867645,0.043296671,2.4945722,-0.023091984,0.0544538673,-0.000296670969,-0.0297415661,0.023091984,0.0544538673,0.000296670969,0.0297415661,-0.483751469,1.08223908,0,-0.598491404,-0.452051915,0.998967475,-4.07606872e-16,-0.552884912,-0.0316995537,0.0832716026,4.07606872e-16,-0.0456064918,-0.481249439,1.17849305,0,-0.69707538,-0.891229144,2.15248661,-5.92886495e-14,-1.0764822,-4.23347398e-05,-0.348763806,0.06,1.57093758,-0.000506001747,-0.35545762,0.059703329,1.56931726,0,0,2.59542819e-07,0,-1.5527215e-06,0,0,0,0.0705676711,0.023091984,0.0544538673,0.000324072532,0.0705676711,-0.0291590287,0.0500520202,-0.890012906,-0.00658170368,-0.000129457289
25.16,12580,APPROACH,single_red_center-f6430d296e:0001:APPROACH,PREGRASP,-2.16672087,1.2972854,0.043,2.44037316,-2.14251646,1.23984277,0.043296671,2.47176017,-0.0242044119,0.0574426231,-0.000296670969,-0.0313870196,0.0242044119,0.0574426231,0.000296670969,0.0313870196,-0.500237242,1.12356878,0,-0.62333129,-0.475195565,1.05483336,-6.93139149e-16,-0.585204152,-0.0250416772,0.0687354192,6.93139149e-16,-0.0381271387,-0.34518009,0.885263007,0,-0.540687453,-0.713718537,1.76995826,-5.56587322e-14,-0.910603159,-4.14785388e-05,-0.343147822,0.06,1.57093768,-0.000545593683,-0.350420663,0.059703329,1.56908649,0,0,1.97795404e-07,0,-1.50881419e-06,0,0,0,0.0705676711,0.0242044119,0.0574426231,0.000324072532,0.0705676711,-0.0289351385,0.0514530944,-0.890012906,-0.00674300059,-9.85823985e-05
25.2,12600,APPROACH,single_red_center-f6430d296e:0001:APPROACH,PREGRASP,-2.18696609,1.34285473,0.043,2.4150489,-2.16191771,1.28302005,0.043296671,2.44777304,-0.0250483783,0.0598346824,-0.000296670969,-0.0327241391,0.0250483783,0.0598346824,0.000296670969,0.0327241391,-0.511005483,1.15283952,0,-0.641832024,-0.493068288,1.09990797,-5.47052867e-16,-0.611832993,-0.0179371955,0.0529315504,5.47052867e-16,-0.0299990302,-0.19240375,0.576195777,0,-0.383065034,-0.527025738,1.36414517,-5.80786771e-14,-0.728347325,-4.09800332e-05,-0.337178721,0.06,1.57093755,-0.000577194147,-0.344979951,0.059703329,1.56887538,0,0,1.42119338e-07,0,-1.3341999e-06,0,0,0,0.0705676711,0.0250483783,0.0598346824,0.000324072532,0.0705676711,-0.0283848456,0.0521778108,-0.890012906,-0.00683121148,-7.07906087e-05
25.24,12620,APPROACH,single_red_center-f6430d296e:0001:APPROACH,PREGRASP,-2.20752371,1.38934522,0.043,2.3891161,-2.18191709,1.32775892,0.043296671,2.422848,-0.0256066274,0.0615863019,-0.000296670969,-0.0337318972,0.0256066274,0.0615863019,0.000296670969,0.0337318972,-0.515922551,1.16956262,0,-0.653646829,-0.505337452,1.13338414,-3.91006158e-16,-0.632339059,-0.0105850997,0.0361784776,3.91006158e-16,-0.0213077704,-0.0473681209,0.258382105,0,-0.211008818,-0.334124692,0.943408926,2.55304185e-13,-0.534346581,-4.01132703e-05,-0.330910898,0.06,1.57093761,-0.00060001734,-0.339174899,0.059703329,1.56868983,0,0,9.18750155e-08,0,-1.11907584e-06,0,0,0,0.0705676711,0.0256066274,0.0615863019,0.000324072532,0.0705676711,-0.0274860774,0.0522002822,-0.890012906,-0.00684654408,-4.56960486e-05
25.28,12640,APPROACH,single_red_center-f6430d296e:0001:APPROACH,PREGRASP,-2.22815707,1.43624844,0.043,2.36284633,-2.20228615,1.37358301,0.043296671,2.39723827,-0.0258709233,0.0626654316,-0.000296670969,-0.0343919467,0.0258709233,0.0626654316,0.000296670969,0.0343919467,-0.514801481,1.17345286,0,-0.658650069,-0.511812144,1.15469019,-6.63257864e-16,-0.646350517,-0.00298933729,0.018762669,6.63257864e-16,-0.0122995524,0.0960887123,-0.0635232514,0,-0.0336332058,-0.138262555,0.513103187,-5.68687046e-14,-0.331869204,-3.91986632e-05,-0.324408795,0.06,1.5709377,-0.000613584188,-0.333055351,0.059703329,1.56853513,0,0,4.98900791e-08,0,-9.95226813e-07,0,0,0,0.0705676711,0.0258709233,0.0626654316,0.000324072532,0.0705676711,-0.0262623287,0.0514855678,-0.890012906,-0.00678853307,-2.47299031e-05
25.32,12660,APPROACH,single_red_center-f6430d296e:0001:APPROACH,PREGRASP,-2.24863015,1.48304962,0.043,2.33651807,-2.22279061,1.41999696,0.043296671,2.371209,-0.0258395379,0.0630526662,-0.000296670969,-0.0346909307,0.0258395379,0.0630526662,0.000296670969,0.0346909307,-0.507805898,1.16445498,0,-0.656642194,-0.512405292,1.16346396,-5.10531297e-16,-0.653609308,0.00459939488,0.000991022448,5.10531297e-16,-0.00303288649,0.252753785,-0.385794666,0,0.134369429,0.0549271606,0.0827783541,-5.80786771e-14,-0.121808466,-3.86174875e-05,-0.317745701,0.06,1.57093754,-0.000617759142,-0.326681249,0.059703329,1.56841534,0,0,1.68885273e-08,0,-7.44271937e-07,0,0,0,0.0705676711,0.0258924646,0.0630526662,0.000324072532,0.0705676711,-0.0247715959,0.0500325177,-0.890012906,-0.0066553779,-8.29343062e-06
25.36,12680,APPROACH,single_red_center-f6430d296e:0001:APPROACH,PREGRASP,-2.26870856,1.52923517,0.043,2.31041094,-2.2431954,1.4664951,0.043296671,2.34503381,-0.0255131649,0.0627400634,-0.000296670969,-0.0346228639,0.0255131649,0.0627400634,0.000296670969,0.0346228639,-0.495193561,1.1427245,0,-0.647539027,-0.507136912,1.15953207,-7.84443074e-16,-0.653969329,0.0119433514,-0.0168075681,7.84443074e-16,0.0064303022,0.388087522,-0.700252501,0,0.312615261,0.243165612,-0.341408803,-5.56587322e-14,0.0915615379,-3.77755157e-05,-0.311002433,0.06,1.57093755,-0.000612811434,-0.320121771,0.059703329,1.56833352,0,0,4.14832251e-10,0,2.57877173e-07,0,0,0,0.0705676711,0.0258924646,0.0630526662,0.000324072532,0.0705676711,-0.0230121438,0.0478633978,-0.890012906,-0.00644983461,3.81862724e-07
25.4,12700,APPROACH,single_red_center-f6430d296e:0001:APPROACH,PREGRASP,-2.28816975,1.57430199,0.043,2.28480545,-2.2632692,1.51256997,0.043296671,2.31899084,-0.0249005483,0.0617320191,-0.000296670969,-0.0341853883,0.0249005483,0.0617320191,0.000296670969,0.0341853883,-0.477095305,1.10861246,0,-0.631524067,-0.496165749,1.14295031,-6.59937721e-16,-0.647356246,0.0190704436,-0.0343378474,6.59937721e-16,0.0158321785,0.513177157,-1.00270995,0,0.488702162,0.423841171,-0.754846147,-5.68687046e-14,0.304450517,-3.67694319e-05,-0.304265442,0.06,1.5709377,-0.000599343776,-0.313454046,0.059703329,1.56829162,0,0,-2.30127211e-09,0,-2.06474472e-07,0,0,0,0.0705676711,0.0258924646,0.0630526662,0.000324072532,0.0705676711,-0.021011047,0.0450075185,-0.890012906,-0.00617494662,1.17921563e-06
25.44,12720,APPROACH,single_red_center-f6430d296e:0001:APPROACH,PREGRASP,-2.30680676,1.61776655,0.043,2.25997784,-2.28278894,1.55772054,0.043296671,2.29335855,-0.02401782,0.0600460094,-0.000296670969,-0.0333807078,0.02401782,0.0600460094,0.000296670969,0.0333807078,-0.453880438,1.06269628,0,-0.608793742,-0.479763342,1.11399622,-5.0223094e-16,-0.633794508,0.0258829042,-0.0512999415,5.0223094e-16,0.0250007657,0.625193247,-1.28776543,0,0.65995848,0.592203953,-1.14964891,2.56514157e-13,0.514609356,-3.60537886e-05,-0.297624453,0.06,1.57093763,-0.000578214672,-0.306761477,0.059703329,1.56829015,0,0,-9.04955284e-09,0,1.16891684e-07,0,0,0,0.0705676711,0.0258924646,0.0630526662,0.000324072532,0.0705676711,-0.0188384937,0.0415238398,-0.890012906,-0.00583314182,4.45154881e-06
25.48,12740,APPROACH,single_red_center-f6430d296e:0001:APPROACH,PREGRASP,-2.32442857,1.65917212,0.043,2.23619392,-2.3015444,1.60146081,0.043296671,2.26841179,-0.0228841782,0.0577113148,-0.000296670969,-0.0322178633,0.0228841782,0.0577113148,0.000296670969,0.0322178633,-0.426403519,1.00580381,0,-0.57940605,-0.458285867,1.07313953,-3.79385658e-16,-0.613439806,0.0318823474,-0.0673357212,3.79385658e-16,0.0340337565,0.745278163,-1.55261508,0,0.808368815,0.744427824,-1.51792509,-5.92886495e-14,0.720030964,-3.54434939e-05,-0.291170057,0.06,1.57093747,-0.000550517529,-0.300131649,0.059703329,1.5683282,0,0,-6.40351364e-09,0,7.51242454e-08,0,0,0,0.0705676711,0.0258924646,0.0630526662,0.000324072532,0.0705676711,-0.0165432098,0.037500877,-0.890012906,-0.00542788389,3.18392419e-06
25.52,12760,APPROACH,single_red_center-f6430d296e:0001:APPROACH,PREGRASP,-2.34086484,1.69809725,0.043,2.21370529,-2.31934271,1.64332873,0.043296671,2.24441786,-0.0215221323,0.0547685187,-0.000296670969,-0.030712567,0.0215221323,0.0547685187,0.000296670969,0.030712567,-0.394930253,0.938907278,0,-0.54398789,-0.432209455,1.02106718,-6.66578007e-16,-0.586543532,0.0372792021,-0.0821599066,6.66578007e-16,0.0425556419,0.82781643,-1.78734829,0,0.958833161,0.881311969,-1.85840934,-5.68687046e-14,0.915023362,-3.44435149e-05,-0.284991074,0.06,1.5709377,-0.000517538306,-0.293653878,0.059703329,1.56840388,0,0,-3.76526265e-09,0,7.36786623e-08,0,0,0,0.0705676711,0.0258924646,0.0630526662,0.000324072532,0.0705676711,-0.0141174074,0.0330216452,-0.890012906,-0.00496740387,1.86913503e-06
25.56,12780,APPROACH,single_red_center-f6430d296e:0001:APPROACH,PREGRASP,-2.35597615,1.73416675,0.043,2.19274695,-2.33601171,1.6828946,0.043296671,2.2216313,-0.0199644358,0.0512721474,-0.000296670969,-0.0288843476,0.0199644358,0.0512721474,0.000296670969,0.0288843476,-0.360092881,0.863222374,0,-0.503107178,-0.402124879,0.958713621,-5.1385144e-16,-0.553452518,0.0420319983,-0.0954912473,5.1385144e-16,0.0503453407,0.9099126,-1.99078094,0,1.08297167,0.998246926,-2.16392968,-5.80786771e-14,1.09679671,-3.38919749e-05,-0.279171415,0.06,1.57093756,-0.000480541189,-0.287416619,0.059703329,1.56851419,0,0,-1.50062155e-09,0,3.8370985e-08,0,0,0,0.0705676711,0.0258924646,0.0630526662,0.000324072532,0.0705676711,-0.0116572782,0.0281946972,-0.890012906,-0.00445792168,7.39647794e-07
25.6,12800,APPROACH,single_red_center-f6430d296e:0001:APPROACH,PREGRASP,-2.36964628,1.76705783,0.043,2.17352599,-2.35140351,1.71976944,0.043296671,2.20028887,-0.0182427708,0.047288382,-0.000296670969,-0.0267628833,0.0182427708,0.047288382,0.000296670969,0.0267628833,-0.323024568,0.780225926,0,-0.457215134,-0.368642708,0.887192788,-3.6942523e-16,-0.51470288,0.0456181402,-0.106966862,3.6942523e-16,0.0574877463,0.955606808,-2.15394063,0,1.19861154,1.09204911,-2.42510665,2.54094212e-13,1.26214734,-3.32507499e-05,-0.273787559,0.06,1.57093753,-0.000440771941,-0.281504737,0.059703329,1.5686548,0,0,1.18375942e-10,0,3.44796356e-08,0,0,0,0.0705676711,0.0258924646,0.0630526662,0.000324072532,0.0705676711,-0.00921581928,0.0231682382,-0.890012906,-0.0039078515,-6.93368929e-08
25.64,12820,APPROACH,single_red_center-f6430d296e:0001:APPROACH,PREGRASP,-2.38179122,1.79650899,0.043,2.15621994,-2.36539814,1.75361456,0.043296671,2.18060492,-0.0163930749,0.0428944352,-0.000296670969,-0.0243849831,0.0163930749,0.0428944352,0.000296670969,0.0243849831,-0.284004515,0.69150118,0,-0.407477222,-0.332506516,0.807850284,-6.54957507e-16,-0.470920719,0.048502001,-0.116349104,6.54957507e-16,0.0634434972,0.97995016,-2.27321942,0,1.29120671,1.16422022,-2.63964715,-5.68687046e-14,1.40241199,-3.25008877e-05,-0.268905757,0.06,1.57093771,-0.000399491536,-0.275996553,0.059703329,1.56882134,0,0,8.7673554e-10,0,1.03598133e-08,0,0,0,0.0705676711,0.0258924646,0.0630526662,0.000324072532,0.0705676711,-0.00679567154,0.0180688434,-0.890012906,-0.00333213454,-4.39669507e-07
25.68,12840,APPROACH,single_red_center-f6430d296e:0001:APPROACH,PREGRASP,-2.39236024,1.82232706,0.043,2.14097071,-2.37790403,1.78414879,0.043296671,2.16276346,-0.0144562028,0.0381782745,-0.000296670969,-0.0217927503,0.0144562028,0.0381782745,0.000296670969,0.0217927503,-0.244331737,0.598951083,0,-0.354632792,-0.294449966,0.722248292,-4.98910798e-16,-0.42291821,0.0501182287,-0.123297209,4.98910798e-16,0.0682854181,0.999191508,-2.34557333,0,1.34652844,1.2103546,-2.80174235,-5.80786771e-14,1.51975061,-3.21177128e-05,-0.264579682,0.06,1.57093754,-0.000357569868,-0.270961287,0.059703329,1.56900822,0,0,1.38071619e-09,0,5.54485322e-09,0,0,0,0.0705676711,0.0258924646,0.0630526662,0.000324072532,0.0705676711,-0.00451758271,0.0130214726,-0.890012906,-0.00273665135,-6.92558099e-07
25.72,12860,APPROACH,single_red_center-f6430d296e:0001:APPROACH,PREGRASP,-2.40133424,1.84439993,0.043,2.12787173,-2.38886258,1.81115872,0.043296671,2.14691419,-0.0124716629,0.0332412081,-0.000296670969,-0.0190424592,0.0124716629,0.0332412081,0.000296670969,0.0190424592,-0.204419483,0.504582251,0,-0.300150002,-0.255313329,0.632159118,-7.81122932e-16,-0.371663411,0.050893846,-0.127576866,7.81122932e-16,0.0715134084,0.992148273,-2.36336401,0,1.37219103,1.23291891,-2.90606624,-5.56587322e-14,1.60219806,-3.17737277e-05,-0.260847357,0.06,1.57093742,-0.00031604326,-0.266456142,0.059703329,1.56921033,0,0,1.33328003e-09,0,-6.13964063e-09,0,0,0,0.0705676711,0.0258924646,0.0630526662,0.000324072532,0.0705676711,-0.00236066633,0.00818921591,-0.890012906,-0.00214298756,-6.66385704e-07
25.76,12880,APPROACH,single_red_center-f6430d296e:0001:APPROACH,PREGRASP,-2.40871783,1.86269921,0.043,2.11695662,-2.39824555,1.83450493,0.043296671,2.13316167,-0.0104722835,0.0281942792,-0.000296670969,-0.0162050472,0.0104722835,0.0281942792,0.000296670969,0.0162050472,-0.164967549,0.410646176,0,-0.245673898,-0.215797067,0.53953333,-6.54957507e-16,-0.318424866,0.0508295179,-0.128887154,6.54957507e-16,0.0727509675,0.960013626,-2.32159489,0,1.361155,1.23396362,-2.94524985,-5.68687046e-14,1.64069597,-2.87112974e-05,-0.257729869,0.06,1.570938,-0.000275283719,-0.262524194,0.059703329,1.56942105,0,0,8.86122417e-10,0,-1.05738259e-08,0,0,0,0.0705676711,0.0258924646,0.0630526662,0.000324072532,0.0705676711,-0.000305183408,0.00374632194,-0.890012906,-0.00157272622,-4.38770663e-07
25.8,12900,APPROACH,single_red_center-f6430d296e:0001:APPROACH,PREGRASP,-2.41456656,1.87729241,0.043,2.10821212,-2.40605366,1.85413192,0.043296671,2.12155639,-0.0085129022,0.0231604866,-0.000296670969,-0.0133442689,0.0085129022,0.0231604866,0.000296670969,0.0133442689,-0.127909969,0.31970814,0,-0.191802159,-0.176749084,0.446620283,-5.23811868e-16,-0.264499054,0.0488391149,-0.126912143,5.23811868e-16,0.072696895,0.892401028,-2.21447953,0,1.32201234,1.19933757,-2.9086324,-5.80786771e-14,1.64703054,-2.41017987e-05,-0.25522886,0.06,1.57093797,-0.000234219883,-0.259191905,0.059703329,1.56963465,0,0,1.10618864e-09,0,1.29112239e-08,0,0,0,0.0705676711,0.0258924646,0.0630526662,0.000324072532,0.0705676711,0.00134124279,-0.000180872492,-0.890012906,-0.00102696824,-5.54775093e-07
25.84,12920,APPROACH,single_red_center-f6430d296e:0001:APPROACH,PREGRASP,-2.41898847,1.88835065,0.043,2.10157562,-2.41233235,1.87007939,0.043296671,2.11210299,-0.0066561294,0.0182712611,-0.000296670969,-0.010527377,0.0066561294,0.0182712611,0.000296670969,0.010527377,-0.0937131042,0.234396706,0,-0.140687478,-0.139425548,0.355850343,-3.72745373e-16,-0.211057534,0.0457124437,-0.121453636,3.72745373e-16,0.0703700566,0.814619237,-2.03926284,0,1.22468738,1.13122683,-2.79934643,2.54094212e-13,1.60911428,-2.28956871e-05,-0.253324972,0.06,1.57093779,-0.000193883403,-0.256466611,0.059703329,1.56985004,0,0,1.45200949e-09,0,2.81066109e-09,0,0,0,0.0705676711,0.0258924646,0.0630526662,0.000324072532,0.0705676711,0.00253577763,-0.00349575095,-0.890012906,-0.000529745009,-7.27312918e-07
25.88,12940,APPROACH,single_red_center-f6430d296e:0001:APPROACH,PREGRASP,-2.4221102,1.89615644,0.043,2.09689143,-2.4171711,1.88248549,0.043296671,2.10474627,-0.00493909484,0.0136709531,-0.000296670969,-0.00785483411,0.00493909484,0.0136709531,0.000296670969,0.00785483411,-0.0630413302,0.157559502,0,-0.094520074,-0.104747858,0.269760679,-6.49977293e-16,-0.159877128,0.0417065282,-0.112201176,6.49977293e-16,0.0653570537,0.714454954,-1.78972192,0,1.07531241,1.03793046,-2.60750922,-5.68687046e-14,1.51148178,-2.46815942e-05,-0.251976579,0.06,1.57093768,-0.00015728874,-0.254335655,0.059703329,1.57006066,0,0,1.41265566e-09,0,-2.73088164e-09,0,0,0,0.0705676711,0.0258924646,0.0630526662,0.000324072532,0.0705676711,0.00343586486,-0.00597299891,-0.890012906,-0.000113946952,-7.06088083e-07
25.92,12960,APPROACH,single_red_center-f6430d296e:0001:APPROACH,PREGRASP,-2.42409299,1.90110968,0.043,2.09392094,-2.42069184,1.89159544,0.043296671,2.0993541,-0.00340114419,0.00951424271,-0.000296670969,-0.00543316398,0.00340114419,0.00951424271,0.000296670969,0.00543316398,-0.0369628239,0.0922869146,0,-0.055324653,-0.073492682,0.19115969,-4.95590655e-16,-0.112952446,0.0365298581,-0.0988727752,4.95590655e-16,0.057627793,0.583916671,-1.46001064,0,0.876115238,0.917808718,-2.32462738,-5.80786771e-14,1.35197588,-2.73787476e-05,-0.251119033,0.06,1.57093763,-0.000125928851,-0.252764878,0.059703329,1.5702577,0,0,1.4066297e-09,0,3.53234613e-09,0,0,0,0.0705676711,0.0258924646,0.0630526662,0.000324072532,0.0705676711,0.00399784806,-0.00744397201,-0.890012906,0.000198511764,-7.0351251e-07
25.96,12980,APPROACH,single_red_center-f6430d296e:0001:APPROACH,PREGRASP,-2.42514609,1.9037381,0.043,2.09234561,-2.42305069,1.89777219,0.043296671,2.09571406,-0.00209540301,0.00596591197,-0.000296670969,-0.00336844597,0.00209540301,0.00596591197,0.000296670969,0.00336844597,-0.0167936396,0.0418996741,0,-0.0251061153,-0.0466148139,0.123098872,-7.74482646e-16,-0.07229166,0.0298211743,-0.0811991975,7.74482646e-16,0.0471855447,0.418473275,-1.04459398,0,0.626125732,0.764040163,-1.94479266,-5.56587322e-14,1.1314664,-2.93896477e-05,-0.25066338,0.06,1.57093762,-9.93923e-05,-0.251696992,0.059703329,1.57043556,0,0,1.73359385e-09,0,1.24348443e-08,0,0,0,0.0705676711,0.0258924646,0.0630526662,0.000324072532,0.0705676711,0.00406412108,-0.00777958816,-0.890012906,0.000388403197,-8.68597989e-07
26,13000,APPROACH,single_red_center-f6430d296e:0001:APPROACH,PREGRASP,-2.42553454,1.90470713,0.043,2.09176503,-2.42444735,1.90150514,0.043296671,2.09353324,-0.0010871835,0.00320198526,-0.000296670969,-0.00176820517,0.0010871835,0.00320198526,0.000296670969,0.00176820517,-0.00398325064,0.00993520147,0,-0.00595195302,-0.025323251,0.0688363111,-6.26736294e-16,-0.0399156763,0.0213400004,-0.0589011096,6.26736294e-16,0.0339637232,0.215742941,-0.538146242,0,0.322403598,0.569876288,-1.46158938,-5.68687046e-14,0.848991062,-3.02407059e-05,-0.250495288,0.06,1.57093762,-7.685193e-05,-0.251050494,0.059703329,1.57059103,0,0,2.37162805e-09,0,1.84407067e-08,0,0,0,0.0705676711,0.0258924646,0.0630526662,0.000324072532,0.0705676711,0.00347764121,-0.00684065838,-0.890012906,0.000434529018,-1.18928832e-06
26.04,13020,APPROACH,single_red_center-f6430d296e:0001:APPROACH,PREGRASP,-2.42558298,1.90482796,0.043,2.09169264,-2.42513409,1.90341805,0.043296671,2.0924368,-0.000448891748,0.0014099196,-0.000296670969,-0.000744163098,0.000448891748,0.0014099196,0.000296670969,0.000744163098,-0,0,0,-0,-0.0110118448,0.0318240916,-4.64049299e-16,-0.0179081373,0.0110118448,-0.0318240916,4.64049299e-16,0.0179081373,-0,0,0,0,0.330595552,-0.867605842,-5.92886495e-14,0.501426112,-3.03511126e-05,-0.250474323,0.06,1.57093762,-5.8274806e-05,-0.250718881,0.059703329,1.57072076,0,0,3.17083569e-09,0,2.06803683e-08,0,0,0,0.0705676711,0.0258924646,0.0630526662,0.000324072532,0.0705676711,0.00212068957,-0.00446449508,-0.890012906,0.000312965843,-1.58965149e-06
26.08,13040,DESCEND,single_red_center-f6430d296e:0002:DESCEND,DESCENT,-2.42558298,1.90482796,0.0430000016,2.09169264,-2.42541006,1.90424931,0.0432966715,2.0919802,-0.000172928292,0.00057865194,-0.000296669915,-0.000287561341,0.000172928292,0.00057865194,0.000296669915,0.000287561341,0,0,4.81843312e-07,0,-0.00416662998,0.013241572,1.10487654e-07,-0.00703505764,0.00416662998,-0.013241572,3.71355658e-07,0.00703505764,0,0,9.94607916e-05,0,0.132972245,-0.375039007,2.38627568e-05,0.209367594,-3.03511126e-05,-0.250474323,0.0599999984,1.57093762,-4.4628643e-05,-0.250574707,0.0597033285,1.57081946,0,0,3.07140952e-09,0,-2.61016838e-08,0,0,0,0.00057865194,0.000172928292,0.00057865194,0.000296669915,0.000287561341,0.00075154541,-0.00199627961,-0.890010638,0.000134516388,-1.53233743e-06
26.12,13060,DESCEND,single_red_center-f6430d296e:0002:DESCEND,DESCENT,-2.42558298,1.90482796,0.0430002285,2.09169264,-2.42551382,1.90459246,0.0432968337,2.09180319,-6.91657652e-05,0.000235509625,-0.000296605205,-0.000110554131,6.91657652e-05,0.000235509625,0.000296605205,0.000110554131,0,0,1.41907391e-05,0,-0.00157727444,0.00543564316,1.06834387e-05,-0.00270549464,0.00157727444,-0.00543564316,3.50730045e-06,0.00270549464,0,0,0.000585866139,0,0.04936058,-0.154974944,0.000588430884,0.0810689692,-3.03511126e-05,-0.250474323,0.0599997715,1.57093762,-3.6463716e-05,-0.250515182,0.0597031663,1.57088183,0,0,1.75986787e-09,0,-3.2509931e-08,0,0,0,0.00057865194,0.000172928292,0.00057865194,0.000296669915,0.000287561341,0.000207728143,-0.000851588308,-0.889949037,5.18820582e-05,-8.72860513e-07
26.16,13080,DESCEND,single_red_center-f6430d296e:0002:DESCEND,DESCENT,-2.42558298,1.90482796,0.0430013935,2.09169264,-2.42555394,1.90473281,0.0432978342,2.09173519,-2.904524e-05,9.51573798e-05,-0.000296440695,-4.25520862e-05,2.904524e-05,9.51573798e-05,0.000296440695,4.25520862e-05,0,0,4.70661583e-05,0,-0.000630018739,0.00221281163,4.06349299e-05,-0.00103934095,0.000630018739,-0.00221281163,6.43122836e-06,0.00103934095,0,0,0.0010534367,0,0.0185604418,-0.0636522996,0.00129156059,0.0311214842,-3.03511126e-05,-0.250474323,0.0599986065,1.57093762,-3.25451612e-05,-0.250490832,0.0597021658,1.57091406,0,0,7.35856584e-10,0,-1.87709866e-08,0,0,0,0.00057865194,0.000172928292,0.00057865194,0.000296669915,0.000287561341,5.24211851e-05,-0.00035827976,-0.889855534,1.97606909e-05,-3.63325584e-07
26.2,13100,DESCEND,single_red_center-f6430d296e:0002:DESCEND,DESCENT,-2.42558298,1.90482796,0.0430042462,2.09169264,-2.42557045,1.90478971,0.0433004252,2.09170905,-1.25318066e-05,3.82590767e-05,-0.000296178998,-1.64071797e-05,1.25318066e-05,3.82590767e-05,0.000296178998,1.64071797e-05,0,0,9.82933218e-05,0,-0.000268247087,0.000892664268,8.9139464e-05,-0.000400071549,0.000268247087,-0.000892664268,9.15385772e-06,0.000400071549,0,0,0.00150247954,0,0.00743017446,-0.0259123035,0.00220542966,0.01195659,-3.03511126e-05,-0.250474323,0.0599957538,1.57093762,-3.10193082e-05,-0.250480961,0.0596995748,1.5709283,0,0,2.40016339e-10,0,-7.61239836e-09,0,0,0,0.00057865194,0.000172928292,0.00057865194,0.000296669915,0.000287561341,1.82619094e-05,-0.00014676539,-0.88972443,7.54629739e-06,-1.1799705e-07
26.24,13120,DESCEND,single_red_center-f6430d296e:0002:DESCEND,DESCENT,-2.42558298,1.90482796,0.0430095009,2.09169264,-2.42557761,1.90481259,0.0433053311,2.09169897,-5.37004538e-06,1.53779273e-05,-0.000295830144,-6.33348438e-06,5.37004538e-06,1.53779273e-05,0.000295830144,6.33348438e-06,0,0,0.000167096376,0,-0.000117950105,0.000357928098,0.000155551164,-0.000154317446,0.000117950105,-0.000357928098,1.1545212e-05,0.000154317446,0,0,0.00193327781,0,0.00319259795,-0.0104420325,0.00300594051,0.00460493623,-3.03511126e-05,-0.250474323,0.0599904991,1.57093762,-3.05362724e-05,-0.250476991,0.0596946689,1.57093395,0,0,6.32881118e-11,0,-2.30377778e-09,0,0,0,0.00057865194,0.000172928292,0.00057865194,0.000296669915,0.000287561341,1.07717713e-05,-5.83405313e-05,-0.889585665,2.89973425e-06,-3.09919843e-08
26.28,13140,DESCEND,single_red_center-f6430d296e:0002:DESCEND,DESCENT,-2.42558298,1.90482796,0.0430178446,2.09169264,-2.42558076,1.90482176,0.0433132437,2.09169509,-2.2278309e-06,6.20870391e-06,-0.000295399125,-2.44545135e-06,2.2278309e-06,6.20870391e-06,0.000295399125,2.44545135e-06,0,0,0.000252751864,0,-5.12335125e-05,0.00014351022,0.000239044775,-5.9591889e-05,5.12335125e-05,-0.00014351022,1.37070892e-05,5.9591889e-05,0,0,0.00234607258,0,0.00141728229,-0.00418001025,0.00365177205,0.00177751305,-3.03511126e-05,-0.250474323,0.0599821554,1.57093762,-3.04109089e-05,-0.2504754,0.0596867563,1.57093609,0,0,1.62287351e-11,0,-5.09380556e-10,0,0,0,0.00057865194,0.000172928292,0.00057865194,0.000296669915,0.000287561341,6.85404568e-06,-2.27282078e-05,-0.889443799,1.12022426e-06,-7.95951171e-09
26.32,13160,DESCEND,single_red_center-f6430d296e:0002:DESCEND,DESCENT,-2.42558298,1.90482796,0.0430299356,2.09169264,-2.4255821,1.90482544,0.0433248261,2.09169358,-8.86947989e-07,2.52389813e-06,-0.000294890491,-9.43911186e-07,8.86947989e-07,2.52389813e-06,0.000294890491,9.43911186e-07,0,0,0.000354545943,0,-2.13230598e-05,5.78877402e-05,0.000338696571,-2.30118411e-05,2.13230598e-05,-5.78877402e-05,1.58493711e-05,2.30118411e-05,0,0,0.00274110496,0,0.000618774355,-0.00167362948,0.00414625642,0.000686888674,-3.03511126e-05,-0.250474323,0.0599700644,1.57093762,-3.03801007e-05,-0.250474761,0.0596751739,1.57093693,0,0,6.89444991e-12,0,-9.34766767e-11,0,0,0,0.00057865194,0.000172928292,0.00057865194,0.000296669915,0.000287561341,3.7142864e-06,-8.85579702e-06,-0.889299454,4.33475755e-07,-3.41963412e-09
26.36,13180,DESCEND,single_red_center-f6430d296e:0002:DESCEND,DESCENT,-2.42558298,1.90482796,0.0430464041,2.09169264,-2.42558264,1.90482693,0.0433407162,2.091693,-3.41863488e-07,1.03166864e-06,-0.000294312092,-3.64253938e-07,3.41863488e-07,1.03166864e-06,0.000294312092,3.64253938e-07,0,0,0.000471774384,0,-8.42478727e-06,2.3558296e-05,0.000453516033,-8.87969816e-06,8.42478727e-06,-2.3558296e-05,1.82583507e-05,8.87969816e-06,0,0,0.00311861604,0,0.00025736405,-0.000674820716,0.00435127369,0.000265381835,-3.03511126e-05,-0.250474323,0.0599535959,1.57093762,-3.03681429e-05,-0.250474502,0.0596592838,1.5709373,0,0,4.63383724e-12,0,-4.32887938e-11,0,0,0,0.00057865194,0.000172928292,0.00057865194,0.000296669915,0.000287561341,1.66097598e-06,-3.52744314e-06,-0.889166104,1.67261241e-07,-2.3078695e-09
26.4,13200,DESCEND,single_red_center-f6430d296e:0002:DESCEND,DESCENT,-2.42558298,1.90482796,0.0430678524,2.09169264,-2.42558285,1.90482754,0.0433615185,2.09169278,-1.30737059e-07,4.22271956e-07,-0.000293666088,-1.40646301e-07,1.30737059e-07,4.22271956e-07,0.000293666088,1.40646301e-07,0,0,0.000603742576,0,-3.19692503e-06,9.65390738e-06,0.000582731668,-3.42455364e-06,3.19692503e-06,-9.65390738e-06,2.1010908e-05,3.42455364e-06,0,0,0.0034788469,0,0.000101108744,-0.000274847148,0.00434776245,0.000102430867,-3.03511126e-05,-0.250474323,0.0599321476,1.57093762,-3.03603854e-05,-0.250474396,0.0596384815,1.57093747,0,0,2.95863469e-12,0,-4.02154791e-11,0,0,0,0.00057865194,0.000172928292,0.00057865194,0.000296669915,0.000287561341,6.14844481e-07,-1.45102701e-06,-0.889037206,6.41737641e-08,-1.4709041e-09
26.44,13220,DESCEND,single_red_center-f6430d296e:0002:DESCEND,DESCENT,-2.42558298,1.90482796,0.0430948693,2.09169264,-2.42558293,1.90482779,0.0433878122,2.09169269,-5.12095277e-08,1.72259305e-07,-0.000292942965,-5.44000551e-08,5.12095277e-08,1.72259305e-07,0.000292942965,5.44000551e-08,0,0,0.000749796312,0,-1.20211082e-06,3.96149342e-06,0.000726118681,-1.32138397e-06,1.20211082e-06,-3.96149342e-06,2.36776305e-05,1.32138397e-06,0,0,0.00382199997,0,3.80356856e-05,-0.000112801643,0.00464269927,3.95069717e-05,-3.03511126e-05,-0.250474323,0.0599051307,1.57093762,-3.0355427e-05,-0.250474353,0.0596121878,1.57093755,0,0,1.55538384e-12,0,-2.92610813e-11,0,0,0,0.00057865194,0.000172928292,0.00057865194,0.000296669915,0.000287561341,1.89539918e-07,-6.11016858e-07,-0.888867161,2.44918574e-08,-7.71017631e-10
26.48,13240,DESCEND,single_red_center-f6430d296e:0002:DESCEND,DESCENT,-2.42558298,1.90482796,0.0431280275,2.09169264,-2.42558296,1.90482789,0.043420154,2.09169266,-2.09705364e-08,6.98356413e-08,-0.000292126542,-2.10962079e-08,2.09705364e-08,6.98356413e-08,0.000292126542,2.10962079e-08,0,0,0.000909297582,0,-4.66958655e-07,1.61810494e-06,0.000883651239,-5.10865604e-07,4.66958655e-07,-1.61810494e-06,2.56463428e-05,5.10865604e-07,0,0,0.00414826354,0,1.41906778e-05,-4.63547161e-05,0.00601342097,1.52453977e-05,-3.03511126e-05,-0.250474323,0.0598719725,1.57093762,-3.03528092e-05,-0.250474335,0.059579846,1.57093759,0,0,6.70708723e-13,0,-1.60066005e-11,0,0,0,0.00057865194,0.000172928292,0.00057865194,0.000296669915,0.000287561341,5.08323268e-08,-2.57916362e-07,-0.888585737,9.3331467e-09,-3.31446489e-10
26.52,13260,DESCEND,single_red_center-f6430d296e:0002:DESCEND,DESCENT,-2.42558298,1.90482796,0.0431678162,2.09169264,-2.42558297,1.90482794,0.0434590682,2.09169265,-8.91815866e-09,2.81462744e-08,-0.000291252001,-8.20358181e-09,8.91815866e-09,2.81462744e-08,0.000291252001,8.20358181e-09,0,0,0.00108150243,0,-1.92419263e-07,6.55622026e-07,0.00105462209,-1.98113566e-07,1.92419263e-07,-6.55622026e-07,2.68803387e-05,1.98113566e-07,0,0,0.00445797385,0,5.50133427e-06,-1.89456279e-05,0.00695171169,5.89583672e-06,-3.03511126e-05,-0.250474323,0.0598321838,1.57093762,-3.03516796e-05,-0.250474328,0.0595409318,1.57093761,0,0,2.39046294e-13,0,-6.88817199e-12,0,0,0,0.00057865194,0.000172928292,0.00057865194,0.000296669915,0.000287561341,1.48023318e-08,-1.06979346e-07,-0.88832996,3.5709995e-09,-1.1774341e-10
26.56,13280,DESCEND,single_red_center-f6430d296e:0002:DESCEND,DESCENT,-2.42558298,1.90482796,0.0432147294,2.09169264,-2.42558298,1.90482795,0.043505051,2.09169264,-3.83019749e-09,1.1314722e-08,-0.000290321592,-3.19652349e-09,3.83019749e-09,1.1314722e-08,0.000290321592,3.19652349e-09,0,0,0.00126575492,0,-8.31709949e-08,2.63683525e-07,0.0012378039,-7.70725756e-08,8.31709949e-08,-2.63683525e-07,2.79510206e-05,7.70725756e-08,0,0,0.004751372,0,2.27985062e-06,-7.6726906e-06,0.00764282299,2.28779795e-06,-3.03511126e-05,-0.250474323,0.0597852706,1.57093762,-3.03512791e-05,-0.250474325,0.059494949,1.57093762,0,0,7.10457336e-14,0,-2.36764523e-12,0,0,0,0.00057865194,0.000172928292,0.00057865194,0.000296669915,0.000287561341,6.75215972e-09,-4.31709175e-08,-0.888084312,1.37794753e-09,-3.48772085e-11
26.6,13300,DESCEND,single_red_center-f6430d296e:0002:DESCEND,DESCENT,-2.42558298,1.90482796,0.043269235,2.09169264,-2.42558298,1.90482796,0.04355858,2.09169264,-1.61357772e-09,4.55774107e-09,-0.000289345018,-1.24648292e-09,1.61357772e-09,4.55774107e-09,0.000289345018,1.24648292e-09,0,0,0.00146140872,0,-3.62937313e-08,1.0572827e-07,0.00143217042,-3.0049013e-08,3.62937313e-08,-1.0572827e-07,2.92383026e-05,3.0049013e-08,0,0,0.00502869906,0,9.94622716e-07,-3.08179363e-06,0.00786877485,8.90799854e-07,-3.03511126e-05,-0.250474323,0.059730765,1.57093762,-3.0351162e-05,-0.250474324,0.05944142,1.57093762,0,0,1.87453069e-14,0,-6.44339992e-13,0,0,0,0.00057865194,0.000172928292,0.00057865194,0.000296669915,0.000287561341,4.12196499e-09,-1.69974079e-08,-0.887869523,5.36557465e-10,-9.18709814e-12
26.64,13320,DESCEND,single_red_center-f6430d296e:0002:DESCEND,DESCENT,-2.42558298,1.90482796,0.0433317753,2.09169264,-2.42558298,1.90482796,0.0436200987,2.09169264,-6.55800303e-10,1.84618787e-09,-0.000288323391,-4.85905094e-10,6.55800303e-10,1.84618787e-09,0.000288323391,4.85905094e-10,0,0,0.00166782713,0,-1.54150508e-08,4.25169829e-08,0.00163703918,-1.17220832e-08,1.54150508e-08,-4.25169829e-08,3.07879528e-05,1.17220832e-08,0,0,0.00529019614,0,4.37148031e-07,-1.23384856e-06,0.00773932686,3.47627192e-07,-3.03511126e-05,-0.250474323,0.0596682247,1.57093762,-3.03511321e-05,-0.250474323,0.0593799013,1.57093762,0,0,5.78594544e-15,0,-1.42376368e-13,0,0,0,0.00057865194,0.000172928292,0.00057865194,0.000296669915,0.000287561341,2.3731701e-09,-6.62496902e-09,-0.887676355,2.10015116e-10,-2.85073867e-12
26.68,13340,DESCEND,single_red_center-f6430d296e:0002:DESCEND,DESCENT,-2.42558298,1.90482796,0.0434027676,2.09169264,-2.42558298,1.90482796,0.0436900254,2.09169264,-2.57101895e-10,7.52420126e-10,-0.00028725781,-1.89288585e-10,2.57101895e-10,7.52420126e-10,0.00028725781,1.89288585e-10,0,0,0.00188438305,0,-6.25209504e-09,1.7223649e-08,0.00185156303,-4.56905499e-09,6.25209504e-09,-1.7223649e-08,3.28200202e-05,4.56905499e-09,0,0,0.00553610432,0,1.86072798e-07,-4.95730004e-07,0.00740383486,1.35711494e-07,-3.03511126e-05,-0.250474323,0.0595972324,1.57093762,-3.03511231e-05,-0.250474323,0.0593099746,1.57093762,0,0,2.88176997e-15,0,-3.79065772e-14,0,0,0,0.00057865194,0.000172928292,0.00057865194,0.000296669915,0.000287561341,1.15613119e-09,-2.60983413e-09,-0.887492154,8.21058777e-11,-1.43109066e-12
26.72,13360,DESCEND,single_red_center-f6430d296e:0002:DESCEND,DESCENT,-2.42558298,1.90482796,0.0434826042,2.09169264,-2.42558298,1.90482796,0.0437687603,2.09169264,-9.8784092e-11,3.0770142e-10,-0.000286156171,-7.37356842e-11,9.8784092e-11,3.0770142e-10,0.000286156171,7.37356842e-11,0,0,0.00211045899,0,-2.42373874e-09,7.03209325e-09,0.00207451589,-1.77879457e-09,2.42373874e-09,-7.03209325e-09,3.59430996e-05,1.77879457e-09,0,0,0.0057666647,0,7.52400723e-08,-2.00859126e-07,0.00677829976,5.29219776e-08,-3.03511126e-05,-0.250474323,0.0595173958,1.57093762,-3.03511185e-05,-0.250474323,0.0592312397,1.57093762,0,0,1.77449004e-15,0,-2.26878027e-14,0,0,0,0.00057865194,0.000172928292,0.00057865194,0.000296669915,0.000287561341,4.70834038e-10,-1.05605835e-09,-0.887325739,3.18882698e-11,-8.82326474e-13
26.76,13380,DESCEND,single_red_center-f6430d296e:0002:DESCEND,DESCENT,-2.42558298,1.90482796,0.0435717184,2.09169264,-2.42558298,1.90482796,0.0438566766,2.09169264,-3.8236081e-11,1.25712996e-10,-0.000284958192,-2.87623259e-11,3.8236081e-11,1.25712996e-10,0.000284958192,2.87623259e-11,0,0,0.00234550411,0,-9.16520401e-10,2.88294764e-09,0.00230846629,-6.92306389e-10,9.16520401e-10,-2.88294764e-09,3.70378218e-05,6.92306389e-10,0,0,0.00598201651,0,2.89655887e-08,-8.21005145e-08,0.00812362978,2.06051354e-08,-3.03511126e-05,-0.250474323,0.0594282816,1.57093762,-3.03511155e-05,-0.250474323,0.0591433234,1.57093762,0,0,9.90708301e-16,0,-1.6695619e-14,0,0,0,0.00057865194,0.000172928292,0.00057865194,0.000296669915,0.000287561341,1.60873981e-10,-4.39300152e-10,-0.886970193,1.22799548e-11,-4.91623857e-13
26.8,13400,DESCEND,single_red_center-f6430d296e:0002:DESCEND,DESCENT,-2.42558298,1.90482796,0.0436704033,2.09169264,-2.42558298,1.90482796,0.0439541182,2.09169264,-1.53068669e-11,5.11197751e-11,-0.000283714932,-1.12496679e-11,1.53068669e-11,5.11197751e-11,0.000283714932,1.12496679e-11,0,0,0.00258886337,0,-3.50274985e-10,1.18006938e-09,0.00255123846,-2.69838026e-10,3.50274985e-10,-1.18006938e-09,3.76249166e-05,2.69838026e-10,0,0,0.00618249069,0,1.08648025e-08,-3.37085026e-08,0.00952483395,8.01963407e-09,-3.03511126e-05,-0.250474323,0.0593295967,1.57093762,-3.03511139e-05,-0.250474323,0.0590458818,1.57093762,0,0,4.63979764e-16,0,-1.0016523e-14,0,0,0,0.00057865194,0.000172928292,0.00057865194,0.000296669915,0.000287561341,4.70805617e-11,-1.8509283e-10,-0.886600774,4.70468109e-12,-2.29606488e-13
26.84,13420,DESCEND,single_red_center-f6430d296e:0002:DESCEND,DESCENT,-2.42558298,1.90482796,0.0437789688,2.09169264,-2.42558298,1.90482796,0.0440614144,2.09169264,-6.38422648e-12,2.0663915e-11,-0.000282445572,-4.41469084e-12,6.38422648e-12,2.0663915e-11,0.000282445572,4.41469084e-12,0,0,0.00283993911,0,-1.40061906e-10,4.80039324e-10,0.00280193469,-1.05509563e-10,1.40061906e-10,-4.80039324e-10,3.80044168e-05,1.05509563e-10,0,0,0.00636834402,0,4.13147214e-09,-1.38119768e-08,0.0102816318,3.12651275e-09,-3.03511126e-05,-0.250474323,0.0592210312,1.57093762,-3.03511131e-05,-0.250474323,0.0589385856,1.57093762,0,0,1.80932444e-16,0,-4.77422058e-15,0,0,0,0.00057865194,0.000172928292,0.00057865194,0.000296669915,0.000287561341,1.31450406e-11,-7.74100783e-11,-0.886281675,1.80566673e-12,-8.92629611e-14
26.88,13440,DESCEND,single_red_center-f6430d296e:0002:DESCEND,DESCENT,-2.42558298,1.90482796,0.0438977115,2.09169264,-2.42558298,1.90482796,0.0441788648,2.09169264,-2.72670775e-12,8.31756886e-12,-0.00028115324,-1.7368329e-12,2.72670775e-12,8.31756886e-12,0.00028115324,1.7368329e-12,0,0,0.00309815251,0,-5.90848193e-11,1.93785362e-10,0.00305994841,-4.1406602e-11,5.90848193e-11,-1.93785362e-10,3.82041034e-05,4.1406602e-11,0,0,0.00653981759,0,1.65548935e-09,-5.61975781e-09,0.010389524,1.22370508e-09,-3.03511126e-05,-0.250474323,0.0591022885,1.57093762,-3.03511128e-05,-0.250474323,0.0588211352,1.57093762,0,0,5.88418053e-17,0,-1.83439983e-15,0,0,0,0.00057865194,0.000172928292,0.00057865194,0.000296669915,0.000287561341,4.73932005e-12,-3.16724424e-11,-0.88601391,6.99884595e-13,-2.89356255e-14
26.92,13460,DESCEND,single_red_center-f6430d296e:0002:DESCEND,DESCENT,-2.42558298,1.90482796,0.0440269049,2.09169264,-2.42558298,1.90482796,0.0443067407,2.09169264,-1.15907284e-12,3.34710037e-12,-0.000279835797,-6.83897383e-13,1.15907284e-12,3.34710037e-12,0.000279835797,6.83897383e-13,0,0,0.00336293438,0,-2.56321189e-11,7.78214771e-11,0.00332423821,-1.62920651e-11,2.56321189e-11,-7.78214771e-11,3.86961683e-05,1.62920651e-11,0,0,0.00669715249,0,7.03174741e-10,-2.26609035e-09,0.0101985536,4.80665386e-10,-3.03511126e-05,-0.250474323,0.0589730951,1.57093762,-3.03511127e-05,-0.250474323,0.0586932593,1.57093762,0,0,1.63096644e-17,0,-5.6163564e-16,0,0,0,0.00057865194,0.000172928292,0.00057865194,0.000296669915,0.000287561341,2.52242671e-12,-1.26263444e-11,-0.885766881,2.74447132e-13,-7.99682205e-15
26.96,13480,DESCEND,single_red_center-f6430d296e:0002:DESCEND,DESCENT,-2.42558298,1.90482796,0.0441667999,2.09169264,-2.42558298,1.90482796,0.0444453027,2.09169264,-4.79172257e-13,1.3520296e-12,-0.000278502819,-2.6956215e-13,4.79172257e-13,1.3520296e-12,0.000278502819,2.6956215e-13,0,0,0.00363372515,0,-1.10226889e-11,3.12522501e-11,0.00359455374,-6.42578129e-12,1.10226889e-11,-3.12522501e-11,3.91714032e-05,6.42578129e-12,0,0,0.0068405898,0,3.0756519e-10,-9.08850869e-10,0.00931210414,1.89201475e-10,-3.03511126e-05,-0.250474323,0.0588332001,1.57093762,-3.03511126e-05,-0.250474323,0.0585546973,1.57093762,0,0,4.45031892e-18,0,-1.35337401e-16,0,0,0,0.00057865194,0.000172928292,0.00057865194,0.000296669915,0.000287561341,1.47792889e-12,-4.94893015e-12,-0.885576686,1.08357767e-13,-2.18563126e-15
27,13500,DESCEND,single_red_center-f6430d296e:0002:DESCEND,DESCENT,-2.42558298,1.90482796,0.0443176254,2.09169264,-2.42558298,1.90482796,0.0445947768,2.09169264,-1.90514271e-13,5.49116308e-13,-0.000277151376,-1.06137321e-13,1.90514271e-13,5.49116308e-13,0.000277151376,1.06137321e-13,0,0,0.00390997484,0,-4.55991994e-12,1.26113346e-11,0.00386743778,-2.53233538e-12,4.55991994e-12,-1.26113346e-11,4.25370682e-05,2.53233538e-12,0,0,0.00697037063,0,1.32426817e-10,-3.63881687e-10,0.00869358274,7.51893822e-11,-3.03511126e-05,-0.250474323,0.0586823746,1.57093762,-3.03511126e-05,-0.250474323,0.0584052232,1.57093762,0,0,1.7220491e-18,0,-2.97449999e-17,0,0,0,0.00057865194,0.000172928292,0.00057865194,0.000296669915,0.000287561341,7.67386155e-13,-1.93622895e-12,-0.885359706,4.35207426e-14,-8.505811e-16
27.04,13520,DESCEND,single_red_center-f6430d296e:0002:DESCEND,DESCENT,-2.42558298,1.90482796,0.0444796284,2.09169264,-2.42558298,1.90482796,0.0447553751,2.09169264,-7.37188088e-14,2.24043006e-13,-0.000275746769,-4.17443857e-14,7.37188088e-14,2.24043006e-13,0.000275746769,4.17443857e-14,0,0,0.00419115852,0,-1.79936715e-12,5.12656458e-12,0.00414723474,-9.95275876e-13,1.79936715e-12,-5.12656458e-12,4.39237814e-05,9.95275876e-13,0,0,0.00708668985,0,5.53785084e-11,-1.47227834e-10,0.00896156067,2.93539553e-11,-3.03511126e-05,-0.250474323,0.0585203716,1.57093762,-3.03511126e-05,-0.250474323,0.0582446249,1.57093762,0,0,1.00862466e-18,0,-1.37573543e-17,0,0,0,0.00057865194,0.000172928292,0.00057865194,0.000296669915,0.000287561341,3.48165941e-13,-7.74491582e-13,-0.885055689,1.687539e-14,-5.03032489e-16
27.08,13540,DESCEND,single_red_center-f6430d296e:0002:DESCEND,DESCENT,-2.42558298,1.90482796,0.0446530062,2.09169264,-2.42558298,1.90482796,0.0449272896,2.09169264,-2.84217094e-14,9.12603326e-14,-0.000274283334,-1.64313008e-14,2.84217094e-14,9.12603326e-14,0.000274283334,1.64313008e-14,0,0,0.00447674352,0,-6.84708598e-13,2.0948716e-12,0.00443223411,-3.93084221e-13,6.84708598e-13,-2.0948716e-12,4.45094045e-05,3.93084221e-13,0,0,0.0071897797,0,2.12363558e-11,-5.93810407e-11,0.0107935387,1.12130978e-11,-3.03511126e-05,-0.250474323,0.0583469938,1.57093762,-3.03511126e-05,-0.250474323,0.0580727104,1.57093762,0,0,5.89741655e-19,0,-7.52416458e-18,0,0,0,0.00057865194,0.000172928292,0.00057865194,0.000296669915,0.000287561341,1.20792265e-13,-3.16191517e-13,-0.884605108,6.21724894e-15,-2.91603244e-16
27.12,13560,DESCEND,single_red_center-f6430d296e:0002:DESCEND,DESCENT,-2.42558298,1.90482796,0.0448378746,2.09169264,-2.42558298,1.90482796,0.0451106915,2.09169264,-1.15463195e-14,3.68594044e-14,-0.000272816944,-6.21724894e-15,1.15463195e-14,3.68594044e-14,0.000272816944,6.21724894e-15,0,0,0.00476618744,0,-2.59965213e-13,8.52948723e-13,0.00472237207,-1.56047611e-13,2.59965213e-13,-8.52948723e-13,4.38153737e-05,1.56047611e-13,0,0,0.00727994003,0,7.58658137e-12,-2.43679169e-11,0.0115418507,5.5713787e-12,-3.03511126e-05,-0.250474323,0.0581621254,1.57093762,-3.03511126e-05,-0.250474323,0.0578893085,1.57093762,0,0,3.05832989e-19,0,-3.15814325e-18,0,0,0,0.00057865194,0.000172928292,0.00057865194,0.000296669915,0.000287561341,2.84217094e-14,-1.3500312e-13,-0.884247334,3.55271368e-15,-1.50477085e-16
27.16,13580,DESCEND,single_red_center-f6430d296e:0002:DESCEND,DESCENT,-2.42558298,1.90482796,0.0450343771,2.09169264,-2.42558298,1.90482796,0.0453057201,2.09169264,-3.99680289e-15,1.53210777e-14,-0.000271342984,-3.99680289e-15,3.99680289e-15,1.53210777e-14,0.000271342984,3.99680289e-15,0,0,0.00505897901,0,-9.40285739e-14,3.46857865e-13,0.00501582019,-7.44685176e-14,9.40285739e-14,-3.46857865e-13,4.31588248e-05,7.44685176e-14,0,0,0.00735741191,0,3.45759047e-12,-9.47960522e-12,0.0118621194,5.26974901e-14,-3.03511126e-05,-0.250474323,0.0579656229,1.57093762,-3.03511126e-05,-0.250474323,0.0576942799,1.57093762,0,0,8.05384036e-20,0,-2.18156408e-18,0,0,0,0.00057865194,0.000172928292,0.00057865194,0.000296669915,0.000287561341,2.13162821e-14,-4.97379915e-14,-0.883924939,-8.8817842e-16,-3.73598674e-17
27.2,13600,DESCEND,single_red_center-f6430d296e:0002:DESCEND,DESCENT,-2.42558298,1.90482796,0.0452426374,2.09169264,-2.42558298,1.90482796,0.0455124968,2.09169264,-3.99680289e-15,5.77315973e-15,-0.000269859455,-3.99680289e-15,3.99680289e-15,5.77315973e-15,0.000269859455,3.99680289e-15,0,0,0.00535461655,0,-6.02602752e-14,1.42239231e-13,0.00531266441,-7.46005054e-14,6.02602752e-14,-1.42239231e-13,4.19521402e-05,7.46005054e-14,0,0,0.00742243645,0,2.9420393e-13,-3.82469999e-12,0.0118291344,-2.61439166e-14,-3.03511126e-05,-0.250474323,0.0577573626,1.57093762,-3.03511126e-05,-0.250474323,0.0574875032,1.57093762,0,0,8.46594806e-20,0,-2.43862773e-18,0,0,0,0.00057865194,0.000172928292,0.00057865194,0.000296669915,0.000287561341,-1.42108547e-14,-2.48689958e-14,-0.883631076,-8.8817842e-16,-4.27959383e-17
27.24,13620,DESCEND,single_red_center-f6430d296e:0002:DESCEND,DESCENT,-2.42558298,1.90482796,0.0454627592,2.09169264,-2.42558298,1.90482796,0.0457311568,2.09169264,-3.99680289e-15,1.99840144e-15,-0.000268397546,-3.99680289e-15,3.99680289e-15,1.99840144e-15,0.000268397546,3.99680289e-15,0,0,0.00565260798,0,-6.34374706e-14,5.48718184e-14,0.00560895186,-7.52620433e-14,6.34374706e-14,-5.48718184e-14,4.36561282e-05,7.52620433e-14,0,0,0.00747525472,0,-1.31913715e-13,-1.89845154e-12,0.0108983821,-6.79522287e-14,-3.03511126e-05,-0.250474323,0.0575372408,1.57093762,-3.03511126e-05,-0.250474323,0.0572688432,1.57093762,0,0,3.03589746e-19,0,1.05805064e-17,0,0,0,0.00057865194,0.000172928292,0.00057865194,0.000296669915,0.000287561341,-1.42108547e-14,-1.42108547e-14,-0.883418914,-8.8817842e-16,-1.4324551e-16
27.28,13640,DESCEND,single_red_center-f6430d296e:0002:DESCEND,DESCENT,-2.42558298,1.90482796,0.0456948269,2.09169264,-2.42558298,1.90482796,0.0459617517,2.09169264,-3.99680289e-15,1.77635684e-15,-0.000266924832,-3.99680289e-15,3.99680289e-15,1.77635684e-15,0.000266924832,3.99680289e-15,0,0,0.00595247088,0,-7.01330119e-14,3.51182859e-14,0.0059076017,-7.47533641e-14,7.01330119e-14,-3.51182859e-14,4.48691756e-05,7.47533641e-14,0,0,0.00751610782,0,-1.64458356e-13,-8.05968699e-14,0.00991965536,-1.30480757e-13,-3.03511126e-05,-0.250474323,0.0573051731,1.57093762,-3.03511126e-05,-0.250474323,0.0570382483,1.57093762,0,0,1.65473729e-21,0,5.15697618e-18,0,0,0,0.00057865194,0.000172928292,0.00057865194,0.000296669915,0.000287561341,-7.10542736e-15,0,-0.883208725,-8.8817842e-16,-1.05011931e-18
27.32,13660,DESCEND,single_red_center-f6430d296e:0002:DESCEND,DESCENT,-2.42558298,1.90482796,0.0459389078,2.09169264,-2.42558298,1.90482796,0.0462043619,2.09169264,-3.99680289e-15,1.77635684e-15,-0.000265454142,-3.99680289e-15,3.99680289e-15,1.77635684e-15,0.000265454142,3.99680289e-15,0,0,0.00625373256,0,-7.48979736e-14,3.38645903e-14,0.00620635919,-7.47581001e-14,7.48979736e-14,-3.38645903e-14,4.73733749e-05,7.47581001e-14,0,0,0.00754523492,0,-2.6134346e-13,4.03778047e-13,0.00881879427,-1.42915269e-13,-3.03511126e-05,-0.250474323,0.0570610922,1.57093762,-3.03511126e-05,-0.250474323,0.0567956381,1.57093762,0,0,2.44204898e-21,0,-8.17252813e-21,0,0,0,0.00057865194,0.000172928292,0.00057865194,0.000296669915,0.000287561341,-7.10542736e-15,3.55271368e-15,-0.883009468,-8.8817842e-16,-5.77781752e-19
27.36,13680,DESCEND,single_red_center-f6430d296e:0002:DESCEND,DESCENT,-2.42558298,1.90482796,0.0461951396,2.09169264,-2.42558298,1.90482796,0.0464590428,2.09169264,-3.99680289e-15,1.77635684e-15,-0.000263903138,-3.99680289e-15,3.99680289e-15,1.77635684e-15,0.000263903138,3.99680289e-15,0,0,0.0065559333,0,-7.44302035e-14,3.32019371e-14,0.0065090531,-7.49273573e-14,7.44302035e-14,-3.32019371e-14,4.68802022e-05,7.49273573e-14,0,0,0.00756279232,0,-1.53772594e-13,-7.64165909e-14,0.0106077386,-1.29248223e-13,-3.03511126e-05,-0.250474323,0.0568048604,1.57093762,-3.03511126e-05,-0.250474323,0.0565409572,1.57093762,0,0,-1.76008332e-20,0,-1.17347905e-17,0,0,0,0.00057865194,0.000172928292,0.00057865194,0.000296669915,0.000287561341,-7.10542736e-15,0,-0.882545082,-8.8817842e-16,1.68670184e-17
27.4,13700,DESCEND,single_red_center-f6430d296e:0002:DESCEND,DESCENT,-2.42558298,1.90482796,0.0464634578,2.09169264,-2.42558298,1.90482796,0.0467258181,2.09169264,-3.99680289e-15,1.77635684e-15,-0.000262360243,-3.99680289e-15,3.99680289e-15,1.77635684e-15,0.000262360243,3.99680289e-15,0,0,0.00685860906,0,-7.48728117e-14,3.37554368e-14,0.00681272038,-7.50997435e-14,7.48728117e-14,-3.37554368e-14,4.58886778e-05,7.50997435e-14,0,0,0.00756911141,0,-2.61432157e-13,4.04463364e-13,0.0117782046,-1.39572936e-13,-3.03511126e-05,-0.250474323,0.0565365422,1.57093762,-3.03511126e-05,-0.250474323,0.0562741819,1.57093762,0,0,6.22085215e-20,0,-9.68713296e-18,0,0,0,0.00057865194,0.000172928292,0.00057865194,0.000296669915,0.000287561341,-7.10542736e-15,3.55271368e-15,-0.882135623,-8.8817842e-16,-3.25624035e-17
27.44,13720,DESCEND,single_red_center-f6430d296e:0002:DESCEND,DESCENT,-2.42558298,1.90482796,0.0467438723,2.09169264,-2.42558298,1.90482796,0.0470047025,2.09169264,-3.99680289e-15,1.99840144e-15,-0.000260830175,-3.99680289e-15,3.99680289e-15,1.99840144e-15,0.000260830175,3.99680289e-15,0,0,0.00716131606,0,-7.47419602e-14,3.47203162e-14,0.00711629943,-7.52883804e-14,7.47419602e-14,-3.47203162e-14,4.50166255e-05,7.52883804e-14,0,0,0.00756443343,0,1.49324009e-13,1.80869014e-13,0.0123583869,-1.43765604e-13,-3.03511126e-05,-0.250474323,0.0562561277,1.57093762,-3.03511126e-05,-0.250474323,0.0559952975,1.57093762,0,0,5.71600945e-20,0,3.79959391e-18,0,0,0,0.00057865194,0.000172928292,0.00057865194,0.000296669915,0.000287561341,0,3.55271368e-15,-0.881779605,-8.8817842e-16,-3.6611179e-17
27.48,13740,DESCEND,single_red_center-f6430d296e:0002:DESCEND,DESCENT,-2.42558298,1.90482796,0.0470363755,2.09169264,-2.42558298,1.90482796,0.0472956967,2.09169264,-3.99680289e-15,1.77635684e-15,-0.000259321198,-3.99680289e-15,3.99680289e-15,1.77635684e-15,0.000259321198,3.99680289e-15,0,0,0.00746362015,0,-7.48505351e-14,3.36527624e-14,0.00741957614,-7.54125721e-14,7.48505351e-14,-3.36527624e-14,4.40440064e-05,7.54125721e-14,0,0,0.00754899941,0,-2.61842047e-13,4.04935579e-13,0.0120053703,-1.36496933e-13,-3.03511126e-05,-0.250474323,0.0559636245,1.57093762,-3.03511126e-05,-0.250474323,0.0557043033,1.57093762,0,0,5.77826482e-20,0,1.21718248e-17,0,0,0,0.00057865194,0.000172928292,0.00057865194,0.000296669915,0.000287561341,-7.10542736e-15,3.55271368e-15,-0.881508235,-8.8817842e-16,-3.7747823e-17
27.52,13760,DESCEND,single_red_center-f6430d296e:0002:DESCEND,DESCENT,-2.42558298,1.90482796,0.0473408773,2.09169264,-2.42558298,1.90482796,0.0475987442,2.09169264,-3.99680289e-15,1.77635684e-15,-0.000257866852,-3.99680289e-15,3.99680289e-15,1.77635684e-15,0.000257866852,3.99680289e-15,0,0,0.00776510349,0,-7.44155443e-14,3.30861277e-14,0.00771622129,-7.55591329e-14,7.44155443e-14,-3.30861277e-14,4.88822e-05,7.55591329e-14,0,0,0.00752310657,0,2.55528763e-13,-2.94541963e-13,0.0106289188,-1.29210051e-13,-3.03511126e-05,-0.250474323,0.0556591227,1.57093762,-3.03511126e-05,-0.250474323,0.0554012558,1.57093762,0,0,6.91828481e-21,0,-2.36508798e-18,0,0,0,0.00057865194,0.000172928292,0.00057865194,0.000296669915,0.000287561341,0,0,-0.881335999,-8.8817842e-16,-3.60206749e-18
27.56,13780,DESCEND,single_red_center-f6430d296e:0002:DESCEND,DESCENT,-2.42558298,1.90482796,0.0476575333,2.09169264,-2.42558298,1.90482796,0.0479138801,2.09169264,-3.99680289e-15,1.77635684e-15,-0.00025634682,-3.99680289e-15,3.99680289e-15,1.77635684e-15,0.00025634682,3.99680289e-15,0,0,0.00806533102,0,-7.48451133e-14,3.360374e-14,0.00802094506,-7.42907114e-14,7.48451133e-14,-3.360374e-14,4.43859581e-05,7.42907114e-14,0,0,0.00748682764,0,-1.53259701e-13,-8.24655673e-14,0.0104579873,7.3856751e-13,-3.03511126e-05,-0.250474323,0.0553424667,1.57093762,-3.03511126e-05,-0.250474323,0.0550861199,1.57093762,0,0,1.46073185e-19,0,8.6409692e-20,0,0,0,0.00057865194,0.000172928292,0.00057865194,0.000296669915,0.000287561341,-7.10542736e-15,0,-0.881046725,0,-8.67319929e-17
27.6,13800,DESCEND,single_red_center-f6430d296e:0002:DESCEND,DESCENT,-2.42558298,1.90482796,0.0479860888,2.09169264,-2.42558298,1.90482796,0.0482409774,2.09169264,-3.99680289e-15,1.77635684e-15,-0.000254888632,-3.99680289e-15,3.99680289e-15,1.77635684e-15,0.000254888632,3.99680289e-15,0,0,0.00836391757,0,-7.44092752e-14,3.3056605e-14,0.00831807395,-7.44337902e-14,7.44092752e-14,-3.3056605e-14,4.58436153e-05,7.44337902e-14,0,0,0.00744057207,0,2.54405814e-13,-2.97517956e-13,0.00914936269,7.33750893e-13,-3.03511126e-05,-0.250474323,0.0550139112,1.57093762,-3.03511126e-05,-0.250474323,0.0547590226,1.57093762,0,0,-3.18593085e-20,0,-5.59731306e-18,0,0,0,0.00057865194,0.000172928292,0.00057865194,0.000296669915,0.000287561341,0,0,-0.880867875,0,2.40150083e-17
27.64,13820,DESCEND,single_red_center-f6430d296e:0002:DESCEND,DESCENT,-2.42558298,1.90482796,0.0483265915,2.09169264,-2.42558298,1.90482796,0.048579987,2.09169264,-3.99680289e-15,1.99840144e-15,-0.000253395486,-3.99680289e-15,3.99680289e-15,1.99840144e-15,0.000253395486,3.99680289e-15,0,0,0.00866044927,0,-7.49878467e-14,3.42964882e-14,0.00861467495,-7.46118417e-14,7.49878467e-14,-3.42964882e-14,4.57743273e-05,7.46118417e-14,0,0,0.00738447978,0,-2.60562206e-13,4.01282057e-13,0.00963271107,-1.44299126e-13,-3.03511126e-05,-0.250474323,0.0546734085,1.57093762,-3.03511126e-05,-0.250474323,0.054420013,1.57093762,0,0,1.27949334e-20,0,1.87005413e-18,0,0,0,0.00057865194,0.000172928292,0.00057865194,0.000296669915,0.000287561341,-7.10542736e-15,3.55271368e-15,-0.880527587,-8.8817842e-16,-6.36746348e-18
27.68,13840,DESCEND,single_red_center-f6430d296e:0002:DESCEND,DESCENT,-2.42558298,1.90482796,0.0486789326,2.09169264,-2.42558298,1.90482796,0.0489308233,2.09169264,-3.99680289e-15,1.77635684e-15,-0.00025189062,-3.99680289e-15,3.99680289e-15,1.77635684e-15,0.00025189062,3.99680289e-15,0,0,0.0089545392,0,-7.43798166e-14,3.29074835e-14,0.00890953123,-7.47508568e-14,7.43798166e-14,-3.29074835e-14,4.50079671e-05,7.47508568e-14,0,0,0.00731880955,0,2.55202903e-13,-2.93489622e-13,0.0110904023,-1.37186279e-13,-3.03511126e-05,-0.250474323,0.0543210674,1.57093762,-3.03511126e-05,-0.250474323,0.0540691767,1.57093762,0,0,7.04687824e-21,0,1.61502687e-19,0,0,0,0.00057865194,0.000172928292,0.00057865194,0.000296669915,0.000287561341,0,0,-0.880100979,-8.8817842e-16,-4.68865e-18
27.72,13860,DESCEND,single_red_center-f6430d296e:0002:DESCEND,DESCENT,-2.42558298,1.90482796,0.0490429697,2.09169264,-2.42558298,1.90482796,0.0492933854,2.09169264,-3.99680289e-15,1.55431223e-15,-0.000250415644,-3.99680289e-15,3.99680289e-15,1.55431223e-15,0.000250415644,3.99680289e-15,0,0,0.0092458176,0,-7.46582619e-14,3.26447546e-14,0.00920234087,-7.48907184e-14,7.46582619e-14,-3.26447546e-14,4.34767301e-05,7.48907184e-14,0,0,0.00724383351,0,-4.50481504e-14,-5.587583e-13,0.0116112521,-1.17575134e-13,-3.03511126e-05,-0.250474323,0.0539570303,1.57093762,-3.03511126e-05,-0.250474323,0.0537066146,1.57093762,0,0,4.24432916e-21,0,1.05122404e-18,0,0,0,0.00057865194,0.000172928292,0.00057865194,0.000296669915,0.000287561341,-7.10542736e-15,-3.55271368e-15,-0.879761093,-8.8817842e-16,-1.65274467e-18
27.76,13880,DESCEND,single_red_center-f6430d296e:0002:DESCEND,DESCENT,-2.42558298,1.90482796,0.0494185832,2.09169264,-2.42558298,1.90482796,0.0496675524,2.09169264,-3.99680289e-15,1.99840144e-15,-0.000248969224,-3.99680289e-15,3.99680289e-15,1.99840144e-15,0.000248969224,3.99680289e-15,0,0,0.00953391783,0,-7.46942423e-14,3.43921347e-14,0.00949200083,-7.50873392e-14,7.46942423e-14,-3.43921347e-14,4.19170024e-05,7.50873392e-14,0,0,0.00715979276,0,1.48950002e-13,1.82825933e-13,0.0115216424,-1.4579467e-13,-3.03511126e-05,-0.250474323,0.0535814168,1.57093762,-3.03511126e-05,-0.250474323,0.0533324476,1.57093762,0,0,1.7640241e-20,0,-3.03695722e-18,0,0,0,0.00057865194,0.000172928292,0.00057865194,0.000296669915,0.000287561341,0,3.55271368e-15,-0.879479532,-8.8817842e-16,-1.51709841e-17
27.8,13900,DESCEND,single_red_center-f6430d296e:0002:DESCEND,DESCENT,-2.42558298,1.90482796,0.0498056389,2.09169264,-2.42558298,1.90482796,0.0500531927,2.09169264,-3.99680289e-15,1.77635684e-15,-0.000247553766,-3.99680289e-15,3.99680289e-15,1.77635684e-15,0.000247553766,3.99680289e-15,0,0,0.00981848287,0,-7.48022201e-14,3.33454761e-14,0.00977744451,-7.52263051e-14,7.48022201e-14,-3.33454761e-14,4.10383593e-05,7.52263051e-14,0,0,0.00706692838,0,-2.62415016e-13,4.06663889e-13,0.0109611105,-1.38366886e-13,-3.03511126e-05,-0.250474323,0.0531943611,1.57093762,-3.03511126e-05,-0.250474323,0.0529468073,1.57093762,0,0,1.13493008e-19,0,-2.75964099e-17,0,0,0,0.00057865194,0.000172928292,0.00057865194,0.000296669915,0.000287561341,-7.10542736e-15,3.55271368e-15,-0.879244751,-8.8817842e-16,-5.47236448e-17
27.84,13920,DESCEND,single_red_center-f6430d296e:0002:DESCEND,DESCENT,-2.42558298,1.90482796,0.0502039889,2.09169264,-2.42558298,1.90482796,0.0504501569,2.09169264,-3.99680289e-15,1.77635684e-15,-0.000246167972,-3.99680289e-15,3.99680289e-15,1.77635684e-15,0.000246167972,3.99680289e-15,0,0,0.0100991653,0,-7.4528388e-14,3.35505807e-14,0.0100583816,-7.53806104e-14,7.4528388e-14,-3.35505807e-14,4.07836929e-05,7.53806104e-14,0,0,0.00696548147,0,-2.62517893e-13,4.06185257e-13,0.0100607301,-1.36829773e-13,-3.03511126e-05,-0.250474323,0.0527960111,1.57093762,-3.03511126e-05,-0.250474323,0.0525498431,1.57093762,0,0,1.40969525e-19,0,1.0366734e-17,0,0,0,0.00057865194,0.000172928292,0.00057865194,0.000296669915,0.000287561341,-7.10542736e-15,3.55271368e-15,-0.879045194,-8.8817842e-16,-8.8994397e-17
27.88,13940,DESCEND,single_red_center-f6430d296e:0002:DESCEND,DESCENT,-2.42558298,1.90482796,0.0506134504,2.09169264,-2.42558298,1.90482796,0.0508582556,2.09169264,-3.99680289e-15,1.77635684e-15,-0.000244805209,-3.99680289e-15,3.99680289e-15,1.77635684e-15,0.000244805209,3.99680289e-15,0,0,0.010375636,0,-7.47875742e-14,3.32440997e-14,0.010331068,-7.55044004e-14,7.47875742e-14,-3.32440997e-14,4.45679826e-05,7.55044004e-14,0,0,0.00685570868,0,-1.53340635e-13,-7.75491893e-14,0.0100288563,-1.23548035e-13,-3.03511126e-05,-0.250474323,0.0523865496,1.57093762,-3.03511126e-05,-0.250474323,0.0521417444,1.57093762,0,0,2.24381312e-20,0,7.3612472e-20,0,0,0,0.00057865194,0.000172928292,0.00057865194,0.000296669915,0.000287561341,-7.10542736e-15,0,-0.878775389,-8.8817842e-16,-1.07508043e-17
27.92,13960,DESCEND,single_red_center-f6430d296e:0002:DESCEND,DESCENT,-2.42558298,1.90482796,0.0510339262,2.09169264,-2.42558298,1.90482796,0.0512773986,2.09169264,-3.99680289e-15,1.77635684e-15,-0.000243472473,-3.99680289e-15,3.99680289e-15,1.77635684e-15,0.000243472473,3.99680289e-15,0,0,0.0106475341,0,-7.45091956e-14,3.34884303e-14,0.0106052717,-7.56806786e-14,7.45091956e-14,-3.34884303e-14,4.22624371e-05,7.56806786e-14,0,0,0.00673779361,0,2.5627226e-13,-2.96896478e-13,0.00820426179,-1.27962259e-13,-3.03511126e-05,-0.250474323,0.0519660738,1.57093762,-3.03511126e-05,-0.250474323,0.0517226014,1.57093762,0,0,8.14107165e-21,0,-7.64330829e-19,0,0,0,0.00057865194,0.000172928292,0.00057865194,0.000296669915,0.000287561341,0,0,-0.878666099,-8.8817842e-16,-4.56495228e-18
27.96,13980,DESCEND,single_red_center-f6430d296e:0002:DESCEND,DESCENT,-2.42558298,1.90482796,0.0514652188,2.09169264,-2.42558298,1.90482796,0.0517073217,2.09169264,-3.99680289e-15,1.77635684e-15,-0.000242102867,-3.99680289e-15,3.99680289e-15,1.77635684e-15,0.000242102867,3.99680289e-15,0,0,0.0109145392,0,-7.47900878e-14,3.32471073e-14,0.0108735396,-7.4404094e-14,7.47900878e-14,-3.32471073e-14,4.09996388e-05,7.4404094e-14,0,0,0.00661198582,0,-1.53950111e-13,-8.04857455e-14,0.00955147951,7.39641503e-13,-3.03511126e-05,-0.250474323,0.0515347812,1.57093762,-3.03511126e-05,-0.250474323,0.0512926783,1.57093762,0,0,5.95716195e-21,0,2.2817578e-19,0,0,0,0.00057865194,0.000172928292,0.00057865194,0.000296669915,0.000287561341,-7.10542736e-15,0,-0.878276064,0,-2.53113675e-18
28,14000,DESCEND,single_red_center-f6430d296e:0002:DESCEND,DESCENT,-2.42558298,1.90482796,0.0519070773,2.09169264,-2.42558298,1.90482796,0.0521478478,2.09169264,-3.99680289e-15,1.55431223e-15,-0.000240770538,-3.99680289e-15,3.99680289e-15,1.55431223e-15,0.000240770538,3.99680289e-15,0,0,0.0111763637,0,-7.43572271e-14,3.26832158e-14,0.0111375517,-7.45702736e-14,7.43572271e-14,-3.26832158e-14,3.88120283e-05,7.45702736e-14,0,0,0.00647856354,0,-4.63022418e-14,-5.58719261e-13,0.0101362119,-1.20688955e-13,-3.03511126e-05,-0.250474323,0.0510929227,1.57093762,-3.03511126e-05,-0.250474323,0.0508521522,1.57093762,0,0,7.0202161e-21,0,4.87940581e-18,0,0,0,0.00057865194,0.000172928292,0.00057865194,0.000296669915,0.000287561341,-7.10542736e-15,-3.55271368e-15,-0.877959202,-8.8817842e-16,3.21394748e-18
28.04,14020,DESCEND,single_red_center-f6430d296e:0002:DESCEND,DESCENT,-2.42558298,1.90482796,0.0523592888,2.09169264,-2.42558298,1.90482796,0.0525987661,2.09169264,-3.99680289e-15,1.77635684e-15,-0.000239477264,-3.99680289e-15,3.99680289e-15,1.77635684e-15,0.000239477264,3.99680289e-15,0,0,0.0114327083,0,-7.48021764e-14,3.32677089e-14,0.0113952065,-7.47418112e-14,7.48021764e-14,-3.32677089e-14,3.75018437e-05,7.47418112e-14,0,0,0.00633776786,0,-1.53146272e-13,-7.76143596e-14,0.0103745237,-1.31055504e-13,-3.03511126e-05,-0.250474323,0.0506407112,1.57093762,-3.03511126e-05,-0.250474323,0.0504012339,1.57093762,0,0,1.32017172e-20,0,-1.54217438e-20,0,0,0,0.00057865194,0.000172928292,0.00057865194,0.000296669915,0.000287561341,-7.10542736e-15,0,-0.877680007,-8.8817842e-16,-5.94592588e-18
28.08,14040,DESCEND,single_red_center-f6430d296e:0002:DESCEND,DESCENT,-2.42558298,1.90482796,0.0528216288,2.09169264,-2.42558298,1.90482796,0.0530598498,2.09169264,-3.99680289e-15,1.55431223e-15,-0.000238220998,-3.99680289e-15,3.99680289e-15,1.55431223e-15,0.000238220998,3.99680289e-15,0,0,0.0116832837,0,-7.45217757e-14,3.34654275e-14,0.0116475803,-7.49109555e-14,7.45217757e-14,-3.34654275e-14,3.57034191e-05,7.49109555e-14,0,0,0.00618983988,0,-4.44427913e-14,-5.63033686e-13,0.0101074866,-1.17257794e-13,-3.03511126e-05,-0.250474323,0.0501783712,1.57093762,-3.03511126e-05,-0.250474323,0.0499401502,1.57093762,0,0,3.73305052e-21,0,4.63146416e-19,0,0,0,0.00057865194,0.000172928292,0.00057865194,0.000296669915,0.000287561341,-7.10542736e-15,-3.55271368e-15,-0.87745177,-8.8817842e-16,-8.1824451e-19
28.12,14060,DESCEND,single_red_center-f6430d296e:0002:DESCEND,DESCENT,-2.42558298,1.90482796,0.0532938614,2.09169264,-2.42558298,1.90482796,0.0535308791,2.09169264,-3.99680289e-15,1.99840144e-15,-0.000237017693,-3.99680289e-15,3.99680289e-15,1.99840144e-15,0.000237017693,3.99680289e-15,0,0,0.0119278099,0,-7.49586781e-14,3.40065011e-14,0.0118927248,-7.50682534e-14,7.49586781e-14,-3.40065011e-14,3.5085115e-05,7.50682534e-14,0,0,0.00603502069,0,-2.61023702e-13,4.02885522e-13,0.00903904941,-1.39845153e-13,-3.03511126e-05,-0.250474323,0.0497061386,1.57093762,-3.03511126e-05,-0.250474323,0.0494691209,1.57093762,0,0,2.93593944e-21,0,-2.9384351e-20,0,0,0,0.00057865194,0.000172928292,0.00057865194,0.000296669915,0.000287561341,-7.10542736e-15,3.55271368e-15,-0.877303195,-8.8817842e-16,-8.87783275e-19
28.16,14080,DESCEND,single_red_center-f6430d296e:0002:DESCEND,DESCENT,-2.42558298,1.90482796,0.0537757396,2.09169264,-2.42558298,1.90482796,0.0540115844,2.09169264,-3.99680289e-15,1.77635684e-15,-0.000235844756,-3.99680289e-15,3.99680289e-15,1.77635684e-15,0.000235844756,3.99680289e-15,0,0,0.0121660166,0,-7.4529001e-14,3.34575029e-14,0.012131268,-7.52180404e-14,7.4529001e-14,-3.34575029e-14,3.47485288e-05,7.52180404e-14,0,0,0.00587355137,0,2.56390093e-13,-2.96693489e-13,0.0080963135,-1.32524575e-13,-3.03511126e-05,-0.250474323,0.0492242604,1.57093762,-3.03511126e-05,-0.250474323,0.0489884156,1.57093762,0,0,6.72154575e-20,0,-6.58261189e-18,0,0,0,0.00057865194,0.000172928292,0.00057865194,0.000296669915,0.000287561341,0,0,-0.87714986,-8.8817842e-16,-3.83614952e-17
28.2,14100,DESCEND,single_red_center-f6430d296e:0002:DESCEND,DESCENT,-2.42558298,1.90482796,0.054267006,2.09169264,-2.42558298,1.90482796,0.0545017229,2.09169264,-3.99680289e-15,1.77635684e-15,-0.000234716908,-3.99680289e-15,3.99680289e-15,1.77635684e-15,0.000234716908,3.99680289e-15,0,0,0.0123976431,0,-7.47993183e-14,3.31680069e-14,0.0123619932,-7.5348892e-14,7.47993183e-14,-3.31680069e-14,3.56499072e-05,7.5348892e-14,0,0,0.00570567301,0,-1.53297203e-13,-7.70940937e-14,0.00686770561,-1.25094179e-13,-3.03511126e-05,-0.250474323,0.048732994,1.57093762,-3.03511126e-05,-0.250474323,0.0484982771,1.57093762,0,0,1.25991989e-20,0,4.70591461e-20,0,0,0,0.00057865194,0.000172928292,0.00057865194,0.000296669915,0.000287561341,-7.10542736e-15,0,-0.877030181,-8.8817842e-16,-5.28277704e-18
28.24,14120,DESCEND,single_red_center-f6430d296e:0002:DESCEND,DESCENT,-2.42558298,1.90482796,0.0547674453,2.09169264,-2.42558298,1.90482796,0.0550010198,2.09169264,-3.99680289e-15,1.55431223e-15,-0.000233574474,-3.99680289e-15,3.99680289e-15,1.55431223e-15,0.000233574474,3.99680289e-15,0,0,0.0126223966,0,-7.43605854e-14,3.26128016e-14,0.0125880757,-7.54923162e-14,7.43605854e-14,-3.26128016e-14,3.43208971e-05,7.54923162e-14,0,0,0.0055315916,0,-4.59639392e-14,-5.58153125e-13,0.00744067049,-1.11645817e-13,-3.03511126e-05,-0.250474323,0.0482325547,1.57093762,-3.03511126e-05,-0.250474323,0.0479989802,1.57093762,0,0,2.42670651e-21,0,2.99305084e-19,0,0,0,0.00057865194,0.000172928292,0.00057865194,0.000296669915,0.000287561341,-7.10542736e-15,-3.55271368e-15,-0.876752312,-8.8817842e-16,1.59113403e-19
28.28,14140,DESCEND,single_red_center-f6430d296e:0002:DESCEND,DESCENT,-2.42558298,1.90482796,0.0552767412,2.09169264,-2.42558298,1.90482796,0.055509204,2.09169264,-3.99680289e-15,1.77635684e-15,-0.000232462791,-3.99680289e-15,3.99680289e-15,1.77635684e-15,0.000232462791,3.99680289e-15,0,0,0.0128400605,0,-7.49599342e-14,3.39296329e-14,0.0128075373,-7.56564467e-14,7.49599342e-14,-3.39296329e-14,3.25231995e-05,7.56564467e-14,0,0,0.0053515749,0,-2.61114861e-13,4.03285616e-13,0.00812579746,-1.34067718e-13,-3.03511126e-05,-0.250474323,0.0477232588,1.57093762,-3.03511126e-05,-0.250474323,0.047490796,1.57093762,0,0,3.52280545e-21,0,7.50564434e-19,0,0,0,0.00057865194,0.000172928292,0.00057865194,0.000296669915,0.000287561341,-7.10542736e-15,3.55271368e-15,-0.876470926,-8.8817842e-16,-1.51069314e-18
28.32,14160,DESCEND,single_red_center-f6430d296e:0002:DESCEND,DESCENT,-2.42558298,1.90482796,0.0557945886,2.09169264,-2.42558298,1.90482796,0.0560259863,2.09169264,-3.99680289e-15,1.77635684e-15,-0.000231397737,-3.99680289e-15,3.99680289e-15,1.77635684e-15,0.000231397737,3.99680289e-15,0,0,0.0130504166,0,-7.46631285e-14,3.40666766e-14,0.013019504,-7.43880816e-14,7.46631285e-14,-3.40666766e-14,3.09125149e-05,7.43880816e-14,0,0,0.00516587612,0,-1.53476763e-13,-8.48502886e-14,0.00837462392,7.39609289e-13,-3.03511126e-05,-0.250474323,0.0472054114,1.57093762,-3.03511126e-05,-0.250474323,0.0469740137,1.57093762,0,0,4.38540712e-21,0,-3.96571309e-19,0,0,0,0.00057865194,0.000172928292,0.00057865194,0.000296669915,0.000287561341,-7.10542736e-15,0,-0.876236469,0,-1.03872127e-18
28.36,14180,DESCEND,single_red_center-f6430d296e:0002:DESCEND,DESCENT,-2.42558298,1.90482796,0.0563206913,2.09169264,-2.42558298,1.90482796,0.0565510736,2.09169264,-3.99680289e-15,1.77635684e-15,-0.000230382283,-3.99680289e-15,3.99680289e-15,1.77635684e-15,0.000230382283,3.99680289e-15,0,0,0.0132532429,0,-7.42264295e-14,3.3477973e-14,0.0132241445,-7.45641287e-14,7.42264295e-14,-3.3477973e-14,2.9098354e-05,7.45641287e-14,0,0,0.00497473635,0,2.55438897e-13,-2.96374012e-13,0.00800531566,-1.38938226e-13,-3.03511126e-05,-0.250474323,0.0466793087,1.57093762,-3.03511126e-05,-0.250474323,0.0464489264,1.57093762,0,0,1.62060061e-21,0,-5.59995889e-19,0,0,0,0.00057865194,0.000172928292,0.00057865194,0.000296669915,0.000287561341,0,0,-0.876065208,-8.8817842e-16,-1.1431496e-18
28.4,14200,DESCEND,single_red_center-f6430d296e:0002:DESCEND,DESCENT,-2.42558298,1.90482796,0.0568547444,2.09169264,-2.42558298,1.90482796,0.0570841559,2.09169264,-3.99680289e-15,1.55431223e-15,-0.00022941152,-3.99680289e-15,3.99680289e-15,1.55431223e-15,0.00022941152,3.99680289e-15,0,0,0.013448327,0,-7.43493101e-14,3.24713776e-14,0.0134206747,-7.46869129e-14,7.43493101e-14,-3.24713776e-14,2.76523113e-05,7.46869129e-14,0,0,0.00477839668,0,3.63823341e-13,-7.75839378e-13,0.00743871612,-1.25778211e-13,-3.03511126e-05,-0.250474323,0.0461452556,1.57093762,-3.03511126e-05,-0.250474323,0.0459158441,1.57093762,0,0,2.91853207e-21,0,-3.90871983e-19,0,0,0,0.00057865194,0.000172928292,0.00057865194,0.000296669915,0.000287561341,0,-3.55271368e-15,-0.87591989,-8.8817842e-16,-2.07143338e-18
28.44,14220,DESCEND,single_red_center-f6430d296e:0002:DESCEND,DESCENT,-2.42558298,1.90482796,0.0573964349,2.09169264,-2.42558298,1.90482796,0.0576249257,2.09169264,-3.99680289e-15,1.77635684e-15,-0.000228490745,-3.99680289e-15,3.99680289e-15,1.77635684e-15,0.000228490745,3.99680289e-15,0,0,0.0136354662,0,-7.494781e-14,3.38020523e-14,0.0136093527,-7.48772288e-14,7.494781e-14,-3.38020523e-14,2.61135407e-05,7.48772288e-14,0,0,0.00457709821,0,-2.61444981e-13,4.03952346e-13,0.00636086779,-1.4174549e-13,-3.03511126e-05,-0.250474323,0.0456035651,1.57093762,-3.03511126e-05,-0.250474323,0.0453750743,1.57093762,0,0,1.11662738e-20,0,6.67977282e-19,0,0,0,0.00057865194,0.000172928292,0.00057865194,0.000296669915,0.000287561341,-7.10542736e-15,3.55271368e-15,-0.875828632,-8.8817842e-16,-5.30829807e-18
28.48,14240,DESCEND,single_red_center-f6430d296e:0002:DESCEND,DESCENT,-2.42558298,1.90482796,0.0579454418,2.09169264,-2.42558298,1.90482796,0.0581730556,2.09169264,-3.99680289e-15,1.77635684e-15,-0.000227613806,-3.99680289e-15,3.99680289e-15,1.77635684e-15,0.000227613806,3.99680289e-15,0,0,0.0138144673,0,-7.45180746e-14,3.32409285e-14,0.0137879086,-7.5036064e-14,7.45180746e-14,-3.32409285e-14,2.65587235e-05,7.5036064e-14,0,0,0.00437108203,0,2.56003333e-13,-2.95535058e-13,0.00560587753,-1.34339972e-13,-3.03511126e-05,-0.250474323,0.0450545582,1.57093762,-3.03511126e-05,-0.250474323,0.0448269444,1.57093762,0,0,8.9499886e-21,0,-4.47584658e-19,0,0,0,0.00057865194,0.000172928292,0.00057865194,0.000296669915,0.000287561341,0,0,-0.875718315,-8.8817842e-16,-5.49337328e-18
28.52,14260,DESCEND,single_red_center-f6430d296e:0002:DESCEND,DESCENT,-2.42558298,1.90482796,0.0585014535,2.09169264,-2.42558298,1.90482796,0.0587282203,2.09169264,-3.99680289e-15,1.77635684e-15,-0.000226766751,-3.99680289e-15,3.99680289e-15,1.77635684e-15,0.000226766751,3.99680289e-15,0,0,0.013985125,0,-7.42483495e-14,3.34513091e-14,0.0139596973,-7.51663042e-14,7.42483495e-14,-3.34513091e-14,2.54276926e-05,7.51663042e-14,0,0,0.00416057828,0,2.55473866e-13,-2.96277668e-13,0.00503929426,-1.33017498e-13,-3.03511126e-05,-0.250474323,0.0444985465,1.57093762,-3.03511126e-05,-0.250474323,0.0442717797,1.57093762,0,0,1.11197432e-21,0,-4.46630863e-19,0,0,0,0.00057865194,0.000172928292,0.00057865194,0.000296669915,0.000287561341,0,0,-0.875597736,-8.8817842e-16,-1.11661655e-18
28.56,14280,DESCEND,single_red_center-f6430d296e:0002:DESCEND,DESCENT,-2.42558298,1.90482796,0.0590641493,2.09169264,-2.42558298,1.90482796,0.0592900831,2.09169264,-3.99680289e-15,1.77635684e-15,-0.000225933787,-3.99680289e-15,3.99680289e-15,1.77635684e-15,0.000225933787,3.99680289e-15,0,0,0.0141472403,0,-7.45227862e-14,3.32141322e-14,0.014122779,-7.52973835e-14,7.45227862e-14,-3.32141322e-14,2.44613344e-05,7.52973835e-14,0,0,0.00394581897,0,-1.51401941e-13,-7.55586981e-14,0.00587601189,-1.25711339e-13,-3.03511126e-05,-0.250474323,0.0439358507,1.57093762,-3.03511126e-05,-0.250474323,0.0437099169,1.57093762,0,0,-4.42244821e-22,0,1.45566494e-18,0,0,0,0.00057865194,0.000172928292,0.00057865194,0.000296669915,0.000287561341,-7.10542736e-15,0,-0.875359029,-8.8817842e-16,5.49972576e-18
28.6,14300,DESCEND,single_red_center-f6430d296e:0002:DESCEND,DESCENT,-2.42558298,1.90482796,0.0596331494,2.09169264,-2.42558298,1.90482796,0.0598583067,2.09169264,-3.99680289e-15,1.77635684e-15,-0.000225157273,-3.99680289e-15,3.99680289e-15,1.77635684e-15,0.000225157273,3.99680289e-15,0,0,0.0143006935,0,-7.42349757e-14,3.33499651e-14,0.0142783651,-7.54676976e-14,7.42349757e-14,-3.33499651e-14,2.23283956e-05,7.54676976e-14,0,0,0.00372706889,0,2.55295873e-13,-2.95720492e-13,0.00580846163,-1.30064223e-13,-3.03511126e-05,-0.250474323,0.0433668506,1.57093762,-3.03511126e-05,-0.250474323,0.0431416933,1.57093762,0,0,1.16801561e-20,0,-5.22120038e-19,0,0,0,0.00057865194,0.000172928292,0.00057865194,0.000296669915,0.000287561341,0,0,-0.875209548,-8.8817842e-16,-6.34288787e-18
28.64,14320,DESCEND,single_red_center-f6430d296e:0002:DESCEND,DESCENT,-2.42558298,1.90482796,0.060208105,2.09169264,-2.42558298,1.90482796,0.0604325319,2.09169264,-3.99680289e-15,1.55431223e-15,-0.000224426868,-3.99680289e-15,3.99680289e-15,1.55431223e-15,0.000224426868,3.99680289e-15,0,0,0.01444533,0,-7.43665083e-14,3.23552558e-14,0.0144247345,-7.55759405e-14,7.43665083e-14,-3.23552558e-14,2.0595475e-05,7.55759405e-14,0,0,0.00350456915,0,-1.5550858e-13,-7.19801627e-14,0.00573972846,-1.22953611e-13,-3.03511126e-05,-0.250474323,0.042791895,1.57093762,-3.03511126e-05,-0.250474323,0.0425674681,1.57093762,0,0,5.68071751e-21,0,3.94261358e-19,0,0,0,0.00057865194,0.000172928292,0.00057865194,0.000296669915,0.000287561341,-7.10542736e-15,0,-0.875069391,-8.8817842e-16,-2.13061284e-18
28.68,14340,DESCEND,single_red_center-f6430d296e:0002:DESCEND,DESCENT,-2.42558298,1.90482796,0.0607886613,2.09169264,-2.42558298,1.90482796,0.0610124143,2.09169264,-3.99680289e-15,1.99840144e-15,-0.000223753036,-3.99680289e-15,3.99680289e-15,1.99840144e-15,0.000223753036,3.99680289e-15,0,0,0.014581005,0,-7.44066572e-14,3.41246735e-14,0.0145619103,-7.43599528e-14,7.44066572e-14,-3.41246735e-14,1.90946963e-05,7.43599528e-14,0,0,0.00327856083,0,1.46734106e-13,1.81575243e-13,0.0051655807,7.21061551e-13,-3.03511126e-05,-0.250474323,0.0422113387,1.57093762,-3.03511126e-05,-0.250474323,0.0419875857,1.57093762,0,0,1.00801163e-21,0,-1.04288696e-18,0,0,0,0.00057865194,0.000172928292,0.00057865194,0.000296669915,0.000287561341,0,3.55271368e-15,-0.874984109,0,-1.19045336e-18
28.72,14360,DESCEND,single_red_center-f6430d296e:0002:DESCEND,DESCENT,-2.42558298,1.90482796,0.0613744577,2.09169264,-2.42558298,1.90482796,0.0615975842,2.09169264,-3.99680289e-15,1.77635684e-15,-0.000223126541,-3.99680289e-15,3.99680289e-15,1.77635684e-15,0.000223126541,3.99680289e-15,0,0,0.0147075833,0,-7.45314412e-14,3.31193927e-14,0.0146898013,-7.44809608e-14,7.45314412e-14,-3.31193927e-14,1.77820687e-05,7.44809608e-14,0,0,0.00304928502,0,2.55106986e-13,-2.97909807e-13,0.00454789841,7.34205095e-13,-3.03511126e-05,-0.250474323,0.0416255423,1.57093762,-3.03511126e-05,-0.250474323,0.0414024158,1.57093762,0,0,7.0249499e-21,0,-1.2441583e-18,0,0,0,0.00057865194,0.000172928292,0.00057865194,0.000296669915,0.000287561341,0,0,-0.874912047,0,-4.24936788e-18
28.76,14380,DESCEND,single_red_center-f6430d296e:0002:DESCEND,DESCENT,-2.42558298,1.90482796,0.0619651285,2.09169264,-2.42558298,1.90482796,0.0621876781,2.09169264,-3.99680289e-15,1.77635684e-15,-0.000222549554,-3.99680289e-15,3.99680289e-15,1.77635684e-15,0.000222549554,3.99680289e-15,0,0,0.0148249392,0,-7.42346074e-14,3.32639892e-14,0.0148081657,-7.46400136e-14,7.42346074e-14,-3.32639892e-14,1.67735352e-05,7.46400136e-14,0,0,0.00281698282,0,2.55532988e-13,-2.95048702e-13,0.00384083561,-1.38237202e-13,-3.03511126e-05,-0.250474323,0.0410348715,1.57093762,-3.03511126e-05,-0.250474323,0.0408123219,1.57093762,0,0,2.07183146e-19,0,1.93602447e-19,0,0,0,0.00057865194,0.000172928292,0.00057865194,0.000296669915,0.000287561341,0,0,-0.87485759,-8.8817842e-16,-1.17283673e-16
28.8,14400,DESCEND,single_red_center-f6430d296e:0002:DESCEND,DESCENT,-2.42558298,1.90482796,0.0625603026,2.09169264,-2.42558298,1.90482796,0.0627823138,2.09169264,-3.99680289e-15,1.77635684e-15,-0.000222011268,-3.99680289e-15,3.99680289e-15,1.77635684e-15,0.000222011268,3.99680289e-15,0,0,0.0149329588,0,-7.45131534e-14,3.30155413e-14,0.014915983,-7.47956901e-14,7.45131534e-14,-3.30155413e-14,1.69758213e-05,7.47956901e-14,0,0,0.00258189586,0,1.46360139e-13,1.90433518e-13,0.0038026724,-1.48825919e-13,-3.03511126e-05,-0.250474323,0.0404396974,1.57093762,-3.03511126e-05,-0.250474323,0.0402176862,1.57093762,0,0,2.13799624e-20,0,-2.89313017e-18,0,0,0,0.00057865194,0.000172928292,0.00057865194,0.000296669915,0.000287561341,0,3.55271368e-15,-0.874753222,-8.8817842e-16,-1.10576172e-17
28.84,14420,DESCEND,single_red_center-f6430d296e:0002:DESCEND,DESCENT,-2.42558298,1.90482796,0.0631596343,2.09169264,-2.42558298,1.90482796,0.063381152,2.09169264,-3.99680289e-15,1.77635684e-15,-0.00022151776,-3.99680289e-15,3.99680289e-15,1.77635684e-15,0.00022151776,3.99680289e-15,0,0,0.0150314615,0,-7.42304102e-14,3.32095301e-14,0.0150168216,-7.4972393e-14,7.42304102e-14,-3.32095301e-14,1.4639931e-05,7.4972393e-14,0,0,0.00234424713,0,2.55130588e-13,-2.94921661e-13,0.0032934299,-1.34958056e-13,-3.03511126e-05,-0.250474323,0.0398403657,1.57093762,-3.03511126e-05,-0.250474323,0.039618848,1.57093762,0,0,6.73962455e-21,0,-5.76137599e-19,0,0,0,0.00057865194,0.000172928292,0.00057865194,0.000296669915,0.000287561341,0,0,-0.87469841,-8.8817842e-16,-3.8857074e-18
28.88,14440,DESCEND,single_red_center-f6430d296e:0002:DESCEND,DESCENT,-2.42558298,1.90482796,0.0637627125,2.09169264,-2.42558298,1.90482796,0.0639837749,2.09169264,-3.99680289e-15,1.77635684e-15,-0.00022106239,-3.99680289e-15,3.99680289e-15,1.77635684e-15,0.00022106239,3.99680289e-15,0,0,0.0151204162,0,-7.4493052e-14,3.28987399e-14,0.0151076426,-7.51117545e-14,7.4493052e-14,-3.28987399e-14,1.27735948e-05,7.51117545e-14,0,0,0.00210429758,0,-2.63726904e-13,4.09647849e-13,0.00335370898,-1.39547805e-13,-3.03511126e-05,-0.250474323,0.0392372875,1.57093762,-3.03511126e-05,-0.250474323,0.0390162251,1.57093762,0,0,4.10912801e-21,0,1.14208052e-19,0,0,0,0.00057865194,0.000172928292,0.00057865194,0.000296669915,0.000287561341,-7.10542736e-15,3.55271368e-15,-0.874602141,-8.8817842e-16,-1.51087066e-18
28.92,14460,DESCEND,single_red_center-f6430d296e:0002:DESCEND,DESCENT,-2.42558298,1.90482796,0.0643691524,2.09169264,-2.42558298,1.90482796,0.0645898155,2.09169264,-3.99680289e-15,1.55431223e-15,-0.000220663117,-3.99680289e-15,3.99680289e-15,1.55431223e-15,0.000220663117,3.99680289e-15,0,0,0.015199741,0,-7.47639369e-14,3.26516455e-14,0.0151886128,-7.52522835e-14,7.47639369e-14,-3.26516455e-14,1.11281586e-05,7.52522835e-14,0,0,0.00186228968,0,-1.5382315e-13,-7.41094573e-14,0.00308783611,-1.26123908e-13,-3.03511126e-05,-0.250474323,0.0386308476,1.57093762,-3.03511126e-05,-0.250474323,0.0384101845,1.57093762,0,0,1.14124517e-19,0,-7.36118747e-19,0,0,0,0.00057865194,0.000172928292,0.00057865194,0.000296669915,0.000287561341,-7.10542736e-15,0,-0.874545202,-8.8817842e-16,-5.63213357e-17
28.96,14480,DESCEND,single_red_center-f6430d296e:0002:DESCEND,DESCENT,-2.42558298,1.90482796,0.0649785679,2.09169264,-2.42558298,1.90482796,0.0651988833,2.09169264,-3.99680289e-15,1.99840144e-15,-0.000220315456,-3.99680289e-15,3.99680289e-15,1.99840144e-15,0.000220315456,3.99680289e-15,0,0,0.0152693585,0,-7.4651548e-14,3.3691005e-14,0.0152603211,-7.54155054e-14,7.4651548e-14,-3.3691005e-14,9.03745621e-06,7.54155054e-14,0,0,0.00161846452,0,1.47666641e-13,1.86555057e-13,0.00256929422,-1.42644602e-13,-3.03511126e-05,-0.250474323,0.0380214321,1.57093762,-3.03511126e-05,-0.250474323,0.0378011167,1.57093762,0,0,-1.3448001e-20,0,-1.24779454e-17,0,0,0,0.00057865194,0.000172928292,0.00057865194,0.000296669915,0.000287561341,0,3.55271368e-15,-0.874520361,-8.8817842e-16,1.28724357e-17
29,14500,DESCEND,single_red_center-f6430d296e:0002:DESCEND,DESCENT,-2.42558298,1.90482796,0.0655905701,2.09169264,-2.42558298,1.90482796,0.0658105894,2.09169264,-3.99680289e-15,1.55431223e-15,-0.000220019373,-3.99680289e-15,3.99680289e-15,1.55431223e-15,0.000220019373,3.99680289e-15,0,0,0.0153292011,0,-7.40517134e-14,3.23317914e-14,0.0153212585,-7.5545916e-14,7.40517134e-14,-3.23317914e-14,7.94264954e-06,7.5545916e-14,0,0,0.00137306319,0,3.62477699e-13,-7.74808111e-13,0.00215920936,-1.17316018e-13,-3.03511126e-05,-0.250474323,0.0374094299,1.57093762,-3.03511126e-05,-0.250474323,0.0371894106,1.57093762,0,0,1.06455612e-19,0,3.0375881e-17,0,0,0,0.00057865194,0.000172928292,0.00057865194,0.000296669915,0.000287561341,0,-3.55271368e-15,-0.874496489,-8.8817842e-16,-7.54327902e-17
29.04,14520,DESCEND,single_red_center-f6430d296e:0002:DESCEND,DESCENT,-2.42558298,1.90482796,0.0662047676,2.09169264,-2.42558298,1.90482796,0.0664245417,2.09169264,-3.99680289e-15,1.77635684e-15,-0.000219774085,-3.99680289e-15,3.99680289e-15,1.77635684e-15,0.000219774085,3.99680289e-15,0,0,0.0153792107,0,-7.46569705e-14,3.3650764e-14,0.0153725397,-7.42946783e-14,7.46569705e-14,-3.3650764e-14,6.6710694e-06,7.42946783e-14,0,0,0.00112632678,0,-1.53806313e-13,-8.24648569e-14,0.0016293157,7.38624058e-13,-3.03511126e-05,-0.250474323,0.0367952324,1.57093762,-3.03511126e-05,-0.250474323,0.0365754583,1.57093762,0,0,1.53611329e-21,0,-4.11902863e-18,0,0,0,0.00057865194,0.000172928292,0.00057865194,0.000296669915,0.000287561341,-7.10542736e-15,0,-0.874493102,0,2.24155226e-18
29.08,14540,DESCEND,single_red_center-f6430d296e:0002:DESCEND,DESCENT,-2.42558298,1.90482796,0.066820767,2.09169264,-2.42558298,1.90482796,0.0670403442,2.09169264,-3.99680289e-15,1.77635684e-15,-0.000219577141,-3.99680289e-15,3.99680289e-15,1.77635684e-15,0.000219577141,3.99680289e-15,0,0,0.0154193388,0,-7.4928603e-14,3.33601959e-14,0.0154139056,-7.44405655e-14,7.4928603e-14,-3.33601959e-14,5.43317932e-06,7.44405655e-14,0,0,0.000878496384,0,-2.62796267e-13,4.03389562e-13,0.00115817319,7.27921261e-13,-3.03511126e-05,-0.250474323,0.036179233,1.57093762,-3.03511126e-05,-0.250474323,0.0359596558,1.57093762,0,0,5.17498404e-20,0,-4.10276033e-19,0,0,0,0.00057865194,0.000172928292,0.00057865194,0.000296669915,0.000287561341,-7.10542736e-15,3.55271368e-15,-0.87449432,0,-2.937589e-17
29.12,14560,DESCEND,single_red_center-f6430d296e:0002:DESCEND,DESCENT,-2.42558298,1.90482796,0.0674381769,2.09169264,-2.42558298,1.90482796,0.067657602,2.09169264,-3.99680289e-15,1.77635684e-15,-0.000219425137,-3.99680289e-15,3.99680289e-15,1.77635684e-15,0.000219425137,3.99680289e-15,0,0,0.0154495087,0,-7.46568612e-14,3.3620737e-14,0.0154455446,-7.46166819e-14,7.46568612e-14,-3.3620737e-14,3.96403819e-06,7.46166819e-14,0,0,0.000629810765,0,-2.62544411e-13,4.05377956e-13,0.000863041863,-1.44319562e-13,-3.03511126e-05,-0.250474323,0.0355618231,1.57093762,-3.03511126e-05,-0.250474323,0.035342398,1.57093762,0,0,1.86023273e-21,0,1.82699804e-18,0,0,0,0.00057865194,0.000172928292,0.00057865194,0.000296669915,0.000287561341,-7.10542736e-15,3.55271368e-15,-0.874489356,-8.8817842e-16,2.62953358e-18
29.16,14580,DESCEND,single_red_center-f6430d296e:0002:DESCEND,DESCENT,-2.42558298,1.90482796,0.0680565964,2.09169264,-2.42558298,1.90482796,0.0682759161,2.09169264,-3.99680289e-15,1.77635684e-15,-0.000219319756,-3.99680289e-15,3.99680289e-15,1.77635684e-15,0.000219319756,3.99680289e-15,0,0,0.0154696879,0,-7.42256284e-14,3.30442753e-14,0.0154673303,-7.47871699e-14,7.42256284e-14,-3.30442753e-14,2.35758689e-06,7.47871699e-14,0,0,0.000380513551,0,2.54913316e-13,-2.94006955e-13,0.000693978211,-1.36802976e-13,-3.03511126e-05,-0.250474323,0.0349434036,1.57093762,-3.03511126e-05,-0.250474323,0.0347240839,1.57093762,0,0,3.0478059e-22,0,-1.14115197e-18,0,0,0,0.00057865194,0.000172928292,0.00057865194,0.000296669915,0.000287561341,0,0,-0.874482851,-8.8817842e-16,-5.59190413e-19
29.2,14600,DESCEND,single_red_center-f6430d296e:0002:DESCEND,DESCENT,-2.42558298,1.90482796,0.0686756221,2.09169264,-2.42558298,1.90482796,0.068894892,2.09169264,-3.99680289e-15,1.55431223e-15,-0.000219269852,-3.99680289e-15,3.99680289e-15,1.55431223e-15,0.000219269852,3.99680289e-15,0,0,0.0154798976,0,-7.44977975e-14,3.27546143e-14,0.0154790838,-7.49178309e-14,7.44977975e-14,-3.27546143e-14,8.13847406e-07,7.49178309e-14,0,0,0.000130849306,0,-4.53750465e-14,-5.59111528e-13,0.00027158111,-1.1728644e-13,-3.03511126e-05,-0.250474323,0.0343243779,1.57093762,-3.03511126e-05,-0.250474323,0.034105108,1.57093762,0,0,2.87628518e-20,0,-1.09696678e-17,0,0,0,0.00057865194,0.000172928292,0.00057865194,0.000296669915,0.000287561341,-7.10542736e-15,-3.55271368e-15,-0.874509275,-8.8817842e-16,-1.1260021e-17
29.24,14620,DESCEND,single_red_center-f6430d296e:0002:DESCEND,DESCENT,-2.42558298,1.90482796,0.069294856,2.09169264,-2.42558298,1.90482796,0.0695141256,2.09169264,-3.99680289e-15,1.55431223e-15,-0.00021926957,-3.99680289e-15,3.99680289e-15,1.55431223e-15,0.00021926957,3.99680289e-15,0,0,0.015480128,0,-7.4050185e-14,3.21721436e-14,0.0154808146,-7.50807815e-14,7.4050185e-14,-3.21721436e-14,-6.86556013e-07,7.50807815e-14,0,0,-0.00011894088,0,3.62267255e-13,-7.73925578e-13,-0.000127443598,-1.21914367e-13,-3.03511126e-05,-0.250474323,0.033705144,1.57093762,-3.03511126e-05,-0.250474323,0.0334858744,1.57093762,0,0,-3.8150347e-20,0,-9.81822597e-18,0,0,0,0.00057865194,0.000172928292,0.00057865194,0.000296669915,0.000287561341,0,-3.55271368e-15,-0.87454361,-8.8817842e-16,2.6701919e-17
29.28,14640,DESCEND,single_red_center-f6430d296e:0002:DESCEND,DESCENT,-2.42558298,1.90482796,0.0699138996,2.09169264,-2.42558298,1.90482796,0.0701332188,2.09169264,-3.99680289e-15,1.77635684e-15,-0.000219319181,-3.99680289e-15,3.99680289e-15,1.77635684e-15,0.000219319181,3.99680289e-15,0,0,0.0154703789,0,-7.46525911e-14,3.34911694e-14,0.0154725068,-7.52599265e-14,7.46525911e-14,-3.34911694e-14,-2.12786737e-06,7.52599265e-14,0,0,-0.000368615916,0,-2.62360973e-13,4.06255928e-13,-0.000512184832,-1.38024652e-13,-3.03511126e-05,-0.250474323,0.0330861004,1.57093762,-3.03511126e-05,-0.250474323,0.0328667812,1.57093762,0,0,1.0460749e-19,0,-9.48311168e-19,0,0,0,0.00057865194,0.000172928292,0.00057865194,0.000296669915,0.000287561341,-7.10542736e-15,3.55271368e-15,-0.874586692,-8.8817842e-16,-5.33783386e-17
29.32,14660,DESCEND,single_red_center-f6430d296e:0002:DESCEND,DESCENT,-2.42558298,1.90482796,0.0705323547,2.09169264,-2.42558298,1.90482796,0.0707517718,2.09169264,-3.99680289e-15,1.55431223e-15,-0.000219417015,-3.99680289e-15,3.99680289e-15,1.55431223e-15,0.000219417015,3.99680289e-15,0,0,0.0154506598,0,-7.40521599e-14,3.21064517e-14,0.0154542522,-7.53933148e-14,7.40521599e-14,-3.21064517e-14,-3.592456e-06,7.53933148e-14,0,0,-0.000617934713,0,3.62486005e-13,-7.73427674e-13,-0.000824894408,-1.18862331e-13,-3.03511126e-05,-0.250474323,0.0324676453,1.57093762,-3.03511126e-05,-0.250474323,0.0322482282,1.57093762,0,0,-2.80232694e-20,0,-7.63057982e-18,0,0,0,0.00057865194,0.000172928292,0.00057865194,0.000296669915,0.000287561341,0,-3.55271368e-15,-0.874633211,-8.8817842e-16,1.95854682e-17
29.36,14680,DESCEND,single_red_center-f6430d296e:0002:DESCEND,DESCENT,-2.42558298,1.90482796,0.0711498242,2.09169264,-2.42558298,1.90482796,0.0713693868,2.09169264,-3.99680289e-15,1.77635684e-15,-0.000219562522,-3.99680289e-15,3.99680289e-15,1.77635684e-15,0.000219562522,3.99680289e-15,0,0,0.0154209931,0,-7.42247436e-14,3.46015031e-14,0.0154261687,-7.56852831e-14,7.42247436e-14,-3.46015031e-14,-5.175554e-06,7.56852831e-14,0,0,-0.00086665648,0,2.56787462e-13,-3.02551693e-13,-0.0010674698,-1.27751294e-13,-3.03511126e-05,-0.250474323,0.0318501758,1.57093762,-3.03511126e-05,-0.250474323,0.0316306132,1.57093762,0,0,1.23332851e-19,0,-1.37479389e-20,0,0,0,0.00057865194,0.000172928292,0.00057865194,0.000296669915,0.000287561341,0,0,-0.874683219,-8.8817842e-16,-7.43017994e-17
29.4,14700,DESCEND,single_red_center-f6430d296e:0002:DESCEND,DESCENT,-2.42558298,1.90482796,0.0717659091,2.09169264,-2.42558298,1.90482796,0.0719856648,2.09169264,-3.99680289e-15,1.77635684e-15,-0.000219755695,-4.4408921e-15,3.99680289e-15,1.77635684e-15,0.000219755695,4.4408921e-15,0,0,0.0153813924,0,-7.43552787e-14,3.35756998e-14,0.0153883094,-7.57969925e-14,7.43552787e-14,-3.35756998e-14,-6.91702436e-06,7.57969925e-14,0,0,-0.00111453874,0,1.44425831e-13,1.8647063e-13,-0.00125224638,-1.38784343e-13,-3.03511126e-05,-0.250474323,0.0312340909,1.57093762,-3.03511126e-05,-0.250474323,0.0310143352,1.57093762,0,0,1.07131831e-19,0,5.35963102e-17,0,0,0,0.00057865194,0.000172928292,0.00057865194,0.000296669915,0.000287561341,0,3.55271368e-15,-0.874737779,-8.8817842e-16,-3.07708909e-18
29.44,14720,DESCEND,single_red_center-f6430d296e:0002:DESCEND,DESCENT,-2.42558298,1.90482796,0.0723801999,2.09169264,-2.42558298,1.90482796,0.0726002134,2.09169264,-3.99680289e-15,1.55431223e-15,-0.000220013488,-3.99680289e-15,3.99680289e-15,1.55431223e-15,0.000220013488,3.99680289e-15,0,0,0.0153318379,0,-7.44723065e-14,3.25440031e-14,0.015340178,-7.44734717e-14,7.44723065e-14,-3.25440031e-14,-8.34007391e-06,7.44734717e-14,0,0,-0.00136133181,0,2.54143767e-13,-2.94721922e-13,-0.00206893394,7.34059764e-13,-3.03511126e-05,-0.250474323,0.0306198001,1.57093762,-3.03511126e-05,-0.250474323,0.0303997866,1.57093762,0,0,2.51585573e-20,0,-2.80369631e-18,0,0,0,0.00057865194,0.000172928292,0.00057865194,0.000296669915,0.000287561341,0,0,-0.874859726,0,-1.38400082e-17
29.48,14740,DESCEND,single_red_center-f6430d296e:0002:DESCEND,DESCENT,-2.42558298,1.90482796,0.072992313,2.09169264,-2.42558298,1.90482796,0.0732126245,2.09169264,-3.99680289e-15,1.77635684e-15,-0.000220311514,-3.99680289e-15,3.99680289e-15,1.77635684e-15,0.000220311514,3.99680289e-15,0,0,0.015272448,0,-7.43779112e-14,3.36016397e-14,0.0152821724,-7.46326188e-14,7.43779112e-14,-3.36016397e-14,-9.72442852e-06,7.46326188e-14,0,0,-0.00160680058,0,1.46785354e-13,1.87496055e-13,-0.00245014099,-1.5034948e-13,-3.03511126e-05,-0.250474323,0.030007687,1.57093762,-3.03511126e-05,-0.250474323,0.0297873755,1.57093762,0,0,6.50496823e-21,0,-8.81611002e-19,0,0,0,0.00057865194,0.000172928292,0.00057865194,0.000296669915,0.000287561341,0,3.55271368e-15,-0.874952187,-8.8817842e-16,-4.03761793e-18
29.52,14760,DESCEND,single_red_center-f6430d296e:0002:DESCEND,DESCENT,-2.42558298,1.90482796,0.0736018567,2.09169264,-2.42558298,1.90482796,0.0738225198,2.09169264,-3.99680289e-15,1.77635684e-15,-0.000220663081,-3.99680289e-15,3.99680289e-15,1.77635684e-15,0.000220663081,3.99680289e-15,0,0,0.0152032803,0,-7.4651626e-14,3.33277037e-14,0.0152137587,-7.47899813e-14,7.4651626e-14,-3.33277037e-14,-1.04783859e-05,7.47899813e-14,0,0,-0.00185070398,0,-2.62698369e-13,4.07094621e-13,-0.0029028709,-1.42664719e-13,-3.03511126e-05,-0.250474323,0.0293981433,1.57093762,-3.03511126e-05,-0.250474323,0.0291774802,1.57093762,0,0,1.45016909e-20,0,3.65139485e-19,0,0,0,0.00057865194,0.000172928292,0.00057865194,0.000296669915,0.000287561341,-7.10542736e-15,3.55271368e-15,-0.87506152,-8.8817842e-16,-8.08977201e-18
29.56,14780,DESCEND,single_red_center-f6430d296e:0002:DESCEND,DESCENT,-2.42558298,1.90482796,0.0742084422,2.09169264,-2.42558298,1.90482796,0.0744294986,2.09169264,-3.99680289e-15,1.99840144e-15,-0.000221056457,-3.99680289e-15,3.99680289e-15,1.99840144e-15,0.000221056457,3.99680289e-15,0,0,0.0151244022,0,-7.45348899e-14,3.43331443e-14,0.0151365883,-7.4987678e-14,7.45348899e-14,-3.43331443e-14,-1.21861548e-05,7.4987678e-14,0,0,-0.00209280091,0,1.48356636e-13,1.83364364e-13,-0.00326146,-1.46773488e-13,-3.03511126e-05,-0.250474323,0.0287915578,1.57093762,-3.03511126e-05,-0.250474323,0.0285705014,1.57093762,0,0,2.77347743e-20,0,-1.85114921e-17,0,0,0,0.00057865194,0.000172928292,0.00057865194,0.000296669915,0.000287561341,0,3.55271368e-15,-0.875171101,-8.8817842e-16,-1.46097947e-17
29.6,14800,DESCEND,single_red_center-f6430d296e:0002:DESCEND,DESCENT,-2.42558298,1.90482796,0.0748116832,2.09169264,-2.42558298,1.90482796,0.0750331794,2.09169264,-3.99680289e-15,1.77635684e-15,-0.000221496132,-3.99680289e-15,3.99680289e-15,1.77635684e-15,0.000221496132,3.99680289e-15,0,0,0.0150358905,0,-7.46535651e-14,3.32732211e-14,0.0150493977,-7.51132741e-14,7.46535651e-14,-3.32732211e-14,-1.35071648e-05,7.51132741e-14,0,0,-0.00233285028,0,-2.62828924e-13,4.0734377e-13,-0.00343883839,-1.39487589e-13,-3.03511126e-05,-0.250474323,0.0281883168,1.57093762,-3.03511126e-05,-0.250474323,0.0279668206,1.57093762,0,0,1.58270187e-20,0,2.31633048e-20,0,0,0,0.00057865194,0.000172928292,0.00057865194,0.000296669915,0.000287561341,-7.10542736e-15,3.55271368e-15,-0.875274324,-8.8817842e-16,-7.4308937e-18
29.64,14820,DESCEND,single_red_center-f6430d296e:0002:DESCEND,DESCENT,-2.42558298,1.90482796,0.0754111971,2.09169264,-2.42558298,1.90482796,0.0756331767,2.09169264,-3.99680289e-15,1.55431223e-15,-0.000221979634,-3.99680289e-15,3.99680289e-15,1.55431223e-15,0.000221979634,3.99680289e-15,0,0,0.0149378319,0,-7.42155958e-14,3.26915952e-14,0.0149529642,-7.52630547e-14,7.42155958e-14,-3.26915952e-14,-1.51323371e-05,7.52630547e-14,0,0,-0.002570611,0,2.54456392e-13,-2.92077644e-13,-0.0035024668,-1.32168042e-13,-3.03511126e-05,-0.250474323,0.0275888029,1.57093762,-3.03511126e-05,-0.250474323,0.0273668233,1.57093762,0,0,8.11143395e-21,0,-2.72513608e-19,0,0,0,0.00057865194,0.000172928292,0.00057865194,0.000296669915,0.000287561341,0,0,-0.875376509,-8.8817842e-16,-5.08296881e-18
29.68,14840,DESCEND,single_red_center-f6430d296e:0002:DESCEND,DESCENT,-2.42558298,1.90482796,0.0760066045,2.09169264,-2.42558298,1.90482796,0.0762291073,2.09169264,-3.99680289e-15,1.77635684e-15,-0.000222502772,-3.99680289e-15,3.99680289e-15,1.77635684e-15,0.000222502772,3.99680289e-15,0,0,0.0148303224,0,-7.46381806e-14,3.31702529e-14,0.014847669,-7.53981674e-14,7.46381806e-14,-3.31702529e-14,-1.7346633e-05,7.53981674e-14,0,0,-0.00280584198,0,-1.5371816e-13,-7.68388055e-14,-0.00334337144,-1.24603985e-13,-3.03511126e-05,-0.250474323,0.0269933955,1.57093762,-3.03511126e-05,-0.250474323,0.0267708927,1.57093762,0,0,9.13386016e-22,0,-5.5579294e-19,0,0,0,0.00057865194,0.000172928292,0.00057865194,0.000296669915,0.000287561341,-7.10542736e-15,0,-0.875467424,-8.8817842e-16,7.18659614e-19
29.72,14860,DESCEND,single_red_center-f6430d296e:0002:DESCEND,DESCENT,-2.42558298,1.90482796,0.076597506,2.09169264,-2.42558298,1.90482796,0.0768205991,2.09169264,-3.99680289e-15,1.99840144e-15,-0.00022309309,-3.99680289e-15,3.99680289e-15,1.99840144e-15,0.00022309309,3.99680289e-15,0,0,0.0147134217,0,-7.45287362e-14,3.41747858e-14,0.0147322569,-7.55797511e-14,7.45287362e-14,-3.41747858e-14,-1.88351576e-05,7.55797511e-14,0,0,-0.00303828711,0,1.47897791e-13,1.84093543e-13,-0.00397524326,-1.40956666e-13,-3.03511126e-05,-0.250474323,0.026402494,1.57093762,-3.03511126e-05,-0.250474323,0.0261794009,1.57093762,0,0,3.2916399e-21,0,-9.57888589e-19,0,0,0,0.00057865194,0.000172928292,0.00057865194,0.000296669915,0.000287561341,0,3.55271368e-15,-0.875639947,-8.8817842e-16,-2.20787595e-18
29.76,14880,DESCEND,single_red_center-f6430d296e:0002:DESCEND,DESCENT,-2.42558298,1.90482796,0.0771835365,2.09169264,-2.42558298,1.90482796,0.0774072747,2.09169264,-3.99680289e-15,1.77635684e-15,-0.00022373814,-3.99680289e-15,3.99680289e-15,1.77635684e-15,0.00022373814,3.99680289e-15,0,0,0.0145872662,0,-7.47975506e-14,3.38681002e-14,0.0146073582,-7.43113116e-14,7.47975506e-14,-3.38681002e-14,-2.00919373e-05,7.43113116e-14,0,0,-0.0032677086,0,-2.62426707e-13,4.00886129e-13,-0.00495496587,7.26718228e-13,-3.03511126e-05,-0.250474323,0.0258164635,1.57093762,-3.03511126e-05,-0.250474323,0.0255927253,1.57093762,0,0,1.89709054e-21,0,-7.13649461e-20,0,0,0,0.00057865194,0.000172928292,0.00057865194,0.000296669915,0.000287561341,-7.10542736e-15,3.55271368e-15,-0.875853397,0,-3.17363448e-19
29.8,14900,DESCEND,single_red_center-f6430d296e:0002:DESCEND,DESCENT,-2.42558298,1.90482796,0.0777643431,2.09169264,-2.42558298,1.90482796,0.077988779,2.09169264,-3.99680289e-15,1.55431223e-15,-0.000224435867,-3.99680289e-15,3.99680289e-15,1.55431223e-15,0.000224435867,3.99680289e-15,0,0,0.0144520082,0,-7.42092881e-14,3.25558278e-14,0.0144725341,-7.44523784e-14,7.42092881e-14,-3.25558278e-14,-2.05258863e-05,7.44523784e-14,0,0,-0.0034938734,0,3.62954405e-13,-7.79000332e-13,-0.00608007381,7.45945605e-13,-3.03511126e-05,-0.250474323,0.0252356569,1.57093762,-3.03511126e-05,-0.250474323,0.025011221,1.57093762,0,0,1.80649234e-19,0,1.23401939e-17,0,0,0,0.00057865194,0.000172928292,0.00057865194,0.000296669915,0.000287561341,0,-3.55271368e-15,-0.876089913,0,-1.14410798e-16
29.84,14920,DESCEND,single_red_center-f6430d296e:0002:DESCEND,DESCENT,-2.42558298,1.90482796,0.0783395651,2.09169264,-2.42558298,1.90482796,0.0785647125,2.09169264,-3.99680289e-15,1.77635684e-15,-0.000225147396,-3.99680289e-15,3.99680289e-15,1.77635684e-15,0.000225147396,3.99680289e-15,0,0,0.0143077823,0,-7.47984174e-14,3.38296159e-14,0.0143295621,-7.46446333e-14,7.47984174e-14,-3.38296159e-14,-2.17797971e-05,7.46446333e-14,0,0,-0.0037165404,0,-2.61706021e-13,4.041087e-13,-0.00592132047,-1.44030668e-13,-3.03511126e-05,-0.250474323,0.0246604349,1.57093762,-3.03511126e-05,-0.250474323,0.0244352875,1.57093762,0,0,-5.63444073e-21,0,-4.71744283e-18,0,0,0,0.00057865194,0.000172928292,0.00057865194,0.000296669915,0.000287561341,-7.10542736e-15,3.55271368e-15,-0.876218537,-8.8817842e-16,6.31440276e-18
29.88,14940,DESCEND,single_red_center-f6430d296e:0002:DESCEND,DESCENT,-2.42558298,1.90482796,0.0789088474,2.09169264,-2.42558298,1.90482796,0.0791347708,2.09169264,-3.99680289e-15,1.99840144e-15,-0.000225923388,-3.99680289e-15,3.99680289e-15,1.99840144e-15,0.000225923388,3.99680289e-15,0,0,0.0141547332,0,-7.50718446e-14,3.35876538e-14,0.0141762353,-7.48222302e-14,7.50718446e-14,-3.35876538e-14,-2.15020997e-05,7.48222302e-14,0,0,-0.00393546854,0,-3.70504986e-13,8.89759161e-13,-0.00636735511,-1.54421061e-13,-3.03511126e-05,-0.250474323,0.0240911526,1.57093762,-3.03511126e-05,-0.250474323,0.0238652292,1.57093762,0,0,1.61968671e-20,0,-1.02082607e-18,0,0,0,0.00057865194,0.000172928292,0.00057865194,0.000296669915,0.000287561341,-7.10542736e-15,7.10542736e-15,-0.876412178,-8.8817842e-16,-7.79914426e-18
29.92,14960,DESCEND,single_red_center-f6430d296e:0002:DESCEND,DESCENT,-2.42558298,1.90482796,0.0794718408,2.09169264,-2.42558298,1.90482796,0.0796985494,2.09169264,-3.99680289e-15,1.77635684e-15,-0.000226708546,-3.99680289e-15,3.99680289e-15,1.77635684e-15,0.000226708546,3.99680289e-15,0,0,0.0139930147,0,-7.47953363e-14,3.3800427e-14,0.0140173223,-7.49925135e-14,7.47953363e-14,-3.3800427e-14,-2.43076051e-05,7.49925135e-14,0,0,-0.0041504167,0,-2.61746616e-13,4.04264621e-13,-0.00591900483,-1.40611489e-13,-3.03511126e-05,-0.250474323,0.0235281592,1.57093762,-3.03511126e-05,-0.250474323,0.0233014506,1.57093762,0,0,5.31235025e-21,0,-2.74271086e-19,0,0,0,0.00057865194,0.000172928292,0.00057865194,0.000296669915,0.000287561341,-7.10542736e-15,3.55271368e-15,-0.876530567,-8.8817842e-16,-1.89260775e-18
29.96,14980,DESCEND,single_red_center-f6430d296e:0002:DESCEND,DESCENT,-2.42558298,1.90482796,0.0800282025,2.09169264,-2.42558298,1.90482796,0.0802557548,2.09169264,-3.99680289e-15,1.55431223e-15,-0.000227552285,-3.99680289e-15,3.99680289e-15,1.55431223e-15,0.000227552285,3.99680289e-15,0,0,0.0138227907,0,-7.42045831e-14,3.24604092e-14,0.0138474,-7.51242029e-14,7.42045831e-14,-3.24604092e-14,-2.46092753e-05,7.51242029e-14,0,0,-0.0043611438,0,2.54133315e-13,-2.90798345e-13,-0.00563910741,-1.33565039e-13,-3.03511126e-05,-0.250474323,0.0229717975,1.57093762,-3.03511126e-05,-0.250474323,0.0227442452,1.57093762,0,0,2.09977299e-21,0,-2.52947982e-19,0,0,0,0.00057865194,0.000172928292,0.00057865194,0.000296669915,0.000287561341,0,0,-0.876675191,-8.8817842e-16,-1.85654504e-18
30,15000,DESCEND,single_red_center-f6430d296e:0002:DESCEND,DESCENT,-2.42558298,1.90482796,0.0805775843,2.09169264,-2.42558298,1.90482796,0.080806008,2.09169264,-3.55271368e-15,1.77635684e-15,-0.00022842365,-3.99680289e-15,3.55271368e-15,1.77635684e-15,0.00022842365,3.99680289e-15,0,0,0.0136442209,0,-7.40943862e-14,3.34763456e-14,0.0136726252,-7.53032869e-14,7.40943862e-14,-3.34763456e-14,-2.84042666e-05,7.53032869e-14,0,0,-0.00456740099,0,1.45606581e-13,1.88489371e-13,-0.00551949524,-1.43744636e-13,-3.03511126e-05,-0.250474323,0.0224224157,1.57093762,-3.03511126e-05,-0.250474323,0.022193992,1.57093762,0,0,2.91186039e-21,0,2.34343264e-18,0,0,0,0.00057865194,0.000172928292,0.00057865194,0.000296669915,0.000287561341,0,3.55271368e-15,-0.876839155,-8.8817842e-16,3.37683188e-18
30.04,15020,DESCEND,single_red_center-f6430d296e:0002:DESCEND,DESCENT,-2.42558298,1.90482796,0.0811196208,2.09169264,-2.42558298,1.90482796,0.0813490076,2.09169264,-3.99680289e-15,1.77635684e-15,-0.00022938681,-3.99680289e-15,3.99680289e-15,1.77635684e-15,0.00022938681,3.99680289e-15,0,0,0.0134574526,0,-7.45084688e-14,3.39155735e-14,0.0134853516,-7.54661266e-14,7.45084688e-14,-3.39155735e-14,-2.78989251e-05,7.54661266e-14,0,0,-0.00476892338,0,-1.53172508e-13,-8.0707809e-14,-0.00679645897,-1.23828253e-13,-3.03511126e-05,-0.250474323,0.0218803792,1.57093762,-3.03511126e-05,-0.250474323,0.0216509924,1.57093762,0,0,9.79544492e-21,0,3.22154944e-19,0,0,0,0.00057865194,0.000172928292,0.00057865194,0.000296669915,0.000287561341,-7.10542736e-15,0,-0.877141846,-8.8817842e-16,-4.69784951e-18
30.08,15040,DESCEND,single_red_center-f6430d296e:0002:DESCEND,DESCENT,-2.42558298,1.90482796,0.0816540342,2.09169264,-2.42558298,1.90482796,0.0818844043,2.09169264,-3.99680289e-15,1.99840144e-15,-0.000230370132,-3.99680289e-15,3.99680289e-15,1.99840144e-15,0.000230370132,3.99680289e-15,0,0,0.0132627306,0,-7.49397035e-14,3.44312548e-14,0.0132927074,-7.56077197e-14,7.49397035e-14,-3.44312548e-14,-2.99768608e-05,7.56077197e-14,0,0,-0.00496549776,0,-3.69977155e-13,8.85268273e-13,-0.00775453555,-1.46564777e-13,-3.03511126e-05,-0.250474323,0.0213459658,1.57093762,-3.03511126e-05,-0.250474323,0.0211155957,1.57093762,0,0,2.63408089e-21,0,-1.09147977e-18,0,0,0,0.00057865194,0.000172928292,0.00057865194,0.000296669915,0.000287561341,-7.10542736e-15,7.10542736e-15,-0.877421085,-8.8817842e-16,-4.3223628e-20
30.12,15060,DESCEND,single_red_center-f6430d296e:0002:DESCEND,DESCENT,-2.42558298,1.90482796,0.0821805108,2.09169264,-2.42558298,1.90482796,0.0824119039,2.09169264,-3.99680289e-15,1.55431223e-15,-0.000231393068,-3.99680289e-15,3.99680289e-15,1.55431223e-15,0.000231393068,3.99680289e-15,0,0,0.0130602571,0,-7.41874387e-14,3.22856909e-14,0.013090676,-7.42913274e-14,7.41874387e-14,-3.22856909e-14,-3.0418918e-05,7.42913274e-14,0,0,-0.00515688303,0,3.62355973e-13,-7.77592323e-13,-0.00836358467,7.44334783e-13,-3.03511126e-05,-0.250474323,0.0208194892,1.57093762,-3.03511126e-05,-0.250474323,0.0205880961,1.57093762,0,0,5.4035157e-21,0,-1.04436531e-19,0,0,0,0.00057865194,0.000172928292,0.00057865194,0.000296669915,0.000287561341,0,-3.55271368e-15,-0.877678164,0,-3.51081296e-18
30.16,15080,DESCEND,single_red_center-f6430d296e:0002:DESCEND,DESCENT,-2.42558298,1.90482796,0.0826987457,2.09169264,-2.42558298,1.90482796,0.0829311863,2.09169264,-3.99680289e-15,1.77635684e-15,-0.000232440622,-3.99680289e-15,3.99680289e-15,1.77635684e-15,0.000232440622,3.99680289e-15,0,0,0.0128502441,0,-7.47823981e-14,3.35761527e-14,0.0128813425,-7.44658565e-14,7.47823981e-14,-3.35761527e-14,-3.1098435e-05,7.44658565e-14,0,0,-0.0053428381,0,-1.53574354e-13,-8.22752194e-14,-0.00840583926,7.40294733e-13,-3.03511126e-05,-0.250474323,0.0203012543,1.57093762,-3.03511126e-05,-0.250474323,0.0200688137,1.57093762,0,0,2.97316496e-21,0,1.45295526e-21,0,0,0,0.00057865194,0.000172928292,0.00057865194,0.000296669915,0.000287561341,-7.10542736e-15,0,-0.877891317,0,-7.90789953e-19
30.2,15100,DESCEND,single_red_center-f6430d296e:0002:DESCEND,DESCENT,-2.42558298,1.90482796,0.0832084421,2.09169264,-2.42558298,1.90482796,0.0834419753,2.09169264,-3.99680289e-15,1.99840144e-15,-0.000233533214,-3.99680289e-15,3.99680289e-15,1.99840144e-15,0.000233533214,3.99680289e-15,0,0,0.0126329132,0,-7.51964379e-14,3.39989401e-14,0.0126633334,-7.4637021e-14,7.51964379e-14,-3.39989401e-14,-3.0420251e-05,7.4637021e-14,0,0,-0.00552312189,0,-3.69639502e-13,8.87328296e-13,-0.00852721389,-1.56192978e-13,-3.03511126e-05,-0.250474323,0.0197915579,1.57093762,-3.03511126e-05,-0.250474323,0.0195580247,1.57093762,0,0,1.25938488e-20,0,1.22261679e-18,0,0,0,0.00057865194,0.000172928292,0.00057865194,0.000296669915,0.000287561341,-7.10542736e-15,7.10542736e-15,-0.878120296,-8.8817842e-16,-6.97721479e-18
30.24,15120,DESCEND,single_red_center-f6430d296e:0002:DESCEND,DESCENT,-2.42558298,1.90482796,0.0837093126,2.09169264,-2.42558298,1.90482796,0.083943935,2.09169264,-3.99680289e-15,1.77635684e-15,-0.000234622398,-3.99680289e-15,3.99680289e-15,1.77635684e-15,0.000234622398,3.99680289e-15,0,0,0.0124084955,0,-7.47480424e-14,3.34093172e-14,0.0124422139,-7.48017974e-14,7.47480424e-14,-3.34093172e-14,-3.37183896e-05,7.48017974e-14,0,0,-0.00569749331,0,-1.53112685e-13,-7.82977711e-14,-0.00774490389,-1.30444348e-13,-3.03511126e-05,-0.250474323,0.0192906874,1.57093762,-3.03511126e-05,-0.250474323,0.019056065,1.57093762,0,0,2.87270219e-21,0,1.20537043e-19,0,0,0,0.00057865194,0.000172928292,0.00057865194,0.000296669915,0.000287561341,-7.10542736e-15,0,-0.878270708,-8.8817842e-16,-5.15810772e-19
30.28,15140,DESCEND,single_red_center-f6430d296e:0002:DESCEND,DESCENT,-2.42558298,1.90482796,0.0842010843,2.09169264,-2.42558298,1.90482796,0.0844368503,2.09169264,-3.99680289e-15,1.77635684e-15,-0.000235765978,-3.99680289e-15,3.99680289e-15,1.77635684e-15,0.000235765978,3.99680289e-15,0,0,0.0121772357,0,-7.4470669e-14,3.36118795e-14,0.0122155897,-7.49560379e-14,7.4470669e-14,-3.36118795e-14,-3.83540062e-05,7.49560379e-14,0,0,-0.00586571491,0,2.56352557e-13,-2.97469157e-13,-0.00824339413,-1.35076311e-13,-3.03511126e-05,-0.250474323,0.0187989157,1.57093762,-3.03511126e-05,-0.250474323,0.0185631497,1.57093762,0,0,1.1425613e-20,0,-1.42675988e-18,0,0,0,0.00057865194,0.000172928292,0.00057865194,0.000296669915,0.000287561341,0,0,-0.878542387,-8.8817842e-16,-7.17134819e-18
30.32,15160,DESCEND,single_red_center-f6430d296e:0002:DESCEND,DESCENT,-2.42558298,1.90482796,0.0846834132,2.09169264,-2.42558298,1.90482796,0.0849203703,2.09169264,-3.99680289e-15,1.77635684e-15,-0.000236957073,-3.99680289e-15,3.99680289e-15,1.77635684e-15,0.000236957073,3.99680289e-15,0,0,0.0119393335,0,-7.47482675e-14,3.33650429e-14,0.0119767847,-7.50856386e-14,7.47482675e-14,-3.33650429e-14,-3.74511394e-05,7.50856386e-14,0,0,-0.00602749353,0,1.47700834e-13,1.88275777e-13,-0.00810374046,-1.45946713e-13,-3.03511126e-05,-0.250474323,0.0183165868,1.57093762,-3.03511126e-05,-0.250474323,0.0180796297,1.57093762,0,0,6.0061819e-20,0,4.70916857e-19,0,0,0,0.00057865194,0.000172928292,0.00057865194,0.000296669915,0.000287561341,0,3.55271368e-15,-0.87876857,-8.8817842e-16,-3.73702555e-17
30.36,15180,DESCEND,single_red_center-f6430d296e:0002:DESCEND,DESCENT,-2.42558298,1.90482796,0.0851560973,2.09169264,-2.42558298,1.90482796,0.0853943037,2.09169264,-3.99680289e-15,1.77635684e-15,-0.000238206409,-3.99680289e-15,3.99680289e-15,1.77635684e-15,0.000238206409,3.99680289e-15,0,0,0.0116950926,0,-7.44686648e-14,3.355174e-14,0.0117328127,-7.38639403e-14,7.44686648e-14,-3.355174e-14,-3.77200277e-05,7.38639403e-14,0,0,-0.00618262567,0,2.56550605e-13,-2.96962175e-13,-0.00950857063,-1.45844334e-13,-3.03511126e-05,-0.250474323,0.0178439027,1.57093762,-3.03511126e-05,-0.250474323,0.0176056963,1.57093762,0,0,1.56326215e-19,0,1.05155583e-17,0,0,0,0.00057865194,0.000172928292,0.00057865194,0.000296669915,0.000287561341,0,0,-0.879139516,-8.8817842e-16,-9.96402231e-17
30.4,15200,DESCEND,single_red_center-f6430d296e:0002:DESCEND,DESCENT,-2.42558298,1.90482796,0.0856188996,2.09169264,-2.42558298,1.90482796,0.0858583702,2.09169264,-3.99680289e-15,1.99840144e-15,-0.000239470656,-3.99680289e-15,3.99680289e-15,1.99840144e-15,0.000239470656,3.99680289e-15,0,0,0.0114447902,0,-7.43336598e-14,3.45153878e-14,0.0114826255,-7.55130767e-14,7.43336598e-14,-3.45153878e-14,-3.78353411e-05,7.55130767e-14,0,0,-0.00633087739,0,1.47661795e-13,1.8248887e-13,-0.0101430106,-1.41553386e-13,-3.03511126e-05,-0.250474323,0.0173811004,1.57093762,-3.03511126e-05,-0.250474323,0.0171416298,1.57093762,0,0,1.40860667e-20,0,-1.27405607e-18,0,0,0,0.00057865194,0.000172928292,0.00057865194,0.000296669915,0.000287561341,0,3.55271368e-15,-0.879447047,-8.8817842e-16,-7.25670379e-18
30.44,15220,DESCEND,single_red_center-f6430d296e:0002:DESCEND,DESCENT,-2.42558298,1.90482796,0.0860715837,2.09169264,-2.42558298,1.90482796,0.0863123383,2.09169264,-3.99680289e-15,1.77635684e-15,-0.000240754561,-3.99680289e-15,3.99680289e-15,1.77635684e-15,0.000240754561,3.99680289e-15,0,0,0.0111887057,0,-7.49991153e-14,3.30156191e-14,0.0112265366,-7.56267942e-14,7.49991153e-14,-3.30156191e-14,-3.78308909e-05,7.56267942e-14,0,0,-0.0064720076,0,-2.621179e-13,4.08219255e-13,-0.01030794,-1.3448608e-13,-3.03511126e-05,-0.250474323,0.0169284163,1.57093762,-3.03511126e-05,-0.250474323,0.0166876617,1.57093762,0,0,9.97107168e-21,0,2.43605116e-19,0,0,0,0.00057865194,0.000172928292,0.00057865194,0.000296669915,0.000287561341,-7.10542736e-15,3.55271368e-15,-0.879718043,-8.8817842e-16,-4.63110987e-18
30.48,15240,DESCEND,single_red_center-f6430d296e:0002:DESCEND,DESCENT,-2.42558298,1.90482796,0.0865139246,2.09169264,-2.42558298,1.90482796,0.0867559823,2.09169264,-3.99680289e-15,1.77635684e-15,-0.000242057638,-3.99680289e-15,3.99680289e-15,1.77635684e-15,0.000242057638,3.99680289e-15,0,0,0.0109271283,0,-7.47016724e-14,3.31818129e-14,0.0109649974,-7.43626397e-14,7.47016724e-14,-3.31818129e-14,-3.78690908e-05,7.43626397e-14,0,0,-0.0066057752,0,-1.54290676e-13,-7.99948578e-14,-0.0100878084,7.39228794e-13,-3.03511126e-05,-0.250474323,0.0164860754,1.57093762,-3.03511126e-05,-0.250474323,0.0162440177,1.57093762,0,0,3.63553912e-21,0,3.80829343e-20,0,0,0,0.00057865194,0.000172928292,0.00057865194,0.000296669915,0.000287561341,-7.10542736e-15,0,-0.879959685,0,-1.08928121e-18
30.52,15260,DESCEND,single_red_center-f6430d296e:0002:DESCEND,DESCENT,-2.42558298,1.90482796,0.086945709,2.09169264,-2.42558298,1.90482796,0.0871890803,2.09169264,-3.99680289e-15,1.99840144e-15,-0.000243371339,-3.99680289e-15,3.99680289e-15,1.99840144e-15,0.000243371339,3.99680289e-15,0,0,0.0106603567,0,-7.45824198e-14,3.41914136e-14,0.0106998719,-7.45337347e-14,7.45824198e-14,-3.41914136e-14,-3.95151721e-05,7.45337347e-14,0,0,-0.00673193911,0,1.47207665e-13,1.80875918e-13,-0.00951935374,7.22778676e-13,-3.03511126e-05,-0.250474323,0.016054291,1.57093762,-3.03511126e-05,-0.250474323,0.0158109197,1.57093762,0,0,5.17326951e-22,0,-1.22741412e-19,0,0,0,0.00057865194,0.000172928292,0.00057865194,0.000296669915,0.000287561341,0,3.55271368e-15,-0.880173432,0,-9.26109004e-19
30.56,15280,DESCEND,single_red_center-f6430d296e:0002:DESCEND,DESCENT,-2.42558298,1.90482796,0.0873667356,2.09169264,-2.42558298,1.90482796,0.087611436,2.09169264,-3.99680289e-15,1.77635684e-15,-0.000244700427,-3.99680289e-15,3.99680289e-15,1.77635684e-15,0.000244700427,3.99680289e-15,0,0,0.0103886991,0,-7.48528102e-14,3.39177299e-14,0.0104303442,-7.46814058e-14,7.48528102e-14,-3.39177299e-14,-4.16450365e-05,7.46814058e-14,0,0,-0.00685025823,0,-2.61440623e-13,4.03543087e-13,-0.00863523076,-1.43659182e-13,-3.03511126e-05,-0.250474323,0.0156332644,1.57093762,-3.03511126e-05,-0.250474323,0.015388564,1.57093762,0,0,3.75343805e-21,0,6.33634727e-21,0,0,0,0.00057865194,0.000172928292,0.00057865194,0.000296669915,0.000287561341,-7.10542736e-15,3.55271368e-15,-0.880363049,-8.8817842e-16,-1.16176685e-18
30.6,15300,DESCEND,single_red_center-f6430d296e:0002:DESCEND,DESCENT,-2.42558298,1.90482796,0.0877767838,2.09169264,-2.42558298,1.90482796,0.0880228563,2.09169264,-3.99680289e-15,1.99840144e-15,-0.000246072505,-3.99680289e-15,3.99680289e-15,1.99840144e-15,0.000246072505,3.99680289e-15,0,0,0.0101124614,0,-7.45729556e-14,3.41226731e-14,0.0101559214,-7.48523791e-14,7.45729556e-14,-3.41226731e-14,-4.34600126e-05,7.48523791e-14,0,0,-0.00696046767,0,1.47981817e-13,1.84342122e-13,-0.00863351857,-1.48124185e-13,-3.03511126e-05,-0.250474323,0.0152232162,1.57093762,-3.03511126e-05,-0.250474323,0.0149771437,1.57093762,0,0,-7.21552505e-22,0,-6.74488768e-19,0,0,0,0.00057865194,0.000172928292,0.00057865194,0.000296669915,0.000287561341,0,3.55271368e-15,-0.880637317,-8.8817842e-16,-2.28253792e-19
30.64,15320,DESCEND,single_red_center-f6430d296e:0002:DESCEND,DESCENT,-2.42558298,1.90482796,0.088175652,2.09169264,-2.42558298,1.90482796,0.0884231639,2.09169264,-3.99680289e-15,1.77635684e-15,-0.000247511993,-3.99680289e-15,3.99680289e-15,1.77635684e-15,0.000247511993,3.99680289e-15,0,0,0.00983196548,0,-7.48495151e-14,3.38827325e-14,0.00987569115,-7.50139321e-14,7.48495151e-14,-3.38827325e-14,-4.37256696e-05,7.50139321e-14,0,0,-0.00706230577,0,-2.61535152e-13,4.03707671e-13,-0.0104607082,-1.40389627e-13,-3.03511126e-05,-0.250474323,0.014824348,1.57093762,-3.03511126e-05,-0.250474323,0.0145768361,1.57093762,0,0,1.31654307e-20,0,-8.06041707e-20,0,0,0,0.00057865194,0.000172928292,0.00057865194,0.000296669915,0.000287561341,-7.10542736e-15,3.55271368e-15,-0.881082696,-8.8817842e-16,-6.07904249e-18
30.68,15340,DESCEND,single_red_center-f6430d296e:0002:DESCEND,DESCENT,-2.42558298,1.90482796,0.0885632328,2.09169264,-2.42558298,1.90482796,0.0888122162,2.09169264,-3.99680289e-15,1.99840144e-15,-0.000248983392,-3.99680289e-15,3.99680289e-15,1.99840144e-15,0.000248983392,3.99680289e-15,0,0,0.00954757158,0,-7.45715554e-14,3.41297212e-14,0.00959001776,-7.51757271e-14,7.45715554e-14,-3.41297212e-14,-4.24461873e-05,7.51757271e-14,0,0,-0.00715557212,0,1.47986501e-13,1.84296263e-13,-0.0125116712,-1.44941354e-13,-3.03511126e-05,-0.250474323,0.0144367672,1.57093762,-3.03511126e-05,-0.250474323,0.0141877838,1.57093762,0,0,3.62828721e-21,0,-6.80622997e-19,0,0,0,0.00057865194,0.000172928292,0.00057865194,0.000296669915,0.000287561341,0,3.55271368e-15,-0.881553744,-8.8817842e-16,-2.51526819e-18
30.72,15360,DESCEND,single_red_center-f6430d296e:0002:DESCEND,DESCENT,-2.42558298,1.90482796,0.0889393777,2.09169264,-2.42558298,1.90482796,0.0891897838,2.09169264,-3.99680289e-15,1.77635684e-15,-0.000250406083,-3.99680289e-15,3.99680289e-15,1.77635684e-15,0.000250406083,3.99680289e-15,0,0,0.00925962672,0,-7.48315279e-14,3.38077308e-14,0.00930223762,-7.5321013e-14,7.48315279e-14,-3.38077308e-14,-4.26109014e-05,7.5321013e-14,0,0,-0.00724002564,0,-2.616345e-13,4.04158725e-13,-0.0117390996,-1.37379502e-13,-3.03511126e-05,-0.250474323,0.0140606223,1.57093762,-3.03511126e-05,-0.250474323,0.0138102162,1.57093762,0,0,3.62366058e-21,0,4.17811029e-19,0,0,0,0.00057865194,0.000172928292,0.00057865194,0.000296669915,0.000287561341,-7.10542736e-15,3.55271368e-15,-0.881771696,-8.8817842e-16,-1.45610887e-18
30.76,15380,DESCEND,single_red_center-f6430d296e:0002:DESCEND,DESCENT,-2.42558298,1.90482796,0.0893039519,2.09169264,-2.42558298,1.90482796,0.0895558094,2.09169264,-3.99680289e-15,1.99840144e-15,-0.000251857499,-3.99680289e-15,3.99680289e-15,1.99840144e-15,0.000251857499,3.99680289e-15,0,0,0.00896848751,0,-7.45522086e-14,3.40156167e-14,0.0090110035,-7.54916176e-14,7.45522086e-14,-3.40156167e-14,-4.25159849e-05,7.54916176e-14,0,0,-0.00731542524,0,3.84190318e-14,6.69653081e-13,-0.0115124703,-1.53936805e-13,-3.03511126e-05,-0.250474323,0.0136960481,1.57093762,-3.03511126e-05,-0.250474323,0.0134441906,1.57093762,0,0,9.31413196e-21,0,-1.6890817e-19,0,0,0,0.00057865194,0.000172928292,0.00057865194,0.000296669915,0.000287561341,0,7.10542736e-15,-0.882042446,-8.8817842e-16,-5.59995487e-18
30.8,15400,DESCEND,single_red_center-f6430d296e:0002:DESCEND,DESCENT,-2.42558298,1.90482796,0.0896568352,2.09169264,-2.42558298,1.90482796,0.0899101586,2.09169264,-3.99680289e-15,1.77635684e-15,-0.000253323356,-3.99680289e-15,3.99680289e-15,1.77635684e-15,0.000253323356,3.99680289e-15,0,0,0.00867452018,0,-7.46800641e-14,3.29920222e-14,0.00871632113,-7.56336167e-14,7.46800641e-14,-3.29920222e-14,-4.18009519e-05,7.56336167e-14,0,0,-0.00738152982,0,-2.63073736e-13,4.08835142e-13,-0.0111523929,-1.34407957e-13,-3.03511126e-05,-0.250474323,0.0133431648,1.57093762,-3.03511126e-05,-0.250474323,0.0130898414,1.57093762,0,0,7.1440916e-21,0,5.26803695e-19,0,0,0,0.00057865194,0.000172928292,0.00057865194,0.000296669915,0.000287561341,-7.10542736e-15,3.55271368e-15,-0.882304583,-8.8817842e-16,-3.17260681e-18
30.84,15420,DESCEND,single_red_center-f6430d296e:0002:DESCEND,DESCENT,-2.42558298,1.90482796,0.0899979223,2.09169264,-2.42558298,1.90482796,0.0902526899,2.09169264,-3.99680289e-15,1.77635684e-15,-0.000254767666,-3.99680289e-15,3.99680289e-15,1.77635684e-15,0.000254767666,3.99680289e-15,0,0,0.00837810056,0,-7.45734114e-14,3.40200012e-14,0.00842234725,-7.43895106e-14,7.45734114e-14,-3.40200012e-14,-4.42466951e-05,7.43895106e-14,0,0,-0.00743809831,0,2.56344054e-13,-3.02883012e-13,-0.00993419679,7.3342562e-13,-3.03511126e-05,-0.250474323,0.0130020777,1.57093762,-3.03511126e-05,-0.250474323,0.0127473101,1.57093762,0,0,3.48995231e-22,0,-8.57444516e-19,0,0,0,0.00057865194,0.000172928292,0.00057865194,0.000296669915,0.000287561341,0,0,-0.882488452,0,-6.11088452e-19
30.88,15440,DESCEND,single_red_center-f6430d296e:0002:DESCEND,DESCENT,-2.42558298,1.90482796,0.0903271227,2.09169264,-2.42558298,1.90482796,0.0905833453,2.09169264,-3.99680289e-15,1.77635684e-15,-0.000256222605,-3.99680289e-15,3.99680289e-15,1.77635684e-15,0.000256222605,3.99680289e-15,0,0,0.0080796141,0,-7.48322223e-14,3.37291541e-14,0.00812650161,-7.45140027e-14,7.48322223e-14,-3.37291541e-14,-4.68875089e-05,7.45140027e-14,0,0,-0.00748488959,0,-2.62852093e-13,4.01402263e-13,-0.00877653819,7.28709618e-13,-3.03511126e-05,-0.250474323,0.0126728773,1.57093762,-3.03511126e-05,-0.250474323,0.0124166547,1.57093762,0,0,5.97252311e-20,0,-5.16947196e-19,0,0,0,0.00057865194,0.000172928292,0.00057865194,0.000296669915,0.000287561341,-7.10542736e-15,3.55271368e-15,-0.882679663,0,-3.0086807e-17
30.92,15460,DESCEND,single_red_center-f6430d296e:0002:DESCEND,DESCENT,-2.42558298,1.90482796,0.0906442985,2.09169264,-2.42558298,1.90482796,0.090902034,2.09169264,-3.99680289e-15,1.55431223e-15,-0.000257735444,-3.99680289e-15,3.99680289e-15,1.55431223e-15,0.000257735444,3.99680289e-15,0,0,0.00777944905,0,-7.42452132e-14,3.23903838e-14,0.00782721613,-7.46568404e-14,7.42452132e-14,-3.23903838e-14,-4.77670836e-05,7.46568404e-14,0,0,-0.00752160859,0,3.63445732e-13,-7.75224831e-13,-0.00955873669,-1.26081718e-13,-3.03511126e-05,-0.250474323,0.0123557015,1.57093762,-3.03511126e-05,-0.250474323,0.012097966,1.57093762,0,0,2.4427771e-20,0,-7.51235026e-19,0,0,0,0.00057865194,0.000172928292,0.00057865194,0.000296669915,0.000287561341,0,-3.55271368e-15,-0.883049647,-8.8817842e-16,-1.2649877e-17
30.96,15480,DESCEND,single_red_center-f6430d296e:0002:DESCEND,DESCENT,-2.42558298,1.90482796,0.0909493966,2.09169264,-2.42558298,1.90482796,0.0912086919,2.09169264,-3.99680289e-15,1.99840144e-15,-0.000259295285,-3.99680289e-15,3.99680289e-15,1.99840144e-15,0.000259295285,3.99680289e-15,0,0,0.00747801718,0,-7.48405184e-14,3.37400453e-14,0.00752419466,-7.48377395e-14,7.48405184e-14,-3.37400453e-14,-4.61774758e-05,7.48377395e-14,0,0,-0.00754801583,0,1.48307568e-13,1.86032205e-13,-0.0116908301,-1.4833319e-13,-3.03511126e-05,-0.250474323,0.0120506034,1.57093762,-3.03511126e-05,-0.250474323,0.0117913081,1.57093762,0,0,1.00519858e-20,0,-6.95124442e-19,0,0,0,0.00057865194,0.000172928292,0.00057865194,0.000296669915,0.000287561341,0,3.55271368e-15,-0.883545376,-8.8817842e-16,-6.03731462e-18
31,15500,DESCEND,single_red_center-f6430d296e:0002:DESCEND,DESCENT,-2.42558298,1.90482796,0.0912424575,2.09169264,-2.42558298,1.90482796,0.0915032825,2.09169264,-3.99680289e-15,1.77635684e-15,-0.000260824936,-3.99680289e-15,3.99680289e-15,1.77635684e-15,0.000260824936,3.99680289e-15,0,0,0.00717574169,0,-7.44020325e-14,3.31832094e-14,0.00722083022,-7.50091546e-14,7.44020325e-14,-3.31832094e-14,-4.50885282e-05,7.50091546e-14,0,0,-0.00756394085,0,2.55591348e-13,-2.95044002e-13,-0.0123022573,-1.34607274e-13,-3.03511126e-05,-0.250474323,0.0117575425,1.57093762,-3.03511126e-05,-0.250474323,0.0114967175,1.57093762,0,0,1.49313574e-21,0,-4.54470848e-19,0,0,0,0.00057865194,0.000172928292,0.00057865194,0.000296669915,0.000287561341,0,0,-0.883904003,-8.8817842e-16,-1.28267192e-18
31.04,15520,DESCEND,single_red_center-f6430d296e:0002:DESCEND,DESCENT,-2.42558298,1.90482796,0.0915234304,2.09169264,-2.42558298,1.90482796,0.0917857681,2.09169264,-3.99680289e-15,1.55431223e-15,-0.000262337699,-3.99680289e-15,3.99680289e-15,1.55431223e-15,0.000262337699,3.99680289e-15,0,0,0.00687304408,0,-7.41270665e-14,3.3410809e-14,0.00691723936,-7.51330598e-14,7.41270665e-14,-3.3410809e-14,-4.41952848e-05,7.51330598e-14,0,0,-0.00756912063,0,3.64309537e-13,-7.80652905e-13,-0.0120548342,-1.21249061e-13,-3.03511126e-05,-0.250474323,0.0114765696,1.57093762,-3.03511126e-05,-0.250474323,0.0112142319,1.57093762,0,0,-1.84800237e-22,0,8.51147745e-20,0,0,0,0.00057865194,0.000172928292,0.00057865194,0.000296669915,0.000287561341,0,-3.55271368e-15,-0.884185231,-8.8817842e-16,1.17026373e-18
31.08,15540,DESCEND,single_red_center-f6430d296e:0002:DESCEND,DESCENT,-2.42558298,1.90482796,0.0917923072,2.09169264,-2.42558298,1.90482796,0.0920561488,2.09169264,-3.99680289e-15,1.55431223e-15,-0.000263841595,-3.99680289e-15,3.99680289e-15,1.55431223e-15,0.000263841595,3.99680289e-15,0,0,0.00657035808,0,-7.42397056e-14,3.2363854e-14,0.00661412839,-7.52558023e-14,7.42397056e-14,-3.2363854e-14,-4.37703147e-05,7.52558023e-14,0,0,-0.00756331418,0,3.63332776e-13,-7.75122538e-13,-0.0114991344,-1.20188036e-13,-3.03511126e-05,-0.250474323,0.0112076928,1.57093762,-3.03511126e-05,-0.250474323,0.0109438512,1.57093762,0,0,1.34758181e-20,0,-2.94746175e-19,0,0,0,0.00057865194,0.000172928292,0.00057865194,0.000296669915,0.000287561341,0,-3.55271368e-15,-0.884438116,-8.8817842e-16,-7.53540628e-18
31.12,15560,DESCEND,single_red_center-f6430d296e:0002:DESCEND,DESCENT,-2.42558298,1.90482796,0.0920490966,2.09169264,-2.42558298,1.90482796,0.0923144268,2.09169264,-3.99680289e-15,1.77635684e-15,-0.000265330146,-3.99680289e-15,3.99680289e-15,1.77635684e-15,0.000265330146,3.99680289e-15,0,0,0.00626812706,0,-7.46772545e-14,3.29079823e-14,0.00631255507,-7.54115624e-14,7.46772545e-14,-3.29079823e-14,-4.44280135e-05,7.54115624e-14,0,0,-0.00754628011,0,-2.63183272e-13,4.09305735e-13,-0.0105785572,-1.36604434e-13,-3.03511126e-05,-0.250474323,0.0109509034,1.57093762,-3.03511126e-05,-0.250474323,0.0106855732,1.57093762,0,0,6.93825271e-21,0,3.35449544e-19,0,0,0,0.00057865194,0.000172928292,0.00057865194,0.000296669915,0.000287561341,-7.10542736e-15,3.55271368e-15,-0.884656484,-8.8817842e-16,-3.13797514e-18
31.16,15580,DESCEND,single_red_center-f6430d296e:0002:DESCEND,DESCENT,-2.42558298,1.90482796,0.0922938264,2.09169264,-2.42558298,1.90482796,0.0925606287,2.09169264,-3.99680289e-15,1.77635684e-15,-0.000266802285,-3.99680289e-15,3.99680289e-15,1.77635684e-15,0.000266802285,3.99680289e-15,0,0,0.00596680397,0,-7.43946475e-14,3.31027423e-14,0.00601291973,-7.55699692e-14,7.43946475e-14,-3.31027423e-14,-4.61157599e-05,7.55699692e-14,0,0,-0.00751777762,0,2.55514488e-13,-2.94587642e-13,-0.00933753576,-1.29101485e-13,-3.03511126e-05,-0.250474323,0.0107061736,1.57093762,-3.03511126e-05,-0.250474323,0.0104393713,1.57093762,0,0,1.29868036e-20,0,9.48949903e-19,0,0,0,0.00057865194,0.000172928292,0.00057865194,0.000296669915,0.000287561341,0,0,-0.88484395,-8.8817842e-16,-9.05961426e-18
31.2,15600,DESCEND,single_red_center-f6430d296e:0002:DESCEND,DESCENT,-2.42558298,1.90482796,0.092526493,2.09169264,-2.42558298,1.90482796,0.0927947996,2.09169264,-3.99680289e-15,1.77635684e-15,-0.000268306549,-3.99680289e-15,3.99680289e-15,1.77635684e-15,0.000268306549,3.99680289e-15,0,0,0.00566685889,0,-7.42625079e-14,3.40322616e-14,0.00571320199,-7.44022185e-14,7.42625079e-14,-3.40322616e-14,-4.63430975e-05,7.44022185e-14,0,0,-0.00747751696,0,2.55432642e-13,-3.02487505e-13,-0.00960805851,7.33567315e-13,-3.03511126e-05,-0.250474323,0.010473507,1.57093762,-3.03511126e-05,-0.250474323,0.0102052004,1.57093762,0,0,6.88501499e-21,0,-1.05434734e-18,0,0,0,0.00057865194,0.000172928292,0.00057865194,0.000296669915,0.000287561341,0,0,-0.885168119,0,-3.77294153e-18
31.24,15620,DESCEND,single_red_center-f6430d296e:0002:DESCEND,DESCENT,-2.42558298,1.90482796,0.0927471645,2.09169264,-2.42558298,1.90482796,0.093016999,2.09169264,-3.99680289e-15,1.55431223e-15,-0.000269834511,-3.99680289e-15,3.99680289e-15,1.55431223e-15,0.000269834511,3.99680289e-15,0,0,0.00536876914,0,-7.42154176e-14,3.21885581e-14,0.00541475209,-7.45331244e-14,7.42154176e-14,-3.21885581e-14,-4.59829525e-05,7.45331244e-14,0,0,-0.00742525714,0,3.6309257e-13,-7.7408355e-13,-0.0113101584,-1.27324373e-13,-3.03511126e-05,-0.250474323,0.0102528355,1.57093762,-3.03511126e-05,-0.250474323,0.009983001,1.57093762,0,0,3.76256042e-21,0,-4.8446048e-19,0,0,0,0.00057865194,0.000172928292,0.00057865194,0.000296669915,0.000287561341,0,-3.55271368e-15,-0.885620412,-8.8817842e-16,-2.35128877e-18
31.28,15640,DESCEND,single_red_center-f6430d296e:0002:DESCEND,DESCENT,-2.42558298,1.90482796,0.0929559702,2.09169264,-2.42558298,1.90482796,0.0932272999,2.09169264,-3.99680289e-15,1.99840144e-15,-0.000271329678,-3.99680289e-15,3.99680289e-15,1.99840144e-15,0.000271329678,3.99680289e-15,0,0,0.00507301148,0,-7.44038017e-14,3.46945582e-14,0.0051170504,-7.47432189e-14,7.44038017e-14,-3.46945582e-14,-4.40389205e-05,7.47432189e-14,0,0,-0.00736080184,0,1.48203132e-13,1.81487073e-13,-0.0116274935,-1.49113387e-13,-3.03511126e-05,-0.250474323,0.0100440298,1.57093762,-3.03511126e-05,-0.250474323,0.00977270013,1.57093762,0,0,-8.13494133e-22,0,-8.96675652e-19,0,0,0,0.00057865194,0.000172928292,0.00057865194,0.000296669915,0.000287561341,0,3.55271368e-15,-0.885946795,-8.8817842e-16,-1.5244658e-19
31.32,15660,DESCEND,single_red_center-f6430d296e:0002:DESCEND,DESCENT,-2.42558298,1.90482796,0.093153013,2.09169264,-2.42558298,1.90482796,0.0934258168,2.09169264,-3.99680289e-15,1.55431223e-15,-0.000272803729,-3.99680289e-15,3.99680289e-15,1.55431223e-15,0.000272803729,3.99680289e-15,0,0,0.00478007754,0,-7.42137024e-14,3.2147112e-14,0.00482275457,-7.48526625e-14,7.42137024e-14,-3.2147112e-14,-4.26770261e-05,7.48526625e-14,0,0,-0.00728390999,0,2.53645236e-13,-2.89160903e-13,-0.0117500889,-1.36273815e-13,-3.03511126e-05,-0.250474323,0.00984698696,1.57093762,-3.03511126e-05,-0.250474323,0.00957418323,1.57093762,0,0,1.84044504e-20,0,8.28553569e-19,0,0,0,0.00057865194,0.000172928292,0.00057865194,0.000296669915,0.000287561341,0,0,-0.886252172,-8.8817842e-16,-1.12750895e-17
31.36,15680,DESCEND,single_red_center-f6430d296e:0002:DESCEND,DESCENT,-2.42558298,1.90482796,0.0933384157,2.09169264,-2.42558298,1.90482796,0.0936126632,2.09169264,-3.99680289e-15,1.77635684e-15,-0.000274247451,-3.99680289e-15,3.99680289e-15,1.77635684e-15,0.000274247451,3.99680289e-15,0,0,0.00449046859,0,-7.48128925e-14,3.34815376e-14,0.00453221292,-7.5036044e-14,7.48128925e-14,-3.34815376e-14,-4.17443249e-05,7.5036044e-14,0,0,-0.00719434049,0,-2.62090878e-13,4.05975492e-13,-0.0113217787,-1.40227199e-13,-3.03511126e-05,-0.250474323,0.00966158426,1.57093762,-3.03511126e-05,-0.250474323,0.00938733681,1.57093762,0,0,6.48595636e-21,0,4.11888807e-19,0,0,0,0.00057865194,0.000172928292,0.00057865194,0.000296669915,0.000287561341,-7.10542736e-15,3.55271368e-15,-0.886504001,-8.8817842e-16,-2.7778929e-18
31.4,15700,DESCEND,single_red_center-f6430d296e:0002:DESCEND,DESCENT,-2.42558298,1.90482796,0.0935123212,2.09169264,-2.42558298,1.90482796,0.0937879777,2.09169264,-3.99680289e-15,1.77635684e-15,-0.000275656515,-3.99680289e-15,3.99680289e-15,1.77635684e-15,0.000275656515,3.99680289e-15,0,0,0.0042046955,0,-7.43628525e-14,3.28561875e-14,0.00424617077,-7.51876118e-14,7.43628525e-14,-3.28561875e-14,-4.14752713e-05,7.51876118e-14,0,0,-0.00709185225,0,2.55082422e-13,-2.93200843e-13,-0.0103139012,-1.32894353e-13,-3.03511126e-05,-0.250474323,0.00948767884,1.57093762,-3.03511126e-05,-0.250474323,0.00921202233,1.57093762,0,0,4.79650027e-21,0,-9.17905784e-20,0,0,0,0.00057865194,0.000172928292,0.00057865194,0.000296669915,0.000287561341,0,0,-0.886698947,-8.8817842e-16,-3.49343138e-18
31.44,15720,DESCEND,single_red_center-f6430d296e:0002:DESCEND,DESCENT,-2.42558298,1.90482796,0.0936748928,2.09169264,-2.42558298,1.90482796,0.0939519304,2.09169264,-3.99680289e-15,1.55431223e-15,-0.000277037676,-3.99680289e-15,3.99680289e-15,1.55431223e-15,0.000277037676,3.99680289e-15,0,0,0.00392327876,0,-7.46423085e-14,3.26031361e-14,0.00396511018,-7.53257219e-14,7.46423085e-14,-3.26031361e-14,-4.18314234e-05,7.53257219e-14,0,0,-0.00697620418,0,-4.51295049e-14,-5.58511305e-13,-0.00916324673,-1.13300337e-13,-3.03511126e-05,-0.250474323,0.00932510725,1.57093762,-3.03511126e-05,-0.250474323,0.00904806957,1.57093762,0,0,3.03758019e-20,0,3.22293137e-18,0,0,0,0.00057865194,0.000172928292,0.00057865194,0.000296669915,0.000287561341,-7.10542736e-15,-3.55271368e-15,-0.886876007,-8.8817842e-16,-1.83314383e-17
31.48,15740,DESCEND,single_red_center-f6430d296e:0002:DESCEND,DESCENT,-2.42558298,1.90482796,0.093826307,2.09169264,-2.42558298,1.90482796,0.0941047009,2.09169264,-3.99680289e-15,1.77635684e-15,-0.000278393929,-3.99680289e-15,3.99680289e-15,1.77635684e-15,0.000278393929,3.99680289e-15,0,0,0.0036467524,0,-7.4525787e-14,3.35998542e-14,0.00368966667,-7.55041828e-14,7.4525787e-14,-3.35998542e-14,-4.29142757e-05,7.55041828e-14,0,0,-0.0068471453,0,1.47145685e-13,1.87219558e-13,-0.00816407118,-1.41776661e-13,-3.03511126e-05,-0.250474323,0.009173693,1.57093762,-3.03511126e-05,-0.250474323,0.00889529907,1.57093762,0,0,1.21750396e-20,0,-7.73343176e-19,0,0,0,0.00057865194,0.000172928292,0.00057865194,0.000296669915,0.000287561341,0,3.55271368e-15,-0.887061141,-8.8817842e-16,-7.14698407e-18
31.52,15760,DESCEND,single_red_center-f6430d296e:0002:DESCEND,DESCENT,-2.42558298,1.90482796,0.093966701,2.09169264,-2.42558298,1.90482796,0.0942464963,2.09169264,-3.99680289e-15,1.55431223e-15,-0.000279795211,-3.99680289e-15,3.99680289e-15,1.55431223e-15,0.000279795211,3.99680289e-15,0,0,0.00337569567,0,-7.4094269e-14,3.30656536e-14,0.00341496829,-7.56675546e-14,7.4094269e-14,-3.30656536e-14,-3.9272614e-05,7.56675546e-14,0,0,-0.00670434466,0,3.63799176e-13,-7.78729856e-13,-0.00948857272,-1.16035517e-13,-3.03511126e-05,-0.250474323,0.00903329895,1.57093762,-3.03511126e-05,-0.250474323,0.00875350374,1.57093762,0,0,1.24899555e-21,0,-4.64016727e-19,0,0,0,0.00057865194,0.000172928292,0.00057865194,0.000296669915,0.000287561341,0,-3.55271368e-15,-0.887455553,-8.8817842e-16,-7.32648787e-19
31.56,15780,DESCEND,single_red_center-f6430d296e:0002:DESCEND,DESCENT,-2.42558298,1.90482796,0.0940963827,2.09169264,-2.42558298,1.90482796,0.0943775178,2.09169264,-3.99680289e-15,1.77635684e-15,-0.000281135149,-3.99680289e-15,3.99680289e-15,1.77635684e-15,0.000281135149,3.99680289e-15,0,0,0.00311062299,0,-7.45209229e-14,3.35142835e-14,0.00315026594,-7.44048545e-14,7.45209229e-14,-3.35142835e-14,-3.96429422e-05,7.44048545e-14,0,0,-0.00654765724,0,1.46595815e-13,1.84875746e-13,-0.0102714874,7.21401525e-13,-3.03511126e-05,-0.250474323,0.00890361733,1.57093762,-3.03511126e-05,-0.250474323,0.00862248218,1.57093762,0,0,2.32904543e-20,0,-1.1280105e-17,0,0,0,0.00057865194,0.000172928292,0.00057865194,0.000296669915,0.000287561341,0,3.55271368e-15,-0.887791019,0,-1.5109726e-17
31.6,15800,DESCEND,single_red_center-f6430d296e:0002:DESCEND,DESCENT,-2.42558298,1.90482796,0.0942156019,2.09169264,-2.42558298,1.90482796,0.0944980428,2.09169264,-3.99680289e-15,1.99840144e-15,-0.000282440905,-3.99680289e-15,3.99680289e-15,1.99840144e-15,0.000282440905,3.99680289e-15,0,0,0.00285209352,0,-7.43991142e-14,3.44857142e-14,0.00288997848,-7.46062967e-14,7.43991142e-14,-3.44857142e-14,-3.78849588e-05,7.46062967e-14,0,0,-0.00637684194,0,1.48003937e-13,1.82674971e-13,-0.0104773038,-1.50492433e-13,-3.03511126e-05,-0.250474323,0.0087843981,1.57093762,-3.03511126e-05,-0.250474323,0.0085019572,1.57093762,0,0,2.58615356e-20,0,-9.25539605e-18,0,0,0,0.00057865194,0.000172928292,0.00057865194,0.000296669915,0.000287561341,0,3.55271368e-15,-0.888069908,-8.8817842e-16,-1.29469604e-17
31.64,15820,DESCEND,single_red_center-f6430d296e:0002:DESCEND,DESCENT,-2.42558298,1.90482796,0.0943246313,2.09169264,-2.42558298,1.90482796,0.0946083255,2.09169264,-3.99680289e-15,1.77635684e-15,-0.000283694276,-3.99680289e-15,3.99680289e-15,1.77635684e-15,0.000283694276,3.99680289e-15,0,0,0.00260067603,0,-7.45073552e-14,3.34124281e-14,0.00263678402,-7.47195063e-14,7.45073552e-14,-3.34124281e-14,-3.6107987e-05,7.47195063e-14,0,0,-0.00619165768,0,2.56241756e-13,-2.96415137e-13,-0.00987672806,-1.37433982e-13,-3.03511126e-05,-0.250474323,0.00867536873,1.57093762,-3.03511126e-05,-0.250474323,0.00839167445,1.57093762,0,0,2.78319478e-20,0,-1.90830104e-18,0,0,0,0.00057865194,0.000172928292,0.00057865194,0.000296669915,0.000287561341,0,0,-0.88826882,-8.8817842e-16,-1.69232964e-17
31.68,15840,DESCEND,single_red_center-f6430d296e:0002:DESCEND,DESCENT,-2.42558298,1.90482796,0.0944237662,2.09169264,-2.42558298,1.90482796,0.0947086682,2.09169264,-3.99680289e-15,1.77635684e-15,-0.000284902039,-3.99680289e-15,3.99680289e-15,1.77635684e-15,0.000284902039,3.99680289e-15,0,0,0.00235694891,0,-7.47871263e-14,3.31857072e-14,0.00239171114,-7.48539894e-14,7.47871263e-14,-3.31857072e-14,-3.47622258e-05,7.48539894e-14,0,0,-0.00599186335,0,-1.53281712e-13,-7.71424012e-14,-0.00903782695,-1.2996259e-13,-3.03511126e-05,-0.250474323,0.0085762338,1.57093762,-3.03511126e-05,-0.250474323,0.00829133176,1.57093762,0,0,1.25029563e-20,0,4.86199942e-19,0,0,0,0.00057865194,0.000172928292,0.00057865194,0.000296669915,0.000287561341,-7.10542736e-15,0,-0.88843807,-8.8817842e-16,-5.75086574e-18
31.72,15860,DESCEND,single_red_center-f6430d296e:0002:DESCEND,DESCENT,-2.42558298,1.90482796,0.0945133253,2.09169264,-2.42558298,1.90482796,0.0947993871,2.09169264,-3.99680289e-15,1.77635684e-15,-0.000286061754,-3.99680289e-15,3.99680289e-15,1.77635684e-15,0.000286061754,3.99680289e-15,0,0,0.00212150017,0,-7.45090527e-14,3.33827933e-14,0.00215562193,-7.50311814e-14,7.45090527e-14,-3.33827933e-14,-3.41217511e-05,7.50311814e-14,0,0,-0.00577721787,0,-1.53833951e-13,-7.77918854e-14,-0.0080497473,-1.28180408e-13,-3.03511126e-05,-0.250474323,0.00848667465,1.57093762,-3.03511126e-05,-0.250474323,0.0082006129,1.57093762,0,0,4.13231005e-21,0,3.565072e-19,0,0,0,0.00057865194,0.000172928292,0.00057865194,0.000296669915,0.000287561341,-7.10542736e-15,0,-0.888584853,-8.8817842e-16,-1.26377062e-18
31.76,15880,DESCEND,single_red_center-f6430d296e:0002:DESCEND,DESCENT,-2.42558298,1.90482796,0.094593651,2.09169264,-2.42558298,1.90482796,0.0948808185,2.09169264,-3.99680289e-15,1.77635684e-15,-0.000287167471,-3.99680289e-15,3.99680289e-15,1.77635684e-15,0.000287167471,3.99680289e-15,0,0,0.00189492743,0,-7.4231806e-14,3.36120479e-14,0.00192928019,-7.52069439e-14,7.4231806e-14,-3.36120479e-14,-3.43527573e-05,7.52069439e-14,0,0,-0.00554748016,0,2.55627509e-13,-2.97128875e-13,-0.00681097067,-1.32595164e-13,-3.03511126e-05,-0.250474323,0.00840634898,1.57093762,-3.03511126e-05,-0.250474323,0.0081191815,1.57093762,0,0,1.04260105e-22,0,-1.4343641e-18,0,0,0,0.00057865194,0.000172928292,0.00057865194,0.000296669915,0.000287561341,0,0,-0.888699229,-8.8817842e-16,-2.60606415e-19
31.8,15900,DESCEND,single_red_center-f6430d296e:0002:DESCEND,DESCENT,-2.42558298,1.90482796,0.0946650648,2.09169264,-2.42558298,1.90482796,0.0949533297,2.09169264,-3.55271368e-15,1.77635684e-15,-0.000288264908,-3.99680289e-15,3.55271368e-15,1.77635684e-15,0.000288264908,3.99680289e-15,0,0,0.00167789112,0,-7.37972084e-14,3.30398319e-14,0.00171080855,-7.53562723e-14,7.37972084e-14,-3.30398319e-14,-3.29174239e-05,7.53562723e-14,0,0,-0.00530232703,0,6.63620668e-13,-5.11863344e-13,-0.0070530308,-1.37370938e-13,-3.03511126e-05,-0.250474323,0.00833493516,1.57093762,-3.03511126e-05,-0.250474323,0.00804667025,1.57093762,0,0,5.93845921e-21,0,-1.35450767e-18,0,0,0,0.00057865194,0.000172928292,0.00057865194,0.000296669915,0.000287561341,7.10542736e-15,0,-0.888939579,-8.8817842e-16,-5.05730737e-18
31.84,15920,DESCEND,single_red_center-f6430d296e:0002:DESCEND,DESCENT,-2.42558298,1.90482796,0.0947279854,2.09169264,-2.42558298,1.90482796,0.0950173101,2.09169264,-3.99680289e-15,1.55431223e-15,-0.000289324738,-3.99680289e-15,3.99680289e-15,1.55431223e-15,0.000289324738,3.99680289e-15,0,0,0.00147098928,0,-7.47916897e-14,3.30978939e-14,0.00150200297,-7.54806714e-14,7.47916897e-14,-3.30978939e-14,-3.1013689e-05,7.54806714e-14,0,0,-0.00504155566,0,-1.53367587e-13,-7.6684041e-14,-0.00780614547,-1.23808503e-13,-3.03511126e-05,-0.250474323,0.00827201464,1.57093762,-3.03511126e-05,-0.250474323,0.00798268991,1.57093762,0,0,3.25751895e-21,0,1.05820697e-18,0,0,0,0.00057865194,0.000172928292,0.00057865194,0.000296669915,0.000287561341,-7.10542736e-15,0,-0.889216454,-8.8817842e-16,-1.21289502e-18
31.88,15940,DESCEND,single_red_center-f6430d296e:0002:DESCEND,DESCENT,-2.42558298,1.90482796,0.0947828518,2.09169264,-2.42558298,1.90482796,0.0950731678,2.09169264,-3.99680289e-15,1.99840144e-15,-0.000290315984,-3.99680289e-15,3.99680289e-15,1.99840144e-15,0.000290315984,3.99680289e-15,0,0,0.00127482375,0,-7.49935894e-14,3.56249292e-14,0.00130340865,-7.56892802e-14,7.49935894e-14,-3.56249292e-14,-2.85848935e-05,7.56892802e-14,0,0,-0.0047649651,0,-2.58610203e-13,3.9414608e-13,-0.0077239102,-1.3353083e-13,-3.03511126e-05,-0.250474323,0.00821714815,1.57093762,-3.03511126e-05,-0.250474323,0.00792683217,1.57093762,0,0,1.46327879e-19,0,2.83807768e-17,0,0,0,0.00057865194,0.000172928292,0.00057865194,0.000296669915,0.000287561341,-7.10542736e-15,3.55271368e-15,-0.889407615,-8.8817842e-16,-9.98388881e-17
31.92,15960,DESCEND,single_red_center-f6430d296e:0002:DESCEND,DESCENT,-2.42558298,1.90482796,0.0948301056,2.09169264,-2.42558298,1.90482796,0.0951213475,2.09169264,-3.99680289e-15,1.77635684e-15,-0.000291241962,-3.99680289e-15,3.99680289e-15,1.77635684e-15,0.000291241962,3.99680289e-15,0,0,0.00109003083,0,-7.42249657e-14,3.34185126e-14,0.00111621449,-7.43739194e-14,7.42249657e-14,-3.34185126e-14,-2.61836603e-05,7.43739194e-14,0,0,-0.00447231426,0,2.5464079e-13,-2.99042203e-13,-0.00724764331,7.33203434e-13,-3.03511126e-05,-0.250474323,0.00816989441,1.57093762,-3.03511126e-05,-0.250474323,0.00787865245,1.57093762,0,0,5.52564726e-20,0,-1.38654505e-17,0,0,0,0.00057865194,0.000172928292,0.00057865194,0.000296669915,0.000287561341,0,0,-0.889551763,0,-2.80996917e-17
31.96,15980,DESCEND,single_red_center-f6430d296e:0002:DESCEND,DESCENT,-2.42558298,1.90482796,0.0948702134,2.09169264,-2.42558298,1.90482796,0.0951623153,2.09169264,-3.99680289e-15,1.55431223e-15,-0.000292101885,-3.99680289e-15,3.99680289e-15,1.55431223e-15,0.000292101885,3.99680289e-15,0,0,0.000917256419,0,-7.43456746e-14,3.23974108e-14,0.000941383113,-7.45526961e-14,7.43456746e-14,-3.23974108e-14,-2.4126694e-05,7.45526961e-14,0,0,-0.00416336203,0,-4.38868947e-14,-5.55696024e-13,-0.00656924871,-1.21036908e-13,-3.03511126e-05,-0.250474323,0.00812978659,1.57093762,-3.03511126e-05,-0.250474323,0.0078376847,1.57093762,0,0,-3.48464094e-21,0,-9.97432275e-18,0,0,0,0.00057865194,0.000172928292,0.00057865194,0.000296669915,0.000287561341,-7.10542736e-15,-3.55271368e-15,-0.889665278,-8.8817842e-16,6.39714952e-18
32,16000,DESCEND,single_red_center-f6430d296e:0002:DESCEND,DESCENT,-2.42558298,1.90482796,0.0949036681,2.09169264,-2.42558298,1.90482796,0.0951965579,2.09169264,-3.99680289e-15,1.99840144e-15,-0.000292889774,-3.99680289e-15,3.99680289e-15,1.99840144e-15,0.000292889774,3.99680289e-15,0,0,0.000757156044,0,-7.51036341e-14,3.44910819e-14,0.000779686892,-7.47347138e-14,7.51036341e-14,-3.44910819e-14,-2.25308481e-05,7.47347138e-14,0,0,-0.00383786734,0,-3.69152687e-13,8.84858935e-13,-0.00558777793,-1.55167886e-13,-3.03511126e-05,-0.250474323,0.00809633188,1.57093762,-3.03511126e-05,-0.250474323,0.0078034421,1.57093762,0,0,2.55953412e-20,0,-1.45477019e-17,0,0,0,0.00057865194,0.000172928292,0.00057865194,0.000296669915,0.000287561341,-7.10542736e-15,7.10542736e-15,-0.889738265,-8.8817842e-16,-9.00095799e-18
32.04,16020,DESCEND,single_red_center-f6430d296e:0002:DESCEND,DESCENT,-2.42558298,1.90482796,0.0949309888,2.09169264,-2.42558298,1.90482796,0.0952245979,2.09169264,-3.99680289e-15,1.99840144e-15,-0.000293609048,-3.99680289e-15,3.99680289e-15,1.99840144e-15,0.000293609048,3.99680289e-15,0,0,0.00061039484,0,-7.48081907e-14,3.46427155e-14,0.000631587821,-7.49104964e-14,7.48081907e-14,-3.46427155e-14,-2.11929807e-05,7.49104964e-14,0,0,-0.00349558909,0,-2.60503513e-13,3.99737688e-13,-0.00457636786,-1.41312654e-13,-3.03511126e-05,-0.250474323,0.00806901116,1.57093762,-3.03511126e-05,-0.250474323,0.00777540211,1.57093762,0,0,8.40801603e-20,0,1.23685778e-19,0,0,0,0.00057865194,0.000172928292,0.00057865194,0.000296669915,0.000287561341,-7.10542736e-15,3.55271368e-15,-0.889794949,-8.8817842e-16,-5.00873571e-17
32.08,16040,DESCEND,single_red_center-f6430d296e:0002:DESCEND,DESCENT,-2.42558298,1.90482796,0.0949527117,2.09169264,-2.42558298,1.90482796,0.0952469788,2.09169264,-3.99680289e-15,1.99840144e-15,-0.00029426708,-3.99680289e-15,3.99680289e-15,1.99840144e-15,0.00029426708,3.99680289e-15,0,0,0.000477675944,0,-7.50908892e-14,3.44150101e-14,0.00049729187,-7.50583984e-14,7.50908892e-14,-3.44150101e-14,-1.96159261e-05,7.50583984e-14,0,0,-0.00313625285,0,-3.69268798e-13,8.85291492e-13,-0.00393544382,-1.5199322e-13,-3.03511126e-05,-0.250474323,0.00804728827,1.57093762,-3.03511126e-05,-0.250474323,0.00775302119,1.57093762,0,0,4.00786281e-20,0,1.12927353e-17,0,0,0,0.00057865194,0.000172928292,0.00057865194,0.000296669915,0.000287561341,-7.10542736e-15,7.10542736e-15,-0.889871315,-8.8817842e-16,-2.85098495e-17
32.12,16060,DESCEND,single_red_center-f6430d296e:0002:DESCEND,DESCENT,-2.42558298,1.90482796,0.0949693952,2.09169264,-2.42558298,1.90482796,0.0952642679,2.09169264,-4.4408921e-15,1.77635684e-15,-0.000294872678,-3.99680289e-15,4.4408921e-15,1.77635684e-15,0.000294872678,3.99680289e-15,0,0,0.000359749493,0,-7.52161972e-14,3.33905348e-14,0.000376915272,-7.51848305e-14,7.52161972e-14,-3.33905348e-14,-1.71657782e-05,7.51848305e-14,0,0,-0.00275954573,0,-1.51784741e-13,-7.89262021e-14,-0.00411246578,-1.26698195e-13,-3.03511126e-05,-0.250474323,0.00803060477,1.57093762,-3.03511126e-05,-0.250474323,0.00773573209,1.57093762,0,0,-1.63273563e-20,0,-4.44407828e-19,0,0,0,0.00057865194,0.000172928292,0.00057865194,0.000296669915,0.000287561341,-7.10542736e-15,0,-0.890007692,-8.8817842e-16,1.09607262e-17
32.16,16080,DESCEND,single_red_center-f6430d296e:0002:DESCEND,DESCENT,-2.42558298,1.90482796,0.0949816736,2.09169264,-2.42558298,1.90482796,0.0952770669,2.09169264,-3.99680289e-15,1.99840144e-15,-0.000295393289,-3.99680289e-15,3.99680289e-15,1.99840144e-15,0.000295393289,3.99680289e-15,0,0,0.000257226087,0,-7.50960051e-14,3.43952109e-14,0.000271554706,-7.53661945e-14,7.50960051e-14,-3.43952109e-14,-1.43286189e-05,7.53661945e-14,0,0,-0.00236532809,0,-3.69671688e-13,8.85179636e-13,-0.00381738636,-1.48948205e-13,-3.03511126e-05,-0.250474323,0.0080183264,1.57093762,-3.03511126e-05,-0.250474323,0.00772293312,1.57093762,0,0,1.25706382e-20,0,7.8164226e-18,0,0,0,0.00057865194,0.000172928292,0.00057865194,0.000296669915,0.000287561341,-7.10542736e-15,7.10542736e-15,-0.890086382,-8.8817842e-16,-8.88534888e-18
32.2,16100,DESCEND,single_red_center-f6430d296e:0002:DESCEND,DESCENT,-2.42558298,1.90482796,0.0949901757,2.09169264,-2.42558298,1.90482796,0.0952860039,2.09169264,-3.99680289e-15,1.77635684e-15,-0.000295828147,-3.99680289e-15,3.99680289e-15,1.77635684e-15,0.000295828147,3.99680289e-15,0,0,0.000170809534,0,-7.48034408e-14,3.45456235e-14,0.000182352793,-7.55233534e-14,7.48034408e-14,-3.45456235e-14,-1.15432586e-05,7.55233534e-14,0,0,-0.00195335885,0,-1.5156684e-13,-8.46124053e-14,-0.00328589096,-1.23191187e-13,-3.03511126e-05,-0.250474323,0.00800982425,1.57093762,-3.03511126e-05,-0.250474323,0.00771399611,1.57093762,0,0,8.29709257e-21,0,2.78995877e-19,0,0,0,0.00057865194,0.000172928292,0.00057865194,0.000296669915,0.000287561341,-7.10542736e-15,0,-0.890127545,-8.8817842e-16,-3.21014535e-18
32.24,16120,DESCEND,single_red_center-f6430d296e:0002:DESCEND,DESCENT,-2.42558298,1.90482796,0.0949955589,2.09169264,-2.42558298,1.90482796,0.0952917323,2.09169264,-3.99680289e-15,1.55431223e-15,-0.000296173442,-3.99680289e-15,3.99680289e-15,1.55431223e-15,0.000296173442,3.99680289e-15,0,0,0.000101213261,0,-7.4194812e-14,3.31347415e-14,0.000110102252,-7.56635917e-14,7.4194812e-14,-3.31347415e-14,-8.88899075e-06,7.56635917e-14,0,0,-0.00152339691,0,3.64183618e-13,-7.79256574e-13,-0.0025252982,-1.16069938e-13,-3.03511126e-05,-0.250474323,0.00800444113,1.57093762,-3.03511126e-05,-0.250474323,0.00770826769,1.57093762,0,0,2.77563922e-21,0,-1.50520865e-20,0,0,0,0.00057865194,0.000172928292,0.00057865194,0.000296669915,0.000287561341,0,-3.55271368e-15,-0.89013105,-8.8817842e-16,-1.94418988e-18
32.28,16140,DESCEND,single_red_center-f6430d296e:0002:DESCEND,DESCENT,-2.42558298,1.90482796,0.0949985088,2.09169264,-2.42558298,1.90482796,0.0952949385,2.09169264,-3.99680289e-15,1.99840144e-15,-0.000296429703,-3.99680289e-15,3.99680289e-15,1.99840144e-15,0.000296429703,3.99680289e-15,0,0,4.91603065e-05,0,-7.49540893e-14,3.5222672e-14,5.54495922e-05,-7.44191755e-14,7.49540893e-14,-3.5222672e-14,-6.28928572e-06,7.44191755e-14,0,0,-0.00107520118,0,-2.60303057e-13,3.93251881e-13,-0.00171494942,7.27956994e-13,-3.03511126e-05,-0.250474323,0.00800149122,1.57093762,-3.03511126e-05,-0.250474323,0.00770506152,1.57093762,0,0,2.1492537e-21,0,-7.55189741e-19,0,0,0,0.00057865194,0.000172928292,0.00057865194,0.000296669915,0.000287561341,-7.10542736e-15,3.55271368e-15,-0.89011246,0,-3.29648105e-19
32.32,16160,DESCEND,single_red_center-f6430d296e:0002:DESCEND,DESCENT,-2.42558298,1.90482796,0.0949997403,2.09169264,-2.42558298,1.90482796,0.095296336,2.09169264,-3.99680289e-15,1.77635684e-15,-0.000296595673,-3.99680289e-15,3.99680289e-15,1.77635684e-15,0.000296595673,3.99680289e-15,0,0,1.53833255e-05,0,-7.43454592e-14,3.38117454e-14,1.90555704e-05,-7.4574021e-14,7.43454592e-14,-3.38117454e-14,-3.67224497e-06,7.4574021e-14,0,0,-0.000608530585,0,2.56168991e-13,-2.98391399e-13,-0.000952368144,-1.38799448e-13,-3.03511126e-05,-0.250474323,0.00800025966,1.57093762,-3.03511126e-05,-0.250474323,0.00770366399,1.57093762,0,0,1.53057522e-20,0,-5.23953994e-19,0,0,0,0.00057865194,0.000172928292,0.00057865194,0.000296669915,0.000287561341,0,0,-0.890079929,-8.8817842e-16,-8.37198534e-18
32.36,16180,DESCEND,single_red_center-f6430d296e:0002:DESCEND,DESCENT,-2.42558298,1.90482796,0.0949999978,2.09169264,-2.42558298,1.90482796,0.0952966668,2.09169264,-3.99680289e-15,1.77635684e-15,-0.000296669009,-3.99680289e-15,3.99680289e-15,1.77635684e-15,0.000296669009,3.99680289e-15,0,0,6.24587285e-07,0,-7.46102893e-14,3.35597405e-14,1.53099466e-06,-7.47120023e-14,7.46102893e-14,-3.35597405e-14,-9.06407377e-07,7.47120023e-14,0,0,-0.000123144018,0,1.47409989e-13,1.87368066e-13,-0.00027147258,-1.49584435e-13,-3.03511126e-05,-0.250474323,0.0080000022,1.57093762,-3.03511126e-05,-0.250474323,0.00770333319,1.57093762,0,0,6.35177417e-21,0,-6.95061793e-19,0,0,0,0.00057865194,0.000172928292,0.00057865194,0.000296669915,0.000287561341,0,3.55271368e-15,-0.890035911,-8.8817842e-16,-4.05004276e-18
32.4,16200,GRASP,single_red_center-f6430d296e:0003:GRASP,GRASP_CLOSE,-2.42558298,1.90482796,0.095,2.09169264,-2.42558298,1.90482796,0.0952966708,2.09169264,-8.3137941e-12,-4.22861746e-12,-0.000296670815,2.61124455e-13,8.3137941e-12,4.22861746e-12,0.000296670815,2.61124455e-13,0,0,0,0,1.32544197e-09,6.71679938e-10,1.57997446e-08,-3.40379106e-11,-1.32544197e-09,-6.71679938e-10,-1.57997446e-08,3.40379106e-11,0,0,0,0,-1.71090926e-06,-8.84474481e-07,3.53378671e-06,8.7412902e-08,-3.03511126e-05,-0.250474323,0.008,1.57093762,-3.03511101e-05,-0.250474323,0.00770332918,1.57093762,5.32307081e-09,5.32307081e-09,2.37800048e-09,5.3401254e-07,5.2080159e-07,3.56248004e-05,0,0,0.000296670815,8.3137941e-12,4.22861746e-12,0.000296670815,2.61124455e-13,-1.45180223e-09,-5.88329385e-10,-0.89001257,4.66204853e-12,1.54929447e-06
32.44,16220,GRASP,single_red_center-f6430d296e:0003:GRASP,GRASP_CLOSE,-2.42558298,1.90482796,0.095,2.09169264,-2.42558298,1.90482796,0.095296671,2.09169264,5.2209792e-11,2.66564548e-11,-0.000296670966,-1.40820688e-12,5.2209792e-11,2.66564548e-11,0.000296670966,1.40820688e-12,0,0,0,0,-1.39267653e-08,-7.11779862e-09,-1.73709341e-10,5.08868962e-10,1.39267653e-08,7.11779862e-09,1.73709341e-10,-5.08868962e-10,0,0,0,0,-3.10262607e-06,-1.58172678e-06,1.66670086e-07,1.06777683e-07,-3.03511126e-05,-0.250474323,0.008,1.57093762,-3.03511283e-05,-0.250474323,0.00770332903,1.57093762,1.03755378e-07,1.03755378e-07,9.13696874e-08,5.58129986e-06,5.62513694e-06,0.000211309108,0,0,0.000296670991,5.2209792e-11,2.66564548e-11,0.000296670991,1.40820688e-12,9.59508384e-09,3.93087873e-09,-0.890012891,-3.95976585e-11,5.0552076e-06
32.48,16240,GRASP,single_red_center-f6430d296e:0003:GRASP,GRASP_CLOSE,-2.42558298,1.90482796,0.095,2.09169264,-2.42558298,1.90482796,0.095296671,2.09169264,7.44171835e-10,3.77792908e-10,-0.000296670969,-9.79349934e-12,7.44171835e-10,3.77792908e-10,0.000296670969,9.79349934e-12,0,0,0,0,-3.58141047e-08,-1.8122901e-08,-1.35614337e-11,3.57965223e-10,3.58141047e-08,1.8122901e-08,1.35614337e-11,-3.57965223e-10,0,0,0,0,5.75335806e-06,2.98603023e-06,3.05522639e-09,-3.59376897e-07,-3.03511126e-05,-0.250474323,0.008,1.57093762,-3.03513366e-05,-0.250474323,0.00770332903,1.57093762,5.09393383e-07,5.09393383e-07,4.85726268e-07,1.70793216e-05,1.24030166e-05,0.000380295699,0,0,0.000296670991,7.44171835e-10,3.77792908e-10,0.000296670991,9.79349934e-12,5.19933465e-08,2.07618918e-08,-0.890012905,-7.82938159e-11,8.88519891e-06
32.52,16260,GRASP,single_red_center-f6430d296e:0003:GRASP,GRASP_CLOSE,-2.42558298,1.90482796,0.095,2.09169264,-2.42558298,1.90482796,0.095296671,2.09169264,1.26062094e-09,6.4338801e-10,-0.000296670969,2.494005e-12,1.26062094e-09,6.4338801e-10,0.000296670969,2.494005e-12,0,0,0,0,2.84348727e-08,1.43155319e-08,-3.11218785e-13,-1.76592324e-09,-2.84348727e-08,-1.43155319e-08,3.11218785e-13,1.76592324e-09,0,0,0,0,-3.44572381e-05,-1.78665059e-05,1.17851316e-12,1.85847991e-06,-3.03511126e-05,-0.250474323,0.008,1.57093762,-3.03514924e-05,-0.250474323,0.00770332903,1.57093762,1.58092723e-06,1.58092723e-06,1.45844059e-06,3.58224482e-05,3.6063539e-05,0.000541535878,0,0,0.000296670991,1.29186173e-09,6.59284183e-10,0.000296670991,9.81970061e-12,3.89373156e-09,9.61431823e-10,-0.890012906,1.8345947e-10,5.80731129e-05
32.56,16280,GRASP,single_red_center-f6430d296e:0003:GRASP,GRASP_CLOSE,-2.42558298,1.90482796,0.095,2.09169264,-2.42558299,1.90482796,0.095296671,2.09169264,1.49900714e-09,7.77687026e-10,-0.000296670969,6.43840536e-12,1.49900714e-09,7.77687026e-10,0.000296670969,6.43840536e-12,0,0,0,0,-2.68296068e-08,-1.42616783e-08,-3.21910191e-15,1.46948664e-09,2.68296068e-08,1.42616783e-08,3.21910191e-15,-1.46948664e-09,0,0,0,0,-1.06512692e-05,-5.43764983e-06,-1.60079354e-12,4.3684836e-07,-3.03511126e-05,-0.250474323,0.008,1.57093762,-3.03515655e-05,-0.250474323,0.00770332903,1.57093762,3.49438945e-06,3.49438945e-06,3.35288943e-06,6.06455446e-05,6.22842924e-05,0.000696073917,0,0,0.000296670991,1.72400583e-09,8.86100748e-10,0.000296670991,9.81970061e-12,3.74325921e-08,1.52225965e-08,-0.890012906,-6.82014445e-11,5.81259501e-05
32.6,16300,GRASP,single_red_center-f6430d296e:0003:GRASP,GRASP_CLOSE,-2.42558298,1.90482796,0.095,2.09169264,-2.42558299,1.90482796,0.095296671,2.09169264,2.11773266e-09,1.10367049e-09,-0.000296670969,-9.63940039e-12,2.11773266e-09,1.10367049e-09,0.000296670969,9.63940039e-12,0,0,0,0,-4.78873202e-08,-2.43218033e-08,-1.69349631e-15,9.00315992e-10,4.78873202e-08,2.43218033e-08,1.69349631e-15,-9.00315992e-10,0,0,0,0,1.63939135e-05,8.51746085e-06,-3.59361814e-13,-9.69894444e-07,-3.03511126e-05,-0.250474323,0.008,1.57093762,-3.03517529e-05,-0.250474323,0.00770332903,1.57093762,6.44001506e-06,6.44001506e-06,6.26688181e-06,9.1133851e-05,7.94046671e-05,0.000844187334,0,0,0.000296670991,2.11773266e-09,1.10367049e-09,0.000296670991,9.81970061e-12,9.67685523e-08,3.8817177e-08,-0.890012906,-1.68789427e-10,6.94470318e-05
32.64,16320,GRASP,single_red_center-f6430d296e:0003:GRASP,GRASP_CLOSE,-2.42558298,1.90482796,0.095,2.09169264,-2.42558299,1.90482796,0.095296671,2.09169264,1.75043491e-09,9.20861387e-10,-0.000296670969,1.14939169e-11,1.75043491e-09,9.20861387e-10,0.000296670969,1.14939169e-11,0,0,0,0,8.24737509e-08,4.18783972e-08,-1.27349826e-15,-3.02859346e-09,-8.24737509e-08,-4.18783972e-08,1.27349826e-15,3.02859346e-09,0,0,0,0,-6.46819033e-05,-3.35279971e-05,2.64983964e-13,3.49217596e-06,-3.03511126e-05,-0.250474323,0.008,1.57093762,-3.03516427e-05,-0.250474323,0.00770332903,1.57093762,1.08832597e-05,1.08832597e-05,1.05094554e-05,0.000128030367,0.000129458763,0.000984789278,0,0,0.000296670991,2.16201768e-09,1.13240461e-09,0.000296670991,1.18856036e-11,-3.76273661e-08,-1.59583777e-08,-0.890012906,3.49743345e-10,0.0001683189
32.68,16340,GRASP,single_red_center-f6430d296e:0003:GRASP,GRASP_CLOSE,-2.42558298,1.90482796,0.095,2.09169264,-2.42558299,1.90482796,0.095296671,2.09169264,1.45179424e-09,7.76854581e-10,-0.000296670969,7.64099894e-12,1.45179424e-09,7.76854581e-10,0.000296670969,7.64099894e-12,0,0,0,0,-3.87279906e-08,-2.02585555e-08,-1.69017617e-15,2.78985928e-09,3.87279906e-08,2.02585555e-08,1.69017617e-15,-2.78985928e-09,0,0,0,0,-1.32478721e-05,-6.72118489e-06,-3.59361814e-13,4.58127127e-07,-3.03511126e-05,-0.250474323,0.008,1.57093762,-3.03515535e-05,-0.250474323,0.00770332903,1.57093762,1.68316487e-05,1.68316487e-05,1.64363971e-05,0.000170147889,0.000172285065,0.00111905643,0,0,0.000296670991,2.16494378e-09,1.1376895e-09,0.000296670991,1.44679824e-11,3.61877426e-08,1.50974664e-08,-0.890012906,-1.63174363e-10,0.00016247159
32.72,16360,GRASP,single_red_center-f6430d296e:0003:GRASP,GRASP_CLOSE,-2.42558298,1.90482796,0.095,2.09169264,-2.42558299,1.90482796,0.095296671,2.09169264,2.13695905e-09,1.12567888e-09,-0.000296670969,-1.92525995e-11,2.13695905e-09,1.12567888e-09,0.000296670969,1.92525995e-11,0,0,0,0,-6.4719682e-08,-3.24404426e-08,-1.27183818e-15,1.10041195e-09,6.4719682e-08,3.24404426e-08,1.27183818e-15,-1.10041195e-09,0,0,0,0,2.56266066e-05,1.32966064e-05,2.64983964e-13,-1.49653534e-06,-3.03511126e-05,-0.250474323,0.008,1.57093762,-3.03517599e-05,-0.250474323,0.00770332903,1.57093762,2.44450714e-05,2.44450714e-05,2.39951335e-05,0.000217177793,0.000198285313,0.00124717206,0,0,0.000296670991,2.16494378e-09,1.1376895e-09,0.000296670991,1.92525995e-11,1.19987028e-07,4.81531188e-08,-0.890012906,-2.47189824e-10,0.000183535876
32.76,16380,GRASP,single_red_center-f6430d296e:0003:GRASP,GRASP_CLOSE,-2.42558298,1.90482796,0.095,2.09169264,-2.42558298,1.90482796,0.095296671,2.09169264,1.42358969e-09,7.5717832e-10,-0.000296670969,1.54014579e-11,1.42358969e-09,7.5717832e-10,0.000296670969,1.54014579e-11,0,0,0,0,1.17020021e-07,5.95393583e-08,-1.70843696e-15,-4.06440927e-09,-1.17020021e-07,-5.95393583e-08,1.70843696e-15,4.06440927e-09,0,0,0,0,-9.13517194e-05,-4.73554071e-05,-3.59361814e-13,4.94052177e-06,-3.03511126e-05,-0.250474323,0.008,1.57093762,-3.03515445e-05,-0.250474323,0.00770332903,1.57093762,3.42972238e-05,3.42972238e-05,3.35575617e-05,0.000269797422,0.000273496638,0.00136801857,0,0,0.000296670991,2.16494378e-09,1.1376895e-09,0.000296670991,2.12376783e-11,-8.2143977e-08,-3.40723538e-08,-0.890012906,5.03262321e-10,0.000324964276
32.8,16400,GRASP,single_red_center-f6430d296e:0003:GRASP,GRASP_CLOSE,-2.42558298,1.90482796,0.095,2.09169264,-2.42558298,1.90482796,0.095296671,2.09169264,1.14938192e-09,6.22756069e-10,-0.000296670969,6.18882723e-12,1.14938192e-09,6.22756069e-10,0.000296670969,6.18882723e-12,0,0,0,0,-6.35608896e-08,-3.29376556e-08,-1.28511876e-15,3.9976818e-09,6.35608896e-08,3.29376556e-08,1.28511876e-15,-3.9976818e-09,0,0,0,0,-1.13437917e-05,-5.68360693e-06,2.64983964e-13,2.52092384e-07,-3.03511126e-05,-0.250474323,0.008,1.57093762,-3.03514625e-05,-0.250474323,0.00770332903,1.57093762,4.62093965e-05,4.62093965e-05,4.54510888e-05,0.000326832878,0.000328476387,0.00148289023,0,0,0.000296670991,2.16494378e-09,1.1376895e-09,0.000296670991,2.28097541e-11,4.57955522e-08,1.92674534e-08,-0.890012906,-2.68439493e-10,0.000311989348
32.84,16420,GRASP,single_red_center-f6430d296e:0003:GRASP,GRASP_CLOSE,-2.42558298,1.90482796,0.095,2.09169264,-2.42558299,1.90482796,0.095296671,2.09169264,2.06021511e-09,1.0830461e-09,-0.000296670969,-2.51683119e-11,2.06021511e-09,1.0830461e-09,0.000296670969,2.51683119e-11,0,0,0,0,-6.71065836e-08,-3.3394359e-08,-1.72171753e-15,5.94022659e-10,6.71065836e-08,3.3394359e-08,1.72171753e-15,-5.94022659e-10,0,0,0,0,2.06852363e-05,1.07480694e-05,-3.59361814e-13,-1.29544391e-06,-3.03511126e-05,-0.250474323,0.008,1.57093762,-3.03517364e-05,-0.250474323,0.00770332903,1.57093762,6.03579801e-05,6.03579801e-05,5.94970256e-05,0.000388104861,0.000363834989,0.00159181861,0,0,0.000296670991,2.16494378e-09,1.1376895e-09,0.000296670991,2.51683119e-11,1.37682513e-07,5.51870336e-08,-0.890012906,-2.83586488e-10,0.000357601689
32.88,16440,GRASP,single_red_center-f6430d296e:0003:GRASP,GRASP_CLOSE,-2.42558298,1.90482796,0.095,2.09169264,-2.42558298,1.90482796,0.095296671,2.09169264,1.07967857e-09,5.77187409e-10,-0.000296670969,2.09219309e-11,1.07967857e-09,5.77187409e-10,0.000296670969,2.09219309e-11,0,0,0,0,1.37943749e-07,7.00580058e-08,-1.27349826e-15,-4.47972231e-09,-1.37943749e-07,-7.00580058e-08,1.27349826e-15,4.47972231e-09,0,0,0,0,-0.000110727193,-5.738829e-05,2.64983964e-13,5.97732754e-06,-3.03511126e-05,-0.250474323,0.008,1.57093762,-3.03514405e-05,-0.250474323,0.00770332903,1.57093762,7.73435338e-05,7.73435338e-05,7.6145028e-05,0.000454079266,0.000460190964,0.00169385732,0,0,0.000296670991,2.16494378e-09,1.1376895e-09,0.000296670991,2.62132538e-11,-1.17236276e-07,-4.82475819e-08,-0.890012906,6.04041261e-10,0.000518565577
32.92,16460,GRASP,single_red_center-f6430d296e:0003:GRASP,GRASP_CLOSE,-2.42558298,1.90482796,0.095,2.09169264,-2.42558298,1.90482796,0.095296671,2.09169264,9.1579988e-10,5.00185449e-10,-0.000296670969,4.01723099e-12,9.1579988e-10,5.00185449e-10,0.000296670969,4.01723099e-12,0,0,0,0,-8.91847615e-08,-4.60191733e-08,-1.71507724e-15,5.04477362e-09,8.91847615e-08,4.60191733e-08,1.71507724e-15,-5.04477362e-09,0,0,0,0,-6.58417943e-06,-3.17544965e-06,-3.59361814e-13,-9.38237659e-08,-3.03511126e-05,-0.250474323,0.008,1.57093762,-3.03513918e-05,-0.250474323,0.00770332903,1.57093762,9.68698756e-05,9.68698756e-05,9.56538954e-05,0.000523761053,0.000523850722,0.00179020887,0,0,0.000296670991,2.16494378e-09,1.1376895e-09,0.000296670991,2.71658251e-11,6.15955571e-08,2.58783004e-08,-0.890012906,-3.76261688e-10,0.000500950137
32.96,16480,GRASP,single_red_center-f6430d296e:0003:GRASP,GRASP_CLOSE,-2.42558298,1.90482796,0.095,2.09169264,-2.42558299,1.90482796,0.095296671,2.09169264,1.97512762e-09,1.03455822e-09,-0.000296670969,-2.88205015e-11,1.97512762e-09,1.03455822e-09,0.000296670969,2.88205015e-11,0,0,0,0,-5.57448568e-08,-2.73835409e-08,-1.27847847e-15,-3.91619378e-10,5.57448568e-08,2.73835409e-08,1.27847847e-15,3.91619378e-10,0,0,0,0,6.11090097e-06,3.21666554e-06,2.64983964e-13,-5.95497153e-07,-3.03511126e-05,-0.250474323,0.008,1.57093762,-3.03517103e-05,-0.250474323,0.00770332903,1.57093762,0.000119136173,0.000119136173,0.000117755162,0.000597028989,0.000568766268,0.00188081821,0,0,0.000296670991,2.16494378e-09,1.1376895e-09,0.000296670991,2.88205015e-11,1.47886418e-07,5.91594542e-08,-0.890012906,-2.86650703e-10,0.000579737638
33,16500,GRASP,single_red_center-f6430d296e:0003:GRASP,GRASP_CLOSE,-2.42558298,1.90482796,0.095,2.09169264,-2.42558298,1.90482796,0.095296671,2.09169264,7.24268201e-10,3.91269017e-10,-0.000296670969,2.68642886e-11,7.24268201e-10,3.91269017e-10,0.000296670969,2.68642886e-11,0,0,0,0,1.51444546e-07,7.67330573e-08,-1.72835781e-15,-4.48874967e-09,-1.51444546e-07,-7.67330573e-08,1.72835781e-15,4.48874967e-09,0,0,0,0,-0.000125485334,-6.50213426e-05,-3.59361814e-13,6.75449162e-06,-3.03511126e-05,-0.250474323,0.008,1.57093762,-3.0351333e-05,-0.250474323,0.00770332903,1.57093762,0.00014471663,0.00014471663,0.000142978962,0.000674147548,0.000683086218,0.00196493911,0,0,0.000296670991,2.16494378e-09,1.1376895e-09,0.000296670991,2.95363733e-11,-1.48665627e-07,-6.08533846e-08,-0.890012906,6.73810341e-10,0.000744373562
33.04,16520,GRASP,single_red_center-f6430d296e:0003:GRASP,GRASP_CLOSE,-2.42558298,1.90482796,0.095,2.09169264,-2.42558298,1.90482796,0.095296671,2.09169264,7.30447258e-10,4.02192502e-10,-0.000296670969,5.82200954e-13,7.30447258e-10,4.02192502e-10,0.000296670969,5.82200954e-13,0,0,0,0,-1.16158292e-07,-5.97405487e-08,-1.31001983e-15,6.00663278e-09,1.16158292e-07,5.97405487e-08,1.31001983e-15,-6.00663278e-09,0,0,0,0,8.11292864e-07,6.92043477e-07,2.64983964e-13,-5.72501538e-07,-3.03511126e-05,-0.250474323,0.008,1.57093762,-3.03513356e-05,-0.250474323,0.00770332903,1.57093762,0.000173241622,0.000173241622,0.000171489128,0.000754308954,0.000752154464,0.00204364592,0,0,0.000296670991,2.16494378e-09,1.1376895e-09,0.000296670991,3.0181635e-11,8.23955375e-08,3.44719382e-08,-0.890012906,-4.90428143e-10,0.000722651094
33.08,16540,GRASP,single_red_center-f6430d296e:0003:GRASP,GRASP_CLOSE,-2.42558298,1.90482796,0.095,2.09169264,-2.42558299,1.90482796,0.095296671,2.09169264,1.88548865e-09,9.83690684e-10,-0.000296670969,-3.1271874e-11,1.88548865e-09,9.83690684e-10,0.000296670969,3.1271874e-11,0,0,0,0,-3.5390883e-08,-1.67976196e-08,-1.75325888e-15,-1.69128154e-09,3.5390883e-08,1.67976196e-08,1.75325888e-15,1.69128154e-09,0,0,0,0,-1.39810948e-05,-7.17193988e-06,-3.59361814e-13,3.94195248e-07,-3.03511126e-05,-0.250474323,0.008,1.57093762,-3.03516828e-05,-0.250474323,0.00770332903,1.57093762,0.000204938487,0.000204938487,0.000202951167,0.00083742172,0.000806125426,0.00211681904,0,0,0.000296670991,2.16494378e-09,1.1376895e-09,0.000296670991,3.1271874e-11,1.52569129e-07,6.08718764e-08,-0.890012906,-2.65155009e-10,0.000839321001
33.12,16560,GRASP,single_red_center-f6430d296e:0003:GRASP,GRASP_CLOSE,-2.42558298,1.90482796,0.095,2.09169264,-2.42558298,1.90482796,0.095296671,2.09169264,3.71729758e-10,2.07237782e-10,-0.000296670969,3.24908989e-11,3.71729758e-10,2.07237782e-10,0.000296670969,3.24908989e-11,0,0,0,0,1.57755106e-07,7.97209497e-08,-1.3000594e-15,-4.16927625e-09,-1.57755106e-07,-7.97209497e-08,1.3000594e-15,4.16927625e-09,0,0,0,0,-0.000135566808,-7.02262587e-05,2.64983964e-13,7.2691539e-06,-3.03511126e-05,-0.250474323,0.008,1.57093762,-3.03512263e-05,-0.250474323,0.00770332903,1.57093762,0.000240322594,0.000240322594,0.000237980666,0.000923589916,0.000935442866,0.00218389749,0,0,0.000296670991,2.16494378e-09,1.1376895e-09,0.000296670991,3.24908989e-11,-1.74926754e-07,-7.13056139e-08,-0.890012906,7.12857329e-10,0.000996216686
33.16,16580,GRASP,single_red_center-f6430d296e:0003:GRASP,GRASP_CLOSE,-2.42558298,1.90482796,0.095,2.09169264,-2.42558298,1.90482796,0.095296671,2.09169264,5.89798876e-10,3.27016858e-10,-0.000296670969,-3.65707464e-12,5.89798876e-10,3.27016858e-10,0.000296670969,3.65707464e-12,0,0,0,0,-1.40535573e-07,-7.20916018e-08,-1.74495853e-15,6.73833506e-09,1.40535573e-07,7.20916018e-08,1.74495853e-15,-6.73833506e-09,0,0,0,0,9.27078156e-06,5.09977103e-06,-3.59361814e-13,-1.08797479e-06,-3.03511126e-05,-0.250474323,0.008,1.57093762,-3.03512929e-05,-0.250474323,0.00770332903,1.57093762,0.000278977382,0.000278977382,0.000276622802,0.00101216912,0.00100718558,0.00224583496,0,0,0.000296670991,2.16494378e-09,1.1376895e-09,0.000296670991,3.34359207e-11,1.04307183e-07,4.34514256e-08,-0.890012906,-5.92740967e-10,0.000971865683
33.2,16600,GRASP,single_red_center-f6430d296e:0003:GRASP,GRASP_CLOSE,-2.42558298,1.90482796,0.095,2.09169264,-2.42558299,1.90482796,0.095296671,2.09169264,1.73198478e-09,9.00369779e-10,-0.000296670969,-3.06394909e-11,1.73198478e-09,9.00369779e-10,0.000296670969,3.06394909e-11,0,0,0,0,-5.05888115e-09,-1.21206373e-09,-2.17325694e-15,-3.13414966e-09,5.05888115e-09,1.21206373e-09,2.17325694e-15,3.13414966e-09,0,0,0,0,-3.58063449e-05,-1.84902073e-05,-3.54521925e-13,1.55389943e-06,-3.03511126e-05,-0.250474323,0.008,1.57093762,-3.0351636e-05,-0.250474323,0.00770332903,1.57093762,0.00032116524,0.00032116524,0.000318511016,0.00110308181,0.00107143321,0.00230245464,0,0,0.000296670991,2.16494378e-09,1.1376895e-09,0.000296670991,3.43294282e-11,1.33922093e-07,5.30940838e-08,-0.890012906,-1.59183777e-10,0.00112296094
33.24,16620,GRASP,single_red_center-f6430d296e:0003:GRASP,GRASP_CLOSE,-2.42558298,1.90482796,0.095,2.09169264,-2.42558298,1.90482796,0.095296671,2.09169264,5.29718491e-11,4.10957934e-11,-0.000296670969,3.59530183e-11,5.29718491e-11,4.10957934e-11,0.000296670969,3.59530183e-11,0,0,0,0,1.50557775e-07,7.58578501e-08,-1.76487938e-15,-3.4078728e-09,-1.50557775e-07,-7.58578501e-08,1.76487938e-15,3.4078728e-09,0,0,0,0,-0.000137987715,-7.14510927e-05,-3.59361814e-13,7.3419252e-06,-3.03511126e-05,-0.250474323,0.008,1.57093762,-3.035113e-05,-0.250474323,0.00770332903,1.57093762,0.000367317063,0.000367317063,0.000364323689,0.00119631002,0.00121008073,0.00235336605,0,0,0.000296670991,2.16494378e-09,1.1376895e-09,0.000296670991,3.59530183e-11,-1.85908476e-07,-7.55080407e-08,-0.890012906,6.8696604e-10,0.00126648658
33.28,16640,GRASP,single_red_center-f6430d296e:0003:GRASP,GRASP_CLOSE,-2.42558298,1.90482796,0.095,2.09169264,-2.42558298,1.90482796,0.095296671,2.09169264,4.91669816e-10,2.73423506e-10,-0.000296670969,-8.64019967e-12,4.91669816e-10,2.73423506e-10,0.000296670969,8.64019967e-12,0,0,0,0,-1.59893536e-07,-8.18276609e-08,-1.34820147e-15,7.12684419e-09,1.59893536e-07,8.18276609e-08,1.34820147e-15,-7.12684419e-09,0,0,0,0,1.75570046e-05,9.40290078e-06,2.64983964e-13,-1.56650002e-06,-3.03511126e-05,-0.250474323,0.008,1.57093762,-3.0351263e-05,-0.250474323,0.00770332903,1.57093762,0.000416992024,0.000416992024,0.000413982623,0.00129135009,0.0012830146,0.00239940956,0,0,0.000296670991,2.16494378e-09,1.1376895e-09,0.000296670991,3.67226249e-11,1.25138534e-07,5.19043404e-08,-0.890012906,-6.7063155e-10,0.00124350596
33.32,16660,GRASP,single_red_center-f6430d296e:0003:GRASP,GRASP_CLOSE,-2.42558298,1.90482796,0.095,2.09169264,-2.42558299,1.90482796,0.095296671,2.09169264,1.55173652e-09,8.0342466e-10,-0.000296670969,-2.83031376e-11,1.55173652e-09,8.0342466e-10,0.000296670969,2.83031376e-11,0,0,0,0,3.1409393e-08,1.74549382e-08,-1.76819953e-15,-4.6855608e-09,-3.1409393e-08,-1.74549382e-08,1.76819953e-15,4.6855608e-09,0,0,0,0,-5.99539851e-05,-3.10199033e-05,-3.58151842e-13,2.85424349e-06,-3.03511126e-05,-0.250474323,0.008,1.57093762,-3.03515812e-05,-0.250474323,0.00770332903,1.57093762,0.000470491656,0.000470491656,0.000467120275,0.00138812401,0.00135745486,0.00244035861,0,0,0.000296670991,2.16494378e-09,1.1376895e-09,0.000296670991,3.74602571e-11,1.0556888e-07,4.13795291e-08,-0.890012906,-2.02433625e-11,0.00142761312
33.36,16680,GRASP,single_red_center-f6430d296e:0003:GRASP,GRASP_CLOSE,-2.42558298,1.90482796,0.095,2.09169264,-2.42558298,1.90482796,0.095296671,2.09169264,-2.50657273e-10,-1.16992194e-10,-0.000296670969,3.88205024e-11,2.50657273e-10,1.16992194e-10,0.000296670969,3.88205024e-11,0,0,0,0,1.37546921e-07,6.90280121e-08,-1.33824104e-15,-2.42366502e-09,-1.37546921e-07,-6.90280121e-08,1.33824104e-15,2.42366502e-09,0,0,0,0,-0.000136542326,-7.06692362e-05,2.64983964e-13,7.19783562e-06,-3.03511126e-05,-0.250474323,0.008,1.57093762,-3.03510382e-05,-0.250474323,0.00770332903,1.57093762,0.000528143144,0.000528143144,0.000524460482,0.00148652749,0.00150208513,0.00247597835,0,0,0.000296670991,2.16494378e-09,1.1376895e-09,0.000296670991,3.88205024e-11,-1.9141963e-07,-7.74588997e-08,-0.890012906,6.35212771e-10,0.00155176346
33.4,16700,GRASP,single_red_center-f6430d296e:0003:GRASP,GRASP_CLOSE,-2.42558298,1.90482796,0.095,2.09169264,-2.42558298,1.90482796,0.095296671,2.09169264,4.23975077e-10,2.35450326e-10,-0.000296670969,-1.3958612e-11,4.23975077e-10,2.35450326e-10,0.000296670969,1.3958612e-11,0,0,0,0,-1.77246838e-07,-9.05170086e-08,-1.7931006e-15,7.36560583e-09,1.77246838e-07,9.05170086e-08,1.7931006e-15,-7.36560583e-09,0,0,0,0,2.64037769e-05,1.3989693e-05,-3.58151842e-13,-2.05926272e-06,-3.03511126e-05,-0.250474323,0.008,1.57093762,-3.03512422e-05,-0.250474323,0.00770332903,1.57093762,0.000589500456,0.000589500456,0.000585798102,0.00158617639,0.00157429041,0.00250700329,0,0,0.000296670991,2.16494378e-09,1.1376895e-09,0.000296670991,3.94413391e-11,1.46251722e-07,6.04326544e-08,-0.890012906,-7.39449391e-10,0.00153117303
33.44,16720,GRASP,single_red_center-f6430d296e:0003:GRASP,GRASP_CLOSE,-2.42558298,1.90482796,0.095,2.09169264,-2.42558298,1.90482796,0.095296671,2.09169264,1.36031142e-09,7.0098749e-10,-0.000296670969,-2.50066634e-11,1.36031142e-09,7.0098749e-10,0.000296670969,2.50066634e-11,0,0,0,0,7.11129667e-08,3.77454577e-08,-1.37974282e-15,-6.27665959e-09,-7.11129667e-08,-3.77454577e-08,1.37974282e-15,6.27665959e-09,0,0,0,0,-8.51684281e-05,-4.41062435e-05,2.66193937e-13,4.21282869e-06,-3.03511126e-05,-0.250474323,0.008,1.57093762,-3.03515231e-05,-0.250474323,0.00770332903,1.57093762,0.000654905774,0.000654905774,0.000650781558,0.00168697907,0.00165814349,0.0025331645,0,0,0.000296670991,2.16494378e-09,1.1376895e-09,0.000296670991,4.00217637e-11,7.23984428e-08,2.77163394e-08,-0.890012906,1.33290712e-10,0.00174718589
33.48,16740,GRASP,single_red_center-f6430d296e:0003:GRASP,GRASP_CLOSE,-2.42558298,1.90482796,0.095,2.09169264,-2.42558298,1.90482797,0.095296671,2.09169264,-5.22537569e-10,-2.58564947e-10,-0.000296670969,4.05879774e-11,5.22537569e-10,2.58564947e-10,0.000296670969,4.05879774e-11,0,0,0,0,1.19764548e-07,5.97903774e-08,-1.77815995e-15,-1.326567e-09,-1.19764548e-07,-5.97903774e-08,1.77815995e-15,1.326567e-09,0,0,0,0,-0.000131412242,-6.79779793e-05,-3.58151842e-13,6.85157322e-06,-3.03511126e-05,-0.250474323,0.008,1.57093762,-3.0350956e-05,-0.250474323,0.00770332903,1.57093762,0.000724569333,0.000724569333,0.000720172164,0.00178877798,0.00180565252,0.00255436795,0,0,0.000296670991,2.16494378e-09,1.1376895e-09,0.000296670991,4.05879774e-11,-1.90560591e-07,-7.68243673e-08,-0.890012906,5.61653835e-10,0.00184702106
33.52,16760,GRASP,single_red_center-f6430d296e:0003:GRASP,GRASP_CLOSE,-2.42558298,1.90482796,0.095,2.09169264,-2.42558298,1.90482796,0.095296671,2.09169264,3.7633674e-10,2.07658113e-10,-0.000296670969,-1.88400406e-11,3.7633674e-10,2.07658113e-10,0.000296670969,1.88400406e-11,0,0,0,0,-1.88188171e-07,-9.59277111e-08,-1.3581619e-15,7.32078671e-09,1.88188171e-07,9.59277111e-08,1.3581619e-15,-7.32078671e-09,0,0,0,0,3.40729935e-05,1.79551781e-05,2.66193937e-13,-2.46159415e-06,-3.03511126e-05,-0.250474323,0.008,1.57093762,-3.03512275e-05,-0.250474323,0.00770332903,1.57093762,0.000798055541,0.000798055541,0.000793633035,0.00189128856,0.00187582521,0.00257124971,0,0,0.000296670991,2.16494378e-09,1.1376895e-09,0.000296670991,4.05879774e-11,1.62786854e-07,6.70530902e-08,-0.890012906,-7.79602161e-10,0.00183059672
33.56,16780,GRASP,single_red_center-f6430d296e:0003:GRASP,GRASP_CLOSE,-2.42558298,1.90482796,0.095,2.09169264,-2.42558298,1.90482796,0.095296671,2.09169264,1.10410125e-09,5.66009239e-10,-0.000296670969,-1.96043182e-11,1.10410125e-09,5.66009239e-10,0.000296670969,1.96043182e-11,0,0,0,0,1.04439733e-07,5.46565261e-08,-9.58084694e-16,-7.3029465e-09,-1.04439733e-07,-5.46565261e-08,9.58084694e-16,7.3029465e-09,0,0,0,0,-0.00010439449,-5.40970238e-05,-3.67831621e-13,5.27781497e-06,-3.03511126e-05,-0.250474323,0.008,1.57093762,-3.03514455e-05,-0.250474323,0.00770332903,1.57093762,0.000875746368,0.000875746368,0.000870859768,0.00199439375,0.00196908535,0.00258350588,0,0,0.000296670991,2.16494378e-09,1.1376895e-09,0.000296670991,4.05879774e-11,3.09130996e-08,1.07932934e-08,-0.890012906,2.88845392e-10,0.00206795606
33.6,16800,GRASP,single_red_center-f6430d296e:0003:GRASP,GRASP_CLOSE,-2.42558298,1.90482796,0.095,2.09169264,-2.42558298,1.90482797,0.095296671,2.09169264,-7.37510941e-10,-3.70654174e-10,-0.000296670969,3.9744652e-11,7.37510941e-10,3.70654174e-10,0.000296670969,3.9744652e-11,0,0,0,0,9.42767058e-08,4.67092757e-08,-1.40132375e-15,-1.35886934e-10,-9.42767058e-08,-4.67092757e-08,1.40132375e-15,1.35886934e-10,0,0,0,0,-0.000121266992,-6.26864229e-05,2.66193937e-13,6.22429327e-06,-3.03511126e-05,-0.250474323,0.008,1.57093762,-3.0350891e-05,-0.250474323,0.00770332903,1.57093762,0.000957727422,0.000957727422,0.000952604022,0.00209791313,0.00211477085,0.00259116844,0,0,0.000296670991,2.16494378e-09,1.1376895e-09,0.000296670991,4.05879774e-11,-1.76732691e-07,-7.09558989e-08,-0.890012906,4.49360549e-10,0.00214679446
33.64,16820,GRASP,single_red_center-f6430d296e:0003:GRASP,GRASP_CLOSE,-2.42558298,1.90482796,0.095,2.09169264,-2.42558298,1.90482796,0.095296671,2.09169264,3.45336648e-10,1.88194349e-10,-0.000296670969,-2.33448816e-11,3.45336648e-10,1.88194349e-10,0.000296670969,2.33448816e-11,0,0,0,0,-1.92310112e-07,-9.784742e-08,-1.7931006e-15,6.96899581e-09,1.92310112e-07,9.784742e-08,1.7931006e-15,-6.96899581e-09,0,0,0,0,3.99972468e-05,2.10044548e-05,-3.58151842e-13,-2.74268034e-06,-3.03511126e-05,-0.250474323,0.008,1.57093762,-3.03512178e-05,-0.250474323,0.00770332903,1.57093762,0.00104358601,0.00104358601,0.00103842756,0.00220164312,0.00218268966,0.0025947824,0,0,0.000296670991,2.16494378e-09,1.1376895e-09,0.000296670991,4.05879774e-11,1.74108031e-07,7.14994215e-08,-0.890012906,-7.87543364e-10,0.00213710672
33.68,16840,GRASP,single_red_center-f6430d296e:0003:GRASP,GRASP_CLOSE,-2.42558298,1.90482796,0.095,2.09169264,-2.42558298,1.90482796,0.095296671,2.09169264,8.35510328e-10,4.24887459e-10,-0.000296670969,-1.34514622e-11,8.35510328e-10,4.24887459e-10,0.000296670969,1.34514622e-11,0,0,0,0,1.37015661e-07,7.11449092e-08,-1.37974282e-15,-8.19532485e-09,-1.37015661e-07,-7.11449092e-08,1.37974282e-15,8.19532485e-09,0,0,0,0,-0.000122482159,-6.34988564e-05,2.66193937e-13,6.27715312e-06,-3.03511126e-05,-0.250474323,0.008,1.57093762,-3.03513642e-05,-0.250474323,0.00770332903,1.57093762,0.00113374086,0.00113374086,0.00112808437,0.00230543079,0.00228426758,0.00259401633,0,0,0.000296670991,2.16494378e-09,1.1376895e-09,0.000296670991,4.05879774e-11,-1.27526292e-08,-6.98017644e-09,-0.890012906,4.43241888e-10,0.00239133011
33.72,16860,GRASP,single_red_center-f6430d296e:0003:GRASP,GRASP_CLOSE,-2.42558298,1.90482796,0.095,2.09169264,-2.42558298,1.90482797,0.095296671,2.09169264,-9.24554655e-10,-4.68306949e-10,-0.000296670969,3.82938126e-11,9.24554655e-10,4.68306949e-10,0.000296670969,3.82938126e-11,0,0,0,0,6.68299054e-08,3.2645221e-08,-1.80140095e-15,1.07141398e-09,-6.68299054e-08,-3.2645221e-08,1.80140095e-15,-1.07141398e-09,0,0,0,0,-0.000109075888,-5.63360594e-05,-3.58151842e-13,5.49215945e-06,-3.03511126e-05,-0.250474323,0.008,1.57093762,-3.03508344e-05,-0.250474323,0.00770332903,1.57093762,0.00122815042,0.00122815042,0.0012222975,0.00240910058,0.00242569343,0.00258901338,0,0,0.000296670991,2.16494378e-09,1.1376895e-09,0.000296670991,4.05879774e-11,-1.59515189e-07,-6.37209219e-08,-0.890012906,3.28722827e-10,0.00244769952
33.76,16880,GRASP,single_red_center-f6430d296e:0003:GRASP,GRASP_CLOSE,-2.42558298,1.90482796,0.095,2.09169264,-2.42558298,1.90482796,0.095296671,2.09169264,3.25430349e-10,1.74538384e-10,-0.000296670969,-2.74518186e-11,3.25430349e-10,1.74538384e-10,0.000296670969,2.74518186e-11,0,0,0,0,-1.93575999e-07,-9.83135413e-08,-1.39800361e-15,6.51253376e-09,1.93575999e-07,9.83135413e-08,1.39800361e-15,-6.51253376e-09,0,0,0,0,4.53895818e-05,2.3774312e-05,2.66193937e-13,-2.98228296e-06,-3.03511126e-05,-0.250474323,0.008,1.57093762,-3.03512115e-05,-0.250474323,0.00770332903,1.57093762,0.00132643437,0.00132643437,0.00132053697,0.00251251261,0.00249031671,0.00258023492,0,0,0.000296670991,2.16494378e-09,1.1376895e-09,0.000296670991,4.05879774e-11,1.83243991e-07,7.50441451e-08,-0.890012906,-7.83597187e-10,0.00244505224
33.8,16900,GRASP,single_red_center-f6430d296e:0003:GRASP,GRASP_CLOSE,-2.42558298,1.90482796,0.095,2.09169264,-2.42558298,1.90482796,0.095296671,2.09169264,5.67089486e-10,2.84205104e-10,-0.000296670969,-7.18980431e-12,5.67089486e-10,2.84205104e-10,0.000296670969,7.18980431e-12,0,0,0,0,1.67090881e-07,8.63405489e-08,-1.81468152e-15,-8.93274575e-09,-1.67090881e-07,-8.63405489e-08,1.81468152e-15,8.93274575e-09,0,0,0,0,-0.000138446424,-7.18007923e-05,-3.58151842e-13,7.15414604e-06,-3.03511126e-05,-0.250474323,0.008,1.57093762,-3.03512829e-05,-0.250474323,0.00770332903,1.57093762,0.00142904323,0.00142904323,0.00142262156,0.00261546893,0.00259873292,0.00256732941,0,0,0.000296670991,2.16494378e-09,1.1376895e-09,0.000296670991,4.05879774e-11,-5.56476252e-08,-2.44140388e-08,-0.890012906,5.87461635e-10,0.00271215637
33.84,16920,GRASP,single_red_center-f6430d296e:0003:GRASP,GRASP_CLOSE,-2.42558298,1.90482796,0.095,2.09169264,-2.42558298,1.90482797,0.095296671,2.09169264,-1.06965015e-09,-5.4441629e-10,-0.000296670969,3.58482133e-11,1.06965015e-09,5.4441629e-10,0.000296670969,3.58482133e-11,0,0,0,0,3.92899722e-08,1.85769125e-08,-1.37808275e-15,2.15926248e-09,-3.92899722e-08,-1.85769125e-08,1.37808275e-15,-2.15926248e-09,0,0,0,0,-9.53536315e-05,-4.91978389e-05,2.66193937e-13,4.69056446e-06,-3.03511126e-05,-0.250474323,0.008,1.57093762,-3.03507905e-05,-0.250474323,0.00770332903,1.57093762,0.00153581047,0.00153581047,0.0015292347,0.00271782395,0.00273359826,0.00255053634,0,0,0.000296670991,2.16494378e-09,1.1376895e-09,0.000296670991,4.05879774e-11,-1.38921365e-07,-5.51600579e-08,-0.890012906,2.07710293e-10,0.00274587412
33.88,16940,GRASP,single_red_center-f6430d296e:0003:GRASP,GRASP_CLOSE,-2.42558298,1.90482796,0.095,2.09169264,-2.42558298,1.90482796,0.095296671,2.09169264,2.99427594e-10,1.57777569e-10,-0.000296670969,-3.02327052e-11,2.99427594e-10,1.57777569e-10,0.000296670969,3.02327052e-11,0,0,0,0,-1.87973116e-07,-9.53051206e-08,-1.79974088e-15,5.85999844e-09,1.87973116e-07,9.53051206e-08,1.79974088e-15,-5.85999844e-09,0,0,0,0,4.86198542e-05,2.5417047e-05,-3.58151842e-13,-3.08584597e-06,-3.03511126e-05,-0.250474323,0.008,1.57093762,-3.03512033e-05,-0.250474323,0.00770332903,1.57093762,0.00164639484,0.00164639484,0.00163976439,0.00281948555,0.00279452862,0.00253024084,0,0,0.000296670991,2.16494378e-09,1.1376895e-09,0.000296670991,4.05879774e-11,1.85160687e-07,7.56458398e-08,-0.890012906,-7.50849161e-10,0.00275092756
33.92,16960,GRASP,single_red_center-f6430d296e:0003:GRASP,GRASP_CLOSE,-2.42558298,1.90482796,0.095,2.09169264,-2.42558298,1.90482796,0.095296671,2.09169264,2.72610823e-10,1.30964573e-10,-0.000296670969,-9.23705556e-13,2.72610823e-10,1.30964573e-10,0.000296670969,9.23705556e-13,0,0,0,0,1.8090275e-07,9.31615069e-08,-1.40298382e-15,-8.86026503e-09,-1.8090275e-07,-9.31615069e-08,1.40298382e-15,8.86026503e-09,0,0,0,0,-0.00014491729,-7.51696354e-05,2.66193937e-13,7.50723315e-06,-3.03511126e-05,-0.250474323,0.008,1.57093762,-3.03511939e-05,-0.250474323,0.00770332903,1.57093762,0.00176127193,0.00176127193,0.00175411185,0.00292020292,0.00290803528,0.0025060787,0,0,0.000296670991,2.16494378e-09,1.1376895e-09,0.000296670991,4.05879774e-11,-9.03214996e-08,-3.83573564e-08,-0.890012906,6.69010625e-10,0.00301915518
33.96,16980,GRASP,single_red_center-f6430d296e:0003:GRASP,GRASP_CLOSE,-2.42558298,1.90482796,0.095,2.09169264,-2.42558298,1.90482797,0.095296671,2.09169264,-1.15918919e-09,-5.92000671e-10,-0.000296670969,3.15192317e-11,1.15918919e-09,5.92000671e-10,0.000296670969,3.15192317e-11,0,0,0,0,1.13041045e-08,4.36914746e-09,-1.83128224e-15,3.0508521e-09,-1.13041045e-08,-4.36914746e-09,1.83128224e-15,-3.0508521e-09,0,0,0,0,-8.00494912e-05,-4.12469128e-05,-3.58151842e-13,3.81675446e-06,-3.03511126e-05,-0.250474323,0.008,1.57093762,-3.03507634e-05,-0.250474323,0.00770332903,1.57093762,0.00188015676,0.00188015676,0.00187287461,0.00301988289,0.00303381024,0.00247837088,0,0,0.000296670991,2.16494378e-09,1.1376895e-09,0.000296670991,4.05879774e-11,-1.1223424e-07,-4.42035244e-08,-0.890012906,8.3516305e-11,0.00303749428
34,17000,GRASP,single_red_center-f6430d296e:0003:GRASP,GRASP_CLOSE,-2.42558298,1.90482796,0.095,2.09169264,-2.42558298,1.90482796,0.095296671,2.09169264,2.69313016e-10,1.38853373e-10,-0.000296670969,-3.20459215e-11,2.69313016e-10,1.38853373e-10,0.000296670969,3.20459215e-11,0,0,0,0,-1.76970687e-07,-8.95626644e-08,-1.40796404e-15,5.04870186e-09,1.76970687e-07,8.95626644e-08,1.40796404e-15,-5.04870186e-09,0,0,0,0,4.98517194e-05,2.60184702e-05,2.66193937e-13,-3.0676538e-06,-3.03511126e-05,-0.250474323,0.008,1.57093762,-3.03511939e-05,-0.250474323,0.00770332903,1.57093762,0.00200275124,0.00200275124,0.00199540361,0.00311846647,0.00309129173,0.00244743374,0,0,0.000296670991,2.16494378e-09,1.1376895e-09,0.000296670991,4.05879774e-11,1.81251337e-07,7.38673975e-08,-0.890012906,-6.94217128e-10,0.00305054105
34.04,17020,GRASP,single_red_center-f6430d296e:0003:GRASP,GRASP_CLOSE,-2.42558298,1.90482796,0.095,2.09169264,-2.42558298,1.90482796,0.095296671,2.09169264,-1.11479714e-11,-1.65780722e-11,-0.000296670969,5.09725595e-12,1.11479714e-11,1.65780722e-11,0.000296670969,5.09725595e-12,0,0,0,0,1.91311044e-07,9.8238e-08,-9.74685408e-16,-8.64120647e-09,-1.91311044e-07,-9.8238e-08,9.74685408e-16,8.64120647e-09,0,0,0,0,-0.000149035533,-7.73173354e-05,2.61354047e-13,7.72626335e-06,-3.03511126e-05,-0.250474323,0.008,1.57093762,-3.03511082e-05,-0.250474323,0.00770332903,1.57093762,0.00212954783,0.00212954783,0.00212167418,0.00321564349,0.00320800684,0.00241289776,0,0,0.000296670991,2.16494378e-09,1.1376895e-09,0.000296670991,4.05879774e-11,-1.21992535e-07,-5.10586808e-08,-0.890012906,7.34424077e-10,0.00331531016
34.08,17040,GRASP,single_red_center-f6430d296e:0003:GRASP,GRASP_CLOSE,-2.42558298,1.90482796,0.095,2.09169264,-2.42558298,1.90482797,0.095296671,2.09169264,-1.22391608e-09,-6.26832364e-10,-0.000296670969,2.70863332e-11,1.22391608e-09,6.26832364e-10,0.000296670969,2.70863332e-11,0,0,0,0,-1.49972344e-08,-8.96772556e-09,-1.43286511e-15,3.82876328e-09,1.49972344e-08,8.96772556e-09,1.43286511e-15,-3.82876328e-09,0,0,0,0,-6.45925015e-05,-3.32208097e-05,2.66193937e-13,2.9515475e-06,-3.03511126e-05,-0.250474323,0.008,1.57093762,-3.03507437e-05,-0.250474323,0.00770332903,1.57093762,0.00226015344,0.00226015344,0.0022521895,0.00331139303,0.00332340446,0.00237515059,0,0,0.000296670991,2.16494378e-09,1.1376895e-09,0.000296670991,4.05879774e-11,-8.56786997e-08,-3.33265042e-08,-0.890012906,-3.23456817e-11,0.00331898929
34.12,17060,GRASP,single_red_center-f6430d296e:0003:GRASP,GRASP_CLOSE,-2.42558298,1.90482796,0.095,2.09169264,-2.42558298,1.90482796,0.095296671,2.09169264,2.3579938e-10,1.18449028e-10,-0.000296670969,-3.31774608e-11,2.3579938e-10,1.18449028e-10,0.000296670969,3.31774608e-11,0,0,0,0,-1.64138192e-07,-8.29068151e-08,-1.87610417e-15,4.2292006e-09,1.64138192e-07,8.29068151e-08,1.87610417e-15,-4.2292006e-09,0,0,0,0,5.02753935e-05,2.6201437e-05,-3.58151842e-13,-3.00396328e-06,-3.03511126e-05,-0.250474323,0.008,1.57093762,-3.03511835e-05,-0.250474323,0.00770332903,1.57093762,0.00239431494,0.00239431494,0.00238627634,0.00340567588,0.00337684225,0.00233444719,0,0,0.000296670991,2.16494378e-09,1.1376895e-09,0.000296670991,4.05879774e-11,1.74909324e-07,7.11126837e-08,-0.890012906,-6.31745323e-10,0.00333932719
34.16,17080,GRASP,single_red_center-f6430d296e:0003:GRASP,GRASP_CLOSE,-2.42558298,1.90482796,0.095,2.09169264,-2.42558298,1.90482796,0.095296671,2.09169264,-2.73600698e-10,-1.52866608e-10,-0.000296670969,1.03010933e-11,2.73600698e-10,1.52866608e-10,0.000296670969,1.03010933e-11,0,0,0,0,1.96611475e-07,1.00720429e-07,-1.41792447e-15,-8.25570265e-09,-1.96611475e-07,-1.00720429e-07,1.41792447e-15,8.25570265e-09,0,0,0,0,-0.000149794856,-7.77217699e-05,2.66193937e-13,7.75867808e-06,-3.03511126e-05,-0.250474323,0.008,1.57093762,-3.03510289e-05,-0.250474323,0.00770332903,1.57093762,0.00253253209,0.00253253209,0.00252397975,0.0034981174,0.00349466503,0.00229042016,0,0,0.000296670991,2.16494378e-09,1.1376895e-09,0.000296670991,4.05879774e-11,-1.48002052e-07,-6.14450286e-08,-0.890012906,7.76097409e-10,0.00359634396
34.2,17100,GRASP,single_red_center-f6430d296e:0003:GRASP,GRASP_CLOSE,-2.42558298,1.90482796,0.095,2.09169264,-2.42558298,1.90482797,0.095296671,2.09169264,-1.25455202e-09,-6.44259535e-10,-0.000296670969,2.23598917e-11,1.25455202e-09,6.44259535e-10,0.000296670969,2.23598917e-11,0,0,0,0,-3.7031828e-08,-2.00949485e-08,-1.81800167e-15,4.34968124e-09,3.7031828e-08,2.00949485e-08,1.81800167e-15,-4.34968124e-09,0,0,0,0,-4.98232773e-05,-2.55602595e-05,-3.58151842e-13,2.14723945e-06,-3.03511126e-05,-0.250474323,0.008,1.57093762,-3.03507343e-05,-0.250474323,0.00770332903,1.57093762,0.00267431752,0.00267431752,0.00266570378,0.00358878599,0.00359859798,0.00224350902,0,0,0.000296670991,2.16494378e-09,1.1376895e-09,0.000296670991,4.05879774e-11,-6.03964665e-08,-2.30271269e-08,-0.890012906,-1.28755673e-10,0.00358759554
34.24,17120,GRASP,single_red_center-f6430d296e:0003:GRASP,GRASP_CLOSE,-2.42558298,1.90482796,0.095,2.09169264,-2.42558298,1.90482796,0.095296671,2.09169264,1.77898585e-10,8.57485194e-11,-0.000296670969,-3.27209371e-11,1.77898585e-10,8.57485194e-11,0.000296670969,3.27209371e-11,0,0,0,0,-1.46590624e-07,-7.38970488e-08,-1.37808275e-15,3.36658044e-09,1.46590624e-07,7.38970488e-08,1.37808275e-15,-3.36658044e-09,0,0,0,0,4.8640164e-05,2.53169308e-05,2.66193937e-13,-2.82630798e-06,-3.03511126e-05,-0.250474323,0.008,1.57093762,-3.03511657e-05,-0.250474323,0.00770332903,1.57093762,0.00281946271,0.00281946271,0.00281076657,0.00367765031,0.00364796491,0.00219391475,0,0,0.000296670991,2.16494378e-09,1.1376895e-09,0.000296670991,4.05879774e-11,1.61884302e-07,6.56711201e-08,-0.890012906,-5.52328849e-10,0.00361440538
34.28,17140,GRASP,single_red_center-f6430d296e:0003:GRASP,GRASP_CLOSE,-2.42558298,1.90482796,0.095,2.09169264,-2.42558298,1.90482797,0.095296671,2.09169264,-5.18781462e-10,-2.7964342e-10,-0.000296670969,1.39572798e-11,5.18781462e-10,2.7964342e-10,0.000296670969,1.39572798e-11,0,0,0,0,1.86236306e-07,9.52045205e-08,-1.78812038e-15,-7.28658597e-09,-1.86236306e-07,-9.52045205e-08,1.78812038e-15,7.28658597e-09,0,0,0,0,-0.000142203931,-7.37812888e-05,2.69823854e-13,7.32764856e-06,-3.03511126e-05,-0.250474323,0.008,1.57093762,-3.03509548e-05,-0.250474323,0.00770332903,1.57093762,0.00296846407,0.00296846407,0.00295928308,0.00376426737,0.00376408874,0.00214127948,0,0,0.000296670991,2.16494378e-09,1.1376895e-09,0.000296670991,4.05879774e-11,-1.58972895e-07,-6.56305446e-08,-0.890012906,7.46584128e-10,0.00385490081
34.32,17160,GRASP,single_red_center-f6430d296e:0003:GRASP,GRASP_CLOSE,-2.42558298,1.90482796,0.095,2.09169264,-2.42558298,1.90482797,0.095296671,2.09169264,-1.24851018e-09,-6.42987441e-10,-0.000296670969,1.69837477e-11,1.24851018e-09,6.42987441e-10,0.000296670969,1.69837477e-11,0,0,0,0,-5.44885803e-08,-2.88323339e-08,-1.42290468e-15,4.56651337e-09,5.44885803e-08,2.88323339e-08,1.42290468e-15,-4.56651337e-09,0,0,0,0,-3.61207997e-05,-1.84631217e-05,2.66193937e-13,1.42328626e-06,-3.03511126e-05,-0.250474323,0.008,1.57093762,-3.03507359e-05,-0.250474323,0.00770332903,1.57093762,0.00312075681,0.00312075681,0.00311153246,0.0038488094,0.00385600806,0.00208607976,0,0,0.000296670991,2.16494378e-09,1.1376895e-09,0.000296670991,4.05879774e-11,-3.58706771e-08,-1.31145761e-08,-0.890012906,-2.04292583e-10,0.00384047637
34.36,17180,GRASP,single_red_center-f6430d296e:0003:GRASP,GRASP_CLOSE,-2.42558298,1.90482796,0.095,2.09169264,-2.42558298,1.90482796,0.095296671,2.09169264,1.06330944e-10,4.61701788e-11,-0.000296670969,-3.13242765e-11,1.06330944e-10,4.61701788e-11,0.000296670969,3.13242765e-11,0,0,0,0,-1.26700124e-07,-6.37256307e-08,-1.86780381e-15,2.50618962e-09,1.26700124e-07,6.37256307e-08,1.86780381e-15,-2.50618962e-09,0,0,0,0,4.55684087e-05,2.3688654e-05,-3.58151842e-13,-2.57434726e-06,-3.03511126e-05,-0.250474323,0.008,1.57093762,-3.03511438e-05,-0.250474323,0.00770332903,1.57093762,0.00327617473,0.00327617473,0.00326686256,0.00393124227,0.00390147117,0.00202846999,0,0,0.000296670991,2.16494378e-09,1.1376895e-09,0.000296670991,4.05879774e-11,1.45002467e-07,5.86824456e-08,-0.890012906,-4.64471128e-10,0.00387230491
34.4,17200,GRASP,single_red_center-f6430d296e:0003:GRASP,GRASP_CLOSE,-2.42558298,1.90482796,0.095,2.09169264,-2.42558298,1.90482797,0.095296671,2.09169264,-7.34084349e-10,-3.9098369e-10,-0.000296670969,1.68278724e-11,7.34084349e-10,3.9098369e-10,0.000296670969,1.68278724e-11,0,0,0,0,1.7336961e-07,8.84392472e-08,-1.45444604e-15,-6.2939646e-09,-1.7336961e-07,-8.84392472e-08,1.45444604e-15,6.2939646e-09,0,0,0,0,-0.00013273556,-6.88668933e-05,2.66193937e-13,6.80055066e-06,-3.03511126e-05,-0.250474323,0.008,1.57093762,-3.03508898e-05,-0.250474323,0.00770332903,1.57093762,0.00343519931,0.00343519931,0.00342543779,0.00401105215,0.00401372573,0.00196810928,0,0,0.000296670991,2.16494378e-09,1.1376895e-09,0.000296670991,4.05879774e-11,-1.654846e-07,-6.80149093e-08,-0.890012906,7.04720726e-10,0.00409324581
34.44,17220,GRASP,single_red_center-f6430d296e:0003:GRASP,GRASP_CLOSE,-2.42558298,1.90482796,0.095,2.09169264,-2.42558298,1.90482797,0.095296671,2.09169264,-1.2306991e-09,-6.356351e-10,-0.000296670969,1.21183064e-11,1.2306991e-09,6.356351e-10,0.000296670969,1.21183064e-11,0,0,0,0,-6.81694521e-08,-3.56488107e-08,-1.89104481e-15,4.64486061e-09,6.81694521e-08,3.56488107e-08,1.89104481e-15,-4.64486061e-09,0,0,0,0,-2.36265065e-05,-1.19963082e-05,-3.5694187e-13,7.81064756e-07,-3.03511126e-05,-0.250474323,0.008,1.57093762,-3.03507411e-05,-0.250474323,0.00770332903,1.57093762,0.00359720784,0.00359720784,0.00358741937,0.00408852689,0.00409334913,0.00190549636,0,0,0.000296670991,2.16494378e-09,1.1376895e-09,0.000296670991,4.05879774e-11,-1.44982906e-08,-4.50254944e-09,-0.890012906,-2.63083777e-10,0.00407426943
34.48,17240,GRASP,single_red_center-f6430d296e:0003:GRASP,GRASP_CLOSE,-2.42558298,1.90482796,0.095,2.09169264,-2.42558298,1.90482796,0.095296671,2.09169264,2.4915181e-11,1.92312832e-12,-0.000296670969,-2.93791658e-11,2.4915181e-11,1.92312832e-12,0.000296670969,2.93791658e-11,0,0,0,0,-1.06949476e-07,-5.36496276e-08,-1.42788489e-15,1.73059259e-09,1.06949476e-07,5.36496276e-08,1.42788489e-15,-1.73059259e-09,0,0,0,0,4.19342645e-05,2.17730097e-05,2.66193937e-13,-2.3023467e-06,-3.03511126e-05,-0.250474323,0.008,1.57093762,-3.0351119e-05,-0.250474323,0.00770332903,1.57093762,0.00376207241,0.00376207241,0.00375219346,0.00416362028,0.00413446785,0.00184074649,0,0,0.000296670991,2.16494378e-09,1.1376895e-09,0.000296670991,4.05879774e-11,1.27011035e-07,5.127227e-08,-0.890012906,-3.80177667e-10,0.00410967947
34.52,17260,GRASP,single_red_center-f6430d296e:0003:GRASP,GRASP_CLOSE,-2.42558298,1.90482796,0.095,2.09169264,-2.42558298,1.90482797,0.095296671,2.09169264,-9.10209685e-10,-4.82039741e-10,-0.000296670969,1.84461335e-11,9.10209685e-10,4.82039741e-10,0.000296670969,1.84461335e-11,0,0,0,0,1.56879196e-07,7.9865837e-08,-1.87112395e-15,-5.27733996e-09,-1.56879196e-07,-7.9865837e-08,1.87112395e-15,5.27733996e-09,0,0,0,0,-0.000120711721,-6.26266677e-05,-3.58151842e-13,6.14413338e-06,-3.03511126e-05,-0.250474323,0.008,1.57093762,-3.03508367e-05,-0.250474323,0.00770332903,1.57093762,0.00393024738,0.00393024738,0.00391996077,0.00423574646,0.00424056439,0.00177354314,0,0,0.000296670991,2.16494378e-09,1.1376895e-09,0.000296670991,4.05879774e-11,-1.65358365e-07,-6.772175e-08,-0.890012906,6.45315801e-10,0.0043083183
34.56,17280,GRASP,single_red_center-f6430d296e:0003:GRASP,GRASP_CLOSE,-2.42558298,1.90482796,0.095,2.09169264,-2.42558298,1.90482797,0.095296671,2.09169264,-1.19765975e-09,-6.20546503e-10,-0.000296670969,7.78666021e-12,1.19765975e-09,6.20546503e-10,0.000296670969,7.78666021e-12,0,0,0,0,-7.53618224e-08,-3.91492982e-08,-1.43618525e-15,4.46474364e-09,7.53618224e-08,3.91492982e-08,1.43618525e-15,-4.46474364e-09,0,0,0,0,-1.33003485e-05,-6.66222542e-06,2.66193937e-13,2.75653205e-07,-3.03511126e-05,-0.250474323,0.008,1.57093762,-3.03507509e-05,-0.250474323,0.00770332903,1.57093762,0.00410107374,0.00410107374,0.00409077273,0.00430531808,0.00430790655,0.0017043924,0,0,0.000296670991,2.16494378e-09,1.1376895e-09,0.000296670991,4.05879774e-11,1.7917543e-09,1.9991937e-09,-0.890012906,-2.93689517e-10,0.0042871216
34.6,17300,GRASP,single_red_center-f6430d296e:0003:GRASP,GRASP_CLOSE,-2.42558298,1.90482796,0.095,2.09169264,-2.42558298,1.90482796,0.095296671,2.09169264,-1.08500764e-10,-6.86002366e-11,-0.000296670969,-2.53597143e-11,1.08500764e-10,6.86002366e-11,0.000296670969,2.53597143e-11,0,0,0,0,-7.46149658e-08,-3.71830412e-08,-1.87776424e-15,6.34647932e-10,7.46149658e-08,3.71830412e-08,1.87776424e-15,-6.34647932e-10,0,0,0,0,2.2286681e-05,1.15939267e-05,-3.5694187e-13,-1.31299279e-06,-3.03511126e-05,-0.250474323,0.008,1.57093762,-3.03510786e-05,-0.250474323,0.00770332903,1.57093762,0.00427448766,0.00427448766,0.00426406925,0.00437223437,0.00434657561,0.00163335519,0,0,0.000296670991,2.16494378e-09,1.1376895e-09,0.000296670991,4.05879774e-11,1.05143144e-07,4.23387227e-08,-0.890012906,-2.9473668e-10,0.00433989366
34.64,17320,GRASP,single_red_center-f6430d296e:0003:GRASP,GRASP_CLOSE,-2.42558298,1.90482796,0.095,2.09169264,-2.42558298,1.90482797,0.095296671,2.09169264,-1.04470299e-09,-5.51371171e-10,-0.000296670969,1.81872295e-11,1.04470299e-09,5.51371171e-10,0.000296670969,1.81872295e-11,0,0,0,0,1.31482355e-07,6.67987797e-08,-2.28780187e-15,-4.06302903e-09,-1.31482355e-07,-6.67987797e-08,2.28780187e-15,4.06302903e-09,0,0,0,0,-0.000103882108,-5.38857479e-05,2.75873716e-13,5.23412031e-06,-3.03511126e-05,-0.250474323,0.008,1.57093762,-3.03507961e-05,-0.250474323,0.00770332903,1.57093762,0.00445080982,0.00445080982,0.00444006223,0.00443594103,0.00444173218,0.00156021462,0,0,0.000296670991,2.16494378e-09,1.1376895e-09,0.000296670991,4.05879774e-11,-1.52658806e-07,-6.23110736e-08,-0.890012906,5.43135315e-10,0.00449616263
34.68,17340,GRASP,single_red_center-f6430d296e:0003:GRASP,GRASP_CLOSE,-2.42558298,1.90482796,0.095,2.09169264,-2.42558298,1.90482797,0.095296671,2.09169264,-1.15285914e-09,-5.99510441e-10,-0.000296670969,3.84980936e-12,1.15285914e-09,5.99510441e-10,0.000296670969,3.84980936e-12,0,0,0,0,-7.65948277e-08,-3.95985688e-08,-1.84788295e-15,4.04537574e-09,7.65948277e-08,3.95985688e-08,1.84788295e-15,-4.04537574e-09,0,0,0,0,-5.26799803e-06,-2.52553563e-06,-3.58151842e-13,-9.15087377e-08,-3.03511126e-05,-0.250474323,0.008,1.57093762,-3.03507642e-05,-0.250474323,0.00770332903,1.57093762,0.00462946218,0.00462946218,0.0046187056,0.00449687859,0.00449742167,0.00148540145,0,0,0.000296670991,2.16494378e-09,1.1376895e-09,0.000296670991,4.05879774e-11,1.33664315e-08,6.53891519e-09,-0.890012906,-2.98214786e-10,0.00447680018
34.72,17360,GRASP,single_red_center-f6430d296e:0003:GRASP,GRASP_CLOSE,-2.42558298,1.90482796,0.095,2.09169264,-2.42558298,1.90482796,0.095296671,2.09169264,-2.48669529e-10,-1.42315715e-10,-0.000296670969,-2.10493845e-11,2.48669529e-10,1.42315715e-10,0.000296670969,2.10493845e-11,0,0,0,0,-4.55340307e-08,-2.24088335e-08,-1.38804318e-15,-2.5558484e-10,4.55340307e-08,2.24088335e-08,1.38804318e-15,2.5558484e-10,0,0,0,0,5.23361566e-06,2.75704692e-06,2.66193937e-13,-4.59994596e-07,-3.03511126e-05,-0.250474323,0.008,1.57093762,-3.03510362e-05,-0.250474323,0.00770332903,1.57093762,0.00481040014,0.00481040014,0.00479950881,0.00455491216,0.00453311092,0.001408958,0,0,0.000296670991,2.16494378e-09,1.1376895e-09,0.000296670991,4.05879774e-11,8.24855277e-08,3.31180487e-08,-0.890012906,-2.1488944e-10,0.0045414125
34.76,17380,GRASP,single_red_center-f6430d296e:0003:GRASP,GRASP_CLOSE,-2.42558298,1.90482796,0.095,2.09169264,-2.42558298,1.90482797,0.095296671,2.09169264,-1.14162191e-09,-6.01431349e-10,-0.000296670969,1.72075687e-11,1.14162191e-09,6.01431349e-10,0.000296670969,1.72075687e-11,0,0,0,0,1.06713631e-07,5.40885743e-08,-1.8163416e-15,-2.98016924e-09,-1.06713631e-07,-5.40885743e-08,1.8163416e-15,2.98016924e-09,0,0,0,0,-8.67087926e-05,-4.49692475e-05,-3.58151842e-13,4.32342808e-06,-3.03511126e-05,-0.250474323,0.008,1.57093762,-3.03507668e-05,-0.250474323,0.00770332903,1.57093762,0.00499381803,0.00499381803,0.0049826729,0.0046095426,0.00461583363,0.00133075729,0,0,0.000296670991,2.16494378e-09,1.1376895e-09,0.000296670991,4.05879774e-11,-1.37396569e-07,-5.59008733e-08,-0.890012906,4.43185044e-10,0.00465784229
34.8,17400,GRASP,single_red_center-f6430d296e:0003:GRASP,GRASP_CLOSE,-2.42558298,1.90482796,0.095,2.09169264,-2.42558298,1.90482797,0.095296671,2.09169264,-1.11148202e-09,-5.80105519e-10,-0.000296670969,8.41993142e-13,1.11148202e-09,5.80105519e-10,0.000296670969,8.41993142e-13,0,0,0,0,-7.38548827e-08,-3.8045286e-08,-1.38638311e-15,3.54364554e-09,7.38548827e-08,3.8045286e-08,1.38638311e-15,-3.54364554e-09,0,0,0,0,9.50440133e-07,6.68811929e-07,2.66193937e-13,-3.55345905e-07,-3.03511126e-05,-0.250474323,0.008,1.57093762,-3.03507765e-05,-0.250474323,0.00770332903,1.57093762,0.00517922328,0.00517922328,0.00516807369,0.00466122005,0.00466024154,0.00125115708,0,0,0.000296670991,2.16494378e-09,1.1376895e-09,0.000296670991,4.05879774e-11,2.03224602e-08,9.20265819e-09,-0.890012906,-2.86935808e-10,0.00464068158
34.84,17420,GRASP,single_red_center-f6430d296e:0003:GRASP,GRASP_CLOSE,-2.42558298,1.90482796,0.095,2.09169264,-2.42558298,1.90482796,0.095296671,2.09169264,-3.89928978e-10,-2.16152873e-10,-0.000296670969,-1.68416392e-11,3.89928978e-10,2.16152873e-10,0.000296670969,1.68416392e-11,0,0,0,0,-2.21766903e-08,-1.05789891e-08,-9.66385051e-16,-8.70689495e-10,2.21766903e-08,1.05789891e-08,9.66385051e-16,8.70689495e-10,0,0,0,0,-7.21739672e-06,-3.69875327e-06,2.61354047e-13,1.64697008e-07,-3.03511126e-05,-0.250474323,0.008,1.57093762,-3.03509934e-05,-0.250474323,0.00770332903,1.57093762,0.00536657941,0.00536657941,0.00535528959,0.00470977351,0.00469192437,0.00117019018,0,0,0.000296670991,2.16494378e-09,1.1376895e-09,0.000296670991,4.05879774e-11,6.06258226e-08,2.4255403e-08,-0.890012906,-1.46164858e-10,0.00471045989
34.88,17440,GRASP,single_red_center-f6430d296e:0003:GRASP,GRASP_CLOSE,-2.42558298,1.90482796,0.095,2.09169264,-2.42558298,1.90482797,0.095296671,2.09169264,-1.19514798e-09,-6.2920158e-10,-0.000296670969,1.52149404e-11,1.19514798e-09,6.2920158e-10,0.000296670969,1.52149404e-11,0,0,0,0,8.22314918e-08,4.15759551e-08,-1.40630397e-15,-2.043232e-09,-8.22314918e-08,-4.15759551e-08,1.40630397e-15,2.043232e-09,0,0,0,0,-6.8956725e-05,-3.57555434e-05,2.66193937e-13,3.40075253e-06,-3.03511126e-05,-0.250474323,0.008,1.57093762,-3.03507506e-05,-0.250474323,0.00770332903,1.57093762,0.00555597126,0.00555597126,0.00554449645,0.00475477388,0.00476089087,0.00108780472,0,0,0.000296670991,2.16494378e-09,1.1376895e-09,0.000296670991,4.05879774e-11,-1.1838285e-07,-4.80177178e-08,-0.890012906,3.43456819e-10,0.00479153911
34.92,17460,GRASP,single_red_center-f6430d296e:0003:GRASP,GRASP_CLOSE,-2.42558298,1.90482796,0.095,2.09169264,-2.42558298,1.90482797,0.095296671,2.09169264,-1.07503428e-09,-5.63193492e-10,-0.000296670969,-1.11999299e-12,1.07503428e-09,5.63193492e-10,0.000296670969,1.11999299e-12,0,0,0,0,-6.52355971e-08,-3.35150912e-08,-1.84456281e-15,2.89106688e-09,6.52355971e-08,3.35150912e-08,1.84456281e-15,-2.89106688e-09,0,0,0,0,4.62012811e-06,2.5367618e-06,-3.58151842e-13,-4.7722493e-07,-3.03511126e-05,-0.250474323,0.008,1.57093762,-3.03507873e-05,-0.250474323,0.00770332903,1.57093762,0.00574698754,0.00574698754,0.00573551068,0.00479667006,0.0047946907,0.00100429285,0,0,0.000296670991,2.16494378e-09,1.1376895e-09,0.000296670991,4.05879774e-11,2.09119406e-08,9.26751653e-09,-0.890012906,-2.52111221e-10,0.004777596
34.96,17480,GRASP,single_red_center-f6430d296e:0003:GRASP,GRASP_CLOSE,-2.42558298,1.90482796,0.095,2.09169264,-2.42558298,1.90482797,0.095296671,2.09169264,-5.59084334e-10,-3.03799874e-10,-0.000296670969,-1.19384502e-11,5.59084334e-10,3.03799874e-10,0.000296670969,1.19384502e-11,0,0,0,0,-3.69095315e-09,-1.29562554e-09,-1.41626439e-15,-1.16554864e-09,3.69095315e-09,1.29562554e-09,1.41626439e-15,1.16554864e-09,0,0,0,0,-1.3774134e-05,-7.1171773e-06,2.66193937e-13,5.366178e-07,-3.03511126e-05,-0.250474323,0.008,1.57093762,-3.03509423e-05,-0.250474323,0.00770332903,1.57093762,0.00593959048,0.00593959048,0.00592798454,0.00483525229,0.00482220023,0.000919685315,0,0,0.000296670991,2.16494378e-09,1.1376895e-09,0.000296670991,4.05879774e-11,3.16075059e-08,1.25182744e-08,-0.890012906,-6.36513064e-11,0.00484264796
35,17500,GRASP,single_red_center-f6430d296e:0003:GRASP,GRASP_CLOSE,-2.42558298,1.90482796,0.095,2.09169264,-2.42558298,1.90482797,0.095296671,2.09169264,-1.20678401e-09,-6.35384856e-10,-0.000296670969,1.20352617e-11,1.20678401e-09,6.35384856e-10,0.000296670969,1.20352617e-11,0,0,0,0,5.67829999e-08,2.86282905e-08,-1.84124267e-15,-1.21242948e-09,-5.67829999e-08,-2.86282905e-08,1.84124267e-15,1.21242948e-09,0,0,0,0,-5.02818861e-05,-2.60636987e-05,-3.58151842e-13,2.44520377e-06,-3.03511126e-05,-0.250474323,0.008,1.57093762,-3.03507471e-05,-0.250474323,0.00770332903,1.57093762,0.00613377441,0.00613377441,0.00612204175,0.00487017362,0.00487530293,0.000833990484,0,0,0.000296670991,2.16494378e-09,1.1376895e-09,0.000296670991,4.05879774e-11,-9.40138563e-08,-3.80040532e-08,-0.890012906,2.37385223e-10,0.00489560244
35.04,17520,GRASP,single_red_center-f6430d296e:0003:GRASP,GRASP_CLOSE,-2.42558298,1.90482796,0.095,2.09169264,-2.42558298,1.90482797,0.095296671,2.09169264,-1.04658504e-09,-5.50323787e-10,-0.000296670969,-2.18891572e-12,1.04658504e-09,5.50323787e-10,0.000296670969,2.18891572e-12,0,0,0,0,-5.22886979e-08,-2.67999078e-08,-1.42456475e-15,2.14932108e-09,5.22886979e-08,2.67999078e-08,1.42456475e-15,-2.14932108e-09,0,0,0,0,6.0515918e-06,3.24148968e-06,2.66193937e-13,-4.80636731e-07,-3.03511126e-05,-0.250474323,0.008,1.57093762,-3.03507957e-05,-0.250474323,0.00770332903,1.57093762,0.00632920371,0.00632920371,0.006317469,0.00490187225,0.00489947359,0.000747442346,0,0,0.000296670991,2.16494378e-09,1.1376895e-09,0.000296670991,4.05879774e-11,1.63003904e-08,7.21628979e-09,-0.890012906,-2.00230055e-10,0.00488591553
35.08,17540,GRASP,single_red_center-f6430d296e:0003:GRASP,GRASP_CLOSE,-2.42558298,1.90482796,0.095,2.09169264,-2.42558298,1.90482797,0.095296671,2.09169264,-7.13445747e-10,-3.83548748e-10,-0.000296670969,-7.67874653e-12,7.13445747e-10,3.83548748e-10,0.000296670969,7.67874653e-12,0,0,0,0,7.29916262e-09,4.15442504e-09,-1.86946388e-15,-1.18301036e-09,-7.29916262e-09,-4.15442504e-09,1.86946388e-15,1.18301036e-09,0,0,0,0,-1.57143252e-05,-8.13772428e-06,-3.58151842e-13,6.73089843e-07,-3.03511126e-05,-0.250474323,0.008,1.57093762,-3.03508957e-05,-0.250474323,0.00770332903,1.57093762,0.00652582942,0.00652582942,0.00651398767,0.0049300983,0.0049213982,0.000660076964,0,0,0.000296670991,2.16494378e-09,1.1376895e-09,0.000296670991,4.05879774e-11,8.56429949e-09,3.24805782e-09,-0.890012906,-9.16244858e-12,0.00494029297
35.12,17560,GRASP,single_red_center-f6430d296e:0003:GRASP,GRASP_CLOSE,-2.42558298,1.90482796,0.095,2.09169264,-2.42558298,1.90482797,0.095296671,2.09169264,-1.18637189e-09,-6.25200558e-10,-0.000296670969,8.61088978e-12,1.18637189e-09,6.25200558e-10,0.000296670969,8.61088978e-12,0,0,0,0,3.52266628e-08,1.76983595e-08,-1.43452518e-15,-6.07348224e-10,-3.52266628e-08,-1.76983595e-08,1.43452518e-15,6.07348224e-10,0,0,0,0,-3.29529226e-05,-1.70754996e-05,2.66193937e-13,1.58060466e-06,-3.03511126e-05,-0.250474323,0.008,1.57093762,-3.03507532e-05,-0.250474323,0.00770332903,1.57093762,0.00672357605,0.00672357605,0.00671165746,0.00495459652,0.00495847398,0.000571948151,0,0,0.000296670991,2.16494378e-09,1.1376895e-09,0.000296670991,4.05879774e-11,-7.05681771e-08,-2.84210238e-08,-0.890012906,1.47751145e-10,0.00497024625
35.16,17580,GRASP,single_red_center-f6430d296e:0003:GRASP,GRASP_CLOSE,-2.42558298,1.90482796,0.095,2.09169264,-2.42558298,1.90482797,0.095296671,2.09169264,-1.0327601e-09,-5.44723822e-10,-0.000296670969,-2.24886776e-12,1.0327601e-09,5.44723822e-10,0.000296670969,2.24886776e-12,0,0,0,0,-3.67486866e-08,-1.87987451e-08,-1.06100912e-15,1.41567277e-09,3.67486866e-08,1.87987451e-08,1.06100912e-15,-1.41567277e-09,0,0,0,0,5.76610849e-06,3.05733636e-06,2.62564019e-13,-4.0017324e-07,-3.03511126e-05,-0.250474323,0.008,1.57093762,-3.03507997e-05,-0.250474323,0.00770332903,1.57093762,0.00692217675,0.00692217675,0.00691025685,0.00497578623,0.00497365987,0.000483239126,0,0,0.000296670991,2.16494378e-09,1.1376895e-09,0.000296670991,4.05879774e-11,7.43292361e-09,3.45883677e-09,-0.890012906,-1.39960044e-10,0.00496411005
35.2,17600,GRASP,single_red_center-f6430d296e:0003:GRASP,GRASP_CLOSE,-2.42558298,1.90482796,0.095,2.09169264,-2.42558298,1.90482797,0.095296671,2.09169264,-8.50857163e-10,-4.54204452e-10,-0.000296670969,-4.23616697e-12,8.50857163e-10,4.54204452e-10,0.000296670969,4.23616697e-12,0,0,0,0,1.0058912e-08,5.40304426e-09,-1.47934711e-15,-9.16373713e-10,-1.0058912e-08,-5.40304426e-09,1.47934711e-15,9.16373713e-10,0,0,0,0,-1.26445154e-05,-6.55564989e-06,2.67403909e-13,5.60706816e-07,-3.03511126e-05,-0.250474323,0.008,1.57093762,-3.03508543e-05,-0.250474323,0.00770332903,1.57093762,0.00712156127,0.00712156127,0.00710956684,0.0049933774,0.00498848995,0.000393998699,0,0,0.000296670991,2.16494378e-09,1.1376895e-09,0.000296670991,4.05879774e-11,-7.62685204e-09,-3.19995053e-09,-0.890012906,1.53574931e-11,0.00500216372
35.24,17620,GRASP,single_red_center-f6430d296e:0003:GRASP,GRASP_CLOSE,-2.42558298,1.90482796,0.095,2.09169264,-2.42558298,1.90482797,0.095296671,2.09169264,-1.13413678e-09,-5.98749494e-10,-0.000296670969,4.87432317e-12,1.13413678e-09,5.98749494e-10,0.000296670969,4.87432317e-12,0,0,0,0,1.77365893e-08,8.88110649e-09,-1.90930559e-15,-2.36639367e-10,-1.77365893e-08,-8.88110649e-09,1.90930559e-15,2.36639367e-10,0,0,0,0,-1.70835668e-05,-8.85042829e-06,-3.5694187e-13,8.10345178e-07,-3.03511126e-05,-0.250474323,0.008,1.57093762,-3.0350769e-05,-0.250474323,0.00770332903,1.57093762,0.00732160628,0.00732160628,0.00730957552,0.00500721332,0.00500951877,0.00030431129,0,0,0.000296670991,2.16494378e-09,1.1376895e-09,0.000296670991,4.05879774e-11,-4.79651519e-08,-1.92404421e-08,-0.890012906,7.45927764e-11,0.00501475263
35.28,17640,GRASP,single_red_center-f6430d296e:0003:GRASP,GRASP_CLOSE,-2.42558298,1.90482796,0.095,2.09169264,-2.42558298,1.90482797,0.095296671,2.09169264,-1.03595843e-09,-5.47661694e-10,-0.000296670969,-1.27808875e-12,1.03595843e-09,5.47661694e-10,0.000296670969,1.27808875e-12,0,0,0,0,-1.82425102e-08,-9.32249106e-09,-1.46606654e-15,6.79603103e-10,1.82425102e-08,9.32249106e-09,1.46606654e-15,-6.79603103e-10,0,0,0,0,3.55131834e-06,1.87357573e-06,2.66193937e-13,-2.27244881e-07,-3.03511126e-05,-0.250474323,0.008,1.57093762,-3.03507986e-05,-0.250474323,0.00770332903,1.57093762,0.00752210574,0.00752210574,0.00751007487,0.00501768761,0.00501653891,0.000214316763,0,0,0.000296670991,2.16494378e-09,1.1376895e-09,0.000296670991,4.05879774e-11,-6.18167206e-09,-2.20557084e-09,-0.890012906,-6.98339164e-11,0.00501155505
35.32,17660,GRASP,single_red_center-f6430d296e:0003:GRASP,GRASP_CLOSE,-2.42558298,1.90482796,0.095,2.09169264,-2.42558298,1.90482797,0.095296671,2.09169264,-9.73089165e-10,-5.16693799e-10,-0.000296670969,-1.56319402e-12,9.73089165e-10,5.16693799e-10,0.000296670969,1.56319402e-12,0,0,0,0,4.26828002e-09,2.28286215e-09,-1.06764941e-15,-3.57114098e-10,-4.26828002e-09,-2.28286215e-09,1.06764941e-15,3.57114098e-10,0,0,0,0,-4.4264536e-06,-2.29817693e-06,2.62564019e-13,1.99335484e-07,-3.03511126e-05,-0.250474323,0.008,1.57093762,-3.03508175e-05,-0.250474323,0.00770332903,1.57093762,0.00772295796,0.00772295796,0.00771089582,0.00502447139,0.00502284182,0.000124084091,0,0,0.000296670991,2.16494378e-09,1.1376895e-09,0.000296670991,4.05879774e-11,-1.69026038e-08,-6.79525058e-09,-0.890012906,9.74331726e-12,0.00502744064
35.36,17680,GRASP,single_red_center-f6430d296e:0003:GRASP,GRASP_CLOSE,-2.42558298,1.90482796,0.095,2.09169264,-2.42558298,1.90482797,0.095296671,2.09169264,-1.05698916e-09,-5.59569058e-10,-0.000296670969,1.04360964e-12,1.05698916e-09,5.59569058e-10,0.000296670969,1.04360964e-12,0,0,0,0,4.73639701e-09,2.38442672e-09,-1.51088846e-15,-8.89562484e-11,-4.73639701e-09,-2.38442672e-09,1.51088846e-15,8.89562484e-11,0,0,0,0,-3.07375264e-06,-1.59567751e-06,2.67403909e-13,1.51073027e-07,-3.03511126e-05,-0.250474323,0.008,1.57093762,-3.03507922e-05,-0.250474323,0.00770332903,1.57093762,0.00792401464,0.00792401464,0.00791194634,0.00502751072,0.00502806366,3.37134707e-05,0,0,0.000296670991,2.16494378e-09,1.1376895e-09,0.000296670991,4.05879774e-11,-2.72226046e-08,-1.08698046e-08,-0.890012906,1.93978167e-11,0.00502878154
35.4,17700,GRASP,single_red_center-f6430d296e:0003:GRASP,GRASP_CLOSE,-2.42558298,1.90482796,0.095,2.09169264,-2.42558298,1.90482797,0.095296671,2.09169264,-1.05581544e-09,-5.58898483e-10,-0.000296670969,5.24469357e-13,1.05581544e-09,5.58898483e-10,0.000296670969,5.24469357e-13,0,0,0,0,1.48217404e-09,7.38325318e-10,-1.10417098e-15,-6.0561241e-13,-1.48217404e-09,-7.38325318e-10,1.10417098e-15,6.0561241e-13,0,0,0,0,-7.68909399e-08,-3.98887433e-08,2.62564019e-13,6.38224044e-09,-3.03511126e-05,-0.250474323,0.008,1.57093762,-3.03507925e-05,-0.250474323,0.00770332903,1.57093762,0.00812512178,0.00812512178,0.00811305579,0.005027168,0.00502769949,-5.66911736e-05,0,0,0.000296670991,2.16494378e-09,1.1376895e-09,0.000296670991,4.05879774e-11,-2.29403838e-08,-9.11667186e-09,-0.890012906,3.01536573e-12,0.00502745748
35.44,17720,GRASP,single_red_center-f6430d296e:0003:GRASP,GRASP_CLOSE,-2.42558298,1.90482796,0.095,2.09169264,-2.42558298,1.90482797,0.095296671,2.09169264,-1.0618102e-09,-5.61739322e-10,-0.000296670969,-5.37347944e-14,1.0618102e-09,5.61739322e-10,0.000296670969,5.37347944e-14,0,0,0,0,-8.26443712e-09,-4.25283142e-09,-1.55239025e-15,3.60773391e-10,8.26443712e-09,4.25283142e-09,1.55239025e-15,-3.60773391e-10,0,0,0,0,7.49344837e-06,3.88588832e-06,-3.60571787e-13,-3.42273589e-07,-3.03511126e-05,-0.250474323,0.008,1.57093762,-3.03507908e-05,-0.250474323,0.00770332903,1.57093762,0.00832613621,0.00832613621,0.00831408916,0.00502307812,0.00502383922,-0.000147033291,0,0,0.000296670991,2.16494378e-09,1.1376895e-09,0.000296670991,4.05879774e-11,-1.7560474e-08,-6.8765651e-09,-0.890012906,-2.43849385e-11,0.00501769039
35.48,17740,GRASP,single_red_center-f6430d296e:0003:GRASP,GRASP_CLOSE,-2.42558298,1.90482796,0.095,2.09169264,-2.42558298,1.90482797,0.095296671,2.09169264,-9.62347979e-10,-5.11482634e-10,-0.000296670969,-2.47135645e-12,9.62347979e-10,5.11482634e-10,0.000296670969,2.47135645e-12,0,0,0,0,-2.51189114e-09,-1.16365416e-09,-1.1373724e-15,-1.69242413e-10,2.51189114e-09,1.16365416e-09,1.1373724e-15,1.69242413e-10,0,0,0,0,8.41308062e-06,4.34375839e-06,2.62564019e-13,-3.66226151e-07,-3.03511126e-05,-0.250474323,0.008,1.57093762,-3.03508207e-05,-0.250474323,0.00770332903,1.57093762,0.00852690807,0.00852690807,0.00851487667,0.00501529145,0.005014149,-0.000237211737,0,0,0.000296670991,2.16494378e-09,1.1376895e-09,0.000296670991,4.05879774e-11,-1.05195426e-08,-4.1884185e-09,-0.890012906,-1.26201272e-11,0.00501242813
35.52,17760,GRASP,single_red_center-f6430d296e:0003:GRASP,GRASP_CLOSE,-2.42558298,1.90482796,0.095,2.09169264,-2.42558298,1.90482797,0.095296671,2.09169264,-1.09369935e-09,-5.79063464e-10,-0.000296670969,3.1032954e-12,1.09369935e-09,5.79063464e-10,0.000296670969,3.1032954e-12,0,0,0,0,2.16042142e-08,1.09628734e-08,-1.56567082e-15,-5.92949149e-10,-2.16042142e-08,-1.09628734e-08,1.56567082e-15,5.92949149e-10,0,0,0,0,-4.85379427e-06,-2.5443188e-06,-3.60571787e-13,2.84069687e-07,-3.03511126e-05,-0.250474323,0.008,1.57093762,-3.0350781e-05,-0.250474323,0.00770332903,1.57093762,0.00872732589,0.00872732589,0.00871530124,0.00500413501,0.00500704238,-0.000327151113,0,0,0.000296670991,2.16494378e-09,1.1376895e-09,0.000296670991,4.05879774e-11,-4.21761612e-08,-1.6995731e-08,-0.890012906,7.49107443e-11,0.00501149625
35.56,17780,GRASP,single_red_center-f6430d296e:0003:GRASP,GRASP_CLOSE,-2.42558298,1.90482796,0.095,2.09169264,-2.42558298,1.90482797,0.095296671,2.09169264,-1.11664855e-09,-5.89138516e-10,-0.000296670969,2.90434343e-13,1.11664855e-09,5.89138516e-10,0.000296670969,2.90434343e-13,0,0,0,0,-2.71260364e-08,-1.39891831e-08,-1.1373724e-15,1.21270605e-09,2.71260364e-08,1.39891831e-08,1.1373724e-15,-1.21270605e-09,0,0,0,0,2.28359613e-05,1.18518845e-05,2.62564019e-13,-1.04648071e-06,-3.03511126e-05,-0.250474323,0.008,1.57093762,-3.03507743e-05,-0.250474323,0.00770332903,1.57093762,0.00892719548,0.00892719548,0.00891524589,0.00498921141,0.00499146558,-0.000416719878,0,0,0.000296670991,2.16494378e-09,1.1376895e-09,0.000296670991,4.05879774e-11,-9.70629088e-09,-3.49102081e-09,-0.890012906,-8.51434478e-11,0.00497317871
35.6,17800,GRASP,single_red_center-f6430d296e:0003:GRASP,GRASP_CLOSE,-2.42558298,1.90482796,0.095,2.09169264,-2.42558298,1.90482797,0.095296671,2.09169264,-8.56809734e-10,-4.57841987e-10,-0.000296670969,-5.54667423e-12,8.56809734e-10,4.57841987e-10,0.000296670969,5.54667423e-12,0,0,0,0,-4.06622419e-09,-1.79920284e-09,-1.57895139e-15,-4.53081101e-10,4.06622419e-09,1.79920284e-09,1.57895139e-15,4.53081101e-10,0,0,0,0,1.72223483e-05,8.88823554e-06,-3.60571787e-13,-7.39119633e-07,-3.03511126e-05,-0.250474323,0.008,1.57093762,-3.03508524e-05,-0.250474323,0.00770332903,1.57093762,0.00912638878,0.00912638878,0.00911446836,0.00497067422,0.00496799518,-0.000505830764,0,0,0.000296670991,2.16494378e-09,1.1376895e-09,0.000296670991,4.05879774e-11,1.64520486e-09,6.08650907e-10,-0.890012906,-2.21529461e-11,0.0049658143
35.64,17820,GRASP,single_red_center-f6430d296e:0003:GRASP,GRASP_CLOSE,-2.42558298,1.90482796,0.095,2.09169264,-2.42558298,1.90482797,0.095296671,2.09169264,-1.14707799e-09,-6.06839912e-10,-0.000296670969,6.21946938e-12,1.14707799e-09,6.06839912e-10,0.000296670969,6.21946938e-12,0,0,0,0,4.08333748e-08,2.06984501e-08,-1.15563319e-15,-1.06836683e-09,-4.08333748e-08,-2.06984501e-08,1.15563319e-15,1.06836683e-09,0,0,0,0,-1.03617156e-05,-5.42181775e-06,2.63773992e-13,5.82310454e-07,-3.03511126e-05,-0.250474323,0.008,1.57093762,-3.03507649e-05,-0.250474323,0.00770332903,1.57093762,0.00932482696,0.00932482696,0.0093129201,0.00494881223,0.00495473634,-0.000594429486,0,0,0.000296670991,2.16494378e-09,1.1376895e-09,0.000296670991,4.05879774e-11,-6.24801828e-08,-2.5268605e-08,-0.890012906,1.41183953e-10,0.00496360998
35.68,17840,GRASP,single_red_center-f6430d296e:0003:GRASP,GRASP_CLOSE,-2.42558298,1.90482796,0.095,2.09169264,-2.42558298,1.90482797,0.095296671,2.09169264,-1.12840359e-09,-5.94329475e-10,-0.000296670969,-5.48450174e-13,1.12840359e-09,5.94329475e-10,0.000296670969,5.48450174e-13,0,0,0,0,-4.88842346e-08,-2.51551627e-08,-7.20694488e-16,2.04186407e-09,4.88842346e-08,2.51551627e-08,7.20694488e-16,-2.04186407e-09,0,0,0,0,3.97017046e-05,2.06112475e-05,-3.70251566e-13,-1.81810002e-06,-3.03511126e-05,-0.250474323,0.008,1.57093762,-3.03507708e-05,-0.250474323,0.00770332903,1.57093762,0.00952225585,0.00952225585,0.00951048233,0.00492320107,0.00492602705,-0.000682342098,0,0,0.000296670991,2.16494378e-09,1.1376895e-09,0.000296670991,4.05879774e-11,5.08558884e-09,2.68624945e-09,-0.890012906,-1.60361502e-10,0.0048960361
35.72,17860,GRASP,single_red_center-f6430d296e:0003:GRASP,GRASP_CLOSE,-2.42558298,1.90482796,0.095,2.09169264,-2.42558298,1.90482797,0.095296671,2.09169264,-7.49893925e-10,-4.03512113e-10,-0.000296670969,-7.82129916e-12,7.49893925e-10,4.03512113e-10,0.000296670969,7.82129916e-12,0,0,0,0,2.52304779e-10,5.49429149e-10,-1.15729326e-15,-9.02509398e-10,-2.52304779e-10,-5.49429149e-10,1.15729326e-15,9.02509398e-10,0,0,0,0,2.30913652e-05,1.19024648e-05,2.63773992e-13,-9.5968185e-07,-3.03511126e-05,-0.250474323,0.008,1.57093762,-3.03508846e-05,-0.250474323,0.00770332903,1.57093762,0.00971859218,0.00971859218,0.00970685568,0.00489409375,0.00489027075,-0.000769510041,0,0,0.000296670991,2.16494378e-09,1.1376895e-09,0.000296670991,4.05879774e-11,7.94041455e-09,2.99687741e-09,-0.890012906,-8.73523476e-12,0.00488934472
35.76,17880,GRASP,single_red_center-f6430d296e:0003:GRASP,GRASP_CLOSE,-2.42558298,1.90482796,0.095,2.09169264,-2.42558298,1.90482797,0.095296671,2.09169264,-1.21411725e-09,-6.41234843e-10,-0.000296670969,9.74864633e-12,1.21411725e-09,6.41234843e-10,0.000296670969,9.74864633e-12,0,0,0,0,5.8248061e-08,2.94767051e-08,-1.59389203e-15,-1.4028099e-09,-5.8248061e-08,-2.94767051e-08,1.59389203e-15,1.4028099e-09,0,0,0,0,-1.62491113e-05,-8.48881318e-06,-3.60571787e-13,8.82147508e-07,-3.03511126e-05,-0.250474323,0.008,1.57093762,-3.03507447e-05,-0.250474323,0.00770332903,1.57093762,0.00991377966,0.00991377966,0.00990206621,0.00486173929,0.00487126518,-0.000855892723,0,0,0.000296670991,2.16494378e-09,1.1376895e-09,0.000296670991,4.05879774e-11,-8.28512299e-08,-3.35245396e-08,-0.890012906,1.98220995e-10,0.00488408063
35.8,17900,GRASP,single_red_center-f6430d296e:0003:GRASP,GRASP_CLOSE,-2.42558298,1.90482796,0.095,2.09169264,-2.42558298,1.90482797,0.095296671,2.09169264,-1.09850884e-09,-5.78004977e-10,-0.000296670969,-2.52819987e-12,1.09850884e-09,5.78004977e-10,0.000296670969,2.52819987e-12,0,0,0,0,-7.38316906e-08,-3.7901906e-08,-1.16393355e-15,2.86392056e-09,7.38316906e-08,3.7901906e-08,1.16393355e-15,-2.86392056e-09,0,0,0,0,5.82326294e-05,3.02380346e-05,2.63773992e-13,-2.66259935e-06,-3.03511126e-05,-0.250474323,0.008,1.57093762,-3.03507799e-05,-0.250474323,0.00770332903,1.57093762,0.0101074959,0.0101074959,0.0100959759,0.00482569293,0.00482817051,-0.000941266384,0,0,0.000296670991,2.16494378e-09,1.1376895e-09,0.000296670991,4.05879774e-11,2.68577409e-08,1.16763061e-08,-0.890012906,-2.50527599e-10,0.00478672019
35.84,17920,GRASP,single_red_center-f6430d296e:0003:GRASP,GRASP_CLOSE,-2.42558298,1.90482796,0.095,2.09169264,-2.42558298,1.90482797,0.095296671,2.09169264,-6.4115957e-10,-3.48250984e-10,-0.000296670969,-9.40048039e-12,6.4115957e-10,3.48250984e-10,0.000296670969,9.40048039e-12,0,0,0,0,1.02441013e-08,5.78466529e-09,-1.61049275e-15,-1.51306976e-09,-1.02441013e-08,-5.78466529e-09,1.61049275e-15,1.51306976e-09,0,0,0,0,2.60646991e-05,1.34093204e-05,-3.60571787e-13,-1.03465521e-06,-3.03511126e-05,-0.250474323,0.008,1.57093762,-3.03509174e-05,-0.250474323,0.00770332903,1.57093762,0.0102997248,0.0102997248,0.0102882434,0.00478630074,0.00478167371,-0.001025616,0,0,0.000296670991,2.16494378e-09,1.1376895e-09,0.000296670991,4.05879774e-11,8.70636541e-09,3.11251824e-09,-0.890012906,2.62305733e-11,0.00478373644
35.88,17940,GRASP,single_red_center-f6430d296e:0003:GRASP,GRASP_CLOSE,-2.42558298,1.90482796,0.095,2.09169264,-2.42558298,1.90482797,0.095296671,2.09169264,-1.29410793e-09,-6.81912082e-10,-0.000296670969,1.36513023e-11,1.29410793e-09,6.81912082e-10,0.000296670969,1.36513023e-11,0,0,0,0,7.39436886e-08,3.73475902e-08,-1.17555404e-15,-1.60744845e-09,-7.39436886e-08,-3.73475902e-08,1.17555404e-15,1.60744845e-09,0,0,0,0,-2.25404677e-05,-1.17584098e-05,2.63773992e-13,1.18544248e-06,-3.03511126e-05,-0.250474323,0.008,1.57093762,-3.03507206e-05,-0.250474323,0.00770332903,1.57093762,0.0104904223,0.0104904223,0.0104789759,0.00474377176,0.00475743876,-0.00110890725,0,0,0.000296670991,2.16494378e-09,1.1376895e-09,0.000296670991,4.05879774e-11,-1.03327174e-07,-4.17814014e-08,-0.890012906,2.46919818e-10,0.00477374042
35.92,17960,GRASP,single_red_center-f6430d296e:0003:GRASP,GRASP_CLOSE,-2.42558298,1.90482796,0.095,2.09169264,-2.42558298,1.90482797,0.095296671,2.09169264,-1.03100639e-09,-5.42279999e-10,-0.000296670969,-5.41389156e-12,1.03100639e-09,5.42279999e-10,0.000296670969,5.41389156e-12,0,0,0,0,-1.00152066e-07,-5.13045419e-08,-1.6420341e-15,3.62658247e-09,1.00152066e-07,5.13045419e-08,1.6420341e-15,-3.62658247e-09,0,0,0,0,7.73982283e-05,4.01962759e-05,-3.60571787e-13,-3.52963806e-06,-3.03511126e-05,-0.250474323,0.008,1.57093762,-3.03508004e-05,-0.250474323,0.00770332903,1.57093762,0.0106791909,0.0106791909,0.010667998,0.00469764881,0.00469897923,-0.00119085916,0,0,0.000296670991,2.16494378e-09,1.1376895e-09,0.000296670991,4.05879774e-11,5.37844613e-08,2.27302444e-08,-0.890012906,-3.486198e-10,0.00464694529
35.96,17980,GRASP,single_red_center-f6430d296e:0003:GRASP,GRASP_CLOSE,-2.42558298,1.90482796,0.095,2.09169264,-2.42558298,1.90482797,0.095296671,2.09169264,-5.42220047e-10,-2.97921687e-10,-0.000296670969,-1.01021413e-11,5.42220047e-10,2.97921687e-10,0.000296670969,1.01021413e-11,0,0,0,0,2.45056898e-08,1.3172985e-08,-1.23697669e-15,-2.1987932e-09,-2.45056898e-08,-1.3172985e-08,1.23697669e-15,2.1987932e-09,0,0,0,0,2.63958249e-05,1.35436897e-05,2.63773992e-13,-9.83810547e-07,-3.03511126e-05,-0.250474323,0.008,1.57093762,-3.03509472e-05,-0.250474323,0.00770332903,1.57093762,0.0108661022,0.0108661022,0.0108549452,0.0046483619,0.00464347149,-0.00127151506,0,0,0.000296670991,2.16494378e-09,1.1376895e-09,0.000296670991,4.05879774e-11,4.08797973e-09,1.04002496e-09,-0.890012906,7.70024045e-11,0.00464966147
36,18000,GRASP,single_red_center-f6430d296e:0003:GRASP,GRASP_CLOSE,-2.42558298,1.90482796,0.095,2.09169264,-2.42558298,1.90482797,0.095296671,2.09169264,-1.37409772e-09,-7.22200966e-10,-0.000296670969,1.73319137e-11,1.37409772e-09,7.22200966e-10,0.000296670969,1.73319137e-11,0,0,0,0,8.55009248e-08,4.30978495e-08,-1.66029489e-15,-1.64963471e-09,-8.55009248e-08,-4.30978495e-08,1.66029489e-15,1.64963471e-09,0,0,0,0,-2.83167259e-05,-1.47525188e-05,-3.59361814e-13,1.44633659e-06,-3.03511126e-05,-0.250474323,0.008,1.57093762,-3.03506966e-05,-0.250474323,0.00770332903,1.57093762,0.0110511149,0.0110511149,0.0110400073,0.00459608127,0.00461424587,-0.00135083951,0,0,0.000296670991,2.16494378e-09,1.1376895e-09,0.000296670991,4.05879774e-11,-1.20674578e-07,-4.8733483e-08,-0.890012906,2.79266388e-10,0.00463325446
36.04,18020,GRASP,single_red_center-f6430d296e:0003:GRASP,GRASP_CLOSE,-2.42558298,1.90482796,0.095,2.09169264,-2.42558298,1.90482797,0.095296671,2.09169264,-9.18495946e-10,-4.83632689e-10,-0.000296670969,-8.88711327e-12,9.18495946e-10,4.83632689e-10,0.000296670969,8.88711327e-12,0,0,0,0,-1.21399562e-07,-6.20592538e-08,-1.25191733e-15,4.09268135e-09,1.21399562e-07,6.20592538e-08,1.25191733e-15,-4.09268135e-09,0,0,0,0,9.41118911e-05,4.88750937e-05,-3.64201704e-13,-4.26661008e-06,-3.03511126e-05,-0.250474323,0.008,1.57093762,-3.03508344e-05,-0.250474323,0.00770332903,1.57093762,0.0112337501,0.0112337501,0.0112229507,0.00454034653,0.00454000305,-0.00142848687,0,0,0.000296670991,2.16494378e-09,1.1376895e-09,0.000296670991,4.05879774e-11,8.05063607e-08,3.36153683e-08,-0.890012906,-4.28574509e-10,0.00448047256
36.08,18040,GRASP,single_red_center-f6430d296e:0003:GRASP,GRASP_CLOSE,-2.42558298,1.90482796,0.095,2.09169264,-2.42558298,1.90482797,0.095296671,2.09169264,-4.59601246e-10,-2.55812038e-10,-0.000296670969,-9.64339719e-12,4.59601246e-10,2.55812038e-10,0.000296670969,9.64339719e-12,0,0,0,0,4.26389765e-08,2.24917665e-08,-1.67357546e-15,-2.90944605e-09,-4.26389765e-08,-2.24917665e-08,1.67357546e-15,2.90944605e-09,0,0,0,0,2.41914631e-05,1.23628186e-05,-3.59361814e-13,-8.16510946e-07,-3.03511126e-05,-0.250474323,0.008,1.57093762,-3.0350972e-05,-0.250474323,0.00770332903,1.57093762,0.0114141869,0.0114141869,0.0114034204,0.00448165995,0.00447720011,-0.00150457367,0,0,0.000296670991,2.16494378e-09,1.1376895e-09,0.000296670991,4.05879774e-11,-6.45925979e-09,-3.42204842e-09,-0.890012906,1.41437972e-10,0.00448823542
36.12,18060,GRASP,single_red_center-f6430d296e:0003:GRASP,GRASP_CLOSE,-2.42558298,1.90482796,0.095,2.09169264,-2.42558298,1.90482797,0.095296671,2.09169264,-1.4568653e-09,-7.63463959e-10,-0.000296670969,2.09232631e-11,1.4568653e-09,7.63463959e-10,0.000296670969,2.09232631e-11,0,0,0,0,9.33839231e-08,4.69599892e-08,-1.22701626e-15,-1.53753454e-09,-9.33839231e-08,-4.69599892e-08,1.22701626e-15,1.53753454e-09,0,0,0,0,-3.36425708e-05,-1.75046929e-05,2.63773992e-13,1.66975855e-06,-3.03511126e-05,-0.250474323,0.008,1.57093762,-3.03506717e-05,-0.250474323,0.00770332903,1.57093762,0.0115923768,0.0115923768,0.0115816765,0.0044201554,0.00444312647,-0.00157905592,0,0,0.000296670991,2.16494378e-09,1.1376895e-09,0.000296670991,4.05879774e-11,-1.35444282e-07,-5.46009247e-08,-0.890012906,2.96676461e-10,0.0044640779
36.16,18080,GRASP,single_red_center-f6430d296e:0003:GRASP,GRASP_CLOSE,-2.42558298,1.90482796,0.095,2.09169264,-2.42558298,1.90482797,0.095296671,2.09169264,-7.70001396e-10,-4.06456646e-10,-0.000296670969,-1.3067325e-11,7.70001396e-10,4.06456646e-10,0.000296670969,1.3067325e-11,0,0,0,0,-1.4181193e-07,-7.2340663e-08,-1.6652751e-15,4.43505777e-09,1.4181193e-07,7.2340663e-08,1.6652751e-15,-4.43505777e-09,0,0,0,0,0.000110311219,5.72860456e-05,-3.59361814e-13,-4.97336016e-06,-3.03511126e-05,-0.250474323,0.008,1.57093762,-3.03508793e-05,-0.250474323,0.00770332903,1.57093762,0.0117677554,0.0117677554,0.0117574149,0.00435537989,0.00435269934,-0.00165151593,0,0,0.000296670991,2.16494378e-09,1.1376895e-09,0.000296670991,4.05879774e-11,1.10193362e-07,4.56599274e-08,-0.890012906,-5.07677456e-10,0.0042872271
36.2,18100,GRASP,single_red_center-f6430d296e:0003:GRASP,GRASP_CLOSE,-2.42558298,1.90482796,0.095,2.09169264,-2.42558298,1.90482796,0.095296671,2.09169264,-3.85706134e-10,-2.18082885e-10,-0.000296670969,-8.41593462e-12,3.85706134e-10,2.18082885e-10,0.000296670969,8.41593462e-12,0,0,0,0,6.46307507e-08,3.37550473e-08,-1.2303364e-15,-3.68373569e-09,-6.46307507e-08,-3.37550473e-08,1.2303364e-15,3.68373569e-09,0,0,0,0,1.95155443e-05,9.89789397e-06,2.63773992e-13,-5.37319136e-07,-3.03511126e-05,-0.250474323,0.008,1.57093762,-3.03509943e-05,-0.250474323,0.00770332903,1.57093762,0.0119406262,0.0119406262,0.0119303125,0.00428789358,0.00428433547,-0.00172215824,0,0,0.000296670991,2.16494378e-09,1.1376895e-09,0.000296670991,4.05879774e-11,-2.19489422e-08,-9.89214399e-09,-0.890012906,2.1963853e-10,0.00430123491
36.24,18120,GRASP,single_red_center-f6430d296e:0003:GRASP,GRASP_CLOSE,-2.42558298,1.90482796,0.095,2.09169264,-2.42558298,1.90482797,0.095296671,2.09169264,-1.53954671e-09,-8.04347922e-10,-0.000296670969,2.44266829e-11,1.53954671e-09,8.04347922e-10,0.000296670969,2.44266829e-11,0,0,0,0,9.75182385e-08,4.88934798e-08,-1.65863482e-15,-1.27551414e-09,-9.75182385e-08,-4.88934798e-08,1.65863482e-15,1.27551414e-09,0,0,0,0,-3.77700537e-05,-1.96301962e-05,-3.60571787e-13,1.83023383e-06,-3.03511126e-05,-0.250474323,0.008,1.57093762,-3.0350647e-05,-0.250474323,0.00770332903,1.57093762,0.012110923,0.012110923,0.0121006955,0.00421779585,0.00424570769,-0.00179092144,0,0,0.000296670991,2.16494378e-09,1.1376895e-09,0.000296670991,4.05879774e-11,-1.48230697e-07,-5.96310237e-08,-0.890012906,3.02497583e-10,0.00426707562
36.28,18140,GRASP,single_red_center-f6430d296e:0003:GRASP,GRASP_CLOSE,-2.42558298,1.90482796,0.095,2.09169264,-2.42558298,1.90482797,0.095296671,2.09169264,-5.96354965e-10,-3.16382032e-10,-0.000296670969,-1.74322778e-11,5.96354965e-10,3.16382032e-10,0.000296670969,1.74322778e-11,0,0,0,0,-1.58531913e-07,-8.07049651e-08,-1.19215476e-15,4.59501998e-09,1.58531913e-07,8.07049651e-08,1.19215476e-15,-4.59501998e-09,0,0,0,0,0.000124416654,6.46069605e-05,2.63773992e-13,-5.57613288e-06,-3.03511126e-05,-0.250474323,0.008,1.57093762,-3.03509318e-05,-0.250474323,0.00770332903,1.57093762,0.0122779987,0.0122779987,0.0122681761,0.00414465871,0.00413932173,-0.00185731278,0,0,0.000296670991,2.16494378e-09,1.1376895e-09,0.000296670991,4.05879774e-11,1.39106234e-07,5.73405607e-08,-0.890012906,-5.74481795e-10,0.0040701057
36.32,18160,GRASP,single_red_center-f6430d296e:0003:GRASP,GRASP_CLOSE,-2.42558298,1.90482796,0.095,2.09169264,-2.42558298,1.90482796,0.095296671,2.09169264,-3.32225358e-10,-1.90540472e-10,-0.000296670969,-6.38067377e-12,3.32225358e-10,1.90540472e-10,0.000296670969,6.38067377e-12,0,0,0,0,8.69910486e-08,4.51625058e-08,-1.60053232e-15,-4.36973821e-09,-8.69910486e-08,-4.51625058e-08,1.60053232e-15,4.36973821e-09,0,0,0,0,1.33709618e-05,6.67616958e-06,-3.60571787e-13,-2.0272889e-07,-3.03511126e-05,-0.250474323,0.008,1.57093762,-3.03510104e-05,-0.250474323,0.00770332903,1.57093762,0.0124422903,0.0124422903,0.0124324881,0.0040690775,0.00406708007,-0.00192163521,0,0,0.000296670991,2.16494378e-09,1.1376895e-09,0.000296670991,4.05879774e-11,-4.0349569e-08,-1.75043091e-08,-0.890012906,2.98114422e-10,0.00408973799
36.36,18180,GRASP,single_red_center-f6430d296e:0003:GRASP,GRASP_CLOSE,-2.42558298,1.90482796,0.095,2.09169264,-2.42558298,1.90482797,0.095296671,2.09169264,-1.56989133e-09,-8.18077606e-10,-0.000296670969,2.60587107e-11,1.56989133e-09,8.18077606e-10,0.000296670969,2.60587107e-11,0,0,0,0,8.21853533e-08,4.08868471e-08,-1.16891376e-15,-4.36718274e-10,-8.21853533e-08,-4.08868471e-08,1.16891376e-15,4.36718274e-10,0,0,0,0,-2.23529702e-05,-1.16485901e-05,2.63773992e-13,1.1942984e-06,-3.03511126e-05,-0.250474323,0.008,1.57093762,-3.0350638e-05,-0.250474323,0.00770332903,1.57093762,0.012603669,0.012603669,0.0125940081,0.00399109518,0.0040215206,-0.00198377466,0,0,0.000296670991,2.16494378e-09,1.1376895e-09,0.000296670991,4.05879774e-11,-1.54795899e-07,-6.21301695e-08,-0.890012906,2.89608337e-10,0.00402556363
36.4,18200,GRASP,single_red_center-f6430d296e:0003:GRASP,GRASP_CLOSE,-2.42558298,1.90482796,0.095,2.09169264,-2.42558298,1.90482796,0.095296671,2.09169264,-3.98618916e-10,-2.14221529e-10,-0.000296670969,-2.13136175e-11,3.98618916e-10,2.14221529e-10,0.000296670969,2.13136175e-11,0,0,0,0,-1.65126254e-07,-8.38778819e-08,-1.61547296e-15,4.38289819e-09,1.65126254e-07,8.38778819e-08,1.61547296e-15,-4.38289819e-09,0,0,0,0,0.000133549853,6.93344238e-05,-3.60571787e-13,-5.93442496e-06,-3.03511126e-05,-0.250474323,0.008,1.57093762,-3.03509914e-05,-0.250474323,0.00770332903,1.57093762,0.0127615201,0.0127615201,0.0127522654,0.0039104088,0.00390260035,-0.00204324384,0,0,0.000296670991,2.16494378e-09,1.1376895e-09,0.000296670991,4.05879774e-11,1.60270126e-07,6.57846044e-08,-0.890012906,-6.0199401e-10,0.00383330496
36.44,18220,GRASP,single_red_center-f6430d296e:0003:GRASP,GRASP_CLOSE,-2.42558298,1.90482796,0.095,2.09169264,-2.42558298,1.90482796,0.095296671,2.09169264,-2.99971159e-10,-1.73535408e-10,-0.000296670969,-3.38529205e-12,2.99971159e-10,1.73535408e-10,0.000296670969,3.38529205e-12,0,0,0,0,1.09599933e-07,5.66423375e-08,-1.16891376e-15,-4.94760751e-09,-1.09599933e-07,-5.66423375e-08,1.16891376e-15,4.94760751e-09,0,0,0,0,5.95109052e-06,2.7989487e-06,2.63773992e-13,1.77489581e-07,-3.03511126e-05,-0.250474323,0.008,1.57093762,-3.03510202e-05,-0.250474323,0.00770332903,1.57093762,0.0129163101,0.0129163101,0.012907073,0.0038275424,0.00382776644,-0.00210037102,0,0,0.000296670991,2.16494378e-09,1.1376895e-09,0.000296670991,4.05879774e-11,-6.18144185e-08,-2.63101612e-08,-0.890012906,3.75712794e-10,0.00385584041
36.48,18240,GRASP,single_red_center-f6430d296e:0003:GRASP,GRASP_CLOSE,-2.42558298,1.90482796,0.095,2.09169264,-2.42558298,1.90482797,0.095296671,2.09169264,-1.58457381e-09,-8.23362045e-10,-0.000296670969,2.70885536e-11,1.58457381e-09,8.23362045e-10,0.000296670969,2.70885536e-11,0,0,0,0,6.04309915e-08,2.96042087e-08,-1.61381289e-15,5.89246099e-10,-6.04309915e-08,-2.96042087e-08,1.61381289e-15,-5.89246099e-10,0,0,0,0,-2.78400101e-06,-1.51277951e-06,-3.60571787e-13,3.87759612e-07,-3.03511126e-05,-0.250474323,0.008,1.57093762,-3.03506338e-05,-0.250474323,0.00770332903,1.57093762,0.013067872,0.013067872,0.0130588377,0.00374252567,0.00377498197,-0.00215500392,0,0,0.000296670991,2.16494378e-09,1.1376895e-09,0.000296670991,4.05879774e-11,-1.57473842e-07,-6.30325943e-08,-0.890012906,2.62637023e-10,0.00375793943
36.52,18260,GRASP,single_red_center-f6430d296e:0003:GRASP,GRASP_CLOSE,-2.42558298,1.90482796,0.095,2.09169264,-2.42558298,1.90482796,0.095296671,2.09169264,-1.79588788e-10,-1.0109158e-10,-0.000296670969,-2.53468357e-11,1.79588788e-10,1.0109158e-10,0.000296670969,2.53468357e-11,0,0,0,0,-1.68334847e-07,-8.52936543e-08,-1.21539576e-15,4.01757132e-09,1.68334847e-07,8.52936543e-08,1.21539576e-15,-4.01757132e-09,0,0,0,0,0.000140655104,7.30058462e-05,2.63773992e-13,-6.19933182e-06,-3.03511126e-05,-0.250474323,0.008,1.57093762,-3.03510576e-05,-0.250474323,0.00770332903,1.57093762,0.0132156459,0.0132156459,0.0132070067,0.00365517198,0.00364462644,-0.00220667554,0,0,0.000296670991,2.16494378e-09,1.1376895e-09,0.000296670991,4.05879774e-11,1.80451963e-07,7.37853725e-08,-0.890012906,-6.18672225e-10,0.00357720168
36.56,18280,GRASP,single_red_center-f6430d296e:0003:GRASP,GRASP_CLOSE,-2.42558298,1.90482796,0.095,2.09169264,-2.42558298,1.90482796,0.095296671,2.09169264,-2.77784462e-10,-1.61507474e-10,-0.000296670969,1.62092562e-13,2.77784462e-10,1.61507474e-10,0.000296670969,1.62092562e-13,0,0,0,0,1.33345479e-07,6.86741721e-08,-1.64867439e-15,-5.50049758e-09,-1.33345479e-07,-6.86741721e-08,1.64867439e-15,5.50049758e-09,0,0,0,0,-2.96683598e-06,-1.85345032e-06,-3.60571787e-13,6.16719267e-07,-3.03511126e-05,-0.250474323,0.008,1.57093762,-3.0351027e-05,-0.250474323,0.00770332903,1.57093762,0.0133601149,0.0133601149,0.0133514898,0.003565935,0.00356877512,-0.00225573209,0,0,0.000296670991,2.16494378e-09,1.1376895e-09,0.000296670991,4.05879774e-11,-8.59559108e-08,-3.61844421e-08,-0.890012906,4.5701487e-10,0.0036024912
36.6,18300,GRASP,single_red_center-f6430d296e:0003:GRASP,GRASP_CLOSE,-2.42558298,1.90482796,0.095,2.09169264,-2.42558298,1.90482797,0.095296671,2.09169264,-1.57778635e-09,-8.17399481e-10,-0.000296670969,2.75295342e-11,1.57778635e-09,8.17399481e-10,0.000296670969,2.75295342e-11,0,0,0,0,3.3347641e-08,1.56067278e-08,-1.20543533e-15,1.7517955e-09,-3.3347641e-08,-1.56067278e-08,1.20543533e-15,-1.7517955e-09,0,0,0,0,1.96152241e-05,1.00967026e-05,2.63773992e-13,-5.39474926e-07,-3.03511126e-05,-0.250474323,0.008,1.57093762,-3.03506361e-05,-0.250474323,0.00770332903,1.57093762,0.0135010702,0.0135010702,0.0134927133,0.00347484024,0.00350864388,-0.00230197563,0,0,0.000296670991,2.16494378e-09,1.1376895e-09,0.000296670991,4.05879774e-11,-1.54826054e-07,-6.17531626e-08,-0.890012906,2.18197016e-10,0.00346855682
36.64,18320,GRASP,single_red_center-f6430d296e:0003:GRASP,GRASP_CLOSE,-2.42558298,1.90482796,0.095,2.09169264,-2.42558298,1.90482796,0.095296671,2.09169264,4.07589518e-11,1.27131639e-11,-0.000296670969,-2.87365687e-11,4.07589518e-11,1.27131639e-11,0.000296670969,2.87365687e-11,0,0,0,0,-1.65454402e-07,-8.36056793e-08,-1.65199453e-15,3.47917889e-09,1.65454402e-07,8.36056793e-08,1.65199453e-15,-3.47917889e-09,0,0,0,0,0.000144124839,7.4785478e-05,-3.60571787e-13,-6.29766715e-06,-3.03511126e-05,-0.250474323,0.008,1.57093762,-3.03511241e-05,-0.250474323,0.00770332903,1.57093762,0.0136380259,0.0136380259,0.0136300416,0.00338180604,0.00336882285,-0.00234497433,0,0,0.000296670991,2.16494378e-09,1.1376895e-09,0.000296670991,4.05879774e-11,1.94831507e-07,7.93966102e-08,-0.890012906,-6.1310601e-10,0.00330543164
36.68,18340,GRASP,single_red_center-f6430d296e:0003:GRASP,GRASP_CLOSE,-2.42558298,1.90482796,0.095,2.09169264,-2.42558298,1.90482796,0.095296671,2.09169264,-2.70750089e-10,-1.5679591e-10,-0.000296670969,3.95905531e-12,2.70750089e-10,1.5679591e-10,0.000296670969,3.95905531e-12,0,0,0,0,1.52715995e-07,7.84366158e-08,-1.22037597e-15,-5.83672073e-09,-1.52715995e-07,-7.84366158e-08,1.22037597e-15,5.83672073e-09,0,0,0,0,-1.15753272e-05,-6.33386568e-06,2.63773992e-13,1.02142248e-06,-3.03511126e-05,-0.250474323,0.008,1.57093762,-3.03510292e-05,-0.250474323,0.00770332903,1.57093762,0.0137714708,0.0137714708,0.0137634997,0.00328721798,0.00329312693,-0.00238508484,0,0,0.000296670991,2.16494378e-09,1.1376895e-09,0.000296670991,4.05879774e-11,-1.08243825e-07,-4.52433113e-08,-0.890012906,5.21365173e-10,0.0033312546
36.72,18360,GRASP,single_red_center-f6430d296e:0003:GRASP,GRASP_CLOSE,-2.42558298,1.90482796,0.095,2.09169264,-2.42558298,1.90482797,0.095296671,2.09169264,-1.48313095e-09,-7.66343433e-10,-0.000296670969,2.55235832e-11,1.48313095e-09,7.66343433e-10,0.000296670969,2.55235832e-11,0,0,0,0,-1.65879466e-09,-2.33528561e-09,-1.63871396e-15,2.94239335e-09,1.65879466e-09,2.33528561e-09,1.63871396e-15,-2.94239335e-09,0,0,0,0,4.24269251e-05,2.19545829e-05,2.68613881e-13,-1.54352328e-06,-3.03511126e-05,-0.250474323,0.008,1.57093762,-3.03506649e-05,-0.250474323,0.00770332903,1.57093762,0.013901151,0.013901151,0.0138935066,0.00319110781,0.00322382833,-0.00242205624,0,0,0.000296670991,2.16494378e-09,1.1376895e-09,0.000296670991,4.05879774e-11,-1.28768001e-07,-5.09556486e-08,-0.890012906,1.09084297e-10,0.00316618222
36.76,18380,GRASP,single_red_center-f6430d296e:0003:GRASP,GRASP_CLOSE,-2.42558298,1.90482796,0.095,2.09169264,-2.42558298,1.90482796,0.095296671,2.09169264,2.56449084e-10,1.23971722e-10,-0.000296670969,-3.07651682e-11,2.56449084e-10,1.23971722e-10,0.000296670969,3.07651682e-11,0,0,0,0,-1.52429128e-07,-7.67697807e-08,-1.22203604e-15,2.68283332e-09,1.52429128e-07,7.67697807e-08,1.22203604e-15,-2.68283332e-09,0,0,0,0,0.000142264998,7.37885254e-05,2.63773992e-13,-6.14748444e-06,-3.03511126e-05,-0.250474323,0.008,1.57093762,-3.03511892e-05,-0.250474323,0.00770332903,1.57093762,0.0140266723,0.0140266723,0.0140193726,0.00309348478,0.0030788453,-0.00245550662,0,0,0.000296670991,2.16494378e-09,1.1376895e-09,0.000296670991,4.05879774e-11,1.97946932e-07,8.03900306e-08,-0.890012906,-5.68094016e-10,0.00302209016
36.8,18400,GRASP,single_red_center-f6430d296e:0003:GRASP,GRASP_CLOSE,-2.42558298,1.90482796,0.095,2.09169264,-2.42558298,1.90482796,0.095296671,2.09169264,-2.76437095e-10,-1.58125735e-10,-0.000296670969,8.15880696e-12,2.76437095e-10,1.58125735e-10,0.000296670969,8.15880696e-12,0,0,0,0,1.69002812e-07,8.65859325e-08,-1.65199453e-15,-5.99581597e-09,-1.69002812e-07,-8.65859325e-08,1.65199453e-15,5.99581597e-09,0,0,0,0,-2.00419823e-05,-1.07309544e-05,-3.60571787e-13,1.40335965e-06,-3.03511126e-05,-0.250474323,0.008,1.57093762,-3.03510276e-05,-0.250474323,0.00770332903,1.57093762,0.0141485181,0.0141485181,0.0141412352,0.00299467003,0.00300399189,-0.00248579572,0,0,0.000296670991,2.16494378e-09,1.1376895e-09,0.000296670991,4.05879774e-11,-1.29687315e-07,-5.39011324e-08,-0.890012906,5.72942582e-10,0.00304548636
36.84,18420,GRASP,single_red_center-f6430d296e:0003:GRASP,GRASP_CLOSE,-2.42558298,1.90482796,0.095,2.09169264,-2.42558298,1.90482797,0.095296671,2.09169264,-1.36286316e-09,-7.01859237e-10,-0.000296670969,2.2849278e-11,1.36286316e-09,7.01859237e-10,0.000296670969,2.2849278e-11,0,0,0,0,-4.02320206e-08,-2.20748562e-08,-1.23199647e-15,4.18981607e-09,4.02320206e-08,2.20748562e-08,1.23199647e-15,-4.18981607e-09,0,0,0,0,6.68185457e-05,3.46363917e-05,2.63773992e-13,-2.61432286e-06,-3.03511126e-05,-0.250474323,0.008,1.57093762,-3.03507014e-05,-0.250474323,0.00770332903,1.57093762,0.014266389,0.014266389,0.0142594903,0.00289471329,0.00292565835,-0.00251261217,0,0,0.000296670991,2.16494378e-09,1.1376895e-09,0.000296670991,4.05879774e-11,-9.77712205e-08,-3.81529155e-08,-0.890012906,-1.23119293e-11,0.00284975951
36.88,18440,GRASP,single_red_center-f6430d296e:0003:GRASP,GRASP_CLOSE,-2.42558298,1.90482796,0.095,2.09169264,-2.42558298,1.90482796,0.095296671,2.09169264,4.76821249e-10,2.37722952e-10,-0.000296670969,-3.25206528e-11,4.76821249e-10,2.37722952e-10,0.000296670969,3.25206528e-11,0,0,0,0,-1.35948843e-07,-6.81674218e-08,-1.65863482e-15,1.78801366e-09,1.35948843e-07,6.81674218e-08,1.65863482e-15,-1.78801366e-09,0,0,0,0,0.000137971538,7.15259386e-05,-3.60571787e-13,-5.89398971e-06,-3.03511126e-05,-0.250474323,0.008,1.57093762,-3.03512557e-05,-0.250474323,0.00770332903,1.57093762,0.0143799967,0.0143799967,0.0143734066,0.00279369803,0.00277748712,-0.00253563885,0,0,0.000296670991,2.16494378e-09,1.1376895e-09,0.000296670991,4.05879774e-11,1.98065109e-07,8.01436393e-08,-0.890012906,-5.11461984e-10,0.00272883965
36.92,18460,GRASP,single_red_center-f6430d296e:0003:GRASP,GRASP_CLOSE,-2.42558298,1.90482796,0.095,2.09169264,-2.42558298,1.90482796,0.095296671,2.09169264,-2.83498114e-10,-1.59931179e-10,-0.000296670969,1.24891208e-11,2.83498114e-10,1.59931179e-10,0.000296670969,1.24891208e-11,0,0,0,0,1.83854079e-07,9.3985544e-08,-1.24693711e-15,-6.07974031e-09,-1.83854079e-07,-9.3985544e-08,1.24693711e-15,6.07974031e-09,0,0,0,0,-2.88443246e-05,-1.52977548e-05,2.64983964e-13,1.79038654e-06,-3.03511126e-05,-0.250474323,0.008,1.57093762,-3.03510257e-05,-0.250474323,0.00770332903,1.57093762,0.0144898096,0.0144898096,0.01448324,0.00269188586,0.00270473213,-0.00255523115,0,0,0.000296670991,2.16494378e-09,1.1376895e-09,0.000296670991,4.05879774e-11,-1.50800211e-07,-6.24022505e-08,-0.890012906,6.19701623e-10,0.00274920609
36.96,18480,GRASP,single_red_center-f6430d296e:0003:GRASP,GRASP_CLOSE,-2.42558298,1.90482796,0.095,2.09169264,-2.42558298,1.90482797,0.095296671,2.09169264,-1.21159616e-09,-6.21402929e-10,-0.000296670969,1.96371808e-11,1.21159616e-09,6.21402929e-10,0.000296670969,1.96371808e-11,0,0,0,0,-7.90402335e-08,-4.19024105e-08,-1.69017617e-15,5.37236271e-09,7.90402335e-08,4.19024105e-08,1.69017617e-15,-5.37236271e-09,0,0,0,0,9.04458974e-05,4.6926426e-05,-3.59361814e-13,-3.65523442e-06,-3.03511126e-05,-0.250474323,0.008,1.57093762,-3.03507473e-05,-0.250474323,0.00770332903,1.57093762,0.014595484,0.014595484,0.0145893516,0.00258935759,0.00261778628,-0.00257100985,0,0,0.000296670991,2.16494378e-09,1.1376895e-09,0.000296670991,4.05879774e-11,-6.27197139e-08,-2.37234516e-08,-0.890012906,-1.39865897e-10,0.00252531531
37,18500,GRASP,single_red_center-f6430d296e:0003:GRASP,GRASP_CLOSE,-2.42558298,1.90482796,0.095,2.09169264,-2.42558298,1.90482796,0.095296671,2.09169264,6.74330813e-10,3.39885897e-10,-0.000296670969,-3.30997452e-11,6.74330813e-10,3.39885897e-10,0.000296670969,3.30997452e-11,0,0,0,0,-1.14992e-07,-5.73266118e-08,-1.27183818e-15,8.54475725e-10,1.14992e-07,5.73266118e-08,1.27183818e-15,-8.54475725e-10,0,0,0,0,0.000130259436,6.74886113e-05,2.64983964e-13,-5.49469453e-06,-3.03511126e-05,-0.250474323,0.008,1.57093762,-3.03513153e-05,-0.250474323,0.00770332903,1.57093762,0.0146968486,0.0146968486,0.0146909831,0.00248625156,0.00246923139,-0.00258273744,0,0,0.000296670991,2.16494378e-09,1.1376895e-09,0.000296670991,4.05879774e-11,1.91027333e-07,7.70052466e-08,-0.890012906,-4.37968772e-10,0.00242963881
37.04,18520,GRASP,single_red_center-f6430d296e:0003:GRASP,GRASP_CLOSE,-2.42558298,1.90482796,0.095,2.09169264,-2.42558298,1.90482796,0.095296671,2.09169264,-2.85067081e-10,-1.58403068e-10,-0.000296670969,1.62301284e-11,2.85067081e-10,1.58403068e-10,0.000296670969,1.62301284e-11,0,0,0,0,1.90720129e-07,9.73048934e-08,-1.7001366e-15,-5.90483077e-09,-1.90720129e-07,-9.73048934e-08,1.7001366e-15,5.90483077e-09,0,0,0,0,-3.56581851e-05,-1.88191794e-05,-3.59361814e-13,2.06747127e-06,-3.03511126e-05,-0.250474323,0.008,1.57093762,-3.03510254e-05,-0.250474323,0.00770332903,1.57093762,0.0147943482,0.0147943482,0.0147885102,0.00238277616,0.0023991179,-0.00259075756,0,0,0.000296670991,2.16494378e-09,1.1376895e-09,0.000296670991,4.05879774e-11,-1.65004913e-07,-6.80445531e-08,-0.890012906,6.37842668e-10,0.00244474565
37.08,18540,GRASP,single_red_center-f6430d296e:0003:GRASP,GRASP_CLOSE,-2.42558298,1.90482796,0.095,2.09169264,-2.42558298,1.90482797,0.095296671,2.09169264,-9.74127889e-10,-4.97036412e-10,-0.000296670969,1.47433177e-11,9.74127889e-10,4.97036412e-10,0.000296670969,1.47433177e-11,0,0,0,0,-1.12030483e-07,-5.86288095e-08,-2.11847459e-15,6.12210843e-09,1.12030483e-07,5.86288095e-08,2.11847459e-15,-6.12210843e-09,0,0,0,0,0.000108893834,5.65314459e-05,-3.54521925e-13,-4.48866489e-06,-3.03511126e-05,-0.250474323,0.008,1.57093762,-3.03508192e-05,-0.250474323,0.00770332903,1.57093762,0.0148875988,0.0148875988,0.0148822348,0.00227905761,0.00230351713,-0.00259461572,0,0,0.000296670991,2.16494378e-09,1.1376895e-09,0.000296670991,4.05879774e-11,-1.99113828e-08,-6.26939567e-09,-0.890012906,-2.6544722e-10,0.00220242718
37.12,18560,GRASP,single_red_center-f6430d296e:0003:GRASP,GRASP_CLOSE,-2.42558298,1.90482796,0.095,2.09169264,-2.42558298,1.90482796,0.095296671,2.09169264,8.46763992e-10,4.29288383e-10,-0.000296670969,-3.20508065e-11,8.46763992e-10,4.29288383e-10,0.000296670969,3.20508065e-11,0,0,0,0,-8.81204769e-08,-4.35362648e-08,-1.68685603e-15,-1.28485522e-10,8.81204769e-08,4.35362648e-08,1.68685603e-15,1.28485522e-10,0,0,0,0,0.000118721117,6.14634604e-05,-3.59361814e-13,-4.92851968e-06,-3.03511126e-05,-0.250474323,0.008,1.57093762,-3.03513674e-05,-0.250474323,0.00770332903,1.57093762,0.0149765531,0.0149765531,0.014971417,0.00217526718,0.0021584301,-0.00259416883,0,0,0.000296670991,2.16494378e-09,1.1376895e-09,0.000296670991,4.05879774e-11,1.74405571e-07,6.99951457e-08,-0.890012906,-3.41589868e-10,0.00212866249
37.16,18580,GRASP,single_red_center-f6430d296e:0003:GRASP,GRASP_CLOSE,-2.42558298,1.90482796,0.095,2.09169264,-2.42558298,1.90482796,0.095296671,2.09169264,-2.81763946e-10,-1.53882906e-10,-0.000296670969,1.97282191e-11,2.81763946e-10,1.53882906e-10,0.000296670969,1.97282191e-11,0,0,0,0,1.92814056e-07,9.81797274e-08,-1.28179861e-15,-5.56441671e-09,-1.92814056e-07,-9.81797274e-08,1.28179861e-15,5.56441671e-09,0,0,0,0,-4.1275153e-05,-2.17104757e-05,2.64983964e-13,2.27824193e-06,-3.03511126e-05,-0.250474323,0.008,1.57093762,-3.03510267e-05,-0.250474323,0.00770332903,1.57093762,0.0150616253,0.0150616253,0.0150565263,0.0020715676,0.00209125517,-0.00258974138,0,0,0.000296670991,2.16494378e-09,1.1376895e-09,0.000296670991,4.05879774e-11,-1.75211639e-07,-7.20241076e-08,-0.890012906,6.38399555e-10,0.00213680332
37.2,18600,GRASP,single_red_center-f6430d296e:0003:GRASP,GRASP_CLOSE,-2.42558298,1.90482796,0.095,2.09169264,-2.42558298,1.90482797,0.095296671,2.09169264,-7.17599313e-10,-3.62724295e-10,-0.000296670969,9.62518953e-12,7.17599313e-10,3.62724295e-10,0.000296670969,9.62518953e-12,0,0,0,0,-1.43735273e-07,-7.46756117e-08,-1.73167796e-15,6.79152359e-09,1.43735273e-07,7.46756117e-08,1.73167796e-15,-6.79152359e-09,0,0,0,0,0.00012594565,6.54124727e-05,-3.59361814e-13,-5.2625273e-06,-3.03511126e-05,-0.250474323,0.008,1.57093762,-3.03508968e-05,-0.250474323,0.00770332903,1.57093762,0.0151423973,0.0151423973,0.0151378018,0.00196814626,0.00198824488,-0.00258079619,0,0,0.000296670991,2.16494378e-09,1.1376895e-09,0.000296670991,4.05879774e-11,2.36838673e-08,1.14798198e-08,-0.890012906,-3.88083343e-10,0.00187992499
37.24,18620,GRASP,single_red_center-f6430d296e:0003:GRASP,GRASP_CLOSE,-2.42558298,1.90482796,0.095,2.09169264,-2.42558298,1.90482796,0.095296671,2.09169264,1.01272191e-09,5.15562926e-10,-0.000296670969,-3.06221715e-11,1.01272191e-09,5.15562926e-10,0.000296670969,3.06221715e-11,0,0,0,0,-6.0187673e-08,-2.92217815e-08,-1.29839933e-15,-1.10051447e-09,6.0187673e-08,2.92217815e-08,1.29839933e-15,1.10051447e-09,0,0,0,0,0.000105498413,5.45658223e-05,2.64983964e-13,-4.29898203e-06,-3.03511126e-05,-0.250474323,0.008,1.57093762,-3.03514176e-05,-0.250474323,0.00770332903,1.57093762,0.0152189486,0.0152189486,0.0152145387,0.0018651827,0.00184876035,-0.00256729945,0,0,0.000296670991,2.16494378e-09,1.1376895e-09,0.000296670991,4.05879774e-11,1.55585695e-07,6.21019929e-08,-0.890012906,-2.41556108e-10,0.00182922927
37.28,18640,GRASP,single_red_center-f6430d296e:0003:GRASP,GRASP_CLOSE,-2.42558298,1.90482796,0.095,2.09169264,-2.42558298,1.90482796,0.095296671,2.09169264,-2.63317368e-10,-1.41405776e-10,-0.000296670969,2.28679298e-11,2.63317368e-10,1.41405776e-10,0.000296670969,2.28679298e-11,0,0,0,0,1.91999174e-07,9.75750321e-08,-1.74329846e-15,-5.15269527e-09,-1.91999174e-07,-9.75750321e-08,1.74329846e-15,5.15269527e-09,0,0,0,0,-4.62292628e-05,-2.42539372e-05,-3.59361814e-13,2.45342767e-06,-3.03511126e-05,-0.250474323,0.008,1.57093762,-3.03510326e-05,-0.250474323,0.00770332903,1.57093762,0.015291658,0.015291658,0.0152872942,0.00176280288,0.00178550212,-0.00254954905,0,0,0.000296670991,2.16494378e-09,1.1376895e-09,0.000296670991,4.05879774e-11,-1.82456638e-07,-7.47931956e-08,-0.890012906,6.30046237e-10,0.00183030651
37.32,18660,GRASP,single_red_center-f6430d296e:0003:GRASP,GRASP_CLOSE,-2.42558298,1.90482796,0.095,2.09169264,-2.42558298,1.90482796,0.095296671,2.09169264,-4.41515269e-10,-2.18451035e-10,-0.000296670969,4.65050221e-12,4.41515269e-10,2.18451035e-10,0.000296670969,4.65050221e-12,0,0,0,0,-1.68939534e-07,-8.73766585e-08,-1.33326083e-15,7.21426249e-09,1.68939534e-07,8.73766585e-08,1.33326083e-15,-7.21426249e-09,0,0,0,0,0.000138578424,7.19965904e-05,-3.62991732e-13,-5.84486749e-06,-3.03511126e-05,-0.250474323,0.008,1.57093762,-3.03509803e-05,-0.250474323,0.00770332903,1.57093762,0.0153600819,0.0153600819,0.0153562396,0.00166127246,0.00167683877,-0.00252691771,0,0,0.000296670991,2.16494378e-09,1.1376895e-09,0.000296670991,4.05879774e-11,6.41556568e-08,2.79035142e-08,-0.890012906,-4.91585439e-10,0.00156500819
37.36,18680,GRASP,single_red_center-f6430d296e:0003:GRASP,GRASP_CLOSE,-2.42558298,1.90482796,0.095,2.09169264,-2.42558298,1.90482796,0.095296671,2.09169264,1.14412524e-09,5.84475135e-10,-0.000296670969,-2.80619972e-11,1.14412524e-09,5.84475135e-10,0.000296670969,2.80619972e-11,0,0,0,0,-3.27217208e-08,-1.52160281e-08,-1.77982003e-15,-1.91867476e-09,3.27217208e-08,1.52160281e-08,1.77982003e-15,1.91867476e-09,0,0,0,0,9.06534659e-05,4.68343509e-05,-3.58151842e-13,-3.61349883e-06,-3.03511126e-05,-0.250474323,0.008,1.57093762,-3.03514573e-05,-0.250474323,0.00770332903,1.57093762,0.0154244252,0.0154244252,0.0154207275,0.00156075189,0.0015455817,-0.00249949572,0,0,0.000296670991,2.16494378e-09,1.1376895e-09,0.000296670991,4.05879774e-11,1.3275622e-07,5.26474402e-08,-0.890012906,-1.42464707e-10,0.00153547264
37.4,18700,GRASP,single_red_center-f6430d296e:0003:GRASP,GRASP_CLOSE,-2.42558298,1.90482796,0.095,2.09169264,-2.42558298,1.90482796,0.095296671,2.09169264,-2.10293116e-10,-1.10777831e-10,-0.000296670969,2.4621194e-11,2.10293116e-10,1.10777831e-10,0.000296670969,2.4621194e-11,0,0,0,0,1.82274808e-07,9.24617007e-08,-1.35982197e-15,-4.54331049e-09,-1.82274808e-07,-9.24617007e-08,1.35982197e-15,4.54331049e-09,0,0,0,0,-4.82162956e-05,-2.52478763e-05,2.66193937e-13,2.48281053e-06,-3.03511126e-05,-0.250474323,0.008,1.57093762,-3.03510489e-05,-0.250474323,0.00770332903,1.57093762,0.0154850276,0.0154850276,0.0154813861,0.00146134068,0.00148639145,-0.00246754698,0,0,0.000296670991,2.16494378e-09,1.1376895e-09,0.000296670991,4.05879774e-11,-1.79604307e-07,-7.34481169e-08,-0.890012906,5.91823479e-10,0.001528722
37.44,18720,GRASP,single_red_center-f6430d296e:0003:GRASP,GRASP_CLOSE,-2.42558298,1.90482796,0.095,2.09169264,-2.42558298,1.90482796,0.095296671,2.09169264,-1.14845022e-10,-4.86792828e-11,-0.000296670969,-4.61408689e-13,1.14845022e-10,4.86792828e-11,0.000296670969,4.61408689e-13,0,0,0,0,-1.79851447e-07,-9.26998334e-08,-9.81325694e-16,7.0513183e-09,1.79851447e-07,9.26998334e-08,9.81325694e-16,-7.0513183e-09,0,0,0,0,0.000142840854,7.42205279e-05,-3.67831621e-13,-6.05673861e-06,-3.03511126e-05,-0.250474323,0.008,1.57093762,-3.0351079e-05,-0.250474323,0.00770332903,1.57093762,0.0155414322,0.0155414322,0.0155383094,0.00136340109,0.00137429021,-0.00243034671,0,0,0.000296670991,2.16494378e-09,1.1376895e-09,0.000296670991,4.05879774e-11,9.77239552e-08,4.13662882e-08,-0.890012906,-5.48701529e-10,0.00126642701
37.48,18740,GRASP,single_red_center-f6430d296e:0003:GRASP,GRASP_CLOSE,-2.42558298,1.90482796,0.095,2.09169264,-2.42558298,1.90482796,0.095296671,2.09169264,1.24771349e-09,6.39501341e-10,-0.000296670969,-2.43089993e-11,1.24771349e-09,6.39501341e-10,0.000296670969,2.43089993e-11,0,0,0,0,-5.53059213e-09,-1.42532259e-09,-1.44116546e-15,-2.58791163e-09,5.53059213e-09,1.42532259e-09,1.44116546e-15,2.58791163e-09,0,0,0,0,7.44919247e-05,3.842711e-05,2.66193937e-13,-2.88286798e-06,-3.03511126e-05,-0.250474323,0.008,1.57093762,-3.03514888e-05,-0.250474323,0.00770332903,1.57093762,0.0155939624,0.0155939624,0.0155909509,0.00126704456,0.00125387171,-0.00238812409,0,0,0.000296670991,2.16494378e-09,1.1376895e-09,0.000296670991,4.05879774e-11,1.05916456e-07,4.16315764e-08,-0.890012906,-4.38840075e-11,0.001252197
37.52,18760,GRASP,single_red_center-f6430d296e:0003:GRASP,GRASP_CLOSE,-2.42558298,1.90482796,0.095,2.09169264,-2.42558298,1.90482796,0.095296671,2.09169264,-1.31859856e-10,-6.67572664e-11,-0.000296670969,2.56386024e-11,1.31859856e-10,6.67572664e-11,0.000296670969,2.56386024e-11,0,0,0,0,1.68251312e-07,8.51776321e-08,-1.90100524e-15,-3.84825327e-09,-1.68251312e-07,-8.51776321e-08,1.90100524e-15,3.84825327e-09,0,0,0,0,-4.85494514e-05,-2.53793744e-05,-3.5694187e-13,2.43413082e-06,-3.03511126e-05,-0.250474323,0.008,1.57093762,-3.03510729e-05,-0.250474323,0.00770332903,1.57093762,0.0156429175,0.0156429175,0.0156399716,0.00117235569,0.00119904461,-0.00234110162,0,0,0.000296670991,2.16494378e-09,1.1376895e-09,0.000296670991,4.05879774e-11,-1.71477993e-07,-6.9959011e-08,-0.890012906,5.39262857e-10,0.0012379298
37.56,18780,GRASP,single_red_center-f6430d296e:0003:GRASP,GRASP_CLOSE,-2.42558298,1.90482796,0.095,2.09169264,-2.42558298,1.90482796,0.095296671,2.09169264,2.10616857e-10,1.20587762e-10,-0.000296670969,-5.07549558e-12,2.10616857e-10,1.20587762e-10,0.000296670969,5.07549558e-12,0,0,0,0,-1.86017223e-07,-9.56033068e-08,-1.48100718e-15,6.76065042e-09,1.86017223e-07,9.56033068e-08,1.48100718e-15,-6.76065042e-09,0,0,0,0,0.000143607365,7.46276738e-05,2.67403909e-13,-6.11930442e-06,-3.03511126e-05,-0.250474323,0.008,1.57093762,-3.03511774e-05,-0.250474323,0.00770332903,1.57093762,0.0156878424,0.0156878424,0.0156854011,0.00107981305,0.00108620994,-0.0022884496,0,0,0.000296670991,2.16494378e-09,1.1376895e-09,0.000296670991,4.05879774e-11,1.26755708e-07,5.29638839e-08,-0.890012906,-5.89480464e-10,0.000984294795
37.6,18800,GRASP,single_red_center-f6430d296e:0003:GRASP,GRASP_CLOSE,-2.42558298,1.90482796,0.095,2.09169264,-2.42558298,1.90482796,0.095296671,2.09169264,1.34525457e-09,6.91736446e-10,-0.000296670969,-2.04565254e-11,1.34525457e-09,6.91736446e-10,0.000296670969,2.04565254e-11,0,0,0,0,1.88048651e-08,1.08867458e-08,-1.90930559e-15,-3.12697502e-09,-1.88048651e-08,-1.08867458e-08,1.90930559e-15,3.12697502e-09,0,0,0,0,5.824705e-05,2.99837208e-05,-3.5694187e-13,-2.16311082e-06,-3.03511126e-05,-0.250474323,0.008,1.57093762,-3.03515184e-05,-0.250474323,0.00770332903,1.57093762,0.0157291667,0.0157291667,0.0157268041,0.000989446487,0.000978354649,-0.00223055097,0,0,0.000296670991,2.16494378e-09,1.1376895e-09,0.000296670991,4.05879774e-11,8.02466786e-08,3.1126568e-08,-0.890012906,4.50679494e-11,0.000984306048
37.64,18820,GRASP,single_red_center-f6430d296e:0003:GRASP,GRASP_CLOSE,-2.42558298,1.90482796,0.095,2.09169264,-2.42558298,1.90482796,0.095296671,2.09169264,-1.85447213e-11,-4.78195261e-12,-0.000296670969,2.58881805e-11,1.85447213e-11,4.78195261e-12,0.000296670969,2.58881805e-11,0,0,0,0,1.51558238e-07,7.65617013e-08,-1.48930753e-15,-3.14164473e-09,-1.51558238e-07,-7.65617013e-08,1.48930753e-15,3.14164473e-09,0,0,0,0,-4.76395114e-05,-2.48659683e-05,2.67403909e-13,2.33141525e-06,-3.03511126e-05,-0.250474323,0.008,1.57093762,-3.03511075e-05,-0.250474323,0.00770332903,1.57093762,0.0157671506,0.0157671506,0.0157648603,0.000901338581,0.000928788976,-0.00216757939,0,0,0.000296670991,2.16494378e-09,1.1376895e-09,0.000296670991,4.05879774e-11,-1.59114592e-07,-6.47714344e-08,-0.890012906,4.79721152e-10,0.000963660474
37.68,18840,GRASP,single_red_center-f6430d296e:0003:GRASP,GRASP_CLOSE,-2.42558298,1.90482796,0.095,2.09169264,-2.42558298,1.90482796,0.095296671,2.09169264,5.27937694e-10,2.85587998e-10,-0.000296670969,-8.57935945e-12,5.27937694e-10,2.85587998e-10,0.000296670969,8.57935945e-12,0,0,0,0,-1.82106782e-07,-9.33772121e-08,-1.07594976e-15,6.19836297e-09,1.82106782e-07,9.33772121e-08,1.07594976e-15,-6.19836297e-09,0,0,0,0,0.000138026419,7.17323378e-05,2.62564019e-13,-5.90310094e-06,-3.03511126e-05,-0.250474323,0.008,1.57093762,-3.03512733e-05,-0.250474323,0.00770332903,1.57093762,0.0158013591,0.0158013591,0.0157995443,0.000816105254,0.000818654241,-0.00209859283,0,0,0.000296670991,2.16494378e-09,1.1376895e-09,0.000296670991,4.05879774e-11,1.45578888e-07,6.03671637e-08,-0.890012906,-5.9412919e-10,0.000726258615
37.72,18860,GRASP,single_red_center-f6430d296e:0003:GRASP,GRASP_CLOSE,-2.42558298,1.90482796,0.095,2.09169264,-2.42558298,1.90482796,0.095296671,2.09169264,1.41737466e-09,7.31490424e-10,-0.000296670969,-1.61528568e-11,1.41737466e-09,7.31490424e-10,0.000296670969,1.61528568e-11,0,0,0,0,3.66940885e-08,1.98489287e-08,-1.49926796e-15,-3.35521254e-09,-3.66940885e-08,-1.98489287e-08,1.49926796e-15,3.35521254e-09,0,0,0,0,4.2951042e-05,2.20485106e-05,2.67403909e-13,-1.50685691e-06,-3.03511126e-05,-0.250474323,0.008,1.57093762,-3.03515404e-05,-0.250474323,0.00770332903,1.57093762,0.0158323099,0.0158323099,0.0158305468,0.00073365947,0.000725088973,-0.0020241428,0,0,0.000296670991,2.16494378e-09,1.1376895e-09,0.000296670991,4.05879774e-11,5.6843966e-08,2.16367653e-08,-0.890012906,1.11563203e-10,0.000736342079
37.76,18880,GRASP,single_red_center-f6430d296e:0003:GRASP,GRASP_CLOSE,-2.42558298,1.90482796,0.095,2.09169264,-2.42558298,1.90482796,0.095296671,2.09169264,1.55765179e-10,8.86455354e-11,-0.000296670969,2.43405296e-11,1.55765179e-10,8.86455354e-11,0.000296670969,2.43405296e-11,0,0,0,0,1.28296013e-07,6.46670564e-08,-1.11911162e-15,-2.38152731e-09,-1.28296013e-07,-6.46670564e-08,1.11911162e-15,2.38152731e-09,0,0,0,0,-4.37773894e-05,-2.28194389e-05,2.62564019e-13,2.0961844e-06,-3.03511126e-05,-0.250474323,0.008,1.57093762,-3.03511604e-05,-0.250474323,0.00770332903,1.57093762,0.0158602278,0.0158602278,0.0158585409,0.000654096037,0.000681015043,-0.00194434673,0,0,0.000296670991,2.16494378e-09,1.1376895e-09,0.000296670991,4.05879774e-11,-1.36832909e-07,-5.55969777e-08,-0.890012906,4.00495637e-10,0.000710807959
37.8,18900,GRASP,single_red_center-f6430d296e:0003:GRASP,GRASP_CLOSE,-2.42558298,1.90482796,0.095,2.09169264,-2.42558298,1.90482796,0.095296671,2.09169264,8.45218562e-10,4.50294912e-10,-0.000296670969,-1.07696074e-11,8.45218562e-10,4.50294912e-10,0.000296670969,1.07696074e-11,0,0,0,0,-1.6391256e-07,-8.38673569e-08,-1.54076975e-15,5.21951994e-09,1.6391256e-07,8.38673569e-08,1.54076975e-15,-5.21951994e-09,0,0,0,0,0.000124264923,6.45754173e-05,2.67403909e-13,-5.31991552e-06,-3.03511126e-05,-0.250474323,0.008,1.57093762,-3.03513691e-05,-0.250474323,0.00770332903,1.57093762,0.0158847197,0.0158847197,0.0158834596,0.000578190587,0.000577793365,-0.00185814282,0,0,0.000296670991,2.16494378e-09,1.1376895e-09,0.000296670991,4.05879774e-11,1.50286212e-07,6.19497271e-08,-0.890012906,-5.45173684e-10,0.000499614102
37.84,18920,GRASP,single_red_center-f6430d296e:0003:GRASP,GRASP_CLOSE,-2.42558298,1.90482796,0.095,2.09169264,-2.42558299,1.90482796,0.095296671,2.09169264,1.47841206e-09,7.66104291e-10,-0.000296670969,-1.16191501e-11,1.47841206e-09,7.66104291e-10,0.000296670969,1.16191501e-11,0,0,0,0,4.86891889e-08,2.57590692e-08,-1.12741197e-15,-3.32212209e-09,-4.86891889e-08,-2.57590692e-08,1.12741197e-15,3.32212209e-09,0,0,0,0,2.89059067e-05,1.47756176e-05,2.62564019e-13,-9.22874671e-07,-3.03511126e-05,-0.250474323,0.008,1.57093762,-3.03515591e-05,-0.250474323,0.00770332903,1.57093762,0.0159063671,0.0159063671,0.0159051399,0.00050570129,0.000499770316,-0.001766266,0,0,0.000296670991,2.16494378e-09,1.1376895e-09,0.000296670991,4.05879774e-11,3.64196566e-08,1.34319258e-08,-0.890012906,1.57230673e-10,0.00051422176
37.88,18940,GRASP,single_red_center-f6430d296e:0003:GRASP,GRASP_CLOSE,-2.42558298,1.90482796,0.095,2.09169264,-2.42558298,1.90482796,0.095296671,2.09169264,3.73256981e-10,2.04331885e-10,-0.000296670969,2.18607354e-11,3.73256981e-10,2.04331885e-10,0.000296670969,2.18607354e-11,0,0,0,0,1.03184054e-07,5.18743087e-08,-1.55737046e-15,-1.65777077e-09,-1.03184054e-07,-5.18743087e-08,1.55737046e-15,1.65777077e-09,0,0,0,0,-3.83862824e-05,-1.99828688e-05,-3.60571787e-13,1.79910841e-06,-3.03511126e-05,-0.250474323,0.008,1.57093762,-3.03512264e-05,-0.250474323,0.00770332903,1.57093762,0.0159253655,0.0159253655,0.0159242142,0.000436750733,0.000461864462,-0.00166877006,0,0,0.000296670991,2.16494378e-09,1.1376895e-09,0.000296670991,4.05879774e-11,-1.10210962e-07,-4.46997284e-08,-0.890012906,3.16831894e-10,0.000486140568
37.92,18960,GRASP,single_red_center-f6430d296e:0003:GRASP,GRASP_CLOSE,-2.42558298,1.90482796,0.095,2.09169264,-2.42558298,1.90482796,0.095296671,2.09169264,1.13657928e-09,6.01877437e-10,-0.000296670969,-1.17874599e-11,1.13657928e-09,6.01877437e-10,0.000296670969,1.17874599e-11,0,0,0,0,-1.40960213e-07,-7.19742347e-08,-1.1838544e-15,4.18978443e-09,1.40960213e-07,7.19742347e-08,1.1838544e-15,-4.18978443e-09,0,0,0,0,0.000106568832,5.53759966e-05,2.63773992e-13,-4.56952726e-06,-3.03511126e-05,-0.250474323,0.008,1.57093762,-3.03514572e-05,-0.250474323,0.00770332903,1.57093762,0.01594139,0.01594139,0.0159406042,0.000372297946,0.000369706357,-0.00156446601,0,0,0.000296670991,2.16494378e-09,1.1376895e-09,0.000296670991,4.05879774e-11,1.47328421e-07,6.04313151e-08,-0.890012906,-4.77536233e-10,0.000306837585
37.96,18980,GRASP,single_red_center-f6430d296e:0003:GRASP,GRASP_CLOSE,-2.42558298,1.90482796,0.095,2.09169264,-2.42558299,1.90482796,0.095296671,2.09169264,1.54810431e-09,8.05547629e-10,-0.000296670969,-7.62856445e-12,1.54810431e-09,8.05547629e-10,0.000296670969,7.62856445e-12,0,0,0,0,5.38158259e-08,2.81614357e-08,-1.62543339e-15,-3.07661641e-09,-5.38158259e-08,-2.81614357e-08,1.62543339e-15,3.07661641e-09,0,0,0,0,1.67220424e-05,8.47931959e-06,-3.60571787e-13,-4.36090211e-07,-3.03511126e-05,-0.250474323,0.008,1.57093762,-3.03515805e-05,-0.250474323,0.00770332903,1.57093762,0.0159550541,0.0159550541,0.0159542848,0.000311905733,0.000308242939,-0.00145428702,0,0,0.000296670991,2.16494378e-09,1.1376895e-09,0.000296670991,4.05879774e-11,2.19797229e-08,7.69833619e-09,-0.890012906,1.79603887e-10,0.000324112143
38,19000,GRASP,single_red_center-f6430d296e:0003:GRASP,GRASP_CLOSE,-2.42558298,1.90482796,0.095,2.09169264,-2.42558298,1.90482796,0.095296671,2.09169264,6.46323439e-10,3.48390872e-10,-0.000296670969,1.83311144e-11,6.46323439e-10,3.48390872e-10,0.000296670969,1.83311144e-11,0,0,0,0,7.58540368e-08,3.79958942e-08,-1.19713497e-15,-9.75580934e-10,-7.58540368e-08,-3.79958942e-08,1.19713497e-15,9.75580934e-10,0,0,0,0,-2.950526e-05,-1.53469038e-05,2.63773992e-13,1.37174054e-06,-3.03511126e-05,-0.250474323,0.008,1.57093762,-3.03513092e-05,-0.250474323,0.00770332903,1.57093762,0.0159665292,0.0159665292,0.0159658342,0.000255751747,0.000277311099,-0.00133820189,0,0,0.000296670991,2.16494378e-09,1.1376895e-09,0.000296670991,4.05879774e-11,-8.00423052e-08,-3.24209566e-08,-0.890012906,2.34378739e-10,0.000293859375
38.04,19020,GRASP,single_red_center-f6430d296e:0003:GRASP,GRASP_CLOSE,-2.42558298,1.90482796,0.095,2.09169264,-2.42558233,1.90482815,0.095296664,2.09169193,-6.55103148e-07,-1.89517106e-07,-0.000296663973,7.11012436e-07,6.55103148e-07,1.89517106e-07,0.000296663973,7.11012436e-07,0,0,0,0,6.42420555e-05,1.86046067e-05,-5.04952105e-07,-6.2860013e-05,-6.42420555e-05,-1.86046067e-05,5.04952105e-07,6.2860013e-05,0,0,0,0,0.00379306021,0.00098217695,-3.20552951e-06,-0.00308429362,-3.03511126e-05,-0.250474323,0.008,1.57093762,-3.01681678e-05,-0.25047429,0.00770333603,1.57093776,0.0159756019,0.0159756019,0.0159740196,0.00020497222,0.000160678722,-0.00121492882,0,0.000670367143,0.000296670991,6.55103148e-07,1.89517106e-07,0.000296670991,7.11012436e-07,-6.77799958e-05,-1.55492371e-05,-0.889984936,6.94976768e-06,0.000762605696
38.08,19040,GRASP,single_red_center-f6430d296e:0003:GRASP,GRASP_CLOSE,-2.42558298,1.90482796,0.095,2.09169264,-2.42557813,1.90482943,0.095296656,2.09168884,-4.8560603e-06,-1.46569041e-06,-0.000296655966,3.79686474e-06,4.8560603e-06,1.46569041e-06,0.000296655966,3.79686474e-06,0,0,0,0,0.000111377604,3.67202428e-05,3.80749468e-08,-6.5596087e-05,-0.000111377604,-3.67202428e-05,-3.80749468e-08,6.5596087e-05,0,0,0,0,-0.000561685443,0.000158805626,-4.65535784e-06,0.000979359453,-3.03511126e-05,-0.250474323,0.008,1.57093762,-2.89889491e-05,-0.250474069,0.00770334403,1.57094015,0.0159828658,0.0159828658,0.0159809703,0.000158922579,0.00014810331,-0.00108557227,0,0.000841602554,0.000296670991,4.8560603e-06,1.46569041e-06,0.000296670991,3.79686474e-06,-0.000205135524,-5.01340953e-05,-0.889968557,1.40524986e-05,0.000914217476
38.12,19060,GRASP,single_red_center-f6430d296e:0003:GRASP,GRASP_CLOSE,-2.42558298,1.90482796,0.095,2.09169264,-2.42557422,1.90483093,0.0952966528,2.09168668,-8.76486066e-06,-2.96579653e-06,-0.000296652769,5.95759013e-06,8.76486066e-06,2.96579653e-06,0.000296652769,5.95759013e-06,0,0,0,0,8.35484777e-05,3.70863375e-05,-1.29941745e-07,-4.50604064e-05,-8.35484777e-05,-3.70863375e-05,1.29941745e-07,4.50604064e-05,0,0,0,0,-0.000685307449,1.43323423e-05,-2.42332274e-06,0.000320897852,-3.03511126e-05,-0.250474323,0.008,1.57093762,-2.78606277e-05,-0.250473809,0.00770334723,1.57094339,0.0159884717,0.0159884717,0.0159861766,0.00011790556,0.000117260704,-0.000949950602,0,0.00105189881,0.000296670991,8.76486066e-06,2.96579653e-06,0.000296670991,5.95759013e-06,-0.000256738448,-7.30793889e-05,-0.889956554,1.62936957e-05,0.00112369466
38.16,19080,GRASP,single_red_center-f6430d296e:0003:GRASP,GRASP_CLOSE,-2.42558298,1.90482796,0.095,2.09169264,-2.42557156,1.9048323,0.0952966493,2.09168531,-1.14198004e-05,-4.33651091e-06,-0.000296649349,7.33063241e-06,1.14198004e-05,4.33651091e-06,0.000296649349,7.33063241e-06,0,0,0,0,5.29899978e-05,3.15822257e-05,-6.75579261e-08,-2.66501618e-05,-5.29899978e-05,-3.15822257e-05,6.75579261e-08,2.66501618e-05,0,0,0,0,-0.000809080893,-0.000174484228,5.24064816e-06,0.000660212082,-3.03511126e-05,-0.250474323,0.008,1.57093762,-2.70592427e-05,-0.250473571,0.00770335065,1.57094605,0.015992392,0.015992392,0.0159900249,8.30743014e-05,8.03818712e-05,-0.000806897686,0,0.00112480942,0.000296670991,1.14198004e-05,4.33651091e-06,0.000296670991,7.33063241e-06,-0.000280794366,-8.96814044e-05,-0.889946956,1.73283103e-05,0.00116443031
38.2,19100,GRASP,single_red_center-f6430d296e:0003:GRASP,GRASP_CLOSE,-2.42558298,1.90482796,0.095,2.09169264,-2.4255699,1.90483343,0.0952966471,2.0916845,-1.3079889e-05,-5.46745027e-06,-0.000296647065,8.14124536e-06,1.3079889e-05,5.46745027e-06,0.000296647065,8.14124536e-06,0,0,0,0,3.2139143e-05,2.51355244e-05,-3.88749744e-08,-1.46538265e-05,-3.2139143e-05,-2.51355244e-05,3.88749744e-08,1.46538265e-05,0,0,0,0,-0.000437384962,-0.000153399505,-8.1593125e-07,0.000240912711,-3.03511126e-05,-0.250474323,0.008,1.57093762,-2.65309015e-05,-0.250473375,0.00770335294,1.57094803,0.015995114,0.015995114,0.0159926217,5.37176102e-05,5.06476387e-05,-0.000657488197,0,0.0012072914,0.000296670991,1.3079889e-05,5.46745027e-06,0.000296670991,8.14124536e-06,-0.00029327466,-0.000101610977,-0.889940673,1.77288235e-05,0.00123467938
38.24,19120,GRASP,single_red_center-f6430d296e:0003:GRASP,GRASP_CLOSE,-2.42558298,1.90482796,0.095,2.09169264,-2.4255689,1.90483432,0.0952966455,2.09168406,-1.40866581e-05,-6.35044159e-06,-0.000296645486,8.58196093e-06,1.40866581e-05,6.35044159e-06,0.000296645486,8.58196093e-06,0,0,0,0,1.95361089e-05,1.93515857e-05,-4.12158558e-08,-8.12977464e-06,-1.95361089e-05,-1.93515857e-05,4.12158558e-08,8.12977464e-06,0,0,0,0,-0.000200113904,-0.000130921883,-1.19665562e-06,7.51430051e-05,-3.03511126e-05,-0.250474323,0.008,1.57093762,-2.61908718e-05,-0.250473222,0.00770335451,1.57094948,0.0159968158,0.0159968158,0.0159942478,3.0241495e-05,3.22771322e-05,-0.000501447183,0,0.00125785601,0.000296670991,1.40866581e-05,6.35044159e-06,0.000296670991,8.58196093e-06,-0.000300863994,-0.000110346708,-0.889935912,1.79566532e-05,0.00127709309
38.28,19140,GRASP,single_red_center-f6430d296e:0003:GRASP,GRASP_CLOSE,-2.42558298,1.90482796,0.095,2.09169264,-2.42556834,1.90483497,0.0952966446,2.09168388,-1.4639973e-05,-7.00088243e-06,-0.000296644567,8.76042859e-06,1.4639973e-05,7.00088243e-06,0.000296644567,8.76042859e-06,0,0,0,0,9.5498293e-06,1.37023363e-05,-1.40911105e-08,-1.96661773e-06,-9.5498293e-06,-1.37023363e-05,1.40911105e-08,1.96661773e-06,0,0,0,0,-0.000270116764,-0.000156351831,2.42699679e-06,0.000238831877,-3.03511126e-05,-0.250474323,0.008,1.57093762,-2.59875602e-05,-0.250473109,0.00770335543,1.5709505,0.0159976388,0.0159976388,0.015995117,1.37810764e-05,1.42820292e-05,-0.000337739036,0,0.00125224693,0.000296670991,1.4639973e-05,7.00088243e-06,0.000296670991,8.76042859e-06,-0.000302491929,-0.000115800494,-0.889933436,1.77489153e-05,0.00125670254
38.32,19160,GRASP,single_red_center-f6430d296e:0003:GRASP,GRASP_CLOSE,-2.42558298,1.90482796,0.095,2.09169264,-2.42556811,1.90483541,0.0952966442,2.09168388,-1.48760053e-05,-7.44978561e-06,-0.000296644154,8.76510901e-06,1.48760053e-05,7.44978561e-06,0.000296644154,8.76510901e-06,0,0,0,0,3.06074659e-06,9.13354167e-06,-4.77236988e-09,1.34841673e-06,-3.06074659e-06,-9.13354167e-06,4.77236988e-09,-1.34841673e-06,0,0,0,0,-0.000124467885,-0.000110127407,-2.54586509e-07,5.15720665e-05,-3.03511126e-05,-0.250474323,0.008,1.57093762,-2.58837731e-05,-0.250473031,0.00770335585,1.57095118,0.0159979652,0.0159979652,0.0159954455,3.57260316e-06,3.41355404e-06,-0.00016740122,0,0.00125770874,0.000296670991,1.48760053e-05,7.44978561e-06,0.000296670991,8.77677555e-06,-0.000300697947,-0.000118936293,-0.889932403,1.74091931e-05,0.00125876863
38.36,19180,GRASP,single_red_center-f6430d296e:0003:GRASP,GRASP_CLOSE,-2.42558298,1.90482796,0.095,2.09169264,-2.42556805,1.90483571,0.0952966439,2.09168395,-1.49324369e-05,-7.74480556e-06,-0.000296643888,8.69400912e-06,1.49324369e-05,7.74480556e-06,0.000296643888,8.69400912e-06,0,0,0,0,2.56229155e-07,5.94603573e-06,-6.2221357e-09,2.05089713e-06,-2.56229155e-07,-5.94603573e-06,6.2221357e-09,-2.05089713e-06,0,0,0,0,-2.82330802e-05,-7.45006684e-05,-2.85670771e-07,-1.44773226e-05,-3.03511126e-05,-0.250474323,0.008,1.57093762,-2.58402831e-05,-0.25047298,0.00770335611,1.5709516,0.015998022,0.015998022,0.0159955038,0,6.59535879e-08,0,0,0.00125876433,0.000296670991,1.49324369e-05,7.74480556e-06,0.000296670991,8.77677555e-06,-0.000298950241,-0.000120849779,-0.889931585,1.71886946e-05,0.0012590954
38.4,19200,VERIFY_HOLD,single_red_center-f6430d296e:0004:VERIFY_HOLD,LIFT,-2.42558298,1.90482796,0.0949999868,2.09169264,-2.42566169,1.90480641,0.0953211498,2.09155704,7.87036964e-05,2.15563373e-05,-0.000321162972,0.000135605282,7.87036964e-05,2.15563373e-05,0.000321162972,0.000135605282,0,0,-2.08091254e-06,0,-0.00903654169,-0.00464535207,0.00172747908,-0.00281976601,0.00903654169,0.00464535207,-0.00172955999,0.00281976601,0,0,-0.000222831292,0,-0.472835466,-0.0584858601,-1.563279,-0.293521639,-3.03511126e-05,-0.250474323,0.00800001318,1.57093762,-5.22097096e-05,-0.250478059,0.00767885021,1.57070176,0.015998022,0.026998022,0.0176551147,0,0.0493681569,0,0.651625568,0.565858884,0.000321162972,7.87036964e-05,2.15563373e-05,0.000321162972,0.000135605282,0.00936217236,0.00377351846,-1.03056972,0.000493542267,1.2
38.44,19220,VERIFY_HOLD,single_red_center-f6430d296e:0004:VERIFY_HOLD,LIFT,-2.42558298,1.90482796,0.0949995993,2.09169264,-2.4258817,1.90472118,0.0953288224,2.09153079,0.000298721169,0.000106782811,-0.000329223137,0.000161850914,0.000298721169,0.000106782811,0.000329223137,0.000161850914,0,0,-2.06257567e-05,0,-0.00110063572,0.00026026905,-5.92930649e-05,0.000997121176,0.00110063572,-0.00026026905,3.86673082e-05,-0.000997121176,0,0,-0.000704531427,0,0.0490862309,0.160946382,-0.310563868,0.00313507424,-3.03511126e-05,-0.250474323,0.00800040072,1.57093762,-0.000115805257,-0.250492825,0.00767117758,1.57037027,0.015998022,0.026998022,0.0183043639,0,0.00391083234,0,0.616303993,0.590038491,0.000329223137,0.000298721169,0.000106782811,0.000329223137,0.000172975303,0.00711349751,0.00160824144,-0.995361124,0.000228671005,1.2
38.48,19240,VERIFY_HOLD,single_red_center-f6430d296e:0004:VERIFY_HOLD,LIFT,-2.42558298,1.90482796,0.0949980799,2.09169264,-2.42583176,1.90479163,0.0953321699,2.09162099,0.00024877461,3.63386626e-05,-0.00033409002,7.16509376e-05,0.00024877461,3.63386626e-05,0.00033409002,7.16509376e-05,0,0,-5.81852838e-05,0,0.00272839555,0.00282795065,-3.9638438e-05,0.00332765212,-0.00272839555,-0.00282795065,-1.85468458e-05,-0.00332765212,0,0,-0.00116742103,0,0.0627458833,0.0516382589,-0.0254667264,0.055351272,-3.03511126e-05,-0.250474323,0.00800192014,1.57093762,-9.62803987e-05,-0.250480611,0.00766783012,1.57058086,0.015998022,0.026998022,0.018423494,0,0.00275117978,0,0.60266461,0.596962579,0.00033409002,0.000301211756,0.000106782811,0.00033409002,0.000172975303,0.00246812649,-0.00156197679,-1.00241392,-0.000166974386,1.2
38.52,19260,VERIFY_HOLD,single_red_center-f6430d296e:0004:VERIFY_HOLD,LIFT,-2.42558298,1.90482796,0.0949946926,2.09169264,-2.42569189,1.90491474,0.0953302021,2.09175942,0.000108910529,-8.67780312e-05,-0.000335509544,-6.67795471e-05,0.000108910529,8.67780312e-05,0.000335509544,6.67795471e-05,0,0,-0.00011387477,0,0.00382755171,0.00231095722,0.000437827171,0.00244007737,-0.00382755171,-0.00231095722,-0.000551701941,-0.00244007737,0,0,-0.00161188012,0,0.0313279256,-0.417369428,0.375131676,-0.446857281,-3.03511126e-05,-0.250474323,0.00800530741,1.57093762,-4.89943916e-05,-0.250459264,0.00766979786,1.57098227,0.015998022,0.026998022,0.0185042376,0,0.00128126901,0,0.599297272,0.600522164,0.000335509544,0.000301211756,0.000106782811,0.000335509544,0.000172975303,-0.00147227124,-0.00362500349,-1.00236467,-0.000441675225,1.2
38.56,19280,VERIFY_HOLD,single_red_center-f6430d296e:0004:VERIFY_HOLD,LIFT,-2.42558298,1.90482796,0.094988729,2.09169264,-2.42556197,1.90498117,0.0953292982,2.09182241,-2.10147139e-05,-0.000153206073,-0.000340569226,-0.000129771823,2.10147139e-05,0.000153206073,0.000340569226,0.000129771823,0,0,-0.000186958381,0,0.0024595816,0.000677999566,-1.89227667e-05,0.000482334776,-0.0024595816,-0.000677999566,-0.000168035614,-0.000482334776,0,0,-0.00203815491,0,-0.0525779955,0.0442138121,-0.120113636,0.0524360979,-3.03511126e-05,-0.250474323,0.00801127103,1.57093762,-9.84497775e-06,-0.250447743,0.00767070181,1.57124161,0.015998022,0.026998022,0.0185338198,0,0.000362963063,0,0.596420757,0.603584689,0.000340569226,0.000301211756,0.000153206073,0.000340569226,0.000172975303,-0.00287228618,-0.00276623915,-1.02473866,-0.000297193184,1.2
38.6,19300,VERIFY_HOLD,single_red_center-f6430d296e:0004:VERIFY_HOLD,LIFT,-2.42558298,1.90482796,0.0949795091,2.09169264,-2.42551393,1.90495693,0.0953277403,2.09179299,-6.90579708e-05,-0.000128967608,-0.000348231176,-0.000100351569,6.90579708e-05,0.000128967608,0.000348231176,0.000100351569,0,0,-0.000276715064,0,3.8044839e-05,-0.00158895619,-0.000125909953,-0.00158095993,-3.8044839e-05,0.00158895619,-0.000150805111,0.00158095993,0,0,-0.00244648649,0,-0.0619728285,-0.0444066206,-0.00369676876,-0.0354433153,-3.03511126e-05,-0.250474323,0.0080204909,1.57093762,-2.23666811e-07,-0.250451948,0.00767225972,1.571236,0.015998022,0.026998022,0.018538361,0,-5.62508905e-05,0,0.599803034,0.600192644,0.000348231176,0.000301211756,0.000155979357,0.000348231176,0.000172975303,-0.00153185443,-0.000773681545,-1.04303223,-5.48122889e-05,1.2
38.64,19320,VERIFY_HOLD,single_red_center-f6430d296e:0004:VERIFY_HOLD,LIFT,-2.42558298,1.90482796,0.0949663817,2.09169264,-2.42554069,1.90489131,0.0953157915,2.09173634,-4.22923904e-05,-6.33442184e-05,-0.00034940983,-4.36998518e-05,4.22923904e-05,6.33442184e-05,0.00034940983,4.36998518e-05,0,0,-0.000382433379,0,-0.000938224002,-0.00139107678,-0.00036488127,-0.00103874933,0.000938224002,0.00139107678,-1.75521086e-05,0.00103874933,0,0,-0.00283711594,0,-0.00102279868,0.0233299301,-0.00283407449,0.0259125987,-3.03511126e-05,-0.250474323,0.00803361831,1.57093762,-1.34555717e-05,-0.250463334,0.00768420848,1.57108696,0.015998022,0.026998022,0.018535062,0,-6.60787119e-05,0,0.60002626,0.59997341,0.00034940983,0.000301211756,0.000155979357,0.00034940983,0.000172975303,5.47868054e-05,0.000151413285,-1.04319892,1.66034447e-05,1.2
38.68,19340,VERIFY_HOLD,single_red_center-f6430d296e:0004:VERIFY_HOLD,LIFT,-2.42558298,1.90482796,0.0949487236,2.09169264,-2.42557173,1.90485131,0.0952987713,2.09170928,-1.12578705e-05,-2.33455107e-05,-0.000350047756,-1.66347714e-05,1.12578705e-05,2.33455107e-05,0.000350047756,1.66347714e-05,0,0,-0.000503411503,0,-0.000558805583,-0.000676848696,-0.000484694085,-0.000421676327,0.000558805583,0.000676848696,-1.87174177e-05,0.000421676327,0,0,-0.00321028436,0,0.0133854181,0.0175362009,-0.00438402149,0.0123762635,-3.03511126e-05,-0.250474323,0.00805127641,1.57093762,-2.52083552e-05,-0.250470273,0.00770122866,1.57098886,0.015998022,0.026998022,0.0185334995,0,-2.02357419e-05,0,0.60004135,0.599959158,0.000350047756,0.000301211756,0.000155979357,0.000350047756,0.000172975303,0.00033651436,0.0001948993,-1.04347785,9.26478088e-06,1.2
38.72,19360,VERIFY_HOLD,single_red_center-f6430d296e:0004:VERIFY_HOLD,LIFT,-2.42558298,1.90482796,0.0949259395,2.09169264,-2.42558474,1.90483434,0.095276651,2.09169873,1.76114635e-06,-6.37396192e-06,-0.000350711529,-6.09317128e-06,1.76114635e-06,6.37396192e-06,0.000350711529,6.09317128e-06,0,0,-0.000638957225,0,-0.000150888185,-0.000244074048,-0.000617217088,-0.000158624131,0.000150888185,0.000244074048,-2.17401375e-05,0.000158624131,0,0,-0.00356623283,0,0.00775107557,0.00856789427,-0.00445821772,0.00488011181,-3.03511126e-05,-0.250474323,0.00807406053,1.57093762,-3.0157982e-05,-0.250473217,0.007723349,1.57094833,0.015998022,0.026998022,0.0185330965,0,-4.06704191e-06,0,0.600021469,0.599978792,0.000350711529,0.000301211756,0.000155979357,0.000350711529,0.000172975303,0.000194554379,0.000104094205,-1.04361588,3.85299266e-06,1.2
38.76,19380,VERIFY_HOLD,single_red_center-f6430d296e:0004:VERIFY_HOLD,LIFT,-2.42558298,1.90482796,0.0948974348,2.09169264,-2.42558655,1.90482905,0.0952488972,2.09169484,3.56615543e-06,-1.08072542e-06,-0.000351462445,-2.19715835e-06,3.56615543e-06,1.08072542e-06,0.000351462445,2.19715835e-06,0,0,-0.000788444436,0,1.74517562e-05,-6.08055517e-05,-0.000764443394,-5.75205365e-05,-1.74517562e-05,6.08055517e-05,-2.40010413e-05,5.75205365e-05,0,0,-0.00390513091,0,0.00207180166,0.00305866035,-0.00505065718,0.0018243356,-3.03511126e-05,-0.250474323,0.00810256522,1.57093762,-3.11368026e-05,-0.250474135,0.00775110278,1.57093733,0.015998022,0.026998022,0.0185330357,0,-1.90915542e-07,0,0.600006195,0.599993902,0.000351462445,0.000301211756,0.000155979357,0.000351462445,0.000172975303,5.84951448e-05,3.47587115e-05,-1.04382372,1.43070324e-06,1.2
38.8,19400,VERIFY_HOLD,single_red_center-f6430d296e:0004:VERIFY_HOLD,LIFT,-2.42558298,1.90482796,0.0948626667,2.09169264,-2.42558506,1.90482802,0.0952149641,2.09169344,2.07847658e-06,-5.04497581e-08,-0.000352297431,-7.98436934e-07,2.07847658e-06,5.04497581e-08,0.000352297431,7.98436934e-07,0,0,-0.000951183621,0,4.20778313e-05,-6.31353636e-06,-0.000925109289,-2.04791674e-05,-4.20778313e-05,6.31353636e-06,-2.60743323e-05,2.04791674e-05,0,0,-0.00422723357,0,-0.000231983989,0.000723068857,-0.00628011796,0.00065662691,-3.03511126e-05,-0.250474323,0.00813733333,1.57093762,-3.08666975e-05,-0.250474314,0.0077850359,1.57093639,0.015998022,0.026998022,0.0185330429,0,2.95583126e-07,0,0.60000012,0.599999908,0.000352297431,0.000301211756,0.000155979357,0.000352297431,0.000172975303,8.13383821e-07,5.03285876e-06,-1.04411309,4.77714331e-07,1.2
38.84,19420,VERIFY_HOLD,single_red_center-f6430d296e:0004:VERIFY_HOLD,LIFT,-2.42558298,1.90482796,0.0948211421,2.09169264,-2.42558371,1.90482801,0.0951743286,2.09169294,7.24623437e-07,-4.47046147e-08,-0.000353186479,-2.99487291e-07,7.24623437e-07,4.47046147e-08,0.000353186479,2.99487291e-07,0,0,-0.0011264615,0,2.46632947e-05,2.07105339e-06,-0.00109916464,-7.37078692e-06,-2.46632947e-05,-2.07105339e-06,-2.72968641e-05,7.37078692e-06,0,0,-0.00453284324,0,-0.000564413551,4.53132082e-05,-0.00702823611,0.000231478968,-3.03511126e-05,-0.250474323,0.00817885789,1.57093762,-3.05281637e-05,-0.250474315,0.00782567141,1.57093724,0.015998022,0.026998022,0.0185330521,0,1.55877175e-07,0,0.599999005,0.600001,0.000353186479,0.000301211756,0.000155979357,0.000353186479,0.000172975303,-1.01892281e-05,-2.2472212e-06,-1.04436399,1.46644173e-07,1.2
38.88,19440,VERIFY_HOLD,single_red_center-f6430d296e:0004:VERIFY_HOLD,LIFT,-2.42558298,1.90482796,0.0947723737,2.09169264,-2.42558309,1.90482807,0.0951265037,2.09169276,1.07540478e-07,-1.00695936e-07,-0.000354130002,-1.16874749e-07,1.07540478e-07,1.00695936e-07,0.000354130002,1.16874749e-07,0,0,-0.00131362453,0,8.45863079e-06,4.74303923e-07,-0.00128523054,-2.76862821e-06,-8.45863079e-06,-4.74303923e-07,-2.83939902e-05,2.76862821e-06,0,0,-0.00482220101,0,-0.000328427657,-4.38564856e-05,-0.00756467401,8.26869329e-05,-3.03511126e-05,-0.250474323,0.00822762629,1.57093762,-3.03680288e-05,-0.250474306,0.00787349629,1.57093773,0.015998022,0.026998022,0.0185330555,0,3.34488486e-08,0,0.599999372,0.600000628,0.000354130002,0.000301211756,0.000155979357,0.000354130002,0.000172975303,-6.55936248e-06,-1.9569208e-06,-1.04460435,4.55500047e-08,1.2
38.92,19460,VERIFY_HOLD,single_red_center-f6430d296e:0004:VERIFY_HOLD,LIFT,-2.42558298,1.90482796,0.0947158999,2.09169264,-2.42558293,1.90482805,0.0950710221,2.09169269,-5.08757401e-08,-8.70353589e-08,-0.000355122117,-4.66105368e-08,5.08757401e-08,8.70353589e-08,0.000355122117,4.66105368e-08,0,0,-0.0015120288,0,1.11784805e-06,-8.4412868e-07,-0.00148225063,-1.0958667e-06,-1.11784805e-06,8.4412868e-07,-2.97781722e-05,1.0958667e-06,0,0,-0.00509554798,0,-0.000110912972,-1.25789026e-05,-0.00786396201,3.10953309e-05,-3.03511126e-05,-0.250474323,0.00828410006,1.57093762,-3.03297089e-05,-0.250474308,0.00792897795,1.57093781,0.015998022,0.026998022,0.0185330558,0,-8.76438935e-09,0,0.599999791,0.600000209,0.000355122117,0.000301211756,0.000155979357,0.000355122117,0.000172975303,-2.28968485e-06,-6.80073782e-07,-1.04483063,1.7068742e-08,1.2
38.96,19480,VERIFY_HOLD,single_red_center-f6430d296e:0004:VERIFY_HOLD,LIFT,-2.42558298,1.90482796,0.0946512847,2.09169264,-2.42558294,1.90482801,0.0950074394,2.09169266,-4.60504741e-08,-4.89677368e-08,-0.000356154692,-1.83684925e-08,4.60504741e-08,4.89677368e-08,0.000356154692,1.83684925e-08,0,0,-0.00172104,0,-7.05195938e-07,-9.13190074e-07,-0.00168960722,-4.45514877e-07,7.05195938e-07,9.13190074e-07,-3.14327797e-05,4.45514877e-07,0,0,-0.00535312523,0,-1.34279435e-05,9.02815085e-06,-0.00773086883,1.24436133e-05,-3.03511126e-05,-0.250474323,0.00834871525,1.57093762,-3.03347055e-05,-0.250474315,0.00799256056,1.57093773,0.015998022,0.026998022,0.0185330553,0,-1.17115361e-08,0,0.599999983,0.600000017,0.000356154692,0.000301211756,0.000155979357,0.000356154692,0.000172975303,-2.67339033e-07,-2.05349551e-08,-1.04502171,8.08490697e-09,1.2
39,19500,VERIFY_HOLD,single_red_center-f6430d296e:0004:VERIFY_HOLD,LIFT,-2.42558298,1.90482796,0.0945781172,2.09169264,-2.42558297,1.90482798,0.0949353475,2.09169265,-1.76342199e-08,-2.00096875e-08,-0.000357230315,-6.93308078e-09,1.76342199e-08,2.00096875e-08,0.000357230315,6.93308078e-09,0,0,-0.00194003344,0,-5.92441585e-07,-5.37075783e-07,-0.00190654308,-1.78022593e-07,5.92441585e-07,5.37075783e-07,-3.34903559e-05,1.78022593e-07,0,0,-0.00559517386,0,1.01390694e-05,1.14133608e-05,-0.00740891686,5.13127176e-06,-3.03511126e-05,-0.250474323,0.00842188279,1.57093762,-3.03447046e-05,-0.25047432,0.00806465247,1.57093767,0.015998022,0.026998022,0.0185330549,0,-5.77599968e-09,0,0.600000027,0.599999973,0.000357230315,0.000301211756,0.000155979357,0.000357230315,0.000172975303,2.35010113e-07,1.29061252e-07,-1.04520264,4.07934397e-09,1.2
39.04,19520,VERIFY_HOLD,single_red_center-f6430d296e:0004:VERIFY_HOLD,LIFT,-2.42558298,1.90482796,0.0944960024,2.09169264,-2.42558298,1.90482797,0.0948543542,2.09169264,-1.99930383e-09,-5.73987724e-09,-0.000358351809,-2.46424348e-09,1.99930383e-09,5.73987724e-09,0.000358351809,2.46424348e-09,0,0,-0.00216840221,0,-2.24198317e-07,-2.18605227e-07,-0.00213229501,-6.72915527e-08,2.24198317e-07,2.18605227e-07,-3.61071953e-05,6.72915527e-08,0,0,-0.00582192091,0,8.15399039e-06,6.88724964e-06,-0.00714823089,2.07032561e-06,-3.03511126e-05,-0.250474323,0.00850399757,1.57093762,-3.03500407e-05,-0.250474322,0.00814564576,1.57093763,0.015998022,0.026998022,0.0185330548,0,-1.51439744e-09,0,0.60000002,0.59999998,0.000358351809,0.000301211756,0.000155979357,0.000358351809,0.000172975303,1.90314978e-07,9.18243472e-08,-1.04539944,1.87913951e-09,1.2
39.08,19540,VERIFY_HOLD,single_red_center-f6430d296e:0004:VERIFY_HOLD,LIFT,-2.42558298,1.90482796,0.0944045196,2.09169264,-2.42558299,1.90482797,0.094764088,2.09169264,2.18845697e-09,-8.15870482e-10,-0.000359568391,-8.29706526e-10,2.18845697e-09,8.15870482e-10,0.000359568391,8.29706526e-10,0,0,-0.00240558849,0,-2.66250754e-08,-5.91588035e-08,-0.00236837549,-2.35674206e-08,2.66250754e-08,5.91588035e-08,-3.72130001e-05,2.35674206e-08,0,0,-0.00603351895,0,3.0413692e-06,2.80246197e-06,-0.00853701017,7.82798765e-07,-3.03511126e-05,-0.250474323,0.00859548038,1.57093762,-3.03515796e-05,-0.250474323,0.00823591199,1.57093762,0.015998022,0.026998022,0.0185330548,0,8.80339474e-11,0,0.600000008,0.599999992,0.000359568391,0.000301211756,0.000155979357,0.000359568391,0.000172975303,7.49671969e-08,3.71986708e-08,-1.04578217,7.34634575e-10,1.2
39.12,19560,VERIFY_HOLD,single_red_center-f6430d296e:0004:VERIFY_HOLD,LIFT,-2.42558298,1.90482796,0.0943033936,2.09169264,-2.42558299,1.90482796,0.0946642121,2.09169264,1.82689863e-09,1.89075644e-10,-0.000360818421,-2.75748313e-10,1.82689863e-09,1.89075644e-10,0.000360818421,2.75748313e-10,0,0,-0.00265093166,0,2.60806352e-08,-5.4625718e-09,-0.00261325701,-7.68842612e-09,-2.60806352e-08,5.4625718e-09,-3.76746542e-05,7.68842612e-09,0,0,-0.00623031531,0,3.51709176e-07,7.36579773e-07,-0.00953263221,2.70954394e-07,-3.03511126e-05,-0.250474323,0.00869660635,1.57093762,-3.0351589e-05,-0.250474323,0.00833578793,1.57093762,0.015998022,0.026998022,0.0185330548,0,3.30123789e-10,0,0.600000001,0.599999999,0.000360818421,0.000301211756,0.000155979357,0.000360818421,0.000172975303,1.21826105e-08,8.03051847e-09,-1.04613124,2.31811903e-10,1.2
39.16,19580,VERIFY_HOLD,single_red_center-f6430d296e:0004:VERIFY_HOLD,LIFT,-2.42558298,1.90482796,0.0941923107,2.09169264,-2.42558298,1.90482796,0.0945544087,2.09169264,7.89758037e-10,1.32800215e-10,-0.000362097998,-9.7803543e-11,7.89758037e-10,1.32800215e-10,0.000362097998,9.7803543e-11,0,0,-0.0029038457,0,2.19516354e-08,4.06354726e-09,-0.00286563076,-2.4582073e-09,-2.19516354e-08,-4.06354726e-09,-3.82149443e-05,2.4582073e-09,0,0,-0.00641255109,0,-3.5435199e-07,4.83700884e-08,-0.0102297777,8.61767288e-08,-3.03511126e-05,-0.250474323,0.00880768932,1.57093762,-3.03513236e-05,-0.250474323,0.00844559132,1.57093762,0.015998022,0.026998022,0.0185330548,0,2.01547995e-10,0,0.6,0.6,0.000362097998,0.000301211756,0.000155979357,0.000362097998,0.000172975303,-5.90793547e-09,-1.09962173e-09,-1.04645587,5.45261614e-11,1.2
39.2,19600,VERIFY_HOLD,single_red_center-f6430d296e:0004:VERIFY_HOLD,LIFT,-2.42558298,1.90482796,0.0940709801,2.09169264,-2.42558298,1.90482796,0.0944343763,2.09169264,1.84794402e-10,-2.08610906e-12,-0.000363396227,-3.93036714e-11,1.84794402e-10,2.08610906e-12,0.000363396227,3.93036714e-11,0,0,-0.00316375421,0,9.37545473e-09,2.26008853e-09,-0.00312515567,-8.58541507e-10,-9.37545473e-09,-2.26008853e-09,-3.85985353e-05,8.58541507e-10,0,0,-0.00658046739,0,-2.94210013e-07,-6.48121823e-08,-0.0102768442,2.66523827e-08,-3.03511126e-05,-0.250474323,0.00892901992,1.57093762,-3.03511587e-05,-0.250474323,0.00856562369,1.57093762,0.015998022,0.026998022,0.0185330548,0,7.89886444e-11,0,0.6,0.6,0.000363396227,0.000301211756,0.000155979357,0.000363396227,0.000172975303,-5.83486326e-09,-1.87774418e-09,-1.0467185,8.08864087e-12,1.2
39.24,19620,VERIFY_HOLD,single_red_center-f6430d296e:0004:VERIFY_HOLD,LIFT,-2.42558298,1.90482796,0.093939134,2.09169264,-2.42558298,1.90482796,0.0943038518,2.09169264,-1.62962976e-11,-4.4319437e-11,-0.000364717843,-1.72817316e-11,1.62962976e-11,4.4319437e-11,0.000364717843,1.72817316e-11,0,0,-0.00343009039,0,2.07087718e-09,1.88490801e-10,-0.00339084193,-3.56063656e-10,-2.07087718e-09,-1.88490801e-10,-3.9248454e-05,3.56063656e-10,0,0,-0.0067343053,0,-1.247417e-07,-3.46343665e-08,-0.0100384259,9.21419874e-09,-3.03511126e-05,-0.250474323,0.00906086601,1.57093762,-3.03511041e-05,-0.250474323,0.00869614817,1.57093762,0.015998022,0.026998022,0.0185330548,0,2.53704104e-11,0,0.6,0.6,0.000364717843,0.000301211756,0.000155979357,0.000364717843,0.000172975303,-2.53933763e-09,-8.64297078e-10,-1.04695719,1.08268949e-12,1.2
39.28,19640,VERIFY_HOLD,single_red_center-f6430d296e:0004:VERIFY_HOLD,LIFT,-2.42558298,1.90482796,0.0937965269,2.09169264,-2.42558298,1.90482796,0.0941625828,2.09169264,-3.75082188e-11,-3.39843709e-11,-0.00036605588,-7.57793828e-12,3.75082188e-11,3.39843709e-11,0.00036605588,7.57793828e-12,0,0,-0.00370229707,0,-3.37545117e-10,-4.89675389e-10,-0.00366153114,-1.64531935e-10,3.37545117e-10,4.89675389e-10,-4.07659304e-05,1.64531935e-10,0,0,-0.00687430589,0,-2.54019508e-08,-3.50479379e-09,-0.00945955029,3.75463671e-09,-3.03511126e-05,-0.250474323,0.00920347305,1.57093762,-3.03510998e-05,-0.250474323,0.00883741717,1.57093762,0.015998022,0.026998022,0.0185330548,0,1.04560837e-11,0,0.6,0.6,0.00036605588,0.000301211756,0.000155979357,0.00036605588,0.000172975303,-4.71715111e-10,-1.39134926e-10,-1.04716577,1.24877886e-12,1.2
39.32,19660,VERIFY_HOLD,single_red_center-f6430d296e:0004:VERIFY_HOLD,LIFT,-2.42558298,1.90482796,0.0936429356,2.09169264,-2.42558298,1.90482796,0.0940103487,2.09169264,-1.70898851e-11,-1.53328461e-11,-0.000367413111,-3.04689607e-12,1.70898851e-11,1.53328461e-11,0.000367413111,3.04689607e-12,0,0,-0.00397982669,0,-5.21716272e-10,-3.999701e-10,-0.00393679411,-7.50228117e-11,5.21716272e-10,3.999701e-10,-4.30325806e-05,7.50228117e-11,0,0,-0.00700071027,0,3.64379282e-09,5.34601341e-09,-0.00874474118,2.00098643e-09,-3.03511126e-05,-0.250474323,0.00935706444,1.57093762,-3.03511068e-05,-0.250474323,0.00898965133,1.57093762,0.015998022,0.026998022,0.0185330548,0,2.03480016e-11,0,0.6,0.6,0.000367413111,0.000301211756,0.000155979357,0.000367413111,0.000172975303,1.65933045e-10,8.52296012e-11,-1.04736417,1.44240175e-12,1.2
39.36,19680,VERIFY_HOLD,single_red_center-f6430d296e:0004:VERIFY_HOLD,LIFT,-2.42558298,1.90482796,0.0934780958,2.09169264,-2.42558298,1.90482796,0.0938469369,2.09169264,-1.53965729e-12,-3.74322795e-12,-0.000368841173,-1.09423581e-12,1.53965729e-12,3.74322795e-12,0.000368841173,1.09423581e-12,0,0,-0.00426216467,0,-2.62253238e-10,-1.96126658e-10,-0.00421836782,-3.01727642e-11,2.62253238e-10,1.96126658e-10,-4.37968563e-05,3.01727642e-11,0,0,-0.00711368764,0,6.81916745e-09,4.99027397e-09,-0.00951699518,8.99819497e-10,-3.03511126e-05,-0.250474323,0.00952190425,1.57093762,-3.03511119e-05,-0.250474323,0.00915306308,1.57093762,0.015998022,0.026998022,0.0185330548,0,2.15915628e-11,0,0.6,0.6,0.000368841173,0.000301211756,0.000155979357,0.000368841173,0.000172975303,2.33512765e-10,1.01884723e-10,-1.04772751,8.61533067e-13,1.2
39.4,19700,VERIFY_HOLD,single_red_center-f6430d296e:0004:VERIFY_HOLD,LIFT,-2.42558298,1.90482796,0.0933018599,2.09169264,-2.42558298,1.90482796,0.0936721686,2.09169264,4.04654088e-12,8.35109759e-13,-0.000370308766,-3.4861003e-13,4.04654088e-12,8.35109759e-13,0.000370308766,3.4861003e-13,0,0,-0.00454876286,0,-5.39931051e-11,-5.69325229e-11,-0.0045046128,-1.05895214e-11,5.39931051e-11,5.69325229e-11,-4.41500576e-05,1.05895214e-11,0,0,-0.00721352251,0,3.89532318e-09,2.72504508e-09,-0.0109046377,3.42807838e-10,-3.03511126e-05,-0.250474323,0.00969814013,1.57093762,-3.03511137e-05,-0.250474323,0.00932783137,1.57093762,0.015998022,0.026998022,0.0185330548,0,2.62979577e-11,0,0.6,0.6,0.000370308766,0.000301211756,0.000155979357,0.000370308766,0.000172975303,1.39927181e-10,6.02113914e-11,-1.04816094,3.78364007e-13,1.2
39.44,19720,VERIFY_HOLD,single_red_center-f6430d296e:0004:VERIFY_HOLD,LIFT,-2.42558298,1.90482796,0.0931140957,2.09169264,-2.42558298,1.90482796,0.0934858729,2.09169264,4.45243842e-12,1.82809323e-12,-0.000371777189,-1.13686838e-13,4.45243842e-12,1.82809323e-12,0.000371777189,1.13686838e-13,0,0,-0.00483909126,0,1.92313637e-11,-3.03055749e-12,-0.0047952474,-3.16349002e-12,-1.92313637e-11,3.03055749e-12,-4.38438514e-05,3.16349002e-12,0,0,-0.00730048812,0,2.05098871e-09,1.37539757e-09,-0.0114988822,4.26324531e-11,-3.03511126e-05,-0.250474323,0.00988590431,1.57093762,-3.03511139e-05,-0.250474323,0.00951412712,1.57093762,0.015998022,0.026998022,0.0185330548,0,2.76387809e-11,0,0.6,0.6,0.000371777189,0.000301211756,0.000155979357,0.000371777189,0.000172975303,7.43654027e-11,3.17115223e-11,-1.04851363,8.52651283e-14,1.2
39.48,19740,VERIFY_HOLD,single_red_center-f6430d296e:0004:VERIFY_HOLD,LIFT,-2.42558298,1.90482796,0.0929146645,2.09169264,-2.42558298,1.90482796,0.0932879148,2.09169264,3.40172335e-12,1.61670677e-12,-0.000373250249,-5.19584376e-14,3.40172335e-12,1.61670677e-12,0.000373250249,5.19584376e-14,0,0,-0.00513264097,0,2.43360674e-11,7.59343338e-12,-0.00508928854,-6.10475096e-13,-2.43360674e-11,-7.59343338e-12,-4.33524303e-05,6.10475096e-13,0,0,-0.00737482557,0,4.36445546e-10,3.58053143e-10,-0.0116240031,-2.62804778e-11,-3.03511126e-05,-0.250474323,0.0100853355,1.57093762,-3.03511136e-05,-0.250474323,0.00971208522,1.57093762,0.015998022,0.026998022,0.0185330548,0,2.61042034e-11,0,0.6,0.6,0.000373250249,0.000301211756,0.000155979357,0.000373250249,0.000172975303,4.54960514e-11,1.89075422e-11,-1.04881967,-4.97379915e-14,1.2
39.52,19760,VERIFY_HOLD,single_red_center-f6430d296e:0004:VERIFY_HOLD,LIFT,-2.42558298,1.90482796,0.0927034478,2.09169264,-2.42558298,1.90482796,0.0930781756,2.09169264,2.39319675e-12,1.21880284e-12,-0.00037472778,-3.41948692e-14,2.39319675e-12,1.21880284e-12,0.00037472778,3.41948692e-14,0,0,-0.00542891274,0,9.38787882e-12,3.61943776e-12,-0.00538633745,5.96723211e-13,-9.38787882e-12,-3.61943776e-12,-4.25752866e-05,-5.96723211e-13,0,0,-0.00743677593,0,-2.34942199e-09,-1.0927268e-09,-0.0113491054,9.68658487e-11,-3.03511126e-05,-0.250474323,0.0102965522,1.57093762,-3.03511133e-05,-0.250474323,0.00992182442,1.57093762,0.015998022,0.026998022,0.0185330548,0,2.21017778e-11,0,0.6,0.6,0.00037472778,0.000301211756,0.000155979357,0.00037472778,0.000172975303,3.45536932e-11,1.38911105e-11,-1.04908603,-1.11022302e-13,1.2
39.56,19780,VERIFY_HOLD,single_red_center-f6430d296e:0004:VERIFY_HOLD,LIFT,-2.42558298,1.90482796,0.0924803467,2.09169264,-2.42558298,1.90482796,0.092856545,2.09169264,2.00950367e-12,1.05648823e-12,-0.000376198332,-2.7533531e-14,2.00950367e-12,1.05648823e-12,0.000376198332,2.7533531e-14,0,0,-0.00572741689,0,1.98296714e-11,9.46296821e-12,-0.00568340659,-5.49545143e-13,-1.98296714e-11,-9.46296821e-12,-4.40103033e-05,5.49545143e-13,0,0,-0.00748658031,0,-5.5906213e-10,-2.29330333e-10,-0.0107892234,8.11538059e-11,-3.03511126e-05,-0.250474323,0.0105196533,1.57093762,-3.03511132e-05,-0.250474323,0.010143455,1.57093762,0.015998022,0.026998022,0.0185330548,0,2.96767471e-11,0,0.6,0.6,0.000376198332,0.000301211756,0.000155979357,0.000376198332,0.000172975303,2.01225703e-11,8.21742674e-12,-1.04932336,1.15463195e-14,1.2
39.6,19800,VERIFY_HOLD,single_red_center-f6430d296e:0004:VERIFY_HOLD,LIFT,-2.42558298,1.90482796,0.0922452816,2.09169264,-2.42558298,1.90482796,0.0926229501,2.09169264,1.51612056e-12,8.11128942e-13,-0.000377668574,-2.39808173e-14,1.51612056e-12,8.11128942e-13,0.000377668574,2.39808173e-14,0,0,-0.0060276734,0,3.44385661e-12,1.93151685e-12,-0.00598229725,1.63688384e-13,-3.44385661e-12,-1.93151685e-12,-4.53761488e-05,-1.63688384e-13,0,0,-0.00752447979,0,-1.06821041e-09,-5.14405407e-10,-0.00986679464,5.32756061e-11,-3.03511126e-05,-0.250474323,0.0107547184,1.57093762,-3.03511131e-05,-0.250474323,0.0103770499,1.57093762,0.015998022,0.026998022,0.0185330548,0,2.49111006e-11,0,0.6,0.6,0.000377668574,0.000301211756,0.000155979357,0.000377668574,0.000172975303,2.50608423e-11,9.92628202e-12,-1.0495243,-5.5067062e-14,1.2
39.64,19820,VERIFY_HOLD,single_red_center-f6430d296e:0004:VERIFY_HOLD,LIFT,-2.42558298,1.90482796,0.0919981661,2.09169264,-2.42558298,1.90482796,0.0923773285,2.09169264,1.20525812e-12,6.51034782e-13,-0.000379162384,-1.687539e-14,1.20525812e-12,6.51034782e-13,0.000379162384,1.687539e-14,0,0,-0.00632921358,0,8.18269486e-12,4.30706854e-12,-0.0062825752,-7.57319549e-14,-8.18269486e-12,-4.30706854e-12,-4.66383787e-05,7.57319549e-14,0,0,-0.00755069103,0,-1.13313625e-09,-5.36617861e-10,-0.00957471856,8.9813601e-11,-3.03511126e-05,-0.250474323,0.0110018339,1.57093762,-3.0351113e-05,-0.250474323,0.0106226715,1.57093762,0.015998022,0.026998022,0.0185330548,0,2.6700644e-11,0,0.6,0.6,0.000379162384,0.000301211756,0.000155979357,0.000379162384,0.000172975303,1.41753276e-11,5.6630256e-12,-1.04979383,-1.15463195e-14,1.2
39.68,19840,VERIFY_HOLD,single_red_center-f6430d296e:0004:VERIFY_HOLD,LIFT,-2.42558298,1.90482796,0.0917389146,2.09169264,-2.42558298,1.90482796,0.0921196261,2.09169264,9.76108083e-13,5.2846616e-13,-0.000380711562,-1.42108547e-14,9.76108083e-13,5.2846616e-13,0.000380711562,1.42108547e-14,0,0,-0.00663157521,0,8.11825944e-12,4.20734327e-12,-0.00658488106,-2.40172699e-13,-8.11825944e-12,-4.20734327e-12,-4.66941475e-05,2.40172699e-13,0,0,-0.00756541622,0,5.65515634e-10,2.72703637e-10,-0.0109961788,-3.42119666e-11,-3.03511126e-05,-0.250474323,0.0112610854,1.57093762,-3.03511129e-05,-0.250474323,0.0108803739,1.57093762,0.015998022,0.026998022,0.0185330548,0,2.75612735e-11,0,0.6,0.6,0.000380711562,0.000301211756,0.000155979357,0.000380711562,0.000172975303,1.2768453e-11,5.08748599e-12,-1.05024808,-1.0658141e-14,1.2
39.72,19860,VERIFY_HOLD,single_red_center-f6430d296e:0004:VERIFY_HOLD,LIFT,-2.42558298,1.90482796,0.0914675726,2.09169264,-2.42558298,1.90482796,0.0918498214,2.09169264,6.48370246e-13,3.56159546e-13,-0.000382248845,-1.02140518e-14,6.48370246e-13,3.56159546e-13,0.000382248845,1.02140518e-14,0,0,-0.0069343,0,3.70817812e-12,2.12014557e-12,-0.0068886066,4.24598612e-14,-3.70817812e-12,-2.12014557e-12,-4.56934069e-05,-4.24598612e-14,0,0,-0.00756896348,0,7.47180096e-10,3.46917162e-10,-0.0117101647,-7.90554844e-11,-3.03511126e-05,-0.250474323,0.0115324274,1.57093762,-3.03511128e-05,-0.250474323,0.0111501786,1.57093762,0.015998022,0.026998022,0.0185330548,0,2.57607219e-11,0,0.6,0.6,0.000382248845,0.000301211756,0.000155979357,0.000382248845,0.000172975303,1.07789333e-11,4.22417656e-12,-1.05062737,-3.73034936e-14,1.2
39.76,19880,VERIFY_HOLD,single_red_center-f6430d296e:0004:VERIFY_HOLD,LIFT,-2.42558298,1.90482796,0.0911841346,2.09169264,-2.42558298,1.90482796,0.0915679108,2.09169264,3.01092484e-13,1.74749104e-13,-0.000383776229,-3.10862447e-15,3.01092484e-13,1.74749104e-13,0.000383776229,3.10862447e-15,0,0,-0.0072369466,0,1.06502743e-11,5.53671461e-12,-0.00719220834,-1.56020669e-13,-1.06502743e-11,-5.53671461e-12,-4.47382669e-05,1.56020669e-13,0,0,-0.00756157388,0,5.18845411e-10,2.4845459e-10,-0.0120758176,-3.8741399e-11,-3.03511126e-05,-0.250474323,0.0118158654,1.57093762,-3.03511127e-05,-0.250474323,0.0114320892,1.57093762,0.015998022,0.026998022,0.0185330548,0,2.7318407e-11,0,0.6,0.6,0.000383776229,0.000301211756,0.000155979357,0.000383776229,0.000172975303,-3.25428573e-12,-1.27542421e-12,-1.05096913,2.66453526e-15,1.2
39.8,19900,VERIFY_HOLD,single_red_center-f6430d296e:0004:VERIFY_HOLD,LIFT,-2.42558298,1.90482796,0.0908886123,2.09169264,-2.42558298,1.90482796,0.0912738949,2.09169264,5.59552404e-14,4.37427872e-14,-0.000385282564,-4.4408921e-16,5.59552404e-14,4.37427872e-14,0.000385282564,4.4408921e-16,0,0,-0.00753908325,0,1.06552279e-11,5.45851716e-12,-0.00749491865,-3.46039179e-13,-1.06552279e-11,-5.45851716e-12,-4.41646041e-05,3.46039179e-13,0,0,-0.00754348853,0,7.34161176e-10,3.59149155e-10,-0.0118070022,-3.45582452e-11,-3.03511126e-05,-0.250474323,0.0121113877,1.57093762,-3.03511126e-05,-0.250474323,0.0117261051,1.57093762,0.015998022,0.026998022,0.0185330548,0,2.81933097e-11,0,0.6,0.6,0.000385282564,0.000301211756,0.000155979357,0.000385282564,0.000172975303,-7.7662321e-12,-3.01980663e-12,-1.05124281,2.66453526e-14,1.2
39.84,19920,VERIFY_HOLD,single_red_center-f6430d296e:0004:VERIFY_HOLD,LIFT,-2.42558298,1.90482796,0.0905810346,2.09169264,-2.42558298,1.90482796,0.0909678322,2.09169264,-5.3379523e-13,-2.56905608e-13,-0.000386797561,1.42108547e-14,5.3379523e-13,2.56905608e-13,0.000386797561,1.42108547e-14,0,0,-0.00784028781,0,2.93910039e-11,1.47997595e-11,-0.00779846866,-7.21670759e-13,-2.93910039e-11,-1.47997595e-11,-4.18191471e-05,7.21670759e-13,0,0,-0.0075149485,0,-2.90883051e-09,-1.34268419e-09,-0.0117335738,3.09652692e-10,-3.03511126e-05,-0.250474323,0.0124189654,1.57093762,-3.03511124e-05,-0.250474323,0.0120321678,1.57093762,0.015998022,0.026998022,0.0185330548,0,3.15854424e-11,0,0.6,0.6,0.000386797561,0.000301211756,0.000155979357,0.000386797561,0.000172975303,-4.42312853e-11,-1.72377668e-11,-1.05153609,1.47437618e-13,1.2
39.88,19940,VERIFY_HOLD,single_red_center-f6430d296e:0004:VERIFY_HOLD,LIFT,-2.42558298,1.90482796,0.090261447,2.09169264,-2.42558298,1.90482796,0.0906496955,2.09169264,-2.93098879e-13,-1.48769885e-13,-0.000388248545,5.32907052e-15,2.93098879e-13,1.48769885e-13,0.000388248545,5.32907052e-15,0,0,-0.00814014775,0,2.38266362e-11,1.1561084e-11,-0.00809571741,-1.37672083e-12,-2.38266362e-11,-1.1561084e-11,-4.44303414e-05,1.37672083e-12,0,0,-0.0074761949,0,2.33988828e-10,1.66328284e-10,-0.0103602362,1.21632204e-10,-3.03511126e-05,-0.250474323,0.012738553,1.57093762,-3.03511125e-05,-0.250474323,0.0123503045,1.57093762,0.015998022,0.026998022,0.0185330548,0,3.42356953e-11,0,0.6,0.6,0.000388248545,0.000301211756,0.000155979357,0.000388248545,0.000172975303,-2.83222334e-11,-1.09032783e-11,-1.05168987,1.63424829e-13,1.2
39.92,19960,VERIFY_HOLD,single_red_center-f6430d296e:0004:VERIFY_HOLD,LIFT,-2.42558298,1.90482796,0.0899299111,2.09169264,-2.42558298,1.90482796,0.0903196115,2.09169264,-9.00612918e-13,-4.58744154e-13,-0.000389700442,1.24344979e-14,9.00612918e-13,4.58744154e-13,0.000389700442,1.24344979e-14,0,0,-0.00843826017,0,8.31371637e-12,4.47644265e-12,-0.00839224372,1.10507653e-13,-8.31371637e-12,-4.47644265e-12,-4.60164489e-05,-1.10507653e-13,0,0,-0.00742746881,0,-1.02890496e-09,-4.93089125e-10,-0.00917513942,6.26480534e-11,-3.03511126e-05,-0.250474323,0.0130700889,1.57093762,-3.03511123e-05,-0.250474323,0.0126803885,1.57093762,0.015998022,0.026998022,0.0185330548,0,2.51643082e-11,0,0.6,0.6,0.000389700442,0.000301211756,0.000155979357,0.000389700442,0.000172975303,-2.7881697e-11,-1.10524923e-11,-1.05186168,2.39808173e-14,1.2
39.96,19980,VERIFY_HOLD,single_red_center-f6430d296e:0004:VERIFY_HOLD,LIFT,-2.42558298,1.90482796,0.0895864591,2.09169264,-2.42558298,1.90482796,0.0899776365,2.09169264,-1.1235457e-12,-5.82200954e-13,-0.000391177395,1.02140518e-14,1.1235457e-12,5.82200954e-13,0.000391177395,1.02140518e-14,0,0,-0.00873422217,0,2.86456532e-13,4.38224953e-13,-0.00868751352,9.23824927e-14,-2.86456532e-13,-4.38224953e-13,-4.67086515e-05,-9.23824927e-14,0,0,-0.00736897471,0,-1.06677334e-10,-6.15170137e-11,-0.00918011662,-1.30357947e-11,-3.03511126e-05,-0.250474323,0.0134135409,1.57093762,-3.03511123e-05,-0.250474323,0.0130223635,1.57093762,0.015998022,0.026998022,0.0185330548,0,2.42669279e-11,0,0.6,0.6,0.000391177395,0.000301211756,0.000155979357,0.000391177395,0.000172975303,-2.29434249e-11,-9.15534315e-12,-1.0521589,8.8817842e-15,1.2
40,20000,VERIFY_HOLD,single_red_center-f6430d296e:0004:VERIFY_HOLD,LIFT,-2.42558298,1.90482796,0.0892311502,2.09169264,-2.42558298,1.90482796,0.0896238563,2.09169264,-1.21369581e-12,-6.37490061e-13,-0.000392706153,7.54951657e-15,1.21369581e-12,6.37490061e-13,0.000392706153,7.54951657e-15,0,0,-0.00902763687,0,-3.82677097e-12,-1.78869398e-12,-0.00898302674,-1.49389405e-13,3.82677097e-12,1.78869398e-12,-4.46101294e-05,1.49389405e-13,0,0,-0.00730092854,0,2.05094253e-09,9.66783098e-10,-0.0111191963,-1.67344361e-10,-3.03511126e-05,-0.250474323,0.0137688498,1.57093762,-3.03511122e-05,-0.250474323,0.0133761437,1.57093762,0.015998022,0.026998022,0.0185330548,0,2.47490236e-11,0,0.6,0.6,0.000392706153,0.000301211756,0.000155979357,0.000392706153,0.000172975303,-1.68327574e-11,-6.75726142e-12,-1.05266119,2.66453526e-15,1.2
40.04,20020,VERIFY_HOLD,single_red_center-f6430d296e:0004:VERIFY_HOLD,LIFT,-2.42558298,1.90482796,0.0888642072,2.09169264,-2.42558298,1.90482796,0.0892583824,2.09169264,-1.6258106e-12,-8.45101766e-13,-0.000394175246,2.22044605e-14,1.6258106e-12,8.45101766e-13,0.000394175246,2.22044605e-14,0,0,-0.00931815472,0,1.27826892e-11,6.54105863e-12,-0.00927488605,-2.03522637e-13,-1.27826892e-11,-6.54105863e-12,-4.32686706e-05,2.03522637e-13,0,0,-0.00722366372,0,8.39355252e-10,4.04061673e-10,-0.0114937521,-6.11815043e-11,-3.03511126e-05,-0.250474323,0.0141357928,1.57093762,-3.03511121e-05,-0.250474323,0.0137416176,1.57093762,0.015998022,0.026998022,0.0185330548,0,2.62946258e-11,0,0.6,0.6,0.000394175246,0.000301211756,0.000155979357,0.000394175246,0.000172975303,-4.32436309e-11,-1.71205272e-11,-1.05299272,5.41788836e-14,1.2
40.08,20040,VERIFY_HOLD,single_red_center-f6430d296e:0004:VERIFY_HOLD,LIFT,-2.42558298,1.90482796,0.0884857788,2.09169264,-2.42558298,1.90482796,0.0888813485,2.09169264,-1.90603089e-12,-9.95870053e-13,-0.000395569659,2.17603713e-14,1.90603089e-12,9.95870053e-13,0.000395569659,2.17603713e-14,0,0,-0.0096054229,0,8.60882002e-12,4.41641048e-12,-0.00955923898,-3.72769663e-13,-8.60882002e-12,-4.41641048e-12,-4.61839181e-05,3.72769663e-13,0,0,-0.00713743964,0,3.15057846e-09,1.49977719e-09,-0.0104230359,-2.38016995e-10,-3.03511126e-05,-0.250474323,0.0145142212,1.57093762,-3.0351112e-05,-0.250474323,0.0141186515,1.57093762,0.015998022,0.026998022,0.0185330548,0,2.63624049e-11,0,0.6,0.6,0.000395569659,0.000301211756,0.000155979357,0.000395569659,0.000172975303,-4.06075173e-11,-1.61328728e-11,-1.05316564,4.17443857e-14,1.2
40.12,20060,VERIFY_HOLD,single_red_center-f6430d296e:0004:VERIFY_HOLD,LIFT,-2.42558298,1.90482796,0.0880958263,2.09169264,-2.42558298,1.90482796,0.0884928474,2.09169264,-1.82920346e-12,-9.70112879e-13,-0.000397021144,1.19904087e-14,1.82920346e-12,9.70112879e-13,0.000397021144,1.19904087e-14,0,0,-0.00988903083,0,-9.85610705e-13,-6.73483777e-13,-0.00984775002,-8.12136568e-13,9.85610705e-13,6.73483777e-13,-4.12808051e-05,8.12136568e-13,0,0,-0.00704236185,0,3.00840952e-09,1.44601575e-09,-0.0107870663,-1.76530179e-10,-3.03511126e-05,-0.250474323,0.0149041737,1.57093762,-3.03511121e-05,-0.250474323,0.0145071526,1.57093762,0.015998022,0.026998022,0.0185330548,0,2.72048996e-11,0,0.6,0.6,0.000397021144,0.000301211756,0.000155979357,0.000397021144,0.000172975303,-3.0127012e-11,-1.19086963e-11,-1.05349093,7.46069873e-14,1.2
40.16,20080,VERIFY_HOLD,single_red_center-f6430d296e:0004:VERIFY_HOLD,LIFT,-2.42558298,1.90482796,0.0876946775,2.09169264,-2.42558298,1.90482796,0.0880930765,2.09169264,-2.4118485e-12,-1.259437e-12,-0.000398399032,3.50830476e-14,2.4118485e-12,1.259437e-12,0.000398399032,3.50830476e-14,0,0,-0.0101686895,0,1.29172442e-11,6.66949024e-12,-0.0101277938,2.18974246e-15,-1.29172442e-11,-6.66949024e-12,-4.08956794e-05,-2.18974246e-15,0,0,-0.00693880697,0,-8.69418315e-10,-4.09098533e-10,-0.00993327079,6.39725495e-11,-3.03511126e-05,-0.250474323,0.0153053225,1.57093762,-3.03511119e-05,-0.250474323,0.0149069235,1.57093762,0.015998022,0.026998022,0.0185330548,0,2.43532968e-11,0,0.6,0.6,0.000398399032,0.000301211756,0.000155979357,0.000398399032,0.000172975303,-6.22293328e-11,-2.46274112e-11,-1.05368055,7.99360578e-14,1.2
40.2,20100,VERIFY_HOLD,single_red_center-f6430d296e:0004:VERIFY_HOLD,LIFT,-2.42558298,1.90482796,0.0872824387,2.09169264,-2.42558298,1.90482796,0.0876822016,2.09169264,-2.91500157e-12,-1.51945123e-12,-0.000399762875,4.17443857e-14,2.91500157e-12,1.51945123e-12,0.000399762875,4.17443857e-14,0,0,-0.0104440447,0,1.48214022e-11,7.75187519e-12,-0.0104048396,3.24684028e-14,-1.48214022e-11,-7.75187519e-12,-3.92051717e-05,-3.24684028e-14,0,0,-0.00682697093,0,-4.97653474e-09,-2.35480968e-09,-0.00912977056,4.0455761e-10,-3.03511126e-05,-0.250474323,0.0157175613,1.57093762,-3.03511117e-05,-0.250474323,0.0153177984,1.57093762,0.015998022,0.026998022,0.0185330548,0,2.39278832e-11,0,0.6,0.6,0.000399762875,0.000301211756,0.000155979357,0.000399762875,0.000172975303,-8.16555712e-11,-3.22266658e-11,-1.05387139,1.43884904e-13,1.2
40.24,20120,VERIFY_HOLD,single_red_center-f6430d296e:0004:VERIFY_HOLD,LIFT,-2.42558298,1.90482796,0.0868592524,2.09169264,-2.42558298,1.90482796,0.087260349,2.09169264,-2.62723177e-12,-1.38400402e-12,-0.000401096611,3.5971226e-14,2.62723177e-12,1.38400402e-12,0.000401096611,3.5971226e-14,0,0,-0.0107147543,0,1.90083106e-11,9.24080073e-12,-0.010673388,-1.01131233e-12,-1.90083106e-11,-9.24080073e-12,-4.13663391e-05,1.01131233e-12,0,0,-0.00670706871,0,-2.13411511e-10,-5.91748872e-11,-0.00874325691,1.2195106e-10,-3.03511126e-05,-0.250474323,0.0161407476,1.57093762,-3.03511118e-05,-0.250474323,0.015739651,1.57093762,0.015998022,0.026998022,0.0185330548,0,2.91838987e-11,0,0.6,0.6,0.000401096611,0.000301211756,0.000155979357,0.000401096611,0.000172975303,-7.11892767e-11,-2.79740675e-11,-1.05410231,1.88293825e-13,1.2
40.28,20140,VERIFY_HOLD,single_red_center-f6430d296e:0004:VERIFY_HOLD,LIFT,-2.42558298,1.90482796,0.086425299,2.09169264,-2.42558298,1.90482796,0.0868277561,2.09169264,-3.11484172e-12,-1.63247194e-12,-0.000402457081,4.08562073e-14,3.11484172e-12,1.63247194e-12,0.000402457081,4.08562073e-14,0,0,-0.0109804929,0,7.55152257e-12,4.0243571e-12,-0.0109398844,5.17966731e-14,-7.55152257e-12,-4.0243571e-12,-4.06084479e-05,-5.17966731e-14,0,0,-0.00657933469,0,2.73795209e-10,1.26787469e-10,-0.0097845289,-3.84012822e-11,-3.03511126e-05,-0.250474323,0.016574701,1.57093762,-3.03511117e-05,-0.250474323,0.0161722439,1.57093762,0.015998022,0.026998022,0.0185330548,0,2.22747977e-11,0,0.6,0.6,0.000402457081,0.000301211756,0.000155979357,0.000402457081,0.000172975303,-6.90434376e-11,-2.73949752e-11,-1.05448135,7.01660952e-14,1.2
40.32,20160,VERIFY_HOLD,single_red_center-f6430d296e:0004:VERIFY_HOLD,LIFT,-2.42558298,1.90482796,0.0859808318,2.09169264,-2.42558298,1.90482796,0.0863846072,2.09169264,-3.25606209e-12,-1.71485048e-12,-0.000403775369,3.55271368e-14,3.25606209e-12,1.71485048e-12,0.000403775369,3.55271368e-14,0,0,-0.0112409751,0,-5.72393048e-12,-2.57027648e-12,-0.0112022139,2.51655837e-13,5.72393048e-12,2.57027648e-12,-3.87611283e-05,-2.51655837e-13,0,0,-0.00644404646,0,8.78824125e-10,3.94810407e-10,-0.0100282365,-1.1035578e-10,-3.03511126e-05,-0.250474323,0.0170191682,1.57093762,-3.03511116e-05,-0.250474323,0.0166153928,1.57093762,0.015998022,0.026998022,0.0185330548,0,1.95008559e-11,0,0.6,0.6,0.000403775369,0.000301211756,0.000155979357,0.000403775369,0.000172975303,-5.80087089e-11,-2.31565878e-11,-1.05477029,2.93098879e-14,1.2
40.36,20180,VERIFY_HOLD,single_red_center-f6430d296e:0004:VERIFY_HOLD,LIFT,-2.42558298,1.90482796,0.0855260667,2.09169264,-2.42558298,1.90482796,0.0859311256,2.09169264,-3.48698848e-12,-1.83320026e-12,-0.000405058974,4.52970994e-14,3.48698848e-12,1.83320026e-12,0.000405058974,4.52970994e-14,0,0,-0.0114959042,0,7.43674969e-12,3.87243601e-12,-0.0114587867,-5.04562749e-14,-7.43674969e-12,-3.87243601e-12,-3.71174413e-05,5.04562749e-14,0,0,-0.0063014451,0,1.86153315e-10,8.92752539e-11,-0.0100525867,-1.74133485e-11,-3.03511126e-05,-0.250474323,0.0174739333,1.57093762,-3.03511116e-05,-0.250474323,0.0170688744,1.57093762,0.015998022,0.026998022,0.0185330548,0,2.17928516e-11,0,0.6,0.6,0.000405058974,0.000301211756,0.000155979357,0.000405058974,0.000172975303,-7.65467689e-11,-3.03472802e-11,-1.05502975,9.32587341e-14,1.2
40.4,20200,VERIFY_HOLD,single_red_center-f6430d296e:0004:VERIFY_HOLD,LIFT,-2.42558298,1.90482796,0.085061231,2.09169264,-2.42558298,1.90482796,0.0854675324,2.09169264,-3.74278386e-12,-1.9673152e-12,-0.000406301399,4.79616347e-14,3.74278386e-12,1.9673152e-12,0.000406301399,4.79616347e-14,0,0,-0.0117449931,0,5.19907929e-12,2.83949825e-12,-0.0117096269,1.18048771e-13,-5.19907929e-12,-2.83949825e-12,-3.53662135e-05,-1.18048771e-13,0,0,-0.00615177172,0,-1.10973808e-09,-5.31978905e-10,-0.00960081995,7.22820692e-11,-3.03511126e-05,-0.250474323,0.017938769,1.57093762,-3.03511115e-05,-0.250474323,0.0175324676,1.57093762,0.015998022,0.026998022,0.0185330548,0,2.01924681e-11,0,0.6,0.6,0.000406301399,0.000301211756,0.000155979357,0.000406301399,0.000172975303,-8.18829449e-11,-3.24753557e-11,-1.05523287,9.59232693e-14,1.2
40.44,20220,VERIFY_HOLD,single_red_center-f6430d296e:0004:VERIFY_HOLD,LIFT,-2.42558298,1.90482796,0.0845865634,2.09169264,-2.42558298,1.90482796,0.0849940616,2.09169264,-3.80628862e-12,-2.00461869e-12,-0.000407498102,4.75175455e-14,3.80628862e-12,2.00461869e-12,0.000407498102,4.75175455e-14,0,0,-0.0119879643,0,7.64183012e-12,3.86497331e-12,-0.0119528537,-2.98260807e-13,-7.64183012e-12,-3.86497331e-12,-3.51106109e-05,2.98260807e-13,0,0,-0.00599526739,0,-5.1134208e-11,-1.34763312e-11,-0.00884418686,2.89731572e-11,-3.03511126e-05,-0.250474323,0.0184134366,1.57093762,-3.03511115e-05,-0.250474323,0.0180059384,1.57093762,0.015998022,0.026998022,0.0185330548,0,2.19001722e-11,0,0.6,0.6,0.000407498102,0.000301211756,0.000155979357,0.000407498102,0.000172975303,-8.35598257e-11,-3.30686589e-11,-1.05539704,1.28785871e-13,1.2
40.48,20240,VERIFY_HOLD,single_red_center-f6430d296e:0004:VERIFY_HOLD,LIFT,-2.42558298,1.90482796,0.0841023255,2.09169264,-2.42558298,1.90482796,0.0845109939,2.09169264,-4.15578683e-12,-2.18403073e-12,-0.000408668467,5.55111512e-14,4.15578683e-12,2.18403073e-12,0.000408668467,5.55111512e-14,0,0,-0.0122245584,0,1.76440952e-11,8.81055716e-12,-0.0121877606,-6.36331618e-13,-1.76440952e-11,-8.81055716e-12,-3.6797819e-05,6.36331618e-13,0,0,-0.00583218127,0,2.2519373e-09,1.09211395e-09,-0.00865376577,-1.30330136e-10,-3.03511126e-05,-0.250474323,0.0188976745,1.57093762,-3.03511114e-05,-0.250474323,0.0184890061,1.57093762,0.015998022,0.026998022,0.0185330548,0,2.3852097e-11,0,0.6,0.6,0.000408668467,0.000301211756,0.000155979357,0.000408668467,0.000172975303,-9.59374802e-11,-3.79429821e-11,-1.05561421,1.5187851e-13,1.2
40.52,20260,VERIFY_HOLD,single_red_center-f6430d296e:0004:VERIFY_HOLD,LIFT,-2.42558298,1.90482796,0.0836087416,2.09169264,-2.42558298,1.90482796,0.0840185211,2.09169264,-3.98214794e-12,-2.10764739e-12,-0.00040977948,4.48530102e-14,3.98214794e-12,2.10764739e-12,0.00040977948,4.48530102e-14,0,0,-0.0124544919,0,6.27664209e-12,2.87528436e-12,-0.0124189363,-9.38448621e-13,-6.27664209e-12,-2.87528436e-12,-3.55556719e-05,9.38448621e-13,0,0,-0.00566273024,0,1.54477853e-09,7.63650476e-10,-0.00693479772,-3.49050788e-11,-3.03511126e-05,-0.250474323,0.0193912584,1.57093762,-3.03511114e-05,-0.250474323,0.0189814789,1.57093762,0.015998022,0.026998022,0.0185330548,0,2.37474581e-11,0,0.6,0.6,0.00040977948,0.000301211756,0.000155979357,0.00040977948,0.000172975303,-8.2849283e-11,-3.27133876e-11,-1.05566362,1.74971149e-13,1.2
40.56,20280,VERIFY_HOLD,single_red_center-f6430d296e:0004:VERIFY_HOLD,LIFT,-2.42558298,1.90482796,0.0831060717,2.09169264,-2.42558298,1.90482796,0.0835169743,2.09169264,-4.44444481e-12,-2.33923991e-12,-0.000410902553,5.63993297e-14,4.44444481e-12,2.33923991e-12,0.000410902553,5.63993297e-14,0,0,-0.0126775044,0,4.00448742e-12,2.23445137e-12,-0.0126427198,1.68063941e-13,-4.00448742e-12,-2.23445137e-12,-3.47845838e-05,-1.68063941e-13,0,0,-0.00548714899,0,-8.80397977e-11,-4.97335506e-11,-0.00706888847,-1.88848381e-11,-3.03511126e-05,-0.250474323,0.0198939283,1.57093762,-3.03511113e-05,-0.250474323,0.0194830257,1.57093762,0.015998022,0.026998022,0.0185330548,0,1.74739373e-11,0,0.6,0.6,0.000410902553,0.000301211756,0.000155979357,0.000410902553,0.000172975303,-9.28892518e-11,-3.6877168e-11,-1.05590355,9.41469125e-14,1.2
40.6,20300,VERIFY_HOLD,single_red_center-f6430d296e:0004:VERIFY_HOLD,LIFT,-2.42558298,1.90482796,0.0825945872,2.09169264,-2.42558298,1.90482796,0.0830066093,2.09169264,-4.42179626e-12,-2.34057218e-12,-0.000412022104,4.39648318e-14,4.42179626e-12,2.34057218e-12,0.000412022104,4.39648318e-14,0,0,-0.0128933434,0,-1.29551287e-11,-6.35939754e-12,-0.0128609561,1.67903613e-14,1.29551287e-11,6.35939754e-12,-3.23873595e-05,-1.67903613e-14,0,0,-0.00530567348,0,2.46161846e-09,1.15101795e-09,-0.0081286806,-2.18719876e-10,-3.03511126e-05,-0.250474323,0.0204054128,1.57093762,-3.03511113e-05,-0.250474323,0.0199933907,1.57093762,0.015998022,0.026998022,0.0185330548,0,1.58237599e-11,0,0.6,0.6,0.000412022104,0.000301211756,0.000155979357,0.000412022104,0.000172975303,-7.14805992e-11,-2.85105273e-11,-1.05623598,5.15143483e-14,1.2
40.64,20320,VERIFY_HOLD,single_red_center-f6430d296e:0004:VERIFY_HOLD,LIFT,-2.42558298,1.90482796,0.0820746486,2.09169264,-2.42558298,1.90482796,0.0824877246,2.09169264,-4.77928808e-12,-2.51598742e-12,-0.00041307595,6.39488462e-14,4.77928808e-12,2.51598742e-12,0.00041307595,6.39488462e-14,0,0,-0.0131018381,0,1.07906736e-11,5.50733741e-12,-0.0130712292,-8.46636551e-14,-1.07906736e-11,-5.50733741e-12,-3.06089904e-05,8.46636551e-14,0,0,-0.0051185923,0,3.91686683e-10,1.90429006e-10,-0.0082144753,-3.06291104e-11,-3.03511126e-05,-0.250474323,0.0209253514,1.57093762,-3.03511112e-05,-0.250474323,0.0205122754,1.57093762,0.015998022,0.026998022,0.0185330548,0,1.80788849e-11,0,0.6,0.6,0.00041307595,0.000301211756,0.000155979357,0.00041307595,0.000172975303,-1.05224274e-10,-4.17017532e-11,-1.05645605,1.31450406e-13,1.2
40.68,20340,VERIFY_HOLD,single_red_center-f6430d296e:0004:VERIFY_HOLD,LIFT,-2.42558298,1.90482796,0.0815465287,2.09169264,-2.42558298,1.90482796,0.0819606069,2.09169264,-4.9142912e-12,-2.59148258e-12,-0.000414078168,5.95079541e-14,4.9142912e-12,2.59148258e-12,0.000414078168,5.95079541e-14,0,0,-0.0133027478,0,1.96442112e-12,1.10755273e-12,-0.0132738472,-9.68719877e-14,-1.96442112e-12,-1.10755273e-12,-2.89005813e-05,9.68719877e-14,0,0,-0.0049261295,0,6.39699849e-10,3.02201819e-10,-0.00778838635,-5.07010545e-11,-3.03511126e-05,-0.250474323,0.0214534713,1.57093762,-3.03511111e-05,-0.250474323,0.0210393931,1.57093762,0.015998022,0.026998022,0.0185330548,0,1.65954381e-11,0,0.6,0.6,0.000414078168,0.000301211756,0.000155979357,0.000414078168,0.000172975303,-9.89928139e-11,-3.92788024e-11,-1.05661435,1.20792265e-13,1.2
40.72,20360,VERIFY_HOLD,single_red_center-f6430d296e:0004:VERIFY_HOLD,LIFT,-2.42558298,1.90482796,0.0810105365,2.09169264,-2.42558298,1.90482796,0.081425572,2.09169264,-5.06705788e-12,-2.67208478e-12,-0.000415035454,6.39488462e-14,5.06705788e-12,2.67208478e-12,0.000415035454,6.39488462e-14,0,0,-0.0134958643,0,2.65165581e-12,1.46680312e-12,-0.0134683669,1.59054506e-14,-2.65165581e-12,-1.46680312e-12,-2.74974593e-05,-1.59054506e-14,0,0,-0.00472852754,0,-2.43389309e-10,-1.17931442e-10,-0.00719169906,1.42110768e-11,-3.03511126e-05,-0.250474323,0.0219894635,1.57093762,-3.03511111e-05,-0.250474323,0.021574428,1.57093762,0.015998022,0.026998022,0.0185330548,0,1.54901113e-11,0,0.6,0.6,0.000415035454,0.000301211756,0.000155979357,0.000415035454,0.000172975303,-1.0432899e-10,-4.13820089e-11,-1.05674656,1.28785871e-13,1.2
40.76,20380,VERIFY_HOLD,single_red_center-f6430d296e:0004:VERIFY_HOLD,LIFT,-2.42558298,1.90482796,0.0804669866,2.09169264,-2.42558298,1.90482796,0.0808829296,2.09169264,-5.06483744e-12,-2.67985634e-12,-0.00041594305,5.63993297e-14,5.06483744e-12,2.67985634e-12,0.00041594305,5.63993297e-14,0,0,-0.0136809868,0,-1.60007792e-11,-7.76170627e-12,-0.0136541989,4.76081829e-13,1.60007792e-11,7.76170627e-12,-2.67878165e-05,-4.76081829e-13,0,0,-0.00452602703,0,8.90272744e-10,3.93019839e-10,-0.00634626251,-1.29099953e-10,-3.03511126e-05,-0.250474323,0.0225330134,1.57093762,-3.03511111e-05,-0.250474323,0.0221170704,1.57093762,0.015998022,0.026998022,0.0185330548,0,1.07797521e-11,0,0.6,0.6,0.00041594305,0.000301211756,0.000155979357,0.00041594305,0.000172975303,-8.42987902e-11,-3.36335404e-11,-1.05684451,4.61852778e-14,1.2
40.8,20400,VERIFY_HOLD,single_red_center-f6430d296e:0004:VERIFY_HOLD,LIFT,-2.42558298,1.90482796,0.0799162017,2.09169264,-2.42558298,1.90482796,0.0803330104,2.09169264,-5.32196509e-12,-2.80508949e-12,-0.000416808699,7.28306304e-14,5.32196509e-12,2.80508949e-12,0.000416808699,7.28306304e-14,0,0,-0.0138579243,0,7.69534788e-12,3.97141964e-12,-0.0138314859,7.10633634e-14,-7.69534788e-12,-3.97141964e-12,-2.6438423e-05,-7.10633634e-14,0,0,-0.00431886909,0,-8.18001666e-10,-3.86561894e-10,-0.00553568544,6.10408946e-11,-3.03511126e-05,-0.250474323,0.0230837983,1.57093762,-3.0351111e-05,-0.250474323,0.0226669896,1.57093762,0.015998022,0.026998022,0.0185330548,0,1.45237677e-11,0,0.6,0.6,0.000416808699,0.000301211756,0.000155979357,0.000416808699,0.000172975303,-1.15321086e-10,-4.57021088e-11,-1.05693719,1.48325796e-13,1.2
40.84,20420,VERIFY_HOLD,single_red_center-f6430d296e:0004:VERIFY_HOLD,LIFT,-2.42558298,1.90482796,0.0793584824,2.09169264,-2.42558298,1.90482796,0.079776136,2.09169264,-5.36237721e-12,-2.83684187e-12,-0.000417653579,5.99520433e-14,5.36237721e-12,2.83684187e-12,0.000417653579,5.99520433e-14,0,0,-0.0140264571,0,-1.77414139e-11,-8.59647533e-12,-0.0140009926,5.06694523e-13,1.77414139e-11,8.59647533e-12,-2.54644947e-05,-5.06694523e-13,0,0,-0.00410727577,0,1.19968036e-09,5.37371925e-10,-0.00540476454,-1.57544144e-10,-3.03511126e-05,-0.250474323,0.0236415176,1.57093762,-3.0351111e-05,-0.250474323,0.023223864,1.57093762,0.015998022,0.026998022,0.0185330548,0,9.10381765e-12,0,0.6,0.6,0.000417653579,0.000301211756,0.000155979357,0.000417653579,0.000172975303,-8.80149287e-11,-3.51292329e-11,-1.05709515,4.52970994e-14,1.2
40.88,20440,VERIFY_HOLD,single_red_center-f6430d296e:0004:VERIFY_HOLD,LIFT,-2.42558298,1.90482796,0.0787941961,2.09169264,-2.42558298,1.90482796,0.0792126544,2.09169264,-5.61417579e-12,-2.95941049e-12,-0.000418458291,7.63833441e-14,5.61417579e-12,2.95941049e-12,0.000418458291,7.63833441e-14,0,0,-0.0141864471,0,8.41130898e-12,4.32106148e-12,-0.014161769,3.41625454e-14,-8.41130898e-12,-4.32106148e-12,-2.46781385e-05,-3.41625454e-14,0,0,-0.0038915075,0,-1.24318333e-10,-5.70894443e-11,-0.00541357376,5.51192425e-12,-3.03511126e-05,-0.250474323,0.0242058039,1.57093762,-3.03511109e-05,-0.250474323,0.0237873456,1.57093762,0.015998022,0.026998022,0.0185330549,0,1.32825683e-11,0,0.6,0.6,0.000418458291,0.000301211756,0.000155979357,0.000418458291,0.000172975303,-1.20586208e-10,-4.78017625e-11,-1.05725865,1.50102153e-13,1.2
40.92,20460,VERIFY_HOLD,single_red_center-f6430d296e:0004:VERIFY_HOLD,LIFT,-2.42558298,1.90482796,0.0782236562,2.09169264,-2.42558298,1.90482796,0.0786428931,2.09169264,-5.55289148e-12,-2.94009261e-12,-0.000419236841,6.1284311e-14,5.55289148e-12,2.94009261e-12,0.000419236841,6.1284311e-14,0,0,-0.014337685,0,-9.61504651e-12,-4.78905405e-12,-0.0143154055,-1.06890322e-13,9.61504651e-12,4.78905405e-12,-2.22794822e-05,1.06890322e-13,0,0,-0.00367178607,0,2.43138665e-09,1.14585053e-09,-0.00578846008,-1.97850791e-10,-3.03511126e-05,-0.250474323,0.0247763438,1.57093762,-3.03511109e-05,-0.250474323,0.0243571069,1.57093762,0.015998022,0.026998022,0.0185330549,0,1.12125763e-11,0,0.6,0.6,0.000419236841,0.000301211756,0.000155979357,0.000419236841,0.000172975303,-9.73656711e-11,-3.87210264e-11,-1.05745368,1.02140518e-13,1.2
40.96,20480,VERIFY_HOLD,single_red_center-f6430d296e:0004:VERIFY_HOLD,LIFT,-2.42558298,1.90482796,0.0776472957,2.09169264,-2.42558298,1.90482796,0.0780672261,2.09169264,-5.85487214e-12,-3.08819637e-12,-0.000419930336,7.72715225e-14,5.85487214e-12,3.08819637e-12,0.000419930336,7.72715225e-14,0,0,-0.0144801412,0,6.56782162e-12,3.38588315e-12,-0.0144578971,2.42699008e-14,-6.56782162e-12,-3.38588315e-12,-2.22441322e-05,-2.42699008e-14,0,0,-0.00344840457,0,8.39353476e-10,3.97642808e-10,-0.00504111311,-7.72965025e-11,-3.03511126e-05,-0.250474323,0.0253527043,1.57093762,-3.03511108e-05,-0.250474323,0.0249327739,1.57093762,0.015998022,0.026998022,0.0185330549,0,1.14603275e-11,0,0.6,0.6,0.000419930336,0.000301211756,0.000155979357,0.000419930336,0.000172975303,-1.21865185e-10,-4.83453277e-11,-1.05751877,1.39444012e-13,1.2
41,20500,VERIFY_HOLD,single_red_center-f6430d296e:0004:VERIFY_HOLD,LIFT,-2.42558298,1.90482796,0.0770653667,2.09169264,-2.42558298,1.90482796,0.0774859814,2.09169264,-5.79403192e-12,-3.06532577e-12,-0.000420614667,6.83897383e-14,5.79403192e-12,3.06532577e-12,0.000420614667,6.83897383e-14,0,0,-0.0146135075,0,-4.93024646e-13,-3.41910772e-13,-0.0145945464,-4.16800215e-13,4.93024646e-13,3.41910772e-13,-1.89611511e-05,4.16800215e-13,0,0,-0.00322153879,0,1.73033321e-09,8.30588043e-10,-0.00507470769,-1.05295828e-10,-3.03511126e-05,-0.250474323,0.0259346333,1.57093762,-3.03511109e-05,-0.250474323,0.0255140186,1.57093762,0.015998022,0.026998022,0.0185330549,0,1.20742664e-11,0,0.6,0.6,0.000420614667,0.000301211756,0.000155979357,0.000420614667,0.000172975303,-1.12237331e-10,-4.44977388e-11,-1.0576596,1.59872116e-13,1.2
41.04,20520,VERIFY_HOLD,single_red_center-f6430d296e:0004:VERIFY_HOLD,LIFT,-2.42558298,1.90482796,0.0764783177,2.09169264,-2.42558298,1.90482796,0.0768995439,2.09169264,-6.0293992e-12,-3.18278737e-12,-0.000421226198,7.81597009e-14,6.0293992e-12,3.18278737e-12,0.000421226198,7.81597009e-14,0,0,-0.0147377926,0,4.49743991e-12,2.32907775e-12,-0.0147201587,2.77566859e-15,-4.49743991e-12,-2.32907775e-12,-1.76338499e-05,-2.77566859e-15,0,0,-0.00299148409,0,-1.22216903e-10,-5.72883962e-11,-0.00442619715,7.30987493e-12,-3.03511126e-05,-0.250474323,0.0265216823,1.57093762,-3.03511108e-05,-0.250474323,0.0261004561,1.57093762,0.015998022,0.026998022,0.0185330549,0,9.79204468e-12,0,0.6,0.6,0.000421226198,0.000301211756,0.000155979357,0.000421226198,0.000172975303,-1.25133681e-10,-4.96171992e-11,-1.05771783,1.5720758e-13,1.2
41.08,20540,VERIFY_HOLD,single_red_center-f6430d296e:0004:VERIFY_HOLD,LIFT,-2.42558298,1.90482796,0.0758864854,2.09169264,-2.42558298,1.90482796,0.0763082744,2.09169264,-6.12310203e-12,-3.23341354e-12,-0.000421789013,7.77156117e-14,6.12310203e-12,3.23341354e-12,0.000421789013,7.77156117e-14,0,0,-0.0148528234,0,-7.43697038e-14,7.97777233e-14,-0.0148362629,8.01301451e-14,7.43697038e-14,-7.97777233e-14,-1.65604847e-05,-8.01301451e-14,0,0,-0.00275846265,0,-3.53269414e-10,-1.7200108e-10,-0.00372921567,2.03662642e-11,-3.03511126e-05,-0.250474323,0.0271135146,1.57093762,-3.03511108e-05,-0.250474323,0.0266917256,1.57093762,0.015998022,0.026998022,0.0185330549,0,8.22276966e-12,0,0.6,0.6,0.000421789013,0.000301211756,0.000155979357,0.000421789013,0.000172975303,-1.2303758e-10,-4.88142859e-11,-1.05776169,1.50990331e-13,1.2
41.12,20560,VERIFY_HOLD,single_red_center-f6430d296e:0004:VERIFY_HOLD,LIFT,-2.42558298,1.90482796,0.075290238,2.09169264,-2.42558298,1.90482796,0.0757125526,2.09169264,-6.30739905e-12,-3.32645023e-12,-0.000422314589,8.43769499e-14,6.30739905e-12,3.32645023e-12,0.000422314589,8.43769499e-14,0,0,-0.0149584779,0,6.20344946e-12,3.25184692e-12,-0.0149437401,1.00506875e-13,-6.20344946e-12,-3.25184692e-12,-1.47377497e-05,-1.00506875e-13,0,0,-0.00252271347,0,-2.34841657e-09,-1.11339915e-09,-0.00326463544,1.86555271e-10,-3.03511126e-05,-0.250474323,0.027709762,1.57093762,-3.03511107e-05,-0.250474323,0.0272874474,1.57093762,0.015998022,0.026998022,0.0185330549,0,7.96735081e-12,0,0.6,0.6,0.000422314589,0.000301211756,0.000155979357,0.000422314589,0.000172975303,-1.36409994e-10,-5.40403278e-11,-1.05782099,1.88293825e-13,1.2
41.16,20580,VERIFY_HOLD,single_red_center-f6430d296e:0004:VERIFY_HOLD,LIFT,-2.42558298,1.90482796,0.0746899323,2.09169264,-2.42558298,1.90482796,0.0751127335,2.09169264,-6.1692873e-12,-3.26094707e-12,-0.000422801191,7.94919686e-14,6.1692873e-12,3.26094707e-12,0.000422801191,7.94919686e-14,0,0,-0.0150545984,0,7.79470308e-12,3.76741094e-12,-0.0150404882,-4.42801344e-13,-7.79470308e-12,-3.76741094e-12,-1.41102238e-05,4.42801344e-13,0,0,-0.0022844659,0,3.61138675e-10,1.89398719e-10,-0.00333695244,1.64251945e-11,-3.03511126e-05,-0.250474323,0.0283100677,1.57093762,-3.03511107e-05,-0.250474323,0.0278872665,1.57093762,0.015998022,0.026998022,0.0185330549,0,9.93612524e-12,0,0.6,0.6,0.000422801191,0.000301211756,0.000155979357,0.000422801191,0.000172975303,-1.30214062e-10,-5.15427701e-11,-1.05792831,2.04281037e-13,1.2
41.2,20600,VERIFY_HOLD,single_red_center-f6430d296e:0004:VERIFY_HOLD,LIFT,-2.42558298,1.90482796,0.0740859776,2.09169264,-2.42558298,1.90482796,0.0745092178,2.09169264,-6.38467057e-12,-3.3706371e-12,-0.000423240165,8.17124146e-14,6.38467057e-12,3.3706371e-12,0.000423240165,8.17124146e-14,0,0,-0.0151411534,0,3.41960775e-13,3.26028281e-13,-0.0151288853,1.94790863e-13,-3.41960775e-13,-3.26028281e-13,-1.22680506e-05,-1.94790863e-13,0,0,-0.00204397916,0,-1.90214067e-10,-9.80584502e-11,-0.00320037334,-6.60504984e-12,-3.03511126e-05,-0.250474323,0.0289140224,1.57093762,-3.03511107e-05,-0.250474323,0.0284907822,1.57093762,0.015998022,0.026998022,0.0185330549,0,5.25047732e-12,0,0.6,0.6,0.000423240165,0.000301211756,0.000155979357,0.000423240165,0.000172975303,-1.28366651e-10,-5.09494669e-11,-1.05800392,1.43884904e-13,1.2
41.24,20620,VERIFY_HOLD,single_red_center-f6430d296e:0004:VERIFY_HOLD,LIFT,-2.42558298,1.90482796,0.0734787576,2.09169264,-2.42558298,1.90482796,0.073902384,2.09169264,-6.41486864e-12,-3.38795658e-12,-0.000423626473,8.0380147e-14,6.41486864e-12,3.38795658e-12,0.000423626473,8.0380147e-14,0,0,-0.0152180582,0,2.55732981e-12,1.32251137e-12,-0.0152073638,-9.00665888e-14,-2.55732981e-12,-1.32251137e-12,-1.06943677e-05,9.00665888e-14,0,0,-0.00180149434,0,2.09896101e-10,1.02225783e-10,-0.00294694891,-1.2006951e-11,-3.03511126e-05,-0.250474323,0.0295212424,1.57093762,-3.03511107e-05,-0.250474323,0.029097616,1.57093762,0.015998022,0.026998022,0.0185330549,0,5.93744293e-12,0,0.6,0.6,0.000423626473,0.000301211756,0.000155979357,0.000423626473,0.000172975303,-1.30363276e-10,-5.16884313e-11,-1.05805719,1.67865721e-13,1.2
41.28,20640,VERIFY_HOLD,single_red_center-f6430d296e:0004:VERIFY_HOLD,LIFT,-2.42558298,1.90482796,0.0728686589,2.09169264,-2.42558298,1.90482796,0.073292617,2.09169264,-6.43041176e-12,-3.40083517e-12,-0.000423958106,7.72715225e-14,6.43041176e-12,3.40083517e-12,0.000423958106,7.72715225e-14,0,0,-0.015285238,0,-7.67671726e-12,-3.69401533e-12,-0.0152761755,2.75677418e-13,7.67671726e-12,3.69401533e-12,-9.06252959e-06,-2.75677418e-13,0,0,-0.00155725253,0,3.49134055e-10,1.4891377e-10,-0.00245051644,-6.30900332e-11,-3.03511126e-05,-0.250474323,0.0301313411,1.57093762,-3.03511107e-05,-0.250474323,0.029707383,1.57093762,0.015998022,0.026998022,0.0185330549,0,2.27508446e-12,0,0.6,0.6,0.000423958106,0.000301211756,0.000155979357,0.000423958106,0.000172975303,-1.20600419e-10,-4.79403184e-11,-1.0580751,1.17239551e-13,1.2
41.32,20660,VERIFY_HOLD,single_red_center-f6430d296e:0004:VERIFY_HOLD,LIFT,-2.42558298,1.90482796,0.0722560824,2.09169264,-2.42558298,1.90482796,0.0726803154,2.09169264,-6.51745324e-12,-3.44324569e-12,-0.000424232995,8.39328607e-14,6.51745324e-12,3.44324569e-12,0.000424232995,8.39328607e-14,0,0,-0.0153426804,0,4.24539033e-12,2.13976677e-12,-0.0153343004,-4.80550305e-14,-4.24539033e-12,-2.13976677e-12,-8.38007474e-06,4.80550305e-14,0,0,-0.00131150173,0,1.38271616e-10,6.80913104e-11,-0.00182646946,-8.55704396e-12,-3.03511126e-05,-0.250474323,0.0307439176,1.57093762,-3.03511106e-05,-0.250474323,0.0303196846,1.57093762,0.015998022,0.026998022,0.0185330549,0,4.26435754e-12,0,0.6,0.6,0.000424232995,0.000301211756,0.000155979357,0.000424232995,0.000172975303,-1.34171785e-10,-5.31983346e-11,-1.0580689,1.71418435e-13,1.2
41.36,20680,VERIFY_HOLD,single_red_center-f6430d296e:0004:VERIFY_HOLD,LIFT,-2.42558298,1.90482796,0.071641386,2.09169264,-2.42558298,1.90482796,0.07206586,2.09169264,-6.52944365e-12,-3.45212747e-12,-0.000424473972,8.08242362e-14,6.52944365e-12,3.45212747e-12,0.000424473972,8.08242362e-14,0,0,-0.0153901708,0,1.73706532e-13,7.69393558e-14,-0.0153838146,-1.25095358e-13,-1.73706532e-13,-7.69393558e-14,-6.35621133e-06,1.25095358e-13,0,0,-0.00106446233,0,3.70038222e-10,1.78538961e-10,-0.00155515433,-2.0218216e-11,-3.03511126e-05,-0.250474323,0.031358614,1.57093762,-3.03511106e-05,-0.250474323,0.03093414,1.57093762,0.015998022,0.026998022,0.0185330549,0,3.35656041e-12,0,0.6,0.6,0.000424473972,0.000301211756,0.000155979357,0.000424473972,0.000172975303,-1.30071953e-10,-5.15782972e-11,-1.05809119,1.70530257e-13,1.2
41.4,20700,VERIFY_HOLD,single_red_center-f6430d296e:0004:VERIFY_HOLD,LIFT,-2.42558298,1.90482796,0.0710249979,2.09169264,-2.42558298,1.90482796,0.071449655,2.09169264,-6.60893562e-12,-3.49276164e-12,-0.0004246571,8.43769499e-14,6.60893562e-12,3.49276164e-12,0.0004246571,8.43769499e-14,0,0,-0.0154278222,0,1.41654572e-12,7.46559521e-13,-0.015422748,1.13669324e-14,-1.41654572e-12,-7.46559521e-13,-5.07415545e-06,-1.13669324e-14,0,0,-0.000816396114,0,-1.03966613e-10,-4.98614483e-11,-0.00109136743,6.79084566e-12,-3.03511126e-05,-0.250474323,0.0319750021,1.57093762,-3.03511106e-05,-0.250474323,0.031550345,1.57093762,0.015998022,0.026998022,0.0185330549,0,2.04825996e-12,0,0.6,0.6,0.0004246571,0.000301211756,0.000155979357,0.0004246571,0.000172975303,-1.33731248e-10,-5.30384625e-11,-1.05808278,1.687539e-13,1.2
41.44,20720,VERIFY_HOLD,single_red_center-f6430d296e:0004:VERIFY_HOLD,LIFT,-2.42558298,1.90482796,0.0704072968,2.09169264,-2.42558298,1.90482796,0.0708320937,2.09169264,-6.63691324e-12,-3.5085268e-12,-0.000424796858,8.43769499e-14,6.63691324e-12,3.5085268e-12,0.000424796858,8.43769499e-14,0,0,-0.0154554872,0,-2.13016829e-14,2.19781315e-14,-0.0154519693,2.5674388e-14,2.13016829e-14,-2.19781315e-14,-3.51795681e-06,-2.5674388e-14,0,0,-0.000567534056,0,-2.51034749e-11,-1.36557432e-11,-0.000825153913,-4.63906691e-13,-3.03511126e-05,-0.250474323,0.0325927032,1.57093762,-3.03511106e-05,-0.250474323,0.0321679063,1.57093762,0.015998022,0.026998022,0.0185330549,0,1.00997595e-12,0,0.6,0.6,0.000424796858,0.000301211756,0.000155979357,0.000424796858,0.000172975303,-1.3276491e-10,-5.26654276e-11,-1.05808565,1.66089364e-13,1.2
41.48,20740,VERIFY_HOLD,single_red_center-f6430d296e:0004:VERIFY_HOLD,LIFT,-2.42558298,1.90482796,0.0697886885,2.09169264,-2.42558298,1.90482796,0.0702135753,2.09169264,-6.67377265e-12,-3.52740059e-12,-0.000424886843,8.43769499e-14,6.67377265e-12,3.52740059e-12,0.000424886843,8.43769499e-14,0,0,-0.0154731755,0,3.48168749e-13,2.21216801e-13,-0.0154713459,4.75885817e-14,-3.48168749e-13,-2.21216801e-13,-1.82957304e-06,-4.75885817e-14,0,0,-0.000318122482,0,-2.91057844e-10,-1.40266465e-10,-0.000539569647,1.77286519e-11,-3.03511126e-05,-0.250474323,0.0332113115,1.57093762,-3.03511106e-05,-0.250474323,0.0327864247,1.57093762,0.015998022,0.026998022,0.0185330549,0,4.35748219e-14,0,0.6,0.6,0.000424886843,0.000301211756,0.000155979357,0.000424886843,0.000172975303,-1.34342315e-10,-5.32871525e-11,-1.05807649,1.66977543e-13,1.2
41.52,20760,VERIFY_HOLD,single_red_center-f6430d296e:0004:VERIFY_HOLD,LIFT,-2.42558298,1.90482796,0.0691695733,2.09169264,-2.42558298,1.90482796,0.0695944969,2.09169264,-6.66799949e-12,-3.5249581e-12,-0.000424923574,8.43769499e-14,6.66799949e-12,3.5249581e-12,0.000424923574,8.43769499e-14,0,0,-0.0154808909,0,1.27212951e-12,6.35144511e-13,-0.0154804954,-4.75397979e-14,-1.27212951e-12,-6.35144511e-13,-3.95511695e-07,4.75397979e-14,0,0,-6.8404149e-05,0,1.95345962e-11,1.18483001e-11,-0.000171843219,2.55551136e-12,-3.03511126e-05,-0.250474323,0.0338304267,1.57093762,-3.03511106e-05,-0.250474323,0.0334055031,1.57093762,0.015998022,0.026998022,0.0185330549,0,-2.22264445e-13,0,0.6,0.6,0.000424923574,0.000301211756,0.000155979357,0.000424923574,0.000172975303,-1.34541267e-10,-5.33439959e-11,-1.0580485,1.7408297e-13,1.2
41.56,20780,VERIFY_HOLD,single_red_center-f6430d296e:0004:VERIFY_HOLD,LIFT,-2.42558298,1.90482796,0.0685503497,2.09169264,-2.42558298,1.90482796,0.0689752596,2.09169264,-6.69686528e-12,-3.54027918e-12,-0.000424909954,8.43769499e-14,6.69686528e-12,3.54027918e-12,0.000424909954,8.43769499e-14,0,0,-0.0154786261,0,2.31041147e-13,1.38741473e-13,-0.0154797135,1.99078287e-15,-2.31041147e-13,-1.38741473e-13,1.08737873e-06,-1.99078287e-15,0,0,0.000181379852,0,-2.58228994e-11,-1.23723254e-11,0.000221811688,5.91249272e-13,-3.03511126e-05,-0.250474323,0.0344496503,1.57093762,-3.03511106e-05,-0.250474323,0.0340247404,1.57093762,0.015998022,0.026998022,0.0185330549,0,-1.47752572e-12,0,0.6,0.6,0.000424924873,0.000301211756,0.000155979357,0.000424924873,0.000172975303,-1.34207312e-10,-5.32267563e-11,-1.05800779,1.687539e-13,1.2
41.6,20800,VERIFY_HOLD,single_red_center-f6430d296e:0004:VERIFY_HOLD,LIFT,-2.42558298,1.90482796,0.0679314125,2.09169264,-2.42558298,1.90482796,0.0683562619,2.09169264,-6.69908573e-12,-3.54183349e-12,-0.000424849347,8.43769499e-14,6.69908573e-12,3.54183349e-12,0.000424849347,8.43769499e-14,0,0,-0.0154664324,0,-3.709451e-13,-1.58518912e-13,-0.0154691175,1.46296462e-14,3.709451e-13,1.58518912e-13,2.68505283e-06,-1.46296462e-14,0,0,0.00043099047,0,-1.00788711e-10,-4.85051999e-11,0.00053539128,6.52300436e-12,-3.03511126e-05,-0.250474323,0.0350685875,1.57093762,-3.03511106e-05,-0.250474323,0.0346437381,1.57093762,0.015998022,0.026998022,0.0185330549,0,-2.41763769e-12,0,0.6,0.6,0.000424924873,0.000301211756,0.000155979357,0.000424924873,0.000172975303,-1.33816513e-10,-5.30739896e-11,-1.0579657,1.687539e-13,1.2
41.64,20820,VERIFY_HOLD,single_red_center-f6430d296e:0004:VERIFY_HOLD,LIFT,-2.42558298,1.90482796,0.0673131701,2.09169264,-2.42558298,1.90482796,0.0677379056,2.09169264,-6.71729339e-12,-3.55138141e-12,-0.000424735523,8.52651283e-14,6.71729339e-12,3.55138141e-12,0.000424735523,8.52651283e-14,0,0,-0.0154441742,0,2.18115849e-13,1.34973385e-13,-0.0154482007,4.12208749e-14,-2.18115849e-13,-1.34973385e-13,4.02650358e-06,-4.12208749e-14,0,0,0.000680180497,0,-1.34654954e-10,-6.56932286e-11,0.000912419999,5.71420689e-12,-3.03511126e-05,-0.250474323,0.0356868299,1.57093762,-3.03511106e-05,-0.250474323,0.0352620944,1.57093762,0.015998022,0.026998022,0.0185330549,0,-3.32991408e-12,0,0.6,0.6,0.000424924873,0.000301211756,0.000155979357,0.000424924873,0.000172975303,-1.34804168e-10,-5.34718936e-11,-1.05790672,1.66977543e-13,1.2
41.68,20840,VERIFY_HOLD,single_red_center-f6430d296e:0004:VERIFY_HOLD,LIFT,-2.42558298,1.90482796,0.0666960096,2.09169264,-2.42558298,1.90482796,0.0671205864,2.09169264,-6.68887168e-12,-3.53717056e-12,-0.000424576823,8.52651283e-14,6.68887168e-12,3.53717056e-12,0.000424576823,8.52651283e-14,0,0,-0.0154120202,0,-1.14896318e-13,-6.3322052e-14,-0.0154175987,-1.32298057e-14,1.14896318e-13,6.3322052e-14,5.57845734e-06,1.32298057e-14,0,0,0.000928714961,0,1.5348256e-10,7.39523998e-11,0.00115311317,-9.61147828e-12,-3.03511126e-05,-0.250474323,0.0363039904,1.57093762,-3.03511106e-05,-0.250474323,0.0358794136,1.57093762,0.015998022,0.026998022,0.0185330549,0,-3.85089148e-12,0,0.6,0.6,0.000424924873,0.000301211756,0.000155979357,0.000424924873,0.000172975303,-1.33390188e-10,-5.28999067e-11,-1.05785245,1.70530257e-13,1.2
41.72,20860,VERIFY_HOLD,single_red_center-f6430d296e:0004:VERIFY_HOLD,LIFT,-2.42558298,1.90482796,0.0660803355,2.09169264,-2.42558298,1.90482796,0.0665047032,2.09169264,-6.67643718e-12,-3.53095331e-12,-0.000424367729,8.52651283e-14,6.67643718e-12,3.53095331e-12,0.000424367729,8.52651283e-14,0,0,-0.0153699286,0,-4.45155954e-13,-2.26748346e-13,-0.0153771594,8.25080207e-15,4.45155954e-13,2.26748346e-13,7.23072408e-06,-8.25080207e-15,0,0,0.00117634798,0,1.54978252e-10,7.29345473e-11,0.00143846064,-1.18013377e-11,-3.03511126e-05,-0.250474323,0.0369196645,1.57093762,-3.03511106e-05,-0.250474323,0.0364952968,1.57093762,0.015998022,0.026998022,0.0185330549,0,-4.83243395e-12,0,0.6,0.6,0.000424924873,0.000301211756,0.000155979357,0.000424924873,0.000172975303,-1.32814648e-10,-5.26831911e-11,-1.05778349,1.67865721e-13,1.2
41.76,20880,VERIFY_HOLD,single_red_center-f6430d296e:0004:VERIFY_HOLD,LIFT,-2.42558298,1.90482796,0.0654665523,2.09169264,-2.42558298,1.90482796,0.0658906515,2.09169264,-6.62181421e-12,-3.50319773e-12,-0.000424099152,8.34887715e-14,6.62181421e-12,3.50319773e-12,0.000424099152,8.34887715e-14,0,0,-0.0153179104,0,-5.71745803e-14,-9.25861809e-14,-0.0153263175,-1.29746262e-13,5.71745803e-14,9.25861809e-14,8.40705016e-06,1.29746262e-13,0,0,0.00142283257,0,8.03545674e-10,3.85668386e-10,0.00200998411,-5.30976929e-11,-3.03511126e-05,-0.250474323,0.0375334477,1.57093762,-3.03511106e-05,-0.250474323,0.0371093485,1.57093762,0.015998022,0.026998022,0.0185330549,0,-4.98969806e-12,0,0.6,0.6,0.000424924873,0.000301211756,0.000155979357,0.000424924873,0.000172975303,-1.30910394e-10,-5.19122523e-11,-1.05767386,1.70530257e-13,1.2
41.8,20900,VERIFY_HOLD,single_red_center-f6430d296e:0004:VERIFY_HOLD,LIFT,-2.42558298,1.90482796,0.064855045,2.09169264,-2.42558298,1.90482796,0.0652788302,2.09169264,-6.66622313e-12,-3.52584628e-12,-0.000423785203,8.2600593e-14,6.66622313e-12,3.52584628e-12,0.000423785203,8.2600593e-14,0,0,-0.0152560703,0,-2.52500465e-12,-1.22177929e-12,-0.0152661404,1.14410314e-13,2.52500465e-12,1.22177929e-12,1.00701237e-05,-1.14410314e-13,0,0,0.0016679326,0,-2.02023287e-10,-1.02204467e-10,0.00252804788,2.28289609e-12,-3.03511126e-05,-0.250474323,0.038144955,1.57093762,-3.03511106e-05,-0.250474323,0.0377211698,1.57093762,0.015998022,0.026998022,0.0185330549,0,-7.32795444e-12,0,0.6,0.6,0.000424924873,0.000301211756,0.000155979357,0.000424924873,0.000172975303,-1.31265665e-10,-5.20969934e-11,-1.05756028,1.54543045e-13,1.2
41.84,20920,VERIFY_HOLD,single_red_center-f6430d296e:0004:VERIFY_HOLD,LIFT,-2.42558298,1.90482796,0.0642462045,2.09169264,-2.42558298,1.90482796,0.0646696276,2.09169264,-6.5933925e-12,-3.48743256e-12,-0.00042342311,8.52651283e-14,6.5933925e-12,3.48743256e-12,0.00042342311,8.52651283e-14,0,0,-0.0151844683,0,8.1125571e-12,3.86843512e-12,-0.0151956763,-4.49313565e-13,-8.1125571e-12,-3.86843512e-12,1.1207997e-05,4.49313565e-13,0,0,0.00191140698,0,3.5722536e-12,2.33706388e-11,0.00292399487,4.84044471e-11,-3.03511126e-05,-0.250474323,0.0387537955,1.57093762,-3.03511106e-05,-0.250474323,0.0383303724,1.57093762,0.015998022,0.026998022,0.0185330549,0,-4.34647898e-12,0,0.6,0.6,0.000424924873,0.000301211756,0.000155979357,0.000424924873,0.000172975303,-1.39657175e-10,-5.52589086e-11,-1.05744963,2.22044605e-13,1.2
41.88,20940,VERIFY_HOLD,single_red_center-f6430d296e:0004:VERIFY_HOLD,LIFT,-2.42558298,1.90482796,0.0636404173,2.09169264,-2.42558298,1.90482796,0.0640634331,2.09169264,-6.57163213e-12,-3.47744056e-12,-0.000423015807,8.08242362e-14,6.57163213e-12,3.47744056e-12,0.000423015807,8.08242362e-14,0,0,-0.0151031789,0,-4.73235513e-12,-2.34346751e-12,-0.0151158833,1.04497863e-13,4.73235513e-12,2.34346751e-12,1.27043261e-05,-1.04497863e-13,0,0,0.00215301568,0,-6.17745854e-11,-3.50039997e-11,0.00326758709,-6.85751456e-12,-3.03511126e-05,-0.250474323,0.0393595827,1.57093762,-3.03511106e-05,-0.250474323,0.0389365669,1.57093762,0.015998022,0.026998022,0.0185330549,0,-9.12225223e-12,0,0.6,0.6,0.000424924873,0.000301211756,0.000155979357,0.000424924873,0.000172975303,-1.27002409e-10,-5.04059017e-11,-1.05733539,1.50102153e-13,1.2
41.92,20960,VERIFY_HOLD,single_red_center-f6430d296e:0004:VERIFY_HOLD,LIFT,-2.42558298,1.90482796,0.063038074,2.09169264,-2.42558298,1.90482796,0.063460637,2.09169264,-6.51612098e-12,-3.44768658e-12,-0.000422563049,8.39328607e-14,6.51612098e-12,3.44768658e-12,0.000422563049,8.39328607e-14,0,0,-0.0150122673,0,3.80933151e-13,1.44093686e-13,-0.0150262827,-8.23167704e-15,-3.80933151e-13,-1.44093686e-13,1.4015427e-05,8.23167704e-15,0,0,0.00239251444,0,-5.76712011e-11,-2.5377922e-11,0.00347341204,8.18944912e-12,-3.03511126e-05,-0.250474323,0.039961926,1.57093762,-3.03511106e-05,-0.250474323,0.039539363,1.57093762,0.015998022,0.026998022,0.0185330549,0,-8.78581263e-12,0,0.6,0.6,0.000424924873,0.000301211756,0.000155979357,0.000424924873,0.000172975303,-1.30796707e-10,-5.18625143e-11,-1.05722588,1.69642078e-13,1.2
41.96,20980,VERIFY_HOLD,single_red_center-f6430d296e:0004:VERIFY_HOLD,LIFT,-2.42558298,1.90482796,0.0624395434,2.09169264,-2.42558298,1.90482796,0.0628616084,2.09169264,-6.43129994e-12,-3.40505402e-12,-0.000422064989,8.0380147e-14,6.43129994e-12,3.40505402e-12,0.000422064989,8.0380147e-14,0,0,-0.0149118544,0,-7.97562934e-12,-3.91552242e-12,-0.0149286965,3.63218999e-13,7.97562934e-12,3.91552242e-12,1.68420697e-05,-3.63218999e-13,0,0,0.0026296702,0,-1.34657263e-09,-6.53041177e-10,0.00387244881,7.82779952e-11,-3.03511126e-05,-0.250474323,0.0405604566,1.57093762,-3.03511107e-05,-0.250474323,0.0401383916,1.57093762,0.015998022,0.026998022,0.0185330549,0,-1.21253731e-11,0,0.6,0.6,0.000424924873,0.000301211756,0.000155979357,0.000424924873,0.000172975303,-1.23435484e-10,-4.90167906e-11,-1.05708696,1.38555833e-13,1.2
42,21000,VERIFY_HOLD,single_red_center-f6430d296e:0004:VERIFY_HOLD,LIFT,-2.42558298,1.90482796,0.0618452294,2.09169264,-2.42558298,1.90482796,0.0622667613,2.09169264,-6.55164811e-12,-3.46100926e-12,-0.000421531911,8.57092175e-14,6.55164811e-12,3.46100926e-12,0.000421531911,8.57092175e-14,0,0,-0.0148019805,0,-1.69364469e-12,-6.73500352e-13,-0.0148198318,4.5531532e-13,1.69364469e-12,6.73500352e-13,1.78512544e-05,-4.5531532e-13,0,0,0.00286422621,0,-8.94289087e-10,-4.38864944e-10,0.00347203513,2.68781108e-11,-3.03511126e-05,-0.250474323,0.0411547706,1.57093762,-3.03511106e-05,-0.250474323,0.0407332387,1.57093762,0.015998022,0.026998022,0.0185330549,0,-1.28625625e-11,0,0.6,0.6,0.000424924873,0.000301211756,0.000155979357,0.000424924873,0.000172975303,-1.31045397e-10,-5.20365973e-11,-1.05702282,1.31450406e-13,1.2
42.04,21020,VERIFY_HOLD,single_red_center-f6430d296e:0004:VERIFY_HOLD,LIFT,-2.42558298,1.90482796,0.0612555165,2.09169264,-2.42558298,1.90482796,0.0616764391,2.09169264,-6.31850128e-12,-3.3462122e-12,-0.0004209226,7.90478794e-14,6.31850128e-12,3.3462122e-12,0.0004209226,7.90478794e-14,0,0,-0.0146827432,0,-1.47852216e-12,-8.52911621e-13,-0.0147017548,-1.48942669e-13,1.47852216e-12,8.52911621e-13,1.90115723e-05,1.48942669e-13,0,0,0.00309593462,0,2.93310265e-10,1.45007562e-10,0.00421311856,-6.25421936e-12,-3.03511126e-05,-0.250474323,0.0417444835,1.57093762,-3.03511107e-05,-0.250474323,0.0413235609,1.57093762,0.015998022,0.026998022,0.0185330549,0,-1.06686443e-11,0,0.6,0.6,0.000424924873,0.000301211756,0.000155979357,0.000424924873,0.000172975303,-1.24423138e-10,-4.9322324e-11,-1.05682763,1.71418435e-13,1.2
42.08,21040,VERIFY_HOLD,single_red_center-f6430d296e:0004:VERIFY_HOLD,LIFT,-2.42558298,1.90482796,0.0606707579,2.09169264,-2.42558298,1.90482796,0.0610910236,2.09169264,-6.24877927e-12,-3.3089087e-12,-0.000420265752,7.94919686e-14,6.24877927e-12,3.3089087e-12,0.000420265752,7.94919686e-14,0,0,-0.0145543,0,-1.51324963e-12,-8.4030728e-13,-0.0145745046,-1.17362123e-14,1.51324963e-12,8.4030728e-13,2.02046254e-05,1.17362123e-14,0,0,0.00332456454,0,-7.95363775e-11,-3.62305741e-11,0.00501747342,1.1016188e-11,-3.03511126e-05,-0.250474323,0.0423292421,1.57093762,-3.03511107e-05,-0.250474323,0.0419089764,1.57093762,0.015998022,0.026998022,0.0185330549,0,-1.21104348e-11,0,0.6,0.6,0.000424924873,0.000301211756,0.000155979357,0.000424924873,0.000172975303,-1.23669963e-10,-4.90416596e-11,-1.05661651,1.61648472e-13,1.2
42.12,21060,VERIFY_HOLD,single_red_center-f6430d296e:0004:VERIFY_HOLD,LIFT,-2.42558298,1.90482796,0.0600913138,2.09169264,-2.42558298,1.90482796,0.060510879,2.09169264,-6.07425221e-12,-3.22053495e-12,-0.000419565211,7.4162898e-14,6.07425221e-12,3.22053495e-12,0.000419565211,7.4162898e-14,0,0,-0.014416787,0,3.23800803e-13,-1.04016058e-13,-0.0144369993,-4.50297436e-13,-3.23800803e-13,1.04016058e-13,2.02123522e-05,4.50297436e-13,0,0,0.00354987748,0,2.15575291e-09,1.03774234e-09,0.00554549666,-1.31983868e-10,-3.03511126e-05,-0.250474323,0.0429086862,1.57093762,-3.03511108e-05,-0.250474323,0.042489121,1.57093762,0.015998022,0.026998022,0.0185330548,0,-1.06413087e-11,0,0.6,0.6,0.000424924873,0.000301211756,0.000155979357,0.000424924873,0.000172975303,-1.17850618e-10,-4.6703974e-11,-1.05642548,1.71418435e-13,1.2
42.16,21080,VERIFY_HOLD,single_red_center-f6430d296e:0004:VERIFY_HOLD,LIFT,-2.42558298,1.90482796,0.0595175437,2.09169264,-2.42558298,1.90482796,0.0599363779,2.09169264,-6.19992946e-12,-3.28115313e-12,-0.000418834175,7.59392549e-14,6.19992946e-12,3.28115313e-12,0.000418834175,7.59392549e-14,0,0,-0.0142703414,0,-8.93331074e-12,-4.34877644e-12,-0.0142924928,4.1468622e-13,8.93331074e-12,4.34877644e-12,2.21514321e-05,-4.1468622e-13,0,0,0.00377163237,0,-4.2553161e-10,-2.19826823e-10,0.00588629358,-9.03899178e-12,-3.03511126e-05,-0.250474323,0.0434824563,1.57093762,-3.03511107e-05,-0.250474323,0.0430636221,1.57093762,0.015998022,0.026998022,0.0185330548,0,-1.64909888e-11,0,0.6,0.6,0.000424924873,0.000301211756,0.000155979357,0.000424924873,0.000172975303,-1.16195054e-10,-4.61852778e-11,-1.05624611,1.10134124e-13,1.2
42.2,21100,VERIFY_HOLD,single_red_center-f6430d296e:0004:VERIFY_HOLD,LIFT,-2.42558298,1.90482796,0.0589498011,2.09169264,-2.42558298,1.90482796,0.0593678604,2.09169264,-5.84510218e-12,-3.10151904e-12,-0.000418059279,7.32747196e-14,5.84510218e-12,3.10151904e-12,0.000418059279,7.32747196e-14,0,0,-0.0141151101,0,1.04799397e-11,4.68549955e-12,-0.0141373175,-1.15076832e-12,-1.04799397e-11,-4.68549955e-12,2.22074361e-05,1.15076832e-12,0,0,0.00398958812,0,3.12946113e-09,1.5296493e-09,0.00588008054,-1.37159228e-10,-3.03511126e-05,-0.250474323,0.0440501989,1.57093762,-3.03511108e-05,-0.250474323,0.0436321396,1.57093762,0.015998022,0.026998022,0.0185330548,0,-7.69507985e-12,0,0.6,0.6,0.000424924873,0.000301211756,0.000155979357,0.000424924873,0.000172975303,-1.21239907e-10,-4.78905804e-11,-1.05609404,2.3625546e-13,1.2
42.24,21120,VERIFY_HOLD,single_red_center-f6430d296e:0004:VERIFY_HOLD,LIFT,-2.42558298,1.90482796,0.0583884338,2.09169264,-2.42558298,1.90482796,0.0588056854,2.09169264,-5.98188166e-12,-3.16791038e-12,-0.000417251668,7.10542736e-14,5.98188166e-12,3.16791038e-12,0.000417251668,7.10542736e-14,0,0,-0.0139512495,0,-1.21462817e-11,-5.95975192e-12,-0.0139760028,4.36291662e-13,1.21462817e-11,5.95975192e-12,2.47532814e-05,-4.36291662e-13,0,0,0.00420350362,0,4.67546002e-10,1.99403161e-10,0.00593569991,-8.69949113e-11,-3.03511126e-05,-0.250474323,0.0446115662,1.57093762,-3.03511108e-05,-0.250474323,0.0441943146,1.57093762,0.015998022,0.026998022,0.0185330548,0,-1.83744303e-11,0,0.6,0.6,0.000424924873,0.000301211756,0.000155979357,0.000424924873,0.000172975303,-1.07114317e-10,-4.26325641e-11,-1.05592809,8.61533067e-14,1.2
42.28,21140,VERIFY_HOLD,single_red_center-f6430d296e:0004:VERIFY_HOLD,LIFT,-2.42558298,1.90482796,0.0578337828,2.09169264,-2.42558298,1.90482796,0.0582501928,2.09169264,-5.71009906e-12,-3.02624592e-12,-0.000416410011,7.59392549e-14,5.71009906e-12,3.02624592e-12,0.000416410011,7.59392549e-14,0,0,-0.0137789258,0,2.11840748e-11,9.9477562e-12,-0.0138049579,-1.45856068e-12,-2.11840748e-11,-9.9477562e-12,2.60321125e-05,1.45856068e-12,0,0,0.00441313779,0,2.72698841e-09,1.35593226e-09,0.00543687398,-7.0817685e-11,-3.03511126e-05,-0.250474323,0.0451662172,1.57093762,-3.03511109e-05,-0.250474323,0.0447498072,1.57093762,0.015998022,0.026998022,0.0185330548,0,-6.59787436e-12,0,0.6,0.6,0.000424924873,0.000301211756,0.000155979357,0.000424924873,0.000172975303,-1.29560362e-10,-5.10738118e-11,-1.05581144,2.81552559e-13,1.2
42.32,21160,VERIFY_HOLD,single_red_center-f6430d296e:0004:VERIFY_HOLD,LIFT,-2.42558298,1.90482796,0.0572862093,2.09169264,-2.42558298,1.90482796,0.0577017146,2.09169264,-5.73141534e-12,-3.03734815e-12,-0.000415505333,6.79456491e-14,5.73141534e-12,3.03734815e-12,0.000415505333,6.79456491e-14,0,0,-0.0135982852,0,-9.84600402e-12,-4.94335088e-12,-0.0136266582,1.31390252e-13,9.84600402e-12,4.94335088e-12,2.83729662e-05,-1.31390252e-13,0,0,0.00461823228,0,1.05044862e-09,4.89293939e-10,0.00595321465,-1.00964792e-10,-3.03511126e-05,-0.250474323,0.0457137907,1.57093762,-3.03511109e-05,-0.250474323,0.0452982854,1.57093762,0.015998022,0.026998022,0.0185330548,0,-1.80253894e-11,0,0.6,0.6,0.000424924873,0.000301211756,0.000155979357,0.000424924873,0.000172975303,-1.0324186e-10,-4.10302903e-11,-1.05557943,1.07469589e-13,1.2
42.36,21180,VERIFY_HOLD,single_red_center-f6430d296e:0004:VERIFY_HOLD,LIFT,-2.42558298,1.90482796,0.0567460488,2.09169264,-2.42558298,1.90482796,0.0571605886,2.09169264,-5.52136115e-12,-2.92477154e-12,-0.000414539803,7.54951657e-14,5.52136115e-12,2.92477154e-12,0.000414539803,7.54951657e-14,0,0,-0.0134095101,0,2.08608054e-11,9.84585416e-12,-0.013438671,-1.30274735e-12,-2.08608054e-11,-9.84585416e-12,2.91609307e-05,1.30274735e-12,0,0,0.00481854027,0,1.09379528e-09,5.79167825e-10,0.00693693089,5.25646748e-11,-3.03511126e-05,-0.250474323,0.0462539512,1.57093762,-3.03511109e-05,-0.250474323,0.0458394114,1.57093762,0.015998022,0.026998022,0.0185330548,0,-8.63187216e-12,0,0.6,0.6,0.000424924873,0.000301211756,0.000155979357,0.000424924873,0.000172975303,-1.28466127e-10,-5.06155118e-11,-1.05528767,2.85105273e-13,1.2
42.4,21200,VERIFY_HOLD,single_red_center-f6430d296e:0004:VERIFY_HOLD,LIFT,-2.42558298,1.90482796,0.0562135905,2.09169264,-2.42558298,1.90482796,0.0566271306,2.09169264,-5.51603208e-12,-2.92321722e-12,-0.000413540067,6.61692923e-14,5.51603208e-12,2.92321722e-12,0.000413540067,6.61692923e-14,0,0,-0.0132128308,0,-9.65300702e-12,-4.81603867e-12,-0.0132430056,2.17461052e-13,9.65300702e-12,4.81603867e-12,3.01747809e-05,-2.17461052e-13,0,0,0.00501383997,0,-2.91658253e-10,-1.48541623e-10,0.00777578504,3.31107364e-12,-3.03511126e-05,-0.250474323,0.0467864095,1.57093762,-3.03511109e-05,-0.250474323,0.0463728694,1.57093762,0.015998022,0.026998022,0.0185330548,0,-1.97051031e-11,0,0.6,0.6,0.000424924873,0.000301211756,0.000155979357,0.000424924873,0.000172975303,-1.01586295e-10,-4.0351722e-11,-1.05500476,1.11910481e-13,1.2
42.44,21220,VERIFY_HOLD,single_red_center-f6430d296e:0004:VERIFY_HOLD,LIFT,-2.42558298,1.90482796,0.055689146,2.09169264,-2.42558298,1.90482796,0.0561016557,2.09169264,-5.27355937e-12,-2.79687384e-12,-0.000412509688,6.70574707e-14,5.27355937e-12,2.79687384e-12,0.000412509688,6.70574707e-14,0,0,-0.0130084522,0,-2.04257726e-12,-1.20387449e-12,-0.0130390869,-1.30519183e-13,2.04257726e-12,1.20387449e-12,3.06347217e-05,1.30519183e-13,0,0,0.00520389029,0,-1.0717649e-10,-4.37294645e-11,0.00821107229,2.87987967e-11,-3.03511126e-05,-0.250474323,0.047310854,1.57093762,-3.0351111e-05,-0.250474323,0.0468983443,1.57093762,0.015998022,0.026998022,0.0185330548,0,-1.77910204e-11,0,0.6,0.6,0.000424924873,0.000301211756,0.000155979357,0.000424924873,0.000172975303,-1.03710818e-10,-4.10942391e-11,-1.05475654,1.50990331e-13,1.2
42.48,21240,VERIFY_HOLD,single_red_center-f6430d296e:0004:VERIFY_HOLD,LIFT,-2.42558298,1.90482796,0.0551730183,2.09169264,-2.42558298,1.90482796,0.0555844699,2.09169264,-5.20872234e-12,-2.75979239e-12,-0.000411451552,6.61692923e-14,5.20872234e-12,2.75979239e-12,0.000411451552,6.61692923e-14,0,0,-0.0127965885,0,-6.31533012e-12,-3.17133089e-12,-0.012828093,2.58099055e-13,6.31533012e-12,3.17133089e-12,3.15044336e-05,-2.58099055e-13,0,0,0.00538845015,0,-3.90745214e-10,-1.93221439e-10,0.00835469259,1.07123199e-11,-3.03511126e-05,-0.250474323,0.0478269817,1.57093762,-3.0351111e-05,-0.250474323,0.0474155301,1.57093762,0.015998022,0.026998022,0.0185330548,0,-2.06680324e-11,0,0.6,0.6,0.000424924873,0.000301211756,0.000155979357,0.000424924873,0.000172975303,-9.88222837e-11,-3.92361699e-11,-1.0545321,1.09245946e-13,1.2
42.52,21260,VERIFY_HOLD,single_red_center-f6430d296e:0004:VERIFY_HOLD,LIFT,-2.42558298,1.90482796,0.0546655018,2.09169264,-2.42558298,1.90482796,0.055075869,2.09169264,-4.93605157e-12,-2.61901612e-12,-0.000410367149,6.48370246e-14,4.93605157e-12,2.61901612e-12,0.000410367149,6.48370246e-14,0,0,-0.0125774639,0,1.45987959e-11,6.69127839e-12,-0.0126087986,-1.28057477e-12,-1.45987959e-11,-6.69127839e-12,3.13346952e-05,1.28057477e-12,0,0,0.00556727845,0,3.74890163e-09,1.8319275e-09,0.00792236853,-1.7302626e-10,-3.03511126e-05,-0.250474323,0.0483344982,1.57093762,-3.03511111e-05,-0.250474323,0.047924131,1.57093762,0.015998022,0.026998022,0.0185330548,0,-1.18253108e-11,0,0.6,0.6,0.000424924873,0.000301211756,0.000155979357,0.000424924873,0.000172975303,-1.05870868e-10,-4.17550439e-11,-1.05436088,2.25597319e-13,1.2
42.56,21280,VERIFY_HOLD,single_red_center-f6430d296e:0004:VERIFY_HOLD,LIFT,-2.42558298,1.90482796,0.0541668817,2.09169264,-2.42558298,1.90482796,0.0545761385,2.09169264,-4.97912822e-12,-2.64122058e-12,-0.00040925681,5.81756865e-14,4.97912822e-12,2.64122058e-12,0.00040925681,5.81756865e-14,0,0,-0.0123513118,0,-1.37947685e-11,-6.86752301e-12,-0.0123855001,3.15852529e-13,1.37947685e-11,6.86752301e-12,3.41882933e-05,-3.15852529e-13,0,0,0.0057401341,0,1.25243815e-09,5.76384274e-10,0.00769807189,-1.36419709e-10,-3.03511126e-05,-0.250474323,0.0488331183,1.57093762,-3.03511111e-05,-0.250474323,0.0484238615,1.57093762,0.015998022,0.026998022,0.0185330548,0,-2.29742477e-11,0,0.6,0.6,0.000424924873,0.000301211756,0.000155979357,0.000424924873,0.000172975303,-8.40429948e-11,-3.34736683e-11,-1.05416219,6.39488462e-14,1.2
42.6,21300,VERIFY_HOLD,single_red_center-f6430d296e:0004:VERIFY_HOLD,LIFT,-2.42558298,1.90482796,0.0536774363,2.09169264,-2.42558298,1.90482796,0.0540855427,2.09169264,-4.48352466e-12,-2.38986608e-12,-0.000408106386,5.10702591e-14,4.48352466e-12,2.38986608e-12,0.000408106386,5.10702591e-14,0,0,-0.0121183736,0,-1.3576793e-11,-7.0844583e-12,-0.0121533443,-1.30904838e-13,1.3576793e-11,7.0844583e-12,3.49706534e-05,1.30904838e-13,0,0,0.00590677418,0,4.41287007e-09,2.08954543e-09,0.0073319494,-3.49108187e-10,-3.03511126e-05,-0.250474323,0.0493225637,1.57093762,-3.03511112e-05,-0.250474323,0.0489144573,1.57093762,0.015998022,0.026998022,0.0185330548,0,-2.11450433e-11,0,0.6,0.6,0.000424924873,0.000301211756,0.000155979357,0.000424924873,0.000172975303,-6.85389523e-11,-2.73168155e-11,-1.05397115,5.95079541e-14,1.2
42.64,21320,VERIFY_HOLD,single_red_center-f6430d296e:0004:VERIFY_HOLD,LIFT,-2.42558298,1.90482796,0.0531975027,2.09169264,-2.42558298,1.90482796,0.0536043921,2.09169264,-4.77706763e-12,-2.52864396e-12,-0.00040688945,6.03961325e-14,4.77706763e-12,2.52864396e-12,0.00040688945,6.03961325e-14,0,0,-0.0118788565,0,-1.27705415e-11,-6.14703511e-12,-0.0119162865,8.66716621e-13,1.27705415e-11,6.14703511e-12,3.743003e-05,-8.66716621e-13,0,0,0.00606690842,0,-7.92809374e-10,-4.09469791e-10,0.00852387554,-2.26202945e-11,-3.03511126e-05,-0.250474323,0.0498024973,1.57093762,-3.03511112e-05,-0.250474323,0.0493956079,1.57093762,0.015998022,0.026998022,0.0185330548,0,-2.65697365e-11,0,0.6,0.6,0.000424924873,0.000301211756,0.000155979357,0.000424924873,0.000172975303,-8.47322212e-11,-3.37898598e-11,-1.05360645,3.37507799e-14,1.2
42.68,21340,VERIFY_HOLD,single_red_center-f6430d296e:0004:VERIFY_HOLD,LIFT,-2.42558298,1.90482796,0.0527272511,2.09169264,-2.42558298,1.90482796,0.0531328993,2.09169264,-4.34496883e-12,-2.30970798e-12,-0.000405648164,5.5067062e-14,4.34496883e-12,2.30970798e-12,0.000405648164,5.5067062e-14,0,0,-0.0116330837,0,-2.97796816e-12,-1.76211794e-12,-0.0116717682,-2.28268625e-13,2.97796816e-12,1.76211794e-12,3.86844824e-05,2.28268625e-13,0,0,0.00622035366,0,-4.29821512e-10,-1.92675209e-10,0.0092427022,6.94245217e-11,-3.03511126e-05,-0.250474323,0.0502727489,1.57093762,-3.03511113e-05,-0.250474323,0.0498671007,1.57093762,0.015998022,0.026998022,0.0185330548,0,-2.06820229e-11,0,0.6,0.6,0.000424924873,0.000301211756,0.000155979357,0.000424924873,0.000172975303,-8.48245918e-11,-3.3576697e-11,-1.05328612,1.42996726e-13,1.2
42.72,21360,VERIFY_HOLD,single_red_center-f6430d296e:0004:VERIFY_HOLD,LIFT,-2.42558298,1.90482796,0.0522669718,2.09169264,-2.42558298,1.90482796,0.052671335,2.09169264,-4.32853753e-12,-2.29349872e-12,-0.000404363122,5.90638649e-14,4.32853753e-12,2.29349872e-12,0.000404363122,5.90638649e-14,0,0,-0.0113813,0,-3.83311939e-12,-1.90331394e-12,-0.0114194451,4.23102298e-13,3.83311939e-12,1.90331394e-12,3.8145081e-05,-4.23102298e-13,0,0,0.006366837,0,-1.95130845e-09,-9.34953448e-10,0.0101584382,1.27621247e-10,-3.03511126e-05,-0.250474323,0.0507330282,1.57093762,-3.03511113e-05,-0.250474323,0.050328665,1.57093762,0.015998022,0.026998022,0.0185330548,0,-2.43543916e-11,0,0.6,0.6,0.000424924873,0.000301211756,0.000155979357,0.000424924873,0.000172975303,-8.64659455e-11,-3.4308556e-11,-1.05293839,9.76996262e-14,1.2
42.76,21380,VERIFY_HOLD,single_red_center-f6430d296e:0004:VERIFY_HOLD,LIFT,-2.42558298,1.90482796,0.0518168529,2.09169264,-2.42558298,1.90482796,0.0522199288,2.09169264,-4.09228207e-12,-2.17159624e-12,-0.00040307598,5.15143483e-14,4.09228207e-12,2.17159624e-12,0.00040307598,5.15143483e-14,0,0,-0.0111238149,0,-5.92150075e-12,-3.0453413e-12,-0.0111620008,1.40654693e-13,5.92150075e-12,3.0453413e-12,3.81859529e-05,-1.40654693e-13,0,0,0.00650614916,0,-6.60213217e-10,-3.1524916e-10,0.0101784918,4.62817007e-11,-3.03511126e-05,-0.250474323,0.0511831471,1.57093762,-3.03511114e-05,-0.250474323,0.0507800712,1.57093762,0.015998022,0.026998022,0.0185330548,0,-2.37145246e-11,0,0.6,0.6,0.000424924873,0.000301211756,0.000155979357,0.000424924873,0.000172975303,-7.73781039e-11,-3.06918935e-11,-1.05268063,9.68114477e-14,1.2
42.8,21400,VERIFY_HOLD,single_red_center-f6430d296e:0004:VERIFY_HOLD,LIFT,-2.42558298,1.90482796,0.0513771315,2.09169264,-2.42558298,1.90482796,0.0517789024,2.09169264,-3.87467836e-12,-2.05635509e-12,-0.000401770845,5.19584376e-14,3.87467836e-12,2.05635509e-12,0.000401770845,5.19584376e-14,0,0,-0.0108609105,0,3.82806467e-12,1.63986685e-12,-0.0108995171,-3.42714632e-13,-3.82806467e-12,-1.63986685e-12,3.86066217e-05,3.42714632e-13,0,0,0.00663803844,0,2.55544919e-10,1.39700695e-10,0.00991945348,2.21453411e-11,-3.03511126e-05,-0.250474323,0.0516228685,1.57093762,-3.03511114e-05,-0.250474323,0.0512210976,1.57093762,0.015998022,0.026998022,0.0185330548,0,-2.08592558e-11,0,0.6,0.6,0.000424924873,0.000301211756,0.000155979357,0.000424924873,0.000172975303,-8.07034439e-11,-3.19069215e-11,-1.05244711,1.4033219e-13,1.2
42.84,21420,VERIFY_HOLD,single_red_center-f6430d296e:0004:VERIFY_HOLD,LIFT,-2.42558298,1.90482796,0.0509480182,2.09169264,-2.42558298,1.90482796,0.051348467,2.09169264,-3.68727271e-12,-1.96043182e-12,-0.000400448811,4.48530102e-14,3.68727271e-12,1.96043182e-12,0.000400448811,4.48530102e-14,0,0,-0.0105928881,0,-9.89098044e-12,-5.0342003e-12,-0.0106328286,1.92499778e-13,9.89098044e-12,5.0342003e-12,3.9940457e-05,-1.92499778e-13,0,0,0.00676226375,0,7.67421682e-10,3.55173668e-10,0.00950015917,-7.84716181e-11,-3.03511126e-05,-0.250474323,0.0520519818,1.57093762,-3.03511115e-05,-0.250474323,0.051651533,1.57093762,0.015998022,0.026998022,0.0185330548,0,-2.51957995e-11,0,0.6,0.6,0.000424924873,0.000301211756,0.000155979357,0.000424924873,0.000172975303,-6.2847505e-11,-2.50039989e-11,-1.05222615,5.86197757e-14,1.2
42.88,21440,VERIFY_HOLD,single_red_center-f6430d296e:0004:VERIFY_HOLD,LIFT,-2.42558298,1.90482796,0.0505297042,2.09169264,-2.42558298,1.90482796,0.0509288003,2.09169264,-3.43192141e-12,-1.82698301e-12,-0.000399096099,4.13002965e-14,3.43192141e-12,1.82698301e-12,0.000399096099,4.13002965e-14,0,0,-0.0103200612,0,-2.37813269e-11,-1.16728619e-11,-0.0103643884,1.16296713e-12,2.37813269e-11,1.16728619e-11,4.43272477e-05,-1.16296713e-12,0,0,0.00687858911,0,-3.79550436e-09,-1.84454496e-09,0.00988638374,2.05376993e-10,-3.03511126e-05,-0.250474323,0.0524702958,1.57093762,-3.03511116e-05,-0.250474323,0.0520711997,1.57093762,0.015998022,0.026998022,0.0185330548,0,-3.14537384e-11,0,0.6,0.6,0.000424924873,0.000301211756,0.000155979357,0.000424924873,0.000172975303,-5.27577981e-11,-2.11173301e-11,-1.05191558,2.66453526e-15,1.2
42.92,21460,VERIFY_HOLD,single_red_center-f6430d296e:0004:VERIFY_HOLD,LIFT,-2.42558298,1.90482796,0.0501224496,2.09169264,-2.42558298,1.90482796,0.0505201702,2.09169264,-3.60156349e-12,-1.90025773e-12,-0.00039772054,5.2846616e-14,3.60156349e-12,1.90025773e-12,0.00039772054,5.2846616e-14,0,0,-0.0100427215,0,-3.99570602e-12,-1.70899108e-12,-0.0100860056,9.60622997e-13,3.99570602e-12,1.70899108e-12,4.32841431e-05,-9.60622997e-13,0,0,0.00698671761,0,-2.07035455e-09,-1.01016617e-09,0.00928139171,7.67412245e-11,-3.03511126e-05,-0.250474323,0.0528775504,1.57093762,-3.03511115e-05,-0.250474323,0.0524798298,1.57093762,0.015998022,0.026998022,0.0185330548,0,-2.90536072e-11,0,0.6,0.6,0.000424924873,0.000301211756,0.000155979357,0.000424924873,0.000172975303,-7.19850846e-11,-2.8663294e-11,-1.05170286,2.48689958e-14,1.2
42.96,21480,VERIFY_HOLD,single_red_center-f6430d296e:0004:VERIFY_HOLD,LIFT,-2.42558298,1.90482796,0.0497263886,2.09169264,-2.42558298,1.90482796,0.0501226667,2.09169264,-2.98694403e-12,-1.5949464e-12,-0.000396278093,3.37507799e-14,2.98694403e-12,1.5949464e-12,0.000396278093,3.37507799e-14,0,0,-0.00976121904,0,-1.03192077e-11,-5.40679954e-12,-0.00980478353,-1.36735401e-13,1.03192077e-11,5.40679954e-12,4.3564489e-05,1.36735401e-13,0,0,0.00708643537,0,-4.74145168e-11,-1.9229951e-11,0.0106680519,2.67131872e-11,-3.03511126e-05,-0.250474323,0.0532736114,1.57093762,-3.03511117e-05,-0.250474323,0.0528773333,1.57093762,0.015998022,0.026998022,0.0185330548,0,-2.46604766e-11,0,0.6,0.6,0.000424924873,0.000301211756,0.000155979357,0.000424924873,0.000172975303,-4.99156272e-11,-1.97921679e-11,-1.05127458,8.43769499e-14,1.2
43,21500,VERIFY_HOLD,single_red_center-f6430d296e:0004:VERIFY_HOLD,LIFT,-2.42558298,1.90482796,0.0493416534,2.09169264,-2.42558298,1.90482796,0.0497364788,2.09169264,-2.55839794e-12,-1.37179157e-12,-0.000394825428,3.01980663e-14,2.55839794e-12,1.37179157e-12,0.000394825428,3.01980663e-14,0,0,-0.0094759045,0,2.39458595e-12,5.55752499e-13,-0.00951676319,-9.76657616e-13,-2.39458595e-12,-5.55752499e-13,4.08586889e-05,9.76657616e-13,0,0,0.00717752112,0,4.68804373e-09,2.2616824e-09,0.0111814508,-2.81226709e-10,-3.03511126e-05,-0.250474323,0.0536583466,1.57093762,-3.03511118e-05,-0.250474323,0.0532635212,1.57093762,0.015998022,0.026998022,0.0185330548,0,-1.96778006e-11,0,0.6,0.6,0.000424924873,0.000301211756,0.000155979357,0.000424924873,0.000172975303,-4.48707738e-11,-1.76854087e-11,-1.05093478,1.11022302e-13,1.2
43.04,21520,VERIFY_HOLD,single_red_center-f6430d296e:0004:VERIFY_HOLD,LIFT,-2.42558298,1.90482796,0.0489683891,2.09169264,-2.42558298,1.90482796,0.0493617718,2.09169264,-2.77511347e-12,-1.47526436e-12,-0.000393382681,2.97539771e-14,2.77511347e-12,1.47526436e-12,0.000393382681,2.97539771e-14,0,0,-0.00918712724,0,-1.9444988e-11,-9.53476167e-12,-0.00922978078,8.01268312e-13,1.9444988e-11,9.53476167e-12,4.26535355e-05,-8.01268312e-13,0,0,0.00725973376,0,-5.23042942e-10,-2.82832424e-10,0.011477698,-3.95265487e-11,-3.03511126e-05,-0.250474323,0.0540316109,1.57093762,-3.03511118e-05,-0.250474323,0.0536382282,1.57093762,0.015998022,0.026998022,0.0185330548,0,-3.08248472e-11,0,0.6,0.6,0.000424924873,0.000301211756,0.000155979357,0.000424924873,0.000172975303,-3.77866627e-11,-1.51914037e-11,-1.05061617,-2.39808173e-14,1.2
43.08,21540,VERIFY_HOLD,single_red_center-f6430d296e:0004:VERIFY_HOLD,LIFT,-2.42558298,1.90482796,0.0486067269,2.09169264,-2.42558298,1.90482796,0.0489986538,2.09169264,-2.29327668e-12,-1.22835075e-12,-0.000391926878,2.70894418e-14,2.29327668e-12,1.22835075e-12,0.000391926878,2.70894418e-14,0,0,-0.0088952463,0,-1.0718519e-11,-5.5653377e-12,-0.00893804286,8.55089649e-14,1.0718519e-11,5.5653377e-12,4.27965575e-05,-8.55089649e-14,0,0,0.00733283221,0,-1.32299505e-10,-6.60653754e-11,0.0113823004,1.22362676e-11,-3.03511126e-05,-0.250474323,0.0543932731,1.57093762,-3.03511119e-05,-0.250474323,0.0540013462,1.57093762,0.015998022,0.026998022,0.0185330548,0,-2.64952993e-11,0,0.6,0.6,0.000424924873,0.000301211756,0.000155979357,0.000424924873,0.000172975303,-3.58184593e-11,-1.42357237e-11,-1.05033571,4.79616347e-14,1.2
43.12,21560,VERIFY_HOLD,single_red_center-f6430d296e:0004:VERIFY_HOLD,LIFT,-2.42558298,1.90482796,0.0482567833,2.09169264,-2.42558298,1.90482796,0.0486472567,2.09169264,-2.03748129e-12,-1.08979492e-12,-0.000390473367,2.84217094e-14,2.03748129e-12,1.08979492e-12,0.000390473367,2.84217094e-14,0,0,-0.00860063028,0,7.29070956e-12,3.11792482e-12,-0.00864302631,-8.07682759e-13,-7.29070956e-12,-3.11792482e-12,4.23960217e-05,8.07682759e-13,0,0,0.00739657537,0,3.04484615e-09,1.48121249e-09,0.0105758702,-1.60971181e-10,-3.03511126e-05,-0.250474323,0.0547432167,1.57093762,-3.0351112e-05,-0.250474323,0.0543527433,1.57093762,0.015998022,0.026998022,0.0185330548,0,-2.06940933e-11,0,0.6,0.6,0.000424924873,0.000301211756,0.000155979357,0.000424924873,0.000172975303,-4.21707114e-11,-1.6576962e-11,-1.05012753,1.09245946e-13,1.2
43.16,21580,VERIFY_HOLD,single_red_center-f6430d296e:0004:VERIFY_HOLD,LIFT,-2.42558298,1.90482796,0.0479186601,2.09169264,-2.42558298,1.90482796,0.0483076789,2.09169264,-1.96909156e-12,-1.05204734e-12,-0.000389018873,2.13162821e-14,1.96909156e-12,1.05204734e-12,0.000389018873,2.13162821e-14,0,0,-0.00830365744,0,-1.08169694e-11,-5.49921489e-12,-0.00834837497,1.78171883e-13,1.08169694e-11,5.49921489e-12,4.47175315e-05,-1.78171883e-13,0,0,0.00745072216,0,1.24772193e-09,5.82803139e-10,0.00985818698,-1.20172872e-10,-3.03511126e-05,-0.250474323,0.0550813399,1.57093762,-3.0351112e-05,-0.250474323,0.0546923211,1.57093762,0.015998022,0.026998022,0.0185330548,0,-2.74755574e-11,0,0.6,0.6,0.000424924873,0.000301211756,0.000155979357,0.000424924873,0.000172975303,-2.67093014e-11,-1.068301e-11,-1.04990886,6.21724894e-15,1.2
43.2,21600,VERIFY_HOLD,single_red_center-f6430d296e:0004:VERIFY_HOLD,LIFT,-2.42558298,1.90482796,0.0475924614,2.09169264,-2.42558298,1.90482796,0.0479800066,2.09169264,-1.59117164e-12,-8.56203997e-13,-0.000387545166,1.86517468e-14,1.59117164e-12,8.56203997e-13,0.000387545166,1.86517468e-14,0,0,-0.00800471329,0,-7.78393538e-12,-4.14215676e-12,-0.00805112039,-4.93231593e-14,7.78393538e-12,4.14215676e-12,4.64071029e-05,4.93231593e-14,0,0,0.00749501646,0,1.1692638e-09,5.56859447e-10,0.00937646453,-8.37564462e-11,-3.03511126e-05,-0.250474323,0.0554075386,1.57093762,-3.03511121e-05,-0.250474323,0.0550199934,1.57093762,0.015998022,0.026998022,0.0185330548,0,-2.6073161e-11,0,0.6,0.6,0.000424924873,0.000301211756,0.000155979357,0.000424924873,0.000172975303,-2.22115659e-11,-8.83204621e-12,-1.04966253,2.93098879e-14,1.2
43.24,21620,VERIFY_HOLD,single_red_center-f6430d296e:0004:VERIFY_HOLD,LIFT,-2.42558298,1.90482796,0.0472783173,2.09169264,-2.42558298,1.90482796,0.0476642899,2.09169264,-1.27320376e-12,-6.90336677e-13,-0.000385972603,1.15463195e-14,1.27320376e-12,6.90336677e-13,0.000385972603,1.15463195e-14,0,0,-0.00770419128,0,-3.43076538e-11,-1.68500516e-11,-0.00775119793,1.59744253e-12,3.43076538e-11,1.68500516e-11,4.70066491e-05,-1.59744253e-12,0,0,0.00752916553,0,-3.8622705e-09,-1.89540561e-09,0.0121474807,1.66835323e-10,-3.03511126e-05,-0.250474323,0.0557216827,1.57093762,-3.03511122e-05,-0.250474323,0.0553357101,1.57093762,0.015998022,0.026998022,0.0185330548,0,-3.65187401e-11,0,0.6,0.6,0.000424924873,0.000301211756,0.000155979357,0.000424924873,0.000172975303,3.97903932e-13,-1.52766688e-13,-1.04906771,-1.04805054e-13,1.2
43.28,21640,VERIFY_HOLD,single_red_center-f6430d296e:0004:VERIFY_HOLD,LIFT,-2.42558298,1.90482796,0.046976206,2.09169264,-2.42558298,1.90482796,0.0473606766,2.09169264,-1.47881707e-12,-7.80930876e-13,-0.000384470559,2.39808173e-14,1.47881707e-12,7.80930876e-13,0.000384470559,2.39808173e-14,0,0,-0.00740251124,0,-1.08456634e-11,-5.0563518e-12,-0.00744839,1.27774126e-12,1.08456634e-11,5.0563518e-12,4.58787584e-05,-1.27774126e-12,0,0,0.00755299127,0,-3.16477866e-09,-1.54343649e-09,0.0116903428,1.3522905e-10,-3.03511126e-05,-0.250474323,0.056023794,1.57093762,-3.03511122e-05,-0.250474323,0.0556393234,1.57093762,0.015998022,0.026998022,0.0185330548,0,-3.29689518e-11,0,0.6,0.6,0.000424924873,0.000301211756,0.000155979357,0.000424924873,0.000172975303,-2.49613663e-11,-1.00790487e-11,-1.04881343,-5.41788836e-14,1.2
43.32,21660,VERIFY_HOLD,single_red_center-f6430d296e:0004:VERIFY_HOLD,LIFT,-2.42558298,1.90482796,0.0466861654,2.09169264,-2.42558298,1.90482796,0.0470691087,2.09169264,-7.46513962e-13,-4.14113188e-13,-0.000382943294,4.4408921e-15,7.46513962e-13,4.14113188e-13,0.000382943294,4.4408921e-15,0,0,-0.00710009008,0,-1.29128466e-11,-6.75203392e-12,-0.00714503375,-8.96463197e-14,1.29128466e-11,6.75203392e-12,4.49436684e-05,8.96463197e-14,0,0,0.00756625258,0,-4.14702939e-10,-1.93516314e-10,0.0121006849,5.46769297e-11,-3.03511126e-05,-0.250474323,0.0563138346,1.57093762,-3.03511124e-05,-0.250474323,0.0559308913,1.57093762,0.015998022,0.026998022,0.0185330548,0,-2.65084825e-11,0,0.6,0.6,0.000424924873,0.000301211756,0.000155979357,0.000424924873,0.000172975303,-3.29691829e-12,-1.29674049e-12,-1.04846737,2.66453526e-14,1.2
43.36,21680,VERIFY_HOLD,single_red_center-f6430d296e:0004:VERIFY_HOLD,LIFT,-2.42558298,1.90482796,0.0464082164,2.09169264,-2.42558298,1.90482796,0.0467896497,2.09169264,-5.59552404e-13,-3.08642001e-13,-0.000381433295,1.02140518e-14,5.59552404e-13,3.08642001e-13,0.000381433295,1.02140518e-14,0,0,-0.00679735433,0,-7.22400108e-12,-3.76411773e-12,-0.00684170356,3.01739789e-13,7.22400108e-12,3.76411773e-12,4.43492231e-05,-3.01739789e-13,0,0,0.00756870838,0,-8.43922265e-10,-4.06134681e-10,0.0118562776,5.12573872e-11,-3.03511126e-05,-0.250474323,0.0565917836,1.57093762,-3.03511124e-05,-0.250474323,0.0562103503,1.57093762,0.015998022,0.026998022,0.0185330548,0,-2.77502446e-11,0,0.6,0.6,0.000424924873,0.000301211756,0.000155979357,0.000424924873,0.000172975303,-5.80513415e-12,-2.32702746e-12,-1.0481907,-8.8817842e-16,1.2
43.4,21700,VERIFY_HOLD,single_red_center-f6430d296e:0004:VERIFY_HOLD,LIFT,-2.42558298,1.90482796,0.0461423631,2.09169264,-2.42558298,1.90482796,0.0465222977,2.09169264,-2.90434343e-13,-1.65423231e-13,-0.00037993459,4.88498131e-15,2.90434343e-13,1.65423231e-13,0.00037993459,4.88498131e-15,0,0,-0.00649474014,0,-3.96930381e-12,-2.21715033e-12,-0.0065388386,-1.09280676e-14,3.96930381e-12,2.21715033e-12,4.40984577e-05,1.09280676e-14,0,0,0.00756011757,0,2.41783482e-10,1.20135901e-10,0.0112668725,-9.74809122e-12,-3.03511126e-05,-0.250474323,0.0568576369,1.57093762,-3.03511125e-05,-0.250474323,0.0564777023,1.57093762,0.015998022,0.026998022,0.0185330548,0,-2.59242392e-11,0,0.6,0.6,0.000424924873,0.000301211756,0.000155979357,0.000424924873,0.000172975303,-1.55608859e-12,-5.96855898e-13,-1.04795087,9.76996262e-15,1.2
43.44,21720,VERIFY_HOLD,single_red_center-f6430d296e:0004:VERIFY_HOLD,LIFT,-2.42558298,1.90482796,0.0458885918,2.09169264,-2.42558298,1.90482796,0.046267039,2.09169264,1.55431223e-14,-6.43929354e-15,-0.000378447239,-2.22044605e-15,1.55431223e-14,6.43929354e-15,0.000378447239,2.22044605e-15,0,0,-0.00619269326,0,-1.03477907e-11,-5.3588552e-12,-0.00623734126,1.3435807e-13,1.03477907e-11,5.3588552e-12,4.46480008e-05,-1.3435807e-13,0,0,0.00754023908,0,9.6196473e-10,4.50633308e-10,0.0105006055,-8.70922778e-11,-3.03511126e-05,-0.250474323,0.0571114082,1.57093762,-3.03511126e-05,-0.250474323,0.056732961,1.57093762,0.015998022,0.026998022,0.0185330548,0,-2.71867151e-11,0,0.6,0.6,0.000424924873,0.000301211756,0.000155979357,0.000424924873,0.000172975303,1.20081722e-11,4.69668748e-12,-1.0477308,-3.10862447e-14,1.2
43.48,21740,VERIFY_HOLD,single_red_center-f6430d296e:0004:VERIFY_HOLD,LIFT,-2.42558298,1.90482796,0.0456468706,2.09169264,-2.42558298,1.90482796,0.046023851,2.09169264,2.60680366e-13,1.25011113e-13,-0.000376980324,-2.22044605e-15,2.60680366e-13,1.25011113e-13,0.000376980324,2.22044605e-15,0,0,-0.00589166907,0,-7.47080085e-12,-3.91635585e-12,-0.00593801493,1.56275312e-13,7.47080085e-12,3.91635585e-12,4.63458676e-05,-1.56275312e-13,0,0,0.00750883179,0,6.68585187e-10,3.1378633e-10,0.00935618292,-6.22364937e-11,-3.03511126e-05,-0.250474323,0.0573531294,1.57093762,-3.03511127e-05,-0.250474323,0.056976149,1.57093762,0.015998022,0.026998022,0.0185330548,0,-2.68275298e-11,0,0.6,0.6,0.000424924873,0.000301211756,0.000155979357,0.000424924873,0.000172975303,1.36068934e-11,5.35393951e-12,-1.04755203,-2.93098879e-14,1.2
43.52,21760,VERIFY_HOLD,single_red_center-f6430d296e:0004:VERIFY_HOLD,LIFT,-2.42558298,1.90482796,0.0454172218,2.09169264,-2.42558298,1.90482796,0.0457926823,2.09169264,5.9552363e-13,3.01758618e-13,-0.000375460455,-5.32907052e-15,5.9552363e-13,3.01758618e-13,0.000375460455,5.32907052e-15,0,0,-0.00559214434,0,-2.48649987e-12,-1.55212148e-12,-0.00563813778,-1.51629514e-13,2.48649987e-12,1.55212148e-12,4.59934352e-05,1.51629514e-13,0,0,0.00746558214,0,3.61980668e-10,1.8312285e-10,0.0101233946,-2.63855604e-12,-3.03511126e-05,-0.250474323,0.0575827782,1.57093762,-3.03511128e-05,-0.250474323,0.0572073177,1.57093762,0.015998022,0.026998022,0.0185330548,0,-2.46335174e-11,0,0.6,0.6,0.000424924873,0.000301211756,0.000155979357,0.000424924873,0.000172975303,1.496403e-11,5.98632255e-12,-1.04716965,3.55271368e-15,1.2
43.56,21780,VERIFY_HOLD,single_red_center-f6430d296e:0004:VERIFY_HOLD,LIFT,-2.42558298,1.90482796,0.0451995155,2.09169264,-2.42558298,1.90482796,0.0455734625,2.09169264,9.40580946e-13,4.82280882e-13,-0.000373946975,-1.28785871e-14,9.40580946e-13,4.82280882e-13,0.000373946975,1.28785871e-14,0,0,-0.00529458998,0,-9.87160132e-12,-5.16375098e-12,-0.00534018867,8.94628903e-14,9.87160132e-12,5.16375098e-12,4.55986933e-05,-8.94628903e-14,0,0,0.00741030624,0,-1.65641723e-10,-7.84909915e-11,0.0110161873,1.54030677e-11,-3.03511126e-05,-0.250474323,0.0578004845,1.57093762,-3.03511129e-05,-0.250474323,0.0574265375,1.57093762,0.015998022,0.026998022,0.0185330548,0,-2.63096072e-11,0,0.6,0.6,0.000424924873,0.000301211756,0.000155979357,0.000424924873,0.000172975303,2.79953838e-11,1.10951248e-11,-1.046776,-3.19744231e-14,1.2
43.6,21800,VERIFY_HOLD,single_red_center-f6430d296e:0004:VERIFY_HOLD,LIFT,-2.42558298,1.90482796,0.0449936708,2.09169264,-2.42558298,1.90482796,0.0453661197,2.09169264,1.06492593e-12,5.56887869e-13,-0.000372448873,-6.66133815e-15,1.06492593e-12,5.56887869e-13,0.000372448873,6.66133815e-15,0,0,-0.00499949385,0,5.73062475e-13,1.84624892e-13,-0.00504369647,2.80562296e-13,-5.73062475e-13,-1.84624892e-13,4.42026198e-05,-2.80562296e-13,0,0,0.00734275423,0,-2.73121437e-09,-1.29449074e-09,0.0116073002,2.10499784e-10,-3.03511126e-05,-0.250474323,0.0580063292,1.57093762,-3.03511129e-05,-0.250474323,0.0576338803,1.57093762,0.015998022,0.026998022,0.0185330548,0,-2.59231142e-11,0,0.6,0.6,0.000424924873,0.000301211756,0.000155979357,0.000424924873,0.000172975303,1.57385216e-11,6.30606678e-12,-1.04641637,-7.10542736e-15,1.2
43.64,21820,VERIFY_HOLD,single_red_center-f6430d296e:0004:VERIFY_HOLD,LIFT,-2.42558298,1.90482796,0.0447995503,2.09169264,-2.42558298,1.90482796,0.0451705345,2.09169264,1.57118762e-12,8.13571432e-13,-0.000370984231,-2.08721929e-14,1.57118762e-12,8.13571432e-13,0.000370984231,2.08721929e-14,0,0,-0.00470734379,0,-8.83725076e-12,-4.70657116e-12,-0.00475001006,-5.05385364e-14,8.83725076e-12,4.70657116e-12,4.26662635e-05,5.05385364e-14,0,0,0.00726271556,0,-3.94738464e-10,-1.83005611e-10,0.011468483,5.12492826e-11,-3.03511126e-05,-0.250474323,0.0582004497,1.57093762,-3.03511131e-05,-0.250474323,0.0578294655,1.57093762,0.015998022,0.026998022,0.0185330548,0,-2.49521033e-11,0,0.6,0.6,0.000424924873,0.000301211756,0.000155979357,0.000424924873,0.000172975303,3.91864319e-11,1.55608859e-11,-1.04613786,-2.84217094e-14,1.2
43.68,21840,VERIFY_HOLD,single_red_center-f6430d296e:0004:VERIFY_HOLD,LIFT,-2.42558298,1.90482796,0.0446170361,2.09169264,-2.42558298,1.90482796,0.0449865832,2.09169264,1.94821936e-12,1.0125234e-12,-0.000369547085,-2.44249065e-14,1.94821936e-12,1.0125234e-12,0.000369547085,2.44249065e-14,0,0,-0.00441864554,0,-1.03303256e-11,-5.43386594e-12,-0.00446035767,1.39023067e-13,1.03303256e-11,5.43386594e-12,4.1712132e-05,-1.39023067e-13,0,0,0.00716993898,0,1.73576709e-10,8.1375795e-11,0.0110457257,-1.59829372e-11,-3.03511126e-05,-0.250474323,0.0583829639,1.57093762,-3.03511132e-05,-0.250474323,0.0580134168,1.57093762,0.015998022,0.026998022,0.0185330548,0,-2.55778484e-11,0,0.6,0.6,0.000424924873,0.000301211756,0.000155979357,0.000424924873,0.000172975303,4.9197979e-11,1.94901872e-11,-1.04589315,-6.48370246e-14,1.2
43.72,21860,VERIFY_HOLD,single_red_center-f6430d296e:0004:VERIFY_HOLD,LIFT,-2.42558298,1.90482796,0.0444459802,2.09169264,-2.42558298,1.90482796,0.0448141258,2.09169264,2.20312657e-12,1.15019105e-12,-0.00036814551,-2.7533531e-14,2.20312657e-12,1.15019105e-12,0.00036814551,2.7533531e-14,0,0,-0.00413391237,0,-1.01153041e-11,-5.23193129e-12,-0.00417550043,2.85743964e-13,1.01153041e-11,5.23193129e-12,4.15880605e-05,-2.85743964e-13,0,0,0.00706418338,0,2.62565081e-10,1.16977539e-10,0.0101720551,-4.23562851e-11,-3.03511126e-05,-0.250474323,0.0585540198,1.57093762,-3.03511133e-05,-0.250474323,0.0581858742,1.57093762,0.015998022,0.026998022,0.0185330548,0,-2.59694088e-11,0,0.6,0.6,0.000424924873,0.000301211756,0.000155979357,0.000424924873,0.000172975303,5.42570433e-11,2.14583906e-11,-1.04570041,-8.97060204e-14,1.2
43.76,21880,VERIFY_HOLD,single_red_center-f6430d296e:0004:VERIFY_HOLD,LIFT,-2.42558298,1.90482796,0.0442862141,2.09169264,-2.42558298,1.90482796,0.044652989,2.09169264,2.55084842e-12,1.33471012e-12,-0.000366774838,-3.15303339e-14,2.55084842e-12,1.33471012e-12,0.000366774838,3.15303339e-14,0,0,-0.00385366716,0,-4.72096209e-12,-2.64634562e-12,-0.0038957104,-6.66360331e-14,4.72096209e-12,2.64634562e-12,4.20432384e-05,6.66360331e-14,0,0,0.00694520768,0,7.62351959e-10,3.67914588e-10,0.00907931274,-4.69773664e-11,-3.03511126e-05,-0.250474323,0.0587137859,1.57093762,-3.03511134e-05,-0.250474323,0.058347011,1.57093762,0.015998022,0.026998022,0.0185330548,0,-2.33558924e-11,0,0.6,0.6,0.000424924873,0.000301211756,0.000155979357,0.000424924873,0.000172975303,5.69500003e-11,2.25988117e-11,-1.04553543,-6.39488462e-14,1.2
43.8,21900,VERIFY_HOLD,single_red_center-f6430d296e:0004:VERIFY_HOLD,LIFT,-2.42558298,1.90482796,0.0441375774,2.09169264,-2.42558298,1.90482796,0.0445029842,2.09169264,2.93987057e-12,1.53699276e-12,-0.000365406814,-3.86357613e-14,2.93987057e-12,1.53699276e-12,0.000365406814,3.86357613e-14,0,0,-0.00357845743,0,-8.87511115e-12,-4.73595786e-12,-0.00362050663,-2.5377728e-14,8.87511115e-12,4.73595786e-12,4.20491982e-05,2.5377728e-14,0,0,0.00681273384,0,1.04731868e-09,4.98627806e-10,0.00875689865,-7.45669637e-11,-3.03511126e-05,-0.250474323,0.0588624226,1.57093762,-3.03511135e-05,-0.250474323,0.0584970158,1.57093762,0.015998022,0.026998022,0.0185330548,0,-2.34749622e-11,0,0.6,0.6,0.000424924873,0.000301211756,0.000155979357,0.000424924873,0.000172975303,6.92352842e-11,2.7434055e-11,-1.04529306,-8.61533067e-14,1.2
43.84,21920,VERIFY_HOLD,single_red_center-f6430d296e:0004:VERIFY_HOLD,LIFT,-2.42558298,1.90482796,0.0439998836,2.09169264,-2.42558298,1.90482796,0.0443639123,2.09169264,3.30580008e-12,1.73439041e-12,-0.000364028617,-3.41948692e-14,3.30580008e-12,1.73439041e-12,0.000364028617,3.41948692e-14,0,0,-0.00330884482,0,2.39904379e-11,1.10996735e-11,-0.00334913684,-1.67036242e-12,-2.39904379e-11,-1.10996735e-11,4.02920198e-05,1.67036242e-12,0,0,0.00666648411,0,1.65999658e-09,8.67184546e-10,0.00954329212,5.13560861e-11,-3.03511126e-05,-0.250474323,0.0590001164,1.57093762,-3.03511136e-05,-0.250474323,0.0586360877,1.57093762,0.015998022,0.026998022,0.0185330548,0,-1.17802856e-11,0,0.6,0.6,0.000424924873,0.000301211756,0.000155979357,0.000424924873,0.000172975303,4.61142236e-11,1.87228011e-11,-1.04493607,1.0125234e-13,1.2
43.88,21940,VERIFY_HOLD,single_red_center-f6430d296e:0004:VERIFY_HOLD,LIFT,-2.42558298,1.90482796,0.0438728419,2.09169264,-2.42558298,1.90482796,0.0442355317,2.09169264,3.57536223e-12,1.87205806e-12,-0.000362689793,-5.19584376e-14,3.57536223e-12,1.87205806e-12,0.000362689793,5.19584376e-14,0,0,-0.00304535515,0,-1.8393119e-11,-9.35487699e-12,-0.0030845412,2.50814677e-13,1.8393119e-11,9.35487699e-12,3.91860518e-05,-2.50814677e-13,0,0,0.00650628732,0,-1.30691902e-10,-7.38298311e-11,0.0101369263,-8.45179482e-12,-3.03511126e-05,-0.250474323,0.0591271581,1.57093762,-3.03511137e-05,-0.250474323,0.0587644683,1.57093762,0.015998022,0.026998022,0.0185330548,0,-2.47261327e-11,0,0.6,0.6,0.000424924873,0.000301211756,0.000155979357,0.000424924873,0.000172975303,8.89244234e-11,3.51825236e-11,-1.04460765,-1.29674049e-13,1.2
43.92,21960,VERIFY_HOLD,single_red_center-f6430d296e:0004:VERIFY_HOLD,LIFT,-2.42558298,1.90482796,0.0437561966,2.09169264,-2.42558298,1.90482796,0.044117593,2.09169264,4.11315426e-12,2.15338858e-12,-0.000361396357,-5.24025268e-14,4.11315426e-12,2.15338858e-12,0.000361396357,5.24025268e-14,0,0,-0.00278854997,0,-9.88666085e-12,-5.32462476e-12,-0.0028259032,-2.0620329e-14,9.88666085e-12,5.32462476e-12,3.73532256e-05,2.0620329e-14,0,0,0.00633190238,0,-2.16852314e-10,-9.66355884e-11,0.0101379009,3.55553365e-11,-3.03511126e-05,-0.250474323,0.0592438034,1.57093762,-3.03511139e-05,-0.250474323,0.058882407,1.57093762,0.015998022,0.026998022,0.0185330548,0,-2.17232134e-11,0,0.6,0.6,0.000424924873,0.000301211756,0.000155979357,0.000424924873,0.000172975303,9.13473741e-11,3.62554431e-11,-1.04434824,-9.68114477e-14,1.2
43.96,21980,VERIFY_HOLD,single_red_center-f6430d296e:0004:VERIFY_HOLD,LIFT,-2.42558298,1.90482796,0.0436496694,2.09169264,-2.42558298,1.90482796,0.0440098234,2.09169264,4.37738734e-12,2.29860575e-12,-0.000360153957,-5.41788836e-14,4.37738734e-12,2.29860575e-12,0.000360153957,5.41788836e-14,0,0,-0.00253900047,0,-1.16117579e-11,-5.98700166e-12,-0.00257492832,3.77548732e-13,1.16117579e-11,5.98700166e-12,3.59278412e-05,-3.77548732e-13,0,0,0.0061430882,0,-5.93498584e-10,-2.89370305e-10,0.00965110407,2.30783725e-11,-3.03511126e-05,-0.250474323,0.0593503306,1.57093762,-3.03511139e-05,-0.250474323,0.0589901766,1.57093762,0.015998022,0.026998022,0.0185330548,0,-2.3114076e-11,0,0.6,0.6,0.000424924873,0.000301211756,0.000155979357,0.000424924873,0.000172975303,9.76072556e-11,3.86677357e-11,-1.04414805,-1.41220369e-13,1.2
44,22000,VERIFY_HOLD,single_red_center-f6430d296e:0004:VERIFY_HOLD,LIFT,-2.42558298,1.90482796,0.0435529592,2.09169264,-2.42558298,1.90482796,0.0439119202,2.09169264,4.73843187e-12,2.4900082e-12,-0.000358960991,-5.95079541e-14,4.73843187e-12,2.4900082e-12,0.000358960991,5.95079541e-14,0,0,-0.00229728745,0,-7.35997058e-12,-3.94520783e-12,-0.00233203628,8.51890761e-14,7.35997058e-12,3.94520783e-12,3.47488321e-05,-8.51890761e-14,0,0,0.00593960369,0,8.35953529e-12,6.1817218e-12,0.00881658941,4.002354e-14,-3.03511126e-05,-0.250474323,0.0594470408,1.57093762,-3.0351114e-05,-0.250474323,0.0590880798,1.57093762,0.015998022,0.026998022,0.0185330548,0,-2.0681331e-11,0,0.6,0.6,0.000424924873,0.000301211756,0.000155979357,0.000424924873,0.000172975303,1.01849196e-10,4.03979072e-11,-1.04399254,-1.27897692e-13,1.2
44.04,22020,VERIFY_HOLD,single_red_center-f6430d296e:0004:VERIFY_HOLD,LIFT,-2.42558298,1.90482796,0.0434657415,2.09169264,-2.42558298,1.90482796,0.0438235564,2.09169264,5.17230703e-12,2.71627165e-12,-0.000357814902,-6.66133815e-14,5.17230703e-12,2.71627165e-12,0.000357814902,6.66133815e-14,0,0,-0.00206400131,0,-1.00052572e-11,-5.31683731e-12,-0.00209798737,1.5136921e-14,1.00052572e-11,5.31683731e-12,3.39860634e-05,-1.5136921e-14,0,0,0.00572120776,0,9.88272575e-10,4.70415706e-10,0.00787739695,-7.31568695e-11,-3.03511126e-05,-0.250474323,0.0595342585,1.57093762,-3.03511142e-05,-0.250474323,0.0591764436,1.57093762,0.015998022,0.026998022,0.0185330548,0,-1.97590387e-11,0,0.6,0.6,0.000424924873,0.000301211756,0.000155979357,0.000424924873,0.000172975303,1.14866339e-10,4.55315785e-11,-1.04385673,-1.46549439e-13,1.2
44.08,22040,VERIFY_HOLD,single_red_center-f6430d296e:0004:VERIFY_HOLD,LIFT,-2.42558298,1.90482796,0.0433876679,2.09169264,-2.42558298,1.90482796,0.0437443904,2.09169264,5.53024293e-12,2.90634183e-12,-0.000356722482,-7.06101844e-14,5.53024293e-12,2.90634183e-12,0.000356722482,7.06101844e-14,0,0,-0.00183974207,0,-1.08948851e-11,-5.70619834e-12,-0.00187387097,1.62174324e-13,1.08948851e-11,5.70619834e-12,3.41288971e-05,-1.62174324e-13,0,0,0.00548765932,0,6.001315e-10,2.81330514e-10,0.00677519991,-5.541545e-11,-3.03511126e-05,-0.250474323,0.0596123321,1.57093762,-3.03511143e-05,-0.250474323,0.0592556096,1.57093762,0.015998022,0.026998022,0.0185330548,0,-1.97555048e-11,0,0.6,0.6,0.000424924873,0.000301211756,0.000155979357,0.000424924873,0.000172975303,1.22163613e-10,4.84057239e-11,-1.04374734,-1.65201186e-13,1.2
44.12,22060,VERIFY_HOLD,single_red_center-f6430d296e:0004:VERIFY_HOLD,LIFT,-2.42558298,1.90482796,0.0433184268,2.09169264,-2.42558298,1.90482796,0.0436740525,2.09169264,5.93125549e-12,3.11861648e-12,-0.000355625762,-7.37188088e-14,5.93125549e-12,3.11861648e-12,0.000355625762,7.37188088e-14,0,0,-0.00162519357,0,-7.30282757e-12,-3.96836046e-12,-0.00165751161,3.58571521e-14,7.30282757e-12,3.96836046e-12,3.23180438e-05,-3.58571521e-14,0,0,0.00523860405,0,-3.95310451e-11,-1.48236978e-11,0.00731311559,1.27818311e-11,-3.03511126e-05,-0.250474323,0.0596815732,1.57093762,-3.03511144e-05,-0.250474323,0.0593259475,1.57093762,0.015998022,0.026998022,0.0185330548,0,-1.78527842e-11,0,0.6,0.6,0.000424924873,0.000301211756,0.000155979357,0.000424924873,0.000172975303,1.25567112e-10,4.98125985e-11,-1.04347145,-1.49213975e-13,1.2
44.16,22080,VERIFY_HOLD,single_red_center-f6430d296e:0004:VERIFY_HOLD,LIFT,-2.42558298,1.90482796,0.0432575598,2.09169264,-2.42558298,1.90482796,0.0436121436,2.09169264,6.37667696e-12,3.35265149e-12,-0.000354583869,-8.12683254e-14,6.37667696e-12,3.35265149e-12,0.000354583869,8.12683254e-14,0,0,-0.00142091668,0,-9.88346354e-12,-5.26860166e-12,-0.00145110197,2.60805094e-14,9.88346354e-12,5.26860166e-12,3.01852951e-05,-2.60805094e-14,0,0,0.00497390049,0,-5.86179993e-11,-2.30793162e-11,0.00766236557,1.54696811e-11,-3.03511126e-05,-0.250474323,0.0597424402,1.57093762,-3.03511145e-05,-0.250474323,0.0593878564,1.57093762,0.015998022,0.026998022,0.0185330548,0,-1.71239703e-11,0,0.6,0.6,0.000424924873,0.000301211756,0.000155979357,0.000424924873,0.000172975303,1.3691448e-10,5.43174394e-11,-1.04322592,-1.62536651e-13,1.2
44.2,22100,VERIFY_HOLD,single_red_center-f6430d296e:0004:VERIFY_HOLD,LIFT,-2.42558298,1.90482796,0.0432046388,2.09169264,-2.42558298,1.90482796,0.0435582475,2.09169264,6.76259049e-12,3.55671048e-12,-0.000353608654,-8.61533067e-14,6.76259049e-12,3.55671048e-12,0.000353608654,8.61533067e-14,0,0,-0.00122753427,0,-1.28249687e-11,-6.65454967e-12,-0.00125560338,2.73989037e-13,1.28249687e-11,6.65454967e-12,2.80691019e-05,-2.73989037e-13,0,0,0.00469331746,0,-7.49482254e-10,-3.61930041e-10,0.00755254952,4.74951745e-11,-3.03511126e-05,-0.250474323,0.0597953612,1.57093762,-3.03511147e-05,-0.250474323,0.0594417525,1.57093762,0.015998022,0.026998022,0.0185330548,0,-1.75969359e-11,0,0.6,0.6,0.000424924873,0.000301211756,0.000155979357,0.000424924873,0.000172975303,1.46194168e-10,5.79447601e-11,-1.04304027,-1.9095836e-13,1.2
44.24,22120,VERIFY_HOLD,single_red_center-f6430d296e:0004:VERIFY_HOLD,LIFT,-2.42558298,1.90482796,0.0431592163,2.09169264,-2.42558298,1.90482796,0.0435119184,2.09169264,7.1778139e-12,3.77720077e-12,-0.000352702118,-8.97060204e-14,7.1778139e-12,3.77720077e-12,0.000352702118,8.97060204e-14,0,0,-0.00104568505,0,-9.77891502e-12,-5.1680796e-12,-0.00107147757,1.63801894e-13,9.77891502e-12,5.1680796e-12,2.57925166e-05,-1.63801894e-13,0,0,0.00439661387,0,-5.1881166e-10,-2.47283083e-10,0.00699355934,4.1357584e-11,-3.03511126e-05,-0.250474323,0.0598407837,1.57093762,-3.03511148e-05,-0.250474323,0.0594880816,1.57093762,0.015998022,0.026998022,0.0185330548,0,-1.5671392e-11,0,0.6,0.6,0.000424924873,0.000301211756,0.000155979357,0.000424924873,0.000172975303,1.51992197e-10,6.02717876e-11,-1.04291376,-1.88293825e-13,1.2
44.28,22140,VERIFY_HOLD,single_red_center-f6430d296e:0004:VERIFY_HOLD,LIFT,-2.42558298,1.90482796,0.043120819,2.09169264,-2.42558298,1.90482796,0.0434726803,2.09169264,7.63966668e-12,4.01945144e-12,-0.000351861247,-9.7255537e-14,7.63966668e-12,4.01945144e-12,0.000351861247,9.7255537e-14,0,0,-0.000876017317,0,-1.10840323e-11,-5.86558722e-12,-0.000899732396,8.66203553e-14,1.10840323e-11,5.86558722e-12,2.37150794e-05,-8.66203553e-14,0,0,0.00408354863,0,2.31661801e-10,1.1010215e-10,0.00628915434,-1.56448188e-11,-3.03511126e-05,-0.250474323,0.059879181,1.57093762,-3.03511149e-05,-0.250474323,0.0595273197,1.57093762,0.015998022,0.026998022,0.0185330548,0,-1.43456616e-11,0,0.6,0.6,0.000424924873,0.000301211756,0.000155979357,0.000424924873,0.000172975303,1.6385826e-10,6.4968475e-11,-1.04281491,-2.06057393e-13,1.2
44.32,22160,VERIFY_HOLD,single_red_center-f6430d296e:0004:VERIFY_HOLD,LIFT,-2.42558298,1.90482796,0.0430889475,2.09169264,-2.42558298,1.90482796,0.0434400386,2.09169264,8.0504492e-12,4.2372772e-12,-0.000351091115,-1.02140518e-13,8.0504492e-12,4.2372772e-12,0.000351091115,1.02140518e-13,0,0,-0.000719189002,0,-1.26730535e-11,-6.61259942e-12,-0.000741329823,2.29057278e-13,1.26730535e-11,6.61259942e-12,2.21408207e-05,-2.29057278e-13,0,0,0.00375388065,0,2.57429633e-10,1.17402088e-10,0.00542511193,-3.12714854e-11,-3.03511126e-05,-0.250474323,0.0599110525,1.57093762,-3.0351115e-05,-0.250474323,0.0595599614,1.57093762,0.015998022,0.026998022,0.0185330548,0,-1.3989361e-11,0,0.6,0.6,0.000424924873,0.000301211756,0.000155979357,0.000424924873,0.000172975303,1.73649539e-10,6.88231694e-11,-1.04274586,-2.30926389e-13,1.2
44.36,22180,VERIFY_HOLD,single_red_center-f6430d296e:0004:VERIFY_HOLD,LIFT,-2.42558298,1.90482796,0.043063076,2.09169264,-2.42558298,1.90482796,0.0434134684,2.09169264,8.48121573e-12,4.46598314e-12,-0.000350392317,-1.06137321e-13,8.48121573e-12,4.46598314e-12,0.000350392317,1.06137321e-13,0,0,-0.000575867646,0,-9.47546027e-12,-5.052555e-12,-0.000596682663,1.08172509e-13,9.47546027e-12,5.052555e-12,2.0815017e-05,-1.08172509e-13,0,0,0.00340736884,0,2.67096567e-10,1.28288491e-10,0.00445808022,-1.96116456e-11,-3.03511126e-05,-0.250474323,0.059936924,1.57093762,-3.03511152e-05,-0.250474323,0.0595865316,1.57093762,0.015998022,0.026998022,0.0185330548,0,-1.18540806e-11,0,0.6,0.6,0.000424924873,0.000301211756,0.000155979357,0.000424924873,0.000172975303,1.79213089e-10,7.10684844e-11,-1.04270106,-2.26485497e-13,1.2
44.4,22200,VERIFY_HOLD,single_red_center-f6430d296e:0004:VERIFY_HOLD,LIFT,-2.42558298,1.90482796,0.0430426711,2.09169264,-2.42558298,1.90482796,0.0433924171,2.09169264,8.95727936e-12,4.71578332e-12,-0.000349746071,-1.14130927e-13,8.95727936e-12,4.71578332e-12,0.000349746071,1.14130927e-13,0,0,-0.000446788424,0,-1.00556725e-11,-5.39611922e-12,-0.000465556897,1.09965549e-14,1.00556725e-11,5.39611922e-12,1.87684732e-05,-1.09965549e-14,0,0,0.00304370449,0,4.89391638e-10,2.36756392e-10,0.00406389455,-2.88002955e-11,-3.03511126e-05,-0.250474323,0.0599573289,1.57093762,-3.03511153e-05,-0.250474323,0.0596075829,1.57093762,0.015998022,0.026998022,0.0185330548,0,-1.02150879e-11,0,0.6,0.6,0.000424924873,0.000301211756,0.000155979357,0.000424924873,0.000172975303,1.897007e-10,7.52393703e-11,-1.04260891,-2.33590924e-13,1.2
44.44,22220,VERIFY_HOLD,single_red_center-f6430d296e:0004:VERIFY_HOLD,LIFT,-2.42558298,1.90482796,0.0430271463,2.09169264,-2.42558298,1.90482796,0.0433763086,2.09169264,9.39293088e-12,4.94604357e-12,-0.000349162297,-1.19904087e-13,9.39293088e-12,4.94604357e-12,0.000349162297,1.19904087e-13,0,0,-0.000332647278,0,-1.24169421e-11,-6.5107249e-12,-0.000349086011,1.80576737e-13,1.24169421e-11,6.5107249e-12,1.64387331e-05,-1.80576737e-13,0,0,0.00266264235,0,-2.05378825e-10,-1.00183861e-10,0.00407740563,1.18298149e-11,-3.03511126e-05,-0.250474323,0.0599728537,1.57093762,-3.03511155e-05,-0.250474323,0.0596236914,1.57093762,0.015998022,0.026998022,0.0185330548,0,-9.92459513e-12,0,0.6,0.6,0.000424924873,0.000301211756,0.000155979357,0.000424924873,0.000172975303,1.99406713e-10,7.90585375e-11,-1.0424878,-2.54907206e-13,1.2
44.48,22240,VERIFY_HOLD,single_red_center-f6430d296e:0004:VERIFY_HOLD,LIFT,-2.42558298,1.90482796,0.043015872,2.09169264,-2.42558298,1.90482796,0.043364538,2.09169264,9.84590187e-12,5.18629584e-12,-0.000348665943,-1.2390089e-13,9.84590187e-12,5.18629584e-12,0.000348665943,1.2390089e-13,0,0,-0.000234084227,0,-1.10152147e-11,-5.82016305e-12,-0.000247702931,1.56845837e-13,1.10152147e-11,5.82016305e-12,1.36187041e-05,-1.56845837e-13,0,0,0.00226400941,0,-3.62069486e-10,-1.70830461e-10,0.00364042088,3.00836023e-11,-3.03511126e-05,-0.250474323,0.059984128,1.57093762,-3.03511156e-05,-0.250474323,0.059635462,1.57093762,0.015998022,0.026998022,0.0185330548,0,-8.22862912e-12,0,0.6,0.6,0.000424924873,0.000301211756,0.000155979357,0.000424924873,0.000172975303,2.0682478e-10,8.20286061e-11,-1.0424301,-2.57571742e-13,1.2
44.52,22260,VERIFY_HOLD,single_red_center-f6430d296e:0004:VERIFY_HOLD,LIFT,-2.42558298,1.90482796,0.0430082124,2.09169264,-2.42558298,1.90482796,0.0433564679,2.09169264,1.03308473e-11,5.44164713e-12,-0.000348255499,-1.31006317e-13,1.03308473e-11,5.44164713e-12,0.000348255499,1.31006317e-13,0,0,-0.000151805485,0,-1.15057184e-11,-6.09160702e-12,-0.000162645891,1.02115421e-13,1.15057184e-11,6.09160702e-12,1.08404058e-05,-1.02115421e-13,0,0,0.0018475646,0,-8.27800051e-11,-3.81499277e-11,0.00303909797,1.12927445e-11,-3.03511126e-05,-0.250474323,0.0599917876,1.57093762,-3.03511157e-05,-0.250474323,0.0596435321,1.57093762,0.015998022,0.026998022,0.0185330548,0,-6.56559218e-12,0,0.6,0.6,0.000424924873,0.000301211756,0.000155979357,0.000424924873,0.000172975303,2.17511342e-10,8.62598881e-11,-1.04240606,-2.7000624e-13,1.2
44.56,22280,VERIFY_HOLD,single_red_center-f6430d296e:0004:VERIFY_HOLD,LIFT,-2.42558298,1.90482796,0.043003503,2.09169264,-2.42558298,1.90482796,0.0433514368,2.09169264,1.07962528e-11,5.68745051e-12,-0.000347933852,-1.37667655e-13,1.07962528e-11,5.68745051e-12,0.000347933852,1.37667655e-13,0,0,-8.65268812e-05,0,-1.29608691e-11,-6.79392267e-12,-9.47485664e-05,1.93675313e-13,1.29608691e-11,6.79392267e-12,8.22168523e-06,-1.93675313e-13,0,0,0.00141306681,0,-9.90318938e-11,-5.01030328e-11,0.00232043316,1.31705757e-12,-3.03511126e-05,-0.250474323,0.059996497,1.57093762,-3.03511159e-05,-0.250474323,0.0596485632,1.57093762,0.015998022,0.026998022,0.0185330548,0,-5.61754642e-12,0,0.6,0.6,0.000424924873,0.000301211756,0.000155979357,0.000424924873,0.000172975303,2.281908e-10,9.04698538e-11,-1.04241141,-2.93987057e-13,1.2
44.6,22300,VERIFY_HOLD,single_red_center-f6430d296e:0004:VERIFY_HOLD,LIFT,-2.42558298,1.90482796,0.0430010508,2.09169264,-2.42558298,1.90482796,0.0433487536,2.09169264,1.12709841e-11,5.93836091e-12,-0.000347702815,-1.43440815e-13,1.12709841e-11,5.93836091e-12,0.000347702815,1.43440815e-13,0,0,-3.89738581e-05,0,-1.1885287e-11,-6.27558055e-12,-4.45923148e-05,1.51987777e-13,1.1885287e-11,6.27558055e-12,5.61845666e-06,-1.51987777e-13,0,0,0.000960274972,0,-2.32400765e-11,-1.164846e-11,0.00152592103,-1.97564187e-13,-3.03511126e-05,-0.250474323,0.0599989492,1.57093762,-3.0351116e-05,-0.250474323,0.0596512464,1.57093762,0.015998022,0.026998022,0.0185330548,0,-3.72629757e-12,0,0.6,0.6,0.000424924873,0.000301211756,0.000155979357,0.000424924873,0.000172975303,2.36781261e-10,9.38911171e-11,-1.04244228,-3.01092484e-13,1.2
44.64,22320,VERIFY_HOLD,single_red_center-f6430d296e:0004:VERIFY_HOLD,LIFT,-2.42558298,1.90482796,0.0430001337,2.09169264,-2.42558298,1.90482796,0.043347696,2.09169264,1.17648113e-11,6.19859719e-12,-0.000347562332,-1.50102153e-13,1.17648113e-11,6.19859719e-12,0.000347562332,1.50102153e-13,0,0,-9.88147448e-06,0,-1.19975564e-11,-6.35399104e-12,-1.28223497e-05,9.50550418e-14,1.19975564e-11,6.35399104e-12,2.94087524e-06,-9.50550418e-14,0,0,0.000488947982,0,9.10365117e-11,4.35500525e-11,0.000781596496,-4.01101374e-12,-3.03511126e-05,-0.250474323,0.0599998663,1.57093762,-3.03511162e-05,-0.250474323,0.059652304,1.57093762,0.015998022,0.026998022,0.0185330548,0,-1.91915412e-12,0,0.6,0.6,0.000424924873,0.000301211756,0.000155979357,0.000424924873,0.000172975303,2.4697755e-10,9.7937658e-11,-1.04248604,-3.09974268e-13,1.2
44.68,22340,VERIFY_HOLD,single_red_center-f6430d296e:0004:VERIFY_HOLD,LIFT,-2.42558298,1.90482796,0.043,2.09169264,-2.42558298,1.90482796,0.0433475147,2.09169264,1.22546417e-11,6.45727916e-12,-0.000347514671,-1.58095759e-13,1.22546417e-11,6.45727916e-12,0.000347514671,1.58095759e-13,0,0,-0,0,-1.25459345e-11,-6.62725235e-12,-8.26793813e-08,1.19683102e-13,1.25459345e-11,6.62725235e-12,8.26793813e-08,-1.19683102e-13,0,0,-0,0,6.67199629e-12,1.71951342e-12,0.000124206381,-2.81913382e-12,-3.03511126e-05,-0.250474323,0.06,1.57093762,-3.03511163e-05,-0.250474323,0.0596524853,1.57093762,0.015998022,0.026998022,0.0185330548,0,-4.05713344e-13,0,0.600000001,0.599999999,0.000424924873,0.000301211756,0.000155979357,0.000424924873,0.000172975303,2.57152521e-10,1.01962883e-10,-1.04253945,-3.27737837e-13,1.2
44.72,22360,SAFE_STOP,single_red_center-f6430d296e:0005:TRANSFER,TRANSFER,-2.4238107,1.90567847,0.043347517,2.09159573,-2.4238107,1.90567847,0.043347517,2.09159573,0,0,0,0,0,0,0,0,0,0,0,0,0.2912579,0.13973804,-2.1412794e-08,-0.0151950829,-0.2912579,-0.13973804,2.1412794e-08,0.0151950829,0,0,0,0,30.2715329,14.4206063,4.57383469e-06,-1.69049431,-3.03511124e-05,-0.250474323,0.06,1.57093762,0.00049786638,-0.250326244,0.059652483,1.5734635,0.0111355213,0.026998022,0.0111355213,0,-1.20768677,0,0,3.81266454,0.00177227932,0.00177227932,0.000850509404,0.000347516999,9.69090257e-05,-0.259683997,-0.0992028787,-1.04255057,0.00139157836,1.2
