simulation_time_s,body_name,ground_truth_color,x_m,y_m,z_m,vx_m_s,vy_m_s,vz_m_s,wx_rad_s,wy_rad_s,wz_rad_s,touch_left_N,touch_right_N,bilateral_finger_contact,wrist_relative_x_m,wrist_relative_y_m,wrist_relative_z_m,slip_from_first_bilateral_contact_m
0,object_red_01,RED,0,-0.25,0.008,0,0,0,0,0,0,0,0,0,-0.445074006,-0.0143106513,-0.092,
0.04,object_red_01,RED,0,-0.25,0.0078649486,0,0,0.00199105093,0,0,0,0,0,0,-0.445074006,-0.0143106513,-0.091651426,
0.08,object_red_01,RED,0,-0.25,0.00792305256,0,0,0.000842489064,0,0,0,0,0,0,-0.445074006,-0.0143106513,-0.0914022479,
0.12,object_red_01,RED,0,-0.25,0.00794109802,0,0,0.000217432202,0,0,0,0,0,0,-0.445074006,-0.0143106513,-0.0910599429,
0.16,object_red_01,RED,0,-0.25,0.00794559181,0,0,5.26718427e-05,0,0,0,0,0,0,-0.445074006,-0.0143106513,-0.0902982311,
0.2,object_red_01,RED,0,-0.25,0.00794667412,0,0,1.26284259e-05,0,0,0,0,0,0,-0.445074006,-0.0143106513,-0.0890204493,
0.24,object_red_01,RED,0,-0.25,0.00794693338,0,0,3.02287131e-06,0,0,0,0,0,0,-0.445074006,-0.0143106513,-0.0872156415,
0.28,object_red_01,RED,0,-0.25,0.00794699543,0,0,7.23431101e-07,0,0,0,0,0,0,-0.445074006,-0.0143106513,-0.0849338475,
0.32,object_red_01,RED,0,-0.25,0.00794701028,0,0,1.73128143e-07,0,0,0,0,0,0,-0.445074006,-0.0143106513,-0.0822720285,
0.36,object_red_01,RED,0,-0.25,0.00794701383,0,0,4.14323528e-08,0,0,0,0,0,0,-0.445074006,-0.0143106513,-0.0793619801,
0.4,object_red_01,RED,0,-0.25,0.00794701468,0,0,9.91545163e-09,0,0,0,0,0,0,-0.445074006,-0.0143106513,-0.0763574681,
0.44,object_red_01,RED,0,-0.25,0.00794701489,0,0,2.37293463e-09,0,0,0,0,0,0,-0.445074006,-0.0143106513,-0.0734192831,
0.48,object_red_01,RED,0,-0.25,0.00794701493,0,0,5.67883332e-10,0,0,0,0,0,0,-0.445074006,-0.0143106513,-0.070701489,
0.52,object_red_01,RED,0,-0.25,0.00794701495,0,0,1.92911365e-10,0,0,0,0,0,0,-0.445074006,-0.0143106513,-0.0683434877,
0.56,object_red_01,RED,0,-0.25,0.00794701495,0,0,2.4572964e-11,0,0,0,0,0,0,-0.445074006,-0.0143106513,-0.0664490349,
0.6,object_red_01,RED,0,-0.25,0.00794701495,0,0,4.17251459e-11,0,0,0,0,0,0,-0.445074006,-0.0143106513,-0.0650760125,
0.64,object_red_01,RED,0,-0.25,0.00794701495,0,0,6.26703118e-12,0,0,0,0,0,0,-0.445074006,-0.0143106513,-0.0642303678,
0.68,object_red_01,RED,0,-0.25,0.00794701495,0,0,-1.06856975e-11,0,0,0,0,0,0,-0.445074006,-0.0143106513,-0.0638410694,
0.72,object_red_01,RED,0,-0.25,0.00794701495,0,0,-1.94071332e-11,0,0,0,0,0,0,-0.445074006,-0.0143106513,-0.063756159,
0.76,object_red_01,RED,0,-0.25,0.00794701495,0,0,1.23797188e-11,0,0,0,0,0,0,-0.445074239,-0.0143033546,-0.063756334,
0.8,object_red_01,RED,0,-0.25,0.00794701495,0,0,-6.45775151e-12,0,0,0,0,0,0,-0.445078549,-0.0141677592,-0.0637563148,
0.84,object_red_01,RED,0,-0.25,0.00794701495,0,0,-1.81453688e-11,0,0,0,0,0,0,-0.445096533,-0.0135878448,-0.0637563141,
0.88,object_red_01,RED,0,-0.25,0.00794701495,0,0,2.02660798e-11,0,0,0,0,0,0,-0.445137183,-0.0121774097,-0.0637563141,
0.92,object_red_01,RED,0,-0.25,0.00794701495,0,0,-3.64393282e-12,0,0,0,0,0,0,-0.445200575,-0.00957428161,-0.0637563141,
0.96,object_red_01,RED,0,-0.25,0.00794701495,0,0,-1.57940884e-11,0,0,0,0,0,0,-0.44526965,-0.00547576084,-0.0637563141,
1,object_red_01,RED,0,-0.25,0.00794701495,0,0,3.13698803e-11,0,0,0,0,0,0,-0.445303025,0.000350452785,-0.0637563141,
1.04,object_red_01,RED,0,-0.25,0.00794701495,0,0,3.42728157e-12,0,0,0,0,0,0,-0.445230021,0.00806480462,-0.0637563141,
1.08,object_red_01,RED,0,-0.25,0.00794701495,0,0,-1.14185225e-11,0,0,0,0,0,0,-0.444948795,0.0177574994,-0.0637563141,
1.12,object_red_01,RED,0,-0.25,0.00794701495,0,0,-2.05950876e-11,0,0,0,0,0,0,-0.444327981,0.0294513808,-0.0637563141,
1.16,object_red_01,RED,0,-0.25,0.00794701495,0,0,9.78165561e-12,0,0,0,0,0,0,-0.443211986,0.0431031638,-0.0637563141,
1.2,object_red_01,RED,0,-0.25,0.00794701495,0,0,-9.57616392e-12,0,0,0,0,0,0,-0.441429355,0.0586080414,-0.0637563141,
1.24,object_red_01,RED,0,-0.25,0.00794701495,0,0,-1.88627053e-11,0,0,0,0,0,0,-0.438804167,0.0758006167,-0.0637563141,
1.28,object_red_01,RED,0,-0.25,0.00794701495,0,0,1.90601886e-11,0,0,0,0,0,0,-0.435168867,0.0944614085,-0.0637563141,
1.32,object_red_01,RED,0,-0.25,0.00794701495,0,0,-3.69349278e-12,0,0,0,0,0,0,-0.430377931,0.114323327,-0.0637563141,
1.36,object_red_01,RED,0,-0.25,0.00794701495,0,0,-1.5254357e-11,0,0,0,0,0,0,-0.424321448,0.135079222,-0.0637563141,
1.4,object_red_01,RED,0,-0.25,0.00794701495,0,0,2.92001448e-11,0,0,0,0,0,0,-0.416936865,0.156393255,-0.0637563141,
1.44,object_red_01,RED,0,-0.25,0.00794701495,0,0,1.26235681e-12,0,0,0,0,0,0,-0.408217559,0.177914995,-0.0637563141,
1.48,object_red_01,RED,0,-0.25,0.00794701495,0,0,-1.18639697e-11,0,0,0,0,0,0,-0.398218952,0.199291532,-0.0637563141,
1.52,object_red_01,RED,0,-0.25,0.00794701495,0,0,-2.01593226e-11,0,0,0,0,0,0,-0.387059203,0.220183455,-0.0637563141,
1.56,object_red_01,RED,0,-0.25,0.00794701495,0,0,9.28430016e-12,0,0,0,0,0,0,-0.374916898,0.240276994,-0.0637563141,
1.6,object_red_01,RED,0,-0.25,0.00794701495,0,0,-9.25144572e-12,0,0,0,0,0,0,-0.362022533,0.259298154,-0.0637563141,
1.64,object_red_01,RED,0,-0.25,0.00794701495,0,0,-1.81436915e-11,0,0,0,0,0,0,-0.348649345,0.27701915,-0.0637563141,
1.68,object_red_01,RED,0,-0.25,0.00794701495,0,0,1.73293372e-11,0,0,0,0,0,0,-0.335098059,0.293266755,-0.0637563141,
1.72,object_red_01,RED,0,-0.25,0.00794701495,0,0,-5.59693852e-12,0,0,0,0,0,0,-0.321683991,0.307921457,-0.0637563141,
1.76,object_red_01,RED,0,-0.25,0.00794701495,0,0,-1.5533134e-11,0,0,0,0,0,0,-0.308717752,0.320920031,-0.0637563141,
1.8,object_red_01,RED,0,-0.25,0.00794701495,0,0,2.78155244e-11,0,0,0,0,0,0,-0.296493922,0.332246537,-0.0637563141,
1.84,object_red_01,RED,0,-0.25,0.00794701495,0,0,1.09761732e-12,0,0,0,0,0,0,-0.285273326,0.341929248,-0.0637563141,
1.88,object_red_01,RED,0,-0.25,0.00794701495,0,0,-1.37503922e-11,0,0,0,0,0,0,-0.275272862,0.350030554,-0.0637563141,
1.92,object_red_01,RED,0,-0.25,0.00794701495,0,0,3.74914292e-11,0,0,0,0,0,0,-0.26665382,0.356640313,-0.0637563141,
1.96,object_red_01,RED,0,-0.25,0.00794701495,0,0,7.60507513e-12,0,0,0,0,0,0,-0.25951381,0.36186899,-0.0637563141,
2,object_red_01,RED,0,-0.25,0.00794701495,0,0,-1.10717063e-11,0,0,0,0,0,0,-0.253880621,0.365843135,-0.0637563141,
2.04,object_red_01,RED,0,-0.25,0.00794701495,0,0,-1.83466136e-11,0,0,0,0,0,0,-0.249707566,0.368704025,-0.0637563141,
2.08,object_red_01,RED,0,-0.25,0.00794701495,0,0,1.63798502e-11,0,0,0,0,0,0,-0.24687037,0.370609597,-0.0637563141,
2.12,object_red_01,RED,0,-0.25,0.00794701495,0,0,-5.50127321e-12,0,0,0,0,0,0,-0.245165726,0.371739307,-0.0637563141,
2.16,object_red_01,RED,0,-0.25,0.00794701495,0,0,-1.72446888e-11,0,0,0,0,0,0,-0.244310594,0.372301674,-0.0637563141,
2.2,object_red_01,RED,0,-0.25,0.00794701495,0,0,2.39258331e-11,0,0,0,0,0,0,-0.243956763,0.372533385,-0.0637563141,
2.24,object_red_01,RED,0,-0.25,0.00794701495,0,0,-2.91153585e-13,0,0,0,0,0,0,-0.243821174,0.37262192,-0.0637563141,
2.28,object_red_01,RED,0,-0.25,0.00794701495,0,0,-1.53744115e-11,0,0,0,0,0,0,-0.243769874,0.37265539,-0.0637563141,
2.32,object_red_01,RED,0,-0.25,0.00794701495,0,0,3.54665228e-11,0,0,0,0,0,0,-0.243750502,0.372668176,-0.0637563141,
2.36,object_red_01,RED,0,-0.25,0.00794701495,0,0,7.02742521e-12,0,0,0,0,0,0,-0.243743182,0.372673321,-0.0637563141,
2.4,object_red_01,RED,0,-0.25,0.00794701495,0,0,-1.07607851e-11,0,0,0,0,0,0,-0.243740409,0.372675757,-0.0637563141,
2.44,object_red_01,RED,0,-0.25,0.00794701495,0,0,-1.98971119e-11,0,0,0,0,0,0,-0.24373935,0.372677368,-0.0637563141,
2.48,object_red_01,RED,0,-0.25,0.00794701495,0,0,1.27915871e-11,0,0,0,0,0,0,-0.243738938,0.372678897,-0.0637563141,
2.52,object_red_01,RED,0,-0.25,0.00794701495,0,0,-6.64160193e-12,0,0,0,0,0,0,-0.243738766,0.372680664,-0.0637563141,
2.56,object_red_01,RED,0,-0.25,0.00794701495,0,0,-1.86959744e-11,0,0,0,0,0,0,-0.24373868,0.372682831,-0.0637563141,
2.6,object_red_01,RED,0,-0.25,0.00794701495,0,0,2.23909661e-11,0,0,0,0,0,0,-0.243738619,0.372685496,-0.0637563141,
2.64,object_red_01,RED,0,-0.25,0.00794701495,0,0,-5.62382568e-13,0,0,0,0,0,0,-0.24373856,0.372688731,-0.0637563141,
2.68,object_red_01,RED,0,-0.25,0.00794701495,0,0,-1.48925589e-11,0,0,0,0,0,0,-0.243738493,0.372692597,-0.0637563141,
2.72,object_red_01,RED,0,-0.25,0.00794701495,0,0,3.26985454e-11,0,0,0,0,0,0,-0.243738416,0.37269715,-0.0637563141,
2.76,object_red_01,RED,0,-0.25,0.00794701495,0,0,3.71480928e-12,0,0,0,0,0,0,-0.243738325,0.372702444,-0.0637563141,
2.8,object_red_01,RED,0,-0.25,0.00794701495,0,0,-1.16899834e-11,0,0,0,0,0,0,-0.24373822,0.372708532,-0.0637563141,
2.84,object_red_01,RED,0,-0.25,0.00794701495,0,0,-2.11958669e-11,0,0,0,0,0,0,-0.2437381,0.372715467,-0.0637563141,
2.88,object_red_01,RED,0,-0.25,0.00794701495,0,0,1.16659226e-11,0,0,0,0,0,0,-0.243737964,0.372723299,-0.0637563141,
2.92,object_red_01,RED,0,-0.25,0.00794701495,0,0,-6.6637642e-12,0,0,0,0,0,0,-0.243737812,0.37273208,-0.0637563141,
2.96,object_red_01,RED,0,-0.25,0.00794701495,0,0,-1.80819227e-11,0,0,0,0,0,0,-0.243737642,0.37274186,-0.0637563141,
3,object_red_01,RED,0,-0.25,0.00794701495,0,0,2.0034725e-11,0,0,0,0,0,0,-0.243737454,0.372752689,-0.0637563141,
3.04,object_red_01,RED,0,-0.25,0.00794701495,0,0,-3.6244079e-12,0,0,0,0,0,0,-0.243737248,0.372764616,-0.0637563141,
3.08,object_red_01,RED,0,-0.25,0.00794701495,0,0,-1.56458011e-11,0,0,0,0,0,0,-0.243737021,0.372777689,-0.0637563141,
3.12,object_red_01,RED,0,-0.25,0.00794701495,0,0,3.10622031e-11,0,0,0,0,0,0,-0.243736774,0.372791955,-0.0637563141,
3.16,object_red_01,RED,0,-0.25,0.00794701495,0,0,3.39394182e-12,0,0,0,0,0,0,-0.243736506,0.372807463,-0.0637563141,
3.2,object_red_01,RED,0,-0.25,0.00794701495,0,0,-1.13074935e-11,0,0,0,0,0,0,-0.243736216,0.372824258,-0.0637563141,
3.24,object_red_01,RED,0,-0.25,0.00794701495,0,0,-2.03943282e-11,0,0,0,0,0,0,-0.243735903,0.372842385,-0.0637563141,
3.28,object_red_01,RED,0,-0.25,0.00794701495,0,0,9.68666479e-12,0,0,0,0,0,0,-0.243735567,0.37286189,-0.0637563141,
3.32,object_red_01,RED,0,-0.25,0.00794701495,0,0,-9.48260419e-12,0,0,0,0,0,0,-0.243735207,0.372882817,-0.0637563141,
3.36,object_red_01,RED,0,-0.25,0.00794701495,0,0,-1.86788084e-11,0,0,0,0,0,0,-0.243734822,0.37290521,-0.0637563141,
3.4,object_red_01,RED,0,-0.25,0.00794701495,0,0,1.88733439e-11,0,0,0,0,0,0,-0.243734411,0.372929111,-0.0637563141,
3.44,object_red_01,RED,0,-0.25,0.00794701495,0,0,-3.65725159e-12,0,0,0,0,0,0,-0.243733973,0.372954564,-0.0637563141,
3.48,object_red_01,RED,0,-0.25,0.00794701495,0,0,-1.51054986e-11,0,0,0,0,0,0,-0.243733509,0.372981608,-0.0637563141,
3.52,object_red_01,RED,0,-0.25,0.00794701495,0,0,2.89130203e-11,0,0,0,0,0,0,-0.243733016,0.373010287,-0.0637563141,
3.56,object_red_01,RED,0,-0.25,0.00794701495,0,0,1.24945202e-12,0,0,0,0,0,0,-0.243732495,0.373040638,-0.0637563141,
3.6,object_red_01,RED,0,-0.25,0.00794701495,0,0,-1.41190674e-11,0,0,0,0,0,0,-0.243731944,0.373072703,-0.0637563141,
3.64,object_red_01,RED,0,-0.25,0.00794701495,0,0,-2.0950783e-11,0,0,0,0,0,0,-0.243731362,0.37310652,-0.0637563141,
3.68,object_red_01,RED,0,-0.25,0.00794701495,0,0,8.89115375e-12,0,0,0,0,0,0,-0.24373075,0.373142126,-0.0637563141,
3.72,object_red_01,RED,0,-0.25,0.00794701495,0,0,-9.29648758e-12,0,0,0,0,0,0,-0.243730105,0.373179561,-0.0637563141,
3.76,object_red_01,RED,0,-0.25,0.00794701495,0,0,-1.80222487e-11,0,0,0,0,0,0,-0.243729428,0.373218859,-0.0637563141,
3.8,object_red_01,RED,0,-0.25,0.00794701495,0,0,1.71410008e-11,0,0,0,0,0,0,-0.243728716,0.373260058,-0.0637563141,
3.84,object_red_01,RED,0,-0.25,0.00794701495,0,0,-5.54985531e-12,0,0,0,0,0,0,-0.243727971,0.373303192,-0.0637563141,
3.88,object_red_01,RED,0,-0.25,0.00794701495,0,0,-1.77199034e-11,0,0,0,0,0,0,-0.24372719,0.373348296,-0.0637563141,
3.92,object_red_01,RED,0,-0.25,0.00794701495,0,0,2.68948483e-11,0,0,0,0,0,0,-0.243726373,0.373395405,-0.0637563141,
3.96,object_red_01,RED,0,-0.25,0.00794701495,0,0,7.76735592e-13,0,0,0,0,0,0,-0.243725519,0.373444551,-0.0637563141,
4,object_red_01,RED,0,-0.25,0.00794701495,0,0,-1.37488291e-11,0,0,0,0,0,0,-0.243724628,0.373495766,-0.0637563141,
4.04,object_red_01,RED,0,-0.25,0.00794701495,0,0,3.70838934e-11,0,0,0,0,0,0,-0.243723698,0.373549083,-0.0637563141,
4.08,object_red_01,RED,0,-0.25,0.00794701495,0,0,7.5123291e-12,0,0,0,0,0,0,-0.243722728,0.373604532,-0.0637563141,
4.12,object_red_01,RED,0,-0.25,0.00794701495,0,0,-1.09690461e-11,0,0,0,0,0,0,-0.243721718,0.373662145,-0.0637563141,
4.16,object_red_01,RED,0,-0.25,0.00794701495,0,0,-2.04546909e-11,0,0,0,0,0,0,-0.243720668,0.373721949,-0.0637563141,
4.2,object_red_01,RED,0,-0.25,0.00794701495,0,0,1.5540343e-11,0,0,0,0,0,0,-0.243719575,0.373783975,-0.0637563141,
4.24,object_red_01,RED,0,-0.25,0.00794701495,0,0,-5.75838044e-12,0,0,0,0,0,0,-0.24371844,0.37384825,-0.0637563141,
4.28,object_red_01,RED,0,-0.25,0.00794701495,0,0,-1.72063705e-11,0,0,0,0,0,0,-0.243717261,0.373914802,-0.0637563141,
4.32,object_red_01,RED,0,-0.25,0.00794701495,0,0,2.36502323e-11,0,0,0,0,0,0,-0.243716038,0.373983657,-0.0637563141,
4.36,object_red_01,RED,0,-0.25,0.00794701495,0,0,-3.05368125e-13,0,0,0,0,0,0,-0.24371477,0.374054841,-0.0637563141,
4.4,object_red_01,RED,0,-0.25,0.00794701495,0,0,-1.52298464e-11,0,0,0,0,0,0,-0.243713456,0.37412838,-0.0637563141,
4.44,object_red_01,RED,0,-0.25,0.00794701495,0,0,3.37311356e-11,0,0,0,0,0,0,-0.243712096,0.374204298,-0.0637563141,
4.48,object_red_01,RED,0,-0.25,0.00794701495,0,0,6.25874799e-12,0,0,0,0,0,0,-0.243710689,0.374282618,-0.0637563141,
4.52,object_red_01,RED,0,-0.25,0.00794701495,0,0,-1.09645958e-11,0,0,0,0,0,0,-0.243709234,0.374363363,-0.0637563141,
4.56,object_red_01,RED,0,-0.25,0.00794701495,0,0,-1.98289978e-11,0,0,0,0,0,0,-0.243707731,0.374446557,-0.0637563141,
4.6,object_red_01,RED,0,-0.25,0.00794701495,0,0,1.26237856e-11,0,0,0,0,0,0,-0.243706178,0.374532219,-0.0637563141,
4.64,object_red_01,RED,0,-0.25,0.00794701495,0,0,-6.59358013e-12,0,0,0,0,0,0,-0.243704577,0.374620371,-0.0637563141,
4.68,object_red_01,RED,0,-0.25,0.00794701495,0,0,-1.85160068e-11,0,0,0,0,0,0,-0.243702925,0.374711033,-0.0637563141,
4.72,object_red_01,RED,0,-0.25,0.00794701495,0,0,2.21657925e-11,0,0,0,0,0,0,-0.243701223,0.374804223,-0.0637563141,
4.76,object_red_01,RED,0,-0.25,0.00794701495,0,0,-5.58039335e-13,0,0,0,0,0,0,-0.24369947,0.374899961,-0.0637563141,
4.8,object_red_01,RED,0,-0.25,0.00794701495,0,0,-1.4744243e-11,0,0,0,0,0,0,-0.243697666,0.374998264,-0.0637563141,
4.84,object_red_01,RED,0,-0.25,0.00794701495,0,0,3.23701014e-11,0,0,0,0,0,0,-0.24369581,0.375099148,-0.0637563141,
4.88,object_red_01,RED,0,-0.25,0.00794701495,0,0,3.67655528e-12,0,0,0,0,0,0,-0.243693903,0.375202631,-0.0637563141,
4.92,object_red_01,RED,0,-0.25,0.00794701495,0,0,-1.15724663e-11,0,0,0,0,0,0,-0.243691945,0.375308727,-0.0637563141,
4.96,object_red_01,RED,0,-0.25,0.00794701495,0,0,-2.098302e-11,0,0,0,0,0,0,-0.243689935,0.375417451,-0.0637563141,
5,object_red_01,RED,0,-0.25,0.00794701495,0,0,1.15485054e-11,0,0,0,0,0,0,-0.243687873,0.375528817,-0.0637563141,
5.04,object_red_01,RED,0,-0.25,0.00794701495,0,0,-6.59696692e-12,0,0,0,0,0,0,-0.243685761,0.375642838,-0.0637563141,
5.08,object_red_01,RED,0,-0.25,0.00794701495,0,0,-1.78998674e-11,0,0,0,0,0,0,-0.243683597,0.375759527,-0.0637563141,
5.12,object_red_01,RED,0,-0.25,0.00794701495,0,0,1.98344438e-11,0,0,0,0,0,0,-0.243681383,0.375878894,-0.0637563141,
5.16,object_red_01,RED,0,-0.25,0.00794701495,0,0,-3.58729592e-12,0,0,0,0,0,0,-0.243679119,0.376000951,-0.0637563141,
5.2,object_red_01,RED,0,-0.25,0.00794701495,0,0,-1.54886595e-11,0,0,0,0,0,0,-0.243676807,0.376125708,-0.0637563141,
5.24,object_red_01,RED,0,-0.25,0.00794701495,0,0,2.98185005e-11,0,0,0,0,0,0,-0.243674446,0.376253174,-0.0637563141,
5.28,object_red_01,RED,0,-0.25,0.00794701495,0,0,2.89874551e-12,0,0,0,0,0,0,-0.243672038,0.376383358,-0.0637563141,
5.32,object_red_01,RED,0,-0.25,0.00794701495,0,0,-1.1397438e-11,0,0,0,0,0,0,-0.243669584,0.376516267,-0.0637563141,
5.36,object_red_01,RED,0,-0.25,0.00794701495,0,0,-2.02759689e-11,0,0,0,0,0,0,-0.243667086,0.376651909,-0.0637563141,
5.4,object_red_01,RED,0,-0.25,0.00794701495,0,0,9.56304148e-12,0,0,0,0,0,0,-0.243664545,0.376790289,-0.0637563141,
5.44,object_red_01,RED,0,-0.25,0.00794701495,0,0,-9.40015415e-12,0,0,0,0,0,0,-0.243661962,0.376931414,-0.0637563141,
5.48,object_red_01,RED,0,-0.25,0.00794701495,0,0,-1.84970029e-11,0,0,0,0,0,0,-0.243659341,0.377075288,-0.0637563141,
5.52,object_red_01,RED,0,-0.25,0.00794701495,0,0,1.76884694e-11,0,0,0,0,0,0,-0.243656683,0.377221914,-0.0637563141,
5.56,object_red_01,RED,0,-0.25,0.00794701495,0,0,-4.08798463e-12,0,0,0,0,0,0,-0.243653991,0.377371297,-0.0637563141,
5.6,object_red_01,RED,0,-0.25,0.00794701495,0,0,-1.51552014e-11,0,0,0,0,0,0,-0.243651295,0.377523431,-0.0637563141,
5.64,object_red_01,RED,0,-0.25,0.00794701495,0,0,2.85707472e-11,0,0,0,0,0,0,-0.243652414,0.377677311,-0.0637563141,
5.68,object_red_01,RED,0,-0.25,0.00794701495,0,0,1.21082687e-12,0,0,0,0,0,0,-0.243667035,0.37783044,-0.0637563141,
5.72,object_red_01,RED,0,-0.25,0.00794701495,0,0,-1.39903657e-11,0,0,0,0,0,0,-0.243700206,0.37798171,-0.0637563141,
5.76,object_red_01,RED,0,-0.25,0.00794701495,0,0,3.82626296e-11,0,0,0,0,0,0,-0.243753355,0.378130859,-0.0637563141,
5.8,object_red_01,RED,0,-0.25,0.00794701495,0,0,7.76366201e-12,0,0,0,0,0,0,-0.243826233,0.37827787,-0.0637563141,
5.84,object_red_01,RED,0,-0.25,0.00794701495,0,0,-9.67228961e-12,0,0,0,0,0,0,-0.243917719,0.37842285,-0.0637563141,
5.88,object_red_01,RED,0,-0.25,0.00794701495,0,0,-1.80385582e-11,0,0,0,0,0,0,-0.244026134,0.378566056,-0.0637563141,
5.92,object_red_01,RED,0,-0.25,0.00794701495,0,0,1.69132755e-11,0,0,0,0,0,0,-0.244149366,0.378707907,-0.0637563141,
5.96,object_red_01,RED,0,-0.25,0.00794701495,0,0,-5.52064467e-12,0,0,0,0,0,0,-0.244284921,0.378848972,-0.0637563141,
6,object_red_01,RED,0,-0.25,0.00794701495,0,0,-1.75552674e-11,0,0,0,0,0,0,-0.244429943,0.378989949,-0.0637563141,
6.04,object_red_01,RED,0,-0.25,0.00794701495,0,0,2.44252121e-11,0,0,0,0,0,0,-0.244581216,0.379131647,-0.0637563141,
6.08,object_red_01,RED,0,-0.25,0.00794701495,0,0,-2.91753143e-13,0,0,0,0,0,0,-0.244735154,0.379274983,-0.0637563141,
6.12,object_red_01,RED,0,-0.25,0.00794701495,0,0,-1.40776621e-11,0,0,0,0,0,0,-0.244887789,0.379420987,-0.0637563141,
6.16,object_red_01,RED,0,-0.25,0.00794701495,0,0,3.65970445e-11,0,0,0,0,0,0,-0.245034749,0.379570806,-0.0637563141,
6.2,object_red_01,RED,0,-0.25,0.00794701495,0,0,7.37716784e-12,0,0,0,0,0,0,-0.245171244,0.379725721,-0.0637563141,
6.24,object_red_01,RED,0,-0.25,0.00794701495,0,0,-1.0886721e-11,0,0,0,0,0,0,-0.245292041,0.379887149,-0.0637563141,
6.28,object_red_01,RED,0,-0.25,0.00794701495,0,0,-2.02633746e-11,0,0,0,0,0,0,-0.245391448,0.380056653,-0.0637563141,
6.32,object_red_01,RED,0,-0.25,0.00794701495,0,0,1.53811958e-11,0,0,0,0,0,0,-0.245463294,0.380235942,-0.0637563141,
6.36,object_red_01,RED,0,-0.25,0.00794701495,0,0,-5.70310683e-12,0,0,0,0,0,0,-0.245500907,0.380426879,-0.0637563141,
6.4,object_red_01,RED,0,-0.25,0.00794701495,0,0,-1.70351715e-11,0,0,0,0,0,0,-0.245497095,0.380631473,-0.0637563141,
6.44,object_red_01,RED,0,-0.25,0.00794701495,0,0,2.34143987e-11,0,0,0,0,0,0,-0.245444124,0.380851885,-0.0637563141,
6.48,object_red_01,RED,0,-0.25,0.00794701495,0,0,-3.02659404e-13,0,0,0,0,0,0,-0.245333701,0.381090416,-0.0637563141,
6.52,object_red_01,RED,0,-0.25,0.00794701495,0,0,-1.50772052e-11,0,0,0,0,0,0,-0.245156947,0.381349499,-0.0637563141,
6.56,object_red_01,RED,0,-0.25,0.00794701495,0,0,3.33939052e-11,0,0,0,0,0,0,-0.244904381,0.381631686,-0.0637563141,
6.6,object_red_01,RED,0,-0.25,0.00794701495,0,0,6.19646882e-12,0,0,0,0,0,0,-0.244565894,0.381939627,-0.0637563141,
6.64,object_red_01,RED,0,-0.25,0.00794701495,0,0,-1.0854591e-11,0,0,0,0,0,0,-0.244130752,0.382276031,-0.0637563141,
6.68,object_red_01,RED,0,-0.25,0.00794701495,0,0,-1.96306223e-11,0,0,0,0,0,0,-0.243592678,0.382637496,-0.0637563141,
6.72,object_red_01,RED,0,-0.25,0.00794701495,0,0,1.24976891e-11,0,0,0,0,0,0,-0.242963368,0.382990464,-0.0637563141,
6.76,object_red_01,RED,0,-0.25,0.00794701495,0,0,-6.52741096e-12,0,0,0,0,0,0,-0.2422612,0.383289408,-0.0637563141,
6.8,object_red_01,RED,0,-0.25,0.00794701495,0,0,-1.83312606e-11,0,0,0,0,0,0,-0.24150047,0.383505728,-0.0637563141,
6.84,object_red_01,RED,0,-0.25,0.00794701495,0,0,2.04717534e-11,0,0,0,0,0,0,-0.240688925,0.383632489,-0.0637563141,
6.88,object_red_01,RED,0,-0.25,0.00794701495,0,0,-1.25204293e-12,0,0,0,0,0,0,-0.239829922,0.383676711,-0.0637563141,
6.92,object_red_01,RED,0,-0.25,0.00794701495,0,0,-1.49009991e-11,0,0,0,0,0,0,-0.238925402,0.383650477,-0.0637563141,
6.96,object_red_01,RED,0,-0.25,0.00794701495,0,0,3.19671051e-11,0,0,0,0,0,0,-0.237977817,0.383565578,-0.0637563141,
7,object_red_01,RED,0,-0.25,0.00794701495,0,0,3.6006647e-12,0,0,0,0,0,0,-0.236990797,0.383431915,-0.0637563141,
7.04,object_red_01,RED,0,-0.25,0.00794701495,0,0,-1.1475013e-11,0,0,0,0,0,0,-0.235969055,0.383258051,-0.0637563141,
7.08,object_red_01,RED,0,-0.25,0.00794701495,0,0,-2.07806439e-11,0,0,0,0,0,0,-0.234918046,0.383052352,-0.0637563141,
7.12,object_red_01,RED,0,-0.25,0.00794701495,0,0,9.88826644e-12,0,0,0,0,0,0,-0.233843702,0.382823867,-0.0637563141,
7.16,object_red_01,RED,0,-0.25,0.00794701495,0,0,-7.23510805e-12,0,0,0,0,0,0,-0.232752326,0.38258273,-0.0637563141,
7.2,object_red_01,RED,0,-0.25,0.00794701495,0,0,-1.80186835e-11,0,0,0,0,0,0,-0.23165059,0.382340228,-0.0637563141,
7.24,object_red_01,RED,0,-0.25,0.00794701495,0,0,1.95473979e-11,0,0,0,0,0,0,-0.230545594,0.382108711,-0.0637563141,
7.28,object_red_01,RED,0,-0.25,0.00794701495,0,0,-3.59163559e-12,0,0,0,0,0,0,-0.229444915,0.381901509,-0.0637563141,
7.32,object_red_01,RED,0,-0.25,0.00794701495,0,0,-1.53489088e-11,0,0,0,0,0,0,-0.228356603,0.381732892,-0.0637563141,
7.36,object_red_01,RED,0,-0.25,0.00794701495,0,0,2.95091281e-11,0,0,0,0,0,0,-0.227280817,0.381616585,-0.0637563141,
7.4,object_red_01,RED,0,-0.25,0.00794701495,0,0,1.28213511e-12,0,0,0,0,0,0,-0.22620071,0.381549532,-0.0637563141,
7.44,object_red_01,RED,0,-0.25,0.00794701495,0,0,-1.19800664e-11,0,0,0,0,0,0,-0.225110526,0.381509097,-0.0637563141,
7.48,object_red_01,RED,0,-0.25,0.00794701495,0,0,-2.03600677e-11,0,0,0,0,0,0,-0.224011568,0.381474226,-0.0637563141,
7.52,object_red_01,RED,0,-0.25,0.00794701495,0,0,9.37651088e-12,0,0,0,0,0,0,-0.222904946,0.381434363,-0.0637563141,
7.56,object_red_01,RED,0,-0.25,0.00794701495,0,0,-9.34412395e-12,0,0,0,0,0,0,-0.221790162,0.381387536,-0.0637563141,
7.6,object_red_01,RED,0,-0.25,0.00794701495,0,0,-1.83244121e-11,0,0,0,0,0,0,-0.220665911,0.381335503,-0.0637563141,
7.64,object_red_01,RED,0,-0.25,0.00794701495,0,0,1.75022885e-11,0,0,0,0,0,0,-0.219530994,0.381280106,-0.0637563141,
7.68,object_red_01,RED,0,-0.25,0.00794701495,0,0,-5.65244054e-12,0,0,0,0,0,0,-0.218384731,0.381221769,-0.0637563141,
7.72,object_red_01,RED,0,-0.25,0.00794701495,0,0,-1.56882234e-11,0,0,0,0,0,0,-0.217226928,0.381159497,-0.0637563141,
7.76,object_red_01,RED,0,-0.25,0.00794701495,0,0,2.80882558e-11,0,0,0,0,0,0,-0.216057686,0.381091458,-0.0637563141,
7.8,object_red_01,RED,0,-0.25,0.00794701495,0,0,1.10704967e-12,0,0,0,0,0,0,-0.214877208,0.381015524,-0.0637563141,
7.84,object_red_01,RED,0,-0.25,0.00794701495,0,0,-1.38868989e-11,0,0,0,0,0,0,-0.213685697,0.380929573,-0.0637563141,
7.88,object_red_01,RED,0,-0.25,0.00794701495,0,0,3.78572993e-11,0,0,0,0,0,0,-0.212483331,0.38083155,-0.0637563141,
7.92,object_red_01,RED,0,-0.25,0.00794701495,0,0,7.67965954e-12,0,0,0,0,0,0,-0.211270215,0.380719462,-0.0637563141,
7.96,object_red_01,RED,0,-0.25,0.00794701495,0,0,-9.5750219e-12,0,0,0,0,0,0,-0.210045992,0.380591865,-0.0637563141,
8,object_red_01,RED,0,-0.25,0.00794701495,0,0,-1.78540939e-11,0,0,0,0,0,0,-0.208810368,0.380448466,-0.0637563141,
8.04,object_red_01,RED,0,-0.25,0.00794701495,0,0,1.6736784e-11,0,0,0,0,0,0,-0.20756333,0.380289975,-0.0637563141,
8.08,object_red_01,RED,0,-0.25,0.00794701495,0,0,-5.46426116e-12,0,0,0,0,0,0,-0.206304996,0.380117791,-0.0637563141,
8.12,object_red_01,RED,0,-0.25,0.00794701495,0,0,-1.73730764e-11,0,0,0,0,0,0,-0.205035565,0.379933679,-0.0637563141,
8.16,object_red_01,RED,0,-0.25,0.00794701495,0,0,2.41700855e-11,0,0,0,0,0,0,-0.203755293,0.379739565,-0.0637563141,
8.2,object_red_01,RED,0,-0.25,0.00794701495,0,0,-2.88580478e-13,0,0,0,0,0,0,-0.202464488,0.379537439,-0.0637563141,
8.24,object_red_01,RED,0,-0.25,0.00794701495,0,0,-1.39311342e-11,0,0,0,0,0,0,-0.201163486,0.379329346,-0.0637563141,
8.28,object_red_01,RED,0,-0.25,0.00794701495,0,0,3.62191226e-11,0,0,0,0,0,0,-0.199852633,0.379117404,-0.0637563141,
8.32,object_red_01,RED,0,-0.25,0.00794701495,0,0,7.30032082e-12,0,0,0,0,0,0,-0.198532267,0.37890384,-0.0637563141,
8.36,object_red_01,RED,0,-0.25,0.00794701495,0,0,-1.07745785e-11,0,0,0,0,0,0,-0.197202712,0.378691,-0.0637563141,
8.4,object_red_01,RED,0,-0.25,0.00794701495,0,0,-2.00524476e-11,0,0,0,0,0,0,-0.195864267,0.378481358,-0.0637563141,
8.44,object_red_01,RED,0,-0.25,0.00794701495,0,0,1.29263308e-11,0,0,0,0,0,0,-0.194516783,0.378277467,-0.0637563141,
8.48,object_red_01,RED,0,-0.25,0.00794701495,0,0,-6.70116525e-12,0,0,0,0,0,0,-0.193158917,0.37808076,-0.0637563141,
8.52,object_red_01,RED,0,-0.25,0.00794701495,0,0,-1.73093697e-11,0,0,0,0,0,0,-0.19179002,0.377890355,-0.0637563141,
8.56,object_red_01,RED,0,-0.25,0.00794701495,0,0,2.30454024e-11,0,0,0,0,0,0,-0.190410168,0.377704058,-0.0637563141,
8.6,object_red_01,RED,0,-0.25,0.00794701495,0,0,-3.60316975e-13,0,0,0,0,0,0,-0.189019653,0.377519225,-0.0637563141,
8.64,object_red_01,RED,0,-0.25,0.00794701495,0,0,-1.49462373e-11,0,0,0,0,0,0,-0.187618785,0.377333118,-0.0637563141,
8.68,object_red_01,RED,0,-0.25,0.00794701495,0,0,3.30380456e-11,0,0,0,0,0,0,-0.18620787,0.377142967,-0.0637563141,
8.72,object_red_01,RED,0,-0.25,0.00794701495,0,0,3.76147137e-12,0,0,0,0,0,0,-0.184787228,0.376945942,-0.0637563141,
8.76,object_red_01,RED,0,-0.25,0.00794701495,0,0,-1.17978041e-11,0,0,0,0,0,0,-0.183357216,0.376739111,-0.0637563141,
8.8,object_red_01,RED,0,-0.25,0.00794701495,0,0,-1.98680262e-11,0,0,0,0,0,0,-0.181918248,0.37651941,-0.0637563141,
8.84,object_red_01,RED,0,-0.25,0.00794701495,0,0,1.22363029e-11,0,0,0,0,0,0,-0.180470798,0.376283646,-0.0637563141,
8.88,object_red_01,RED,0,-0.25,0.00794701495,0,0,-6.51942398e-12,0,0,0,0,0,0,-0.179015372,0.376028509,-0.0637563141,
8.92,object_red_01,RED,0,-0.25,0.00794701495,0,0,-1.81663284e-11,0,0,0,0,0,0,-0.177551941,0.375751232,-0.0637563141,
8.96,object_red_01,RED,0,-0.25,0.00794701495,0,0,2.02520615e-11,0,0,0,0,0,0,-0.176080194,0.375451044,-0.0637563141,
9,object_red_01,RED,0,-0.25,0.00794701495,0,0,-3.64641313e-12,0,0,0,0,0,0,-0.174600027,0.375129174,-0.0637563141,
9.04,object_red_01,RED,0,-0.25,0.00794701495,0,0,-1.57900949e-11,0,0,0,0,0,0,-0.173111441,0.374788181,-0.0637563141,
9.08,object_red_01,RED,0,-0.25,0.00794701495,0,0,3.13622216e-11,0,0,0,0,0,0,-0.171614507,0.374431327,-0.0637563141,
9.12,object_red_01,RED,0,-0.25,0.00794701495,0,0,3.42734224e-12,0,0,0,0,0,0,-0.170109358,0.37406216,-0.0637563141,
9.16,object_red_01,RED,0,-0.25,0.00794701495,0,0,-1.14160993e-11,0,0,0,0,0,0,-0.168596176,0.373684305,-0.0637563141,
9.2,object_red_01,RED,0,-0.25,0.00794701495,0,0,-2.05900056e-11,0,0,0,0,0,0,-0.167075166,0.373301436,-0.0637563141,
9.24,object_red_01,RED,0,-0.25,0.00794701495,0,0,9.77856859e-12,0,0,0,0,0,0,-0.165546515,0.372917301,-0.0637563141,
9.28,object_red_01,RED,0,-0.25,0.00794701495,0,0,-9.57350516e-12,0,0,0,0,0,0,-0.164010371,0.372535769,-0.0637563141,
9.32,object_red_01,RED,0,-0.25,0.00794701495,0,0,-1.88575983e-11,0,0,0,0,0,0,-0.162466529,0.372160805,-0.0637563141,
9.36,object_red_01,RED,0,-0.25,0.00794701495,0,0,1.90550281e-11,0,0,0,0,0,0,-0.160913173,0.371795038,-0.0637563141,
9.4,object_red_01,RED,0,-0.25,0.00794701495,0,0,-3.69170837e-12,0,0,0,0,0,0,-0.159349214,0.371437593,-0.0637563141,
9.44,object_red_01,RED,0,-0.25,0.00794701495,0,0,-1.52509131e-11,0,0,0,0,0,0,-0.157774919,0.371085277,-0.0637563141,
9.48,object_red_01,RED,0,-0.25,0.00794701495,0,0,2.91915011e-11,0,0,0,0,0,0,-0.156191037,0.370734037,-0.0637563141,
9.52,object_red_01,RED,0,-0.25,0.00794701495,0,0,1.26153599e-12,0,0,0,0,0,0,-0.154598415,0.370379632,-0.0637563141,
9.56,object_red_01,RED,0,-0.25,0.00794701495,0,0,-1.18608434e-11,0,0,0,0,0,0,-0.152997915,0.370017811,-0.0637563141,
9.6,object_red_01,RED,0,-0.25,0.00794701495,0,0,-2.01532734e-11,0,0,0,0,0,0,-0.151390431,0.369644298,-0.0637563141,
9.64,object_red_01,RED,0,-0.25,0.00794701495,0,0,9.27883276e-12,0,0,0,0,0,0,-0.149776926,0.369254733,-0.0637563141,
9.68,object_red_01,RED,0,-0.25,0.00794701495,0,0,-9.24838369e-12,0,0,0,0,0,0,-0.148158458,0.368844626,-0.0637563141,
9.72,object_red_01,RED,0,-0.25,0.00794701495,0,0,-1.81362898e-11,0,0,0,0,0,0,-0.146536039,0.368409432,-0.0637563141,
9.76,object_red_01,RED,0,-0.25,0.00794701495,0,0,1.73215073e-11,0,0,0,0,0,0,-0.144909787,0.367945967,-0.0637563141,
9.8,object_red_01,RED,0,-0.25,0.00794701495,0,0,-5.59443679e-12,0,0,0,0,0,0,-0.143279434,0.367454233,-0.0637563141,
9.84,object_red_01,RED,0,-0.25,0.00794701495,0,0,-1.55264924e-11,0,0,0,0,0,0,-0.141644676,0.36693688,-0.0637563141,
9.88,object_red_01,RED,0,-0.25,0.00794701495,0,0,2.78009708e-11,0,0,0,0,0,0,-0.140005196,0.366398147,-0.0637563141,
9.92,object_red_01,RED,0,-0.25,0.00794701495,0,0,1.0963504e-12,0,0,0,0,0,0,-0.138360707,0.36584302,-0.0637563141,
9.96,object_red_01,RED,0,-0.25,0.00794701495,0,0,-1.3743997e-11,0,0,0,0,0,0,-0.136710963,0.365276721,-0.0637563141,
10,object_red_01,RED,0,-0.25,0.00794701495,0,0,3.74702876e-11,0,0,0,0,0,0,-0.135055736,0.36470451,-0.0637563141,
10.04,object_red_01,RED,0,-0.25,0.00794701495,0,0,7.59965056e-12,0,0,0,0,0,0,-0.133394777,0.364131669,-0.0637563141,
10.08,object_red_01,RED,0,-0.25,0.00794701495,0,0,-1.10660104e-11,0,0,0,0,0,0,-0.131727758,0.363563552,-0.0637563141,
10.12,object_red_01,RED,0,-0.25,0.00794701495,0,0,-1.83365246e-11,0,0,0,0,0,0,-0.13005323,0.363005091,-0.0637563141,
10.16,object_red_01,RED,0,-0.25,0.00794701495,0,0,1.63701502e-11,0,0,0,0,0,0,-0.128368825,0.362457635,-0.0637563141,
10.2,object_red_01,RED,0,-0.25,0.00794701495,0,0,-5.49847883e-12,0,0,0,0,0,0,-0.126674346,0.361918289,-0.0637563141,
10.24,object_red_01,RED,0,-0.25,0.00794701495,0,0,-1.72343821e-11,0,0,0,0,0,0,-0.124970922,0.361382126,-0.0637563141,
10.28,object_red_01,RED,0,-0.25,0.00794701495,0,0,2.39116542e-11,0,0,0,0,0,0,-0.123260082,0.360843601,-0.0637563141,
10.32,object_red_01,RED,0,-0.25,0.00794701495,0,0,-2.91467639e-13,0,0,0,0,0,0,-0.121543444,0.36029711,-0.0637563141,
10.36,object_red_01,RED,0,-0.25,0.00794701495,0,0,-1.53652147e-11,0,0,0,0,0,0,-0.119822675,0.359737098,-0.0637563141,
10.4,object_red_01,RED,0,-0.25,0.00794701495,0,0,3.54421015e-11,0,0,0,0,0,0,-0.118099518,0.359158003,-0.0637563141,
10.44,object_red_01,RED,0,-0.25,0.00794701495,0,0,7.02251097e-12,0,0,0,0,0,0,-0.116375835,0.358554187,-0.0637563141,
10.48,object_red_01,RED,0,-0.25,0.00794701495,0,0,-1.07536903e-11,0,0,0,0,0,0,-0.114653135,0.357920231,-0.0637563141,
10.52,object_red_01,RED,0,-0.25,0.00794701495,0,0,-1.98833042e-11,0,0,0,0,0,0,-0.112931597,0.35725346,-0.0637563141,
10.56,object_red_01,RED,0,-0.25,0.00794701495,0,0,1.27825902e-11,0,0,0,0,0,0,-0.111210738,0.356555321,-0.0637563141,
10.6,object_red_01,RED,0,-0.25,0.00794701495,0,0,-6.63651996e-12,0,0,0,0,0,0,-0.109489777,0.355830172,-0.0637563141,
10.64,object_red_01,RED,0,-0.25,0.00794701495,0,0,-1.86829268e-11,0,0,0,0,0,0,-0.10776783,0.355083942,-0.0637563141,
10.68,object_red_01,RED,0,-0.25,0.00794701495,0,0,2.23764911e-11,0,0,0,0,0,0,-0.106043998,0.354323189,-0.0637563141,
10.72,object_red_01,RED,0,-0.25,0.00794701495,0,0,-5.61825835e-13,0,0,0,0,0,0,-0.104317381,0.353554603,-0.0637563141,
10.76,object_red_01,RED,0,-0.25,0.00794701495,0,0,-1.48832729e-11,0,0,0,0,0,0,-0.102587056,0.352784845,-0.0637563141,
10.8,object_red_01,RED,0,-0.25,0.00794701495,0,0,3.26772325e-11,0,0,0,0,0,0,-0.100852,0.35202056,-0.0637563141,
10.84,object_red_01,RED,0,-0.25,0.00794701495,0,0,3.71202204e-12,0,0,0,0,0,0,-0.0991099309,0.351267564,-0.0637563141,
10.88,object_red_01,RED,0,-0.25,0.00794701495,0,0,-1.16828565e-11,0,0,0,0,0,0,-0.0973581727,0.350526978,-0.0637563141,
10.92,object_red_01,RED,0,-0.25,0.00794701495,0,0,-2.11812812e-11,0,0,0,0,0,0,-0.0955969717,0.349795032,-0.0637563141,
10.96,object_red_01,RED,0,-0.25,0.00794701495,0,0,1.16576644e-11,0,0,0,0,0,0,-0.0938282101,0.349065709,-0.0637563141,
11,object_red_01,RED,0,-0.25,0.00794701495,0,0,-6.65998127e-12,0,0,0,0,0,0,-0.0920542834,0.348332351,-0.0637563141,
11.04,object_red_01,RED,0,-0.25,0.00794701495,0,0,-1.80689001e-11,0,0,0,0,0,0,-0.0902777276,0.34758829,-0.0637563141,
11.08,object_red_01,RED,0,-0.25,0.00794701495,0,0,2.00199751e-11,0,0,0,0,0,0,-0.0885011548,0.346826972,-0.0637563141,
11.12,object_red_01,RED,0,-0.25,0.00794701495,0,0,-3.62094616e-12,0,0,0,0,0,0,-0.0867272849,0.346041895,-0.0637563141,
11.16,object_red_01,RED,0,-0.25,0.00794701495,0,0,-1.56341917e-11,0,0,0,0,0,0,-0.0849588143,0.345226592,-0.0637563141,
11.2,object_red_01,RED,0,-0.25,0.00794701495,0,0,3.10390987e-11,0,0,0,0,0,0,-0.0831969701,0.34437642,-0.0637563141,
11.24,object_red_01,RED,0,-0.25,0.00794701495,0,0,3.39109749e-12,0,0,0,0,0,0,-0.0814413541,0.343491529,-0.0637563141,
11.28,object_red_01,RED,0,-0.25,0.00794701495,0,0,-1.12989176e-11,0,0,0,0,0,0,-0.0796907517,0.342576109,-0.0637563141,
11.32,object_red_01,RED,0,-0.25,0.00794701495,0,0,-2.03801386e-11,0,0,0,0,0,0,-0.0779435979,0.341636691,-0.0637563141,
11.36,object_red_01,RED,0,-0.25,0.00794701495,0,0,9.67887767e-12,0,0,0,0,0,0,-0.0761982067,0.340680832,-0.0637563141,
11.4,object_red_01,RED,0,-0.25,0.00794701495,0,0,-9.47637663e-12,0,0,0,0,0,0,-0.0744528495,0.339716347,-0.0637563141,
11.44,object_red_01,RED,0,-0.25,0.00794701495,0,0,-1.86653755e-11,0,0,0,0,0,0,-0.0727057491,0.338751001,-0.0637563141,
11.48,object_red_01,RED,0,-0.25,0.00794701495,0,0,1.88594506e-11,0,0,0,0,0,0,-0.0709549912,0.337792445,-0.0637563141,
11.52,object_red_01,RED,0,-0.25,0.00794701495,0,0,-3.65464636e-12,0,0,0,0,0,0,-0.0691973028,0.336846856,-0.0637563141,
11.56,object_red_01,RED,0,-0.25,0.00794701495,0,0,-1.50940071e-11,0,0,0,0,0,0,-0.0674300549,0.335914621,-0.0637563141,
11.6,object_red_01,RED,0,-0.25,0.00794701495,0,0,2.88933384e-11,0,0,0,0,0,0,-0.0656542161,0.334991048,-0.0637563141,
11.64,object_red_01,RED,0,-0.25,0.00794701495,0,0,1.25009084e-12,0,0,0,0,0,0,-0.0638725511,0.334069258,-0.0637563141,
11.68,object_red_01,RED,0,-0.25,0.00794701495,0,0,-1.41093495e-11,0,0,0,0,0,0,-0.0620884021,0.333141817,-0.0637563141,
11.72,object_red_01,RED,0,-0.25,0.00794701495,0,0,-2.09366006e-11,0,0,0,0,0,0,-0.0603052861,0.332201371,-0.0637563141,
11.76,object_red_01,RED,0,-0.25,0.00794701495,0,0,8.88535088e-12,0,0,0,0,0,0,-0.0585268225,0.331240754,-0.0637563141,
11.8,object_red_01,RED,0,-0.25,0.00794701495,0,0,-9.29087742e-12,0,0,0,0,0,0,-0.0567567528,0.330252908,-0.0637563141,
11.84,object_red_01,RED,0,-0.25,0.00794701495,0,0,-1.80104003e-11,0,0,0,0,0,0,-0.0549981481,0.329231308,-0.0637563141,
11.88,object_red_01,RED,0,-0.25,0.00794701495,0,0,1.71300303e-11,0,0,0,0,0,0,-0.053251585,0.328173331,-0.0637563141,
11.92,object_red_01,RED,0,-0.25,0.00794701495,0,0,-5.54559773e-12,0,0,0,0,0,0,-0.0515158047,0.327081621,-0.0637563141,
11.96,object_red_01,RED,0,-0.25,0.00794701495,0,0,-1.77084511e-11,0,0,0,0,0,0,-0.0497886751,0.325962329,-0.0637563141,
12,object_red_01,RED,0,-0.25,0.00794701495,0,0,2.68776324e-11,0,0,0,0,0,0,-0.0480677172,0.324823376,-0.0637563141,
12.04,object_red_01,RED,0,-0.25,0.00794701495,0,0,7.759683e-13,0,0,0,0,0,0,-0.0463503194,0.32367328,-0.0637563141,
12.08,object_red_01,RED,0,-0.25,0.00794701495,0,0,-1.3740189e-11,0,0,0,0,0,0,-0.0446337942,0.322520573,-0.0637563141,
12.12,object_red_01,RED,0,-0.25,0.00794701495,0,0,3.70573344e-11,0,0,0,0,0,0,-0.0429153532,0.321373618,-0.0637563141,
12.16,object_red_01,RED,0,-0.25,0.00794701495,0,0,7.50677961e-12,0,0,0,0,0,0,-0.0411912961,0.320239714,-0.0637563141,
12.2,object_red_01,RED,0,-0.25,0.00794701495,0,0,-1.09614124e-11,0,0,0,0,0,0,-0.0394581108,0.319120593,-0.0637563141,
12.24,object_red_01,RED,0,-0.25,0.00794701495,0,0,-2.04406513e-11,0,0,0,0,0,0,-0.0377164977,0.318012056,-0.0637563141,
12.28,object_red_01,RED,0,-0.25,0.00794701495,0,0,1.55293011e-11,0,0,0,0,0,0,-0.0359697085,0.316907118,-0.0637563141,
12.32,object_red_01,RED,0,-0.25,0.00794701495,0,0,-5.7548616e-12,0,0,0,0,0,0,-0.0342218813,0.315798007,-0.0637563141,
12.36,object_red_01,RED,0,-0.25,0.00794701495,0,0,-1.71939475e-11,0,0,0,0,0,0,-0.032477432,0.314677009,-0.0637563141,
12.4,object_red_01,RED,0,-0.25,0.00794701495,0,0,2.36333519e-11,0,0,0,0,0,0,-0.0307409025,0.313536676,-0.0637563141,
12.44,object_red_01,RED,0,-0.25,0.00794701495,0,0,-3.04715034e-13,0,0,0,0,0,0,-0.0290169535,0.312369759,-0.0637563141,
12.48,object_red_01,RED,0,-0.25,0.00794701495,0,0,-1.52185119e-11,0,0,0,0,0,0,-0.0273094523,0.311169614,-0.0637563141,
12.52,object_red_01,RED,0,-0.25,0.00794701495,0,0,3.37061861e-11,0,0,0,0,0,0,-0.0256191557,0.30993366,-0.0637563141,
12.56,object_red_01,RED,0,-0.25,0.00794701495,0,0,6.25496863e-12,0,0,0,0,0,0,-0.0239443612,0.308664796,-0.0637563141,
12.6,object_red_01,RED,0,-0.25,0.00794701495,0,0,-1.09565053e-11,0,0,0,0,0,0,-0.0222822117,0.307369539,-0.0637563141,
12.64,object_red_01,RED,0,-0.25,0.00794701495,0,0,-1.98147618e-11,0,0,0,0,0,0,-0.0206293856,0.306056203,-0.0637563141,
12.68,object_red_01,RED,0,-0.25,0.00794701495,0,0,1.26158843e-11,0,0,0,0,0,0,-0.0189823737,0.30473366,-0.0637563141,
12.72,object_red_01,RED,0,-0.25,0.00794701495,0,0,-6.5879093e-12,0,0,0,0,0,0,-0.0173375603,0.303410734,-0.0637563141,
12.76,object_red_01,RED,0,-0.25,0.00794701495,0,0,-1.85038943e-11,0,0,0,0,0,0,-0.0156911878,0.302095992,-0.0637563141,
12.8,object_red_01,RED,0,-0.25,0.00794701495,0,0,2.21521276e-11,0,0,0,0,0,0,-0.0140385734,0.300796093,-0.0637563141,
12.84,object_red_01,RED,0,-0.25,0.00794701495,0,0,-5.56943713e-13,0,0,0,0,0,0,-0.012376892,0.299511216,-0.0637563141,
12.88,object_red_01,RED,0,-0.25,0.00794701495,0,0,-1.47357136e-11,0,0,0,0,0,0,-0.010707991,0.298236282,-0.0637563141,
12.92,object_red_01,RED,0,-0.25,0.00794701495,0,0,3.23508334e-11,0,0,0,0,0,0,-0.00903604739,0.296963996,-0.0637563141,
12.96,object_red_01,RED,0,-0.25,0.00794701495,0,0,3.67337191e-12,0,0,0,0,0,0,-0.00736603815,0.295686573,-0.0637563141,
13,object_red_01,RED,0,-0.25,0.00794701495,0,0,-1.15656606e-11,0,0,0,0,0,0,-0.00570320202,0.294396431,-0.0637563141,
13.04,object_red_01,RED,0,-0.25,0.00794701495,0,0,-2.09697262e-11,0,0,0,0,0,0,-0.00405290495,0.293086318,-0.0637563141,
13.08,object_red_01,RED,0,-0.25,0.00794701495,0,0,1.15400831e-11,0,0,0,0,0,0,-0.00242055789,0.291749227,-0.0637563141,
13.12,object_red_01,RED,0,-0.25,0.00794701495,0,0,-6.59249164e-12,0,0,0,0,0,0,-0.000809813788,0.29037944,-0.0637563141,
13.16,object_red_01,RED,0,-0.25,0.00794701495,0,0,-1.78880154e-11,0,0,0,0,0,0,0.000779545955,0.288976216,-0.0637563141,
13.2,object_red_01,RED,0,-0.25,0.00794701495,0,0,1.98215176e-11,0,0,0,0,0,0,0.00235019337,0.287543804,-0.0637563141,
13.24,object_red_01,RED,0,-0.25,0.00794701495,0,0,-3.5848049e-12,0,0,0,0,0,0,0.0039058676,0.286089443,-0.0637563141,
13.28,object_red_01,RED,0,-0.25,0.00794701495,0,0,-1.54784992e-11,0,0,0,0,0,0,0.00545073355,0.284621683,-0.0637563141,
13.32,object_red_01,RED,0,-0.25,0.00794701495,0,0,2.97969949e-11,0,0,0,0,0,0,0.00698913922,0.283149338,-0.0637563141,
13.36,object_red_01,RED,0,-0.25,0.00794701495,0,0,2.896904e-12,0,0,0,0,0,0,0.00852554889,0.281681019,-0.0637563141,
13.4,object_red_01,RED,0,-0.25,0.00794701495,0,0,-1.1389708e-11,0,0,0,0,0,0,0.0100647111,0.280224815,-0.0637563141,
13.44,object_red_01,RED,0,-0.25,0.00794701495,0,0,-2.02618899e-11,0,0,0,0,0,0,0.011611597,0.278784954,-0.0637563141,
13.48,object_red_01,RED,0,-0.25,0.00794701495,0,0,9.55654269e-12,0,0,0,0,0,0,0.0131668729,0.277359101,-0.0637563141,
13.52,object_red_01,RED,0,-0.25,0.00794701495,0,0,-9.39322711e-12,0,0,0,0,0,0,0.0147270875,0.27594123,-0.0637563141,
13.56,object_red_01,RED,0,-0.25,0.00794701495,0,0,-1.84839768e-11,0,0,0,0,0,0,0.0162871222,0.274524047,-0.0637563141,
13.6,object_red_01,RED,0,-0.25,0.00794701495,0,0,1.76771206e-11,0,0,0,0,0,0,0.0178412995,0.273100203,-0.0637563141,
13.64,object_red_01,RED,0,-0.25,0.00794701495,0,0,-4.08533657e-12,0,0,0,0,0,0,0.0193837481,0.271662701,-0.0637563141,
13.68,object_red_01,RED,0,-0.25,0.00794701495,0,0,-1.51450588e-11,0,0,0,0,0,0,0.0209084902,0.270204902,-0.0637563141,
13.72,object_red_01,RED,0,-0.25,0.00794701495,0,0,2.85528711e-11,0,0,0,0,0,0,0.0224098693,0.268720491,-0.0637563141,
13.76,object_red_01,RED,0,-0.25,0.00794701495,0,0,1.21074836e-12,0,0,0,0,0,0,0.0238855113,0.267205625,-0.0637563141,
13.8,object_red_01,RED,0,-0.25,0.00794701495,0,0,-1.39810439e-11,0,0,0,0,0,0,0.0253370647,0.265661681,-0.0637563141,
13.84,object_red_01,RED,0,-0.25,0.00794701495,0,0,3.82399677e-11,0,0,0,0,0,0,0.0267682166,0.264094054,-0.0637563141,
13.88,object_red_01,RED,0,-0.25,0.00794701495,0,0,7.76031447e-12,0,0,0,0,0,0,0.028183488,0.262510294,-0.0637563141,
13.92,object_red_01,RED,0,-0.25,0.00794701495,0,0,-9.66687574e-12,0,0,0,0,0,0,0.0295877345,0.260918703,-0.0637563141,
13.96,object_red_01,RED,0,-0.25,0.00794701495,0,0,-1.80281551e-11,0,0,0,0,0,0,0.0309859655,0.259327548,-0.0637563141,
14,object_red_01,RED,0,-0.25,0.00794701495,0,0,1.69036148e-11,0,0,0,0,0,0,0.0323832991,0.257744777,-0.0637563141,
14.04,object_red_01,RED,0,-0.25,0.00794701495,0,0,-5.51698664e-12,0,0,0,0,0,0,0.0337852262,0.256177118,-0.0637563141,
14.08,object_red_01,RED,0,-0.25,0.00794701495,0,0,-1.75451498e-11,0,0,0,0,0,0,0.0351955233,0.254625877,-0.0637563141,
14.12,object_red_01,RED,0,-0.25,0.00794701495,0,0,2.44098733e-11,0,0,0,0,0,0,0.036612719,0.253087173,-0.0637563141,
14.16,object_red_01,RED,0,-0.25,0.00794701495,0,0,-2.92256345e-13,0,0,0,0,0,0,0.0380322596,0.251554821,-0.0637563141,
14.2,object_red_01,RED,0,-0.25,0.00794701495,0,0,-1.40687865e-11,0,0,0,0,0,0,0.0394484526,0.250022077,-0.0637563141,
14.24,object_red_01,RED,0,-0.25,0.00794701495,0,0,3.65751499e-11,0,0,0,0,0,0,0.0408552275,0.248482424,-0.0637563141,
14.28,object_red_01,RED,0,-0.25,0.00794701495,0,0,7.37222148e-12,0,0,0,0,0,0,0.0422463811,0.246929761,-0.0637563141,
14.32,object_red_01,RED,0,-0.25,0.00794701495,0,0,-1.08802115e-11,0,0,0,0,0,0,0.0436156436,0.24535833,-0.0637563141,
14.36,object_red_01,RED,0,-0.25,0.00794701495,0,0,-2.02503877e-11,0,0,0,0,0,0,0.0449576694,0.243762833,-0.0637563141,
14.4,object_red_01,RED,0,-0.25,0.00794701495,0,0,1.53738405e-11,0,0,0,0,0,0,0.0462713755,0.242141072,-0.0637563141,
14.44,object_red_01,RED,0,-0.25,0.00794701495,0,0,-5.69934888e-12,0,0,0,0,0,0,0.0475594021,0.240495479,-0.0637563141,
14.48,object_red_01,RED,0,-0.25,0.00794701495,0,0,-1.70254251e-11,0,0,0,0,0,0,0.0488260723,0.238831668,-0.0637563141,
14.52,object_red_01,RED,0,-0.25,0.00794701495,0,0,2.34011264e-11,0,0,0,0,0,0,0.0500763787,0.237156797,-0.0637563141,
14.56,object_red_01,RED,0,-0.25,0.00794701495,0,0,-3.02577321e-13,0,0,0,0,0,0,0.051315582,0.235478422,-0.0637563141,
14.6,object_red_01,RED,0,-0.25,0.00794701495,0,0,-1.50687864e-11,0,0,0,0,0,0,0.0525490671,0.233803904,-0.0637563141,
14.64,object_red_01,RED,0,-0.25,0.00794701495,0,0,3.3375326e-11,0,0,0,0,0,0,0.0537823087,0.232140232,-0.0637563141,
14.68,object_red_01,RED,0,-0.25,0.00794701495,0,0,6.19402062e-12,0,0,0,0,0,0,0.0550209261,0.230492736,-0.0637563141,
14.72,object_red_01,RED,0,-0.25,0.00794701495,0,0,-1.08489166e-11,0,0,0,0,0,0,0.0562676453,0.228861415,-0.0637563141,
14.76,object_red_01,RED,0,-0.25,0.00794701495,0,0,-1.9620255e-11,0,0,0,0,0,0,0.0575201647,0.227242271,-0.0637563141,
14.8,object_red_01,RED,0,-0.25,0.00794701495,0,0,1.24926928e-11,0,0,0,0,0,0,0.05877363,0.225629715,-0.0637563141,
14.84,object_red_01,RED,0,-0.25,0.00794701495,0,0,-6.52370298e-12,0,0,0,0,0,0,0.06002226,0.224017911,-0.0637563141,
14.88,object_red_01,RED,0,-0.25,0.00794701495,0,0,-1.83222137e-11,0,0,0,0,0,0,0.0612599711,0.222401347,-0.0637563141,
14.92,object_red_01,RED,0,-0.25,0.00794701495,0,0,2.04624032e-11,0,0,0,0,0,0,0.0624805853,0.220774934,-0.0637563141,
14.96,object_red_01,RED,0,-0.25,0.00794701495,0,0,-1.25165393e-12,0,0,0,0,0,0,0.0636778938,0.219133912,-0.0637563141,
15,object_red_01,RED,0,-0.25,0.00794701495,0,0,-1.489399e-11,0,0,0,0,0,0,0.0648465247,0.217473848,-0.0637563141,
15.04,object_red_01,RED,0,-0.25,0.00794701495,0,0,3.1952059e-11,0,0,0,0,0,0,0.0659852881,0.215792682,-0.0637563141,
15.08,object_red_01,RED,0,-0.25,0.00794701495,0,0,3.59886246e-12,0,0,0,0,0,0,0.0670968291,0.214092328,-0.0637563141,
15.12,object_red_01,RED,0,-0.25,0.00794701495,0,0,-1.14693601e-11,0,0,0,0,0,0,0.0681855153,0.212377542,-0.0637563141,
15.16,object_red_01,RED,0,-0.25,0.00794701495,0,0,-2.07710331e-11,0,0,0,0,0,0,0.0692563898,0.210654486,-0.0637563141,
15.2,object_red_01,RED,0,-0.25,0.00794701495,0,0,9.88531147e-12,0,0,0,0,0,0,0.0703147564,0.208929673,-0.0637563141,
15.24,object_red_01,RED,0,-0.25,0.00794701495,0,0,-7.23142862e-12,0,0,0,0,0,0,0.071366026,0.207209412,-0.0637563141,
15.28,object_red_01,RED,0,-0.25,0.00794701495,0,0,-1.80113853e-11,0,0,0,0,0,0,0.072415664,0.205499649,-0.0637563141,
15.32,object_red_01,RED,0,-0.25,0.00794701495,0,0,1.95407028e-11,0,0,0,0,0,0,0.0734691997,0.203805455,-0.0637563141,
15.36,object_red_01,RED,0,-0.25,0.00794701495,0,0,-3.59055067e-12,0,0,0,0,0,0,0.074530273,0.202127896,-0.0637563141,
15.4,object_red_01,RED,0,-0.25,0.00794701495,0,0,-1.53428633e-11,0,0,0,0,0,0,0.0755976643,0.200464134,-0.0637563141,
15.44,object_red_01,RED,0,-0.25,0.00794701495,0,0,2.94990534e-11,0,0,0,0,0,0,0.0766671911,0.198809695,-0.0637563141,
15.48,object_red_01,RED,0,-0.25,0.00794701495,0,0,1.2827204e-12,0,0,0,0,0,0,0.0777335364,0.197159756,-0.0637563141,
15.52,object_red_01,RED,0,-0.25,0.00794701495,0,0,-1.19751629e-11,0,0,0,0,0,0,0.0787910056,0.19550976,-0.0637563141,
15.56,object_red_01,RED,0,-0.25,0.00794701495,0,0,-2.03539543e-11,0,0,0,0,0,0,0.0798338021,0.193855562,-0.0637563141,
15.6,object_red_01,RED,0,-0.25,0.00794701495,0,0,9.37388067e-12,0,0,0,0,0,0,0.0808561192,0.192193363,-0.0637563141,
15.64,object_red_01,RED,0,-0.25,0.00794701495,0,0,-9.34102267e-12,0,0,0,0,0,0,0.0818522414,0.190519582,-0.0637563141,
15.68,object_red_01,RED,0,-0.25,0.00794701495,0,0,-1.83192123e-11,0,0,0,0,0,0,0.082818414,0.188831135,-0.0637563141,
15.72,object_red_01,RED,0,-0.25,0.00794701495,0,0,1.74952045e-11,0,0,0,0,0,0,0.0837553303,0.187127571,-0.0637563141,
15.76,object_red_01,RED,0,-0.25,0.00794701495,0,0,-5.65107369e-12,0,0,0,0,0,0,0.0846664002,0.185411448,-0.0637563141,
15.8,object_red_01,RED,0,-0.25,0.00794701495,0,0,-1.56826454e-11,0,0,0,0,0,0,0.0855561344,0.183687221,-0.0637563141,
15.84,object_red_01,RED,0,-0.25,0.00794701495,0,0,2.80782882e-11,0,0,0,0,0,0,0.0864294587,0.181960119,-0.0637563141,
15.88,object_red_01,RED,0,-0.25,0.00794701495,0,0,1.1073316e-12,0,0,0,0,0,0,0.0872914471,0.180235403,-0.0637563141,
15.92,object_red_01,RED,0,-0.25,0.00794701495,0,0,-1.38812352e-11,0,0,0,0,0,0,0.0881472226,0.178518047,-0.0637563141,
15.96,object_red_01,RED,0,-0.25,0.00794701495,0,0,3.78465929e-11,0,0,0,0,0,0,0.0890019188,0.176812675,-0.0637563141,
16,object_red_01,RED,0,-0.25,0.00794701495,0,0,7.67779305e-12,0,0,0,0,0,0,0.0898606125,0.175123144,-0.0637563141,
16.04,object_red_01,RED,0,-0.25,0.00794701495,0,0,-9.57264151e-12,0,0,0,0,0,0,0.0907263578,0.173449982,-0.0637563141,
16.08,object_red_01,RED,0,-0.25,0.00794701495,0,0,-1.7848366e-11,0,0,0,0,0,0,0.0915979034,0.171790766,-0.0637563141,
16.12,object_red_01,RED,0,-0.25,0.00794701495,0,0,1.67334721e-11,0,0,0,0,0,0,0.0924714767,0.170141937,-0.0637563141,
16.16,object_red_01,RED,0,-0.25,0.00794701495,0,0,-5.46234471e-12,0,0,0,0,0,0,0.093342341,0.168499763,-0.0637563141,
16.2,object_red_01,RED,0,-0.25,0.00794701495,0,0,-1.73685726e-11,0,0,0,0,0,0,0.0942054447,0.166860796,-0.0637563141,
16.24,object_red_01,RED,0,-0.25,0.00794701495,0,0,2.41630514e-11,0,0,0,0,0,0,0.0950556674,0.165221964,-0.0637563141,
16.28,object_red_01,RED,0,-0.25,0.00794701495,0,0,-2.8827713e-13,0,0,0,0,0,0,0.0958879114,0.163580501,-0.0637563141,
16.32,object_red_01,RED,0,-0.25,0.00794701495,0,0,-1.39273941e-11,0,0,0,0,0,0,0.0966971387,0.161933849,-0.0637563141,
16.36,object_red_01,RED,0,-0.25,0.00794701495,0,0,3.62063427e-11,0,0,0,0,0,0,0.0974788663,0.160279519,-0.0637563141,
16.4,object_red_01,RED,0,-0.25,0.00794701495,0,0,7.2996713e-12,0,0,0,0,0,0,0.0982318864,0.158615933,-0.0637563141,
16.44,object_red_01,RED,0,-0.25,0.00794701495,0,0,-1.07705814e-11,0,0,0,0,0,0,0.0989583741,0.156943874,-0.0637563141,
16.48,object_red_01,RED,0,-0.25,0.00794701495,0,0,-2.00471658e-11,0,0,0,0,0,0,0.0996620127,0.155266088,-0.0637563141,
16.52,object_red_01,RED,0,-0.25,0.00794701495,0,0,1.29250996e-11,0,0,0,0,0,0,0.100347053,0.15358636,-0.0637563141,
16.56,object_red_01,RED,0,-0.25,0.00794701495,0,0,-6.69939155e-12,0,0,0,0,0,0,0.101017942,0.151908739,-0.0637563141,
16.6,object_red_01,RED,0,-0.25,0.00794701495,0,0,-1.73061757e-11,0,0,0,0,0,0,0.101679174,0.15023711,-0.0637563141,
16.64,object_red_01,RED,0,-0.25,0.00794701495,0,0,2.30409307e-11,0,0,0,0,0,0,0.102335239,0.148575056,-0.0637563141,
16.68,object_red_01,RED,0,-0.25,0.00794701495,0,0,-3.5917139e-13,0,0,0,0,0,0,0.102990592,0.146925879,-0.0637563141,
16.72,object_red_01,RED,0,-0.25,0.00794701495,0,0,-1.49440888e-11,0,0,0,0,0,0,0.103649581,0.145292375,-0.0637563141,
16.76,object_red_01,RED,0,-0.25,0.00794701495,0,0,3.30340914e-11,0,0,0,0,0,0,0.104314905,0.143674936,-0.0637563141,
16.8,object_red_01,RED,0,-0.25,0.00794701495,0,0,3.76024013e-12,0,0,0,0,0,0,0.104985702,0.142071734,-0.0637563141,
16.84,object_red_01,RED,0,-0.25,0.00794701495,0,0,-1.17962909e-11,0,0,0,0,0,0,0.105658946,0.140480162,-0.0637563141,
16.88,object_red_01,RED,0,-0.25,0.00794701495,0,0,-1.98647322e-11,0,0,0,0,0,0,0.106330772,0.138897535,-0.0637563141,
16.92,object_red_01,RED,0,-0.25,0.00794701495,0,0,1.22350895e-11,0,0,0,0,0,0,0.106997043,0.137321425,-0.0637563141,
16.96,object_red_01,RED,0,-0.25,0.00794701495,0,0,-6.518621e-12,0,0,0,0,0,0,0.107653571,0.135749726,-0.0637563141,
17,object_red_01,RED,0,-0.25,0.00794701495,0,0,-1.81643477e-11,0,0,0,0,0,0,0.108296214,0.134180591,-0.0637563141,
17.04,object_red_01,RED,0,-0.25,0.00794701495,0,0,2.02486533e-11,0,0,0,0,0,0,0.108920907,0.132612343,-0.0637563141,
17.08,object_red_01,RED,0,-0.25,0.00794701495,0,0,-3.64561729e-12,0,0,0,0,0,0,0.109523687,0.131043419,-0.0637563141,
17.12,object_red_01,RED,0,-0.25,0.00794701495,0,0,-1.57886852e-11,0,0,0,0,0,0,0.110101263,0.129472222,-0.0637563141,
17.16,object_red_01,RED,0,-0.25,0.00794701495,0,0,3.13564759e-11,0,0,0,0,0,0,0.110653244,0.127897751,-0.0637563141,
17.2,object_red_01,RED,0,-0.25,0.00794701495,0,0,3.42636439e-12,0,0,0,0,0,0,0.111181735,0.12632065,-0.0637563141,
17.24,object_red_01,RED,0,-0.25,0.00794701495,0,0,-1.14140222e-11,0,0,0,0,0,0,0.111689878,0.124742922,-0.0637563141,
17.28,object_red_01,RED,0,-0.25,0.00794701495,0,0,-2.05869436e-11,0,0,0,0,0,0,0.112181185,0.123167258,-0.0637563141,
17.32,object_red_01,RED,0,-0.25,0.00794701495,0,0,9.77614181e-12,0,0,0,0,0,0,0.112659274,0.121596478,-0.0637563141,
17.36,object_red_01,RED,0,-0.25,0.00794701495,0,0,-9.57237385e-12,0,0,0,0,0,0,0.113127769,0.120033242,-0.0637563141,
17.4,object_red_01,RED,0,-0.25,0.00794701495,0,0,-1.88535263e-11,0,0,0,0,0,0,0.113590259,0.118479961,-0.0637563141,
17.44,object_red_01,RED,0,-0.25,0.00794701495,0,0,1.90483758e-11,0,0,0,0,0,0,0.114050271,0.116938829,-0.0637563141,
17.48,object_red_01,RED,0,-0.25,0.00794701495,0,0,-3.69085543e-12,0,0,0,0,0,0,0.114511253,0.115411867,-0.0637563141,
17.52,object_red_01,RED,0,-0.25,0.00794701495,0,0,-1.52463486e-11,0,0,0,0,0,0,0.114976409,0.113900569,-0.0637563141,
17.56,object_red_01,RED,0,-0.25,0.00794701495,0,0,2.91857732e-11,0,0,0,0,0,0,0.115447107,0.112404543,-0.0637563141,
17.6,object_red_01,RED,0,-0.25,0.00794701495,0,0,1.2607794e-12,0,0,0,0,0,0,0.115922177,0.11092227,-0.0637563141,
17.64,object_red_01,RED,0,-0.25,0.00794701495,0,0,-1.18577279e-11,0,0,0,0,0,0,0.116399161,0.109451954,-0.0637563141,
17.68,object_red_01,RED,0,-0.25,0.00794701495,0,0,-2.01483806e-11,0,0,0,0,0,0,0.116875119,0.107991895,-0.0637563141,
17.72,object_red_01,RED,0,-0.25,0.00794701495,0,0,9.27801907e-12,0,0,0,0,0,0,0.117346976,0.106540639,-0.0637563141,
17.76,object_red_01,RED,0,-0.25,0.00794701495,0,0,-9.24648152e-12,0,0,0,0,0,0,0.117811657,0.105096974,-0.0637563141,
17.8,object_red_01,RED,0,-0.25,0.00794701495,0,0,-1.81327103e-11,0,0,0,0,0,0,0.118266155,0.103659859,-0.0637563141,
17.84,object_red_01,RED,0,-0.25,0.00794701495,0,0,1.73186986e-11,0,0,0,0,0,0,0.118707552,0.102228365,-0.0637563141,
17.88,object_red_01,RED,0,-0.25,0.00794701495,0,0,-5.59375872e-12,0,0,0,0,0,0,0.119133039,0.100801632,-0.0637563141,
17.92,object_red_01,RED,0,-0.25,0.00794701495,0,0,-1.55235125e-11,0,0,0,0,0,0,0.119539912,0.0993788654,-0.0637563141,
17.96,object_red_01,RED,0,-0.25,0.00794701495,0,0,2.77968738e-11,0,0,0,0,0,0,0.119925946,0.0979591823,-0.0637563141,
18,object_red_01,RED,0,-0.25,0.00794701495,0,0,1.09562236e-12,0,0,0,0,0,0,0.120290944,0.0965418433,-0.0637563141,
18.04,object_red_01,RED,0,-0.25,0.00794701495,0,0,-1.37413489e-11,0,0,0,0,0,0,0.120636493,0.0951270965,-0.0637563141,
18.08,object_red_01,RED,0,-0.25,0.00794701495,0,0,3.74662692e-11,0,0,0,0,0,0,0.120964905,0.0937160992,-0.0637563141,
18.12,object_red_01,RED,0,-0.25,0.00794701495,0,0,7.60090677e-12,0,0,0,0,0,0,0.121278732,0.0923104877,-0.0637563141,
18.16,object_red_01,RED,0,-0.25,0.00794701495,0,0,-1.10641475e-11,0,0,0,0,0,0,0.121580578,0.0909119941,-0.0637563141,
18.2,object_red_01,RED,0,-0.25,0.00794701495,0,0,-1.83345582e-11,0,0,0,0,0,0,0.121873031,0.0895222366,-0.0637563141,
18.24,object_red_01,RED,0,-0.25,0.00794701495,0,0,1.63706284e-11,0,0,0,0,0,0,0.122158627,0.0881426586,-0.0637563141,
18.28,object_red_01,RED,0,-0.25,0.00794701495,0,0,-5.49763303e-12,0,0,0,0,0,0,0.122439833,0.0867745478,-0.0637563141,
18.32,object_red_01,RED,0,-0.25,0.00794701495,0,0,-1.72340002e-11,0,0,0,0,0,0,0.122719038,0.0854190745,-0.0637563141,
18.36,object_red_01,RED,0,-0.25,0.00794701495,0,0,2.39115436e-11,0,0,0,0,0,0,0.122998543,0.0840773224,-0.0637563141,
18.4,object_red_01,RED,0,-0.25,0.00794701495,0,0,-2.91563997e-13,0,0,0,0,0,0,0.12328055,0.082750273,-0.0637563141,
18.44,object_red_01,RED,0,-0.25,0.00794701495,0,0,-1.53648828e-11,0,0,0,0,0,0,0.123566715,0.0814381927,-0.0637563141,
18.48,object_red_01,RED,0,-0.25,0.00794701495,0,0,3.5441916e-11,0,0,0,0,0,0,0.123857058,0.0801402866,-0.0637563141,
18.52,object_red_01,RED,0,-0.25,0.00794701495,0,0,7.02197208e-12,0,0,0,0,0,0,0.124150357,0.0788554927,-0.0637563141,
18.56,object_red_01,RED,0,-0.25,0.00794701495,0,0,-1.07531335e-11,0,0,0,0,0,0,0.124444875,0.0775827864,-0.0637563141,
18.6,object_red_01,RED,0,-0.25,0.00794701495,0,0,-1.9883886e-11,0,0,0,0,0,0,0.124738699,0.076321309,-0.0637563141,
18.64,object_red_01,RED,0,-0.25,0.00794701495,0,0,1.27833039e-11,0,0,0,0,0,0,0.125029895,0.0750703849,-0.0637563141,
18.68,object_red_01,RED,0,-0.25,0.00794701495,0,0,-6.6369161e-12,0,0,0,0,0,0,0.125316566,0.0738294755,-0.0637563141,
18.72,object_red_01,RED,0,-0.25,0.00794701495,0,0,-1.86838083e-11,0,0,0,0,0,0,0.125596889,0.072598125,-0.0637563141,
18.76,object_red_01,RED,0,-0.25,0.00794701495,0,0,2.23762127e-11,0,0,0,0,0,0,0.125869129,0.0713759249,-0.0637563141,
18.8,object_red_01,RED,0,-0.25,0.00794701495,0,0,-5.62568146e-13,0,0,0,0,0,0,0.126131637,0.0701625009,-0.0637563141,
18.84,object_red_01,RED,0,-0.25,0.00794701495,0,0,-1.48832586e-11,0,0,0,0,0,0,0.12638286,0.0689575121,-0.0637563141,
18.88,object_red_01,RED,0,-0.25,0.00794701495,0,0,3.26795308e-11,0,0,0,0,0,0,0.126621331,0.067760655,-0.0637563141,
18.92,object_red_01,RED,0,-0.25,0.00794701495,0,0,3.71208271e-12,0,0,0,0,0,0,0.126845679,0.0665716557,-0.0637563141,
18.96,object_red_01,RED,0,-0.25,0.00794701495,0,0,-1.1683192e-11,0,0,0,0,0,0,0.127054989,0.0653900761,-0.0637563141,
19,object_red_01,RED,0,-0.25,0.00794701495,0,0,-2.11823376e-11,0,0,0,0,0,0,0.127249608,0.0642155274,-0.0637563141,
19.04,object_red_01,RED,0,-0.25,0.00794701495,0,0,1.16588385e-11,0,0,0,0,0,0,0.12743071,0.0630481545,-0.0637563141,
19.08,object_red_01,RED,0,-0.25,0.00794701495,0,0,-6.65996699e-12,0,0,0,0,0,0,0.127599761,0.061888561,-0.0637563141,
19.12,object_red_01,RED,0,-0.25,0.00794701495,0,0,-1.80699493e-11,0,0,0,0,0,0,0.127758306,0.0607375681,-0.0637563141,
19.16,object_red_01,RED,0,-0.25,0.00794701495,0,0,2.00214705e-11,0,0,0,0,0,0,0.127907887,0.0595960174,-0.0637563141,
19.2,object_red_01,RED,0,-0.25,0.00794701495,0,0,-3.6215707e-12,0,0,0,0,0,0,0.128050007,0.0584646715,-0.0637563141,
19.24,object_red_01,RED,0,-0.25,0.00794701495,0,0,-1.56357834e-11,0,0,0,0,0,0,0.128186119,0.0573441927,-0.0637563141,
19.28,object_red_01,RED,0,-0.25,0.00794701495,0,0,3.10423606e-11,0,0,0,0,0,0,0.128317617,0.0562351588,-0.0637563141,
19.32,object_red_01,RED,0,-0.25,0.00794701495,0,0,3.39206463e-12,0,0,0,0,0,0,0.128445827,0.055138087,-0.0637563141,
19.36,object_red_01,RED,0,-0.25,0.00794701495,0,0,-1.13000025e-11,0,0,0,0,0,0,0.128572006,0.0540534495,-0.0637563141,
19.4,object_red_01,RED,0,-0.25,0.00794701495,0,0,-2.03817125e-11,0,0,0,0,0,0,0.128697345,0.0529816808,-0.0637563141,
19.44,object_red_01,RED,0,-0.25,0.00794701495,0,0,9.67930592e-12,0,0,0,0,0,0,0.128822962,0.0519231778,-0.0637563141,
19.48,object_red_01,RED,0,-0.25,0.00794701495,0,0,-9.47702259e-12,0,0,0,0,0,0,0.128949908,0.0508782996,-0.0637563141,
19.52,object_red_01,RED,0,-0.25,0.00794701495,0,0,-1.86664104e-11,0,0,0,0,0,0,0.129079152,0.0498473322,-0.0637563141,
19.56,object_red_01,RED,0,-0.25,0.00794701495,0,0,1.8860953e-11,0,0,0,0,0,0,0.129211252,0.0488301145,-0.0637563141,
19.6,object_red_01,RED,0,-0.25,0.00794701495,0,0,-3.6544929e-12,0,0,0,0,0,0,0.129345992,0.0478260988,-0.0637563141,
19.64,object_red_01,RED,0,-0.25,0.00794701495,0,0,-1.50953811e-11,0,0,0,0,0,0,0.129482702,0.0468347441,-0.0637563141,
19.68,object_red_01,RED,0,-0.25,0.00794701495,0,0,2.88954369e-11,0,0,0,0,0,0,0.129620533,0.0458556062,-0.0637563141,
19.72,object_red_01,RED,0,-0.25,0.00794701495,0,0,1.2490773e-12,0,0,0,0,0,0,0.129758587,0.0448883566,-0.0637563141,
19.76,object_red_01,RED,0,-0.25,0.00794701495,0,0,-1.41105272e-11,0,0,0,0,0,0,0.129895977,0.043932761,-0.0637563141,
19.8,object_red_01,RED,0,-0.25,0.00794701495,0,0,-2.09384242e-11,0,0,0,0,0,0,0.130031851,0.0429886425,-0.0637563141,
19.84,object_red_01,RED,0,-0.25,0.00794701495,0,0,8.8858862e-12,0,0,0,0,0,0,0.130165405,0.0420558513,-0.0637563141,
19.88,object_red_01,RED,0,-0.25,0.00794701495,0,0,-9.29164471e-12,0,0,0,0,0,0,0.130295893,0.0411342495,-0.0637563141,
19.92,object_red_01,RED,0,-0.25,0.00794701495,0,0,-1.80118314e-11,0,0,0,0,0,0,0.130422623,0.0402237081,-0.0637563141,
19.96,object_red_01,RED,0,-0.25,0.00794701495,0,0,1.71307798e-11,0,0,0,0,0,0,0.130544959,0.0393241087,-0.0637563141,
20,object_red_01,RED,0,-0.25,0.00794701495,0,0,-5.54662555e-12,0,0,0,0,0,0,0.130662317,0.0384353457,-0.0637563141,
20.04,object_red_01,RED,0,-0.25,0.00794701495,0,0,-1.77096323e-11,0,0,0,0,0,0,0.130774166,0.0375573274,-0.0637563141,
20.08,object_red_01,RED,0,-0.25,0.00794701495,0,0,2.68802769e-11,0,0,0,0,0,0,0.130880021,0.0366899767,-0.0637563141,
20.12,object_red_01,RED,0,-0.25,0.00794701495,0,0,7.76546446e-13,0,0,0,0,0,0,0.130979448,0.0358332289,-0.0637563141,
20.16,object_red_01,RED,0,-0.25,0.00794701495,0,0,-1.37414453e-11,0,0,0,0,0,0,0.131072057,0.0349870303,-0.0637563141,
20.2,object_red_01,RED,0,-0.25,0.00794701495,0,0,3.70591402e-11,0,0,0,0,0,0,0.131157503,0.0341513373,-0.0637563141,
20.24,object_red_01,RED,0,-0.25,0.00794701495,0,0,7.50571968e-12,0,0,0,0,0,0,0.13123549,0.0333260945,-0.0637563141,
20.28,object_red_01,RED,0,-0.25,0.00794701495,0,0,-1.09620441e-11,0,0,0,0,0,0,0.131305946,0.0325111006,-0.0637563141,
20.32,object_red_01,RED,0,-0.25,0.00794701495,0,0,-2.04408582e-11,0,0,0,0,0,0,0.131369222,0.0317061595,-0.0637563141,
20.36,object_red_01,RED,0,-0.25,0.00794701495,0,0,1.55293975e-11,0,0,0,0,0,0,0.131425877,0.0309112724,-0.0637563141,
20.4,object_red_01,RED,0,-0.25,0.00794701495,0,0,-5.75535766e-12,0,0,0,0,0,0,0.131476527,0.0301265963,-0.0637563141,
20.44,object_red_01,RED,0,-0.25,0.00794701495,0,0,-1.71938904e-11,0,0,0,0,0,0,0.131521791,0.029352356,-0.0637563141,
20.48,object_red_01,RED,0,-0.25,0.00794701495,0,0,2.36348437e-11,0,0,0,0,0,0,0.131562266,0.0285887766,-0.0637563141,
20.52,object_red_01,RED,0,-0.25,0.00794701495,0,0,-3.05457345e-13,0,0,0,0,0,0,0.131598524,0.0278360516,-0.0637563141,
20.56,object_red_01,RED,0,-0.25,0.00794701495,0,0,-1.52188902e-11,0,0,0,0,0,0,0.131631107,0.0270943382,-0.0637563141,
20.6,object_red_01,RED,0,-0.25,0.00794701495,0,0,3.37070961e-11,0,0,0,0,0,0,0.131660524,0.0263637638,-0.0637563141,
20.64,object_red_01,RED,0,-0.25,0.00794701495,0,0,6.25530053e-12,0,0,0,0,0,0,0.131687251,0.0256444355,-0.0637563141,
20.68,object_red_01,RED,0,-0.25,0.00794701495,0,0,-1.09564803e-11,0,0,0,0,0,0,0.131711729,0.0249364456,-0.0637563141,
20.72,object_red_01,RED,0,-0.25,0.00794701495,0,0,-1.98148332e-11,0,0,0,0,0,0,0.131734368,0.0242398738,-0.0637563141,
20.76,object_red_01,RED,0,-0.25,0.00794701495,0,0,1.26158093e-11,0,0,0,0,0,0,0.131755544,0.0235547873,-0.0637563141,
20.8,object_red_01,RED,0,-0.25,0.00794701495,0,0,-6.58834113e-12,0,0,0,0,0,0,0.131775605,0.0228812415,-0.0637563141,
20.84,object_red_01,RED,0,-0.25,0.00794701495,0,0,-1.85038658e-11,0,0,0,0,0,0,0.131794868,0.0222192791,-0.0637563141,
20.88,object_red_01,RED,0,-0.25,0.00794701495,0,0,2.2150179e-11,0,0,0,0,0,0,0.131813623,0.0215689306,-0.0637563141,
20.92,object_red_01,RED,0,-0.25,0.00794701495,0,0,-5.57432639e-13,0,0,0,0,0,0,0.131832132,0.0209302153,-0.0637563141,
20.96,object_red_01,RED,0,-0.25,0.00794701495,0,0,-1.47347714e-11,0,0,0,0,0,0,0.131850634,0.0203031421,-0.0637563141,
21,object_red_01,RED,0,-0.25,0.00794701495,0,0,3.23503338e-11,0,0,0,0,0,0,0.131869341,0.0196877098,-0.0637563141,
21.04,object_red_01,RED,0,-0.25,0.00794701495,0,0,3.67446397e-12,0,0,0,0,0,0,0.131888443,0.0190839081,-0.0637563141,
21.08,object_red_01,RED,0,-0.25,0.00794701495,0,0,-1.15655571e-11,0,0,0,0,0,0,0.131908106,0.0184917182,-0.0637563141,
21.12,object_red_01,RED,0,-0.25,0.00794701495,0,0,-2.09696263e-11,0,0,0,0,0,0,0.131928478,0.0179111134,-0.0637563141,
21.16,object_red_01,RED,0,-0.25,0.00794701495,0,0,1.15410823e-11,0,0,0,0,0,0,0.131949683,0.0173420593,-0.0637563141,
21.2,object_red_01,RED,0,-0.25,0.00794701495,0,0,-6.5932054e-12,0,0,0,0,0,0,0.131971808,0.0167845054,-0.0637563141,
21.24,object_red_01,RED,0,-0.25,0.00794701495,0,0,-1.78880332e-11,0,0,0,0,0,0,0.13199466,0.0162382861,-0.0637563141,
21.28,object_red_01,RED,0,-0.25,0.00794701495,0,0,1.98201044e-11,0,0,0,0,0,0,0.132017939,0.0157031568,-0.0637563141,
21.32,object_red_01,RED,0,-0.25,0.00794701495,0,0,-3.58515107e-12,0,0,0,0,0,0,0.132041459,0.0151789043,-0.0637563141,
21.36,object_red_01,RED,0,-0.25,0.00794701495,0,0,-1.54781815e-11,0,0,0,0,0,0,0.132065086,0.0146653805,-0.0637563141,
21.4,object_red_01,RED,0,-0.25,0.00794701495,0,0,2.97964096e-11,0,0,0,0,0,0,0.132088712,0.0141624932,-0.0637563141,
21.44,object_red_01,RED,0,-0.25,0.00794701495,0,0,2.89785687e-12,0,0,0,0,0,0,0.13211224,0.0136701784,-0.0637563141,
21.48,object_red_01,RED,0,-0.25,0.00794701495,0,0,-1.13895509e-11,0,0,0,0,0,0,0.132135589,0.0131883773,-0.0637563141,
21.52,object_red_01,RED,0,-0.25,0.00794701495,0,0,-2.0261865e-11,0,0,0,0,0,0,0.132158685,0.0127170264,-0.0637563141,
21.56,object_red_01,RED,0,-0.25,0.00794701495,0,0,9.55699949e-12,0,0,0,0,0,0,0.132181466,0.0122560549,-0.0637563141,
21.6,object_red_01,RED,0,-0.25,0.00794701495,0,0,-9.39343767e-12,0,0,0,0,0,0,0.132203877,0.0118053872,-0.0637563141,
21.64,object_red_01,RED,0,-0.25,0.00794701495,0,0,-1.84838733e-11,0,0,0,0,0,0,0.132225869,0.0113649458,-0.0637563141,
21.68,object_red_01,RED,0,-0.25,0.00794701495,0,0,1.76734483e-11,0,0,0,0,0,0,0.132247401,0.0109346533,-0.0637563141,
21.72,object_red_01,RED,0,-0.25,0.00794701495,0,0,-4.08611814e-12,0,0,0,0,0,0,0.132268437,0.0105144322,-0.0637563141,
21.76,object_red_01,RED,0,-0.25,0.00794701495,0,0,-1.51428426e-11,0,0,0,0,0,0,0.132288945,0.0101042049,-0.0637563141,
21.8,object_red_01,RED,0,-0.25,0.00794701495,0,0,2.85514293e-11,0,0,0,0,0,0,0.132308898,0.00970389348,-0.0637563141,
21.84,object_red_01,RED,0,-0.25,0.00794701495,0,0,1.21109096e-12,0,0,0,0,0,0,0.132328277,0.00931341917,-0.0637563141,
21.88,object_red_01,RED,0,-0.25,0.00794701495,0,0,-1.39801268e-11,0,0,0,0,0,0,0.132347062,0.00893270185,-0.0637563141,
21.92,object_red_01,RED,0,-0.25,0.00794701495,0,0,3.82379335e-11,0,0,0,0,0,0,0.13236524,0.00856166022,-0.0637563141,
21.96,object_red_01,RED,0,-0.25,0.00794701495,0,0,7.75982911e-12,0,0,0,0,0,0,0.132382803,0.00820021197,-0.0637563141,
22,object_red_01,RED,0,-0.25,0.00794701495,0,0,-9.66615484e-12,0,0,0,0,0,0,0.132399743,0.00784827337,-0.0637563141,
22.04,object_red_01,RED,0,-0.25,0.00794701495,0,0,-1.80272094e-11,0,0,0,0,0,0,0.132416057,0.00750575927,-0.0637563141,
22.08,object_red_01,RED,0,-0.25,0.00794701495,0,0,1.69027155e-11,0,0,0,0,0,0,0.132431744,0.00717258323,-0.0637563141,
22.12,object_red_01,RED,0,-0.25,0.00794701495,0,0,-5.51670114e-12,0,0,0,0,0,0,0.132446808,0.00684865753,-0.0637563141,
22.16,object_red_01,RED,0,-0.25,0.00794701495,0,0,-1.75442041e-11,0,0,0,0,0,0,0.132461251,0.00653389278,-0.0637563141,
22.2,object_red_01,RED,0,-0.25,0.00794701495,0,0,2.44098162e-11,0,0,0,0,0,0,0.13247508,0.006228198,-0.0637563141,
22.24,object_red_01,RED,0,-0.25,0.00794701495,0,0,-2.91424814e-13,0,0,0,0,0,0,0.132488304,0.00593148078,-0.0637563141,
22.28,object_red_01,RED,0,-0.25,0.00794701495,0,0,-1.40690328e-11,0,0,0,0,0,0,0.132500932,0.00564364713,-0.0637563141,
22.32,object_red_01,RED,0,-0.25,0.00794701495,0,0,3.65749286e-11,0,0,0,0,0,0,0.132512977,0.00536460118,-0.0637563141,
22.36,object_red_01,RED,0,-0.25,0.00794701495,0,0,7.37229286e-12,0,0,0,0,0,0,0.132524449,0.00509424542,-0.0637563141,
22.4,object_red_01,RED,0,-0.25,0.00794701495,0,0,-1.08801865e-11,0,0,0,0,0,0,0.132535364,0.00483248081,-0.0637563141,
22.44,object_red_01,RED,0,-0.25,0.00794701495,0,0,-2.02500058e-11,0,0,0,0,0,0,0.132545735,0.00457920633,-0.0637563141,
22.48,object_red_01,RED,0,-0.25,0.00794701495,0,0,1.53731446e-11,0,0,0,0,0,0,0.132555578,0.00433431915,-0.0637563141,
22.52,object_red_01,RED,0,-0.25,0.00794701495,0,0,-5.6994488e-12,0,0,0,0,0,0,0.132564909,0.00409771472,-0.0637563141,
22.56,object_red_01,RED,0,-0.25,0.00794701495,0,0,-1.70251182e-11,0,0,0,0,0,0,0.132573744,0.00386928672,-0.0637563141,
22.6,object_red_01,RED,0,-0.25,0.00794701495,0,0,2.34024504e-11,0,0,0,0,0,0,0.132582101,0.00364892677,-0.0637563141,
22.64,object_red_01,RED,0,-0.25,0.00794701495,0,0,-3.0219189e-13,0,0,0,0,0,0,0.132589997,0.00343652462,-0.0637563141,
22.68,object_red_01,RED,0,-0.25,0.00794701495,0,0,-1.50690219e-11,0,0,0,0,0,0,0.132597448,0.00323196829,-0.0637563141,
22.72,object_red_01,RED,0,-0.25,0.00794701495,0,0,3.33747121e-11,0,0,0,0,0,0,0.132604472,0.00303514379,-0.0637563141,
22.76,object_red_01,RED,0,-0.25,0.00794701495,0,0,6.19248604e-12,0,0,0,0,0,0,0.132611086,0.00284593505,-0.0637563141,
22.8,object_red_01,RED,0,-0.25,0.00794701495,0,0,-1.08484634e-11,0,0,0,0,0,0,0.132617308,0.00266422414,-0.0637563141,
22.84,object_red_01,RED,0,-0.25,0.00794701495,0,0,-1.96195412e-11,0,0,0,0,0,0,0.132623155,0.00248989131,-0.0637563141,
22.88,object_red_01,RED,0,-0.25,0.00794701495,0,0,1.24916685e-11,0,0,0,0,0,0,0.132628643,0.00232281462,-0.0637563141,
22.92,object_red_01,RED,0,-0.25,0.00794701495,0,0,-6.52387071e-12,0,0,0,0,0,0,0.132633788,0.00216287009,-0.0637563141,
22.96,object_red_01,RED,0,-0.25,0.00794701495,0,0,-1.83214964e-11,0,0,0,0,0,0,0.132638608,0.00200993193,-0.0637563141,
23,object_red_01,RED,0,-0.25,0.00794701495,0,0,2.04615109e-11,0,0,0,0,0,0,0.132643117,0.00186387226,-0.0637563141,
23.04,object_red_01,RED,0,-0.25,0.00794701495,0,0,-1.25208932e-12,0,0,0,0,0,0,0.132647332,0.00172456105,-0.0637563141,
23.08,object_red_01,RED,0,-0.25,0.00794701495,0,0,-1.48929765e-11,0,0,0,0,0,0,0.132651266,0.00159186628,-0.0637563141,
23.12,object_red_01,RED,0,-0.25,0.00794701495,0,0,3.19515737e-11,0,0,0,0,0,0,0.132654934,0.00146565401,-0.0637563141,
23.16,object_red_01,RED,0,-0.25,0.00794701495,0,0,3.59774185e-12,0,0,0,0,0,0,0.132658351,0.00134578811,-0.0637563141,
23.2,object_red_01,RED,0,-0.25,0.00794701495,0,0,-1.14689532e-11,0,0,0,0,0,0,0.132661529,0.00123213034,-0.0637563141,
23.24,object_red_01,RED,0,-0.25,0.00794701495,0,0,-2.07697198e-11,0,0,0,0,0,0,0.132664481,0.00112454045,-0.0637563141,
23.28,object_red_01,RED,0,-0.25,0.00794701495,0,0,9.88238149e-12,0,0,0,0,0,0,0.13266722,0.00102287619,-0.0637563141,
23.32,object_red_01,RED,0,-0.25,0.00794701495,0,0,-7.23079337e-12,0,0,0,0,0,0,0.132669758,0.000926993072,-0.0637563141,
23.36,object_red_01,RED,0,-0.25,0.00794701495,0,0,-1.80091976e-11,0,0,0,0,0,0,0.132672105,0.000836744513,-0.0637563141,
23.4,object_red_01,RED,0,-0.25,0.00794701495,0,0,1.95385116e-11,0,0,0,0,0,0,0.132674273,0.000751981954,-0.0637563141,
23.44,object_red_01,RED,0,-0.25,0.00794701495,0,0,-3.58936583e-12,0,0,0,0,0,0,0.132676271,0.00067255464,-0.0637563141,
23.48,object_red_01,RED,0,-0.25,0.00794701495,0,0,-1.53418283e-11,0,0,0,0,0,0,0.13267811,0.000598309633,-0.0637563141,
23.52,object_red_01,RED,0,-0.25,0.00794701495,0,0,2.94970085e-11,0,0,0,0,0,0,0.132679799,0.000529091934,-0.0637563141,
23.56,object_red_01,RED,0,-0.25,0.00794701495,0,0,1.28149273e-12,0,0,0,0,0,0,0.132681346,0.00046474447,-0.0637563141,
23.6,object_red_01,RED,0,-0.25,0.00794701495,0,0,-1.1974549e-11,0,0,0,0,0,0,0.13268276,0.000405107926,-0.0637563141,
23.64,object_red_01,RED,0,-0.25,0.00794701495,0,0,-2.03516132e-11,0,0,0,0,0,0,0.132684049,0.000350020823,-0.0637563141,
23.68,object_red_01,RED,0,-0.25,0.00794701495,0,0,9.37354164e-12,0,0,0,0,0,0,0.13268522,0.000299319625,-0.0637563141,
23.72,object_red_01,RED,0,-0.25,0.00794701495,0,0,-9.34023396e-12,0,0,0,0,0,0,0.132686281,0.000252838627,-0.0637563141,
23.76,object_red_01,RED,0,-0.25,0.00794701495,0,0,-1.83178241e-11,0,0,0,0,0,0,0.132687237,0.000210409876,-0.0637563141,
23.8,object_red_01,RED,0,-0.25,0.00794701495,0,0,1.74966213e-11,0,0,0,0,0,0,0.132688097,0.000171863276,-0.0637563141,
23.84,object_red_01,RED,0,-0.25,0.00794701495,0,0,-5.65068826e-12,0,0,0,0,0,0,0.132688865,0.000137026634,-0.0637563141,
23.88,object_red_01,RED,0,-0.25,0.00794701495,0,0,-1.56824741e-11,0,0,0,0,0,0,0.132689548,0.000105725491,-0.0637563141,
23.92,object_red_01,RED,0,-0.25,0.00794701495,0,0,2.80787485e-11,0,0,0,0,0,0,0.132690151,7.77831782e-05,-0.0637563141,
23.96,object_red_01,RED,0,-0.25,0.00794701495,0,0,1.10801324e-12,0,0,0,0,0,0,0.13269068,5.30208875e-05,-0.0637563141,
24,object_red_01,RED,0,-0.25,0.00794701495,0,0,-1.38821239e-11,0,0,0,0,0,0,0.132691139,3.12576157e-05,-0.0637563141,
24.04,object_red_01,RED,0,-0.25,0.00794701495,0,0,3.78472459e-11,0,0,0,0,0,0,0.132691534,1.23100902e-05,-0.0637563141,
24.08,object_red_01,RED,0,-0.25,0.00794701495,0,0,7.67866741e-12,0,0,0,0,0,0,0.13269187,-4.00717205e-06,-0.0637563141,
24.12,object_red_01,RED,0,-0.25,0.00794701495,0,0,-9.57250233e-12,0,0,0,0,0,0,0.132692152,-1.78818158e-05,-0.0637563141,
24.16,object_red_01,RED,0,-0.25,0.00794701495,0,0,-1.78493795e-11,0,0,0,0,0,0,0.132692383,-2.95037551e-05,-0.0637563141,
24.2,object_red_01,RED,0,-0.25,0.00794701495,0,0,1.67334186e-11,0,0,0,0,0,0,0.132692569,-3.90651651e-05,-0.0637563141,
24.24,object_red_01,RED,0,-0.25,0.00794701495,0,0,-5.46302278e-12,0,0,0,0,0,0,0.132692714,-4.6760442e-05,-0.0637563141,
24.28,object_red_01,RED,0,-0.25,0.00794701495,0,0,-1.73692257e-11,0,0,0,0,0,0,0.132692823,-5.27862049e-05,-0.0637563141,
24.32,object_red_01,RED,0,-0.25,0.00794701495,0,0,2.41627159e-11,0,0,0,0,0,0,0.132692899,-5.73413723e-05,-0.0637563141,
24.36,object_red_01,RED,0,-0.25,0.00794701495,0,0,-2.87823892e-13,0,0,0,0,0,0,0.132692948,-6.06271257e-05,-0.0637563141,
24.4,object_red_01,RED,0,-0.25,0.00794701495,0,0,-1.39272514e-11,0,0,0,0,0,0,0.132692973,-6.28468972e-05,-0.0637563141,
24.44,object_red_01,RED,0,-0.25,0.00794701495,0,0,3.62071564e-11,0,0,0,0,0,0,0.13269298,-6.42064081e-05,-0.0637563141,
24.48,object_red_01,RED,0,-0.25,0.00794701495,0,0,7.29910386e-12,0,0,0,0,0,0,0.132692972,-6.49136779e-05,-0.0637563141,
24.52,object_red_01,RED,0,-0.25,0.00794701495,0,0,-1.07709954e-11,0,0,0,0,0,0,0.132692949,-6.51798848e-05,-0.0637563141,
24.56,object_red_01,RED,0,-0.25,0.00794701495,0,0,-2.0047098e-11,0,0,0,0,0,0,0.132688102,-6.55850615e-05,-0.0637563141,
24.6,object_red_01,RED,0,-0.25,0.00794701495,0,0,1.29231689e-11,0,0,0,0,0,0,0.132644014,-6.69475886e-05,-0.0637563141,
24.64,object_red_01,RED,0,-0.25,0.00794701495,0,0,-6.69873846e-12,0,0,0,0,0,0,0.132500943,-6.94232642e-05,-0.0637563141,
24.68,object_red_01,RED,0,-0.25,0.00794701495,0,0,-1.73056618e-11,0,0,0,0,0,0,0.132194335,-7.43529062e-05,-0.0637563141,
24.72,object_red_01,RED,0,-0.25,0.00794701495,0,0,2.30408736e-11,0,0,0,0,0,0,0.131663788,-8.37255463e-05,-0.0637563141,
24.76,object_red_01,RED,0,-0.25,0.00794701495,0,0,-3.60288425e-13,0,0,0,0,0,0,0.130855909,-9.8890325e-05,-0.0637563141,
24.8,object_red_01,RED,0,-0.25,0.00794701495,0,0,-1.49436213e-11,0,0,0,0,0,0,0.129724748,-0.000119906401,-0.0637563141,
24.84,object_red_01,RED,0,-0.25,0.00794701495,0,0,3.30335168e-11,0,0,0,0,0,0,0.128231386,-0.000145460999,-0.0637563141,
24.88,object_red_01,RED,0,-0.25,0.00794701495,0,0,3.76067553e-12,0,0,0,0,0,0,0.126343322,-0.000173996978,-0.0637563141,
24.92,object_red_01,RED,0,-0.25,0.00794701495,0,0,-1.17955308e-11,0,0,0,0,0,0,0.124034252,-0.000203696668,-0.0637563141,
24.96,object_red_01,RED,0,-0.25,0.00794701495,0,0,-1.98645573e-11,0,0,0,0,0,0,0.121283797,-0.000233782722,-0.0637563141,
25,object_red_01,RED,0,-0.25,0.00794701495,0,0,1.22333122e-11,0,0,0,0,0,0,0.11807808,-0.000264125761,-0.0637563141,
25.04,object_red_01,RED,0,-0.25,0.00794701495,0,0,-6.51852465e-12,0,0,0,0,0,0,0.114410196,-0.000293865131,-0.0637563141,
25.08,object_red_01,RED,0,-0.25,0.00794701495,0,0,-1.81630772e-11,0,0,0,0,0,0,0.11028076,-0.000322309077,-0.0637563141,
25.12,object_red_01,RED,0,-0.25,0.00794701495,0,0,2.02469867e-11,0,0,0,0,0,0,0.105698931,-0.000348760327,-0.0637563141,
25.16,object_red_01,RED,0,-0.25,0.00794701495,0,0,-3.64603484e-12,0,0,0,0,0,0,0.10068316,-0.000372765357,-0.0637563141,
25.2,object_red_01,RED,0,-0.25,0.00794701495,0,0,-1.57863441e-11,0,0,0,0,0,0,0.095261937,-0.000393775201,-0.0637563141,
25.24,object_red_01,RED,0,-0.25,0.00794701495,0,0,3.13555979e-11,0,0,0,0,0,0,0.0894741373,-0.000411387252,-0.0637563141,
25.28,object_red_01,RED,0,-0.25,0.00794701495,0,0,3.4270389e-12,0,0,0,0,0,0,0.0833690811,-0.00042519618,-0.0637563141,
25.32,object_red_01,RED,0,-0.25,0.00794701495,0,0,-1.14130765e-11,0,0,0,0,0,0,0.0770062177,-0.000434812476,-0.0637563141,
25.36,object_red_01,RED,0,-0.25,0.00794701495,0,0,-2.05866331e-11,0,0,0,0,0,0,0.0704542814,-0.000439975939,-0.0637563141,
25.4,object_red_01,RED,0,-0.25,0.00794701495,0,0,9.77643088e-12,0,0,0,0,0,0,0.0637900381,-0.000440507844,-0.0637563141,
25.44,object_red_01,RED,0,-0.25,0.00794701495,0,0,-9.57264151e-12,0,0,0,0,0,0,0.0570966281,-0.000436292211,-0.0637563141,
25.48,object_red_01,RED,0,-0.25,0.00794701495,0,0,-1.8853926e-11,0,0,0,0,0,0,0.0504614842,-0.00042735141,-0.0637563141,
25.52,object_red_01,RED,0,-0.25,0.00794701495,0,0,1.90475514e-11,0,0,0,0,0,0,0.0439738972,-0.000413888723,-0.0637563141,
25.56,object_red_01,RED,0,-0.25,0.00794701495,0,0,-3.69150852e-12,0,0,0,0,0,0,0.0377224435,-0.000396140816,-0.0637563141,
25.6,object_red_01,RED,0,-0.25,0.00794701495,0,0,-1.52457169e-11,0,0,0,0,0,0,0.0317922409,-0.000374480168,-0.0637563141,
25.64,object_red_01,RED,0,-0.25,0.00794701495,0,0,2.91844599e-11,0,0,0,0,0,0,0.0262620064,-0.000349477717,-0.0637563141,
25.68,object_red_01,RED,0,-0.25,0.00794701495,0,0,1.26156097e-12,0,0,0,0,0,0,0.0212014941,-0.000321548375,-0.0637563141,
25.72,object_red_01,RED,0,-0.25,0.00794701495,0,0,-1.1857296e-11,0,0,0,0,0,0,0.0166685668,-0.000291490019,-0.0637563141,
25.76,object_red_01,RED,0,-0.25,0.00794701495,0,0,-2.01481415e-11,0,0,0,0,0,0,0.0127070669,-0.000259709253,-0.0637563141,
25.8,object_red_01,RED,0,-0.25,0.00794701495,0,0,9.27766219e-12,0,0,0,0,0,0,0.00934435605,-0.000225324415,-0.0637563141,
25.84,object_red_01,RED,0,-0.25,0.00794701495,0,0,-9.24567854e-12,0,0,0,0,0,0,0.00658875503,-0.000189528354,-0.0637563141,
25.88,object_red_01,RED,0,-0.25,0.00794701495,0,0,-1.81327567e-11,0,0,0,0,0,0,0.00442864022,-0.000155693471,-0.0637563141,
25.92,object_red_01,RED,0,-0.25,0.00794701495,0,0,1.73181062e-11,0,0,0,0,0,0,0.00283096996,-0.000125822923,-0.0637563141,
25.96,object_red_01,RED,0,-0.25,0.00794701495,0,0,-5.59354459e-12,0,0,0,0,0,0,0.0017396382,-9.99771385e-05,-0.0637563141,
26,object_red_01,RED,0,-0.25,0.00794701495,0,0,-1.55238301e-11,0,0,0,0,0,0,0.00107436887,-7.76608397e-05,-0.0637563141,
26.04,object_red_01,RED,0,-0.25,0.00794701495,0,0,2.77957425e-11,0,0,0,0,0,0,0.000729922745,-5.90378112e-05,-0.0637563141,
26.08,object_red_01,RED,0,-0.25,0.00794701495,0,0,1.0962469e-12,0,0,0,0,0,0,0.000579300346,-4.51887219e-05,-0.0637563138,
26.12,object_red_01,RED,0,-0.25,0.00794701495,0,0,-1.37417022e-11,0,0,0,0,0,0,0.000517064545,-3.67985607e-05,-0.0637561727,
26.16,object_red_01,RED,0,-0.25,0.00794701495,0,0,3.74641172e-11,0,0,0,0,0,0,0.000491596323,-3.27273094e-05,-0.0637552322,
26.2,object_red_01,RED,0,-0.25,0.00794701495,0,0,7.60047138e-12,0,0,0,0,0,0,0.000481266506,-3.11258868e-05,-0.0637527381,
26.24,object_red_01,RED,0,-0.25,0.00794701495,0,0,-1.10636194e-11,0,0,0,0,0,0,0.000477111044,-3.06139976e-05,-0.0637479651,
26.28,object_red_01,RED,0,-0.25,0.00794701495,0,0,-1.83341121e-11,0,0,0,0,0,0,0.000475445745,-3.04802214e-05,-0.0637402195,
26.32,object_red_01,RED,0,-0.25,0.00794701495,0,0,1.63689047e-11,0,0,0,0,0,0,0.0004747767,-3.04476813e-05,-0.0637288364,
26.36,object_red_01,RED,0,-0.25,0.00794701495,0,0,-5.49855021e-12,0,0,0,0,0,0,0.000474505877,-3.04354961e-05,-0.0637131759,
26.4,object_red_01,RED,0,-0.25,0.00794701495,0,0,-1.72332972e-11,0,0,0,0,0,0,0.000474395318,-3.04276606e-05,-0.063692632,
26.44,object_red_01,RED,0,-0.25,0.00794701495,0,0,2.39099948e-11,0,0,0,0,0,0,0.000474349964,-3.04226037e-05,-0.063666625,
26.48,object_red_01,RED,0,-0.25,0.00794701495,0,0,-2.90785998e-13,0,0,0,0,0,0,0.000474331379,-3.04199043e-05,-0.0636345983,
26.52,object_red_01,RED,0,-0.25,0.00794701495,0,0,-1.53644331e-11,0,0,0,0,0,0,0.000474323812,-3.0418728e-05,-0.0635960261,
26.56,object_red_01,RED,0,-0.25,0.00794701495,0,0,3.54424156e-11,0,0,0,0,0,0,0.000474320756,-3.04183072e-05,-0.0635504097,
26.6,object_red_01,RED,0,-0.25,0.00794701495,0,0,7.02256807e-12,0,0,0,0,0,0,0.000474319528,-3.04181832e-05,-0.0634972694,
26.64,object_red_01,RED,0,-0.25,0.00794701495,0,0,-1.07538259e-11,0,0,0,0,0,0,0.000474319036,-3.04181516e-05,-0.0634361604,
26.68,object_red_01,RED,0,-0.25,0.00794701495,0,0,-1.98833435e-11,0,0,0,0,0,0,0.000474318837,-3.04181423e-05,-0.0633666628,
26.72,object_red_01,RED,0,-0.25,0.00794701495,0,0,1.27818229e-11,0,0,0,0,0,0,0.000474318757,-3.04181377e-05,-0.0632883737,
26.76,object_red_01,RED,0,-0.25,0.00794701495,0,0,-6.63637364e-12,0,0,0,0,0,0,0.000474318724,-3.04181347e-05,-0.0632009254,
26.8,object_red_01,RED,0,-0.25,0.00794701495,0,0,-1.86828376e-11,0,0,0,0,0,0,0.00047431871,-3.0418133e-05,-0.0631039693,
26.84,object_red_01,RED,0,-0.25,0.00794701495,0,0,2.23752313e-11,0,0,0,0,0,0,0.000474318705,-3.04181322e-05,-0.0629971745,
26.88,object_red_01,RED,0,-0.25,0.00794701495,0,0,-5.61861523e-13,0,0,0,0,0,0,0.000474318702,-3.04181318e-05,-0.0628802402,
26.92,object_red_01,RED,0,-0.25,0.00794701495,0,0,-1.4882759e-11,0,0,0,0,0,0,0.000474318702,-3.04181317e-05,-0.0627528929,
26.96,object_red_01,RED,0,-0.25,0.00794701495,0,0,3.26792132e-11,0,0,0,0,0,0,0.000474318701,-3.04181317e-05,-0.0626148715,
27,object_red_01,RED,0,-0.25,0.00794701495,0,0,3.71210056e-12,0,0,0,0,0,0,0.000474318701,-3.04181317e-05,-0.0624659431,
27.04,object_red_01,RED,0,-0.25,0.00794701495,0,0,-1.16828672e-11,0,0,0,0,0,0,0.000474318701,-3.04181317e-05,-0.0623059044,
27.08,object_red_01,RED,0,-0.25,0.00794701495,0,0,-2.11817238e-11,0,0,0,0,0,0,0.000474318701,-3.04181317e-05,-0.0621345599,
27.12,object_red_01,RED,0,-0.25,0.00794701495,0,0,1.16581212e-11,0,0,0,0,0,0,0.000474318701,-3.04181317e-05,-0.0619517383,
27.16,object_red_01,RED,0,-0.25,0.00794701495,0,0,-6.65992417e-12,0,0,0,0,0,0,0.000474318701,-3.04181317e-05,-0.0617572966,
27.2,object_red_01,RED,0,-0.25,0.00794701495,0,0,-1.80690714e-11,0,0,0,0,0,0,0.000474318701,-3.04181317e-05,-0.0615511135,
27.24,object_red_01,RED,0,-0.25,0.00794701495,0,0,2.0020978e-11,0,0,0,0,0,0,0.000474318701,-3.04181317e-05,-0.0613330462,
27.28,object_red_01,RED,0,-0.25,0.00794701495,0,0,-3.62173487e-12,0,0,0,0,0,0,0.000474318701,-3.04181317e-05,-0.0611030485,
27.32,object_red_01,RED,0,-0.25,0.00794701495,0,0,-1.56342524e-11,0,0,0,0,0,0,0.000474318701,-3.04181317e-05,-0.0608610359,
27.36,object_red_01,RED,0,-0.25,0.00794701495,0,0,3.10409794e-11,0,0,0,0,0,0,0.000474318701,-3.04181317e-05,-0.0606069604,
27.4,object_red_01,RED,0,-0.25,0.00794701495,0,0,3.39206463e-12,0,0,0,0,0,0,0.000474318701,-3.04181317e-05,-0.0603407924,
27.44,object_red_01,RED,0,-0.25,0.00794701495,0,0,-1.12995993e-11,0,0,0,0,0,0,0.000474318701,-3.04181317e-05,-0.0600625152,
27.48,object_red_01,RED,0,-0.25,0.00794701495,0,0,-2.03803635e-11,0,0,0,0,0,0,0.000474318701,-3.04181317e-05,-0.0597721275,
27.52,object_red_01,RED,0,-0.25,0.00794701495,0,0,9.67955931e-12,0,0,0,0,0,0,0.000474318701,-3.04181317e-05,-0.0594696733,
27.56,object_red_01,RED,0,-0.25,0.00794701495,0,0,-9.47637307e-12,0,0,0,0,0,0,0.000474318701,-3.04181317e-05,-0.0591551468,
27.6,object_red_01,RED,0,-0.25,0.00794701495,0,0,-1.86658394e-11,0,0,0,0,0,0,0.000474318701,-3.04181317e-05,-0.0588286438,
27.64,object_red_01,RED,0,-0.25,0.00794701495,0,0,1.88576911e-11,0,0,0,0,0,0,0.000474318701,-3.04181317e-05,-0.0584902274,
27.68,object_red_01,RED,0,-0.25,0.00794701495,0,0,-3.65465707e-12,0,0,0,0,0,0,0.000474318701,-3.04181317e-05,-0.0581399808,
27.72,object_red_01,RED,0,-0.25,0.00794701495,0,0,-1.50941463e-11,0,0,0,0,0,0,0.000474318701,-3.04181317e-05,-0.0577780043,
27.76,object_red_01,RED,0,-0.25,0.00794701495,0,0,2.88945732e-11,0,0,0,0,0,0,0.000474318701,-3.04181317e-05,-0.0574044166,
27.8,object_red_01,RED,0,-0.25,0.00794701495,0,0,1.24872399e-12,0,0,0,0,0,0,0.000474318701,-3.04181317e-05,-0.0570193472,
27.84,object_red_01,RED,0,-0.25,0.00794701495,0,0,-1.41096029e-11,0,0,0,0,0,0,0.000474318701,-3.04181317e-05,-0.0566229449,
27.88,object_red_01,RED,0,-0.25,0.00794701495,0,0,-2.09367326e-11,0,0,0,0,0,0,0.000474318701,-3.04181317e-05,-0.0562153916,
27.92,object_red_01,RED,0,-0.25,0.00794701495,0,0,8.88448723e-12,0,0,0,0,0,0,0.000474318701,-3.04181317e-05,-0.055796797,
27.96,object_red_01,RED,0,-0.25,0.00794701495,0,0,-9.29064188e-12,0,0,0,0,0,0,0.000474318701,-3.04181317e-05,-0.0553674105,
28,object_red_01,RED,0,-0.25,0.00794701495,0,0,-1.80099899e-11,0,0,0,0,0,0,0.000474318701,-3.04181317e-05,-0.0549274123,
28.04,object_red_01,RED,0,-0.25,0.00794701495,0,0,1.71305835e-11,0,0,0,0,0,0,0.000474318701,-3.04181317e-05,-0.0544770094,
28.08,object_red_01,RED,0,-0.25,0.00794701495,0,0,-5.54567268e-12,0,0,0,0,0,0,0.000474318701,-3.04181317e-05,-0.0540164304,
28.12,object_red_01,RED,0,-0.25,0.00794701495,0,0,-1.77083297e-11,0,0,0,0,0,0,0.000474318701,-3.04181317e-05,-0.0535458914,
28.16,object_red_01,RED,0,-0.25,0.00794701495,0,0,2.68793526e-11,0,0,0,0,0,0,0.000474318701,-3.04181317e-05,-0.0530656632,
28.2,object_red_01,RED,0,-0.25,0.00794701495,0,0,7.75957593e-13,0,0,0,0,0,0,0.000474318701,-3.04181317e-05,-0.0525759861,
28.24,object_red_01,RED,0,-0.25,0.00794701495,0,0,-1.37405852e-11,0,0,0,0,0,0,0.000474318701,-3.04181317e-05,-0.0520771414,
28.28,object_red_01,RED,0,-0.25,0.00794701495,0,0,3.70609281e-11,0,0,0,0,0,0,0.000474318701,-3.04181317e-05,-0.0515693961,
28.32,object_red_01,RED,0,-0.25,0.00794701495,0,0,7.50631923e-12,0,0,0,0,0,0,0.000474318701,-3.04181317e-05,-0.0510530377,
28.36,object_red_01,RED,0,-0.25,0.00794701495,0,0,-1.09622511e-11,0,0,0,0,0,0,0.000474318701,-3.04181317e-05,-0.0505283598,
28.4,object_red_01,RED,0,-0.25,0.00794701495,0,0,-2.04412187e-11,0,0,0,0,0,0,0.000474318701,-3.04181317e-05,-0.0499956704,
28.44,object_red_01,RED,0,-0.25,0.00794701495,0,0,1.55305002e-11,0,0,0,0,0,0,0.000474318701,-3.04181317e-05,-0.0494552781,
28.48,object_red_01,RED,0,-0.25,0.00794701495,0,0,-5.75445119e-12,0,0,0,0,0,0,0.000474318701,-3.04181317e-05,-0.0489075053,
28.52,object_red_01,RED,0,-0.25,0.00794701495,0,0,-1.71949147e-11,0,0,0,0,0,0,0.000474318701,-3.04181317e-05,-0.0483526842,
28.56,object_red_01,RED,0,-0.25,0.00794701495,0,0,2.36365067e-11,0,0,0,0,0,0,0.000474318701,-3.04181317e-05,-0.0477911475,
28.6,object_red_01,RED,0,-0.25,0.00794701495,0,0,-3.04818529e-13,0,0,0,0,0,0,0.000474318701,-3.04181317e-05,-0.0472232351,
28.64,object_red_01,RED,0,-0.25,0.00794701495,0,0,-1.522015e-11,0,0,0,0,0,0,0.000474318701,-3.04181317e-05,-0.0466493026,
28.68,object_red_01,RED,0,-0.25,0.00794701495,0,0,3.37096157e-11,0,0,0,0,0,0,0.000474318701,-3.04181317e-05,-0.0460696946,
28.72,object_red_01,RED,0,-0.25,0.00794701495,0,0,6.25566812e-12,0,0,0,0,0,0,0.000474318701,-3.04181317e-05,-0.0454847805,
28.76,object_red_01,RED,0,-0.25,0.00794701495,0,0,-1.09574725e-11,0,0,0,0,0,0,0.000474318701,-3.04181317e-05,-0.0448949233,
28.8,object_red_01,RED,0,-0.25,0.00794701495,0,0,-1.9816639e-11,0,0,0,0,0,0,0.000474318701,-3.04181317e-05,-0.0443005032,
28.84,object_red_01,RED,0,-0.25,0.00794701495,0,0,1.26187857e-11,0,0,0,0,0,0,0.000474318701,-3.04181317e-05,-0.0437018667,
28.88,object_red_01,RED,0,-0.25,0.00794701495,0,0,-6.58884076e-12,0,0,0,0,0,0,0.000474318701,-3.04181317e-05,-0.0430994254,
28.92,object_red_01,RED,0,-0.25,0.00794701495,0,0,-1.85070241e-11,0,0,0,0,0,0,0.000474318701,-3.04181317e-05,-0.0424935468,
28.96,object_red_01,RED,0,-0.25,0.00794701495,0,0,2.21535658e-11,0,0,0,0,0,0,0.000474318701,-3.04181317e-05,-0.0418846224,
29,object_red_01,RED,0,-0.25,0.00794701495,0,0,-5.57557547e-13,0,0,0,0,0,0,0.000474318701,-3.04181317e-05,-0.0412730381,
29.04,object_red_01,RED,0,-0.25,0.00794701495,0,0,-1.47371376e-11,0,0,0,0,0,0,0.000474318701,-3.04181317e-05,-0.0406591884,
29.08,object_red_01,RED,0,-0.25,0.00794701495,0,0,3.2355712e-11,0,0,0,0,0,0,0.000474318701,-3.04181317e-05,-0.0400434687,
29.12,object_red_01,RED,0,-0.25,0.00794701495,0,0,3.67597714e-12,0,0,0,0,0,0,0.000474318701,-3.04181317e-05,-0.0394262741,
29.16,object_red_01,RED,0,-0.25,0.00794701495,0,0,-1.15677056e-11,0,0,0,0,0,0,0.000474318701,-3.04181317e-05,-0.0388080036,
29.2,object_red_01,RED,0,-0.25,0.00794701495,0,0,-2.09741301e-11,0,0,0,0,0,0,0.000474318701,-3.04181317e-05,-0.0381890512,
29.24,object_red_01,RED,0,-0.25,0.00794701495,0,0,1.15438589e-11,0,0,0,0,0,0,0.000474318701,-3.04181317e-05,-0.0375698211,
29.28,object_red_01,RED,0,-0.25,0.00794701495,0,0,-6.59456512e-12,0,0,0,0,0,0,0.000474318701,-3.04181317e-05,-0.0369507113,
29.32,object_red_01,RED,0,-0.25,0.00794701495,0,0,-1.78926013e-11,0,0,0,0,0,0,0.000474318701,-3.04181317e-05,-0.0363321218,
29.36,object_red_01,RED,0,-0.25,0.00794701495,0,0,1.98250472e-11,0,0,0,0,0,0,0.000474318701,-3.04181317e-05,-0.0357144506,
29.4,object_red_01,RED,0,-0.25,0.00794701495,0,0,-3.58640729e-12,0,0,0,0,0,0,0.000474318701,-3.04181317e-05,-0.0350980968,
29.44,object_red_01,RED,0,-0.25,0.00794701495,0,0,-1.54818396e-11,0,0,0,0,0,0,0.000474318701,-3.04181317e-05,-0.034483452,
29.48,object_red_01,RED,0,-0.25,0.00794701495,0,0,2.98054208e-11,0,0,0,0,0,0,0.000474318701,-3.04181317e-05,-0.0338709249,
29.52,object_red_01,RED,0,-0.25,0.00794701495,0,0,2.89715025e-12,0,0,0,0,0,0,0.000474318701,-3.04181317e-05,-0.0332608928,
29.56,object_red_01,RED,0,-0.25,0.00794701495,0,0,-1.13923275e-11,0,0,0,0,0,0,0.000474318701,-3.04181317e-05,-0.0326537596,
29.6,object_red_01,RED,0,-0.25,0.00794701495,0,0,-2.02668577e-11,0,0,0,0,0,0,0.000474318701,-3.04181317e-05,-0.0320499045,
29.64,object_red_01,RED,0,-0.25,0.00794701495,0,0,9.55915148e-12,0,0,0,0,0,0,0.000474318701,-3.04181317e-05,-0.0314497143,
29.68,object_red_01,RED,0,-0.25,0.00794701495,0,0,-9.39557538e-12,0,0,0,0,0,0,0.000474318701,-3.04181317e-05,-0.0308535731,
29.72,object_red_01,RED,0,-0.25,0.00794701495,0,0,-1.84893086e-11,0,0,0,0,0,0,0.000474318701,-3.04181317e-05,-0.0302618504,
29.76,object_red_01,RED,0,-0.25,0.00794701495,0,0,1.76803504e-11,0,0,0,0,0,0,0.000474318701,-3.04181317e-05,-0.0296749251,
29.8,object_red_01,RED,0,-0.25,0.00794701495,0,0,-4.08613599e-12,0,0,0,0,0,0,0.000474318701,-3.04181317e-05,-0.0290931511,
29.84,object_red_01,RED,0,-0.25,0.00794701495,0,0,-1.51486954e-11,0,0,0,0,0,0,0.000474318701,-3.04181317e-05,-0.0285169316,
29.88,object_red_01,RED,0,-0.25,0.00794701495,0,0,2.8559584e-11,0,0,0,0,0,0,0.000474318701,-3.04181317e-05,-0.0279465667,
29.92,object_red_01,RED,0,-0.25,0.00794701495,0,0,1.20954924e-12,0,0,0,0,0,0,0.000474318701,-3.04181317e-05,-0.0273824703,
29.96,object_red_01,RED,0,-0.25,0.00794701495,0,0,-1.39847519e-11,0,0,0,0,0,0,0.000474318701,-3.04181317e-05,-0.026824925,
30,object_red_01,RED,0,-0.25,0.00794701495,0,0,3.82442752e-11,0,0,0,0,0,0,0.000474318701,-3.04181317e-05,-0.0262743223,
30.04,object_red_01,RED,0,-0.25,0.00794701495,0,0,7.75996473e-12,0,0,0,0,0,0,0.000474318701,-3.04181317e-05,-0.0257309481,
30.08,object_red_01,RED,0,-0.25,0.00794701495,0,0,-9.66773225e-12,0,0,0,0,0,0,0.000474318701,-3.04181317e-05,-0.0251951662,
30.12,object_red_01,RED,0,-0.25,0.00794701495,0,0,-1.80304641e-11,0,0,0,0,0,0,0.000474318701,-3.04181317e-05,-0.0246672625,
30.16,object_red_01,RED,0,-0.25,0.00794701495,0,0,1.69042251e-11,0,0,0,0,0,0,0.000474318701,-3.04181317e-05,-0.0241475614,
30.2,object_red_01,RED,0,-0.25,0.00794701495,0,0,-5.51815007e-12,0,0,0,0,0,0,0.000474318701,-3.04181317e-05,-0.0236363364,
30.24,object_red_01,RED,0,-0.25,0.00794701495,0,0,-1.75466344e-11,0,0,0,0,0,0,0.000474318701,-3.04181317e-05,-0.0231339345,
30.28,object_red_01,RED,0,-0.25,0.00794701495,0,0,2.44116363e-11,0,0,0,0,0,0,0.000474318701,-3.04181317e-05,-0.0226405659,
30.32,object_red_01,RED,0,-0.25,0.00794701495,0,0,-2.91353438e-13,0,0,0,0,0,0,0.000474318701,-3.04181317e-05,-0.0221565683,
30.36,object_red_01,RED,0,-0.25,0.00794701495,0,0,-1.4070264e-11,0,0,0,0,0,0,0.000474318701,-3.04181317e-05,-0.021682147,
30.4,object_red_01,RED,0,-0.25,0.00794701495,0,0,3.65805566e-11,0,0,0,0,0,0,0.000474318701,-3.04181317e-05,-0.0212175801,
30.44,object_red_01,RED,0,-0.25,0.00794701495,0,0,7.37284602e-12,0,0,0,0,0,0,0.000474318701,-3.04181317e-05,-0.0207630999,
30.48,object_red_01,RED,0,-0.25,0.00794701495,0,0,-1.0881953e-11,0,0,0,0,0,0,0.000474318701,-3.04181317e-05,-0.0203189328,
30.52,object_red_01,RED,0,-0.25,0.00794701495,0,0,-2.02529287e-11,0,0,0,0,0,0,0.000474318701,-3.04181317e-05,-0.0198853045,
30.56,object_red_01,RED,0,-0.25,0.00794701495,0,0,1.53736299e-11,0,0,0,0,0,0,0.000474318701,-3.04181317e-05,-0.0194624097,
30.6,object_red_01,RED,0,-0.25,0.00794701495,0,0,-5.69969148e-12,0,0,0,0,0,0,0.000474318701,-3.04181317e-05,-0.0190504406,
30.64,object_red_01,RED,0,-0.25,0.00794701495,0,0,-1.70273665e-11,0,0,0,0,0,0,0.000474318701,-3.04181317e-05,-0.0186495725,
30.68,object_red_01,RED,0,-0.25,0.00794701495,0,0,2.34039207e-11,0,0,0,0,0,0,0.000474318701,-3.04181317e-05,-0.0182599489,
30.72,object_red_01,RED,0,-0.25,0.00794701495,0,0,-3.02202597e-13,0,0,0,0,0,0,0.000474318701,-3.04181317e-05,-0.0178818058,
30.76,object_red_01,RED,0,-0.25,0.00794701495,0,0,-1.5070453e-11,0,0,0,0,0,0,0.000474318701,-3.04181317e-05,-0.0175151977,
30.8,object_red_01,RED,0,-0.25,0.00794701495,0,0,3.33789983e-11,0,0,0,0,0,0,0.000474318701,-3.04181317e-05,-0.0171602591,
30.84,object_red_01,RED,0,-0.25,0.00794701495,0,0,6.19386003e-12,0,0,0,0,0,0,0.000474318701,-3.04181317e-05,-0.0168171398,
30.88,object_red_01,RED,0,-0.25,0.00794701495,0,0,-1.0849998e-11,0,0,0,0,0,0,0.000474318701,-3.04181317e-05,-0.0164858927,
30.92,object_red_01,RED,0,-0.25,0.00794701495,0,0,-1.96217681e-11,0,0,0,0,0,0,0.000474318701,-3.04181317e-05,-0.0161666055,
30.96,object_red_01,RED,0,-0.25,0.00794701495,0,0,1.24933887e-11,0,0,0,0,0,0,0.000474318701,-3.04181317e-05,-0.0158593416,
31,object_red_01,RED,0,-0.25,0.00794701495,0,0,-6.52391711e-12,0,0,0,0,0,0,0.000474318701,-3.04181317e-05,-0.0155641442,
31.04,object_red_01,RED,0,-0.25,0.00794701495,0,0,-1.83240445e-11,0,0,0,0,0,0,0.000474318701,-3.04181317e-05,-0.0152810514,
31.08,object_red_01,RED,0,-0.25,0.00794701495,0,0,2.04633703e-11,0,0,0,0,0,0,0.000474318701,-3.04181317e-05,-0.0150100645,
31.12,object_red_01,RED,0,-0.25,0.00794701495,0,0,-1.25190731e-12,0,0,0,0,0,0,0.000474318701,-3.04181317e-05,-0.0147511834,
31.16,object_red_01,RED,0,-0.25,0.00794701495,0,0,-1.48949964e-11,0,0,0,0,0,0,0.000474318701,-3.04181317e-05,-0.0145043822,
31.2,object_red_01,RED,0,-0.25,0.00794701495,0,0,3.19554708e-11,0,0,0,0,0,0,0.000474318701,-3.04181317e-05,-0.0142696119,
31.24,object_red_01,RED,0,-0.25,0.00794701495,0,0,3.59875896e-12,0,0,0,0,0,0,0.000474318701,-3.04181317e-05,-0.0140468156,
31.28,object_red_01,RED,0,-0.25,0.00794701495,0,0,-1.14701952e-11,0,0,0,0,0,0,0.000474318701,-3.04181317e-05,-0.0138359193,
31.32,object_red_01,RED,0,-0.25,0.00794701495,0,0,-2.07723358e-11,0,0,0,0,0,0,0.000474318701,-3.04181317e-05,-0.0136368138,
31.36,object_red_01,RED,0,-0.25,0.00794701495,0,0,9.88420514e-12,0,0,0,0,0,0,0.000474318701,-3.04181317e-05,-0.0134493863,
31.4,object_red_01,RED,0,-0.25,0.00794701495,0,0,-7.23195323e-12,0,0,0,0,0,0,0.000474318701,-3.04181317e-05,-0.0132734997,
31.44,object_red_01,RED,0,-0.25,0.00794701495,0,0,-1.8011189e-11,0,0,0,0,0,0,0.000474318701,-3.04181317e-05,-0.0131089848,
31.48,object_red_01,RED,0,-0.25,0.00794701495,0,0,1.95401532e-11,0,0,0,0,0,0,0.000474318701,-3.04181317e-05,-0.0129556635,
31.52,object_red_01,RED,0,-0.25,0.00794701495,0,0,-3.58991542e-12,0,0,0,0,0,0,0.000474318701,-3.04181317e-05,-0.0128133187,
31.56,object_red_01,RED,0,-0.25,0.00794701495,0,0,-1.53432879e-11,0,0,0,0,0,0,0.000474318701,-3.04181317e-05,-0.0126817678,
31.6,object_red_01,RED,0,-0.25,0.00794701495,0,0,2.94970085e-11,0,0,0,0,0,0,0.000474318701,-3.04181317e-05,-0.0125607222,
31.64,object_red_01,RED,0,-0.25,0.00794701495,0,0,1.28153556e-12,0,0,0,0,0,0,0.000474318701,-3.04181317e-05,-0.0124499331,
31.68,object_red_01,RED,0,-0.25,0.00794701495,0,0,-1.19748238e-11,0,0,0,0,0,0,0.000474318701,-3.04181317e-05,-0.0123491002,
31.72,object_red_01,RED,0,-0.25,0.00794701495,0,0,-2.03522092e-11,0,0,0,0,0,0,0.000474318701,-3.04181317e-05,-0.0122579092,
31.76,object_red_01,RED,0,-0.25,0.00794701495,0,0,9.37205345e-12,0,0,0,0,0,0,0.000474318701,-3.04181317e-05,-0.0121760251,
31.8,object_red_01,RED,0,-0.25,0.00794701495,0,0,-9.34002697e-12,0,0,0,0,0,0,0.000474318701,-3.04181317e-05,-0.0121030769,
31.84,object_red_01,RED,0,-0.25,0.00794701495,0,0,-1.83171674e-11,0,0,0,0,0,0,0.000474318701,-3.04181317e-05,-0.012038679,
31.88,object_red_01,RED,0,-0.25,0.00794701495,0,0,1.74924815e-11,0,0,0,0,0,0,0.000474318701,-3.04181317e-05,-0.011982424,
31.92,object_red_01,RED,0,-0.25,0.00794701495,0,0,-5.64944988e-12,0,0,0,0,0,0,0.000474318701,-3.04181317e-05,-0.0119338699,
31.96,object_red_01,RED,0,-0.25,0.00794701495,0,0,-1.56812e-11,0,0,0,0,0,0,0.000474318701,-3.04181317e-05,-0.0118925525,
32,object_red_01,RED,0,-0.25,0.00794701495,0,0,2.80780633e-11,0,0,0,0,0,0,0.000474318701,-3.04181317e-05,-0.0118579865,
32.04,object_red_01,RED,0,-0.25,0.00794701495,0,0,1.10737443e-12,0,0,0,0,0,0,0.000474318701,-3.04181317e-05,-0.0118296503,
32.08,object_red_01,RED,0,-0.25,0.00794701495,0,0,-1.3881146e-11,0,0,0,0,0,0,0.000474318701,-3.04181317e-05,-0.0118070008,
32.12,object_red_01,RED,0,-0.25,0.00794701495,0,0,3.78443481e-11,0,0,0,0,0,0,0.000474318701,-3.04181317e-05,-0.011789471,
32.16,object_red_01,RED,0,-0.25,0.00794701495,0,0,7.67612999e-12,0,0,0,0,0,0,0.000474318701,-3.04181317e-05,-0.0117764613,
32.2,object_red_01,RED,0,-0.25,0.00794701495,0,0,-9.57146381e-12,0,0,0,0,0,0,0.000474318701,-3.04181317e-05,-0.0117673459,
32.24,object_red_01,RED,0,-0.25,0.00794701495,0,0,-1.78472382e-11,0,0,0,0,0,0,0.000474318701,-3.04181317e-05,-0.0117614729,
32.28,object_red_01,RED,0,-0.25,0.00794701495,0,0,1.67324265e-11,0,0,0,0,0,0,0.000474318701,-3.04181317e-05,-0.0117581575,
32.32,object_red_01,RED,0,-0.25,0.00794701495,0,0,-5.46224121e-12,0,0,0,0,0,0,0.000474318701,-3.04181317e-05,-0.0117566872,
32.36,object_red_01,RED,0,-0.25,0.00794701495,0,0,-1.73677768e-11,0,0,0,0,0,0,0.000474318701,-3.04181317e-05,-0.0117563213,
32.4,object_red_01,RED,0,-0.25,0.00794701495,0,0,2.41616382e-11,0,0,0,0,0,0,0.0004743187,-3.041813e-05,-0.0117563143,
32.44,object_red_01,RED,0,-0.25,0.00794701495,0,0,-2.88894533e-13,0,0,0,0,0,0,0.000474318703,-3.0418139e-05,-0.0117563141,
32.48,object_red_01,RED,0,-0.25,0.00794701495,0,0,-1.39262914e-11,0,0,0,0,0,0,0.00047431876,-3.04183336e-05,-0.0117563141,
32.52,object_red_01,RED,0,-0.25,0.00794701495,0,0,3.62043442e-11,0,0,0,0,0,0,0.000474318818,-3.04185276e-05,-0.0117563141,
32.56,object_red_01,RED,0,-0.25,0.00794701495,0,0,7.29813315e-12,0,0,0,0,0,0,0.000474318831,-3.04185672e-05,-0.0117563141,
32.6,object_red_01,RED,0,-0.25,0.00794701495,0,0,-1.07698677e-11,0,0,0,0,0,0,0.000474318884,-3.04187417e-05,-0.0117563141,
32.64,object_red_01,RED,0,-0.25,0.00794701495,0,0,-2.00451744e-11,0,0,0,0,0,0,0.000474318875,-3.041871e-05,-0.0117563141,
32.68,object_red_01,RED,0,-0.25,0.00794701495,0,0,1.29237649e-11,0,0,0,0,0,0,0.000474318829,-3.04185482e-05,-0.0117563141,
32.72,object_red_01,RED,0,-0.25,0.00794701495,0,0,-6.69841727e-12,0,0,0,0,0,0,0.000474318885,-3.04187386e-05,-0.0117563141,
32.76,object_red_01,RED,0,-0.25,0.00794701495,0,0,-1.73047838e-11,0,0,0,0,0,0,0.000474318853,-3.04186329e-05,-0.0117563141,
32.8,object_red_01,RED,0,-0.25,0.00794701495,0,0,2.30383183e-11,0,0,0,0,0,0,0.000474318798,-3.04184424e-05,-0.0117563141,
32.84,object_red_01,RED,0,-0.25,0.00794701495,0,0,-3.60056453e-13,0,0,0,0,0,0,0.000474318877,-3.04187139e-05,-0.0117563141,
32.88,object_red_01,RED,0,-0.25,0.00794701495,0,0,-1.49420546e-11,0,0,0,0,0,0,0.000474318825,-3.04185416e-05,-0.0117563141,
32.92,object_red_01,RED,0,-0.25,0.00794701495,0,0,3.30294733e-11,0,0,0,0,0,0,0.000474318772,-3.04183565e-05,-0.0117563141,
32.96,object_red_01,RED,0,-0.25,0.00794701495,0,0,3.76065768e-12,0,0,0,0,0,0,0.000474318871,-3.04186947e-05,-0.0117563141,
33,object_red_01,RED,0,-0.25,0.00794701495,0,0,-1.17944458e-11,0,0,0,0,0,0,0.000474318795,-3.04184424e-05,-0.0117563141,
33.04,object_red_01,RED,0,-0.25,0.00794701495,0,0,-1.98629514e-11,0,0,0,0,0,0,0.00047431875,-3.04182842e-05,-0.0117563141,
33.08,object_red_01,RED,0,-0.25,0.00794701495,0,0,1.22338904e-11,0,0,0,0,0,0,0.000474318866,-3.04186795e-05,-0.0117563141,
33.12,object_red_01,RED,0,-0.25,0.00794701495,0,0,-6.51797862e-12,0,0,0,0,0,0,0.000474318765,-3.04183398e-05,-0.0117563141,
33.16,object_red_01,RED,0,-0.25,0.00794701495,0,0,-1.81622743e-11,0,0,0,0,0,0,0.000474318733,-3.0418227e-05,-0.0117563141,
33.2,object_red_01,RED,0,-0.25,0.00794701495,0,0,2.02494027e-11,0,0,0,0,0,0,0.000474318857,-3.04186511e-05,-0.0117563141,
33.24,object_red_01,RED,0,-0.25,0.00794701495,0,0,-3.6459706e-12,0,0,0,0,0,0,0.000474318734,-3.04182393e-05,-0.0117563141,
33.28,object_red_01,RED,0,-0.25,0.00794701495,0,0,-1.5787379e-11,0,0,0,0,0,0,0.00047431872,-3.04181855e-05,-0.0117563141,
33.32,object_red_01,RED,0,-0.25,0.00794701495,0,0,3.13561154e-11,0,0,0,0,0,0,0.000474318846,-3.04186184e-05,-0.0117563141,
33.36,object_red_01,RED,0,-0.25,0.00794701495,0,0,3.42632157e-12,0,0,0,0,0,0,0.000474318705,-3.04181399e-05,-0.0117563141,
33.4,object_red_01,RED,0,-0.25,0.00794701495,0,0,-1.14131621e-11,0,0,0,0,0,0,0.00047431871,-3.04181544e-05,-0.0117563141,
33.44,object_red_01,RED,0,-0.25,0.00794701495,0,0,-2.05867759e-11,0,0,0,0,0,0,0.000474318836,-3.04185842e-05,-0.0117563141,
33.48,object_red_01,RED,0,-0.25,0.00794701495,0,0,9.77577422e-12,0,0,0,0,0,0,0.000474318677,-3.04180471e-05,-0.0117563141,
33.52,object_red_01,RED,0,-0.25,0.00794701495,0,0,-9.5723453e-12,0,0,0,0,0,0,0.000474318704,-3.04181332e-05,-0.0117563141,
33.56,object_red_01,RED,0,-0.25,0.00794701495,0,0,-1.88535905e-11,0,0,0,0,0,0,0.000474318818,-3.04185268e-05,-0.0117563141,
33.6,object_red_01,RED,0,-0.25,0.00794701495,0,0,1.90486863e-11,0,0,0,0,0,0,0.000474318653,-3.0417967e-05,-0.0117563141,
33.64,object_red_01,RED,0,-0.25,0.00794701495,0,0,-3.69151566e-12,0,0,0,0,0,0,0.0004743187,-3.04181211e-05,-0.0117563141,
33.68,object_red_01,RED,0,-0.25,0.00794701495,0,0,-1.52459703e-11,0,0,0,0,0,0,0.000474318799,-3.04184653e-05,-0.0117563141,
33.72,object_red_01,RED,0,-0.25,0.00794701495,0,0,2.91842172e-11,0,0,0,0,0,0,0.000474318631,-3.0417894e-05,-0.0117563141,
33.76,object_red_01,RED,0,-0.25,0.00794701495,0,0,1.26115769e-12,0,0,0,0,0,0,0.000474318697,-3.04181141e-05,-0.0117563141,
33.8,object_red_01,RED,0,-0.25,0.00794701495,0,0,-1.18574531e-11,0,0,0,0,0,0,0.00047431878,-3.04184023e-05,-0.0117563141,
33.84,object_red_01,RED,0,-0.25,0.00794701495,0,0,-2.0147988e-11,0,0,0,0,0,0,0.000474318613,-3.04178336e-05,-0.0117563141,
33.88,object_red_01,RED,0,-0.25,0.00794701495,0,0,9.278119e-12,0,0,0,0,0,0,0.000474318695,-3.04181093e-05,-0.0117563141,
33.92,object_red_01,RED,0,-0.25,0.00794701495,0,0,-9.24624955e-12,0,0,0,0,0,0,0.000474318756,-3.04183217e-05,-0.0117563141,
33.96,object_red_01,RED,0,-0.25,0.00794701495,0,0,-1.81334062e-11,0,0,0,0,0,0,0.0004743186,-3.04177897e-05,-0.0117563141,
34,object_red_01,RED,0,-0.25,0.00794701495,0,0,1.73199299e-11,0,0,0,0,0,0,0.000474318694,-3.04181065e-05,-0.0117563141,
34.04,object_red_01,RED,0,-0.25,0.00794701495,0,0,-5.59361954e-12,0,0,0,0,0,0,0.000474318732,-3.04182424e-05,-0.0117563141,
34.08,object_red_01,RED,0,-0.25,0.00794701495,0,0,-1.55246973e-11,0,0,0,0,0,0,0.000474318589,-3.04177543e-05,-0.0117563141,
34.12,object_red_01,RED,0,-0.25,0.00794701495,0,0,2.77962493e-11,0,0,0,0,0,0,0.000474318693,-3.04181039e-05,-0.0117563141,
34.16,object_red_01,RED,0,-0.25,0.00794701495,0,0,1.09552957e-12,0,0,0,0,0,0,0.000474318709,-3.04181664e-05,-0.0117563141,
34.2,object_red_01,RED,0,-0.25,0.00794701495,0,0,-1.37417914e-11,0,0,0,0,0,0,0.000474318582,-3.04177317e-05,-0.0117563141,
34.24,object_red_01,RED,0,-0.25,0.00794701495,0,0,3.74644098e-11,0,0,0,0,0,0,0.00047431869,-3.04180967e-05,-0.0117563141,
34.28,object_red_01,RED,0,-0.25,0.00794701495,0,0,7.5990046e-12,0,0,0,0,0,0,0.000474318685,-3.04180863e-05,-0.0117563141,
34.32,object_red_01,RED,0,-0.25,0.00794701495,0,0,-1.10637014e-11,0,0,0,0,0,0,0.000474318579,-3.04177229e-05,-0.0117563141,
34.36,object_red_01,RED,0,-0.25,0.00794701495,0,0,-1.83335911e-11,0,0,0,0,0,0,0.000474318687,-3.04180869e-05,-0.0117563141,
34.4,object_red_01,RED,0,-0.25,0.00794701495,0,0,1.63664101e-11,0,0,0,0,0,0,0.000474318664,-3.04180136e-05,-0.0117563141,
34.44,object_red_01,RED,0,-0.25,0.00794701495,0,0,-5.49778292e-12,0,0,0,0,0,0,0.000474318578,-3.04177199e-05,-0.0117563141,
34.48,object_red_01,RED,0,-0.25,0.00794701495,0,0,-1.72308168e-11,0,0,0,0,0,0,0.000474318683,-3.0418074e-05,-0.0117563141,
34.52,object_red_01,RED,0,-0.25,0.00794701495,0,0,2.39082782e-11,0,0,0,0,0,0,0.000474318645,-3.04179506e-05,-0.0117563141,
34.56,object_red_01,RED,0,-0.25,0.00794701495,0,0,-2.900651e-13,0,0,0,0,0,0,0.00047431858,-3.04177253e-05,-0.0117563141,
34.6,object_red_01,RED,0,-0.25,0.00794701495,0,0,-1.53629556e-11,0,0,0,0,0,0,0.000474318676,-3.04180531e-05,-0.0117563141,
34.64,object_red_01,RED,0,-0.25,0.00794701495,0,0,3.54413485e-11,0,0,0,0,0,0,0.000474318629,-3.04178949e-05,-0.0117563141,
34.68,object_red_01,RED,0,-0.25,0.00794701495,0,0,7.02210412e-12,0,0,0,0,0,0,0.000474318583,-3.04177379e-05,-0.0117563141,
34.72,object_red_01,RED,0,-0.25,0.00794701495,0,0,-1.07527552e-11,0,0,0,0,0,0,0.000474318669,-3.04180282e-05,-0.0117563141,
34.76,object_red_01,RED,0,-0.25,0.00794701495,0,0,-1.98828617e-11,0,0,0,0,0,0,0.000474318615,-3.04178508e-05,-0.0117563141,
34.8,object_red_01,RED,0,-0.25,0.00794701495,0,0,1.27828043e-11,0,0,0,0,0,0,0.000474318587,-3.04177519e-05,-0.0117563141,
34.84,object_red_01,RED,0,-0.25,0.00794701495,0,0,-6.63702316e-12,0,0,0,0,0,0,0.00047431866,-3.04179996e-05,-0.0117563141,
34.88,object_red_01,RED,0,-0.25,0.00794701495,0,0,-1.86828341e-11,0,0,0,0,0,0,0.000474318606,-3.04178199e-05,-0.0117563141,
34.92,object_red_01,RED,0,-0.25,0.00794701495,0,0,2.23750992e-11,0,0,0,0,0,0,0.000474318592,-3.04177679e-05,-0.0117563141,
34.96,object_red_01,RED,0,-0.25,0.00794701495,0,0,-5.60990735e-13,0,0,0,0,0,0,0.000474318648,-3.04179597e-05,-0.0117563141,
35,object_red_01,RED,0,-0.25,0.00794701495,0,0,-1.48828696e-11,0,0,0,0,0,0,0.000474318601,-3.04178011e-05,-0.0117563141,
35.04,object_red_01,RED,0,-0.25,0.00794701495,0,0,3.26796415e-11,0,0,0,0,0,0,0.000474318596,-3.04177841e-05,-0.0117563141,
35.08,object_red_01,RED,0,-0.25,0.00794701495,0,0,3.71263588e-12,0,0,0,0,0,0,0.000474318636,-3.04179198e-05,-0.0117563141,
35.12,object_red_01,RED,0,-0.25,0.00794701495,0,0,-1.1682571e-11,0,0,0,0,0,0,0.000474318599,-3.04177943e-05,-0.0117563141,
35.16,object_red_01,RED,0,-0.25,0.00794701495,0,0,-2.1183212e-11,0,0,0,0,0,0,0.0004743186,-3.04177974e-05,-0.0117563141,
35.2,object_red_01,RED,0,-0.25,0.00794701495,0,0,1.16592882e-11,0,0,0,0,0,0,0.000474318624,-3.04178801e-05,-0.0117563141,
35.24,object_red_01,RED,0,-0.25,0.00794701495,0,0,-6.66022038e-12,0,0,0,0,0,0,0.0004743186,-3.04177995e-05,-0.0117563141,
35.28,object_red_01,RED,0,-0.25,0.00794701495,0,0,-1.80707416e-11,0,0,0,0,0,0,0.000474318603,-3.04178075e-05,-0.0117563141,
35.32,object_red_01,RED,0,-0.25,0.00794701495,0,0,2.00218702e-11,0,0,0,0,0,0,0.000474318612,-3.04178398e-05,-0.0117563141,
35.36,object_red_01,RED,0,-0.25,0.00794701495,0,0,-3.62146007e-12,0,0,0,0,0,0,0.000474318605,-3.04178148e-05,-0.0117563141,
35.4,object_red_01,RED,0,-0.25,0.00794701495,0,0,-1.56359262e-11,0,0,0,0,0,0,0.000474318604,-3.04178132e-05,-0.0117563141,
35.44,object_red_01,RED,0,-0.25,0.00794701495,0,0,3.10440165e-11,0,0,0,0,0,0,0.000474318602,-3.04178056e-05,-0.0117563141,
35.48,object_red_01,RED,0,-0.25,0.00794701495,0,0,3.39143652e-12,0,0,0,0,0,0,0.000474318612,-3.04178389e-05,-0.0117563141,
35.52,object_red_01,RED,0,-0.25,0.00794701495,0,0,-1.13002988e-11,0,0,0,0,0,0,0.000474318604,-3.04178139e-05,-0.0117563141,
35.56,object_red_01,RED,0,-0.25,0.00794701495,0,0,-2.03824369e-11,0,0,0,0,0,0,0.000474318594,-3.04177778e-05,-0.0117563141,
35.6,object_red_01,RED,0,-0.25,0.00794701495,0,0,9.67937373e-12,0,0,0,0,0,0,0.000474318621,-3.04178697e-05,-0.0117563141,
35.64,object_red_01,RED,0,-0.25,0.00794701495,0,0,-9.47722244e-12,0,0,0,0,0,0,0.000474318603,-3.04178093e-05,-0.0117563141,
35.68,object_red_01,RED,0,-0.25,0.00794701495,0,0,-1.86669636e-11,0,0,0,0,0,0,0.000474318589,-3.04177613e-05,-0.0117563141,
35.72,object_red_01,RED,0,-0.25,0.00794701495,0,0,1.88604106e-11,0,0,0,0,0,0,0.000474318631,-3.04179045e-05,-0.0117563141,
35.76,object_red_01,RED,0,-0.25,0.00794701495,0,0,-3.65542079e-12,0,0,0,0,0,0,0.0004743186,-3.04177996e-05,-0.0117563141,
35.8,object_red_01,RED,0,-0.25,0.00794701495,0,0,-1.50953026e-11,0,0,0,0,0,0,0.000474318588,-3.04177554e-05,-0.0117563141,
35.84,object_red_01,RED,0,-0.25,0.00794701495,0,0,2.88944197e-11,0,0,0,0,0,0,0.000474318643,-3.04179432e-05,-0.0117563141,
35.88,object_red_01,RED,0,-0.25,0.00794701495,0,0,1.24908444e-12,0,0,0,0,0,0,0.000474318596,-3.0417785e-05,-0.0117563141,
35.92,object_red_01,RED,0,-0.25,0.00794701495,0,0,-1.41099027e-11,0,0,0,0,0,0,0.000474318589,-3.041776e-05,-0.0117563141,
35.96,object_red_01,RED,0,-0.25,0.00794701495,0,0,-2.09373358e-11,0,0,0,0,0,0,0.000474318654,-3.04179815e-05,-0.0117563141,
36,object_red_01,RED,0,-0.25,0.00794701495,0,0,8.88442656e-12,0,0,0,0,0,0,0.000474318591,-3.04177679e-05,-0.0117563141,
36.04,object_red_01,RED,0,-0.25,0.00794701495,0,0,-9.29084173e-12,0,0,0,0,0,0,0.000474318596,-3.04177811e-05,-0.0117563141,
36.08,object_red_01,RED,0,-0.25,0.00794701495,0,0,-1.8010072e-11,0,0,0,0,0,0,0.000474318664,-3.04180172e-05,-0.0117563141,
36.12,object_red_01,RED,0,-0.25,0.00794701495,0,0,1.71311152e-11,0,0,0,0,0,0,0.000474318585,-3.04177478e-05,-0.0117563141,
36.16,object_red_01,RED,0,-0.25,0.00794701495,0,0,-5.54516948e-12,0,0,0,0,0,0,0.000474318605,-3.04178137e-05,-0.0117563141,
36.2,object_red_01,RED,0,-0.25,0.00794701495,0,0,-1.77087187e-11,0,0,0,0,0,0,0.000474318675,-3.04180527e-05,-0.0117563141,
36.24,object_red_01,RED,0,-0.25,0.00794701495,0,0,2.68780963e-11,0,0,0,0,0,0,0.000474318578,-3.04177255e-05,-0.0117563141,
36.28,object_red_01,RED,0,-0.25,0.00794701495,0,0,7.75764878e-13,0,0,0,0,0,0,0.000474318618,-3.0417856e-05,-0.0117563141,
36.32,object_red_01,RED,0,-0.25,0.00794701495,0,0,-1.37404781e-11,0,0,0,0,0,0,0.000474318684,-3.04180822e-05,-0.0117563141,
36.36,object_red_01,RED,0,-0.25,0.00794701495,0,0,3.70559889e-11,0,0,0,0,0,0,0.000474318573,-3.04177073e-05,-0.0117563141,
36.4,object_red_01,RED,0,-0.25,0.00794701495,0,0,7.50618005e-12,0,0,0,0,0,0,0.000474318635,-3.04179116e-05,-0.0117563141,
36.44,object_red_01,RED,0,-0.25,0.00794701495,0,0,-1.09614874e-11,0,0,0,0,0,0,0.000474318691,-3.04181055e-05,-0.0117563141,
36.48,object_red_01,RED,0,-0.25,0.00794701495,0,0,-2.04397876e-11,0,0,0,0,0,0,0.000474318568,-3.041769e-05,-0.0117563141,
36.52,object_red_01,RED,0,-0.25,0.00794701495,0,0,1.55292583e-11,0,0,0,0,0,0,0.000474318654,-3.04179757e-05,-0.0117563141,
36.56,object_red_01,RED,0,-0.25,0.00794701495,0,0,-5.75411572e-12,0,0,0,0,0,0,0.000474318697,-3.04181265e-05,-0.0117563141,
36.6,object_red_01,RED,0,-0.25,0.00794701495,0,0,-1.71933623e-11,0,0,0,0,0,0,0.000474318565,-3.0417676e-05,-0.0117563141,
36.64,object_red_01,RED,0,-0.25,0.00794701495,0,0,2.36321385e-11,0,0,0,0,0,0,0.000474318674,-3.04180438e-05,-0.0117563141,
36.68,object_red_01,RED,0,-0.25,0.00794701495,0,0,-3.05774968e-13,0,0,0,0,0,0,0.000474318701,-3.04181404e-05,-0.0117563141,
36.72,object_red_01,RED,0,-0.25,0.00794701495,0,0,-1.52173092e-11,0,0,0,0,0,0,0.000474318567,-3.04176837e-05,-0.0117563141,
36.76,object_red_01,RED,0,-0.25,0.00794701495,0,0,3.3703538e-11,0,0,0,0,0,0,0.000474318696,-3.04181167e-05,-0.0117563141,
36.8,object_red_01,RED,0,-0.25,0.00794701495,0,0,6.25459034e-12,0,0,0,0,0,0,0.000474318704,-3.04181486e-05,-0.0117563141,
36.84,object_red_01,RED,0,-0.25,0.00794701495,0,0,-1.09557237e-11,0,0,0,0,0,0,0.000474318572,-3.04176969e-05,-0.0117563141,
36.88,object_red_01,RED,0,-0.25,0.00794701495,0,0,-1.98132344e-11,0,0,0,0,0,0,0.000474318719,-3.0418193e-05,-0.0117563141,
36.92,object_red_01,RED,0,-0.25,0.00794701495,0,0,1.26140178e-11,0,0,0,0,0,0,0.000474318706,-3.04181555e-05,-0.0117563141,
36.96,object_red_01,RED,0,-0.25,0.00794701495,0,0,-6.58762023e-12,0,0,0,0,0,0,0.000474318579,-3.04177194e-05,-0.0117563141,
37,object_red_01,RED,0,-0.25,0.00794701495,0,0,-1.85019564e-11,0,0,0,0,0,0,0.00047431874,-3.04182651e-05,-0.0117563141,
37.04,object_red_01,RED,0,-0.25,0.00794701495,0,0,2.21484767e-11,0,0,0,0,0,0,0.000474318707,-3.04181594e-05,-0.0117563141,
37.08,object_red_01,RED,0,-0.25,0.00794701495,0,0,-5.57800226e-13,0,0,0,0,0,0,0.000474318594,-3.04177713e-05,-0.0117563141,
37.12,object_red_01,RED,0,-0.25,0.00794701495,0,0,-1.47330227e-11,0,0,0,0,0,0,0.00047431876,-3.04183332e-05,-0.0117563141,
37.16,object_red_01,RED,0,-0.25,0.00794701495,0,0,3.23466294e-11,0,0,0,0,0,0,0.000474318708,-3.04181618e-05,-0.0117563141,
37.2,object_red_01,RED,0,-0.25,0.00794701495,0,0,3.67380374e-12,0,0,0,0,0,0,0.000474318612,-3.04178297e-05,-0.0117563141,
37.24,object_red_01,RED,0,-0.25,0.00794701495,0,0,-1.15640011e-11,0,0,0,0,0,0,0.00047431878,-3.04184001e-05,-0.0117563141,
37.28,object_red_01,RED,0,-0.25,0.00794701495,0,0,-2.0966757e-11,0,0,0,0,0,0,0.00047431871,-3.04181672e-05,-0.0117563141,
37.32,object_red_01,RED,0,-0.25,0.00794701495,0,0,1.15371995e-11,0,0,0,0,0,0,0.000474318633,-3.04178979e-05,-0.0117563141,
37.36,object_red_01,RED,0,-0.25,0.00794701495,0,0,-6.59258086e-12,0,0,0,0,0,0,0.000474318797,-3.04184562e-05,-0.0117563141,
37.4,object_red_01,RED,0,-0.25,0.00794701495,0,0,-1.78841718e-11,0,0,0,0,0,0,0.000474318714,-3.04181776e-05,-0.0117563141,
37.44,object_red_01,RED,0,-0.25,0.00794701495,0,0,1.98153436e-11,0,0,0,0,0,0,0.00047431866,-3.04179898e-05,-0.0117563141,
37.48,object_red_01,RED,0,-0.25,0.00794701495,0,0,-3.58445516e-12,0,0,0,0,0,0,0.000474318811,-3.04185039e-05,-0.0117563141,
37.52,object_red_01,RED,0,-0.25,0.00794701495,0,0,-1.54741131e-11,0,0,0,0,0,0,0.000474318719,-3.04181931e-05,-0.0117563141,
37.56,object_red_01,RED,0,-0.25,0.00794701495,0,0,2.97892291e-11,0,0,0,0,0,0,0.000474318689,-3.04180843e-05,-0.0117563141,
37.6,object_red_01,RED,0,-0.25,0.00794701495,0,0,2.89551931e-12,0,0,0,0,0,0,0.000474318825,-3.04185481e-05,-0.0117563141,
37.64,object_red_01,RED,0,-0.25,0.00794701495,0,0,-1.1386496e-11,0,0,0,0,0,0,0.000474318727,-3.04182175e-05,-0.0117563141,
37.68,object_red_01,RED,0,-0.25,0.00794701495,0,0,-2.0255591e-11,0,0,0,0,0,0,0.000474318718,-3.04181824e-05,-0.0117563141,
37.72,object_red_01,RED,0,-0.25,0.00794701495,0,0,9.55522937e-12,0,0,0,0,0,0,0.000474318835,-3.04185808e-05,-0.0117563141,
37.76,object_red_01,RED,0,-0.25,0.00794701495,0,0,-9.39144271e-12,0,0,0,0,0,0,0.000474318739,-3.04182563e-05,-0.0117563141,
37.8,object_red_01,RED,0,-0.25,0.00794701495,0,0,-1.84793195e-11,0,0,0,0,0,0,0.00047431875,-3.0418289e-05,-0.0117563141,
37.84,object_red_01,RED,0,-0.25,0.00794701495,0,0,1.76706397e-11,0,0,0,0,0,0,0.000474318843,-3.04186066e-05,-0.0117563141,
37.88,object_red_01,RED,0,-0.25,0.00794701495,0,0,-4.08397686e-12,0,0,0,0,0,0,0.000474318754,-3.04183071e-05,-0.0117563141,
37.92,object_red_01,RED,0,-0.25,0.00794701495,0,0,-1.51406228e-11,0,0,0,0,0,0,0.00047431878,-3.04183907e-05,-0.0117563141,
37.96,object_red_01,RED,0,-0.25,0.00794701495,0,0,2.85400055e-11,0,0,0,0,0,0,0.00047431885,-3.0418631e-05,-0.0117563141,
38,object_red_01,RED,0,-0.25,0.00794701495,0,0,1.20998107e-12,0,0,0,0,0,0,0.000474318775,-3.04183732e-05,-0.0117563141,
38.04,object_red_01,RED,-4.1528495e-14,-0.25,0.00794701496,-3.93472294e-12,2.78245574e-08,2.39432631e-11,1.63838718e-09,-2.1550238e-05,4.58964552e-05,0,0.000670295511,0,0.000474280961,-3.02662161e-05,-0.0117563141,
38.08,object_red_01,RED,-2.84033731e-13,-0.249999998,0.00794701496,-6.74833971e-12,4.68647077e-08,-3.62751349e-11,5.44904456e-09,-4.06299989e-05,0.000128125572,0,0.000836588465,0,0.000473959717,-2.90565518e-05,-0.0117563141,
38.12,object_red_01,RED,-5.96872323e-13,-0.249999996,0.00794701496,-8.53296482e-12,5.76060445e-08,7.5638608e-11,6.17643466e-09,-3.12471064e-05,0.000106887993,0,0.00104642297,0,0.000473627032,-2.78595782e-05,-0.0117563141,
38.16,object_red_01,RED,-9.38696707e-13,-0.249999994,0.00794701496,-8.39614099e-12,5.5553731e-08,1.08227434e-10,1.07253601e-08,-2.12034418e-05,7.23130273e-05,0,0.00112074655,0,0.000473393063,-2.70363069e-05,-0.0117563141,
38.2,object_red_01,RED,-1.25594194e-12,-0.249999991,0.00794701496,-7.42427823e-12,4.85346454e-08,8.95634505e-11,1.31718852e-07,-1.44630295e-05,4.57225752e-05,0,0.00120512584,0,0.00047324613,-2.65263726e-05,-0.0117563141,
38.24,object_red_01,RED,-1.52930738e-12,-0.24999999,0.00794701496,-6.26596384e-12,4.06828218e-08,8.79232648e-12,-4.45816389e-08,-1.02284378e-05,2.83364151e-05,0,0.00125735067,0,0.000473157485,-2.62208724e-05,-0.0117563141,
38.28,object_red_01,RED,-1.75072823e-12,-0.249999988,0.00794701496,-4.8770579e-12,3.15498768e-08,-1.26111381e-10,1.46286295e-07,-6.405221e-06,1.59078117e-05,0,0.00125314422,0,0.000473108065,-2.60518316e-05,-0.0117563141,
38.32,object_red_01,RED,-1.90453568e-12,-0.249999987,0.00794701511,-2.09155634e-12,1.35097081e-08,-5.67539749e-08,-4.82186636e-08,-5.62826084e-06,9.61491683e-06,0,0.0012594307,0,0.00047308593,-2.5978223e-05,-0.0117563139,
38.36,object_red_01,RED,-1.95199645e-12,-0.249999987,0.00794702504,-3.6299751e-13,2.34365486e-09,5.88742132e-07,-2.9031324e-08,-6.72541783e-06,8.35982549e-06,0,0.00126150428,0,0.000473079565,-2.59599525e-05,-0.011756304,
38.4,object_red_01,RED,0.000290087317,-0.25004158,0.00800038787,0.0371887006,-0.00072657255,0.00241337363,0.0823586909,0.0197700076,-0.0913784433,0.657046728,0.566649956,1,0.00044255518,-0.00034959623,-0.0117029376,0
38.44,object_red_01,RED,0.00143715492,-0.250014728,0.00808806728,0.0173112381,0.000728092345,0.00223211121,-0.0200427403,0.0141590627,-0.291052311,0.63437521,0.572914039,1,0.000510742184,-0.00162960043,-0.0116155346,0.00128479551
38.48,object_red_01,RED,0.00176211843,-0.249984166,0.00805022926,0.00206830297,0.00013248751,-0.00157236372,-0.00302810634,0.00705485218,-0.042234019,0.632407578,0.567044344,1,0.0005622289,-0.00201812239,-0.0116546227,0.00167350998
38.52,object_red_01,RED,0.00177827889,-0.249983161,0.00800653744,2.26692537e-05,8.92779238e-07,-0.000619240402,-0.000338809273,0.00174938646,-0.00728502843,0.632355456,0.567447704,1,0.00057251968,-0.00205997015,-0.0117012931,0.00171530534
38.56,object_red_01,RED,0.001778456,-0.249983166,0.00799345398,2.4810792e-07,-2.31416354e-07,-0.000153933824,-0.000139107623,0.000753195262,-0.00348304909,0.63272528,0.567274739,1,0.000576471483,-0.00206873499,-0.0117198293,0.00172442946
38.6,object_red_01,RED,0.00177845794,-0.249983169,0.00799033651,2.79800854e-09,4.72062484e-08,-3.54433602e-05,-8.28794029e-05,0.000446173875,-0.00187432956,0.632729837,0.567271984,1,0.000578213469,-0.0020717465,-0.0117315281,0.00172772167
38.64,object_red_01,RED,0.00177845796,-0.249983165,0.00798962362,2.16196379e-10,1.16180892e-07,-8.07772596e-06,-6.96411542e-05,0.000373294525,-0.00121969274,0.632743124,0.56725606,1,0.000578910536,-0.00207254301,-0.0117446163,0.00172883646
38.68,object_red_01,RED,0.00177845797,-0.24998316,0.00798945906,2.12400191e-10,1.3107355e-07,-1.94900325e-06,-6.90577197e-05,0.000367741767,-0.000968940272,0.632750616,0.567249034,1,0.000579190138,-0.00207270051,-0.0117615883,0.00172950784
38.72,object_red_01,RED,0.00177845798,-0.249983155,0.00798941465,2.2135949e-10,1.36253366e-07,-6.73799022e-07,-7.23963084e-05,0.000382043127,-0.000877160195,0.632751501,0.567248422,1,0.000579312587,-0.00207273391,-0.0117834749,0.00173043125
38.76,object_red_01,RED,0.00177845799,-0.249983149,0.0079893928,2.26280276e-10,1.39029913e-07,-5.01871053e-07,-7.756251e-05,0.000405166098,-0.000853887657,0.632750405,0.567249607,1,0.000579368973,-0.0020727439,-0.0118109444,0.0017319415
38.8,object_red_01,RED,0.001778458,-0.249983144,0.00798936948,2.42512272e-10,1.40971697e-07,-6.66699727e-07,-8.37367229e-05,0.00043024123,-0.00085998438,0.632748661,0.567251418,1,0.000579394344,-0.00207274224,-0.0118445714,0.00173436365
38.84,object_red_01,RED,0.00177845801,-0.249983138,0.00798934547,2.48419891e-10,1.4956471e-07,-5.02537901e-07,-9.0690117e-05,0.000462168576,-0.000880715446,0.63274781,0.567252303,1,0.000579404667,-0.00207273254,-0.0118848629,0.00173810913
38.88,object_red_01,RED,0.00177845802,-0.249983132,0.0079893149,2.34055748e-10,1.4364109e-07,-8.80376577e-07,-9.8106931e-05,0.000494867487,-0.000904210899,0.632746654,0.567253492,1,0.000579407308,-0.00207271922,-0.0119323456,0.00174370565
38.92,object_red_01,RED,0.00177845803,-0.249983126,0.0079892769,2.35462249e-10,1.44555801e-07,-1.01456543e-06,-0.000105899474,0.000527462825,-0.000926346817,0.63274536,0.567254819,1,0.000579406064,-0.00207270269,-0.0119874637,0.00175179312
38.96,object_red_01,RED,0.00177845804,-0.249983121,0.00798923338,2.36825e-10,1.45418031e-07,-1.15722973e-06,-0.000113999219,0.000560520047,-0.00094470912,0.632743886,0.567256318,1,0.000579403662,-0.00207268433,-0.0120506683,0.00176314401
39,object_red_01,RED,0.00177845805,-0.249983115,0.00798918399,2.37948407e-10,1.4613382e-07,-1.30609708e-06,-0.000122390633,0.000593970136,-0.000958114175,0.632742034,0.567258193,1,0.000579400937,-0.00207266472,-0.0121223698,0.00177865544
39.04,object_red_01,RED,0.00177845806,-0.249983109,0.00798912854,2.38910896e-10,1.46749261e-07,-1.45774965e-06,-0.000131098005,0.000627746637,-0.000965904374,0.632739646,0.567260604,1,0.000579398174,-0.00207264376,-0.0122029614,0.00179934506
39.08,object_red_01,RED,0.00177845807,-0.249983103,0.00798906691,2.3973426e-10,1.47276718e-07,-1.61355713e-06,-0.000140300797,0.00066268575,-0.000968737227,0.63273618,0.56726411,1,0.000579395409,-0.00207262104,-0.0122928115,0.00182633267
39.12,object_red_01,RED,0.00177845808,-0.249983097,0.00798899902,2.4043221e-10,1.47724124e-07,-1.77234185e-06,-0.000149887814,0.000698201154,-0.000965742276,0.632732184,0.567268141,1,0.000579392538,-0.00207259598,-0.0123922609,0.00186081146
39.16,object_red_01,RED,0.00177845809,-0.249983091,0.00798892475,2.41016324e-10,1.48098712e-07,-1.93354289e-06,-0.000159818759,0.00073403337,-0.000956658925,0.632727502,0.567272852,1,0.000579389359,-0.00207256786,-0.0125016295,0.00190401251
39.2,object_red_01,RED,0.0017784581,-0.249983085,0.00798884402,2.41518359e-10,1.48420374e-07,-2.09695694e-06,-0.000170084047,0.000770083407,-0.000941548342,0.632722073,0.567278303,1,0.000579385585,-0.00207253578,-0.0126212201,0.00195716275
39.24,object_red_01,RED,0.0017784581,-0.249983079,0.00798875673,2.41908026e-10,1.48671052e-07,-2.26187835e-06,-0.000180603493,0.000806218686,-0.000920576382,0.632715659,0.567284732,1,0.000579380897,-0.00207249882,-0.0127512977,0.0020214286
39.28,object_red_01,RED,0.00177845811,-0.249983073,0.0079886628,2.42211841e-10,1.48867783e-07,-2.42798197e-06,-0.000191407056,0.000842226871,-0.0008939562,0.632708123,0.567292279,1,0.000579374898,-0.00207245586,-0.0128921155,0.00209788208
39.32,object_red_01,RED,0.00177845812,-0.249983067,0.00798856215,2.42442754e-10,1.49019437e-07,-2.59558848e-06,-0.000202499196,0.000878223654,-0.000862255722,0.632699286,0.56730112,1,0.000579367177,-0.00207240575,-0.0130438987,0.00218745672
39.36,object_red_01,RED,0.00177845813,-0.249983061,0.00798845469,2.42606071e-10,1.49130368e-07,-2.7665716e-06,-0.000214035675,0.000914828656,-0.000826421004,0.632688681,0.56731174,1,0.000579357243,-0.00207234718,-0.0132068525,0.00229092684
39.4,object_red_01,RED,0.00177845814,-0.249983055,0.00798834035,2.42703542e-10,1.49202834e-07,-2.93983264e-06,-0.000225930334,0.000951645387,-0.000786690459,0.632676349,0.567324088,1,0.000579344578,-0.00207227877,-0.0133811605,0.00240889573
39.44,object_red_01,RED,0.00177845815,-0.249983049,0.00798821907,2.427575e-10,1.49251926e-07,-3.11497498e-06,-0.000238158428,0.000988539917,-0.000743571271,0.632662351,0.567338093,1,0.000579328618,-0.00207219902,-0.0135669943,0.00254180547
39.48,object_red_01,RED,0.00177845816,-0.249983044,0.00798809079,2.42760115e-10,1.49274115e-07,-3.29125502e-06,-0.000250666951,0.00102525417,-0.00069757347,0.632646436,0.567354005,1,0.000579308778,-0.00207210639,-0.0137644915,0.00268993446
39.52,object_red_01,RED,0.00177845817,-0.249983038,0.00798795548,2.42714764e-10,1.49273071e-07,-3.46838977e-06,-0.000263391103,0.001061691,-0.000649336332,0.632628399,0.567372034,1,0.000579284437,-0.00207199924,-0.0139737719,0.00285342874
39.56,object_red_01,RED,0.00177845818,-0.249983032,0.00798781312,2.42623451e-10,1.49251538e-07,-3.64399563e-06,-0.000276211124,0.00109727966,-0.000599322827,0.632608037,0.567392381,1,0.000579254943,-0.00207187585,-0.0141949493,0.00303233517
39.6,object_red_01,RED,0.00177845819,-0.249983026,0.00798766368,2.42491532e-10,1.49214297e-07,-3.81952427e-06,-0.000289203159,0.00113233395,-0.000548373184,0.632585141,0.567415257,1,0.000579219639,-0.00207173449,-0.0144280951,0.00322659587
39.64,object_red_01,RED,0.0017784582,-0.24998302,0.00798750717,2.42322479e-10,1.49165237e-07,-3.99536971e-06,-0.000302383608,0.00116696176,-0.000497159495,0.632559391,0.567440991,1,0.000579177842,-0.00207157336,-0.014673272,0.00343609632
39.68,object_red_01,RED,0.00177845821,-0.249983014,0.00798732016,2.56985097e-10,1.58347869e-07,-8.06687425e-06,-0.00044913342,0.000281329574,-0.00160734628,0.633861472,0.567885205,1,0.000579005776,-0.00207107841,-0.0149305848,0.00366057737
39.72,object_red_01,RED,0.00177845822,-0.249983007,0.00798716093,2.5784846e-10,1.59871061e-07,-4.23025708e-06,-0.000384559182,0.00176522723,-0.000905101042,0.631957174,0.567111939,1,0.000578625771,-0.00206990736,-0.0151999232,0.00389960183
39.76,object_red_01,RED,0.00177845823,-0.249983001,0.00798694963,2.4075897e-10,1.49196706e-07,-5.26818012e-06,-0.000342758147,0.0012536787,-0.000410987053,0.63245115,0.567425624,1,0.000578720272,-0.00207016724,-0.015481425,0.00415401891
39.8,object_red_01,RED,0.00177845824,-0.249982995,0.00798674868,2.40222894e-10,1.48453688e-07,-4.89053001e-06,-0.000355526483,0.00126869736,-0.00027002726,0.632465063,0.567548358,1,0.000578884407,-0.00207061184,-0.0157750355,0.0044229472
39.84,object_red_01,RED,0.00177845825,-0.249982989,0.00798655344,2.40360284e-10,1.48354545e-07,-4.91282095e-06,-0.000369531409,0.00130075261,-0.00018301923,0.6324253,0.567578399,1,0.000578922354,-0.00207066161,-0.0160806877,0.00470588547
39.88,object_red_01,RED,0.00177845826,-0.249982983,0.00798635431,2.40315361e-10,1.48334674e-07,-5.04815385e-06,-0.000383074579,0.00133447815,-0.000138795822,0.632397329,0.567602739,1,0.000578881475,-0.00207047631,-0.0163984278,0.00500276342
39.92,object_red_01,RED,0.00177845827,-0.249982977,0.00798614901,2.40178143e-10,1.48331313e-07,-5.20916706e-06,-0.000396675737,0.00136955829,-0.000108522347,0.632366224,0.567633818,1,0.000578818277,-0.00207023979,-0.0167281234,0.00531334871
39.96,object_red_01,RED,0.00177845828,-0.249982971,0.00798597377,2.40225703e-10,1.48475591e-07,-4.35467822e-06,-0.000410348746,0.001410449,-7.59488102e-05,0.632319056,0.567681225,1,0.000578744093,-0.00206998195,-0.0170696823,0.00563739511
40,object_red_01,RED,0.00177845829,-0.249982966,0.00798582423,2.3995174e-10,1.48471685e-07,-3.13603751e-06,-0.000424303974,0.00145978246,-4.07714285e-05,0.632263989,0.567736245,1,0.000578643632,-0.00206964938,-0.0174230197,0.00597465001
40.04,object_red_01,RED,0.0017784583,-0.24998296,0.00798571299,2.39481899e-10,1.48395081e-07,-2.58166805e-06,-0.000438136429,0.00151120645,-1.34084929e-05,0.632209089,0.567791192,1,0.000578520367,-0.00206925057,-0.0177880211,0.00632486676
40.08,object_red_01,RED,0.00177845831,-0.249982954,0.0079856123,2.38807883e-10,1.48220991e-07,-2.49308688e-06,-0.000451557822,0.00156296355,9.74026646e-06,0.632150703,0.567849568,1,0.000578384219,-0.00206881675,-0.0181645856,0.00668782953
40.12,object_red_01,RED,0.00177845832,-0.249982948,0.0079854752,-4.57473095e-11,-1.58417978e-08,-1.10507741e-05,-0.000466968308,0.0015831297,7.44615211e-05,0.632112803,0.567880348,1,0.000578218427,-0.00206835217,-0.0185527186,0.00706342879
40.16,object_red_01,RED,0.00177845831,-0.249982955,0.00798490828,-3.27738518e-10,-1.80688864e-07,-1.10501544e-05,-0.000478404578,0.00159151713,0.000107619299,0.632068335,0.567930939,1,0.000577572647,-0.00206774068,-0.0189527413,0.00745183902
40.2,object_red_01,RED,0.00177845829,-0.249982962,0.00798460299,-3.14543039e-10,-1.7628655e-07,-5.53673941e-06,-0.000491456227,0.00164404458,0.000102973019,0.632002432,0.567997994,1,0.000577120574,-0.00206714669,-0.0193633866,0.00785178749
40.24,object_red_01,RED,0.00177845828,-0.249982969,0.00798441791,-2.98932374e-10,-1.70463392e-07,-4.1379565e-06,-0.000504237979,0.00169573347,0.000108091185,0.631929398,0.568070944,1,0.000576820046,-0.0020665779,-0.0197848988,0.00826342245
40.28,object_red_01,RED,0.00177845827,-0.249982975,0.00798425909,-2.83649667e-10,-1.64861616e-07,-3.89425028e-06,-0.000517084116,0.00174699904,0.000117803808,0.631852009,0.568148305,1,0.000576576363,-0.00206599627,-0.0202171304,0.00868651083
40.32,object_red_01,RED,0.00177845826,-0.249982982,0.00798410332,-2.68995511e-10,-1.59617621e-07,-3.91008445e-06,-0.000529746928,0.00179636606,0.000129080364,0.631770577,0.568229751,1,0.000576348696,-0.00206538584,-0.0206599242,0.0091208248
40.36,object_red_01,RED,0.00177845825,-0.249982988,0.00798394546,-2.55062559e-10,-1.54751412e-07,-3.98416131e-06,-0.00054211743,0.0018426661,0.000140700179,0.63168489,0.568315461,1,0.000576120691,-0.00206474208,-0.0211130653,0.00956608958
40.4,object_red_01,RED,0.00177845824,-0.249982994,0.00798378427,-2.41886089e-10,-1.5024694e-07,-4.07403044e-06,-0.000554148577,0.00188484412,0.000152189939,0.631594965,0.568405416,1,0.000575885783,-0.00206406382,-0.0215763336,0.0100220321
40.44,object_red_01,RED,0.00177845823,-0.249983,0.00798361932,-2.29604742e-10,-1.46127867e-07,-4.17099282e-06,-0.000565716004,0.00192152167,0.000163323022,0.631500841,0.56849958,1,0.000575641334,-0.00206335084,-0.0220494977,0.0104883732
40.48,object_red_01,RED,0.00177845822,-0.249983006,0.00798345034,-2.18263046e-10,-1.42366425e-07,-4.27465588e-06,-0.000576750264,0.00195152874,0.000173988023,0.631402487,0.568597979,1,0.000575386374,-0.00206260346,-0.0225322784,0.0109647919
40.52,object_red_01,RED,0.00177845821,-0.249983011,0.00798327694,-2.07702144e-10,-1.38835431e-07,-4.38903202e-06,-0.000587488754,0.00197429506,0.000184165247,0.631300415,0.568700114,1,0.000575120654,-0.00206182229,-0.0230244789,0.0114510519
40.56,object_red_01,RED,0.0017784582,-0.249983017,0.00798309874,-1.98119539e-10,-1.35566438e-07,-4.51495925e-06,-0.000597767635,0.00198818904,0.000193747605,0.631194276,0.568806315,1,0.000574844401,-0.00206100866,-0.0235257718,0.0119467921
40.6,object_red_01,RED,0.00177845819,-0.249983022,0.00798291519,-1.89481571e-10,-1.32481277e-07,-4.65604885e-06,-0.000607677261,0.00199225713,0.00020268582,0.631084544,0.568916115,1,0.000574558092,-0.00206016428,-0.0240358983,0.0124517223
40.64,object_red_01,RED,0.00177845819,-0.249983028,0.00798272569,-1.82043855e-10,-1.29635008e-07,-4.81358446e-06,-0.000617008968,0.00198465088,0.000210829354,0.630972007,0.569028738,1,0.000574262457,-0.00205929154,-0.0245545682,0.0129655241
40.68,object_red_01,RED,-0.00449631204,-0.249924852,0.0103574454,-0.179536933,0.00358100264,0.0247840758,-0.256551784,-1.24038858,-0.062651235,0,0,1,0.000502477627,0.00465746464,-0.0229240575,0.0122877086
40.72,object_red_01,RED,-0.0088876946,-0.249553234,0.00698943632,-0.0436621593,0.00272539778,-0.0546541807,-0.490130517,2.39188683,0.398850833,0,0,0,0.00083464444,0.00921769565,-0.0266083239,
40.76,object_red_01,RED,-0.00955797641,-0.249607773,0.00740466376,-0.00815349629,-0.00179601455,0.019152303,0.218799416,-0.965380491,0.00389112166,0,0,0,0.0008232925,0.00970316051,-0.0267358645,
40.8,object_red_01,RED,-0.00973246178,-0.249649893,0.00783087478,-0.0012854847,-0.000332507103,0.00474552854,0.0392353807,-0.161832642,0.000227452002,0,0,0,0.000814200659,0.00974080744,-0.026859318,
40.84,object_red_01,RED,-0.0097425058,-0.249652491,0.00791045862,-1.40898005e-05,-3.64450761e-06,0.000135499679,0.000430045868,-0.00177379782,2.49303111e-06,0,0,0,0.000823670969,0.00970473291,-0.0273362703,
40.88,object_red_01,RED,-0.00974261589,-0.249652519,0.00790533691,-1.54433949e-07,-3.99463217e-08,-0.000137572089,4.71359975e-06,-1.94420498e-05,2.73253436e-08,0,0,0,0.000825337851,0.00970106029,-0.0279045515,
40.92,object_red_01,RED,-0.00974261709,-0.249652519,0.00790217453,-1.6927028e-09,-4.37839284e-10,-3.94556636e-05,5.16643099e-08,-2.130983e-07,2.99504657e-10,0,0,0,0.000824382809,0.00970659679,-0.0284771659,
40.96,object_red_01,RED,-0.00974261711,-0.249652519,0.00790137082,-1.85532012e-11,-4.79902406e-12,-9.1008265e-06,5.66277597e-10,-2.33570576e-09,3.28278098e-12,0,0,0,0.000823542276,0.0097105923,-0.0290533509,
41,object_red_01,RED,-0.00974261711,-0.249652519,0.00790118999,-2.03354013e-13,-5.26062172e-14,-2.00166545e-06,6.20732484e-12,-2.56004535e-11,3.59892571e-14,0,0,0,0.000823197804,0.00971210437,-0.029634502,
41.04,object_red_01,RED,-0.00974261711,-0.249652519,0.00790115046,-2.2300053e-15,-5.65881175e-16,-4.34917946e-07,6.66982291e-14,-2.806557e-13,3.84200681e-16,0,0,0,0.000823129274,0.00971236875,-0.0302207271,
41.08,object_red_01,RED,-0.00974261711,-0.249652519,0.00790114189,-1.83306201e-17,-1.25773948e-17,-9.41927633e-08,8.63918214e-16,-3.26003566e-15,1.48020691e-17,0,0,0,0.000823144409,0.00971228549,-0.030811772,
41.12,object_red_01,RED,-0.00974261711,-0.249652519,0.00790114003,1.80662628e-18,-2.43418505e-19,-2.03822323e-08,-7.10426042e-17,1.5330962e-16,-1.45008105e-17,0,0,0,0.000823164599,0.00971219455,-0.0314072805,
41.16,object_red_01,RED,-0.00974261711,-0.249652519,0.00790113963,5.00600187e-18,6.83633684e-19,-4.40945893e-09,3.31091081e-16,4.75959069e-16,1.23157996e-18,0,0,0,0.000823174224,0.00971215433,-0.0320069042,
41.2,object_red_01,RED,-0.00974261711,-0.249652519,0.00790113955,5.75182582e-18,-4.49879716e-18,-9.53876042e-10,1.08509174e-15,9.58833658e-16,-2.424239e-17,0,0,0,0.000823176721,0.00971214521,-0.0326102418,
41.24,object_red_01,RED,-0.00974261711,-0.249652519,0.00790113953,6.54644198e-18,8.41864038e-20,-2.0634375e-10,1.19970896e-16,4.13911098e-16,4.25303243e-18,0,0,0,0.000823176667,0.00971214632,-0.0332169173,
41.28,object_red_01,RED,-0.00974261711,-0.249652519,0.00790113952,1.92512167e-18,-7.27298341e-18,-4.46363166e-11,6.87984726e-16,-8.77000865e-16,1.14420056e-17,0,0,0,0.00082317624,0.00971214845,-0.0338265453,
41.32,object_red_01,RED,-0.00974261711,-0.249652519,0.00790113952,6.678878e-18,2.96781079e-19,-9.65578975e-12,-2.67082776e-16,1.12691297e-15,-1.06979479e-17,0,0,0,0.000823175997,0.00971214955,-0.0344387295,
41.36,object_red_01,RED,-0.00974261711,-0.249652519,0.00790113952,6.2167235e-19,8.54406455e-19,-2.08876164e-12,8.47841988e-17,8.62384407e-16,1.38643769e-17,0,0,0,0.000823175923,0.00971214986,-0.0350530846,
41.4,object_red_01,RED,-0.00974261711,-0.249652519,0.00790113952,1.17672096e-17,-4.40121272e-18,-4.51873315e-13,1.67823893e-15,9.0778153e-16,2.417938e-19,0,0,0,0.000823175919,0.00971214986,-0.0356692106,
41.44,object_red_01,RED,-0.00974261711,-0.249652519,0.00790113952,6.11428231e-18,3.91786087e-18,-9.77838777e-14,2.4464146e-17,8.3897897e-16,-1.1453311e-17,0,0,0,0.000823175928,0.00971214982,-0.0362867121,
41.48,object_red_01,RED,-0.00974261711,-0.249652519,0.00790113952,1.17811502e-17,2.57955996e-18,-2.11402771e-14,-5.18416329e-16,1.25234412e-15,-3.09222272e-18,0,0,0,0.000823175935,0.00971214979,-0.0369051906,
41.52,object_red_01,RED,-0.00974261711,-0.249652519,0.00790113952,9.19282418e-20,1.63508198e-18,-4.57389628e-15,2.8082437e-16,7.46108009e-17,-2.75361167e-18,0,0,0,0.000823175937,0.00971214978,-0.0375242493,
41.56,object_red_01,RED,-0.00974261711,-0.249652519,0.00790113952,-2.62649547e-18,5.06796321e-18,-9.80112251e-16,8.08624832e-16,-1.09211489e-17,4.56559648e-18,0,0,0,0.000823175937,0.00971214978,-0.0381434868,
41.6,object_red_01,RED,-0.00974261711,-0.249652519,0.00790113952,-4.4596889e-18,-2.54362318e-18,-2.66351769e-16,1.55759882e-15,6.17962526e-16,2.8204472e-18,0,0,0,0.000823175937,0.00971214978,-0.0387625045,
41.64,object_red_01,RED,-0.00974261711,-0.249652519,0.00790113952,3.58405716e-18,-3.59265592e-18,-2.41370152e-16,1.97481252e-15,-2.48981149e-16,7.50890794e-18,0,0,0,0.000823175937,0.00971214978,-0.0393809014,
41.68,object_red_01,RED,-0.00974261711,-0.249652519,0.00790113952,-6.05589154e-18,-1.94626285e-19,-2.41370152e-16,7.9857149e-16,2.4700991e-16,2.35160113e-18,0,0,0,0.000823175937,0.00971214978,-0.0399982803,
41.72,object_red_01,RED,-0.00974261711,-0.249652519,0.00790113952,-9.12980143e-18,1.29353644e-18,-2.34232547e-16,1.28113191e-15,-5.22149305e-16,2.43613196e-17,0,0,0,0.000823175937,0.00971214978,-0.0406142431,
41.76,object_red_01,RED,-0.00974261711,-0.249652519,0.00790113952,-7.01082499e-18,-1.38355371e-17,-2.41370152e-16,1.60283886e-15,-5.27568684e-16,-7.75463645e-18,0,0,0,0.000823175937,0.00971214978,-0.041228395,
41.8,object_red_01,RED,-0.00974261711,-0.249652519,0.00790113952,-1.09629949e-17,-1.34556548e-17,-2.3780135e-16,1.90443912e-15,-1.29617811e-15,2.76432421e-17,0,0,0,0.000823175937,0.00971214978,-0.0418403357,
41.84,object_red_01,RED,-0.00974261711,-0.249652519,0.00790113952,-3.22594275e-18,-1.09254296e-17,-2.41370152e-16,1.15546514e-15,3.27986439e-16,2.10012561e-17,0,0,0,0.000823175937,0.00971214978,-0.0424496781,
41.88,object_red_01,RED,-0.00974261711,-0.249652519,0.00790113952,9.19282418e-20,7.64349542e-18,-2.34232547e-16,1.34647864e-15,-3.82536728e-17,3.7202882e-19,0,0,0,0.000823175937,0.00971214978,-0.0430560308,
41.92,object_red_01,RED,-0.00974261711,-0.249652519,0.00790113952,-1.12696888e-17,1.42443858e-17,-2.41370152e-16,4.86917884e-16,-7.72383273e-16,-4.44666693e-18,0,0,0,0.000823175937,0.00971214978,-0.0436590048,
41.96,object_red_01,RED,-0.00974261711,-0.249652519,0.00790113952,-2.5986142e-18,1.23728556e-17,-2.41370152e-16,1.14541179e-15,-3.40403729e-16,-1.90850832e-17,0,0,0,0.000823175937,0.00971214978,-0.0442582281,
42,object_red_01,RED,-0.00974261711,-0.249652519,0.00790113952,-2.80772372e-18,1.19246684e-18,-2.41370152e-16,6.47771358e-16,3.76615558e-18,2.55594818e-17,0,0,0,0.000823175937,0.00971214978,-0.0448532911,
42.04,object_red_01,RED,-0.00974261711,-0.249652519,0.00790113952,-6.20923852e-18,4.58496591e-20,-2.34232547e-16,7.83491477e-16,-1.80335672e-16,-8.52180371e-19,0,0,0,0.000823175937,0.00971214978,-0.0454438481,
42.08,object_red_01,RED,-0.00974261711,-0.249652519,0.00790113952,4.42049523e-18,-1.26714941e-17,-2.44938955e-16,1.06498506e-15,-2.32644468e-16,4.35840086e-17,0,0,0,0.000823175937,0.00971214978,-0.046029517,
42.12,object_red_01,RED,-0.00974261711,-0.249652519,0.00790113952,-8.90886485e-19,5.33771864e-19,-2.41370152e-16,5.47237937e-16,-8.41657084e-16,2.0480316e-17,0,0,0,0.000823175937,0.00971214978,-0.0466099343,
42.16,object_red_01,RED,-0.00974261711,-0.249652519,0.00790113952,4.57384221e-18,1.1128654e-17,-2.44938955e-16,4.96971226e-16,-2.05626111e-16,2.65753149e-17,0,0,0,0.000823175937,0.00971214978,-0.0471847244,
42.2,object_red_01,RED,-0.00974261711,-0.249652519,0.00790113952,-3.22594275e-18,1.2205568e-17,-2.3780135e-16,-1.86656039e-16,9.5757699e-16,-2.21065357e-17,0,0,0,0.000823175937,0.00971214978,-0.0477535498,
42.24,object_red_01,RED,-0.00974261711,-0.249652519,0.00790113952,-7.49177688e-18,1.40108802e-17,-2.44938955e-16,-1.56496012e-16,6.59746729e-16,-3.30059875e-18,0,0,0,0.000823175937,0.00971214978,-0.0483160472,
42.28,object_red_01,RED,-0.00974261711,-0.249652519,0.00790113952,-7.2547861e-18,1.47079119e-17,-2.41370152e-16,3.45174881e-17,4.49019253e-16,-1.05937599e-17,0,0,0,0.000823175937,0.00971214978,-0.0488718802,
42.32,object_red_01,RED,-0.00974261711,-0.249652519,0.00790113952,-1.21479488e-17,9.83914534e-18,-2.41370152e-16,-4.59092489e-17,-5.174368e-16,-9.78630277e-18,0,0,0,0.000823175937,0.00971214978,-0.0494207144,
42.36,object_red_01,RED,-0.00974261711,-0.249652519,0.00790113952,3.16583813e-18,5.08190384e-18,-2.48507757e-16,-9.0044333e-16,8.70866914e-16,-7.96301249e-18,0,0,0,0.000823175937,0.00971214978,-0.0499622157,
42.4,object_red_01,RED,-0.00974261711,-0.249652519,0.00790113952,-1.02102006e-17,5.94970834e-18,-2.41370152e-16,-5.28469671e-16,-2.545137e-17,1.78756156e-17,0,0,0,0.000823175937,0.00971214978,-0.0504960643,
42.44,object_red_01,RED,-0.00974261711,-0.249652519,0.00790113952,1.34658534e-18,8.0408035e-18,-2.44938955e-16,-1.03113678e-15,3.81674357e-17,6.72749782e-18,0,0,0,0.000823175937,0.00971214978,-0.051021946,
42.48,object_red_01,RED,-0.00974261711,-0.249652519,0.00790113952,-8.99039508e-18,3.97710857e-18,-2.41370152e-16,-4.63122947e-16,-6.80175276e-16,5.71166466e-18,0,0,0,0.000823175937,0.00971214978,-0.0515395529,
42.52,object_red_01,RED,-0.00974261711,-0.249652519,0.00790113952,5.01994251e-18,8.83890482e-18,-2.41370152e-16,-5.78736382e-16,3.60345634e-16,6.80563883e-18,0,0,0,0.000823175937,0.00971214978,-0.0520485897,
42.56,object_red_01,RED,-0.00974261711,-0.249652519,0.00790113952,4.37170301e-18,1.0797564e-17,-2.3780135e-16,7.97575277e-17,6.24368319e-17,2.37764813e-18,0,0,0,0.000823175937,0.00971214978,-0.0525487668,
42.6,object_red_01,RED,-0.00974261711,-0.249652519,0.00790113952,1.12839193e-19,5.48618224e-18,-2.41370152e-16,-6.13923079e-16,4.17838184e-16,9.95732632e-18,0,0,0,0.000823175937,0.00971214978,-0.0530398245,
42.64,object_red_01,RED,-0.00974261711,-0.249652519,0.00790113952,7.56410829e-18,6.83842378e-18,-2.48507757e-16,-1.00600342e-15,1.07256209e-15,7.92566e-18,0,0,0,0.000823175937,0.00971214978,-0.0535214504,
42.68,object_red_01,RED,-0.00974261711,-0.249652519,0.00790113952,1.07356026e-17,1.10031883e-17,-2.41370152e-16,-1.07637682e-15,1.496967e-16,2.44655076e-17,0,0,0,0.000823175937,0.00971214978,-0.053993432,
42.72,object_red_01,RED,-0.00974261711,-0.249652519,0.00790113952,8.26811033e-18,1.34149181e-17,-2.44938955e-16,-9.9595008e-16,1.61242335e-16,1.435927e-17,0,0,0,0.000823175937,0.00971214978,-0.0544555006,
42.76,object_red_01,RED,-0.00974261711,-0.249652519,0.00790113952,9.92007551e-18,9.45577789e-18,-2.3780135e-16,-8.5520329e-16,1.88103609e-16,1.54011502e-17,0,0,0,0.000823175937,0.00971214978,-0.0549074205,
42.8,object_red_01,RED,-0.00974261711,-0.249652519,0.00790113952,2.60124244e-18,5.8346981e-18,-2.3780135e-16,-1.96709381e-16,-3.96403986e-16,4.20093842e-18,0,0,0,0.000823175937,0.00971214978,-0.0553489709,
42.84,object_red_01,RED,-0.00974261711,-0.249652519,0.00790113952,9.0278749e-18,6.05077793e-18,-2.3780135e-16,-4.07829566e-16,-1.11611654e-16,1.98551879e-17,0,0,0,0.000823175937,0.00971214978,-0.0557799386,
42.88,object_red_01,RED,-0.00974261711,-0.249652519,0.00790113952,-1.72943812e-19,7.21133575e-18,-2.41370152e-16,3.96437805e-16,-4.18081505e-16,2.60804218e-17,0,0,0,0.000823175937,0.00971214978,-0.0562001438,
42.92,object_red_01,RED,-0.00974261711,-0.249652519,0.00790113952,-1.31121909e-19,6.28428356e-18,-2.44938955e-16,9.84558319e-16,-7.72103736e-17,2.71625919e-18,0,0,0,0.000823175937,0.00971214978,-0.0566093285,
42.96,object_red_01,RED,-0.00974261711,-0.249652519,0.00790113952,-8.96948413e-18,1.42095342e-17,-2.44938955e-16,-4.93282974e-16,2.91935783e-16,2.89455923e-17,0,0,0,0.000823175937,0.00971214978,-0.0570073939,
43,object_red_01,RED,-0.00974261711,-0.249652519,0.00790113952,-4.25057938e-18,1.31605015e-17,-2.41370152e-16,-4.43016263e-16,4.67476561e-16,-1.26254262e-17,0,0,0,0.000823175937,0.00971214978,-0.0573941549,
43.04,object_red_01,RED,-0.00974261711,-0.249652519,0.00790113952,-7.21296419e-18,3.76102873e-18,-2.3780135e-16,-4.02802894e-16,-4.50676325e-16,-1.11147e-17,0,0,0,0.000823175937,0.00971214978,-0.0577694375,
43.08,object_red_01,RED,-0.00974261711,-0.249652519,0.00790113952,-7.20599388e-18,4.91113107e-18,-2.3780135e-16,-3.37456171e-16,-5.32909522e-16,-6.37414524e-18,0,0,0,0.000823175937,0.00971214978,-0.0581331389,
43.12,object_red_01,RED,-0.00974261711,-0.249652519,0.00790113952,-7.5148014e-19,1.73287512e-17,-2.3780135e-16,-5.58629697e-16,-6.0166817e-17,7.58704895e-18,0,0,0,0.000823175937,0.00971214978,-0.0584851241,
43.16,object_red_01,RED,-0.00974261711,-0.249652519,0.00790113952,8.81179507e-18,1.33870368e-17,-2.41370152e-16,-8.14989922e-16,-2.24083419e-16,7.58704895e-18,0,0,0,0.000823175937,0.00971214978,-0.0588252916,
43.2,object_red_01,RED,-0.00974261711,-0.249652519,0.00790113952,1.07146917e-17,1.20626765e-17,-2.41370152e-16,-6.49109777e-16,4.95908669e-16,-8.58814058e-18,0,0,0,0.000823175937,0.00971214978,-0.0591535583,
43.24,object_red_01,RED,-0.00974261711,-0.249652519,0.00790113952,7.32014719e-18,1.64121545e-17,-2.41370152e-16,-1.10653684e-15,-6.13571885e-16,-1.43445285e-17,0,0,0,0.000823175937,0.00971214978,-0.059469877,
43.28,object_red_01,RED,-0.00974261711,-0.249652519,0.00790113952,4.01621683e-18,3.32189875e-18,-2.3780135e-16,3.05957726e-16,4.77137195e-16,2.39185205e-17,0,0,0,0.000823175937,0.00971214978,-0.0597740947,
43.32,object_red_01,RED,-0.00974261711,-0.249652519,0.00790113952,-3.40020068e-18,-4.54758938e-18,-2.41370152e-16,8.43811529e-16,-5.5089558e-16,4.84287513e-17,0,0,0,0.000823175937,0.00971214978,-0.0600662691,
43.36,object_red_01,RED,-0.00974261711,-0.249652519,0.00790113952,1.6532793e-18,6.81402767e-18,-2.41370152e-16,6.97041856e-17,-3.37497685e-16,2.83725582e-17,0,0,0,0.000823175937,0.00971214978,-0.0603463345,
43.4,object_red_01,RED,-0.00974261711,-0.249652519,0.00790113952,-1.26728361e-18,-3.01063444e-18,-2.41370152e-16,1.07001173e-15,6.16514146e-17,3.63429415e-17,0,0,0,0.000823175937,0.00971214978,-0.0606142918,
43.44,object_red_01,RED,-0.00974261711,-0.249652519,0.00790113952,-1.39274932e-18,1.25171454e-18,-2.41370152e-16,-4.59092489e-17,-1.95965477e-16,8.00380102e-18,0,0,0,0.000823175937,0.00971214978,-0.0608701532,
43.48,object_red_01,RED,-0.00974261711,-0.249652519,0.00790113952,-7.53593712e-20,-4.28620249e-18,-2.3780135e-16,4.35746175e-18,-1.06270816e-16,-3.30059875e-18,0,0,0,0.000823175937,0.00971214978,-0.0611139401,
43.52,object_red_01,RED,-0.00974261711,-0.249652519,0.00790113952,1.51387295e-18,-2.62029667e-18,-2.44938955e-16,-3.17349486e-16,-7.51883881e-16,-4.87522314e-19,0,0,0,0.000823175937,0.00971214978,-0.0613457091,
43.56,object_red_01,RED,-0.00974261711,-0.249652519,0.00790113952,2.48274704e-18,2.81655075e-18,-2.44938955e-16,4.96971226e-16,-1.30147503e-16,-2.02571984e-17,0,0,0,0.000823175937,0.00971214978,-0.0615655252,
43.6,object_red_01,RED,-0.00974261711,-0.249652519,0.00790113952,6.76252181e-18,5.26661725e-18,-2.41370152e-16,1.44701206e-15,-3.16762667e-16,-1.70013229e-17,0,0,0,0.000823175937,0.00971214978,-0.0617734625,
43.64,object_red_01,RED,-0.00974261711,-0.249652519,0.00790113952,4.33685142e-18,1.67780961e-17,-2.44938955e-16,-3.07296144e-16,-1.40986263e-16,-1.96841643e-17,0,0,0,0.000823175937,0.00971214978,-0.0619696347,
43.68,object_red_01,RED,-0.00974261711,-0.249652519,0.00790113952,4.94326902e-18,1.52446263e-17,-2.44938955e-16,-2.72109447e-16,2.86359319e-16,1.64430303e-17,0,0,0,0.000823175937,0.00971214978,-0.0621541653,
43.72,object_red_01,RED,-0.00974261711,-0.249652519,0.00790113952,-4.38998572e-18,2.00646007e-17,-2.41370152e-16,-5.58629697e-16,-2.80005134e-16,6.75354482e-18,0,0,0,0.000823175937,0.00971214978,-0.0623271928,
43.76,object_red_01,RED,-0.00974261711,-0.249652519,0.00790113952,4.54384737e-19,5.84515358e-18,-2.3780135e-16,-5.58629697e-16,-3.18804752e-16,2.27346012e-18,0,0,0,0.000823175937,0.00971214978,-0.0624888896,
43.8,object_red_01,RED,-0.00974261711,-0.249652519,0.00790113952,6.73464054e-18,1.47845854e-17,-2.3780135e-16,-4.88256303e-16,-3.14720581e-16,7.2484379e-18,0,0,0,0.000823175937,0.00971214978,-0.0626394454,
43.84,object_red_01,RED,-0.00974261711,-0.249652519,0.00790113952,-1.65810705e-17,1.37738894e-17,-2.41370152e-16,1.90344291e-16,1.77186307e-16,2.62106569e-17,0,0,0,0.000823175937,0.00971214978,-0.0627790609,
43.88,object_red_01,RED,-0.00974261711,-0.249652519,0.00790113952,-1.26637523e-17,5.7336285e-18,-2.3780135e-16,2.8082437e-16,-2.56128447e-16,-4.42061993e-18,0,0,0,0.000823175937,0.00971214978,-0.0629079719,
43.92,object_red_01,RED,-0.00974261711,-0.249652519,0.00790113952,-6.34167454e-18,1.61068587e-18,-2.3780135e-16,-3.07296144e-16,5.08318264e-16,3.12637757e-17,0,0,0,0.000823175937,0.00971214978,-0.0630264289,
43.96,object_red_01,RED,-0.00974261711,-0.249652519,0.00790113952,-7.21993451e-18,3.92134603e-18,-2.3780135e-16,-2.67082776e-16,5.62320348e-17,1.88914487e-17,0,0,0,0.000823175937,0.00971214978,-0.0631347014,
44,object_red_01,RED,-0.00974261711,-0.249652519,0.00790113952,-4.33422319e-18,6.02986698e-18,-2.41370152e-16,-5.43549684e-16,-4.27663597e-16,1.91779658e-17,0,0,0,0.000823175937,0.00971214978,-0.0632330911,
44.04,object_red_01,RED,-0.00974261711,-0.249652519,0.00790113952,-7.10143912e-18,1.87262998e-17,-2.3780135e-16,-7.19483172e-16,-5.60791838e-16,-2.49977532e-17,0,0,0,0.000823175937,0.00971214978,-0.0633219238,
44.08,object_red_01,RED,-0.00974261711,-0.249652519,0.00790113952,-5.35885982e-18,1.57674001e-17,-2.44938955e-16,-6.34029763e-16,7.99315393e-16,-5.20203005e-18,0,0,0,0.000823175937,0.00971214978,-0.0634015393,
44.12,object_red_01,RED,-0.00974261711,-0.249652519,0.00790113952,-7.96575845e-18,1.35508393e-17,-2.44938955e-16,-1.21712361e-15,3.46522289e-16,7.2484379e-18,0,0,0,0.000823175937,0.00971214978,-0.0634723115,
44.16,object_red_01,RED,-0.00974261711,-0.249652519,0.00790113952,-1.38092226e-19,6.76663367e-19,-2.3780135e-16,-1.287497e-15,5.66046439e-16,1.75630515e-17,0,0,0,0.000823175937,0.00971214978,-0.0635346346,
44.2,object_red_01,RED,-0.00974261711,-0.249652519,0.00790113952,-5.18460189e-18,3.59025596e-18,-2.41370152e-16,-7.29536514e-16,-5.37229318e-16,3.39726641e-17,0,0,0,0.000823175937,0.00971214978,-0.0635889235,
44.24,object_red_01,RED,-0.00974261711,-0.249652519,0.00790113952,-3.72780559e-18,3.96665309e-18,-2.3780135e-16,-2.92216131e-16,6.07595017e-16,1.70421114e-17,0,0,0,0.000823175937,0.00971214978,-0.0636356222,
44.28,object_red_01,RED,-0.00974261711,-0.249652519,0.00790113952,-6.8086858e-18,3.82724675e-18,-2.3780135e-16,-1.07637682e-15,-7.96181419e-16,2.31631574e-17,0,0,0,0.000823175937,0.00971214978,-0.0636752052,
44.32,object_red_01,RED,-0.00974261711,-0.249652519,0.00790113952,-3.99964796e-18,1.17524974e-17,-2.44938955e-16,-3.47509513e-16,-1.48447728e-16,-1.22086742e-17,0,0,0,0.000823175937,0.00971214978,-0.0637081652,
44.36,object_red_01,RED,-0.00974261711,-0.249652519,0.00790113952,2.02967643e-18,1.63598771e-17,-2.41370152e-16,-1.14172354e-15,2.54707e-16,-5.69692313e-18,0,0,0,0.000823175937,0.00971214978,-0.0637350265,
44.4,object_red_01,RED,-0.00974261711,-0.249652519,0.00790113952,-4.58515461e-18,5.81727231e-18,-2.34232547e-16,-8.90389988e-16,-4.07792538e-16,3.23056558e-17,0,0,0,0.000823175937,0.00971214978,-0.0637563418,
44.44,object_red_01,RED,-0.00974261711,-0.249652519,0.00790113952,-4.49454048e-18,1.27736489e-17,-2.3780135e-16,-9.40656698e-16,-5.89447787e-18,1.29527318e-17,0,0,0,0.000823175937,0.00971214978,-0.0637726856,
44.48,object_red_01,RED,-0.00974261711,-0.249652519,0.00790113952,-5.97921805e-18,4.85885369e-18,-2.41370152e-16,-6.03869737e-16,-5.59927879e-16,3.55354843e-17,0,0,0,0.000823175937,0.00971214978,-0.0637846611,
44.52,object_red_01,RED,-0.00974261711,-0.249652519,0.00790113952,8.28443533e-21,2.82352107e-18,-2.41370152e-16,-4.63122947e-16,1.73966096e-16,2.6992067e-17,0,0,0,0.000823175937,0.00971214978,-0.0637929033,
44.56,object_red_01,RED,-0.00974261711,-0.249652519,0.00790113952,-4.93578404e-19,5.64301438e-18,-2.41370152e-16,-1.30760369e-15,4.52632173e-16,4.10834962e-17,0,0,0,0.000823175937,0.00971214978,-0.0637980724,
44.6,object_red_01,RED,-0.00974261711,-0.249652519,0.00790113952,-4.48059985e-18,4.65322933e-18,-2.41370152e-16,-6.34029763e-16,3.76760857e-16,3.24358908e-17,0,0,0,0.000823175937,0.00971214978,-0.0638008582,
44.64,object_red_01,RED,-0.00974261711,-0.249652519,0.00790113952,-3.75568686e-18,6.05774825e-18,-2.41370152e-16,-6.08896408e-16,5.43470332e-17,3.66555055e-17,0,0,0,0.000823175937,0.00971214978,-0.0638019817,
44.68,object_red_01,RED,-0.00974261711,-0.249652519,0.00790113952,-4.7454719e-18,1.38679887e-17,-2.3780135e-16,-9.9595008e-16,-3.95775652e-16,-2.75361167e-18,0,0,0,0.000823175937,0.00971214978,-0.0638021911,
44.72,object_red_01,RED,-0.00974261711,-0.249652519,0.00790113952,-3.95782606e-18,6.13093658e-18,-2.44938955e-16,-1.00600342e-15,2.03890497e-16,3.75150566e-17,0,0,0,0.000823175937,0.00971214978,-0.0636335555,
