sample_id,q1_rad,q2_rad,q3_m,q4_rad,max_frame_position_error_m,max_frame_orientation_error_rad,tcp_position_error_m,tcp_orientation_error_rad,j1_position_error_m,j2_position_error_m,j3_position_error_m,j4_position_error_m
0,-0.6435969983729417,-0.5709337741362095,0.038379699625104916,0.21245186991610066,5.551115123125783e-17,3.367489069766862e-16,5.551115123125783e-17,3.367489069766862e-16,0.0,0.0,5.551115123125783e-17,5.551115123125783e-17
1,-0.8594534507733766,-0.2512644244786508,0.04718946513978706,-2.6903706142830237,6.206335383118183e-17,5.218203488329193e-17,6.206335383118183e-17,2.7755575615628926e-17,0.0,3.925231146709438e-17,6.206335383118183e-17,6.206335383118183e-17
2,-0.7346810061722766,0.2201777657243449,0.015596117351065425,-2.559407858232573,5.721958498152797e-17,8.238992400095498e-17,5.721958498152797e-17,2.7090722436820308e-17,0.0,2.7755575615628914e-17,5.551115123125783e-17,5.721958498152797e-17
3,2.506094839003567,2.597588914181618,0.09520039287880885,0.5388881204722336,5.561946577567963e-17,1.8350885646065935e-16,5.561946577567963e-17,1.773789294773214e-16,0.0,3.925231146709438e-17,5.551115123125783e-17,5.551115123125783e-17
4,3.038054075060992,-0.2657463554387829,0.050967799167908244,-2.437836914587239,1.138063217752167e-16,6.996278818500536e-17,1.138063217752167e-16,6.996278818500536e-17,0.0,2.7755575615628914e-17,1.1188630228279524e-16,1.1274368112207335e-16
5,2.7253393532166417,0.9861362660130064,0.04430202315593236,-0.37059037513990134,2.5018537765542006e-17,1.2641457984483597e-16,2.5018537765542006e-17,1.2641457984483597e-16,0.0,0.0,1.3877787807814457e-17,1.962615573354719e-17
6,0.799289560875708,-0.5610497252475413,0.04366506635574595,2.34616700965958,5.928593550334434e-17,1.2332578035849216e-16,5.928593550334434e-17,4.0947948600698975e-17,0.0,2.7755575615628914e-17,5.551115123125783e-17,5.721958498152797e-17
7,0.34697573092251854,-0.17124558374514987,0.016702575309451916,-0.8948181315124266,0.0,6.952254247527087e-17,0.0,6.952254247527087e-17,0.0,0.0,0.0,0.0
8,-0.045798439410674074,-2.169712621329959,0.09310413134450622,2.0049535416152615,5.551115123125783e-17,1.554046518217054e-17,2.7809732887839817e-17,1.554046518217054e-17,0.0,5.551115123125783e-17,2.7755575615628914e-17,2.7755575615628914e-17
9,-0.7207919777111935,0.16466907437546663,0.06523692276389086,1.9811902868183981,0.0,8.355179152450337e-18,0.0,8.355179152450337e-18,0.0,0.0,0.0,0.0
10,1.4027180311498544,-0.48861888970109435,0.022410793332347842,0.08733517777510214,1.1527756336890508e-16,1.3340418217954399e-16,1.1527756336890508e-16,1.3097553044168421e-17,0.0,3.469446951953614e-17,1.1443916996305594e-16,1.1527756336890508e-16
11,-2.1878858590593815,-1.0280033422874724,0.09346150654937094,-0.9901630622539175,1.2533302082415627e-16,1.6066204073945522e-16,1.2533302082415627e-16,1.5873435051690207e-16,0.0,3.925231146709438e-17,1.2412670766236366e-16,1.249000902703301e-16
12,1.1518286758645644,-2.328152236505627,0.06578360538998958,-0.34246902560141157,2.7755575615628914e-17,2.467739847255249e-16,2.7755575615628914e-17,2.467739847255249e-16,0.0,0.0,2.7755575615628914e-17,2.7755575615628914e-17
13,-1.5412158032479308,-0.9872189750242149,0.015366166276095376,0.23917860958964177,5.551115123125783e-17,3.2844211638343156e-16,5.551115123125783e-17,3.2844211638343156e-16,0.0,1.474514954580286e-17,5.551115123125783e-17,5.551115123125783e-17
14,1.5434294554234702,0.734128685219726,0.07129193309966667,0.5775627390977789,1.4752290795525882e-16,4.339090564429165e-16,1.4752290795525882e-16,4.339090564429165e-16,0.0,5.790573482681623e-17,1.4752290795525882e-16,1.4752290795525882e-16
15,-1.112891361051612,-0.8897723238249393,0.004685704015044624,-2.0931717915526735,3.1031676915590914e-17,1.3113280336086775e-16,1.3877787807814457e-17,1.1970720929478812e-16,0.0,3.1031676915590914e-17,1.3877787807814457e-17,1.3877787807814457e-17
16,-1.6672738602734343,-2.2805784348683735,0.09620945609830017,0.2087346555807983,6.938893903907228e-18,5.551115123125784e-17,1.734723475976807e-18,5.551115123125784e-17,0.0,6.938893903907228e-18,0.0,0.0
17,-0.894867167620629,-1.5226826001375418,0.02871939128767471,-0.020700851752052163,6.206335383118183e-17,1.1071778719417061e-16,6.206335383118183e-17,1.1071778719417061e-16,0.0,0.0,5.551115123125783e-17,5.721958498152797e-17
18,-1.5208734129823267,-1.5228120357802197,0.022277953146082642,0.40838942127942657,5.721958498152797e-17,1.9382379617187427e-16,5.721958498152797e-17,1.2568563055490456e-16,0.0,2.964296775167217e-17,5.551115123125783e-17,5.721958498152797e-17
19,1.4390640288331902,-2.326775863797733,0.06670018501086072,-0.9820070459985417,4.1777673608052095e-17,1.593459491730628e-16,3.925231146709438e-17,1.424865000875118e-16,0.0,4.1777673608052095e-17,3.925231146709438e-17,3.925231146709438e-17
20,-1.716615962443843,1.1731844019226458,0.09485506095924878,2.7977193772987805,3.184528986116163e-17,1.2278393258118878e-16,3.184528986116163e-17,9.786661183822862e-17,0.0,2.7755575615628914e-17,2.7755575615628914e-17,3.1031676915590914e-17
21,0.563841849993687,1.9798953349294295,0.0866160086270187,-1.2067505445667912,3.94053425015214e-17,3.413967802491352e-16,3.94053425015214e-17,3.413967802491352e-16,0.0,0.0,3.925231146709438e-17,3.925231146709438e-17
22,-0.8266679347075083,0.38867008056718744,0.04872755060828414,-1.010852363025787,2.7755575615628914e-17,1.1042377438478045e-16,0.0,1.1042377438478045e-16,0.0,2.7755575615628914e-17,0.0,0.0
23,0.7515103150403366,2.3650159049794213,0.04026056058797809,-0.1580806493561302,2.7755575615628914e-17,9.34110046468983e-17,0.0,1.3413586928689619e-17,0.0,2.7755575615628914e-17,0.0,1.3877787807814457e-17
24,-3.1376792560001183,-0.5567089198506636,0.06012627625633376,-1.5422358663521611,1.1295700899707568e-16,1.4156103342004412e-16,1.1295700899707568e-16,1.3883904456983188e-16,0.0,0.0,1.1102230246251565e-16,1.1188630228279524e-16
25,1.4193694413915505,-2.2948085542962344,0.07678440499319372,1.026329953510893,3.925231146709438e-17,1.3263866023481733e-16,3.273069708340169e-17,4.9662368135299375e-17,0.0,3.925231146709438e-17,2.7755575615628914e-17,3.1031676915590914e-17
26,-2.2471048601854973,-1.9750543494406434,0.016511921999484844,-3.1058091617853525,3.1031676915590914e-17,5.562714442301709e-17,3.1031676915590914e-17,5.562714442301709e-17,0.0,0.0,2.7755575615628914e-17,3.1031676915590914e-17
27,0.16960849243075993,-1.5559983369477357,0.062301493656949494,-2.1918878379455666,6.798699777552591e-17,8.972373016042282e-17,6.798699777552591e-17,3.346370809139712e-18,0.0,2.7755575615628914e-17,6.206335383118183e-17,6.798699777552591e-17
28,-2.2300127394887985,1.9475795911957277,0.025395156374788855,2.4668350671725694,2.7755575615628914e-17,2.8835209920215955e-16,2.7755575615628914e-17,2.8835209920215955e-16,0.0,2.7755575615628914e-17,2.7755575615628914e-17,2.7755575615628914e-17
29,-1.338493293368773,-0.30351107736794747,0.020203011263832175,2.6733080267585763,2.0816681711721685e-17,4.851950324172645e-17,2.0816681711721685e-17,0.0,0.0,6.938893903907228e-18,2.0816681711721685e-17,2.0816681711721685e-17
30,-2.6290570774943394,-0.5132456623906889,0.09431971537781575,2.917756031887455,5.553824967135427e-17,5.497761053863999e-17,5.553824967135427e-17,5.4814351370332525e-17,0.0,2.7755575615628914e-17,5.551115123125783e-17,5.551115123125783e-17
31,-0.7003055178837161,1.282919725262912,0.07212776205450858,-0.5680575272582282,5.979136609301385e-17,1.4125155811834822e-16,5.979136609301385e-17,1.4125155811834822e-16,0.0,2.7755575615628914e-17,5.721958498152797e-17,5.887846720064156e-17
32,-1.3369739179704239,-0.24393950822668575,0.06280950526689619,-1.7620393013299074,4.3885418357208765e-17,2.1980145109363986e-16,4.3885418357208765e-17,2.1980145109363986e-16,0.0,2.8609792490763984e-17,4.163336342344337e-17,4.3885418357208765e-17
33,-1.8009112150520385,1.5629551693948653,0.07940841789859475,0.45383170424334773,3.1031676915590914e-17,4.265416108964631e-17,3.1031676915590914e-17,4.265416108964631e-17,0.0,6.938893903907228e-18,2.7755575615628914e-17,3.1031676915590914e-17
34,2.739576849114613,2.028427101692978,0.019947172395907032,-2.8087964033254917,2.7755575615628914e-17,2.6721845954806796e-16,2.7755575615628914e-17,2.6721845954806796e-16,0.0,0.0,2.7755575615628914e-17,2.7755575615628914e-17
35,2.008752228638916,0.28123169834773076,0.04569834687780116,-2.739330119879913,6.206335383118183e-17,9.208043703155487e-17,6.206335383118183e-17,2.6868012023819602e-17,0.0,3.1031676915590914e-17,6.206335383118183e-17,6.206335383118183e-17
36,-3.102319746181216,0.06665663200272931,0.004863854466005725,-0.3460586436852009,2.7755575615628914e-17,2.7634872769926443e-17,2.7755575615628914e-17,2.7634872769926443e-17,0.0,0.0,0.0,1.3877787807814457e-17
37,-1.8768372705785892,1.5397535908895104,0.09375272288137568,1.4526596143801411,6.359601310784502e-17,3.1506180165997595e-16,6.324012887511868e-17,3.1506180165997595e-16,0.0,3.925231146709438e-17,6.206335383118183e-17,6.359601310784502e-17
38,3.1074386210384457,0.930602998748034,0.05647239115854803,2.2165739624492753,5.928593550334434e-17,1.3499343931203102e-16,5.928593550334434e-17,1.3499343931203102e-16,0.0,2.7755575615628914e-17,5.551115123125783e-17,5.721958498152797e-17
39,3.0561834794361245,2.5424502645574747,0.022117456524381962,-0.5650713342799594,6.206335383118183e-17,8.270876521010591e-17,6.206335383118183e-17,3.656811614845218e-17,0.0,2.7755575615628914e-17,5.551115123125783e-17,5.721958498152797e-17
40,-0.7023921385139795,-1.1441926257342467,0.02324356623206749,2.5356851464194268,3.1031676915590914e-17,1.1855577359753875e-16,3.1031676915590914e-17,1.1855577359753875e-16,0.0,0.0,2.7755575615628914e-17,2.7755575615628914e-17
41,0.3498333919087693,-0.8759940187084976,0.06463460718788953,-2.1964339604232697,0.0,1.1114536985350573e-16,0.0,2.775557561562892e-17,0.0,0.0,0.0,0.0
42,0.584282528399096,0.974490736954114,0.09229098275023577,-1.1462558057845544,7.858125020761362e-17,2.6908622149873247e-16,7.858125020761362e-17,2.6908622149873247e-16,0.0,2.7755575615628914e-17,7.850462293418876e-17,7.850462293418876e-17
43,-2.6653402122158134,0.3184918102484646,0.07220359612132507,-2.747314329426942,8.039839784379823e-17,9.17987179288131e-17,8.039839784379823e-17,9.17987179288131e-17,0.0,2.7755575615628914e-17,7.850462293418876e-17,7.97218214573518e-17
44,0.5491056280800337,-1.7919908472554171,0.02578441977150885,-1.6956511680195598,3.1031676915590914e-17,5.672820801936641e-17,3.1031676915590914e-17,2.2674294767252572e-17,0.0,0.0,2.7755575615628914e-17,3.1031676915590914e-17
45,-1.0427605580493569,1.4346266699872374,0.03985179416922893,-2.9939073277523325,0.0,1.594108412649714e-16,0.0,1.594108412649714e-16,0.0,0.0,0.0,0.0
46,-0.7759877187653892,1.8014410456404,0.02372915463300817,2.146891646094856,6.798699777552591e-17,1.216353394473605e-16,6.798699777552591e-17,6.067266211068374e-17,0.0,2.7755575615628914e-17,6.206335383118183e-17,6.359601310784502e-17
47,2.3878614396302016,-1.2563071953447975,0.07551803042620012,-2.4771657682349497,1.1188630228279524e-16,6.823100092998567e-17,1.1188630228279524e-16,4.093261451268458e-17,0.0,2.7755575615628914e-17,1.1188630228279524e-16,1.1188630228279524e-16
48,2.308031925674361,1.965261011528518,0.006652731008986123,0.3354336616212321,3.925231146709438e-17,1.8455084472601856e-16,3.925231146709438e-17,1.8455084472601856e-16,0.0,3.925231146709438e-17,2.7755575615628914e-17,3.1031676915590914e-17
49,1.1589985892673536,-0.006141995198710948,0.07075071367139152,-1.8381341111345604,2.7755575615628914e-17,1.3399987216171394e-16,2.7755575615628914e-17,8.279667860155088e-17,0.0,1.3877787807814457e-17,2.7755575615628914e-17,2.7755575615628914e-17
50,-0.7260502080721163,1.6930746788953628,0.06863504269032439,1.2031926413635743,8.326672684688674e-17,2.1720532287120194e-16,8.326672684688674e-17,2.1720532287120194e-16,0.0,2.7755575615628914e-17,7.850462293418876e-17,8.326672684688674e-17
51,-0.6808009085774791,2.2366091069508465,0.006838067327192764,-0.6849635116969579,3.1031676915590914e-17,1.1528084040990743e-16,3.1031676915590914e-17,9.127036342298186e-17,0.0,2.7755575615628914e-17,2.7755575615628914e-17,3.1031676915590914e-17
52,-2.9637471789507455,0.8235566751897196,0.09458900582249774,1.79621095149791,5.551115123125783e-17,1.4312128224046428e-16,5.551115123125783e-17,8.164080729797946e-17,0.0,2.8609792490763984e-17,5.551115123125783e-17,5.551115123125783e-17
53,-3.0634079385326576,1.0155314430969482,0.05241825464807991,0.13553791294487727,2.7755575615628914e-17,1.3031391479158007e-16,2.7755575615628914e-17,1.0968679310450176e-16,0.0,2.7755575615628914e-17,2.7755575615628914e-17,2.7755575615628914e-17
54,-1.3964793327467364,-2.412480441296288,0.06912453667157926,-2.274101273195695,3.1031676915590914e-17,1.1495847924150262e-16,2.4037033579794548e-17,1.0679476563194112e-16,0.0,3.1031676915590914e-17,1.962615573354719e-17,2.4037033579794548e-17
55,0.2414716942635815,-0.9689766360670857,0.007022954783271454,2.6015880306267682,0.0,5.551115123125783e-17,0.0,1.657888096154972e-17,0.0,0.0,0.0,0.0
56,0.5819283250340965,-0.6566131942160081,0.007881195039642599,-2.2123210862104354,6.359601310784502e-17,2.4206571316330155e-16,6.359601310784502e-17,2.4206571316330155e-16,0.0,5.551115123125783e-17,6.206335383118183e-17,6.359601310784502e-17
57,-2.09112691467317,0.7656779070945627,0.034093893967035445,0.5938589249527606,6.206335383118183e-17,7.328429449622117e-17,6.206335383118183e-17,7.328429449622117e-17,0.0,3.1031676915590914e-17,6.206335383118183e-17,6.206335383118183e-17
58,-3.0126422088332205,0.08119915407785916,0.058388036639289834,2.125708353922888,5.721958498152797e-17,3.844599378468488e-17,5.721958498152797e-17,3.844599378468488e-17,0.0,0.0,5.551115123125783e-17,5.721958498152797e-17
59,0.9611287995371907,0.8715180305221057,0.01916885712976461,3.062145317514122,0.0,2.680946007891613e-17,0.0,2.302239752487938e-19,0.0,0.0,0.0,0.0
60,0.776381556743718,-1.8910670101758502,0.07485428514794316,0.5135062135794484,6.206335383118183e-17,1.2933020970347804e-16,6.206335383118183e-17,1.3375198555506014e-17,0.0,5.551115123125783e-17,6.206335383118183e-17,6.206335383118183e-17
61,0.5117977586333091,1.8115866108361547,0.027511587231517753,-3.0994191496472068,2.7755575615628914e-17,9.602997898160203e-17,2.7755575615628914e-17,3.8883061732709214e-17,0.0,0.0,2.7755575615628914e-17,2.7755575615628914e-17
62,-2.0104696256103023,2.127228904979701,0.05320786935660687,2.9217593474144046,4.3885418357208765e-17,1.0425489604009358e-16,4.3885418357208765e-17,8.185532631321897e-17,0.0,3.1031676915590914e-17,4.163336342344337e-17,4.3885418357208765e-17
63,-0.5262411745256284,0.7453175913636576,0.04814163588242273,1.0600216970246708,1.1274368112207335e-16,1.3115826993342863e-16,1.1274368112207335e-16,1.3115826993342863e-16,0.0,2.7755575615628914e-17,1.1188630228279524e-16,1.1274368112207335e-16
64,1.624067258100192,-1.8593657228694598,0.061377295501112455,1.2217604208169117,6.546139416680338e-17,2.0575637124966816e-16,6.546139416680338e-17,2.0575637124966816e-16,0.0,5.721958498152797e-17,6.206335383118183e-17,6.359601310784502e-17
65,2.524165761485894,1.7826024832717482,0.07977896796842111,1.4233715650467857,5.815852873680767e-17,1.999858751216294e-16,5.815852873680767e-17,1.8882068423308583e-16,0.0,2.7755575615628914e-17,5.551115123125783e-17,5.721958498152797e-17
66,0.14420953908839662,1.0867880318461034,0.002817366217852729,-1.3696656842374237,6.206335383118183e-17,3.376731552554688e-16,6.206335383118183e-17,3.376731552554688e-16,0.0,0.0,6.206335383118183e-17,6.206335383118183e-17
67,1.5389445740163659,1.9752791869539563,0.04139472765968705,-2.875910593454788,5.551115123125783e-17,5.3797214276992257e-17,5.551115123125783e-17,3.307585267859252e-17,0.0,2.964296775167217e-17,5.551115123125783e-17,5.551115123125783e-17
68,-0.9948107692949613,0.07405199610415503,0.0625206395991063,-2.356704817785744,5.721958498152797e-17,1.2270365847001222e-16,5.721958498152797e-17,6.161396920260009e-17,0.0,0.0,5.551115123125783e-17,5.721958498152797e-17
69,-2.870601703466766,1.6511061659767496,0.0675752326648757,2.6340003166384935,2.8609792490763984e-17,1.0067404594458994e-16,2.8609792490763984e-17,8.640645651383294e-18,0.0,0.0,2.7755575615628914e-17,2.7755575615628914e-17
70,1.4534691307517607,-2.0908537625662325,0.06921836977749457,1.0760750391261373,4.220764384040162e-17,4.1883403870015e-17,4.220764384040162e-17,2.6676130773149677e-17,0.0,3.1031676915590914e-17,4.163336342344337e-17,4.163336342344337e-17
71,2.3442307542432435,2.4516928218939413,0.05439879235798797,-3.047352563768961,5.928593550334434e-17,2.5935918132383283e-16,5.928593550334434e-17,2.5935918132383283e-16,0.0,2.7755575615628914e-17,5.551115123125783e-17,5.721958498152797e-17
72,-2.5253744344500038,0.9696583984880589,0.014657278760499328,1.9301954535651813,1.1527756336890508e-16,7.941970252823703e-17,1.1527756336890508e-16,7.941970252823703e-17,0.0,3.925231146709438e-17,1.1443916996305594e-16,1.1527756336890508e-16
73,-0.9283853041960834,0.06691127988882872,0.031782507835211714,0.6745441377350798,0.0,3.615550533514096e-17,0.0,3.034996027720921e-17,0.0,0.0,0.0,0.0
74,-0.7499524056990348,0.8383111415430768,0.07704803196579545,1.594524250341462,6.359601310784502e-17,6.837426792335376e-17,6.359601310784502e-17,1.4564099919032664e-17,0.0,2.7755575615628914e-17,6.206335383118183e-17,6.359601310784502e-17
75,2.427388309976446,1.480040253790865,0.007729204530040359,1.7780856226186854,2.7755575615628914e-17,7.36437777237811e-17,0.0,7.36437777237811e-17,0.0,2.7755575615628914e-17,0.0,0.0
76,-1.536610998485527,-2.609771166953818,0.09389707252526724,-1.7818210409040627,6.444211699335286e-17,1.9582845558475005e-16,6.444211699335286e-17,1.9582845558475005e-16,0.0,2.964296775167217e-17,6.206335383118183e-17,6.359601310784502e-17
77,-2.063161485510158,1.5489778081687855,0.06306803442824489,-1.0618710495530133,5.887846720064156e-17,1.2801103229960684e-16,5.887846720064156e-17,4.510275041748185e-17,0.0,3.1031676915590914e-17,5.721958498152797e-17,5.887846720064156e-17
78,-0.7929947604450396,1.8071509083943718,0.06440271962906542,0.9959398615763515,6.938893903907228e-18,4.7130911185377276e-17,6.938893903907228e-18,7.168293277390612e-18,0.0,0.0,0.0,0.0
79,2.106824505280203,0.7497294744325944,0.04112380925942457,-1.778345985277879,1.1188630228279524e-16,3.395197114771395e-16,1.1188630228279524e-16,3.395197114771395e-16,0.0,2.7755575615628914e-17,1.1102230246251565e-16,1.1188630228279524e-16
80,1.48124159258378,-1.2973074159696143,0.0825100815967045,-0.6735870001761053,1.0013427371767394e-16,3.10237207300595e-16,1.0013427371767394e-16,3.10237207300595e-16,0.0,4.5102810375396984e-17,1.0007415106216802e-16,1.0007415106216802e-16
81,-2.758210569887299,-1.997446515216458,0.028648980002702197,-2.802112717764926,8.993834424997155e-17,1.9979704900000156e-16,8.993834424997155e-17,1.9979704900000156e-16,0.0,3.1031676915590914e-17,8.886119947416683e-17,8.993834424997155e-17
82,-2.7122855632166116,-0.4920082182782428,0.08006518484285291,2.825304324498788,2.7755575615628914e-17,8.318491429855534e-17,2.7755575615628914e-17,5.354158761970124e-17,0.0,2.7755575615628914e-17,2.7755575615628914e-17,2.7755575615628914e-17
83,-1.2409517376834769,0.1254827638075411,0.03671466856765753,-0.3577966405412498,3.1031676915590914e-17,1.4232014943564507e-16,3.1031676915590914e-17,1.4232014943564507e-16,0.0,1.3877787807814457e-17,2.7755575615628914e-17,3.1031676915590914e-17
84,-2.175499615729227,-0.3350027612447106,0.04695271962253908,-1.5528502598186829,5.551115123125783e-17,7.342297988633767e-17,5.551115123125783e-17,6.130756866633759e-17,0.0,2.7755575615628914e-17,5.551115123125783e-17,5.551115123125783e-17
85,2.2279729046038996,2.3023503373773564,0.06258235647327905,-0.6175528300570305,5.551115123125783e-17,1.7116532281862485e-16,2.7755575615628914e-17,3.86901777780636e-17,0.0,5.551115123125783e-17,2.7755575615628914e-17,2.7755575615628914e-17
86,2.93108724567473,-0.21585819140949392,0.034379796311789224,-2.743643735830941,5.721958498152797e-17,1.0142583326812344e-16,5.721958498152797e-17,1.1827156003080169e-17,0.0,0.0,5.551115123125783e-17,5.721958498152797e-17
87,-1.8657639104462123,-0.9102589008619313,0.057886508336488514,-1.6199118804480985,5.721958498152797e-17,5.431243140071199e-17,5.721958498152797e-17,5.2754734528374274e-17,0.0,1.3877787807814457e-17,5.551115123125783e-17,5.721958498152797e-17
88,-2.1696711435014997,2.3416781096286345,0.0643352757130194,1.3854303059462305,2.7755575615628914e-17,1.0494573959427459e-16,2.7755575615628914e-17,1.0494573959427459e-16,0.0,0.0,2.7755575615628914e-17,2.7755575615628914e-17
89,2.040460919492358,0.5409758128024755,0.05421124110663977,-0.8875023473123016,2.7755575615628914e-17,1.5166331737758896e-16,0.0,1.5166331737758896e-16,0.0,2.7755575615628914e-17,0.0,0.0
90,-1.4090817037705552,-1.6354073888995395,0.0233207115216776,1.5691608297195145,1.0103182026100663e-16,1.6766553922773938e-16,1.0103182026100663e-16,1.539238994722143e-16,0.0,3.925231146709438e-17,1.0007415106216802e-16,1.0103182026100663e-16
91,2.1969483468871207,0.49468629545122056,0.07639642526182355,2.4381679806927066,3.469446951953614e-18,2.933959324723264e-16,3.469446951953614e-18,2.933959324723264e-16,0.0,0.0,0.0,0.0
92,-1.7090499041219325,2.0682151209888677,0.027926407098231763,2.1090572534123257,1.3877787807814457e-17,2.0658747309877228e-16,1.3877787807814457e-17,2.0658747309877228e-16,0.0,1.3877787807814457e-17,0.0,1.3877787807814457e-17
93,-1.3217591182676762,-0.4208405034109908,0.006622703042202715,-0.1750349740931707,1.0408340855860843e-16,2.8918615929742857e-16,1.0408340855860843e-16,1.5268921151453875e-16,0.0,4.163336342344337e-17,1.0408340855860843e-16,1.0408340855860843e-16
94,-2.0561998890396014,1.0098126937714693,0.055623283754848644,3.1260277064437663,6.245004513516506e-17,2.1466290915170576e-16,6.245004513516506e-17,3.3363767922514986e-17,0.0,1.3877787807814457e-17,6.206335383118183e-17,6.206335383118183e-17
95,-1.7892058230603158,-2.0156129236257,0.03064732075831755,-0.023810491762119135,2.7755575615628914e-17,8.227765593213793e-17,2.7755575615628914e-17,6.322054442272211e-17,0.0,1.3877787807814457e-17,2.7755575615628914e-17,2.7755575615628914e-17
96,1.3379860454087558,-1.3208228955364663,0.014018081630800608,-3.0353147643556015,6.798699777552591e-17,5.545861027477217e-17,6.798699777552591e-17,2.066162336970815e-17,0.0,3.469446951953614e-17,6.206335383118183e-17,6.359601310784502e-17
97,-2.435746894405893,-0.564749389963048,0.09087168197553804,-2.765768002126163,3.1031676915590914e-17,8.294508355285904e-17,3.1031676915590914e-17,8.294508355285904e-17,0.0,0.0,2.7755575615628914e-17,3.1031676915590914e-17
98,-0.0675254290241627,-1.0955524748731817,0.09295065326552585,0.9396693480165457,7.97218214573518e-17,4.629728125487193e-17,7.97218214573518e-17,1.3532896106498401e-17,0.0,2.7755575615628914e-17,7.850462293418876e-17,7.97218214573518e-17
99,-0.20739800698450583,-0.9754218353624216,0.05127494920447724,0.5150913836759918,2.7755575615628914e-17,2.5156408540266418e-17,2.7755575615628914e-17,2.5156408540266418e-17,0.0,0.0,2.7755575615628914e-17,2.7755575615628914e-17
100,-2.5160000217810805,1.7851744875264184,0.01179448638871178,1.0789927397829837,1.3877787807814457e-17,6.099698749302492e-17,1.3877787807814457e-17,6.099698749302492e-17,0.0,0.0,0.0,1.3877787807814457e-17
101,1.045158525919982,-1.0222323454727236,0.09445032874310941,2.278254903560332,2.797157557069881e-17,1.3054683441413773e-16,2.797157557069881e-17,1.0182480379556718e-16,0.0,1.3877787807814457e-17,2.7755575615628914e-17,2.7755575615628914e-17
102,0.4089568028295085,-2.263039549161351,0.0032266404560464855,-1.0839233848704075,4.163336342344337e-17,1.6954933765604168e-16,4.163336342344337e-17,1.6954933765604168e-16,0.0,2.7755575615628914e-17,3.925231146709438e-17,4.163336342344337e-17
103,2.1083870915936087,-1.5933852925142469,0.009649632695547741,-1.2881600688138959,6.359601310784502e-17,1.8952104488520075e-16,6.359601310784502e-17,1.8952104488520075e-16,0.0,2.7755575615628914e-17,6.206335383118183e-17,6.359601310784502e-17
104,1.5856258508793877,1.2432884029550375,0.02232235046846802,1.0039415667803215,3.273069708340169e-17,2.1718919218717616e-16,1.3877787807814457e-17,2.1718919218717616e-16,0.0,3.273069708340169e-17,0.0,1.3877787807814457e-17
105,2.3556592834065455,-1.3513233726825542,0.09256609943509932,-1.0796818071904588,3.273069708340169e-17,9.478446517896512e-17,3.273069708340169e-17,8.874545604049967e-17,0.0,0.0,2.7755575615628914e-17,3.1031676915590914e-17
106,-1.6831111467988351,0.4382754468436225,0.09694256866702639,1.3744504053925546,2.7755575615628914e-17,1.7992464773886942e-16,1.3877787807814457e-17,6.915611881608873e-17,0.0,2.7755575615628914e-17,1.3877787807814457e-17,1.3877787807814457e-17
107,1.6298886447290952,-2.4968550643576553,0.07620252652503236,-0.12411848923207458,3.273069708340169e-17,1.1367476548153008e-16,3.273069708340169e-17,1.1367476548153008e-16,0.0,1.0408340855860843e-17,2.7755575615628914e-17,3.1031676915590914e-17
108,-1.6279463071436011,-1.4033512487802078,0.031277220413700194,-1.717234094239771,7.97218214573518e-17,2.1503773672904816e-16,7.97218214573518e-17,2.1503773672904816e-16,0.0,1.734723475976807e-18,7.850462293418876e-17,7.97218214573518e-17
109,-1.7270455543837617,2.393172673282861,0.0560935009018717,-1.1648489462071518,5.887846720064156e-17,9.341144360862995e-18,5.887846720064156e-17,2.1763773269175307e-18,0.0,2.8609792490763984e-17,5.887846720064156e-17,5.887846720064156e-17
110,-1.5399051241117272,1.9182694607390567,0.07243418500570549,1.0055031837880533,6.444211699335286e-17,9.45597505515247e-17,6.444211699335286e-17,8.893914882371262e-17,0.0,3.1429149095751614e-17,6.206335383118183e-17,6.359601310784502e-17
111,-1.7599918533939152,-0.6559514287435271,0.07951885254501302,-1.1329167283409616,5.551115123125783e-17,3.1902327813323418e-18,5.551115123125783e-17,0.0,0.0,2.8609792490763984e-17,5.551115123125783e-17,5.551115123125783e-17
112,1.0546858851764478,0.6250370293233378,0.07745391155013806,-0.1858181087026245,5.887846720064156e-17,8.05304581012553e-17,5.887846720064156e-17,8.05304581012553e-17,0.0,0.0,5.721958498152797e-17,5.887846720064156e-17
113,0.0835268174070416,0.4966154827768534,0.08900364134705467,-0.06815431225872715,5.561946577567963e-17,5.818362236630425e-17,5.561946577567963e-17,4.595412198544701e-17,0.0,5.561946577567963e-17,5.551115123125783e-17,5.551115123125783e-17
114,2.1497516901493157,-1.2027872761655556,0.08499270090177174,1.702389024102966,8.505453752507596e-17,2.804704701033909e-16,8.505453752507596e-17,2.804704701033909e-16,0.0,2.7755575615628914e-17,8.326672684688674e-17,8.441528768080324e-17
115,1.0552405930639965,-2.0255196516188803,0.03387140401267232,-2.558761822337503,4.163336342344337e-17,8.687879958431442e-17,4.163336342344337e-17,3.0422840898646403e-17,0.0,1.3877787807814457e-17,3.925231146709438e-17,4.163336342344337e-17
116,0.5965675020453305,-2.195826350058872,0.033331293692498515,-0.13345038117023567,3.1031676915590914e-17,1.6491784630761706e-16,3.1031676915590914e-17,2.7574064103630045e-17,0.0,2.7755575615628914e-17,2.7755575615628914e-17,3.1031676915590914e-17
117,-1.5626317352521086,1.4983718877976453,0.02509685178114417,1.187281125180224,1.0385185452638061e-16,7.941131895507868e-17,1.0385185452638061e-16,3.0710764434247566e-17,0.0,2.871805767347292e-17,1.0007415106216802e-16,1.0385185452638061e-16
118,0.11209976457549065,-1.6463558294218203,0.09413116877296186,2.7293165902262153,1.0103182026100663e-16,1.450793871844614e-16,1.0103182026100663e-16,2.2306499180992868e-17,0.0,5.561946577567963e-17,1.0007415106216802e-16,1.0103182026100663e-16
119,1.0657416017975105,-2.1805764173125644,0.086052445538208,-2.419302379574704,3.273069708340169e-17,6.432950610611719e-17,3.273069708340169e-17,6.432950610611719e-17,0.0,0.0,2.7755575615628914e-17,3.1031676915590914e-17
120,1.4933409358643237,-1.9922021008276807,0.017770282722238954,-0.697687976804362,3.1031676915590914e-17,1.0207202654047609e-16,3.1031676915590914e-17,5.358999615337037e-17,0.0,0.0,2.7755575615628914e-17,3.1031676915590914e-17
121,-0.5310449240314399,-1.9125306631445367,0.07278363811162641,1.1751215988731172,2.7755575615628914e-17,1.0337721543457807e-16,2.7755575615628914e-17,3.7723364153160306e-17,0.0,1.3877787807814457e-17,2.7755575615628914e-17,2.7755575615628914e-17
122,-1.8965201530934757,1.9857847839941223,0.02572031822753443,-0.6162776465470312,1.3877787807814457e-17,5.56751255440355e-17,1.3877787807814457e-17,5.56751255440355e-17,0.0,0.0,0.0,1.3877787807814457e-17
123,2.353988539679513,1.659236753208901,0.04303532596503728,-2.1542417935427305,0.0,9.799831429992021e-17,0.0,2.661095462632803e-17,0.0,0.0,0.0,0.0
124,-1.547814658688731,0.22979199317173649,0.00426336540006169,-0.9498728130081253,1.1123893155135927e-16,9.807198078004687e-17,1.1123893155135927e-16,9.807198078004687e-17,0.0,5.584220101197091e-17,1.1123893155135927e-16,1.1123893155135927e-16
125,-0.42203192015716917,0.10827399083117495,0.0753777317566648,2.9231945447569165,2.797157557069881e-17,1.118430248132458e-16,2.797157557069881e-17,1.118430248132458e-16,0.0,1.3877787807814457e-17,2.7755575615628914e-17,2.7755575615628914e-17
126,0.5469677086264544,-0.6715459230911074,0.09405224534426543,2.5543711516922345,5.721958498152797e-17,1.3380325089494168e-16,5.721958498152797e-17,1.3380325089494168e-16,0.0,0.0,5.551115123125783e-17,5.721958498152797e-17
127,-1.9119162137947687,-2.013314931110212,0.056552851344430576,2.2087344394040205,2.7755575615628914e-17,1.1028708944485429e-16,2.7755575615628914e-17,1.1028708944485429e-16,0.0,0.0,2.7755575615628914e-17,2.7755575615628914e-17
128,-2.1913106480171685,-2.0696605435351367,0.07238326949555511,-0.35854078875902173,4.291468873614597e-17,1.3169928929211816e-16,4.291468873614597e-17,6.580775139966002e-17,0.0,2.7755575615628914e-17,3.925231146709438e-17,4.163336342344337e-17
129,0.02423169114505619,-1.579902082930372,0.01806330041569557,0.6029020602661319,4.163336342344337e-17,8.607649567229433e-17,4.163336342344337e-17,8.607649567229433e-17,0.0,2.7755575615628914e-17,3.925231146709438e-17,4.163336342344337e-17
130,1.1477965095056817,-0.9336499430644976,0.028697466485561932,-2.6958258445147574,1.3877787807814457e-17,1.9701462192476487e-16,0.0,1.9701462192476487e-16,0.0,1.3877787807814457e-17,0.0,0.0
131,-1.3427880515996997,2.2191729544815524,0.0917339461321799,1.2094677387688844,3.94053425015214e-17,1.8206916758613367e-16,3.94053425015214e-17,1.4935246053194207e-16,0.0,6.938893903907228e-18,3.925231146709438e-17,3.925231146709438e-17
132,-1.834691709848928,-0.9023651359787173,0.03610438029226881,2.1535880074251166,6.206335383118183e-17,9.696836415873537e-17,6.206335383118183e-17,3.976627765143867e-17,0.0,3.1031676915590914e-17,5.551115123125783e-17,5.721958498152797e-17
133,-2.4503979212732636,2.405265043897305,0.08114249914106654,-1.4035875867460164,6.206335383118183e-17,9.089718756844037e-17,6.206335383118183e-17,7.601799707027638e-17,0.0,2.7755575615628914e-17,6.206335383118183e-17,6.206335383118183e-17
134,-1.356831637787652,0.9625612743858825,0.060569112615102276,2.0884695338790067,2.7755575615628914e-17,1.1065343570570567e-16,2.7755575615628914e-17,1.1065343570570567e-16,0.0,1.3877787807814457e-17,2.7755575615628914e-17,2.7755575615628914e-17
135,-0.9129765526640305,-1.3937233044264599,0.09512367014589045,-2.4414560533951217,5.561946577567963e-17,1.2052898392589478e-16,5.561946577567963e-17,8.376736023078059e-17,0.0,2.7755575615628914e-17,5.551115123125783e-17,5.551115123125783e-17
136,0.9491947345051486,-1.3304035874150433,0.06251180900100761,-1.977865097257808,1.1188630228279524e-16,2.284396727748384e-16,1.1188630228279524e-16,2.284396727748384e-16,0.0,2.7755575615628914e-17,1.1188630228279524e-16,1.1188630228279524e-16
137,-2.5613519455317966,-1.3305541028769523,0.00025731432955288137,-2.3611886479214137,2.7755575615628914e-17,7.570255911539267e-17,2.7755575615628914e-17,2.786045382856294e-17,0.0,2.7755575615628914e-17,2.7755575615628914e-17,2.7755575615628914e-17
138,0.676335955243506,2.5261396477192553,0.06642699889673019,1.5608240768472097,5.721958498152797e-17,3.230783597467573e-16,5.721958498152797e-17,3.230783597467573e-16,0.0,2.7755575615628914e-17,5.551115123125783e-17,5.721958498152797e-17
139,2.599032724356892,2.4445537442875795,0.07028979237069703,0.9028999301562299,3.925231146709438e-17,5.641764711822128e-17,3.925231146709438e-17,9.416181099908231e-18,0.0,2.7755575615628914e-17,3.925231146709438e-17,3.925231146709438e-17
140,3.111834657988899,0.6130921911243163,0.019609036619308788,-2.106728574221032,1.1102230246251565e-16,3.338398012069728e-16,1.1102230246251565e-16,3.338398012069728e-16,0.0,0.0,1.1102230246251565e-16,1.1102230246251565e-16
141,-0.5286914826342244,-2.4946979271662357,0.04404307082944224,-1.0626119379361318,6.206335383118183e-17,1.4835044616866748e-16,6.206335383118183e-17,1.4835044616866748e-16,0.0,2.7755575615628914e-17,6.206335383118183e-17,6.206335383118183e-17
142,0.24019277873382094,1.0340890099383606,0.08819675508176031,0.12688241705638692,0.0,1.3327552590990588e-16,0.0,1.3327552590990588e-16,0.0,0.0,0.0,0.0
143,3.059355472614775,-2.524809219739431,0.02642865600298665,1.1718202095681187,3.1031676915590914e-17,5.603576727855299e-17,3.1031676915590914e-17,5.538381469308166e-17,0.0,0.0,2.7755575615628914e-17,3.1031676915590914e-17
144,3.007608071812631,-1.495013223202211,0.0391765758731552,3.141292100692711,7.97218214573518e-17,1.8112831608626697e-16,7.97218214573518e-17,1.8112831608626697e-16,0.0,5.594315114139762e-17,7.850462293418876e-17,7.97218214573518e-17
145,-0.2838430566609622,0.6297959436578382,0.029196914093295966,-0.7044165524388384,3.1031676915590914e-17,1.2229014801448733e-16,3.1031676915590914e-17,1.2229014801448733e-16,0.0,3.1031676915590914e-17,2.7755575615628914e-17,3.1031676915590914e-17
146,1.6143806744156404,1.1667710498901025,0.028530509878752892,1.5100711986215982,5.551115123125783e-17,2.1234268205373197e-16,5.551115123125783e-17,2.1234268205373197e-16,0.0,3.8163916471489756e-17,5.551115123125783e-17,5.551115123125783e-17
147,1.22622311441748,-0.7613576229303847,0.040317557578520374,1.6189875440807828,7.97218214573518e-17,2.6224477089420887e-16,7.97218214573518e-17,2.6224477089420887e-16,0.0,0.0,7.850462293418876e-17,7.97218214573518e-17
148,-0.4693966461069108,-0.5003644084186436,0.03205784471312826,-0.3316613344507111,0.0,5.914694388313405e-17,0.0,3.6945651322020827e-17,0.0,0.0,0.0,0.0
149,-2.7254425242404308,1.0050035345589454,0.04584020937609563,-0.6269059698557204,2.7755575615628914e-17,4.147827102060355e-17,2.7755575615628914e-17,3.8208694471474684e-17,0.0,0.0,2.7755575615628914e-17,2.7755575615628914e-17
150,0.8030848680492713,2.0474626672676393,0.04756586221216061,-2.7533761630664366,2.7755575615628914e-17,1.364433287653869e-16,0.0,1.2609330342300793e-16,0.0,2.7755575615628914e-17,0.0,0.0
151,-2.317691425596302,0.5096202636055169,0.07877405229796075,-2.3678426680763223,1.015665410685238e-16,1.646413041789613e-16,1.015665410685238e-16,3.678742966898885e-17,0.0,2.7755575615628914e-17,1.0007415106216802e-16,1.0103182026100663e-16
152,-1.6311046999313927,0.9535737920481955,0.09184424271855893,-0.8915155422007417,2.823925224926892e-17,2.2896076000597517e-16,1.734723475976807e-17,2.2896076000597517e-16,0.0,2.823925224926892e-17,0.0,1.3877787807814457e-17
153,0.5717415994686204,-2.5239567506635368,0.09260236385688513,2.870202035888127,4.163336342344337e-17,3.1178627014757587e-16,4.163336342344337e-17,3.1178627014757587e-16,0.0,2.7755575615628914e-17,4.163336342344337e-17,4.163336342344337e-17
154,3.036220764910418,2.163453560727229,0.08985944297450166,-1.3951814645185385,3.925231146709438e-17,2.231005141073981e-16,3.925231146709438e-17,2.231005141073981e-16,0.0,2.7755575615628914e-17,3.925231146709438e-17,3.925231146709438e-17
155,-2.738593176425733,1.7899425758355476,0.09218175740332003,-1.4730825740994185,2.7755575615628914e-17,9.724989586830371e-17,2.7755575615628914e-17,9.724989586830371e-17,0.0,0.0,2.7755575615628914e-17,2.7755575615628914e-17
156,1.8597384761772258,-0.039130809451621396,0.05318221526107146,-2.674171885560146,9.813077866773594e-17,2.365265681958376e-16,9.813077866773594e-17,2.365265681958376e-16,0.0,4.163336342344337e-17,9.71445146547012e-17,9.813077866773594e-17
157,1.6627983393317143,1.0886286314358395,0.08588459985398328,0.047638103558059974,1.734723475976807e-17,8.309065099441804e-17,1.734723475976807e-17,5.389879486895711e-17,0.0,1.734723475976807e-17,0.0,1.3877787807814457e-17
158,-0.5297342812298016,-1.313621323360694,0.008232048560467756,-1.8871279581585596,5.551115123125783e-17,1.0897311391958864e-16,5.551115123125783e-17,5.858863906362774e-17,0.0,3.925231146709438e-17,5.551115123125783e-17,5.551115123125783e-17
159,0.4735627784630356,2.47643478221165,0.07919444035872088,-1.975353728283742,6.444211699335286e-17,7.53223311426998e-17,6.444211699335286e-17,7.53223311426998e-17,0.0,0.0,6.206335383118183e-17,6.359601310784502e-17
160,0.33064044848880014,0.48165075778891175,0.0807958492956603,2.2629743252783943,5.551115123125783e-17,1.663808787083788e-16,5.551115123125783e-17,1.663808787083788e-16,0.0,0.0,5.551115123125783e-17,5.551115123125783e-17
161,-2.250780301872256,1.4524871078269999,0.04364531457656674,0.9749370241613589,6.206335383118183e-17,2.5703116792863127e-16,6.206335383118183e-17,1.2794332985880347e-16,0.0,2.7755575615628914e-17,6.206335383118183e-17,6.206335383118183e-17
162,-2.074965165429048,-0.020960568463624263,0.06788206702849367,1.3826925151869576,6.206335383118183e-17,1.041153993094778e-16,6.206335383118183e-17,6.973590564337505e-17,0.0,2.7755575615628914e-17,6.206335383118183e-17,6.206335383118183e-17
163,2.492739297809628,1.4281406321736303,0.07397964509985165,-0.34689163743449836,5.815852873680767e-17,1.5243688456739355e-16,5.815852873680767e-17,1.5243688456739355e-16,0.0,2.7755575615628914e-17,5.551115123125783e-17,5.721958498152797e-17
164,0.44107477820121543,-2.0431402660974682,0.03835142678034672,1.6764229729395064,3.1031676915590914e-17,1.1099255516301558e-16,3.1031676915590914e-17,1.1183412273288803e-17,0.0,3.1031676915590914e-17,3.1031676915590914e-17,3.1031676915590914e-17
165,-1.6615102263589712,1.1111285302391338,0.019333274739565524,-1.8107400711907915,5.551115123125783e-17,1.0410214626019035e-16,5.551115123125783e-17,3.9058428749534504e-17,0.0,3.469446951953614e-18,5.551115123125783e-17,5.551115123125783e-17
166,2.243384682848734,0.6593235122349954,0.0806211311571128,1.857388026361181,1.15746490986309e-16,9.893262371537643e-17,1.15746490986309e-16,2.2622056344079882e-17,0.0,2.7755575615628914e-17,1.1443916996305594e-16,1.1527756336890508e-16
167,0.6462128008817776,2.492740561896475,0.032438263746889844,2.846165359799273,2.7755575615628914e-17,8.893814268558568e-17,1.3877787807814457e-17,5.013016370450627e-17,0.0,2.7755575615628914e-17,0.0,1.3877787807814457e-17
168,-1.4741205401579927,-2.165005087640618,0.08412205343329254,1.7275645780100675,2.7755575615628914e-17,7.246745553916412e-17,2.7755575615628914e-17,7.246745553916412e-17,0.0,6.938893903907228e-18,2.7755575615628914e-17,2.7755575615628914e-17
169,-0.2799341987957429,0.7749112759956525,0.06268354268391274,1.9536585625474698,5.887846720064156e-17,1.082480194147059e-16,5.887846720064156e-17,9.867828566758022e-17,0.0,1.3877787807814457e-17,5.721958498152797e-17,5.887846720064156e-17
170,0.9476473789824249,1.2494195986040308,0.06188994160754516,-2.9155469412989206,1.3877787807814457e-17,2.250610752253407e-17,6.938893903907228e-18,2.250610752253407e-17,0.0,0.0,0.0,1.3877787807814457e-17
171,2.277582245158727,2.0796591110158134,0.09604063043898928,0.473678674161119,2.7755575615628914e-17,9.155970267603925e-17,3.469446951953614e-18,8.207955024562321e-17,0.0,2.7755575615628914e-17,0.0,0.0
172,-2.486721529239188,-0.14527991352678793,0.045517241975648194,0.5350265090346218,2.7755575615628914e-17,2.0702690757477994e-16,0.0,2.0702690757477994e-16,0.0,2.7755575615628914e-17,0.0,0.0
173,-2.521478591079229,-0.6367206859685244,0.07438772153775726,0.5174588629497521,3.925231146709438e-17,1.0882109379427922e-16,3.469446951953614e-18,1.0882109379427922e-16,0.0,3.925231146709438e-17,0.0,0.0
174,-1.6411655124096427,-0.9314546915644331,0.015159332544224165,2.548881740092421,1.2719202621569003e-16,9.879775456657444e-17,1.2719202621569003e-16,9.879775456657444e-17,0.0,3.1031676915590914e-17,1.2412670766236366e-16,1.249000902703301e-16
175,-0.49252348451113637,-0.6928720851076156,0.08251533670318342,-1.3227274623225769,1.2533302082415627e-16,1.4440863200033098e-16,1.2533302082415627e-16,1.0702925029254585e-16,0.0,3.1031676915590914e-17,1.2412670766236366e-16,1.249000902703301e-16
176,-0.07751834882239983,1.9503791930156988,0.035194052351644266,-2.811431882481142,5.721958498152797e-17,7.422411307668963e-17,5.721958498152797e-17,3.973338877949025e-17,0.0,5.551115123125783e-17,5.551115123125783e-17,5.721958498152797e-17
177,-0.2432408578396652,1.365262062373989,0.019999380932652605,1.7592545948265101,1.962615573354719e-17,1.0915204698784217e-16,1.962615573354719e-17,1.0915204698784217e-16,0.0,6.938893903907228e-18,1.3877787807814457e-17,1.962615573354719e-17
178,-2.67252582254298,1.449041745357682,0.015257512146476292,-1.6796426215363587,7.850462293418876e-17,5.322613514405371e-16,7.850462293418876e-17,5.322613514405371e-16,0.0,3.1031676915590914e-17,7.850462293418876e-17,7.850462293418876e-17
179,2.1055979097184734,1.9221700309450722,0.06237193473805631,-0.7872303541696022,7.97218214573518e-17,1.5363583095142946e-16,7.97218214573518e-17,1.5363583095142946e-16,0.0,2.7755575615628914e-17,7.850462293418876e-17,7.97218214573518e-17
180,1.8336403671684778,-2.08539148651495,0.06802570773755813,2.743804800324173,2.7755575615628914e-17,9.583213538807754e-17,2.7755575615628914e-17,6.132979263327954e-17,0.0,2.7755575615628914e-17,2.7755575615628914e-17,2.7755575615628914e-17
181,2.014794129395405,0.4013428349673025,0.06054050778107984,1.1628803276417337,6.206335383118183e-17,2.3446504639041354e-16,6.206335383118183e-17,2.3446504639041354e-16,0.0,1.3877787807814457e-17,5.551115123125783e-17,6.206335383118183e-17
182,2.2782949863208097,-0.21431860106402256,0.07100541015823127,3.043512297164625,5.551115123125783e-17,1.5661070622698455e-16,5.551115123125783e-17,1.302502166311891e-16,0.0,2.7755575615628914e-17,5.551115123125783e-17,5.551115123125783e-17
183,2.161821615692957,-1.2461322457892148,0.009011932255929282,2.3447654828579783,3.925231146709438e-17,1.79823728282905e-16,3.1031676915590914e-17,1.79823728282905e-16,0.0,3.925231146709438e-17,2.7755575615628914e-17,3.1031676915590914e-17
184,1.942406343767317,-0.925575571744524,0.0006110091581517418,0.026071509093380296,6.359601310784502e-17,1.1391597032012932e-16,6.359601310784502e-17,6.348036496004837e-17,0.0,1.3877787807814457e-17,5.721958498152797e-17,5.887846720064156e-17
185,-1.5765547146696084,-1.8855220820559242,0.0941074764500182,-0.6853234971451565,6.216025217875883e-17,1.7703557040212202e-16,6.216025217875883e-17,1.7703557040212202e-16,0.0,3.065359953208275e-17,6.206335383118183e-17,6.206335383118183e-17
186,0.6778419223740628,-0.171223654086476,0.0781872252394258,-1.1281488536480824,1.15746490986309e-16,1.5289031138855683e-16,1.15746490986309e-16,1.1344792714271053e-16,0.0,5.551115123125783e-17,1.1443916996305594e-16,1.1527756336890508e-16
187,1.396077796450725,-2.174815645619322,0.03004751981946062,2.9582935104826875,3.469446951953614e-17,5.910553543710535e-17,2.7755575615628914e-17,3.157841416036579e-17,0.0,3.469446951953614e-17,2.7755575615628914e-17,2.7755575615628914e-17
188,-1.6236627181853143,-1.4025099301118633,0.025920890439695976,1.410636162089438,5.721958498152797e-17,1.6991957779742382e-16,5.721958498152797e-17,1.6991957779742382e-16,0.0,2.964296775167217e-17,5.551115123125783e-17,5.721958498152797e-17
189,-2.603039634356114,-1.9598736795835443,0.04074422860287767,2.286550492854853,3.1031676915590914e-17,9.150819958034763e-17,3.1031676915590914e-17,9.150819958034763e-17,0.0,0.0,2.7755575615628914e-17,3.1031676915590914e-17
190,1.9787545151253596,2.3170959826669404,0.06129129440308807,0.8797788865763696,3.1031676915590914e-17,2.3501130026936574e-16,3.1031676915590914e-17,1.8256303024223532e-16,0.0,0.0,2.7755575615628914e-17,3.1031676915590914e-17
191,2.8657036639177997,-0.5893795794693815,0.008049586348955962,3.1228474906043946,1.3877787807814457e-17,5.551115123125785e-17,1.3877787807814457e-17,5.551115123125784e-17,0.0,0.0,0.0,1.3877787807814457e-17
192,1.9971652946121798,1.4930518261280423,0.025660436325760844,0.27426186753651116,1.3877787807814457e-17,3.214739440749509e-16,0.0,3.214739440749509e-16,0.0,1.3877787807814457e-17,0.0,0.0
193,-2.7330586022075987,2.209344528253174,0.049064172365973505,-2.0948801284246485,5.721958498152797e-17,1.794481685365478e-16,5.721958498152797e-17,1.794481685365478e-16,0.0,0.0,5.551115123125783e-17,5.721958498152797e-17
194,-1.5973605131016388,-2.4315319175302523,0.005490979105821289,-0.47705914061877897,3.925231146709438e-17,8.646119691222064e-17,3.925231146709438e-17,3.15757888302559e-17,0.0,3.3682237275240583e-17,3.925231146709438e-17,3.925231146709438e-17
195,-1.338692661952359,0.9999191287515896,0.08910185998003116,-1.131414371972018,3.469446951953614e-17,1.0879706995369656e-16,1.734723475976807e-17,5.692618214570168e-17,0.0,3.469446951953614e-17,0.0,1.3877787807814457e-17
196,-1.1604884783553906,-2.377600771005908,0.08050621216498513,-0.7055689622338721,1.3877787807814457e-17,1.2815352882823782e-16,1.3877787807814457e-17,2.7755575615628914e-17,0.0,1.3877787807814457e-17,1.3877787807814457e-17,1.3877787807814457e-17
197,2.7276368754064713,0.8818595641126161,0.010594746225334878,1.2374541997169821,5.887846720064156e-17,8.932100776206312e-17,5.887846720064156e-17,8.932100776206312e-17,0.0,3.1031676915590914e-17,5.721958498152797e-17,5.887846720064156e-17
198,-1.5040758116019481,0.7545661581060119,0.037920511181401516,-1.4183245695361275,1.3877787807814457e-17,5.544939540889516e-17,1.3877787807814457e-17,2.7755575615628914e-17,0.0,1.214306433183765e-17,0.0,1.3877787807814457e-17
199,0.2612653691126101,-2.003403289577767,0.0766243528700129,-1.6137133484753805,4.291468873614597e-17,3.924120078785922e-17,4.291468873614597e-17,3.924120078785922e-17,0.0,0.0,3.925231146709438e-17,4.163336342344337e-17
200,-1.7053696240861222,1.6098848491177313,0.07075662069748871,3.0019760531599493,5.928593550334434e-17,1.6311251674194272e-16,5.928593550334434e-17,1.6311251674194272e-16,0.0,3.273069708340169e-17,5.551115123125783e-17,5.721958498152797e-17
201,-2.383144001458941,0.8455306590289502,0.04123442709386912,-1.7877194384489843,1.249000902703301e-16,2.6912854332910076e-16,1.249000902703301e-16,1.5825776315869172e-16,0.0,0.0,1.2412670766236366e-16,1.249000902703301e-16
202,-0.7957516128428339,0.486355919746976,0.049448464412643486,2.5332052860633363,5.594315114139762e-17,1.0838650782578777e-16,5.594315114139762e-17,9.960124944012911e-17,0.0,0.0,5.551115123125783e-17,5.551115123125783e-17
203,0.9289983818049192,-0.047336349962150415,0.08840736138651749,0.8685624411191499,7.850462293418876e-17,1.6140788991974835e-16,7.850462293418876e-17,1.5551257275995493e-16,0.0,2.7755575615628914e-17,7.850462293418876e-17,7.850462293418876e-17
204,-2.920323211502959,1.0400964287262258,0.026465175040837605,2.3642324631122795,3.1031676915590914e-17,2.5228769794493955e-17,3.1031676915590914e-17,2.5228769794493955e-17,0.0,0.0,2.7755575615628914e-17,3.1031676915590914e-17
205,2.711047788347381,-1.457084564648655,0.010688670006603436,0.741681185759715,5.721958498152797e-17,5.304371833758218e-17,5.721958498152797e-17,5.304371833758218e-17,0.0,2.7755575615628914e-17,5.551115123125783e-17,5.721958498152797e-17
206,-2.3145255593046783,-0.19656024252799087,0.07823446282277095,1.7354855002620333,2.7755575615628914e-17,9.636451931733797e-17,0.0,5.551115123125783e-17,0.0,2.7755575615628914e-17,0.0,0.0
207,-0.8844738770597589,-0.47934776769169085,0.04408020108623849,0.9313258775432702,2.7755575615628914e-17,2.490123061493283e-16,2.7755575615628914e-17,2.3122263622597983e-16,0.0,0.0,2.7755575615628914e-17,2.7755575615628914e-17
208,-1.473841412637878,-0.18933249700046506,0.01379509678991595,1.8099269864608445,7.632783294297951e-17,3.337826815500296e-16,7.632783294297951e-17,3.337826815500296e-16,0.0,3.8163916471489756e-17,7.632783294297951e-17,7.632783294297951e-17
209,1.32337145169892,-1.116459795693125,0.025966684112795214,-0.4693369778071417,1.249000902703301e-16,1.4383077212534022e-16,1.249000902703301e-16,8.336270657536651e-17,0.0,2.8609792490763984e-17,1.2412670766236366e-16,1.249000902703301e-16
210,0.30601091323240404,-0.3757901127407881,0.0015919142582394067,0.22154527048771655,2.0816681711721685e-17,7.213644577665927e-17,2.0816681711721685e-17,7.213644577665927e-17,0.0,1.3877787807814457e-17,2.0816681711721685e-17,2.0816681711721685e-17
211,-0.1041805554939379,-2.1476465604202053,0.0032250772672146656,-1.2504520075177643,6.798699777552591e-17,6.693719080868198e-17,6.798699777552591e-17,6.693719080868198e-17,0.0,2.797157557069881e-17,6.206335383118183e-17,6.359601310784502e-17
212,2.567196821965089,2.1398094599745607,0.09046878472897657,-1.1457278729836242,6.206335383118183e-17,1.1583264103547874e-16,6.206335383118183e-17,1.0861359122540414e-16,0.0,5.551115123125783e-17,6.206335383118183e-17,6.206335383118183e-17
213,1.4451566300576673,1.339744691005139,0.054974302857694994,0.8816599251174297,8.441528768080324e-17,2.0180572411721332e-16,8.441528768080324e-17,1.236959264078297e-16,0.0,3.6880726988814706e-17,8.326672684688674e-17,8.441528768080324e-17
214,2.1259385029776467,0.1554119661440514,0.015095791802924259,2.425183920444602,1.1188630228279524e-16,5.809282342828774e-17,1.1188630228279524e-16,4.390896947226086e-17,0.0,2.7755575615628914e-17,1.1102230246251565e-16,1.1188630228279524e-16
215,-1.064916427425615,-1.4622723578669832,0.08906872862838296,-2.460587048121551,4.5102810375396984e-17,2.804624625771786e-16,4.5102810375396984e-17,2.804624625771786e-16,0.0,1.3877787807814457e-17,4.163336342344337e-17,4.3885418357208765e-17
216,0.2315661559020432,-1.8019451744196229,0.05815020667765844,-0.192384991447347,5.551115123125783e-17,3.0378555550239397e-16,5.551115123125783e-17,1.925045545034888e-16,0.0,0.0,5.551115123125783e-17,5.551115123125783e-17
217,-1.9438567545570746,2.1662951132532746,0.05392052009806438,0.06646953492509455,2.8609792490763984e-17,1.0720403915915864e-16,2.8609792490763984e-17,4.933522996679347e-17,0.0,2.7755575615628914e-17,2.7755575615628914e-17,2.7755575615628914e-17
218,-2.0302972474972405,-0.8250345264547769,0.015270151183277405,2.817147690890785,5.551115123125783e-17,1.510639847446913e-16,5.551115123125783e-17,9.632259868426526e-17,0.0,2.7755575615628914e-17,5.551115123125783e-17,5.551115123125783e-17
219,2.025821945959618,-1.298981584353395,0.07971460903280699,-0.08460015808334109,1.1236938283130691e-16,1.0158783057493802e-16,1.1236938283130691e-16,5.015600245379542e-17,0.0,3.925231146709438e-17,1.1102230246251565e-16,1.1188630228279524e-16
220,-1.35700916682774,-2.0748410406081135,0.04162749951069064,-2.3247026449821657,4.443059973708341e-17,5.666375526137751e-17,4.443059973708341e-17,3.5568508991327836e-17,0.0,3.469446951953614e-17,3.925231146709438e-17,4.163336342344337e-17
221,2.5718472677658797,0.6423022460370627,0.0790470586128056,0.3940810987495622,1.3877787807814457e-17,3.7536154096486647e-17,1.3877787807814457e-17,1.8559087116625967e-19,0.0,0.0,1.3877787807814457e-17,1.3877787807814457e-17
222,0.9308568632010026,0.22632417803080385,0.08021759143547846,-2.970025494179649,1.015665410685238e-16,1.3789959550891474e-16,1.015665410685238e-16,1.3789959550891474e-16,0.0,2.7755575615628914e-17,1.0007415106216802e-16,1.0103182026100663e-16
223,-0.6382077949098419,0.956940167401076,0.0007259477571686173,-1.3505427036992903,7.473417450352271e-17,1.2615135350479855e-16,7.473417450352271e-17,1.9149324869870582e-17,0.0,2.7755575615628914e-17,6.938893903907228e-17,7.076311083754595e-17
224,1.7912902644696898,2.5963785830272577,0.0841376465388834,-1.8891107406981764,3.1031676915590914e-17,1.7989241413587492e-16,1.962615573354719e-17,7.771042338660464e-17,0.0,3.1031676915590914e-17,1.3877787807814457e-17,1.962615573354719e-17
225,1.8031337725411989,-0.04650009930834509,0.05620542144062503,0.3884512690406283,5.551115123125783e-17,3.3650718666008504e-16,5.551115123125783e-17,3.3650718666008504e-16,0.0,0.0,5.551115123125783e-17,5.551115123125783e-17
226,2.383754357206964,2.426721653294431,0.0766278600121197,-2.6292650402029496,6.947562107041945e-17,2.7972248014160086e-16,6.947562107041945e-17,2.7972248014160086e-16,0.0,3.925231146709438e-17,6.206335383118183e-17,6.798699777552591e-17
227,-1.4953171190692418,-0.34661799663015946,0.02005538998481934,1.69259612157179,8.326672684688674e-17,1.497051679921073e-16,8.326672684688674e-17,2.795076526921616e-18,0.0,4.1777673608052095e-17,7.850462293418876e-17,7.97218214573518e-17
228,-0.09020530655970704,2.4704577467033286,0.07848617616931934,-2.5115003012117403,3.1031676915590914e-17,1.5986015412272235e-16,3.1031676915590914e-17,8.290865312406012e-17,0.0,2.7755575615628914e-17,2.7755575615628914e-17,3.1031676915590914e-17
229,0.6681147103770546,0.3370681939947775,0.016072325187345915,1.758083448650983,1.1443916996305594e-16,1.4924284091587157e-16,1.1443916996305594e-16,6.41262002186817e-17,0.0,2.7755575615628914e-17,1.1102230246251565e-16,1.1188630228279524e-16
230,-1.5954567476161554,2.4694177188808033,0.03829623319002712,1.1171177772499057,5.1925927263190304e-17,6.3382300062331e-17,5.1925927263190304e-17,2.5340111772536195e-17,0.0,6.938893903907228e-18,5.003707553108401e-17,5.1925927263190304e-17
231,1.875630103907179,-1.568731165780784,0.08946551165791876,0.028324573226801597,5.979136609301385e-17,1.0556738042308675e-16,5.979136609301385e-17,1.0556738042308675e-16,0.0,3.1031676915590914e-17,5.721958498152797e-17,5.887846720064156e-17
232,-0.13973355873990734,1.5914686505556683,0.04516489545149759,1.4443060322930759,6.938893903907228e-18,1.6403573503395797e-16,0.0,1.6403573503395797e-16,0.0,6.938893903907228e-18,0.0,0.0
233,2.767341243697044,0.9415186120785823,0.024107399145785992,-2.3968077412433355,6.938893903907228e-17,2.0465546311812496e-16,6.938893903907228e-17,1.575268266392733e-18,0.0,2.7755575615628914e-17,6.938893903907228e-17,6.938893903907228e-17
234,-0.9445303623385404,1.8792469854909357,0.01575181663614484,1.7552998350718347,3.925231146709438e-17,2.336416179820495e-16,0.0,2.336416179820495e-16,0.0,3.925231146709438e-17,0.0,0.0
235,-0.8599029695061571,1.0952847820496392,0.0039001514427270474,-1.876822331308969,2.7755575615628914e-17,1.3741362300297686e-16,2.7755575615628914e-17,1.6829172566677786e-17,0.0,0.0,2.7755575615628914e-17,2.7755575615628914e-17
236,0.3455379870159847,1.7691154322505738,0.0345007273725809,0.125813903962249,6.359601310784502e-17,7.428939771014483e-17,6.359601310784502e-17,7.127775758839773e-17,0.0,0.0,6.206335383118183e-17,6.359601310784502e-17
237,1.7018263720448719,-1.6536625652725845,0.06652851632932416,2.823049941058507,5.551115123125783e-17,1.3676114469267384e-16,5.551115123125783e-17,1.3676114469267384e-16,0.0,6.938893903907228e-18,5.551115123125783e-17,5.551115123125783e-17
238,-2.0597382077515984,-0.29091408541014285,0.09592087113536112,1.287554849947381,1.1211468303779313e-16,1.6133505825144588e-16,1.1211468303779313e-16,7.079868682717585e-17,0.0,0.0,1.1102230246251565e-16,1.1188630228279524e-16
239,1.5651029792762108,-0.011376218326865306,0.0032781551932554486,-0.6606326166261538,4.0766001685454967e-17,2.3231614843157403e-16,4.0766001685454967e-17,2.3231614843157403e-16,0.0,1.5829351718288365e-17,4.0766001685454967e-17,4.0766001685454967e-17
240,-1.4681246637404106,0.4385431594596634,0.04047589358595181,3.0791357181414076,0.0,5.635367593871595e-17,0.0,5.426604906146556e-17,0.0,0.0,0.0,0.0
241,1.6196656868614836,1.7408497531234564,0.05812244444266741,2.708295746360533,4.0497527310531634e-17,1.3447199967714628e-16,3.1031676915590914e-17,5.487581868234594e-17,0.0,4.0497527310531634e-17,2.7755575615628914e-17,3.1031676915590914e-17
242,-0.21782068508438224,-2.0798111715018233,0.09439953632846387,-1.099128911156385,3.273069708340169e-17,1.7082638930430415e-16,3.273069708340169e-17,1.2207031113835772e-16,0.0,2.8609792490763984e-17,2.7755575615628914e-17,3.1031676915590914e-17
243,2.987345244077958,0.7047215976739096,0.047712186635650015,2.0785867752875617,0.0,1.0745587193762863e-16,0.0,1.0745587193762863e-16,0.0,0.0,0.0,0.0
244,-2.448779641168725,-1.7257493134256543,0.01846475639697953,-2.6658344431827024,5.551115123125783e-17,1.7909532739247416e-16,5.551115123125783e-17,1.7909532739247416e-16,0.0,2.7755575615628914e-17,5.551115123125783e-17,5.551115123125783e-17
245,-2.3906477921122566,-1.694784430580241,0.0928929111134522,-0.9637952917363606,1.3877787807814457e-17,1.0790281226917622e-16,1.3877787807814457e-17,1.0790281226917622e-16,0.0,0.0,0.0,1.3877787807814457e-17
246,2.7294493431074773,0.874094161656847,0.089525409380254,1.0627036869116093,5.732467154385379e-17,1.0404278904315028e-16,5.732467154385379e-17,1.0404278904315028e-16,0.0,2.7755575615628914e-17,5.721958498152797e-17,5.721958498152797e-17
247,1.712182445487704,-0.7736085991480557,0.06583168015863962,-0.7867534467674511,6.938893903907228e-17,2.3448571728580284e-16,6.938893903907228e-17,2.3448571728580284e-16,0.0,2.8609792490763984e-17,6.938893903907228e-17,6.938893903907228e-17
248,-1.476339860818558,-0.5546292304516562,0.04251275232740328,1.0832232350964688,1.193812447098184e-16,1.1077485061476405e-16,1.193812447098184e-16,4.5080730371280246e-17,0.0,2.42861286636753e-17,1.1857187100668868e-16,1.193812447098184e-16
249,-1.9333299944542348,1.553899790950577,0.009458978742577619,-1.1332411535268907,5.003707553108401e-17,1.8080793883086335e-16,4.163336342344337e-17,1.3871928673418259e-17,0.0,5.003707553108401e-17,4.163336342344337e-17,4.163336342344337e-17
250,-1.9140579097555546,0.3507724762642468,0.026368094735340852,3.113685267795913,4.3885418357208765e-17,2.8393619901282704e-16,4.3885418357208765e-17,2.8393619901282704e-16,0.0,1.3877787807814457e-17,4.163336342344337e-17,4.3885418357208765e-17
251,0.015513185550854569,0.4199433121078049,0.06893825578596562,-1.0396500208450248,5.721958498152797e-17,4.858131280432726e-17,5.721958498152797e-17,0.0,0.0,0.0,5.721958498152797e-17,5.721958498152797e-17
252,1.7916295638372963,-2.350628588083938,0.08366926519801784,-2.076561722945201,2.2215299868541707e-17,7.368005462035529e-17,2.2215299868541707e-17,7.368005462035529e-17,0.0,1.3877787807814457e-17,1.3877787807814457e-17,1.962615573354719e-17
253,1.0223110637008288,-0.8046072716914627,0.004549836083589155,1.6614310979537068,6.359601310784502e-17,1.4906050145846013e-16,6.359601310784502e-17,4.8265147285825255e-17,0.0,5.003707553108401e-17,6.206335383118183e-17,6.359601310784502e-17
254,-2.190858516277344,0.5196225463750537,0.09504330552029339,2.1942937261964977,7.852378676284824e-17,9.830743329534459e-17,7.852378676284824e-17,3.71103740294099e-18,0.0,2.7755575615628914e-17,7.850462293418876e-17,7.850462293418876e-17
255,-1.320782698836621,0.48675025403724703,0.0032102071090392872,-0.5184413856516041,7.850462293418876e-17,2.1973860369300243e-16,7.850462293418876e-17,2.1973860369300243e-16,0.0,4.163336342344337e-17,7.850462293418876e-17,7.850462293418876e-17
256,0.7161750381124414,0.6454817456442221,0.03638579123161076,0.18950234729846827,1.3877787807814457e-17,2.181064426235581e-16,1.3877787807814457e-17,2.181064426235581e-16,0.0,0.0,0.0,1.3877787807814457e-17
257,0.6912982062101682,-0.19924375080731593,0.08973498124024962,0.0062951984469306055,0.0,1.061994750950682e-16,0.0,1.0427062460754338e-16,0.0,0.0,0.0,0.0
258,2.251619241636183,2.101920238785462,0.05039041720653171,2.891213207906654,3.925231146709438e-17,9.864636954048931e-17,3.925231146709438e-17,4.1514247006827176e-17,0.0,2.7755575615628914e-17,3.925231146709438e-17,3.925231146709438e-17
259,0.6410316705155972,2.285963251194787,0.09688839433409438,1.8820888675733736,3.925231146709438e-17,1.456305182477761e-17,3.3682237275240583e-17,1.456305182477761e-17,0.0,3.925231146709438e-17,2.7755575615628914e-17,3.1031676915590914e-17
260,1.8017356823160808,1.5979992921882222,0.07636977791241094,-0.05387306426921201,6.206335383118183e-17,1.4989669646076094e-16,6.206335383118183e-17,1.0986819667675772e-16,0.0,3.925231146709438e-17,6.206335383118183e-17,6.206335383118183e-17
261,1.3808127645632053,-1.6439102799620993,0.08040935043123704,2.331810052895076,3.1031676915590914e-17,1.064085286958064e-16,3.1031676915590914e-17,1.064085286958064e-16,0.0,0.0,2.7755575615628914e-17,3.1031676915590914e-17
262,-1.6279014685545314,-1.5584406044502517,0.05178670900423862,-3.062537757153576,8.441528768080324e-17,7.059144784501352e-17,8.441528768080324e-17,7.059144784501352e-17,0.0,1.734723475976807e-18,8.326672684688674e-17,8.441528768080324e-17
263,-1.0909578000193974,-1.93403390877473,0.06065465690279304,2.7403006849090135,5.928593550334434e-17,1.1021158947010872e-16,5.928593550334434e-17,3.880303376070521e-17,0.0,2.7755575615628914e-17,5.551115123125783e-17,5.721958498152797e-17
264,0.39968702156569424,1.6120479115768345,0.0425970495193143,1.6828515129176465,5.551115123125783e-17,1.0571274274052508e-16,5.551115123125783e-17,3.743012996420989e-17,0.0,2.7755575615628914e-17,5.551115123125783e-17,5.551115123125783e-17
265,-2.108617961583656,1.06747152858444,0.023148303078245856,-2.1402045735525776,7.97218214573518e-17,2.626343171886788e-16,7.97218214573518e-17,2.449745172526805e-16,0.0,0.0,7.850462293418876e-17,7.97218214573518e-17
266,-2.4872803925449647,0.3389223554632368,0.07131446645125564,-0.4377382065013675,5.594315114139762e-17,1.2977376968744803e-16,5.594315114139762e-17,9.617066295516372e-17,0.0,0.0,5.551115123125783e-17,5.551115123125783e-17
267,-2.2973064804873236,-0.3679521509003161,0.0028373555193143317,0.5788361260700485,5.721958498152797e-17,1.1025399604961573e-16,5.721958498152797e-17,1.1025399604961573e-16,0.0,2.7755575615628914e-17,5.551115123125783e-17,5.721958498152797e-17
268,0.6150841761508103,2.607847968273665,0.06371409030847379,-1.5980901469240107,2.7755575615628914e-17,1.386816282497983e-16,2.7755575615628914e-17,1.386816282497983e-16,0.0,0.0,2.7755575615628914e-17,2.7755575615628914e-17
269,-2.1035854567055328,-1.2621156907577513,0.0303704234240195,-2.297926798512847,5.551115123125783e-17,7.557253257562953e-17,5.551115123125783e-17,6.182573437033951e-17,0.0,2.7755575615628914e-17,5.551115123125783e-17,5.551115123125783e-17
270,1.8966428911387974,-0.41659118987580346,0.03201372542403708,-0.6881769849264705,1.3877787807814457e-17,3.9639248005498883e-17,1.3877787807814457e-17,3.899727034042336e-17,0.0,1.3877787807814457e-17,1.3877787807814457e-17,1.3877787807814457e-17
271,-2.4954623569675145,0.516896200482464,0.09630451458768995,-0.2061645621811521,3.469446951953614e-18,1.0185118715972455e-16,3.469446951953614e-18,1.0185118715972455e-16,0.0,0.0,0.0,0.0
272,-2.050264351609317,-1.93121550060751,0.08002239212133999,-0.06891921387838451,3.1031676915590914e-17,1.7926634109032843e-16,3.1031676915590914e-17,1.7926634109032843e-16,0.0,1.3877787807814457e-17,2.7755575615628914e-17,3.1031676915590914e-17
273,1.7632905298942818,-2.525277601614668,0.04560127476648848,-1.4538476393299105,3.179800655392251e-17,1.8339148714974602e-16,3.179800655392251e-17,1.8339148714974602e-16,0.0,2.0816681711721685e-17,3.1031676915590914e-17,3.1031676915590914e-17
274,-0.43844454229169516,0.5922768368950755,0.05374807981979559,2.0040953794252436,3.1031676915590914e-17,4.6214879952125307e-17,1.3877787807814457e-17,4.6214879952125307e-17,0.0,3.1031676915590914e-17,1.3877787807814457e-17,1.3877787807814457e-17
275,2.2395842701195177,0.698758588897447,0.09055072009829618,-2.218987751848445,1.15746490986309e-16,1.33482628006717e-16,1.15746490986309e-16,3.811740972431711e-17,0.0,3.925231146709438e-17,1.1443916996305594e-16,1.1527756336890508e-16
276,-1.7738001204572482,-2.509688708792384,0.020785092106742332,3.0326473952126847,5.721958498152797e-17,1.0815041731543944e-16,5.721958498152797e-17,9.074551462719919e-17,0.0,2.8609792490763984e-17,5.551115123125783e-17,5.721958498152797e-17
277,-0.46742181446330866,-1.937345121268458,0.025516838307186946,1.6091558600965135,7.850462293418876e-17,5.932281354266591e-17,7.850462293418876e-17,3.965113784995789e-17,0.0,2.7755575615628914e-17,7.850462293418876e-17,7.850462293418876e-17
278,0.5525142534347425,-0.5394182359042046,0.06098000882375584,-0.39548706841437653,4.163336342344337e-17,1.0276266841250555e-16,4.163336342344337e-17,8.1262082953255e-17,0.0,2.7755575615628914e-17,4.163336342344337e-17,4.163336342344337e-17
279,2.8334631974388627,-0.6562276687349917,0.030653759024467944,-2.1011329590594605,5.551115123125783e-17,1.0946001524864377e-16,5.551115123125783e-17,1.0946001524864377e-16,0.0,0.0,5.551115123125783e-17,5.551115123125783e-17
280,-3.133552849658339,-1.41774042509118,0.0490875551689312,-0.041730746398104035,6.359601310784502e-17,1.319035585317376e-16,6.359601310784502e-17,1.319035585317376e-16,0.0,2.7755575615628914e-17,6.206335383118183e-17,6.359601310784502e-17
281,-1.1748359598936824,0.21572652480519228,0.0721798510725115,1.571623871511826,1.734723475976807e-17,7.320147192513675e-17,1.734723475976807e-17,4.541950090973957e-17,0.0,1.3877787807814457e-17,0.0,1.3877787807814457e-17
282,-0.7122179305158118,-0.7129769628980378,0.005319870819883118,-0.17775667711100107,2.7755575615628914e-17,2.071389139436405e-16,2.7755575615628914e-17,2.2494287730340982e-17,0.0,2.7755575615628914e-17,2.7755575615628914e-17,2.7755575615628914e-17
283,-0.15041693042249316,-1.9682211221790935,0.050440354373412585,0.6426464266464786,6.938893903907228e-17,4.570010438004481e-16,6.938893903907228e-17,4.570010438004481e-16,0.0,6.938893903907228e-18,6.938893903907228e-17,6.938893903907228e-17
284,-1.5246513452212782,1.2472930603851822,0.08842922240937309,1.9155505760590792,8.505453752507596e-17,1.2780546765105713e-16,8.505453752507596e-17,7.888016173834965e-17,0.0,2.42861286636753e-17,8.326672684688674e-17,8.441528768080324e-17
285,-2.2575595742439707,0.28609497884643176,0.032086676962538856,-0.32532347066741485,6.206335383118183e-17,1.56971927978112e-16,6.206335383118183e-17,1.56971927978112e-16,0.0,0.0,5.551115123125783e-17,5.721958498152797e-17
286,2.4779950117439338,1.4897338205573543,0.09240936645469469,-1.658746174003052,2.797157557069881e-17,6.537670129010901e-17,2.797157557069881e-17,3.704970332906971e-18,0.0,2.7755575615628914e-17,2.7755575615628914e-17,2.7755575615628914e-17
287,-1.7503934894074686,-1.6804301189954547,0.07398958559736901,-3.0570728050485916,5.815852873680767e-17,2.7179140914353186e-16,5.815852873680767e-17,2.3360421962808233e-16,0.0,6.938893903907228e-18,5.551115123125783e-17,5.721958498152797e-17
288,-3.0850615782398108,0.23937289393880867,0.057103194077828906,-1.0647484285009918,1.1188630228279524e-16,5.4211668276424204e-17,1.1188630228279524e-16,5.4211668276424204e-17,0.0,2.7755575615628914e-17,1.1102230246251565e-16,1.1188630228279524e-16
289,-0.651664049630365,0.5197439865768647,0.04527046122746973,0.35097470520444674,1.1527756336890508e-16,7.189113951905043e-17,1.1527756336890508e-16,2.923877119242982e-17,0.0,2.7755575615628914e-17,1.1443916996305594e-16,1.1527756336890508e-16
290,-1.0206396346982398,-2.6170000387890515,0.05318863970073077,-0.15140883253036952,2.0816681711721685e-17,1.1168046376515521e-16,2.0816681711721685e-17,1.1168046376515521e-16,0.0,1.3877787807814457e-17,1.962615573354719e-17,1.962615573354719e-17
291,-2.748322639465324,0.7527153435822576,0.02628632323204972,-1.1753995581077366,5.551115123125783e-17,1.5426348393004442e-16,5.551115123125783e-17,1.5426348393004442e-16,0.0,1.3877787807814457e-17,5.551115123125783e-17,5.551115123125783e-17
292,2.5035062976122475,2.304291703492972,0.07163500713567815,-3.045377042995244,0.0,5.538491917692271e-17,0.0,4.137934596656092e-17,0.0,0.0,0.0,0.0
293,-1.7307341172661421,-2.078521222152279,0.07426798799809821,-1.8878695530227807,5.815852873680767e-17,3.2438596527018463e-17,5.815852873680767e-17,3.335432442201992e-18,0.0,2.8609792490763984e-17,5.551115123125783e-17,5.721958498152797e-17
294,1.8969036036251303,-2.0965362879406406,0.005247348962093968,2.7179008181563518,5.721958498152797e-17,1.1833441236418336e-16,5.721958498152797e-17,1.076511546131714e-16,0.0,0.0,5.551115123125783e-17,5.721958498152797e-17
295,-1.056087195613836,-0.3478327375568484,0.03634262862737994,-2.695192385243577,2.7755575615628914e-17,1.60611336319148e-16,2.7755575615628914e-17,1.60611336319148e-16,0.0,2.7755575615628914e-17,2.7755575615628914e-17,2.7755575615628914e-17
296,2.9703655260765087,1.6311639531318876,0.0415297176489013,0.05057441258813977,2.7755575615628914e-17,1.8679639703965589e-16,6.938893903907228e-18,5.86928248148348e-17,0.0,2.7755575615628914e-17,0.0,0.0
297,-2.1799396982797057,0.4202545367143249,0.041150575603392456,-1.3165614359018416,7.850462293418876e-17,2.3715544669591785e-16,7.850462293418876e-17,2.1488356643805606e-16,0.0,0.0,7.850462293418876e-17,7.850462293418876e-17
298,1.4700301338493782,-0.7786798145422424,0.07199466629583509,-1.7516159252865577,8.505453752507596e-17,5.577595475821738e-17,8.505453752507596e-17,4.906324997022162e-17,0.0,2.964296775167217e-17,8.326672684688674e-17,8.441528768080324e-17
299,-2.0591262528296026,-0.8035307231602553,0.041134323241658124,1.648920151907161,5.551115123125783e-17,6.831075181339928e-17,5.551115123125783e-17,6.831075181339928e-17,0.0,0.0,5.551115123125783e-17,5.551115123125783e-17
300,-1.8676987659261377,2.3066283484734007,0.0467522554882397,-0.7861312774615756,3.925231146709438e-17,1.82230973423526e-16,3.925231146709438e-17,1.7489897957829136e-16,0.0,0.0,3.925231146709438e-17,3.925231146709438e-17
301,2.68004191082795,1.0785477838055524,0.0617888876064877,0.059708235675837606,1.2038530986592155e-16,6.131352559991147e-17,1.2038530986592155e-16,5.1794827230169455e-17,0.0,0.0,1.1857187100668868e-16,1.193812447098184e-16
302,2.1264736768262598,1.0322339220095174,0.08632514185712056,-0.3590695301356863,2.797157557069881e-17,1.786630527093951e-16,2.797157557069881e-17,1.4149087038447249e-16,0.0,2.7755575615628914e-17,2.7755575615628914e-17,2.7755575615628914e-17
303,0.7211010516874392,-1.5361106248700234,0.05110292788354203,-0.45489317194912093,1.1527756336890508e-16,9.720442545154005e-17,1.1527756336890508e-16,1.2791046145436361e-17,0.0,2.7755575615628914e-17,1.1443916996305594e-16,1.1527756336890508e-16
304,2.097499919450418,2.5543866984319847,0.00845893301196584,1.6613805447569057,3.925231146709438e-17,2.5661713525979915e-16,3.925231146709438e-17,2.1326037039676385e-16,0.0,2.7755575615628914e-17,3.925231146709438e-17,3.925231146709438e-17
305,-1.0187265289407312,-1.1235455293580243,0.00524232074002806,0.3169702930349758,1.1527756336890508e-16,9.743874742023229e-17,1.1527756336890508e-16,9.743874742023229e-17,0.0,0.0,1.1443916996305594e-16,1.1527756336890508e-16
306,2.7867536535541007,1.7436309341057412,0.049986793648287065,-0.9482659248638803,5.594315114139762e-17,1.0715738969236948e-16,5.594315114139762e-17,1.0715738969236948e-16,0.0,2.7755575615628914e-17,5.551115123125783e-17,5.551115123125783e-17
307,-2.3749985787940204,0.5546894899069708,0.05131158810876638,-0.16600984783750272,5.721958498152797e-17,6.626288715597905e-17,5.721958498152797e-17,3.372686774941068e-17,0.0,2.7755575615628914e-17,5.551115123125783e-17,5.721958498152797e-17
308,0.9288229794400626,2.1742544488043074,0.03944865424984261,3.018711700945917,0.0,4.508994532597253e-17,0.0,4.145300609252893e-17,0.0,0.0,0.0,0.0
309,2.8303001703782673,-1.4080743432461547,0.08072977756581755,-2.239372206378012,2.797157557069881e-17,2.29965876862055e-16,2.797157557069881e-17,2.29965876862055e-16,0.0,0.0,2.7755575615628914e-17,2.7755575615628914e-17
310,-2.0652031926172443,2.486852531005048,0.03051105630542082,-1.376166889986774,3.1031676915590914e-17,2.020724051920891e-16,3.1031676915590914e-17,1.6498136294916864e-16,0.0,3.1031676915590914e-17,1.3877787807814457e-17,1.962615573354719e-17
311,-0.22537050138255488,0.95004840649155,0.08453801195351505,-2.8824805206700894,5.551115123125783e-17,1.2006475371857677e-16,5.551115123125783e-17,7.098386324516815e-17,0.0,2.7755575615628914e-17,5.551115123125783e-17,5.551115123125783e-17
312,2.114387975204183,-1.3179088154621192,0.050865716543370354,1.2430844999695863,5.721958498152797e-17,1.6022749062930274e-16,5.721958498152797e-17,1.6022749062930274e-16,0.0,2.7755575615628914e-17,5.551115123125783e-17,5.721958498152797e-17
313,0.2186853766344945,2.0133318121120767,0.00881251852191235,-2.686325401722333,8.993834424997155e-17,3.22333712850903e-16,8.993834424997155e-17,2.6405842397362243e-16,0.0,0.0,8.886119947416683e-17,8.993834424997155e-17
314,-2.2091656354124543,-2.1926108525216605,0.030412604078871083,-2.7064819125860073,4.163336342344337e-17,1.2404507300665584e-16,4.163336342344337e-17,1.2404507300665584e-16,0.0,0.0,3.925231146709438e-17,4.163336342344337e-17
315,1.1808297544401185,2.447993120645482,0.044876328277121805,-1.8155541292465445,7.211110073938365e-17,1.3660465859013846e-16,7.211110073938365e-17,1.3660465859013846e-16,0.0,1.3877787807814457e-17,7.076311083754595e-17,7.211110073938365e-17
316,-1.8321106554139905,-1.5620195581791636,0.08249671869875524,-1.773357315104964,3.1031676915590914e-17,1.3365840320852142e-16,2.797157557069881e-17,1.3365840320852142e-16,0.0,3.1031676915590914e-17,2.7755575615628914e-17,2.7755575615628914e-17
317,2.1635011774407253,-1.248964750043854,0.08243869361541685,-0.3021638656337964,5.721958498152797e-17,2.6568714564462415e-16,5.721958498152797e-17,2.6568714564462415e-16,0.0,0.0,5.551115123125783e-17,5.721958498152797e-17
318,0.5991501643040302,2.0318232013954955,0.05878106137201048,-1.6827557155389454,8.326672684688674e-17,1.4570316626107642e-16,8.326672684688674e-17,1.4570316626107642e-16,0.0,0.0,7.850462293418876e-17,8.326672684688674e-17
319,-2.402055510437502,-2.132001126360904,0.08349053245023612,0.20543315575228682,5.721958498152797e-17,1.8621341739040064e-16,5.721958498152797e-17,1.8621341739040064e-16,0.0,3.925231146709438e-17,5.551115123125783e-17,5.721958498152797e-17
320,2.055303079922587,1.0398395320288207,0.005364148875654724,-2.826250110037,6.359601310784502e-17,1.6901416102883966e-16,6.359601310784502e-17,1.6901416102883966e-16,0.0,0.0,6.206335383118183e-17,6.359601310784502e-17
321,3.110492477269225,0.0917572059301297,0.017314909412429202,1.2187292384752109,5.732467154385379e-17,2.067270072294812e-16,5.732467154385379e-17,2.067270072294812e-16,0.0,2.7755575615628914e-17,5.561946577567963e-17,5.732467154385379e-17
322,-1.1255422825482735,0.8695924292875934,0.07589254001420934,0.19923062330947516,7.97218214573518e-17,1.9175213236458707e-16,7.919159918457851e-17,1.6923498729926126e-16,0.0,1.3877787807814457e-17,7.850462293418876e-17,7.97218214573518e-17
323,-0.9689504109307778,2.28365433163853,0.0744361432387321,0.5383471767444412,2.7755575615628914e-17,1.0126854504279243e-16,1.0408340855860843e-17,9.762950683738367e-17,0.0,2.7755575615628914e-17,0.0,1.3877787807814457e-17
324,-0.29750411514561836,1.2302109802066945,0.017669010339559844,2.0085446023493017,5.551115123125783e-17,1.1612992776198055e-16,5.551115123125783e-17,1.1612992776198055e-16,0.0,2.7755575615628914e-17,5.551115123125783e-17,5.551115123125783e-17
325,1.5235073936185985,-0.13138629303547456,0.050982167456694795,2.5330802119229805,5.594315114139762e-17,1.162132665124041e-16,5.594315114139762e-17,1.0626007285114234e-16,0.0,5.594315114139762e-17,5.594315114139762e-17,5.594315114139762e-17
326,-1.2623761498486346,-0.6785614089758292,0.0918347625492986,2.580009550610093,5.551115123125783e-17,3.055555629049309e-16,5.551115123125783e-17,3.055555629049309e-16,0.0,1.3877787807814457e-17,5.551115123125783e-17,5.551115123125783e-17
327,-0.5627520418625345,-1.0790062096578337,0.07681903939262487,-0.8995115301388568,6.444211699335286e-17,4.064812123101095e-17,6.444211699335286e-17,2.4658184167784257e-18,0.0,0.0,6.206335383118183e-17,6.359601310784502e-17
328,-0.11873205584540969,1.5005558035947977,0.021025289958121158,0.25176638534096796,6.206335383118183e-17,1.698528108611442e-16,6.206335383118183e-17,1.698528108611442e-16,0.0,2.797157557069881e-17,6.206335383118183e-17,6.206335383118183e-17
329,-1.717122342464176,-2.013324377617402,0.0892040292783849,1.4090766415007998,5.732467154385379e-17,2.341773345956943e-16,5.732467154385379e-17,1.1839525216855627e-16,0.0,3.469446951953614e-17,5.721958498152797e-17,5.721958498152797e-17
330,1.1983495052691442,-0.49571490143225727,0.019461559486282292,2.1337760720180885,1.1188630228279524e-16,2.417617515922978e-16,1.1188630228279524e-16,2.417617515922978e-16,0.0,2.7755575615628914e-17,1.1102230246251565e-16,1.1102230246251565e-16
331,-2.717896216727725,2.300018480166671,0.014352583704818244,-0.21129022132959463,4.163336342344337e-17,1.55904035337517e-16,4.163336342344337e-17,1.55904035337517e-16,0.0,2.7755575615628914e-17,3.925231146709438e-17,4.163336342344337e-17
332,-2.9415783416962875,-0.31143839963611164,0.02391137436509712,-2.067410909443673,0.0,1.3111382520687723e-17,0.0,0.0,0.0,0.0,0.0,0.0
333,0.09916846310570104,1.015297776129156,0.039272863212926154,-0.3575162807359167,5.551115123125783e-17,9.363107312773457e-17,5.551115123125783e-17,9.363107312773457e-17,0.0,2.7755575615628914e-17,5.551115123125783e-17,5.551115123125783e-17
334,-1.8261938770540034,1.5921026826349842,0.07268534037885818,0.3335048719288789,5.721958498152797e-17,1.0922168386361948e-16,5.721958498152797e-17,9.690469053418504e-17,0.0,2.7755575615628914e-17,5.551115123125783e-17,5.721958498152797e-17
335,2.6244171655488415,-1.2050820040574852,0.07531539514488299,2.419800992014527,6.206335383118183e-17,2.595247188339107e-16,6.206335383118183e-17,2.595247188339107e-16,0.0,1.3877787807814457e-17,6.206335383118183e-17,6.206335383118183e-17
336,0.05693142647565841,0.3101279079487598,0.05597302108737391,-0.21242021551917656,2.7755575615628914e-17,1.9921409491466685e-17,1.3877787807814457e-17,8.550023720308684e-18,0.0,2.7755575615628914e-17,0.0,1.3877787807814457e-17
337,1.389981565235372,2.005105481373047,0.007271831216547825,-0.36704565310380044,5.551115123125783e-17,1.2316981789430536e-16,5.551115123125783e-17,1.043749854361289e-16,0.0,3.1031676915590914e-17,5.551115123125783e-17,5.551115123125783e-17
338,-3.0438888116364424,0.3299037140507237,0.03072265031695686,-2.6767072392509053,5.887846720064156e-17,1.0581043222713221e-16,5.887846720064156e-17,1.0581043222713221e-16,0.0,2.7755575615628914e-17,5.721958498152797e-17,5.887846720064156e-17
339,-1.9138001822959596,0.9770187939282016,0.04738999740625665,-1.6079211160210212,5.763878168445254e-17,9.015822272480736e-17,5.763878168445254e-17,9.015822272480736e-17,0.0,3.1031676915590914e-17,5.721958498152797e-17,5.721958498152797e-17
340,1.3799916070684572,0.048406584926285134,0.07796434677727164,-1.236442762949091,7.152448122690996e-17,1.163197732513084e-16,7.152448122690996e-17,1.0697018635268218e-16,0.0,3.1031676915590914e-17,6.938893903907228e-17,7.076311083754595e-17
341,0.6614626253031339,-2.4618675688581586,0.05924871006679675,0.6927223434408627,5.721958498152797e-17,6.814529104203168e-17,5.721958498152797e-17,4.966392979927459e-17,0.0,3.925231146709438e-17,5.551115123125783e-17,5.721958498152797e-17
342,2.9893391139768406,1.1073638969397437,0.09188243471296018,-0.12323882382979123,7.97218214573518e-17,1.3259327563123974e-17,7.97218214573518e-17,3.6470612605195346e-18,0.0,0.0,7.850462293418876e-17,7.97218214573518e-17
343,1.8943517612715395,1.4303359343532187,0.024760475108037316,0.4625469505940849,5.551115123125783e-17,1.7524876354006657e-16,5.551115123125783e-17,1.0549477780634624e-16,0.0,3.1031676915590914e-17,5.551115123125783e-17,5.551115123125783e-17
344,0.4607036868160561,-1.9627155901442501,0.0555995909115567,1.874558505824269,4.163336342344337e-17,1.077674327824753e-16,4.163336342344337e-17,2.7755575615628914e-17,0.0,0.0,3.925231146709438e-17,4.163336342344337e-17
345,0.3532970051080673,1.659096724341659,0.051011193030097525,2.3695722937754953,2.7755575615628914e-17,1.2753108214345092e-16,2.7755575615628914e-17,1.2753108214345092e-16,0.0,2.7755575615628914e-17,2.7755575615628914e-17,2.7755575615628914e-17
346,0.502555430024207,2.160175771498587,0.047647021589134086,1.1481579346498023,5.551115123125783e-17,1.0573168715806123e-16,5.551115123125783e-17,1.0573168715806123e-16,0.0,3.1031676915590914e-17,5.551115123125783e-17,5.551115123125783e-17
347,0.4170972293936823,-2.3365815239823022,0.05823176888252623,1.8983783214384866,3.1031676915590914e-17,7.992616552786476e-17,3.1031676915590914e-17,5.550303762000259e-17,0.0,1.3877787807814457e-17,3.1031676915590914e-17,3.1031676915590914e-17
348,-2.22174996438062,2.5216955191361214,0.0591347245105134,-2.005339345290724,3.179800655392251e-17,7.19150465924616e-17,3.179800655392251e-17,1.1459719670968147e-18,0.0,2.7755575615628914e-17,3.1031676915590914e-17,3.1031676915590914e-17
349,0.5625240294031717,-1.670591687533423,0.03384492555638766,-0.5007549010724488,5.551115123125783e-17,7.748608323247133e-17,5.551115123125783e-17,2.291952867206594e-17,0.0,3.925231146709438e-17,5.551115123125783e-17,5.551115123125783e-17
350,-3.086949518524989,-0.11585221092220488,0.0719055122743033,-0.06330728431026467,0.0,3.458702558874066e-17,0.0,3.458702558874066e-17,0.0,0.0,0.0,0.0
351,0.5449062969950296,-0.2851418811562296,0.03518197215183497,2.87919267914197,3.1031676915590914e-17,1.3175648486636266e-16,2.7755575615628914e-17,4.4598522509420276e-17,0.0,3.1031676915590914e-17,2.7755575615628914e-17,2.7755575615628914e-17
352,0.7957230311792998,2.534243829408926,0.012243096578450288,-1.7476090542478624,5.721958498152797e-17,8.60128843985025e-17,5.721958498152797e-17,7.481724525004118e-17,0.0,2.7755575615628914e-17,5.551115123125783e-17,5.721958498152797e-17
353,2.426322108033377,2.6152612701236273,0.021295733071350374,-1.3653406998405377,2.7755575615628914e-17,1.3156070365378015e-16,2.7755575615628914e-17,1.3156070365378015e-16,0.0,0.0,2.7755575615628914e-17,2.7755575615628914e-17
354,2.638723794130512,0.7872907103768352,0.091863098812504,2.883541131130415,0.0,2.7755575615628914e-17,0.0,2.0807634860872944e-17,0.0,0.0,0.0,0.0
355,0.8193442221635672,-0.8765074463626092,0.034198868733803324,-0.49145334958873166,5.551115123125783e-17,5.670504756634984e-17,5.551115123125783e-17,5.670504756634984e-17,0.0,0.0,5.551115123125783e-17,5.551115123125783e-17
356,1.6369626996778281,-0.14797155504738768,0.03462705863902922,-1.617493911074153,5.618469141565346e-17,1.9395213815653384e-16,5.618469141565346e-17,1.9395213815653384e-16,0.0,3.029564307160424e-17,5.618469141565346e-17,5.618469141565346e-17
357,1.5674784514354325,-1.179407197680893,0.08339009574668689,-2.8068070435838646,1.015665410685238e-16,2.0240027093309115e-16,1.015665410685238e-16,2.0240027093309115e-16,0.0,1.984089975648473e-17,1.0007415106216802e-16,1.0103182026100663e-16
358,0.48186048131356785,-0.3796364186541137,0.04232095522025316,1.8519189161157268,6.546139416680338e-17,5.3481031429529675e-17,6.546139416680338e-17,4.353981396328829e-17,0.0,2.7755575615628914e-17,6.206335383118183e-17,6.359601310784502e-17
359,-2.9257906150035735,-2.140115748712705,0.05871631771965552,-2.8169025245148696,6.206335383118183e-17,2.0117675089524586e-16,6.206335383118183e-17,2.0117675089524586e-16,0.0,0.0,6.206335383118183e-17,6.206335383118183e-17
360,-2.5728562419800465,-2.3138301451160634,0.014144383259009964,-0.7814370600498126,2.7755575615628914e-17,7.452828219343858e-17,2.7755575615628914e-17,1.3307616555941098e-17,0.0,2.7755575615628914e-17,2.7755575615628914e-17,2.7755575615628914e-17
361,-2.037541808296816,1.0966982562311727,0.08570970728213971,-0.9842350701204476,4.1777673608052095e-17,1.0508469043235193e-16,4.1777673608052095e-17,2.0981520149515773e-17,0.0,2.7755575615628914e-17,4.163336342344337e-17,4.163336342344337e-17
362,1.6537940836318477,2.0421281403438445,0.0929566931830895,-0.8053660297937335,1.962615573354719e-17,1.5968487149406804e-16,1.962615573354719e-17,9.583953674435754e-17,0.0,6.938893903907228e-18,1.3877787807814457e-17,1.962615573354719e-17
363,-1.3208402857464818,-0.5337330047381048,0.07587743708144071,-1.782262531291793,5.551115123125783e-17,1.082740139346253e-16,5.551115123125783e-17,1.082740139346253e-16,0.0,1.3877787807814457e-17,5.551115123125783e-17,5.551115123125783e-17
364,2.474542483993977,1.4588437495861544,0.0874144374212997,-0.19480008136892124,1.1236938283130691e-16,1.0676065942821028e-16,1.1236938283130691e-16,3.1206068426837724e-17,0.0,2.7755575615628914e-17,1.1102230246251565e-16,1.1188630228279524e-16
365,1.8767453577422977,-0.4903368743405707,0.088306014162196,-2.528374454281152,2.2215299868541707e-17,7.214805876944513e-17,2.2215299868541707e-17,4.673630865322931e-18,0.0,0.0,1.3877787807814457e-17,1.962615573354719e-17
366,-2.4964753900384977,-2.511371938601997,0.08610971711194722,-1.1904922851221287,3.273069708340169e-17,1.5269089103265056e-16,3.273069708340169e-17,1.5269089103265056e-16,0.0,0.0,2.7755575615628914e-17,3.1031676915590914e-17
367,-0.8670851050149149,-2.5969041241685296,0.028203391896930066,1.4519407086434573,1.3877787807814457e-17,7.517009850236216e-17,1.3877787807814457e-17,7.517009850236216e-17,0.0,0.0,1.3877787807814457e-17,1.3877787807814457e-17
368,-0.477507952441095,-1.2141349133986394,0.0926880494354617,-1.8045871075443443,3.1031676915590914e-17,1.268442444332932e-16,2.7755575615628914e-17,1.268442444332932e-16,0.0,3.1031676915590914e-17,2.7755575615628914e-17,2.7755575615628914e-17
369,-0.5086102298737409,1.5706092576925204,0.07791464350429309,-1.9971721408108465,6.444211699335286e-17,1.5005124134341818e-16,6.444211699335286e-17,1.5005124134341818e-16,0.0,5.551115123125783e-17,6.206335383118183e-17,6.359601310784502e-17
370,1.961231929108175,0.7076243798815427,0.03252914775285251,0.525515447542138,5.551115123125783e-17,1.0549822539860931e-16,5.551115123125783e-17,8.373523734433371e-17,0.0,3.1031676915590914e-17,5.551115123125783e-17,5.551115123125783e-17
371,1.8719523855045077,0.28761057488091524,0.05842813638282713,2.802284083683791,5.551115123125783e-17,2.3417868941281664e-16,5.551115123125783e-17,6.767066665979403e-17,0.0,4.163336342344337e-17,5.551115123125783e-17,5.551115123125783e-17
372,-3.139195469081504,1.7205798771078578,0.02977330800792302,2.2020185653321738,6.206335383118183e-17,2.2885731825034213e-16,6.206335383118183e-17,2.2885731825034213e-16,0.0,0.0,6.206335383118183e-17,6.206335383118183e-17
373,-2.1187991332642877,-2.490849493058432,0.06205893232293499,-3.0886446141363595,3.925231146709438e-17,2.9836259904058984e-16,0.0,2.9836259904058984e-16,0.0,3.925231146709438e-17,0.0,0.0
374,2.846931011817409,0.74127887472036,0.043687013277421326,-0.708720995529561,6.088854689467823e-17,2.4404874986149868e-16,6.088854689467823e-17,2.4404874986149868e-16,0.0,0.0,5.721958498152797e-17,5.887846720064156e-17
375,-0.7352444268472476,-2.385110838224071,0.01651970883166733,-0.46767691461659133,3.925231146709438e-17,1.0558165869626279e-16,2.7755575615628914e-17,1.0558165869626279e-16,0.0,3.925231146709438e-17,2.7755575615628914e-17,2.7755575615628914e-17
376,1.4374827879208159,-1.7617907837654232,0.06004699811829018,-1.7315927767715313,5.721958498152797e-17,1.537243944103279e-16,5.721958498152797e-17,1.537243944103279e-16,0.0,3.6880726988814706e-17,5.551115123125783e-17,5.721958498152797e-17
377,-1.4582136024928782,-1.7057967365223434,0.06946644109563825,-1.9564407041065348,5.721958498152797e-17,1.5151389124217086e-16,5.721958498152797e-17,5.668023395425279e-17,0.0,4.1777673608052095e-17,5.551115123125783e-17,5.721958498152797e-17
378,-1.459840345721857,2.214943852562683,0.07923784765415445,-0.8766887425039767,4.163336342344337e-17,1.871129968825704e-16,4.163336342344337e-17,9.010444171053775e-17,0.0,2.964296775167217e-17,3.925231146709438e-17,4.163336342344337e-17
379,-0.37779404159835694,-2.253105126510839,0.04184891754651687,0.020398239412581898,3.1031676915590914e-17,6.423585607965063e-17,1.3877787807814457e-17,6.423585607965063e-17,0.0,3.1031676915590914e-17,0.0,1.3877787807814457e-17
380,0.9234361748984972,0.025742753694439013,0.042015684512539155,-1.1083901718464482,7.97218214573518e-17,1.1343839695816516e-16,7.97218214573518e-17,6.785997235039432e-17,0.0,3.925231146709438e-17,7.850462293418876e-17,7.97218214573518e-17
381,-0.8368268224055413,-0.17522088388775314,0.06468265090480552,0.959301406382826,6.938893903907228e-18,7.482454450358679e-17,6.938893903907228e-18,5.60346471448284e-17,0.0,0.0,0.0,0.0
382,-0.669700290744343,-0.4309116789994736,0.05237578642948899,-0.9550804340624461,7.97218214573518e-17,1.0462316535882155e-16,7.97218214573518e-17,1.0462316535882155e-16,0.0,2.7755575615628914e-17,7.850462293418876e-17,7.97218214573518e-17
383,-2.16327739756889,0.6496746641208881,0.007981702689066993,2.9928781770549264,5.551115123125783e-17,1.0399831476361196e-16,5.551115123125783e-17,6.924373874382944e-17,0.0,2.7755575615628914e-17,5.551115123125783e-17,5.551115123125783e-17
384,-1.5861026662573992,0.623753849545853,0.09043894305367824,1.222355123554613,5.887846720064156e-17,9.567208156289048e-17,5.887846720064156e-17,9.567208156289048e-17,0.0,6.071532165918825e-18,5.721958498152797e-17,5.887846720064156e-17
385,-0.6578785011810422,-1.003169169241101,0.09657858021770659,2.4553668470832486,5.551115123125783e-17,1.2276667016239358e-16,5.551115123125783e-17,0.0,0.0,2.7755575615628914e-17,5.551115123125783e-17,5.551115123125783e-17
386,-0.16582371218392966,1.987745250109143,0.09308664876473367,0.09691735215346986,6.444211699335286e-17,4.190146619762034e-17,6.444211699335286e-17,3.237038713068259e-17,0.0,2.7755575615628914e-17,6.206335383118183e-17,6.359601310784502e-17
387,-2.254997450949766,-0.5016080520757589,0.07272569156653223,0.305270176103718,8.039839784379823e-17,1.6136971604138812e-16,8.039839784379823e-17,1.4915465325031697e-17,0.0,2.7755575615628914e-17,7.850462293418876e-17,7.97218214573518e-17
388,-2.6203462138404356,-0.6735266293312754,0.04892630729884652,-2.754206776789655,5.763878168445254e-17,6.749553877441325e-17,5.763878168445254e-17,6.749553877441325e-17,0.0,2.7755575615628914e-17,5.721958498152797e-17,5.721958498152797e-17
389,2.66592142230411,1.9939200848444725,0.093290685701608,-0.9798875376803471,5.561946577567963e-17,1.7225456646530785e-16,5.561946577567963e-17,9.265340766395615e-18,0.0,2.7755575615628914e-17,5.551115123125783e-17,5.551115123125783e-17
390,1.8084042452327873,0.1872815308788911,0.033847186563389565,-1.4852336155883024,3.1031676915590914e-17,2.7787409638208866e-17,1.3877787807814457e-17,2.421739708652037e-17,0.0,3.1031676915590914e-17,0.0,1.3877787807814457e-17
391,-0.13512946921935276,-1.3380722198604402,0.0729419785891848,-1.5497526139296571,2.797157557069881e-17,1.0967268311306927e-16,2.797157557069881e-17,1.0967268311306927e-16,0.0,2.7755575615628914e-17,2.7755575615628914e-17,2.7755575615628914e-17
392,-2.305534731671059,0.506347080922108,0.03012866984913933,-1.1145406483525964,7.97218214573518e-17,2.8392937866697197e-16,7.97218214573518e-17,2.8392937866697197e-16,0.0,2.7755575615628914e-17,7.850462293418876e-17,7.97218214573518e-17
393,-2.2796513111051033,-0.087616027641511,0.04108378689698829,-1.9489250482570464,2.7755575615628914e-17,1.3232765811596557e-16,0.0,1.3232765811596557e-16,0.0,2.7755575615628914e-17,0.0,0.0
394,-0.9777026320534716,-0.14694225915400239,0.04331902772611835,1.6030254439436131,5.551115123125783e-17,5.878236970361762e-17,5.551115123125783e-17,2.6841232794264964e-17,0.0,2.7755575615628914e-17,5.551115123125783e-17,5.551115123125783e-17
395,1.2189898972989504,-1.7328596128534068,0.05128755762484852,2.600957775938018,4.3885418357208765e-17,1.0762234213793273e-16,4.3885418357208765e-17,6.94996447551461e-17,0.0,2.7755575615628914e-17,4.163336342344337e-17,4.3885418357208765e-17
396,1.427599267899164,1.4113370393316225,0.010421748911893467,-2.6834238676115203,6.938893903907228e-18,1.0012762262598865e-16,0.0,1.0012762262598865e-16,0.0,6.938893903907228e-18,0.0,0.0
397,-1.3017446716640189,-0.8031186805825106,0.08869301911117418,-1.4598086873502172,1.734723475976807e-18,5.60128726132467e-17,1.734723475976807e-18,4.809956595352152e-17,0.0,0.0,0.0,0.0
398,-0.7824965482616291,-0.399637748142208,0.07727508428715332,-2.4250640038164475,3.469446951953614e-18,7.912653379082614e-17,3.469446951953614e-18,2.4557944873343644e-17,0.0,0.0,0.0,0.0
399,-2.651722929029242,2.4737515214123973,0.055546122648898286,0.42683674889510215,4.163336342344337e-17,2.3335715446081888e-16,4.163336342344337e-17,2.3335715446081888e-16,0.0,2.7755575615628914e-17,3.925231146709438e-17,4.163336342344337e-17
400,0.13973638874212035,-0.2584239493791798,0.07715947308309315,0.6614654313126249,6.453544378663091e-17,5.642800719475597e-17,6.453544378663091e-17,5.642800719475597e-17,0.0,0.0,5.647850449853784e-17,6.293006791785826e-17
401,-0.37506504753354486,0.9954183843436968,0.059406874445990604,-0.7713233929266226,1.1188630228279524e-16,8.800653740538207e-17,1.1188630228279524e-16,8.800653740538207e-17,0.0,2.7755575615628914e-17,1.1102230246251565e-16,1.1188630228279524e-16
402,0.7978262259307312,0.13853746444026083,0.05423524503949195,2.861084311826837,0.0,9.427261372189351e-17,0.0,2.7755575615628914e-17,0.0,0.0,0.0,0.0
403,-0.5712833317537171,-1.3885420084159472,0.0009273708036202687,1.3363487258624671,2.7755575615628914e-17,1.4898405315457148e-16,1.962615573354719e-17,5.2165496793628686e-17,0.0,2.7755575615628914e-17,1.3877787807814457e-17,1.962615573354719e-17
404,0.9609345147146664,-2.6067144614945006,0.09299909124021115,-0.5267479969470705,4.1777673608052095e-17,2.2587166690441934e-16,4.1777673608052095e-17,1.7753645075173937e-16,0.0,2.7755575615628914e-17,4.163336342344337e-17,4.163336342344337e-17
405,-0.13545846826671593,0.6922752980173699,0.07476051988688265,-2.767102289442595,1.734723475976807e-17,2.168932934435139e-16,1.734723475976807e-17,2.168932934435139e-16,0.0,0.0,0.0,1.3877787807814457e-17
406,-1.1541474177003366,-0.518068519654808,0.04626315764374092,0.03632499045493054,1.962615573354719e-17,1.6332678846550002e-16,1.962615573354719e-17,1.6332678846550002e-16,0.0,1.3877787807814457e-17,1.3877787807814457e-17,1.962615573354719e-17
407,-1.061100325461381,-0.3168279125613336,0.01329782077384821,-0.2958581498825228,3.1031676915590914e-17,1.039664394879626e-16,3.1031676915590914e-17,1.1215952879718827e-18,0.0,2.7755575615628914e-17,2.7755575615628914e-17,3.1031676915590914e-17
408,-0.28276290727442444,-0.08364860558430776,0.05791125262769851,2.167614411941143,1.2586013583571652e-16,5.548066852356202e-17,1.2586013583571652e-16,1.1009709742250129e-17,0.0,2.7755575615628914e-17,1.2412670766236366e-16,1.249000902703301e-16
409,2.1626386819829166,-2.613938429435134,0.07737558319433338,2.492418025017483,3.3993498887762956e-17,1.2973697962349845e-16,3.3993498887762956e-17,1.2973697962349845e-16,0.0,2.7755575615628914e-17,3.1031676915590914e-17,3.3993498887762956e-17
410,1.1562889211220586,0.6826495439943217,0.0833987128471954,2.6768040303969256,1.1301027804460024e-16,8.492544716043463e-17,1.1301027804460024e-16,3.328451679029766e-17,0.0,3.1031676915590914e-17,1.1295700899707568e-16,1.1295700899707568e-16
411,-0.329776642314092,-1.6712981873376975,0.0024041788913994077,1.1189317546164936,2.7755575615628914e-17,1.5382117036431758e-16,0.0,1.5382117036431758e-16,0.0,2.7755575615628914e-17,0.0,0.0
412,-0.7031400077745036,2.0655206979469463,0.02048678467833133,-2.833616006323019,3.925231146709438e-17,2.8658123042524695e-16,2.7755575615628914e-17,2.8658123042524695e-16,0.0,3.925231146709438e-17,2.7755575615628914e-17,2.7755575615628914e-17
413,1.4741155738913987,-2.4952925142526468,0.04360349729818785,0.9105947390865241,6.245004513516506e-17,7.07749044582732e-17,6.245004513516506e-17,6.151004543881413e-17,0.0,3.469446951953614e-17,6.206335383118183e-17,6.206335383118183e-17
414,-0.6493493209110119,-2.3798595979821915,0.06811735526870506,-1.5392881850996618,4.163336342344337e-17,2.4259167049542906e-16,4.163336342344337e-17,2.4259167049542906e-16,0.0,2.7755575615628914e-17,3.925231146709438e-17,4.163336342344337e-17
415,0.5341098358388754,0.8834492747568556,0.04611935844047148,-0.45557890997345707,6.206335383118183e-17,7.329279661449283e-17,6.206335383118183e-17,7.329279661449283e-17,0.0,2.7755575615628914e-17,6.206335383118183e-17,6.206335383118183e-17
416,1.7016626503935166,-1.3825422330253438,0.07894072395571954,-0.7551619264448162,3.6880726988814706e-17,1.708064109172892e-16,3.1031676915590914e-17,1.0582815999977045e-16,0.0,3.6880726988814706e-17,2.7755575615628914e-17,3.1031676915590914e-17
417,2.069161889797881,0.11341388070572922,0.012317171726577522,1.3437854564843548,5.551115123125783e-17,5.213510124166893e-17,5.551115123125783e-17,3.8810543690642133e-17,0.0,1.3877787807814457e-17,5.551115123125783e-17,5.551115123125783e-17
418,-2.8785460357050066,1.548113964607206,0.061692444532293854,-0.37954738280674016,6.245004513516506e-17,9.568357711599085e-17,6.245004513516506e-17,1.9920078149700224e-17,0.0,2.7755575615628914e-17,6.206335383118183e-17,6.206335383118183e-17
419,-2.9922979664083784,1.396155830750493,0.011043519950191271,-2.2731558687350253,3.925231146709438e-17,3.1875483208568184e-16,3.925231146709438e-17,3.1875483208568184e-16,0.0,2.7755575615628914e-17,3.925231146709438e-17,3.925231146709438e-17
420,-1.9148816364948733,1.6035058592866966,0.0719811396034025,1.6975939440141685,3.273069708340169e-17,1.4105321152392323e-16,3.273069708340169e-17,1.4105321152392323e-16,0.0,0.0,2.7755575615628914e-17,3.1031676915590914e-17
421,2.6274207502966265,0.6783865696295792,0.01948993727025508,-1.6156123602230568,1.3877787807814457e-17,2.2952618299212984e-17,1.3877787807814457e-17,1.3501710813281032e-17,0.0,0.0,0.0,1.3877787807814457e-17
422,-1.5272777776888733,0.38980234773946565,0.003719030698060254,-1.9940981197770766,2.7755575615628914e-17,6.24204818264621e-17,2.7755575615628914e-17,5.984721985032955e-17,0.0,1.3877787807814457e-17,2.7755575615628914e-17,2.7755575615628914e-17
423,2.4524376325356894,-1.336554574987002,0.05692716483465526,-2.6199785538592404,7.850462293418876e-17,2.096693901993857e-16,7.850462293418876e-17,1.658873994117663e-16,0.0,2.7755575615628914e-17,7.850462293418876e-17,7.850462293418876e-17
424,-0.27767555975931435,1.7055554541721443,0.03849029665989553,2.2392943563803254,2.7755575615628914e-17,1.793046035211537e-16,2.7755575615628914e-17,1.793046035211537e-16,0.0,2.7755575615628914e-17,2.7755575615628914e-17,2.7755575615628914e-17
425,1.1144596938613063,2.2161753769516666,0.07454122427766091,1.1161747896247833,5.003707553108401e-17,1.30257429243403e-16,5.003707553108401e-17,0.0,0.0,4.163336342344337e-17,5.003707553108401e-17,5.003707553108401e-17
426,2.9431014789323244,2.360420674112626,0.07606826516621175,1.2657201429798386,3.273069708340169e-17,1.533136736388134e-16,3.273069708340169e-17,1.533136736388134e-16,0.0,0.0,2.7755575615628914e-17,3.1031676915590914e-17
427,-0.8326283658599576,1.2885984432687123,0.04819014823888712,-1.0599260724289286,2.7755575615628914e-17,9.657289637689541e-17,2.5018537765542006e-17,7.287008222473306e-17,0.0,2.7755575615628914e-17,1.3877787807814457e-17,1.962615573354719e-17
428,-2.2952474236910394,0.3230666994177471,0.0656539408913254,0.5155679231326089,5.551115123125783e-17,8.106074150169943e-17,5.551115123125783e-17,5.485176682279645e-17,0.0,2.7755575615628914e-17,5.551115123125783e-17,5.551115123125783e-17
429,-0.8315143415400996,1.4907337552913487,0.08621561645129437,-1.5532547307110907,4.163336342344337e-17,2.9453890321475975e-16,4.163336342344337e-17,2.756176982302945e-16,0.0,2.7755575615628914e-17,4.163336342344337e-17,4.163336342344337e-17
430,-0.8518197426530576,-1.4795916564791687,0.04353348025677956,2.5453384295591537,5.721958498152797e-17,1.5785646606014606e-16,5.721958498152797e-17,3.13085276618738e-17,0.0,3.925231146709438e-17,5.551115123125783e-17,5.721958498152797e-17
431,-1.966944131578994,1.5375053887425971,0.04637466442844426,-0.09480361461970599,1.5515838457795457e-17,4.802526037264905e-17,1.5515838457795457e-17,4.802526037264905e-17,0.0,1.3877787807814457e-17,1.3877787807814457e-17,1.3877787807814457e-17
432,0.5402503949019155,1.5784610829914754,0.07255239560386259,-0.8958380209893186,5.721958498152797e-17,1.442810903777073e-16,5.721958498152797e-17,1.442810903777073e-16,0.0,0.0,5.721958498152797e-17,5.721958498152797e-17
433,2.644802429548105,0.5638571336505387,0.0002739126992633446,2.0196555258311797,2.7755575615628914e-17,7.279808362974429e-17,1.962615573354719e-17,7.279808362974429e-17,0.0,2.7755575615628914e-17,1.3877787807814457e-17,1.962615573354719e-17
434,-1.2371708675167814,-0.9677938934086059,0.039039853924548916,1.5153112724895212,8.326672684688674e-17,2.0455946261277756e-16,8.326672684688674e-17,1.4634237701370477e-16,0.0,3.925231146709438e-17,7.850462293418876e-17,7.97218214573518e-17
435,-0.529288829168642,-2.0127366332604666,0.037965050967522396,-0.0399650435273613,3.925231146709438e-17,1.892466474927057e-16,3.925231146709438e-17,1.892466474927057e-16,0.0,2.7755575615628914e-17,3.925231146709438e-17,3.925231146709438e-17
436,2.9209093499151813,0.21602222368666624,0.062371876541056914,-2.7113112023532624,1.5515838457795457e-17,5.067534639693664e-17,1.5515838457795457e-17,5.067534639693664e-17,0.0,0.0,6.938893903907228e-18,1.5515838457795457e-17
437,-1.8962307425227758,0.7509267654055614,0.010864413084847233,-1.3033959954263579,8.993834424997155e-17,1.6147649615751807e-16,8.993834424997155e-17,1.332288445605955e-16,0.0,2.7755575615628914e-17,8.886119947416683e-17,8.993834424997155e-17
438,1.7851683725049643,0.050551714822393734,0.012571759897148147,-1.1633620659771542,3.1031676915590914e-17,8.056272186931666e-17,2.7755575615628914e-17,5.3474439562671764e-17,0.0,3.1031676915590914e-17,2.7755575615628914e-17,2.7755575615628914e-17
439,-2.6054339300002796,-0.22297449527260538,0.026238191505822,-1.5397916762480914,5.551115123125783e-17,1.5934558103809478e-16,5.551115123125783e-17,1.2962798518034807e-17,0.0,3.925231146709438e-17,5.551115123125783e-17,5.551115123125783e-17
440,0.9862345855116699,1.210756762933689,0.07064627806976595,2.5276947314239457,2.7755575615628914e-17,1.8145647015232045e-16,2.7755575615628914e-17,1.8145647015232045e-16,0.0,2.7755575615628914e-17,2.7755575615628914e-17,2.7755575615628914e-17
441,0.18542114123248155,-0.8174844313339169,0.06478674730525505,-2.509888762469181,2.7755575615628914e-17,1.3309469696077213e-16,2.7755575615628914e-17,3.791996954373026e-17,0.0,2.7755575615628914e-17,2.7755575615628914e-17,2.7755575615628914e-17
442,2.2606536791052125,-1.916513541835635,0.06582881514464191,-3.0870498190075066,1.0385185452638061e-16,6.308437990231614e-17,1.0385185452638061e-16,3.9842839023820095e-17,0.0,2.7755575615628914e-17,1.0007415106216802e-16,1.0385185452638061e-16
443,-0.9446984031225947,-0.47025133435511357,0.06842407080851509,1.4216794220520264,2.7755575615628914e-17,7.273738493216105e-17,1.3877787807814457e-17,4.863216225009763e-17,0.0,2.7755575615628914e-17,0.0,1.3877787807814457e-17
444,-2.8203606143027713,0.7847828088098625,0.0464506761135221,-0.00039853178687998536,7.850462293418876e-17,3.6803815963090603e-16,7.850462293418876e-17,3.12517022393422e-16,0.0,1.3877787807814457e-17,7.850462293418876e-17,7.850462293418876e-17
445,0.9401772184600787,-0.8979464121975571,0.030107010240996372,2.4051604432345908,5.721958498152797e-17,9.817507173957196e-17,5.721958498152797e-17,9.817507173957196e-17,0.0,2.7755575615628914e-17,5.551115123125783e-17,5.721958498152797e-17
446,1.1840403790750411,1.6516033300219735,0.008589236026044389,-0.8123288060097029,6.359601310784502e-17,2.386256474373891e-16,6.359601310784502e-17,2.386256474373891e-16,0.0,2.7755575615628914e-17,6.206335383118183e-17,6.359601310784502e-17
447,0.3903659610271357,-2.0925296213869635,0.04854745804711432,-1.05201596137004,6.546139416680338e-17,4.887906026187061e-17,6.546139416680338e-17,9.453583942125952e-18,0.0,2.7755575615628914e-17,6.206335383118183e-17,6.359601310784502e-17
448,-1.9815083968117178,2.4739067534136105,0.08911081603459464,-2.9185364755319356,1.3877787807814457e-17,1.3382382576474158e-16,1.3877787807814457e-17,1.3382382576474158e-16,0.0,1.3877787807814457e-17,1.3877787807814457e-17,1.3877787807814457e-17
449,0.6383465469001006,1.913949315763341,0.07471505074296382,-0.6539345182153813,0.0,5.551115123125783e-17,0.0,1.638426961967128e-17,0.0,0.0,0.0,0.0
450,-1.3804371313177675,-1.350434989174771,0.09308557858188929,-2.8578929397135675,5.551115123125783e-17,1.614466831649884e-16,5.551115123125783e-17,1.614466831649884e-16,0.0,0.0,5.551115123125783e-17,5.551115123125783e-17
451,0.7539457043757394,1.7169781510021545,0.07706342746498249,1.5162408586035374,5.561946577567963e-17,9.899892995911902e-17,5.561946577567963e-17,7.401846241643207e-17,0.0,0.0,5.551115123125783e-17,5.551115123125783e-17
452,-1.6149484349118988,1.2694199417256242,0.007908316454333887,0.333028624549228,7.850462293418876e-17,1.7762935686796943e-16,7.850462293418876e-17,1.7762935686796943e-16,0.0,2.0816681711721685e-17,7.850462293418876e-17,7.850462293418876e-17
453,0.8295910890036216,-0.33418240480356287,0.0892684414913303,0.9806841997749496,1.1236938283130691e-16,1.0631931391450155e-16,1.1236938283130691e-16,8.639728324782968e-17,0.0,2.7755575615628914e-17,1.1102230246251565e-16,1.1188630228279524e-16
454,2.414714508189226,0.1642386978301471,0.09574322832619214,2.350684766450448,5.551115123125783e-17,6.556356558493061e-17,5.551115123125783e-17,6.556356558493061e-17,0.0,2.7755575615628914e-17,5.551115123125783e-17,5.551115123125783e-17
455,0.5466168592953164,0.6122615893483041,0.044674785618449626,-2.4054860402233946,5.551115123125783e-17,1.5954393345696347e-16,5.551115123125783e-17,9.04481807955912e-17,0.0,2.7755575615628914e-17,5.551115123125783e-17,5.551115123125783e-17
456,2.945166714851962,-1.9050174914671678,0.03788517865069249,-0.7854532058066042,5.1925927263190304e-17,2.0677679097207963e-16,5.1925927263190304e-17,2.055889424299385e-16,0.0,6.938893903907228e-18,5.003707553108401e-17,5.1925927263190304e-17
457,2.9235695995289985,0.7084636072488779,0.045092846989868526,1.4446931499183933,5.721958498152797e-17,1.0737855488843357e-16,5.721958498152797e-17,1.0737855488843357e-16,0.0,0.0,5.551115123125783e-17,5.721958498152797e-17
458,3.0764888261881964,-2.097325528896853,0.07006750677875495,-2.836888014698363,2.7755575615628914e-17,3.866636531677091e-17,2.7755575615628914e-17,3.866636531677091e-17,0.0,2.7755575615628914e-17,2.7755575615628914e-17,2.7755575615628914e-17
459,-1.2331628663712217,-0.8358801012667176,0.012386875362654367,-2.4972226951120104,2.7755575615628914e-17,5.3944105716835453e-17,2.7755575615628914e-17,1.4789599112180445e-19,0.0,1.3877787807814457e-17,2.7755575615628914e-17,2.7755575615628914e-17
460,-0.728372892215122,-1.2085380079995158,0.02671547331913459,2.7097590478229607,5.551115123125783e-17,2.302477760484096e-16,5.551115123125783e-17,2.302477760484096e-16,0.0,2.7755575615628914e-17,5.551115123125783e-17,5.551115123125783e-17
461,-1.2479162587892807,1.410090167362021,0.043846469562491656,-0.4392184598535649,5.928593550334434e-17,8.707681239114446e-18,5.928593550334434e-17,3.668964797813925e-18,0.0,2.7755575615628914e-17,5.551115123125783e-17,5.721958498152797e-17
462,2.0388265005232373,-1.1357823685284374,0.07641624951989281,-0.19196543046797165,5.721958498152797e-17,8.591153203574325e-17,5.721958498152797e-17,8.591153203574325e-17,0.0,5.551115123125783e-17,5.721958498152797e-17,5.721958498152797e-17
463,2.6498464013681424,-1.5706377649833465,0.016244482157725972,-1.3522581064350128,5.721958498152797e-17,3.033820094406457e-16,5.721958498152797e-17,3.033820094406457e-16,0.0,0.0,5.721958498152797e-17,5.721958498152797e-17
464,1.9916955842136144,0.5452405713831925,0.06700756680487034,-0.8079624721919947,1.1188630228279524e-16,1.6049255988671793e-16,1.1188630228279524e-16,1.3808487818138347e-16,0.0,3.1031676915590914e-17,1.1102230246251565e-16,1.1188630228279524e-16
465,1.1675983299075865,1.0370380523293279,0.0951183357435854,1.9044789344946356,1.129703286137716e-16,2.4442153436320895e-16,1.129703286137716e-16,2.4442153436320895e-16,0.0,1.3877787807814457e-17,1.1188630228279524e-16,1.1274368112207335e-16
466,0.287482516783629,-0.3994255534890856,0.026180956443318484,1.0416134514343893,2.7755575615628914e-17,2.7158234593154976e-16,1.3877787807814457e-17,2.7158234593154976e-16,0.0,2.7755575615628914e-17,1.3877787807814457e-17,1.3877787807814457e-17
467,-0.30758110643279135,-1.481143888762917,0.02451854010872615,-0.8934554494398488,5.551115123125783e-17,1.3014422523884698e-16,5.551115123125783e-17,1.3014422523884698e-16,0.0,2.7755575615628914e-17,5.551115123125783e-17,5.551115123125783e-17
468,2.5161760405695723,-2.302432332848973,0.011855424387144162,-2.079450074910654,6.359601310784502e-17,1.0051511234411778e-16,6.359601310784502e-17,1.6134525682425473e-17,0.0,2.7755575615628914e-17,6.206335383118183e-17,6.359601310784502e-17
469,1.780142058806784,-1.3027389109501097,0.033639690671544514,-1.752857357155472,6.206335383118183e-17,8.272447040702247e-17,6.206335383118183e-17,3.9277807022598113e-17,0.0,2.0816681711721685e-17,5.551115123125783e-17,5.721958498152797e-17
470,0.7777357958687148,2.06850257011974,0.002669794593908345,2.1924636445317907,2.7755575615628914e-17,9.029875976784193e-17,2.7755575615628914e-17,9.029875976784193e-17,0.0,2.7755575615628914e-17,2.7755575615628914e-17,2.7755575615628914e-17
471,-1.5105537768002006,2.4150136106409046,0.020521880434602093,2.566718561573908,3.925231146709438e-17,1.150292513896396e-16,3.925231146709438e-17,7.198349387328782e-17,0.0,1.3877787807814457e-17,2.7755575615628914e-17,3.1031676915590914e-17
472,1.9454828373735369,0.2730501254950415,0.03555236319909665,-0.7874854109204077,5.551115123125783e-17,1.0165712750322397e-16,5.551115123125783e-17,4.13627749191833e-17,0.0,3.1031676915590914e-17,5.551115123125783e-17,5.551115123125783e-17
473,-2.370899404565009,-2.4325682112170908,0.010779972289356184,-0.01618609707146934,2.7755575615628914e-17,4.845721622496916e-17,2.7755575615628914e-17,4.0557686143683863e-17,0.0,0.0,2.7755575615628914e-17,2.7755575615628914e-17
474,2.8046193447113765,-0.4306164907383696,0.03220673292513234,1.0249077315756168,2.7755575615628914e-17,1.6175890171755e-16,2.7755575615628914e-17,4.071953910124006e-17,0.0,2.7755575615628914e-17,2.7755575615628914e-17,2.7755575615628914e-17
475,-1.0667551875048717,-1.0145297138832348,0.0636341580227409,-2.6405080724648027,4.163336342344337e-17,1.3170053339512572e-16,4.163336342344337e-17,3.1570058677585326e-17,0.0,0.0,4.163336342344337e-17,4.163336342344337e-17
476,-0.6599750606873607,1.854094258971076,0.05844984504750212,-3.0967387768430195,6.359601310784502e-17,2.340720551274457e-16,6.359601310784502e-17,2.340720551274457e-16,0.0,3.925231146709438e-17,6.206335383118183e-17,6.359601310784502e-17
477,-1.6250195206860605,-0.5652794720922012,0.053796724748974824,-0.4683153662504296,6.206335383118183e-17,1.3293797417341694e-16,6.206335383118183e-17,1.0149789424042823e-16,0.0,1.5612511283791264e-17,6.206335383118183e-17,6.206335383118183e-17
478,-1.8495520247273514,0.43036491576137337,0.09123909343027686,-0.9519291451797165,4.163336342344337e-17,1.6331923847744614e-16,2.0888836804026048e-17,1.171383981669404e-18,0.0,4.163336342344337e-17,2.0816681711721685e-17,2.0816681711721685e-17
479,-2.660094262371904,-2.1213392336894277,0.03652341590519749,-0.10362416175876898,2.7755575615628914e-17,1.84576582273055e-16,2.7755575615628914e-17,1.84576582273055e-16,0.0,0.0,2.7755575615628914e-17,2.7755575615628914e-17
480,2.059606882981191,1.5775853209531756,0.06865879298174975,-2.522361710369829,5.887846720064156e-17,5.613711882329081e-17,5.887846720064156e-17,5.0316671047076094e-17,0.0,2.7755575615628914e-17,5.721958498152797e-17,5.887846720064156e-17
481,-1.7282178989616366,-0.33176808729673457,0.042415208754758744,0.7965766161364667,3.1031676915590914e-17,2.1553973177797257e-16,0.0,2.1553973177797257e-16,0.0,3.1031676915590914e-17,0.0,0.0
482,2.036047849497101,2.130845231482048,0.014462862765364272,0.5436516303745478,5.551115123125783e-17,1.13114193995688e-16,5.551115123125783e-17,6.135370172162118e-17,0.0,1.3877787807814457e-17,5.551115123125783e-17,5.551115123125783e-17
483,1.9228779639444733,2.3194695134337535,0.038122417791463144,0.2867317956329689,3.925231146709438e-17,5.38085378836699e-17,3.925231146709438e-17,1.7171712010383603e-17,0.0,1.3877787807814457e-17,2.7755575615628914e-17,3.1031676915590914e-17
484,0.07416665059397154,-1.7954653292729583,0.06372786788120409,1.326054183905626,4.163336342344337e-17,4.687434422358187e-17,4.163336342344337e-17,1.2889638369716355e-17,0.0,2.797157557069881e-17,3.925231146709438e-17,4.163336342344337e-17
485,-0.8758911558516123,0.20569942792332752,0.06629336978927552,-0.05493925802957378,2.7755575615628914e-17,1.6162882332538498e-16,0.0,1.6162882332538498e-16,0.0,2.7755575615628914e-17,0.0,0.0
486,1.786001274386816,0.5996683158633198,0.061433337098864116,2.237901564394659,6.938893903907228e-18,1.385317180579542e-16,0.0,1.385317180579542e-16,0.0,6.938893903907228e-18,0.0,0.0
487,2.47254959191818,-0.470018857894285,0.08454771086268571,-0.8381201244722192,2.7755575615628914e-17,1.5691270785715473e-16,0.0,9.713684043589042e-17,0.0,2.7755575615628914e-17,0.0,0.0
488,-2.0193387040919566,-1.8113061415143739,0.07324222668528345,-0.45194171385587634,1.734723475976807e-17,2.500999854971058e-17,1.734723475976807e-17,1.6758673317441242e-18,0.0,1.3877787807814457e-17,0.0,1.3877787807814457e-17
489,-0.9037695081942312,0.7815543359397434,0.04869952621777112,2.658072380472614,6.206335383118183e-17,2.1986952465883733e-16,6.206335383118183e-17,2.1986952465883733e-16,0.0,2.7755575615628914e-17,6.206335383118183e-17,6.206335383118183e-17
490,1.0169931530007705,-2.2490354551238116,0.04845130913784818,-1.0894372086108142,3.925231146709438e-17,9.882692153581859e-17,3.925231146709438e-17,9.882692153581859e-17,0.0,2.7755575615628914e-17,3.925231146709438e-17,3.925231146709438e-17
491,0.8490104939941467,-0.6794193739759815,0.08113928782667684,2.375883358706388,5.815852873680767e-17,2.7658784725536587e-16,5.815852873680767e-17,2.7658784725536587e-16,0.0,2.7755575615628914e-17,5.551115123125783e-17,5.721958498152797e-17
492,-1.1391519232922689,0.9786740142728707,0.04187506060879202,-3.0650730349387354,6.206335383118183e-17,1.177901041163155e-16,6.206335383118183e-17,1.177901041163155e-16,0.0,3.1031676915590914e-17,5.551115123125783e-17,6.206335383118183e-17
493,-1.6696048192829684,-2.572556809264855,0.08660039222405792,-0.11998195388176969,4.718958039861916e-17,2.7115203879360237e-16,3.555125210177728e-17,2.7115203879360237e-16,0.0,4.718958039861916e-17,3.1031676915590914e-17,3.3993498887762956e-17
494,0.7584876373437068,-0.935754176059671,0.010255655426804986,1.2189626902670385,2.7755575615628914e-17,2.068635943173294e-16,2.7755575615628914e-17,2.068635943173294e-16,0.0,2.7755575615628914e-17,2.7755575615628914e-17,2.7755575615628914e-17
495,-1.805502980694645,-1.1194852189389244,0.08735889868764855,-2.742567098479056,5.721958498152797e-17,2.88190697795687e-16,5.721958498152797e-17,1.739064221219186e-16,0.0,2.0816681711721685e-17,5.551115123125783e-17,5.721958498152797e-17
496,2.685811460278165,0.3309493918737685,0.06822996701881895,1.746808874819144,3.1031676915590914e-17,1.4846577270073465e-16,0.0,1.4846577270073465e-16,0.0,3.1031676915590914e-17,0.0,0.0
497,0.2958888356657723,-1.8691583622943415,0.08249726228916535,-2.0899116979566124,3.925231146709438e-17,9.294486800192029e-17,3.925231146709438e-17,0.0,0.0,2.7755575615628914e-17,3.925231146709438e-17,3.925231146709438e-17
498,1.7742888812721684,0.169322512484257,0.037237489794001474,-0.9192470771830656,6.798699777552591e-17,1.4764760526933879e-16,6.798699777552591e-17,1.0264022125209105e-17,0.0,3.1031676915590914e-17,6.206335383118183e-17,6.359601310784502e-17
499,3.0088682812375858,1.038783920472608,0.07492149208030882,0.969243103358691,2.8609792490763984e-17,7.087773644487183e-17,0.0,7.087773644487183e-17,0.0,2.8609792490763984e-17,0.0,0.0
500,-0.4682145209963471,-1.6703219074200697,0.04050231717182703,0.5546975109834045,5.928593550334434e-17,7.502998321508946e-17,5.928593550334434e-17,7.502998321508946e-17,0.0,0.0,5.551115123125783e-17,5.721958498152797e-17
501,-2.3338875522744336,1.9593677597240835,0.05018159825926112,-0.5600321421491374,3.925231146709438e-17,6.787364778338529e-17,3.925231146709438e-17,0.0,0.0,2.7755575615628914e-17,3.925231146709438e-17,3.925231146709438e-17
502,2.3128474485848507,-2.2190409053432383,0.040217253790842476,0.8619930705712635,4.8074067159589095e-17,1.4191952331130788e-16,4.8074067159589095e-17,1.4191952331130788e-16,0.0,2.7755575615628914e-17,3.925231146709438e-17,4.163336342344337e-17
503,0.4461813556433336,2.250676939544213,0.026535924023091538,-1.4533704498887035,6.206335383118183e-17,2.6969031835453145e-16,6.206335383118183e-17,2.6969031835453145e-16,0.0,0.0,6.206335383118183e-17,6.206335383118183e-17
504,-1.8311327533780941,0.35313538438415426,0.042396717748602306,0.04672018522639165,3.1031676915590914e-17,2.0106484059809558e-16,2.7755575615628914e-17,2.0106484059809558e-16,0.0,3.1031676915590914e-17,2.7755575615628914e-17,2.7755575615628914e-17
505,-0.08703158149124235,-0.43712271550109616,0.017538553069476395,2.507521450285834,0.0,8.326672684688674e-17,0.0,2.6915843378409534e-17,0.0,0.0,0.0,0.0
506,-0.44556974438271535,-1.5080221067959725,0.05578590400697398,-1.8530888237971914,3.1031676915590914e-17,5.1679331245740804e-17,3.1031676915590914e-17,1.8333441884833986e-17,0.0,2.7755575615628914e-17,2.7755575615628914e-17,3.1031676915590914e-17
507,-2.6628039220815727,1.8346301079340228,0.03764508590263671,-0.14380308124487984,0.0,1.809672627169249e-17,0.0,1.809672627169249e-17,0.0,0.0,0.0,0.0
508,0.5197915210722921,-1.1309999983911352,0.07887886784551679,-0.23427153654366917,5.732467154385379e-17,5.881056947775767e-17,5.732467154385379e-17,2.304170983589837e-17,0.0,5.721958498152797e-17,5.721958498152797e-17,5.721958498152797e-17
509,-0.023827704510481773,2.5228016708084255,0.08382867794310905,2.368331501138524,2.797157557069881e-17,6.102306600531517e-17,2.797157557069881e-17,1.9024144372017614e-17,0.0,0.0,2.7755575615628914e-17,2.7755575615628914e-17
510,0.2678755238831685,2.5157758331586204,0.06030385401441114,1.429295452790944,3.469446951953614e-17,1.0095573200361493e-16,3.469446951953614e-17,7.426497594045768e-17,0.0,0.0,2.7755575615628914e-17,3.1031676915590914e-17
511,2.628254962095504,0.4038995381641004,0.060712564046349254,-2.968811168410923,6.206335383118183e-17,7.005735878427335e-17,6.206335383118183e-17,6.943611753725309e-17,0.0,1.3877787807814457e-17,6.206335383118183e-17,6.206335383118183e-17
512,-0.9604817392816858,-1.0525208138611608,0.02769590266834695,-1.7904723021684912,7.076311083754595e-17,1.3476886834372492e-16,7.076311083754595e-17,6.823460572064206e-17,0.0,2.7755575615628914e-17,6.938893903907228e-17,7.076311083754595e-17
513,-3.095509111557562,1.683935058147386,0.00777546859306273,-3.068686095290585,5.721958498152797e-17,6.68018013312152e-17,5.721958498152797e-17,6.68018013312152e-17,0.0,2.7809732887839817e-17,5.551115123125783e-17,5.721958498152797e-17
514,0.4062720272700693,1.849800369139618,0.0749722686417601,-1.7124292144360278,6.444211699335286e-17,7.858169285307308e-17,6.444211699335286e-17,6.630265466400834e-17,0.0,0.0,6.206335383118183e-17,6.359601310784502e-17
515,0.43340432557660336,2.4686410088104096,0.024998657880643045,-2.390469989750112,2.7755575615628914e-17,2.3797989103141275e-16,2.7755575615628914e-17,2.3797989103141275e-16,0.0,2.7755575615628914e-17,2.7755575615628914e-17,2.7755575615628914e-17
516,1.3746550704847174,0.990964531802156,0.027536981679975744,1.223069022035471,3.1031676915590914e-17,3.0282826875975296e-17,2.7755575615628914e-17,3.7553971636394334e-18,0.0,3.1031676915590914e-17,2.7755575615628914e-17,2.7755575615628914e-17
517,-1.3550554550550054,0.6853342896511978,0.06842465809690662,0.6198043796422694,1.0103182026100663e-16,2.8567687141926925e-16,1.0103182026100663e-16,2.552014682656193e-16,0.0,1.3877787807814457e-17,1.0007415106216802e-16,1.0103182026100663e-16
518,-1.345237168813076,2.5903623561533062,0.004384411519104689,-2.603364627481224,5.551115123125783e-17,1.0977300790301896e-16,2.7755575615628914e-17,1.0977300790301896e-16,0.0,5.551115123125783e-17,2.7755575615628914e-17,2.7755575615628914e-17
519,-2.6364528323923597,-1.974930481970933,0.07802116957471905,1.020341686031708,3.469446951953614e-18,1.0387121425749076e-16,3.469446951953614e-18,2.588026146889248e-17,0.0,0.0,0.0,0.0
520,-2.996675993635069,-2.5052634031021297,0.006735793053766549,-0.9738756645460405,6.359601310784502e-17,1.3336877317434935e-16,6.359601310784502e-17,1.3336877317434935e-16,0.0,2.7755575615628914e-17,6.206335383118183e-17,6.359601310784502e-17
521,-2.4116547572316636,-1.7876355298721858,0.06726147673341168,0.3042359441573259,2.7755575615628914e-17,2.1081584695451945e-16,2.7755575615628914e-17,1.617313182449845e-16,0.0,2.7755575615628914e-17,2.7755575615628914e-17,2.7755575615628914e-17
522,-1.1681430029047495,-2.0220441854580438,0.028026269769991743,2.1402843020072995,3.3993498887762956e-17,3.1538738743519806e-17,3.3993498887762956e-17,2.4074489639754645e-17,0.0,3.1031676915590914e-17,3.1031676915590914e-17,3.3993498887762956e-17
523,2.510489248138388,-1.7238275407748243,0.08174948220321455,-0.0889200332572031,2.797157557069881e-17,1.401031444772151e-17,2.797157557069881e-17,1.401031444772151e-17,0.0,0.0,2.7755575615628914e-17,2.7755575615628914e-17
524,-1.453271644850229,-1.1831632319694412,0.07077243354557837,-2.376780634458898,5.721958498152797e-17,2.2220021678211636e-16,5.721958498152797e-17,2.2220021678211636e-16,0.0,5.594315114139762e-17,5.551115123125783e-17,5.721958498152797e-17
525,3.083238263919733,2.2202850793592046,0.003906229087413832,1.91926472891961,2.7809732887839817e-17,4.270082933485428e-16,1.962615573354719e-17,4.270082933485428e-16,0.0,2.7809732887839817e-17,1.3877787807814457e-17,1.962615573354719e-17
526,-0.8324132600263292,1.7854650693673961,0.08123126831861086,-1.9998426770659787,1.1188630228279524e-16,1.7377065342591027e-16,1.1188630228279524e-16,1.5163670213231892e-16,0.0,0.0,1.1102230246251565e-16,1.1188630228279524e-16
527,-1.6215676239691295,-1.6943804804456783,0.09677053954873373,-0.4705291502916862,1.0103182026100663e-16,2.6737633800318626e-16,1.0103182026100663e-16,1.8875319965588453e-16,0.0,3.273069708340169e-17,1.0007415106216802e-16,1.0103182026100663e-16
528,-1.7241938369580592,-0.7463715118603775,0.07815917128152813,-2.993230393838334,3.1031676915590914e-17,1.6172600142446635e-16,3.1031676915590914e-17,1.6172600142446635e-16,0.0,1.3877787807814457e-17,2.7755575615628914e-17,3.1031676915590914e-17
529,2.5841347480689603,-0.6571311600857119,0.021146664701072553,2.9117770936927343,5.551115123125783e-17,1.0261806390615172e-16,5.551115123125783e-17,9.67017131058131e-17,0.0,2.7755575615628914e-17,5.551115123125783e-17,5.551115123125783e-17
530,-0.12006489331754899,2.3296544979753153,0.08560146132963291,-2.638151008305621,2.7755575615628914e-17,2.5245486748441605e-17,1.3877787807814457e-17,2.5245486748441605e-17,0.0,2.7755575615628914e-17,1.3877787807814457e-17,1.3877787807814457e-17
531,-2.5370786076372855,-2.459533377379768,0.04437056520349048,-0.37364264036449324,4.163336342344337e-17,6.549592575329247e-17,4.163336342344337e-17,6.549592575329247e-17,0.0,0.0,3.925231146709438e-17,4.163336342344337e-17
532,-0.8676658978063605,-1.9308803603681777,0.03263879128622223,-1.6100579829847328,2.7755575615628914e-17,1.6795695559790283e-16,1.3877787807814457e-17,1.0532693289148642e-16,0.0,2.7755575615628914e-17,0.0,1.3877787807814457e-17
533,-2.014867125364714,1.124201870343911,0.0026671113771504764,-0.07776646672750998,3.1031676915590914e-17,9.755561173116041e-17,3.1031676915590914e-17,9.755561173116041e-17,0.0,1.3877787807814457e-17,1.3877787807814457e-17,1.962615573354719e-17
534,-1.6053959075433295,-1.2321279430607177,0.053941446881692647,0.14357647826523978,1.0221629003393125e-16,2.3378598589265874e-17,1.0221629003393125e-16,2.104832320956845e-17,0.0,2.823925224926892e-17,1.0007415106216802e-16,1.0103182026100663e-16
535,-0.2570847957957829,-0.6474631017374775,0.0926810772635628,-3.0680726108977625,1.3877787807814457e-17,9.331688525747682e-18,1.3877787807814457e-17,3.580898806578712e-18,0.0,0.0,0.0,1.3877787807814457e-17
536,0.7756719165745238,-2.4244649934716014,0.023660053233491924,-2.5999506662945704,8.777083671441753e-17,2.1032319754462505e-16,8.777083671441753e-17,2.1032319754462505e-16,0.0,2.7755575615628914e-17,8.326672684688674e-17,8.777083671441753e-17
537,-0.811605448028256,-2.6024511390540606,0.034023582289383236,0.242690566912787,2.7755575615628914e-17,6.802298693112983e-17,2.7755575615628914e-17,2.2548329911983405e-17,0.0,2.7755575615628914e-17,2.7755575615628914e-17,2.7755575615628914e-17
538,1.066735550824644,1.5335172940523312,0.0831937716829887,-2.5004471308702465,2.7755575615628914e-17,8.411519788554852e-17,0.0,1.3877787807814457e-17,0.0,2.7755575615628914e-17,0.0,0.0
539,-0.9063768517251911,-0.2832287577987147,0.09550440305304804,-2.3443901577729545,7.850462293418876e-17,1.0504560965001972e-16,7.850462293418876e-17,1.0469342787910918e-16,0.0,3.925231146709438e-17,7.850462293418876e-17,7.850462293418876e-17
540,-2.871289833571283,-0.3270161481250846,0.05261654143420641,-1.768717374725731,1.962615573354719e-17,8.147679519806163e-17,1.962615573354719e-17,8.147679519806163e-17,0.0,0.0,1.3877787807814457e-17,1.962615573354719e-17
541,0.7010614123305987,0.7312258280515738,0.07014605409906087,1.0004613650057133,7.97218214573518e-17,1.0365447440366851e-16,7.97218214573518e-17,1.0365447440366851e-16,0.0,2.7755575615628914e-17,7.850462293418876e-17,7.97218214573518e-17
542,1.232774203831914,2.307460213787065,0.004145085293894071,1.3412967798446367,1.3877787807814457e-17,8.267259901782302e-17,1.3877787807814457e-17,8.267259901782302e-17,0.0,1.3877787807814457e-17,1.3877787807814457e-17,1.3877787807814457e-17
543,2.4885433066273253,-0.9725926737648785,0.08797126751427943,2.7182649643282186,6.216025217875883e-17,1.343545504006851e-16,6.216025217875883e-17,1.343545504006851e-16,0.0,2.7755575615628914e-17,6.206335383118183e-17,6.206335383118183e-17
544,-0.35718891453226176,0.2094890732635859,0.00915575824034697,-1.8076652132446114,2.7755575615628914e-17,5.348389272362837e-17,0.0,5.348389272362837e-17,0.0,2.7755575615628914e-17,0.0,0.0
545,-2.538158855661215,-1.4644168855610125,0.03103925627546505,-0.9283577175182898,2.7755575615628914e-17,5.925666483680996e-17,2.7755575615628914e-17,2.591310236155287e-17,0.0,2.7755575615628914e-17,2.7755575615628914e-17,2.7755575615628914e-17
546,2.94462736737513,1.212629340215047,0.017065473248752714,1.8223333886910629,3.1031676915590914e-17,1.6591233237023166e-16,3.1031676915590914e-17,1.6591233237023166e-16,0.0,6.938893903907228e-18,2.7755575615628914e-17,3.1031676915590914e-17
547,1.4968704973928215,1.4920638047587356,0.0886566343151044,0.8500461306851466,5.551115123125783e-17,4.487522772146519e-16,5.551115123125783e-17,4.487522772146519e-16,0.0,4.1777673608052095e-17,5.551115123125783e-17,5.551115123125783e-17
548,2.2706031085582605,-0.7349853770774821,0.015108704986044719,2.8983665347316085,1.0007415106216802e-16,3.4297896984128345e-16,1.0007415106216802e-16,3.4297896984128345e-16,0.0,2.7755575615628914e-17,1.0007415106216802e-16,1.0007415106216802e-16
549,-0.13079238219966838,2.0333244770465266,0.08568826269133481,-1.8599737539322387,5.815852873680767e-17,9.364051143992954e-17,5.815852873680767e-17,9.364051143992954e-17,0.0,2.7755575615628914e-17,5.551115123125783e-17,5.721958498152797e-17
550,0.7807270023430113,-1.4698789009835125,0.009360307166907542,-0.35015869565847746,1.1527756336890508e-16,1.4631978907043857e-16,1.1527756336890508e-16,6.719517696924262e-17,0.0,0.0,1.1443916996305594e-16,1.1527756336890508e-16
551,2.1959975540177235,2.5169292105251073,0.026045850709536293,1.0179265931656971,3.925231146709438e-17,2.236675358698233e-16,3.925231146709438e-17,2.236675358698233e-16,0.0,2.7755575615628914e-17,3.925231146709438e-17,3.925231146709438e-17
552,0.15261974831748537,-0.7162440012241964,0.05435605944790555,3.021997241663321,1.1527756336890508e-16,9.055496819751609e-17,1.1527756336890508e-16,9.055496819751609e-17,0.0,2.7755575615628914e-17,1.1443916996305594e-16,1.1527756336890508e-16
553,2.8432383644459645,-1.7151221489748418,0.08245114196291178,-0.7587617995000331,3.469446951953614e-18,9.559169689209696e-17,3.469446951953614e-18,9.559169689209696e-17,0.0,0.0,0.0,0.0
554,-1.7696904818781465,0.7301676516079141,0.05657504420034258,-3.010493120876799,1.0591761858187545e-16,2.668448643033144e-16,1.0591761858187545e-16,2.668448643033144e-16,0.0,4.85722573273506e-17,1.0591761858187545e-16,1.0591761858187545e-16
555,2.5785628079571294,-1.432787248840586,0.008783391769134495,-0.3831684061795473,3.925231146709438e-17,1.5294798714240276e-16,3.925231146709438e-17,1.5294798714240276e-16,0.0,2.7755575615628914e-17,2.7755575615628914e-17,3.1031676915590914e-17
556,-1.4483415795135572,0.5542726060557199,0.015061291606647608,-0.5950595408866435,2.8609792490763984e-17,1.3591305298037635e-16,2.7755575615628914e-17,1.3591305298037635e-16,0.0,2.8609792490763984e-17,2.7755575615628914e-17,2.7755575615628914e-17
557,2.9221260330086647,1.2054204106781596,0.07238114488194063,1.15506803471839,8.333897564733124e-17,3.510415481999124e-16,8.333897564733124e-17,2.7896228679260075e-16,0.0,2.7755575615628914e-17,8.326672684688674e-17,8.326672684688674e-17
558,2.761032855164361,-0.4666517324214565,0.03930543825123576,-1.3382402337892696,5.551115123125783e-17,6.935769425843423e-17,5.551115123125783e-17,5.97675830393693e-17,0.0,2.7755575615628914e-17,5.551115123125783e-17,5.551115123125783e-17
559,-0.24686198905610324,-0.6675935129811352,0.09346349882855366,0.4426419569403812,2.797157557069881e-17,1.0560732696156648e-16,2.797157557069881e-17,7.720188337411003e-17,0.0,2.7755575615628914e-17,2.7755575615628914e-17,2.7755575615628914e-17
560,3.1091025179696166,-2.4011425489577407,0.007983385657691144,-2.9259126978891827,0.0,1.1061611344255903e-16,0.0,1.1061611344255903e-16,0.0,0.0,0.0,0.0
561,1.6115309694752975,-1.476530922361237,0.012235146167636027,2.3703745667384952,5.551115123125783e-17,1.8033641225498776e-16,5.551115123125783e-17,1.6089941984674318e-16,0.0,4.163336342344337e-17,5.551115123125783e-17,5.551115123125783e-17
562,2.0271913115903555,2.450502267611983,0.09164644727649643,-2.7920983186962793,5.815852873680767e-17,2.08153329878362e-16,5.815852873680767e-17,2.08153329878362e-16,0.0,2.7755575615628914e-17,5.551115123125783e-17,5.721958498152797e-17
563,-2.1868726945964907,-1.6581027852051302,0.08989421220102324,0.8528010609216219,3.925231146709438e-17,6.907968221127165e-17,1.3877787807814457e-17,6.907968221127165e-17,0.0,3.925231146709438e-17,0.0,1.3877787807814457e-17
564,-1.6451233860312795,2.2940283082453203,0.09227669109766198,-2.8242513129589413,6.359601310784502e-17,7.209070120463658e-17,6.359601310784502e-17,3.155209123726751e-17,0.0,3.273069708340169e-17,6.206335383118183e-17,6.359601310784502e-17
565,-2.83893755306785,-0.27594525842479634,0.08622264791330551,0.24874170790109362,1.1236938283130691e-16,4.4300989346330293e-17,1.1236938283130691e-16,3.486752190296766e-18,0.0,2.7755575615628914e-17,1.1102230246251565e-16,1.1188630228279524e-16
566,-0.4400342899632328,-2.125439716842535,0.007399729920642833,-1.8570654340981811,2.7755575615628914e-17,5.799656366205102e-17,2.7755575615628914e-17,1.5865533553457825e-17,0.0,0.0,0.0,1.3877787807814457e-17
567,2.908936019287877,0.07960972467599392,0.040693379964440675,2.423786238245861,0.0,9.79704598155501e-17,0.0,9.79704598155501e-17,0.0,0.0,0.0,0.0
568,1.8974805224798885,-2.349517276797101,0.038383365212928094,-1.3716997677293337,5.003707553108401e-17,2.0372307685668186e-16,5.003707553108401e-17,2.0372307685668186e-16,0.0,2.7755575615628914e-17,2.7755575615628914e-17,3.925231146709438e-17
569,-1.425020107726101,-1.9391851637576134,0.07240110005730173,-2.264906997848567,2.7755575615628914e-17,1.3804190082732394e-16,2.7755575615628914e-17,0.0,0.0,2.7755575615628914e-17,2.7755575615628914e-17,2.7755575615628914e-17
570,-2.331959545756349,-2.4234094398663126,0.09148948441756508,-2.5585559600435968,6.3996956157e-17,1.879634648065555e-16,6.3996956157e-17,1.879634648065555e-16,0.0,2.7755575615628914e-17,6.206335383118183e-17,6.359601310784502e-17
571,2.6008612541528926,-2.167110447264866,0.0077867574012090495,-2.080242830492848,2.7755575615628914e-17,4.8515363716791465e-17,2.7755575615628914e-17,1.1097097811441806e-17,0.0,0.0,2.7755575615628914e-17,2.7755575615628914e-17
572,1.5650815691315936,1.1109181359976423,0.012888353662026062,1.952672757268683,5.551115123125783e-17,3.3248367699556207e-16,5.551115123125783e-17,3.3248367699556207e-16,0.0,3.4308104047955974e-17,5.551115123125783e-17,5.551115123125783e-17
573,2.04241949479223,2.0559760772073443,0.07233623509277147,-0.733394407055207,6.359601310784502e-17,5.447647653802261e-17,6.293006791785826e-17,5.447647653802261e-17,0.0,0.0,6.206335383118183e-17,6.359601310784502e-17
574,-0.14457358639515494,1.4880766176821338,0.049756402571607426,2.4725328430746627,7.850462293418876e-17,2.0328751859347479e-16,7.850462293418876e-17,9.886840013070075e-17,0.0,6.938893903907228e-18,7.850462293418876e-17,7.850462293418876e-17
575,-2.7290176289924015,1.704136153901286,0.02204238522968782,2.4551941233058123,0.0,2.942335759148449e-17,0.0,2.942335759148449e-17,0.0,0.0,0.0,0.0
576,-2.86034972092643,1.950167394052476,0.09390407352869566,0.607097298239081,6.947562107041945e-17,3.1227767753066676e-16,6.947562107041945e-17,3.1227767753066676e-16,0.0,2.7755575615628914e-17,6.938893903907228e-17,6.938893903907228e-17
577,1.1432512122196448,0.22647823487089758,0.062066958793852274,0.7629032397018576,6.206335383118183e-17,2.623067116085039e-16,6.206335383118183e-17,2.623067116085039e-16,0.0,2.7755575615628914e-17,6.206335383118183e-17,6.206335383118183e-17
578,-0.6471597190158378,1.0397148119170354,0.038453144425449524,0.7023565793574233,1.1188630228279524e-16,1.6827288876785474e-17,1.1188630228279524e-16,1.5189062649951227e-18,0.0,0.0,1.1102230246251565e-16,1.1188630228279524e-16
579,-2.4593083920686336,-0.584152971124885,0.046255834852778434,3.0504873443408114,5.594315114139762e-17,1.3153853622768656e-16,5.594315114139762e-17,1.2841162748713028e-16,0.0,2.7755575615628914e-17,5.551115123125783e-17,5.551115123125783e-17
580,0.21461310185000837,-2.3202497327095455,0.02902258634434373,2.619286967871634,4.163336342344337e-17,5.60498120985399e-17,4.163336342344337e-17,1.8449443721948074e-17,0.0,6.938893903907228e-18,4.163336342344337e-17,4.163336342344337e-17
581,-2.217778889357518,0.36251252654751376,0.04918530667820138,3.0038618770111514,5.928593550334434e-17,2.1486725242970675e-16,5.928593550334434e-17,2.1486725242970675e-16,0.0,2.7755575615628914e-17,5.551115123125783e-17,5.721958498152797e-17
582,1.3289194804674098,1.9096761123368853,0.0691983141310108,-2.5071344313060866,6.359601310784502e-17,1.641095703512906e-16,6.245004513516506e-17,1.616571846311962e-16,0.0,4.163336342344337e-17,6.206335383118183e-17,6.359601310784502e-17
583,-0.5073394926121098,0.5052898663991905,0.08958205410600084,-0.9812988471182522,2.7755575615628914e-17,1.0171629573461423e-16,2.7755575615628914e-17,1.0171629573461423e-16,0.0,1.3877787807814457e-17,2.7755575615628914e-17,2.7755575615628914e-17
584,1.275160564591344,1.862075477278037,0.02582634529363223,0.19052841054538572,3.925231146709438e-17,1.064602982450761e-16,3.925231146709438e-17,1.064602982450761e-16,0.0,0.0,3.925231146709438e-17,3.925231146709438e-17
585,-0.47290722376963723,0.04700322018741154,0.09152855349333024,-2.8222943439198307,2.797157557069881e-17,5.246491798043168e-17,2.797157557069881e-17,2.1691404927464912e-17,0.0,1.3877787807814457e-17,2.7755575615628914e-17,2.7755575615628914e-17
586,-1.86235813764298,-0.5499017915667181,0.05690446990713264,2.9729035221994335,8.121767085755589e-17,2.465864842213971e-16,8.121767085755589e-17,2.465864842213971e-16,0.0,2.7755575615628914e-17,7.850462293418876e-17,7.97218214573518e-17
587,-0.648807433024936,-2.00623217108779,0.06350506800149927,1.9086056041822994,4.163336342344337e-17,3.7029127969004734e-16,4.163336342344337e-17,3.7029127969004734e-16,0.0,0.0,3.925231146709438e-17,4.163336342344337e-17
588,1.7996473476135284,1.0315304186069465,0.03227764122875679,2.0602368430986093,5.721958498152797e-17,1.7003700478989816e-16,5.721958498152797e-17,8.025855005109043e-17,0.0,1.3877787807814457e-17,5.551115123125783e-17,5.721958498152797e-17
589,2.8064111378724004,-0.764279334739,0.022305347138126017,-1.8248987807709982,1.2719202621569003e-16,1.0401525472989399e-16,1.2719202621569003e-16,5.835976993388831e-17,0.0,2.7755575615628914e-17,1.2412670766236366e-16,1.249000902703301e-16
590,-0.022712877689702093,-0.8885065670488754,0.05790471014792199,1.0006872689545432,6.245004513516506e-17,9.99587827239461e-17,6.245004513516506e-17,9.99587827239461e-17,0.0,2.7755575615628914e-17,6.206335383118183e-17,6.206335383118183e-17
591,-2.263074999191634,1.0725100250502027,0.042695094601963184,-0.25500057582728175,3.1031676915590914e-17,1.7985181149020913e-16,3.1031676915590914e-17,1.7985181149020913e-16,0.0,2.7755575615628914e-17,2.7755575615628914e-17,3.1031676915590914e-17
592,-2.1809526848760292,-1.1575005106141687,0.09696897972858845,-2.103935407081411,1.1236938283130691e-16,1.252017048982786e-16,1.1236938283130691e-16,1.252017048982786e-16,0.0,2.7755575615628914e-17,1.1102230246251565e-16,1.1188630228279524e-16
593,2.440399772147072,1.6780121272340645,0.01865630753267051,1.4720721174018925,6.359601310784502e-17,2.212765671561261e-16,6.359601310784502e-17,4.998386405437092e-17,0.0,3.925231146709438e-17,6.206335383118183e-17,6.359601310784502e-17
594,2.4513218759968813,-2.475356340138373,0.0010814896278752491,-2.5546695207698757,4.163336342344337e-17,9.743190118672431e-17,4.163336342344337e-17,9.743190118672431e-17,0.0,0.0,3.925231146709438e-17,3.925231146709438e-17
595,-2.0132411857451054,-0.7188725050562734,0.03558900249652712,1.4200235249660516,1.3877787807814457e-17,5.551115123125783e-17,0.0,5.551115123125783e-17,0.0,1.3877787807814457e-17,0.0,0.0
596,-2.148326842000051,-1.8047100846977417,0.05724210554111845,1.0014403053684369,6.359601310784502e-17,4.163336342344338e-17,6.359601310784502e-17,4.163336342344338e-17,0.0,0.0,6.206335383118183e-17,6.359601310784502e-17
597,-2.5500861957227867,-1.1629839170151757,0.08291113279146681,-1.038489801213058,5.887846720064156e-17,8.646484463167137e-17,5.887846720064156e-17,2.6436044082799328e-17,0.0,2.7755575615628914e-17,5.721958498152797e-17,5.887846720064156e-17
598,-2.8368538586423506,-1.9801454187063543,0.04395253234200892,1.7146211917246346,8.777083671441753e-17,2.2143768273511775e-16,8.777083671441753e-17,1.3179097303897318e-16,0.0,3.1031676915590914e-17,8.777083671441753e-17,8.777083671441753e-17
599,2.986737866305128,0.3469140221700049,0.009233022125156056,1.1941694544859285,5.887846720064156e-17,9.335239774267468e-17,5.887846720064156e-17,2.3570464536918406e-19,0.0,0.0,5.721958498152797e-17,5.887846720064156e-17
600,1.1550530753242416,-1.3721571225375362,0.028506132279977423,0.10221540091066705,2.7755575615628914e-17,9.576516586757737e-17,2.7755575615628914e-17,9.576516586757737e-17,0.0,0.0,2.7755575615628914e-17,2.7755575615628914e-17
601,0.1747961714802999,-2.5983578579249444,0.07840973675827564,1.0363294462157029,2.797157557069881e-17,1.3012197301070142e-16,2.797157557069881e-17,1.3012197301070142e-16,0.0,0.0,2.7755575615628914e-17,2.7755575615628914e-17
602,0.427404731706845,-1.6898802523117782,0.06458902151470013,2.903763737342902,3.1031676915590914e-17,1.4943705594194977e-16,3.1031676915590914e-17,1.4943705594194977e-16,0.0,2.7755575615628914e-17,2.7755575615628914e-17,3.1031676915590914e-17
603,-2.099740087038099,-2.1867937644192286,0.06442643159199819,0.005799307741163329,3.925231146709438e-17,1.5237938325769433e-16,2.7755575615628914e-17,1.5237938325769433e-16,0.0,3.925231146709438e-17,2.7755575615628914e-17,2.7755575615628914e-17
604,0.3068826675534311,0.9519940162272276,0.00025538197449719117,-2.5610866986877,1.3877787807814457e-17,5.451603080760488e-17,1.3877787807814457e-17,5.451603080760488e-17,0.0,0.0,0.0,1.3877787807814457e-17
605,-1.8656456719069403,-1.1143889605320563,0.07692446144232583,-1.3670083909260136,5.551115123125783e-17,2.6230533701133895e-16,5.551115123125783e-17,2.6230533701133895e-16,0.0,4.163336342344337e-17,5.551115123125783e-17,5.551115123125783e-17
606,2.082927088672349,2.3093504376810983,0.0016949504079733799,-0.14548241903105952,6.206335383118183e-17,1.579117186272262e-16,6.206335383118183e-17,1.579117186272262e-16,0.0,3.925231146709438e-17,6.206335383118183e-17,6.206335383118183e-17
607,1.193329681397313,1.800488650475709,0.01020455247472701,0.2056738302468517,5.551115123125783e-17,3.5012345308854765e-16,5.551115123125783e-17,3.5012345308854765e-16,0.0,0.0,5.551115123125783e-17,5.551115123125783e-17
608,1.2591380304190434,2.4263918120931245,0.06443076075854778,1.2071860916612263,3.3993498887762956e-17,2.0636660222961268e-16,3.3993498887762956e-17,2.0636660222961268e-16,0.0,1.3877787807814457e-17,3.1031676915590914e-17,3.3993498887762956e-17
609,-1.2698904280491423,-0.5180027403767382,0.009075248095237933,-1.1902448679966393,6.088854689467823e-17,1.5639038806565505e-16,6.088854689467823e-17,1.5639038806565505e-16,0.0,3.1031676915590914e-17,5.928593550334434e-17,6.088854689467823e-17
610,0.5724494741108188,-0.9425579554901031,0.042351470286800946,-0.38281436145452474,5.928593550334434e-17,1.3397438049283785e-16,5.928593550334434e-17,1.3397438049283785e-16,0.0,2.7755575615628914e-17,5.551115123125783e-17,5.721958498152797e-17
611,2.4691571167140527,0.06396066918944632,0.09698071799209612,-1.3022274804613578,3.469446951953614e-18,2.7755575615628914e-17,3.469446951953614e-18,1.850733410192031e-17,0.0,0.0,0.0,0.0
612,-0.23159938377608125,0.9359027781482814,0.06013373735300745,1.7844884032774893,5.551115123125783e-17,1.9921682506654213e-16,5.551115123125783e-17,1.9921682506654213e-16,0.0,2.7755575615628914e-17,5.551115123125783e-17,5.551115123125783e-17
613,0.05663209846694306,-0.08318501895137231,0.012860841474817593,-0.0162509089575682,2.797157557069881e-17,6.935716084622762e-18,2.797157557069881e-17,6.935716084622762e-18,0.0,1.734723475976807e-18,3.469446951953614e-18,1.4304896245381992e-17
614,-2.385113734718783,2.588156529894969,0.049727605691960095,-0.7736831761843685,4.163336342344337e-17,1.600252501827285e-16,4.163336342344337e-17,1.0222685100890212e-16,0.0,0.0,3.925231146709438e-17,4.163336342344337e-17
615,0.08151435485489156,-2.257911679760795,0.05662788629288235,1.831080018384827,2.7755575615628914e-17,5.935564793657931e-17,2.7755575615628914e-17,0.0,0.0,3.469446951953614e-18,2.7755575615628914e-17,2.7755575615628914e-17
616,-0.5557629390860259,1.7248844389116074,0.04490107217586176,1.238404242827965,7.97218214573518e-17,2.033113714972621e-16,7.97218214573518e-17,3.178354680906414e-17,0.0,0.0,7.850462293418876e-17,7.97218214573518e-17
617,-1.4920138885131267,-2.328089773706515,0.09489675764982876,-1.3038757226908653,3.1031676915590914e-17,8.058900131913057e-17,3.1031676915590914e-17,6.45877131840959e-18,0.0,3.1031676915590914e-17,2.7755575615628914e-17,3.1031676915590914e-17
618,-1.6835443058416144,-0.44625981104369217,0.008744109103382483,-3.093435443070803,3.469446951953614e-18,5.71956527512248e-17,0.0,5.489605486009144e-17,0.0,3.469446951953614e-18,0.0,0.0
619,-0.01284909788998867,2.2446949182827516,0.044647116359170805,-1.7223366869835708,3.98609107286759e-17,1.6116518898863374e-16,3.98609107286759e-17,2.2064930908029785e-17,0.0,0.0,3.925231146709438e-17,3.925231146709438e-17
620,-0.22771041968373718,-0.1606851953398727,0.029971191265778,-2.056810053002457,6.206335383118183e-17,4.869127134787295e-17,6.206335383118183e-17,4.869127134787295e-17,0.0,6.938893903907228e-18,5.551115123125783e-17,5.721958498152797e-17
621,2.672476093854277,-0.7807002452727383,0.040389596553205856,1.0652248037149024,5.551115123125783e-17,1.6228075866049733e-16,5.551115123125783e-17,3.770862989645048e-17,0.0,0.0,5.551115123125783e-17,5.551115123125783e-17
622,2.8205655086454327,0.19633805897874224,0.015359940037199746,-2.923483331348061,3.1031676915590914e-17,5.4093169164840667e-17,3.1031676915590914e-17,1.9025855797740886e-17,0.0,1.3877787807814457e-17,2.7755575615628914e-17,3.1031676915590914e-17
623,-2.9096679616875827,-2.027152662311473,0.08526677677546197,0.011580094024594256,3.925231146709438e-17,8.06989397988671e-17,3.925231146709438e-17,9.575446235044954e-18,0.0,2.7755575615628914e-17,3.925231146709438e-17,3.925231146709438e-17
624,-2.0212529786480005,-1.072505729320181,0.019890766100285034,-2.5066323982300336,3.1031676915590914e-17,7.016042824121171e-17,3.1031676915590914e-17,7.708383668768594e-19,0.0,0.0,2.7755575615628914e-17,3.1031676915590914e-17
625,-2.3690098510956004,0.7012188210492303,0.022587719245984288,1.2290059903732606,6.206335383118183e-17,1.9536285095009926e-16,6.206335383118183e-17,8.372319033282883e-17,0.0,2.7755575615628914e-17,5.551115123125783e-17,5.721958498152797e-17
626,0.3597116149485968,-1.2346937819090353,0.07748106015448587,-1.9199631990229062,2.797157557069881e-17,4.7295740655907036e-17,2.797157557069881e-17,3.3349469253617645e-17,0.0,2.7755575615628914e-17,2.7755575615628914e-17,2.7755575615628914e-17
627,1.0792626097672953,-1.6884384950879168,0.09263311498186415,1.834344674092562,6.938893903907228e-17,2.338369208017017e-16,6.938893903907228e-17,9.879043179578274e-17,0.0,2.7755575615628914e-17,6.938893903907228e-17,6.938893903907228e-17
628,2.233073526936068,-1.547614629011802,0.06532137353820383,1.837812161616731,7.850462293418876e-17,5.551115123125784e-17,7.850462293418876e-17,1.4700230012298753e-17,0.0,3.925231146709438e-17,7.850462293418876e-17,7.850462293418876e-17
629,1.1905804644022648,-1.2086834973561305,0.044205844020603534,2.9830517929228897,6.206335383118183e-17,5.50792465309676e-17,6.206335383118183e-17,5.50792465309676e-17,0.0,1.3877787807814457e-17,6.206335383118183e-17,6.206335383118183e-17
630,-2.229354729816237,1.6101696652861066,0.039927007568955016,1.027870152271853,1.1188630228279524e-16,2.1061543705028203e-16,1.1188630228279524e-16,2.1061543705028203e-16,0.0,3.925231146709438e-17,1.1102230246251565e-16,1.1188630228279524e-16
631,1.3405181191899969,0.3622495606232232,0.023643374672943415,-1.641916232033955,6.798699777552591e-17,2.2485984101363765e-16,6.798699777552591e-17,2.2485984101363765e-16,0.0,2.0816681711721685e-17,6.206335383118183e-17,6.359601310784502e-17
632,-1.8086203867753015,2.102366909030923,0.0951836604603212,1.880175676225897,9.375534457728194e-17,1.6349765040282294e-16,9.375534457728194e-17,1.6349765040282294e-16,0.0,3.1031676915590914e-17,8.777083671441753e-17,9.205483015737869e-17
633,-2.1019078937222524,-0.9277017875506153,0.023712927707414434,2.8246535049912014,6.359601310784502e-17,1.129786562173426e-17,6.359601310784502e-17,1.129786562173426e-17,0.0,0.0,6.206335383118183e-17,6.359601310784502e-17
634,-1.2457796347201349,0.8235655844550278,0.00036791823105879895,-1.6563086544195933,1.2719202621569003e-16,8.036046252638931e-17,1.2719202621569003e-16,4.6540265033902366e-17,0.0,2.7755575615628914e-17,1.2412670766236366e-16,1.249000902703301e-16
635,0.6515942626164795,-2.4376573279808404,0.007876567227349675,-2.9845297766589267,6.206335383118183e-17,1.354764894411079e-16,6.206335383118183e-17,8.96603801935431e-17,0.0,2.7755575615628914e-17,6.206335383118183e-17,6.206335383118183e-17
636,2.877377395985677,0.8573017828285798,0.042787853903400244,-1.2689315916127297,3.1031676915590914e-17,8.326672684688674e-17,3.1031676915590914e-17,8.326672684688674e-17,0.0,0.0,2.7755575615628914e-17,3.1031676915590914e-17
637,-2.5684304062402408,-1.6053592587520835,0.0882561221037724,-2.66418347858251,2.7809732887839817e-17,2.248221974139228e-16,2.7809732887839817e-17,2.248221974139228e-16,0.0,0.0,2.7755575615628914e-17,2.7755575615628914e-17
638,-2.033817193355622,-2.6126956720139174,0.019454229739398744,2.7719524826659603,6.206335383118183e-17,1.5615937267251646e-16,6.206335383118183e-17,1.152043335202993e-16,0.0,2.7755575615628914e-17,6.206335383118183e-17,6.206335383118183e-17
639,1.6113489629880116,1.414790190795491,0.0073432647097875494,-0.8480562777770051,5.551115123125783e-17,2.6162628572453886e-16,5.551115123125783e-17,2.6162628572453886e-16,0.0,1.734723475976807e-18,5.551115123125783e-17,5.551115123125783e-17
640,-2.820312081235572,2.0602437578837764,0.0258476100870303,-2.4338807113319896,2.7755575615628914e-17,1.4739790171080533e-16,2.7755575615628914e-17,1.4739790171080533e-16,0.0,0.0,2.7755575615628914e-17,2.7755575615628914e-17
641,2.440158119052146,0.4315608348833533,0.0053660435218481056,-0.9364570004117554,5.551115123125783e-17,1.8085098034056396e-16,5.551115123125783e-17,1.8085098034056396e-16,0.0,0.0,5.551115123125783e-17,5.551115123125783e-17
642,-2.1357950342433414,-0.39773496323265833,0.044358065188487825,-0.9553219453845636,5.551115123125783e-17,6.9359955239506e-17,5.551115123125783e-17,2.1621456241099945e-17,0.0,0.0,5.551115123125783e-17,5.551115123125783e-17
643,-1.7746781542842436,0.44016853202325734,0.03317090224116731,1.3253607997722607,5.594315114139762e-17,9.403236060252022e-17,5.594315114139762e-17,9.403236060252022e-17,0.0,2.7755575615628914e-17,5.594315114139762e-17,5.594315114139762e-17
644,2.824892622145601,-1.166891388343082,0.03295838905336284,2.667688757153228,6.359601310784502e-17,1.9118935681946466e-16,6.359601310784502e-17,1.765490783417058e-16,0.0,1.3877787807814457e-17,6.206335383118183e-17,6.359601310784502e-17
645,3.0030774863692526,-2.1595617670144773,0.09376928351863448,-1.539863496332194,3.1031676915590914e-17,2.7622655589931952e-17,3.1031676915590914e-17,0.0,0.0,6.938893903907228e-18,2.7755575615628914e-17,3.1031676915590914e-17
646,-1.4257691958310403,1.3011745475870198,0.09480506633366603,1.4338811272220928,5.815852873680767e-17,1.124443915941216e-16,5.815852873680767e-17,1.124443915941216e-16,0.0,2.7755575615628914e-17,5.551115123125783e-17,5.721958498152797e-17
647,0.19734296732331202,1.7468551353098456,0.017987195170526334,0.34976336846709355,0.0,4.649996496545356e-17,0.0,4.649996496545356e-17,0.0,0.0,0.0,0.0
648,-2.3858722914894814,-0.8094808297592726,0.07147131813879262,1.0747560098517193,1.1102230246251565e-16,1.5960266525250953e-16,1.1102230246251565e-16,1.5960266525250953e-16,0.0,2.7755575615628914e-17,1.1102230246251565e-16,1.1102230246251565e-16
649,-2.789652284146073,-1.0340125146693588,0.06946349772389629,2.9054807100421876,1.962615573354719e-17,7.084711150273421e-17,1.962615573354719e-17,3.814927786719143e-17,0.0,1.3877787807814457e-17,1.3877787807814457e-17,1.962615573354719e-17
650,2.5708635808720794,-0.6127089269985162,0.011921403792396198,-0.6984131124536352,5.551115123125783e-17,1.9784936005879542e-16,5.551115123125783e-17,1.9784936005879542e-16,0.0,0.0,5.551115123125783e-17,5.551115123125783e-17
651,-0.5752293803727024,-2.299435238497345,0.08263608467054494,2.6190539249823326,5.551115123125783e-17,1.4366588703329769e-16,4.1777673608052095e-17,2.5479626612119116e-17,0.0,5.551115123125783e-17,2.7755575615628914e-17,3.925231146709438e-17
652,-2.3976260011395274,-1.912480170834755,0.05403606448515635,-2.9901263992279117,6.798699777552591e-17,1.6369235540251186e-16,6.798699777552591e-17,9.587221017935865e-17,0.0,0.0,6.206335383118183e-17,6.798699777552591e-17
653,2.4613847003791136,2.345642673873775,0.04040997628315019,1.6418494132202195,3.1031676915590914e-17,5.366265166711809e-17,3.1031676915590914e-17,4.597532857853639e-17,0.0,0.0,2.7755575615628914e-17,3.1031676915590914e-17
654,-2.8571476540146827,1.6766649289675901,0.04219443489785086,-2.074375440975005,3.1031676915590914e-17,1.8593901825205828e-16,3.1031676915590914e-17,1.1813694187448151e-16,0.0,1.3877787807814457e-17,2.7755575615628914e-17,3.1031676915590914e-17
655,0.6531240622481822,0.8046653255492733,0.06986750446082553,-2.8071529711969427,2.7755575615628914e-17,4.102426674297884e-16,2.7755575615628914e-17,4.102426674297884e-16,0.0,0.0,2.7755575615628914e-17,2.7755575615628914e-17
656,-0.23438606515672955,2.4668322522213555,0.09139511175857296,2.099526998431969,2.797157557069881e-17,1.9349600175425093e-16,2.797157557069881e-17,1.9349600175425093e-16,0.0,2.7755575615628914e-17,2.7755575615628914e-17,2.7755575615628914e-17
657,1.6509401985125471,-0.5166933072229276,0.09294111294042473,-3.0881393957205656,3.273069708340169e-17,1.8624121695026564e-16,2.7809732887839817e-17,1.8624121695026564e-16,0.0,3.273069708340169e-17,2.7755575615628914e-17,2.7755575615628914e-17
658,0.9397105445017564,0.6820497195896396,0.06324834915680048,2.6126137838475376,3.1031676915590914e-17,8.193890706807815e-17,3.1031676915590914e-17,8.193890706807815e-17,0.0,0.0,2.7755575615628914e-17,3.1031676915590914e-17
659,-1.9163549058016247,-1.2563393695400187,0.08800115959935054,0.5994993505516817,6.444211699335286e-17,6.15598825308792e-17,6.444211699335286e-17,6.15598825308792e-17,0.0,1.3877787807814457e-17,6.206335383118183e-17,6.359601310784502e-17
660,-2.1769027661640705,-1.5475339235521837,0.07475938143140899,-2.8323670307725037,2.7755575615628914e-17,1.1382010041271903e-16,0.0,1.0998977963453458e-16,0.0,2.7755575615628914e-17,0.0,0.0
661,-1.8564018314848065,-1.289387571913447,0.0007382965419442455,-2.9868777830251876,5.551115123125783e-17,8.587987043606306e-17,5.551115123125783e-17,8.587987043606306e-17,0.0,1.3877787807814457e-17,5.551115123125783e-17,5.551115123125783e-17
662,1.0106311646907757,-2.0733114072348515,0.031390983098589155,-3.0833564818578676,5.551115123125783e-17,7.349464150109143e-17,5.551115123125783e-17,1.2725989320388226e-17,0.0,3.925231146709438e-17,5.551115123125783e-17,5.551115123125783e-17
663,1.5258511561858272,0.8813030276293952,0.022325181377217965,1.5106056879631646,7.97218214573518e-17,1.2591618177319753e-16,7.97218214573518e-17,1.4493231628010713e-18,0.0,0.0,7.850462293418876e-17,7.97218214573518e-17
664,2.677212815547718,-0.2095471799658668,0.06022021160270765,2.243924432738668,6.206335383118183e-17,2.3175804028093013e-16,6.206335383118183e-17,2.3175804028093013e-16,0.0,3.1031676915590914e-17,6.206335383118183e-17,6.206335383118183e-17
665,1.585998230804348,2.3321916966513574,0.047136620937945926,1.41638099026986,8.886119947416683e-17,2.1859326648431237e-16,8.886119947416683e-17,2.1859326648431237e-16,0.0,2.42861286636753e-17,8.777083671441753e-17,8.886119947416683e-17
666,1.6586869946494156,-0.005726025183645067,0.007846452288373237,-0.8536071427226086,1.3877787807814457e-17,1.4090334753954744e-16,1.3877787807814457e-17,1.3291258096182648e-16,0.0,1.3877787807814457e-17,1.3877787807814457e-17,1.3877787807814457e-17
667,1.417922519751806,-1.1919438830987654,0.08453565479038518,-0.3071111479469617,4.163336342344337e-17,1.6556235875243333e-16,2.797157557069881e-17,4.606370799882466e-17,0.0,4.163336342344337e-17,2.7755575615628914e-17,2.7755575615628914e-17
668,-1.4792371535695217,1.4716237873787255,0.03449820179827012,-2.3643177066421197,3.273069708340169e-17,1.0018214835477936e-16,3.1031676915590914e-17,3.1461606110369307e-17,0.0,3.273069708340169e-17,2.7755575615628914e-17,3.1031676915590914e-17
669,-0.7821706542169724,2.216139068226467,0.08147291317995049,1.7047199924955123,7.858125020761362e-17,3.125164426139144e-16,7.858125020761362e-17,3.125164426139144e-16,0.0,0.0,7.850462293418876e-17,7.850462293418876e-17
670,-1.3925122307981093,1.441997996266147,0.08735989953120334,-0.061924802118103806,3.925231146709438e-17,1.2482788795342244e-16,3.925231146709438e-17,1.1969162528775203e-16,0.0,2.8609792490763984e-17,3.925231146709438e-17,3.925231146709438e-17
671,-0.4862525654843619,-1.831796296860084,0.09095239107890732,0.8092209744863341,2.7755575615628914e-17,6.847627371695789e-17,1.3877787807814457e-17,3.119013773927747e-17,0.0,2.7755575615628914e-17,0.0,1.3877787807814457e-17
672,0.9457679791016975,-0.48378118460862796,0.032842110696989106,0.768367981278494,5.721958498152797e-17,1.6938180359533973e-16,5.721958498152797e-17,1.6938180359533973e-16,0.0,2.7755575615628914e-17,5.551115123125783e-17,5.721958498152797e-17
673,-0.6582626472630246,-0.2049728551267238,0.07915068271030658,-0.4690089727753106,2.7755575615628914e-17,1.6153365375769343e-16,3.469446951953614e-18,3.971888199203956e-17,0.0,2.7755575615628914e-17,0.0,0.0
674,1.9746197040951508,-0.767360377083079,0.07769995221698062,1.1629727409995123,5.721958498152797e-17,7.343596724006208e-17,5.721958498152797e-17,0.0,0.0,0.0,5.721958498152797e-17,5.721958498152797e-17
675,2.8904763894007948,-1.5694477412662229,0.010056149583588839,2.754829805063478,6.359601310784502e-17,2.1942164205709989e-16,6.359601310784502e-17,1.0986012822349796e-16,0.0,6.938893903907228e-18,6.206335383118183e-17,6.359601310784502e-17
676,0.556299067563935,-1.8220881420014914,0.07379717360174075,2.604003021873088,5.551115123125783e-17,2.4339485631258833e-16,5.551115123125783e-17,6.972456366436108e-17,0.0,0.0,5.551115123125783e-17,5.551115123125783e-17
677,-2.745205753947729,2.1956812991427728,0.08297382613120191,-3.084414426218892,3.1031676915590914e-17,2.445894142024548e-17,2.797157557069881e-17,2.445894142024548e-17,0.0,3.1031676915590914e-17,2.7755575615628914e-17,2.7755575615628914e-17
678,-1.737702933100427,2.235059275208314,0.09542950063425829,-2.1713172057019285,3.1031676915590914e-17,5.0662729139461956e-17,3.1031676915590914e-17,3.4473115632525236e-17,0.0,2.7755575615628914e-17,2.7755575615628914e-17,3.1031676915590914e-17
679,1.4241177502820204,-1.6881999462811774,0.02576131892925841,-2.5540807855966636,8.886119947416683e-17,2.727446707015549e-16,8.886119947416683e-17,1.9750129346239124e-16,0.0,2.8609792490763984e-17,8.777083671441753e-17,8.886119947416683e-17
680,-1.3530953512093629,-0.6993377792751374,0.01692179003136361,-2.6972232729807857,6.546139416680338e-17,1.3870068656523275e-16,6.546139416680338e-17,1.304040897958121e-16,0.0,4.443059973708341e-17,6.546139416680338e-17,6.546139416680338e-17
681,0.3732086226647544,2.3869980454967394,0.07125040898657102,1.2363467610083436,5.721958498152797e-17,9.194023913530629e-17,5.721958498152797e-17,9.194023913530629e-17,0.0,2.7755575615628914e-17,5.551115123125783e-17,5.721958498152797e-17
682,0.8094063169495862,-0.35591781025179303,0.006751181117269557,1.3272009086011458,0.0,7.633149710752198e-17,0.0,7.633149710752198e-17,0.0,0.0,0.0,0.0
683,1.3913899088912904,-0.5866242455803401,0.04165022990661393,-0.711181987648748,5.928593550334434e-17,1.6023628347027182e-16,5.928593550334434e-17,1.5229783439320154e-16,0.0,6.938893903907228e-18,5.551115123125783e-17,5.721958498152797e-17
684,0.9798889738583014,-0.3396988766910596,0.015198735615261921,0.761634444527445,5.551115123125783e-17,6.09150456022666e-17,5.551115123125783e-17,6.030385822600142e-17,0.0,3.925231146709438e-17,5.551115123125783e-17,5.551115123125783e-17
685,0.1071095870998171,0.5664299820395557,0.016390985692216448,0.9445799491607811,5.721958498152797e-17,1.1012057753343486e-16,5.721958498152797e-17,1.1012057753343486e-16,0.0,2.7755575615628914e-17,5.551115123125783e-17,5.721958498152797e-17
686,3.039883735895426,2.4238983647214725,0.04576275199815314,-0.22659385250126407,5.551115123125783e-17,1.5905692638583004e-16,5.551115123125783e-17,5.556884375639811e-17,0.0,0.0,5.551115123125783e-17,5.551115123125783e-17
687,2.3069590438994947,-0.32813587175064773,0.04321755833622008,0.38437761896788336,5.551115123125783e-17,2.562569109940446e-16,5.551115123125783e-17,2.562569109940446e-16,0.0,0.0,5.551115123125783e-17,5.551115123125783e-17
688,0.3957491612683093,-0.07676929215484396,0.07362411350229742,-2.5064391650551547,5.815852873680767e-17,7.87778245427891e-17,5.815852873680767e-17,7.87778245427891e-17,0.0,1.3877787807814457e-17,5.551115123125783e-17,5.721958498152797e-17
689,-1.6403949072227046,0.9951408919315181,0.009424092887405533,-1.3023045298014932,1.3947004136484323e-16,2.454520175323794e-16,1.3947004136484323e-16,2.454520175323794e-16,0.0,2.8609792490763984e-17,1.3877787807814457e-16,1.3947004136484323e-16
690,-1.020618552692842,2.395492149832949,0.038590295264010165,0.1107097525966525,3.1031676915590914e-17,3.2112024393133653e-16,3.1031676915590914e-17,3.2112024393133653e-16,0.0,2.7755575615628914e-17,2.7755575615628914e-17,3.1031676915590914e-17
691,-0.45108929794358055,-0.5037236286608877,0.005431023101751113,2.120626567572348,7.97218214573518e-17,2.444583536170073e-16,7.97218214573518e-17,2.444583536170073e-16,0.0,1.3877787807814457e-17,7.850462293418876e-17,7.97218214573518e-17
692,2.822946334940257,2.0476181708704293,0.039234742580229624,-1.0497740980616985,6.206335383118183e-17,1.530074974787923e-16,6.206335383118183e-17,1.530074974787923e-16,0.0,2.7755575615628914e-17,6.206335383118183e-17,6.206335383118183e-17
693,-2.099807164576486,1.7470802271040768,0.013990099016021435,-1.0305469508828966,3.1031676915590914e-17,2.1681247463097571e-16,3.1031676915590914e-17,2.1681247463097571e-16,0.0,2.7755575615628914e-17,2.7755575615628914e-17,3.1031676915590914e-17
694,2.497047286243916,-2.3008383979350477,0.02232941184582557,2.203817955649045,4.163336342344337e-17,7.443534512985963e-17,4.163336342344337e-17,6.181027490409974e-17,0.0,2.7755575615628914e-17,3.925231146709438e-17,4.163336342344337e-17
695,1.4947563617865267,0.408991927840999,0.05928965015385619,-0.7108054371566075,8.355534721610419e-17,2.1421294580741977e-16,8.355534721610419e-17,2.1421294580741977e-16,0.0,3.6880726988814706e-17,8.355534721610419e-17,8.355534721610419e-17
696,-1.2778035669944932,0.06963046431793085,0.006304591130515048,2.643289970359283,1.1443916996305594e-16,2.04612432961311e-16,1.1443916996305594e-16,2.04612432961311e-16,0.0,0.0,1.1102230246251565e-16,1.1188630228279524e-16
697,2.379981706116239,-2.27702733081634,0.022468461505504078,-2.7345858388371105,3.925231146709438e-17,1.1886438474058854e-16,3.925231146709438e-17,4.910627891957198e-17,0.0,0.0,3.925231146709438e-17,3.925231146709438e-17
698,-1.5920973087608505,-0.8942077109795217,0.03370805222420482,-2.834268013176943,6.206335383118183e-17,8.207492939815262e-17,6.206335383118183e-17,1.391615242979832e-17,0.0,3.4181096313156606e-17,6.206335383118183e-17,6.206335383118183e-17
699,-0.4215390568611559,-2.3861850040319412,0.039098789306968196,2.5952823994333896,3.925231146709438e-17,8.046934242030634e-17,3.925231146709438e-17,8.046934242030634e-17,0.0,3.1031676915590914e-17,3.925231146709438e-17,3.925231146709438e-17
700,1.5866938594281166,0.9862127199554349,0.04448763763999396,-0.2896497346244553,7.97218214573518e-17,2.1758484238611076e-16,7.97218214573518e-17,1.615626239625328e-16,0.0,3.273069708340169e-17,7.850462293418876e-17,7.97218214573518e-17
701,1.1172582313714932,-2.2351599506916164,0.07156901868171901,-0.6834130859676297,2.7755575615628914e-17,2.6000702461856253e-16,2.7755575615628914e-17,2.6000702461856253e-16,0.0,1.3877787807814457e-17,2.7755575615628914e-17,2.7755575615628914e-17
702,-1.4641485083312185,-0.8482774415137873,0.08903987777245904,1.8153824030370602,1.3877787807814457e-17,5.535345819105922e-17,1.3877787807814457e-17,1.2862535824316193e-18,0.0,1.3877787807814457e-17,1.3877787807814457e-17,1.3877787807814457e-17
703,-0.05253346773249978,0.012620847359057663,0.07296718748528874,2.494820218326427,1.153297605929378e-16,7.84220836036405e-17,1.153297605929378e-16,7.84220836036405e-17,0.0,2.7755575615628914e-17,1.1102230246251565e-16,1.1443916996305594e-16
704,0.7198750419661715,0.28505891853333853,0.07683332601475981,-2.7019868790623,1.3877787807814457e-17,4.85722573273506e-17,1.3877787807814457e-17,4.85722573273506e-17,0.0,0.0,0.0,1.3877787807814457e-17
705,-0.15628041392542213,-1.546192808616363,0.02136610126422626,-1.9863210015998067,0.0,4.1513225034606207e-17,0.0,1.8523206838154324e-17,0.0,0.0,0.0,0.0
706,-0.29771872879727157,-1.9749132085495655,0.09130795616570149,-1.0447873382642094,2.7809732887839817e-17,1.8862362039937793e-16,2.7809732887839817e-17,1.8862362039937793e-16,0.0,0.0,2.7755575615628914e-17,2.7755575615628914e-17
707,-0.6829324468894473,-1.4147564947272122,0.02049898591271145,-1.8742490594397316,0.0,1.2071570837947696e-16,0.0,1.2071570837947696e-16,0.0,0.0,0.0,0.0
708,0.5144222866903054,0.6334955791995589,0.06887333054803,2.6017548768034082,5.928593550334434e-17,9.862831775351097e-17,5.928593550334434e-17,5.95293559034851e-17,0.0,3.1031676915590914e-17,5.551115123125783e-17,5.721958498152797e-17
709,-1.7534569877415518,-2.2550941630869037,0.0457614679418031,1.9569780437423017,1.0103182026100663e-16,9.839372393315617e-17,1.0103182026100663e-16,9.839372393315617e-17,0.0,1.3877787807814457e-17,1.0007415106216802e-16,1.0103182026100663e-16
710,-2.0955914637457624,-2.5885861871825675,0.07777865388498297,-0.19479712396770754,2.7755575615628914e-17,9.20871547338746e-17,2.7755575615628914e-17,9.20871547338746e-17,0.0,0.0,2.7755575615628914e-17,2.7755575615628914e-17
711,0.3347163481429125,-1.7874095104631766,0.0677797830589463,-1.9991710087668157,6.088854689467823e-17,4.6719089995503796e-17,6.088854689467823e-17,4.6719089995503796e-17,0.0,3.1031676915590914e-17,5.721958498152797e-17,5.887846720064156e-17
712,-1.547801166793325,1.621348688146114,0.06305532101557525,0.07186376394544691,4.163336342344337e-17,1.4552918592371487e-16,4.163336342344337e-17,1.3000204282547989e-16,0.0,7.806255641895632e-18,3.925231146709438e-17,4.163336342344337e-17
713,-2.710371012523225,-1.9567351975566563,0.08444386225178954,1.7952514107128037,5.015721274010177e-17,1.204029062261603e-16,5.015721274010177e-17,3.971498762238204e-17,0.0,3.1031676915590914e-17,5.003707553108401e-17,5.003707553108401e-17
714,0.39029641725113784,0.14157971123864366,0.08509858590713977,1.435312736770804,5.551115123125783e-17,2.3271621557780704e-16,5.551115123125783e-17,2.3271621557780704e-16,0.0,2.7755575615628914e-17,5.551115123125783e-17,5.551115123125783e-17
715,-0.21959806527266146,0.9840424400274945,0.08807470442103443,-1.7662112965366734,6.208759259556274e-17,3.220364327877525e-16,6.208759259556274e-17,3.220364327877525e-16,0.0,2.7755575615628914e-17,6.206335383118183e-17,6.206335383118183e-17
716,0.9242028068596868,2.5457586774457357,0.08498770652270135,-0.2424884599387469,1.3877787807814457e-17,3.612584587606942e-17,1.3877787807814457e-17,1.3852214840083185e-17,0.0,0.0,1.3877787807814457e-17,1.3877787807814457e-17
717,1.1536069512041376,-0.333548189870128,0.09019353991744233,-2.747435294685267,2.7809732887839817e-17,1.6967385690480186e-16,2.7809732887839817e-17,1.6967385690480186e-16,0.0,1.3877787807814457e-17,2.7755575615628914e-17,2.7755575615628914e-17
718,-3.0190558821440376,-1.4634932755355408,0.0736679657641177,1.414824886405401,1.2533302082415627e-16,2.245839469814897e-16,1.2533302082415627e-16,2.245839469814897e-16,0.0,2.7755575615628914e-17,1.2412670766236366e-16,1.249000902703301e-16
719,1.8853660608165814,2.5342136531416632,0.07172586408206953,1.0699966823243754,4.163336342344337e-17,4.885817685262798e-17,4.163336342344337e-17,1.2891487878448354e-18,0.0,3.1031676915590914e-17,3.925231146709438e-17,4.163336342344337e-17
720,-2.832042348518698,-2.468920073964111,0.015797994187587698,-1.82689380154206,2.7755575615628914e-17,7.392606052505797e-17,2.7755575615628914e-17,6.926418599193412e-17,0.0,0.0,2.7755575615628914e-17,2.7755575615628914e-17
721,2.3887267692461593,-2.552485640061355,0.00531759728612238,-2.3071856263785495,2.7755575615628914e-17,6.571037567288151e-17,0.0,8.988649249275653e-18,0.0,2.7755575615628914e-17,0.0,0.0
722,0.5844953527734118,-0.5290182926613642,0.05844614728393156,0.9599308240740427,3.1031676915590914e-17,1.7760189862381501e-16,3.1031676915590914e-17,1.7760189862381501e-16,0.0,0.0,2.7755575615628914e-17,3.1031676915590914e-17
723,-0.5499441540595091,0.2628684960350971,0.014893721788058319,-1.891555667526615,3.925231146709438e-17,9.189678046310309e-17,3.925231146709438e-17,5.548836665406018e-17,0.0,2.7755575615628914e-17,2.7755575615628914e-17,3.1031676915590914e-17
724,2.1412937645135166,-1.8016354699126667,0.02149420745022387,0.47124187857442523,5.721958498152797e-17,2.2974185151301364e-16,5.721958498152797e-17,2.2974185151301364e-16,0.0,2.7755575615628914e-17,5.551115123125783e-17,5.721958498152797e-17
725,2.2057572858228642,1.840038869395594,0.06667082272471493,2.3204087872167705,7.97218214573518e-17,1.1485270461796552e-16,7.97218214573518e-17,9.7021443159143e-17,0.0,2.7755575615628914e-17,7.850462293418876e-17,7.97218214573518e-17
726,0.8004670472089139,2.1248058475313134,0.04798649621352337,-1.9211882301305392,4.163336342344337e-17,2.772311300831207e-16,4.163336342344337e-17,2.772311300831207e-16,0.0,2.7755575615628914e-17,3.925231146709438e-17,4.163336342344337e-17
727,-1.1033888143774546,0.43280351769733283,0.08528042167731689,0.7993816124214468,7.850462293418876e-17,1.0530149434368267e-16,7.850462293418876e-17,8.993682107346158e-17,0.0,3.1031676915590914e-17,7.850462293418876e-17,7.850462293418876e-17
728,-2.152183305229864,-2.5426990043575426,0.08340468035433865,0.41911036463426043,6.216025217875883e-17,2.7330102221393053e-16,6.216025217875883e-17,1.587219873369195e-16,0.0,0.0,6.206335383118183e-17,6.206335383118183e-17
729,3.0139209183815288,0.690000339608758,0.015016338647853645,1.8304182103282471,2.7755575615628914e-17,8.510734772297785e-17,1.3877787807814457e-17,6.267833676368827e-17,0.0,2.7755575615628914e-17,0.0,1.3877787807814457e-17
730,2.350221739147239,-1.6567765189179675,0.06893302756688316,-0.7241162928030915,2.7755575615628914e-17,1.3705026630384225e-16,6.938893903907228e-18,1.3705026630384225e-16,0.0,2.7755575615628914e-17,0.0,0.0
731,-0.37535195395085674,1.9882393917562875,0.04689983621998033,2.7653224992478416,5.721958498152797e-17,2.063545741179201e-16,5.721958498152797e-17,2.063545741179201e-16,0.0,0.0,5.551115123125783e-17,5.721958498152797e-17
732,2.010850089001271,0.7035975004411594,0.057992697305424334,1.5206822634625157,5.721958498152797e-17,1.611752363633694e-16,5.721958498152797e-17,1.611752363633694e-16,0.0,0.0,5.551115123125783e-17,5.721958498152797e-17
733,-1.8948860919237838,-0.34350149207259983,0.013002272788450632,0.6750652777844515,2.7755575615628914e-17,1.0813244631862587e-16,0.0,4.938228241470168e-17,0.0,2.7755575615628914e-17,0.0,0.0
734,-0.6393762308313438,-2.251363791080453,0.05668178478693066,1.1491951935445526,2.7755575615628914e-17,1.2503825579649745e-16,6.938893903907228e-18,1.2503825579649745e-16,0.0,2.7755575615628914e-17,0.0,0.0
735,-1.9849808162995426,1.8935493793776739,0.010603295632511259,2.3278088696282344,4.163336342344337e-17,1.9548755373351048e-16,4.163336342344337e-17,1.9548755373351048e-16,0.0,2.7755575615628914e-17,3.925231146709438e-17,4.163336342344337e-17
736,2.321574831489003,-0.13432625434572243,0.05397649120006741,2.668316554251798,0.0,1.4374091670000657e-16,0.0,1.4374091670000657e-16,0.0,0.0,0.0,0.0
737,1.5072032516975513,-2.355384003214038,0.09291456651249927,3.1404275041507868,3.94053425015214e-17,2.260844914968285e-16,3.94053425015214e-17,2.210133881119251e-16,0.0,2.7755575615628914e-17,3.925231146709438e-17,3.925231146709438e-17
738,1.6072143260472203,0.44455349830870006,0.0387385442171701,0.8815675819804065,2.8609792490763984e-17,1.5055663748493844e-16,1.3877787807814457e-17,1.5055663748493844e-16,0.0,2.8609792490763984e-17,1.3877787807814457e-17,1.3877787807814457e-17
739,-0.6160437083794807,2.138266589707628,0.05171404235626525,2.6064674589150343,5.551115123125783e-17,3.9443547765291825e-16,5.551115123125783e-17,3.9443547765291825e-16,0.0,0.0,5.551115123125783e-17,5.551115123125783e-17
740,2.0671138212473386,-0.5081010779336337,0.02686220788493473,-0.8041514152781568,7.076311083754595e-17,1.5648666485381605e-16,7.076311083754595e-17,2.7755575615628914e-17,0.0,4.163336342344337e-17,6.938893903907228e-17,7.076311083754595e-17
741,-2.4309877825202713,-2.525194325862496,0.05524732854436843,2.6552709076737004,3.925231146709438e-17,6.815781353823646e-17,2.7755575615628914e-17,6.418671814049346e-17,0.0,3.925231146709438e-17,2.7755575615628914e-17,2.7755575615628914e-17
742,3.032734423296076,-1.7015360836534121,0.05779832748735814,1.9223031746903567,6.359601310784502e-17,1.100522978322258e-16,6.359601310784502e-17,1.39251593677506e-18,0.0,2.797157557069881e-17,6.206335383118183e-17,6.359601310784502e-17
743,-2.406988108518798,0.5448694722626635,0.05597215443960804,1.6993889285740433,6.938893903907228e-18,1.5643989542552765e-16,6.938893903907228e-18,1.5643989542552765e-16,0.0,0.0,0.0,0.0
744,0.9311767872067094,0.7315510242602987,0.002595855731343842,-2.1440887675020663,2.7755575615628914e-17,1.078683154012997e-16,1.3877787807814457e-17,1.078683154012997e-16,0.0,2.7755575615628914e-17,1.3877787807814457e-17,1.3877787807814457e-17
745,1.8677978957717363,1.2537937567735646,0.06760658293880378,-2.309071790322581,2.0816681711721685e-17,1.2356906132112165e-16,2.0816681711721685e-17,1.2356906132112165e-16,0.0,1.3877787807814457e-17,0.0,1.3877787807814457e-17
746,0.06755924742097319,2.0170399568103243,0.09379436092873741,2.1440541576973393,2.7755575615628914e-17,1.5947302891301103e-16,0.0,1.5947302891301103e-16,0.0,2.7755575615628914e-17,0.0,0.0
747,2.4415539318912653,1.4910091470143532,0.02371135516924761,0.5241422768124253,6.206335383118183e-17,6.971166623273814e-17,6.206335383118183e-17,6.971166623273814e-17,0.0,2.7755575615628914e-17,6.206335383118183e-17,6.206335383118183e-17
748,0.44835832386745933,0.6289037676017859,0.08019075810127574,-2.119085411327573,5.815852873680767e-17,3.585843628274213e-17,5.815852873680767e-17,3.585843628274213e-17,0.0,0.0,5.551115123125783e-17,5.721958498152797e-17
749,2.844153540309252,1.2999197054723006,0.04325616806051414,-0.47900690155465897,6.938893903907228e-18,8.697150604833097e-17,6.938893903907228e-18,8.697150604833097e-17,0.0,0.0,0.0,0.0
750,2.131104877402091,2.3499435103160953,0.04103090103367325,-0.0402660729561366,4.163336342344337e-17,1.0253415743462498e-16,4.163336342344337e-17,2.7755575615628914e-17,0.0,2.7755575615628914e-17,3.925231146709438e-17,4.163336342344337e-17
751,0.9899983794922562,-1.1354037427234143,0.024686871913803306,-0.34475257667408377,5.721958498152797e-17,1.019198664044682e-16,5.721958498152797e-17,1.6228553018762958e-18,0.0,2.7755575615628914e-17,5.551115123125783e-17,5.721958498152797e-17
752,-1.9810243909987015,-1.4013867474765616,0.046544519603993716,-2.6021984629449006,2.7755575615628914e-17,1.2265969715916324e-16,2.7755575615628914e-17,8.081071521433301e-17,0.0,1.3877787807814457e-17,2.7755575615628914e-17,2.7755575615628914e-17
753,-0.613211486545346,-0.6782579341045791,0.09439793931517534,0.6313713657585618,5.551115123125783e-17,1.4800123045549742e-16,5.551115123125783e-17,5.1983779206963666e-17,0.0,0.0,5.551115123125783e-17,5.551115123125783e-17
754,2.460968871909884,-1.7784732913175594,0.04761824550544164,-3.033491992700705,2.7755575615628914e-17,6.680332112374195e-17,0.0,6.680332112374195e-17,0.0,2.7755575615628914e-17,0.0,0.0
755,2.5256645414441223,-0.577003084311503,0.05554669020504862,2.375466310011575,0.0,2.511375527889563e-16,0.0,2.511375527889563e-16,0.0,0.0,0.0,0.0
756,-1.1448257884939836,-0.07738823792600247,0.08284925679268836,1.9751985702620187,6.444211699335286e-17,6.56769877336764e-17,6.444211699335286e-17,4.3047953329945795e-17,0.0,1.3877787807814457e-17,6.206335383118183e-17,6.359601310784502e-17
757,0.07393405504484507,-2.233254177039255,0.014438053983807276,2.263162572593913,2.7755575615628914e-17,1.7561075662863605e-16,1.962615573354719e-17,8.768643906321873e-17,0.0,2.7755575615628914e-17,1.3877787807814457e-17,1.962615573354719e-17
758,1.5741033695668891,-1.3287689662950242,0.04512489554662942,-2.678553641439954,4.0766001685454967e-17,1.773749904509344e-16,3.1031676915590914e-17,6.991191709184698e-17,0.0,4.0766001685454967e-17,2.7755575615628914e-17,3.1031676915590914e-17
759,2.547330649892582,-0.2625095763657086,0.025993232839077188,-0.6822673570453408,5.721958498152797e-17,9.746271984171727e-17,5.721958498152797e-17,6.420214182952559e-17,0.0,2.7755575615628914e-17,5.551115123125783e-17,5.721958498152797e-17
760,-0.19348848268055852,1.009504622480665,0.03269036510741668,1.7189830612111034,6.206335383118183e-17,1.0111882211645424e-16,6.206335383118183e-17,1.0111882211645424e-16,0.0,2.8609792490763984e-17,6.206335383118183e-17,6.206335383118183e-17
761,-1.0342623311933696,-1.152366915032203,0.08364225281633154,-1.079834300519435,5.979136609301385e-17,7.594963746284046e-17,5.979136609301385e-17,7.594963746284046e-17,0.0,2.7755575615628914e-17,5.721958498152797e-17,5.887846720064156e-17
762,1.471209683310435,-1.6861938641526208,0.04028760221464544,-0.283681456550962,2.7755575615628914e-17,9.690385597737904e-17,2.7755575615628914e-17,5.552924278651641e-18,0.0,2.42861286636753e-17,2.7755575615628914e-17,2.7755575615628914e-17
763,0.03201617646525934,1.5591957826903582,0.046049137922173716,1.2319631053584859,2.7809732887839817e-17,6.244353809700408e-17,6.938893903907228e-18,3.673738616564736e-17,0.0,2.7809732887839817e-17,0.0,0.0
764,-0.14596810968209795,0.1591983498815619,0.025712569239136656,2.958158303343388,1.1449174941446927e-16,4.274582929070807e-18,1.1449174941446927e-16,4.274582929070807e-18,0.0,0.0,1.1107649934270853e-16,1.119400808498433e-16
765,2.8085052690949297,0.8014422297657515,0.09028337221872905,-1.721667350601686,6.455875440461582e-17,1.3525466106573353e-16,6.455875440461582e-17,1.3525466106573353e-16,0.0,3.1031676915590914e-17,5.551115123125783e-17,6.206335383118183e-17
766,1.9941148141448268,1.6576674728620477,0.05637918995118475,-2.1269722377522267,5.887846720064156e-17,2.3744294591838573e-16,5.887846720064156e-17,2.3744294591838573e-16,0.0,2.7755575615628914e-17,5.721958498152797e-17,5.887846720064156e-17
767,-1.502269668385329,-0.4248709005798412,0.014792587123520395,1.0077100733750717,8.355534721610419e-17,3.057444735052174e-16,8.355534721610419e-17,3.057444735052174e-16,0.0,2.964296775167217e-17,8.355534721610419e-17,8.355534721610419e-17
768,-0.01014453736291454,-1.5401588281404917,0.03370110352168062,2.9048825661609143,4.336808689942018e-19,8.67270676549329e-17,0.0,6.874267821353077e-17,0.0,4.336808689942018e-19,0.0,0.0
769,-2.9980172120338193,-2.5259615642206805,0.0910869385010844,0.07125411168491302,1.5612511283791264e-17,2.761278344418901e-17,1.5612511283791264e-17,0.0,0.0,6.938893903907228e-18,0.0,1.3877787807814457e-17
770,2.241613728082023,0.4258885828639172,0.05391639188974869,-0.4339462021659357,3.925231146709438e-17,5.003683544519933e-17,0.0,1.6003707046089853e-17,0.0,3.925231146709438e-17,0.0,0.0
771,2.084488484070376,-2.3990207178264624,0.0316574070802451,-0.9616022061202671,3.1031676915590914e-17,8.65575859692104e-17,1.3877787807814457e-17,8.65575859692104e-17,0.0,3.1031676915590914e-17,1.3877787807814457e-17,1.3877787807814457e-17
772,1.8545848245402583,0.34854717347834185,0.0212792333111995,-2.0876137681524227,0.0,1.48884286657909e-16,0.0,4.1000274078544716e-17,0.0,0.0,0.0,0.0
773,-1.2694882732272197,1.2481909658112755,0.09150762770248672,-3.0164050532205944,2.797157557069881e-17,3.9342131164038555e-17,2.797157557069881e-17,2.3068828937676163e-17,0.0,2.7755575615628914e-17,2.7755575615628914e-17,2.7755575615628914e-17
774,2.1104354632855324,1.6174200701684618,0.06561200651433535,-2.815720227810788,4.163336342344337e-17,2.0646151118956525e-16,4.163336342344337e-17,1.7106454847915403e-16,0.0,2.7755575615628914e-17,4.163336342344337e-17,4.163336342344337e-17
775,-3.037013695227125,-1.8396306415588777,0.004579776407339908,-0.4156194597399736,3.1031676915590914e-17,4.6436812568105853e-17,3.1031676915590914e-17,4.6436812568105853e-17,0.0,2.7755575615628914e-17,2.7755575615628914e-17,3.1031676915590914e-17
776,2.055069577509963,2.166615334303232,0.07811493879389193,-0.3662078919501939,2.7755575615628914e-17,1.8932626585557716e-16,2.7755575615628914e-17,1.8932626585557716e-16,0.0,2.7755575615628914e-17,2.7755575615628914e-17,2.7755575615628914e-17
777,-0.5047157022891158,1.3587682104710628,0.023086241427149424,2.171571945642695,0.0,8.992597864987531e-17,0.0,8.992597864987531e-17,0.0,0.0,0.0,0.0
778,-0.3401119596838522,-0.13412733925000442,0.041918233624117396,-2.9339344469440936,2.7755575615628914e-17,4.938496068375178e-17,2.7755575615628914e-17,2.6775170748212217e-17,0.0,2.7755575615628914e-17,2.7755575615628914e-17,2.7755575615628914e-17
779,0.8078270060216957,-0.08852491262645668,0.013806697906850043,-0.21261359468963414,7.850462293418876e-17,1.6678500080234075e-16,7.850462293418876e-17,1.8927388360893686e-17,0.0,2.7755575615628914e-17,7.850462293418876e-17,7.850462293418876e-17
780,-1.7485044379804269,-0.6493033283094716,0.06843087608751008,1.257059000745512,5.551115123125783e-17,1.20852111402525e-16,5.551115123125783e-17,7.612727084163613e-17,0.0,3.925231146709438e-17,5.551115123125783e-17,5.551115123125783e-17
781,-1.300315209443962,2.003215540663686,0.009096045447316587,-0.37807312729543474,8.441528768080324e-17,1.172474897900401e-16,8.441528768080324e-17,1.172474897900401e-16,0.0,3.469446951953614e-17,8.326672684688674e-17,8.441528768080324e-17
782,-3.1369833017973865,-2.5159460697884537,0.07903683020325171,1.117860083543551,1.734723475976807e-17,2.658056052230572e-16,1.734723475976807e-17,2.658056052230572e-16,0.0,2.168404344971009e-19,0.0,1.3877787807814457e-17
783,2.281281352761951,-2.153279253449478,0.06369585775011521,0.6522307387377535,3.925231146709438e-17,1.891203780088164e-16,3.925231146709438e-17,1.891203780088164e-16,0.0,2.7755575615628914e-17,3.925231146709438e-17,3.925231146709438e-17
784,2.871582973111477,2.463404507698479,0.048392614628492675,-0.5265463235608077,3.1031676915590914e-17,1.607333128014544e-16,3.1031676915590914e-17,1.4536494152385852e-16,0.0,0.0,2.7755575615628914e-17,3.1031676915590914e-17
785,2.865983671534634,-0.8186618758141468,0.03224874940853864,-0.05903552673630541,5.551115123125783e-17,1.5127033486781852e-16,5.551115123125783e-17,1.5127033486781852e-16,0.0,0.0,5.551115123125783e-17,5.551115123125783e-17
786,-0.6355272514634289,0.8424109662258457,0.09480859484099556,-1.3769597861499607,2.797157557069881e-17,7.242866478090169e-17,2.797157557069881e-17,3.940485626605822e-17,0.0,2.7755575615628914e-17,2.7755575615628914e-17,2.7755575615628914e-17
787,2.3713900433565813,-0.3657495198148495,0.04674094870905845,-2.941839369064902,0.0,1.0021485842872341e-16,0.0,1.0021485842872341e-16,0.0,0.0,0.0,0.0
788,1.5587071577161655,-1.8777666469351701,0.040162611317926984,-0.45712409845386404,3.925231146709438e-17,7.850129010658095e-17,3.925231146709438e-17,7.850129010658095e-17,0.0,2.841188977517478e-17,3.925231146709438e-17,3.925231146709438e-17
789,0.09323251030212143,-2.5085662641183304,0.03896495511387167,-1.179963701067232,2.7755575615628914e-17,2.0957827160434758e-16,2.7755575615628914e-17,2.0957827160434758e-16,0.0,2.7755575615628914e-17,2.7755575615628914e-17,2.7755575615628914e-17
790,2.414112328004295,-0.8919970784567801,0.001097895801433349,2.825601863886101,6.206335383118183e-17,1.255819472352435e-16,6.206335383118183e-17,6.595145206759207e-17,0.0,3.925231146709438e-17,6.206335383118183e-17,6.206335383118183e-17
791,-2.8006668603736045,-1.6671823225950897,0.05475928277136487,-1.7883244114055123,2.7755575615628914e-17,1.6403106087425587e-16,2.7755575615628914e-17,1.3181493713026993e-16,0.0,2.7755575615628914e-17,2.7755575615628914e-17,2.7755575615628914e-17
792,0.19813496115038287,2.0884291341613594,0.020833856499342367,-0.179899758231997,5.551115123125783e-17,4.7142189524185104e-17,5.551115123125783e-17,4.7142189524185104e-17,0.0,2.7755575615628914e-17,5.551115123125783e-17,5.551115123125783e-17
793,-1.5837173806386915,-2.5611599362707373,0.048717638856277806,-2.9411711857357434,3.925231146709438e-17,3.917973204902703e-17,3.925231146709438e-17,3.856081707758616e-17,0.0,2.921155352166185e-17,3.925231146709438e-17,3.925231146709438e-17
794,-2.1589056882147806,0.016067988854296722,0.011015637676398071,1.7232321318968173,6.206335383118183e-17,1.0169593339568982e-16,6.206335383118183e-17,7.331080035439971e-17,0.0,0.0,6.206335383118183e-17,6.206335383118183e-17
795,2.5675061786527893,0.29968178045270477,0.02285210537150366,3.0447195164407237,5.721958498152797e-17,4.789538175970545e-17,5.721958498152797e-17,4.789538175970545e-17,0.0,0.0,5.551115123125783e-17,5.721958498152797e-17
796,-0.9511378285419818,2.450256268002185,0.049172866773979716,-0.41662978334065137,2.7755575615628914e-17,1.2904633323572936e-16,0.0,1.2904633323572936e-16,0.0,2.7755575615628914e-17,0.0,0.0
797,1.6452676246568743,2.3275499802707675,0.06525364670584129,2.0940916800251284,8.777083671441753e-17,4.799030691069047e-16,8.777083671441753e-17,4.799030691069047e-16,0.0,2.7755575615628914e-17,8.777083671441753e-17,8.777083671441753e-17
798,-1.0601923251071343,2.163485837126571,0.062313992785448385,-0.6077231386548885,2.7755575615628914e-17,2.1066925518812357e-16,2.7755575615628914e-17,2.1066925518812357e-16,0.0,1.3877787807814457e-17,2.7755575615628914e-17,2.7755575615628914e-17
799,-1.0331492866016299,-1.7355048407859968,0.026748665008955296,-1.50442271412766,6.206335383118183e-17,8.365156416679626e-17,6.206335383118183e-17,8.365156416679626e-17,0.0,2.7755575615628914e-17,5.551115123125783e-17,5.721958498152797e-17
800,-0.8764156268169176,-0.24864645388276774,0.07630603039856679,2.290814112985638,1.3877787807814457e-17,1.794247727042094e-16,1.3877787807814457e-17,1.794247727042094e-16,0.0,0.0,0.0,1.3877787807814457e-17
801,1.418239024542122,1.4342214264558986,0.03200901541129631,-1.4777432101406092,3.1031676915590914e-17,2.7769339407956554e-16,3.1031676915590914e-17,2.7769339407956554e-16,0.0,2.8609792490763984e-17,2.7755575615628914e-17,3.1031676915590914e-17
802,-0.7196628395867926,0.6714742997912895,0.04747619966431173,-0.8359314229040677,7.850462293418876e-17,7.068553348940474e-17,7.850462293418876e-17,7.068553348940474e-17,0.0,3.925231146709438e-17,7.850462293418876e-17,7.850462293418876e-17
803,1.7347698504321123,-0.7744783361127381,0.06478357459579304,-1.8050000414110547,6.798699777552591e-17,5.995875543241875e-17,6.798699777552591e-17,5.995875543241875e-17,0.0,2.8609792490763984e-17,6.206335383118183e-17,6.798699777552591e-17
804,-0.15473825444680056,-1.3852112821889537,0.043240639218355074,-2.4111983120517246,4.163336342344337e-17,9.380388306211863e-17,4.163336342344337e-17,9.380388306211863e-17,0.0,2.7755575615628914e-17,3.925231146709438e-17,4.163336342344337e-17
805,-0.6492357166277034,1.1067302785053266,0.01351290976196124,-0.2194997394482603,6.206335383118183e-17,5.5119973276798206e-17,6.206335383118183e-17,5.5119973276798206e-17,0.0,0.0,5.551115123125783e-17,5.721958498152797e-17
806,0.8429348215041315,-1.2022790054459738,0.061235635879374785,0.3362689940331891,4.3885418357208765e-17,1.652300078904626e-16,4.3885418357208765e-17,1.652300078904626e-16,0.0,0.0,4.163336342344337e-17,4.3885418357208765e-17
807,-2.2145424631453503,1.8552108166230519,0.08956360577799218,1.6204481808514997,3.925231146709438e-17,3.1562706250059377e-16,1.214306433183765e-17,3.1562706250059377e-16,0.0,3.925231146709438e-17,0.0,1.3877787807814457e-17
808,2.1111591676631907,-1.1433081981925155,0.043091275820506605,1.8202826390736897,0.0,5.923433571458732e-17,0.0,0.0,0.0,0.0,0.0,0.0
809,1.2583308788727843,0.685403314556571,0.08232485970597328,-0.8676222211114775,5.979136609301385e-17,9.89872029237195e-17,5.979136609301385e-17,6.890823162755613e-17,0.0,3.1031676915590914e-17,5.721958498152797e-17,5.887846720064156e-17
810,2.3375882636314076,-0.8401888869482625,0.06867807619008943,-0.38835119579515354,8.326672684688674e-17,2.629043618184747e-16,8.326672684688674e-17,2.629043618184747e-16,0.0,2.7755575615628914e-17,8.326672684688674e-17,8.326672684688674e-17
811,-2.9387929477673618,-1.2427790086124153,0.03693630413993879,0.9633487445671891,2.8609792490763984e-17,1.0119056845155992e-16,1.3877787807814457e-17,1.0119056845155992e-16,0.0,2.8609792490763984e-17,0.0,1.3877787807814457e-17
812,0.20204935185201034,-1.1733220200704106,0.06346856902772258,1.3293610401050593,2.7755575615628914e-17,1.075011485697245e-16,0.0,1.075011485697245e-16,0.0,2.7755575615628914e-17,0.0,0.0
813,-2.6328130842287565,-0.05464575312711073,0.08935870259374357,2.7208249223608165,5.561946577567963e-17,5.269788345368713e-17,5.561946577567963e-17,2.0880225410490977e-18,0.0,3.1031676915590914e-17,5.551115123125783e-17,5.551115123125783e-17
814,2.0810169687377362,-1.782310386061801,0.06014413680662192,-2.994727551435852,5.721958498152797e-17,1.2490021416665526e-16,5.721958498152797e-17,1.0448064827704676e-16,0.0,2.7755575615628914e-17,5.551115123125783e-17,5.721958498152797e-17
815,-0.9497682165219303,2.1058446674217532,0.09689111358662429,1.5015553818472291,6.206335383118183e-17,8.159641147648062e-17,6.206335383118183e-17,5.677177058690339e-17,0.0,2.7755575615628914e-17,6.206335383118183e-17,6.206335383118183e-17
816,2.541979807237146,-0.8178242693574773,0.07534250342461327,0.8690698255696283,1.1102230246251565e-16,2.902149726989614e-16,1.1102230246251565e-16,2.902149726989614e-16,0.0,5.551115123125783e-17,1.1102230246251565e-16,1.1102230246251565e-16
817,2.7415984019315687,0.6359784248290912,0.0520525732428118,-0.8850531826744694,3.7367087251761353e-17,9.50913530993644e-17,3.7367087251761353e-17,6.556148038550507e-17,0.0,1.3877787807814457e-17,3.469446951953614e-17,3.7367087251761353e-17
818,1.7374141387430653,1.7097772024758124,0.053198783497755406,-2.0375860409951674,4.163336342344337e-17,1.6527415293194958e-16,4.163336342344337e-17,1.6527415293194958e-16,0.0,6.938893903907228e-18,3.925231146709438e-17,4.163336342344337e-17
819,2.875320862132325,1.9902964364793392,0.08283288689361193,0.16163057669258007,5.721958498152797e-17,1.5323977598351087e-16,5.721958498152797e-17,1.5323977598351087e-16,0.0,0.0,5.551115123125783e-17,5.721958498152797e-17
820,-0.8262687904457162,0.12870615246797756,0.09287600404081699,1.4730772604260274,5.551115123125783e-17,2.9577945533339623e-16,5.551115123125783e-17,2.9577945533339623e-16,0.0,0.0,5.551115123125783e-17,5.551115123125783e-17
821,2.728277529134269,1.1921886958380896,0.05586724205972056,0.7739703361769488,3.1031676915590914e-17,9.414605177858433e-17,3.1031676915590914e-17,9.414605177858433e-17,0.0,0.0,2.7755575615628914e-17,3.1031676915590914e-17
822,2.133733279987826,0.4401755917682233,0.0060906160754695,0.4705762872377872,2.7755575615628914e-17,5.738033670565603e-17,0.0,3.3203037836247496e-17,0.0,2.7755575615628914e-17,0.0,0.0
823,2.7530265055890295,1.388264023625132,0.024553379923060833,-2.948120212481224,2.7755575615628914e-17,2.658222385513678e-16,0.0,2.658222385513678e-16,0.0,2.7755575615628914e-17,0.0,0.0
824,0.38292096291035715,0.8912260489398953,0.053406262150001674,-1.1437141409619578,0.0,3.659478348500166e-16,0.0,3.659478348500166e-16,0.0,0.0,0.0,0.0
825,1.9627678288864114,1.787700659212485,0.018754106088442635,-0.5925892991076522,0.0,4.8961453515187473e-17,0.0,4.1704658098254384e-17,0.0,0.0,0.0,0.0
826,-2.6702818688279613,2.1746727706120343,0.04744211807183946,2.0248169245428578,4.443059973708341e-17,1.2023317091008881e-16,4.443059973708341e-17,1.2023317091008881e-16,0.0,0.0,3.925231146709438e-17,4.163336342344337e-17
827,2.5680007738281043,2.2335142989907397,0.072296583763239,1.7093515036342053,4.291468873614597e-17,6.930418200701053e-17,4.291468873614597e-17,6.930418200701053e-17,0.0,2.7755575615628914e-17,3.925231146709438e-17,4.163336342344337e-17
828,-2.0154802617187357,-0.05558677282808455,0.025089826805196447,-1.9057650862876947,2.7755575615628914e-17,1.69496167070677e-16,2.7755575615628914e-17,1.69496167070677e-16,0.0,0.0,2.7755575615628914e-17,2.7755575615628914e-17
829,0.9738997011485564,2.558649605128801,0.0836928861923041,-1.2487891636225847,4.291468873614597e-17,1.0142353261107424e-16,4.291468873614597e-17,5.838276899628867e-17,0.0,2.7755575615628914e-17,3.925231146709438e-17,4.163336342344337e-17
830,-0.34906866759546595,1.9712519086019697,0.03286427689894897,0.5870448468295488,0.0,1.0008834407556062e-16,0.0,1.0008834407556062e-16,0.0,0.0,0.0,0.0
831,0.17671159139280723,-2.0281228565837743,0.04195284849168402,0.5792747627662242,5.721958498152797e-17,8.203803414542428e-17,5.721958498152797e-17,8.203803414542428e-17,0.0,2.8609792490763984e-17,5.551115123125783e-17,5.721958498152797e-17
832,1.439548630807188,2.5250047578278774,0.04824356285861922,2.441362779096769,2.7755575615628914e-17,2.1142599293055752e-17,0.0,6.691452042986335e-18,0.0,2.7755575615628914e-17,0.0,0.0
833,1.3498984375517802,-0.1388921339540885,0.07819802532240037,2.1355507339710407,2.7755575615628914e-17,8.225508232619583e-17,2.7755575615628914e-17,5.463969141656317e-17,0.0,2.0816681711721685e-17,2.7755575615628914e-17,2.7755575615628914e-17
834,-0.03981594211302175,0.24992212477247877,0.05165629881287876,0.4085840609807607,1.3877787807814457e-17,4.522153611869769e-17,1.3877787807814457e-17,4.522153611869769e-17,0.0,0.0,0.0,1.3877787807814457e-17
835,-2.8004629893910535,1.1883267341145194,0.06977549093876244,-1.471290924227964,5.551115123125783e-17,2.1272853991707457e-16,5.551115123125783e-17,1.3842584003009239e-17,0.0,1.3877787807814457e-17,5.551115123125783e-17,5.551115123125783e-17
836,-1.7741523284254788,-2.2771816996326932,0.037662270380918544,-0.35000709326645163,2.7755575615628914e-17,2.746961443560101e-17,2.7755575615628914e-17,0.0,0.0,6.938893903907228e-18,2.7755575615628914e-17,2.7755575615628914e-17
837,0.6386468569631063,1.9771524240438434,0.01374035143727513,-1.234848333721058,3.1031676915590914e-17,1.5481142625059237e-16,3.1031676915590914e-17,1.5481142625059237e-16,0.0,2.7755575615628914e-17,2.7755575615628914e-17,3.1031676915590914e-17
838,-2.340631315220742,0.9508954301837056,0.08822149576550257,-2.729423471319066,5.721958498152797e-17,1.1429977756936848e-16,5.721958498152797e-17,1.1429977756936848e-16,0.0,2.7755575615628914e-17,5.551115123125783e-17,5.721958498152797e-17
839,-1.9615892318390222,1.8097508563890519,0.025150385567045446,0.017929479882210053,3.925231146709438e-17,1.241017485900559e-16,2.7755575615628914e-17,1.1793658536951238e-16,0.0,3.925231146709438e-17,2.7755575615628914e-17,2.7755575615628914e-17
840,-1.5155832440342527,-2.3292833704117477,0.07331913352904225,-0.20661613005687496,4.291468873614597e-17,1.2366025086327317e-16,4.291468873614597e-17,1.2366025086327317e-16,0.0,1.0408340855860843e-17,3.925231146709438e-17,4.163336342344337e-17
841,3.1295028693229376,0.3757991198310404,0.03602703586102849,-2.072308484772703,1.1188630228279524e-16,1.5648255558350694e-16,1.1188630228279524e-16,1.5648255558350694e-16,0.0,5.551115123125783e-17,1.1102230246251565e-16,1.1188630228279524e-16
842,-2.1951847594123857,0.6943884963920333,0.005473326152593269,-0.43625841088724915,4.163336342344337e-17,7.279292692144972e-17,4.163336342344337e-17,2.7755575615628914e-17,0.0,2.7755575615628914e-17,4.163336342344337e-17,4.163336342344337e-17
843,-1.4041997093872751,0.33816874614029935,0.02644726608012401,-1.3211019755199693,7.850462293418876e-17,3.892424526790835e-16,7.850462293418876e-17,3.892424526790835e-16,0.0,2.7755575615628914e-17,7.850462293418876e-17,7.850462293418876e-17
844,1.8245302585279548,1.5559183500324214,0.09677600689819238,-1.741200611083163,5.721958498152797e-17,2.1487820818948399e-16,5.721958498152797e-17,2.1487820818948399e-16,0.0,2.7755575615628914e-17,5.551115123125783e-17,5.721958498152797e-17
845,1.872312627438359,-2.615678338352823,0.020389597841910783,-0.3483738828698648,3.1031676915590914e-17,1.6500078216463963e-16,3.1031676915590914e-17,7.797414668290757e-17,0.0,3.1031676915590914e-17,3.1031676915590914e-17,3.1031676915590914e-17
846,1.2418016420681015,2.5783371113273623,0.029143400222960473,0.4587924438410145,6.206335383118183e-17,3.8524504352909933e-16,6.206335383118183e-17,2.350924482924936e-16,0.0,2.7755575615628914e-17,6.206335383118183e-17,6.206335383118183e-17
847,-2.2882828903937527,0.606687690926607,0.006794736873327734,2.0453372944182258,7.97218214573518e-17,1.4870515718434962e-16,7.97218214573518e-17,1.4870515718434962e-16,0.0,2.7755575615628914e-17,7.850462293418876e-17,7.97218214573518e-17
848,-2.121276207561481,-0.9351333181636059,0.08426389936446152,-1.0438048632326216,2.7755575615628914e-17,5.679325225951704e-17,2.7755575615628914e-17,3.189939999634053e-17,0.0,2.7755575615628914e-17,2.7755575615628914e-17,2.7755575615628914e-17
849,-2.435084675359194,1.6382534718114745,0.08680918780617908,-0.4210368029005549,2.7755575615628914e-17,9.77347905535973e-17,3.469446951953614e-18,7.98452732858733e-17,0.0,2.7755575615628914e-17,0.0,0.0
850,0.16113205006002218,-0.21800252226184558,0.05412985110855494,2.5430809392692817,9.813077866773595e-18,1.0969935095908857e-16,9.813077866773595e-18,1.0969935095908857e-16,0.0,0.0,6.938893903907228e-18,6.938893903907228e-18
851,-0.7528372399166834,0.3395115546023528,0.04246511761097646,2.6195268330096253,2.7755575615628914e-17,1.4486539743974246e-16,6.938893903907228e-18,1.4486539743974246e-16,0.0,2.7755575615628914e-17,0.0,0.0
852,1.1552646529165242,0.0885483099455402,0.08434250634948841,-2.485716186918424,1.1527756336890508e-16,1.7189610906593318e-16,1.1527756336890508e-16,1.7189610906593318e-16,0.0,3.925231146709438e-17,1.1443916996305594e-16,1.1527756336890508e-16
853,1.2875086114865812,0.21203332921560714,0.0651641755084788,-3.0310722756361814,2.7755575615628914e-17,1.2485195315020447e-16,1.3877787807814457e-17,1.2485195315020447e-16,0.0,2.7755575615628914e-17,1.3877787807814457e-17,1.3877787807814457e-17
854,-0.5935633863024048,-1.9133720641267742,0.028847195156182136,-1.4762194275881007,2.7755575615628914e-17,7.377170421908655e-17,1.3877787807814457e-17,3.6987008575700216e-17,0.0,2.7755575615628914e-17,0.0,1.3877787807814457e-17
855,-1.8462560180116059,2.5265073421218784,0.052160279480121696,-2.5756755286949815,6.206335383118183e-17,1.0582663025214268e-16,6.206335383118183e-17,7.655667419360427e-18,0.0,2.7755575615628914e-17,6.206335383118183e-17,6.206335383118183e-17
856,0.9738198774712119,1.7990118551836454,0.03439569456331899,0.5762679831256521,1.3877787807814457e-17,3.978746821114586e-17,1.3877787807814457e-17,3.978746821114586e-17,0.0,0.0,0.0,1.3877787807814457e-17
857,0.6225005428257124,-1.5796004666465098,0.055005059153430215,2.016503680273577,1.1188630228279524e-16,1.3167599457875445e-16,1.1188630228279524e-16,1.3167599457875445e-16,0.0,2.7755575615628914e-17,1.1102230246251565e-16,1.1188630228279524e-16
858,-2.59494190731074,-1.8607897152080142,0.022254449649881113,-2.6675805816687013,5.721958498152797e-17,2.2645576902447045e-16,5.721958498152797e-17,2.2645576902447045e-16,0.0,2.7755575615628914e-17,5.551115123125783e-17,5.721958498152797e-17
859,1.719399507535897,1.3062323016111255,0.0427946522294174,-0.4374861180914471,1.5091097240551817e-16,2.687922617473664e-16,1.5091097240551817e-16,2.540672235985768e-16,0.0,4.163336342344337e-17,1.4946834900704541e-16,1.5011122659325205e-16
860,0.5638187660658383,-1.335977920217154,0.06937391952260728,1.804488798103896,6.206335383118183e-17,6.648480069556994e-17,6.206335383118183e-17,5.622281797615158e-17,0.0,3.925231146709438e-17,6.206335383118183e-17,6.206335383118183e-17
861,-0.6248321964329713,-1.1950284982961887,0.003821420709246605,2.879867188405078,2.7755575615628914e-17,1.330059657798074e-16,1.3877787807814457e-17,4.55009123877945e-17,0.0,2.7755575615628914e-17,0.0,1.3877787807814457e-17
862,-0.5496524938711533,1.597814652071604,0.08995366447093382,-2.400823315907814,3.273069708340169e-17,3.8057349166221873e-16,3.273069708340169e-17,3.8057349166221873e-16,0.0,2.7755575615628914e-17,2.7755575615628914e-17,3.1031676915590914e-17
863,1.5127241585797089,1.3568867939298395,0.08218168933470017,1.0791542052245768,6.359601310784502e-17,1.603827742597166e-16,6.359601310784502e-17,5.722040256817489e-17,0.0,2.8609792490763984e-17,6.206335383118183e-17,6.359601310784502e-17
864,0.9975374708964564,1.1799880311099291,0.06428154983182051,2.7400127412438637,6.206335383118183e-17,2.8624503431022024e-16,6.206335383118183e-17,2.8624503431022024e-16,0.0,2.7755575615628914e-17,6.206335383118183e-17,6.206335383118183e-17
865,1.9711518887828543,-2.2390726301453987,0.020625471421178602,0.8195837919725459,3.1031676915590914e-17,1.0663261792573969e-16,3.1031676915590914e-17,5.684920850157193e-17,0.0,2.7755575615628914e-17,2.7755575615628914e-17,3.1031676915590914e-17
866,-1.6635907115159994,0.2926737094834735,0.0802052164162137,-1.7543405975775297,5.658496737247252e-17,1.345403922186531e-16,5.658496737247252e-17,5.03813346866056e-17,0.0,1.0408340855860843e-17,5.647850449853784e-17,5.647850449853784e-17
867,-1.2154073217826638,2.0702446573273456,0.04542035670099727,-1.591404210117376,7.88106850030428e-17,2.312189089290269e-16,7.88106850030428e-17,6.887707722151185e-17,0.0,2.7755575615628914e-17,7.850462293418876e-17,7.850462293418876e-17
868,2.120001189423462,-0.728116650048245,0.06087696804897597,0.8630291572496542,6.798699777552591e-17,1.415509000742848e-16,6.798699777552591e-17,1.415509000742848e-16,0.0,3.925231146709438e-17,6.206335383118183e-17,6.798699777552591e-17
869,0.9100766063432957,-0.036693423228789435,0.021016497693429316,-1.3767171376011624,7.850462293418876e-17,1.8149981075139063e-16,7.850462293418876e-17,1.8149981075139063e-16,0.0,2.7755575615628914e-17,7.850462293418876e-17,7.850462293418876e-17
870,-1.0561131742913066,-1.85841876141413,0.04324823612458601,-0.5742737773858426,2.8609792490763984e-17,3.2147265114616815e-16,2.8609792490763984e-17,3.2147265114616815e-16,0.0,2.7755575615628914e-17,2.7755575615628914e-17,2.7755575615628914e-17
871,-1.5686069741980202,-2.4722477913142527,0.06825911264676239,-0.23489696381407166,6.206335383118183e-17,1.1849004188977166e-16,6.206335383118183e-17,1.0153397469091862e-16,0.0,3.8946860082695754e-17,6.206335383118183e-17,6.206335383118183e-17
872,-3.1202170428182048,-2.220585071305923,0.09288052355984598,-2.4244220699680934,1.1775693440128312e-16,4.1056633963066336e-16,1.1775693440128312e-16,4.1056633963066336e-16,0.0,5.551115123125783e-17,1.1775693440128312e-16,1.1775693440128312e-16
873,1.8053950630121163,-0.016800754083961866,0.07099047475715542,2.5475823468567285,5.721958498152797e-17,9.460587681844176e-17,5.721958498152797e-17,5.357000668132508e-17,0.0,2.8609792490763984e-17,5.551115123125783e-17,5.721958498152797e-17
874,2.0330758993347375,0.414425028769946,0.015355194157085049,-2.650814818479377,1.2719202621569003e-16,2.1599528043173262e-17,1.2719202621569003e-16,2.1599528043173262e-17,0.0,3.1031676915590914e-17,1.2412670766236366e-16,1.2719202621569003e-16
875,-2.795976997993774,-0.5173977634276472,0.07807011173418443,-0.33134317688708936,6.938893903907228e-18,4.1429105990488197e-17,6.938893903907228e-18,2.676558353508022e-17,0.0,0.0,6.938893903907228e-18,6.938893903907228e-18
876,0.06663992515625283,1.1048765077916434,0.07213658676095923,-2.984859155448603,5.721958498152797e-17,1.0665586068290463e-16,5.721958498152797e-17,5.469873280481653e-17,0.0,0.0,5.551115123125783e-17,5.721958498152797e-17
877,2.770220609138991,1.2928417377543444,0.05747140787032686,0.07181011722872199,1.962615573354719e-17,1.6008116971162784e-16,1.962615573354719e-17,1.6008116971162784e-16,0.0,1.3877787807814457e-17,1.3877787807814457e-17,1.962615573354719e-17
878,1.1655264206136282,0.07139391112475035,0.005699985077683438,1.216108149107333,5.551115123125783e-17,2.8746153392937106e-16,5.551115123125783e-17,2.8746153392937106e-16,0.0,3.1031676915590914e-17,5.551115123125783e-17,5.551115123125783e-17
879,-2.909265639178458,1.3584530353996742,0.061591145611804614,-1.0022722427719635,2.7755575615628914e-17,2.341826945426763e-16,2.7755575615628914e-17,2.341826945426763e-16,0.0,0.0,2.7755575615628914e-17,2.7755575615628914e-17
880,2.2142785978077413,1.3359691461904126,0.044419017908176345,-1.5663701142639825,5.887846720064156e-17,9.992069963251184e-17,5.887846720064156e-17,8.608525049225725e-18,0.0,0.0,5.721958498152797e-17,5.887846720064156e-17
881,2.7893924835938355,2.4618559419902275,0.03441374676602286,0.3778201401294279,5.721958498152797e-17,4.691453503059195e-17,4.6027415078689346e-17,0.0,0.0,5.721958498152797e-17,4.3885418357208765e-17,4.6027415078689346e-17
882,-1.8363472998963186,1.2247490389618085,0.03888754232458497,1.8881745438236566,6.359601310784502e-17,2.0603738152488013e-16,6.359601310784502e-17,1.0863691144388997e-16,0.0,3.925231146709438e-17,6.206335383118183e-17,6.359601310784502e-17
883,-0.8664162449330122,2.4538665586608768,0.01409504993692737,1.1297025888810408,6.206335383118183e-17,3.133948148402077e-16,6.206335383118183e-17,3.133948148402077e-16,0.0,0.0,6.206335383118183e-17,6.206335383118183e-17
884,2.6840481825893843,1.376610869941119,0.027820562620181753,0.035819672375532186,5.721958498152797e-17,2.016440269139767e-16,5.721958498152797e-17,2.016440269139767e-16,0.0,3.1031676915590914e-17,5.721958498152797e-17,5.721958498152797e-17
885,1.2463250533130026,2.083923784062684,0.04210816488244725,-1.6244974853019714,3.925231146709438e-17,1.268899773246542e-16,3.925231146709438e-17,1.181125354678529e-16,0.0,0.0,3.925231146709438e-17,3.925231146709438e-17
886,2.1609520517156753,-0.15625958032868548,0.06577336497975714,1.3542152415527537,5.721958498152797e-17,1.0772454635785513e-16,5.721958498152797e-17,8.196109705583551e-17,0.0,2.7755575615628914e-17,5.551115123125783e-17,5.721958498152797e-17
887,3.128450800065978,-1.7919436109937013,0.06896295755965307,1.6317676529190699,6.359601310784502e-17,9.221595251915449e-17,6.359601310784502e-17,9.221595251915449e-17,0.0,2.7755575615628914e-17,6.206335383118183e-17,6.359601310784502e-17
888,1.4077341574893927,0.0292909896760829,0.068758579548876,2.6799809152966674,9.126689985681991e-17,1.7226366919397177e-16,9.126689985681991e-17,3.113208725819633e-17,0.0,3.469446951953614e-17,8.886119947416683e-17,8.993834424997155e-17
889,-1.9865234259818283,1.6555310260525853,0.09662840589455123,-1.845429474225707,3.1031676915590914e-17,7.204469630592616e-17,2.0888836804026048e-17,0.0,0.0,3.1031676915590914e-17,1.3877787807814457e-17,1.962615573354719e-17
890,1.761619236930013,-0.4868525809467372,0.058399311250346926,2.2637447797726997,6.245004513516506e-17,2.348727609027064e-16,6.245004513516506e-17,2.348727609027064e-16,0.0,2.8609792490763984e-17,6.206335383118183e-17,6.206335383118183e-17
891,0.6102756940884708,0.4817495315024596,0.06857498806052251,-2.683143853843891,0.0,2.463478678668589e-17,0.0,1.1534944737783165e-17,0.0,0.0,0.0,0.0
892,2.4242479343726915,0.03953954967091011,0.014045734667904625,2.2309873918890277,5.721958498152797e-17,1.6974765358100435e-16,5.721958498152797e-17,5.897413983572691e-17,0.0,2.7755575615628914e-17,5.551115123125783e-17,5.721958498152797e-17
893,-2.5040150603435825,0.11189291002167367,0.08739230387403032,-1.640612435999321,5.815852873680767e-17,1.9622295412733458e-16,5.815852873680767e-17,1.9622295412733458e-16,0.0,3.925231146709438e-17,5.551115123125783e-17,5.721958498152797e-17
894,2.1729351891700137,1.5405358391787511,0.0020031684016534033,-1.9752381245892112,2.7755575615628914e-17,1.979433099796397e-16,0.0,1.979433099796397e-16,0.0,2.7755575615628914e-17,0.0,0.0
895,-0.14641900097146143,1.4032829084516067,0.07539728199467251,-2.164574156336604,5.561946577567963e-17,2.2311042782027226e-16,5.561946577567963e-17,2.2311042782027226e-16,0.0,2.7755575615628914e-17,5.551115123125783e-17,5.551115123125783e-17
896,-2.294756343429889,1.8572792325611656,0.021140994439724677,-0.02016362457430443,7.97218214573518e-17,1.8286454504156345e-16,7.97218214573518e-17,1.8286454504156345e-16,0.0,2.7755575615628914e-17,7.850462293418876e-17,7.97218214573518e-17
897,0.7872438760451335,0.8951458859383723,0.07057737203832365,-0.9753578425231626,5.594315114139762e-17,2.531005003337625e-16,5.594315114139762e-17,2.531005003337625e-16,0.0,0.0,5.551115123125783e-17,5.551115123125783e-17
898,-2.884287081649469,2.3526792909263192,0.008781192031297666,-1.1405829228345423,3.925231146709438e-17,7.614964185707029e-17,3.925231146709438e-17,7.614964185707029e-17,0.0,1.3877787807814457e-17,3.925231146709438e-17,3.925231146709438e-17
899,2.872252748282384,2.2615747721058574,0.08862719583444881,-1.0396210243289334,4.224327714674015e-17,1.0074902869334703e-16,4.224327714674015e-17,1.0074902869334703e-16,0.0,0.0,3.925231146709438e-17,4.163336342344337e-17
900,-1.527439870536985,1.6450252105148002,0.017872778321780185,2.071823202116817,3.8163916471489756e-17,1.6645520429295748e-16,3.1031676915590914e-17,1.4152362256686227e-16,0.0,3.8163916471489756e-17,2.7755575615628914e-17,3.1031676915590914e-17
901,1.1887153358832823,-2.5345238212403753,0.09084391574175571,1.2912938942863965,5.815852873680767e-17,1.0812969018336431e-16,5.815852873680767e-17,2.688663599335007e-17,0.0,2.7755575615628914e-17,5.551115123125783e-17,5.721958498152797e-17
902,-0.6180207976828802,2.5672544320361594,0.028057231953234844,-2.893753944273203,1.3877787807814457e-17,2.579167812798827e-17,1.3877787807814457e-17,1.5316400006658716e-17,0.0,0.0,0.0,1.3877787807814457e-17
903,2.635199163792162,-2.0933789681084023,0.03964105262263446,-1.8544187440662974,5.721958498152797e-17,1.8808089010653668e-16,2.7755575615628914e-17,1.2661392814067467e-17,0.0,5.721958498152797e-17,2.7755575615628914e-17,2.7755575615628914e-17
904,-0.9576574923707781,1.822298239536408,0.07159787345759676,-1.2274684799265982,5.594315114139762e-17,1.0091071572769104e-16,5.594315114139762e-17,9.395300337144892e-17,0.0,2.7755575615628914e-17,5.551115123125783e-17,5.551115123125783e-17
905,0.1730948760710116,2.1380842106740903,0.07911810812907148,2.3893779448602945,4.291468873614597e-17,1.645557381675611e-16,4.291468873614597e-17,1.645557381675611e-16,0.0,0.0,3.925231146709438e-17,4.163336342344337e-17
906,1.3811374988950718,-1.5773194081257482,0.019558450104731277,0.6718482125946985,1.3877787807814457e-17,1.3336136547272853e-16,1.3877787807814457e-17,1.3336136547272853e-16,0.0,6.938893903907228e-18,0.0,1.3877787807814457e-17
907,0.6926799886887016,2.2195204163303663,0.08747676257491371,-2.287837823678822,2.797157557069881e-17,9.265701884502922e-17,2.797157557069881e-17,9.265701884502922e-17,0.0,2.7755575615628914e-17,2.7755575615628914e-17,2.7755575615628914e-17
908,2.54228134853053,-1.5390333680157904,0.08100531437407191,-2.425120382796923,3.469446951953614e-18,8.554501433151382e-17,3.469446951953614e-18,8.554501433151382e-17,0.0,0.0,0.0,0.0
909,1.9274320460189527,1.462198024751904,0.09626966194809167,0.3913455324978776,0.0,1.4414582828789327e-16,0.0,1.4414582828789327e-16,0.0,0.0,0.0,0.0
910,-1.6199828269711645,-2.3402257724581492,0.0030104811520735484,-1.636626903168543,2.964296775167217e-17,7.069702362064828e-17,2.7755575615628914e-17,7.069702362064828e-17,0.0,2.964296775167217e-17,2.7755575615628914e-17,2.7755575615628914e-17
911,1.5492965785220791,0.6361607899751949,0.05117895218607952,2.688012299852624,2.787728152484798e-17,1.382389147731577e-16,0.0,1.382389147731577e-16,0.0,2.787728152484798e-17,0.0,0.0
912,-0.6856986356430923,-0.7139919391255694,0.001325925486779532,-0.4668376108420569,1.2719202621569003e-16,4.03332523645675e-16,1.2719202621569003e-16,4.03332523645675e-16,0.0,0.0,1.2412670766236366e-16,1.249000902703301e-16
913,-1.8825943879760076,2.0208328217977054,0.015106547347123155,2.9555832786029033,3.1031676915590914e-17,1.5030800735651928e-16,3.1031676915590914e-17,1.162526814521582e-16,0.0,2.7755575615628914e-17,2.7755575615628914e-17,3.1031676915590914e-17
914,-2.166842066906182,-2.2287332204131203,0.089112728898573,2.9930785098904495,8.079045087230215e-17,4.9867898305431705e-17,8.079045087230215e-17,4.9867898305431705e-17,0.0,3.925231146709438e-17,7.850462293418876e-17,7.97218214573518e-17
915,-2.8257465080817017,0.32714270299056514,0.038243563378352254,-0.5967754831407821,5.721958498152797e-17,1.7211868055245696e-16,5.721958498152797e-17,8.411987166542285e-17,0.0,1.3877787807814457e-17,5.551115123125783e-17,5.721958498152797e-17
916,0.20453417013601838,0.07577319542849148,0.06614339147540102,2.980829649647797,1.1188630228279524e-16,7.382722725145997e-17,1.1188630228279524e-16,5.4456176737605686e-17,0.0,2.7755575615628914e-17,1.1102230246251565e-16,1.1188630228279524e-16
917,0.8742317145916303,1.789506992884586,0.057028886073170186,2.7769410502775687,1.3877787807814457e-17,5.551115123125783e-17,1.3877787807814457e-17,5.551115123125783e-17,0.0,0.0,0.0,1.3877787807814457e-17
918,2.7223626274735304,1.8781641919123522,0.09104809205439722,-0.5206845893653202,3.94053425015214e-17,2.54248097762763e-16,3.94053425015214e-17,2.54248097762763e-16,0.0,2.7755575615628914e-17,3.925231146709438e-17,3.925231146709438e-17
919,0.7692834101677071,-1.5061504341377623,0.08164289298957456,0.6947781960645067,5.561946577567963e-17,6.81623864588156e-17,5.561946577567963e-17,6.81623864588156e-17,0.0,3.925231146709438e-17,5.551115123125783e-17,5.551115123125783e-17
920,0.07907899482870606,1.9728442382567013,0.0006709048073663505,0.5981988621733887,4.163336342344337e-17,2.4200722003194095e-16,4.163336342344337e-17,2.4200722003194095e-16,0.0,3.469446951953614e-18,3.925231146709438e-17,3.925231146709438e-17
921,0.37537190572910273,-1.1106098855553288,0.0898359560973336,-0.3014056709142956,2.7755575615628914e-17,1.2050159078352115e-16,0.0,8.377254058691731e-17,0.0,2.7755575615628914e-17,0.0,0.0
922,-0.37483747785798993,2.1729097179392487,0.08862042413812064,1.7535296947600498,3.94053425015214e-17,9.708675435310446e-17,3.94053425015214e-17,2.212773519951088e-17,0.0,0.0,3.925231146709438e-17,3.925231146709438e-17
923,2.762478381687968,-0.8587792566268269,0.005569872396906947,1.3949336272732449,0.0,1.3426764983265326e-16,0.0,1.3426764983265326e-16,0.0,0.0,0.0,0.0
924,2.422652717604408,2.334888268148308,0.07347168755140646,-0.4583808266900218,8.039839784379823e-17,1.6578047749787983e-16,8.039839784379823e-17,1.6578047749787983e-16,0.0,2.7755575615628914e-17,7.850462293418876e-17,7.97218214573518e-17
925,0.7990314222549211,-2.202554012853945,0.03896373154354249,-2.2126872492435434,2.7755575615628914e-17,1.0556732411285587e-16,2.7755575615628914e-17,1.0556732411285587e-16,0.0,2.7755575615628914e-17,2.7755575615628914e-17,2.7755575615628914e-17
926,2.3253391943413355,-0.7358608086295884,0.09016329521103257,-0.48710682551872475,1.0103182026100663e-16,2.2965972711035016e-16,1.0103182026100663e-16,1.8262625694800023e-16,0.0,2.7755575615628914e-17,1.0007415106216802e-16,1.0103182026100663e-16
927,0.11425168171478628,1.568320413854059,0.07077049098998953,1.1869121593248,6.546139416680338e-17,2.5807075558536653e-16,6.546139416680338e-17,1.8149342835879766e-16,0.0,2.7755575615628914e-17,6.206335383118183e-17,6.359601310784502e-17
928,-1.4810453709887625,-0.6940068746592607,0.055136360489408044,-1.4315793000108583,2.8609792490763984e-17,3.6820440811380453e-16,0.0,3.6820440811380453e-16,0.0,2.8609792490763984e-17,0.0,0.0
929,2.57627663664963,1.2777180019897436,0.010454927928522586,-1.1684086877158781,1.3877787807814457e-17,2.102259266965556e-16,1.3877787807814457e-17,2.102259266965556e-16,0.0,0.0,0.0,1.3877787807814457e-17
930,0.22549540913077903,-2.5925849049492093,0.07655415295418164,-0.08446186997465732,3.555125210177728e-17,5.722173400651617e-17,3.555125210177728e-17,2.038744772671738e-17,0.0,6.938893903907228e-18,3.1031676915590914e-17,3.3993498887762956e-17
931,-1.1064883075784477,-0.578445455627957,0.04433377630154699,-1.8536076779039847,5.887846720064156e-17,5.257271428043754e-17,5.887846720064156e-17,0.0,0.0,1.3877787807814457e-17,5.721958498152797e-17,5.887846720064156e-17
932,-1.8789649656576837,1.3019453304110145,0.010034316595128158,-2.731011482582736,6.206335383118183e-17,2.1580322070021097e-16,6.206335383118183e-17,2.1580322070021097e-16,0.0,0.0,6.206335383118183e-17,6.206335383118183e-17
933,-0.7936504838767378,-0.8409091227615624,0.04900387742534982,-1.0293783883842593,5.721958498152797e-17,8.016019825992753e-17,5.721958498152797e-17,8.016019825992753e-17,0.0,0.0,5.551115123125783e-17,5.721958498152797e-17
934,-0.6568498583331812,-1.2002401334598896,0.07607545177913695,1.5210529536698179,5.551115123125783e-17,1.3651841469370884e-16,5.551115123125783e-17,7.898462186684816e-18,0.0,2.7755575615628914e-17,5.551115123125783e-17,5.551115123125783e-17
935,-0.8779687323026377,2.5809671417284252,0.07355849228804381,0.12751679353873113,4.163336342344337e-17,2.1832116241691584e-16,4.163336342344337e-17,2.1832116241691584e-16,0.0,0.0,4.163336342344337e-17,4.163336342344337e-17
936,-2.8024990255276414,-0.49727865355095613,0.08759325958565115,1.2354719438676653,6.938893903907228e-18,4.888732808409069e-17,6.938893903907228e-18,4.888732808409069e-17,0.0,0.0,6.938893903907228e-18,6.938893903907228e-18
937,-1.5398442943320125,0.4786130043915082,0.06378805873643825,1.5014760028981602,1.1188630228279524e-16,1.2938584981137673e-16,1.1188630228279524e-16,1.2938584981137673e-16,0.0,2.883244014823445e-17,1.1188630228279524e-16,1.1188630228279524e-16
938,2.7696812590634767,2.521917768511123,0.003655729279883172,3.0371740718717044,1.962615573354719e-17,1.580147713865344e-16,1.962615573354719e-17,1.580147713865344e-16,0.0,1.3877787807814457e-17,1.3877787807814457e-17,1.962615573354719e-17
939,-2.0036623747554607,0.6198403221176281,0.03495490043987037,-2.8325279958904623,6.546139416680338e-17,1.3093425785802044e-16,6.546139416680338e-17,3.378546345671323e-17,0.0,1.3877787807814457e-17,6.546139416680338e-17,6.546139416680338e-17
940,-1.3715425982212675,-1.732339182313288,0.06025411465101309,0.5541725685709782,7.97218214573518e-17,2.0315874897821397e-16,7.97218214573518e-17,2.0315874897821397e-16,0.0,2.8609792490763984e-17,7.850462293418876e-17,7.97218214573518e-17
941,-0.22960165252878717,-0.46904677354188795,0.040449835560812865,0.9243367107872338,6.206335383118183e-17,7.026114114193905e-17,6.206335383118183e-17,6.908491274813948e-17,0.0,2.7755575615628914e-17,6.206335383118183e-17,6.206335383118183e-17
942,2.965762265874643,1.9701680960136554,0.0018843688921676301,-2.4471765526209164,2.7755575615628914e-17,1.1086763999790678e-16,0.0,8.923106265346064e-17,0.0,2.7755575615628914e-17,0.0,0.0
943,-2.214456654077842,-0.058379679198621304,0.07740166285694682,0.260349098492787,8.44865542934803e-17,2.418705803768582e-16,8.44865542934803e-17,2.418705803768582e-16,0.0,0.0,7.850462293418876e-17,8.326672684688674e-17
944,-3.0429187520375227,-0.8471272022293361,0.012650380457869407,0.40017603398496293,2.7755575615628914e-17,1.5438989258470867e-16,2.7755575615628914e-17,1.5438989258470867e-16,0.0,0.0,2.7755575615628914e-17,2.7755575615628914e-17
945,1.6731492247293431,1.7477200127376116,0.047220826433411,-0.37900617952614635,3.469446951953614e-17,2.2166731378510495e-16,3.1031676915590914e-17,1.7996302098385314e-16,0.0,3.469446951953614e-17,2.7755575615628914e-17,3.1031676915590914e-17
946,2.6192244359389907,-0.6496368558375887,0.013263935407913078,1.3633403835680475,7.97218214573518e-17,5.545197230602153e-17,7.97218214573518e-17,2.8147251692850916e-18,0.0,2.7755575615628914e-17,7.850462293418876e-17,7.97218214573518e-17
947,-1.4419949687018725,-0.5073781610192092,0.04629676948676336,2.180024579634975,6.582812753581314e-17,1.533987272293348e-16,6.582812753581314e-17,6.673158928084956e-17,0.0,6.938893903907228e-18,6.546139416680338e-17,6.546139416680338e-17
948,1.730379077454705,-1.2806176268029503,0.04566166531671014,-0.6861442945539036,5.551115123125783e-17,1.1913802975709366e-16,5.551115123125783e-17,8.777646397140054e-19,0.0,3.925231146709438e-17,5.551115123125783e-17,5.551115123125783e-17
949,-2.54129593713494,0.676438412765171,0.025382964922711287,-0.969785902736148,8.777083671441753e-17,1.1911419228269797e-16,8.777083671441753e-17,7.807396961612779e-17,0.0,2.7755575615628914e-17,8.326672684688674e-17,8.441528768080324e-17
950,-0.4013448089999505,0.9243131168056111,0.027468667637496863,0.4394947137785117,6.206335383118183e-17,4.5552543635804286e-17,6.206335383118183e-17,4.5552543635804286e-17,0.0,3.1031676915590914e-17,5.551115123125783e-17,6.206335383118183e-17
951,2.717509599289577,-1.5106939527682042,0.07733338283283898,-1.5841664109659754,8.039839784379823e-17,1.7466478253353005e-16,8.039839784379823e-17,1.329195668446958e-16,0.0,0.0,7.850462293418876e-17,7.97218214573518e-17
952,-2.2083078245347356,-0.3023526026607306,0.04742789081150495,0.9029009760052542,1.6079679568759646e-16,1.0892483349893027e-16,1.6079679568759646e-16,9.285245159155187e-17,0.0,2.7755575615628914e-17,1.5700924586837752e-16,1.594436429147036e-16
953,-2.436313282667426,-0.0787155398252617,0.07167554368124904,-1.6839485467849358,1.1295700899707568e-16,1.1053113230220571e-16,1.1295700899707568e-16,1.1053113230220571e-16,0.0,2.7755575615628914e-17,1.1102230246251565e-16,1.1188630228279524e-16
954,-3.135670742868817,-1.764477667520295,0.0899845492533422,-2.3333232793056906,1.734723475976807e-18,6.003254102912789e-17,1.734723475976807e-18,6.003254102912789e-17,0.0,0.0,0.0,0.0
955,-1.9346617727617248,-1.205014280443352,0.020013547016879293,0.22957992327290233,5.721958498152797e-17,1.012053396728649e-16,5.721958498152797e-17,5.477074713411882e-17,0.0,3.1031676915590914e-17,5.551115123125783e-17,5.721958498152797e-17
956,-1.9498332109202312,0.7993064499387632,0.04529740596067535,-1.1936583001329257,1.1188630228279524e-16,2.350322466385109e-16,1.1188630228279524e-16,9.42892456033883e-17,0.0,3.925231146709438e-17,1.1188630228279524e-16,1.1188630228279524e-16
957,-2.9471780945082626,1.5060983939620036,0.05135063396872306,-2.1966133367316703,2.7755575615628914e-17,1.768772376862175e-16,2.7755575615628914e-17,1.768772376862175e-16,0.0,0.0,2.7755575615628914e-17,2.7755575615628914e-17
958,-1.3274305452167057,2.380468407735544,0.05368509619100087,-1.4836413632031553,2.7755575615628914e-17,2.648872791037618e-16,2.7755575615628914e-17,2.648872791037618e-16,0.0,2.0816681711721685e-17,2.7755575615628914e-17,2.7755575615628914e-17
959,-0.4639080562125115,2.301994567908967,0.06731305293683963,0.12297989951516364,2.7755575615628914e-17,5.452555489964893e-17,2.7755575615628914e-17,2.7755575615628914e-17,0.0,0.0,2.7755575615628914e-17,2.7755575615628914e-17
960,2.91383777505503,0.5028307258094413,0.06112508407074063,2.2425455707734905,5.637184056103667e-17,4.7570876645136974e-17,5.637184056103667e-17,4.7570876645136974e-17,0.0,6.938893903907228e-18,5.594315114139762e-17,5.594315114139762e-17
961,1.861933665440291,-2.3430678333348363,0.03362064680987624,-0.36838906323482057,4.163336342344337e-17,1.5237588518843538e-16,4.163336342344337e-17,2.775557561562892e-17,0.0,2.7755575615628914e-17,3.925231146709438e-17,4.163336342344337e-17
962,-2.34732569625549,-2.4759784528751663,0.028820565513818616,2.894583241311466,2.7755575615628914e-17,5.5383237219893706e-17,2.7755575615628914e-17,2.5996591661527846e-17,0.0,0.0,2.7755575615628914e-17,2.7755575615628914e-17
963,-1.181994812639806,-1.2273982029385013,0.08043762882732315,-0.7256692661897297,5.561946577567963e-17,4.1076235277414865e-16,5.561946577567963e-17,4.1076235277414865e-16,0.0,2.7755575615628914e-17,5.551115123125783e-17,5.551115123125783e-17
964,1.8663140110730074,1.1154033454035486,0.04315599719433735,1.2542907727070247,7.97218214573518e-17,7.866662784478372e-17,7.97218214573518e-17,7.866662784478372e-17,0.0,1.3877787807814457e-17,7.850462293418876e-17,7.97218214573518e-17
965,-1.4262245027732317,-2.0288911405771617,0.03504786440761653,2.04196184335923,6.798699777552591e-17,5.4071812613673387e-17,6.798699777552591e-17,5.4071812613673387e-17,0.0,6.938893903907228e-18,6.206335383118183e-17,6.359601310784502e-17
966,-2.730511716379218,0.7281088022855768,0.0010262484535924173,1.7651702785557424,5.551115123125783e-17,1.2915365633542005e-16,5.551115123125783e-17,6.827740634267487e-17,0.0,0.0,5.551115123125783e-17,5.551115123125783e-17
967,1.3467990649765529,-1.9537837097906392,0.056252014357844354,-0.3633890731684022,3.925231146709438e-17,8.799642234842575e-17,3.925231146709438e-17,8.799642234842575e-17,0.0,2.8609792490763984e-17,3.925231146709438e-17,3.925231146709438e-17
968,-0.6638277618472954,0.7534288122462973,0.009272562154053055,-1.2443923602514864,2.7755575615628914e-17,1.1456652851448527e-16,0.0,1.1456652851448527e-16,0.0,2.7755575615628914e-17,0.0,0.0
969,0.852578845748075,-2.599315361716638,0.06027959513077603,1.7371876575787581,2.7755575615628914e-17,1.4985789609252386e-16,6.938893903907228e-18,1.4985789609252386e-16,0.0,2.7755575615628914e-17,0.0,0.0
970,1.1113746068055619,1.08357762947383,0.029671078756182225,-2.118763645434461,2.7755575615628914e-17,1.0526629978823101e-16,2.7755575615628914e-17,1.538934574942178e-17,0.0,2.7755575615628914e-17,2.7755575615628914e-17,2.7755575615628914e-17
971,-2.3679497416074398,-0.1932471930808064,0.045421794441696924,-1.4528244099794378,3.925231146709438e-17,1.9716614022630177e-16,0.0,1.9716614022630177e-16,0.0,3.925231146709438e-17,0.0,0.0
972,0.3081422534532092,-2.170188186113951,0.01823905240551442,-2.034714305606116,5.887846720064156e-17,9.879531862396962e-17,5.887846720064156e-17,2.3728787207993856e-18,0.0,3.1031676915590914e-17,5.721958498152797e-17,5.887846720064156e-17
973,2.746179795465043,2.5070699162201886,0.09535995456525898,-2.5809163922387706,3.1080126089379415e-17,6.659437466444299e-17,3.1080126089379415e-17,5.0207150328993493e-17,0.0,2.7755575615628914e-17,3.1031676915590914e-17,3.1031676915590914e-17
974,1.3981411557402579,-1.05364446197346,0.023685091631817555,-2.08963329729351,6.938893903907228e-18,9.60926607585327e-17,0.0,9.60926607585327e-17,0.0,6.938893903907228e-18,0.0,0.0
975,-2.371415435808443,-0.3920806048599452,0.07665279324372609,1.6854125513796498,7.858125020761362e-17,1.617622560916012e-16,7.858125020761362e-17,1.0261577941053651e-16,0.0,3.925231146709438e-17,7.850462293418876e-17,7.850462293418876e-17
976,-0.46696204835599886,1.1362789630703576,0.04176470015651427,-2.9586647708163567,2.7755575615628914e-17,1.8935159282642945e-16,2.7755575615628914e-17,1.8935159282642945e-16,0.0,2.7755575615628914e-17,2.7755575615628914e-17,2.7755575615628914e-17
977,-1.8076427746611055,-0.957339344358038,0.0009038041560544815,0.6158480608956385,5.551115123125783e-17,7.398131710105463e-17,5.551115123125783e-17,1.8727933475500293e-17,0.0,6.938893903907228e-18,5.551115123125783e-17,5.551115123125783e-17
978,1.329849682776655,-0.27757515917117903,0.08986904384000206,-0.2052063915529838,3.184528986116163e-17,5.4478652757839583e-17,3.184528986116163e-17,3.2593885058931774e-17,0.0,2.8609792490763984e-17,2.7755575615628914e-17,3.1031676915590914e-17
979,1.841022588134872,-2.4319864967140425,0.05166842482010462,0.5580309438761102,5.1925927263190304e-17,1.167758283860812e-16,5.1925927263190304e-17,1.2422342924173893e-17,0.0,1.3877787807814457e-17,5.003707553108401e-17,5.1925927263190304e-17
980,-1.2170760293312795,-1.739360937530524,0.036573852530710674,2.374605850756839,3.1031676915590914e-17,6.891452965740555e-17,3.1031676915590914e-17,2.7508371917731604e-18,0.0,0.0,2.7755575615628914e-17,3.1031676915590914e-17
981,0.3502780332658961,-0.7924475854462592,0.016447090743134385,-1.5726875045172664,1.3877787807814457e-17,8.057484078276189e-17,1.3877787807814457e-17,8.057484078276189e-17,0.0,1.3877787807814457e-17,1.3877787807814457e-17,1.3877787807814457e-17
982,0.15281240345980995,-1.3174624798140067,0.022520087181970246,1.2560876917534234,0.0,4.9686478421586555e-17,0.0,1.8701566510399942e-18,0.0,0.0,0.0,0.0
983,-0.756618247789067,-1.7078371979684384,0.013420684479344134,0.9053505528657446,5.721958498152797e-17,1.9609305714373478e-16,5.721958498152797e-17,8.109105142634066e-17,0.0,0.0,5.551115123125783e-17,5.721958498152797e-17
984,1.9522603711023878,-1.6793917305548685,0.05507976334961743,3.0477816728367504,4.163336342344337e-17,1.605482910372104e-16,4.163336342344337e-17,5.506739405300754e-17,0.0,4.163336342344337e-17,4.163336342344337e-17,4.163336342344337e-17
985,2.2658968694064097,1.7993959440850031,0.014349380362132817,-2.988215718840263,3.1031676915590914e-17,9.814312206733204e-17,3.1031676915590914e-17,2.4440904666914453e-17,0.0,2.7755575615628914e-17,2.7755575615628914e-17,3.1031676915590914e-17
986,1.937243520636903,-0.8002400157402494,0.05792403770377886,-1.4244210701930955,5.887846720064156e-17,1.0733670665196628e-16,5.887846720064156e-17,4.3491692031883655e-17,0.0,2.7755575615628914e-17,5.721958498152797e-17,5.887846720064156e-17
987,3.130207287346023,2.3947876414587834,0.020847990639861744,1.6068606226148248,3.925231146709438e-17,6.378984936923719e-17,3.925231146709438e-17,4.9638372997754025e-18,0.0,2.7755575615628914e-17,2.7755575615628914e-17,3.1031676915590914e-17
988,2.087901544994307,-2.5723867015788926,0.02789391190637018,2.205343046490076,4.3885418357208765e-17,1.8474248510749683e-16,4.3885418357208765e-17,1.8474248510749683e-16,0.0,3.1031676915590914e-17,4.3885418357208765e-17,4.3885418357208765e-17
989,2.4675807630158957,-0.977270113435944,0.020829410440590782,-0.028021465900437192,6.206335383118183e-17,1.8708058235846033e-16,6.206335383118183e-17,1.7302345396523337e-16,0.0,2.7755575615628914e-17,6.206335383118183e-17,6.206335383118183e-17
990,-2.45871369014815,0.5768657105590189,0.009313831262904183,-2.3606273197825294,1.1443916996305594e-16,2.0962171551216043e-16,1.1443916996305594e-16,2.0962171551216043e-16,0.0,2.7755575615628914e-17,1.1443916996305594e-16,1.1443916996305594e-16
991,0.4984307609941494,2.579147031375133,0.007646043010723269,-0.630127661978054,2.7755575615628914e-17,6.257073768987982e-17,2.7755575615628914e-17,4.895943527360209e-17,0.0,2.7755575615628914e-17,0.0,1.3877787807814457e-17
992,2.912881432417799,-2.385866248781622,0.03138782126250874,1.6379616077358632,3.1031676915590914e-17,2.1793638355430694e-16,2.7755575615628914e-17,2.1793638355430694e-16,0.0,2.7755575615628914e-17,2.7755575615628914e-17,3.1031676915590914e-17
993,-1.5494837105715418,2.1987147043789466,0.06784660280238697,-2.06393066163403,7.473417450352271e-17,1.7170142587803877e-16,7.473417450352271e-17,3.266594213106654e-17,0.0,3.1031676915590914e-17,7.473417450352271e-17,7.473417450352271e-17
994,-2.627013691418599,-2.5461747753290247,0.0017973215645017296,1.8135724330422747,3.1031676915590914e-17,1.5784850765953552e-16,2.4037033579794548e-17,8.073895271999883e-17,0.0,3.1031676915590914e-17,1.962615573354719e-17,2.4037033579794548e-17
995,-1.299947877381279,-0.7868272938617766,0.09498731795234718,-1.0201339395419677,1.1188630228279524e-16,1.3443013832687278e-16,1.1188630228279524e-16,7.629236119859824e-17,0.0,0.0,1.1188630228279524e-16,1.1188630228279524e-16
996,-2.6324549552530714,0.5934466293133047,0.06153996931434573,2.865456270560345,1.3877787807814457e-17,1.649269082199862e-16,0.0,1.649269082199862e-16,0.0,1.3877787807814457e-17,0.0,0.0
997,1.063009290541575,-2.223989456283264,0.0743350540773638,-1.2192061192475527,6.359601310784502e-17,3.914357477279192e-16,6.359601310784502e-17,3.914357477279192e-16,0.0,3.1031676915590914e-17,6.206335383118183e-17,6.359601310784502e-17
998,2.8021913730814374,-2.359030507028727,0.05659890871818015,0.6120138164960971,3.1031676915590914e-17,3.5446895089968156e-17,0.0,3.097980649482432e-17,0.0,3.1031676915590914e-17,0.0,0.0
999,-0.9866800541079401,1.973222490739706,0.05798314807857833,2.081932950617209,2.7755575615628914e-17,2.3558867509815756e-16,1.3877787807814457e-17,2.3558867509815756e-16,0.0,2.7755575615628914e-17,0.0,1.3877787807814457e-17
