simulation_time_s,body_name,ground_truth_color,x_m,y_m,z_m,vx_m_s,vy_m_s,vz_m_s,wx_rad_s,wy_rad_s,wz_rad_s,touch_left_N,touch_right_N,bilateral_finger_contact,wrist_relative_x_m,wrist_relative_y_m,wrist_relative_z_m,slip_from_first_bilateral_contact_m
0,object_red_01,RED,0,-0.25,0.008,0,0,0,0,0,0,0,0,0,-0.445074006,-0.0143106513,-0.092,
0.04,object_red_01,RED,0,-0.25,0.00791594451,0,0,0.000611366366,0,0,0,0,0,0,-0.445074006,-0.0143106513,-0.0915848221,
0.08,object_red_01,RED,0,-0.25,0.00793733357,0,0,0.000335113484,0,0,0,0,0,0,-0.445074006,-0.0143106513,-0.0913877071,
0.12,object_red_01,RED,0,-0.25,0.00794470226,0,0,8.68402155e-05,0,0,0,0,0,0,-0.445074006,-0.0143106513,-0.0910477351,
0.16,object_red_01,RED,0,-0.25,0.00794649546,0,0,1.99210367e-05,0,0,0,0,0,0,-0.445074006,-0.0143106513,-0.0902762897,
0.2,object_red_01,RED,0,-0.25,0.00794690027,0,0,4.4245064e-06,0,0,0,0,0,0,-0.445074006,-0.0143106513,-0.0889858903,
0.24,object_red_01,RED,0,-0.25,0.00794698977,0,0,9.73403222e-07,0,0,0,0,0,0,-0.445074006,-0.0143106513,-0.087168592,
0.28,object_red_01,RED,0,-0.25,0.00794700943,0,0,2.13534721e-07,0,0,0,0,0,0,-0.445074006,-0.0143106513,-0.0848766163,
0.32,object_red_01,RED,0,-0.25,0.00794701374,0,0,4.68014488e-08,0,0,0,0,0,0,-0.445074006,-0.0143106513,-0.0822065625,
0.36,object_red_01,RED,0,-0.25,0.00794701468,0,0,1.0254892e-08,0,0,0,0,0,0,-0.445074006,-0.0143106513,-0.0792926977,
0.4,object_red_01,RED,0,-0.25,0.00794701489,0,0,2.24680808e-09,0,0,0,0,0,0,-0.445074006,-0.0143106513,-0.0762878705,
0.44,object_red_01,RED,0,-0.25,0.00794701494,0,0,4.92254218e-10,0,0,0,0,0,0,-0.445074006,-0.0143106513,-0.0733535314,
0.48,object_red_01,RED,0,-0.25,0.00794701495,0,0,1.32216707e-10,0,0,0,0,0,0,-0.445074006,-0.0143106513,-0.0706425042,
0.52,object_red_01,RED,0,-0.25,0.00794701495,0,0,2.93471483e-11,0,0,0,0,0,0,-0.445074006,-0.0143106513,-0.0682950036,
0.56,object_red_01,RED,0,-0.25,0.00794701495,0,0,7.56798561e-12,0,0,0,0,0,0,-0.445074006,-0.0143106513,-0.0664120948,
0.6,object_red_01,RED,0,-0.25,0.00794701495,0,0,1.38424851e-12,0,0,0,0,0,0,-0.445074006,-0.0143106513,-0.0650519138,
0.64,object_red_01,RED,0,-0.25,0.00794701495,0,0,-9.34848519e-13,0,0,0,0,0,0,-0.445074006,-0.0143106513,-0.0642176388,
0.68,object_red_01,RED,0,-0.25,0.00794701495,0,0,-1.79115946e-12,0,0,0,0,0,0,-0.445074006,-0.0143106513,-0.0638372171,
0.72,object_red_01,RED,0,-0.25,0.00794701495,0,0,-2.0931533e-12,0,0,0,0,0,0,-0.445074006,-0.0143106513,-0.0637562645,
0.76,object_red_01,RED,0,-0.25,0.00794701495,0,0,-2.97080212e-12,0,0,0,0,0,0,-0.445074272,-0.0143023376,-0.0637563257,
0.8,object_red_01,RED,0,-0.25,0.00794701495,0,0,-3.27031743e-12,0,0,0,0,0,0,-0.445078843,-0.0141584706,-0.0637563144,
0.84,object_red_01,RED,0,-0.25,0.00794701495,0,0,-4.43288336e-12,0,0,0,0,0,0,-0.445097403,-0.0135591615,-0.0637563141,
0.88,object_red_01,RED,0,-0.25,0.00794701495,0,0,-4.82583527e-12,0,0,0,0,0,0,-0.445138767,-0.0121191271,-0.0637563141,
0.92,object_red_01,RED,0,-0.25,0.00794701495,0,0,-5.49785683e-12,0,0,0,0,0,0,-0.445202618,-0.00947846011,-0.0637563141,
0.96,object_red_01,RED,0,-0.25,0.00794701495,0,0,-6.04651916e-12,0,0,0,0,0,0,-0.445271332,-0.00533687242,-0.0637563141,
1,object_red_01,RED,0,-0.25,0.00794701495,0,0,-6.19503487e-12,0,0,0,0,0,0,-0.445302838,0.000535914976,-0.0637563141,
1.04,object_red_01,RED,0,-0.25,0.00794701495,0,0,-6.9726555e-12,0,0,0,0,0,0,-0.445225723,0.00829863548,-0.0637563141,
1.08,object_red_01,RED,0,-0.25,0.00794701495,0,0,-7.19779875e-12,0,0,0,0,0,0,-0.444937436,0.0180398784,-0.0637563141,
1.12,object_red_01,RED,0,-0.25,0.00794701495,0,0,-8.29099431e-12,0,0,0,0,0,0,-0.444306019,0.0297808882,-0.0637563141,
1.16,object_red_01,RED,0,-0.25,0.00794701495,0,0,-8.62133872e-12,0,0,0,0,0,0,-0.443175474,0.043476976,-0.0637563141,
1.2,object_red_01,RED,0,-0.25,0.00794701495,0,0,-9.23278164e-12,0,0,0,0,0,0,-0.441374185,0.0590221073,-0.0637563141,
1.24,object_red_01,RED,0,-0.25,0.00794701495,0,0,-9.72105626e-12,0,0,0,0,0,0,-0.438726398,0.0762494588,-0.0637563141,
1.28,object_red_01,RED,0,-0.25,0.00794701495,0,0,-9.81366668e-12,0,0,0,0,0,0,-0.435064979,0.0949387515,-0.0637563141,
1.32,object_red_01,RED,0,-0.25,0.00794701495,0,0,-1.05320238e-11,0,0,0,0,0,0,-0.430245264,0.114821613,-0.0637563141,
1.36,object_red_01,RED,0,-0.25,0.00794701495,0,0,-1.1371308e-11,0,0,0,0,0,0,-0.424158354,0.135590491,-0.0637563141,
1.4,object_red_01,RED,0,-0.25,0.00794701495,0,0,-1.19862697e-11,0,0,0,0,0,0,-0.416743015,0.156909088,-0.0637563141,
1.44,object_red_01,RED,0,-0.25,0.00794701495,0,0,-1.21044096e-11,0,0,0,0,0,0,-0.407994056,0.178426944,-0.0637563141,
1.48,object_red_01,RED,0,-0.25,0.00794701495,0,0,-1.29488917e-11,0,0,0,0,0,0,-0.397968396,0.199791411,-0.0637563141,
1.52,object_red_01,RED,0,-0.25,0.00794701495,0,0,-1.3142617e-11,0,0,0,0,0,0,-0.38678561,0.220663716,-0.0637563141,
1.56,object_red_01,RED,0,-0.25,0.00794701495,0,0,1.58830775e-11,0,0,0,0,0,0,-0.374625578,0.240730957,-0.0637563141,
1.6,object_red_01,RED,0,-0.25,0.00794701495,0,0,1.51893077e-11,0,0,0,0,0,0,-0.361719822,0.259720273,-0.0637563141,
1.64,object_red_01,RED,0,-0.25,0.00794701495,0,0,1.42194767e-11,0,0,0,0,0,0,-0.348342248,0.277405221,-0.0637563141,
1.68,object_red_01,RED,0,-0.25,0.00794701495,0,0,1.33752979e-11,0,0,0,0,0,0,-0.334794059,0.293613758,-0.0637563141,
1.72,object_red_01,RED,0,-0.25,0.00794701495,0,0,1.29357232e-11,0,0,0,0,0,0,-0.321390384,0.308227898,-0.0637563141,
1.76,object_red_01,RED,0,-0.25,0.00794701495,0,0,1.18692365e-11,0,0,0,0,0,0,-0.30844159,0.321185468,-0.0637563141,
1.8,object_red_01,RED,0,-0.25,0.00794701495,0,0,1.13617261e-11,0,0,0,0,0,0,-0.296241427,0.332471692,-0.0637563141,
1.84,object_red_01,RED,0,-0.25,0.00794701495,0,0,9.98441637e-12,0,0,0,0,0,0,-0.285049635,0.342115752,-0.0637563141,
1.88,object_red_01,RED,0,-0.25,0.00794701495,0,0,9.37730419e-12,0,0,0,0,0,0,-0.275081836,0.350180698,-0.0637563141,
1.92,object_red_01,RED,0,-0.25,0.00794701495,0,0,8.4913133e-12,0,0,0,0,0,0,-0.266497789,0.356756921,-0.0637563141,
1.96,object_red_01,RED,0,-0.25,0.00794701495,0,0,7.730425e-12,0,0,0,0,0,0,-0.259393488,0.361955248,-0.0637563141,
2,object_red_01,RED,0,-0.25,0.00794701495,0,0,7.37386774e-12,0,0,0,0,0,0,-0.253794851,0.36590264,-0.0637563141,
2.04,object_red_01,RED,0,-0.25,0.00794701495,0,0,6.38888006e-12,0,0,0,0,0,0,-0.249653321,0.368740754,-0.0637563141,
2.08,object_red_01,RED,0,-0.25,0.00794701495,0,0,5.96124831e-12,0,0,0,0,0,0,-0.246842772,0.370627975,-0.0637563141,
2.12,object_red_01,RED,0,-0.25,0.00794701495,0,0,4.66104437e-12,0,0,0,0,0,0,-0.245157959,0.371744424,-0.0637563141,
2.16,object_red_01,RED,0,-0.25,0.00794701495,0,0,4.13310072e-12,0,0,0,0,0,0,-0.244313909,0.372299492,-0.0637563141,
2.2,object_red_01,RED,0,-0.25,0.00794701495,0,0,3.3248562e-12,0,0,0,0,0,0,-0.243962237,0.372529793,-0.0637563141,
2.24,object_red_01,RED,0,-0.25,0.00794701495,0,0,2.64080242e-12,0,0,0,0,0,0,-0.243825086,0.372619356,-0.0637563141,
2.28,object_red_01,RED,0,-0.25,0.00794701495,0,0,2.36143657e-12,0,0,0,0,0,0,-0.24377208,0.372653949,-0.0637563141,
2.32,object_red_01,RED,0,-0.25,0.00794701495,0,0,1.44972889e-12,0,0,0,0,0,0,-0.243751617,0.372667456,-0.0637563141,
2.36,object_red_01,RED,0,-0.25,0.00794701495,0,0,1.09688675e-12,0,0,0,0,0,0,-0.243743712,0.372672991,-0.0637563141,
2.4,object_red_01,RED,0,-0.25,0.00794701495,0,0,-1.29764167e-13,0,0,0,0,0,0,-0.24374065,0.372675622,-0.0637563141,
2.44,object_red_01,RED,0,-0.25,0.00794701495,0,0,-5.86231839e-13,0,0,0,0,0,0,-0.243739457,0.372677328,-0.0637563141,
2.48,object_red_01,RED,0,-0.25,0.00794701495,0,0,-1.32619804e-12,0,0,0,0,0,0,-0.243738984,0.372678906,-0.0637563141,
2.52,object_red_01,RED,0,-0.25,0.00794701495,0,0,-1.93911309e-12,0,0,0,0,0,0,-0.243738786,0.372680701,-0.0637563141,
2.56,object_red_01,RED,0,-0.25,0.00794701495,0,0,-2.14886053e-12,0,0,0,0,0,0,-0.243738688,0.372682888,-0.0637563141,
2.6,object_red_01,RED,0,-0.25,0.00794701495,0,0,-2.9905251e-12,0,0,0,0,0,0,-0.243738621,0.37268557,-0.0637563141,
2.64,object_red_01,RED,0,-0.25,0.00794701495,0,0,-3.27622558e-12,0,0,0,0,0,0,-0.24373856,0.372688821,-0.0637563141,
2.68,object_red_01,RED,0,-0.25,0.00794701495,0,0,-4.43296544e-12,0,0,0,0,0,0,-0.243738492,0.372692704,-0.0637563141,
2.72,object_red_01,RED,0,-0.25,0.00794701495,0,0,-4.82387243e-12,0,0,0,0,0,0,-0.243738414,0.372697275,-0.0637563141,
2.76,object_red_01,RED,0,-0.25,0.00794701495,0,0,-5.49592967e-12,0,0,0,0,0,0,-0.243738323,0.372702588,-0.0637563141,
2.8,object_red_01,RED,0,-0.25,0.00794701495,0,0,-6.04425654e-12,0,0,0,0,0,0,-0.243738218,0.372708696,-0.0637563141,
2.84,object_red_01,RED,0,-0.25,0.00794701495,0,0,-6.19233329e-12,0,0,0,0,0,0,-0.243738097,0.372715652,-0.0637563141,
2.88,object_red_01,RED,0,-0.25,0.00794701495,0,0,-6.97065162e-12,0,0,0,0,0,0,-0.243737961,0.372723506,-0.0637563141,
2.92,object_red_01,RED,0,-0.25,0.00794701495,0,0,-7.19579487e-12,0,0,0,0,0,0,-0.243737809,0.372732311,-0.0637563141,
2.96,object_red_01,RED,0,-0.25,0.00794701495,0,0,-8.28834983e-12,0,0,0,0,0,0,-0.243737638,0.372742115,-0.0637563141,
3,object_red_01,RED,0,-0.25,0.00794701495,0,0,-8.61890837e-12,0,0,0,0,0,0,-0.24373745,0.37275297,-0.0637563141,
3.04,object_red_01,RED,0,-0.25,0.00794701495,0,0,-9.22961254e-12,0,0,0,0,0,0,-0.243737243,0.372764924,-0.0637563141,
3.08,object_red_01,RED,0,-0.25,0.00794701495,0,0,-9.71927543e-12,0,0,0,0,0,0,-0.243737016,0.372778025,-0.0637563141,
3.12,object_red_01,RED,0,-0.25,0.00794701495,0,0,-1.02957352e-11,0,0,0,0,0,0,-0.243736768,0.372792321,-0.0637563141,
3.16,object_red_01,RED,0,-0.25,0.00794701495,0,0,-1.07111777e-11,0,0,0,0,0,0,-0.2437365,0.372807858,-0.0637563141,
3.2,object_red_01,RED,0,-0.25,0.00794701495,0,0,-1.143651e-11,0,0,0,0,0,0,-0.243736209,0.372824684,-0.0637563141,
3.24,object_red_01,RED,0,-0.25,0.00794701495,0,0,-1.20078931e-11,0,0,0,0,0,0,-0.243735896,0.372842844,-0.0637563141,
3.28,object_red_01,RED,0,-0.25,0.00794701495,0,0,-1.21095219e-11,0,0,0,0,0,0,-0.243735559,0.372862382,-0.0637563141,
3.32,object_red_01,RED,0,-0.25,0.00794701495,0,0,-1.29476944e-11,0,0,0,0,0,0,-0.243735199,0.372883344,-0.0637563141,
3.36,object_red_01,RED,0,-0.25,0.00794701495,0,0,-1.31398726e-11,0,0,0,0,0,0,-0.243734813,0.372905772,-0.0637563141,
3.4,object_red_01,RED,0,-0.25,0.00794701495,0,0,1.5874143e-11,0,0,0,0,0,0,-0.243734401,0.37292971,-0.0637563141,
3.44,object_red_01,RED,0,-0.25,0.00794701495,0,0,1.51829909e-11,0,0,0,0,0,0,-0.243733963,0.372955199,-0.0637563141,
3.48,object_red_01,RED,0,-0.25,0.00794701495,0,0,1.42118484e-11,0,0,0,0,0,0,-0.243733498,0.372982282,-0.0637563141,
3.52,object_red_01,RED,0,-0.25,0.00794701495,0,0,1.3368883e-11,0,0,0,0,0,0,-0.243733005,0.373010999,-0.0637563141,
3.56,object_red_01,RED,0,-0.25,0.00794701495,0,0,1.292979e-11,0,0,0,0,0,0,-0.243732483,0.373041391,-0.0637563141,
3.6,object_red_01,RED,0,-0.25,0.00794701495,0,0,1.18632606e-11,0,0,0,0,0,0,-0.243731931,0.373073497,-0.0637563141,
3.64,object_red_01,RED,0,-0.25,0.00794701495,0,0,1.13554949e-11,0,0,0,0,0,0,-0.243731349,0.373107355,-0.0637563141,
3.68,object_red_01,RED,0,-0.25,0.00794701495,0,0,9.97957529e-12,0,0,0,0,0,0,-0.243730735,0.373143005,-0.0637563141,
3.72,object_red_01,RED,0,-0.25,0.00794701495,0,0,9.37190459e-12,0,0,0,0,0,0,-0.24373009,0.373180483,-0.0637563141,
3.76,object_red_01,RED,0,-0.25,0.00794701495,0,0,8.4845986e-12,0,0,0,0,0,0,-0.243729412,0.373219825,-0.0637563141,
3.8,object_red_01,RED,0,-0.25,0.00794701495,0,0,7.7262388e-12,0,0,0,0,0,0,-0.2437287,0.373261069,-0.0637563141,
3.84,object_red_01,RED,0,-0.25,0.00794701495,0,0,7.36959945e-12,0,0,0,0,0,0,-0.243727954,0.37330425,-0.0637563141,
3.88,object_red_01,RED,0,-0.25,0.00794701495,0,0,6.38536479e-12,0,0,0,0,0,0,-0.243727172,0.373349401,-0.0637563141,
3.92,object_red_01,RED,0,-0.25,0.00794701495,0,0,5.95885542e-12,0,0,0,0,0,0,-0.243726354,0.373396557,-0.0637563141,
3.96,object_red_01,RED,0,-0.25,0.00794701495,0,0,4.65984525e-12,0,0,0,0,0,0,-0.2437255,0.373445751,-0.0637563141,
4,object_red_01,RED,0,-0.25,0.00794701495,0,0,4.1319248e-12,0,0,0,0,0,0,-0.243724607,0.373497015,-0.0637563141,
4.04,object_red_01,RED,0,-0.25,0.00794701495,0,0,3.32275596e-12,0,0,0,0,0,0,-0.243723676,0.373550382,-0.0637563141,
4.08,object_red_01,RED,0,-0.25,0.00794701495,0,0,2.64027781e-12,0,0,0,0,0,0,-0.243722706,0.373605882,-0.0637563141,
4.12,object_red_01,RED,0,-0.25,0.00794701495,0,0,2.35993411e-12,0,0,0,0,0,0,-0.243721695,0.373663545,-0.0637563141,
4.16,object_red_01,RED,0,-0.25,0.00794701495,0,0,1.44949514e-12,0,0,0,0,0,0,-0.243720643,0.373723402,-0.0637563141,
4.2,object_red_01,RED,0,-0.25,0.00794701495,0,0,1.09616586e-12,0,0,0,0,0,0,-0.24371955,0.37378548,-0.0637563141,
4.24,object_red_01,RED,0,-0.25,0.00794701495,0,0,-1.30863358e-13,0,0,0,0,0,0,-0.243718413,0.373849808,-0.0637563141,
4.28,object_red_01,RED,0,-0.25,0.00794701495,0,0,-5.86854595e-13,0,0,0,0,0,0,-0.243717234,0.373916414,-0.0637563141,
4.32,object_red_01,RED,0,-0.25,0.00794701495,0,0,-1.32351251e-12,0,0,0,0,0,0,-0.24371601,0.373985323,-0.0637563141,
4.36,object_red_01,RED,0,-0.25,0.00794701495,0,0,-1.93695931e-12,0,0,0,0,0,0,-0.243714741,0.374056563,-0.0637563141,
4.4,object_red_01,RED,0,-0.25,0.00794701495,0,0,-2.14749724e-12,0,0,0,0,0,0,-0.243713426,0.374130157,-0.0637563141,
4.44,object_red_01,RED,0,-0.25,0.00794701495,0,0,-2.988912e-12,0,0,0,0,0,0,-0.243712065,0.374206131,-0.0637563141,
4.48,object_red_01,RED,0,-0.25,0.00794701495,0,0,-3.27504252e-12,0,0,0,0,0,0,-0.243710656,0.374284507,-0.0637563141,
4.52,object_red_01,RED,0,-0.25,0.00794701495,0,0,-4.43214997e-12,0,0,0,0,0,0,-0.2437092,0.37436531,-0.0637563141,
4.56,object_red_01,RED,0,-0.25,0.00794701495,0,0,-4.82205234e-12,0,0,0,0,0,0,-0.243707696,0.374448561,-0.0637563141,
4.6,object_red_01,RED,0,-0.25,0.00794701495,0,0,-5.49377412e-12,0,0,0,0,0,0,-0.243706143,0.374534281,-0.0637563141,
4.64,object_red_01,RED,0,-0.25,0.00794701495,0,0,-6.04157458e-12,0,0,0,0,0,0,-0.24370454,0.374622492,-0.0637563141,
4.68,object_red_01,RED,0,-0.25,0.00794701495,0,0,-6.18995289e-12,0,0,0,0,0,0,-0.243702887,0.374713212,-0.0637563141,
4.72,object_red_01,RED,0,-0.25,0.00794701495,0,0,-6.96719523e-12,0,0,0,0,0,0,-0.243701183,0.374806462,-0.0637563141,
4.76,object_red_01,RED,0,-0.25,0.00794701495,0,0,-7.19135885e-12,0,0,0,0,0,0,-0.243699429,0.37490226,-0.0637563141,
4.8,object_red_01,RED,0,-0.25,0.00794701495,0,0,-8.28420823e-12,0,0,0,0,0,0,-0.243697624,0.375000623,-0.0637563141,
4.84,object_red_01,RED,0,-0.25,0.00794701495,0,0,-8.61453658e-12,0,0,0,0,0,0,-0.243695767,0.375101568,-0.0637563141,
4.88,object_red_01,RED,0,-0.25,0.00794701495,0,0,-9.57749405e-12,0,0,0,0,0,0,-0.243693859,0.375205112,-0.0637563141,
4.92,object_red_01,RED,0,-0.25,0.00794701495,0,0,-9.84665312e-12,0,0,0,0,0,0,-0.243691899,0.375311269,-0.0637563141,
4.96,object_red_01,RED,0,-0.25,0.00794701495,0,0,-1.03409608e-11,0,0,0,0,0,0,-0.243689888,0.375420055,-0.0637563141,
5,object_red_01,RED,0,-0.25,0.00794701495,0,0,-1.07248533e-11,0,0,0,0,0,0,-0.243687826,0.375531483,-0.0637563141,
5.04,object_red_01,RED,0,-0.25,0.00794701495,0,0,-1.14381338e-11,0,0,0,0,0,0,-0.243685712,0.375645566,-0.0637563141,
5.08,object_red_01,RED,0,-0.25,0.00794701495,0,0,-1.20064691e-11,0,0,0,0,0,0,-0.243683547,0.375762317,-0.0637563141,
5.12,object_red_01,RED,0,-0.25,0.00794701495,0,0,-1.21060352e-11,0,0,0,0,0,0,-0.243681332,0.375881747,-0.0637563141,
5.16,object_red_01,RED,0,-0.25,0.00794701495,0,0,-1.29430103e-11,0,0,0,0,0,0,-0.243679067,0.376003867,-0.0637563141,
5.2,object_red_01,RED,0,-0.25,0.00794701495,0,0,-1.31346639e-11,0,0,0,0,0,0,-0.243676753,0.376128687,-0.0637563141,
5.24,object_red_01,RED,0,-0.25,0.00794701495,0,0,1.58689683e-11,0,0,0,0,0,0,-0.243674391,0.376256217,-0.0637563141,
5.28,object_red_01,RED,0,-0.25,0.00794701495,0,0,1.51760103e-11,0,0,0,0,0,0,-0.243671982,0.376386464,-0.0637563141,
5.32,object_red_01,RED,0,-0.25,0.00794701495,0,0,1.4206927e-11,0,0,0,0,0,0,-0.243669528,0.376519437,-0.0637563141,
5.36,object_red_01,RED,0,-0.25,0.00794701495,0,0,1.33639117e-11,0,0,0,0,0,0,-0.243667028,0.376655142,-0.0637563141,
5.4,object_red_01,RED,0,-0.25,0.00794701495,0,0,1.2923591e-11,0,0,0,0,0,0,-0.243664486,0.376793587,-0.0637563141,
5.44,object_red_01,RED,0,-0.25,0.00794701495,0,0,1.18593902e-11,0,0,0,0,0,0,-0.243661903,0.376934776,-0.0637563141,
5.48,object_red_01,RED,0,-0.25,0.00794701495,0,0,1.13508912e-11,0,0,0,0,0,0,-0.243659281,0.377078713,-0.0637563141,
5.52,object_red_01,RED,0,-0.25,0.00794701495,0,0,9.97534804e-12,0,0,0,0,0,0,-0.243656623,0.377225404,-0.0637563141,
5.56,object_red_01,RED,0,-0.25,0.00794701495,0,0,9.36915483e-12,0,0,0,0,0,0,-0.24365393,0.377374851,-0.0637563141,
5.6,object_red_01,RED,0,-0.25,0.00794701495,0,0,8.48313718e-12,0,0,0,0,0,0,-0.243651244,0.377527047,-0.0637563141,
5.64,object_red_01,RED,0,-0.25,0.00794701495,0,0,7.72261111e-12,0,0,0,0,0,0,-0.243652656,0.377680912,-0.0637563141,
5.68,object_red_01,RED,0,-0.25,0.00794701495,0,0,7.36746531e-12,0,0,0,0,0,0,-0.243667786,0.377833973,-0.0637563141,
5.72,object_red_01,RED,0,-0.25,0.00794701495,0,0,6.38300402e-12,0,0,0,0,0,0,-0.243701494,0.377985175,-0.0637563141,
5.76,object_red_01,RED,0,-0.25,0.00794701495,0,0,5.95502788e-12,0,0,0,0,0,0,-0.243755148,0.378134267,-0.0637563141,
5.8,object_red_01,RED,0,-0.25,0.00794701495,0,0,4.65697593e-12,0,0,0,0,0,0,-0.243828484,0.378281227,-0.0637563141,
5.84,object_red_01,RED,0,-0.25,0.00794701495,0,0,4.13035274e-12,0,0,0,0,0,0,-0.243920376,0.378426162,-0.0637563141,
5.88,object_red_01,RED,0,-0.25,0.00794701495,0,0,3.32102509e-12,0,0,0,0,0,0,-0.244029139,0.378569334,-0.0637563141,
5.92,object_red_01,RED,0,-0.25,0.00794701495,0,0,2.63795987e-12,0,0,0,0,0,0,-0.244152655,0.378711166,-0.0637563141,
5.96,object_red_01,RED,0,-0.25,0.00794701495,0,0,2.35824249e-12,0,0,0,0,0,0,-0.244288424,0.37885223,-0.0637563141,
6,object_red_01,RED,0,-0.25,0.00794701495,0,0,1.44847981e-12,0,0,0,0,0,0,-0.244433583,0.378993226,-0.0637563141,
6.04,object_red_01,RED,0,-0.25,0.00794701495,0,0,1.09510235e-12,0,0,0,0,0,0,-0.244584906,0.379134967,-0.0637563141,
6.08,object_red_01,RED,0,-0.25,0.00794701495,0,0,-1.30613542e-13,0,0,0,0,0,0,-0.2447388,0.379278371,-0.0637563141,
6.12,object_red_01,RED,0,-0.25,0.00794701495,0,0,-5.8604983e-13,0,0,0,0,0,0,-0.244891287,0.379424469,-0.0637563141,
6.16,object_red_01,RED,0,-0.25,0.00794701495,0,0,-1.32333943e-12,0,0,0,0,0,0,-0.245037986,0.379574413,-0.0637563141,
6.2,object_red_01,RED,0,-0.25,0.00794701495,0,0,-1.93556927e-12,0,0,0,0,0,0,-0.245174095,0.379729486,-0.0637563141,
6.24,object_red_01,RED,0,-0.25,0.00794701495,0,0,-2.14540414e-12,0,0,0,0,0,0,-0.245294373,0.37989111,-0.0637563141,
6.28,object_red_01,RED,0,-0.25,0.00794701495,0,0,-2.98860509e-12,0,0,0,0,0,0,-0.245393115,0.38006085,-0.0637563141,
6.32,object_red_01,RED,0,-0.25,0.00794701495,0,0,-3.27419136e-12,0,0,0,0,0,0,-0.245464138,0.380240419,-0.0637563141,
6.36,object_red_01,RED,0,-0.25,0.00794701495,0,0,-4.43096335e-12,0,0,0,0,0,0,-0.245500758,0.380431683,-0.0637563141,
6.4,object_red_01,RED,0,-0.25,0.00794701495,0,0,-4.81987894e-12,0,0,0,0,0,0,-0.24549577,0.380636656,-0.0637563141,
6.44,object_red_01,RED,0,-0.25,0.00794701495,0,0,-5.49099224e-12,0,0,0,0,0,0,-0.245441429,0.380857502,-0.0637563141,
6.48,object_red_01,RED,0,-0.25,0.00794701495,0,0,-6.03880341e-12,0,0,0,0,0,0,-0.245329425,0.381096524,-0.0637563141,
6.52,object_red_01,RED,0,-0.25,0.00794701495,0,0,-6.18619673e-12,0,0,0,0,0,0,-0.245150867,0.38135616,-0.0637563141,
6.56,object_red_01,RED,0,-0.25,0.00794701495,0,0,-6.96310539e-12,0,0,0,0,0,0,-0.244896258,0.381638963,-0.0637563141,
6.6,object_red_01,RED,0,-0.25,0.00794701495,0,0,-7.86204924e-12,0,0,0,0,0,0,-0.244555477,0.381947585,-0.0637563141,
6.64,object_red_01,RED,0,-0.25,0.00794701495,0,0,-8.53581237e-12,0,0,0,0,0,0,-0.244117778,0.38228473,-0.0637563141,
6.68,object_red_01,RED,0,-0.25,0.00794701495,0,0,-8.70642254e-12,0,0,0,0,0,0,-0.2435773,0.382646488,-0.0637563141,
6.72,object_red_01,RED,0,-0.25,0.00794701495,0,0,-9.60875497e-12,0,0,0,0,0,0,-0.242946167,0.382998378,-0.0637563141,
6.76,object_red_01,RED,0,-0.25,0.00794701495,0,0,-9.85484174e-12,0,0,0,0,0,0,-0.242242734,0.383295021,-0.0637563141,
6.8,object_red_01,RED,0,-0.25,0.00794701495,0,0,-1.03406432e-11,0,0,0,0,0,0,-0.241481039,0.383508621,-0.0637563141,
6.84,object_red_01,RED,0,-0.25,0.00794701495,0,0,-1.07218573e-11,0,0,0,0,0,0,-0.240668585,0.383632947,-0.0637563141,
6.88,object_red_01,RED,0,-0.25,0.00794701495,0,0,-1.14326378e-11,0,0,0,0,0,0,-0.239808623,0.383675318,-0.0637563141,
6.92,object_red_01,RED,0,-0.25,0.00794701495,0,0,-1.1999435e-11,0,0,0,0,0,0,-0.238903113,0.383647769,-0.0637563141,
6.96,object_red_01,RED,0,-0.25,0.00794701495,0,0,-1.20992491e-11,0,0,0,0,0,0,-0.237954579,0.383561906,-0.0637563141,
7,object_red_01,RED,0,-0.25,0.00794701495,0,0,-1.29363063e-11,0,0,0,0,0,0,-0.236966721,0.383427476,-0.0637563141,
7.04,object_red_01,RED,0,-0.25,0.00794701495,0,0,-1.31272623e-11,0,0,0,0,0,0,-0.235944291,0.383252979,-0.0637563141,
7.08,object_red_01,RED,0,-0.25,0.00794701495,0,0,1.58612614e-11,0,0,0,0,0,0,-0.234892755,0.383046796,-0.0637563141,
7.12,object_red_01,RED,0,-0.25,0.00794701495,0,0,1.51684159e-11,0,0,0,0,0,0,-0.233818046,0.382818029,-0.0637563141,
7.16,object_red_01,RED,0,-0.25,0.00794701495,0,0,1.41997894e-11,0,0,0,0,0,0,-0.232726465,0.382576869,-0.0637563141,
7.2,object_red_01,RED,0,-0.25,0.00794701495,0,0,1.33574022e-11,0,0,0,0,0,0,-0.231624689,0.382334642,-0.0637563141,
7.24,object_red_01,RED,0,-0.25,0.00794701495,0,0,1.29191229e-11,0,0,0,0,0,0,-0.230519828,0.382103725,-0.0637563141,
7.28,object_red_01,RED,0,-0.25,0.00794701495,0,0,1.18537426e-11,0,0,0,0,0,0,-0.229419471,0.381897467,-0.0637563141,
7.32,object_red_01,RED,0,-0.25,0.00794701495,0,0,1.13464052e-11,0,0,0,0,0,0,-0.228331668,0.381730154,-0.0637563141,
7.36,object_red_01,RED,0,-0.25,0.00794701495,0,0,9.97031424e-12,0,0,0,0,0,0,-0.2272559,0.381615408,-0.0637563141,
7.4,object_red_01,RED,0,-0.25,0.00794701495,0,0,9.36438691e-12,0,0,0,0,0,0,-0.22617536,0.381549376,-0.0637563141,
7.44,object_red_01,RED,0,-0.25,0.00794701495,0,0,8.47853699e-12,0,0,0,0,0,0,-0.22508485,0.381509063,-0.0637563141,
7.48,object_red_01,RED,0,-0.25,0.00794701495,0,0,7.71967398e-12,0,0,0,0,0,0,-0.223985731,0.38147376,-0.0637563141,
7.52,object_red_01,RED,0,-0.25,0.00794701495,0,0,7.36416059e-12,0,0,0,0,0,0,-0.222878987,0.381433384,-0.0637563141,
7.56,object_red_01,RED,0,-0.25,0.00794701495,0,0,6.37993128e-12,0,0,0,0,0,0,-0.221764029,0.38138623,-0.0637563141,
7.6,object_red_01,RED,0,-0.25,0.00794701495,0,0,5.95289731e-12,0,0,0,0,0,0,-0.22063953,0.381334083,-0.0637563141,
7.64,object_red_01,RED,0,-0.25,0.00794701495,0,0,4.65465978e-12,0,0,0,0,0,0,-0.219504321,0.381278684,-0.0637563141,
7.68,object_red_01,RED,0,-0.25,0.00794701495,0,0,4.1269945e-12,0,0,0,0,0,0,-0.218357755,0.381220342,-0.0637563141,
7.72,object_red_01,RED,0,-0.25,0.00794701495,0,0,3.31976708e-12,0,0,0,0,0,0,-0.217199662,0.381157994,-0.0637563141,
7.76,object_red_01,RED,0,-0.25,0.00794701495,0,0,2.63712834e-12,0,0,0,0,0,0,-0.216030149,0.381089789,-0.0637563141,
7.8,object_red_01,RED,0,-0.25,0.00794701495,0,0,2.35801409e-12,0,0,0,0,0,0,-0.214849414,0.381013613,-0.0637563141,
7.84,object_red_01,RED,0,-0.25,0.00794701495,0,0,1.44782494e-12,0,0,0,0,0,0,-0.213657654,0.38092736,-0.0637563141,
7.88,object_red_01,RED,0,-0.25,0.00794701495,0,0,1.09416733e-12,0,0,0,0,0,0,-0.212455042,0.38082899,-0.0637563141,
7.92,object_red_01,RED,0,-0.25,0.00794701495,0,0,-1.31263064e-13,0,0,0,0,0,0,-0.211241675,0.380716519,-0.0637563141,
7.96,object_red_01,RED,0,-0.25,0.00794701495,0,0,-5.86267527e-13,0,0,0,0,0,0,-0.210017185,0.380588531,-0.0637563141,
8,object_red_01,RED,0,-0.25,0.00794701495,0,0,-1.32417274e-12,0,0,0,0,0,0,-0.208781291,0.380444763,-0.0637563141,
8.04,object_red_01,RED,0,-0.25,0.00794701495,0,0,-1.93581194e-12,0,0,0,0,0,0,-0.207533986,0.380285944,-0.0637563141,
8.08,object_red_01,RED,0,-0.25,0.00794701495,0,0,-2.14568072e-12,0,0,0,0,0,0,-0.206275391,0.38011348,-0.0637563141,
8.12,object_red_01,RED,0,-0.25,0.00794701495,0,0,-2.9855716e-12,0,0,0,0,0,0,-0.205005705,0.37992914,-0.0637563141,
8.16,object_red_01,RED,0,-0.25,0.00794701495,0,0,-3.27110256e-12,0,0,0,0,0,0,-0.203725187,0.37973485,-0.0637563141,
8.2,object_red_01,RED,0,-0.25,0.00794701495,0,0,-4.42691097e-12,0,0,0,0,0,0,-0.202434144,0.379532596,-0.0637563141,
8.24,object_red_01,RED,0,-0.25,0.00794701495,0,0,-4.81776086e-12,0,0,0,0,0,0,-0.201132914,0.379324423,-0.0637563141,
8.28,object_red_01,RED,0,-0.25,0.00794701495,0,0,-5.84238544e-12,0,0,0,0,0,0,-0.199821842,0.379112453,-0.0637563141,
8.32,object_red_01,RED,0,-0.25,0.00794701495,0,0,-6.1696357e-12,0,0,0,0,0,0,-0.198501265,0.378898914,-0.0637563141,
8.36,object_red_01,RED,0,-0.25,0.00794701495,0,0,-6.23433095e-12,0,0,0,0,0,0,-0.197171507,0.378686158,-0.0637563141,
8.4,object_red_01,RED,0,-0.25,0.00794701495,0,0,-6.97875102e-12,0,0,0,0,0,0,-0.195832865,0.378476661,-0.0637563141,
8.44,object_red_01,RED,0,-0.25,0.00794701495,0,0,-7.86426904e-12,0,0,0,0,0,0,-0.19448515,0.378272971,-0.0637563141,
8.48,object_red_01,RED,0,-0.25,0.00794701495,0,0,-8.53359258e-12,0,0,0,0,0,0,-0.193127013,0.378076453,-0.0637563141,
8.52,object_red_01,RED,0,-0.25,0.00794701495,0,0,-8.70287336e-12,0,0,0,0,0,0,-0.191757848,0.37788617,-0.0637563141,
8.56,object_red_01,RED,0,-0.25,0.00794701495,0,0,-9.6041298e-12,0,0,0,0,0,0,-0.190377746,0.37769991,-0.0637563141,
8.6,object_red_01,RED,0,-0.25,0.00794701495,0,0,-9.85032721e-12,0,0,0,0,0,0,-0.188986991,0.377515039,-0.0637563141,
8.64,object_red_01,RED,0,-0.25,0.00794701495,0,0,-1.03349848e-11,0,0,0,0,0,0,-0.187585892,0.377328825,-0.0637563141,
8.68,object_red_01,RED,0,-0.25,0.00794701495,0,0,-1.07157225e-11,0,0,0,0,0,0,-0.186174753,0.377138502,-0.0637563141,
8.72,object_red_01,RED,0,-0.25,0.00794701495,0,0,-1.14264977e-11,0,0,0,0,0,0,-0.184753894,0.376941239,-0.0637563141,
8.76,object_red_01,RED,0,-0.25,0.00794701495,0,0,-1.19934073e-11,0,0,0,0,0,0,-0.183323673,0.376734098,-0.0637563141,
8.8,object_red_01,RED,0,-0.25,0.00794701495,0,0,-1.2093473e-11,0,0,0,0,0,0,-0.181884507,0.376514015,-0.0637563141,
8.84,object_red_01,RED,0,-0.25,0.00794701495,0,0,-1.29295756e-11,0,0,0,0,0,0,-0.180436871,0.376277789,-0.0637563141,
8.88,object_red_01,RED,0,-0.25,0.00794701495,0,0,-1.31208223e-11,0,0,0,0,0,0,-0.178981266,0.376022113,-0.0637563141,
8.92,object_red_01,RED,0,-0.25,0.00794701495,0,0,1.58523037e-11,0,0,0,0,0,0,-0.177517646,0.375744262,-0.0637563141,
8.96,object_red_01,RED,0,-0.25,0.00794701495,0,0,1.5159535e-11,0,0,0,0,0,0,-0.176045702,0.375443534,-0.0637563141,
9,object_red_01,RED,0,-0.25,0.00794701495,0,0,1.41927981e-11,0,0,0,0,0,0,-0.174565336,0.375121196,-0.0637563141,
9.04,object_red_01,RED,0,-0.25,0.00794701495,0,0,1.33498167e-11,0,0,0,0,0,0,-0.173076553,0.374779826,-0.0637563141,
9.08,object_red_01,RED,0,-0.25,0.00794701495,0,0,1.29117854e-11,0,0,0,0,0,0,-0.171579423,0.374422693,-0.0637563141,
9.12,object_red_01,RED,0,-0.25,0.00794701495,0,0,1.18474954e-11,0,0,0,0,0,0,-0.170074084,0.37405334,-0.0637563141,
9.16,object_red_01,RED,0,-0.25,0.00794701495,0,0,1.13392997e-11,0,0,0,0,0,0,-0.168560718,0.373675388,-0.0637563141,
9.2,object_red_01,RED,0,-0.25,0.00794701495,0,0,9.96404743e-12,0,0,0,0,0,0,-0.16703953,0.373292509,-0.0637563141,
9.24,object_red_01,RED,0,-0.25,0.00794701495,0,0,9.35871251e-12,0,0,0,0,0,0,-0.165510707,0.372908451,-0.0637563141,
9.28,object_red_01,RED,0,-0.25,0.00794701495,0,0,8.47394751e-12,0,0,0,0,0,0,-0.163974394,0.37252709,-0.0637563141,
9.32,object_red_01,RED,0,-0.25,0.00794701495,0,0,7.71517372e-12,0,0,0,0,0,0,-0.16243035,0.372152384,-0.0637563141,
9.36,object_red_01,RED,0,-0.25,0.00794701495,0,0,7.36042763e-12,0,0,0,0,0,0,-0.160876726,0.371786876,-0.0637563141,
9.4,object_red_01,RED,0,-0.25,0.00794701495,0,0,6.37699059e-12,0,0,0,0,0,0,-0.159312504,0.371429594,-0.0637563141,
9.44,object_red_01,RED,0,-0.25,0.00794701495,0,0,5.94994948e-12,0,0,0,0,0,0,-0.157737979,0.371077313,-0.0637563141,
9.48,object_red_01,RED,0,-0.25,0.00794701495,0,0,4.65349635e-12,0,0,0,0,0,0,-0.156153897,0.370725989,-0.0637563141,
9.52,object_red_01,RED,0,-0.25,0.00794701495,0,0,4.12617011e-12,0,0,0,0,0,0,-0.154561097,0.370371391,-0.0637563141,
9.56,object_red_01,RED,0,-0.25,0.00794701495,0,0,3.31792201e-12,0,0,0,0,0,0,-0.152960439,0.370009277,-0.0637563141,
9.6,object_red_01,RED,0,-0.25,0.00794701495,0,0,2.63469442e-12,0,0,0,0,0,0,-0.151352818,0.369635372,-0.0637563141,
9.64,object_red_01,RED,0,-0.25,0.00794701495,0,0,2.35536069e-12,0,0,0,0,0,0,-0.149739199,0.369245312,-0.0637563141,
9.68,object_red_01,RED,0,-0.25,0.00794701495,0,0,1.44570507e-12,0,0,0,0,0,0,-0.148120643,0.368834605,-0.0637563141,
9.72,object_red_01,RED,0,-0.25,0.00794701495,0,0,1.0932323e-12,0,0,0,0,0,0,-0.14649815,0.36839871,-0.0637563141,
9.76,object_red_01,RED,0,-0.25,0.00794701495,0,0,-1.30328038e-13,0,0,0,0,0,0,-0.144871812,0.367934529,-0.0637563141,
9.8,object_red_01,RED,0,-0.25,0.00794701495,0,0,-5.85050566e-13,0,0,0,0,0,0,-0.143241359,0.367442152,-0.0637563141,
9.84,object_red_01,RED,0,-0.25,0.00794701495,0,0,-1.32202968e-12,0,0,0,0,0,0,-0.141606488,0.366924274,-0.0637563141,
9.88,object_red_01,RED,0,-0.25,0.00794701495,0,0,-1.93394011e-12,0,0,0,0,0,0,-0.139966886,0.366385158,-0.0637563141,
9.92,object_red_01,RED,0,-0.25,0.00794701495,0,0,-2.14370896e-12,0,0,0,0,0,0,-0.138322269,0.365829787,-0.0637563141,
9.96,object_red_01,RED,0,-0.25,0.00794701495,0,0,-2.98519331e-12,0,0,0,0,0,0,-0.136672392,0.365263376,-0.0637563141,
10,object_red_01,RED,0,-0.25,0.00794701495,0,0,-3.94660013e-12,0,0,0,0,0,0,-0.135017028,0.364691179,-0.0637563141,
10.04,object_red_01,RED,0,-0.25,0.00794701495,0,0,-4.68130948e-12,0,0,0,0,0,0,-0.133355928,0.364118474,-0.0637563141,
10.08,object_red_01,RED,0,-0.25,0.00794701495,0,0,-4.91148653e-12,0,0,0,0,0,0,-0.131688756,0.36355062,-0.0637563141,
10.12,object_red_01,RED,0,-0.25,0.00794701495,0,0,-5.87502571e-12,0,0,0,0,0,0,-0.130013989,0.362992496,-0.0637563141,
10.16,object_red_01,RED,0,-0.25,0.00794701495,0,0,-6.18033497e-12,0,0,0,0,0,0,-0.128329312,0.362445303,-0.0637563141,
10.2,object_red_01,RED,0,-0.25,0.00794701495,0,0,-6.72509303e-12,0,0,0,0,0,0,-0.126634604,0.361906067,-0.0637563141,
10.24,object_red_01,RED,0,-0.25,0.00794701495,0,0,-7.16319386e-12,0,0,0,0,0,0,-0.124931005,0.361369847,-0.0637563141,
10.28,object_red_01,RED,0,-0.25,0.00794701495,0,0,-7.9327954e-12,0,0,0,0,0,0,-0.123220036,0.360831114,-0.0637563141,
10.32,object_red_01,RED,0,-0.25,0.00794701495,0,0,-8.55661135e-12,0,0,0,0,0,0,-0.121503312,0.360284279,-0.0637563141,
10.36,object_red_01,RED,0,-0.25,0.00794701495,0,0,-8.70904918e-12,0,0,0,0,0,0,-0.119782495,0.359723796,-0.0637563141,
10.4,object_red_01,RED,0,-0.25,0.00794701495,0,0,-9.60357307e-12,0,0,0,0,0,0,-0.118059331,0.359144101,-0.0637563141,
10.44,object_red_01,RED,0,-0.25,0.00794701495,0,0,-9.84747395e-12,0,0,0,0,0,0,-0.116335685,0.358539554,-0.0637563141,
10.48,object_red_01,RED,0,-0.25,0.00794701495,0,0,-1.03305524e-11,0,0,0,0,0,0,-0.114613037,0.357904769,-0.0637563141,
10.52,object_red_01,RED,0,-0.25,0.00794701495,0,0,-1.07108101e-11,0,0,0,0,0,0,-0.112891532,0.357237197,-0.0637563141,
10.56,object_red_01,RED,0,-0.25,0.00794701495,0,0,-1.1421198e-11,0,0,0,0,0,0,-0.111170674,0.356538379,-0.0637563141,
10.6,object_red_01,RED,0,-0.25,0.00794701495,0,0,-1.19877454e-11,0,0,0,0,0,0,-0.109449687,0.355812716,-0.0637563141,
10.64,object_red_01,RED,0,-0.25,0.00794701495,0,0,-1.20869242e-11,0,0,0,0,0,0,-0.107727688,0.355066155,-0.0637563141,
10.68,object_red_01,RED,0,-0.25,0.00794701495,0,0,-1.2922934e-11,0,0,0,0,0,0,-0.106003782,0.354305246,-0.0637563141,
10.72,object_red_01,RED,0,-0.25,0.00794701495,0,0,-1.31134831e-11,0,0,0,0,0,0,-0.10427707,0.353536668,-0.0637563141,
10.76,object_red_01,RED,0,-0.25,0.00794701495,0,0,1.58439813e-11,0,0,0,0,0,0,-0.10254663,0.352767073,-0.0637563141,
10.8,object_red_01,RED,0,-0.25,0.00794701495,0,0,1.51529951e-11,0,0,0,0,0,0,-0.10081143,0.352003103,-0.0637563141,
10.84,object_red_01,RED,0,-0.25,0.00794701495,0,0,1.41847309e-11,0,0,0,0,0,0,-0.0990691119,0.351250498,-0.0637563141,
10.88,object_red_01,RED,0,-0.25,0.00794701495,0,0,1.33432858e-11,0,0,0,0,0,0,-0.0973170841,0.3505102,-0.0637563141,
10.92,object_red_01,RED,0,-0.25,0.00794701495,0,0,1.2905126e-11,0,0,0,0,0,0,-0.0955556811,0.349778352,-0.0637563141,
10.96,object_red_01,RED,0,-0.25,0.00794701495,0,0,1.18418852e-11,0,0,0,0,0,0,-0.0937867971,0.349048931,-0.0637563141,
11,object_red_01,RED,0,-0.25,0.00794701495,0,0,1.1334389e-11,0,0,0,0,0,0,-0.0920128195,0.348315295,-0.0637563141,
11.04,object_red_01,RED,0,-0.25,0.00794701495,0,0,9.96056249e-12,0,0,0,0,0,0,-0.0902362765,0.347570796,-0.0637563141,
11.08,object_red_01,RED,0,-0.25,0.00794701495,0,0,9.35503665e-12,0,0,0,0,0,0,-0.0884597786,0.346808892,-0.0637563141,
11.12,object_red_01,RED,0,-0.25,0.00794701495,0,0,8.47124236e-12,0,0,0,0,0,0,-0.0866860481,0.346023079,-0.0637563141,
11.16,object_red_01,RED,0,-0.25,0.00794701495,0,0,7.71401565e-12,0,0,0,0,0,0,-0.0849177666,0.345206903,-0.0637563141,
11.2,object_red_01,RED,0,-0.25,0.00794701495,0,0,7.35854687e-12,0,0,0,0,0,0,-0.0831561012,0.344355838,-0.0637563141,
11.24,object_red_01,RED,0,-0.25,0.00794701495,0,0,6.37470299e-12,0,0,0,0,0,0,-0.0814006182,0.343470167,-0.0637563141,
11.28,object_red_01,RED,0,-0.25,0.00794701495,0,0,5.94876999e-12,0,0,0,0,0,0,-0.0796500967,0.342554151,-0.0637563141,
11.32,object_red_01,RED,0,-0.25,0.00794701495,0,0,4.65146927e-12,0,0,0,0,0,0,-0.0779029755,0.341614346,-0.0637563141,
11.36,object_red_01,RED,0,-0.25,0.00794701495,0,0,4.12316339e-12,0,0,0,0,0,0,-0.0761575729,0.340658311,-0.0637563141,
11.4,object_red_01,RED,0,-0.25,0.00794701495,0,0,3.31579144e-12,0,0,0,0,0,0,-0.0744121621,0.339693846,-0.0637563141,
11.44,object_red_01,RED,0,-0.25,0.00794701495,0,0,2.63388252e-12,0,0,0,0,0,0,-0.0726649674,0.3387287,-0.0637563141,
11.48,object_red_01,RED,0,-0.25,0.00794701495,0,0,2.35411696e-12,0,0,0,0,0,0,-0.0709140608,0.337770516,-0.0637563141,
11.52,object_red_01,RED,0,-0.25,0.00794701495,0,0,1.44567474e-12,0,0,0,0,0,0,-0.069156106,0.336825356,-0.0637563141,
11.56,object_red_01,RED,0,-0.25,0.00794701495,0,0,1.09403885e-12,0,0,0,0,0,0,-0.0673885978,0.335893413,-0.0637563141,
11.6,object_red_01,RED,0,-0.25,0.00794701495,0,0,-1.29348402e-13,0,0,0,0,0,0,-0.065612595,0.334969916,-0.0637563141,
11.64,object_red_01,RED,0,-0.25,0.00794701495,0,0,-5.85594808e-13,0,0,0,0,0,0,-0.0638308723,0.334047984,-0.0637563141,
11.68,object_red_01,RED,0,-0.25,0.00794701495,0,0,-1.32186908e-12,0,0,0,0,0,0,-0.0620467613,0.333120205,-0.0637563141,
11.72,object_red_01,RED,0,-0.25,0.00794701495,0,0,-1.93372776e-12,0,0,0,0,0,0,-0.0602637712,0.332179249,-0.0637563141,
11.76,object_red_01,RED,0,-0.25,0.00794701495,0,0,-2.63312203e-12,0,0,0,0,0,0,-0.0584855197,0.33121796,-0.0637563141,
11.8,object_red_01,RED,0,-0.25,0.00794701495,0,0,-3.16888314e-12,0,0,0,0,0,0,-0.0567157488,0.330229282,-0.0637563141,
11.84,object_red_01,RED,0,-0.25,0.00794701495,0,0,-4.0151711e-12,0,0,0,0,0,0,-0.0549574758,0.329206749,-0.0637563141,
11.88,object_red_01,RED,0,-0.25,0.00794701495,0,0,-4.70555949e-12,0,0,0,0,0,0,-0.0532112016,0.328147899,-0.0637563141,
11.92,object_red_01,RED,0,-0.25,0.00794701495,0,0,-4.91989998e-12,0,0,0,0,0,0,-0.0514756358,0.327055487,-0.0637563141,
11.96,object_red_01,RED,0,-0.25,0.00794701495,0,0,-5.87733829e-12,0,0,0,0,0,0,-0.0497486456,0.325935715,-0.0637563141,
12,object_red_01,RED,0,-0.25,0.00794701495,0,0,-6.17983534e-12,0,0,0,0,0,0,-0.0480277572,0.324796516,-0.0637563141,
12.04,object_red_01,RED,0,-0.25,0.00794701495,0,0,-6.72237182e-12,0,0,0,0,0,0,-0.0463103628,0.323646396,-0.0637563141,
12.08,object_red_01,RED,0,-0.25,0.00794701495,0,0,-7.15941093e-12,0,0,0,0,0,0,-0.0445937771,0.322493868,-0.0637563141,
12.12,object_red_01,RED,0,-0.25,0.00794701495,0,0,-7.92858421e-12,0,0,0,0,0,0,-0.0428752074,0.321347284,-0.0637563141,
12.16,object_red_01,RED,0,-0.25,0.00794701495,0,0,-8.55321028e-12,0,0,0,0,0,0,-0.0411508957,0.320213847,-0.0637563141,
12.2,object_red_01,RED,0,-0.25,0.00794701495,0,0,-8.7051574e-12,0,0,0,0,0,0,-0.0394174393,0.319095078,-0.0637563141,
12.24,object_red_01,RED,0,-0.25,0.00794701495,0,0,-9.59954032e-12,0,0,0,0,0,0,-0.0376756646,0.317986673,-0.0637563141,
12.28,object_red_01,RED,0,-0.25,0.00794701495,0,0,-9.84269532e-12,0,0,0,0,0,0,-0.0359288457,0.316881634,-0.0637563141,
12.32,object_red_01,RED,0,-0.25,0.00794701495,0,0,-1.03264251e-11,0,0,0,0,0,0,-0.0341811115,0.315772212,-0.0637563141,
12.36,object_red_01,RED,0,-0.25,0.00794701495,0,0,-1.07056996e-11,0,0,0,0,0,0,-0.0324368679,0.31465072,-0.0637563141,
12.4,object_red_01,RED,0,-0.25,0.00794701495,0,0,-1.14160179e-11,0,0,0,0,0,0,-0.0307006532,0.313509726,-0.0637563141,
12.44,object_red_01,RED,0,-0.25,0.00794701495,0,0,-1.1982303e-11,0,0,0,0,0,0,-0.0289771273,0.312341986,-0.0637563141,
12.48,object_red_01,RED,0,-0.25,0.00794701495,0,0,-1.20813569e-11,0,0,0,0,0,0,-0.0272700922,0.311140917,-0.0637563141,
12.52,object_red_01,RED,0,-0.25,0.00794701495,0,0,-1.29168831e-11,0,0,0,0,0,0,-0.0255802046,0.309904107,-0.0637563141,
12.56,object_red_01,RED,0,-0.25,0.00794701495,0,0,-1.31071146e-11,0,0,0,0,0,0,-0.023905722,0.308634567,-0.0637563141,
12.6,object_red_01,RED,0,-0.25,0.00794701495,0,0,1.58356713e-11,0,0,0,0,0,0,-0.0222437854,0.307338867,-0.0637563141,
12.64,object_red_01,RED,0,-0.25,0.00794701495,0,0,1.51458218e-11,0,0,0,0,0,0,-0.0205910789,0.306025331,-0.0637563141,
12.68,object_red_01,RED,0,-0.25,0.00794701495,0,0,1.41782588e-11,0,0,0,0,0,0,-0.0189440977,0.304702818,-0.0637563141,
12.72,object_red_01,RED,0,-0.25,0.00794701495,0,0,1.33373526e-11,0,0,0,0,0,0,-0.0172992283,0.30338013,-0.0637563141,
12.76,object_red_01,RED,0,-0.25,0.00794701495,0,0,1.28985969e-11,0,0,0,0,0,0,-0.0156527041,0.302065818,-0.0637563141,
12.8,object_red_01,RED,0,-0.25,0.00794701495,0,0,1.18357076e-11,0,0,0,0,0,0,-0.0139998098,0.300766396,-0.0637563141,
12.84,object_red_01,RED,0,-0.25,0.00794701495,0,0,1.13283506e-11,0,0,0,0,0,0,-0.012337881,0.299481845,-0.0637563141,
12.88,object_red_01,RED,0,-0.25,0.00794701495,0,0,9.95484884e-12,0,0,0,0,0,0,-0.0106688725,0.298207009,-0.0637563141,
12.92,object_red_01,RED,0,-0.25,0.00794701495,0,0,9.34956032e-12,0,0,0,0,0,0,-0.00899697353,0.29693459,-0.0637563141,
12.96,object_red_01,RED,0,-0.25,0.00794701495,0,0,8.46583919e-12,0,0,0,0,0,0,-0.00732714997,0.295656832,-0.0637563141,
13,object_red_01,RED,0,-0.25,0.00794701495,0,0,7.70851791e-12,0,0,0,0,0,0,-0.00566463122,0.29436618,-0.0637563141,
13.04,object_red_01,RED,0,-0.25,0.00794701495,0,0,7.3530634e-12,0,0,0,0,0,0,-0.00401477984,0.293055396,-0.0637563141,
13.08,object_red_01,RED,0,-0.25,0.00794701495,0,0,6.36997432e-12,0,0,0,0,0,0,-0.00238299583,0.291717484,-0.0637563141,
13.12,object_red_01,RED,0,-0.25,0.00794701495,0,0,5.94430185e-12,0,0,0,0,0,0,-0.000772825802,0.290346825,-0.0637563141,
13.16,object_red_01,RED,0,-0.25,0.00794701495,0,0,4.64851609e-12,0,0,0,0,0,0,0.000816052053,0.28894284,-0.0637563141,
13.2,object_red_01,RED,0,-0.25,0.00794701495,0,0,4.12137721e-12,0,0,0,0,0,0,0.00238633858,0.287509867,-0.0637563141,
13.24,object_red_01,RED,0,-0.25,0.00794701495,0,0,3.31440853e-12,0,0,0,0,0,0,0.0039417704,0.286055184,-0.0637563141,
13.28,object_red_01,RED,0,-0.25,0.00794701495,0,0,2.63223195e-12,0,0,0,0,0,0,0.00548650616,0.284587341,-0.0637563141,
13.32,object_red_01,RED,0,-0.25,0.00794701495,0,0,2.35294282e-12,0,0,0,0,0,0,0.00702488938,0.283115132,-0.0637563141,
13.36,object_red_01,RED,0,-0.25,0.00794701495,0,0,1.4449806e-12,0,0,0,0,0,0,0.00856138302,0.281647148,-0.0637563141,
13.4,object_red_01,RED,0,-0.25,0.00794701495,0,0,1.09268806e-12,0,0,0,0,0,0,0.0101007578,0.280191434,-0.0637563141,
13.44,object_red_01,RED,0,-0.25,0.00794701495,0,0,-1.30087144e-13,0,0,0,0,0,0,0.0116479321,0.278752015,-0.0637563141,
13.48,object_red_01,RED,0,-0.25,0.00794701495,0,0,-5.85054135e-13,0,0,0,0,0,0,0.0132033912,0.277326416,-0.0637563141,
13.52,object_red_01,RED,0,-0.25,0.00794701495,0,0,-1.67549279e-12,0,0,0,0,0,0,0.0147636234,0.275908574,-0.0637563141,
13.56,object_red_01,RED,0,-0.25,0.00794701495,0,0,-2.06585197e-12,0,0,0,0,0,0,0.0163235122,0.27449121,-0.0637563141,
13.6,object_red_01,RED,0,-0.25,0.00794701495,0,0,-2.681995e-12,0,0,0,0,0,0,0.0178773921,0.273067005,-0.0637563141,
13.64,object_red_01,RED,0,-0.25,0.00794701495,0,0,-3.18570291e-12,0,0,0,0,0,0,0.0194193994,0.271628988,-0.0637563141,
13.68,object_red_01,RED,0,-0.25,0.00794701495,0,0,-4.01926095e-12,0,0,0,0,0,0,0.0209435583,0.270170529,-0.0637563141,
13.72,object_red_01,RED,0,-0.25,0.00794701495,0,0,-4.70573258e-12,0,0,0,0,0,0,0.0224442558,0.268685337,-0.0637563141,
13.76,object_red_01,RED,0,-0.25,0.00794701495,0,0,-4.91829045e-12,0,0,0,0,0,0,0.0239192619,0.267169707,-0.0637563141,
13.8,object_red_01,RED,0,-0.25,0.00794701495,0,0,-5.8749472e-12,0,0,0,0,0,0,0.0253703047,0.265625144,-0.0637563141,
13.84,object_red_01,RED,0,-0.25,0.00794701495,0,0,-6.17623799e-12,0,0,0,0,0,0,0.0268010836,0.264057108,-0.0637563141,
13.88,object_red_01,RED,0,-0.25,0.00794701495,0,0,-6.71792866e-12,0,0,0,0,0,0,0.0282161138,0.26247317,-0.0637563141,
13.92,object_red_01,RED,0,-0.25,0.00794701495,0,0,-7.1556512e-12,0,0,0,0,0,0,0.0296202444,0.26088162,-0.0637563141,
13.96,object_red_01,RED,0,-0.25,0.00794701495,0,0,-7.92468172e-12,0,0,0,0,0,0,0.0310184814,0.259290703,-0.0637563141,
14,object_red_01,RED,0,-0.25,0.00794701495,0,0,-8.54794451e-12,0,0,0,0,0,0,0.0324159435,0.257708352,-0.0637563141,
14.04,object_red_01,RED,0,-0.25,0.00794701495,0,0,-8.70060539e-12,0,0,0,0,0,0,0.0338181355,0.256141189,-0.0637563141,
14.08,object_red_01,RED,0,-0.25,0.00794701495,0,0,-9.59471352e-12,0,0,0,0,0,0,0.0352286865,0.254590332,-0.0637563141,
14.12,object_red_01,RED,0,-0.25,0.00794701495,0,0,-9.83806659e-12,0,0,0,0,0,0,0.0366459873,0.253051816,-0.0637563141,
14.16,object_red_01,RED,0,-0.25,0.00794701495,0,0,-1.03213752e-11,0,0,0,0,0,0,0.0380654579,0.25151945,-0.0637563141,
14.2,object_red_01,RED,0,-0.25,0.00794701495,0,0,-1.07003267e-11,0,0,0,0,0,0,0.0394814146,0.249986512,-0.0637563141,
14.24,object_red_01,RED,0,-0.25,0.00794701495,0,0,-1.14108949e-11,0,0,0,0,0,0,0.0408877977,0.248446515,-0.0637563141,
14.28,object_red_01,RED,0,-0.25,0.00794701495,0,0,-1.19768731e-11,0,0,0,0,0,0,0.0422784097,0.246893376,-0.0637563141,
14.32,object_red_01,RED,0,-0.25,0.00794701495,0,0,-1.20757432e-11,0,0,0,0,0,0,0.0436469849,0.245321346,-0.0637563141,
14.36,object_red_01,RED,0,-0.25,0.00794701495,0,0,-1.29110767e-11,0,0,0,0,0,0,0.0449882596,0.243725168,-0.0637563141,
14.4,object_red_01,RED,0,-0.25,0.00794701495,0,0,-1.31015169e-11,0,0,0,0,0,0,0.0463012998,0.242102777,-0.0637563141,
14.44,object_red_01,RED,0,-0.25,0.00794701495,0,0,1.58284481e-11,0,0,0,0,0,0,0.0475888024,0.240456706,-0.0637563141,
14.48,object_red_01,RED,0,-0.25,0.00794701495,0,0,1.51387931e-11,0,0,0,0,0,0,0.0488550944,0.238792615,-0.0637563141,
14.52,object_red_01,RED,0,-0.25,0.00794701495,0,0,1.41720331e-11,0,0,0,0,0,0,0.0501051615,0.237117674,-0.0637563141,
14.56,object_red_01,RED,0,-0.25,0.00794701495,0,0,1.33308306e-11,0,0,0,0,0,0,0.0513442581,0.235439421,-0.0637563141,
14.6,object_red_01,RED,0,-0.25,0.00794701495,0,0,1.28929279e-11,0,0,0,0,0,0,0.0525777663,0.233765198,-0.0637563141,
14.64,object_red_01,RED,0,-0.25,0.00794701495,0,0,1.1830747e-11,0,0,0,0,0,0,0.0538111619,0.232101972,-0.0637563141,
14.68,object_red_01,RED,0,-0.25,0.00794701495,0,0,1.13231223e-11,0,0,0,0,0,0,0.0550500514,0.230454954,-0.0637563141,
14.72,object_red_01,RED,0,-0.25,0.00794701495,0,0,9.95183677e-12,0,0,0,0,0,0,0.056296992,0.228823987,-0.0637563141,
14.76,object_red_01,RED,0,-0.25,0.00794701495,0,0,9.34841117e-12,0,0,0,0,0,0,0.0575495744,0.227205023,-0.0637563141,
14.8,object_red_01,RED,0,-0.25,0.00794701495,0,0,8.46310192e-12,0,0,0,0,0,0,0.0588029296,0.225592474,-0.0637563141,
14.84,object_red_01,RED,0,-0.25,0.00794701495,0,0,7.70622495e-12,0,0,0,0,0,0,0.060051286,0.223980527,-0.0637563141,
14.88,object_red_01,RED,0,-0.25,0.00794701495,0,0,7.35072941e-12,0,0,0,0,0,0,0.0612885699,0.222363697,-0.0637563141,
14.92,object_red_01,RED,0,-0.25,0.00794701495,0,0,6.36791156e-12,0,0,0,0,0,0,0.0625086091,0.22073691,-0.0637563141,
14.96,object_red_01,RED,0,-0.25,0.00794701495,0,0,5.94152354e-12,0,0,0,0,0,0,0.0637051981,0.219095414,-0.0637563141,
15,object_red_01,RED,0,-0.25,0.00794701495,0,0,4.64590551e-12,0,0,0,0,0,0,0.0648730418,0.217434803,-0.0637563141,
15.04,object_red_01,RED,0,-0.25,0.00794701495,0,0,4.1204511e-12,0,0,0,0,0,0,0.0660111022,0.215753127,-0.0637563141,
15.08,object_red_01,RED,0,-0.25,0.00794701495,0,0,3.3139428e-12,0,0,0,0,0,0,0.0671220833,0.214052388,-0.0637563141,
15.12,object_red_01,RED,0,-0.25,0.00794701495,0,0,2.63228191e-12,0,0,0,0,0,0,0.0682103566,0.212337388,-0.0637563141,
15.16,object_red_01,RED,0,-0.25,0.00794701495,0,0,2.35394566e-12,0,0,0,0,0,0,0.0692809582,0.210614299,-0.0637563141,
15.2,object_red_01,RED,0,-0.25,0.00794701495,0,0,1.44543027e-12,0,0,0,0,0,0,0.0703391856,0.208889619,-0.0637563141,
15.24,object_red_01,RED,0,-0.25,0.00794701495,0,0,4.148672e-13,0,0,0,0,0,0,0.0713904461,0.207169639,-0.0637563141,
15.28,object_red_01,RED,0,-0.25,0.00794701495,0,0,-3.87267536e-13,0,0,0,0,0,0,0.0724402034,0.205460286,-0.0637563141,
15.32,object_red_01,RED,0,-0.25,0.00794701495,0,0,-6.81643772e-13,0,0,0,0,0,0,0.0734939827,0.203766566,-0.0637563141,
15.36,object_red_01,RED,0,-0.25,0.00794701495,0,0,-1.71174112e-12,0,0,0,0,0,0,0.0745552904,0.202089393,-0.0637563141,
15.4,object_red_01,RED,0,-0.25,0.00794701495,0,0,-2.07927245e-12,0,0,0,0,0,0,0.0756227808,0.200425878,-0.0637563141,
15.44,object_red_01,RED,0,-0.25,0.00794701495,0,0,-2.68631682e-12,0,0,0,0,0,0,0.0766922438,0.19877154,-0.0637563141,
15.48,object_red_01,RED,0,-0.25,0.00794701495,0,0,-3.18624179e-12,0,0,0,0,0,0,0.0777583685,0.197121575,-0.0637563141,
15.52,object_red_01,RED,0,-0.25,0.00794701495,0,0,-4.01882734e-12,0,0,0,0,0,0,0.0788154704,0.19547145,-0.0637563141,
15.56,object_red_01,RED,0,-0.25,0.00794701495,0,0,-4.70582894e-12,0,0,0,0,0,0,0.0798577593,0.193817037,-0.0637563141,
15.6,object_red_01,RED,0,-0.25,0.00794701495,0,0,-4.91701461e-12,0,0,0,0,0,0,0.0808794324,0.192154545,-0.0637563141,
15.64,object_red_01,RED,0,-0.25,0.00794701495,0,0,-5.87288086e-12,0,0,0,0,0,0,0.0818747887,0.190480396,-0.0637563141,
15.68,object_red_01,RED,0,-0.25,0.00794701495,0,0,-6.17519233e-12,0,0,0,0,0,0,0.0828401968,0.188791551,-0.0637563141,
15.72,object_red_01,RED,0,-0.25,0.00794701495,0,0,-6.71658679e-12,0,0,0,0,0,0,0.0837764624,0.187087645,-0.0637563141,
15.76,object_red_01,RED,0,-0.25,0.00794701495,0,0,-7.15357951e-12,0,0,0,0,0,0,0.084687022,0.185371299,-0.0637563141,
15.8,object_red_01,RED,0,-0.25,0.00794701495,0,0,-7.92279561e-12,0,0,0,0,0,0,0.0855763833,0.183646995,-0.0637563141,
15.84,object_red_01,RED,0,-0.25,0.00794701495,0,0,-8.54539639e-12,0,0,0,0,0,0,0.0864494644,0.181919961,-0.0637563141,
15.88,object_red_01,RED,0,-0.25,0.00794701495,0,0,-8.69800016e-12,0,0,0,0,0,0,0.0873113341,0.180195444,-0.0637563141,
15.92,object_red_01,RED,0,-0.25,0.00794701495,0,0,-9.59170323e-12,0,0,0,0,0,0,0.0881671123,0.178478397,-0.0637563141,
15.96,object_red_01,RED,0,-0.25,0.00794701495,0,0,-9.83567906e-12,0,0,0,0,0,0,0.0890219306,0.176773432,-0.0637563141,
16,object_red_01,RED,0,-0.25,0.00794701495,0,0,-1.03186255e-11,0,0,0,0,0,0,0.0898808535,0.175084349,-0.0637563141,
16.04,object_red_01,RED,0,-0.25,0.00794701495,0,0,-1.06979749e-11,0,0,0,0,0,0,0.0907468103,0.17341156,-0.0637563141,
16.08,object_red_01,RED,0,-0.25,0.00794701495,0,0,-1.1407294e-11,0,0,0,0,0,0,0.0916184452,0.171752607,-0.0637563141,
16.12,object_red_01,RED,0,-0.25,0.00794701495,0,0,-1.19734167e-11,0,0,0,0,0,0,0.0924919636,0.170103927,-0.0637563141,
16.16,object_red_01,RED,0,-0.25,0.00794701495,0,0,-1.20722243e-11,0,0,0,0,0,0,0.0933626346,0.168461807,-0.0637563141,
16.2,object_red_01,RED,0,-0.25,0.00794701495,0,0,-1.29067459e-11,0,0,0,0,0,0,0.0942254152,0.166822818,-0.0637563141,
16.24,object_red_01,RED,0,-0.25,0.00794701495,0,0,-1.30983996e-11,0,0,0,0,0,0,0.0950751914,0.165183903,-0.0637563141,
16.28,object_red_01,RED,0,-0.25,0.00794701495,0,0,1.58243225e-11,0,0,0,0,0,0,0.0959068699,0.163542302,-0.0637563141,
16.32,object_red_01,RED,0,-0.25,0.00794701495,0,0,1.5134316e-11,0,0,0,0,0,0,0.096715416,0.161895459,-0.0637563141,
16.36,object_red_01,RED,0,-0.25,0.00794701495,0,0,1.41660161e-11,0,0,0,0,0,0,0.0974963994,0.160240889,-0.0637563141,
16.4,object_red_01,RED,0,-0.25,0.00794701495,0,0,1.33263875e-11,0,0,0,0,0,0,0.0982487422,0.158577069,-0.0637563141,
16.44,object_red_01,RED,0,-0.25,0.00794701495,0,0,1.28888184e-11,0,0,0,0,0,0,0.0989746722,0.156904841,-0.0637563141,
16.48,object_red_01,RED,0,-0.25,0.00794701495,0,0,1.18260576e-11,0,0,0,0,0,0,0.0996778775,0.15522699,-0.0637563141,
16.52,object_red_01,RED,0,-0.25,0.00794701495,0,0,1.13193305e-11,0,0,0,0,0,0,0.100362603,0.153547311,-0.0637563141,
16.56,object_red_01,RED,0,-0.25,0.00794701495,0,0,9.9478754e-12,0,0,0,0,0,0,0.101033287,0.151869845,-0.0637563141,
16.6,object_red_01,RED,0,-0.25,0.00794701495,0,0,9.34387879e-12,0,0,0,0,0,0,0.101694423,0.150198462,-0.0637563141,
16.64,object_red_01,RED,0,-0.25,0.00794701495,0,0,8.46063409e-12,0,0,0,0,0,0,0.102350496,0.148536731,-0.0637563141,
16.68,object_red_01,RED,0,-0.25,0.00794701495,0,0,7.70264009e-12,0,0,0,0,0,0,0.10300596,0.146887944,-0.0637563141,
16.72,object_red_01,RED,0,-0.25,0.00794701495,0,0,7.34704997e-12,0,0,0,0,0,0,0.103665151,0.145254863,-0.0637563141,
16.76,object_red_01,RED,0,-0.25,0.00794701495,0,0,6.36535629e-12,0,0,0,0,0,0,0.104330666,0.14363779,-0.0637563141,
16.8,object_red_01,RED,0,-0.25,0.00794701495,0,0,5.93917883e-12,0,0,0,0,0,0,0.105001556,0.142034873,-0.0637563141,
16.84,object_red_01,RED,0,-0.25,0.00794701495,0,0,4.64434059e-12,0,0,0,0,0,0,0.105674775,0.140443505,-0.0637563141,
16.88,object_red_01,RED,0,-0.25,0.00794701495,0,0,4.11863637e-12,0,0,0,0,0,0,0.106346463,0.138861013,-0.0637563141,
16.92,object_red_01,RED,0,-0.25,0.00794701495,0,0,3.31237252e-12,0,0,0,0,0,0,0.107012488,0.137284987,-0.0637563141,
16.96,object_red_01,RED,0,-0.25,0.00794701495,0,0,2.63138079e-12,0,0,0,0,0,0,0.10766867,0.135713332,-0.0637563141,
17,object_red_01,RED,0,-0.25,0.00794701495,0,0,1.86146163e-12,0,0,0,0,0,0,0.108310869,0.134144206,-0.0637563141,
17.04,object_red_01,RED,0,-0.25,0.00794701495,0,0,1.25846964e-12,0,0,0,0,0,0,0.108935026,0.132575933,-0.0637563141,
17.08,object_red_01,RED,0,-0.25,0.00794701495,0,0,3.45113173e-13,0,0,0,0,0,0,0.109537182,0.131006952,-0.0637563141,
17.12,object_red_01,RED,0,-0.25,0.00794701495,0,0,-4.13380463e-13,0,0,0,0,0,0,0.1101141,0.129435664,-0.0637563141,
17.16,object_red_01,RED,0,-0.25,0.00794701495,0,0,-6.91772033e-13,0,0,0,0,0,0,0.110665489,0.127861105,-0.0637563141,
17.2,object_red_01,RED,0,-0.25,0.00794701495,0,0,-1.71551156e-12,0,0,0,0,0,0,0.11119349,0.126283963,-0.0637563141,
17.24,object_red_01,RED,0,-0.25,0.00794701495,0,0,-2.07976494e-12,0,0,0,0,0,0,0.111701244,0.124706269,-0.0637563141,
17.28,object_red_01,RED,0,-0.25,0.00794701495,0,0,-2.68699132e-12,0,0,0,0,0,0,0.112192255,0.123130719,-0.0637563141,
17.32,object_red_01,RED,0,-0.25,0.00794701495,0,0,-3.18603837e-12,0,0,0,0,0,0,0.112670138,0.121560127,-0.0637563141,
17.36,object_red_01,RED,0,-0.25,0.00794701495,0,0,-4.01819744e-12,0,0,0,0,0,0,0.113138514,0.119997138,-0.0637563141,
17.4,object_red_01,RED,0,-0.25,0.00794701495,0,0,-4.7034771e-12,0,0,0,0,0,0,0.113600966,0.118444156,-0.0637563141,
17.44,object_red_01,RED,0,-0.25,0.00794701495,0,0,-4.91488046e-12,0,0,0,0,0,0,0.114061021,0.116903366,-0.0637563141,
17.48,object_red_01,RED,0,-0.25,0.00794701495,0,0,-5.86959221e-12,0,0,0,0,0,0,0.114522124,0.115376787,-0.0637563141,
17.52,object_red_01,RED,0,-0.25,0.00794701495,0,0,-6.17133802e-12,0,0,0,0,0,0,0.114987456,0.113865875,-0.0637563141,
17.56,object_red_01,RED,0,-0.25,0.00794701495,0,0,-6.71254691e-12,0,0,0,0,0,0,0.115458299,0.112370188,-0.0637563141,
17.6,object_red_01,RED,0,-0.25,0.00794701495,0,0,-7.14975018e-12,0,0,0,0,0,0,0.115933435,0.110888198,-0.0637563141,
17.64,object_red_01,RED,0,-0.25,0.00794701495,0,0,-7.91943915e-12,0,0,0,0,0,0,0.116410397,0.109418114,-0.0637563141,
17.68,object_red_01,RED,0,-0.25,0.00794701495,0,0,-8.54227726e-12,0,0,0,0,0,0,0.11688625,0.107958248,-0.0637563141,
17.72,object_red_01,RED,0,-0.25,0.00794701495,0,0,-8.69450631e-12,0,0,0,0,0,0,0.117357925,0.106507155,-0.0637563141,
17.76,object_red_01,RED,0,-0.25,0.00794701495,0,0,-9.58695494e-12,0,0,0,0,0,0,0.11782235,0.105063633,-0.0637563141,
17.8,object_red_01,RED,0,-0.25,0.00794701495,0,0,-9.82951395e-12,0,0,0,0,0,0,0.118276523,0.103626643,-0.0637563141,
17.84,object_red_01,RED,0,-0.25,0.00794701495,0,0,-1.03126352e-11,0,0,0,0,0,0,0.118717531,0.102195256,-0.0637563141,
17.88,object_red_01,RED,0,-0.25,0.00794701495,0,0,-1.06921827e-11,0,0,0,0,0,0,0.119142564,0.100768612,-0.0637563141,
17.92,object_red_01,RED,0,-0.25,0.00794701495,0,0,-1.14005186e-11,0,0,0,0,0,0,0.119548925,0.0993459169,-0.0637563141,
17.96,object_red_01,RED,0,-0.25,0.00794701495,0,0,-1.19666449e-11,0,0,0,0,0,0,0.119934425,0.0979262815,-0.0637563141,
18,object_red_01,RED,0,-0.25,0.00794701495,0,0,-1.20652509e-11,0,0,0,0,0,0,0.120298939,0.0965089863,-0.0637563141,
18.04,object_red_01,RED,0,-0.25,0.00794701495,0,0,-1.28998938e-11,0,0,0,0,0,0,0.120644078,0.0950943087,-0.0637563141,
18.08,object_red_01,RED,0,-0.25,0.00794701495,0,0,-1.30909443e-11,0,0,0,0,0,0,0.120972153,0.0936834259,-0.0637563141,
18.12,object_red_01,RED,0,-0.25,0.00794701495,0,0,1.58172902e-11,0,0,0,0,0,0,0.121285709,0.0922779792,-0.0637563141,
18.16,object_red_01,RED,0,-0.25,0.00794701495,0,0,1.51260061e-11,0,0,0,0,0,0,0.121587349,0.0908796958,-0.0637563141,
18.2,object_red_01,RED,0,-0.25,0.00794701495,0,0,1.41595012e-11,0,0,0,0,0,0,0.121879657,0.0894901851,-0.0637563141,
18.24,object_red_01,RED,0,-0.25,0.00794701495,0,0,1.33191821e-11,0,0,0,0,0,0,0.122165165,0.0881108834,-0.0637563141,
18.28,object_red_01,RED,0,-0.25,0.00794701495,0,0,1.28818753e-11,0,0,0,0,0,0,0.122446339,0.0867430738,-0.0637563141,
18.32,object_red_01,RED,0,-0.25,0.00794701495,0,0,1.18213396e-11,0,0,0,0,0,0,0.122725566,0.0853879252,-0.0637563141,
18.36,object_red_01,RED,0,-0.25,0.00794701495,0,0,1.13149408e-11,0,0,0,0,0,0,0.123005143,0.0840465203,-0.0637563141,
18.4,object_red_01,RED,0,-0.25,0.00794701495,0,0,9.94421916e-12,0,0,0,0,0,0,0.123287269,0.0827198348,-0.0637563141,
18.44,object_red_01,RED,0,-0.25,0.00794701495,0,0,9.33844885e-12,0,0,0,0,0,0,0.123573563,0.0814080987,-0.0637563141,
18.48,object_red_01,RED,0,-0.25,0.00794701495,0,0,8.45555569e-12,0,0,0,0,0,0,0.123863995,0.0801105034,-0.0637563141,
18.52,object_red_01,RED,0,-0.25,0.00794701495,0,0,7.70029003e-12,0,0,0,0,0,0,0.12415733,0.078825989,-0.0637563141,
18.56,object_red_01,RED,0,-0.25,0.00794701495,0,0,7.34463925e-12,0,0,0,0,0,0,0.124451828,0.0775535369,-0.0637563141,
18.6,object_red_01,RED,0,-0.25,0.00794701495,0,0,6.36219612e-12,0,0,0,0,0,0,0.124745583,0.0762922967,-0.0637563141,
18.64,object_red_01,RED,0,-0.25,0.00794701495,0,0,5.93719279e-12,0,0,0,0,0,0,0.125036661,0.0750415989,-0.0637563141,
18.68,object_red_01,RED,0,-0.25,0.00794701495,0,0,4.64298623e-12,0,0,0,0,0,0,0.125323172,0.0738009079,-0.0637563141,
18.72,object_red_01,RED,0,-0.25,0.00794701495,0,0,4.11687873e-12,0,0,0,0,0,0,0.125603294,0.0725697685,-0.0637563141,
18.76,object_red_01,RED,0,-0.25,0.00794701495,0,0,2.95716784e-12,0,0,0,0,0,0,0.125875294,0.0713477719,-0.0637563141,
18.8,object_red_01,RED,0,-0.25,0.00794701495,0,0,2.49587157e-12,0,0,0,0,0,0,0.126137527,0.0701345433,-0.0637563141,
18.84,object_red_01,RED,0,-0.25,0.00794701495,0,0,1.81110583e-12,0,0,0,0,0,0,0.12638844,0.0689297424,-0.0637563141,
18.88,object_red_01,RED,0,-0.25,0.00794701495,0,0,1.23953892e-12,0,0,0,0,0,0,0.126626571,0.0677330666,-0.0637563141,
18.92,object_red_01,RED,0,-0.25,0.00794701495,0,0,3.37586568e-13,0,0,0,0,0,0,0.12685055,0.0665442415,-0.0637563141,
18.96,object_red_01,RED,0,-0.25,0.00794701495,0,0,-4.15214828e-13,0,0,0,0,0,0,0.127059494,0.0653628224,-0.0637563141,
19,object_red_01,RED,0,-0.25,0.00794701495,0,0,-6.91518648e-13,0,0,0,0,0,0,0.127253785,0.0641884313,-0.0637563141,
19.04,object_red_01,RED,0,-0.25,0.00794701495,0,0,-1.71426783e-12,0,0,0,0,0,0,0.127434602,0.0630212296,-0.0637563141,
19.08,object_red_01,RED,0,-0.25,0.00794701495,0,0,-2.07980955e-12,0,0,0,0,0,0,0.127603412,0.0618618306,-0.0637563141,
19.12,object_red_01,RED,0,-0.25,0.00794701495,0,0,-2.68555309e-12,0,0,0,0,0,0,0.127761755,0.0607110573,-0.0637563141,
19.16,object_red_01,RED,0,-0.25,0.00794701495,0,0,-3.18513368e-12,0,0,0,0,0,0,0.127911169,0.0595697477,-0.0637563141,
19.2,object_red_01,RED,0,-0.25,0.00794701495,0,0,-4.01557794e-12,0,0,0,0,0,0,0.128053158,0.0584386596,-0.0637563141,
19.24,object_red_01,RED,0,-0.25,0.00794701495,0,0,-4.70177835e-12,0,0,0,0,0,0,0.128189171,0.0573184513,-0.0637563141,
19.28,object_red_01,RED,0,-0.25,0.00794701495,0,0,-4.91328342e-12,0,0,0,0,0,0,0.128320601,0.0562096987,-0.0637563141,
19.32,object_red_01,RED,0,-0.25,0.00794701495,0,0,-5.86833956e-12,0,0,0,0,0,0,0.128448772,0.0551129181,-0.0637563141,
19.36,object_red_01,RED,0,-0.25,0.00794701495,0,0,-6.16947154e-12,0,0,0,0,0,0,0.12857494,0.0540285816,-0.0637563141,
19.4,object_red_01,RED,0,-0.25,0.00794701495,0,0,-6.71073752e-12,0,0,0,0,0,0,0.128700292,0.0529571228,-0.0637563141,
19.44,object_red_01,RED,0,-0.25,0.00794701495,0,0,-7.14814244e-12,0,0,0,0,0,0,0.128825947,0.0518989384,-0.0637563141,
19.48,object_red_01,RED,0,-0.25,0.00794701495,0,0,-7.91598455e-12,0,0,0,0,0,0,0.128952954,0.0508543864,-0.0637563141,
19.52,object_red_01,RED,0,-0.25,0.00794701495,0,0,-8.53831232e-12,0,0,0,0,0,0,0.129082276,0.0498237471,-0.0637563141,
19.56,object_red_01,RED,0,-0.25,0.00794701495,0,0,-8.69095356e-12,0,0,0,0,0,0,0.12921445,0.0488068413,-0.0637563141,
19.6,object_red_01,RED,0,-0.25,0.00794701495,0,0,-9.58437291e-12,0,0,0,0,0,0,0.129349243,0.0478031205,-0.0637563141,
19.64,object_red_01,RED,0,-0.25,0.00794701495,0,0,-9.82682486e-12,0,0,0,0,0,0,0.12948598,0.0468120472,-0.0637563141,
19.68,object_red_01,RED,0,-0.25,0.00794701495,0,0,-1.03093537e-11,0,0,0,0,0,0,0.129623813,0.0458331813,-0.0637563141,
19.72,object_red_01,RED,0,-0.25,0.00794701495,0,0,-1.06883837e-11,0,0,0,0,0,0,0.129761847,0.0448661986,-0.0637563141,
19.76,object_red_01,RED,0,-0.25,0.00794701495,0,0,-1.13979098e-11,0,0,0,0,0,0,0.129899196,0.0439108676,-0.0637563141,
19.8,object_red_01,RED,0,-0.25,0.00794701495,0,0,-1.19634651e-11,0,0,0,0,0,0,0.130035009,0.0429670116,-0.0637563141,
19.84,object_red_01,RED,0,-0.25,0.00794701495,0,0,-1.20623905e-11,0,0,0,0,0,0,0.130168485,0.0420344807,-0.0637563141,
19.88,object_red_01,RED,0,-0.25,0.00794701495,0,0,-1.28965624e-11,0,0,0,0,0,0,0.130298879,0.0411131365,-0.0637563141,
19.92,object_red_01,RED,0,-0.25,0.00794701495,0,0,-1.30875504e-11,0,0,0,0,0,0,0.1304255,0.0402028499,-0.0637563141,
19.96,object_red_01,RED,0,-0.25,0.00794701495,0,0,1.5811689e-11,0,0,0,0,0,0,0.130547714,0.0393035024,-0.0637563141,
20,object_red_01,RED,0,-0.25,0.00794701495,0,0,1.51213006e-11,0,0,0,0,0,0,0.130664939,0.0384149888,-0.0637563141,
20.04,object_red_01,RED,0,-0.25,0.00794701495,0,0,1.41552472e-11,0,0,0,0,0,0,0.130776642,0.0375372183,-0.0637563141,
20.08,object_red_01,RED,0,-0.25,0.00794701495,0,0,1.33162681e-11,0,0,0,0,0,0,0.130882343,0.0366701137,-0.0637563141,
20.12,object_red_01,RED,0,-0.25,0.00794701495,0,0,1.28793022e-11,0,0,0,0,0,0,0.130981607,0.0358136108,-0.0637563141,
20.16,object_red_01,RED,0,-0.25,0.00794701495,0,0,1.18172944e-11,0,0,0,0,0,0,0.131074045,0.0349676561,-0.0637563141,
20.2,object_red_01,RED,0,-0.25,0.00794701495,0,0,1.13102836e-11,0,0,0,0,0,0,0.131159314,0.0341322064,-0.0637563141,
20.24,object_red_01,RED,0,-0.25,0.00794701495,0,0,9.94015429e-12,0,0,0,0,0,0,0.131237118,0.033307204,-0.0637563141,
20.28,object_red_01,RED,0,-0.25,0.00794701495,0,0,9.33477299e-12,0,0,0,0,0,0,0.1313074,0.0324924429,-0.0637563141,
20.32,object_red_01,RED,0,-0.25,0.00794701495,0,0,8.45334125e-12,0,0,0,0,0,0,0.131370519,0.031687732,-0.0637563141,
20.36,object_red_01,RED,0,-0.25,0.00794701495,0,0,7.69716733e-12,0,0,0,0,0,0,0.131427034,0.0308930786,-0.0637563141,
20.4,object_red_01,RED,0,-0.25,0.00794701495,0,0,7.34236592e-12,0,0,0,0,0,0,0.131477561,0.0301086429,-0.0637563141,
20.44,object_red_01,RED,0,-0.25,0.00794701495,0,0,6.36090421e-12,0,0,0,0,0,0,0.131522716,0.0293346503,-0.0637563141,
20.48,object_red_01,RED,0,-0.25,0.00794701495,0,0,5.25852078e-12,0,0,0,0,0,0,0.131563096,0.0285713244,-0.0637563141,
20.52,object_red_01,RED,0,-0.25,0.00794701495,0,0,4.3843337e-12,0,0,0,0,0,0,0.131599272,0.027818857,-0.0637563141,
20.56,object_red_01,RED,0,-0.25,0.00794701495,0,0,4.01826737e-12,0,0,0,0,0,0,0.131631784,0.0270774037,-0.0637563141,
20.6,object_red_01,RED,0,-0.25,0.00794701495,0,0,2.91822685e-12,0,0,0,0,0,0,0.131661142,0.0263470915,-0.0637563141,
20.64,object_red_01,RED,0,-0.25,0.00794701495,0,0,2.48044899e-12,0,0,0,0,0,0,0.131687819,0.0256280272,-0.0637563141,
20.68,object_red_01,RED,0,-0.25,0.00794701495,0,0,1.80474265e-12,0,0,0,0,0,0,0.131712257,0.0249203029,-0.0637563141,
20.72,object_red_01,RED,0,-0.25,0.00794701495,0,0,1.23656076e-12,0,0,0,0,0,0,0.131734864,0.0242239982,-0.0637563141,
20.76,object_red_01,RED,0,-0.25,0.00794701495,0,0,3.37845306e-13,0,0,0,0,0,0,0.131756017,0.0235391804,-0.0637563141,
20.8,object_red_01,RED,0,-0.25,0.00794701495,0,0,-4.16339001e-13,0,0,0,0,0,0,0.131776061,0.0228659042,-0.0637563141,
20.84,object_red_01,RED,0,-0.25,0.00794701495,0,0,-6.92575014e-13,0,0,0,0,0,0,0.131795314,0.0222042121,-0.0637563141,
20.88,object_red_01,RED,0,-0.25,0.00794701495,0,0,-1.71354515e-12,0,0,0,0,0,0,0.131814065,0.0215541343,-0.0637563141,
20.92,object_red_01,RED,0,-0.25,0.00794701495,0,0,-2.07889951e-12,0,0,0,0,0,0,0.131832575,0.02091569,-0.0637563141,
20.96,object_red_01,RED,0,-0.25,0.00794701495,0,0,-2.683642e-12,0,0,0,0,0,0,0.131851083,0.0202888876,-0.0637563141,
21,object_red_01,RED,0,-0.25,0.00794701495,0,0,-3.18413977e-12,0,0,0,0,0,0,0.131869801,0.0196737258,-0.0637563141,
21.04,object_red_01,RED,0,-0.25,0.00794701495,0,0,-4.01554404e-12,0,0,0,0,0,0,0.131888916,0.0190701942,-0.0637563141,
21.08,object_red_01,RED,0,-0.25,0.00794701495,0,0,-4.69936762e-12,0,0,0,0,0,0,0.131908597,0.0184782738,-0.0637563141,
21.12,object_red_01,RED,0,-0.25,0.00794701495,0,0,-4.911524e-12,0,0,0,0,0,0,0.131928989,0.0178979376,-0.0637563141,
21.16,object_red_01,RED,0,-0.25,0.00794701495,0,0,-5.8661037e-12,0,0,0,0,0,0,0.131950216,0.0173291511,-0.0637563141,
21.2,object_red_01,RED,0,-0.25,0.00794701495,0,0,-6.16748015e-12,0,0,0,0,0,0,0.131972363,0.0167718624,-0.0637563141,
21.24,object_red_01,RED,0,-0.25,0.00794701495,0,0,-6.70869795e-12,0,0,0,0,0,0,0.131995224,0.0162259017,-0.0637563141,
21.28,object_red_01,RED,0,-0.25,0.00794701495,0,0,-7.14529453e-12,0,0,0,0,0,0,0.132018507,0.0156910247,-0.0637563141,
21.32,object_red_01,RED,0,-0.25,0.00794701495,0,0,-7.91321338e-12,0,0,0,0,0,0,0.132042027,0.0151670199,-0.0637563141,
21.36,object_red_01,RED,0,-0.25,0.00794701495,0,0,-8.53567854e-12,0,0,0,0,0,0,0.132065652,0.0146537416,-0.0637563141,
21.4,object_red_01,RED,0,-0.25,0.00794701495,0,0,-8.68812886e-12,0,0,0,0,0,0,0.132089274,0.0141510988,-0.0637563141,
21.44,object_red_01,RED,0,-0.25,0.00794701495,0,0,-9.57980128e-12,0,0,0,0,0,0,0.132112797,0.0136590278,-0.0637563141,
21.48,object_red_01,RED,0,-0.25,0.00794701495,0,0,-9.82339167e-12,0,0,0,0,0,0,0.132136138,0.0131774699,-0.0637563141,
21.52,object_red_01,RED,0,-0.25,0.00794701495,0,0,-1.03049926e-11,0,0,0,0,0,0,0.132159226,0.0127063606,-0.0637563141,
21.56,object_red_01,RED,0,-0.25,0.00794701495,0,0,-1.06836676e-11,0,0,0,0,0,0,0.132181997,0.0122456288,-0.0637563141,
21.6,object_red_01,RED,0,-0.25,0.00794701495,0,0,-1.13923246e-11,0,0,0,0,0,0,0.132204397,0.0117951988,-0.0637563141,
21.64,object_red_01,RED,0,-0.25,0.00794701495,0,0,-1.19566986e-11,0,0,0,0,0,0,0.132226378,0.0113549932,-0.0637563141,
21.68,object_red_01,RED,0,-0.25,0.00794701495,0,0,-1.20564484e-11,0,0,0,0,0,0,0.132247898,0.0109249345,-0.0637563141,
21.72,object_red_01,RED,0,-0.25,0.00794701495,0,0,-1.28897495e-11,0,0,0,0,0,0,0.13226892,0.0105049454,-0.0637563141,
21.76,object_red_01,RED,0,-0.25,0.00794701495,0,0,-1.30797936e-11,0,0,0,0,0,0,0.132289415,0.0100949485,-0.0637563141,
21.8,object_red_01,RED,0,-0.25,0.00794701495,0,0,1.58027366e-11,0,0,0,0,0,0,0.132309354,0.00969486556,-0.0637563141,
21.84,object_red_01,RED,0,-0.25,0.00794701495,0,0,1.51126195e-11,0,0,0,0,0,0,0.132328718,0.00930461782,-0.0637563141,
21.88,object_red_01,RED,0,-0.25,0.00794701495,0,0,1.41475653e-11,0,0,0,0,0,0,0.132347489,0.00892412517,-0.0637563141,
21.92,object_red_01,RED,0,-0.25,0.00794701495,0,0,1.33089735e-11,0,0,0,0,0,0,0.132365652,0.00855330639,-0.0637563141,
21.96,object_red_01,RED,0,-0.25,0.00794701495,0,0,1.28713491e-11,0,0,0,0,0,0,0.1323832,0.00819207896,-0.0637563141,
22,object_red_01,RED,0,-0.25,0.00794701495,0,0,1.1810594e-11,0,0,0,0,0,0,0.132400125,0.00784035913,-0.0637563141,
22.04,object_red_01,RED,0,-0.25,0.00794701495,0,0,1.13060688e-11,0,0,0,0,0,0,0.132416424,0.00749806181,-0.0637563141,
22.08,object_red_01,RED,0,-0.25,0.00794701495,0,0,9.936093e-12,0,0,0,0,0,0,0.132432097,0.00716510055,-0.0637563141,
22.12,object_red_01,RED,0,-0.25,0.00794701495,0,0,9.33073132e-12,0,0,0,0,0,0,0.132447145,0.00684138748,-0.0637563141,
22.16,object_red_01,RED,0,-0.25,0.00794701495,0,0,8.44718685e-12,0,0,0,0,0,0,0.132461574,0.0065268332,-0.0637563141,
22.2,object_red_01,RED,0,-0.25,0.00794701495,0,0,7.69192119e-12,0,0,0,0,0,0,0.132475389,0.00622134682,-0.0637563141,
22.24,object_red_01,RED,0,-0.25,0.00794701495,0,0,6.84959817e-12,0,0,0,0,0,0,0.132488598,0.00592483581,-0.0637563141,
22.28,object_red_01,RED,0,-0.25,0.00794701495,0,0,6.17117597e-12,0,0,0,0,0,0,0.132501213,0.00563720606,-0.0637563141,
22.32,object_red_01,RED,0,-0.25,0.00794701495,0,0,5.18569936e-12,0,0,0,0,0,0,0.132513244,0.00535836176,-0.0637563141,
22.36,object_red_01,RED,0,-0.25,0.00794701495,0,0,4.35643102e-12,0,0,0,0,0,0,0.132524703,0.0050882054,-0.0637563141,
22.4,object_red_01,RED,0,-0.25,0.00794701495,0,0,4.00568198e-12,0,0,0,0,0,0,0.132535605,0.00482663777,-0.0637563141,
22.44,object_red_01,RED,0,-0.25,0.00794701495,0,0,2.91282011e-12,0,0,0,0,0,0,0.132545963,0.00457355783,-0.0637563141,
22.48,object_red_01,RED,0,-0.25,0.00794701495,0,0,2.47831842e-12,0,0,0,0,0,0,0.132555794,0.00432886281,-0.0637563141,
22.52,object_red_01,RED,0,-0.25,0.00794701495,0,0,1.80225341e-12,0,0,0,0,0,0,0.132565114,0.00409244807,-0.0637563141,
22.56,object_red_01,RED,0,-0.25,0.00794701495,0,0,1.23452476e-12,0,0,0,0,0,0,0.132573938,0.00386420717,-0.0637563141,
22.6,object_red_01,RED,0,-0.25,0.00794701495,0,0,3.35614805e-13,0,0,0,0,0,0,0.132582284,0.00364403173,-0.0637563141,
22.64,object_red_01,RED,0,-0.25,0.00794701495,0,0,-4.15359364e-13,0,0,0,0,0,0,0.132590169,0.00343181156,-0.0637563141,
22.68,object_red_01,RED,0,-0.25,0.00794701495,0,0,-6.91190318e-13,0,0,0,0,0,0,0.13259761,0.00322743452,-0.0637563141,
22.72,object_red_01,RED,0,-0.25,0.00794701495,0,0,-1.71162156e-12,0,0,0,0,0,0,0.132604625,0.00303078653,-0.0637563141,
22.76,object_red_01,RED,0,-0.25,0.00794701495,0,0,-2.07674574e-12,0,0,0,0,0,0,0.13261123,0.00284175161,-0.0637563141,
22.8,object_red_01,RED,0,-0.25,0.00794701495,0,0,-2.68264095e-12,0,0,0,0,0,0,0.132617443,0.00266021178,-0.0637563141,
22.84,object_red_01,RED,0,-0.25,0.00794701495,0,0,-3.18085469e-12,0,0,0,0,0,0,0.132623281,0.0024860471,-0.0637563141,
22.88,object_red_01,RED,0,-0.25,0.00794701495,0,0,-4.01185211e-12,0,0,0,0,0,0,0.132628761,0.00231913565,-0.0637563141,
22.92,object_red_01,RED,0,-0.25,0.00794701495,0,0,-4.69690872e-12,0,0,0,0,0,0,0.132633899,0.0021593535,-0.0637563141,
22.96,object_red_01,RED,0,-0.25,0.00794701495,0,0,-4.90874748e-12,0,0,0,0,0,0,0.132638712,0.00200657471,-0.0637563141,
23,object_red_01,RED,0,-0.25,0.00794701495,0,0,-5.86277758e-12,0,0,0,0,0,0,0.132643214,0.00186067133,-0.0637563141,
23.04,object_red_01,RED,0,-0.25,0.00794701495,0,0,-6.16328859e-12,0,0,0,0,0,0,0.132647422,0.00172151334,-0.0637563141,
23.08,object_red_01,RED,0,-0.25,0.00794701495,0,0,-6.70469197e-12,0,0,0,0,0,0,0.13265135,0.00158896872,-0.0637563141,
23.12,object_red_01,RED,0,-0.25,0.00794701495,0,0,-7.14103517e-12,0,0,0,0,0,0,0.132655013,0.00146290337,-0.0637563141,
23.16,object_red_01,RED,0,-0.25,0.00794701495,0,0,-7.90884516e-12,0,0,0,0,0,0,0.132658424,0.00134318114,-0.0637563141,
23.2,object_red_01,RED,0,-0.25,0.00794701495,0,0,-8.53178319e-12,0,0,0,0,0,0,0.132661597,0.00122966382,-0.0637563141,
23.24,object_red_01,RED,0,-0.25,0.00794701495,0,0,-8.68318963e-12,0,0,0,0,0,0,0.132664544,0.00112221107,-0.0637563141,
23.28,object_red_01,RED,0,-0.25,0.00794701495,0,0,-9.57563292e-12,0,0,0,0,0,0,0.132667278,0.00102068054,-0.0637563141,
23.32,object_red_01,RED,0,-0.25,0.00794701495,0,0,-9.81899134e-12,0,0,0,0,0,0,0.132669812,0.000924927733,-0.0637563141,
23.36,object_red_01,RED,0,-0.25,0.00794701495,0,0,-1.03014149e-11,0,0,0,0,0,0,0.132672155,0.000834806068,-0.0637563141,
23.4,object_red_01,RED,0,-0.25,0.00794701495,0,0,-1.0679269e-11,0,0,0,0,0,0,0.132674319,0.000750166855,-0.0637563141,
23.44,object_red_01,RED,0,-0.25,0.00794701495,0,0,-1.13884793e-11,0,0,0,0,0,0,0.132676313,0.000670859284,-0.0637563141,
23.48,object_red_01,RED,0,-0.25,0.00794701495,0,0,-1.19535153e-11,0,0,0,0,0,0,0.132678149,0.000596730433,-0.0637563141,
23.52,object_red_01,RED,0,-0.25,0.00794701495,0,0,-1.2052198e-11,0,0,0,0,0,0,0.132679834,0.000527625244,-0.0637563141,
23.56,object_red_01,RED,0,-0.25,0.00794701495,0,0,-1.28855651e-11,0,0,0,0,0,0,0.132681378,0.000463386539,-0.0637563141,
23.6,object_red_01,RED,0,-0.25,0.00794701495,0,0,-1.30756431e-11,0,0,0,0,0,0,0.13268279,0.000403854974,-0.0637563141,
23.64,object_red_01,RED,0,-0.25,0.00794701495,0,0,1.57961754e-11,0,0,0,0,0,0,0.132684076,0.000348869087,-0.0637563141,
23.68,object_red_01,RED,0,-0.25,0.00794701495,0,0,1.51073894e-11,0,0,0,0,0,0,0.132685244,0.00029826523,-0.0637563141,
23.72,object_red_01,RED,0,-0.25,0.00794701495,0,0,1.41430687e-11,0,0,0,0,0,0,0.132686302,0.000251877626,-0.0637563141,
23.76,object_red_01,RED,0,-0.25,0.00794701495,0,0,1.33020429e-11,0,0,0,0,0,0,0.132687257,0.000209538317,-0.0637563141,
23.8,object_red_01,RED,0,-0.25,0.00794701495,0,0,1.28660673e-11,0,0,0,0,0,0,0.132688114,0.000171077172,-0.0637563141,
23.84,object_red_01,RED,0,-0.25,0.00794701495,0,0,1.18053817e-11,0,0,0,0,0,0,0.13268888,0.000136321888,-0.0637563141,
23.88,object_red_01,RED,0,-0.25,0.00794701495,0,0,1.1299711e-11,0,0,0,0,0,0,0.132689561,0.000105097966,-0.0637563141,
23.92,object_red_01,RED,0,-0.25,0.00794701495,0,0,9.93116091e-12,0,0,0,0,0,0,0.132690163,7.72287309e-05,-0.0637563141,
23.96,object_red_01,RED,0,-0.25,0.00794701495,0,0,9.32584028e-12,0,0,0,0,0,0,0.13269069,5.25352964e-05,-0.0637563141,
24,object_red_01,RED,0,-0.25,0.00794701495,0,0,8.09137189e-12,0,0,0,0,0,0,0.132691148,3.0836585e-05,-0.0637563141,
24.04,object_red_01,RED,0,-0.25,0.00794701495,0,0,7.55385136e-12,0,0,0,0,0,0,0.132691542,1.19492935e-05,-0.0637563141,
24.08,object_red_01,RED,0,-0.25,0.00794701495,0,0,6.79469036e-12,0,0,0,0,0,0,0.132691877,-4.31208357e-06,-0.0637563141,
24.12,object_red_01,RED,0,-0.25,0.00794701495,0,0,6.15020926e-12,0,0,0,0,0,0,0.132692157,-1.81352854e-05,-0.0637563141,
24.16,object_red_01,RED,0,-0.25,0.00794701495,0,0,5.17609572e-12,0,0,0,0,0,0,0.132692387,-2.97102768e-05,-0.0637563141,
24.2,object_red_01,RED,0,-0.25,0.00794701495,0,0,4.35174697e-12,0,0,0,0,0,0,0.132692572,-3.92292595e-05,-0.0637563141,
24.24,object_red_01,RED,0,-0.25,0.00794701495,0,0,4.00331944e-12,0,0,0,0,0,0,0.132692717,-4.68866853e-05,-0.0637563141,
24.28,object_red_01,RED,0,-0.25,0.00794701495,0,0,2.91124449e-12,0,0,0,0,0,0,0.132692824,-5.28792495e-05,-0.0637563141,
24.32,object_red_01,RED,0,-0.25,0.00794701495,0,0,2.47703187e-12,0,0,0,0,0,0,0.1326929,-5.74059124e-05,-0.0637563141,
24.36,object_red_01,RED,0,-0.25,0.00794701495,0,0,1.80242115e-12,0,0,0,0,0,0,0.132692948,-6.0667895e-05,-0.0637563141,
24.4,object_red_01,RED,0,-0.25,0.00794701495,0,0,1.23545264e-12,0,0,0,0,0,0,0.132692973,-6.28686958e-05,-0.0637563141,
24.44,object_red_01,RED,0,-0.25,0.00794701495,0,0,3.35297182e-13,0,0,0,0,0,0,0.132692979,-6.42140912e-05,-0.0637563141,
24.48,object_red_01,RED,0,-0.25,0.00794701495,0,0,-4.16538854e-13,0,0,0,0,0,0,0.132692971,-6.49121481e-05,-0.0637563141,
24.52,object_red_01,RED,0,-0.25,0.00794701495,0,0,-6.92594642e-13,0,0,0,0,0,0,0.132692945,-6.51747381e-05,-0.0637563141,
24.56,object_red_01,RED,0,-0.25,0.00794701495,0,0,-1.71256908e-12,0,0,0,0,0,0,0.132687576,-6.5616885e-05,-0.0637563141,
24.6,object_red_01,RED,0,-0.25,0.00794701495,0,0,-2.07727035e-12,0,0,0,0,0,0,0.132641356,-6.69940485e-05,-0.0637563141,
24.64,object_red_01,RED,0,-0.25,0.00794701495,0,0,-2.68192184e-12,0,0,0,0,0,0,0.132494343,-6.94625035e-05,-0.0637563141,
24.68,object_red_01,RED,0,-0.25,0.00794701495,0,0,-3.17977512e-12,0,0,0,0,0,0,0.132182195,-7.44382455e-05,-0.0637563141,
24.72,object_red_01,RED,0,-0.25,0.00794701495,0,0,-4.01081181e-12,0,0,0,0,0,0,0.131644796,-8.39199271e-05,-0.0637563141,
24.76,object_red_01,RED,0,-0.25,0.00794701495,0,0,-4.69513681e-12,0,0,0,0,0,0,0.130828998,-9.92131419e-05,-0.0637563141,
24.8,object_red_01,RED,0,-0.25,0.00794701495,0,0,-4.90530001e-12,0,0,0,0,0,0,0.129689061,-0.000120321201,-0.0637563141,
24.84,object_red_01,RED,0,-0.25,0.00794701495,0,0,-5.85968164e-12,0,0,0,0,0,0,0.128186235,-0.000145902218,-0.0637563141,
24.88,object_red_01,RED,0,-0.25,0.00794701495,0,0,-6.16106344e-12,0,0,0,0,0,0,0.126288174,-0.000174410348,-0.0637563141,
24.92,object_red_01,RED,0,-0.25,0.00794701495,0,0,-6.70149254e-12,0,0,0,0,0,0,0.123968712,-0.000204038074,-0.0637563141,
24.96,object_red_01,RED,0,-0.25,0.00794701495,0,0,-7.13792317e-12,0,0,0,0,0,0,0.121207614,-0.000234065954,-0.0637563141,
25,object_red_01,RED,0,-0.25,0.00794701495,0,0,-7.90352051e-12,0,0,0,0,0,0,0.117991168,-0.000264352305,-0.0637563141,
25.04,object_red_01,RED,0,-0.25,0.00794701495,0,0,-8.52526299e-12,0,0,0,0,0,0,0.114312629,-0.000294020363,-0.0637563141,
25.08,object_red_01,RED,0,-0.25,0.00794701495,0,0,-8.6785716e-12,0,0,0,0,0,0,0.110172799,-0.000322383396,-0.0637563141,
25.12,object_red_01,RED,0,-0.25,0.00794701495,0,0,-9.56950528e-12,0,0,0,0,0,0,0.105581045,-0.000348740471,-0.0637563141,
25.16,object_red_01,RED,0,-0.25,0.00794701495,0,0,-9.81242653e-12,0,0,0,0,0,0,0.100556043,-0.000372641922,-0.0637563141,
25.2,object_red_01,RED,0,-0.25,0.00794701495,0,0,-1.02943148e-11,0,0,0,0,0,0,0.0951265144,-0.000393541802,-0.0637563141,
25.24,object_red_01,RED,0,-0.25,0.00794701495,0,0,-1.0673302e-11,0,0,0,0,0,0,0.0893315775,-0.000411035601,-0.0637563141,
25.28,object_red_01,RED,0,-0.25,0.00794701495,0,0,-1.13811793e-11,0,0,0,0,0,0,0.0832207812,-0.00042472555,-0.0637563141,
25.32,object_red_01,RED,0,-0.25,0.00794701495,0,0,-1.19449733e-11,0,0,0,0,0,0,0.0768537888,-0.000434223993,-0.0637563141,
25.36,object_red_01,RED,0,-0.25,0.00794701495,0,0,-1.20434437e-11,0,0,0,0,0,0,0.0702995233,-0.000439271899,-0.0637563141,
25.4,object_red_01,RED,0,-0.25,0.00794701495,0,0,-1.2877405e-11,0,0,0,0,0,0,0.0636348981,-0.000439699276,-0.0637563141,
25.44,object_red_01,RED,0,-0.25,0.00794701495,0,0,-1.3067649e-11,0,0,0,0,0,0,0.0569431527,-0.000435395065,-0.0637563141,
25.48,object_red_01,RED,0,-0.25,0.00794701495,0,0,1.57871981e-11,0,0,0,0,0,0,0.0503117655,-0.00042638196,-0.0637563141,
25.52,object_red_01,RED,0,-0.25,0.00794701495,0,0,1.50984406e-11,0,0,0,0,0,0,0.0438300112,-0.000412869151,-0.0637563141,
25.56,object_red_01,RED,0,-0.25,0.00794701495,0,0,1.41345981e-11,0,0,0,0,0,0,0.0375863811,-0.000395101124,-0.0637563141,
25.6,object_red_01,RED,0,-0.25,0.00794701495,0,0,1.32965576e-11,0,0,0,0,0,0,0.0316658456,-0.000373441776,-0.0637563141,
25.64,object_red_01,RED,0,-0.25,0.00794701495,0,0,1.23729783e-11,0,0,0,0,0,0,0.0261469056,-0.000348472401,-0.0637563141,
25.68,object_red_01,RED,0,-0.25,0.00794701495,0,0,1.16154822e-11,0,0,0,0,0,0,0.0210990354,-0.00032059486,-0.0637563141,
25.72,object_red_01,RED,0,-0.25,0.00794701495,0,0,1.05517489e-11,0,0,0,0,0,0,0.0165797571,-0.000290616719,-0.0637563141,
25.76,object_red_01,RED,0,-0.25,0.00794701495,0,0,9.64351544e-12,0,0,0,0,0,0,0.0126325284,-0.000258902882,-0.0637563141,
25.8,object_red_01,RED,0,-0.25,0.00794701495,0,0,9.21469528e-12,0,0,0,0,0,0,0.00928425591,-0.000224550862,-0.0637563141,
25.84,object_red_01,RED,0,-0.25,0.00794701495,0,0,8.0471348e-12,0,0,0,0,0,0,0.00654276844,-0.000188863202,-0.0637563141,
25.88,object_red_01,RED,0,-0.25,0.00794701495,0,0,7.53658193e-12,0,0,0,0,0,0,0.00439594624,-0.000155215421,-0.0637563141,
25.92,object_red_01,RED,0,-0.25,0.00794701495,0,0,6.78717625e-12,0,0,0,0,0,0,0.00281020071,-0.000125525351,-0.0637563141,
25.96,object_red_01,RED,0,-0.25,0.00794701495,0,0,6.14478468e-12,0,0,0,0,0,0,0.0017288441,-9.98008957e-05,-0.0637563141,
26,object_red_01,RED,0,-0.25,0.00794701495,0,0,5.17279636e-12,0,0,0,0,0,0,0.00107100179,-7.75584472e-05,-0.0637563141,
26.04,object_red_01,RED,0,-0.25,0.00794701495,0,0,4.34903111e-12,0,0,0,0,0,0,0.000730824333,-5.90025953e-05,-0.0637563141,
26.08,object_red_01,RED,0,-0.25,0.00794701495,0,0,4.00079986e-12,0,0,0,0,0,0,0.000581196338,-4.52399563e-05,-0.0637563092,
26.12,object_red_01,RED,0,-0.25,0.00794701495,0,0,2.90920492e-12,0,0,0,0,0,0,0.000518526439,-3.69161221e-05,-0.0637560245,
26.16,object_red_01,RED,0,-0.25,0.00794701495,0,0,2.4744659e-12,0,0,0,0,0,0,0.000492487906,-3.28533493e-05,-0.0637547291,
26.2,object_red_01,RED,0,-0.25,0.00794701495,0,0,1.80150753e-12,0,0,0,0,0,0,0.000481754624,-3.12192684e-05,-0.0637516774,
26.24,object_red_01,RED,0,-0.25,0.00794701495,0,0,1.23552759e-12,0,0,0,0,0,0,0.00047736091,-3.06673695e-05,-0.0637461536,
26.28,object_red_01,RED,0,-0.25,0.00794701495,0,0,3.37386715e-13,0,0,0,0,0,0,0.000475567593,-3.05047988e-05,-0.0637374709,
26.32,object_red_01,RED,0,-0.25,0.00794701495,0,0,-4.13806935e-13,0,0,0,0,0,0,0.00047483404,-3.04569547e-05,-0.0637249717,
26.36,object_red_01,RED,0,-0.25,0.00794701495,0,0,-6.90601466e-13,0,0,0,0,0,0,0.000474532226,-3.04384165e-05,-0.0637080272,
26.4,object_red_01,RED,0,-0.25,0.00794701495,0,0,-1.71083821e-12,0,0,0,0,0,0,0.000474407273,-3.04285097e-05,-0.063686037,
26.44,object_red_01,RED,0,-0.25,0.00794701495,0,0,-2.07547167e-12,0,0,0,0,0,0,0.000474355363,-3.04229232e-05,-0.0636584275,
26.48,object_red_01,RED,0,-0.25,0.00794701495,0,0,-2.68027662e-12,0,0,0,0,0,0,0.000474333816,-3.04200941e-05,-0.063624652,
26.52,object_red_01,RED,0,-0.25,0.00794701495,0,0,-3.17848679e-12,0,0,0,0,0,0,0.000474324909,-3.04188534e-05,-0.0635841897,
26.56,object_red_01,RED,0,-0.25,0.00794701495,0,0,-4.00873655e-12,0,0,0,0,0,0,0.000474321246,-3.041838e-05,-0.0635365474,
26.6,object_red_01,RED,0,-0.25,0.00794701495,0,0,-4.69319359e-12,0,0,0,0,0,0,0.000474319745,-3.04182188e-05,-0.0634812591,
26.64,object_red_01,RED,0,-0.25,0.00794701495,0,0,-4.90513763e-12,0,0,0,0,0,0,0.000474319131,-3.04181662e-05,-0.0634178832,
26.68,object_red_01,RED,0,-0.25,0.00794701495,0,0,-5.85743151e-12,0,0,0,0,0,0,0.000474318879,-3.04181475e-05,-0.0633460051,
26.72,object_red_01,RED,0,-0.25,0.00794701495,0,0,-6.15790326e-12,0,0,0,0,0,0,0.000474318774,-3.04181393e-05,-0.0632652353,
26.76,object_red_01,RED,0,-0.25,0.00794701495,0,0,-6.69909609e-12,0,0,0,0,0,0,0.000474318731,-3.04181352e-05,-0.0631752057,
26.8,object_red_01,RED,0,-0.25,0.00794701495,0,0,-7.13544821e-12,0,0,0,0,0,0,0.000474318714,-3.04181332e-05,-0.0630755729,
26.84,object_red_01,RED,0,-0.25,0.00794701495,0,0,-7.90220719e-12,0,0,0,0,0,0,0.000474318706,-3.04181323e-05,-0.0629660184,
26.88,object_red_01,RED,0,-0.25,0.00794701495,0,0,-8.52332513e-12,0,0,0,0,0,0,0.000474318703,-3.04181319e-05,-0.062846246,
26.92,object_red_01,RED,0,-0.25,0.00794701495,0,0,-8.67607523e-12,0,0,0,0,0,0,0.000474318702,-3.04181318e-05,-0.0627159849,
26.96,object_red_01,RED,0,-0.25,0.00794701495,0,0,-9.56582763e-12,0,0,0,0,0,0,0.000474318701,-3.04181317e-05,-0.062574985,
27,object_red_01,RED,0,-0.25,0.00794701495,0,0,-9.80906828e-12,0,0,0,0,0,0,0.000474318701,-3.04181317e-05,-0.0624230256,
27.04,object_red_01,RED,0,-0.25,0.00794701495,0,0,-1.02909048e-11,0,0,0,0,0,0,0.000474318701,-3.04181317e-05,-0.0622598955,
27.08,object_red_01,RED,0,-0.25,0.00794701495,0,0,-1.06701061e-11,0,0,0,0,0,0,0.000474318701,-3.04181317e-05,-0.0620854107,
27.12,object_red_01,RED,0,-0.25,0.00794701495,0,0,-1.13774873e-11,0,0,0,0,0,0,0.000474318701,-3.04181317e-05,-0.0618994068,
27.16,object_red_01,RED,0,-0.25,0.00794701495,0,0,-1.19420594e-11,0,0,0,0,0,0,0.000474318701,-3.04181317e-05,-0.0617017422,
27.2,object_red_01,RED,0,-0.25,0.00794701495,0,0,-1.20410562e-11,0,0,0,0,0,0,0.000474318701,-3.04181317e-05,-0.0614922954,
27.24,object_red_01,RED,0,-0.25,0.00794701495,0,0,-1.28732563e-11,0,0,0,0,0,0,0.000474318701,-3.04181317e-05,-0.0612709639,
27.28,object_red_01,RED,0,-0.25,0.00794701495,0,0,-1.30632504e-11,0,0,0,0,0,0,0.000474318701,-3.04181317e-05,-0.0610376678,
27.32,object_red_01,RED,0,-0.25,0.00794701495,0,0,1.57811383e-11,0,0,0,0,0,0,0.000474318701,-3.04181317e-05,-0.0607923448,
27.36,object_red_01,RED,0,-0.25,0.00794701495,0,0,1.50948611e-11,0,0,0,0,0,0,0.000474318701,-3.04181317e-05,-0.0605349469,
27.4,object_red_01,RED,0,-0.25,0.00794701495,0,0,1.41288416e-11,0,0,0,0,0,0,0.000474318701,-3.04181317e-05,-0.0602654476,
27.44,object_red_01,RED,0,-0.25,0.00794701495,0,0,1.32918468e-11,0,0,0,0,0,0,0.000474318701,-3.04181317e-05,-0.0599838371,
27.48,object_red_01,RED,0,-0.25,0.00794701495,0,0,1.23679767e-11,0,0,0,0,0,0,0.000474318701,-3.04181317e-05,-0.0596901251,
27.52,object_red_01,RED,0,-0.25,0.00794701495,0,0,1.16109569e-11,0,0,0,0,0,0,0.000474318701,-3.04181317e-05,-0.0593843641,
27.56,object_red_01,RED,0,-0.25,0.00794701495,0,0,1.05472861e-11,0,0,0,0,0,0,0.000474318701,-3.04181317e-05,-0.0590665244,
27.6,object_red_01,RED,0,-0.25,0.00794701495,0,0,9.63993771e-12,0,0,0,0,0,0,0.000474318701,-3.04181317e-05,-0.0587367395,
27.64,object_red_01,RED,0,-0.25,0.00794701495,0,0,9.21067324e-12,0,0,0,0,0,0,0.000474318701,-3.04181317e-05,-0.0583950622,
27.68,object_red_01,RED,0,-0.25,0.00794701495,0,0,8.04345894e-12,0,0,0,0,0,0,0.000474318701,-3.04181317e-05,-0.0580415771,
27.72,object_red_01,RED,0,-0.25,0.00794701495,0,0,7.53237253e-12,0,0,0,0,0,0,0.000474318701,-3.04181317e-05,-0.0576763954,
27.76,object_red_01,RED,0,-0.25,0.00794701495,0,0,6.78332194e-12,0,0,0,0,0,0,0.000474318701,-3.04181317e-05,-0.0572996504,
27.8,object_red_01,RED,0,-0.25,0.00794701495,0,0,6.14263269e-12,0,0,0,0,0,0,0.000474318701,-3.04181317e-05,-0.0569114342,
27.84,object_red_01,RED,0,-0.25,0.00794701495,0,0,5.17114222e-12,0,0,0,0,0,0,0.000474318701,-3.04181317e-05,-0.0565119434,
27.88,object_red_01,RED,0,-0.25,0.00794701495,0,0,4.34743407e-12,0,0,0,0,0,0,0.000474318701,-3.04181317e-05,-0.0561013443,
27.92,object_red_01,RED,0,-0.25,0.00794701495,0,0,3.99904223e-12,0,0,0,0,0,0,0.000474318701,-3.04181317e-05,-0.0556797633,
27.96,object_red_01,RED,0,-0.25,0.00794701495,0,0,2.9079487e-12,0,0,0,0,0,0,0.000474318701,-3.04181317e-05,-0.0552474388,
28,object_red_01,RED,0,-0.25,0.00794701495,0,0,2.47401444e-12,0,0,0,0,0,0,0.000474318701,-3.04181317e-05,-0.0548045558,
28.04,object_red_01,RED,0,-0.25,0.00794701495,0,0,1.80027808e-12,0,0,0,0,0,0,0.000474318701,-3.04181317e-05,-0.0543513293,
28.08,object_red_01,RED,0,-0.25,0.00794701495,0,0,1.23306333e-12,0,0,0,0,0,0,0.000474318701,-3.04181317e-05,-0.0538879865,
28.12,object_red_01,RED,0,-0.25,0.00794701495,0,0,3.35234728e-13,0,0,0,0,0,0,0.000474318701,-3.04181317e-05,-0.0534147628,
28.16,object_red_01,RED,0,-0.25,0.00794701495,0,0,-4.1531297e-13,0,0,0,0,0,0,0.000474318701,-3.04181317e-05,-0.0529319322,
28.2,object_red_01,RED,0,-0.25,0.00794701495,0,0,-6.92144973e-13,0,0,0,0,0,0,0.000474318701,-3.04181317e-05,-0.05243969,
28.24,object_red_01,RED,0,-0.25,0.00794701495,0,0,-1.71094706e-12,0,0,0,0,0,0,0.000474318701,-3.04181317e-05,-0.0519383704,
28.28,object_red_01,RED,0,-0.25,0.00794701495,0,0,-2.07483286e-12,0,0,0,0,0,0,0.000474318701,-3.04181317e-05,-0.0514282253,
28.32,object_red_01,RED,0,-0.25,0.00794701495,0,0,-2.67941654e-12,0,0,0,0,0,0,0.000474318701,-3.04181317e-05,-0.0509095502,
28.36,object_red_01,RED,0,-0.25,0.00794701495,0,0,-3.17764812e-12,0,0,0,0,0,0,0.000474318701,-3.04181317e-05,-0.0503826382,
28.4,object_red_01,RED,0,-0.25,0.00794701495,0,0,-4.00767661e-12,0,0,0,0,0,0,0.000474318701,-3.04181317e-05,-0.0498477978,
28.44,object_red_01,RED,0,-0.25,0.00794701495,0,0,-4.69025647e-12,0,0,0,0,0,0,0.000474318701,-3.04181317e-05,-0.0493053435,
28.48,object_red_01,RED,0,-0.25,0.00794701495,0,0,-4.90153493e-12,0,0,0,0,0,0,0.000474318701,-3.04181317e-05,-0.0487556035,
28.52,object_red_01,RED,0,-0.25,0.00794701495,0,0,-5.85421781e-12,0,0,0,0,0,0,0.000474318701,-3.04181317e-05,-0.0481989015,
28.56,object_red_01,RED,0,-0.25,0.00794701495,0,0,-6.15521417e-12,0,0,0,0,0,0,0.000474318701,-3.04181317e-05,-0.0476355808,
28.6,object_red_01,RED,0,-0.25,0.00794701495,0,0,-6.69545056e-12,0,0,0,0,0,0,0.000474318701,-3.04181317e-05,-0.0470659771,
28.64,object_red_01,RED,0,-0.25,0.00794701495,0,0,-7.13093189e-12,0,0,0,0,0,0,0.000474318701,-3.04181317e-05,-0.0464904538,
28.68,object_red_01,RED,0,-0.25,0.00794701495,0,0,-7.8970128e-12,0,0,0,0,0,0,0.000474318701,-3.04181317e-05,-0.045909346,
28.72,object_red_01,RED,0,-0.25,0.00794701495,0,0,-8.51796836e-12,0,0,0,0,0,0,0.000474318701,-3.04181317e-05,-0.0453230366,
28.76,object_red_01,RED,0,-0.25,0.00794701495,0,0,-8.67102002e-12,0,0,0,0,0,0,0.000474318701,-3.04181317e-05,-0.0447318844,
28.8,object_red_01,RED,0,-0.25,0.00794701495,0,0,-9.56136484e-12,0,0,0,0,0,0,0.000474318701,-3.04181317e-05,-0.0441362702,
28.84,object_red_01,RED,0,-0.25,0.00794701495,0,0,-9.80334928e-12,0,0,0,0,0,0,0.000474318701,-3.04181317e-05,-0.0435365521,
28.88,object_red_01,RED,0,-0.25,0.00794701495,0,0,-1.02856426e-11,0,0,0,0,0,0,0.000474318701,-3.04181317e-05,-0.0429331268,
28.92,object_red_01,RED,0,-0.25,0.00794701495,0,0,-1.06633646e-11,0,0,0,0,0,0,0.000474318701,-3.04181317e-05,-0.0423263729,
28.96,object_red_01,RED,0,-0.25,0.00794701495,0,0,-1.13713133e-11,0,0,0,0,0,0,0.000474318701,-3.04181317e-05,-0.0417166775,
29,object_red_01,RED,0,-0.25,0.00794701495,0,0,-1.1934763e-11,0,0,0,0,0,0,0.000474318701,-3.04181317e-05,-0.0411044359,
29.04,object_red_01,RED,0,-0.25,0.00794701495,0,0,-1.20348197e-11,0,0,0,0,0,0,0.000474318701,-3.04181317e-05,-0.0404900315,
29.08,object_red_01,RED,0,-0.25,0.00794701495,0,0,-1.28669948e-11,0,0,0,0,0,0,0.000474318701,-3.04181317e-05,-0.0398738676,
29.12,object_red_01,RED,0,-0.25,0.00794701495,0,0,1.65568871e-11,0,0,0,0,0,0,0.000474318701,-3.04181317e-05,-0.0392563377,
29.16,object_red_01,RED,0,-0.25,0.00794701495,0,0,1.55227534e-11,0,0,0,0,0,0,0.000474318701,-3.04181317e-05,-0.0386378404,
29.2,object_red_01,RED,0,-0.25,0.00794701495,0,0,1.49909661e-11,0,0,0,0,0,0,0.000474318701,-3.04181317e-05,-0.0380187734,
29.24,object_red_01,RED,0,-0.25,0.00794701495,0,0,1.37363876e-11,0,0,0,0,0,0,0.000474318701,-3.04181317e-05,-0.0373995374,
29.28,object_red_01,RED,0,-0.25,0.00794701495,0,0,1.31397445e-11,0,0,0,0,0,0,0.000474318701,-3.04181317e-05,-0.036780531,
29.32,object_red_01,RED,0,-0.25,0.00794701495,0,0,1.23090236e-11,0,0,0,0,0,0,0.000474318701,-3.04181317e-05,-0.0361621559,
29.36,object_red_01,RED,0,-0.25,0.00794701495,0,0,1.15863144e-11,0,0,0,0,0,0,0.000474318701,-3.04181317e-05,-0.0355448082,
29.4,object_red_01,RED,0,-0.25,0.00794701495,0,0,1.05346222e-11,0,0,0,0,0,0,0.000474318701,-3.04181317e-05,-0.0349288868,
29.44,object_red_01,RED,0,-0.25,0.00794701495,0,0,9.63283044e-12,0,0,0,0,0,0,0.000474318701,-3.04181317e-05,-0.0343147865,
29.48,object_red_01,RED,0,-0.25,0.00794701495,0,0,9.20601952e-12,0,0,0,0,0,0,0.000474318701,-3.04181317e-05,-0.0337029061,
29.52,object_red_01,RED,0,-0.25,0.00794701495,0,0,8.03945474e-12,0,0,0,0,0,0,0.000474318701,-3.04181317e-05,-0.0330936354,
29.56,object_red_01,RED,0,-0.25,0.00794701495,0,0,7.52933726e-12,0,0,0,0,0,0,0.000474318701,-3.04181317e-05,-0.0324873632,
29.6,object_red_01,RED,0,-0.25,0.00794701495,0,0,6.77896443e-12,0,0,0,0,0,0,0.000474318701,-3.04181317e-05,-0.0318844791,
29.64,object_red_01,RED,0,-0.25,0.00794701495,0,0,6.13809139e-12,0,0,0,0,0,0,0.000474318701,-3.04181317e-05,-0.0312853547,
29.68,object_red_01,RED,0,-0.25,0.00794701495,0,0,5.16743245e-12,0,0,0,0,0,0,0.000474318701,-3.04181317e-05,-0.0306904011,
29.72,object_red_01,RED,0,-0.25,0.00794701495,0,0,4.34557116e-12,0,0,0,0,0,0,0.000474318701,-3.04181317e-05,-0.030099962,
29.76,object_red_01,RED,0,-0.25,0.00794701495,0,0,3.99805902e-12,0,0,0,0,0,0,0.000474318701,-3.04181317e-05,-0.0295144221,
29.8,object_red_01,RED,0,-0.25,0.00794701495,0,0,2.90813963e-12,0,0,0,0,0,0,0.000474318701,-3.04181317e-05,-0.0289341434,
29.84,object_red_01,RED,0,-0.25,0.00794701495,0,0,2.47357548e-12,0,0,0,0,0,0,0.000474318701,-3.04181317e-05,-0.0283594971,
29.88,object_red_01,RED,0,-0.25,0.00794701495,0,0,1.79977666e-12,0,0,0,0,0,0,0.000474318701,-3.04181317e-05,-0.0277908291,
29.92,object_red_01,RED,0,-0.25,0.00794701495,0,0,1.23211046e-12,0,0,0,0,0,0,0.000474318701,-3.04181317e-05,-0.0272284935,
29.96,object_red_01,RED,0,-0.25,0.00794701495,0,0,3.3491532e-13,0,0,0,0,0,0,0.000474318701,-3.04181317e-05,-0.0266728307,
30,object_red_01,RED,0,-0.25,0.00794701495,0,0,-4.16560266e-13,0,0,0,0,0,0,0.000474318701,-3.04181317e-05,-0.0261241763,
30.04,object_red_01,RED,0,-0.25,0.00794701495,0,0,-6.9060325e-13,0,0,0,0,0,0,0.000474318701,-3.04181317e-05,-0.0255828636,
30.08,object_red_01,RED,0,-0.25,0.00794701495,0,0,-1.71021367e-12,0,0,0,0,0,0,0.000474318701,-3.04181317e-05,-0.0250492099,
30.12,object_red_01,RED,0,-0.25,0.00794701495,0,0,-2.07436178e-12,0,0,0,0,0,0,0.000474318701,-3.04181317e-05,-0.0245235342,
30.16,object_red_01,RED,0,-0.25,0.00794701495,0,0,-2.67780522e-12,0,0,0,0,0,0,0.000474318701,-3.04181317e-05,-0.0240061396,
30.2,object_red_01,RED,0,-0.25,0.00794701495,0,0,-3.17564959e-12,0,0,0,0,0,0,0.000474318701,-3.04181317e-05,-0.0234973213,
30.24,object_red_01,RED,0,-0.25,0.00794701495,0,0,-4.00492328e-12,0,0,0,0,0,0,0.000474318701,-3.04181317e-05,-0.0229973691,
30.28,object_red_01,RED,0,-0.25,0.00794701495,0,0,-4.68821155e-12,0,0,0,0,0,0,0.000474318701,-3.04181317e-05,-0.0225065447,
30.32,object_red_01,RED,0,-0.25,0.00794701495,0,0,-4.89934725e-12,0,0,0,0,0,0,0.000474318701,-3.04181317e-05,-0.0220251536,
30.36,object_red_01,RED,0,-0.25,0.00794701495,0,0,-5.8519195e-12,0,0,0,0,0,0,0.000474318701,-3.04181317e-05,-0.0215534182,
30.4,object_red_01,RED,0,-0.25,0.00794701495,0,0,-6.15182024e-12,0,0,0,0,0,0,0.000474318701,-3.04181317e-05,-0.0210916036,
30.44,object_red_01,RED,0,-0.25,0.00794701495,0,0,-6.69281857e-12,0,0,0,0,0,0,0.000474318701,-3.04181317e-05,-0.0206399396,
30.48,object_red_01,RED,0,-0.25,0.00794701495,0,0,-7.12800547e-12,0,0,0,0,0,0,0.000474318701,-3.04181317e-05,-0.0201986533,
30.52,object_red_01,RED,0,-0.25,0.00794701495,0,0,-7.89367954e-12,0,0,0,0,0,0,0.000474318701,-3.04181317e-05,-0.019767954,
30.56,object_red_01,RED,0,-0.25,0.00794701495,0,0,-8.51454588e-12,0,0,0,0,0,0,0.000474318701,-3.04181317e-05,-0.0193480142,
30.6,object_red_01,RED,0,-0.25,0.00794701495,0,0,-8.66643411e-12,0,0,0,0,0,0,0.000474318701,-3.04181317e-05,-0.0189391091,
30.64,object_red_01,RED,0,-0.25,0.00794701495,0,0,-9.55542636e-12,0,0,0,0,0,0,0.000474318701,-3.04181317e-05,-0.018541327,
30.68,object_red_01,RED,0,-0.25,0.00794701495,0,0,-9.79818522e-12,0,0,0,0,0,0,0.000474318701,-3.04181317e-05,-0.0181548535,
30.72,object_red_01,RED,0,-0.25,0.00794701495,0,0,-1.02804072e-11,0,0,0,0,0,0,0.000474318701,-3.04181317e-05,-0.0177798576,
30.76,object_red_01,RED,0,-0.25,0.00794701495,0,0,-1.06581595e-11,0,0,0,0,0,0,0.000474318701,-3.04181317e-05,-0.0174164508,
30.8,object_red_01,RED,0,-0.25,0.00794701495,0,0,-1.13647949e-11,0,0,0,0,0,0,0.000474318701,-3.04181317e-05,-0.0170647587,
30.84,object_red_01,RED,0,-0.25,0.00794701495,0,0,-1.19290797e-11,0,0,0,0,0,0,0.000474318701,-3.04181317e-05,-0.0167248861,
30.88,object_red_01,RED,0,-0.25,0.00794701495,0,0,-1.25962816e-11,0,0,0,0,0,0,0.000474318701,-3.04181317e-05,-0.0163969176,
30.92,object_red_01,RED,0,-0.25,0.00794701495,0,0,-1.30738462e-11,0,0,0,0,0,0,0.000474318701,-3.04181317e-05,-0.0160808966,
30.96,object_red_01,RED,0,-0.25,0.00794701495,0,0,1.64767014e-11,0,0,0,0,0,0,0.000474318701,-3.04181317e-05,-0.0157769817,
31,object_red_01,RED,0,-0.25,0.00794701495,0,0,1.54852667e-11,0,0,0,0,0,0,0.000474318701,-3.04181317e-05,-0.0154851137,
31.04,object_red_01,RED,0,-0.25,0.00794701495,0,0,1.49703295e-11,0,0,0,0,0,0,0.000474318701,-3.04181317e-05,-0.0152053499,
31.08,object_red_01,RED,0,-0.25,0.00794701495,0,0,1.37232472e-11,0,0,0,0,0,0,0.000474318701,-3.04181317e-05,-0.0149376952,
31.12,object_red_01,RED,0,-0.25,0.00794701495,0,0,1.31297001e-11,0,0,0,0,0,0,0.000474318701,-3.04181317e-05,-0.0146821377,
31.16,object_red_01,RED,0,-0.25,0.00794701495,0,0,1.22998161e-11,0,0,0,0,0,0,0.000474318701,-3.04181317e-05,-0.0144386477,
31.2,object_red_01,RED,0,-0.25,0.00794701495,0,0,1.15762611e-11,0,0,0,0,0,0,0.000474318701,-3.04181317e-05,-0.014207177,
31.24,object_red_01,RED,0,-0.25,0.00794701495,0,0,1.0526364e-11,0,0,0,0,0,0,0.000474318701,-3.04181317e-05,-0.0139876613,
31.28,object_red_01,RED,0,-0.25,0.00794701495,0,0,9.62567143e-12,0,0,0,0,0,0,0.000474318701,-3.04181317e-05,-0.0137800189,
31.32,object_red_01,RED,0,-0.25,0.00794701495,0,0,9.19996505e-12,0,0,0,0,0,0,0.000474318701,-3.04181317e-05,-0.0135841394,
31.36,object_red_01,RED,0,-0.25,0.00794701495,0,0,8.03382495e-12,0,0,0,0,0,0,0.000474318701,-3.04181317e-05,-0.0133999012,
31.4,object_red_01,RED,0,-0.25,0.00794701495,0,0,7.52450332e-12,0,0,0,0,0,0,0.000474318701,-3.04181317e-05,-0.013227157,
31.44,object_red_01,RED,0,-0.25,0.00794701495,0,0,6.77624144e-12,0,0,0,0,0,0,0.000474318701,-3.04181317e-05,-0.0130657386,
31.48,object_red_01,RED,0,-0.25,0.00794701495,0,0,6.1360197e-12,0,0,0,0,0,0,0.000474318701,-3.04181317e-05,-0.0129154589,
31.52,object_red_01,RED,0,-0.25,0.00794701495,0,0,5.1650592e-12,0,0,0,0,0,0,0.000474318701,-3.04181317e-05,-0.0127761132,
31.56,object_red_01,RED,0,-0.25,0.00794701495,0,0,4.34205589e-12,0,0,0,0,0,0,0.000474318701,-3.04181317e-05,-0.0126474649,
31.6,object_red_01,RED,0,-0.25,0.00794701495,0,0,3.99556978e-12,0,0,0,0,0,0,0.000474318701,-3.04181317e-05,-0.0125292689,
31.64,object_red_01,RED,0,-0.25,0.00794701495,0,0,2.90567359e-12,0,0,0,0,0,0,0.000474318701,-3.04181317e-05,-0.0124212465,
31.68,object_red_01,RED,0,-0.25,0.00794701495,0,0,2.4716519e-12,0,0,0,0,0,0,0.000474318701,-3.04181317e-05,-0.0123230975,
31.72,object_red_01,RED,0,-0.25,0.00794701495,0,0,1.79907896e-12,0,0,0,0,0,0,0.000474318701,-3.04181317e-05,-0.0122345003,
31.76,object_red_01,RED,0,-0.25,0.00794701495,0,0,1.23256191e-12,0,0,0,0,0,0,0.000474318701,-3.04181317e-05,-0.0121551073,
31.8,object_red_01,RED,0,-0.25,0.00794701495,0,0,3.35613021e-13,0,0,0,0,0,0,0.000474318701,-3.04181317e-05,-0.0120845492,
31.84,object_red_01,RED,0,-0.25,0.00794701495,0,0,-4.14131696e-13,0,0,0,0,0,0,0.000474318701,-3.04181317e-05,-0.0120224331,
31.88,object_red_01,RED,0,-0.25,0.00794701495,0,0,-6.89768151e-13,0,0,0,0,0,0,0.000474318701,-3.04181317e-05,-0.0119683393,
31.92,object_red_01,RED,0,-0.25,0.00794701495,0,0,-1.7078422e-12,0,0,0,0,0,0,0.000474318701,-3.04181317e-05,-0.0119218225,
31.96,object_red_01,RED,0,-0.25,0.00794701495,0,0,-2.07158168e-12,0,0,0,0,0,0,0.000474318701,-3.04181317e-05,-0.0118824118,
32,object_red_01,RED,0,-0.25,0.00794701495,0,0,-2.67544267e-12,0,0,0,0,0,0,0.000474318701,-3.04181317e-05,-0.0118496092,
32.04,object_red_01,RED,0,-0.25,0.00794701495,0,0,-3.17402935e-12,0,0,0,0,0,0,0.000474318701,-3.04181317e-05,-0.0118228903,
32.08,object_red_01,RED,0,-0.25,0.00794701495,0,0,-4.00403108e-12,0,0,0,0,0,0,0.000474318701,-3.04181317e-05,-0.0118017056,
32.12,object_red_01,RED,0,-0.25,0.00794701495,0,0,-4.68580439e-12,0,0,0,0,0,0,0.000474318701,-3.04181317e-05,-0.0117854775,
32.16,object_red_01,RED,0,-0.25,0.00794701495,0,0,-4.89638336e-12,0,0,0,0,0,0,0.000474318701,-3.04181317e-05,-0.0117736014,
32.2,object_red_01,RED,0,-0.25,0.00794701495,0,0,-5.84927502e-12,0,0,0,0,0,0,0.000474318701,-3.04181317e-05,-0.0117654436,
32.24,object_red_01,RED,0,-0.25,0.00794701495,0,0,-6.14928818e-12,0,0,0,0,0,0,0.000474318701,-3.04181317e-05,-0.0117603414,
32.28,object_red_01,RED,0,-0.25,0.00794701495,0,0,-6.68874835e-12,0,0,0,0,0,0,0.000474318701,-3.04181317e-05,-0.011757604,
32.32,object_red_01,RED,0,-0.25,0.00794701495,0,0,-7.12365688e-12,0,0,0,0,0,0,0.000474318701,-3.04181317e-05,-0.011756511,
32.36,object_red_01,RED,0,-0.25,0.00794701495,0,0,-7.88970568e-12,0,0,0,0,0,0,0.000474318701,-3.04181317e-05,-0.0117563129,
32.4,object_red_01,RED,0,-0.25,0.00794701495,0,0,-8.51020978e-12,0,0,0,0,0,0,0.000474318701,-3.04181328e-05,-0.0117563141,
32.44,object_red_01,RED,0,-0.25,0.00794701495,0,0,-8.6628082e-12,0,0,0,0,0,0,0.00047431872,-3.04181961e-05,-0.0117563141,
32.48,object_red_01,RED,0,-0.25,0.00794701495,0,0,-9.55175406e-12,0,0,0,0,0,0,0.000474318775,-3.04183839e-05,-0.0117563141,
32.52,object_red_01,RED,0,-0.25,0.00794701495,0,0,-9.79424883e-12,0,0,0,0,0,0,0.000474318817,-3.04185255e-05,-0.0117563141,
32.56,object_red_01,RED,0,-0.25,0.00794701495,0,0,-1.02757392e-11,0,0,0,0,0,0,0.00047431886,-3.04186654e-05,-0.0117563141,
32.6,object_red_01,RED,0,-0.25,0.00794701495,0,0,-1.06539858e-11,0,0,0,0,0,0,0.000474318876,-3.04187152e-05,-0.0117563141,
32.64,object_red_01,RED,0,-0.25,0.00794701495,0,0,-1.1773562e-11,0,0,0,0,0,0,0.000474318851,-3.04186249e-05,-0.0117563141,
32.68,object_red_01,RED,0,-0.25,0.00794701495,0,0,-1.20807734e-11,0,0,0,0,0,0,0.000474318867,-3.04186783e-05,-0.0117563141,
32.72,object_red_01,RED,0,-0.25,0.00794701495,0,0,-1.26504917e-11,0,0,0,0,0,0,0.000474318865,-3.04186718e-05,-0.0117563141,
32.76,object_red_01,RED,0,-0.25,0.00794701495,0,0,-1.30919614e-11,0,0,0,0,0,0,0.000474318824,-3.04185332e-05,-0.0117563141,
32.8,object_red_01,RED,0,-0.25,0.00794701495,0,0,1.64633452e-11,0,0,0,0,0,0,0.00047431885,-3.04186227e-05,-0.0117563141,
32.84,object_red_01,RED,0,-0.25,0.00794701495,0,0,1.54781255e-11,0,0,0,0,0,0,0.000474318844,-3.04186039e-05,-0.0117563141,
32.88,object_red_01,RED,0,-0.25,0.00794701495,0,0,1.49645927e-11,0,0,0,0,0,0,0.000474318798,-3.04184474e-05,-0.0117563141,
32.92,object_red_01,RED,0,-0.25,0.00794701495,0,0,1.37164326e-11,0,0,0,0,0,0,0.000474318835,-3.04185737e-05,-0.0117563141,
32.96,object_red_01,RED,0,-0.25,0.00794701495,0,0,1.31225196e-11,0,0,0,0,0,0,0.000474318823,-3.04185331e-05,-0.0117563141,
33,object_red_01,RED,0,-0.25,0.00794701495,0,0,1.22934761e-11,0,0,0,0,0,0,0.000474318775,-3.04183702e-05,-0.0117563141,
33.04,object_red_01,RED,0,-0.25,0.00794701495,0,0,1.15725816e-11,0,0,0,0,0,0,0.000474318821,-3.04185281e-05,-0.0117563141,
33.08,object_red_01,RED,0,-0.25,0.00794701495,0,0,1.05235982e-11,0,0,0,0,0,0,0.0004743188,-3.04184582e-05,-0.0117563141,
33.12,object_red_01,RED,0,-0.25,0.00794701495,0,0,9.62272359e-12,0,0,0,0,0,0,0.000474318754,-3.04183013e-05,-0.0117563141,
33.16,object_red_01,RED,0,-0.25,0.00794701495,0,0,9.19688695e-12,0,0,0,0,0,0,0.000474318808,-3.04184853e-05,-0.0117563141,
33.2,object_red_01,RED,0,-0.25,0.00794701495,0,0,8.03159981e-12,0,0,0,0,0,0,0.000474318777,-3.04183819e-05,-0.0117563141,
33.24,object_red_01,RED,0,-0.25,0.00794701495,0,0,7.52125035e-12,0,0,0,0,0,0,0.000474318736,-3.04182415e-05,-0.0117563141,
33.28,object_red_01,RED,0,-0.25,0.00794701495,0,0,6.77310981e-12,0,0,0,0,0,0,0.000474318795,-3.04184438e-05,-0.0117563141,
33.32,object_red_01,RED,0,-0.25,0.00794701495,0,0,6.13296302e-12,0,0,0,0,0,0,0.000474318754,-3.04183058e-05,-0.0117563141,
33.36,object_red_01,RED,0,-0.25,0.00794701495,0,0,5.16238973e-12,0,0,0,0,0,0,0.000474318721,-3.04181905e-05,-0.0117563141,
33.4,object_red_01,RED,0,-0.25,0.00794701495,0,0,4.34097811e-12,0,0,0,0,0,0,0.000474318782,-3.04184014e-05,-0.0117563141,
33.44,object_red_01,RED,0,-0.25,0.00794701495,0,0,3.99324828e-12,0,0,0,0,0,0,0.000474318731,-3.04182299e-05,-0.0117563141,
33.48,object_red_01,RED,0,-0.25,0.00794701495,0,0,2.90416041e-12,0,0,0,0,0,0,0.000474318707,-3.04181472e-05,-0.0117563141,
33.52,object_red_01,RED,0,-0.25,0.00794701495,0,0,2.47041174e-12,0,0,0,0,0,0,0.000474318769,-3.04183589e-05,-0.0117563141,
33.56,object_red_01,RED,0,-0.25,0.00794701495,0,0,1.79877918e-12,0,0,0,0,0,0,0.000474318709,-3.04181579e-05,-0.0117563141,
33.6,object_red_01,RED,0,-0.25,0.00794701495,0,0,1.23234779e-12,0,0,0,0,0,0,0.000474318696,-3.04181108e-05,-0.0117563141,
33.64,object_red_01,RED,0,-0.25,0.00794701495,0,0,3.34410334e-13,0,0,0,0,0,0,0.000474318756,-3.04183159e-05,-0.0117563141,
33.68,object_red_01,RED,0,-0.25,0.00794701495,0,0,-4.1401571e-13,0,0,0,0,0,0,0.000474318689,-3.04180907e-05,-0.0117563141,
33.72,object_red_01,RED,0,-0.25,0.00794701495,0,0,-6.90551503e-13,0,0,0,0,0,0,0.000474318687,-3.04180806e-05,-0.0117563141,
33.76,object_red_01,RED,0,-0.25,0.00794701495,0,0,-1.70841499e-12,0,0,0,0,0,0,0.000474318742,-3.04182699e-05,-0.0117563141,
33.8,object_red_01,RED,0,-0.25,0.00794701495,0,0,-2.07209737e-12,0,0,0,0,0,0,0.00047431867,-3.0418028e-05,-0.0117563141,
33.84,object_red_01,RED,0,-0.25,0.00794701495,0,0,-2.6755087e-12,0,0,0,0,0,0,0.000474318679,-3.04180555e-05,-0.0117563141,
33.88,object_red_01,RED,0,-0.25,0.00794701495,0,0,-3.17250726e-12,0,0,0,0,0,0,0.000474318728,-3.04182233e-05,-0.0117563141,
33.92,object_red_01,RED,0,-0.25,0.00794701495,0,0,-4.00098511e-12,0,0,0,0,0,0,0.000474318654,-3.04179733e-05,-0.0117563141,
33.96,object_red_01,RED,0,-0.25,0.00794701495,0,0,-4.6838701e-12,0,0,0,0,0,0,0.000474318672,-3.04180338e-05,-0.0117563141,
34,object_red_01,RED,0,-0.25,0.00794701495,0,0,-4.89389234e-12,0,0,0,0,0,0,0.000474318713,-3.04181764e-05,-0.0117563141,
34.04,object_red_01,RED,0,-0.25,0.00794701495,0,0,-5.84550279e-12,0,0,0,0,0,0,0.00047431864,-3.04179262e-05,-0.0117563141,
34.08,object_red_01,RED,0,-0.25,0.00794701495,0,0,-6.14601915e-12,0,0,0,0,0,0,0.000474318666,-3.04180148e-05,-0.0117563141,
34.12,object_red_01,RED,0,-0.25,0.00794701495,0,0,-6.68592899e-12,0,0,0,0,0,0,0.000474318699,-3.04181276e-05,-0.0117563141,
34.16,object_red_01,RED,0,-0.25,0.00794701495,0,0,-7.1211266e-12,0,0,0,0,0,0,0.000474318628,-3.04178862e-05,-0.0117563141,
34.2,object_red_01,RED,0,-0.25,0.00794701495,0,0,-7.8857568e-12,0,0,0,0,0,0,0.000474318661,-3.04179977e-05,-0.0117563141,
34.24,object_red_01,RED,0,-0.25,0.00794701495,0,0,-8.50633585e-12,0,0,0,0,0,0,0.000474318684,-3.04180794e-05,-0.0117563141,
34.28,object_red_01,RED,0,-0.25,0.00794701495,0,0,-8.65819731e-12,0,0,0,0,0,0,0.000474318618,-3.04178546e-05,-0.0117563141,
34.32,object_red_01,RED,0,-0.25,0.00794701495,0,0,-9.54750005e-12,0,0,0,0,0,0,0.000474318656,-3.04179812e-05,-0.0117563141,
34.36,object_red_01,RED,0,-0.25,0.00794701495,0,0,-9.78976106e-12,0,0,0,0,0,0,0.00047431867,-3.0418033e-05,-0.0117563141,
34.4,object_red_01,RED,0,-0.25,0.00794701495,0,0,-1.05700476e-11,0,0,0,0,0,0,0.000474318611,-3.04178309e-05,-0.0117563141,
34.44,object_red_01,RED,0,-0.25,0.00794701495,0,0,-1.07622205e-11,0,0,0,0,0,0,0.00047431865,-3.04179644e-05,-0.0117563141,
34.48,object_red_01,RED,0,-0.25,0.00794701495,0,0,-1.18101832e-11,0,0,0,0,0,0,0.000474318656,-3.04179876e-05,-0.0117563141,
34.52,object_red_01,RED,0,-0.25,0.00794701495,0,0,-1.20907072e-11,0,0,0,0,0,0,0.000474318606,-3.04178138e-05,-0.0117563141,
34.56,object_red_01,RED,0,-0.25,0.00794701495,0,0,-1.26510038e-11,0,0,0,0,0,0,0.000474318645,-3.04179475e-05,-0.0117563141,
34.6,object_red_01,RED,0,-0.25,0.00794701495,0,0,-1.30885122e-11,0,0,0,0,0,0,0.000474318644,-3.04179457e-05,-0.0117563141,
34.64,object_red_01,RED,0,-0.25,0.00794701495,0,0,1.64542911e-11,0,0,0,0,0,0,0.000474318602,-3.0417803e-05,-0.0117563141,
34.68,object_red_01,RED,0,-0.25,0.00794701495,0,0,1.54678117e-11,0,0,0,0,0,0,0.00047431864,-3.04179298e-05,-0.0117563141,
34.72,object_red_01,RED,0,-0.25,0.00794701495,0,0,1.49550729e-11,0,0,0,0,0,0,0.000474318633,-3.04179086e-05,-0.0117563141,
34.76,object_red_01,RED,0,-0.25,0.00794701495,0,0,1.37095716e-11,0,0,0,0,0,0,0.0004743186,-3.04177978e-05,-0.0117563141,
34.8,object_red_01,RED,0,-0.25,0.00794701495,0,0,1.31165722e-11,0,0,0,0,0,0,0.000474318634,-3.04179108e-05,-0.0117563141,
34.84,object_red_01,RED,0,-0.25,0.00794701495,0,0,1.2287775e-11,0,0,0,0,0,0,0.000474318623,-3.04178765e-05,-0.0117563141,
34.88,object_red_01,RED,0,-0.25,0.00794701495,0,0,1.15665878e-11,0,0,0,0,0,0,0.0004743186,-3.04177968e-05,-0.0117563141,
34.92,object_red_01,RED,0,-0.25,0.00794701495,0,0,1.05172743e-11,0,0,0,0,0,0,0.000474318628,-3.04178913e-05,-0.0117563141,
34.96,object_red_01,RED,0,-0.25,0.00794701495,0,0,9.61886037e-12,0,0,0,0,0,0,0.000474318616,-3.0417851e-05,-0.0117563141,
35,object_red_01,RED,0,-0.25,0.00794701495,0,0,9.19242952e-12,0,0,0,0,0,0,0.0004743186,-3.04177987e-05,-0.0117563141,
35.04,object_red_01,RED,0,-0.25,0.00794701495,0,0,8.02838431e-12,0,0,0,0,0,0,0.000474318622,-3.04178716e-05,-0.0117563141,
35.08,object_red_01,RED,0,-0.25,0.00794701495,0,0,7.51846134e-12,0,0,0,0,0,0,0.00047431861,-3.04178328e-05,-0.0117563141,
35.12,object_red_01,RED,0,-0.25,0.00794701495,0,0,6.77169657e-12,0,0,0,0,0,0,0.000474318602,-3.0417803e-05,-0.0117563141,
35.16,object_red_01,RED,0,-0.25,0.00794701495,0,0,6.13140702e-12,0,0,0,0,0,0,0.000474318616,-3.04178516e-05,-0.0117563141,
35.2,object_red_01,RED,0,-0.25,0.00794701495,0,0,5.16096935e-12,0,0,0,0,0,0,0.000474318607,-3.04178217e-05,-0.0117563141,
35.24,object_red_01,RED,0,-0.25,0.00794701495,0,0,4.33814091e-12,0,0,0,0,0,0,0.000474318603,-3.04178084e-05,-0.0117563141,
35.28,object_red_01,RED,0,-0.25,0.00794701495,0,0,3.99038967e-12,0,0,0,0,0,0,0.00047431861,-3.04178327e-05,-0.0117563141,
35.32,object_red_01,RED,0,-0.25,0.00794701495,0,0,2.90205482e-12,0,0,0,0,0,0,0.000474318606,-3.04178182e-05,-0.0117563141,
35.36,object_red_01,RED,0,-0.25,0.00794701495,0,0,2.4699924e-12,0,0,0,0,0,0,0.000474318605,-3.0417814e-05,-0.0117563141,
35.4,object_red_01,RED,0,-0.25,0.00794701495,0,0,1.79706081e-12,0,0,0,0,0,0,0.000474318605,-3.04178154e-05,-0.0117563141,
35.44,object_red_01,RED,0,-0.25,0.00794701495,0,0,1.23130213e-12,0,0,0,0,0,0,0.000474318607,-3.04178219e-05,-0.0117563141,
35.48,object_red_01,RED,0,-0.25,0.00794701495,0,0,3.34999187e-13,0,0,0,0,0,0,0.000474318606,-3.04178193e-05,-0.0117563141,
35.52,object_red_01,RED,0,-0.25,0.00794701495,0,0,-4.14492145e-13,0,0,0,0,0,0,0.000474318601,-3.04178006e-05,-0.0117563141,
35.56,object_red_01,RED,0,-0.25,0.00794701495,0,0,-6.90405182e-13,0,0,0,0,0,0,0.00047431861,-3.04178324e-05,-0.0117563141,
35.6,object_red_01,RED,0,-0.25,0.00794701495,0,0,-1.70705528e-12,0,0,0,0,0,0,0.000474318607,-3.04178239e-05,-0.0117563141,
35.64,object_red_01,RED,0,-0.25,0.00794701495,0,0,-2.07114272e-12,0,0,0,0,0,0,0.000474318597,-3.04177893e-05,-0.0117563141,
35.68,object_red_01,RED,0,-0.25,0.00794701495,0,0,-2.67413114e-12,0,0,0,0,0,0,0.000474318615,-3.04178489e-05,-0.0117563141,
35.72,object_red_01,RED,0,-0.25,0.00794701495,0,0,-3.17135454e-12,0,0,0,0,0,0,0.000474318608,-3.04178275e-05,-0.0117563141,
35.76,object_red_01,RED,0,-0.25,0.00794701495,0,0,-3.99947015e-12,0,0,0,0,0,0,0.000474318595,-3.04177824e-05,-0.0117563141,
35.8,object_red_01,RED,0,-0.25,0.00794701495,0,0,-4.6820286e-12,0,0,0,0,0,0,0.000474318621,-3.04178702e-05,-0.0117563141,
35.84,object_red_01,RED,0,-0.25,0.00794701495,0,0,-4.89233812e-12,0,0,0,0,0,0,0.000474318609,-3.04178301e-05,-0.0117563141,
35.88,object_red_01,RED,0,-0.25,0.00794701495,0,0,-5.84297608e-12,0,0,0,0,0,0,0.000474318595,-3.0417781e-05,-0.0117563141,
35.92,object_red_01,RED,0,-0.25,0.00794701495,0,0,-6.14358523e-12,0,0,0,0,0,0,0.000474318629,-3.04178956e-05,-0.0117563141,
35.96,object_red_01,RED,0,-0.25,0.00794701495,0,0,-6.68288302e-12,0,0,0,0,0,0,0.00047431861,-3.04178319e-05,-0.0117563141,
36,object_red_01,RED,0,-0.25,0.00794701495,0,0,-7.11727765e-12,0,0,0,0,0,0,0.000474318597,-3.04177861e-05,-0.0117563141,
36.04,object_red_01,RED,0,-0.25,0.00794701495,0,0,-8.29642781e-12,0,0,0,0,0,0,0.000474318637,-3.04179242e-05,-0.0117563141,
36.08,object_red_01,RED,0,-0.25,0.00794701495,0,0,-8.65930364e-12,0,0,0,0,0,0,0.00047431861,-3.04178334e-05,-0.0117563141,
36.12,object_red_01,RED,0,-0.25,0.00794701495,0,0,-9.28618341e-12,0,0,0,0,0,0,0.0004743186,-3.04177978e-05,-0.0117563141,
36.16,object_red_01,RED,0,-0.25,0.00794701495,0,0,-9.78185973e-12,0,0,0,0,0,0,0.000474318646,-3.04179539e-05,-0.0117563141,
36.2,object_red_01,RED,0,-0.25,0.00794701495,0,0,-9.87525708e-12,0,0,0,0,0,0,0.000474318611,-3.04178356e-05,-0.0117563141,
36.24,object_red_01,RED,0,-0.25,0.00794701495,0,0,-1.05985338e-11,0,0,0,0,0,0,0.000474318606,-3.04178173e-05,-0.0117563141,
36.28,object_red_01,RED,0,-0.25,0.00794701495,0,0,-1.07683731e-11,0,0,0,0,0,0,0.000474318655,-3.04179847e-05,-0.0117563141,
36.32,object_red_01,RED,0,-0.25,0.00794701495,0,0,-1.18082793e-11,0,0,0,0,0,0,0.000474318612,-3.04178388e-05,-0.0117563141,
36.36,object_red_01,RED,0,-0.25,0.00794701495,0,0,-1.20862604e-11,0,0,0,0,0,0,0.000474318615,-3.0417845e-05,-0.0117563141,
36.4,object_red_01,RED,0,-0.25,0.00794701495,0,0,-1.26444015e-11,0,0,0,0,0,0,0.000474318665,-3.04180158e-05,-0.0117563141,
36.44,object_red_01,RED,0,-0.25,0.00794701495,0,0,-1.30814888e-11,0,0,0,0,0,0,0.000474318614,-3.04178438e-05,-0.0117563141,
36.48,object_red_01,RED,0,-0.25,0.00794701495,0,0,1.64475568e-11,0,0,0,0,0,0,0.000474318625,-3.04178796e-05,-0.0117563141,
36.52,object_red_01,RED,0,-0.25,0.00794701495,0,0,1.54627868e-11,0,0,0,0,0,0,0.000474318673,-3.04180455e-05,-0.0117563141,
36.56,object_red_01,RED,0,-0.25,0.00794701495,0,0,1.49524035e-11,0,0,0,0,0,0,0.000474318616,-3.04178526e-05,-0.0117563141,
36.6,object_red_01,RED,0,-0.25,0.00794701495,0,0,1.37061919e-11,0,0,0,0,0,0,0.000474318638,-3.04179217e-05,-0.0117563141,
36.64,object_red_01,RED,0,-0.25,0.00794701495,0,0,1.3113462e-11,0,0,0,0,0,0,0.000474318682,-3.04180741e-05,-0.0117563141,
36.68,object_red_01,RED,0,-0.25,0.00794701495,0,0,1.22837601e-11,0,0,0,0,0,0,0.000474318621,-3.04178654e-05,-0.0117563141,
36.72,object_red_01,RED,0,-0.25,0.00794701495,0,0,1.15630351e-11,0,0,0,0,0,0,0.000474318652,-3.04179707e-05,-0.0117563141,
36.76,object_red_01,RED,0,-0.25,0.00794701495,0,0,1.05143336e-11,0,0,0,0,0,0,0.00047431869,-3.04181021e-05,-0.0117563141,
36.8,object_red_01,RED,0,-0.25,0.00794701495,0,0,9.61466702e-12,0,0,0,0,0,0,0.000474318626,-3.04178827e-05,-0.0117563141,
36.84,object_red_01,RED,0,-0.25,0.00794701495,0,0,9.18964228e-12,0,0,0,0,0,0,0.000474318668,-3.04180241e-05,-0.0117563141,
36.88,object_red_01,RED,0,-0.25,0.00794701495,0,0,8.02369848e-12,0,0,0,0,0,0,0.000474318698,-3.04181281e-05,-0.0117563141,
36.92,object_red_01,RED,0,-0.25,0.00794701495,0,0,7.51537075e-12,0,0,0,0,0,0,0.000474318633,-3.04179068e-05,-0.0117563141,
36.96,object_red_01,RED,0,-0.25,0.00794701495,0,0,6.76782085e-12,0,0,0,0,0,0,0.000474318686,-3.04180817e-05,-0.0117563141,
37,object_red_01,RED,0,-0.25,0.00794701495,0,0,6.12779004e-12,0,0,0,0,0,0,0.000474318706,-3.04181534e-05,-0.0117563141,
37.04,object_red_01,RED,0,-0.25,0.00794701495,0,0,5.15880844e-12,0,0,0,0,0,0,0.000474318643,-3.04179379e-05,-0.0117563141,
37.08,object_red_01,RED,0,-0.25,0.00794701495,0,0,4.33772158e-12,0,0,0,0,0,0,0.000474318704,-3.04181427e-05,-0.0117563141,
37.12,object_red_01,RED,0,-0.25,0.00794701495,0,0,3.99027011e-12,0,0,0,0,0,0,0.000474318714,-3.04181791e-05,-0.0117563141,
37.16,object_red_01,RED,0,-0.25,0.00794701495,0,0,2.90257051e-12,0,0,0,0,0,0,0.000474318654,-3.04179754e-05,-0.0117563141,
37.2,object_red_01,RED,0,-0.25,0.00794701495,0,0,2.46879507e-12,0,0,0,0,0,0,0.000474318722,-3.04182038e-05,-0.0117563141,
37.24,object_red_01,RED,0,-0.25,0.00794701495,0,0,1.79614898e-12,0,0,0,0,0,0,0.000474318722,-3.0418205e-05,-0.0117563141,
37.28,object_red_01,RED,0,-0.25,0.00794701495,0,0,1.23165187e-12,0,0,0,0,0,0,0.000474318669,-3.04180215e-05,-0.0117563141,
37.32,object_red_01,RED,0,-0.25,0.00794701495,0,0,3.35671906e-13,0,0,0,0,0,0,0.000474318741,-3.04182649e-05,-0.0117563141,
37.36,object_red_01,RED,0,-0.25,0.00794701495,0,0,-4.12921872e-13,0,0,0,0,0,0,0.00047431873,-3.04182328e-05,-0.0117563141,
37.4,object_red_01,RED,0,-0.25,0.00794701495,0,0,-6.88952679e-13,0,0,0,0,0,0,0.000474318685,-3.04180759e-05,-0.0117563141,
37.44,object_red_01,RED,0,-0.25,0.00794701495,0,0,-1.70635579e-12,0,0,0,0,0,0,0.000474318759,-3.04183257e-05,-0.0117563141,
37.48,object_red_01,RED,0,-0.25,0.00794701495,0,0,-2.0706984e-12,0,0,0,0,0,0,0.00047431874,-3.04182636e-05,-0.0117563141,
37.52,object_red_01,RED,0,-0.25,0.00794701495,0,0,-2.67377604e-12,0,0,0,0,0,0,0.000474318704,-3.0418137e-05,-0.0117563141,
37.56,object_red_01,RED,0,-0.25,0.00794701495,0,0,-3.1702946e-12,0,0,0,0,0,0,0.000474318776,-3.0418383e-05,-0.0117563141,
37.6,object_red_01,RED,0,-0.25,0.00794701495,0,0,-3.99793735e-12,0,0,0,0,0,0,0.000474318751,-3.0418299e-05,-0.0117563141,
37.64,object_red_01,RED,0,-0.25,0.00794701495,0,0,-4.68021743e-12,0,0,0,0,0,0,0.000474318724,-3.04182056e-05,-0.0117563141,
37.68,object_red_01,RED,0,-0.25,0.00794701495,0,0,-4.89065186e-12,0,0,0,0,0,0,0.000474318793,-3.04184376e-05,-0.0117563141,
37.72,object_red_01,RED,0,-0.25,0.00794701495,0,0,-5.84214633e-12,0,0,0,0,0,0,0.000474318763,-3.041834e-05,-0.0117563141,
37.76,object_red_01,RED,0,-0.25,0.00794701495,0,0,-6.14212737e-12,0,0,0,0,0,0,0.000474318747,-3.04182813e-05,-0.0117563141,
37.8,object_red_01,RED,0,-0.25,0.00794701495,0,0,-6.68097014e-12,0,0,0,0,0,0,0.000474318809,-3.04184899e-05,-0.0117563141,
37.84,object_red_01,RED,0,-0.25,0.00794701495,0,0,-7.11586797e-12,0,0,0,0,0,0,0.000474318778,-3.04183877e-05,-0.0117563141,
37.88,object_red_01,RED,0,-0.25,0.00794701495,0,0,-8.29434185e-12,0,0,0,0,0,0,0.000474318771,-3.04183613e-05,-0.0117563141,
37.92,object_red_01,RED,0,-0.25,0.00794701495,0,0,-8.65644325e-12,0,0,0,0,0,0,0.000474318823,-3.04185383e-05,-0.0117563141,
37.96,object_red_01,RED,0,-0.25,0.00794701495,0,0,-9.28288584e-12,0,0,0,0,0,0,0.000474318795,-3.04184441e-05,-0.0117563141,
38,object_red_01,RED,0,-0.25,0.00794701495,0,0,-9.78014671e-12,0,0,0,0,0,0,0.000474318796,-3.04184448e-05,-0.0117563141,
38.04,object_red_01,RED,-5.51535567e-12,-0.249999961,0.00794702409,-5.03550783e-10,3.56215303e-06,5.19221977e-07,5.28073342e-16,-4.13758836e-17,2.26107522e-05,0,0.000697816916,0,0.000474322584,-3.0218541e-05,-0.0117563127,
38.08,object_red_01,RED,-3.72739429e-11,-0.249999738,0.00794702967,-9.24692108e-10,6.45702756e-06,6.33409547e-10,2.09138765e-16,-4.62002733e-17,8.37398313e-05,0,0.000864890034,0,0.000474326224,-2.90474497e-05,-0.011756314,
38.12,object_red_01,RED,-7.53383696e-11,-0.249999475,0.00794703359,-9.43120587e-10,6.44276212e-06,1.25763889e-07,1.53937783e-17,1.19384777e-16,7.48713146e-05,0,0.0010497242,0,0.000474328369,-2.79296143e-05,-0.0117563137,
38.16,object_red_01,RED,-1.1051951e-10,-0.249999237,0.00794703689,-8.13439031e-10,5.45365087e-06,5.825332e-08,-4.56135472e-16,-2.51029168e-16,5.76244971e-05,0,0.00112922434,0,0.000474328575,-2.71327214e-05,-0.0117563138,
38.2,object_red_01,RED,-1.39887067e-10,-0.249999041,0.00794703905,-6.54478303e-10,4.3264176e-06,3.78032456e-08,5.9679277e-17,1.46315112e-17,4.24016237e-05,0,0.00121479551,0,0.000474327825,-2.66034467e-05,-0.0117563139,
38.24,object_red_01,RED,-1.63002551e-10,-0.249998889,0.0079470406,-5.05814551e-10,3.30931173e-06,4.33818497e-08,-1.12176937e-16,-1.82621436e-16,3.0401663e-05,0,0.00125659062,0,0.000474326692,-2.62617537e-05,-0.011756314,
38.28,object_red_01,RED,-1.80109732e-10,-0.249998778,0.00794704145,-3.58930689e-10,2.33128276e-06,9.41720444e-09,4.30534809e-16,-1.08594737e-16,2.10778921e-05,0,0.00125350122,0,0.000474325395,-2.60572054e-05,-0.011756314,
38.32,object_red_01,RED,-1.91925741e-10,-0.249998701,0.00794704181,-2.38936474e-10,1.54431993e-06,4.11126287e-09,2.15599022e-17,-6.41259837e-16,1.32440189e-05,0,0.00125950434,0,0.000474324221,-2.59533302e-05,-0.0117563141,
38.36,object_red_01,RED,-1.99651636e-10,-0.249998651,0.00794704206,-1.54218678e-10,9.93692338e-07,6.43204377e-09,-3.61933078e-16,1.12183515e-16,7.91812775e-06,0,0.00125893427,0,0.000474323248,-2.59108976e-05,-0.0117563141,
38.4,object_red_01,RED,0.000102322959,-0.250051782,0.00804738327,0.0353105733,-0.00403351561,-0.00122928224,0.118093808,0.030969343,0.291726432,0.623390608,0.578529602,1,0.000424847735,-0.000149285432,-0.0116947442,0
38.44,object_red_01,RED,0.00132749099,-0.250115849,0.00804324352,0.0187439683,-0.000524609425,-0.000510665299,0.00167990854,0.000394924689,-0.010198013,0.63292611,0.570220458,1,0.000401109947,-0.00153337969,-0.0116645702,0.00138462662
38.48,object_red_01,RED,0.00176114707,-0.250122765,0.008027003,0.00596969852,2.107039e-05,-0.000104699852,1.94877449e-05,2.20317912e-05,0.00524784719,0.619657916,0.580348476,1,0.000401677803,-0.0020047334,-0.0116633172,0.00185585874
38.52,object_red_01,RED,0.00193340792,-0.250114259,0.00802176965,0.00336928661,0.000344526076,-3.04360031e-05,-8.47434579e-06,3.41630097e-05,0.0111687905,0.611384125,0.588554755,1,0.00040212469,-0.00213359282,-0.0116630656,0.00198469032
38.56,object_red_01,RED,0.0020479421,-0.250098307,0.00802358424,0.00246312947,0.000422448039,9.20984126e-05,-8.32045009e-06,3.22103898e-05,0.0105562733,0.605417169,0.5945822,1,0.000402304678,-0.00218471311,-0.0116625763,0.00203580667
38.6,object_red_01,RED,0.00213361443,-0.250081948,0.00802896191,0.00186368429,0.000385017151,0.000177007296,-6.53105104e-06,2.52682464e-05,0.00828143456,0.60058956,0.599412993,1,0.000402296971,-0.00221391149,-0.0116622946,0.00206500419
38.64,object_red_01,RED,0.00219755097,-0.250063751,0.00803165507,0.00134748616,0.000556823564,1.0563648e-05,-4.4602248e-06,1.72561728e-05,0.00565555483,0.59795613,0.602040595,1,0.000402665857,-0.00223330095,-0.0116627708,0.00208437881
38.68,object_red_01,RED,0.00223950577,-0.250047523,0.00804498245,0.000777019758,0.000266662111,0.00044709618,-2.04510771e-06,7.91231769e-06,0.00259319075,0.59657528,0.603422704,1,0.00040224951,-0.00224424527,-0.0116614592,0.00209534611
38.72,object_red_01,RED,0.00225344318,-0.250045886,0.00805579276,-0.000296724199,-0.000285544027,0.000266832669,3.29844195e-06,-1.27613608e-05,-0.00418242051,0.599748073,0.600244233,1,0.000401282271,-0.00224654144,-0.0116621309,0.00209764194
38.76,object_red_01,RED,0.00223142999,-0.250059033,0.00808244693,-0.0005714812,-0.000286797439,0.000727362098,3.45701978e-06,-1.33747989e-05,-0.00438347103,0.600039542,0.599959832,1,0.000401137056,-0.0022401223,-0.0116605135,0.00209125148
38.8,object_red_01,RED,0.00221417692,-0.250067406,0.00811507691,-0.000289809448,-0.000140887975,0.00089510321,1.67654587e-06,-6.48635006e-06,-0.00212584352,0.600053769,0.599946524,1,0.000401419823,-0.00223774216,-0.0116599981,0.00208887712
38.84,object_red_01,RED,0.00220728664,-0.250070975,0.00815436727,-8.35204575e-05,-5.03908614e-05,0.00106688239,5.63557707e-07,-2.18033767e-06,-0.000714586228,0.600026774,0.599973353,1,0.000401598197,-0.00223725078,-0.0116594478,0.00208839309
38.88,object_red_01,RED,0.00220592984,-0.250072077,0.00820075921,-2.69730307e-06,-1.22661817e-05,0.00125091215,1.11809215e-07,-4.32576915e-07,-0.000141773219,0.600007481,0.599992562,1,0.000401676955,-0.00223723511,-0.0116588566,0.00208838661
38.92,object_red_01,RED,0.0022062511,-0.250072287,0.00825472128,1.22508179e-05,-1.16622869e-06,0.00144599862,-6.30875413e-09,2.44078733e-08,7.99946152e-06,0.600000076,0.599999937,1,0.00040170322,-0.00223727696,-0.0116582277,0.00208843907
38.96,object_red_01,RED,0.00220666981,-0.250072286,0.00831669752,7.80115844e-06,4.418415e-07,0.00165128063,-1.42347119e-08,5.50725025e-08,1.80495197e-05,0.599998795,0.600001208,1,0.000401709369,-0.00223729753,-0.0116575637,0.00208847128
39,object_red_01,RED,0.00220686695,-0.250072275,0.00838710782,2.6145249e-06,8.20856884e-08,0.00186588856,-4.12493244e-09,1.59589009e-08,5.23038707e-06,0.599999262,0.600000738,1,0.000401710098,-0.00223730149,-0.0116568669,0.00208848775
39.04,object_red_01,RED,0.00220691442,-0.250072278,0.00846634692,2.45152211e-07,-1.82905972e-07,0.00209023466,1.29059414e-09,-4.99316341e-09,-1.63646486e-06,0.59999976,0.60000024,1,0.000401710093,-0.00223730031,-0.0116561386,0.00208849991
39.08,object_red_01,RED,0.00220690937,-0.250072286,0.00855478644,-2.9906167e-07,-1.89104726e-07,0.00232479451,2.0269151e-09,-7.84190514e-09,-2.5701143e-06,0.599999982,0.600000018,1,0.000401710211,-0.00223729909,-0.0116553796,0.00208851285
39.12,object_red_01,RED,0.00220689824,-0.250072292,0.00865277432,-2.20550565e-07,-1.0951167e-07,0.00256844342,1.22139959e-09,-4.72545732e-09,-1.5487258e-06,0.60000003,0.59999997,1,0.000401710383,-0.00223729876,-0.0116545919,0.00208852752
39.16,object_red_01,RED,0.0022068925,-0.250072295,0.00876063289,-7.79878883e-08,-4.46387398e-08,0.00281987018,4.7741443e-10,-1.84706335e-09,-6.05358365e-07,0.600000022,0.599999978,1,0.000401710508,-0.002237299,-0.0116537782,0.00208854356
39.2,object_red_01,RED,0.00220689113,-0.250072296,0.00887866023,-4.0522781e-09,-1.2592755e-08,0.0030781847,1.12943078e-10,-4.36966254e-10,-1.43211479e-07,0.600000008,0.599999992,1,0.000401710571,-0.00223729943,-0.0116529408,0.00208856058
39.24,object_red_01,RED,0.00220689152,-0.250072296,0.00900713295,1.68102084e-08,-1.70717823e-09,0.00334248994,-7.00503525e-13,2.7103961e-12,8.87992667e-10,0.600000001,0.599999999,1,0.000401710594,-0.00223729989,-0.0116520818,0.00208857841
39.28,object_red_01,RED,0.00220689222,-0.250072296,0.00914630518,1.7048707e-08,4.33166571e-10,0.00361283283,-1.49142163e-11,5.77023007e-11,1.89112689e-08,0.599999999,0.600000001,1,0.000401710601,-0.00223730034,-0.0116512001,0.00208859705
39.32,object_red_01,RED,0.00220689283,-0.250072296,0.00929639669,1.37067984e-08,2.7919404e-10,0.00388597166,-7.04965938e-12,2.72732708e-11,8.93843365e-09,0.599999999,0.600000001,1,0.000401710601,-0.00223730078,-0.0116503083,0.00208861628
39.36,object_red_01,RED,0.00220689334,-0.250072296,0.00945762976,1.17851588e-08,-1.69186746e-11,0.00416657344,-9.72911399e-13,3.76495463e-12,1.23345166e-09,0.6,0.6,1,0.000401710601,-0.00223730122,-0.0116493951,0.00208863635
39.4,object_red_01,RED,0.00220689379,-0.250072296,0.00963018838,1.12860088e-08,-1.03091031e-10,0.00445252471,9.13735316e-13,-3.53581317e-12,-1.15869461e-09,0.6,0.6,1,0.000401710601,-0.00223730168,-0.0116484662,0.00208865718
39.44,object_red_01,RED,0.00220689425,-0.250072296,0.0098142403,1.14000043e-08,-7.73862714e-11,0.00474289386,8.38766909e-13,-3.24313272e-12,-1.06316476e-09,0.6,0.6,1,0.000401710601,-0.00223730214,-0.0116475235,0.00208867874
39.48,object_red_01,RED,0.00220689471,-0.250072296,0.0100099315,1.16336145e-08,-3.58737159e-11,0.00503643884,3.9770011e-13,-1.53892576e-12,-5.04447362e-10,0.6,0.6,1,0.000401710601,-0.0022373026,-0.0116465691,0.002088701
39.52,object_red_01,RED,0.00220689518,-0.250072296,0.010217376,1.17998822e-08,-1.03213088e-11,0.00533352024,1.11999099e-13,-4.3270626e-13,-1.41967666e-10,0.6,0.6,1,0.000401710601,-0.00223730307,-0.0116456047,0.00208872394
39.56,object_red_01,RED,0.00220689565,-0.250072296,0.010436707,1.19521591e-08,-2.5915003e-13,0.00562934123,5.05184946e-15,-1.92437373e-14,-6.52748464e-12,0.6,0.6,1,0.000401710601,-0.00223730355,-0.0116446349,0.00208874745
39.6,object_red_01,RED,0.00220689613,-0.250072296,0.0106679816,1.20411725e-08,2.14621053e-12,0.00592722852,-1.42780828e-14,5.62879278e-14,1.79965611e-11,0.6,0.6,1,0.000401710601,-0.00223730403,-0.0116436588,0.00208877158
39.64,object_red_01,RED,0.00220689662,-0.250072296,0.0109112745,1.21090037e-08,2.20927907e-12,0.00622732266,-9.68587149e-15,3.73061404e-14,1.21710132e-11,0.6,0.6,1,0.000401710601,-0.00223730451,-0.0116426776,0.00208879629
39.68,object_red_01,RED,0.0022068971,-0.250072296,0.0111666365,1.21530303e-08,2.00616046e-12,0.00653018739,-4.98342255e-15,1.73362268e-14,6.06610056e-12,0.6,0.6,1,0.000401710601,-0.002237305,-0.0116416912,0.00208882159
39.72,object_red_01,RED,0.00220689759,-0.250072296,0.0114340987,1.21811497e-08,1.89372869e-12,0.00683398134,-2.42292946e-15,1.05349224e-14,3.26193469e-12,0.6,0.6,1,0.000401710601,-0.00223730548,-0.0116407021,0.00208884744
39.76,object_red_01,RED,0.00220689808,-0.250072296,0.0117136708,1.21901182e-08,1.90833713e-12,0.00713779037,-2.4875374e-15,8.43385241e-15,3.07220498e-12,0.6,0.6,1,0.000401710601,-0.00223730597,-0.0116397124,0.00208887376
39.8,object_red_01,RED,0.00220689856,-0.250072296,0.0120053477,1.21825271e-08,1.93112237e-12,0.00744086009,-2.19450739e-15,1.07759915e-14,3.29908481e-12,0.6,0.6,1,0.000401710601,-0.00223730646,-0.0116387236,0.00208890053
39.84,object_red_01,RED,0.00220689905,-0.250072296,0.0123090767,1.21398068e-08,2.19176763e-12,0.00773642729,-6.09907722e-15,2.41381448e-14,7.59243583e-12,0.6,0.6,1,0.000401710601,-0.00223730695,-0.0116377472,0.00208892743
39.88,object_red_01,RED,0.00220689954,-0.250072296,0.0126248989,1.2151249e-08,1.75373527e-12,0.00804079404,-4.31984824e-16,8.58489758e-16,3.56650608e-13,0.6,0.6,1,0.000401710601,-0.00223730743,-0.0116367575,0.00208895516
39.92,object_red_01,RED,0.00220690002,-0.250072296,0.012952672,1.20563157e-08,2.00228519e-12,0.00833829203,-4.13409984e-15,1.63311454e-14,4.81025322e-12,0.6,0.6,1,0.000401710601,-0.00223730791,-0.0116357822,0.00208898294
39.96,object_red_01,RED,0.0022069005,-0.250072296,0.0132923556,1.19890919e-08,1.80103306e-12,0.00863497212,-1.69367865e-15,5.89356724e-15,1.61072884e-12,0.6,0.6,1,0.000401710601,-0.0022373084,-0.0116348122,0.00208901103
40,object_red_01,RED,0.00220690098,-0.250072296,0.0136438638,1.19269053e-08,1.36067808e-12,0.00893027555,4.39638615e-15,-1.58290911e-14,-5.44264984e-12,0.6,0.6,1,0.000401710601,-0.00223730887,-0.0116338474,0.0020890394
40.04,object_red_01,RED,0.00220690145,-0.250072296,0.0140070846,1.1786987e-08,2.01771535e-12,0.00922302156,-4.37897517e-15,1.69370114e-14,5.6971387e-12,0.6,0.6,1,0.000401710601,-0.00223730935,-0.0116328935,0.0020890679
40.08,object_red_01,RED,0.00220690192,-0.250072296,0.0143819079,1.16705382e-08,1.83134312e-12,0.00951220462,-2.34530261e-15,7.29953794e-15,2.84975523e-12,0.6,0.6,1,0.000401710601,-0.00223730982,-0.0116319484,0.00208909657
40.12,object_red_01,RED,0.00220690239,-0.250072296,0.0147682002,1.15891232e-08,1.04031472e-12,0.00979696731,8.38829378e-15,-3.06359018e-14,-9.95896905e-12,0.6,0.6,1,0.000401710601,-0.00223731028,-0.0116310138,0.00208912533
40.16,object_red_01,RED,0.00220690285,-0.250072296,0.0151657992,1.13808866e-08,2.00271411e-12,0.0100774716,-4.59007756e-15,1.87971546e-14,6.48653504e-12,0.6,0.6,1,0.000401710601,-0.00223731074,-0.0116300951,0.00208915402
40.2,object_red_01,RED,0.0022069033,-0.250072296,0.0155745244,1.1192931e-08,2.13245547e-12,0.010349504,-6.70768056e-15,2.75131862e-14,8.92205037e-12,0.6,0.6,1,0.000401710601,-0.00223731119,-0.0116291973,0.00208918245
40.24,object_red_01,RED,0.00220690374,-0.250072296,0.0159942932,1.10730503e-08,1.65930008e-12,0.0106239113,-1.57460692e-15,5.43366857e-15,1.39079544e-12,0.6,0.6,1,0.000401710601,-0.00223731164,-0.0116282988,0.00208921127
40.28,object_red_01,RED,0.00220690418,-0.250072296,0.0164248237,1.08555391e-08,1.77096188e-12,0.0108922637,-2.96130053e-15,1.15781579e-14,3.87510201e-12,0.6,0.6,1,0.000401710601,-0.00223731208,-0.0116274214,0.0020892398
40.32,object_red_01,RED,0.00220690461,-0.250072296,0.0168659474,1.06581083e-08,1.54079197e-12,0.0111559503,-8.39825057e-16,2.32618444e-15,5.14417103e-13,0.6,0.6,1,0.000401710601,-0.00223731251,-0.0116265596,0.00208926818
40.36,object_red_01,RED,0.00220690503,-0.250072296,0.0173174533,1.04412892e-08,1.69885468e-12,0.0114132753,-3.27949581e-15,1.00454233e-14,3.61662904e-12,0.6,0.6,1,0.000401710601,-0.00223731293,-0.011625717,0.00208929627
40.4,object_red_01,RED,0.00220690545,-0.250072296,0.017779108,1.02014892e-08,1.76629211e-12,0.0116652885,-4.32243249e-15,1.88604568e-14,5.2578616e-12,0.6,0.6,1,0.000401710601,-0.00223731334,-0.0116248926,0.00208932408
40.44,object_red_01,RED,0.00220690585,-0.250072296,0.0182506964,9.98165272e-09,1.59707355e-12,0.01190941,-2.23562214e-15,1.18836067e-14,2.99186602e-12,0.6,0.6,1,0.000401710601,-0.00223731374,-0.011624088,0.00208935154
40.48,object_red_01,RED,0.00220690624,-0.250072296,0.0187319484,9.73021152e-09,1.51485347e-12,0.0121469459,-2.24256082e-15,5.35615523e-15,2.2068364e-12,0.6,0.6,1,0.000401710601,-0.00223731414,-0.0116233051,0.00208937856
40.52,object_red_01,RED,0.00220690663,-0.250072296,0.0192226176,9.51078708e-09,9.66236196e-13,0.0123776703,5.35855677e-15,-2.09551322e-14,-6.35286802e-12,0.6,0.6,1,0.000401710601,-0.00223731452,-0.011622543,0.00208940513
40.56,object_red_01,RED,0.002206907,-0.250072296,0.0197224274,9.19733146e-09,1.54172655e-12,0.0126034065,-3.40906635e-15,1.34181919e-14,3.96790311e-12,0.6,0.6,1,0.000401710601,-0.0022373149,-0.0116218032,0.0020894312
40.6,object_red_01,RED,0.00220690736,-0.250072296,0.0202311148,8.95538039e-09,7.44420628e-13,0.0128227104,7.07581107e-15,-2.56087742e-14,-8.64411586e-12,0.6,0.6,1,0.000401710601,-0.00223731526,-0.011621083,0.00208945683
40.64,object_red_01,RED,0.00220690772,-0.250072296,0.0207483774,8.62509082e-09,1.51805692e-12,0.0130343915,-3.43749785e-15,1.53275832e-14,4.87288438e-12,0.6,0.6,1,0.000401710601,-0.00223731561,-0.0116203899,0.00208948173
40.68,object_red_01,RED,0.00220690805,-0.250072296,0.0212739299,8.33135754e-09,1.26718327e-12,0.013238317,-8.73921375e-16,3.56608109e-15,1.38967771e-12,0.6,0.6,1,0.000401710601,-0.00223731595,-0.0116197196,0.00208950603
40.72,object_red_01,RED,0.00220690838,-0.250072296,0.0218074628,8.02439612e-09,1.23786243e-12,0.0134340452,-1.12915195e-15,4.58855704e-15,1.62650624e-12,0.6,0.6,1,0.000401710601,-0.00223731628,-0.0116190749,0.00208952961
40.76,object_red_01,RED,0.0022069087,-0.250072296,0.022348664,7.72931964e-09,7.10638344e-13,0.0136219664,5.50149844e-15,-1.83762291e-14,-6.29028645e-12,0.6,0.6,1,0.000401710601,-0.00223731659,-0.0116184539,0.0020895525
40.8,object_red_01,RED,0.002206909,-0.250072296,0.0228972041,7.38148275e-09,1.33689826e-12,0.0137996479,-3.85869386e-15,1.52858678e-14,4.79469711e-12,0.6,0.6,1,0.000401710601,-0.00223731689,-0.0116178654,0.00208957437
40.84,object_red_01,RED,0.00220690929,-0.250072296,0.0234527656,7.07855059e-09,5.55410607e-13,0.0139713152,5.66385954e-15,-2.160884e-14,-7.37317501e-12,0.6,0.6,1,0.000401710601,-0.00223731718,-0.0116172983,0.0020895956
40.88,object_red_01,RED,0.00220690956,-0.250072296,0.0240150011,6.71059239e-09,1.19289976e-12,0.0141341575,-3.24269716e-15,1.29504759e-14,3.95920674e-12,0.6,0.6,1,0.000401710601,-0.00223731746,-0.0116167625,0.0020896158
40.92,object_red_01,RED,0.00220690982,-0.250072296,0.0245835803,6.39651117e-09,4.75737762e-13,0.0142890094,5.35658893e-15,-2.00650016e-14,-7.12714001e-12,0.6,0.6,1,0.000401710601,-0.00223731772,-0.0116162511,0.00208963521
40.96,object_red_01,RED,0.00220691007,-0.250072296,0.0251581409,6.01162961e-09,1.07868626e-12,0.0144348181,-3.10772626e-15,1.20871942e-14,3.69920805e-12,0.6,0.6,1,0.000401710601,-0.00223731796,-0.0116157711,0.00208965354
41,object_red_01,RED,0.0022069103,-0.250072296,0.0257383391,5.68262062e-09,4.91653283e-13,0.014571227,3.79798035e-15,-1.4838216e-14,-5.21892899e-12,0.6,0.6,1,0.000401710601,-0.0022373182,-0.0116153184,0.00208967093
41.04,object_red_01,RED,0.00220691052,-0.250072296,0.0263238018,5.29154633e-09,9.12705944e-13,0.0146983795,-2.02420129e-15,7.59650669e-15,2.6248679e-12,0.6,0.6,1,0.000401710601,-0.00223731842,-0.0116148972,0.0020896872
41.08,object_red_01,RED,0.00220691073,-0.250072296,0.0269141704,4.92747781e-09,7.18979082e-13,0.0148157797,-2.07418049e-16,1.1385254e-15,2.54778899e-13,0.6,0.6,1,0.000401710601,-0.00223731862,-0.0116145058,0.0020897024
41.12,object_red_01,RED,0.00220691092,-0.250072296,0.0275090576,4.53752474e-09,8.85891524e-13,0.0149235286,-3.3375903e-15,1.1919596e-14,3.90025383e-12,0.6,0.6,1,0.000401710601,-0.00223731881,-0.0116141471,0.00208971639
41.16,object_red_01,RED,0.00220691109,-0.250072296,0.0281081276,4.18165448e-09,6.53629849e-13,0.0150235166,-1.14199414e-15,4.2171209e-15,9.48117641e-13,0.6,0.6,1,0.000401710601,-0.00223731899,-0.011613814,0.00208972944
41.2,object_red_01,RED,0.00220691125,-0.250072296,0.0287109609,3.78717144e-09,6.46958195e-13,0.0151138065,-1.87205122e-15,6.18305489e-15,1.73387115e-12,0.6,0.6,1,0.000401710601,-0.00223731914,-0.0116135139,0.00208974124
41.24,object_red_01,RED,0.00220691139,-0.250072296,0.0293171897,3.40491932e-09,5.22215391e-13,0.0151941398,3.34921568e-17,2.46607463e-15,5.68240632e-13,0.6,0.6,1,0.000401710601,-0.00223731929,-0.0116132452,0.00208975185
41.28,object_red_01,RED,0.00220691152,-0.250072296,0.0299264235,3.01767375e-09,3.45170449e-13,0.01526515,1.04710332e-15,-5.63741001e-15,-1.42778588e-12,0.6,0.6,1,0.000401710601,-0.00223731942,-0.0116130073,0.00208976127
41.32,object_red_01,RED,0.00220691163,-0.250072296,0.0305382736,2.62077939e-09,4.90834019e-13,0.0153252717,-9.72372213e-16,5.81634108e-15,1.89955552e-12,0.6,0.6,1,0.000401710601,-0.00223731953,-0.0116128036,0.00208976936
41.36,object_red_01,RED,0.00220691173,-0.250072296,0.0311523479,2.23514902e-09,2.26250815e-13,0.0153757716,1.16174419e-15,-4.50362324e-15,-1.59664632e-12,0.6,0.6,1,0.000401710601,-0.00223731963,-0.0116126309,0.00208977623
41.4,object_red_01,RED,0.00220691181,-0.250072296,0.0317682491,1.82916879e-09,3.05963363e-13,0.0154164892,-6.30853112e-16,8.85360846e-16,6.85168343e-13,0.6,0.6,1,0.000401710601,-0.00223731971,-0.011612491,0.00208978182
41.44,object_red_01,RED,0.00220691188,-0.250072296,0.0323855841,1.43142347e-09,2.09776108e-13,0.015447506,-3.80120894e-16,-1.41946847e-15,5.91288079e-14,0.6,0.6,1,0.000401710601,-0.00223731977,-0.011612383,0.00208978614
41.48,object_red_01,RED,0.00220691193,-0.250072296,0.0330039523,1.02792239e-09,1.97890212e-13,0.0154686787,-4.75983536e-16,3.16802421e-15,7.57839067e-13,0.6,0.6,1,0.000401710601,-0.00223731982,-0.0116123076,0.00208978916
41.52,object_red_01,RED,0.00220691196,-0.250072296,0.03362296,6.29647809e-10,1.14504251e-13,0.0154796932,-2.2619566e-16,6.51478285e-16,3.22167708e-13,0.6,0.6,1,0.000401710601,-0.00223731985,-0.0116122645,0.00208979089
41.56,object_red_01,RED,0.00220691198,-0.250072296,0.0342422028,2.26802466e-10,4.28879781e-14,0.015480719,3.34254233e-16,4.04631428e-16,7.90762287e-14,0.6,0.6,1,0.000401710601,-0.00223731987,-0.0116122542,0.00208979132
41.6,object_red_01,RED,0.00220691198,-0.250072296,0.0348612824,-1.75290776e-10,-2.11642184e-14,0.0154717215,1.40048134e-16,-1.25017667e-15,-4.56955888e-14,0.6,0.6,1,0.000401710601,-0.00223731987,-0.0116122766,0.00208979043
41.64,object_red_01,RED,0.00220691196,-0.250072296,0.0354797992,-5.80142608e-10,-4.03476467e-14,0.0154528156,-3.79803045e-16,2.14228878e-15,5.84544807e-13,0.6,0.6,1,0.000401710601,-0.00223731986,-0.0116123316,0.00208978825
41.68,object_red_01,RED,0.00220691193,-0.250072296,0.0360973556,-9.78746202e-10,-1.53395262e-13,0.015424148,1.14551489e-15,-2.01906589e-15,-3.42115913e-13,0.6,0.6,1,0.000401710601,-0.00223731982,-0.0116124188,0.00208978478
41.72,object_red_01,RED,0.00220691188,-0.250072296,0.0367135521,-1.38025913e-09,-2.01653278e-13,0.0153854514,4.15316054e-16,1.86599571e-16,-1.88871594e-13,0.6,0.6,1,0.000401710601,-0.00223731978,-0.0116125386,0.00208978001
41.76,object_red_01,RED,0.00220691182,-0.250072296,0.0373279978,-1.77099853e-09,-3.69279258e-13,0.0153365198,1.541869e-15,-5.5500716e-15,-2.03359919e-12,0.6,0.6,1,0.000401710601,-0.00223731971,-0.0116126904,0.00208977398
41.8,object_red_01,RED,0.00220691174,-0.250072296,0.0379402823,-2.17851429e-09,-3.51634206e-13,0.015277898,-1.17114689e-16,-3.38291368e-15,-8.05895532e-13,0.6,0.6,1,0.000401710601,-0.00223731963,-0.0116128755,0.00208976665
41.84,object_red_01,RED,0.00220691165,-0.250072296,0.0385500284,-2.57038634e-09,-3.26123515e-13,0.0152086759,-2.46700575e-16,2.7343462e-15,5.3898172e-13,0.6,0.6,1,0.000401710601,-0.00223731954,-0.0116130934,0.00208975802
41.88,object_red_01,RED,0.00220691153,-0.250072296,0.0391568379,-2.96284309e-09,-5.30924371e-13,0.0151309199,1.40086389e-15,-5.53957892e-15,-1.93504983e-12,0.6,0.6,1,0.000401710601,-0.00223731943,-0.011613341,0.00208974826
41.92,object_red_01,RED,0.00220691141,-0.250072296,0.039760326,-3.35611306e-09,-4.78381562e-13,0.0150432362,-1.25399615e-16,1.64062063e-15,-1.28260007e-13,0.6,0.6,1,0.000401710601,-0.0022373193,-0.0116136211,0.00208973724
41.96,object_red_01,RED,0.00220691127,-0.250072296,0.040360109,-3.74197371e-09,-5.61832654e-13,0.0149463576,4.81113779e-16,2.69900444e-16,-5.86174258e-13,0.6,0.6,1,0.000401710601,-0.00223731916,-0.0116139319,0.00208972505
42,object_red_01,RED,0.00220691111,-0.250072296,0.040955804,-4.14525213e-09,-3.65753058e-13,0.0148403373,-3.42966576e-15,1.28311563e-14,3.65622966e-12,0.6,0.6,1,0.000401710601,-0.002237319,-0.0116142737,0.0020897117
42.04,object_red_01,RED,0.00220691094,-0.250072296,0.0415470398,-4.50115301e-09,-7.56483836e-13,0.0147241579,1.48586875e-15,-6.5335123e-15,-1.94185039e-12,0.6,0.6,1,0.000401710601,-0.00223731883,-0.0116146459,0.00208969723
42.08,object_red_01,RED,0.00220691075,-0.250072296,0.0421334363,-4.8789653e-09,-7.24080895e-13,0.0145983287,3.44125334e-16,-2.96604605e-15,-4.9616623e-13,0.6,0.6,1,0.000401710601,-0.00223731864,-0.0116150494,0.00208968162
42.12,object_red_01,RED,0.00220691054,-0.250072296,0.0427146445,-5.22170494e-09,-1.10579197e-12,0.0144625386,4.7750377e-15,-1.89939475e-14,-5.94263604e-12,0.6,0.6,1,0.000401710601,-0.00223731844,-0.011615482,0.00208966496
42.16,object_red_01,RED,0.00220691033,-0.250072296,0.0432902575,-5.61679033e-09,-9.43866483e-13,0.0143193468,1.63424145e-15,-6.65530354e-15,-2.40208053e-12,0.6,0.6,1,0.000401710601,-0.00223731822,-0.0116159459,0.0020896472
42.2,object_red_01,RED,0.0022069101,-0.250072296,0.0438599765,-5.93807715e-09,-1.24820458e-12,0.0141651993,5.50888075e-15,-1.89204742e-14,-6.63531548e-12,0.6,0.6,1,0.000401710601,-0.00223731799,-0.0116164385,0.00208962845
42.24,object_red_01,RED,0.00220690985,-0.250072296,0.0444233962,-6.32592462e-09,-1.09537285e-12,0.0140062373,2.27487325e-15,-8.69528521e-15,-3.22159721e-12,0.6,0.6,1,0.000401710601,-0.00223731774,-0.0116169574,0.00208960882
42.28,object_red_01,RED,0.00220690959,-0.250072296,0.0449802232,-6.64565987e-09,-1.16484138e-12,0.0138359631,2.90133072e-15,-1.0760253e-14,-3.67412494e-12,0.6,0.6,1,0.000401710601,-0.00223731748,-0.0116175063,0.00208958821
42.32,object_red_01,RED,0.00220690932,-0.250072296,0.0455300776,-7.01054672e-09,-1.23257948e-12,0.0136602124,2.87469341e-15,-1.29388829e-14,-3.88432426e-12,0.6,0.6,1,0.000401710601,-0.00223731721,-0.011618079,0.00208956684
42.36,object_red_01,RED,0.00220690903,-0.250072296,0.0460726617,-7.32601915e-09,-1.11617696e-12,0.0134718359,1.33698e-15,-2.50437528e-15,-1.28676282e-12,0.6,0.6,1,0.000401710601,-0.00223731692,-0.0116186841,0.00208954444
42.4,object_red_01,RED,0.00220690873,-0.250072296,0.0466076251,-7.66521338e-09,-1.37119533e-12,0.0132789183,3.39741689e-15,-1.52932868e-14,-4.6901919e-12,0.6,0.6,1,0.000401710601,-0.00223731662,-0.0116193102,0.00208952144
42.44,object_red_01,RED,0.00220690841,-0.250072296,0.0471346705,-7.98034539e-09,-1.25818006e-12,0.0130762728,1.95417998e-15,-7.30746502e-15,-2.04319741e-12,0.6,0.6,1,0.000401710601,-0.00223731631,-0.0116199649,0.0020894976
42.48,object_red_01,RED,0.00220690809,-0.250072296,0.0476534846,-8.2928458e-09,-1.26164603e-12,0.0128665141,1.09806647e-15,-5.79346507e-15,-1.38487042e-12,0.6,0.6,1,0.000401710601,-0.00223731598,-0.0116206443,0.00208947307
42.52,object_red_01,RED,0.00220690775,-0.250072296,0.0481637886,-8.55596951e-09,-1.67883658e-12,0.0126480123,5.93720196e-15,-2.4224297e-14,-7.62590138e-12,0.6,0.6,1,0.000401710601,-0.00223731565,-0.0116213481,0.00208944789
42.56,object_red_01,RED,0.0022069074,-0.250072296,0.0486652438,-8.88679333e-09,-1.54916682e-12,0.0124273487,3.96994257e-15,-1.51524001e-14,-4.74177122e-12,0.6,0.6,1,0.000401710601,-0.00223731529,-0.0116220723,0.00208942223
42.6,object_red_01,RED,0.00220690704,-0.250072296,0.0491576445,-9.13584894e-09,-1.78199482e-12,0.0121993678,5.56618369e-15,-2.51795191e-14,-7.98120294e-12,0.6,0.6,1,0.000401710601,-0.00223731493,-0.0116228149,0.00208939617
42.64,object_red_01,RED,0.00220690667,-0.250072296,0.0496406294,-9.45393563e-09,-1.40278079e-12,0.0119604591,1.11502658e-15,-2.88570767e-15,-9.79709899e-13,0.6,0.6,1,0.000401710601,-0.00223731456,-0.0116235901,0.00208936925
42.68,object_red_01,RED,0.00220690628,-0.250072296,0.0501140125,-9.69334676e-09,-1.55778771e-12,0.0117155578,2.56322266e-15,-9.655885e-15,-3.06695302e-12,0.6,0.6,1,0.000401710601,-0.00223731418,-0.0116243827,0.00208934203
42.72,object_red_01,RED,0.00220690589,-0.250072296,0.0505775174,-9.96083892e-09,-1.29417277e-12,0.0114647898,-1.54568209e-15,7.17239114e-15,1.91112373e-12,0.6,0.6,1,0.000401710601,-0.00223731379,-0.0116251959,0.00208931441
42.76,object_red_01,RED,0.00220690549,-0.250072296,0.0510309121,-1.01841668e-08,-1.64227509e-12,0.0112084689,2.4860505e-15,-8.51133556e-15,-3.30101974e-12,0.6,0.6,1,0.000401710601,-0.00223731338,-0.0116260271,0.0020892865
42.8,object_red_01,RED,0.00220690508,-0.250072296,0.0514739654,-1.04152267e-08,-1.52783185e-12,0.010946856,1.33784457e-15,-1.88725814e-15,-8.44571374e-13,0.6,0.6,1,0.000401710601,-0.00223731297,-0.0116268775,0.00208925829
42.84,object_red_01,RED,0.00220690466,-0.250072296,0.0519064648,-1.06309699e-08,-1.68705018e-12,0.0106818139,1.60839631e-15,-8.98333457e-15,-2.95046332e-12,0.6,0.6,1,0.000401710601,-0.00223731255,-0.0116277424,0.00208922996
42.88,object_red_01,RED,0.00220690423,-0.250072296,0.0523282103,-1.0836401e-08,-1.64829589e-12,0.0104124119,1.54148857e-15,-5.93492856e-15,-1.78300034e-12,0.6,0.6,1,0.000401710601,-0.00223731212,-0.0116286231,0.00208920147
42.92,object_red_01,RED,0.00220690379,-0.250072296,0.0527390051,-1.10761408e-08,-1.09908329e-12,0.0101370861,-5.98550342e-15,2.38500561e-14,7.8350743e-12,0.6,0.6,1,0.000401710601,-0.00223731168,-0.0116295211,0.0020891728
42.96,object_red_01,RED,0.00220690334,-0.250072296,0.0531386823,-1.11979368e-08,-1.89999014e-12,0.00985579753,4.15936499e-15,-1.40249801e-14,-5.21802881e-12,0.6,0.6,1,0.000401710601,-0.00223731124,-0.0116304329,0.00208914409
43,object_red_01,RED,0.00220690289,-0.250072296,0.0535270986,-1.13120144e-08,-2.38646921e-12,0.00956930779,1.05967119e-14,-3.82136845e-14,-1.28206542e-11,0.6,0.6,1,0.000401710601,-0.00223731079,-0.0116313565,0.00208911541
43.04,object_red_01,RED,0.00220690243,-0.250072296,0.0539040114,-1.15276374e-08,-1.95990319e-12,0.00928198354,3.51512579e-15,-1.58726842e-14,-5.29881911e-12,0.6,0.6,1,0.000401710601,-0.00223731033,-0.0116322969,0.00208908663
43.08,object_red_01,RED,0.00220690197,-0.250072296,0.0542693801,-1.16501396e-08,-1.88887733e-12,0.00899062003,3.35490004e-15,-1.07955452e-14,-3.94302046e-12,0.6,0.6,1,0.000401710601,-0.00223730986,-0.0116332458,0.00208905802
43.12,object_red_01,RED,0.0022069015,-0.250072296,0.0546230682,-1.17472945e-08,-2.09819049e-12,0.00869587209,5.5328415e-15,-1.93911086e-14,-7.10840868e-12,0.6,0.6,1,0.000401710601,-0.0022373094,-0.0116342035,0.00208902958
43.16,object_red_01,RED,0.00220690103,-0.250072296,0.0549649277,-1.18883394e-08,-1.96735931e-12,0.00840290119,3.83409544e-15,-1.39482154e-14,-4.6166735e-12,0.6,0.6,1,0.000401710601,-0.00223730892,-0.0116351672,0.0020890014
43.2,object_red_01,RED,0.00220690055,-0.250072296,0.0552949078,-1.19773545e-08,-1.85772682e-12,0.00810577768,1.88640337e-15,-6.86913341e-15,-2.58179319e-12,0.6,0.6,1,0.000401710601,-0.00223730845,-0.0116361387,0.00208897344
43.24,object_red_01,RED,0.00220690007,-0.250072296,0.0556129209,-1.20536376e-08,-1.85552063e-12,0.00780715558,2.10453586e-15,-6.12540944e-15,-2.33465005e-12,0.6,0.6,1,0.000401710601,-0.00223730796,-0.0116371154,0.00208894579
43.28,object_red_01,RED,0.00220689959,-0.250072296,0.055918893,-1.21607026e-08,-1.40327173e-12,0.007503197,-4.22667416e-15,1.60365623e-14,5.38828583e-12,0.6,0.6,1,0.000401710601,-0.00223730748,-0.0116381021,0.00208891832
43.32,object_red_01,RED,0.0022068991,-0.250072296,0.0562127997,-1.21469862e-08,-2.1087421e-12,0.00719934714,5.72346781e-15,-1.89252382e-14,-6.42570628e-12,0.6,0.6,1,0.000401710601,-0.002237307,-0.0116390894,0.00208889129
43.36,object_red_01,RED,0.00220689861,-0.250072296,0.0564946025,-1.21788792e-08,-1.90413017e-12,0.00689593392,2.26393018e-15,-7.56926671e-15,-2.9193732e-12,0.6,0.6,1,0.000401710601,-0.00223730651,-0.0116400786,0.00208886468
43.4,object_red_01,RED,0.00220689813,-0.250072296,0.056764295,-1.21905173e-08,-1.91174064e-12,0.00659335476,2.08312771e-15,-7.70024242e-15,-2.98400144e-12,0.6,0.6,1,0.000401710601,-0.00223730602,-0.0116410676,0.00208883855
43.44,object_red_01,RED,0.00220689764,-0.250072296,0.0570218877,-1.21842498e-08,-1.90671443e-12,0.0062923366,3.0005412e-15,-8.52664874e-15,-2.9249385e-12,0.6,0.6,1,0.000401710601,-0.00223730553,-0.0116420542,0.00208881294
43.48,object_red_01,RED,0.00220689715,-0.250072296,0.057267408,-1.21576042e-08,-1.91056472e-12,0.00599264515,2.72938384e-15,-8.69502258e-15,-3.01722825e-12,0.6,0.6,1,0.000401710601,-0.00223730505,-0.0116430374,0.00208878789
43.52,object_red_01,RED,0.00220689667,-0.250072296,0.0575008968,-1.21132119e-08,-1.89332785e-12,0.00569266457,2.16768832e-15,-9.12444952e-15,-2.81485053e-12,0.6,0.6,1,0.000401710601,-0.00223730456,-0.0116440179,0.00208876336
43.56,object_red_01,RED,0.00220689618,-0.250072296,0.0577224175,-1.2048129e-08,-1.90646841e-12,0.0053936132,3.05984451e-15,-1.00918751e-14,-3.14862851e-12,0.6,0.6,1,0.000401710601,-0.00223730408,-0.0116449936,0.00208873941
43.6,object_red_01,RED,0.0022068957,-0.250072296,0.0579320479,-1.19840591e-08,-1.53995753e-12,0.00509614394,-2.18584571e-15,7.34040173e-15,2.70502849e-12,0.6,0.6,1,0.000401710601,-0.0022373036,-0.0116459645,0.00208871603
43.64,object_red_01,RED,0.00220689523,-0.250072296,0.0581298982,-1.18550672e-08,-2.05591491e-12,0.00480219679,4.81656971e-15,-1.90228534e-14,-6.10229209e-12,0.6,0.6,1,0.000401710601,-0.00223730312,-0.0116469238,0.00208869337
43.68,object_red_01,RED,0.00220689476,-0.250072296,0.0583160841,-1.17348712e-08,-1.90214279e-12,0.00451211007,2.59040731e-15,-1.24810828e-14,-3.81047205e-12,0.6,0.6,1,0.000401710601,-0.00223730265,-0.0116478734,0.00208867137
43.72,object_red_01,RED,0.00220689429,-0.250072296,0.0584907502,-1.15935357e-08,-1.86389259e-12,0.00422670696,2.90840807e-15,-1.00819199e-14,-3.49086489e-12,0.6,0.6,1,0.000401710601,-0.00223730218,-0.0116488101,0.00208865009
43.76,object_red_01,RED,0.00220689383,-0.250072296,0.0586540606,-1.14316068e-08,-1.82500714e-12,0.00394676674,2.47091649e-15,-1.06783192e-14,-3.1943783e-12,0.6,0.6,1,0.000401710601,-0.00223730172,-0.0116497317,0.00208862957
43.8,object_red_01,RED,0.00220689337,-0.250072296,0.0588061988,-1.1246443e-08,-1.80380422e-12,0.00367055246,3.03324034e-15,-9.15397631e-15,-3.2866943e-12,0.6,0.6,1,0.000401710601,-0.00223730127,-0.0116506385,0.00208860977
43.84,object_red_01,RED,0.00220689293,-0.250072296,0.0589473768,-1.10148656e-08,-1.81501271e-12,0.00339568482,3.34393058e-15,-1.24973826e-14,-4.08219606e-12,0.6,0.6,1,0.000401710601,-0.00223730082,-0.011651533,0.00208859063
43.88,object_red_01,RED,0.00220689249,-0.250072296,0.0590777928,-1.08043688e-08,-2.08861339e-12,0.0031316965,7.16139088e-15,-2.81522649e-14,-9.07090249e-12,0.6,0.6,1,0.000401710601,-0.00223730039,-0.0116524017,0.0020885724
43.92,object_red_01,RED,0.00220689206,-0.250072296,0.0591977239,-1.05514519e-08,-1.78983526e-12,0.00287172124,4.21869775e-15,-1.49379394e-14,-4.75079348e-12,0.6,0.6,1,0.000401710601,-0.00223729996,-0.0116532534,0.00208855488
43.96,object_red_01,RED,0.00220689165,-0.250072296,0.0593074331,-1.02803627e-08,-1.70046865e-12,0.00261915022,3.43764805e-15,-1.04366414e-14,-3.90044132e-12,0.6,0.6,1,0.000401710601,-0.00223729954,-0.0116540823,0.00208853816
44,object_red_01,RED,0.00220689124,-0.250072296,0.0594072162,-9.98512187e-09,-1.66694422e-12,0.00237508836,3.68178215e-15,-1.21033142e-14,-4.01501646e-12,0.6,0.6,1,0.000401710601,-0.00223729914,-0.0116548858,0.00208852226
44.04,object_red_01,RED,0.00220689085,-0.250072296,0.0594973933,-9.66467653e-09,-1.63250104e-12,0.00214008174,3.68561597e-15,-1.39604286e-14,-4.15551067e-12,0.6,0.6,1,0.000401710601,-0.00223729874,-0.0116556617,0.00208850721
44.08,object_red_01,RED,0.00220689047,-0.250072296,0.059578305,-9.32084888e-09,-1.57375766e-12,0.00191392263,2.95276697e-15,-1.1566209e-14,-3.93692588e-12,0.6,0.6,1,0.000401710601,-0.00223729837,-0.011656409,0.00208849298
44.12,object_red_01,RED,0.00220689011,-0.250072296,0.0596503165,-8.9519208e-09,-1.52384349e-12,0.00169603711,3.64352435e-15,-1.09164013e-14,-3.95492248e-12,0.6,0.6,1,0.000401710601,-0.002237298,-0.0116571267,0.00208847956
44.16,object_red_01,RED,0.00220688976,-0.250072296,0.0597138174,-8.55658807e-09,-1.49382228e-12,0.00148749825,3.65265667e-15,-1.49712951e-14,-4.39297724e-12,0.6,0.6,1,0.000401710601,-0.00223729765,-0.0116578128,0.00208846697
44.2,object_red_01,RED,0.00220688942,-0.250072296,0.0597692226,-8.13670303e-09,-1.44903493e-12,0.00128958442,3.99431321e-15,-1.58153218e-14,-4.66413031e-12,0.6,0.6,1,0.000401710601,-0.00223729732,-0.0116584648,0.00208845521
44.24,object_red_01,RED,0.0022068891,-0.250072296,0.0598169738,-7.69212504e-09,-1.39249617e-12,0.00110335747,3.31260593e-15,-1.34351538e-14,-4.76664131e-12,0.6,0.6,1,0.000401710601,-0.002237297,-0.01165908,0.00208844429
44.28,object_red_01,RED,0.00220688881,-0.250072296,0.0598575382,-7.22168282e-09,-1.33185642e-12,0.000929562021,3.82768508e-15,-1.39117867e-14,-4.84643975e-12,0.6,0.6,1,0.000401710601,-0.0022372967,-0.011659656,0.00208843424
44.32,object_red_01,RED,0.00220688853,-0.250072296,0.0598914083,-6.72613342e-09,-1.24896273e-12,0.000768937973,4.27825018e-15,-1.51050051e-14,-4.62652177e-12,0.6,0.6,1,0.000401710601,-0.00223729642,-0.0116601908,0.00208842504
44.36,object_red_01,RED,0.00220688827,-0.250072296,0.0599191044,-6.20398003e-09,-1.16540502e-12,0.000622128278,3.40033643e-15,-1.50414182e-14,-4.44064493e-12,0.6,0.6,1,0.000401710601,-0.00223729616,-0.0116606819,0.00208841672
44.4,object_red_01,RED,0.00220688803,-0.250072296,0.0599411714,-5.65310669e-09,-1.10060293e-12,0.000488307168,3.77658509e-15,-1.22357945e-14,-4.66664957e-12,0.6,0.6,1,0.000401710601,-0.00223729593,-0.0116611285,0.00208840924
44.44,object_red_01,RED,0.00220688782,-0.250072296,0.0599581811,-5.07526101e-09,-1.02401755e-12,0.000368761252,2.89157866e-15,-1.44688882e-14,-4.75589203e-12,0.6,0.6,1,0.000401710601,-0.00223729571,-0.0116615282,0.00208840263
44.48,object_red_01,RED,0.00220688763,-0.250072296,0.0599707348,-4.46915737e-09,-9.50104304e-13,0.000264520764,4.04966059e-15,-1.6816535e-14,-4.94942293e-12,0.6,0.6,1,0.000401710601,-0.00223729552,-0.0116618784,0.0020883969
44.52,object_red_01,RED,0.00220688746,-0.250072296,0.059979461,-3.83486612e-09,-8.7236285e-13,0.000176442722,3.51248728e-15,-1.75246256e-14,-5.12005623e-12,0.6,0.6,1,0.000401710601,-0.00223729536,-0.0116621766,0.00208839207
44.56,object_red_01,RED,0.00220688732,-0.250072296,0.0599850175,-3.17270539e-09,-7.83800565e-13,0.000105404504,4.2857681e-15,-1.46299601e-14,-5.11919731e-12,0.6,0.6,1,0.000401710601,-0.00223729522,-0.0116624203,0.00208838814
44.6,object_red_01,RED,0.00220688721,-0.250072296,0.0599880907,-2.48154309e-09,-6.90355935e-13,5.20645479e-05,4.0130853e-15,-1.59101707e-14,-5.10654471e-12,0.6,0.6,1,0.000401710601,-0.0022372951,-0.0116626071,0.00208838514
44.64,object_red_01,RED,0.00220688712,-0.250072296,0.0599893957,-1.76087092e-09,-5.87672121e-13,1.69991819e-05,3.80506445e-15,-1.54474176e-14,-5.10918692e-12,0.6,0.6,1,0.000401710601,-0.00223729502,-0.0116627347,0.0020883831
44.68,object_red_01,RED,0.00220688707,-0.250072296,0.0599896768,-1.01031584e-09,-4.80827976e-13,7.19468229e-07,3.68917121e-15,-1.44663135e-14,-5.14751478e-12,0.6,0.6,1,0.000401710601,-0.00223729496,-0.011662801,0.00208838203
44.72,object_red_01,RED,0.00220688704,-0.250072296,0.0599896711,-2.73461822e-10,1.15321061e-13,1.96096356e-08,-2.40026464e-15,8.45475433e-15,2.87825649e-12,0.6,0.6,1,0.000401710601,-0.00223729494,-0.0116628116,0.00208838184
44.76,object_red_01,RED,0.00220688704,-0.250072296,0.0599896713,3.76357249e-10,-1.51407697e-08,-2.66236432e-10,-4.77594023e-14,1.84539655e-13,6.09153158e-11,0.6,0.6,1,0.000401710579,-0.00223729494,-0.0116628117,0.00208838184
44.8,object_red_01,RED,0.00220688715,-0.2500723,0.0599896713,6.56711789e-09,-2.39193212e-07,-3.97960442e-11,-1.33557351e-11,5.16710773e-11,1.69349055e-08,0.600000002,0.599999998,1,0.00040171017,-0.00223729494,-0.0116628117,0.00208838184
44.84,object_red_01,RED,0.00220688774,-0.250072322,0.0599896713,2.45755784e-08,-9.00163927e-07,-1.38998452e-12,-6.66633208e-11,2.57912619e-10,8.45286567e-08,0.600000005,0.599999995,1,0.000401708842,-0.00223729495,-0.0116628117,0.00208838187
44.88,object_red_01,RED,0.00220688929,-0.250072381,0.0599896713,5.37035801e-08,-2.10130719e-06,-1.42932702e-14,-1.58779581e-10,6.14298942e-10,2.01331204e-07,0.600000006,0.599999993,1,0.000401706324,-0.00223729496,-0.0116628117,0.00208838191
44.92,object_red_01,RED,0.00220689217,-0.250072499,0.0599896713,9.04655703e-08,-3.8828264e-06,3.86301209e-15,-2.74305898e-10,1.06125926e-09,3.47818485e-07,0.600000008,0.599999992,1,0.000401702507,-0.00223729498,-0.0116628117,0.00208838197
44.96,object_red_01,RED,0.00220689663,-0.250072701,0.0599896713,1.32115932e-07,-6.26184382e-06,2.21422538e-15,-4.00176946e-10,1.54824056e-09,5.07422105e-07,0.600000008,0.599999992,1,0.000401697348,-0.00223729501,-0.0116628117,0.00208838206
45,object_red_01,RED,0.00220690283,-0.250073011,0.0599896713,1.77180267e-07,-9.24054653e-06,2.1035925e-15,-5.29569313e-10,2.04884447e-09,6.71490542e-07,0.600000009,0.599999991,1,0.000401690837,-0.00223729505,-0.0116628117,0.00208838217
45.04,object_red_01,RED,0.00220691089,-0.250073452,0.0599896713,2.25185655e-07,-1.28212963e-05,1.99831283e-15,-6.59588865e-10,2.55187345e-09,8.363535e-07,0.600000009,0.59999999,1,0.00040168297,-0.00223729508,-0.0116628117,0.00208838229
45.08,object_red_01,RED,0.00220692093,-0.250074048,0.0599896713,2.75955988e-07,-1.70009015e-05,2.14463373e-15,-7.89300695e-10,3.05371572e-09,1.00082801e-06,0.60000001,0.59999999,1,0.000401673752,-0.00223729512,-0.0116628117,0.00208838243
45.12,object_red_01,RED,0.00220693306,-0.250074824,0.0599896713,3.29473286e-07,-2.17766648e-05,2.01972565e-15,-9.18682979e-10,3.55428292e-09,1.16488412e-06,0.60000001,0.599999989,1,0.000401663189,-0.00223729517,-0.0116628117,0.00208838259
45.16,object_red_01,RED,0.00220694738,-0.250075804,0.0599896713,3.85756252e-07,-2.71483217e-05,2.18389056e-15,-1.04725776e-09,4.05172367e-09,1.32791581e-06,0.600000011,0.599999989,1,0.000401651284,-0.00223729521,-0.0116628117,0.00208838277
45.2,object_red_01,RED,0.00220696401,-0.25007701,0.0599896713,4.44717218e-07,-3.31089335e-05,2.06612008e-15,-1.1755385e-09,4.5480267e-09,1.4905748e-06,0.600000011,0.599999988,1,0.000401638047,-0.00223729526,-0.0116628117,0.00208838297
45.24,object_red_01,RED,0.00220698306,-0.250078466,0.0599896713,5.06397886e-07,-3.96600522e-05,2.20173457e-15,-1.30294035e-09,5.04093215e-09,1.65212057e-06,0.600000012,0.599999988,1,0.000401623481,-0.00223729531,-0.0116628117,0.00208838318
45.28,object_red_01,RED,0.00220700462,-0.250080197,0.0599896713,5.70704534e-07,-4.6794978e-05,2.11073011e-15,-1.42993991e-09,5.5322789e-09,1.81315427e-06,0.600000012,0.599999987,1,0.000401607595,-0.00223729537,-0.0116628117,0.00208838341
45.32,object_red_01,RED,0.00220702881,-0.250082225,0.0599896713,6.37611873e-07,-5.4512078e-05,2.26775741e-15,-1.55625293e-09,6.0209676e-09,1.97331834e-06,0.600000013,0.599999987,1,0.000401590395,-0.00223729542,-0.0116628117,0.00208838366
45.36,object_red_01,RED,0.00220705573,-0.250084574,0.0599896713,7.0714343e-07,-6.28109766e-05,2.13749613e-15,-1.6818416e-09,6.50685845e-09,2.13256439e-06,0.600000013,0.599999986,1,0.000401571886,-0.00223729548,-0.0116628117,0.00208838393
45.4,object_red_01,RED,0.00220708549,-0.250087266,0.0599896713,7.79125002e-07,-7.16828286e-05,2.02329445e-15,-1.80698254e-09,6.99101383e-09,2.29124185e-06,0.600000014,0.599999986,1,0.000401552078,-0.00223729555,-0.0116628117,0.00208838421
45.44,object_red_01,RED,0.00220711817,-0.250090325,0.0599896713,8.53686507e-07,-8.11328364e-05,2.16069334e-15,-1.93128498e-09,7.47192428e-09,2.4488565e-06,0.600000014,0.599999985,1,0.000401530971,-0.00223729561,-0.0116628117,0.00208838451
45.48,object_red_01,RED,0.00220715389,-0.250093774,0.0599896713,9.30579405e-07,-9.11491791e-05,2.03578526e-15,-2.05512516e-09,7.95104903e-09,2.60588528e-06,0.600000015,0.599999985,1,0.00040150858,-0.00223729568,-0.0116628117,0.00208838482
45.52,object_red_01,RED,0.00220719273,-0.250097635,0.0599896713,1.00991758e-06,-0.000101736271,2.19102816e-15,-2.17832776e-09,8.42770798e-09,2.76210573e-06,0.600000015,0.599999985,1,0.000401484902,-0.00223729575,-0.0116628117,0.00208838516
45.56,object_red_01,RED,0.00220723479,-0.250101931,0.0599896713,1.09152965e-06,-0.000112887117,2.07147328e-15,-2.30074658e-09,8.90132959e-09,2.91733151e-06,0.600000016,0.599999984,1,0.000401459952,-0.00223729582,-0.0116628117,0.00208838551
45.6,object_red_01,RED,0.00220728016,-0.250106685,0.0599896713,1.17537757e-06,-0.000124598582,2.2427758e-15,-2.42290359e-09,9.37394051e-09,3.07222488e-06,0.600000016,0.599999984,1,0.000401433731,-0.00223729589,-0.0116628117,0.00208838588
45.64,object_red_01,RED,0.00220732894,-0.250111919,0.0599896713,1.26144976e-06,-0.000136872453,2.11073011e-15,-2.5439315e-09,9.84218277e-09,3.22568736e-06,0.600000016,0.599999983,1,0.000401406244,-0.00223729597,-0.0116628117,0.00208838626
45.68,object_red_01,RED,0.00220738119,-0.250117655,0.0599896713,1.34955281e-06,-0.000149698394,2.00545044e-15,-2.66485322e-09,1.03100199e-08,3.37901627e-06,0.600000017,0.599999983,1,0.000401377503,-0.00223729605,-0.0116628117,0.00208838666
45.72,object_red_01,RED,0.00220743702,-0.250123915,0.0599896713,1.43972353e-06,-0.000163080782,2.17496855e-15,-2.78474923e-09,1.07738851e-08,3.53104402e-06,0.600000017,0.599999982,1,0.000401347509,-0.00223729613,-0.0116628117,0.00208838708
45.76,object_red_01,RED,0.00220749649,-0.250130722,0.0599896713,1.53179021e-06,-0.000177011544,2.06433568e-15,-2.90427653e-09,1.12363211e-08,3.68260357e-06,0.600000017,0.599999982,1,0.000401316271,-0.00223729621,-0.0116628117,0.00208838752
45.8,object_red_01,RED,0.00220755968,-0.250138098,0.0599896713,1.62564363e-06,-0.00019148762,2.21244098e-15,-3.02327974e-09,1.16967318e-08,3.83349895e-06,0.600000017,0.599999982,1,0.000401283796,-0.00223729629,-0.0116628117,0.00208838797
45.84,object_red_01,RED,0.00220762666,-0.250146063,0.0599896713,1.72133862e-06,-0.000206513645,2.07325768e-15,-3.14127125e-09,1.21532242e-08,3.98311052e-06,0.600000018,0.599999981,1,0.000401250082,-0.00223729638,-0.0116628117,0.00208838843
45.88,object_red_01,RED,0.0022076975,-0.250154641,0.0599896713,1.81850823e-06,-0.000222073712,1.98582202e-15,-3.25916695e-09,1.26093519e-08,4.13260186e-06,0.600000018,0.599999981,1,0.000401215149,-0.00223729647,-0.0116628117,0.00208838892
45.92,object_red_01,RED,0.00220777226,-0.250163852,0.0599896713,1.91734627e-06,-0.000238180157,2.11786771e-15,-3.37593254e-09,1.30611035e-08,4.28065966e-06,0.600000018,0.599999981,1,0.000401178987,-0.00223729656,-0.0116628117,0.00208838942
45.96,object_red_01,RED,0.002207851,-0.250173719,0.0599896713,2.01742869e-06,-0.000254815088,2.00901924e-15,-3.49250597e-09,1.35121144e-08,4.42847402e-06,0.600000019,0.59999998,1,0.000401141618,-0.00223729665,-0.0116628117,0.00208838993
46,object_red_01,RED,0.00220793378,-0.250184262,0.0599896713,2.11885577e-06,-0.000271986376,2.16069334e-15,-3.60834746e-09,1.39602899e-08,4.57535969e-06,0.600000019,0.59999998,1,0.000401103035,-0.00223729674,-0.0116628117,0.00208839046
46.04,object_red_01,RED,0.00220802063,-0.250195502,0.0599896713,2.22139723e-06,-0.000289687003,2.03935406e-15,-3.72342989e-09,1.44055328e-08,4.72128435e-06,0.600000019,0.59999998,1,0.00040106325,-0.00223729684,-0.0116628117,0.00208839101
46.08,object_red_01,RED,0.0022081116,-0.250207462,0.0599896713,2.32487197e-06,-0.000307911034,2.19281256e-15,-3.83832148e-09,1.48500342e-08,4.86696548e-06,0.600000019,0.59999998,1,0.00040102227,-0.00223729693,-0.0116628117,0.00208839157
46.12,object_red_01,RED,0.00220820674,-0.250220161,0.0599896713,2.42929997e-06,-0.000326664695,2.07682649e-15,-3.95205719e-09,1.52900664e-08,5.01118245e-06,0.600000019,0.59999998,1,0.000400980093,-0.00223729703,-0.0116628117,0.00208839215
46.16,object_red_01,RED,0.00220830606,-0.250233621,0.0599896713,2.53429097e-06,-0.000345932646,2.22850059e-15,-4.06571819e-09,1.57298076e-08,5.15530367e-06,0.60000002,0.599999979,1,0.000400936737,-0.00223729713,-0.0116628117,0.00208839275
46.2,object_red_01,RED,0.00220840959,-0.250247862,0.0599896713,2.63991179e-06,-0.000365723255,2.11429891e-15,-4.17849005e-09,1.61661115e-08,5.29829809e-06,0.600000019,0.59999998,1,0.000400892194,-0.00223729723,-0.0116628117,0.00208839335
46.24,object_red_01,RED,0.00220851736,-0.250262905,0.0599896713,2.74583787e-06,-0.000386026346,1.99117523e-15,-4.2906949e-09,1.6600218e-08,5.44057271e-06,0.60000002,0.599999979,1,0.000400846481,-0.00223729733,-0.0116628117,0.00208839398
46.28,object_red_01,RED,0.00220862937,-0.250278771,0.0599896713,2.85191462e-06,-0.000406838542,2.14284933e-15,-4.40275293e-09,1.70337559e-08,5.58266066e-06,0.600000019,0.59999998,1,0.0004007996,-0.00223729743,-0.0116628117,0.00208839462
46.32,object_red_01,RED,0.00220874562,-0.25029548,0.0599896713,2.95812598e-06,-0.000428167098,1.99474403e-15,-4.51339466e-09,1.74618182e-08,5.72295477e-06,0.60000002,0.599999979,1,0.000400751549,-0.00223729753,-0.0116628117,0.00208839527
46.36,object_red_01,RED,0.00220886612,-0.250313053,0.0599896713,3.06399952e-06,-0.000449992448,2.16247774e-15,-4.62439711e-09,1.7891274e-08,5.86370476e-06,0.600000019,0.599999979,1,0.000400702348,-0.00223729763,-0.0116628117,0.00208839594
46.4,object_red_01,RED,0.00220899085,-0.250331509,0.0599896713,3.1696594e-06,-0.000472329743,2.02329445e-15,-4.73394503e-09,1.83151013e-08,6.00261076e-06,0.600000019,0.59999998,1,0.000400651986,-0.00223729773,-0.0116628117,0.00208839663
46.44,object_red_01,RED,0.00220911979,-0.250350868,0.0599896713,3.27462084e-06,-0.000495159786,2.20351897e-15,-4.84361603e-09,1.87394068e-08,6.14167269e-06,0.600000019,0.599999979,1,0.000400600484,-0.00223729783,-0.0116628117,0.00208839732
46.48,object_red_01,RED,0.00220925291,-0.250371151,0.0599896713,3.3788353e-06,-0.000518488996,2.08039529e-15,-4.95245318e-09,1.91604851e-08,6.27967794e-06,0.600000018,0.59999998,1,0.000400547838,-0.00223729793,-0.0116628117,0.00208839804
46.52,object_red_01,RED,0.00220939018,-0.250392378,0.0599896713,3.48212665e-06,-0.000542315211,1.97154681e-15,-5.06057788e-09,1.95788099e-08,6.41677971e-06,0.600000019,0.59999998,1,0.000400494051,-0.00223729803,-0.0116628117,0.00208839876
46.56,object_red_01,RED,0.00220953156,-0.250414567,0.0599896713,3.58406152e-06,-0.000566625394,2.13749613e-15,-5.16855463e-09,1.99965588e-08,6.55369294e-06,0.600000018,0.599999981,1,0.000400439141,-0.00223729813,-0.0116628117,0.0020883995
46.6,object_red_01,RED,0.002209677,-0.250437739,0.0599896713,3.68476489e-06,-0.000591433262,2.02507885e-15,-5.27543559e-09,2.04100698e-08,6.68921721e-06,0.600000018,0.599999981,1,0.000400383094,-0.00223729823,-0.0116628117,0.00208840026
46.64,object_red_01,RED,0.00220982642,-0.250461913,0.0599896713,3.7835966e-06,-0.000616716422,2.17853735e-15,-5.38219381e-09,2.08231045e-08,6.82458591e-06,0.600000018,0.599999981,1,0.000400325936,-0.00223729833,-0.0116628117,0.00208840103
46.68,object_red_01,RED,0.00220997976,-0.250487108,0.0599896713,3.88068887e-06,-0.000642488371,2.03578526e-15,-5.48831172e-09,2.1233662e-08,6.95914302e-06,0.600000017,0.599999982,1,0.000400267653,-0.00223729842,-0.0116628117,0.00208840181
46.72,object_red_01,RED,0.00221013694,-0.250513344,0.0599896713,3.97555196e-06,-0.000668736392,2.22314738e-15,-5.59357722e-09,2.16409213e-08,7.09261814e-06,0.600000017,0.599999981,1,0.000400208265,-0.00223729852,-0.0116628117,0.0020884026
46.76,object_red_01,RED,0.00221029786,-0.25054064,0.0599896713,4.06801307e-06,-0.000695457372,2.08753289e-15,-5.69911795e-09,2.20492479e-08,7.22644326e-06,0.600000016,0.599999983,1,0.00040014777,-0.00223729861,-0.0116628117,0.00208840341
46.8,object_red_01,RED,0.00221046244,-0.250569014,0.0599896713,4.1579563e-06,-0.000722659493,2.23385379e-15,-5.80288303e-09,2.24507031e-08,7.35801704e-06,0.600000016,0.599999983,1,0.000400086169,-0.0022372987,-0.0116628117,0.00208840423
46.84,object_red_01,RED,0.00221063055,-0.250598486,0.0599896713,4.24486767e-06,-0.000750321867,2.12322092e-15,-5.90740835e-09,2.28551007e-08,7.49055438e-06,0.600000015,0.599999983,1,0.000400023477,-0.00223729879,-0.0116628117,0.00208840506
46.88,object_red_01,RED,0.00221080207,-0.250629074,0.0599896713,4.32876665e-06,-0.000778459837,2.02507885e-15,-6.01026191e-09,2.32530283e-08,7.62097195e-06,0.600000014,0.599999984,1,0.000399959688,-0.00223729888,-0.0116628117,0.00208840591
46.92,object_red_01,RED,0.00221097688,-0.250660798,0.0599896713,4.40917884e-06,-0.000807055774,2.15534014e-15,-6.11342307e-09,2.36521506e-08,7.7517807e-06,0.600000014,0.599999984,1,0.000399894815,-0.00223729896,-0.0116628117,0.00208840677
46.96,object_red_01,RED,0.00221115484,-0.250693674,0.0599896713,4.48587993e-06,-0.000836111449,2.04292286e-15,-6.21583163e-09,2.40483573e-08,7.88163377e-06,0.600000012,0.599999986,1,0.000399828861,-0.00223729904,-0.0116628117,0.00208840764
47,object_red_01,RED,0.00221133578,-0.250727722,0.0599896713,4.55881873e-06,-0.000865632917,2.17139975e-15,-6.31736857e-09,2.44411898e-08,8.01038159e-06,0.600000012,0.599999986,1,0.000399761821,-0.00223729912,-0.0116628117,0.00208840852
47.04,object_red_01,RED,0.00221151955,-0.25076296,0.0599896713,4.6273098e-06,-0.000895597065,2.08039529e-15,-6.41900138e-09,2.48343953e-08,8.13925066e-06,0.600000011,0.599999987,1,0.00039969372,-0.00223729919,-0.0116628117,0.00208840941
47.08,object_red_01,RED,0.00221170598,-0.250799406,0.0599896713,4.69162084e-06,-0.000926027047,2.22671619e-15,-6.51941297e-09,2.52228767e-08,8.26657217e-06,0.60000001,0.599999988,1,0.000399624534,-0.00223729926,-0.0116628117,0.00208841032
47.12,object_red_01,RED,0.00221189487,-0.250837079,0.0599896713,4.75091481e-06,-0.000956892342,1.86091394e-15,-6.61983973e-09,2.56114196e-08,8.39391307e-06,0.60000001,0.599999989,1,0.000399554298,-0.00223729933,-0.0116628117,0.00208841123
47.16,object_red_01,RED,0.00221208605,-0.250875995,0.0599896713,4.80539691e-06,-0.000988211853,2.00901924e-15,-6.71968994e-09,2.59977276e-08,8.52052189e-06,0.600000008,0.59999999,1,0.000399482991,-0.00223729939,-0.0116628117,0.00208841216
47.2,object_red_01,RED,0.00221227929,-0.250916173,0.0599896713,4.85450252e-06,-0.00101997073,2.16247774e-15,-6.81858602e-09,2.63803467e-08,8.64592216e-06,0.600000008,0.599999991,1,0.000399410633,-0.00223729945,-0.0116628117,0.0020884131
47.24,object_red_01,RED,0.00221247438,-0.25095763,0.0599896713,4.89803976e-06,-0.00105216559,2.02686325e-15,-6.91793311e-09,2.67647073e-08,8.77189336e-06,0.600000006,0.599999993,1,0.000399337223,-0.0022372995,-0.0116628117,0.00208841405
47.28,object_red_01,RED,0.0022126711,-0.251000385,0.0599896713,4.93588565e-06,-0.00108480557,2.18210616e-15,-7.01543393e-09,2.71419276e-08,8.89552386e-06,0.600000005,0.599999993,1,0.00039926276,-0.00223729955,-0.0116628117,0.00208841501
47.32,object_red_01,RED,0.0022128692,-0.251044453,0.0599896713,4.96750411e-06,-0.00111786878,2.08396409e-15,-7.11374156e-09,2.75222685e-08,9.02017695e-06,0.600000004,0.599999994,1,0.00039918726,-0.0022372996,-0.0116628117,0.00208841598
47.36,object_red_01,RED,0.00221306844,-0.251089853,0.0599896713,4.99290831e-06,-0.00115137024,2.23385379e-15,-7.21053065e-09,2.78967356e-08,9.14290531e-06,0.600000002,0.599999996,1,0.000399110713,-0.00223729964,-0.0116628117,0.00208841696
47.4,object_red_01,RED,0.00221326856,-0.251136602,0.0599896713,5.01165386e-06,-0.00118529439,1.84842313e-15,-7.30738041e-09,2.82714321e-08,9.26570909e-06,0.600000001,0.599999997,1,0.000399033133,-0.00223729967,-0.0116628117,0.00208841795
47.44,object_red_01,RED,0.0022134693,-0.251184717,0.0599896713,5.02346505e-06,-0.00121963796,2.01437244e-15,-7.40399057e-09,2.86452092e-08,9.38821063e-06,0.599999999,0.599999999,1,0.000398954526,-0.00223729969,-0.0116628117,0.00208841895
47.48,object_red_01,RED,0.00221367036,-0.251234214,0.0599896713,5.0284194e-06,-0.00125441539,2.15890894e-15,-7.49906312e-09,2.90130338e-08,9.50876201e-06,0.599999999,0.6,1,0.000398874877,-0.00223729972,-0.0116628117,0.00208841996
47.52,object_red_01,RED,0.00221387147,-0.25128511,0.0599896713,5.02574827e-06,-0.0012895942,2.03756966e-15,-7.59489247e-09,2.93837847e-08,9.63027221e-06,0.599999997,0.600000001,1,0.00039879422,-0.00223729973,-0.0116628117,0.00208842098
47.56,object_red_01,RED,0.00221407232,-0.251337423,0.0599896713,5.01582478e-06,-0.00132520472,2.19102816e-15,-7.68895581e-09,2.97477087e-08,9.74954479e-06,0.599999995,0.600000003,1,0.000398712523,-0.00223729974,-0.0116628117,0.00208842201
47.6,object_red_01,RED,0.00221427261,-0.251391167,0.0599896713,4.99784588e-06,-0.00136121197,2.06612008e-15,-7.78348602e-09,3.01134335e-08,9.86940803e-06,0.599999994,0.600000004,1,0.000398629824,-0.00223729974,-0.0116628117,0.00208842304
47.64,object_red_01,RED,0.00221447202,-0.251446361,0.0599896713,4.97201919e-06,-0.00139763529,2.23385379e-15,-7.8771749e-09,3.04759055e-08,9.98820525e-06,0.599999992,0.600000006,1,0.000398546101,-0.00223729973,-0.0116628117,0.00208842409
47.68,object_red_01,RED,0.00221467023,-0.25150302,0.0599896713,4.93797541e-06,-0.00143446367,2.10894571e-15,-7.97001895e-09,3.08351094e-08,1.01059313e-05,0.599999991,0.600000007,1,0.000398461369,-0.00223729972,-0.0116628117,0.00208842515
47.72,object_red_01,RED,0.00221486691,-0.251561161,0.0599896713,4.89543441e-06,-0.00147168726,1.99831283e-15,-8.06319396e-09,3.11955932e-08,1.02240762e-05,0.599999988,0.60000001,1,0.000398375635,-0.0022372997,-0.0116628117,0.00208842621
47.76,object_red_01,RED,0.00221506171,-0.251620798,0.0599896713,4.84453106e-06,-0.00150932183,2.14106493e-15,-8.15466371e-09,3.15494796e-08,1.03400592e-05,0.599999987,0.600000011,1,0.000398288885,-0.00223729968,-0.0116628117,0.00208842729
47.8,object_red_01,RED,0.00221525429,-0.251681949,0.0599896713,4.78467404e-06,-0.00154733935,2.02507885e-15,-8.24667146e-09,3.19054462e-08,1.04567243e-05,0.599999986,0.600000012,1,0.000398201145,-0.00223729964,-0.0116628117,0.00208842837
47.84,object_red_01,RED,0.00221544431,-0.251744629,0.0599896713,4.71611992e-06,-0.001585759,2.19102816e-15,-8.33754063e-09,3.22570107e-08,1.05719462e-05,0.599999983,0.600000015,1,0.000398112397,-0.0022372996,-0.0116628117,0.00208842946
47.88,object_red_01,RED,0.00221563139,-0.251808854,0.0599896713,4.63846067e-06,-0.00162456365,2.07861089e-15,-8.42786525e-09,3.26064624e-08,1.0686476e-05,0.599999982,0.600000016,1,0.00039802266,-0.00223729955,-0.0116628117,0.00208843056
47.92,object_red_01,RED,0.00221581518,-0.251874638,0.0599896713,4.55162998e-06,-0.00166374957,2.18745936e-15,-8.51855845e-09,3.29573473e-08,1.08014756e-05,0.599999979,0.600000019,1,0.000397931933,-0.00223729949,-0.0116628117,0.00208843167
47.96,object_red_01,RED,0.00221599531,-0.251941998,0.0599896713,4.45578932e-06,-0.00170333227,2.09110169e-15,-8.60695673e-09,3.3299348e-08,1.09135632e-05,0.599999979,0.600000019,1,0.000397840205,-0.00223729942,-0.0116628117,0.00208843279
48,object_red_01,RED,0.00221617141,-0.252010949,0.0599896713,4.35042363e-06,-0.00174327848,2.21779418e-15,-8.69670596e-09,3.36465793e-08,1.10273652e-05,0.599999976,0.600000022,1,0.000397747504,-0.00223729935,-0.0116628117,0.00208843392
48.04,object_red_01,RED,0.00221634311,-0.252081506,0.0599896713,4.23597134e-06,-0.00178361737,2.13214292e-15,-8.78407549e-09,3.39846035e-08,1.11381495e-05,0.599999974,0.600000023,1,0.000397653804,-0.00223729927,-0.0116628117,0.00208843505
48.08,object_red_01,RED,0.00221651004,-0.252153684,0.0599896713,4.11198188e-06,-0.00182431735,2.02151005e-15,-8.87224324e-09,3.43257136e-08,1.1249945e-05,0.599999973,0.600000025,1,0.000397559134,-0.00223729918,-0.0116628117,0.0020884362
48.12,object_red_01,RED,0.00221667182,-0.252227497,0.0599896713,3.97868095e-06,-0.00186539116,2.18389056e-15,-8.95927742e-09,3.46624377e-08,1.13603037e-05,0.59999997,0.600000028,1,0.000397463482,-0.00223729908,-0.0116628117,0.00208843735
48.16,object_red_01,RED,0.00221682808,-0.252302961,0.0599896713,3.8361755e-06,-0.0019068379,2.01972565e-15,-9.04536267e-09,3.49954932e-08,1.14694598e-05,0.599999969,0.600000028,1,0.000397366846,-0.00223729897,-0.0116628117,0.00208843851
48.2,object_red_01,RED,0.00221697844,-0.252380091,0.0599896713,3.68417623e-06,-0.00194863611,1.9483496e-15,-9.13165311e-09,3.53293425e-08,1.15788757e-05,0.599999967,0.600000031,1,0.000397269249,-0.00223729886,-0.0116628117,0.00208843969
48.24,object_red_01,RED,0.00221712254,-0.2524589,0.0599896713,3.52331267e-06,-0.0019908119,2.08753289e-15,-9.21617413e-09,3.56563427e-08,1.16860474e-05,0.599999965,0.600000032,1,0.000397170661,-0.00223729874,-0.0116628117,0.00208844087
48.28,object_red_01,RED,0.00221726001,-0.252539402,0.0599896713,3.3530836e-06,-0.00203332864,2.23742259e-15,-9.30091691e-09,3.59842037e-08,1.17935005e-05,0.599999964,0.600000034,1,0.000397071123,-0.0022372986,-0.0116628117,0.00208844206
48.32,object_red_01,RED,0.00221739049,-0.252621613,0.0599896713,3.17419803e-06,-0.00207621118,2.12857412e-15,-9.38472903e-09,3.63084646e-08,1.1899774e-05,0.599999961,0.600000036,1,0.0003969706,-0.00223729847,-0.0116628117,0.00208844326
48.36,object_red_01,RED,0.00221751364,-0.252705547,0.0599896713,2.98647115e-06,-0.00211944,2.01972565e-15,-9.4672769e-09,3.6627832e-08,1.20044437e-05,0.599999961,0.600000037,1,0.000396869121,-0.00223729832,-0.0116628117,0.00208844447
48.4,object_red_01,RED,0.00221762911,-0.252791217,0.0599896713,2.79025485e-06,-0.00216301189,1.88767996e-15,-9.55060158e-09,3.69502057e-08,1.2110099e-05,0.599999958,0.60000004,1,0.000396766676,-0.00223729817,-0.0116628117,0.00208844569
48.44,object_red_01,RED,0.00221773656,-0.252878636,0.0599896713,2.58598703e-06,-0.00220694156,2.02864765e-15,-9.63082109e-09,3.72605648e-08,1.22118167e-05,0.599999957,0.60000004,1,0.000396663261,-0.00223729801,-0.0116628117,0.00208844693
48.48,object_red_01,RED,0.00221783567,-0.25296782,0.0599896713,2.37363946e-06,-0.0022511973,2.17318415e-15,-9.71269495e-09,3.75773241e-08,1.23156316e-05,0.599999955,0.600000042,1,0.000396558896,-0.00223729784,-0.0116628117,0.00208844817
48.52,object_red_01,RED,0.00221792613,-0.253058781,0.0599896713,2.15392869e-06,-0.00229580479,2.08753289e-15,-9.79160347e-09,3.78826156e-08,1.24156879e-05,0.599999954,0.600000044,1,0.000396453561,-0.00223729767,-0.0116628117,0.00208844943
48.56,object_red_01,RED,0.00221800766,-0.253151534,0.0599896713,1.92698802e-06,-0.00234073824,2.21422538e-15,-9.87118052e-09,3.81904903e-08,1.25165912e-05,0.599999953,0.600000045,1,0.000396347275,-0.00223729749,-0.0116628117,0.0020884507
48.6,object_red_01,RED,0.00221807997,-0.25324609,0.0599896713,1.69330073e-06,-0.00238600122,2.08753289e-15,-9.94955333e-09,3.84937074e-08,1.2615968e-05,0.59999995,0.600000047,1,0.000396240036,-0.0022372973,-0.0116628117,0.00208845198
48.64,object_red_01,RED,0.00221814281,-0.253342464,0.0599896713,1.45368712e-06,-0.00243160569,1.98046882e-15,-1.00261546e-08,3.87900665e-08,1.27130971e-05,0.59999995,0.600000047,1,0.000396131826,-0.00223729712,-0.0116628117,0.00208845327
48.68,object_red_01,RED,0.00221819594,-0.253440668,0.0599896713,1.20811565e-06,-0.00247751626,2.13214292e-15,-1.01031847e-08,3.90880905e-08,1.28107715e-05,0.599999949,0.600000049,1,0.000396022684,-0.00223729692,-0.0116628117,0.00208845458
48.72,object_red_01,RED,0.00221823916,-0.253540716,0.0599896713,9.57938982e-07,-0.00252377074,2.03756966e-15,-1.01776063e-08,3.93760164e-08,1.29051367e-05,0.599999948,0.600000049,1,0.000395912564,-0.00223729672,-0.0116628117,0.00208845591
48.76,object_red_01,RED,0.00221827226,-0.25364262,0.0599896713,7.03055184e-07,-0.00257032343,2.17496855e-15,-1.02522577e-08,3.96648353e-08,1.29997945e-05,0.599999948,0.60000005,1,0.000395801516,-0.00223729652,-0.0116628117,0.00208845725
48.8,object_red_01,RED,0.0022182951,-0.253746393,0.0599896713,4.44843402e-07,-0.00261720465,2.03578526e-15,-1.03254596e-08,3.99480442e-08,1.30926144e-05,0.599999946,0.600000051,1,0.000395689499,-0.00223729632,-0.0116628117,0.0020884586
48.84,object_red_01,RED,0.00221830755,-0.253852048,0.0599896713,1.83695867e-07,-0.00266439346,2.21065658e-15,-1.03968643e-08,4.0224301e-08,1.31831546e-05,0.599999947,0.600000051,1,0.000395576541,-0.00223729611,-0.0116628117,0.00208845998
48.88,object_red_01,RED,0.00221830951,-0.253959596,0.0599896713,-7.94163035e-08,-0.00271188585,2.08574849e-15,-1.0468767e-08,4.05024833e-08,1.32743264e-05,0.599999945,0.600000052,1,0.000395462633,-0.0022372959,-0.0116628117,0.00208846137
48.92,object_red_01,RED,0.00221830092,-0.25406905,0.0599896713,-3.43382153e-07,-0.00275969688,2.00366604e-15,-1.05369437e-08,4.0766253e-08,1.33607741e-05,0.599999946,0.600000051,1,0.000395347768,-0.0022372957,-0.0116628117,0.00208846278
48.96,object_red_01,RED,0.00221828177,-0.254180423,0.0599896713,-6.07547792e-07,-0.00280779551,2.14106493e-15,-1.06062863e-08,4.10345305e-08,1.34486997e-05,0.599999946,0.600000051,1,0.000395231965,-0.00223729549,-0.0116628117,0.00208846421
49,object_red_01,RED,0.00221825207,-0.254293727,0.0599896713,-8.70484425e-07,-0.00285620493,2.01794125e-15,-1.06723774e-08,4.12902297e-08,1.35325032e-05,0.599999946,0.600000051,1,0.000395115204,-0.00223729528,-0.0116628117,0.00208846567
49.04,object_red_01,RED,0.0022182119,-0.254408972,0.0599896713,-1.13128589e-06,-0.00290490376,2.16961535e-15,-1.07380378e-08,4.15442628e-08,1.36157603e-05,0.599999947,0.60000005,1,0.0003949975,-0.00223729508,-0.0116628117,0.00208846714
49.08,object_red_01,RED,0.00221816135,-0.254526171,0.0599896713,-1.38874515e-06,-0.00295388829,2.02864765e-15,-1.08029547e-08,4.17954207e-08,1.36980749e-05,0.599999946,0.600000051,1,0.000394878855,-0.00223729488,-0.0116628117,0.00208846865
49.12,object_red_01,RED,0.00221810061,-0.254645337,0.0599896713,-1.64112577e-06,-0.00300318105,2.17318415e-15,-1.08639436e-08,4.2031377e-08,1.37754077e-05,0.599999949,0.600000048,1,0.000394759243,-0.00223729469,-0.0116628117,0.00208847017
49.16,object_red_01,RED,0.00221802989,-0.254766479,0.0599896713,-1.88771163e-06,-0.0030527362,2.08217969e-15,-1.09261712e-08,4.22721301e-08,1.38543122e-05,0.599999949,0.600000048,1,0.000394638707,-0.00223729451,-0.0116628117,0.00208847173
49.2,object_red_01,RED,0.00221794946,-0.254889609,0.0599896713,-2.1262352e-06,-0.00310259794,2.22671619e-15,-1.09838161e-08,4.24951537e-08,1.39274059e-05,0.599999951,0.600000046,1,0.000394517197,-0.00223729433,-0.0116628117,0.00208847331
49.24,object_red_01,RED,0.00221785967,-0.25501474,0.0599896713,-2.35585056e-06,-0.00315271846,2.14106493e-15,-1.10419896e-08,4.27202156e-08,1.40011681e-05,0.599999954,0.600000043,1,0.000394394761,-0.00223729416,-0.0116628117,0.00208847492
49.28,object_red_01,RED,0.00221776092,-0.255141881,0.0599896713,-2.57434979e-06,-0.00320312528,2.00009723e-15,-1.1097379e-08,4.29345155e-08,1.40714033e-05,0.599999955,0.600000042,1,0.000394271363,-0.002237294,-0.0116628117,0.00208847657
49.32,object_red_01,RED,0.00221765368,-0.255271044,0.0599896713,-2.78014181e-06,-0.00325380518,2.14820253e-15,-1.11502754e-08,4.31391628e-08,1.41384745e-05,0.599999959,0.600000038,1,0.000394147017,-0.00223729386,-0.0116628117,0.00208847825
49.36,object_red_01,RED,0.0022175385,-0.25540224,0.0599896713,-2.97150143e-06,-0.00330474432,2.01794125e-15,-1.1202864e-08,4.33426234e-08,1.42051571e-05,0.59999996,0.600000036,1,0.000394021729,-0.00223729373,-0.0116628117,0.00208847997
49.4,object_red_01,RED,0.00221741601,-0.255535479,0.0599896713,-3.14598237e-06,-0.00335596666,2.17853735e-15,-1.12507629e-08,4.35279374e-08,1.42658917e-05,0.599999965,0.600000032,1,0.000393895474,-0.00223729362,-0.0116628117,0.00208848172
49.44,object_red_01,RED,0.0022172869,-0.255670771,0.0599896713,-3.30210653e-06,-0.00340743375,2.07147328e-15,-1.12988222e-08,4.37138736e-08,1.43268308e-05,0.599999968,0.600000028,1,0.000393768285,-0.00223729352,-0.0116628117,0.00208848351
49.48,object_red_01,RED,0.00221715198,-0.255808129,0.0599896713,-3.43706771e-06,-0.00345917347,2.21957858e-15,-1.13431066e-08,4.38852047e-08,1.43829835e-05,0.599999972,0.600000025,1,0.000393640128,-0.00223729345,-0.0116628117,0.00208848535
49.52,object_red_01,RED,0.00221701212,-0.25594756,0.0599896713,-3.54896794e-06,-0.00351116325,2.12678972e-15,-1.13850603e-08,4.40475223e-08,1.44361806e-05,0.599999978,0.600000019,1,0.000393511026,-0.0022372934,-0.0116628117,0.00208848723
49.56,object_red_01,RED,0.0022168683,-0.256089077,0.0599896713,-3.63524021e-06,-0.00356339909,2.2534822e-15,-1.14264331e-08,4.42075898e-08,1.44886418e-05,0.599999981,0.600000015,1,0.000393380971,-0.00223729337,-0.0116628117,0.00208848916
49.6,object_red_01,RED,0.00221672161,-0.256232688,0.0599896713,-3.69301692e-06,-0.0036159029,2.13749613e-15,-1.14612401e-08,4.43422512e-08,1.45327758e-05,0.599999989,0.600000008,1,0.000393249945,-0.00223729337,-0.0116628117,0.00208849114
49.64,object_red_01,RED,0.00221657322,-0.256378405,0.0599896713,-3.72015404e-06,-0.0036686309,2.00545044e-15,-1.14976424e-08,4.44830883e-08,1.45789338e-05,0.599999994,0.600000002,1,0.000393117978,-0.0022372934,-0.0116628117,0.00208849318
49.68,object_red_01,RED,0.00221642444,-0.256526235,0.0599896713,-3.71319146e-06,-0.00372162296,2.16426214e-15,-1.15269436e-08,4.45964493e-08,1.46160876e-05,0.600000001,0.599999995,1,0.000392985033,-0.00223729347,-0.0116628117,0.00208849527
49.72,object_red_01,RED,0.00221627668,-0.25667619,0.0599896713,-3.66970013e-06,-0.00377483832,2.04470726e-15,-1.1556434e-08,4.47105462e-08,1.46534809e-05,0.600000009,0.599999987,1,0.00039285114,-0.00223729357,-0.0116628117,0.00208849741
49.76,object_red_01,RED,0.00221613146,-0.256828279,0.0599896713,-3.58631517e-06,-0.00382829402,2.19995017e-15,-1.15816135e-08,4.48079617e-08,1.46854084e-05,0.600000015,0.599999981,1,0.00039271628,-0.00223729371,-0.0116628117,0.00208849962
49.8,object_red_01,RED,0.00221599046,-0.256982511,0.0599896713,-3.45957995e-06,-0.00388199115,2.1000237e-15,-1.16024007e-08,4.48883877e-08,1.47117669e-05,0.600000026,0.599999971,1,0.000392580444,-0.00223729389,-0.0116628117,0.0020885019
49.84,object_red_01,RED,0.00221585546,-0.257138895,0.0599896713,-3.28669378e-06,-0.00393590075,2.2409914e-15,-1.16221687e-08,4.49648669e-08,1.47368323e-05,0.600000034,0.599999962,1,0.000392443659,-0.00223729412,-0.0116628117,0.00208850424
49.88,object_red_01,RED,0.0022157284,-0.25729744,0.0599896713,-3.06318335e-06,-0.00399005945,2.1053769e-15,-1.16349952e-08,4.50144889e-08,1.47530961e-05,0.600000045,0.599999951,1,0.000392305877,-0.00223729439,-0.0116628117,0.00208850666
49.92,object_red_01,RED,0.00221561136,-0.257458156,0.0599896713,-2.7863812e-06,-0.00404441907,2.00723484e-15,-1.1646951e-08,4.50607474e-08,1.47682563e-05,0.600000056,0.59999994,1,0.000392167148,-0.00223729472,-0.0116628117,0.00208850915
49.96,object_red_01,RED,0.00221550657,-0.257621052,0.0599896713,-2.45144298e-06,-0.00409901364,2.14463373e-15,-1.16535815e-08,4.50863975e-08,1.47766632e-05,0.600000066,0.59999993,1,0.000392027423,-0.0022372951,-0.0116628117,0.00208851173
50,object_red_01,RED,0.00221541643,-0.257786135,0.0599896713,-2.05501295e-06,-0.00415381848,2.04649166e-15,-1.16554873e-08,4.50937741e-08,1.47790803e-05,0.60000008,0.599999916,1,0.000391886731,-0.00223729555,-0.0116628117,0.00208851439
50.04,object_red_01,RED,0.00221534348,-0.257953415,0.0599896713,-1.59257992e-06,-0.00420883019,2.20173457e-15,-1.16562343e-08,4.50966642e-08,1.47800276e-05,0.600000091,0.599999905,1,0.000391745057,-0.00223729605,-0.0116628117,0.00208851713
50.08,object_red_01,RED,0.00221529046,-0.2581229,0.0599896713,-1.05956037e-06,-0.00426406884,2.06255128e-15,-1.1647107e-08,4.50613498e-08,1.4768454e-05,0.600000107,0.599999889,1,0.000391602388,-0.00223729663,-0.0116628117,0.00208851997
50.12,object_red_01,RED,0.00221526028,-0.258294598,0.0599896713,-4.51855737e-07,-0.00431949434,2.22671619e-15,-1.16390894e-08,4.50303309e-08,1.47582874e-05,0.600000122,0.599999874,1,0.000391458744,-0.00223729727,-0.0116628117,0.00208852291
50.16,object_red_01,RED,0.00221525603,-0.258468518,0.0599896713,2.35832651e-07,-0.0043751404,2.0946705e-15,-1.16210946e-08,4.49607123e-08,1.47354708e-05,0.600000137,0.599999859,1,0.000391314096,-0.002237298,-0.0116628117,0.00208852595
50.2,object_red_01,RED,0.00221528097,-0.258644667,0.0599896713,1.00251611e-06,-0.00443096586,2.01080364e-15,-1.16231222e-08,4.49685553e-08,1.47380409e-05,0.600000147,0.599999848,1,0.000391168487,-0.0022372988,-0.0116628117,0.00208852909
50.24,object_red_01,RED,0.00221533521,-0.258823053,0.0599896713,1.64179528e-06,-0.00448695343,2.13749613e-15,-1.2007379e-08,4.64552014e-08,1.5225276e-05,0.600000088,0.599999908,1,0.000391021957,-0.00223729956,-0.0116628117,0.00208853222
50.28,object_red_01,RED,0.00221540857,-0.259003682,0.0599896713,1.97425429e-06,-0.00454313133,2.01080364e-15,-1.2264835e-08,4.74512717e-08,1.55517294e-05,0.600000039,0.599999957,1,0.000390874563,-0.00223730017,-0.0116628117,0.00208853523
50.32,object_red_01,RED,0.00221549095,-0.259186562,0.0599896713,2.12315218e-06,-0.00459948422,2.43192233e-15,-1.2282998e-08,4.7521542e-08,1.55747598e-05,0.600000016,0.59999998,1,0.000390726242,-0.00223730059,-0.0116628117,0.00208853807
50.36,object_red_01,RED,0.00221557783,-0.2593717,0.0599896713,2.21547867e-06,-0.00465604824,2.05898247e-15,-1.22543181e-08,4.74105814e-08,1.55383936e-05,0.600000013,0.599999983,1,0.000390576925,-0.00223730089,-0.0116628117,0.00208854081
50.4,object_red_01,RED,0.00221566827,-0.259559104,0.0599896713,2.30540411e-06,-0.00471275808,2.19638137e-15,-1.22887378e-08,4.75437481e-08,1.55820377e-05,0.600000015,0.599999981,1,0.000390426678,-0.00223730112,-0.0116628117,0.00208854351
50.44,object_red_01,RED,0.0022157625,-0.259748781,0.0599896713,2.40482658e-06,-0.00476965224,2.0964549e-15,-1.23821555e-08,4.79051693e-08,1.57004902e-05,0.600000015,0.599999981,1,0.000390275441,-0.00223730133,-0.0116628117,0.00208854622
50.48,object_red_01,RED,0.00221586082,-0.259940736,0.0599896713,2.50943284e-06,-0.00482670735,1.99474403e-15,-1.2507638e-08,4.8390647e-08,1.58596009e-05,0.600000017,0.599999979,1,0.000390123244,-0.00223730155,-0.0116628117,0.00208854896
50.52,object_red_01,RED,0.00221596336,-0.260134976,0.0599896713,2.6147814e-06,-0.00488391982,2.40694071e-15,-1.26468095e-08,4.89290875e-08,1.60360702e-05,0.600000015,0.59999998,1,0.000389970069,-0.00223730177,-0.0116628117,0.00208855173
50.56,object_red_01,RED,0.00221607009,-0.260331509,0.0599896713,2.71865273e-06,-0.00494131028,2.00901924e-15,-1.27808435e-08,4.94476505e-08,1.62060249e-05,0.600000016,0.59999998,1,0.000389815902,-0.00223730199,-0.0116628117,0.00208855453
50.6,object_red_01,RED,0.00221618092,-0.26053034,0.0599896713,2.81968243e-06,-0.00499883998,2.15712454e-15,-1.29167284e-08,4.99733709e-08,1.63783252e-05,0.600000015,0.59999998,1,0.000389660764,-0.00223730221,-0.0116628117,0.00208855736
50.64,object_red_01,RED,0.00221629573,-0.260731476,0.0599896713,2.91804758e-06,-0.00505653868,2.04827607e-15,-1.30447535e-08,5.04686874e-08,1.65406602e-05,0.600000014,0.599999981,1,0.000389504626,-0.00223730243,-0.0116628117,0.00208856022
50.68,object_red_01,RED,0.00221641441,-0.260934923,0.0599896713,3.01312273e-06,-0.00511438006,2.18389056e-15,-1.31707854e-08,5.09562909e-08,1.6700468e-05,0.600000014,0.599999981,1,0.000389347505,-0.00223730264,-0.0116628117,0.0020885631
50.72,object_red_01,RED,0.00221653683,-0.261140686,0.0599896713,3.10458545e-06,-0.00517235985,2.08396409e-15,-1.32947062e-08,5.14357292e-08,1.68575994e-05,0.600000011,0.599999984,1,0.0003891894,-0.00223730286,-0.0116628117,0.00208856601
50.76,object_red_01,RED,0.00221666283,-0.261348772,0.0599896713,3.19251859e-06,-0.00523050606,2.2499134e-15,-1.34084796e-08,5.18759026e-08,1.70018623e-05,0.600000013,0.599999983,1,0.000389030277,-0.00223730307,-0.0116628117,0.00208856895
50.8,object_red_01,RED,0.00221679225,-0.261559186,0.0599896713,3.27563848e-06,-0.00528876282,2.14641813e-15,-1.35242179e-08,5.23236804e-08,1.71486177e-05,0.600000011,0.599999984,1,0.000388870183,-0.00223730329,-0.0116628117,0.00208857191
50.84,object_red_01,RED,0.0022169249,-0.261771934,0.0599896713,3.35440997e-06,-0.00534718421,2.01794125e-15,-1.36277987e-08,5.27244216e-08,1.72799571e-05,0.60000001,0.599999985,1,0.000388709059,-0.00223730349,-0.0116628117,0.0020885749
50.88,object_red_01,RED,0.0022170606,-0.261987021,0.0599896713,3.4274516e-06,-0.00540571269,2.18032176e-15,-1.3731166e-08,5.31243405e-08,1.74110269e-05,0.60000001,0.599999986,1,0.000388546957,-0.0022373037,-0.0116628117,0.00208857792
50.92,object_red_01,RED,0.0022171991,-0.262204452,0.0599896713,3.4948587e-06,-0.00546438102,2.07504208e-15,-1.38259129e-08,5.34909052e-08,1.75311651e-05,0.600000007,0.599999988,1,0.000388383833,-0.0022373039,-0.0116628117,0.00208858096
50.96,object_red_01,RED,0.00221734016,-0.262424232,0.0599896713,3.55592232e-06,-0.00552317485,2.19281256e-15,-1.39130042e-08,5.3827854e-08,1.76415971e-05,0.600000007,0.599999988,1,0.000388219701,-0.0022373041,-0.0116628117,0.00208858403
51,object_red_01,RED,0.00221748353,-0.262646366,0.0599896713,3.609824e-06,-0.00558207599,2.07682649e-15,-1.39965093e-08,5.41509242e-08,1.77474802e-05,0.600000004,0.599999991,1,0.000388054565,-0.00223730429,-0.0116628117,0.00208858712
51.04,object_red_01,RED,0.00221762891,-0.262870859,0.0599896713,3.65661568e-06,-0.00564111496,2.2427758e-15,-1.40668395e-08,5.44230224e-08,1.78366582e-05,0.600000004,0.599999991,1,0.000387888393,-0.00223730448,-0.0116628117,0.00208859024
51.08,object_red_01,RED,0.00221777598,-0.263097715,0.0599896713,3.69485885e-06,-0.0057002445,2.12322092e-15,-1.41341179e-08,5.46833162e-08,1.79219672e-05,0.600000002,0.599999993,1,0.000387721223,-0.00223730465,-0.0116628117,0.00208859339
51.12,object_red_01,RED,0.00221792442,-0.263326939,0.0599896713,3.7247354e-06,-0.00575949894,2.00366604e-15,-1.41893866e-08,5.48971455e-08,1.79920475e-05,0.6,0.599999995,1,0.000387553011,-0.00223730483,-0.0116628117,0.00208859656
51.16,object_red_01,RED,0.00221807386,-0.263558535,0.0599896713,3.74497074e-06,-0.00581885121,2.13035852e-15,-1.42357596e-08,5.50765536e-08,1.80508477e-05,0.599999999,0.599999996,1,0.000387383783,-0.00223730499,-0.0116628117,0.00208859975
51.2,object_red_01,RED,0.0022182239,-0.263792508,0.0599896713,3.75515896e-06,-0.00587829648,2.00723484e-15,-1.42760113e-08,5.52322837e-08,1.81018866e-05,0.599999995,0.6,1,0.000387213528,-0.00223730515,-0.0116628117,0.00208860297
51.24,object_red_01,RED,0.00221837413,-0.26402886,0.0599896713,3.75477437e-06,-0.00593786113,2.15890894e-15,-1.42980062e-08,5.53173803e-08,1.81297762e-05,0.599999994,0.6,1,0.000387042222,-0.0022373053,-0.0116628117,0.00208860621
51.28,object_red_01,RED,0.00221852412,-0.264267597,0.0599896713,3.74261953e-06,-0.00599749309,2.05719807e-15,-1.43174715e-08,5.53926885e-08,1.81544579e-05,0.599999991,0.600000003,1,0.000386869899,-0.00223730544,-0.0116628117,0.00208860947
51.32,object_red_01,RED,0.00221867337,-0.264508721,0.0599896713,3.71847111e-06,-0.00605723952,2.21065658e-15,-1.43169823e-08,5.53907958e-08,1.81538372e-05,0.599999989,0.600000006,1,0.000386696512,-0.00223730557,-0.0116628117,0.00208861276
51.36,object_red_01,RED,0.00221882138,-0.264752237,0.0599896713,3.68109733e-06,-0.00611705277,2.07861089e-15,-1.43102226e-08,5.53646471e-08,1.81452676e-05,0.599999987,0.600000008,1,0.000386522097,-0.00223730568,-0.0116628117,0.00208861607
51.4,object_red_01,RED,0.00221896763,-0.264998147,0.0599896713,3.62982964e-06,-0.00617695192,2.2499134e-15,-1.42883702e-08,5.52801017e-08,1.81175583e-05,0.599999983,0.600000012,1,0.000386346629,-0.00223730579,-0.0116628117,0.00208861941
51.44,object_red_01,RED,0.00221911152,-0.265246454,0.0599896713,3.56412873e-06,-0.00623693987,2.14641813e-15,-1.42502303e-08,5.51325419e-08,1.80691966e-05,0.599999981,0.600000013,1,0.000386170095,-0.00223730588,-0.0116628117,0.00208862276
51.48,object_red_01,RED,0.00221925247,-0.265497162,0.0599896713,3.4824211e-06,-0.00629698078,2.03400086e-15,-1.42025827e-08,5.49481995e-08,1.80087802e-05,0.599999977,0.600000018,1,0.000385992526,-0.00223730596,-0.0116628117,0.00208862614
51.52,object_red_01,RED,0.00221938982,-0.265750274,0.0599896713,3.38478414e-06,-0.00635711905,2.17675295e-15,-1.41329615e-08,5.46788438e-08,1.79205013e-05,0.599999974,0.60000002,1,0.000385813865,-0.00223730603,-0.0116628117,0.00208862953
51.56,object_red_01,RED,0.0022195229,-0.266005792,0.0599896713,3.2691782e-06,-0.00641729714,2.04827607e-15,-1.4053133e-08,5.43699951e-08,1.78192789e-05,0.599999971,0.600000024,1,0.000385634168,-0.00223730608,-0.0116628117,0.00208863295
51.6,object_red_01,RED,0.00221965099,-0.266263719,0.0599896713,3.13564571e-06,-0.00647755525,2.20351897e-15,-1.39533986e-08,5.39841322e-08,1.76928162e-05,0.599999966,0.600000028,1,0.000385453376,-0.00223730611,-0.0116628117,0.00208863638
51.64,object_red_01,RED,0.00221977334,-0.266524058,0.0599896713,2.98242152e-06,-0.0065378646,2.0928861e-15,-1.38353509e-08,5.35274191e-08,1.75431321e-05,0.599999964,0.600000031,1,0.000385271525,-0.00223730613,-0.0116628117,0.00208863984
51.68,object_red_01,RED,0.00221988915,-0.266786809,0.0599896713,2.80888856e-06,-0.00659822077,2.49972957e-15,-1.37038658e-08,5.30187186e-08,1.73764102e-05,0.599999958,0.600000036,1,0.000385088593,-0.00223730612,-0.0116628117,0.00208864331
51.72,object_red_01,RED,0.00221999758,-0.267051977,0.0599896713,2.61395228e-06,-0.0066586472,2.14820253e-15,-1.35440445e-08,5.24003869e-08,1.71737576e-05,0.599999955,0.600000039,1,0.000384904565,-0.0022373061,-0.0116628117,0.0020886468
51.76,object_red_01,RED,0.00222009777,-0.267319562,0.0599896713,2.40026508e-06,-0.00671909878,2.01972565e-15,-1.33613862e-08,5.16937024e-08,1.6942148e-05,0.599999956,0.600000038,1,0.000384719467,-0.00223730606,-0.0116628117,0.00208865031
51.8,object_red_01,RED,0.00222019097,-0.267589567,0.0599896713,2.29600973e-06,-0.00677964639,2.15534014e-15,-1.31314451e-08,5.08040889e-08,1.66505851e-05,0.599999994,0.6,1,0.000384533163,-0.00223730608,-0.0116628117,0.00208865391
51.84,object_red_01,RED,0.0022202841,-0.267861994,0.0599896713,2.38534741e-06,-0.00684021946,2.02329445e-15,-1.31796685e-08,5.09906571e-08,1.67117311e-05,0.600000026,0.599999968,1,0.000384345712,-0.0022373062,-0.0116628117,0.00208865766
51.88,object_red_01,RED,0.00222038335,-0.268136845,0.0599896713,2.58189599e-06,-0.0069008162,2.18745936e-15,-1.34457163e-08,5.20199692e-08,1.7049079e-05,0.600000036,0.599999958,1,0.000384157143,-0.00223730644,-0.0116628117,0.00208866157
51.92,object_red_01,RED,0.0022204912,-0.268414121,0.0599896713,2.80488858e-06,-0.00696146541,2.07325768e-15,-1.37464399e-08,5.31834343e-08,1.74303941e-05,0.600000038,0.599999956,1,0.000383967427,-0.00223730677,-0.0116628117,0.0020886656
51.96,object_red_01,RED,0.00222060781,-0.268693823,0.0599896713,3.01760942e-06,-0.00702211683,2.22671619e-15,-1.4014692e-08,5.42212706e-08,1.77705359e-05,0.600000034,0.59999996,1,0.000383776613,-0.00223730713,-0.0116628117,0.0020886697
52,object_red_01,RED,0.0022207326,-0.268975952,0.0599896713,3.2139929e-06,-0.00708282854,2.12143652e-15,-1.42250116e-08,5.50349739e-08,1.80372198e-05,0.600000031,0.599999963,1,0.000383584628,-0.00223730749,-0.0116628117,0.00208867385
52.04,object_red_01,RED,0.00222086491,-0.269260509,0.0599896713,3.39493125e-06,-0.00714353198,1.98760642e-15,-1.44117864e-08,5.57575854e-08,1.82740494e-05,0.600000029,0.599999965,1,0.000383391543,-0.00223730784,-0.0116628117,0.00208867802
52.08,object_red_01,RED,0.00222100421,-0.269547496,0.0599896713,3.5638373e-06,-0.00720427053,2.13928053e-15,-1.45759478e-08,5.63927065e-08,1.84822046e-05,0.600000025,0.599999969,1,0.000383197294,-0.00223730818,-0.0116628117,0.00208868222
52.12,object_red_01,RED,0.00222115002,-0.269836912,0.0599896713,3.72071576e-06,-0.0072650155,2.04113846e-15,-1.47270084e-08,5.69771419e-08,1.86737481e-05,0.600000024,0.59999997,1,0.000383001916,-0.00223730851,-0.0116628117,0.00208868646
52.16,object_red_01,RED,0.00222130185,-0.270128758,0.0599896713,3.86525669e-06,-0.00732575989,2.14820253e-15,-1.48720395e-08,5.75382522e-08,1.8857647e-05,0.60000002,0.599999973,1,0.000382805389,-0.00223730882,-0.0116628117,0.00208869072
52.2,object_red_01,RED,0.0022214592,-0.270423034,0.0599896713,3.9965801e-06,-0.00738652753,2.06433568e-15,-1.49955929e-08,5.80162665e-08,1.90143118e-05,0.600000019,0.599999975,1,0.000382607696,-0.00223730913,-0.0116628117,0.00208869501
52.24,object_red_01,RED,0.0022216215,-0.27071974,0.0599896713,4.11313442e-06,-0.00744727304,1.9537028e-15,-1.51151418e-08,5.84787877e-08,1.91658991e-05,0.600000015,0.599999978,1,0.00038240886,-0.00223730942,-0.0116628117,0.00208869933
52.28,object_red_01,RED,0.00222178816,-0.271018877,0.0599896713,4.21430067e-06,-0.0075080313,2.12322092e-15,-1.52131491e-08,5.88579656e-08,1.92901714e-05,0.600000012,0.599999982,1,0.000382208845,-0.00223730969,-0.0116628117,0.00208870368
52.32,object_red_01,RED,0.00222195851,-0.271320443,0.0599896713,4.29859576e-06,-0.00756877233,1.98403762e-15,-1.52991533e-08,5.91907077e-08,1.93992244e-05,0.600000009,0.599999984,1,0.000382007666,-0.00223730996,-0.0116628117,0.00208870806
52.36,object_red_01,RED,0.00222213188,-0.271624439,0.0599896713,4.36501858e-06,-0.00762949137,2.13214292e-15,-1.53729837e-08,5.94763499e-08,1.94928409e-05,0.600000004,0.599999989,1,0.00038180532,-0.0022373102,-0.0116628117,0.00208871247
52.4,object_red_01,RED,0.00222230753,-0.271930864,0.0599896713,4.41275103e-06,-0.00769022044,2.02329445e-15,-1.54188834e-08,5.96539317e-08,1.95510417e-05,0.600000002,0.599999991,1,0.000381601765,-0.00223731043,-0.0116628117,0.0020887169
52.44,object_red_01,RED,0.00222248467,-0.272239717,0.0599896713,4.4400037e-06,-0.0077508965,2.18032176e-15,-1.54597937e-08,5.9812208e-08,1.96029154e-05,0.599999997,0.599999996,1,0.000381397053,-0.00223731064,-0.0116628117,0.00208872136
52.48,object_red_01,RED,0.00222266247,-0.272550996,0.0599896713,4.44625928e-06,-0.00781158045,2.05006047e-15,-1.54689583e-08,5.98476636e-08,1.96145358e-05,0.599999993,0.6,1,0.000381191112,-0.00223731083,-0.0116628117,0.00208872584
52.52,object_red_01,RED,0.00222284005,-0.272864703,0.0599896713,4.42960118e-06,-0.00787220828,2.19281256e-15,-1.54687899e-08,5.98470116e-08,1.96143223e-05,0.599999989,0.600000004,1,0.000380983999,-0.002237311,-0.0116628117,0.00208873035
52.56,object_red_01,RED,0.00222301649,-0.273180834,0.0599896713,4.38915012e-06,-0.00793281577,2.06612008e-15,-1.5443383e-08,5.9748716e-08,1.95821065e-05,0.599999983,0.60000001,1,0.000380775664,-0.00223731115,-0.0116628117,0.00208873488
52.6,object_red_01,RED,0.00222319079,-0.273499388,0.0599896713,4.32350856e-06,-0.00799338876,2.23028499e-15,-1.53944456e-08,5.95593814e-08,1.9520054e-05,0.599999979,0.600000014,1,0.000380566115,-0.00223731127,-0.0116628117,0.00208873944
52.64,object_red_01,RED,0.00222336193,-0.273820364,0.0599896713,4.23098318e-06,-0.00805390502,2.12500532e-15,-1.53294553e-08,5.93079426e-08,1.9437647e-05,0.599999973,0.60000002,1,0.000380355359,-0.00223731137,-0.0116628117,0.00208874402
52.68,object_red_01,RED,0.0022235288,-0.274143761,0.0599896713,4.11077499e-06,-0.00811440047,2.00723484e-15,-1.52306078e-08,5.89255096e-08,1.93123082e-05,0.599999968,0.600000025,1,0.000380143354,-0.00223731144,-0.0116628117,0.00208874862
52.72,object_red_01,RED,0.00222369025,-0.274469576,0.0599896713,3.96059922e-06,-0.00817482118,2.14641813e-15,-1.51165184e-08,5.84841127e-08,1.91676443e-05,0.599999962,0.600000031,1,0.000379930141,-0.00223731149,-0.0116628117,0.00208875324
52.76,object_red_01,RED,0.00222384508,-0.274797807,0.0599896713,3.77976588e-06,-0.00823520627,2.02507885e-15,-1.49704686e-08,5.79190616e-08,1.89824539e-05,0.599999955,0.600000038,1,0.000379715668,-0.00223731151,-0.0116628117,0.00208875788
52.8,object_red_01,RED,0.00222399199,-0.275128451,0.0599896713,3.56600674e-06,-0.00829552568,2.18924376e-15,-1.47983846e-08,5.72532885e-08,1.87642529e-05,0.599999949,0.600000043,1,0.000379499961,-0.00223731149,-0.0116628117,0.00208876254
52.84,object_red_01,RED,0.00222412967,-0.275461508,0.0599896713,3.31819307e-06,-0.00835577377,2.06076687e-15,-1.46047656e-08,5.6504199e-08,1.85187452e-05,0.599999941,0.600000052,1,0.000379283005,-0.00223731145,-0.0116628117,0.00208876721
52.88,object_red_01,RED,0.00222425671,-0.275796973,0.0599896713,3.03450457e-06,-0.00841598034,2.2427758e-15,-1.4368262e-08,5.55891932e-08,1.82188602e-05,0.599999935,0.600000057,1,0.000379064771,-0.00223731137,-0.0116628117,0.0020887719
52.92,object_red_01,RED,0.00222437194,-0.276134845,0.0599896713,2.75256172e-06,-0.00847610916,2.12143652e-15,-1.40482853e-08,5.43512394e-08,1.78131322e-05,0.599999955,0.600000038,1,0.00037884526,-0.00223731128,-0.0116628117,0.00208877664
52.96,object_red_01,RED,0.00222448013,-0.276475122,0.0599896713,2.7069011e-06,-0.00853622008,2.01080364e-15,-1.37917635e-08,5.33587834e-08,1.74878633e-05,0.600000012,0.599999981,1,0.000378624311,-0.00223731129,-0.0116628117,0.00208878153
53,object_red_01,RED,0.00222459183,-0.276817801,0.0599896713,2.90197016e-06,-0.00859622218,2.15355574e-15,-1.39583949e-08,5.40034644e-08,1.7699152e-05,0.600000046,0.599999947,1,0.000378402049,-0.00223731147,-0.0116628117,0.00208878664
53.04,object_red_01,RED,0.00222471387,-0.277162878,0.0599896713,3.19968006e-06,-0.00865613872,2.03400086e-15,-1.43357348e-08,5.546335e-08,1.81776165e-05,0.600000053,0.599999939,1,0.000378178473,-0.00223731181,-0.0116628117,0.00208879196
53.08,object_red_01,RED,0.00222484817,-0.277510351,0.0599896713,3.50436711e-06,-0.00871598517,2.18924376e-15,-1.47051493e-08,5.68925717e-08,1.86460309e-05,0.600000051,0.599999942,1,0.000377953565,-0.00223731223,-0.0116628117,0.00208879742
53.12,object_red_01,RED,0.0022249941,-0.277860215,0.0599896713,3.7798315e-06,-0.0087757236,2.1000237e-15,-1.50062132e-08,5.80573566e-08,1.90277783e-05,0.600000043,0.599999949,1,0.000377727359,-0.00223731268,-0.0116628117,0.00208880295
53.16,object_red_01,RED,0.00222515039,-0.278212468,0.0599896713,4.02342988e-06,-0.00883540338,2.23028499e-15,-1.52238843e-08,5.88995041e-08,1.93037848e-05,0.600000038,0.599999954,1,0.00037749979,-0.00223731311,-0.0116628117,0.00208880853
53.2,object_red_01,RED,0.00222531582,-0.278567105,0.0599896713,4.23856128e-06,-0.00889495794,2.12678972e-15,-1.54081069e-08,5.96122356e-08,1.95373764e-05,0.600000033,0.599999959,1,0.000377270924,-0.00223731351,-0.0116628117,0.00208881414
53.24,object_red_01,RED,0.00222548936,-0.278924123,0.0599896713,4.42950695e-06,-0.00895443058,1.99831283e-15,-1.55589453e-08,6.0195813e-08,1.97286389e-05,0.600000028,0.599999964,1,0.000377040695,-0.00223731389,-0.0116628117,0.00208881977
53.28,object_red_01,RED,0.00222567003,-0.279283517,0.0599896713,4.59574956e-06,-0.00901378953,2.16069334e-15,-1.56885242e-08,6.06971409e-08,1.98929442e-05,0.600000023,0.599999968,1,0.000376809139,-0.00223731425,-0.0116628117,0.00208882544
53.32,object_red_01,RED,0.00222585684,-0.279645284,0.0599896713,4.7367236e-06,-0.00907302915,1.77347828e-15,-1.58062562e-08,6.11526297e-08,2.00422268e-05,0.600000017,0.599999975,1,0.000376576232,-0.00223731457,-0.0116628117,0.00208883114
53.36,object_red_01,RED,0.00222604873,-0.280009418,0.0599896713,4.85029968e-06,-0.00913217605,2.18032176e-15,-1.5886702e-08,6.14638695e-08,2.01442327e-05,0.600000013,0.599999979,1,0.000376341954,-0.00223731488,-0.0116628117,0.00208883687
53.4,object_red_01,RED,0.00222624458,-0.280375915,0.0599896713,4.93481342e-06,-0.00919117859,2.08931729e-15,-1.59596601e-08,6.17461334e-08,2.02367422e-05,0.600000006,0.599999985,1,0.000376106327,-0.00223731515,-0.0116628117,0.00208884263
53.44,object_red_01,RED,0.00222644318,-0.28074477,0.0599896713,4.98847367e-06,-0.0092500794,2.23028499e-15,-1.59936399e-08,6.18775975e-08,2.02798284e-05,0.6,0.599999991,1,0.000375869312,-0.0022373154,-0.0116628117,0.00208884842
53.48,object_red_01,RED,0.00222664326,-0.281115978,0.0599896713,5.00965422e-06,-0.00930883946,2.12678972e-15,-1.60102269e-08,6.19417743e-08,2.03008615e-05,0.599999994,0.599999998,1,0.000375630923,-0.00223731562,-0.0116628117,0.00208885424
53.52,object_red_01,RED,0.00222684349,-0.281489534,0.0599896713,4.99640921e-06,-0.00936746221,2.00366604e-15,-1.60007204e-08,6.19049901e-08,2.02888066e-05,0.599999986,0.600000005,1,0.000375391154,-0.0022373158,-0.0116628117,0.00208886008
53.56,object_red_01,RED,0.00222704247,-0.281865432,0.0599896713,4.94740953e-06,-0.00942597263,2.16247774e-15,-1.59513749e-08,6.17140808e-08,2.02262372e-05,0.59999998,0.600000011,1,0.000375149961,-0.00223731595,-0.0116628117,0.00208886596
53.6,object_red_01,RED,0.00222723871,-0.282243668,0.0599896713,4.86019827e-06,-0.00948431021,2.03043205e-15,-1.58879967e-08,6.1468875e-08,2.01458734e-05,0.599999972,0.60000002,1,0.000374907398,-0.00223731606,-0.0116628117,0.00208887185
53.64,object_red_01,RED,0.00222743065,-0.282624234,0.0599896713,4.73363015e-06,-0.00954253959,2.18567496e-15,-1.5776299e-08,6.10367314e-08,2.00042421e-05,0.599999964,0.600000027,1,0.00037466338,-0.00223731613,-0.0116628117,0.00208887778
53.68,object_red_01,RED,0.00222761669,-0.283007126,0.0599896713,4.56500744e-06,-0.00960058758,2.06433568e-15,-1.56473252e-08,6.05377459e-08,1.98407042e-05,0.599999956,0.600000035,1,0.00037441798,-0.00223731617,-0.0116628117,0.00208888372
53.72,object_red_01,RED,0.00222779509,-0.283392338,0.0599896713,4.35300553e-06,-0.0096585022,2.22314738e-15,-1.54773145e-08,5.98799948e-08,1.96251321e-05,0.599999947,0.600000044,1,0.000374171121,-0.00223731616,-0.0116628117,0.00208888969
53.76,object_red_01,RED,0.00222796408,-0.283779862,0.0599896713,4.09507796e-06,-0.0097162543,2.0928861e-15,-1.52719182e-08,5.908534e-08,1.93646907e-05,0.599999938,0.600000053,1,0.000373922838,-0.00223731611,-0.0116628117,0.00208889568
53.8,object_red_01,RED,0.00222812178,-0.284169693,0.0599896713,3.78943758e-06,-0.00977383508,2.2534822e-15,-1.50391891e-08,5.81849349e-08,1.9069591e-05,0.599999928,0.600000063,1,0.00037367311,-0.00223731602,-0.0116628117,0.00208890168
53.84,object_red_01,RED,0.00222826624,-0.284561825,0.0599896713,3.43367751e-06,-0.00983125376,2.12857412e-15,-1.47632612e-08,5.71174026e-08,1.87197174e-05,0.599999918,0.600000073,1,0.000373421932,-0.00223731587,-0.0116628117,0.00208890771
53.88,object_red_01,RED,0.00222839654,-0.28495625,0.0599896713,3.12923931e-06,-0.00988855223,2.00009723e-15,-1.43130335e-08,5.5375519e-08,1.81488305e-05,0.599999961,0.60000003,1,0.000373169187,-0.00223731574,-0.0116628117,0.00208891381
53.92,object_red_01,RED,0.00222852101,-0.285352964,0.0599896713,3.1505823e-06,-0.00994569973,2.16961535e-15,-1.40784367e-08,5.44678894e-08,1.78513632e-05,0.600000027,0.599999964,1,0.00037291482,-0.00223731575,-0.0116628117,0.00208892013
53.96,object_red_01,RED,0.00222865224,-0.28575196,0.0599896713,3.43206182e-06,-0.0100026429,2.06076687e-15,-1.43345003e-08,5.54585718e-08,1.81760503e-05,0.600000061,0.59999993,1,0.000372658931,-0.00223731597,-0.0116628117,0.00208892672
54,object_red_01,RED,0.00222879708,-0.28615323,0.0599896713,3.80436392e-06,-0.010059386,1.92158358e-15,-1.47911753e-08,5.72253969e-08,1.87551114e-05,0.600000065,0.599999926,1,0.000372401537,-0.00223731636,-0.0116628117,0.00208893356
54.04,object_red_01,RED,0.00222895674,-0.286556766,0.0599896713,4.16334272e-06,-0.0101159763,2.08396409e-15,-1.51880556e-08,5.87608854e-08,1.92583537e-05,0.600000058,0.599999932,1,0.000372142591,-0.00223731683,-0.0116628117,0.00208894055
54.08,object_red_01,RED,0.00222912983,-0.286962561,0.0599896713,4.4748878e-06,-0.0101723492,2.23385379e-15,-1.54985813e-08,5.99622711e-08,1.96520977e-05,0.600000048,0.599999943,1,0.000371882144,-0.00223731731,-0.0116628117,0.00208894762
54.12,object_red_01,RED,0.00222931438,-0.287370608,0.0599896713,4.73856312e-06,-0.0102285679,2.12678972e-15,-1.56983075e-08,6.07349878e-08,1.99053486e-05,0.60000004,0.599999951,1,0.000371620125,-0.00223731776,-0.0116628117,0.00208895473
54.16,object_red_01,RED,0.00222950861,-0.2877809,0.0599896713,4.96101802e-06,-0.010284562,2.01437244e-15,-1.58602758e-08,6.13616282e-08,2.01107242e-05,0.600000032,0.599999958,1,0.000371356593,-0.00223731818,-0.0116628117,0.00208896188
54.2,object_red_01,RED,0.00222971097,-0.288193427,0.0599896713,5.14615951e-06,-0.0103403668,2.17675295e-15,-1.59805289e-08,6.1826873e-08,2.02632039e-05,0.600000025,0.599999966,1,0.000371091498,-0.00223731855,-0.0116628117,0.00208896905
54.24,object_red_01,RED,0.00222991998,-0.288608182,0.0599896713,5.29431018e-06,-0.0103959686,2.06255128e-15,-1.60699889e-08,6.21729823e-08,2.03766381e-05,0.600000017,0.599999973,1,0.000370824845,-0.00223731888,-0.0116628117,0.00208897626
54.28,object_red_01,RED,0.00223013412,-0.289025157,0.0599896713,5.40334138e-06,-0.0104513416,2.20530337e-15,-1.61433798e-08,6.24569261e-08,2.0469698e-05,0.600000009,0.599999981,1,0.000370556642,-0.00223731917,-0.0116628117,0.00208898351
54.32,object_red_01,RED,0.00223035179,-0.289444342,0.0599896713,5.47126631e-06,-0.010506526,2.11786771e-15,-1.61698065e-08,6.25591679e-08,2.05032069e-05,0.600000001,0.599999989,1,0.000370286838,-0.00223731943,-0.0116628117,0.00208899079
54.36,object_red_01,RED,0.00223057128,-0.28986573,0.0599896713,5.49510192e-06,-0.0105614634,1.98582202e-15,-1.61803406e-08,6.25999221e-08,2.05165639e-05,0.599999992,0.599999998,1,0.000370015478,-0.00223731964,-0.0116628117,0.00208899811
54.4,object_red_01,RED,0.00223079079,-0.290289312,0.0599896713,5.47324249e-06,-0.010616196,2.12500532e-15,-1.61469819e-08,6.24708622e-08,2.04742658e-05,0.599999983,0.600000007,1,0.000369742503,-0.00223731981,-0.0116628117,0.00208900546
54.44,object_red_01,RED,0.00223100844,-0.290715077,0.0599896713,5.40273816e-06,-0.0106706922,2.02864765e-15,-1.60803189e-08,6.22129504e-08,2.03897372e-05,0.599999974,0.600000016,1,0.000369467938,-0.00223731993,-0.0116628117,0.00208901285
54.48,object_red_01,RED,0.00223122225,-0.291143018,0.0599896713,5.28211725e-06,-0.0107249455,2.18924376e-15,-1.59881086e-08,6.18561974e-08,2.02728147e-05,0.599999963,0.600000026,1,0.000369191764,-0.00223732,-0.0116628117,0.00208902026
54.52,object_red_01,RED,0.00223143015,-0.291573124,0.0599896713,5.10831919e-06,-0.0107789885,2.04470726e-15,-1.5836422e-08,6.12693382e-08,2.00804774e-05,0.599999953,0.600000037,1,0.00036891395,-0.00223732003,-0.0116628117,0.0020890277
54.56,object_red_01,RED,0.00223162998,-0.292005387,0.0599896713,4.87971302e-06,-0.0108327593,2.20351897e-15,-1.56702895e-08,6.06265926e-08,1.98698229e-05,0.599999942,0.600000048,1,0.000368634529,-0.00223731999,-0.0116628117,0.00208903517
54.6,object_red_01,RED,0.00223181949,-0.292439796,0.0599896713,4.59319328e-06,-0.0108863134,2.08574849e-15,-1.54413874e-08,5.97409963e-08,1.95795772e-05,0.599999931,0.600000059,1,0.000368353443,-0.00223731991,-0.0116628117,0.00208904267
54.64,object_red_01,RED,0.00223199633,-0.292876342,0.0599896713,4.24688079e-06,-0.0109395965,2.2427758e-15,-1.51876128e-08,5.87591696e-08,1.9257792e-05,0.599999918,0.600000071,1,0.000368070725,-0.00223731976,-0.0116628117,0.00208905019
54.68,object_red_01,RED,0.00223215803,-0.293315014,0.0599896713,3.83765634e-06,-0.0109925995,2.1053769e-15,-1.48991231e-08,5.76430352e-08,1.88919889e-05,0.599999907,0.600000083,1,0.00036778639,-0.00223731956,-0.0116628117,0.00208905773
54.72,object_red_01,RED,0.00223230403,-0.293755802,0.0599896713,3.5232685e-06,-0.0110454701,1.99652843e-15,-1.43381639e-08,5.5472748e-08,1.81806962e-05,0.599999965,0.600000024,1,0.000367500158,-0.00223731938,-0.0116628117,0.00208906539
54.76,object_red_01,RED,0.00223244503,-0.2941987,0.0599896713,3.58705946e-06,-0.0110980338,2.14106493e-15,-1.41229982e-08,5.4640296e-08,1.7907868e-05,0.600000037,0.599999952,1,0.000367212165,-0.00223731937,-0.0116628117,0.0020890733
54.8,object_red_01,RED,0.0022325949,-0.294643695,0.0599896713,3.92647672e-06,-0.0111503434,2.03935406e-15,-1.44145168e-08,5.57681477e-08,1.82775111e-05,0.600000071,0.599999918,1,0.000366922398,-0.00223731959,-0.0116628117,0.00208908153
54.84,object_red_01,RED,0.00223276061,-0.295090775,0.0599896713,4.35020902e-06,-0.0112023438,1.92158358e-15,-1.4913226e-08,5.7697597e-08,1.89098708e-05,0.600000073,0.599999916,1,0.000366630943,-0.00223732,-0.0116628117,0.00208909004
54.88,object_red_01,RED,0.00223294292,-0.295539931,0.0599896713,4.74588543e-06,-0.0112540957,2.08753289e-15,-1.53374477e-08,5.93388643e-08,1.9447781e-05,0.600000063,0.599999926,1,0.00036633772,-0.00223732049,-0.0116628117,0.00208909873
54.92,object_red_01,RED,0.00223313977,-0.295991151,0.0599896713,5.07708253e-06,-0.0113055706,2.22671619e-15,-1.56294603e-08,6.0468628e-08,1.98180515e-05,0.600000049,0.599999939,1,0.000366042767,-0.00223732098,-0.0116628117,0.0020891075
54.96,object_red_01,RED,0.00223334855,-0.296444424,0.0599896713,5.34597877e-06,-0.0113567592,2.12322092e-15,-1.58289255e-08,6.12403338e-08,2.0070971e-05,0.600000039,0.59999995,1,0.000365746059,-0.00223732142,-0.0116628117,0.00208911632
55,object_red_01,RED,0.00223356696,-0.296899739,0.0599896713,5.56040822e-06,-0.0114076877,2.00366604e-15,-1.59397311e-08,6.16690307e-08,2.02114726e-05,0.600000028,0.59999996,1,0.000365447579,-0.00223732181,-0.0116628117,0.00208912517
55.04,object_red_01,RED,0.00223379293,-0.297357085,0.0599896713,5.72621602e-06,-0.011458299,2.14641813e-15,-1.60354829e-08,6.20394852e-08,2.03328857e-05,0.600000019,0.59999997,1,0.000365147352,-0.00223732215,-0.0116628117,0.00208913407
55.08,object_red_01,RED,0.00223402454,-0.29781645,0.0599896713,5.84292722e-06,-0.0115086379,2.03400086e-15,-1.60782739e-08,6.22050379e-08,2.0387144e-05,0.60000001,0.599999979,1,0.000364845336,-0.00223732244,-0.0116628117,0.00208914301
55.12,object_red_01,RED,0.00223425978,-0.298277822,0.0599896713,5.90883573e-06,-0.0115586634,2.16961535e-15,-1.61018433e-08,6.22962214e-08,2.04170292e-05,0.599999999,0.59999999,1,0.000364541544,-0.00223732267,-0.0116628117,0.00208915199
55.16,object_red_01,RED,0.00223449657,-0.298741189,0.0599896713,5.92061533e-06,-0.0116083788,2.07147328e-15,-1.60933362e-08,6.22633119e-08,2.04062431e-05,0.599999989,0.599999999,1,0.000364235968,-0.00223732286,-0.0116628117,0.00208916102
55.2,object_red_01,RED,0.00223473266,-0.299206538,0.0599896713,5.87538422e-06,-0.011657812,2.21244098e-15,-1.60280197e-08,6.20106088e-08,2.03234217e-05,0.599999977,0.600000011,1,0.000363928558,-0.00223732299,-0.0116628117,0.00208917009
55.24,object_red_01,RED,0.00223496573,-0.299673858,0.0599896713,5.77056967e-06,-0.0117068984,2.11073011e-15,-1.59485317e-08,6.17030781e-08,2.02226315e-05,0.599999965,0.600000023,1,0.000363619372,-0.00223732306,-0.0116628117,0.0020891792
55.28,object_red_01,RED,0.00223519333,-0.300143136,0.0599896713,5.60334694e-06,-0.0117557065,2.2445602e-15,-1.58000411e-08,6.11285865e-08,2.00343469e-05,0.599999953,0.600000035,1,0.000363308317,-0.00223732307,-0.0116628117,0.00208918835
55.32,object_red_01,RED,0.00223541293,-0.300614358,0.0599896713,5.37128298e-06,-0.0118041601,2.12322092e-15,-1.56329449e-08,6.04821074e-08,1.98224694e-05,0.599999939,0.600000049,1,0.000362995467,-0.00223732302,-0.0116628117,0.00208919753
55.36,object_red_01,RED,0.00223562187,-0.301087513,0.0599896713,5.07165421e-06,-0.0118523086,2.01615684e-15,-1.54102287e-08,5.96204442e-08,1.95400668e-05,0.599999927,0.600000061,1,0.000362680743,-0.0022373229,-0.0116628117,0.00208920676
55.4,object_red_01,RED,0.00223581739,-0.301562587,0.0599896713,4.70151449e-06,-0.0119001238,2.18745936e-15,-1.5141459e-08,5.85806057e-08,1.91992689e-05,0.599999912,0.600000076,1,0.000362364175,-0.00223732271,-0.0116628117,0.00208921602
55.44,object_red_01,RED,0.00223599661,-0.302039566,0.0599896713,4.25873228e-06,-0.0119475721,2.03756966e-15,-1.48478202e-08,5.74445519e-08,1.88269374e-05,0.599999899,0.600000089,1,0.00036204578,-0.00223732246,-0.0116628117,0.00208922531
55.48,object_red_01,RED,0.00223615886,-0.302518438,0.0599896713,3.91920255e-06,-0.011994808,2.20173457e-15,-1.42247367e-08,5.50339102e-08,1.80368713e-05,0.599999962,0.600000026,1,0.000361725279,-0.00223732222,-0.0116628117,0.00208923473
55.52,object_red_01,RED,0.00223631569,-0.302999192,0.0599896713,3.9879059e-06,-0.0120416637,2.0964549e-15,-1.39645574e-08,5.40273059e-08,1.77069655e-05,0.600000039,0.599999948,1,0.000361402784,-0.00223732216,-0.0116628117,0.00208924444
55.56,object_red_01,RED,0.00223648212,-0.303481813,0.0599896713,4.35567536e-06,-0.0120881695,2.23028499e-15,-1.42591249e-08,5.5166954e-08,1.80804752e-05,0.600000077,0.59999991,1,0.000361078323,-0.00223732235,-0.0116628117,0.00208925451
55.6,object_red_01,RED,0.00223666573,-0.303966287,0.0599896713,4.81466219e-06,-0.0121343067,2.11965211e-15,-1.47728192e-08,5.71543784e-08,1.87318355e-05,0.600000079,0.599999909,1,0.000360751936,-0.00223732275,-0.0116628117,0.0020892649
55.64,object_red_01,RED,0.00223686722,-0.304452599,0.0599896713,5.23780058e-06,-0.012180085,1.98760642e-15,-1.52283049e-08,5.89166025e-08,1.93093892e-05,0.600000067,0.59999992,1,0.000360423608,-0.00223732324,-0.0116628117,0.00208927548
55.68,object_red_01,RED,0.00223708407,-0.304940736,0.0599896713,5.58235483e-06,-0.0122255453,2.17675295e-15,-1.55050955e-08,5.99874734e-08,1.96603574e-05,0.60000005,0.599999937,1,0.00036009329,-0.00223732372,-0.0116628117,0.00208928617
55.72,object_red_01,RED,0.0022373131,-0.305430683,0.0599896713,5.85066636e-06,-0.012270615,2.04292286e-15,-1.56923756e-08,6.07120387e-08,1.9897827e-05,0.600000036,0.599999951,1,0.000359761038,-0.00223732415,-0.0116628117,0.00208929692
55.76,object_red_01,RED,0.00223755146,-0.305922426,0.0599896713,6.0523326e-06,-0.0123153579,2.19281256e-15,-1.57713168e-08,6.10174538e-08,1.99979243e-05,0.600000025,0.599999962,1,0.000359426778,-0.00223732451,-0.0116628117,0.00208930772
55.8,object_red_01,RED,0.00223779668,-0.30641595,0.0599896713,6.19510733e-06,-0.0123597032,2.08217969e-15,-1.58309744e-08,6.12482616e-08,2.00735696e-05,0.600000012,0.599999975,1,0.000359090568,-0.0022373248,-0.0116628117,0.00208931857
55.84,object_red_01,RED,0.0022380464,-0.306911241,0.0599896713,6.27907753e-06,-0.0124036867,2.23742259e-15,-1.58460623e-08,6.13066366e-08,2.0092701e-05,0.600000003,0.599999984,1,0.000358752353,-0.00223732503,-0.0116628117,0.00208932947
55.88,object_red_01,RED,0.00223829825,-0.307408284,0.0599896713,6.3021729e-06,-0.0124472974,2.13392732e-15,-1.58205874e-08,6.12080791e-08,2.00603995e-05,0.599999988,0.599999998,1,0.000358412136,-0.0022373252,-0.0116628117,0.00208934043
55.92,object_red_01,RED,0.00223854971,-0.307907063,0.0599896713,6.26092199e-06,-0.0124905067,1.99117523e-15,-1.57754567e-08,6.10334727e-08,2.0003174e-05,0.599999977,0.60000001,1,0.000358069926,-0.00223732531,-0.0116628117,0.00208935145
55.96,object_red_01,RED,0.00223879814,-0.308407563,0.0599896713,6.15172018e-06,-0.0125333584,2.13571172e-15,-1.56630437e-08,6.05985595e-08,1.98606354e-05,0.599999963,0.600000024,1,0.000357725665,-0.00223732535,-0.0116628117,0.00208936252
56,object_red_01,RED,0.00223904076,-0.308909768,0.0599896713,5.97172398e-06,-0.0125757913,2.03756966e-15,-1.5532217e-08,6.00924036e-08,1.96947472e-05,0.599999948,0.600000038,1,0.000357379402,-0.00223732533,-0.0116628117,0.00208937365
56.04,object_red_01,RED,0.00223927468,-0.309413664,0.0599896713,5.71806399e-06,-0.0126178495,2.18389056e-15,-1.5341638e-08,5.93550753e-08,1.94530945e-05,0.599999935,0.600000051,1,0.00035703107,-0.00223732523,-0.0116628117,0.00208938483
56.08,object_red_01,RED,0.00223949688,-0.309919233,0.0599896713,5.38740081e-06,-0.0126595014,2.08396409e-15,-1.51079639e-08,5.84510161e-08,1.91567969e-05,0.599999918,0.600000068,1,0.000356680699,-0.00223732506,-0.0116628117,0.00208939606
56.12,object_red_01,RED,0.00223970425,-0.31042646,0.0599896713,4.97785307e-06,-0.0127007396,2.2445602e-15,-1.48434355e-08,5.74275869e-08,1.88213771e-05,0.599999905,0.600000081,1,0.000356328264,-0.00223732481,-0.0116628117,0.00208940734
56.16,object_red_01,RED,0.00223989362,-0.310935328,0.0599896713,4.50088065e-06,-0.0127416117,2.11965211e-15,-1.44218736e-08,5.57966113e-08,1.82868396e-05,0.599999905,0.600000081,1,0.000355973728,-0.0022373245,-0.0116628117,0.00208941869
56.2,object_red_01,RED,0.00224006747,-0.311445824,0.0599896713,4.27052559e-06,-0.0127820998,1.99474403e-15,-1.38055705e-08,5.34122049e-08,1.75053717e-05,0.599999988,0.599999998,1,0.000355616898,-0.00223732426,-0.0116628117,0.00208943024
56.24,object_red_01,RED,0.00224024105,-0.311957931,0.0599896713,4.46369205e-06,-0.0128221888,2.13392732e-15,-1.36911737e-08,5.2969613e-08,1.73603165e-05,0.600000059,0.599999926,1,0.000355257844,-0.00223732423,-0.0116628117,0.00208944214
56.28,object_red_01,RED,0.00224042814,-0.312471632,0.0599896713,4.90134903e-06,-0.0128618142,1.99831283e-15,-1.41077233e-08,5.45811973e-08,1.78884985e-05,0.600000083,0.599999902,1,0.000354896663,-0.00223732446,-0.0116628117,0.00208945443
56.32,object_red_01,RED,0.00224063411,-0.31298691,0.0599896713,5.38014658e-06,-0.0129010152,2.18032176e-15,-1.46334566e-08,5.66152022e-08,1.85551255e-05,0.600000081,0.599999905,1,0.000354533334,-0.00223732488,-0.0116628117,0.00208946705
56.36,object_red_01,RED,0.00224085809,-0.313503747,0.0599896713,5.79368064e-06,-0.0129398142,2.04649166e-15,-1.50247656e-08,5.81291304e-08,1.90513022e-05,0.600000061,0.599999924,1,0.000354167823,-0.00223732536,-0.0116628117,0.00208947986
56.4,object_red_01,RED,0.00224109673,-0.314022127,0.0599896713,6.11480059e-06,-0.012978165,2.19995017e-15,-1.52794686e-08,5.91145475e-08,1.9374264e-05,0.600000044,0.599999941,1,0.000353800168,-0.0022373258,-0.0116628117,0.00208949277
56.44,object_red_01,RED,0.00224134641,-0.314542034,0.0599896713,6.35044751e-06,-0.0130161222,2.08396409e-15,-1.53820869e-08,5.95115679e-08,1.95043834e-05,0.600000029,0.599999956,1,0.000353430295,-0.00223732617,-0.0116628117,0.00208950575
56.48,object_red_01,RED,0.002241604,-0.315063448,0.0599896713,6.51340868e-06,-0.0130536124,2.23206939e-15,-1.54423904e-08,5.97448744e-08,1.95808478e-05,0.600000014,0.599999971,1,0.000353058276,-0.00223732647,-0.0116628117,0.00208951879
56.52,object_red_01,RED,0.00224186673,-0.315586354,0.0599896713,6.60975658e-06,-0.0130906816,2.12143652e-15,-1.54453671e-08,5.97563955e-08,1.95846231e-05,0.600000004,0.599999981,1,0.000352684033,-0.00223732669,-0.0116628117,0.0020895319
56.56,object_red_01,RED,0.00224213195,-0.316110734,0.0599896713,6.63910764e-06,-0.0131272984,2.00723484e-15,-1.54137559e-08,5.96340922e-08,1.95445394e-05,0.599999988,0.599999997,1,0.000352307606,-0.00223732684,-0.0116628117,0.00208954509
56.6,object_red_01,RED,0.00224239694,-0.316636568,0.0599896713,6.59947085e-06,-0.0131634544,2.15712454e-15,-1.53656177e-08,5.94478481e-08,1.94835005e-05,0.599999977,0.600000008,1,0.000351928964,-0.00223732692,-0.0116628117,0.00208955835
56.64,object_red_01,RED,0.00224265883,-0.31716384,0.0599896713,6.48517148e-06,-0.0131991817,2.03935406e-15,-1.52437104e-08,5.89762061e-08,1.93289232e-05,0.59999996,0.600000025,1,0.000351548084,-0.00223732693,-0.0116628117,0.00208957169
56.68,object_red_01,RED,0.00224291459,-0.317692532,0.0599896713,6.29463352e-06,-0.0132344236,2.18210616e-15,-1.51147679e-08,5.84773388e-08,1.91654246e-05,0.599999945,0.60000004,1,0.000351164985,-0.00223732687,-0.0116628117,0.0020895851
56.72,object_red_01,RED,0.00224316108,-0.318222624,0.0599896713,6.02273924e-06,-0.013269227,2.10894571e-15,-1.49112407e-08,5.76899183e-08,1.89073539e-05,0.59999993,0.600000054,1,0.000350779624,-0.00223732673,-0.0116628117,0.00208959858
56.76,object_red_01,RED,0.002243395,-0.318754098,0.0599896713,5.66779326e-06,-0.0133035514,1.99117523e-15,-1.46793779e-08,5.6792867e-08,1.86133538e-05,0.599999911,0.600000073,1,0.000350392013,-0.00223732651,-0.0116628117,0.00208961214
56.8,object_red_01,RED,0.00224361295,-0.319286936,0.0599896713,5.22637049e-06,-0.0133373993,2.13392732e-15,-1.44062841e-08,5.57362963e-08,1.82670721e-05,0.599999899,0.600000086,1,0.000350002142,-0.00223732621,-0.0116628117,0.00208962576
56.84,object_red_01,RED,0.0022438119,-0.319821118,0.0599896713,4.75454214e-06,-0.0133708325,1.98582202e-15,-1.38803351e-08,5.37014599e-08,1.76001727e-05,0.599999919,0.600000065,1,0.000349609903,-0.00223732585,-0.0116628117,0.00208963949
56.88,object_red_01,RED,0.00224399797,-0.320356628,0.0599896713,4.62984965e-06,-0.0134037929,2.42300032e-15,-1.33075345e-08,5.14853567e-08,1.68738646e-05,0.600000009,0.599999975,1,0.000349215196,-0.0022373256,-0.0116628117,0.00208965349
56.92,object_red_01,RED,0.00224418787,-0.320893448,0.0599896713,4.91073871e-06,-0.0134362881,2.03756966e-15,-1.3321748e-08,5.15403475e-08,1.68918873e-05,0.600000071,0.599999913,1,0.00034881806,-0.0022373256,-0.0116628117,0.0020896679
56.96,object_red_01,RED,0.0022443938,-0.321431556,0.0599896713,5.38693158e-06,-0.0134682443,2.20887217e-15,-1.3799446e-08,5.33885073e-08,1.74976053e-05,0.600000086,0.599999898,1,0.000348418624,-0.00223732586,-0.0116628117,0.00208968274
57,object_red_01,RED,0.00224461931,-0.321970933,0.0599896713,5.86749713e-06,-0.0134997304,2.08574849e-15,-1.43033563e-08,5.53380809e-08,1.81365602e-05,0.600000079,0.599999905,1,0.000348016807,-0.00223732628,-0.0116628117,0.00208969789
57.04,object_red_01,RED,0.00224486246,-0.32251156,0.0599896713,6.2626431e-06,-0.0135307312,2.23385379e-15,-1.46555394e-08,5.6700637e-08,1.85831262e-05,0.600000055,0.599999929,1,0.000347612635,-0.00223732673,-0.0116628117,0.00208971324
57.08,object_red_01,RED,0.0022451193,-0.323053416,0.0599896713,6.55571942e-06,-0.0135612328,1.84663873e-15,-1.48612411e-08,5.74964746e-08,1.88439547e-05,0.600000039,0.599999944,1,0.00034720609,-0.00223732713,-0.0116628117,0.0020897287
57.12,object_red_01,RED,0.00224538593,-0.323596482,0.0599896713,6.75694978e-06,-0.0135912664,2.01794125e-15,-1.49167468e-08,5.77112172e-08,1.89143347e-05,0.600000021,0.599999963,1,0.000346797145,-0.00223732744,-0.0116628117,0.00208974424
57.16,object_red_01,RED,0.002245659,-0.32414074,0.0599896713,6.8811099e-06,-0.0136207726,2.16069334e-15,-1.49414878e-08,5.78069374e-08,1.8945706e-05,0.600000006,0.599999977,1,0.000346385834,-0.00223732767,-0.0116628117,0.00208975987
57.2,object_red_01,RED,0.00224593554,-0.324686167,0.0599896713,6.93289522e-06,-0.0136497926,2.04292286e-15,-1.49024649e-08,5.76559639e-08,1.88962258e-05,0.599999994,0.599999989,1,0.000345972109,-0.00223732782,-0.0116628117,0.0020897756
57.24,object_red_01,RED,0.00224621269,-0.325232745,0.0599896713,6.91227859e-06,-0.0136782928,2.19816577e-15,-1.48414492e-08,5.74199021e-08,1.8818859e-05,0.599999977,0.600000006,1,0.000345555988,-0.00223732789,-0.0116628117,0.00208979142
57.28,object_red_01,RED,0.00224648747,-0.325780452,0.0599896713,6.81636185e-06,-0.0137062676,2.07504208e-15,-1.4761533e-08,5.71107163e-08,1.87175257e-05,0.599999967,0.600000016,1,0.000345137459,-0.00223732789,-0.0116628117,0.00208980734
57.32,object_red_01,RED,0.00224675675,-0.326329268,0.0599896713,6.63881003e-06,-0.0137337549,2.23563819e-15,-1.46016319e-08,5.64920748e-08,1.85147713e-05,0.599999946,0.600000037,1,0.000344716476,-0.00223732781,-0.0116628117,0.00208982336
57.36,object_red_01,RED,0.00224701726,-0.326879172,0.0599896713,6.37883413e-06,-0.0137606852,2.10894571e-15,-1.44454252e-08,5.58877288e-08,1.8316703e-05,0.59999993,0.600000052,1,0.000344293089,-0.00223732766,-0.0116628117,0.00208983948
57.4,object_red_01,RED,0.00224726556,-0.327430143,0.0599896713,6.02993917e-06,-0.0137871258,1.99295963e-15,-1.41991115e-08,5.49347671e-08,1.8004378e-05,0.599999914,0.600000069,1,0.000343867217,-0.00223732742,-0.0116628117,0.0020898557
57.44,object_red_01,RED,0.00224749809,-0.32798216,0.0599896713,5.59188313e-06,-0.0138130098,2.14641813e-15,-1.3942023e-08,5.39401247e-08,1.76783929e-05,0.599999893,0.600000089,1,0.000343438914,-0.00223732709,-0.0116628117,0.00208987201
57.48,object_red_01,RED,0.00224691252,-0.328536586,0.0599896713,-9.47488838e-05,-0.0139946068,2.03400086e-15,2.33483797e-07,-9.03322983e-07,-0.000296056011,0.599927599,0.600072361,1,0.000342742951,-0.00223725671,-0.0116628117,0.00208982893
57.52,object_red_01,RED,0.00222864981,-0.329111472,0.0599896713,-0.000953774074,-0.0148111544,2.18389056e-15,2.17153446e-06,-8.40144413e-06,-0.00275349766,0.59974661,0.600253215,1,0.000340578561,-0.00223679089,-0.0116628117,0.00208944969
57.56,object_red_01,RED,0.0021592022,-0.329726048,0.0599896713,-0.00255976599,-0.0159050022,2.06612008e-15,5.94900695e-06,-2.30161444e-05,-0.00754333309,0.599650943,0.600348769,1,0.000337595053,-0.00223583201,-0.0116628117,0.00208861421
57.6,object_red_01,RED,0.00201974005,-0.33038431,0.0599896713,-0.00435250454,-0.0169556483,2.21244098e-15,1.02842601e-05,-3.97888481e-05,-0.0130404346,0.599667371,0.600332296,1,0.000334584616,-0.00223446805,-0.0116628117,0.00208737961
57.64,object_red_01,RED,0.00181337404,-0.331080365,0.0599896713,-0.00585293008,-0.0177793829,2.11786771e-15,1.39285676e-05,-5.38882862e-05,-0.0176613988,0.599754157,0.600245529,1,0.000331977231,-0.00223300915,-0.0116628117,0.00208603671
57.68,object_red_01,RED,0.00155738631,-0.331803145,0.0599896713,-0.00682571335,-0.0182913031,1.99474403e-15,1.62563602e-05,-6.28941881e-05,-0.0206130039,0.599866227,0.600133521,1,0.00032999048,-0.00223178048,-0.0116628117,0.00208489884
57.72,object_red_01,RED,0.00127447835,-0.332539458,0.0599896713,-0.00721279154,-0.0184625682,2.14998693e-15,1.71304991e-05,-6.62760212e-05,-0.0217213717,0.599979736,0.6000201,1,0.000328734842,-0.00223098708,-0.0116628117,0.00208416389
57.76,object_red_01,RED,0.000987875185,-0.333275548,0.0599896713,-0.00702904591,-0.0182890137,2.03400086e-15,1.66194139e-05,-6.42985737e-05,-0.0210732834,0.600087708,0.599912229,1,0.000328273445,-0.00223071204,-0.0116628117,0.00208391051
57.8,object_red_01,RED,0.000719940937,-0.33399765,0.0599896713,-0.00629529238,-0.017771892,2.18210616e-15,1.48075239e-05,-5.72884812e-05,-0.0187757902,0.600193951,0.599806097,1,0.000328653576,-0.00223097078,-0.0116628117,0.00208415136
57.84,object_red_01,RED,0.000492533146,-0.334692048,0.0599896713,-0.00501549758,-0.0169123154,2.05719807e-15,1.17305856e-05,-4.53841022e-05,-0.0148742376,0.60030031,0.599699857,1,0.000329917051,-0.00223175932,-0.0116628117,0.00208488105
57.88,object_red_01,RED,0.000327704783,-0.335344986,0.0599896713,-0.00317737968,-0.0157067603,2.20173457e-15,7.37481728e-06,-2.85321378e-05,-0.00935115685,0.600410091,0.599590197,1,0.000332103937,-0.00223308026,-0.0116628117,0.00208610211
57.92,object_red_01,RED,0.000248165142,-0.335942548,0.0599896713,-0.000762115412,-0.0141511984,2.09110169e-15,1.70521292e-06,-6.59718158e-06,-0.00216216916,0.600524397,0.599476009,1,0.000335246343,-0.00223494711,-0.0116628117,0.00208782966
57.96,object_red_01,RED,0.00027740457,-0.336470576,0.0599896713,0.00224951239,-0.0122378403,2.23385379e-15,-5.32023919e-06,2.05832743e-05,0.00674598661,0.600639996,0.599360514,1,0.000339367005,-0.00223738261,-0.0116628117,0.00209009006
58,object_red_01,RED,0.000439618073,-0.336914557,0.0599896713,0.00587362775,-0.00995593368,2.11429891e-15,-1.37414848e-05,5.31637416e-05,0.017423951,0.600762039,0.599238547,1,0.000344474119,-0.00224041395,-0.0116628117,0.00209291617
58.04,object_red_01,RED,0.000759537133,-0.337259517,0.0599896713,0.0101206215,-0.00729387571,2.00009723e-15,-2.3590047e-05,9.12661444e-05,0.0299116843,0.600882879,0.599117738,1,0.000350553866,-0.00224406889,-0.0116628117,0.00209634372
58.08,object_red_01,RED,0.00126224885,-0.337489856,0.0599896713,0.0149973064,-0.00423512897,2.11073011e-15,-3.48820459e-05,0.000134952823,0.0442296187,0.601005475,0.598995106,1,0.000357569031,-0.00224837638,-0.0116628117,0.00210041161
58.12,object_red_01,RED,0.0019708652,-0.337603174,0.0599896713,0.0203350066,-0.00174316582,2.01794125e-15,-3.911969e-05,0.000151349684,0.0496035044,0.601049902,0.598949764,1,0.000363454359,-0.00225318547,-0.0116628117,0.00210503782
58.16,object_red_01,RED,0.00289360789,-0.337642055,0.0599896713,0.0256152152,-0.000356862624,2.13571172e-15,-3.19192458e-05,0.000123493499,0.0404738579,0.600986491,0.599011506,1,0.000365913794,-0.00225818117,-0.0116628117,0.00210996069
58.2,object_red_01,RED,0.0040176019,-0.337637415,0.0599896713,0.0303427769,0.000507171883,2.04827607e-15,-2.09139114e-05,8.09149385e-05,0.0265191187,0.600844535,0.599152892,1,0.000366417122,-0.00226310327,-0.0116628117,0.00211486635
58.24,object_red_01,RED,0.00531408432,-0.337604375,0.0599896713,0.0342339846,0.00109567067,2.21065658e-15,-9.68949162e-06,3.74882512e-05,0.0122864244,0.600669248,0.599328312,1,0.000365864649,-0.0022675831,-0.0116628117,0.00211935927
58.28,object_red_01,RED,0.00674763867,-0.337551478,0.0599896713,0.0372196452,0.00151602505,2.08039529e-15,1.21829517e-07,-4.71236777e-07,-0.000154445849,0.600495554,0.599502382,1,0.000364684261,-0.0022713491,-0.0116628117,0.00212315651
58.32,object_red_01,RED,0.00828258345,-0.337484294,0.0599896713,0.0393341352,0.00181825654,2.21779418e-15,7.62096379e-06,-2.94848534e-05,-0.00966339261,0.600331226,0.599667177,1,0.000363103175,-0.00227428293,-0.0116628117,0.00212613416
58.36,object_red_01,RED,0.00988510891,-0.337407073,0.0599896713,0.0406256585,0.00202181271,2.11786771e-15,1.22890112e-05,-4.75450239e-05,-0.0155824514,0.600174632,0.599824289,1,0.000361255733,-0.00227636754,-0.0116628117,0.00212827205
58.4,object_red_01,RED,0.0115228835,-0.337323689,0.0599896713,0.0411181584,0.00212782232,2.00723484e-15,1.38328737e-05,-5.35178824e-05,-0.0175400058,0.600019857,0.599979628,1,0.00035922925,-0.00227762046,-0.0116628117,0.00212958575
58.44,object_red_01,RED,0.0131639801,-0.337238232,0.0599896713,0.040809952,0.00212588525,2.14284933e-15,1.20998977e-05,-4.68129782e-05,-0.0153425379,0.599863804,0.600136288,1,0.00035708668,-0.00227805555,-0.0116628117,0.00213008767
58.48,object_red_01,RED,0.014776066,-0.337155341,0.0599896713,0.0396853873,0.00199911644,2.03043205e-15,7.01575704e-06,-2.71429247e-05,-0.00889585571,0.599705105,0.600295624,1,0.000354878644,-0.00227767248,-0.0116628117,0.00212977623
58.52,object_red_01,RED,0.0163309256,-0.337081543,0.0599896713,0.0381274205,0.0016647276,2.16426214e-15,2.94154818e-06,-1.13804666e-05,-0.00372984713,0.59973286,0.600268013,1,0.000352440792,-0.00227666781,-0.0116628117,0.00212885373
58.56,object_red_01,RED,0.01783345,-0.337022788,0.0599896713,0.0371610064,0.00130025014,2.07147328e-15,2.27144863e-06,-8.78797463e-06,-0.0028801801,0.599890812,0.600109498,1,0.000349838274,-0.00227553239,-0.0116628117,0.00212780926
58.6,object_red_01,RED,0.0193135027,-0.336975726,0.0599896713,0.0369509265,0.0010863516,2.20173457e-15,1.87021462e-06,-7.23564544e-06,-0.00237141811,0.600012587,0.599987429,1,0.000347446372,-0.00227474113,-0.0116628117,0.00212710427
58.64,object_red_01,RED,0.0207952824,-0.336933939,0.0599896713,0.0371734906,0.00102712273,2.09110169e-15,1.15977741e-06,-4.48704355e-06,-0.00147058845,0.600061699,0.59993825,1,0.000345340339,-0.00227446142,-0.0116628117,0.00212690247
58.68,object_red_01,RED,0.0222890217,-0.336892013,0.0599896713,0.0375041089,0.00108435694,2.22493179e-15,4.56078298e-07,-1.76451367e-06,-0.000578303597,0.600061416,0.599938531,1,0.000343493062,-0.00227455,-0.0116628117,0.00212706082
58.72,object_red_01,RED,0.0237950317,-0.336845879,0.0599896713,0.0377732769,0.00123294562,2.13214292e-15,3.55357346e-09,-1.37481575e-08,-4.50583999e-06,0.600042654,0.599957307,1,0.000341886515,-0.00227478889,-0.0116628117,0.00212736156
58.76,object_red_01,RED,0.0253097373,-0.336792026,0.0599896713,0.037941951,0.0014687814,1.98403762e-15,-1.81022591e-07,7.00356003e-07,0.000229535411,0.600024233,0.59997575,1,0.00034053059,-0.00227502863,-0.0116628117,0.00212765439
58.8,object_red_01,RED,0.0268294528,-0.336726838,0.0599896713,0.0380310173,0.00179891694,2.15534014e-15,-1.97524469e-07,7.64200013e-07,0.000250459711,0.600011792,0.59998822,1,0.000339448961,-0.00227520997,-0.0116628117,0.0021278787
58.84,object_red_01,RED,0.0283516187,-0.336646346,0.0599896713,0.0380698159,0.0022327251,2.02151005e-15,-1.50445348e-07,5.82056209e-07,0.00019076371,0.600004139,0.599995909,1,0.000338665439,-0.00227532974,-0.0116628117,0.00212802995
58.88,object_red_01,RED,0.0298746259,-0.336546279,0.0599896713,0.0380759567,0.00277384505,2.18924376e-15,-9.43621828e-08,3.65076728e-07,0.000119650628,0.599999103,0.600000985,1,0.000338192884,-0.00227540373,-0.0116628117,0.00212812306
58.92,object_red_01,RED,0.0313975117,-0.336423203,0.0599896713,0.0380686536,0.00336508543,2.06968888e-15,4.88555086e-09,-1.89016372e-08,-6.19484229e-06,0.599999142,0.600000965,1,0.000337907527,-0.00227544958,-0.0116628117,0.0021281805
58.96,object_red_01,RED,0.0329202865,-0.336276931,0.0599896713,0.0380735631,0.00392508804,2.22671619e-15,1.02810077e-07,-3.97760684e-07,-0.000130362502,0.600003281,0.599996815,1,0.000337566583,-0.00227548221,-0.0116628117,0.00212822706
59,object_red_01,RED,0.0344437633,-0.336109622,0.0599896713,0.038104231,0.00441446666,2.11073011e-15,1.58431966e-07,-6.12955527e-07,-0.000200890685,0.600008735,0.599991338,1,0.000337031604,-0.00227551839,-0.0116628117,0.00212828521
59.04,object_red_01,RED,0.0359690467,-0.335924526,0.0599896713,0.0381630238,0.00481435063,1.98939083e-15,1.72272796e-07,-6.66504119e-07,-0.000218440757,0.600014033,0.599986009,1,0.00033623547,-0.00227557009,-0.0116628117,0.00212836986
59.08,object_red_01,RED,0.0374972246,-0.335725461,0.0599896713,0.0382479108,0.00511413021,2.12857412e-15,1.59842909e-07,-6.18414264e-07,-0.000202679738,0.60001889,0.599981118,1,0.000335142551,-0.00227564187,-0.0116628117,0.00212848735
59.12,object_red_01,RED,0.0390293026,-0.335516568,0.0599896713,0.0383573052,0.00530757715,2.02864765e-15,1.35282515e-07,-5.2339285e-07,-0.000171537321,0.600023544,0.599976427,1,0.000333732118,-0.00227573408,-0.0116628117,0.00212863937
59.16,object_red_01,RED,0.0405662624,-0.335302189,0.0599896713,0.038491611,0.00539068607,2.16783095e-15,1.06379078e-07,-4.11568701e-07,-0.000134887957,0.600028585,0.599971347,1,0.000331990512,-0.00227584623,-0.0116628117,0.00212882667
59.2,object_red_01,RED,0.0421091382,-0.335086791,0.0599896713,0.0386528639,0.00536098018,2.31415185e-15,7.52088397e-08,-2.90974549e-07,-9.53643032e-05,0.600033992,0.5999659,1,0.000329907542,-0.00227597879,-0.0116628117,0.00212905095
59.24,object_red_01,RED,0.0436590661,-0.334874935,0.0599896713,0.0388439915,0.00521617904,2.22136298e-15,4.26593123e-08,-1.65044083e-07,-5.40917207e-05,0.600040211,0.59995964,1,0.000327474165,-0.00227613351,-0.0116628117,0.00212931539
59.28,object_red_01,RED,0.0452173316,-0.334670903,0.0599896713,0.0390692184,0.00498577189,2.1035925e-15,4.98498653e-09,-1.92863517e-08,-6.32092877e-06,0.600046567,0.599953248,1,0.000324739602,-0.00227631353,-0.0116628117,0.002129622
59.32,object_red_01,RED,0.0467851137,-0.334476038,0.0599896713,0.0393144691,0.00477211504,1.96619361e-15,-6.50692476e-08,2.517456e-07,8.25073664e-05,0.600047443,0.599952366,1,0.000321964091,-0.00227651669,-0.0116628117,0.00212995717
59.36,object_red_01,RED,0.0483625717,-0.334288294,0.0599896713,0.0395483443,0.00463353533,2.14820253e-15,-1.37213313e-07,5.3086287e-07,0.000173985553,0.60004267,0.59995716,1,0.000319347417,-0.00227673172,-0.0116628117,0.00213029991
59.4,object_red_01,RED,0.0499487328,-0.334104121,0.0599896713,0.0397478189,0.00459372657,2.02507885e-15,-1.81167357e-07,7.00916142e-07,0.00022971899,0.600034632,0.599965232,1,0.000316982188,-0.00227693912,-0.0116628117,0.00213062546
59.44,object_red_01,RED,0.05154198,-0.333919309,0.0599896713,0.039902972,0.00466416976,2.16069334e-15,-1.91489545e-07,7.40851556e-07,0.000242807464,0.600025744,0.599974159,1,0.000314915103,-0.0022771214,-0.0116628117,0.00213091313
59.48,object_red_01,RED,0.0531404828,-0.333729295,0.0599896713,0.0400117295,0.00485179637,2.04292286e-15,-1.78769901e-07,6.91640701e-07,0.000226679046,0.600016749,0.599983197,1,0.000313173981,-0.00227726853,-0.0116628117,0.00213115058
59.52,object_red_01,RED,0.0547423871,-0.333529288,0.0599896713,0.0400741954,0.00516141387,2.21422538e-15,-1.56179719e-07,6.04241826e-07,0.000198034847,0.600007769,0.599992223,1,0.000311778215,-0.00227737657,-0.0116628117,0.00213133204
59.56,object_red_01,RED,0.0563458314,-0.333314344,0.0599896713,0.0400896652,0.00559600968,2.12322092e-15,-1.32628842e-07,5.13126123e-07,0.000168172492,0.599998473,0.600001565,1,0.000310742394,-0.00227744416,-0.0116628117,0.00213145473
59.6,object_red_01,RED,0.0579488963,-0.333079415,0.0599896713,0.0400560456,0.00615759922,2.02151005e-15,-1.1168573e-07,4.32099567e-07,0.000141616763,0.599988883,0.600011203,1,0.000310078279,-0.00227747014,-0.0116628117,0.00213151633
59.64,object_red_01,RED,0.0595497111,-0.332819865,0.0599896713,0.0399829274,0.00680879513,2.14998693e-15,-4.06979708e-08,1.57455911e-07,5.16047645e-05,0.599984512,0.60001561,1,0.000309717178,-0.00227746008,-0.0116628117,0.00213152576
59.68,object_red_01,RED,0.0611474526,-0.332534307,0.0599896713,0.0399089451,0.00744450715,2.02686325e-15,7.42173863e-08,-2.87138765e-07,-9.41071586e-05,0.599987834,0.600012284,1,0.000309373327,-0.00227743228,-0.0116628117,0.0021315166
59.72,object_red_01,RED,0.0627427637,-0.332224683,0.0599896713,0.039864043,0.00800771288,2.16069334e-15,1.59097219e-07,-6.15529337e-07,-0.000201734227,0.599995098,0.600004995,1,0.000308843453,-0.00227740777,-0.0116628117,0.0021315209
59.76,object_red_01,RED,0.064337105,-0.331894507,0.0599896713,0.0398602843,0.00847156627,2.03935406e-15,1.94001425e-07,-7.50569758e-07,-0.000245992517,0.600003424,0.599996634,1,0.000308028667,-0.00227740531,-0.0116628117,0.00213156295
59.8,object_red_01,RED,0.0659321751,-0.331548067,0.0599896713,0.0398992628,0.00882189375,2.21957858e-15,1.90098489e-07,-7.35469709e-07,-0.000241043612,0.600011553,0.599988465,1,0.000306878125,-0.00227743529,-0.0116628117,0.00213165624
59.84,object_red_01,RED,0.0675296593,-0.331190096,0.0599896713,0.0399798003,0.00905012294,2.11786771e-15,1.6487212e-07,-6.37871702e-07,-0.000209056739,0.600019618,0.599980358,1,0.000305362451,-0.00227750094,-0.0116628117,0.0021318062
59.88,object_red_01,RED,0.0691312141,-0.33082559,0.0599896713,0.0401019162,0.00915115492,1.72351505e-15,1.3049896e-07,-5.04885807e-07,-0.000165471803,0.600027667,0.599972263,1,0.00030346295,-0.00227760255,-0.0116628117,0.00213201494
59.92,object_red_01,RED,0.0707385377,-0.330459713,0.0599896713,0.0402676329,0.00912149534,2.13749613e-15,9.31623072e-08,-3.60434492e-07,-0.000118129178,0.600036534,0.599963349,1,0.000301165944,-0.00227774062,-0.0116628117,0.00213228477
59.96,object_red_01,RED,0.0723534381,-0.330097723,0.0599896713,0.0404803312,0.00896025265,2.03578526e-15,5.47041722e-08,-2.11644291e-07,-6.93645214e-05,0.600046098,0.599953736,1,0.000298461542,-0.00227791691,-0.0116628117,0.00213261931
60,object_red_01,RED,0.073977834,-0.32974415,0.0599896713,0.0407387309,0.00872328984,2.19459696e-15,2.18785724e-09,-8.46456739e-09,-2.77418649e-06,0.600052725,0.599947073,1,0.000295454938,-0.00227812859,-0.0116628117,0.00213301087
60.04,object_red_01,RED,0.0756129651,-0.3293995,0.0599896713,0.0410093443,0.00852682233,2.05541367e-15,-8.58732144e-08,3.32233799e-07,0.000108886653,0.60005095,0.59994885,1,0.000292464111,-0.00227835799,-0.0116628117,0.00213342332
60.08,object_red_01,RED,0.0772584427,-0.329060885,0.0599896713,0.0412509645,0.00842444378,2.23028499e-15,-1.66353519e-07,6.4360304e-07,0.000210935134,0.600042177,0.599957652,1,0.000289687708,-0.00227858458,-0.0116628117,0.00213382351
60.12,object_red_01,RED,0.0789125218,-0.328724044,0.0599896713,0.0414380106,0.00843767089,2.11786771e-15,-2.0961304e-07,8.10969295e-07,0.000265787926,0.600030341,0.599969529,1,0.00028721715,-0.00227878432,-0.0116628117,0.00213418072
60.16,object_red_01,RED,0.080572772,-0.328384104,0.0599896713,0.0415603694,0.00857759749,1.99295963e-15,-2.15258711e-07,8.32811793e-07,0.000272946609,0.600017445,0.599982472,1,0.000285100654,-0.0022789384,-0.0116628117,0.00213447199
60.2,object_red_01,RED,0.0822365489,-0.328035842,0.0599896713,0.0416159367,0.00885139957,2.14463373e-15,-1.97295319e-07,7.63313469e-07,0.000250169154,0.600004473,0.599995496,1,0.000283368678,-0.00227903687,-0.0116628117,0.00213468433
60.24,object_red_01,RED,0.083901174,-0.327673804,0.0599896713,0.0416043396,0.00926356711,2.01437244e-15,-1.70394624e-07,6.59237702e-07,0.000216059253,0.599991306,0.600008717,1,0.000282042652,-0.00227907593,-0.0116628117,0.0021348116
60.28,object_red_01,RED,0.0855639338,-0.327292382,0.0599896713,0.0415240009,0.00981737737,2.15712454e-15,-1.44062848e-07,5.57363012e-07,0.000182670736,0.599977901,0.600022177,1,0.000281139806,-0.00227905394,-0.0116628117,0.00213485024
60.32,object_red_01,RED,0.0872220815,-0.326886029,0.0599896713,0.0413786058,0.0104976726,2.05898247e-15,-9.11643722e-08,3.5270477e-07,0.000115595829,0.599967974,0.600032155,1,0.000280642448,-0.00227897437,-0.0116628117,0.0021348044
60.36,object_red_01,RED,0.0888738168,-0.326451686,0.0599896713,0.0412139354,0.0111957563,2.22671619e-15,3.69521911e-08,-1.42963885e-07,-4.68551334e-05,0.599969814,0.600030324,1,0.000280284268,-0.00227886795,-0.0116628117,0.00213472246
60.4,object_red_01,RED,0.0905194576,-0.325990609,0.0599896713,0.0410791847,0.0118272496,2.1018081e-15,1.52429221e-07,-5.89731616e-07,-0.000193279255,0.599978601,0.600021514,1,0.00027977824,-0.00227876724,-0.0116628117,0.00213465633
60.44,object_red_01,RED,0.092160774,-0.325506324,0.0599896713,0.0409985858,0.0123545605,1.99295963e-15,2.11929304e-07,-8.19930737e-07,-0.000268724956,0.599990139,0.600009939,1,0.000278980884,-0.00227869793,-0.0116628117,0.00213464151
60.48,object_red_01,RED,0.0938001111,-0.325003428,0.0599896713,0.0409790121,0.0127584295,2.13749613e-15,2.19850701e-07,-8.50577684e-07,-0.00027876922,0.600002043,0.599997991,1,0.000277819893,-0.00227867592,-0.0116628117,0.00213469921
60.52,object_red_01,RED,0.095439922,-0.324487114,0.0599896713,0.041020653,0.0130273638,2.01972565e-15,1.96156321e-07,-7.58906761e-07,-0.000248724896,0.60001395,0.599986035,1,0.000276254409,-0.00227870757,-0.0116628117,0.00213483917
60.56,object_red_01,RED,0.0970826512,-0.323962933,0.0599896713,0.0411235173,0.0131546017,2.44976634e-15,1.57753458e-07,-6.1033039e-07,-0.000200030321,0.600025683,0.599974249,1,0.000274259112,-0.00227879422,-0.0116628117,0.00213506541
60.6,object_red_01,RED,0.0987307817,-0.323436642,0.0599896713,0.0412896627,0.0131358731,2.05362927e-15,1.14416317e-07,-4.42663859e-07,-0.000145079117,0.600038544,0.599961334,1,0.000271816156,-0.00227893653,-0.0116628117,0.00213538103
60.64,object_red_01,RED,0.100386915,-0.32291411,0.0599896713,0.0415227104,0.0129715866,2.21065658e-15,6.98848024e-08,-2.70376441e-07,-8.86134577e-05,0.600051728,0.599948095,1,0.000268914915,-0.00227913608,-0.0116628117,0.0021357899
60.68,object_red_01,RED,0.102053642,-0.322400079,0.0599896713,0.0418120797,0.0127372542,2.0982393e-15,3.79041489e-09,-1.46646794e-08,-4.80621785e-06,0.600058436,0.599941348,1,0.000265703391,-0.00227937959,-0.0116628117,0.00213626958
60.72,object_red_01,RED,0.10373222,-0.321894553,0.0599896713,0.0421053097,0.0125586915,2.2445602e-15,-1.00147813e-07,3.87460613e-07,0.000126986747,0.600053835,0.599945956,1,0.000262540292,-0.00227963164,-0.0116628117,0.00213675884
60.76,object_red_01,RED,0.105421698,-0.321394057,0.0599896713,0.0423515021,0.0124880685,2.14463373e-15,-1.89862357e-07,7.34556084e-07,0.00024074418,0.600041083,0.599958743,1,0.000259632133,-0.00227986347,-0.0116628117,0.00213721282
60.8,object_red_01,RED,0.107119522,-0.320893794,0.0599896713,0.0425213674,0.0125461064,2.00545044e-15,-2.35392903e-07,9.10708685e-07,0.000298476618,0.600024846,0.599975029,1,0.000257074382,-0.00228004719,-0.0116628117,0.0021375952
60.84,object_red_01,RED,0.108822362,-0.320388377,0.0599896713,0.0426036387,0.0127437346,2.16961535e-15,-2.38735818e-07,9.23642096e-07,0.000302715426,0.60000748,0.59999245,1,0.000254918839,-0.00228016247,-0.0116628117,0.00213788037
60.88,object_red_01,RED,0.110526645,-0.31987206,0.0599896713,0.0425956394,0.013088477,2.04470726e-15,-2.16992885e-07,8.3952115e-07,0.000275145539,0.599989849,0.60001014,1,0.000253199594,-0.00228019887,-0.0116628117,0.00213805399
60.92,object_red_01,RED,0.112228744,-0.319338857,0.0599896713,0.0424964533,0.0135848493,2.19638137e-15,-1.86390185e-07,7.21122739e-07,0.00023634152,0.599971949,0.600028102,1,0.000251941067,-0.0022801524,-0.0116628117,0.00213810908
60.96,object_red_01,RED,0.113924972,-0.318782639,0.0599896713,0.0423042558,0.0142349871,2.08396409e-15,-1.54178343e-07,5.96498735e-07,0.000195497119,0.599954467,0.600045648,1,0.000251161276,-0.00228002151,-0.0116628117,0.00213804184
61,object_red_01,RED,0.11561198,-0.318198122,0.0599896713,0.0420483642,0.0149749153,2.2463446e-15,-4.49572171e-08,1.73934477e-07,5.70054667e-05,0.599949132,0.600051022,1,0.000250734511,-0.0022798314,-0.0116628117,0.00213788709
61.04,object_red_01,RED,0.117288746,-0.317584436,0.0599896713,0.0418029154,0.0156792399,2.13571172e-15,1.05263699e-07,-4.07253489e-07,-0.000133473684,0.599957043,0.6000431,1,0.000250292632,-0.00227963763,-0.0116628117,0.00213773002
61.08,object_red_01,RED,0.118956793,-0.316944422,0.0599896713,0.0416161778,0.0162872578,2.02151005e-15,2.08365672e-07,-8.06143483e-07,-0.000264206307,0.599970907,0.600029201,1,0.000249602217,-0.00227947853,-0.0116628117,0.00213762796
61.12,object_red_01,RED,0.120618944,-0.316282586,0.0599896713,0.0415078183,0.0167700352,2.17318415e-15,2.45686113e-07,-9.50532026e-07,-0.00031152836,0.599986841,0.60001322,1,0.00024854918,-0.00227937927,-0.0116628117,0.00213761564
61.16,object_red_01,RED,0.12227846,-0.315604299,0.0599896713,0.0414825081,0.0171111747,2.05006047e-15,2.34354994e-07,-9.06693146e-07,-0.000297160561,0.600002992,0.599997016,1,0.000247071907,-0.00227935255,-0.0116628117,0.00213771136
61.2,object_red_01,RED,0.123938675,-0.314915448,0.0599896713,0.0415407651,0.0173007843,2.14998693e-15,1.96871582e-07,-7.61674011e-07,-0.000249631838,0.600019419,0.599980531,1,0.000245133433,-0.00227940245,-0.0116628117,0.00213792315
61.24,object_red_01,RED,0.125602957,-0.314222223,0.0599896713,0.0416841348,0.0173332243,2.05719807e-15,1.48688571e-07,-5.75259355e-07,-0.000188536103,0.600035776,0.599964113,1,0.000242709399,-0.00227952997,-0.0116628117,0.00213825533
61.28,object_red_01,RED,0.127274776,-0.313530972,0.0599896713,0.0419162658,0.0172059372,2.21244098e-15,9.81675955e-08,-3.79799383e-07,-0.000124475848,0.600053973,0.599945855,1,0.000239782483,-0.00227973668,-0.0116628117,0.00213871255
61.32,object_red_01,RED,0.128957608,-0.312847313,0.0599896713,0.0422260262,0.0169802446,2.0928861e-15,3.03969441e-08,-1.17602347e-07,-3.85431166e-05,0.60006363,0.599936147,1,0.000236459527,-0.00228000664,-0.0116628117,0.00213927152
61.36,object_red_01,RED,0.130653322,-0.312172102,0.0599896713,0.0425472322,0.0168000345,2.23563819e-15,-8.45655858e-08,3.27174726e-07,0.000107228588,0.60005886,0.599940917,1,0.000233131428,-0.00228028356,-0.0116628117,0.00213984295
61.4,object_red_01,RED,0.132360928,-0.311501932,0.0599896713,0.0428130923,0.0167312394,2.12500532e-15,-1.92858892e-07,7.46149324e-07,0.000244543762,0.600043506,0.599956307,1,0.000230056138,-0.00228052742,-0.0116628117,0.00214036348
61.44,object_red_01,RED,0.134077316,-0.310831802,0.0599896713,0.0429843027,0.0167972463,1.99652843e-15,-2.53569962e-07,9.8103367e-07,0.000321525002,0.600022977,0.599976889,1,0.000227350523,-0.00228070565,-0.0116628117,0.00214078887
61.48,object_red_01,RED,0.135798301,-0.310156052,0.0599896713,0.0430443693,0.0170101741,2.15355574e-15,-2.64582797e-07,1.02364115e-06,0.00033548922,0.600000686,0.599999241,1,0.000225077223,-0.00228079389,-0.0116628117,0.00214108763
61.52,object_red_01,RED,0.137519322,-0.309468629,0.0599896713,0.0429886581,0.0173780995,2.01794125e-15,-2.43587251e-07,9.42411771e-07,0.000308867019,0.599978284,0.60002171,1,0.000223276949,-0.00228077903,-0.0116628117,0.00214124156
61.56,object_red_01,RED,0.139235713,-0.308763209,0.0599896713,0.042815489,0.0179068065,2.18389056e-15,-2.10640013e-07,8.1494261e-07,0.000267090143,0.599955048,0.600045015,1,0.00022197968,-0.00228065563,-0.0116628117,0.00214124124
61.6,object_red_01,RED,0.140942742,-0.308033319,0.0599896713,0.0425244275,0.0185954432,2.06612008e-15,-1.68393283e-07,6.51494765e-07,0.000213521575,0.59993376,0.600066374,1,0.000221202697,-0.00228042324,-0.0116628117,0.00214108368
61.64,object_red_01,RED,0.142636425,-0.307273863,0.0599896713,0.0421661747,0.0193572008,2.23742259e-15,-3.11607146e-08,1.20557363e-07,3.95115947e-05,0.599930563,0.600069606,1,0.000220760617,-0.00228012856,-0.0116628117,0.00214083247
61.68,object_red_01,RED,0.144316061,-0.306484745,0.0599896713,0.041834011,0.0200662343,2.11786771e-15,1.3351709e-07,-5.16562709e-07,-0.000169298801,0.599941974,0.600058177,1,0.000220258672,-0.00227984797,-0.0116628117,0.00214060111
61.72,object_red_01,RED,0.145983939,-0.305669369,0.0599896713,0.0415820898,0.0206667005,2.00188163e-15,2.38259711e-07,-9.21800174e-07,-0.000302111751,0.599960439,0.600039671,1,0.000219470025,-0.00227962621,-0.0116628117,0.00214045591
61.76,object_red_01,RED,0.14764379,-0.304832694,0.0599896713,0.0414318712,0.0211311789,2.17853735e-15,2.70438626e-07,-1.04629672e-06,-0.00034291438,0.59998101,0.600019045,1,0.000218282126,-0.00227948966,-0.0116628117,0.00214043432
61.8,object_red_01,RED,0.149299824,-0.303980521,0.0599896713,0.0413889236,0.0214433347,2.02329445e-15,2.51316537e-07,-9.7231544e-07,-0.00031866768,0.600001922,0.599998073,1,0.000216631982,-0.00227945079,-0.0116628117,0.00214055552
61.84,object_red_01,RED,0.150956368,-0.303119168,0.0599896713,0.0414548825,0.0215929255,2.16604655e-15,2.0640508e-07,-7.98558038e-07,-0.000261720248,0.600023238,0.599976692,1,0.000214480149,-0.00227951368,-0.0116628117,0.00214082848
61.88,object_red_01,RED,0.152617818,-0.302255251,0.0599896713,0.041632081,0.0215751919,2.33734906e-15,1.50654509e-07,-5.82865341e-07,-0.000191028897,0.600045426,0.599954436,1,0.000211800847,-0.00227967945,-0.0116628117,0.00214125836
61.92,object_red_01,RED,0.154288698,-0.301395439,0.0599896713,0.0419223442,0.0213991875,2.22493179e-15,9.28554465e-08,-3.59247269e-07,-0.000117740076,0.60006498,0.599934813,1,0.000208592339,-0.00227994676,-0.0116628117,0.00214184588
61.96,object_red_01,RED,0.15597276,-0.30054385,0.0599896713,0.0422739511,0.0211940781,2.1018081e-15,-1.12223256e-08,4.34179275e-08,1.42298368e-05,0.600068089,0.599931671,1,0.000205136136,-0.00228025735,-0.0116628117,0.00214250652
62,object_red_01,RED,0.157670509,-0.299698832,0.0599896713,0.0425936503,0.021079338,1.98046882e-15,-1.45363301e-07,5.62394224e-07,0.000184319672,0.600054296,0.599945486,1,0.000201824542,-0.00228053927,-0.0116628117,0.00214312901
62.04,object_red_01,RED,0.159379218,-0.298855807,0.0599896713,0.042816536,0.0210948819,2.12678972e-15,-2.45310267e-07,9.49077798e-07,0.000311051752,0.600031648,0.599968185,1,0.000198849063,-0.00228075007,-0.0116628117,0.0021436503
62.08,object_red_01,RED,0.161094256,-0.298009202,0.0599896713,0.0429101148,0.0212565672,2.02329445e-15,-2.86851023e-07,1.10979438e-06,0.000363725171,0.600004942,0.599994955,1,0.00019630162,-0.00228085708,-0.0116628117,0.00214402675
62.12,object_red_01,RED,0.162810165,-0.297152959,0.0599896713,0.0428626102,0.0215743475,2.18032176e-15,-2.80708556e-07,1.08602992e-06,0.000355936582,0.599977248,0.60002272,1,0.000194237554,-0.00228083962,-0.0116628117,0.00214423039
62.16,object_red_01,RED,0.164521219,-0.296280679,0.0599896713,0.0426706407,0.022055322,2.03935406e-15,-2.49615833e-07,9.65735689e-07,0.000316511224,0.599948696,0.600051347,1,0.000192696033,-0.00228068798,-0.0116628117,0.002144246
62.2,object_red_01,RED,0.166221596,-0.295385739,0.0599896713,0.0423321507,0.0227032997,2.23920699e-15,-2.11144047e-07,8.16892668e-07,0.000267729256,0.599920954,0.600079168,1,0.000191706064,-0.00228039859,-0.0116628117,0.00214406577
62.24,object_red_01,RED,0.167905831,-0.294462075,0.0599896713,0.0418818032,0.0234665611,2.08931729e-15,-9.36624933e-08,3.62369775e-07,0.000118763447,0.599909322,0.600090857,1,0.000191176909,-0.00228000618,-0.0116628117,0.00214373335
62.28,object_red_01,RED,0.169571779,-0.293508091,0.0599896713,0.0414358492,0.0242015654,1.99831283e-15,9.38732586e-08,-3.63185146e-07,-0.000119030679,0.599919725,0.600080448,1,0.000190697454,-0.00227961743,-0.0116628117,0.00214339928
62.32,object_red_01,RED,0.171221444,-0.292526621,0.0599896713,0.0410746044,0.0248359228,2.13749613e-15,2.331131e-07,-9.01888541e-07,-0.000295585891,0.599940655,0.600059477,1,0.000189973882,-0.00227929756,-0.0116628117,0.00214316053
62.36,object_red_01,RED,0.172859062,-0.291522444,0.0599896713,0.0408337421,0.0253362153,2.01437244e-15,2.9015254e-07,-1.12256767e-06,-0.0003679115,0.599965632,0.600034443,1,0.00018886143,-0.0022790816,-0.0116628117,0.00214306812
62.4,object_red_01,RED,0.174489731,-0.290501351,0.0599896713,0.0407247633,0.0256829646,2.16069334e-15,2.82078251e-07,-1.09132907e-06,-0.000357673331,0.599991365,0.600008644,1,0.000187280663,-0.0022789871,-0.0116628117,0.00214314885
62.44,object_red_01,RED,0.176118805,-0.289469759,0.0599896713,0.0407509735,0.0258637753,2.04649166e-15,2.37788743e-07,-9.19977899e-07,-0.00030151452,0.600018258,0.599981681,1,0.000185182365,-0.00227902053,-0.0116628117,0.00214341568
62.48,object_red_01,RED,0.177751741,-0.288434452,0.0599896713,0.0409150075,0.0258723708,2.20530337e-15,1.77648834e-07,-6.87303341e-07,-0.000225257517,0.600044945,0.599954919,1,0.000182534069,-0.00227918376,-0.0116628117,0.00214387557
62.52,object_red_01,RED,0.179394124,-0.287402317,0.0599896713,0.0412182767,0.0257162066,2.08753289e-15,1.14299888e-07,-4.42213396e-07,-0.000144931482,0.600069926,0.599929863,1,0.000179327953,-0.00227947486,-0.0116628117,0.00214452947
62.56,object_red_01,RED,0.18105054,-0.286377717,0.0599896713,0.0415951458,0.0255273629,2.21957858e-15,3.1957423e-10,-1.23637515e-09,-4.05211382e-07,0.600072663,0.599927088,1,0.000175846222,-0.00227981748,-0.0116628117,0.00214527114
62.6,object_red_01,RED,0.182721536,-0.285358997,0.0599896713,0.0419317755,0.0254312153,2.11965211e-15,-1.48149328e-07,5.7317304e-07,0.000187852333,0.600055949,0.599943825,1,0.000172505095,-0.0022801155,-0.0116628117,0.00214595743
62.64,object_red_01,RED,0.184403785,-0.284341472,0.0599896713,0.0421515878,0.0254676404,1.99831283e-15,-2.60522005e-07,1.00793029e-06,0.000330340129,0.600028759,0.59997107,1,0.00016950924,-0.00228031814,-0.0116628117,0.00214651295
62.68,object_red_01,RED,0.186091731,-0.283319512,0.0599896713,0.0422166967,0.0256511217,2.13749613e-15,-3.0847869e-07,1.19346939e-06,0.000391148906,0.599996978,0.600002922,1,0.000166956379,-0.0022803899,-0.0116628117,0.00214688935
62.72,object_red_01,RED,0.187778842,-0.282287027,0.0599896713,0.0421127658,0.0259914958,2.03935406e-15,-3.03535982e-07,1.17434667e-06,0.000384881606,0.599963335,0.600036642,1,0.000164906714,-0.00228030849,-0.0116628117,0.00214705573
62.76,object_red_01,RED,0.18945825,-0.281237585,0.0599896713,0.0418354851,0.0264957349,2.18745936e-15,-2.70151109e-07,1.04518438e-06,0.00034254982,0.599929495,0.600070564,1,0.000163403513,-0.00228006359,-0.0116628117,0.00214699518
62.8,object_red_01,RED,0.19112297,-0.280164538,0.0599896713,0.0413832146,0.0271668267,2.08217969e-15,-2.24183944e-07,8.6734259e-07,0.000284263766,0.599897093,0.600103053,1,0.000162477529,-0.00227965224,-0.0116628117,0.00214669992
62.84,object_red_01,RED,0.192766901,-0.27906234,0.0599896713,0.0408219445,0.027924404,2.21600978e-15,-6.94091505e-08,2.6853632e-07,8.80103721e-05,0.599889956,0.600110239,1,0.000161968024,-0.00227914263,-0.0116628117,0.00214625653
62.88,object_red_01,RED,0.194388615,-0.277930563,0.0599896713,0.0402908518,0.0286318155,2.11429891e-15,1.32598696e-07,-5.13009558e-07,-0.000168134287,0.59990607,0.600094109,1,0.000161441091,-0.00227866658,-0.0116628117,0.00214584874
62.92,object_red_01,RED,0.195991221,-0.276772624,0.0599896713,0.0398727321,0.0292289406,2.00366604e-15,2.68095143e-07,-1.03723016e-06,-0.000339942893,0.599932221,0.600067909,1,0.000160632114,-0.002278292,-0.0116628117,0.0021455765
62.96,object_red_01,RED,0.197580074,-0.275593584,0.0599896713,0.0396027025,0.0296866489,2.14284933e-15,3.1436418e-07,-1.21623977e-06,-0.000398611694,0.599962491,0.600037574,1,0.000159408301,-0.0022780529,-0.0116628117,0.00214549031
63,object_red_01,RED,0.199161381,-0.274399423,0.0599896713,0.039492425,0.0299864598,2.03578526e-15,2.95513621e-07,-1.14330899e-06,-0.000374709285,0.599994022,0.60000597,1,0.000157692897,-0.00227796525,-0.0116628117,0.00214561627
63.04,object_red_01,RED,0.200741621,-0.273196708,0.0599896713,0.0395457591,0.0301171575,2.17675295e-15,2.41698349e-07,-9.35103709e-07,-0.000306471869,0.600026337,0.599973576,1,0.000155437002,-0.00227803444,-0.0116628117,0.00214596695
63.08,object_red_01,RED,0.202327415,-0.271992343,0.0599896713,0.0397665791,0.0300731077,2.04470726e-15,1.73987306e-07,-6.73137292e-07,-0.000220614722,0.600058722,0.599941109,1,0.000152606785,-0.00227826266,-0.0116628117,0.00214655046
63.12,object_red_01,RED,0.203925321,-0.270792837,0.0599896713,0.0401360162,0.0298995928,2.21422538e-15,9.15483663e-08,-3.54190296e-07,-0.000116082699,0.600079002,0.599920755,1,0.00014926437,-0.00227862334,-0.0116628117,0.00214733458
63.16,object_red_01,RED,0.205538973,-0.269599957,0.0599896713,0.0405291643,0.0297636727,2.0982393e-15,-5.93095081e-08,2.29461813e-07,7.52040549e-05,0.600070069,0.599929676,1,0.000145836874,-0.00227898124,-0.0116628117,0.00214813197
63.2,object_red_01,RED,0.207166722,-0.268410247,0.0599896713,0.0408281749,0.0297442412,1.98403762e-15,-2.12648934e-07,8.22714736e-07,0.000269637391,0.600044294,0.599955495,1,0.000142658766,-0.00227924666,-0.0116628117,0.00214881016
63.24,object_red_01,RED,0.208803285,-0.267218521,0.0599896713,0.0409664663,0.0298630043,1.89660196e-15,-3.07162986e-07,1.18837901e-06,0.000389480583,0.600009331,0.599990526,1,0.000139879537,-0.00227937197,-0.0116628117,0.0021493011
63.28,object_red_01,RED,0.210441539,-0.266019036,0.0599896713,0.0409146346,0.0301300533,2.04113846e-15,-3.33060526e-07,1.28857378e-06,0.000422318518,0.599971186,0.600028751,1,0.000137579533,-0.00227932561,-0.0116628117,0.00214956132
63.32,object_red_01,RED,0.21207363,-0.264805682,0.0599896713,0.0406624273,0.0305537757,2.17853735e-15,-3.12123361e-07,1.2075703e-06,0.000395770353,0.599931445,0.60006858,1,0.000135814115,-0.00227909031,-0.0116628117,0.00214956482
63.36,object_red_01,RED,0.213691455,-0.263572058,0.0599896713,0.0402060037,0.0311401064,2.05362927e-15,-2.71013197e-07,1.0485197e-06,0.000343642943,0.599892697,0.60010742,1,0.000134625445,-0.00227865876,-0.0116628117,0.00214929743
63.4,object_red_01,RED,0.21528709,-0.262311918,0.0599896713,0.0395727198,0.031860159,2.19638137e-15,-1.63185701e-07,6.31347315e-07,0.000206918426,0.599869118,0.600131077,1,0.00013398113,-0.00227806039,-0.0116628117,0.00214879173
63.44,object_red_01,RED,0.216856364,-0.261022701,0.0599896713,0.0389164976,0.0325720325,2.37125268e-15,5.53665924e-08,-2.14207137e-07,-7.02044707e-05,0.59987952,0.600120683,1,0.000133494615,-0.00227745497,-0.0116628117,0.00214825788
63.48,object_red_01,RED,0.218401198,-0.25970673,0.0599896713,0.0383625847,0.0331920755,2.25526661e-15,2.38264183e-07,-9.2181754e-07,-0.000302117441,0.599906568,0.600093592,1,0.000132814947,-0.00227695325,-0.0116628117,0.00214785316
63.52,object_red_01,RED,0.219927062,-0.258368481,0.0599896713,0.037969779,0.0336848854,2.13571172e-15,3.2536511e-07,-1.25880119e-06,-0.000412560818,0.599940764,0.600059332,1,0.000131767278,-0.00227660399,-0.0116628117,0.0021476499
63.56,object_red_01,RED,0.221440928,-0.257013504,0.0599896713,0.0377600975,0.0340291986,2.00901924e-15,3.28554392e-07,-1.27114004e-06,-0.000416604768,0.59997691,0.600023109,1,0.00013025462,-0.00227643034,-0.0116628117,0.00214768486
63.6,object_red_01,RED,0.222950299,-0.255648058,0.0599896713,0.0377410713,0.0342105737,2.17675295e-15,2.81745656e-07,-1.09004224e-06,-0.000357251586,0.600014976,0.59998496,1,0.000128215054,-0.00227644147,-0.0116628117,0.00214797659
63.64,object_red_01,RED,0.22446289,-0.254278838,0.0599896713,0.0379168801,0.0342215021,2.01615684e-15,2.12036614e-07,-8.20345777e-07,-0.000268860985,0.600052306,0.599947543,1,0.000125606549,-0.00227664035,-0.0116628117,0.00214853529
63.68,object_red_01,RED,0.225986481,-0.252912508,0.0599896713,0.0382786006,0.0340838894,2.17139975e-15,1.32050596e-07,-5.10888865e-07,-0.000167439252,0.600081741,0.599918022,1,0.000122440959,-0.0022770123,-0.0116628117,0.00214934668
63.72,object_red_01,RED,0.227526322,-0.251552048,0.0599896713,0.0386983997,0.0339558389,2.34091786e-15,-1.93516011e-08,7.48691897e-08,2.45377062e-05,0.600076868,0.599922866,1,0.000119087249,-0.00227740919,-0.0116628117,0.00215021392
63.76,object_red_01,RED,0.229081511,-0.250194655,0.0599896713,0.0390291655,0.0339351496,2.2445602e-15,-1.92227019e-07,7.43704636e-07,0.000243742538,0.600049531,0.59995024,1,0.000115931581,-0.00227770315,-0.0116628117,0.0021509558
63.8,object_red_01,RED,0.23064656,-0.248835444,0.0599896713,0.0391860865,0.0340451599,2.11073011e-15,-3.10376527e-07,1.20081181e-06,0.000393555321,0.600010969,0.599988873,1,0.000113148775,-0.00227783603,-0.0116628117,0.00215148868
63.84,object_red_01,RED,0.232213598,-0.247469006,0.0599896713,0.0391301238,0.0342943246,2.00009723e-15,-3.52629755e-07,1.36428491e-06,0.000447132163,0.599968152,0.600031774,1,0.000110828568,-0.00227777211,-0.0116628117,0.00215176282
63.88,object_red_01,RED,0.233773758,-0.246089607,0.0599896713,0.0388464704,0.0346909311,2.15712454e-15,-3.38765524e-07,1.31064583e-06,0.000429552436,0.599922685,0.600077334,1,0.000109032793,-0.00227749099,-0.0116628117,0.00215174758
63.92,object_red_01,RED,0.235317814,-0.244691212,0.0599896713,0.0383302064,0.0352408737,2.05541367e-15,-2.97248451e-07,1.15002097e-06,0.000376909074,0.599877854,0.600122263,1,0.0001078086,-0.0022769842,-0.0116628117,0.0021514264
63.96,object_red_01,RED,0.236836677,-0.243267869,0.0599896713,0.0376079637,0.0359210113,2.19459696e-15,-1.8907698e-07,7.31517793e-07,0.000239748403,0.599850289,0.600149915,1,0.000107138509,-0.00227628106,-0.0116628117,0.00215082989
64,object_red_01,RED,0.238325325,-0.241816993,0.0599896713,0.0368528818,0.0365956794,2.08574849e-15,4.33258756e-08,-1.67622931e-07,-5.49369155e-05,0.599860632,0.600139583,1,0.000106653627,-0.00227556865,-0.0116628117,0.00215019709
64.04,object_red_01,RED,0.239785752,-0.240340762,0.0599896713,0.0362108979,0.037183304,2.23385379e-15,2.43576223e-07,-9.42369246e-07,-0.000308853079,0.599891311,0.60010886,1,0.000105997827,-0.00227498121,-0.0116628117,0.00214971335
64.08,object_red_01,RED,0.241224089,-0.238843405,0.0599896713,0.03575077,0.0376509635,2.11786771e-15,3.41864695e-07,-1.32263625e-06,-0.000433482186,0.599930014,0.600070088,1,0.000104992644,-0.00227457327,-0.0116628117,0.00214945932
64.12,object_red_01,RED,0.242648248,-0.237330167,0.0599896713,0.0354992756,0.0379779152,1.98939083e-15,3.48406714e-07,-1.34794645e-06,-0.00044177738,0.599971499,0.600028522,1,0.000103537193,-0.00227436952,-0.0116628117,0.00214947494
64.16,object_red_01,RED,0.244066806,-0.235807003,0.0599896713,0.035466309,0.0381492484,2.15712454e-15,2.99811578e-07,-1.15993726e-06,-0.000380159051,0.60001472,0.599985212,1,0.000101565215,-0.00227437993,-0.0116628117,0.00214978089
64.2,object_red_01,RED,0.245488608,-0.234280312,0.0599896713,0.0356565653,0.0381577081,2.05006047e-15,2.25048128e-07,-8.70685852e-07,-0.000285359494,0.600057977,0.599941861,1,9.9031641e-05,-0.00227460738,-0.0116628117,0.00215038815
64.24,object_red_01,RED,0.24692246,-0.232756322,0.0599896713,0.0360499201,0.0380362454,2.19281256e-15,1.34180221e-07,-5.1912813e-07,-0.000170139598,0.600086073,0.599913676,1,9.59671111e-05,-0.00227502344,-0.0116628117,0.00215126572
64.28,object_red_01,RED,0.248373492,-0.231237011,0.0599896713,0.036481733,0.0379466575,2.08753289e-15,-3.63665141e-08,1.40697968e-07,4.61124991e-05,0.60007665,0.599923078,1,9.27722409e-05,-0.00227543753,-0.0116628117,0.00215216555
64.32,object_red_01,RED,0.249839756,-0.229719145,0.0599896713,0.0367949723,0.0379661906,2.22671619e-15,-2.18425472e-07,8.45063488e-07,0.000276961994,0.600043199,0.599956575,1,8.97967298e-05,-0.00227571366,-0.0116628117,0.00215289941
64.36,object_red_01,RED,0.251314566,-0.228197993,0.0599896713,0.0369046366,0.0381087771,2.0982393e-15,-3.35585746e-07,1.29834344e-06,0.00042552044,0.599999026,0.600000826,1,8.71947515e-05,-0.0022757934,-0.0116628117,0.00215338462
64.4,object_red_01,RED,0.252788883,-0.226668522,0.0599896713,0.0367726352,0.038380012,1.99474403e-15,-3.72480523e-07,1.44108531e-06,0.000472302808,0.599950253,0.60004969,1,8.50502515e-05,-0.00227564263,-0.0116628117,0.00215357307
64.44,object_red_01,RED,0.254252697,-0.225125437,0.0599896713,0.0363844983,0.0387872911,2.14106493e-15,-3.53132062e-07,1.36622837e-06,0.000447769114,0.599900082,0.600099962,1,8.34248297e-05,-0.0022752429,-0.0116628117,0.0021534355
64.48,object_red_01,RED,0.25569564,-0.223563174,0.0599896713,0.0357352672,0.03933585,2.05362927e-15,-3.06817158e-07,1.18704124e-06,0.000389042134,0.599848883,0.600151266,1,8.23666458e-05,-0.00227458717,-0.0116628117,0.00215295622
64.52,object_red_01,RED,0.257108069,-0.221976666,0.0599896713,0.0348930854,0.0399762037,2.16783095e-15,-1.47855084e-07,5.72034927e-07,0.000187479321,0.599832658,0.600167569,1,8.17955602e-05,-0.00227375263,-0.0116628117,0.00215222335
64.56,object_red_01,RED,0.258486539,-0.220364984,0.0599896713,0.0340683458,0.0405804124,2.07682649e-15,1.04257436e-07,-4.03360375e-07,-0.00013219775,0.599851286,0.600148933,1,8.13041144e-05,-0.00227296894,-0.0116628117,0.00215152818
64.6,object_red_01,RED,0.259834872,-0.218730906,0.0599896713,0.0333973143,0.0410931087,2.2516978e-15,2.92054034e-07,-1.12992448e-06,-0.000370322627,0.599888815,0.600111347,1,8.06018991e-05,-0.00227235601,-0.0116628117,0.00215103546
64.64,object_red_01,RED,0.261160635,-0.217078627,0.0599896713,0.0329406568,0.0414899372,2.14284933e-15,3.68655581e-07,-1.42628716e-06,-0.000467452843,0.599933429,0.600066656,1,7.95416696e-05,-0.00227196,-0.0116628117,0.00215081456
64.68,object_red_01,RED,0.262472964,-0.21541317,0.0599896713,0.0327218695,0.0417527542,2.00901924e-15,3.56603922e-07,-1.3796605e-06,-0.000452171376,0.599981003,0.600018992,1,7.80332512e-05,-0.00227180075,-0.0116628117,0.0021509001
64.72,object_red_01,RED,0.26378159,-0.213740182,0.0599896713,0.0327503851,0.0418686223,2.16783095e-15,2.95077633e-07,-1.14162214e-06,-0.000374156435,0.600028688,0.599971211,1,7.60142321e-05,-0.00227188582,-0.0116628117,0.00215131051
64.76,object_red_01,RED,0.265096516,-0.21206567,0.0599896713,0.0330308025,0.0418335328,2.03400086e-15,2.14832975e-07,-8.31164576e-07,-0.00027240675,0.60007776,0.599922037,1,7.34429514e-05,-0.0022722168,-0.0116628117,0.00215205544
64.8,object_red_01,RED,0.26642675,-0.21039442,0.0599896713,0.0334790626,0.0417367993,2.49080756e-15,8.55441373e-08,-3.30960571e-07,-0.000108469366,0.60008848,0.599911244,1,7.04737578e-05,-0.00227268845,-0.0116628117,0.00215300743
64.84,object_red_01,RED,0.267774669,-0.208725712,0.0599896713,0.0338856449,0.0417164752,2.09110169e-15,-1.13839666e-07,4.40432825e-07,0.000144347916,0.600065206,0.599934529,1,6.75412512e-05,-0.00227307078,-0.0116628117,0.00215386903
64.88,object_red_01,RED,0.269135501,-0.207055606,0.0599896713,0.0341132909,0.041805007,2.23206939e-15,-2.86199493e-07,1.10727353e-06,0.000362898988,0.600022212,0.599977589,1,6.48867991e-05,-0.0022732583,-0.0116628117,0.00215449584
64.92,object_red_01,RED,0.270500536,-0.205379686,0.0599896713,0.0340947215,0.0420047727,2.11965211e-15,-3.75849482e-07,1.45411934e-06,0.000476574597,0.599970978,0.600028912,1,6.26202799e-05,-0.00227320348,-0.0116628117,0.00215482164
64.96,object_red_01,RED,0.271859258,-0.203693429,0.0599896713,0.0338018046,0.0423199677,2.00366604e-15,-3.87557643e-07,1.49941704e-06,0.000491420507,0.599915866,0.600084126,1,6.08132017e-05,-0.00227287968,-0.0116628117,0.00215480703
65,object_red_01,RED,0.273200445,-0.201992086,0.0599896713,0.0332241735,0.042756953,2.14463373e-15,-3.52754658e-07,1.36476826e-06,0.000447290576,0.599861708,0.600138393,1,5.9523033e-05,-0.00227227433,-0.0116628117,0.00215442885
65.04,object_red_01,RED,0.274512723,-0.200270761,0.0599896713,0.0323732881,0.0433098411,2.03756966e-15,-2.66057098e-07,1.02934524e-06,0.000337358682,0.599817006,0.600183202,1,5.87765212e-05,-0.00227140089,-0.0116628117,0.00215369492
65.08,object_red_01,RED,0.275788234,-0.198526612,0.0599896713,0.0314313444,0.0438761769,2.19281256e-15,-2.19309705e-08,8.48485772e-08,2.78083592e-05,0.599823044,0.600177197,1,5.83135737e-05,-0.00227046984,-0.0116628117,0.0021528563
65.12,object_red_01,RED,0.277027878,-0.196761041,0.0599896713,0.0306009653,0.0443759038,2.06433568e-15,2.22388396e-07,-8.6039593e-07,-0.000281987058,0.599856679,0.600143523,1,5.77718697e-05,-0.00226968992,-0.0116628117,0.00215218019
65.16,object_red_01,RED,0.278238427,-0.194977336,0.0599896713,0.0299817159,0.044782099,1.9537028e-15,3.59892332e-07,-1.39238322e-06,-0.000456341129,0.599902933,0.600097195,1,5.69617174e-05,-0.00226913789,-0.0116628117,0.00215177468
65.2,object_red_01,RED,0.279429302,-0.193179608,0.0599896713,0.0296150093,0.0450770312,2.12322092e-15,3.87287141e-07,-1.49837049e-06,-0.000491077512,0.599953494,0.600046545,1,5.57747577e-05,-0.00226884354,-0.0116628117,0.00215168797
65.24,object_red_01,RED,0.280610984,-0.191372629,0.0599896713,0.0295171169,0.0452456653,1.99474403e-15,3.42824398e-07,-1.32634902e-06,-0.000434699016,0.600007482,0.599992458,1,5.41364317e-05,-0.00226881868,-0.0116628117,0.00215194511
65.28,object_red_01,RED,0.281794394,-0.189561655,0.0599896713,0.0296951834,0.0452795548,2.14641813e-15,2.6269983e-07,-1.01635604e-06,-0.000333101594,0.600060977,0.599938858,1,5.19932683e-05,-0.002269067,-0.0116628117,0.00215255988
65.32,object_red_01,RED,0.28299033,-0.187751764,0.0599896713,0.0301171829,0.0452126275,2.02151005e-15,1.58829558e-07,-6.14493612e-07,-0.000201394782,0.60009277,0.599906966,1,4.93724016e-05,-0.00226954521,-0.0116628117,0.00215348623
65.36,object_red_01,RED,0.284204537,-0.185944024,0.0599896713,0.0305681357,0.0451896267,1.91444598e-15,-3.62936277e-08,1.40415987e-07,4.60200824e-05,0.600077272,0.599922444,1,4.66453339e-05,-0.00226999747,-0.0116628117,0.00215440857
65.4,object_red_01,RED,0.285434053,-0.18413528,0.0599896713,0.0308645431,0.045261999,2.06433568e-15,-2.3932596e-07,9.25925102e-07,0.000303463665,0.600035937,0.599963833,1,4.41133886e-05,-0.00227025528,-0.0116628117,0.00215510821
65.44,object_red_01,RED,0.286670539,-0.182321683,0.0599896713,0.0309126762,0.0454291697,2.23206939e-15,-3.6772146e-07,1.42267288e-06,0.000466268302,0.599982499,0.600017358,1,4.19058806e-05,-0.00227025544,-0.0116628117,0.00215549946
65.48,object_red_01,RED,0.287903099,-0.18049948,0.0599896713,0.0306713924,0.045690401,2.10716131e-15,-4.06704804e-07,1.57349521e-06,0.000515698965,0.599925118,0.600074843,1,4.00988606e-05,-0.00226996612,-0.0116628117,0.00215553658
65.52,object_red_01,RED,0.289119772,-0.178664811,0.0599896713,0.030124279,0.0460510631,1.99831283e-15,-3.84576555e-07,1.4878836e-06,0.000487640525,0.599863804,0.600136269,1,3.87543549e-05,-0.00226937106,-0.0116628117,0.00215519161
65.56,object_red_01,RED,0.290308207,-0.176813612,0.0599896713,0.0292699121,0.0465132238,2.14998693e-15,-3.22446522e-07,1.24750955e-06,0.000408860083,0.599808868,0.600191323,1,3.79198323e-05,-0.00226846971,-0.0116628117,0.00215445466
65.6,object_red_01,RED,0.291458158,-0.174942805,0.0599896713,0.0282493193,0.0470104964,2.03043205e-15,-1.01444082e-07,3.9247598e-07,0.000128630484,0.599803281,0.600196971,1,3.74521382e-05,-0.0022674294,-0.0116628117,0.00215351547
65.64,object_red_01,RED,0.292568287,-0.173053003,0.0599896713,0.027307648,0.0474572755,2.19459696e-15,1.71436706e-07,-6.6326951e-07,-0.00021738064,0.599833987,0.600166238,1,3.69943742e-05,-0.00226652371,-0.0116628117,0.00215270709
65.68,object_red_01,RED,0.29364475,-0.17114681,0.0599896713,0.026574842,0.0478294354,2.07147328e-15,3.48274372e-07,-1.34743468e-06,-0.000441609647,0.599881622,0.600118533,1,3.63402059e-05,-0.00226585989,-0.0116628117,0.00215217221
65.72,object_red_01,RED,0.294697231,-0.169227511,0.0599896713,0.026107637,0.0481122709,2.21422538e-15,4.03964825e-07,-1.56289463e-06,-0.000512224718,0.599936369,0.600063694,1,3.53745735e-05,-0.00226547543,-0.0116628117,0.00215196866
65.76,object_red_01,RED,0.295736886,-0.167298984,0.0599896713,0.0259286499,0.0482912818,2.1018081e-15,3.72220171e-07,-1.44007797e-06,-0.000471972663,0.599992961,0.600007,1,3.4017528e-05,-0.0022653844,-0.0116628117,0.00215212517
65.8,object_red_01,RED,0.296775482,-0.165365618,0.0599896713,0.0260484805,0.0483559254,1.97511562e-15,2.95870446e-07,-1.14468942e-06,-0.00037516171,0.600052149,0.599947703,1,3.22090745e-05,-0.00226559238,-0.0116628117,0.0021526588
65.84,object_red_01,RED,0.29782488,-0.163431872,0.0599896713,0.0264475988,0.0483246014,2.14820253e-15,1.95422505e-07,-7.56067608e-07,-0.000247794392,0.600093577,0.599906167,1,2.99417222e-05,-0.00226607122,-0.0116628117,0.00215354417
65.88,object_red_01,RED,0.298892593,-0.16149919,0.0599896713,0.0269158732,0.0483226928,2.04292286e-15,2.82047373e-09,-1.09120406e-08,-3.57632476e-06,0.600081665,0.599918042,1,2.75129935e-05,-0.00226656341,-0.0116628117,0.00215447456
65.92,object_red_01,RED,0.299976544,-0.159564873,0.0599896713,0.0272377441,0.0484048903,2.17496855e-15,-2.16468007e-07,8.37490255e-07,0.000274479936,0.600040675,0.59995908,1,2.52277665e-05,-0.00226685198,-0.0116628117,0.00215518071
65.96,object_red_01,RED,0.30106837,-0.15762565,0.0599896713,0.0273039551,0.0485643086,2.03935406e-15,-3.65931027e-07,1.41574587e-06,0.000463998036,0.599985109,0.600014734,1,2.32142371e-05,-0.00226686196,-0.0116628117,0.00215556477
66,object_red_01,RED,0.302156697,-0.155678583,0.0599896713,0.0270653888,0.048795258,2.19281256e-15,-4.20630055e-07,1.62737041e-06,0.000533356082,0.599922984,0.600076966,1,2.15458839e-05,-0.00226655954,-0.0116628117,0.00215557921
66.04,object_red_01,RED,0.303228875,-0.153720772,0.0599896713,0.0265027342,0.0491005269,2.07325768e-15,-4.04687536e-07,1.56569072e-06,0.000513141113,0.599859162,0.600140905,1,2.02843737e-05,-0.00226592876,-0.0116628117,0.00215519608
66.08,object_red_01,RED,0.304271764,-0.151749141,0.0599896713,0.0256105162,0.0494840022,2.2409914e-15,-3.47866605e-07,1.34585699e-06,0.000441092576,0.5997987,0.600201489,1,1.94820583e-05,-0.00226496616,-0.0116628117,0.00215440153
66.12,object_red_01,RED,0.305274069,-0.149761282,0.0599896713,0.0245249818,0.0498948396,2.14641813e-15,-1.29259977e-07,5.00092595e-07,0.000163900865,0.599788856,0.600211405,1,1.90379824e-05,-0.00226383653,-0.0116628117,0.00215337586
66.16,object_red_01,RED,0.306233745,-0.147757764,0.0599896713,0.0235117054,0.0502628064,2.01794125e-15,1.57815469e-07,-6.10570463e-07,-0.000200109,0.599821077,0.60017916,1,1.8636936e-05,-0.00226284731,-0.0116628117,0.00215248013
66.2,object_red_01,RED,0.307157028,-0.145740692,0.0599896713,0.0227154808,0.0505727064,2.16604655e-15,3.51049043e-07,-1.3581696e-06,-0.000445127919,0.599870681,0.600129484,1,1.80886785e-05,-0.00226212181,-0.0116628117,0.00215187132
66.24,object_red_01,RED,0.308054086,-0.143712573,0.0599896713,0.0221998894,0.0508148219,1.7966755e-15,4.16777687e-07,-1.61246617e-06,-0.000528471347,0.599928317,0.600071754,1,1.72852041e-05,-0.00226169907,-0.0116628117,0.0021516083
66.28,object_red_01,RED,0.308936763,-0.141676387,0.0599896713,0.021991549,0.0509759972,2.19995017e-15,3.88943268e-07,-1.50477776e-06,-0.000493177439,0.599989493,0.600010472,1,1.61475212e-05,-0.00226159332,-0.0116628117,0.00215172028
66.32,object_red_01,RED,0.309817607,-0.139635588,0.0599896713,0.02210164,0.0510465757,2.08039529e-15,3.10728948e-07,-1.20217528e-06,-0.000394002188,0.600052658,0.599947193,1,1.46149882e-05,-0.00226180888,-0.0116628117,0.00215222348
66.36,object_red_01,RED,0.310709264,-0.137593704,0.0599896713,0.0225077891,0.051043724,2.2463446e-15,2.05829732e-07,-7.96331987e-07,-0.000260990681,0.600093915,0.599905824,1,1.26766466e-05,-0.00226231335,-0.0116628117,0.00215308886
66.4,object_red_01,RED,0.311619458,-0.135551497,0.0599896713,0.0229776769,0.0510781911,2.12857412e-15,3.22542766e-09,-1.24787537e-08,-4.08980146e-06,0.600081391,0.599918312,1,1.06006959e-05,-0.00226281959,-0.0116628117,0.00215398396
66.44,object_red_01,RED,0.312545663,-0.13350639,0.0599896713,0.0232861543,0.0511854188,2.00366604e-15,-2.24825845e-07,8.69825775e-07,0.000285077613,0.600036268,0.599963486,1,8.64696667e-06,-0.00226309592,-0.0116628117,0.00215463164
66.48,object_red_01,RED,0.313478866,-0.131455786,0.0599896713,0.0233223669,0.051348762,2.14998693e-15,-3.7874064e-07,1.46530481e-06,0.000480240536,0.599977394,0.600022452,1,6.92101711e-06,-0.00226306667,-0.0116628117,0.00215493701
66.52,object_red_01,RED,0.314407031,-0.129397693,0.0599896713,0.0230372688,0.0515582673,2.03043205e-15,-4.33819289e-07,1.67839807e-06,0.000550079942,0.599912398,0.60008756,1,5.48718789e-06,-0.00226270108,-0.0116628117,0.00215485699
66.56,object_red_01,RED,0.31531683,-0.127330254,0.0599896713,0.0224106193,0.0518156125,2.18924376e-15,-4.17096976e-07,1.61370145e-06,0.000528876201,0.599845633,0.600154447,1,4.40484682e-06,-0.00226198496,-0.0116628117,0.00215436561
66.6,object_red_01,RED,0.316194455,-0.125251482,0.0599896713,0.0214406232,0.0521228499,2.0964549e-15,-3.51217677e-07,1.35882195e-06,0.000445341724,0.599783452,0.600216754,1,3.72424788e-06,-0.00226092059,-0.0116628117,0.00215345483
66.64,object_red_01,RED,0.317028656,-0.123160071,0.0599896713,0.0202960326,0.0524346353,2.2516978e-15,-1.08718628e-07,4.20620418e-07,0.000137854571,0.599781378,0.600218892,1,3.34161262e-06,-0.00225971652,-0.0116628117,0.00215234905
66.68,object_red_01,RED,0.317818408,-0.121056949,0.0599896713,0.0192490942,0.0527077948,2.13571172e-15,1.84248156e-07,-7.12835596e-07,-0.000233625481,0.599816083,0.600184157,1,2.99529767e-06,-0.00225869086,-0.0116628117,0.00215141126
66.72,object_red_01,RED,0.318570862,-0.11894373,0.0599896713,0.0184400678,0.0529404794,2.01080364e-15,3.72171731e-07,-1.43989091e-06,-0.000471911348,0.599869926,0.600130236,1,2.53560474e-06,-0.00225795882,-0.0116628117,0.00215078374
66.76,object_red_01,RED,0.319296958,-0.116822106,0.0599896713,0.0179301228,0.0531275624,2.16247774e-15,4.29628231e-07,-1.66218347e-06,-0.000544765747,0.599931159,0.600068903,1,1.87041858e-06,-0.00225755392,-0.0116628117,0.0021505175
66.8,object_red_01,RED,0.320009261,-0.114694123,0.0599896713,0.0177450631,0.0532579376,2.04827607e-15,3.93772706e-07,-1.5234623e-06,-0.000499301129,0.599996277,0.600003674,1,9.2662621e-07,-0.00225748695,-0.0116628117,0.00215063768
66.84,object_red_01,RED,0.320721043,-0.112562249,0.0599896713,0.0178964216,0.05332316,2.22136298e-15,3.09224051e-07,-1.19635299e-06,-0.000392093984,0.600061184,0.599938648,1,-3.54539769e-07,-0.00225776131,-0.0116628117,0.0021511595
66.88,object_red_01,RED,0.321445359,-0.110428829,0.0599896713,0.0183363037,0.0533504248,2.07504208e-15,1.90310994e-07,-7.3629171e-07,-0.000241313018,0.600096592,0.59990313,1,-1.96363371e-06,-0.00225831301,-0.0116628117,0.00215201881
66.92,object_red_01,RED,0.322188483,-0.108293379,0.0599896713,0.0187887019,0.0534313721,2.23920699e-15,-3.36994055e-08,1.30379243e-07,4.27306292e-05,0.600073394,0.599926309,1,-3.64309509e-06,-0.00225880071,-0.0116628117,0.00215283042
66.96,object_red_01,RED,0.322946135,-0.106153465,0.0599896713,0.0190440415,0.0535677428,2.13392732e-15,-2.62195323e-07,1.01440406e-06,0.000332461852,0.600023567,0.599976198,1,-5.20980295e-06,-0.00225901642,-0.0116628117,0.00215335413
67,object_red_01,RED,0.323708144,-0.104007427,0.0599896713,0.019003528,0.053733409,2.01794125e-15,-4.04347409e-07,1.56437453e-06,0.00051270975,0.599960669,0.600039197,1,-6.59178581e-06,-0.00225889669,-0.0116628117,0.00215351327
67.04,object_red_01,RED,0.324461679,-0.101854385,0.0599896713,0.0186243154,0.0539169947,2.15712454e-15,-4.46640318e-07,1.72800122e-06,0.000566336929,0.599893264,0.600106719,1,-7.73489452e-06,-0.00225841738,-0.0116628117,0.00215327308
67.08,object_red_01,RED,0.32519278,-0.0996936215,0.0599896713,0.0178888718,0.0541196462,2.03043205e-15,-4.21123557e-07,1.62927986e-06,0.000533981884,0.599821871,0.60017824,1,-8.58330605e-06,-0.00225756884,-0.0116628117,0.00215261262
67.12,object_red_01,RED,0.325887188,-0.0975243367,0.0599896713,0.0168114336,0.0543400475,2.19638137e-15,-3.24803941e-07,1.25663026e-06,0.00041184931,0.599770642,0.600229595,1,-9.09575562e-06,-0.00225637369,-0.0116628117,0.00215154538
67.16,object_red_01,RED,0.326535186,-0.0953465099,0.0599896713,0.0156267861,0.0545405825,2.08396409e-15,-4.26942109e-08,1.65179288e-07,5.41360287e-05,0.599777923,0.600222355,1,-9.39751257e-06,-0.0022551279,-0.0116628117,0.00215038627
67.2,object_red_01,RED,0.32713825,-0.0931612917,0.0599896713,0.0145896879,0.0547124018,2.20530337e-15,2.43399679e-07,-9.4168627e-07,-0.000308629238,0.599821303,0.600178928,1,-9.67895137e-06,-0.00225412155,-0.0116628117,0.00214945765
67.24,object_red_01,RED,0.327705039,-0.0909695977,0.0599896713,0.01381913,0.0548654703,2.08217969e-15,4.05267429e-07,-1.56793443e-06,-0.000513876466,0.599879386,0.600120758,1,-1.00422029e-05,-0.00225344102,-0.0116628117,0.00214886474
67.28,object_red_01,RED,0.328247431,-0.0887721982,0.0599896713,0.0133673251,0.0549968115,1.98939083e-15,4.38209621e-07,-1.69538385e-06,-0.000555646877,0.599944528,0.60005551,1,-1.0562607e-05,-0.00225310974,-0.0116628117,0.00214864575
67.32,object_red_01,RED,0.328778706,-0.0865701582,0.0599896713,0.0132571203,0.0550967472,2.13749613e-15,3.86455191e-07,-1.49515163e-06,-0.000490022561,0.600010518,0.599989403,1,-1.13063991e-05,-0.00225313462,-0.0116628117,0.00214882096
67.36,object_red_01,RED,0.329312767,-0.0843648826,0.0599896713,0.01349841,0.0551596112,2.02686325e-15,2.96223981e-07,-1.14605719e-06,-0.000375609985,0.60007961,0.599920186,1,-1.23274698e-05,-0.00225351703,-0.0116628117,0.00214940281
67.4,object_red_01,RED,0.329862161,-0.0821572032,0.0599896713,0.0139704626,0.0552317676,2.16961535e-15,1.41795983e-07,-5.48592568e-07,-0.000179796306,0.600092705,0.599906997,1,-1.35679804e-05,-0.00225410319,-0.0116628117,0.00215022925
67.44,object_red_01,RED,0.33042984,-0.0799454362,0.0599896713,0.0143733088,0.0553612997,2.03935406e-15,-1.03826345e-07,4.01692421e-07,0.000131651095,0.600058869,0.599940842,1,-1.48132678e-05,-0.00225452548,-0.0116628117,0.00215089683
67.48,object_red_01,RED,0.331009022,-0.0777277969,0.0599896713,0.0145329468,0.055518076,2.20351897e-15,-3.19653138e-07,1.23670185e-06,0.000405317965,0.600002084,0.599997706,1,-1.59656792e-05,-0.0022546283,-0.0116628117,0.00215123331
67.52,object_red_01,RED,0.331588179,-0.0755038888,0.0599896713,0.0143718965,0.0556715933,2.08574849e-15,-4.34921045e-07,1.68266054e-06,0.000551476928,0.59993612,0.600063781,1,-1.69822877e-05,-0.00225436802,-0.0116628117,0.00215118714
67.56,object_red_01,RED,0.332153709,-0.0732740996,0.0599896713,0.0138569313,0.0558122263,2.22850059e-15,-4.54260471e-07,1.75748278e-06,0.000575999245,0.599864588,0.600135438,1,-1.78160831e-05,-0.00225372926,-0.0116628117,0.00215073354
67.6,object_red_01,RED,0.332691131,-0.0710389278,0.0599896713,0.0129749068,0.0559413483,2.11251451e-15,-4.14740464e-07,1.60458442e-06,0.000525888174,0.599793782,0.600206377,1,-1.84144907e-05,-0.00225270786,-0.0116628117,0.00214985743
67.64,object_red_01,RED,0.333186388,-0.0687988591,0.0599896713,0.0117911714,0.0560540058,2.03756966e-15,-2.52935768e-07,9.78580448e-07,0.000320720972,0.599760162,0.600240109,1,-1.87575114e-05,-0.00225139085,-0.0116628117,0.00214863968
67.68,object_red_01,RED,0.333633341,-0.0665549308,0.0599896713,0.0106079368,0.0561369546,2.15712454e-15,6.25197467e-08,-2.41881859e-07,-7.92746138e-05,0.599785159,0.600215117,1,-1.89722622e-05,-0.0022501633,-0.0116628117,0.00214748311
67.72,object_red_01,RED,0.334036719,-0.064307909,0.0599896713,0.00962945278,0.0562128879,2.07325768e-15,3.1945234e-07,-1.23592554e-06,-0.000405063524,0.599836086,0.600164124,1,-1.91653063e-05,-0.00224923681,-0.0116628117,0.00214661665
67.76,object_red_01,RED,0.334406843,-0.0620577182,0.0599896713,0.00894752084,0.0562958378,2.18567496e-15,4.37489628e-07,-1.69259844e-06,-0.000554733979,0.59989885,0.600101262,1,-1.94021197e-05,-0.00224866433,-0.0116628117,0.00214610563
67.8,object_red_01,RED,0.334756509,-0.0598041046,0.0599896713,0.00860243677,0.0563825967,2.1035925e-15,4.36186927e-07,-1.68755821e-06,-0.000553082095,0.599965149,0.600034849,1,-1.97454801e-05,-0.00224845827,-0.0116628117,0.00214597516
67.84,object_red_01,RED,0.335099622,-0.0575470879,0.0599896713,0.00861308925,0.0564649519,2.22850059e-15,3.65345591e-07,-1.41348093e-06,-0.000463255722,0.600037131,0.599962744,1,-2.02549412e-05,-0.00224862227,-0.0116628117,0.00214624118
67.88,object_red_01,RED,0.335450468,-0.0552868788,0.0599896713,0.00896938062,0.056546598,2.11429891e-15,2.61135243e-07,-1.01030278e-06,-0.000331117692,0.60009133,0.599908419,1,-2.09688567e-05,-0.00224913575,-0.0116628117,0.00214689159
67.92,object_red_01,RED,0.335819041,-0.0530225458,0.0599896713,0.00943791386,0.0566766658,1.99831283e-15,5.61133373e-08,-2.17096075e-07,-7.11512976e-05,0.600081835,0.599917856,1,-2.17826464e-05,-0.00224970058,-0.0116628117,0.00214761313
67.96,object_red_01,RED,0.336203693,-0.0507520992,0.0599896713,0.00974678966,0.0568432328,2.14106493e-15,-1.98210193e-07,7.66852824e-07,0.00025132915,0.600035516,0.599964218,1,-2.25762461e-05,-0.00224999968,-0.0116628117,0.00214807082
68,object_red_01,RED,0.336595104,-0.0484750974,0.0599896713,0.00976950167,0.0569979006,2.04113846e-15,-3.83043162e-07,1.48195074e-06,0.00048569609,0.59997333,0.600026502,1,-2.33185986e-05,-0.00224993959,-0.0116628117,0.00214816681
68.04,object_red_01,RED,0.33698054,-0.0461926644,0.0599896713,0.00945085638,0.0571134232,2.18745936e-15,-4.59796684e-07,1.77890166e-06,0.000583019092,0.599903369,0.600096582,1,-2.39819242e-05,-0.0022494956,-0.0116628117,0.00214787116
68.08,object_red_01,RED,0.337345802,-0.0439065326,0.0599896713,0.00876753097,0.0571840289,2.05898247e-15,-4.51461595e-07,1.7466543e-06,0.000572450307,0.599832777,0.600167306,1,-2.45219497e-05,-0.0022486609,-0.0116628117,0.00214716794
68.12,object_red_01,RED,0.337676096,-0.0416184634,0.0599896713,0.00771517203,0.057211705,2.21600978e-15,-3.86029652e-07,1.4935056e-06,0.000489483082,0.599765603,0.600234618,1,-2.4889633e-05,-0.00224744147,-0.0116628117,0.00214605269
68.16,object_red_01,RED,0.337959376,-0.0393301752,0.0599896713,0.00647846199,0.0571973456,2.1035925e-15,-1.27674221e-07,4.93957535e-07,0.000161890153,0.599763105,0.600237188,1,-2.50930981e-05,-0.00224607872,-0.0116628117,0.00214476305
68.2,object_red_01,RED,0.338194735,-0.0370428567,0.0599896713,0.00535184122,0.057170901,2.00188163e-15,1.88473055e-07,-7.29181266e-07,-0.000238982628,0.599802485,0.600197775,1,-2.52053892e-05,-0.00224494233,-0.0116628117,0.00214367566
68.24,object_red_01,RED,0.338389982,-0.0347561841,0.0599896713,0.00448191219,0.0571684737,2.14284933e-15,3.92686598e-07,-1.51926066e-06,-0.000497924073,0.599860179,0.600139996,1,-2.52686793e-05,-0.00224415401,-0.0116628117,0.0021429183
68.28,object_red_01,RED,0.338556881,-0.0324688859,0.0599896713,0.00393335007,0.0572013435,2.00366604e-15,4.55808553e-07,-1.7634722e-06,-0.000577962223,0.599925171,0.600074895,1,-2.53287298e-05,-0.00224373842,-0.0116628117,0.00214252464
68.32,object_red_01,RED,0.338708972,-0.0301796207,0.0599896713,0.00373614914,0.0572648188,2.17139975e-15,4.18673441e-07,-1.61980044e-06,-0.000530875091,0.599996524,0.600003421,1,-2.54408564e-05,-0.00224370036,-0.0116628117,0.002142511
68.36,object_red_01,RED,0.338860619,-0.0278872938,0.0599896713,0.00390334305,0.0573533437,2.07682649e-15,3.29388833e-07,-1.27436826e-06,-0.000417662788,0.600067215,0.599932601,1,-2.56577978e-05,-0.00224403984,-0.0116628117,0.00214288846
68.4,object_red_01,RED,0.339025471,-0.0255906752,0.0599896713,0.00434762755,0.0574851867,2.23385379e-15,1.87733766e-07,-7.26320668e-07,-0.0002380451,0.600091666,0.59990804,1,-2.5983688e-05,-0.00224464265,-0.0116628117,0.00214354625
68.44,object_red_01,RED,0.339208223,-0.0232876074,0.0599896713,0.00475229367,0.0576678377,2.35876188e-15,-6.24609968e-08,2.41654586e-07,7.92001266e-05,0.600060576,0.599939124,1,-2.63347388e-05,-0.00224510402,-0.0116628117,0.0021440711
68.48,object_red_01,RED,0.33940277,-0.0209771783,0.0599896713,0.00492264713,0.0578429804,2.25526661e-15,-2.99359389e-07,1.15818761e-06,0.000379585625,0.600004577,0.599995198,1,-2.66941886e-05,-0.00224522603,-0.0116628117,0.00214426602
68.52,object_red_01,RED,0.33959778,-0.0186607866,0.0599896713,0.00477462099,0.0579618995,2.15355574e-15,-4.36867556e-07,1.69019133e-06,0.000553945078,0.599937965,0.600061921,1,-2.70626361e-05,-0.00224496258,-0.0116628117,0.00214408614
68.56,object_red_01,RED,0.339779684,-0.0163411564,0.0599896713,0.00427244255,0.0580055602,2.00901924e-15,-4.6990393e-07,1.81800555e-06,0.00059583504,0.599868158,0.600131857,1,-2.74146914e-05,-0.00224430443,-0.0116628117,0.00214351711
68.6,object_red_01,RED,0.339933939,-0.0140213638,0.0599896713,0.00339986527,0.0579722183,2.16069334e-15,-4.36934169e-07,1.69044936e-06,0.00055402964,0.599794937,0.600205218,1,-2.77064695e-05,-0.00224325047,-0.0116628117,0.00214254862
68.64,object_red_01,RED,0.340046165,-0.0117044146,0.0599896713,0.00220915665,0.0578675997,2.03400086e-15,-2.88362466e-07,1.11564238e-06,0.000365641794,0.599756106,0.60024417,1,-2.7895266e-05,-0.00224187593,-0.0116628117,0.00214124517
68.68,object_red_01,RED,0.340109293,-0.00939253523,0.0599896713,0.000997655321,0.0577295524,2.19638137e-15,3.34403009e-08,-1.29376693e-07,-4.24020541e-05,0.599779132,0.600221159,1,-2.79752484e-05,-0.00224057703,-0.0116628117,0.00213999273
68.72,object_red_01,RED,0.340127561,-0.00708581387,0.0599896713,-1.56144614e-05,0.057617463,2.1018081e-15,3.10085419e-07,-1.19968598e-06,-0.000393186332,0.599828963,0.600171264,1,-2.79455221e-05,-0.00223959909,-0.0116628117,0.00213903077
68.76,object_red_01,RED,0.34011113,-0.00478242291,0.0599896713,-0.000734239339,0.0575642299,1.97511562e-15,4.44677087e-07,-1.72040594e-06,-0.000563847639,0.599891041,0.600109086,1,-2.78190351e-05,-0.00223899528,-0.0116628117,0.00213841393
68.8,object_red_01,RED,0.340072803,-0.00247984056,0.0599896713,-0.0011139675,0.0575748959,2.13749613e-15,4.52509709e-07,-1.75070924e-06,-0.000573779277,0.59996024,0.60003977,1,-2.76353933e-05,-0.00223877307,-0.0116628117,0.00213815792
68.84,object_red_01,RED,0.340026607,-0.000175607112,0.0599896713,-0.00113438076,0.0576444482,2.26954182e-15,3.82891268e-07,-1.48136318e-06,-0.000485503521,0.600030959,0.599968923,1,-2.74448221e-05,-0.00223893202,-0.0116628117,0.00213827292
68.88,object_red_01,RED,0.339987038,0.0021325873,0.0599896713,-0.000802239957,0.0577735282,2.15177134e-15,2.78244236e-07,-1.07649554e-06,-0.000352811778,0.600087281,0.59991247,1,-2.72888507e-05,-0.00223945298,-0.0116628117,0.00213874906
68.92,object_red_01,RED,0.339964275,0.004447388,0.0599896713,-0.000357202186,0.0579697624,2.05541367e-15,6.84914429e-08,-2.64985556e-07,-8.68466461e-05,0.600077252,0.599922436,1,-2.7156363e-05,-0.00224002569,-0.0116628117,0.00213928077
68.96,object_red_01,RED,0.339956585,0.00677048618,0.0599896713,-7.48384964e-05,0.0581747746,2.21422538e-15,-1.94457854e-07,7.52335445e-07,0.000246571209,0.600029986,0.599969746,1,-2.70603084e-05,-0.00224031158,-0.0116628117,0.00213953988
69,object_red_01,RED,0.339954599,0.00910069921,0.0599896713,-7.74425432e-05,0.0583177597,2.0928861e-15,-3.87642629e-07,1.49974555e-06,0.000491528179,0.5999684,0.600031431,1,-2.70390061e-05,-0.00224021697,-0.0116628117,0.00213944292
69.04,object_red_01,RED,0.339945724,0.0114346613,0.0599896713,-0.000416255275,0.0583613029,2.23563819e-15,-4.68960461e-07,1.81435527e-06,0.000594638697,0.599900804,0.60009915,1,-2.70966351e-05,-0.00223972645,-0.0116628117,0.0021389757
69.08,object_red_01,RED,0.339915978,0.0137681298,0.0599896713,-0.00111450044,0.0582954981,2.12678972e-15,-4.62808188e-07,1.79055299e-06,0.000586837709,0.599829257,0.600170833,1,-2.72036373e-05,-0.00223883965,-0.0116628117,0.00213813165
69.12,object_red_01,RED,0.339850804,0.0160967349,0.0599896713,-0.00217409982,0.0581219673,2.00188163e-15,-3.93030231e-07,1.52059007e-06,0.000498359776,0.599765401,0.600234831,1,-2.7316036e-05,-0.00223756921,-0.0116628117,0.00213691387
69.16,object_red_01,RED,0.339738601,0.0184166984,0.0599896713,-0.00340411403,0.0578770541,2.15712454e-15,-1.24927958e-07,4.8333256e-07,0.000158407912,0.599766252,0.60023405,1,-2.73725943e-05,-0.00223617507,-0.0116628117,0.00213556346
69.2,object_red_01,RED,0.339578964,0.0207268166,0.0599896713,-0.004515377,0.0576428249,2.03578526e-15,1.97787453e-07,-7.65217641e-07,-0.000250793227,0.599805295,0.600194972,1,-2.73029458e-05,-0.00223503549,-0.0116628117,0.00213443511
69.24,object_red_01,RED,0.339379838,0.0230288917,0.0599896713,-0.00537032055,0.0574796089,2.19816577e-15,4.03512453e-07,-1.56114469e-06,-0.000511651189,0.59986251,0.600137669,1,-2.70683888e-05,-0.0022342631,-0.0116628117,0.00213363065
69.28,object_red_01,RED,0.339152899,0.0253263091,0.0599896713,-0.00590711822,0.0574087298,2.08217969e-15,4.6551721e-07,-1.80103391e-06,-0.000590272735,0.599928246,0.600071821,1,-2.6678915e-05,-0.00223387323,-0.0116628117,0.0021331672
69.32,object_red_01,RED,0.338911543,0.0276227958,0.0599896713,-0.00609652602,0.05743004,2.22671619e-15,4.25072969e-07,-1.64455948e-06,-0.000538989647,0.599997406,0.600002536,1,-2.61737044e-05,-0.00223386439,-0.0116628117,0.00213305168
69.36,object_red_01,RED,0.338670004,0.0299219571,0.0599896713,-0.00592413145,0.0575400781,2.10894571e-15,3.343013e-07,-1.29337404e-06,-0.000423891764,0.600067017,0.599932793,1,-2.55980194e-05,-0.00223423542,-0.0116628117,0.00213329264
69.4,object_red_01,RED,0.338441475,0.0322273929,0.0599896713,-0.0054993631,0.0577399898,2.00188163e-15,1.810888e-07,-7.00612029e-07,-0.000229619324,0.600085332,0.59991437,1,-2.49846823e-05,-0.00223484356,-0.0116628117,0.00213375762
69.44,object_red_01,RED,0.338229472,0.0345418694,0.0599896713,-0.0051399648,0.0579759614,2.16247774e-15,-7.80596733e-08,3.02004099e-07,9.89791391e-05,0.60004985,0.599949853,1,-2.43941253e-05,-0.00223527144,-0.0116628117,0.00213405144
69.48,object_red_01,RED,0.338027273,0.0368649271,0.0599896713,-0.0050207742,0.0581569274,2.00723484e-15,-3.15045959e-07,1.21887718e-06,0.000399476087,0.599994955,0.600004828,1,-2.39147385e-05,-0.00223533689,-0.0116628117,0.00213401456
69.52,object_red_01,RED,0.337823609,0.0391929974,0.0599896713,-0.00521267868,0.0582230112,2.17318415e-15,-4.47552981e-07,1.73153204e-06,0.000567494127,0.599930957,0.600068942,1,-2.35919835e-05,-0.00223500826,-0.0116628117,0.00213362546
69.56,object_red_01,RED,0.337605324,0.0415209207,0.0599896713,-0.00574667158,0.0581514279,2.05362927e-15,-4.76027643e-07,1.84169751e-06,0.000603599869,0.599862668,0.600137363,1,-2.34201254e-05,-0.00223428596,-0.0116628117,0.00213288325
69.6,object_red_01,RED,0.33735842,0.0438430875,0.0599896713,-0.00663630022,0.057938816,2.20530337e-15,-4.38872504e-07,1.69794857e-06,0.000556487439,0.599791839,0.600208334,1,-2.33653512e-05,-0.0022331758,-0.0116628117,0.00213178651
69.64,object_red_01,RED,0.33706933,0.0461540841,0.0599896713,-0.00781249166,0.0576056521,2.07147328e-15,-2.67387219e-07,1.03449153e-06,0.000339045327,0.599764359,0.600235932,1,-2.33657595e-05,-0.0022317793,-0.0116628117,0.00213042149
69.68,object_red_01,RED,0.336732527,0.0484508785,0.0599896713,-0.00897553468,0.0572480585,2.23563819e-15,6.36823652e-08,-2.46379893e-07,-8.07488043e-05,0.599789169,0.600211126,1,-2.32826673e-05,-0.00223051181,-0.0116628117,0.00212916505
69.72,object_red_01,RED,0.336353008,0.0507345406,0.0599896713,-0.00993338739,0.056958778,2.12500532e-15,3.32890647e-07,-1.28791687e-06,-0.000422103216,0.599839496,0.600160729,1,-2.30025008e-05,-0.00222958843,-0.0116628117,0.00212820348
69.76,object_red_01,RED,0.335940913,0.0530088671,0.0599896713,-0.0106023531,0.0567822415,2.02686325e-15,4.55985041e-07,-1.76415513e-06,-0.000578186044,0.599900405,0.600099716,1,-2.24885016e-05,-0.00222904475,-0.0116628117,0.00212756391
69.8,object_red_01,RED,0.335508703,0.0552786446,0.0599896713,-0.0109428034,0.056728309,2.18924376e-15,4.54012299e-07,-1.75652257e-06,-0.000575684544,0.599966711,0.600033289,1,-2.17579791e-05,-0.00222887903,-0.0116628117,0.00212724842
69.84,object_red_01,RED,0.335069982,0.057548743,0.0599896713,-0.0109343836,0.0567947894,2.08396409e-15,3.79406157e-07,-1.46787967e-06,-0.000481084421,0.600034797,0.599965072,1,-2.0849713e-05,-0.0022290882,-0.0116628117,0.00212726243
69.88,object_red_01,RED,0.334638673,0.05982395,0.0599896713,-0.0105978513,0.0569802299,2.23028499e-15,2.6665475e-07,-1.03165711e-06,-0.000338116383,0.600083563,0.599916177,1,-1.98047009e-05,-0.00222963637,-0.0116628117,0.00212757973
69.92,object_red_01,RED,0.334223273,0.0621084117,0.0599896713,-0.0101984061,0.0572400889,2.08574849e-15,4.1280119e-08,-1.59708022e-07,-5.23428765e-05,0.600064306,0.599935384,1,-1.87154193e-05,-0.0022301732,-0.0116628117,0.00212787732
69.96,object_red_01,RED,0.33382064,0.0644029426,0.0599896713,-0.00997971893,0.0574667013,1.97690002e-15,-2.21502603e-07,8.56968513e-07,0.000280863761,0.600017953,0.59998179,1,-1.77344447e-05,-0.00223039175,-0.0116628117,0.00212788678
70,object_red_01,RED,0.333421235,0.0667043087,0.0599896713,-0.0100396432,0.0575745137,2.13392732e-15,-4.04203842e-07,1.56381903e-06,0.000512527688,0.599958897,0.60004095,1,-1.69628875e-05,-0.00223022306,-0.0116628117,0.00212756145
70.04,object_red_01,RED,0.333012987,0.0690067921,0.0599896713,-0.0104183604,0.0575229035,2.01615684e-15,-4.74586352e-07,1.83612123e-06,0.000601772295,0.599894819,0.600105155,1,-1.64301016e-05,-0.00222966551,-0.0116628117,0.00212690551
70.08,object_red_01,RED,0.332582722,0.0713037298,0.0599896713,-0.0111342496,0.0573010206,2.16247774e-15,-4.60323324e-07,1.78093935e-06,0.000583686924,0.599827299,0.600172814,1,-1.6118978e-05,-0.0022287274,-0.0116628117,0.00212592339
70.12,object_red_01,RED,0.332116829,0.0735883229,0.0599896713,-0.0121823539,0.0569134393,2.05898247e-15,-3.74361122e-07,1.44836144e-06,0.000474687487,0.599775066,0.600225187,1,-1.59883264e-05,-0.00222743236,-0.0116628117,0.00212462956
70.16,object_red_01,RED,0.331605508,0.0758552688,0.0599896713,-0.0133470701,0.0564437902,2.20887217e-15,-8.38955819e-08,3.24582853e-07,0.000106379118,0.599780862,0.600219447,1,-1.58873071e-05,-0.00222608523,-0.0116628117,0.00212329095
70.2,object_red_01,RED,0.331049869,0.0781040247,0.0599896713,-0.014374132,0.0560203722,2.08574849e-15,2.322319e-07,-8.98479389e-07,-0.00029446857,0.599821954,0.60017831,1,-1.56079692e-05,-0.00222502766,-0.0116628117,0.00212219855
70.24,object_red_01,RED,0.330458038,0.0803381757,0.0599896713,-0.0151507873,0.0557182364,2.23385379e-15,4.20649873e-07,-1.62744743e-06,-0.000533381318,0.59987662,0.600123551,1,-1.50444073e-05,-0.00222434081,-0.0116628117,0.00212140981
70.28,object_red_01,RED,0.329841223,0.0825632321,0.0599896713,-0.0156250155,0.0555635936,2.12500532e-15,4.67290693e-07,-1.80789528e-06,-0.000592521489,0.599938708,0.600061349,1,-1.41776527e-05,-0.00222402643,-0.0116628117,0.00212092272
70.32,object_red_01,RED,0.329212126,0.0847851894,0.0599896713,-0.0157700072,0.0555592226,1.99295963e-15,4.18255188e-07,-1.61818224e-06,-0.000530344741,0.600003327,0.599996603,1,-1.3031976e-05,-0.00222407828,-0.0116628117,0.00212073659
70.36,object_red_01,RED,0.328584203,0.0870100219,0.0599896713,-0.0155749267,0.0557037037,2.14284933e-15,3.23813762e-07,-1.25279893e-06,-0.000410593635,0.600068649,0.599931147,1,-1.16438322e-05,-0.00222449122,-0.0116628117,0.00212085445
70.4,object_red_01,RED,0.327969197,0.0892433853,0.0599896713,-0.015181378,0.0559700982,2.04113846e-15,1.54406605e-07,-5.97381617e-07,-0.00019578648,0.60007302,0.599926679,1,-1.00941276e-05,-0.00222507981,-0.0116628117,0.00212111207
70.44,object_red_01,RED,0.327368635,0.0914879753,0.0599896713,-0.0148861401,0.0562427864,2.17853735e-15,-1.09336916e-07,4.23012198e-07,0.000138638461,0.600037532,0.59996218,1,-8.59512208e-06,-0.00222544233,-0.0116628117,0.00212116002
70.48,object_red_01,RED,0.326775284,0.0937415678,0.0599896713,-0.014828077,0.0564079331,2.06433568e-15,-3.36224227e-07,1.30081351e-06,0.000426329987,0.599984761,0.600015038,1,-7.32274316e-06,-0.00222543521,-0.0116628117,0.00212089342
70.52,object_red_01,RED,0.326178426,0.0959983839,0.0599896713,-0.0150597882,0.0564016235,2.2427758e-15,-4.54788867e-07,1.7595269e-06,0.000576669189,0.599925825,0.600074093,1,-6.35607342e-06,-0.00222504599,-0.0116628117,0.00212031561
70.56,object_red_01,RED,0.325565933,0.0982509917,0.0599896713,-0.0156047272,0.0562007517,2.12322092e-15,-4.72232779e-07,1.82701563e-06,0.000598788015,0.599862731,0.600137321,1,-5.7046321e-06,-0.00222428567,-0.0116628117,0.00211943884
70.6,object_red_01,RED,0.324925,0.100491495,0.0599896713,-0.016474693,0.0558014768,1.99295963e-15,-4.29341495e-07,1.66107418e-06,0.000544402187,0.599801566,0.600198628,1,-5.34418214e-06,-0.00222316427,-0.0116628117,0.00211826774
70.64,object_red_01,RED,0.324243639,0.102712488,0.0599896713,-0.0175798892,0.0552482866,2.14998693e-15,-2.31972538e-07,8.97476098e-07,0.000294139747,0.599781391,0.600218911,1,-5.1766117e-06,-0.0022218152,-0.0116628117,0.0021169129
70.68,object_red_01,RED,0.323518224,0.104910805,0.0599896713,-0.0186397871,0.0546928757,1.77883148e-15,1.00553519e-07,-3.89030309e-07,-0.0001275012,0.599810118,0.600190177,1,-4.92268966e-06,-0.00222064435,-0.0116628117,0.00211571503
70.72,object_red_01,RED,0.322754206,0.107088948,0.0599896713,-0.0194989988,0.0542499165,2.19459696e-15,3.53709137e-07,-1.36846127e-06,-0.000448500922,0.599856993,0.600143226,1,-4.37758671e-06,-0.00221982192,-0.0116628117,0.00211479914
70.76,object_red_01,RED,0.321961176,0.109252631,0.0599896713,-0.0200895006,0.053970183,2.05541367e-15,4.60034353e-07,-1.77982144e-06,-0.000583320536,0.599913403,0.60008671,1,-3.46554509e-06,-0.00221936425,-0.0116628117,0.00211416609
70.8,object_red_01,RED,0.321150657,0.111408725,0.0599896713,-0.0203769046,0.0538665682,2.22671619e-15,4.47545288e-07,-1.73150241e-06,-0.000567484413,0.599973517,0.600026475,1,-2.18475367e-06,-0.00221926208,-0.0116628117,0.00211380693
70.84,object_red_01,RED,0.320335182,0.113564289,0.0599896713,-0.0203431995,0.0539391363,2.10894571e-15,3.68117323e-07,-1.42420443e-06,-0.000466770254,0.600038574,0.599961287,1,-5.62653824e-07,-0.00221950928,-0.0116628117,0.00211372194
70.88,object_red_01,RED,0.319527424,0.115726306,0.0599896713,-0.0200210435,0.0541796275,1.98760642e-15,2.49286867e-07,-9.64462705e-07,-0.00031609402,0.600073603,0.599926131,1,1.35331011e-06,-0.00222005617,-0.0116628117,0.0021138729
70.92,object_red_01,RED,0.318734012,0.117899848,0.0599896713,-0.0196775987,0.0544880639,2.13928053e-15,1.70249116e-08,-6.58673713e-08,-2.15874432e-05,0.600053343,0.599946353,1,3.34961672e-06,-0.00222054138,-0.0116628117,0.00211394927
70.96,object_red_01,RED,0.317950986,0.120084585,0.0599896713,-0.0195162038,0.0547207206,2.01972565e-15,-2.39964001e-07,9.2839357e-07,0.000304272684,0.600008479,0.599991276,1,5.15518747e-06,-0.00222069932,-0.0116628117,0.00211374478
71,object_red_01,RED,0.317169335,0.122275373,0.0599896713,-0.019609588,0.0547841189,2.16961535e-15,-4.10655189e-07,1.58877857e-06,0.000520707957,0.599955571,0.60004429,1,6.62018963e-06,-0.00222048533,-0.0116628117,0.00211324465
71.04,object_red_01,RED,0.316378188,0.124464446,0.0599896713,-0.0199872452,0.0546366001,2.06076687e-15,-4.70462696e-07,1.8201673e-06,0.000596543536,0.59989794,0.600102049,1,7.6943801e-06,-0.00221991033,-0.0116628117,0.00211246872
71.08,object_red_01,RED,0.315565832,0.126643073,0.0599896713,-0.0206642512,0.0542667943,2.21244098e-15,-4.50487547e-07,1.74288584e-06,0.000571215227,0.599841025,0.600159101,1,8.3826664e-06,-0.00221898862,-0.0116628117,0.00211142941
71.12,object_red_01,RED,0.314720233,0.128802397,0.0599896713,-0.021631333,0.0536834695,2.1035925e-15,-3.55659928e-07,1.37600863e-06,0.000450974502,0.599793659,0.600206604,1,8.72522288e-06,-0.00221775093,-0.0116628117,0.00211014861
71.16,object_red_01,RED,0.313833299,0.13093599,0.0599896713,-0.0226793276,0.0530145207,2.23742259e-15,-5.9603539e-08,2.30599628e-07,7.55769582e-05,0.599804851,0.600195461,1,8.96851044e-06,-0.00221650546,-0.0116628117,0.00210887976
71.2,object_red_01,RED,0.312906749,0.133043999,0.0599896713,-0.0235929929,0.0524230879,2.11965211e-15,2.4686453e-07,-9.5509141e-07,-0.000313022653,0.59984195,0.600158313,1,9.44115252e-06,-0.0022155542,-0.0116628117,0.0021078541
71.24,object_red_01,RED,0.311948096,0.135131541,0.0599896713,-0.0242803477,0.051995726,2.26240421e-15,4.23432426e-07,-1.6382128e-06,-0.000536909571,0.599891124,0.600109045,1,1.03069629e-05,-0.00221495569,-0.0116628117,0.0021070969
71.28,object_red_01,RED,0.310967379,0.137205937,0.0599896713,-0.0246976849,0.0517631818,2.15177134e-15,4.62042457e-07,-1.78759043e-06,-0.000585866757,0.599945617,0.600054439,1,1.16120123e-05,-0.00221470121,-0.0116628117,0.00210659103
71.32,object_red_01,RED,0.309975938,0.139275137,0.0599896713,-0.0248209084,0.0517310483,2.02329445e-15,4.09619958e-07,-1.5847735e-06,-0.000519395327,0.600005621,0.599994309,1,1.3347166e-05,-0.00221478016,-0.0116628117,0.00210632876
71.36,object_red_01,RED,0.308985802,0.141347158,0.0599896713,-0.0246406337,0.0518990812,1.89838636e-15,3.14938151e-07,-1.21846019e-06,-0.000399339421,0.600060288,0.599939511,1,1.54848856e-05,-0.00221518581,-0.0116628117,0.00210631004
71.4,object_red_01,RED,0.308007269,0.143429354,0.0599896713,-0.0242941444,0.0522143725,2.05719807e-15,1.46306393e-07,-5.66042815e-07,-0.000185515468,0.600063861,0.599935844,1,1.7896264e-05,-0.00221573721,-0.0116628117,0.00210638366
71.44,object_red_01,RED,0.307041137,0.145524384,0.0599896713,-0.0240481675,0.0525142385,2.22136298e-15,-1.13225672e-07,4.3805735e-07,0.000143569376,0.600029625,0.599970094,1,2.02353576e-05,-0.00221605938,-0.0116628117,0.00210624913
71.48,object_red_01,RED,0.306080704,0.147628745,0.0599896713,-0.0240139049,0.0526681966,2.11073011e-15,-3.33559653e-07,1.29050459e-06,0.000422951329,0.599983641,0.600016165,1,2.22500383e-05,-0.00221603024,-0.0116628117,0.00210583444
71.52,object_red_01,RED,0.305116583,0.149735006,0.0599896713,-0.0242303539,0.0526075995,2.23563819e-15,-4.47053833e-07,1.72960093e-06,0.000566861222,0.599932415,0.600067507,1,2.38276752e-05,-0.00221565,-0.0116628117,0.00210516016
71.56,object_red_01,RED,0.304138337,0.15183397,0.0599896713,-0.0247155765,0.0523075307,1.85734514e-15,-4.61830545e-07,1.78677057e-06,0.000585598054,0.599880719,0.600119334,1,2.49410018e-05,-0.00221493772,-0.0116628117,0.00210424914
71.6,object_red_01,RED,0.303134976,0.153915919,0.0599896713,-0.0254802259,0.0517629029,2.02151005e-15,-4.1939977e-07,1.62261075e-06,0.000531796143,0.599823623,0.60017657,1,2.56027197e-05,-0.00221390695,-0.0116628117,0.00210311157
71.64,object_red_01,RED,0.302096126,0.155971703,0.0599896713,-0.0264506386,0.0510284698,2.18032176e-15,-2.32064141e-07,8.97830485e-07,0.000294255894,0.599808464,0.600191837,1,2.5926621e-05,-0.00221267281,-0.0116628117,0.00210183853
71.68,object_red_01,RED,0.301018559,0.157997532,0.0599896713,-0.0273831653,0.0502959923,2.05006047e-15,9.2238463e-08,-3.56860283e-07,-0.000116957762,0.599832492,0.600167806,1,2.6307485e-05,-0.00221160726,-0.0116628117,0.00210072019
71.72,object_red_01,RED,0.299906953,0.159996626,0.0599896713,-0.0281435188,0.0497037258,2.20887217e-15,3.43480777e-07,-1.32888889e-06,-0.000435531427,0.59987267,0.600127555,1,2.70436017e-05,-0.00221086808,-0.0116628117,0.00209985495
71.76,object_red_01,RED,0.298769502,0.161976035,0.0599896713,-0.0286744836,0.0493122682,2.0964549e-15,4.51142931e-07,-1.74542152e-06,-0.000572046271,0.599920324,0.600079798,1,2.82558473e-05,-0.00221046151,-0.0116628117,0.00209922644
71.8,object_red_01,RED,0.297616075,0.163944251,0.0599896713,-0.0289448983,0.0491397358,2.2534822e-15,4.41592848e-07,-1.7084731e-06,-0.000559936761,0.599973934,0.600026069,1,2.99697137e-05,-0.00221037236,-0.0116628117,0.00209881578
71.84,object_red_01,RED,0.296457484,0.165910104,0.0599896713,-0.0289377173,0.0491885604,2.14820253e-15,3.64843259e-07,-1.41153745e-06,-0.000462618765,0.600027637,0.59997224,1,3.21711337e-05,-0.00221059175,-0.0116628117,0.0020986182
71.88,object_red_01,RED,0.29530481,0.167882395,0.0599896713,-0.0286710558,0.0494500151,2.00723484e-15,2.55413146e-07,-9.88164614e-07,-0.000323862108,0.600064567,0.599935185,1,3.48185037e-05,-0.00221108735,-0.0116628117,0.00209861136
71.92,object_red_01,RED,0.294164421,0.169867527,0.0599896713,-0.0283716418,0.0497956198,2.16069334e-15,3.84986388e-08,-1.48946798e-07,-4.88159818e-05,0.60004702,0.599952683,1,3.76284357e-05,-0.00221154956,-0.0116628117,0.00209854517
71.96,object_red_01,RED,0.293033215,0.171865106,0.0599896713,-0.0282247286,0.0500508256,2.06255128e-15,-2.13869553e-07,8.27437111e-07,0.000271185108,0.600009279,0.599990475,1,4.02157833e-05,-0.00221171471,-0.0116628117,0.00209823163
72,object_red_01,RED,0.291903637,0.173869089,0.0599896713,-0.0282902121,0.050108594,2.19638137e-15,-3.88990712e-07,1.50496115e-06,0.000493237548,0.599965262,0.600034592,1,4.23694687e-05,-0.00221154079,-0.0116628117,0.00209766691
72.04,object_red_01,RED,0.290766685,0.175870439,0.0599896713,-0.0285901203,0.0499208742,2.07861089e-15,-4.55373495e-07,1.76178886e-06,0.000577410525,0.599919306,0.600080671,1,4.40080764e-05,-0.00221104688,-0.0116628117,0.00209688312
72.08,object_red_01,RED,0.289612697,0.177858962,0.0599896713,-0.0291376418,0.0494727542,2.23920699e-15,-4.41350167e-07,1.70753433e-06,0.000559629085,0.599869014,0.600131094,1,4.51182349e-05,-0.00221025271,-0.0116628117,0.00209590083
72.12,object_red_01,RED,0.288431647,0.179824218,0.0599896713,-0.0299331553,0.0487678431,2.12322092e-15,-3.68605664e-07,1.42609416e-06,0.000467389586,0.599826771,0.600173474,1,4.57230015e-05,-0.00220917864,-0.0116628117,0.00209473513
72.16,object_red_01,RED,0.287215829,0.181757871,0.0599896713,-0.030831088,0.0479337836,2.00901924e-15,-1.06617514e-07,4.12491465e-07,0.000135190379,0.599830684,0.600169627,1,4.60765917e-05,-0.00220804937,-0.0116628117,0.00209356066
72.2,object_red_01,RED,0.285965656,0.183659158,0.0599896713,-0.0316323813,0.0471736478,2.16604655e-15,2.02103478e-07,-7.81915858e-07,-0.000256265918,0.599859442,0.600140832,1,4.66321899e-05,-0.00220717172,-0.0116628117,0.00209259711
72.24,object_red_01,RED,0.284686941,0.185533572,0.0599896713,-0.032253874,0.0465970272,1.99474403e-15,3.95835248e-07,-1.53144243e-06,-0.000501916536,0.599898916,0.600101274,1,4.76392194e-05,-0.00220661135,-0.0116628117,0.00209186421
72.28,object_red_01,RED,0.283387773,0.18738949,0.0599896713,-0.032655568,0.0462468289,2.17496855e-15,4.52077561e-07,-1.7490374e-06,-0.000573231345,0.599944727,0.600055355,1,4.91878804e-05,-0.00220635482,-0.0116628117,0.00209133319
72.32,object_red_01,RED,0.282077462,0.189236256,0.0599896713,-0.0328141279,0.0461340138,2.05362927e-15,4.11663558e-07,-1.59267998e-06,-0.000521986605,0.5999929,0.600007063,1,5.12918466e-05,-0.00220638647,-0.0116628117,0.00209098741
72.36,object_red_01,RED,0.280766035,0.191083414,0.0599896713,-0.0327166087,0.0462606844,2.21244098e-15,3.23832419e-07,-1.25287112e-06,-0.000410617296,0.600043908,0.59995593,1,5.39364386e-05,-0.00220670018,-0.0116628117,0.00209082527
72.4,object_red_01,RED,0.279463008,0.192940146,0.0599896713,-0.0324316383,0.0465879553,2.33913346e-15,1.89506287e-07,-7.33178368e-07,-0.000240292649,0.600057162,0.599942566,1,5.70262618e-05,-0.00220720483,-0.0116628117,0.00209077606
72.44,object_red_01,RED,0.278170993,0.194810956,0.0599896713,-0.032197165,0.0469305789,2.22136298e-15,-4.89090383e-08,1.89223594e-07,6.20163385e-05,0.600031303,0.599968415,1,6.01418929e-05,-0.00220755905,-0.0116628117,0.00209057894
72.48,object_red_01,RED,0.276885156,0.196692884,0.0599896713,-0.0321276369,0.0471275233,2.11608331e-15,-2.78783614e-07,1.07858228e-06,0.000353495689,0.599995294,0.600004494,1,6.29164499e-05,-0.00220760464,-0.0116628117,0.0020901416
72.52,object_red_01,RED,0.275598114,0.198578131,0.0599896713,-0.0322555076,0.0470931466,1.99117523e-15,-4.13851928e-07,1.60114646e-06,0.00052476142,0.59995572,0.600044175,1,6.51749227e-05,-0.00220733902,-0.0116628117,0.00208949008
72.56,object_red_01,RED,0.274301655,0.20045661,0.0599896713,-0.0325952009,0.0467928334,2.13928053e-15,-4.48080334e-07,1.7335725e-06,0.000568162864,0.599912855,0.600087162,1,6.6855851e-05,-0.00220678769,-0.0116628117,0.00208865828
72.6,object_red_01,RED,0.272987098,0.202317455,0.0599896713,-0.0331560889,0.0462178504,2.30344544e-15,-4.16018989e-07,1.60953088e-06,0.00052750933,0.59986927,0.600130879,1,6.79531621e-05,-0.00220597003,-0.0116628117,0.00208766495
72.64,object_red_01,RED,0.271645647,0.204149828,0.0599896713,-0.033921904,0.0453888885,2.19281256e-15,-3.04397148e-07,1.17767869e-06,0.000385973639,0.599841626,0.600158648,1,6.85161797e-05,-0.00220492565,-0.0116628117,0.00208653985
72.68,object_red_01,RED,0.270272276,0.205946871,0.0599896713,-0.0347154197,0.0444938488,2.05719807e-15,-1.08912751e-08,4.21372526e-08,1.38101046e-05,0.599853685,0.600146621,1,6.89352455e-05,-0.00220393728,-0.0116628117,0.00208549457
72.72,object_red_01,RED,0.268869245,0.207710174,0.0599896713,-0.035394031,0.0437207508,2.22671619e-15,2.67694384e-07,-1.03567978e-06,-0.000339434769,0.599883308,0.600116945,1,6.96601054e-05,-0.00220322064,-0.0116628117,0.00208466491
72.76,object_red_01,RED,0.267442454,0.209446706,0.0599896713,-0.0359013401,0.0431589699,2.09110169e-15,4.16904534e-07,-1.61295707e-06,-0.000528632234,0.599919855,0.600080307,1,7.09043813e-05,-0.00220279657,-0.0116628117,0.00208403541
72.8,object_red_01,RED,0.265999424,0.21116571,0.0599896713,-0.0362070591,0.0428407452,2.27132622e-15,4.39801119e-07,-1.70154116e-06,-0.00055766488,0.59996098,0.600039075,1,7.27405403e-05,-0.00220264459,-0.0116628117,0.00208357457
72.84,object_red_01,RED,0.264548649,0.212877136,0.0599896713,-0.03629174,0.0427743488,2.13928053e-15,3.83415587e-07,-1.48339174e-06,-0.000486168362,0.600005193,0.599994743,1,7.51780983e-05,-0.00220275127,-0.0116628117,0.00208326918
72.88,object_red_01,RED,0.263099172,0.214591088,0.0599896713,-0.0361482331,0.0429605015,2.03221646e-15,2.91389824e-07,-1.12735438e-06,-0.000369480306,0.600048192,0.599951622,1,7.82021638e-05,-0.00220310961,-0.0116628117,0.00208311704
72.92,object_red_01,RED,0.261658689,0.216316696,0.0599896713,-0.0358839023,0.0433220353,2.16069334e-15,1.36711017e-07,-5.2891941e-07,-0.000173348604,0.600046859,0.599952864,1,8.16417532e-05,-0.00220357781,-0.0116628117,0.00208300917
72.96,object_red_01,RED,0.260227476,0.218056693,0.0599896713,-0.0357042422,0.0436491906,2.06968888e-15,-1.03862696e-07,4.01833061e-07,0.000131697189,0.600021202,0.599978533,1,8.50035241e-05,-0.00220384725,-0.0116628117,0.00208272371
73,object_red_01,RED,0.258800348,0.219806438,0.0599896713,-0.035680872,0.0437966613,2.19995017e-15,-3.10800192e-07,1.20245082e-06,0.000394092494,0.599988277,0.600011537,1,8.79447014e-05,-0.0022038229,-0.0116628117,0.00208222178
73.04,object_red_01,RED,0.257370609,0.221557077,0.0599896713,-0.0358323008,0.0436928362,2.1018081e-15,-4.18614444e-07,1.61957215e-06,0.000530800273,0.599953144,0.600046778,1,9.03114364e-05,-0.00220351975,-0.0116628117,0.00208154098
73.08,object_red_01,RED,0.255931058,0.223297909,0.0599896713,-0.036168374,0.0433111585,2.25705101e-15,-4.33224898e-07,1.67609852e-06,0.000549326282,0.599916295,0.600083748,1,9.20523446e-05,-0.00220296596,-0.0116628117,0.0020807153
73.12,object_red_01,RED,0.254474129,0.225017648,0.0599896713,-0.0366974274,0.0426449505,2.14106493e-15,-3.93581042e-07,1.52272098e-06,0.000499058164,0.599878982,0.600121189,1,9.31625153e-05,-0.00220217899,-0.0116628117,0.00207976122
73.16,object_red_01,RED,0.252992353,0.226705303,0.0599896713,-0.037389048,0.0417344715,2.00009723e-15,-2.54879573e-07,9.86100761e-07,0.000323185689,0.599860201,0.600140084,1,9.37228781e-05,-0.00220121659,-0.0116628117,0.00207872192
73.2,object_red_01,RED,0.251482478,0.228355185,0.0599896713,-0.0380744467,0.0407969153,2.17318415e-15,4.16630657e-08,-1.61189675e-07,-5.28284738e-05,0.599876038,0.600124261,1,9.42055842e-05,-0.00220035999,-0.0116628117,0.0020777995
73.24,object_red_01,RED,0.249947272,0.229970206,0.0599896713,-0.0386486109,0.0400072465,2.03935406e-15,2.95370559e-07,-1.14275581e-06,-0.000374527978,0.599901897,0.600098342,1,9.50514621e-05,-0.00219976536,-0.0116628117,0.00207707804
73.28,object_red_01,RED,0.248392139,0.231558134,0.0599896713,-0.0390696913,0.0394442624,2.18210616e-15,4.18478285e-07,-1.61904569e-06,-0.000530627725,0.599934371,0.600065777,1,9.64588829e-05,-0.00219943397,-0.0116628117,0.00207652786
73.32,object_red_01,RED,0.246823745,0.233128712,0.0599896713,-0.0393126678,0.039135642,2.06968888e-15,4.25325192e-07,-1.6455354e-06,-0.000539309493,0.599970748,0.600029294,1,9.84947964e-05,-0.00219934323,-0.0116628117,0.00207611726
73.36,object_red_01,RED,0.245249571,0.23469229,0.0599896713,-0.0393614969,0.03908815,2.21065658e-15,3.62084301e-07,-1.40086338e-06,-0.000459120432,0.600010075,0.599989852,1,0.000101168544,-0.00219948015,-0.0116628117,0.00207583387
73.4,object_red_01,RED,0.243677558,0.236259354,0.0599896713,-0.0392114771,0.0393022728,2.11429891e-15,2.70256427e-07,-1.04559165e-06,-0.000342683302,0.600043958,0.59995585,1,0.000104467196,-0.00219983802,-0.0116628117,0.00207567562
73.44,object_red_01,RED,0.242114004,0.237839003,0.0599896713,-0.0389771595,0.0396779663,1.97333122e-15,1.11261279e-07,-4.30457254e-07,-0.000141078513,0.600040546,0.599959182,1,0.000108173624,-0.00220026447,-0.0116628117,0.00207552817
73.48,object_red_01,RED,0.240558331,0.239433134,0.0599896713,-0.0388312528,0.0399970031,2.13035852e-15,-1.22559723e-07,4.74169739e-07,0.000155404888,0.600015618,0.599984129,1,0.000111758786,-0.00220048942,-0.0116628117,0.00207520653
73.52,object_red_01,RED,0.239005731,0.241036362,0.0599896713,-0.0388231002,0.0401217226,2.01794125e-15,-3.15253589e-07,1.21968052e-06,0.000399739376,0.599987657,0.60001217,1,0.000114883553,-0.00220044516,-0.0116628117,0.00207469364
73.56,object_red_01,RED,0.237450441,0.242639387,0.0599896713,-0.0389631519,0.0399868164,2.16783095e-15,-4.10222354e-07,1.58710411e-06,0.000520159165,0.599958046,0.600041886,1,0.000117398694,-0.00220015415,-0.0116628117,0.0020740316
73.6,object_red_01,RED,0.235886385,0.244231241,0.0599896713,-0.0392587865,0.0395684082,2.03756966e-15,-4.18062522e-07,1.617437e-06,0.000530100494,0.599927657,0.600072393,1,0.00011925306,-0.00219964556,-0.0116628117,0.00207325455
73.64,object_red_01,RED,0.234307195,0.245800443,0.0599896713,-0.0397166158,0.0388612668,2.18210616e-15,-3.7568045e-07,1.4534656e-06,0.000476360333,0.59989542,0.600104754,1,0.000120440235,-0.00219893715,-0.0116628117,0.00207237926
73.68,object_red_01,RED,0.232706591,0.247335846,0.0599896713,-0.0403103181,0.0379073119,2.08217969e-15,-2.39384439e-07,9.26151808e-07,0.000303537957,0.599881818,0.600118465,1,0.000121042304,-0.0021980809,-0.0116628117,0.00207144401
73.72,object_red_01,RED,0.231081972,0.248831826,0.0599896713,-0.0408944306,0.0369308611,2.21957858e-15,4.69272315e-08,-1.81556157e-07,-5.95034053e-05,0.599893854,0.60010644,1,0.000121556021,-0.00219732919,-0.0116628117,0.00207062521
73.76,object_red_01,RED,0.229435795,0.250291502,0.0599896713,-0.0413829837,0.0361076184,1.84663873e-15,2.90881637e-07,-1.12538866e-06,-0.000368836051,0.599916435,0.600083802,1,0.000122439993,-0.00219681688,-0.0116628117,0.00206998917
73.8,object_red_01,RED,0.227772628,0.251722827,0.0599896713,-0.0417429186,0.0355151895,2.00545044e-15,4.08124444e-07,-1.57898783e-06,-0.000517499121,0.599943641,0.600056508,1,0.000123900764,-0.00219653885,-0.0116628117,0.00206950122
73.84,object_red_01,RED,0.226098082,0.253135712,0.0599896713,-0.0419526104,0.0351814617,2.14641813e-15,4.13494043e-07,-1.59976201e-06,-0.000524307675,0.599974861,0.600025186,1,0.000126011279,-0.00219647098,-0.0116628117,0.00206912822
73.88,object_red_01,RED,0.2244185,0.254540697,0.0599896713,-0.0419970962,0.0351139958,2.01972565e-15,3.52033417e-07,-1.36197765e-06,-0.000446375981,0.600006672,0.599993265,1,0.000128786128,-0.00219660042,-0.0116628117,0.00206885736
73.92,object_red_01,RED,0.222740652,0.25594848,0.0599896713,-0.0418708017,0.0353142952,2.20530337e-15,2.63619514e-07,-1.01991419e-06,-0.000334267745,0.600039399,0.599960424,1,0.000132217375,-0.00219692206,-0.0116628117,0.00206868749
73.96,object_red_01,RED,0.221070136,0.257368594,0.0599896713,-0.0416635957,0.0356916131,2.07325768e-15,1.1908198e-07,-4.60714677e-07,-0.000150995113,0.600035791,0.599963948,1,0.000136111822,-0.00219731789,-0.0116628117,0.0020685321
74,object_red_01,RED,0.219406688,0.258803492,0.0599896713,-0.0415302126,0.036022328,2.22136298e-15,-1.03149518e-07,3.99073853e-07,0.000130792883,0.600015237,0.599984515,1,0.000139921137,-0.00219754064,-0.0116628117,0.00206822442
74.04,object_red_01,RED,0.217746238,0.260248048,0.0599896713,-0.0415125924,0.0361630444,2.1035925e-15,-2.93857959e-07,1.13690325e-06,0.000372609866,0.599991989,0.600007836,1,0.000143275488,-0.00219752116,-0.0116628117,0.00206774569
74.08,object_red_01,RED,0.216084033,0.261693098,0.0599896713,-0.0416154409,0.036046527,1.97868442e-15,-3.92274583e-07,1.51766621e-06,0.000497401512,0.599968504,0.60003142,1,0.000146010429,-0.00219728307,-0.0116628117,0.00206713914
74.12,object_red_01,RED,0.21441517,0.263127738,0.0599896713,-0.0418434132,0.0356474948,2.16426214e-15,-4.04593424e-07,1.56532656e-06,0.000513021764,0.599942944,0.600057092,1,0.000148065707,-0.00219685756,-0.0116628117,0.00206644128
74.16,object_red_01,RED,0.212734515,0.264540501,0.0599896713,-0.0422025403,0.0349597427,2.04113846e-15,-3.65628096e-07,1.41457416e-06,0.000463614013,0.599918187,0.600081967,1,0.000149428312,-0.0021962634,-0.0116628117,0.00206567043
74.2,object_red_01,RED,0.211036854,0.265920019,0.0599896713,-0.0426825546,0.0340063346,2.16426214e-15,-2.62098529e-07,1.01403002e-06,0.000332339254,0.599901189,0.600099077,1,0.000150143075,-0.00219552945,-0.0116628117,0.00206484791
74.24,object_red_01,RED,0.209319368,0.267259269,0.0599896713,-0.0431714724,0.0329916448,2.06076687e-15,2.61108838e-09,-1.01019183e-08,-3.31081494e-06,0.599910423,0.600089872,1,0.000150652487,-0.00219485584,-0.0116628117,0.00206411265
74.28,object_red_01,RED,0.207583663,0.268560229,0.0599896713,-0.0435883581,0.0321104317,2.19102816e-15,2.52198739e-07,-9.75728838e-07,-0.000319786385,0.599927881,0.600072365,1,0.000151472407,-0.00219439014,-0.0116628117,0.00206354235
74.32,object_red_01,RED,0.205833278,0.269830328,0.0599896713,-0.0439045491,0.0314519123,2.1035925e-15,3.8533106e-07,-1.4908028e-06,-0.000488597266,0.599949404,0.600050762,1,0.000152850259,-0.00219413319,-0.0116628117,0.00206310559
74.36,object_red_01,RED,0.204072639,0.271079278,0.0599896713,-0.0441012043,0.0310495446,1.98760642e-15,4.05271409e-07,-1.56794959e-06,-0.000513881438,0.599973641,0.60002643,1,0.000154879966,-0.00219405899,-0.0116628117,0.00206276542
74.4,object_red_01,RED,0.20230685,0.272317581,0.0599896713,-0.0441634477,0.0309137001,2.13749613e-15,3.54405192e-07,-1.3711538e-06,-0.000449383381,0.600001558,0.599998408,1,0.000157587492,-0.0021941527,-0.0116628117,0.00206250573
74.44,object_red_01,RED,0.20054146,0.273555952,0.0599896713,-0.0440844376,0.031046163,1.75741867e-15,2.69994203e-07,-1.04457714e-06,-0.000342350807,0.600029273,0.599970585,1,0.00016097053,-0.00219440877,-0.0116628117,0.00206232401
74.48,object_red_01,RED,0.198781701,0.274804687,0.0599896713,-0.0439046972,0.0314023652,2.16069334e-15,1.57954335e-07,-6.11107464e-07,-0.000200285002,0.600034132,0.59996563,1,0.00016493375,-0.00219477524,-0.0116628117,0.00206218416
74.52,object_red_01,RED,0.197028581,0.276068505,0.0599896713,-0.0437689513,0.0317632403,2.04113846e-15,-4.33595908e-08,1.677534e-07,5.49796747e-05,0.600017933,0.599981816,1,0.000168959689,-0.00219502969,-0.0116628117,0.00206193306
74.56,object_red_01,RED,0.195279015,0.277343837,0.0599896713,-0.0437264073,0.0319627872,2.18210616e-15,-2.41709611e-07,9.35147182e-07,0.000306486119,0.59999911,0.600000698,1,0.00017260132,-0.00219507227,-0.0116628117,0.00206152655
74.6,object_red_01,RED,0.193529208,0.278622359,0.0599896713,-0.0437782391,0.0319203147,2.07504208e-15,-3.60523463e-07,1.39482466e-06,0.000457141297,0.599980846,0.600019052,1,0.000175648549,-0.00219491799,-0.0116628117,0.00206100278
74.64,object_red_01,RED,0.191775393,0.279893617,0.0599896713,-0.0439249356,0.0316036847,1.9537028e-15,-3.90822954e-07,1.51205013e-06,0.00049556089,0.599962417,0.600037584,1,0.000178018009,-0.00219460086,-0.0116628117,0.00206040282
74.68,object_red_01,RED,0.190013679,0.281146402,0.0599896713,-0.0441717578,0.0310030611,2.11608331e-15,-3.63199141e-07,1.40517678e-06,0.000460534107,0.599941982,0.600058131,1,0.000179684202,-0.0021941431,-0.0116628117,0.00205974943
74.72,object_red_01,RED,0.188239979,0.282369344,0.0599896713,-0.0445209458,0.0301209035,1.99117523e-15,-3.02106408e-07,1.16881591e-06,0.000383068947,0.599923685,0.600076541,1,0.00018065134,-0.00219355751,-0.0116628117,0.00205905315
74.76,object_red_01,RED,0.186451035,0.283553015,0.0599896713,-0.0449139167,0.029085533,2.13749613e-15,-9.50416792e-08,3.67705775e-07,0.000120512272,0.59992641,0.600073879,1,0.000181178098,-0.00219295139,-0.0116628117,0.00205838896
74.8,object_red_01,RED,0.184647103,0.284696273,0.0599896713,-0.0452635253,0.0281268681,2.02329445e-15,1.6685798e-07,-6.45554928e-07,-0.000211574845,0.599938149,0.600062116,1,0.000181846457,-0.0021925041,-0.0116628117,0.00205786584
74.84,object_red_01,RED,0.182830595,0.285804943,0.0599896713,-0.0455416824,0.0273637579,2.16426214e-15,3.38587036e-07,-1.30995546e-06,-0.000429326167,0.599953694,0.600046504,1,0.000182997618,-0.00219224374,-0.0116628117,0.0020574717
74.88,object_red_01,RED,0.181004696,0.286887999,0.0599896713,-0.0457326874,0.0268446084,2.06433568e-15,3.93949199e-07,-1.5241453e-06,-0.000499524972,0.5999722,0.600027911,1,0.000184773067,-0.00219214445,-0.0116628117,0.00205716516
74.92,object_red_01,RED,0.179173195,0.287955597,0.0599896713,-0.0458222552,0.0265856798,2.21244098e-15,3.65416491e-07,-1.41375531e-06,-0.000463345646,0.599992938,0.600007078,1,0.000187221041,-0.00219218612,-0.0116628117,0.0020569223
74.96,object_red_01,RED,0.177340372,0.289018269,0.0599896713,-0.0458004762,0.0265920706,2.08574849e-15,2.94343105e-07,-1.13878032e-06,-0.000373225054,0.600014953,0.599984961,1,0.000190351501,-0.0021923616,-0.0116628117,0.00205673732
75,object_red_01,RED,0.175510711,0.29008661,0.0599896713,-0.0456708124,0.0268584402,2.22671619e-15,2.08066516e-07,-8.04985892e-07,-0.00026382692,0.600031695,0.599968117,1,0.000194149197,-0.0021926627,-0.0116628117,0.00205660695
75.04,object_red_01,RED,0.17368699,0.291168861,0.0599896713,-0.0455274216,0.0272431522,2.13571172e-15,5.57999681e-08,-2.15883728e-07,-7.07539607e-05,0.600021593,0.599978162,1,0.000198306628,-0.00219295996,-0.0116628117,0.00205644016
75.08,object_red_01,RED,0.171867662,0.2922651,0.0599896713,-0.0454537578,0.0275339983,1.99474403e-15,-1.45725524e-07,5.63795602e-07,0.000184778962,0.600007089,0.599992694,1,0.000202266399,-0.0021930933,-0.0116628117,0.00205614025
75.12,object_red_01,RED,0.170049742,0.293368992,0.0599896713,-0.0454537682,0.027618789,2.15890894e-15,-2.99880601e-07,1.16020421e-06,0.000380246546,0.599993441,0.600006415,1,0.000205717338,-0.00219304572,-0.0116628117,0.00205572223
75.16,object_red_01,RED,0.168230427,0.294471144,0.0599896713,-0.0455215519,0.0274484687,2.03578526e-15,-3.67756852e-07,1.4228099e-06,0.000466313208,0.599980292,0.600019657,1,0.000208525545,-0.00219285035,-0.0116628117,0.00205523053
75.2,object_red_01,RED,0.166406995,0.295560929,0.0599896713,-0.0456585664,0.027005917,2.18745936e-15,-3.63498678e-07,1.40633563e-06,0.000460913908,0.599966254,0.600033796,1,0.000210641413,-0.00219253652,-0.0116628117,0.00205469682
75.24,object_red_01,RED,0.164576579,0.296627345,0.0599896713,-0.0458695419,0.0262867935,2.08217969e-15,-3.21234354e-07,1.24281974e-06,0.000407323041,0.599952128,0.600048028,1,0.000212051646,-0.00219211931,-0.0116628117,0.00205413537
75.28,object_red_01,RED,0.162736244,0.297659534,0.0599896713,-0.0461475623,0.0253152238,2.21779418e-15,-2.24585413e-07,8.68895939e-07,0.00028477286,0.599943211,0.600057045,1,0.000212798461,-0.00219161958,-0.0116628117,0.00205356114
75.32,object_red_01,RED,0.160884562,0.298650912,0.0599896713,-0.0464239303,0.0242899047,1.81095071e-15,1.47294838e-08,-5.69866616e-08,-1.8676869e-05,0.599950279,0.600050002,1,0.000213322629,-0.00219117852,-0.0116628117,0.00205306842
75.36,object_red_01,RED,0.159022668,0.299603554,0.0599896713,-0.0466565283,0.0233954314,2.2409914e-15,2.38672981e-07,-9.23399163e-07,-0.000302635804,0.599959689,0.60004055,1,0.000214138439,-0.00219089574,-0.0116628117,0.00205270328
75.4,object_red_01,RED,0.157152576,0.300524626,0.0599896713,-0.046833477,0.0227143055,2.13035852e-15,3.57322575e-07,-1.38244109e-06,-0.000453082685,0.599971603,0.600028563,1,0.000215492846,-0.00219076114,-0.0116628117,0.0020524308
75.44,object_red_01,RED,0.155276746,0.301423417,0.0599896713,-0.046943013,0.0222782268,2.01794125e-15,3.74489887e-07,-1.44885934e-06,-0.000474850675,0.599985833,0.600014248,1,0.000217483932,-0.00219074806,-0.0116628117,0.00205221565
75.48,object_red_01,RED,0.153398119,0.302309983,0.0599896713,-0.0469736691,0.0220975152,2.14463373e-15,3.28051967e-07,-1.26919614e-06,-0.000415967674,0.600002295,0.599997694,1,0.000220143603,-0.00219084226,-0.0116628117,0.00205204234
75.52,object_red_01,RED,0.151520005,0.303194613,0.0599896713,-0.0469190616,0.0221751566,2.04470726e-15,2.52622226e-07,-9.77366932e-07,-0.000320323263,0.600018083,0.59998181,1,0.000223476872,-0.00219103978,-0.0116628117,0.00205190905
75.56,object_red_01,RED,0.149645713,0.304087502,0.0599896713,-0.0467929023,0.0224918986,2.19459696e-15,1.64731556e-07,-6.37327805e-07,-0.000208878483,0.600025794,0.599974007,1,0.000227444079,-0.00219132379,-0.0116628117,0.00205180617
75.6,object_red_01,RED,0.147776339,0.304994992,0.0599896713,-0.0466881166,0.022863627,2.32307385e-15,2.70069229e-09,-1.04486321e-08,-3.42444606e-06,0.600014396,0.599985371,1,0.000231626389,-0.00219155554,-0.0116628117,0.00205163871
75.64,object_red_01,RED,0.145909917,0.305915171,0.0599896713,-0.0466436066,0.0231086682,2.21779418e-15,-1.82147773e-07,7.04709169e-07,0.000230962123,0.60000342,0.599996387,1,0.000235519118,-0.00219163439,-0.0116628117,0.00205135426
75.68,object_red_01,RED,0.144044205,0.306840949,0.0599896713,-0.0466492351,0.023139794,2.1000237e-15,-3.079738e-07,1.19151592e-06,0.000390508678,0.599994703,0.600005178,1,0.000238871787,-0.00219156894,-0.0116628117,0.00205098237
75.72,object_red_01,RED,0.142177388,0.307762917,0.0599896713,-0.0466974714,0.022921046,2.00188163e-15,-3.52407284e-07,1.36342419e-06,0.000446850071,0.599986673,0.600013297,1,0.000241579439,-0.00219139421,-0.0116628117,0.00205056461
75.76,object_red_01,RED,0.140307748,0.308670787,0.0599896713,-0.0467899713,0.0224404193,2.16426214e-15,-3.36306177e-07,1.3011309e-06,0.000426434002,0.599977245,0.600022822,1,0.000243603361,-0.00219113542,-0.0116628117,0.00205012697
75.8,object_red_01,RED,0.138433431,0.309554016,0.0599896713,-0.0469305286,0.0216957716,2.04113846e-15,-2.90852825e-07,1.12527702e-06,0.000368799464,0.599968465,0.600031702,1,0.000244933477,-0.00219080447,-0.0116628117,0.00204968017
75.84,object_red_01,RED,0.136552561,0.310402348,0.0599896713,-0.0471114535,0.0207196708,2.18210616e-15,-1.86797539e-07,7.22698879e-07,0.000236858083,0.599964174,0.600036082,1,0.000245627915,-0.00219042226,-0.0116628117,0.00204923863
75.88,object_red_01,RED,0.134664517,0.311210314,0.0599896713,-0.0472818059,0.0197166875,2.06255128e-15,4.36955263e-08,-1.69053071e-07,-5.54056303e-05,0.599969684,0.600030587,1,0.000246155365,-0.0021901091,-0.0116628117,0.00204888064
75.92,object_red_01,RED,0.132770281,0.311980615,0.0599896713,-0.0474210146,0.0188506756,2.21957858e-15,2.45794222e-07,-9.50950436e-07,-0.000311665487,0.599976163,0.600024065,1,0.000246991172,-0.00218992996,-0.0116628117,0.00204862947
75.96,object_red_01,RED,0.130871188,0.312720402,0.0599896713,-0.0475244659,0.018192929,2.12857412e-15,3.46322665e-07,-1.33988364e-06,-0.000439134863,0.59998384,0.600016319,1,0.000248356878,-0.00218986669,-0.0116628117,0.00204844833
76,object_red_01,RED,0.128968838,0.313438659,0.0599896713,-0.0475832101,0.0177707514,2.00188163e-15,3.54546902e-07,-1.37170215e-06,-0.000449563099,0.59999323,0.600006849,1,0.000250340977,-0.00218989402,-0.0116628117,0.00204830557
76.04,object_red_01,RED,0.127065231,0.314145035,0.0599896713,-0.0475873318,0.0175936108,2.12678972e-15,3.07314245e-07,-1.18896423e-06,-0.000389672383,0.600004969,0.599995024,1,0.000252973724,-0.00218999997,-0.0116628117,0.00204818851
76.08,object_red_01,RED,0.125162674,0.314849389,0.0599896713,-0.0475318785,0.0176635576,2.04292286e-15,2.35060205e-07,-9.09421457e-07,-0.000298054742,0.600016428,0.599983475,1,0.000256260251,-0.00219018133,-0.0116628117,0.00204809606
76.12,object_red_01,RED,0.123263488,0.315561514,0.0599896713,-0.0474259616,0.0179665799,2.19281256e-15,1.54903365e-07,-5.99303658e-07,-0.000196416409,0.600021043,0.599978772,1,0.000260172301,-0.00219042777,-0.0116628117,0.00204802337
76.16,object_red_01,RED,0.121368359,0.316287853,0.0599896713,-0.0473409519,0.0183332913,2.06612008e-15,9.23243469e-09,-3.57192132e-08,-1.1706653e-05,0.600011742,0.599988037,1,0.000264329915,-0.00219063312,-0.0116628117,0.00204789796
76.2,object_red_01,RED,0.119475623,0.317026914,0.0599896713,-0.0473035342,0.0185851975,2.21065658e-15,-1.63796524e-07,6.33710267e-07,0.000207692868,0.600003571,0.599996242,1,0.000268231681,-0.00219071185,-0.0116628117,0.00204767431
76.24,object_red_01,RED,0.117583685,0.317772144,0.0599896713,-0.0472974116,0.0186378993,2.10716131e-15,-2.85402522e-07,1.1041902e-06,0.000361888453,0.599999039,0.600000842,1,0.00027162487,-0.00219067329,-0.0116628117,0.00204737913
76.28,object_red_01,RED,0.11569156,0.318514752,0.0599896713,-0.0473116677,0.0184566887,1.70210223e-15,-3.30729008e-07,1.27955337e-06,0.000419362161,0.599995443,0.600004519,1,0.000274402559,-0.00219055188,-0.0116628117,0.00204705206
76.32,object_red_01,RED,0.113798455,0.319245087,0.0599896713,-0.0473464164,0.0180293982,2.13214292e-15,-3.17884335e-07,1.22985886e-06,0.000403075228,0.59999096,0.600009092,1,0.000276523167,-0.00219037264,-0.0116628117,0.00204671856
76.36,object_red_01,RED,0.111903481,0.319953244,0.0599896713,-0.0474050472,0.017353928,2.01258804e-15,-2.75616503e-07,1.06632939e-06,0.000349479907,0.599986036,0.600014108,1,0.000277974308,-0.00219014742,-0.0116628117,0.00204638929
76.4,object_red_01,RED,0.110005655,0.32062938,0.0599896713,-0.0474868376,0.0164424596,2.17139975e-15,-2.03595444e-07,7.87688039e-07,0.000258157699,0.599983552,0.600016683,1,0.000278774449,-0.00218988473,-0.0116628117,0.00204607003
76.44,object_red_01,RED,0.108104548,0.321266727,0.0599896713,-0.0475633952,0.0154557774,2.05184487e-15,-4.61886093e-09,1.78699171e-08,5.85670364e-06,0.599986876,0.60001339,1,0.000279273789,-0.00218966016,-0.0116628117,0.00204581047
76.48,object_red_01,RED,0.106200772,0.321866346,0.0599896713,-0.047621167,0.0145734617,2.19459696e-15,1.9954409e-07,-7.72013833e-07,-0.000253020618,0.599990468,0.600009766,1,0.000279980084,-0.00218954249,-0.0116628117,0.00204564297
76.52,object_red_01,RED,0.10429502,0.322434302,0.0599896713,-0.0476625079,0.0138762637,2.07861089e-15,3.15471535e-07,-1.22052409e-06,-0.00040001584,0.599993741,0.600006433,1,0.000281151213,-0.00218951919,-0.0116628117,0.00204553714
76.56,object_red_01,RED,0.102388022,0.322978769,0.0599896713,-0.0476826282,0.013396668,2.2409914e-15,3.39958163e-07,-1.31525999e-06,-0.000431064683,0.599998672,0.600001431,1,0.000282894602,-0.00218956412,-0.0116628117,0.00204546021
76.6,object_red_01,RED,0.100480805,0.323508733,0.0599896713,-0.0476728536,0.0131464397,2.1035925e-15,3.048996e-07,-1.17962227e-06,-0.000386610636,0.600005154,0.59999487,1,0.0002852504,-0.00218966326,-0.0116628117,0.00204539697
76.64,object_red_01,RED,0.098574698,0.324033451,0.0599896713,-0.0476274544,0.013128768,2.01972565e-15,2.41454411e-07,-9.34159929e-07,-0.000306162554,0.600012524,0.599987418,1,0.000288229379,-0.00218981273,-0.0116628117,0.00204534493
76.68,object_red_01,RED,0.0966711546,0.324562239,0.0599896713,-0.0475463697,0.0133434604,2.16426214e-15,1.70394687e-07,-6.59237857e-07,-0.000216059306,0.600017794,0.599982065,1,0.000291829732,-0.00219001148,-0.0116628117,0.00204530591
76.72,object_red_01,RED,0.0947710646,0.32510323,0.0599896713,-0.0474660111,0.0137025868,2.04113846e-15,6.77313808e-08,-2.6204505e-07,-8.58829199e-05,0.600011915,0.599987883,1,0.000295873558,-0.002190214,-0.0116628117,0.00204524899
76.76,object_red_01,RED,0.0928733745,0.325658008,0.0599896713,-0.0474254339,0.0140081404,2.19281256e-15,-9.12173384e-08,3.52909605e-07,0.000115662964,0.600004748,0.599995057,1,0.00029984512,-0.00219032788,-0.0116628117,0.00204511604
76.8,object_red_01,RED,0.0909767528,0.326221932,0.0599896713,-0.0474080004,0.0141524932,2.07325768e-15,-2.2878314e-07,8.85136169e-07,0.000290095456,0.600002528,0.59999733,1,0.000303413143,-0.00219034073,-0.0116628117,0.00204491388
76.84,object_red_01,RED,0.0890806964,0.326787473,0.0599896713,-0.0473950809,0.0140896424,2.25883541e-15,-2.99404248e-07,1.15836136e-06,0.000379642565,0.600002512,0.599997417,1,0.000306431956,-0.00219028317,-0.0116628117,0.00204467937
76.88,object_red_01,RED,0.0871851726,0.327345929,0.0599896713,-0.0473814307,0.0138023237,2.11251451e-15,-3.0617347e-07,1.18455081e-06,0.00038822592,0.600002665,0.599997344,1,0.00030884177,-0.00219018434,-0.0116628117,0.00204444257
76.92,object_red_01,RED,0.0852901727,0.327888197,0.0599896713,-0.0473694419,0.013285642,1.99474403e-15,-2.74628562e-07,1.06250714e-06,0.0003482272,0.60000179,0.599998302,1,0.000310620556,-0.00219005995,-0.0116628117,0.00204421823
76.96,object_red_01,RED,0.0833955707,0.328405091,0.0599896713,-0.047361528,0.0125399501,2.12857412e-15,-2.28877625e-07,8.85501903e-07,0.000290215319,0.600001277,0.599998901,1,0.000311763072,-0.00218991593,-0.0116628117,0.00204401092
77,object_red_01,RED,0.081501246,0.328887952,0.0599896713,-0.0473530661,0.0116111922,2.02507885e-15,-1.20008048e-07,4.64297783e-07,0.000152169438,0.600002867,0.599997381,1,0.000312354381,-0.00218976819,-0.0116628117,0.0020438308
77.04,object_red_01,RED,0.0796075346,0.329333246,0.0599896713,-0.0473312748,0.010691494,2.15712454e-15,8.21299558e-08,-3.17751616e-07,-0.000104140246,0.600005061,0.599995188,1,0.000312861906,-0.00218968566,-0.0116628117,0.00204372052
77.08,object_red_01,RED,0.0777148294,0.329744227,0.0599896713,-0.0473045668,0.00990525109,2.05006047e-15,2.42889503e-07,-9.39712373e-07,-0.000307982313,0.600005229,0.599994978,1,0.000313673824,-0.0021896856,-0.0116628117,0.00204367614
77.12,object_red_01,RED,0.0758231975,0.33012747,0.0599896713,-0.0472774144,0.00930519723,2.19995017e-15,3.14575444e-07,-1.21705716e-06,-0.000398879586,0.600005594,0.599994553,1,0.000314965628,-0.00218974344,-0.0116628117,0.00204366402
77.16,object_red_01,RED,0.0739327373,0.330490908,0.0599896713,-0.0472448784,0.00891180377,2.0946705e-15,3.11826269e-07,-1.20642081e-06,-0.000395393618,0.600007191,0.599992888,1,0.000316808979,-0.00218983834,-0.0116628117,0.0020436605
77.2,object_red_01,RED,0.072043814,0.330842987,0.0599896713,-0.0471999025,0.00873251501,1.99474403e-15,2.6675748e-07,-1.03205468e-06,-0.000338246682,0.600010325,0.599989681,1,0.000319230187,-0.00218996212,-0.0116628117,0.00204365753
77.24,object_red_01,RED,0.070157011,0.331192313,0.0599896713,-0.047139087,0.00876879825,2.14106493e-15,2.03732362e-07,-7.88217574e-07,-0.000258331253,0.60001325,0.599986681,1,0.00032223529,-0.00219011343,-0.0116628117,0.00204365553
77.28,object_red_01,RED,0.0682729473,0.331547497,0.0599896713,-0.047064951,0.00901735821,2.03400086e-15,1.38251992e-07,-5.34881392e-07,-0.000175302588,0.600014127,0.599985729,1,0.00032581799,-0.00219029055,-0.0116628117,0.00204365566
77.32,object_red_01,RED,0.0663915923,0.331915358,0.0599896713,-0.0470104954,0.00936619021,2.17853735e-15,3.40377646e-08,-1.31688253e-07,-4.31596466e-05,0.600007026,0.599992782,1,0.000329743442,-0.00219044883,-0.0116628117,0.00204362729
77.36,object_red_01,RED,0.0645117194,0.332296075,0.0599896713,-0.0469869115,0.009641233,2.08574849e-15,-1.11851125e-07,4.32739399e-07,0.000141826464,0.600003107,0.599996717,1,0.00033353332,-0.00219052964,-0.0116628117,0.00204353516
77.4,object_red_01,RED,0.0626325982,0.332684723,0.0599896713,-0.0469684141,0.00975811076,2.20708777e-15,-2.28453156e-07,8.83859522e-07,0.000289677046,0.600004496,0.59999538,1,0.000336917327,-0.00219053817,-0.0116628117,0.00204339526
77.44,object_red_01,RED,0.0607544577,0.333074167,0.0599896713,-0.0469364707,0.00968248775,2.11608331e-15,-2.81726771e-07,1.08996921e-06,0.00035722765,0.600007895,0.599992048,1,0.000339779438,-0.00219050567,-0.0116628117,0.00204324163
77.48,object_red_01,RED,0.0588779602,0.333456401,0.0599896713,-0.0468868272,0.00940156098,1.99474403e-15,-2.79768424e-07,1.08239265e-06,0.000354744499,0.600011148,0.599988868,1,0.000342071491,-0.00219045732,-0.0116628117,0.00204309918
77.52,object_red_01,RED,0.0570037739,0.333823127,0.0599896713,-0.0468218027,0.00891220663,2.13928053e-15,-2.46325555e-07,9.53005977e-07,0.000312339175,0.600013866,0.599986227,1,0.000343775458,-0.00219040549,-0.0116628117,0.00204297907
77.56,object_red_01,RED,0.0551324613,0.334166001,0.0599896713,-0.0467436244,0.00821433386,2.00723484e-15,-2.0410498e-07,7.89659307e-07,0.000258803767,0.600016514,0.599983656,1,0.00034488606,-0.00219035419,-0.0116628117,0.00204288404
77.6,object_red_01,RED,0.053264559,0.334477074,0.0599896713,-0.046651058,0.00734474674,2.15534014e-15,-1.11374402e-07,4.30895149e-07,0.000141222025,0.600019497,0.599980739,1,0.000345468401,-0.0021903118,-0.0116628117,0.00204281898
77.64,object_red_01,RED,0.0514006472,0.334752748,0.0599896713,-0.0465464732,0.00647344923,2.03578526e-15,7.13125112e-08,-2.75900128e-07,-9.04237956e-05,0.600020547,0.599979694,1,0.000345935492,-0.00219032101,-0.0116628117,0.00204281009
77.68,object_red_01,RED,0.0495408725,0.334995724,0.0599896713,-0.0464467314,0.00571918862,2.18032176e-15,2.2188172e-07,-8.584356e-07,-0.000281344578,0.600018175,0.599982029,1,0.000346660738,-0.00219039079,-0.0116628117,0.00204285192
77.72,object_red_01,RED,0.047684814,0.335211854,0.0599896713,-0.0463606402,0.00513198263,1.81451951e-15,2.91872545e-07,-1.12922219e-06,-0.00037009246,0.600015525,0.599984626,1,0.000347815315,-0.00219049711,-0.0116628117,0.00204291428
77.76,object_red_01,RED,0.045831954,0.335408287,0.0599896713,-0.046285551,0.00473170314,2.2463446e-15,2.9260584e-07,-1.13205914e-06,-0.000371022246,0.600013965,0.599986125,1,0.000349470498,-0.00219062029,-0.0116628117,0.00204297562
77.8,object_red_01,RED,0.0439819761,0.335592678,0.0599896713,-0.0462155218,0.00452562373,2.11786771e-15,2.53136397e-07,-9.7935625e-07,-0.000320975243,0.600013493,0.59998653,1,0.000351653566,-0.00219075257,-0.0116628117,0.00204302843
77.84,object_red_01,RED,0.0421347622,0.335772849,0.0599896713,-0.0461471013,0.00451583525,2.00901924e-15,1.96777691e-07,-7.61310739e-07,-0.000249512779,0.600013017,0.599986939,1,0.000354372668,-0.00219089309,-0.0116628117,0.00204307324
77.88,object_red_01,RED,0.0402902472,0.335956642,0.0599896713,-0.0460809534,0.00470153376,2.16069334e-15,1.36136402e-07,-5.26696416e-07,-0.000172620035,0.600012409,0.599987479,1,0.000357626746,-0.00219104185,-0.0116628117,0.00204311224
77.92,object_red_01,RED,0.0384481114,0.336151214,0.0599896713,-0.0460327242,0.0050276001,2.05184487e-15,6.14142838e-08,-2.37604934e-07,-7.78728906e-05,0.600005882,0.599993949,1,0.000361310379,-0.00219118201,-0.0116628117,0.00204313443
77.96,object_red_01,RED,0.0366072429,0.336358738,0.0599896713,-0.0460143425,0.0053257183,2.19459696e-15,-6.40321711e-08,2.47733264e-07,8.11923595e-05,0.600002242,0.599997586,1,0.000364995686,-0.00219126908,-0.0116628117,0.00204311017
78,object_red_01,RED,0.034766948,0.336575801,0.0599896713,-0.0459987033,0.00549786056,2.08931729e-15,-1.82763909e-07,7.07092969e-07,0.000231743391,0.60000454,0.599995328,1,0.000368368779,-0.00219129912,-0.0116628117,0.00204304417
78.04,object_red_01,RED,0.0329276738,0.33679644,0.0599896713,-0.0459611206,0.00550461853,2.2445602e-15,-2.4938053e-07,9.64825226e-07,0.00031621283,0.600010111,0.599989813,1,0.000371291841,-0.00219129927,-0.0116628117,0.00204296559
78.08,object_red_01,RED,0.0310905272,0.337013675,0.0599896713,-0.0458926802,0.00533077829,1.88232675e-15,-2.60735932e-07,1.00875806e-06,0.000330611422,0.600016209,0.599983779,1,0.000373706662,-0.00219129591,-0.0116628117,0.00204290036
78.12,object_red_01,RED,0.0292567461,0.337220162,0.0599896713,-0.0457940512,0.00497160218,2.27846382e-15,-2.36172132e-07,9.13723515e-07,0.0002994647,0.600021909,0.599978147,1,0.000375589582,-0.00219130365,-0.0116628117,0.00204286182
78.16,object_red_01,RED,0.0274274819,0.337408465,0.0599896713,-0.0456678464,0.00442626494,2.16247774e-15,-1.98183518e-07,7.66749832e-07,0.000251295391,0.600027039,0.599973086,1,0.000376931941,-0.00219132752,-0.0116628117,0.00204285376
78.2,object_red_01,RED,0.0256038177,0.337571185,0.0599896713,-0.0455147329,0.00369868813,2.04649166e-15,-1.54968616e-07,5.99556226e-07,0.000196499184,0.600032273,0.599967923,1,0.00037773602,-0.00219136881,-0.0116628117,0.00204287633
78.24,object_red_01,RED,0.0237867723,0.337702231,0.0599896713,-0.0453396062,0.00287309979,2.21244098e-15,-2.73382727e-08,1.05768755e-07,3.46647614e-05,0.600035003,0.599965232,1,0.0003781754,-0.00219143846,-0.0116628117,0.00204293587
78.28,object_red_01,RED,0.0219768281,0.337801002,0.0599896713,-0.0451640698,0.00210171697,2.1035925e-15,1.35782864e-07,-5.2532874e-07,-0.000172171789,0.600032669,0.59996755,1,0.000378671337,-0.00219155455,-0.0116628117,0.00204304064
78.32,object_red_01,RED,0.0201735379,0.337871377,0.0599896713,-0.0450085236,0.00145767874,1.98582202e-15,2.4220206e-07,-9.37052684e-07,-0.000307110625,0.600027839,0.59997234,1,0.000379473653,-0.00219170167,-0.0116628117,0.00204316973
78.36,object_red_01,RED,0.018375947,0.337919163,0.0599896713,-0.0448783257,0.000971438464,2.14284933e-15,2.76259069e-07,-1.06881536e-06,-0.000350294662,0.60002313,0.599976997,1,0.000380691468,-0.00219185682,-0.0116628117,0.00204329815
78.4,object_red_01,RED,0.0165831018,0.337950961,0.0599896713,-0.0447698136,0.000655169394,2.02329445e-15,2.5883275e-07,-1.00139482e-06,-0.000328198188,0.600019359,0.599980712,1,0.000382370116,-0.0021920073,-0.0116628117,0.00204341299
78.44,object_red_01,RED,0.0147942362,0.337973677,0.0599896713,-0.0446783511,0.000513330784,2.15534014e-15,2.15476278e-07,-8.33653484e-07,-0.000273222466,0.60001634,0.599983671,1,0.000384526691,-0.00219214992,-0.0116628117,0.00204351188
78.48,object_red_01,RED,0.0130087125,0.3379943,0.0599896713,-0.0446023381,0.000546097736,2.29987664e-15,1.62474798e-07,-6.28596707e-07,-0.000206016943,0.600013293,0.599986657,1,0.000387164784,-0.0021922851,-0.0116628117,0.00204359666
78.52,object_red_01,RED,0.0112258914,0.338019796,0.0599896713,-0.0445434194,0.000751956696,2.18745936e-15,1.0857214e-07,-4.20053395e-07,-0.000137668739,0.60000928,0.59999061,1,0.000390282274,-0.00219241268,-0.0116628117,0.0020436691
78.56,object_red_01,RED,0.00944488931,0.338056239,0.0599896713,-0.0445132587,0.00106638625,2.10716131e-15,3.80048233e-08,-1.47036372e-07,-4.81898548e-05,0.600002754,0.599997089,1,0.000393753161,-0.00219251968,-0.0116628117,0.00204372032
78.6,object_red_01,RED,0.00766453106,0.33810481,0.0599896713,-0.0445060201,0.00134003806,2.2409914e-15,-7.516733e-08,2.90813938e-07,9.53116644e-05,0.600001177,0.599998669,1,0.000397182971,-0.00219258367,-0.0116628117,0.00204373499
78.64,object_red_01,RED,0.00588455506,0.338162079,0.0599896713,-0.0444891095,0.00149666268,2.13571172e-15,-1.76358413e-07,6.8231084e-07,0.00022362127,0.600005913,0.59999397,1,0.000400315053,-0.00219261228,-0.0116628117,0.0020437236
78.68,object_red_01,RED,0.0041058848,0.338222656,0.0599896713,-0.0444390942,0.00150619839,2.02686325e-15,-2.29428229e-07,8.87632027e-07,0.000290913449,0.600013502,0.599986433,1,0.000403038554,-0.0021926319,-0.0116628117,0.00204371233
78.72,object_red_01,RED,0.00233004692,0.338280391,0.0599896713,-0.0443482035,0.00135741773,2.16426214e-15,-2.34513062e-07,9.07304725e-07,0.000297360999,0.60002153,0.599978462,1,0.000405306525,-0.0021926652,-0.0116628117,0.00204372269
78.76,object_red_01,RED,0.000558673609,0.338328861,0.0599896713,-0.0442172943,0.00104679575,2.04827607e-15,-2.09663964e-07,8.11166377e-07,0.000265852516,0.600029063,0.599970988,1,0.0004070994,-0.0021927238,-0.0116628117,0.00204376492
78.8,object_red_01,RED,-0.00120668574,0.338361581,0.0599896713,-0.0440487374,0.000574199094,2.18567496e-15,-1.73892789e-07,6.72771718e-07,0.000220494906,0.600036283,0.599963831,1,0.000408410037,-0.00219281123,-0.0116628117,0.00204384138
78.84,object_red_01,RED,-0.00296454517,0.338372104,0.0599896713,-0.0438431784,-5.85944352e-05,2.07861089e-15,-1.38772157e-07,5.36893927e-07,0.000175962177,0.60004347,0.599956705,1,0.000409238051,-0.00219292796,-0.0116628117,0.00204395159
78.88,object_red_01,RED,-0.00471348919,0.338354626,0.0599896713,-0.0436066462,-0.000802760009,2.23206939e-15,-4.57658338e-08,1.77062918e-07,5.80307851e-05,0.600047379,0.59995284,1,0.000409676581,-0.00219307463,-0.0116628117,0.00204409495
78.92,object_red_01,RED,-0.00645280378,0.338307533,0.0599896713,-0.0433672844,-0.00152124685,2.11965211e-15,1.00977015e-07,-3.90668783e-07,-0.000128038195,0.60004493,0.599955284,1,0.00041008808,-0.0021932547,-0.0116628117,0.00204427197
78.96,object_red_01,RED,-0.00818296991,0.33823364,0.0599896713,-0.043151679,-0.00213761843,2.00545044e-15,2.0860134e-07,-8.0705526e-07,-0.000264505134,0.600038855,0.599961326,1,0.000410731706,-0.00219345316,-0.0116628117,0.00204446585
79,object_red_01,RED,-0.00990519249,0.338137759,0.0599896713,-0.0429696808,-0.00262067517,2.15355574e-15,2.5089448e-07,-9.70682619e-07,-0.000318132536,0.600032212,0.599967925,1,0.000411722456,-0.00219364802,-0.0116628117,0.00204465409
79.04,object_red_01,RED,-0.0116208095,0.338025534,0.0599896713,-0.042819922,-0.00295715201,2.03400086e-15,2.42981272e-07,-9.40067252e-07,-0.000308098625,0.600026374,0.599973715,1,0.000413109842,-0.00219382623,-0.0116628117,0.00204482384
79.08,object_red_01,RED,-0.013331025,0.337902949,0.0599896713,-0.0426983143,-0.00314214661,2.17853735e-15,2.07911749e-07,-8.0438718e-07,-0.000263630697,0.600021141,0.599978895,1,0.00041491348,-0.00219398412,-0.0116628117,0.00204497215
79.12,object_red_01,RED,-0.0150369111,0.337776092,0.0599896713,-0.0426026834,-0.00317449446,2.07147328e-15,1.62600727e-07,-6.29083922e-07,-0.000206176623,0.60001614,0.599983844,1,0.000417139363,-0.00219412223,-0.0116628117,0.00204510064
79.16,object_red_01,RED,-0.0167395108,0.337651045,0.0599896713,-0.0425336081,-0.00305578687,2.22493179e-15,1.14214292e-07,-4.41882248e-07,-0.000144822951,0.600010776,0.599989154,1,0.000419786652,-0.00219424118,-0.0116628117,0.00204521131
79.2,object_red_01,RED,-0.0184399431,0.337533748,0.0599896713,-0.0424948325,-0.00279684553,2.10716131e-15,6.70981046e-08,-2.59595016e-07,-8.50799425e-05,0.600004034,0.599995845,1,0.000422837878,-0.00219433896,-0.0116628117,0.0020453038
79.24,object_red_01,RED,-0.0201395206,0.337427985,0.0599896713,-0.0424878201,-0.00250448935,1.99117523e-15,-1.30069837e-08,5.03225638e-08,1.64927694e-05,0.599999816,0.600000039,1,0.000426055506,-0.00219440719,-0.0116628117,0.00204537139
79.28,object_red_01,RED,-0.0218390058,0.337332648,0.0599896713,-0.0424840599,-0.00228474007,2.14820253e-15,-1.12864669e-07,4.36660696e-07,0.000143111633,0.600002541,0.599997332,1,0.000429118008,-0.00219444681,-0.0116628117,0.00204541511
79.32,object_red_01,RED,-0.0235378426,0.33724383,0.0599896713,-0.0424520474,-0.00217969815,2.04470726e-15,-1.8477711e-07,7.14881853e-07,0.000234296127,0.60001012,0.599989792,1,0.000431869684,-0.00219447729,-0.0116628117,0.00204545319
79.36,object_red_01,RED,-0.0252345213,0.337156564,0.0599896713,-0.0423759153,-0.00220536196,2.17496855e-15,-2.11244296e-07,8.17280459e-07,0.000267856353,0.600019276,0.599980684,1,0.000434244714,-0.00219452236,-0.0116628117,0.00204550777
79.4,object_red_01,RED,-0.0269271829,0.337065483,0.0599896713,-0.0422524808,-0.00236762068,2.08217969e-15,-2.01559689e-07,7.79811836e-07,0.000255576346,0.600028372,0.599971639,1,0.000436214792,-0.00219459759,-0.0116628117,0.00204559299
79.44,object_red_01,RED,-0.028613969,0.336965083,0.0599896713,-0.0420836833,-0.00266785611,2.22493179e-15,-1.72938782e-07,6.69080768e-07,0.00021928523,0.600036999,0.599963065,1,0.000437768261,-0.00219470921,-0.0116628117,0.00204571383
79.48,object_red_01,RED,-0.0302931071,0.33684985,0.0599896713,-0.0418713392,-0.00310554852,2.0982393e-15,-1.40166776e-07,5.42289552e-07,0.000177730544,0.600045349,0.599954769,1,0.000438900996,-0.00219485831,-0.0116628117,0.00204587037
79.52,object_red_01,RED,-0.0319628634,0.336714331,0.0599896713,-0.0416156185,-0.00367822892,2.2499134e-15,-1.09806438e-07,4.24828804e-07,0.000139233836,0.600053859,0.599946312,1,0.000439614298,-0.00219504458,-0.0116628117,0.00204606164
79.56,object_red_01,RED,-0.0336216139,0.336553721,0.0599896713,-0.0413261846,-0.00433967202,2.14463373e-15,-2.5273806e-08,9.77815443e-08,3.20470249e-05,0.600057347,0.59994286,1,0.00043999854,-0.0021952639,-0.0116628117,0.00204628373
79.6,object_red_01,RED,-0.0352686934,0.336366903,0.0599896713,-0.0410381076,-0.00497410764,1.99831283e-15,1.0216127e-07,-3.95250534e-07,-0.000129539822,0.600053905,0.599946295,1,0.000440368513,-0.00219550553,-0.0116628117,0.0020465281
79.64,object_red_01,RED,-0.0369047858,0.336156399,0.0599896713,-0.0407791172,-0.00551998451,2.17139975e-15,1.93026561e-07,-7.46798171e-07,-0.000244756412,0.600046803,0.599953368,1,0.000440939448,-0.00219575025,-0.0116628117,0.0020467772
79.68,object_red_01,RED,-0.038531307,0.335926338,0.0599896713,-0.0405590472,-0.00595210247,2.05006047e-15,2.2708605e-07,-8.78570464e-07,-0.000287943602,0.600039088,0.599961045,1,0.000441806881,-0.00219597862,-0.0116628117,0.00204701253
79.72,object_red_01,RED,-0.0401498184,0.335681528,0.0599896713,-0.04037713,-0.00625945152,2.21065658e-15,2.18617517e-07,-8.4580662e-07,-0.000277205547,0.600032012,0.599968078,1,0.000443012438,-0.00219618017,-0.0116628117,0.0020472244
79.76,object_red_01,RED,-0.0417617758,0.335427061,0.0599896713,-0.040229983,-0.00643787301,2.07861089e-15,1.87677718e-07,-7.26103994e-07,-0.000237974083,0.600025474,0.599974571,1,0.000444572982,-0.00219635255,-0.0116628117,0.00204741118
79.8,object_red_01,RED,-0.0433685243,0.335168118,0.0599896713,-0.0401157482,-0.00648649499,2.2427758e-15,1.48473136e-07,-5.74425867e-07,-0.000188262935,0.600019098,0.599980902,1,0.000446493798,-0.00219649668,-0.0116628117,0.00204757469
79.84,object_red_01,RED,-0.0449713806,0.334909864,0.0599896713,-0.0400347461,-0.00640701275,2.11786771e-15,1.0690739e-07,-4.1361267e-07,-0.00013555785,0.600012492,0.599987462,1,0.000448773981,-0.00219661344,-0.0116628117,0.00204771681
79.88,object_red_01,RED,-0.0465717071,0.33465738,0.0599896713,-0.0399888653,-0.00620189642,2.00366604e-15,6.63536562e-08,-2.56714833e-07,-8.41359885e-05,0.600005276,0.599994633,1,0.000451410039,-0.00219670225,-0.0116628117,0.0020478381
79.92,object_red_01,RED,-0.0481709637,0.334414952,0.0599896713,-0.039979202,-0.00592515366,2.13035852e-15,1.35397861e-08,-5.23839038e-08,-1.71683555e-05,0.599999454,0.600000421,1,0.000454297025,-0.00219676252,-0.0116628117,0.00204793783
79.96,object_red_01,RED,-0.0497702097,0.334183101,0.0599896713,-0.0399820308,-0.00568518626,2.02507885e-15,-7.0013808e-08,2.70875546e-07,8.8777035e-05,0.600000515,0.599999364,1,0.000457139526,-0.00219680171,-0.0116628117,0.00204801986
80,object_red_01,RED,-0.0513692214,0.333959163,0.0599896713,-0.0399631442,-0.00553207664,2.16961535e-15,-1.43952499e-07,5.56936023e-07,0.000182530796,0.600007276,0.599992631,1,0.00045975618,-0.00219683551,-0.0116628117,0.00204809658
80.04,object_red_01,RED,-0.0529666439,0.333739232,0.0599896713,-0.0399014875,-0.00548390424,2.0928861e-15,-1.81409219e-07,7.01851885e-07,0.000230025672,0.600016596,0.59998335,1,0.000462070532,-0.00219688524,-0.0116628117,0.00204818705
80.08,object_red_01,RED,-0.0545605886,0.333518952,0.0599896713,-0.0397901929,-0.00554739036,2.21244098e-15,-1.82840163e-07,7.07388077e-07,0.000231840108,0.600026356,0.599973632,1,0.000464049898,-0.0021969674,-0.0116628117,0.00204830611
80.12,object_red_01,RED,-0.056149069,0.3332938,0.0599896713,-0.0396298489,-0.00572483337,2.10894571e-15,-1.61876004e-07,6.26280116e-07,0.0002052577,0.600035708,0.599964325,1,0.000465679953,-0.00219708978,-0.0116628117,0.0020484603
80.16,object_red_01,RED,-0.0577301666,0.333059207,0.0599896713,-0.0394225283,-0.00601640615,1.99831283e-15,-1.33095506e-07,5.14931595e-07,0.000168764219,0.600044632,0.599955447,1,0.000466954884,-0.00219725421,-0.0116628117,0.00204865048
80.2,object_red_01,RED,-0.0593020295,0.332810639,0.0599896713,-0.0391692925,-0.0064205464,2.14463373e-15,-1.051937e-07,4.06982636e-07,0.000133384915,0.600053695,0.59994643,1,0.000467873983,-0.00219746018,-0.0116628117,0.00204887549
80.24,object_red_01,RED,-0.0608628181,0.332543643,0.0599896713,-0.0388700626,-0.00693390722,2.03400086e-15,-7.87802213e-08,3.04791847e-07,9.98927984e-05,0.60006218,0.599937989,1,0.00046844033,-0.00219770707,-0.0116628117,0.00204913426
80.28,object_red_01,RED,-0.062410901,0.332254566,0.0599896713,-0.0385406379,-0.00750619266,2.18032176e-15,2.89423397e-09,-1.11974573e-08,-3.66986613e-06,0.600064459,0.599935735,1,0.000468759064,-0.002197985,-0.0116628117,0.00204941889
80.32,object_red_01,RED,-0.0639458692,0.331943068,0.0599896713,-0.0382199247,-0.00804490231,2.07861089e-15,1.10267412e-07,-4.26612283e-07,-0.000139818355,0.600059713,0.599940471,1,0.000469096373,-0.0021982731,-0.0116628117,0.00204971415
80.36,object_red_01,RED,-0.0654686469,0.331611508,0.0599896713,-0.0379327995,-0.00850670694,2.2516978e-15,1.80203525e-07,-6.97187263e-07,-0.000228496882,0.600051989,0.599948169,1,0.000469612499,-0.00219855077,-0.0116628117,0.00205000293
80.4,object_red_01,RED,-0.0669807838,0.331263396,0.0599896713,-0.0376871506,-0.0088729617,2.12500532e-15,2.02743344e-07,-7.84391257e-07,-0.000257077211,0.600043884,0.599956241,1,0.000470378734,-0.00219880218,-0.0116628117,0.00205027111
80.44,object_red_01,RED,-0.0684839348,0.330902741,0.0599896713,-0.0374820341,-0.00913559744,1.99831283e-15,1.91758232e-07,-7.41891066e-07,-0.000243148154,0.600036235,0.599963854,1,0.000471426283,-0.00219902021,-0.0116628117,0.0020505126
80.48,object_red_01,RED,-0.0699796634,0.330533765,0.0599896713,-0.0373146991,-0.00929140808,2.17675295e-15,1.64138761e-07,-6.35034419e-07,-0.000208126846,0.600029086,0.599970965,1,0.000472767981,-0.00219920401,-0.0116628117,0.00205072723
80.52,object_red_01,RED,-0.0714694455,0.330160752,0.0599896713,-0.0371837066,-0.00934032227,2.01794125e-15,1.30682797e-07,-5.05597051e-07,-0.000165704907,0.600022042,0.59997797,1,0.000474407264,-0.00219935489,-0.0116628117,0.00205091701
80.56,object_red_01,RED,-0.072954735,0.329787955,0.0599896713,-0.0370893084,-0.00928353129,2.19281256e-15,9.60736632e-08,-3.71698204e-07,-0.000121820758,0.600014811,0.599985163,1,0.00047634349,-0.00219947378,-0.0116628117,0.00205108356
80.6,object_red_01,RED,-0.0744370178,0.329419548,0.0599896713,-0.0370326444,-0.00912397885,2.08217969e-15,6.04820071e-08,-2.33998085e-07,-7.66907774e-05,0.600007384,0.599992552,1,0.000478573035,-0.00219956056,-0.0116628117,0.00205122748
80.64,object_red_01,RED,-0.0759178379,0.329059459,0.0599896713,-0.0370149403,-0.00887853312,2.21422538e-15,2.55301309e-08,-9.8773205e-08,-3.23720333e-05,0.600000321,0.59999958,1,0.000481066896,-0.00219961516,-0.0116628117,0.00205134889
80.68,object_red_01,RED,-0.0773985058,0.328709445,0.0599896713,-0.0370191438,-0.00863523402,2.0928861e-15,-3.61723278e-08,1.3994667e-07,4.58662681e-05,0.599999216,0.600000676,1,0.000483615223,-0.00219965044,-0.0116628117,0.00205145557
80.72,object_red_01,RED,-0.0788792004,0.32836803,0.0599896713,-0.0370112238,-0.00845249044,1.71637744e-15,-1.04596699e-07,4.04672862e-07,0.000132627907,0.600004467,0.599995442,1,0.000486020307,-0.00219968289,-0.0116628117,0.00205155831
80.76,object_red_01,RED,-0.080358877,0.328032309,0.0599896713,-0.0369663003,-0.00835037554,2.15177134e-15,-1.48449016e-07,5.7433256e-07,0.000188232354,0.600013073,0.599986866,1,0.000488195556,-0.00219973067,-0.0116628117,0.00205167207
80.8,object_red_01,RED,-0.0818357969,0.327698884,0.0599896713,-0.0368737842,-0.00833617121,2.02686325e-15,-1.59712071e-07,6.17908075e-07,0.000202513839,0.600022663,0.59997731,1,0.000490104703,-0.00219980978,-0.0116628117,0.00205181097
80.84,object_red_01,RED,-0.0833080075,0.327364173,0.0599896713,-0.036732241,-0.00841266981,2.18567496e-15,-1.47160785e-07,5.69348576e-07,0.000186598897,0.600032043,0.599967967,1,0.000491731636,-0.0021999292,-0.0116628117,0.0020519827
80.88,object_red_01,RED,-0.0847735815,0.327024529,0.0599896713,-0.0365434687,-0.00858055839,2.07504208e-15,-1.23462835e-07,4.77663871e-07,0.000156550056,0.600041129,0.599958919,1,0.000493069393,-0.00220009161,-0.0116628117,0.00205218904
80.92,object_red_01,RED,-0.0862306655,0.326676307,0.0599896713,-0.0363090804,-0.00883899143,2.21422538e-15,-9.80021335e-08,3.7915927e-07,0.000124266055,0.600049708,0.599950377,1,0.000494115986,-0.00220029667,-0.0116628117,0.00205242901
80.96,object_red_01,RED,-0.0876774477,0.326315918,0.0599896713,-0.0360294749,-0.00918636558,2.09110169e-15,-7.59272801e-08,2.93754134e-07,9.62752871e-05,0.600058773,0.59994135,1,0.000494872011,-0.00220054355,-0.0116628117,0.00205270138
81,object_red_01,RED,-0.089112117,0.325939867,0.0599896713,-0.0357047536,-0.00961892082,1.97154681e-15,-5.46961427e-08,2.11613248e-07,6.93543472e-05,0.600067072,0.599933087,1,0.000495341759,-0.0022008315,-0.0116628117,0.0020530052
81.04,object_red_01,RED,-0.0905331066,0.325545351,0.0599896713,-0.0353524136,-0.0100948655,2.11429891e-15,1.45049347e-08,-5.6117963e-08,-1.83921595e-05,0.60006858,0.599931599,1,0.000495614535,-0.00220114736,-0.0116628117,0.00205333022
81.08,object_red_01,RED,-0.0919401206,0.325132223,0.0599896713,-0.0350111432,-0.0105419529,2.03578526e-15,1.03119247e-07,-3.98956828e-07,-0.000130754528,0.600063691,0.599936479,1,0.000495904214,-0.00220146506,-0.0116628117,0.00205365769
81.12,object_red_01,RED,-0.0933341314,0.324702409,0.0599896713,-0.0347036587,-0.0109272947,2.17318415e-15,1.59655431e-07,-6.1768898e-07,-0.000202442032,0.600055949,0.599944198,1,0.000496336198,-0.00220176498,-0.0116628117,0.00205397238
81.16,object_red_01,RED,-0.0947166743,0.32425871,0.0599896713,-0.0344370226,-0.0112365272,2.04649166e-15,1.7692426e-07,-6.84500116e-07,-0.000224338783,0.600048027,0.599952093,1,0.000496966701,-0.00220203431,-0.0116628117,0.00205426357
81.2,object_red_01,RED,-0.0960893837,0.323804323,0.0599896713,-0.0342106085,-0.011463094,2.46761035e-15,1.67226593e-07,-6.46980906e-07,-0.000212042199,0.600040376,0.599959715,1,0.000497820687,-0.00220226795,-0.0116628117,0.00205452718
81.24,object_red_01,RED,-0.0974538211,0.323342617,0.0599896713,-0.0340221501,-0.0116044068,2.11786771e-15,1.44384484e-07,-5.58607344e-07,-0.000183078556,0.600033168,0.599966891,1,0.000498908542,-0.00220246575,-0.0116628117,0.00205476376
81.28,object_red_01,RED,-0.0988114741,0.322877009,0.0599896713,-0.0338703642,-0.0116604538,2.00366604e-15,1.17182846e-07,-4.53367263e-07,-0.000148587061,0.600026051,0.599973976,1,0.000500233025,-0.0022026292,-0.0116628117,0.00205497525
81.32,object_red_01,RED,-0.100163805,0.322410888,0.0599896713,-0.0337552302,-0.0116325142,2.13571172e-15,8.91367916e-08,-3.44860231e-07,-0.000113024853,0.600018909,0.599981088,1,0.00050179326,-0.00220275937,-0.0116628117,0.00205516314
81.36,object_red_01,RED,-0.101512294,0.321947566,0.0599896713,-0.033677417,-0.0115228441,2.03400086e-15,6.06512033e-08,-2.34652689e-07,-7.69053177e-05,0.600011469,0.599988496,1,0.000503586404,-0.00220285642,-0.0116628117,0.00205532801
81.4,object_red_01,RED,-0.102858449,0.321490263,0.0599896713,-0.0336378082,-0.0113342375,2.17318415e-15,3.2085291e-08,-1.24134386e-07,-4.06839333e-05,0.600004092,0.599995844,1,0.000505608729,-0.00220291977,-0.0116628117,0.00205546977
81.44,object_red_01,RED,-0.104203768,0.321041675,0.0599896713,-0.0336321941,-0.0111005,2.0928861e-15,-1.38228674e-09,5.34791659e-09,1.75273128e-06,0.599999303,0.60000061,1,0.000507795213,-0.00220295516,-0.0116628117,0.0020555922
81.48,object_red_01,RED,-0.105549109,0.320602078,0.0599896713,-0.0336332091,-0.0108923116,2.23920699e-15,-5.61044644e-08,2.17061864e-07,7.11400823e-05,0.600001141,0.599998772,1,0.000509953173,-0.00220298369,-0.0116628117,0.00205570892
81.52,object_red_01,RED,-0.106894107,0.320169727,0.0599896713,-0.0336116275,-0.0107394169,2.11251451e-15,-1.05752512e-07,4.09144583e-07,0.000134093474,0.600007585,0.599992348,1,0.00051196503,-0.00220302183,-0.0116628117,0.00205583129
81.56,object_red_01,RED,-0.108237466,0.319742175,0.0599896713,-0.0335505345,-0.0106515436,2.25526661e-15,-1.31126529e-07,5.07313813e-07,0.00016626756,0.600016092,0.599983867,1,0.000513782418,-0.00220308456,-0.0116628117,0.00205597177
81.6,object_red_01,RED,-0.109577461,0.319316743,0.0599896713,-0.0334443122,-0.0106320949,2.12678972e-15,-1.31456288e-07,5.08589629e-07,0.000166685697,0.600024913,0.599975074,1,0.000515384882,-0.00220318265,-0.0116628117,0.0020561397
81.64,object_red_01,RED,-0.110912282,0.318890658,0.0599896713,-0.0332931758,-0.0106825866,2.00723484e-15,-1.16063943e-07,4.49038383e-07,0.000147168309,0.600033578,0.599966439,1,0.000516763015,-0.00220332095,-0.0116628117,0.00205633898
81.68,object_red_01,RED,-0.112240168,0.318461117,0.0599896713,-0.033098924,-0.0108030874,2.18032176e-15,-9.46101702e-08,3.66036141e-07,0.000119965068,0.600041733,0.599958314,1,0.000517913049,-0.0022035001,-0.0116628117,0.00205656965
81.72,object_red_01,RED,-0.113559422,0.318025332,0.0599896713,-0.0328627516,-0.010992768,2.05362927e-15,-7.38621559e-08,2.85764401e-07,9.36567232e-05,0.6000499,0.599950177,1,0.00051883428,-0.00220371923,-0.0116628117,0.00205683042
81.76,object_red_01,RED,-0.11486838,0.317580578,0.0599896713,-0.0325851735,-0.0112495806,2.20708777e-15,-5.57891928e-08,2.15842132e-07,7.07403257e-05,0.600058006,0.599942101,1,0.000519528411,-0.00220397731,-0.0116628117,0.00205712003
81.8,object_red_01,RED,-0.116165382,0.317124207,0.0599896713,-0.032265975,-0.0115715268,2.08753289e-15,-4.12241977e-08,1.59491797e-07,5.22720081e-05,0.600065944,0.599934193,1,0.000519997669,-0.00220427401,-0.0116628117,0.00205743803
81.84,object_red_01,RED,-0.117448833,0.316653795,0.0599896713,-0.0319119453,-0.0119439091,2.22493179e-15,-5.08484076e-09,1.96726807e-08,6.44754507e-06,0.6000703,0.59992986,1,0.000520269537,-0.00220460333,-0.0116628117,0.00205777954
81.88,object_red_01,RED,-0.118717977,0.316168416,0.0599896713,-0.0315568041,-0.0123111287,2.11251451e-15,6.71563407e-08,-2.59820364e-07,-8.51537975e-05,0.600067086,0.599933073,1,0.0005204921,-0.00220493868,-0.0116628117,0.00205812482
81.92,object_red_01,RED,-0.119973387,0.315669096,0.0599896713,-0.0312275173,-0.0126384454,2.00901924e-15,1.23973797e-07,-4.79640734e-07,-0.000157197956,0.600060813,0.599939332,1,0.000520792811,-0.00220525859,-0.0116628117,0.00205845834
81.96,object_red_01,RED,-0.121216358,0.315157773,0.0599896713,-0.0309346853,-0.0129110781,2.15712454e-15,1.48769219e-07,-5.75571426e-07,-0.000188638381,0.600053372,0.599946752,1,0.000521230392,-0.00220555026,-0.0116628117,0.00205877011
82,object_red_01,RED,-0.122448392,0.314636788,0.0599896713,-0.0306795879,-0.0131222816,2.02864765e-15,1.47507063e-07,-5.70688267e-07,-0.00018703797,0.600046147,0.599953954,1,0.000521831219,-0.002205808,-0.0116628117,0.00205905574
82.04,object_red_01,RED,-0.123670969,0.314108675,0.0599896713,-0.0304605864,-0.0132688458,2.17496855e-15,1.3235278e-07,-5.1205804e-07,-0.000167822438,0.600039308,0.599960768,1,0.000522607004,-0.00220603098,-0.0116628117,0.00205931513
82.08,object_red_01,RED,-0.124885498,0.313576039,0.0599896713,-0.0302761476,-0.0133500901,2.07325768e-15,1.11899931e-07,-4.32928264e-07,-0.000141888362,0.600032673,0.599967378,1,0.00052356175,-0.00220622055,-0.0116628117,0.00205955001
82.12,object_red_01,RED,-0.126093346,0.313041481,0.0599896713,-0.0301257131,-0.0133667727,2.23206939e-15,9.02724761e-08,-3.49254067e-07,-0.000114464893,0.600026015,0.599974011,1,0.000524695498,-0.00220637809,-0.0116628117,0.00205976199
82.16,object_red_01,RED,-0.127295876,0.312507548,0.0599896713,-0.0300093776,-0.0133207203,2.08753289e-15,6.83926374e-08,-2.64603432e-07,-8.67214057e-05,0.600019383,0.599980619,1,0.000526006071,-0.00220650429,-0.0116628117,0.00205995197
82.2,object_red_01,RED,-0.128494458,0.311976714,0.0599896713,-0.0299275319,-0.0132137107,2.00723484e-15,4.60638948e-08,-1.78216033e-07,-5.84087093e-05,0.60001262,0.599987359,1,0.000527490944,-0.00220659915,-0.0116628117,0.00206012015
82.24,object_red_01,RED,-0.129690476,0.311451365,0.0599896713,-0.0298803502,-0.0130483156,2.14641813e-15,2.26336264e-08,-8.75669564e-08,-2.86992858e-05,0.600005698,0.599994257,1,0.00052914649,-0.00220666251,-0.0116628117,0.00206026657
82.28,object_red_01,RED,-0.130885308,0.31093367,0.0599896713,-0.0298659147,-0.012839033,2.02507885e-15,1.52351843e-10,-5.89431632e-10,-1.9318099e-07,0.600000834,0.599999101,1,0.000530947332,-0.00220669727,-0.0116628117,0.00206039323
82.32,object_red_01,RED,-0.13207989,0.310424286,0.0599896713,-0.029862704,-0.0126401824,2.17675295e-15,-3.85141532e-08,1.49006929e-07,4.88356871e-05,0.600001288,0.599998642,1,0.000532757713,-0.0022067246,-0.0116628117,0.00206051454
82.36,object_red_01,RED,-0.133274102,0.309922112,0.0599896713,-0.0298440086,-0.0124799598,2.08217969e-15,-7.93309641e-08,3.06922583e-07,0.000100591129,0.600006334,0.599993608,1,0.000534471481,-0.00220676139,-0.0116628117,0.00206064174
82.4,object_red_01,RED,-0.134466944,0.309425402,0.0599896713,-0.0297932587,-0.0123664232,2.21779418e-15,-1.03683773e-07,4.01140871e-07,0.000131470329,0.600013419,0.599986543,1,0.000536045013,-0.00220681985,-0.0116628117,0.00206078441
82.44,object_red_01,RED,-0.135656976,0.308932226,0.0599896713,-0.0297039704,-0.0123023448,2.10716131e-15,-1.07591264e-07,4.16258527e-07,0.000136425004,0.600021101,0.599978883,1,0.000537460286,-0.00220690907,-0.0116628117,0.00206095034
82.48,object_red_01,RED,-0.13684263,0.308440577,0.0599896713,-0.0295755489,-0.0122889402,1.98939083e-15,-9.70641253e-08,3.75530213e-07,0.000123076665,0.600028585,0.599971422,1,0.000538709132,-0.00220703355,-0.0116628117,0.00206114323
82.52,object_red_01,RED,-0.13802237,0.307948418,0.0599896713,-0.0294094162,-0.0123266015,2.13749613e-15,-8.00953785e-08,3.09880038e-07,0.000101560408,0.600035846,0.599964184,1,0.000539787978,-0.00220719413,-0.0116628117,0.00206136342
82.56,object_red_01,RED,-0.139194715,0.307453712,0.0599896713,-0.0292069513,-0.0124147575,2.02151005e-15,-6.23929474e-08,2.41391319e-07,7.91138435e-05,0.600042624,0.59995743,1,0.000540696103,-0.00220738995,-0.0116628117,0.00206160975
82.6,object_red_01,RED,-0.14035823,0.306954465,0.0599896713,-0.0289688543,-0.0125522425,2.18745936e-15,-4.70274759e-08,1.8194403e-07,5.96305267e-05,0.600049746,0.599950331,1,0.000541434408,-0.00220761999,-0.0116628117,0.00206188101
82.64,object_red_01,RED,-0.141511498,0.306448741,0.0599896713,-0.028695529,-0.0127370776,2.31950505e-15,-3.39108074e-08,1.3119711e-07,4.29986778e-05,0.600056504,0.599943595,1,0.000542005176,-0.00220788341,-0.0116628117,0.00206217632
82.68,object_red_01,RED,-0.142653111,0.305934679,0.0599896713,-0.0283869547,-0.0129676796,2.21600978e-15,-2.35843464e-08,9.12451891e-08,2.99047939e-05,0.600063364,0.599936757,1,0.000542410586,-0.00220817997,-0.0116628117,0.00206249543
82.72,object_red_01,RED,-0.143781687,0.305410529,0.0599896713,-0.0280462384,-0.0132378667,2.0946705e-15,-4.12703542e-09,1.59670397e-08,5.23305393e-06,0.600068166,0.599931974,1,0.000542661104,-0.00220850678,-0.0116628117,0.00206283596
82.76,object_red_01,RED,-0.144896381,0.304875333,0.0599896713,-0.0276987437,-0.0135125307,2.27846382e-15,4.88827777e-08,-1.89121989e-07,-6.1983039e-05,0.600066222,0.599933921,1,0.000542845909,-0.00220884167,-0.0116628117,0.00206318083
82.8,object_red_01,RED,-0.145997513,0.304329604,0.0599896713,-0.0273705728,-0.0137621769,2.12678972e-15,9.69110769e-08,-3.74938097e-07,-0.000122882604,0.600061236,0.599938897,1,0.000543069707,-0.00220916284,-0.0116628117,0.00206351424
82.84,object_red_01,RED,-0.147086123,0.303774629,0.0599896713,-0.0270727513,-0.0139744289,2.01794125e-15,1.2081048e-07,-4.67402198e-07,-0.000153186885,0.600054803,0.599945316,1,0.000543383097,-0.00220945889,-0.0116628117,0.00206382775
82.88,object_red_01,RED,-0.148163486,0.303212038,0.0599896713,-0.026807422,-0.0141433814,2.16604655e-15,1.23120632e-07,-4.7633991e-07,-0.00015611614,0.600048618,0.599951484,1,0.000543809115,-0.00220972486,-0.0116628117,0.00206411776
82.92,object_red_01,RED,-0.149230887,0.302643632,0.0599896713,-0.0265735745,-0.0142660005,2.06076687e-15,1.13354977e-07,-4.38557677e-07,-0.000143733352,0.600042626,0.599957457,1,0.000544358301,-0.00220995994,-0.0116628117,0.00206438414
82.96,object_red_01,RED,-0.150289554,0.302071289,0.0599896713,-0.0263698017,-0.0143414096,2.19102816e-15,9.86791888e-08,-3.81778699e-07,-0.00012512455,0.60003685,0.599963214,1,0.000545034539,-0.00221016534,-0.0116628117,0.00206462842
83,object_red_01,RED,-0.151340673,0.301496891,0.0599896713,-0.0261953792,-0.0143700718,2.07861089e-15,8.29264236e-08,-3.20833018e-07,-0.000105150149,0.600031163,0.599968883,1,0.00054583816,-0.00221034241,-0.0116628117,0.00206485211
83.04,object_red_01,RED,-0.152385413,0.300922284,0.0599896713,-0.0260500752,-0.0143532752,2.2463446e-15,6.70833129e-08,-2.59537802e-07,-8.50611909e-05,0.600025556,0.599974471,1,0.000546767627,-0.00221049207,-0.0116628117,0.00206505616
83.08,object_red_01,RED,-0.153424938,0.300349255,0.0599896713,-0.0259339104,-0.0142925185,2.13392732e-15,5.09935805e-08,-1.97288436e-07,-6.46595182e-05,0.600019806,0.599980203,1,0.000547820716,-0.00221061466,-0.0116628117,0.00206524096
83.12,object_red_01,RED,-0.154460412,0.299779525,0.0599896713,-0.0258467955,-0.0141896492,2.01794125e-15,3.41733143e-08,-1.32212714e-07,-4.33315333e-05,0.600014184,0.599985808,1,0.000548994759,-0.00221071032,-0.0116628117,0.00206540667
83.16,object_red_01,RED,-0.155492995,0.29921475,0.0599896713,-0.0257886525,-0.0140460775,2.15177134e-15,1.65462367e-08,-6.40155319e-08,-2.09805172e-05,0.600008591,0.599991384,1,0.000550287482,-0.00221077901,-0.0116628117,0.00206555333
83.2,object_red_01,RED,-0.156523841,0.298656503,0.0599896713,-0.0257589443,-0.0138658284,2.05362927e-15,2.67215884e-10,-1.03382575e-09,-3.38827237e-07,0.60000334,0.599996619,1,0.00055169293,-0.00221082136,-0.0116628117,0.00206568142
83.24,object_red_01,RED,-0.157553922,0.298105734,0.0599896713,-0.0257462561,-0.0136796345,2.20887217e-15,-2.21511305e-08,8.57002332e-08,2.80874847e-05,0.600002413,0.599997537,1,0.000553144151,-0.0022108511,-0.0116628117,0.00206580073
83.28,object_red_01,RED,-0.158583445,0.297561993,0.0599896713,-0.025727792,-0.0135163515,2.1035925e-15,-5.24923288e-08,2.03086923e-07,6.65599206e-05,0.600005254,0.599994702,1,0.000554546902,-0.00221088679,-0.0116628117,0.00206592394
83.32,object_red_01,RED,-0.159611817,0.297024156,0.0599896713,-0.0256872852,-0.0133842249,2.27132622e-15,-7.53545324e-08,2.91538225e-07,9.55490427e-05,0.600010558,0.59998941,1,0.000555858507,-0.00221093875,-0.0116628117,0.00206605854
83.36,object_red_01,RED,-0.160637975,0.296490929,0.0599896713,-0.025617148,-0.0132851844,2.14998693e-15,-8.32865658e-08,3.22226374e-07,0.000105606809,0.600016615,0.599983369,1,0.00055706255,-0.00221101444,-0.0116628117,0.00206621077
83.4,object_red_01,RED,-0.161660683,0.295960968,0.0599896713,-0.0255155969,-0.0132202451,2.03400086e-15,-7.82595384e-08,3.02777375e-07,9.92325735e-05,0.600022704,0.599977296,1,0.000558151706,-0.00221111818,-0.0116628117,0.00206638426
83.44,object_red_01,RED,-0.162678697,0.295432896,0.0599896713,-0.0253834114,-0.013189873,2.19459696e-15,-6.62263569e-08,2.56222346e-07,8.39745792e-05,0.600028501,0.599971516,1,0.00055912271,-0.0022112512,-0.0116628117,0.00206657985
83.48,object_red_01,RED,-0.163690818,0.294905331,0.0599896713,-0.0252218803,-0.0131940009,2.04827607e-15,-5.22693479e-08,2.02224244e-07,6.62771851e-05,0.600034192,0.599965842,1,0.000559974521,-0.002211413,-0.0116628117,0.00206679681
83.52,object_red_01,RED,-0.164695894,0.294376905,0.0599896713,-0.0250319632,-0.01323186,2.48188556e-15,-3.91728319e-08,1.51555293e-07,4.967089e-05,0.6000395,0.599960551,1,0.000560707695,-0.00221160252,-0.0116628117,0.00206703396
83.56,object_red_01,RED,-0.1656928,0.293846292,0.0599896713,-0.0248141939,-0.0133023511,2.1000237e-15,-2.8217059e-08,1.09168636e-07,3.57790434e-05,0.600045039,0.599955028,1,0.000561323682,-0.00221181892,-0.0116628117,0.00206729044
83.6,object_red_01,RED,-0.166680432,0.293312217,0.0599896713,-0.0245690216,-0.0134039262,1.99652843e-15,-1.88517329e-08,7.29352403e-08,2.39038719e-05,0.600050306,0.599949777,1,0.00056182457,-0.00221206149,-0.0116628117,0.00206756557
83.64,object_red_01,RED,-0.167657701,0.292773463,0.0599896713,-0.0242967059,-0.0135353123,2.13571172e-15,-1.13056664e-08,4.37403557e-08,1.43355101e-05,0.600055498,0.599944601,1,0.000562212412,-0.00221232991,-0.0116628117,0.0020678591
83.68,object_red_01,RED,-0.168623528,0.292228871,0.0599896713,-0.0239977911,-0.0136948252,2.01794125e-15,-4.4912649e-09,1.73762017e-08,5.69489406e-06,0.600060469,0.599939645,1,0.0005624897,-0.00221262366,-0.0116628117,0.0020681706
83.72,object_red_01,RED,-0.169576913,0.291677397,0.0599896713,-0.0236777376,-0.0138756477,2.15890894e-15,1.53529232e-08,-5.9398738e-08,-1.94674045e-05,0.600062607,0.599937518,1,0.000562670629,-0.00221293764,-0.0116628117,0.00206849589
83.76,object_red_01,RED,-0.170517467,0.291118704,0.0599896713,-0.023360149,-0.0140522345,2.02329445e-15,5.4947393e-08,-2.12585308e-07,-6.96729306e-05,0.600060406,0.599939717,1,0.000562827417,-0.00221325015,-0.0116628117,0.00206881812
83.8,object_red_01,RED,-0.171445676,0.290553313,0.0599896713,-0.0230616413,-0.0142095098,2.19459696e-15,8.50750429e-08,-3.29145804e-07,-0.000107874589,0.600055777,0.599944337,1,0.000563019439,-0.00221354642,-0.0116628117,0.00206912651
83.84,object_red_01,RED,-0.172362446,0.289982144,0.0599896713,-0.0227879804,-0.0143409388,2.0982393e-15,9.70229844e-08,-3.7537104e-07,-0.000123024497,0.600050821,0.599949283,1,0.000563274071,-0.00221381993,-0.0116628117,0.0020694164
83.88,object_red_01,RED,-0.173268795,0.289406317,0.0599896713,-0.0225398826,-0.0144428116,2.2409914e-15,9.57671084e-08,-3.70512193e-07,-0.000121432054,0.600045957,0.599954134,1,0.000563604348,-0.00221406841,-0.0116628117,0.0020696864
83.92,object_red_01,RED,-0.174165727,0.28882705,0.0599896713,-0.0223162689,-0.0145134835,2.13214292e-15,8.76546151e-08,-3.39125864e-07,-0.000111145465,0.600041221,0.599958857,1,0.000564015879,-0.00221429225,-0.0116628117,0.00206993735
83.96,object_red_01,RED,-0.175054199,0.288245605,0.0599896713,-0.0221161985,-0.0145525722,2.00009723e-15,7.73642923e-08,-2.99313759e-07,-9.80974044e-05,0.600036761,0.599963303,1,0.000564510509,-0.00221449266,-0.0116628117,0.00207017059
84,object_red_01,RED,-0.17593514,0.287663234,0.0599896713,-0.0219391027,-0.0145606557,2.42656912e-15,6.68172701e-08,-2.58508514e-07,-8.4723851e-05,0.600032295,0.599967757,1,0.000565087809,-0.00221467075,-0.0116628117,0.00207038727
84.04,object_red_01,RED,-0.176809464,0.287081159,0.0599896713,-0.0217847055,-0.0145387564,2.05541367e-15,5.62643076e-08,-2.17680289e-07,-7.13427657e-05,0.600027899,0.59997214,1,0.000565746313,-0.00221482723,-0.0116628117,0.00207058808
84.08,object_red_01,RED,-0.177678074,0.286500553,0.0599896713,-0.0216527898,-0.0144881397,2.20708777e-15,4.55185986e-08,-1.76106345e-07,-5.77172781e-05,0.600023538,0.599976489,1,0.000566484069,-0.00221496252,-0.0116628117,0.00207077337
84.12,object_red_01,RED,-0.178541863,0.28592254,0.0599896713,-0.0215431107,-0.0144099593,2.08574849e-15,3.42692124e-08,-1.32583735e-07,-4.34531319e-05,0.600019271,0.599980743,1,0.00056729913,-0.00221507686,-0.0116628117,0.00207094334
84.16,object_red_01,RED,-0.179401715,0.285348198,0.0599896713,-0.0214553208,-0.0143054455,2.26061981e-15,2.24032234e-08,-8.66755559e-08,-2.84071378e-05,0.600014975,0.599985028,1,0.000568189484,-0.0022151705,-0.0116628117,0.00207109818
84.2,object_red_01,RED,-0.180258498,0.284778558,0.0599896713,-0.0213890196,-0.0141757427,2.3962343e-15,9.91756679e-09,-3.83699537e-08,-1.25754089e-05,0.600011011,0.599988981,1,0.000569153215,-0.00221524373,-0.0116628117,0.00207123814
84.24,object_red_01,RED,-0.181113063,0.284214604,0.0599896713,-0.0213438707,-0.0140218869,2.01437244e-15,-2.5453348e-09,9.84761581e-09,3.22746771e-06,0.600006713,0.599993268,1,0.000570188458,-0.0022152968,-0.0116628117,0.00207136345
84.28,object_red_01,RED,-0.181966214,0.283657153,0.0599896713,-0.0213161504,-0.0138550342,2.15534014e-15,-1.3499655e-08,5.2228649e-08,1.7117472e-05,0.600004651,0.599995321,1,0.000571274877,-0.00221533471,-0.0116628117,0.00207147778
84.32,object_red_01,RED,-0.182818353,0.283106217,0.0599896713,-0.0212903601,-0.0136985033,2.04470726e-15,-3.15987755e-08,1.22252114e-07,4.00670358e-05,0.600005815,0.599994157,1,0.000572348278,-0.00221537374,-0.0116628117,0.00207159286
84.36,object_red_01,RED,-0.183669245,0.282561165,0.0599896713,-0.0212523797,-0.0135608399,2.19816577e-15,-4.93090891e-08,1.90771329e-07,6.25235949e-05,0.60000908,0.599990899,1,0.000573369652,-0.00221542341,-0.0116628117,0.00207171537
84.4,object_red_01,RED,-0.184518229,0.282021207,0.0599896713,-0.021194612,-0.0134434239,2.07147328e-15,-5.84293585e-08,2.2605663e-07,7.4088036e-05,0.600013349,0.59998664,1,0.00057432473,-0.00221548926,-0.0116628117,0.00207184973
84.44,object_red_01,RED,-0.185364445,0.281485522,0.0599896713,-0.0211144381,-0.0133466834,2.25883541e-15,-5.7740295e-08,2.23390724e-07,7.32143093e-05,0.600017737,0.599982263,1,0.000575207741,-0.00221557489,-0.0116628117,0.00207199902
84.48,object_red_01,RED,-0.186206994,0.280953277,0.0599896713,-0.0210119302,-0.0132710015,2.11786771e-15,-5.0424283e-08,1.95085896e-07,6.39376555e-05,0.60002199,0.599978021,1,0.000576016068,-0.0022156817,-0.0116628117,0.00207216434
84.52,object_red_01,RED,-0.187045001,0.280423625,0.0599896713,-0.0208880093,-0.0132165114,2.02864765e-15,-4.05165925e-08,1.56754153e-07,5.13747697e-05,0.600026089,0.599973933,1,0.000576748729,-0.00221580955,-0.0116628117,0.00207234542
84.56,object_red_01,RED,-0.187877628,0.279895721,0.0599896713,-0.0207436164,-0.0131829357,2.16247774e-15,-3.04849271e-08,1.17942764e-07,3.86546848e-05,0.600030011,0.599970022,1,0.000577405905,-0.00221595764,-0.0116628117,0.00207254136
84.6,object_red_01,RED,-0.188704071,0.279368743,0.0599896713,-0.0205793856,-0.0131696099,2.01437244e-15,-2.16809085e-08,8.38810018e-08,2.74912472e-05,0.600033764,0.59996628,1,0.000577988581,-0.00221612516,-0.0116628117,0.00207275137
84.64,object_red_01,RED,-0.189523548,0.278841898,0.0599896713,-0.0203958305,-0.0131756246,2.17496855e-15,-1.41928523e-08,5.49105526e-08,1.79964421e-05,0.60003759,0.599962466,1,0.000578498226,-0.00221631138,-0.0116628117,0.00207297478
84.68,object_red_01,RED,-0.190335293,0.278314433,0.0599896713,-0.0201933773,-0.0131999756,2.06255128e-15,-7.76409902e-09,3.00384287e-08,9.84482618e-06,0.600041026,0.599959039,1,0.000578936493,-0.0022165158,-0.0116628117,0.00207321114
84.72,object_red_01,RED,-0.191138559,0.277785634,0.0599896713,-0.019972409,-0.0132417859,2.23385379e-15,-2.52639782e-09,9.77435041e-09,3.20345579e-06,0.600044787,0.599955289,1,0.000579305007,-0.00221673803,-0.0116628117,0.00207346015
84.76,object_red_01,RED,-0.191932616,0.277254822,0.0599896713,-0.0197334812,-0.0132999949,2.1053769e-15,2.18223144e-09,-8.44280822e-09,-2.76705478e-06,0.600048179,0.599951906,1,0.000579605563,-0.00221697755,-0.0116628117,0.00207372138
84.8,object_red_01,RED,-0.192716755,0.276721358,0.0599896713,-0.019476976,-0.0133738915,1.97333122e-15,5.81777591e-09,-2.25083236e-08,-7.37690115e-06,0.600051528,0.599948567,1,0.000579839688,-0.00221723404,-0.0116628117,0.00207399461
84.84,object_red_01,RED,-0.193490288,0.276184638,0.0599896713,-0.0192041153,-0.0134619413,2.13392732e-15,1.14258576e-08,-4.42053603e-08,-1.44879114e-05,0.600054284,0.599945819,1,0.000580010189,-0.00221750632,-0.0116628117,0.00207427884
84.88,object_red_01,RED,-0.194252746,0.275644267,0.0599896713,-0.0189264727,-0.0135536461,2.03043205e-15,3.39629757e-08,-1.31398945e-07,-4.30648279e-05,0.600053246,0.599946859,1,0.000580143985,-0.00221778314,-0.0116628117,0.00207456486
84.92,object_red_01,RED,-0.195004273,0.275100372,0.0599896713,-0.0186590085,-0.0136371035,2.15534014e-15,5.7157444e-08,-2.21135741e-07,-7.24752589e-05,0.600050656,0.599949444,1,0.000580284382,-0.00221805046,-0.0116628117,0.00207484192
84.96,object_red_01,RED,-0.195745431,0.274553406,0.0599896713,-0.0184081592,-0.0137068573,2.04113846e-15,6.95671287e-08,-2.69147415e-07,-8.82106552e-05,0.600047073,0.59995302,1,0.000580454364,-0.00221830205,-0.0116628117,0.00207510551
85,object_red_01,RED,-0.196476923,0.274003982,0.0599896713,-0.0181752368,-0.0137600604,2.20887217e-15,7.15589985e-08,-2.76853734e-07,-9.07363327e-05,0.60004366,0.599956425,1,0.000580664613,-0.00221853584,-0.0116628117,0.00207535439
85.04,object_red_01,RED,-0.19719946,0.273452802,0.0599896713,-0.0179598485,-0.013795005,2.09110169e-15,6.79357017e-08,-2.62835601e-07,-8.61420151e-05,0.600040341,0.599959736,1,0.000580920263,-0.00221875175,-0.0116628117,0.00207558887
85.08,object_red_01,RED,-0.197913726,0.272900608,0.0599896713,-0.0177611559,-0.0138111457,2.22850059e-15,6.206754e-08,-2.40132344e-07,-7.87012253e-05,0.600037088,0.599962981,1,0.000581223142,-0.0022189507,-0.0116628117,0.00207581003
85.12,object_red_01,RED,-0.198620378,0.272348152,0.0599896713,-0.0175786237,-0.0138086359,2.13928053e-15,5.58839391e-08,-2.16208686e-07,-7.08604608e-05,0.600034044,0.599966016,1,0.000581573352,-0.00221913362,-0.0116628117,0.00207601882
85.16,object_red_01,RED,-0.199320052,0.271796169,0.0599896713,-0.017411875,-0.0137880846,1.74849666e-15,4.98635718e-08,-1.9291656e-07,-6.32266757e-05,0.600030946,0.599969106,1,0.000581969986,-0.00221930122,-0.0116628117,0.00207621589
85.2,object_red_01,RED,-0.200013375,0.271245365,0.0599896713,-0.0172606202,-0.0137502751,2.14820253e-15,4.37489929e-08,-1.69259941e-07,-5.547343e-05,0.60002799,0.599972055,1,0.000582411745,-0.00221945398,-0.0116628117,0.00207640167
85.24,object_red_01,RED,-0.200700961,0.270696412,0.0599896713,-0.0171245624,-0.0136960321,2.05719807e-15,3.74960947e-08,-1.4506818e-07,-4.75447971e-05,0.600025054,0.599974984,1,0.000582897191,-0.00221959223,-0.0116628117,0.0020765764
85.28,object_red_01,RED,-0.20138341,0.270149953,0.0599896713,-0.0170033583,-0.0136261005,2.18032176e-15,3.0845361e-08,-1.19337238e-07,-3.91117112e-05,0.600022207,0.599977823,1,0.000583424937,-0.0022197163,-0.0116628117,0.00207674032
85.32,object_red_01,RED,-0.202061308,0.2696066,0.0599896713,-0.0168966204,-0.0135412469,2.07504208e-15,2.38705383e-08,-9.23524318e-08,-3.02676828e-05,0.600019402,0.599980621,1,0.000583993582,-0.00221982649,-0.0116628117,0.00207689368
85.36,object_red_01,RED,-0.202735227,0.269066935,0.0599896713,-0.0168039497,-0.0134421733,2.23028499e-15,1.65807751e-08,-6.41491563e-08,-2.10243118e-05,0.600016776,0.59998324,1,0.000584601781,-0.00221992316,-0.0116628117,0.00207703674
85.4,object_red_01,RED,-0.203405721,0.268531514,0.0599896713,-0.0167249561,-0.0133295162,2.12322092e-15,9.00292089e-09,-3.48312907e-08,-1.14156439e-05,0.60001407,0.59998594,1,0.00058524827,-0.00222000663,-0.0116628117,0.00207716978
85.44,object_red_01,RED,-0.204073328,0.268000864,0.0599896713,-0.0166591979,-0.0132040556,2.00009723e-15,1.21025209e-09,-4.68232852e-09,-1.53459145e-06,0.600011572,0.599988432,1,0.000585931638,-0.00222007733,-0.0116628117,0.00207729314
85.48,object_red_01,RED,-0.20473857,0.267475485,0.0599896713,-0.0166063286,-0.0130663541,2.14463373e-15,-6.60330197e-09,2.55474362e-08,8.37294349e-06,0.60000904,0.599990958,1,0.000586650669,-0.00222013554,-0.0116628117,0.00207740705
85.52,object_red_01,RED,-0.205401941,0.266955801,0.0599896713,-0.0165645142,-0.0129215444,2.05006047e-15,-1.20041664e-08,4.64427711e-08,1.52212019e-05,0.600007578,0.599992414,1,0.000587396375,-0.00222018384,-0.0116628117,0.00207751341
85.56,object_red_01,RED,-0.206063713,0.266441819,0.0599896713,-0.0165245188,-0.0127826434,2.19102816e-15,-2.09636673e-08,8.11060755e-08,2.65817899e-05,0.600008261,0.599991731,1,0.000588134579,-0.00222023275,-0.0116628117,0.00207762005
85.6,object_red_01,RED,-0.206723764,0.265933181,0.0599896713,-0.0164775219,-0.0126542822,2.07861089e-15,-3.07087346e-08,1.18808648e-07,3.89384701e-05,0.600010144,0.599989852,1,0.000588843142,-0.00222028863,-0.0116628117,0.00207773156
85.64,object_red_01,RED,-0.207381702,0.265429454,0.0599896713,-0.016418658,-0.0125368277,2.49794517e-15,-3.60519956e-08,1.39481124e-07,4.57136895e-05,0.600012736,0.599987265,1,0.000589514437,-0.00222035471,-0.0116628117,0.00207785051
85.68,object_red_01,RED,-0.208037009,0.264930203,0.0599896713,-0.0163461892,-0.0124301618,2.0982393e-15,-3.56758039e-08,1.38025683e-07,4.52366819e-05,0.600015406,0.599984602,1,0.000590145721,-0.00222043297,-0.0116628117,0.00207797864
85.72,object_red_01,RED,-0.208689136,0.264434996,0.0599896713,-0.0162600863,-0.0123344531,1.97690002e-15,-3.11025057e-08,1.20332106e-07,3.94377704e-05,0.600018012,0.599982002,1,0.000590735764,-0.0022205242,-0.0116628117,0.00207811659
85.76,object_red_01,RED,-0.209337549,0.26394339,0.0599896713,-0.0161609545,-0.0122497806,2.12857412e-15,-2.47303874e-08,9.5679094e-08,3.13579663e-05,0.600020476,0.599979545,1,0.00059128418,-0.0022206283,-0.0116628117,0.00207826419
85.8,object_red_01,RED,-0.209981742,0.263454946,0.0599896713,-0.0160494524,-0.0121760523,2.03756966e-15,-1.81728242e-08,7.03086175e-08,2.30430196e-05,0.600022857,0.599977171,1,0.00059179118,-0.00222074468,-0.0116628117,0.00207842085
85.84,object_red_01,RED,-0.21062123,0.262969233,0.0599896713,-0.0159261117,-0.0121129065,2.19102816e-15,-1.21940963e-08,4.7177592e-08,1.54620333e-05,0.600025037,0.599974996,1,0.000592257486,-0.00222087274,-0.0116628117,0.00207858598
85.88,object_red_01,RED,-0.211255549,0.262485837,0.0599896713,-0.015791331,-0.0120598504,2.06076687e-15,-7.16022757e-09,2.77021188e-08,9.07912085e-06,0.600027318,0.599972722,1,0.000592684087,-0.00222101196,-0.0116628117,0.00207875913
85.92,object_red_01,RED,-0.211884249,0.262004367,0.0599896713,-0.0156455265,-0.0120162961,2.19816577e-15,-2.66367934e-09,1.03054806e-08,3.37752838e-06,0.600029395,0.59997065,1,0.000593072128,-0.00222116187,-0.0116628117,0.0020789399
85.96,object_red_01,RED,-0.212506897,0.261524453,0.0599896713,-0.015489017,-0.0119817232,2.07861089e-15,1.05699687e-09,-4.08940426e-09,-1.34026585e-06,0.600031446,0.599968605,1,0.000593422711,-0.00222132214,-0.0116628117,0.00207912802
86,object_red_01,RED,-0.213123073,0.261045747,0.0599896713,-0.0153222462,-0.0119555536,2.21779418e-15,4.44791732e-09,-1.72084937e-08,-5.63992954e-06,0.600033459,0.599966598,1,0.000593737018,-0.00222149234,-0.0116628117,0.00207932314
86.04,object_red_01,RED,-0.213732373,0.260567925,0.0599896713,-0.015145569,-0.011937318,2.10894571e-15,7.29816653e-09,-2.82357867e-08,-9.25402625e-06,0.600035208,0.599964854,1,0.000594016104,-0.00222167215,-0.0116628117,0.00207952502
86.08,object_red_01,RED,-0.21433441,0.260090677,0.0599896713,-0.0149593917,-0.0119265299,2.00009723e-15,9.67484648e-09,-3.74308961e-08,-1.2267641e-05,0.60003718,0.599962887,1,0.000594261088,-0.00222186119,-0.0116628117,0.00207973335
86.12,object_red_01,RED,-0.214928813,0.259613717,0.0599896713,-0.0147641421,-0.0119226951,1.89303316e-15,1.17232631e-08,-4.53559881e-08,-1.48650191e-05,0.600038772,0.599961299,1,0.000594473061,-0.00222205904,-0.0116628117,0.0020799478
86.16,object_red_01,RED,-0.215515225,0.259136774,0.0599896713,-0.0145601423,-0.0119254306,2.03400086e-15,1.31464541e-08,-5.08621556e-08,-1.66696158e-05,0.600040538,0.599959537,1,0.000594653059,-0.0022222654,-0.0116628117,0.00208016814
86.2,object_red_01,RED,-0.216093306,0.258659596,0.0599896713,-0.0143478922,-0.0119341905,2.18745936e-15,1.44559573e-08,-5.59284767e-08,-1.83300576e-05,0.600041981,0.599958099,1,0.000594802263,-0.00222247979,-0.0116628117,0.00208039397
86.24,object_red_01,RED,-0.216662753,0.258181963,0.0599896713,-0.0141296122,-0.011947366,2.06790448e-15,2.04921686e-08,-7.92818995e-08,-2.59839327e-05,0.600042417,0.599957665,1,0.000594924672,-0.00222269999,-0.0116628117,0.00208062341
86.28,object_red_01,RED,-0.217223502,0.257703819,0.0599896713,-0.0139143523,-0.0119589357,2.22493179e-15,3.38721249e-08,-1.31047452e-07,-4.2949629e-05,0.600041248,0.599958832,1,0.000595039406,-0.00222291704,-0.0116628117,0.00208084909
86.32,object_red_01,RED,-0.217775808,0.25722531,0.0599896713,-0.0137077826,-0.011965289,2.11786771e-15,4.34997625e-08,-1.68295703e-07,-5.51574094e-05,0.600039123,0.599960954,1,0.000595162197,-0.00222312549,-0.0116628117,0.00208106686
86.36,object_red_01,RED,-0.218320062,0.256746688,0.0599896713,-0.0135115677,-0.0119644799,2.01437244e-15,4.67719475e-08,-1.80955417e-07,-5.93065176e-05,0.600037235,0.599962838,1,0.000595300706,-0.00222332349,-0.0116628117,0.00208127552
86.4,object_red_01,RED,-0.218856681,0.25626827,0.0599896713,-0.0133257565,-0.0119551787,2.15534014e-15,4.61100264e-08,-1.78394518e-07,-5.84672058e-05,0.600035213,0.599964856,1,0.000595458753,-0.00222351073,-0.0116628117,0.00208147505
86.44,object_red_01,RED,-0.219386073,0.255790408,0.0599896713,-0.0131498178,-0.0119368275,2.03935406e-15,4.35208824e-08,-1.68377409e-07,-5.5184188e-05,0.600033326,0.599966738,1,0.000595637906,-0.00222368774,-0.0116628117,0.00208166614
86.48,object_red_01,RED,-0.219908622,0.25531347,0.0599896713,-0.0129833638,-0.0119092893,2.21244098e-15,4.07156783e-08,-1.57524388e-07,-5.16272079e-05,0.600031556,0.599968504,1,0.000595838542,-0.00222385513,-0.0116628117,0.00208184941
86.52,object_red_01,RED,-0.220424702,0.254837816,0.0599896713,-0.0128260578,-0.0118728409,2.08574849e-15,3.80004281e-08,-1.47019392e-07,-4.81842893e-05,0.600029712,0.599970344,1,0.000596060247,-0.00222401347,-0.0116628117,0.00208202541
86.56,object_red_01,RED,-0.220934673,0.254363796,0.0599896713,-0.0126776425,-0.0118278864,2.2445602e-15,3.53437624e-08,-1.36741051e-07,-4.48156549e-05,0.600028083,0.599971969,1,0.000596302301,-0.00222416314,-0.0116628117,0.00208219448
86.6,object_red_01,RED,-0.221438885,0.253891742,0.0599896713,-0.0125378975,-0.0117748729,2.08753289e-15,3.27448321e-08,-1.26686079e-07,-4.15202281e-05,0.600026381,0.599973667,1,0.000596563865,-0.00222430444,-0.0116628117,0.00208235683
86.64,object_red_01,RED,-0.22193768,0.253421965,0.0599896713,-0.0124065271,-0.0117142254,1.99295963e-15,2.98946584e-08,-1.15659078e-07,-3.79062272e-05,0.600024796,0.599975248,1,0.000596844103,-0.00222443764,-0.0116628117,0.00208251269
86.68,object_red_01,RED,-0.222431388,0.252954764,0.0599896713,-0.0122832777,-0.0116463566,2.16069334e-15,2.69831816e-08,-1.04394901e-07,-3.42144941e-05,0.600023246,0.599976795,1,0.000597142187,-0.00222456299,-0.0116628117,0.00208266224
86.72,object_red_01,RED,-0.222920327,0.25249042,0.0599896713,-0.0121678342,-0.0115716284,2.02686325e-15,2.38577401e-08,-9.23029176e-08,-3.02514549e-05,0.60002174,0.599978297,1,0.000597457341,-0.00222468076,-0.0116628117,0.00208280568
86.76,object_red_01,RED,-0.223404804,0.252029198,0.0599896713,-0.0120599168,-0.0114904188,2.16426214e-15,2.06328931e-08,-7.98263487e-08,-2.61623709e-05,0.600020313,0.599979721,1,0.000597788773,-0.00222479121,-0.0116628117,0.00208294324
86.8,object_red_01,RED,-0.223885113,0.251571352,0.0599896713,-0.0119592272,-0.0114030803,2.03935406e-15,1.73325338e-08,-6.70576263e-08,-2.19775367e-05,0.60001893,0.599981101,1,0.000598135726,-0.00222489463,-0.0116628117,0.00208307512
86.84,object_red_01,RED,-0.224361538,0.25111712,0.0599896713,-0.0118654878,-0.0113099412,2.19638137e-15,1.38913884e-08,-5.37442236e-08,-1.7614188e-05,0.600017602,0.599982426,1,0.000598497456,-0.00222499128,-0.0116628117,0.00208320154
86.88,object_red_01,RED,-0.22483435,0.250666725,0.0599896713,-0.0117784096,-0.0112113718,2.1035925e-15,1.04357722e-08,-4.03748335e-08,-1.323249e-05,0.60001633,0.599983695,1,0.000598873197,-0.00222508143,-0.0116628117,0.00208332272
86.92,object_red_01,RED,-0.225303812,0.25022038,0.0599896713,-0.0116977263,-0.011107662,2.2445602e-15,6.86579974e-09,-2.65630063e-08,-8.70578746e-06,0.600015121,0.599984901,1,0.000599262251,-0.00222516533,-0.0116628117,0.00208343885
86.96,object_red_01,RED,-0.225770172,0.249778282,0.0599896713,-0.0116231547,-0.0109991614,2.13035852e-15,3.26094467e-09,-1.261623e-08,-4.13485637e-06,0.600013935,0.599986084,1,0.000599663881,-0.00222524326,-0.0116628117,0.00208355016
87,object_red_01,RED,-0.22623367,0.249340617,0.0599896713,-0.0115544276,-0.0108861727,2.01972565e-15,-3.89886509e-10,1.50842644e-09,4.94373082e-07,0.600012875,0.599987142,1,0.000600077392,-0.00222531546,-0.0116628117,0.00208365683
87.04,object_red_01,RED,-0.226694535,0.24890756,0.0599896713,-0.011491288,-0.0107689594,2.16247774e-15,-4.12732876e-09,1.59681726e-08,5.23342548e-06,0.60001176,0.599988256,1,0.00060050214,-0.00222538217,-0.0116628117,0.00208375906
87.08,object_red_01,RED,-0.227152984,0.248479269,0.0599896713,-0.0114334874,-0.0106481404,2.32128945e-15,-6.91457762e-09,2.67517242e-08,8.76763801e-06,0.600010803,0.59998921,1,0.000600937055,-0.00222544369,-0.0116628117,0.00208385706
87.12,object_red_01,RED,-0.227609202,0.24805582,0.0599896713,-0.0113788853,-0.0105279178,2.16961535e-15,-8.71141317e-09,3.37034786e-08,1.10460134e-05,0.600010621,0.59998939,1,0.000601373534,-0.00222550299,-0.0116628117,0.00208395307
87.16,object_red_01,RED,-0.228063222,0.247637093,0.0599896713,-0.0113229966,-0.0104121022,2.0928861e-15,-1.21337914e-08,4.69442771e-08,1.53855666e-05,0.600011206,0.599988806,1,0.000601798919,-0.00222556451,-0.0116628117,0.00208405044
87.2,object_red_01,RED,-0.228514925,0.247222902,0.0599896713,-0.0112627936,-0.0103009648,2.248129e-15,-1.51557546e-08,5.86359141e-08,1.92173955e-05,0.600012247,0.599987767,1,0.000602208433,-0.00222563008,-0.0116628117,0.00208415057
87.24,object_red_01,RED,-0.228964105,0.246813066,0.0599896713,-0.011196852,-0.0101942079,2.13214292e-15,-1.59298181e-08,6.16306795e-08,2.01989028e-05,0.600013408,0.599986609,1,0.000602600735,-0.00222570072,-0.0116628117,0.00208425437
87.28,object_red_01,RED,-0.229410523,0.246407414,0.0599896713,-0.011124844,-0.0100916994,2.25883541e-15,-1.43914201e-08,5.56787891e-08,1.82482243e-05,0.60001458,0.59998544,1,0.000602975444,-0.00222577698,-0.0116628117,0.00208436233
87.32,object_red_01,RED,-0.229853939,0.246005774,0.0599896713,-0.0110469712,-0.00999345618,2.13214292e-15,-1.14924353e-08,4.44629441e-08,1.45723318e-05,0.600015696,0.599984327,1,0.000603332441,-0.00222585893,-0.0116628117,0.00208447451
87.36,object_red_01,RED,-0.230294127,0.245607976,0.0599896713,-0.0109635886,-0.00989952104,2.00723484e-15,-8.05624382e-09,3.11687021e-08,1.02152632e-05,0.600016734,0.599983292,1,0.000603671801,-0.00222594635,-0.0116628117,0.00208459068
87.4,object_red_01,RED,-0.230730871,0.245213848,0.0599896713,-0.0108750227,-0.00980979397,2.17675295e-15,-4.78799743e-09,1.85242252e-08,6.07114882e-06,0.600017705,0.599982323,1,0.000603993856,-0.00222603891,-0.0116628117,0.00208471053
87.44,object_red_01,RED,-0.231163972,0.244823226,0.0599896713,-0.0107815585,-0.00972411084,2.29987664e-15,-1.83878145e-09,7.11403831e-09,2.33156305e-06,0.600018658,0.599981372,1,0.000604299079,-0.00222613628,-0.0116628117,0.00208483379
87.48,object_red_01,RED,-0.231593238,0.244435952,0.0599896713,-0.0106834365,-0.00964223759,2.19638137e-15,7.95142665e-10,-3.07631777e-09,-1.00823559e-06,0.600019486,0.599980547,1,0.000604588051,-0.00222623819,-0.0116628117,0.00208496019
87.52,object_red_01,RED,-0.232018487,0.244051879,0.0599896713,-0.0105808695,-0.00956393468,2.11429891e-15,3.01322489e-09,-1.16578306e-08,-3.82074948e-06,0.60002039,0.599979646,1,0.000604861371,-0.0022263444,-0.0116628117,0.00208508957
87.56,object_red_01,RED,-0.232439547,0.24367087,0.0599896713,-0.0104741087,-0.00948896777,1.98760642e-15,5.12400688e-09,-1.98242076e-08,-6.49720632e-06,0.600021163,0.599978875,1,0.000605119636,-0.00222645466,-0.0116628117,0.00208522172
87.6,object_red_01,RED,-0.232856254,0.243292794,0.0599896713,-0.0103633495,-0.00941712433,2.13928053e-15,6.87283775e-09,-2.65902399e-08,-8.71471264e-06,0.600021922,0.599978118,1,0.000605363416,-0.00222656879,-0.0116628117,0.0020853565
87.64,object_red_01,RED,-0.233268453,0.242917531,0.0599896713,-0.0102488517,-0.00934819081,2.02686325e-15,8.5414297e-09,-3.30458341e-08,-1.08304762e-05,0.600022657,0.599977385,1,0.000605593283,-0.00222668653,-0.0116628117,0.0020854937
87.68,object_red_01,RED,-0.233675999,0.24254497,0.0599896713,-0.0101308176,-0.00928197873,2.18210616e-15,9.95212607e-09,-3.85036582e-08,-1.26192292e-05,0.600023248,0.599976795,1,0.000605809771,-0.0022268077,-0.0116628117,0.00208563317
87.72,object_red_01,RED,-0.234078754,0.242175004,0.0599896713,-0.0100094697,-0.00921829921,2.05184487e-15,1.11543132e-08,-4.31547855e-08,-1.41435947e-05,0.600023957,0.599976088,1,0.000606013427,-0.00222693208,-0.0116628117,0.00208577474
87.76,object_red_01,RED,-0.234476592,0.241807537,0.0599896713,-0.00988504043,-0.00915696424,2.20351897e-15,1.224154e-08,-4.7361144e-08,-1.55221911e-05,0.600024468,0.599975579,1,0.000606204776,-0.00222705944,-0.0116628117,0.00208591824
87.8,object_red_01,RED,-0.234869393,0.241442478,0.0599896713,-0.00975770183,-0.00909781423,2.08753289e-15,1.30285573e-08,-5.04060252e-08,-1.65201233e-05,0.600025064,0.599974984,1,0.000606384332,-0.00222718962,-0.0116628117,0.00208606353
87.84,object_red_01,RED,-0.235257045,0.241079743,0.0599896713,-0.00962770439,-0.00904066288,2.26418861e-15,1.37627415e-08,-5.32465011e-08,-1.74510642e-05,0.60002557,0.599974479,1,0.000606552617,-0.00222732237,-0.0116628117,0.00208621041
87.88,object_red_01,RED,-0.235639444,0.240719256,0.0599896713,-0.00949520433,-0.0089853641,2.14106493e-15,1.42518697e-08,-5.51388828e-08,-1.80712753e-05,0.600025981,0.59997407,1,0.000606710117,-0.00222745753,-0.0116628117,0.00208635876
87.92,object_red_01,RED,-0.236016497,0.240360946,0.0599896713,-0.00936042373,-0.00893175909,2.01258804e-15,1.46099448e-08,-5.65242365e-08,-1.85253122e-05,0.600026489,0.599973563,1,0.000606857333,-0.0022275949,-0.0116628117,0.00208650843
87.96,object_red_01,RED,-0.236388115,0.240004748,0.0599896713,-0.00922354931,-0.00887968777,2.40872511e-15,1.48891215e-08,-5.76043412e-08,-1.88793072e-05,0.600026748,0.599973306,1,0.000606994749,-0.00222773428,-0.0116628117,0.00208665925
88,object_red_01,RED,-0.236754217,0.239650603,0.0599896713,-0.00908473504,-0.00882904278,2.03043205e-15,1.48755252e-08,-5.75517394e-08,-1.88620674e-05,0.600027227,0.599972827,1,0.000607122813,-0.00222787553,-0.0116628117,0.00208681113
88.04,object_red_01,RED,-0.237114731,0.239298458,0.0599896713,-0.00894421138,-0.00877964234,2.19102816e-15,1.49043451e-08,-5.76632394e-08,-1.88986102e-05,0.600027512,0.599972543,1,0.000607242023,-0.00222801842,-0.0116628117,0.00208696387
88.08,object_red_01,RED,-0.237469591,0.238948265,0.0599896713,-0.00880209732,-0.00873140608,2.05541367e-15,1.46433027e-08,-5.66532954e-08,-1.85676103e-05,0.600027791,0.599972266,1,0.00060735279,-0.00222816283,-0.0116628117,0.0020871174
88.12,object_red_01,RED,-0.237818741,0.238599981,0.0599896713,-0.0086589059,-0.00868404863,2.23385379e-15,1.54434678e-08,-5.97490424e-08,-1.9582214e-05,0.600027879,0.599972178,1,0.000607455888,-0.00222830826,-0.0116628117,0.00208727127
88.16,object_red_01,RED,-0.238162183,0.238253593,0.0599896713,-0.008517263,-0.00863644139,2.08217969e-15,1.96484864e-08,-7.60177914e-08,-2.49141504e-05,0.600027182,0.599972874,1,0.000607555408,-0.00222845207,-0.0116628117,0.00208742322
88.2,object_red_01,RED,-0.238500032,0.23790913,0.0599896713,-0.00837929614,-0.00858763079,1.96619361e-15,2.29693151e-08,-8.8865705e-08,-2.91249386e-05,0.600026496,0.599973559,1,0.000607655977,-0.00222859217,-0.0116628117,0.00208757156
88.24,object_red_01,RED,-0.238832449,0.237566658,0.0599896713,-0.00824561488,-0.00853690181,2.13392732e-15,2.42377982e-08,-9.37733211e-08,-3.07333663e-05,0.600025596,0.599974457,1,0.000607760129,-0.00222872784,-0.0116628117,0.00208771582
88.28,object_red_01,RED,-0.239159605,0.237226262,0.0599896713,-0.00811609661,-0.00848375808,2.01615684e-15,2.39259454e-08,-9.25667967e-08,-3.03379388e-05,0.600024838,0.599975214,1,0.000607869163,-0.00222885911,-0.0116628117,0.00208785613
88.32,object_red_01,RED,-0.239481662,0.236888048,0.0599896713,-0.0079905734,-0.00842790488,2.17318415e-15,2.32177586e-08,-8.98269058e-08,-2.94399637e-05,0.600024097,0.599975953,1,0.000607983692,-0.00222898619,-0.0116628117,0.00208799274
88.36,object_red_01,RED,-0.239798777,0.236552124,0.0599896713,-0.00786880695,-0.00836930365,2.05719807e-15,2.24238757e-08,-8.67554591e-08,-2.84333247e-05,0.600023321,0.599976727,1,0.000608103796,-0.0022291094,-0.0116628117,0.002088126
88.4,object_red_01,RED,-0.240111096,0.236218599,0.0599896713,-0.00775067591,-0.00830804874,2.20887217e-15,2.1776497e-08,-8.42508229e-08,-2.76124528e-05,0.600022694,0.599977353,1,0.000608229309,-0.00222922896,-0.0116628117,0.0020882561
88.44,object_red_01,RED,-0.240418761,0.235887576,0.0599896713,-0.00763605386,-0.00824428768,2.06790448e-15,2.12626316e-08,-8.22627357e-08,-2.69608751e-05,0.600021944,0.599978101,1,0.000608359929,-0.00222934505,-0.0116628117,0.00208838321
88.48,object_red_01,RED,-0.240721912,0.235559152,0.0599896713,-0.00752480474,-0.00817820206,2.2427758e-15,2.06549875e-08,-7.99118293e-08,-2.61903863e-05,0.600021362,0.599978682,1,0.000608495321,-0.00222945784,-0.0116628117,0.00208850745
88.52,object_red_01,RED,-0.24102068,0.235233416,0.0599896713,-0.00741682641,-0.00810993114,2.11608331e-15,2.01209997e-08,-7.78458888e-08,-2.5513293e-05,0.600020725,0.599979318,1,0.000608635171,-0.00222956742,-0.0116628117,0.00208862889
88.56,object_red_01,RED,-0.241315193,0.234910454,0.0599896713,-0.00731196169,-0.00803962823,2.00545044e-15,1.94484815e-08,-7.52439935e-08,-2.46605449e-05,0.600020118,0.599979924,1,0.000608779168,-0.00222967394,-0.0116628117,0.00208874766
88.6,object_red_01,RED,-0.241605573,0.234590343,0.0599896713,-0.00721009352,-0.00796741668,2.16783095e-15,1.87896222e-08,-7.26949401e-08,-2.38251155e-05,0.600019577,0.599980463,1,0.000608927025,-0.00222977751,-0.0116628117,0.00208886384
88.64,object_red_01,RED,-0.241891938,0.234273157,0.0599896713,-0.00711108676,-0.00789342603,2.06790448e-15,1.81195115e-08,-7.01023549e-08,-2.29754194e-05,0.60001897,0.599981069,1,0.000609078456,-0.00222987825,-0.0116628117,0.00208897753
88.68,object_red_01,RED,-0.242174399,0.233958966,0.0599896713,-0.00701480013,-0.00781777488,2.19638137e-15,1.73444366e-08,-6.71036781e-08,-2.19926299e-05,0.600018511,0.599981528,1,0.000609233188,-0.00222997631,-0.0116628117,0.00208908885
88.72,object_red_01,RED,-0.242453062,0.233647832,0.0599896713,-0.00692113471,-0.00774058499,2.0946705e-15,1.66685738e-08,-6.44888412e-08,-2.11356404e-05,0.600017989,0.599982048,1,0.00060939095,-0.00223007179,-0.0116628117,0.00208919787
88.76,object_red_01,RED,-0.24272803,0.233339816,0.0599896713,-0.00682994225,-0.00766196388,2.21779418e-15,1.58560802e-08,-6.13453962e-08,-2.01054042e-05,0.600017527,0.59998251,1,0.000609551485,-0.00223016481,-0.0116628117,0.00208930471
88.8,object_red_01,RED,-0.242999399,0.233034972,0.0599896713,-0.00674113383,-0.00758203078,2.12143652e-15,1.5142498e-08,-5.85846266e-08,-1.92005866e-05,0.600017084,0.599982951,1,0.000609714532,-0.00223025549,-0.0116628117,0.00208940943
88.84,object_red_01,RED,-0.243267263,0.23273335,0.0599896713,-0.00665457652,-0.00750088279,1.99652843e-15,1.43550326e-08,-5.553801e-08,-1.82020854e-05,0.600016625,0.599983409,1,0.00060987985,-0.00223034393,-0.0116628117,0.00208951215
88.88,object_red_01,RED,-0.243531709,0.232434998,0.0599896713,-0.0065701709,-0.00741862833,2.14820253e-15,1.35778169e-08,-5.25310484e-08,-1.72165808e-05,0.60001625,0.599983784,1,0.000610047197,-0.00223043024,-0.0116628117,0.00208961293
88.92,object_red_01,RED,-0.243792821,0.232139956,0.0599896713,-0.00648781026,-0.00733536375,2.01258804e-15,1.28246778e-08,-4.96172386e-08,-1.62616058e-05,0.600015831,0.599984201,1,0.000610216341,-0.00223051452,-0.0116628117,0.00208971187
88.96,object_red_01,RED,-0.244050678,0.231848265,0.0599896713,-0.00640738387,-0.00725117873,2.16426214e-15,1.20037757e-08,-4.64412619e-08,-1.52207076e-05,0.600015487,0.599984545,1,0.000610387066,-0.00223059687,-0.0116628117,0.00208980904
89,object_red_01,RED,-0.244305357,0.231559957,0.0599896713,-0.00632880386,-0.00716617307,2.04649166e-15,1.12517419e-08,-4.35317275e-08,-1.4267134e-05,0.600015134,0.599984898,1,0.000610559145,-0.0022306774,-0.0116628117,0.00208990452
89.04,object_red_01,RED,-0.244556928,0.231275066,0.0599896713,-0.00625196221,-0.00708042305,2.20530337e-15,1.04489004e-08,-4.04256214e-08,-1.32491357e-05,0.600014795,0.599985235,1,0.000610732382,-0.00223075619,-0.0116628117,0.0020899984
89.08,object_red_01,RED,-0.24480546,0.230993618,0.0599896713,-0.00617677375,-0.00699402114,2.33913346e-15,9.67135435e-09,-3.74173832e-08,-1.22632124e-05,0.600014497,0.599985533,1,0.000610906565,-0.00223083334,-0.0116628117,0.00209009073
89.12,object_red_01,RED,-0.245051016,0.230715639,0.0599896713,-0.00610314562,-0.00690704492,2.248129e-15,8.93217366e-09,-3.45575773e-08,-1.13259364e-05,0.600014173,0.599985856,1,0.000611081505,-0.00223090892,-0.0116628117,0.00209018158
89.16,object_red_01,RED,-0.245293658,0.230441149,0.0599896713,-0.00603098588,-0.00681956375,2.12143652e-15,8.11258661e-09,-3.13866887e-08,-1.02867059e-05,0.600013922,0.599986107,1,0.000611257022,-0.00223098304,-0.0116628117,0.00209027105
89.2,object_red_01,RED,-0.245533442,0.230170167,0.0599896713,-0.00596021935,-0.00673166607,2.01972565e-15,7.40155118e-09,-2.86357697e-08,-9.38511699e-06,0.600013649,0.599986379,1,0.000611432922,-0.00223105577,-0.0116628117,0.00209035917
89.24,object_red_01,RED,-0.245770423,0.229902708,0.0599896713,-0.00589075505,-0.00664340483,2.14284933e-15,6.59839224e-09,-2.55284375e-08,-8.36671667e-06,0.600013406,0.599986622,1,0.000611609049,-0.00223112719,-0.0116628117,0.00209044602
89.28,object_red_01,RED,-0.24600465,0.229638786,0.0599896713,-0.00582252325,-0.00655486443,2.05362927e-15,5.88802058e-09,-2.27800898e-08,-7.4659706e-06,0.600013178,0.59998685,1,0.000611785223,-0.00223119737,-0.0116628117,0.00209053166
89.32,object_red_01,RED,-0.246236172,0.229378411,0.0599896713,-0.00575544367,-0.00646609889,2.21957858e-15,5.14871989e-09,-1.99198212e-08,-6.52854268e-06,0.600012946,0.599987081,1,0.000611961293,-0.00223126639,-0.0116628117,0.00209061615
89.36,object_red_01,RED,-0.246465033,0.22912159,0.0599896713,-0.00568944392,-0.00637717057,2.08931729e-15,4.4169265e-09,-1.70885929e-08,-5.60063356e-06,0.600012758,0.599987269,1,0.000612137108,-0.00223133433,-0.0116628117,0.00209069955
89.4,object_red_01,RED,-0.246691276,0.228868327,0.0599896713,-0.00562445876,-0.0062881482,2.48723876e-15,3.73770859e-09,-1.44607758e-08,-4.73938993e-06,0.600012555,0.599987471,1,0.000612312511,-0.00223140124,-0.0116628117,0.0020907819
89.44,object_red_01,RED,-0.246914938,0.228618628,0.0599896713,-0.00556041359,-0.0061990701,2.13035852e-15,3.00895141e-09,-1.16412946e-08,-3.81533019e-06,0.600012387,0.599987639,1,0.000612487382,-0.0022314672,-0.0116628117,0.00209086327
89.48,object_red_01,RED,-0.247136057,0.22837249,0.0599896713,-0.00549725383,-0.00611001254,1.98046882e-15,2.35915755e-09,-9.12731474e-09,-2.99139566e-06,0.60001222,0.599987806,1,0.000612661563,-0.00223153226,-0.0116628117,0.0020909437
89.52,object_red_01,RED,-0.247354667,0.228129915,0.0599896713,-0.00543490909,-0.00602100607,2.12678972e-15,1.68143056e-09,-6.50526768e-09,-2.13204321e-06,0.600012061,0.599987965,1,0.000612834951,-0.00223159649,-0.0116628117,0.00209102325
89.56,object_red_01,RED,-0.247570796,0.227890895,0.0599896713,-0.00537301153,-0.00593246267,2.01437244e-15,6.63249158e-10,-2.56603635e-09,-8.4099521e-07,0.600012195,0.59998783,1,0.00061300682,-0.00223166031,-0.0116628117,0.00209110225
89.6,object_red_01,RED,-0.247784417,0.227655367,0.0599896713,-0.00530929099,-0.00584646224,2.18389056e-15,-5.14185755e-10,1.98932546e-09,6.51983469e-07,0.600012564,0.599987462,1,0.000613171507,-0.00223172643,-0.0116628117,0.00209118293
89.64,object_red_01,RED,-0.247995454,0.22742324,0.0599896713,-0.00524400715,-0.00576225707,2.05898247e-15,-2.21492477e-10,8.56928436e-10,2.80850775e-07,0.600012819,0.599987208,1,0.000613329248,-0.00223179409,-0.0116628117,0.00209126451
89.68,object_red_01,RED,-0.24820386,0.227194455,0.0599896713,-0.00517784896,-0.00567922115,2.22493179e-15,8.59545214e-10,-3.32548401e-09,-1.08989757e-06,0.600012937,0.599987091,1,0.000613482118,-0.00223186235,-0.0116628117,0.00209134627
89.72,object_red_01,RED,-0.248409609,0.226968972,0.0599896713,-0.00511118788,-0.0055971444,2.1000237e-15,1.92894688e-09,-7.46288e-09,-2.44589204e-06,0.60001301,0.599987018,1,0.000613631047,-0.00223193097,-0.0116628117,0.00209142805
89.76,object_red_01,RED,-0.248612685,0.226746753,0.0599896713,-0.00504423016,-0.00551594488,1.96976241e-15,2.88274512e-09,-1.11530171e-08,-3.65530155e-06,0.600013069,0.599986959,1,0.000613776466,-0.00223199982,-0.0116628117,0.00209150974
89.8,object_red_01,RED,-0.248813078,0.226527766,0.0599896713,-0.00497706892,-0.00543555746,2.11965211e-15,3.61915749e-09,-1.40021132e-08,-4.58906707e-06,0.600013071,0.599986957,1,0.000613918634,-0.00223206883,-0.0116628117,0.0020915913
89.84,object_red_01,RED,-0.249010781,0.226311979,0.0599896713,-0.00490974851,-0.00535592105,2.00901924e-15,4.17270718e-09,-1.61437341e-08,-5.29096414e-06,0.600013132,0.599986897,1,0.000614057745,-0.00223213794,-0.0116628117,0.0020916727
89.88,object_red_01,RED,-0.249205789,0.226099362,0.0599896713,-0.00484231634,-0.00527700112,2.17675295e-15,4.71355825e-09,-1.82362272e-08,-5.97676054e-06,0.600013131,0.599986898,1,0.000614193929,-0.00223220712,-0.0116628117,0.00209175391
89.92,object_red_01,RED,-0.249398097,0.225889888,0.0599896713,-0.00477478559,-0.00519875324,2.05006047e-15,5.12601543e-09,-1.98319794e-08,-6.49975347e-06,0.600013158,0.599986871,1,0.000614327316,-0.00223227635,-0.0116628117,0.00209183493
89.96,object_red_01,RED,-0.249587703,0.225683531,0.0599896713,-0.00470720869,-0.00512116914,2.22671619e-15,5.59433e-09,-2.16438352e-08,-7.0935733e-06,0.60001317,0.599986859,1,0.000614457986,-0.00223234559,-0.0116628117,0.00209191571
90,object_red_01,RED,-0.249774606,0.225480264,0.0599896713,-0.0046396003,-0.00504421961,2.0946705e-15,5.9870584e-09,-2.3163257e-08,-7.59154991e-06,0.600013149,0.59998688,1,0.000614586036,-0.00223241483,-0.0116628117,0.00209199627
90.04,object_red_01,RED,-0.249958804,0.225280062,0.0599896713,-0.00457200278,-0.00496790038,1.98939083e-15,6.36991322e-09,-2.46444794e-08,-8.07700738e-06,0.600013174,0.599986855,1,0.000614711535,-0.00223248402,-0.0116628117,0.00209207655
90.08,object_red_01,RED,-0.250140299,0.2250829,0.0599896713,-0.00450444314,-0.00489219142,2.15355574e-15,6.75635975e-09,-2.61395969e-08,-8.56701907e-06,0.600013127,0.599986902,1,0.000614834564,-0.00223255315,-0.0116628117,0.00209215656
90.12,object_red_01,RED,-0.250319093,0.224888754,0.0599896713,-0.00443694303,-0.00481708286,2.01794125e-15,7.04765916e-09,-2.72666019e-08,-8.93638468e-06,0.600013145,0.599986885,1,0.000614955196,-0.00223262219,-0.0116628117,0.00209223626
90.16,object_red_01,RED,-0.250495188,0.2246976,0.0599896713,-0.00436954151,-0.00474256173,2.42478472e-15,7.3892543e-09,-2.8588195e-08,-9.36952525e-06,0.600013116,0.599986913,1,0.000615073502,-0.0022326911,-0.0116628117,0.00209231563
90.2,object_red_01,RED,-0.25066859,0.224509415,0.0599896713,-0.0043022518,-0.00466861607,2.03400086e-15,7.64367028e-09,-2.95725011e-08,-9.69212257e-06,0.600013083,0.599986946,1,0.000615189551,-0.00223275987,-0.0116628117,0.00209239466
90.24,object_red_01,RED,-0.250839303,0.224324177,0.0599896713,-0.00423510811,-0.00459523528,2.18567496e-15,7.91332637e-09,-3.06157713e-08,-1.00340448e-05,0.600013073,0.599986957,1,0.000615303412,-0.00223282847,-0.0116628117,0.00209247333
90.28,object_red_01,RED,-0.251007334,0.224141862,0.0599896713,-0.00416813323,-0.00452241042,2.06968888e-15,8.17951694e-09,-3.16456321e-08,-1.03715725e-05,0.600012993,0.599987037,1,0.000615415148,-0.00223289687,-0.0116628117,0.00209255161
90.32,object_red_01,RED,-0.251172689,0.223962449,0.0599896713,-0.00410133959,-0.00445012908,2.23385379e-15,8.35476143e-09,-3.23236325e-08,-1.05937817e-05,0.600012999,0.59998703,1,0.000615524824,-0.00223296506,-0.0116628117,0.0020926295
90.36,object_red_01,RED,-0.251335377,0.223785917,0.0599896713,-0.00403476854,-0.00437838772,2.10894571e-15,8.60565621e-09,-3.32943196e-08,-1.0911915e-05,0.600012936,0.599987094,1,0.000615632498,-0.00223303301,-0.0116628117,0.00209270697
90.4,object_red_01,RED,-0.251495407,0.223612243,0.0599896713,-0.00396841801,-0.00430717268,1.99295963e-15,8.73467975e-09,-3.37934944e-08,-1.10755155e-05,0.600012897,0.599987132,1,0.000615738232,-0.00223310071,-0.0116628117,0.00209278402
90.44,object_red_01,RED,-0.251652788,0.223441407,0.0599896713,-0.00390233172,-0.00423648303,2.15355574e-15,8.93812688e-09,-3.45806075e-08,-1.13334845e-05,0.600012855,0.599987174,1,0.000615842078,-0.00223316812,-0.0116628117,0.00209286062
90.48,object_red_01,RED,-0.251807531,0.223273388,0.0599896713,-0.00383651135,-0.00416630685,2.04649166e-15,9.07098338e-09,-3.50946166e-08,-1.15019466e-05,0.600012768,0.599987261,1,0.000615944095,-0.00223323524,-0.0116628117,0.00209293677
90.52,object_red_01,RED,-0.251959647,0.223108165,0.0599896713,-0.00377098421,-0.00409664243,2.16961535e-15,9.20028088e-09,-3.55948552e-08,-1.16658953e-05,0.600012747,0.599987282,1,0.000616044333,-0.00223330205,-0.0116628117,0.00209301244
90.56,object_red_01,RED,-0.252109149,0.222945719,0.0599896713,-0.0037057698,-0.00402748214,2.06790448e-15,9.34411753e-09,-3.61513415e-08,-1.18482788e-05,0.600012649,0.59998738,1,0.000616142842,-0.00223336852,-0.0116628117,0.00209308762
90.6,object_red_01,RED,-0.252256048,0.222786029,0.0599896713,-0.00364087438,-0.00395882182,2.21957858e-15,9.41278851e-09,-3.64170221e-08,-1.1935353e-05,0.600012612,0.599987417,1,0.000616239675,-0.00223343464,-0.0116628117,0.00209316232
90.64,object_red_01,RED,-0.252400359,0.222629075,0.0599896713,-0.00357633047,-0.0038906586,2.1018081e-15,9.5336441e-09,-3.68845991e-08,-1.2088597e-05,0.60001254,0.599987489,1,0.000616334873,-0.0022335004,-0.0116628117,0.0020932365
90.68,object_red_01,RED,-0.252542095,0.222474838,0.0599896713,-0.00351213833,-0.00382298647,1.97690002e-15,9.59385223e-09,-3.71175382e-08,-1.2164941e-05,0.600012454,0.599987574,1,0.000616428487,-0.00223356578,-0.0116628117,0.00209331016
90.72,object_red_01,RED,-0.252681271,0.222323297,0.0599896713,-0.00344832389,-0.00375580557,2.15534014e-15,9.66305922e-09,-3.73852912e-08,-1.22526948e-05,0.600012405,0.599987623,1,0.000616520555,-0.00223363076,-0.0116628117,0.00209338329
90.76,object_red_01,RED,-0.252817902,0.222174434,0.0599896713,-0.00338489986,-0.00368911011,2.01615684e-15,9.75397652e-09,-3.7737039e-08,-1.23679765e-05,0.600012279,0.59998775,1,0.000616611124,-0.00223369534,-0.0116628117,0.00209345588
90.8,object_red_01,RED,-0.252952005,0.222028228,0.0599896713,-0.00332186923,-0.00362290067,2.19281256e-15,9.75236216e-09,-3.77307932e-08,-1.23659299e-05,0.600012246,0.599987782,1,0.00061670023,-0.0022337595,-0.0116628117,0.00209352793
90.84,object_red_01,RED,-0.253083595,0.221884661,0.0599896713,-0.00325926368,-0.0035571736,2.05541367e-15,9.83751513e-09,-3.80602433e-08,-1.24739039e-05,0.600012148,0.59998788,1,0.000616787914,-0.00223382321,-0.0116628117,0.0020935994
90.88,object_red_01,RED,-0.253212689,0.221743713,0.0599896713,-0.00319707504,-0.00349192907,2.21065658e-15,9.81833965e-09,-3.79860534e-08,-1.24495888e-05,0.600012066,0.599987962,1,0.000616874212,-0.00223388649,-0.0116628117,0.00209367032
90.92,object_red_01,RED,-0.253339305,0.221605365,0.0599896713,-0.00313533382,-0.00342716535,2.0928861e-15,9.86781257e-09,-3.81774597e-08,-1.25123206e-05,0.600011993,0.599988035,1,0.00061695916,-0.0022339493,-0.0116628117,0.00209374065
90.96,object_red_01,RED,-0.25346346,0.221469598,0.0599896713,-0.0030740399,-0.00336288292,2.25883541e-15,9.87476504e-09,-3.82043573e-08,-1.25211363e-05,0.600011867,0.59998816,1,0.00061704279,-0.00223401165,-0.0116628117,0.0020938104
91,object_red_01,RED,-0.253585173,0.221336392,0.0599896713,-0.0030132047,-0.00329908047,2.14284933e-15,9.86450705e-09,-3.81646718e-08,-1.25081293e-05,0.600011816,0.599988211,1,0.000617125139,-0.00223407352,-0.0116628117,0.00209387956
91.04,object_red_01,RED,-0.253704462,0.221205729,0.0599896713,-0.00295284764,-0.00323576037,2.29095463e-15,9.89053104e-09,-3.8265354e-08,-1.25411276e-05,0.600011694,0.599988334,1,0.000617206232,-0.00223413489,-0.0116628117,0.00209394812
91.08,object_red_01,RED,-0.253821347,0.221077588,0.0599896713,-0.00289296171,-0.00317292021,2.15712454e-15,9.84392855e-09,-3.80850551e-08,-1.24820357e-05,0.60001162,0.599988407,1,0.000617286105,-0.00223419577,-0.0116628117,0.00209401608
91.12,object_red_01,RED,-0.253935846,0.220951951,0.0599896713,-0.00283357611,-0.00311056516,2.05898247e-15,9.85588645e-09,-3.81313185e-08,-1.24971982e-05,0.600011525,0.599988502,1,0.00061736478,-0.00223425614,-0.0116628117,0.00209408342
91.16,object_red_01,RED,-0.25404798,0.220828799,0.0599896713,-0.00277468191,-0.00304869139,2.19995017e-15,9.81933943e-09,-3.79899247e-08,-1.24508574e-05,0.600011406,0.59998862,1,0.00061744229,-0.002234316,-0.0116628117,0.00209415014
91.2,object_red_01,RED,-0.254157769,0.220708111,0.0599896713,-0.00271629906,-0.00298730629,2.06433568e-15,9.79067409e-09,-3.78790194e-08,-1.24145093e-05,0.600011335,0.599988691,1,0.000617518656,-0.00223437534,-0.0116628117,0.00209421624
91.24,object_red_01,RED,-0.254265233,0.220589869,0.0599896713,-0.00265843294,-0.0029264058,2.23563819e-15,9.78834467e-09,-3.78700086e-08,-1.24115561e-05,0.600011191,0.599988835,1,0.000617593907,-0.00223443414,-0.0116628117,0.00209428171
91.28,object_red_01,RED,-0.254370393,0.220474053,0.0599896713,-0.00260108281,-0.00286599769,2.12857412e-15,9.71103579e-09,-3.75709066e-08,-1.23135286e-05,0.600011128,0.599988898,1,0.000617668063,-0.00223449241,-0.0116628117,0.00209434655
91.32,object_red_01,RED,-0.25447327,0.220360643,0.0599896713,-0.00254427035,-0.00280607938,2.00188163e-15,9.70879686e-09,-3.75622451e-08,-1.23106897e-05,0.600011012,0.599989014,1,0.000617741148,-0.00223455012,-0.0116628117,0.00209441075
91.36,object_red_01,RED,-0.254573885,0.220249619,0.0599896713,-0.00248798678,-0.00274665764,2.13035852e-15,9.63021075e-09,-3.72582049e-08,-1.22110428e-05,0.600010904,0.599989121,1,0.000617813182,-0.0022346073,-0.0116628117,0.00209447431
91.4,object_red_01,RED,-0.25467226,0.220140963,0.0599896713,-0.00243225106,-0.002687732,2.01615684e-15,9.60044834e-09,-3.71430563e-08,-1.2173304e-05,0.600010814,0.599989211,1,0.000617884187,-0.00223466391,-0.0116628117,0.00209453721
91.44,object_red_01,RED,-0.254768417,0.220034653,0.0599896713,-0.00237706416,-0.00262930842,2.18032176e-15,9.55843593e-09,-3.69805159e-08,-1.21200331e-05,0.600010668,0.599989358,1,0.00061795418,-0.00223471995,-0.0116628117,0.00209459947
91.48,object_red_01,RED,-0.254862378,0.21993067,0.0599896713,-0.00232242596,-0.00257138735,2.08217969e-15,9.47932099e-09,-3.66744298e-08,-1.2019716e-05,0.600010599,0.599989426,1,0.000618023181,-0.00223477544,-0.0116628117,0.00209466107
91.52,object_red_01,RED,-0.254954164,0.219828993,0.0599896713,-0.00226835622,-0.00251397541,2.22671619e-15,9.45655878e-09,-3.65863653e-08,-1.19908534e-05,0.600010467,0.599989558,1,0.000618091204,-0.00223483034,-0.0116628117,0.00209472201
91.56,object_red_01,RED,-0.2550438,0.219729602,0.0599896713,-0.00221484042,-0.0024570725,2.11786771e-15,9.35840008e-09,-3.62066e-08,-1.18663888e-05,0.600010369,0.599989655,1,0.000618158269,-0.00223488468,-0.0116628117,0.00209478229
91.6,object_red_01,RED,-0.255131306,0.219632477,0.0599896713,-0.00216190419,-0.0024006869,1.98403762e-15,9.32495997e-09,-3.60772231e-08,-1.18239868e-05,0.600010263,0.599989761,1,0.000618224388,-0.00223493842,-0.0116628117,0.0020948419
91.64,object_red_01,RED,-0.255216707,0.219537596,0.0599896713,-0.00210953484,-0.00234481751,2.16069334e-15,9.24768668e-09,-3.57782613e-08,-1.17260054e-05,0.600010127,0.599989897,1,0.000618289579,-0.00223499159,-0.0116628117,0.00209490085
91.68,object_red_01,RED,-0.255300025,0.21944494,0.0599896713,-0.00205774684,-0.0022894738,2.03221646e-15,9.17995394e-09,-3.55162133e-08,-1.16401208e-05,0.600010044,0.59998998,1,0.000618353851,-0.00223504416,-0.0116628117,0.00209495913
91.72,object_red_01,RED,-0.255381283,0.219354486,0.0599896713,-0.00200654255,-0.0022346549,2.19102816e-15,9.13482329e-09,-3.53416057e-08,-1.15828951e-05,0.600009895,0.599990129,1,0.00061841722,-0.00223509613,-0.0116628117,0.00209501673
91.76,object_red_01,RED,-0.255460505,0.219266215,0.0599896713,-0.00195591875,-0.00218036972,2.08396409e-15,9.03447527e-09,-3.49533697e-08,-1.14556542e-05,0.60000981,0.599990213,1,0.000618479696,-0.00223514751,-0.0116628117,0.00209507366
91.8,object_red_01,RED,-0.255537714,0.219180104,0.0599896713,-0.00190589089,-0.00212661912,2.22850059e-15,8.99089123e-09,-3.47847508e-08,-1.14003907e-05,0.600009688,0.599990335,1,0.000618541292,-0.00223519829,-0.0116628117,0.00209512991
91.84,object_red_01,RED,-0.255612934,0.219096132,0.0599896713,-0.00185645056,-0.00207341031,2.11429891e-15,8.89852197e-09,-3.44273832e-08,-1.12832664e-05,0.600009565,0.599990458,1,0.000618602016,-0.00223524847,-0.0116628117,0.00209518548
91.88,object_red_01,RED,-0.255686189,0.219014277,0.0599896713,-0.00180760956,-0.00202074641,2.26240421e-15,8.83234847e-09,-3.41713619e-08,-1.11993581e-05,0.600009466,0.599990557,1,0.00061866188,-0.00223529803,-0.0116628117,0.00209524036
91.92,object_red_01,RED,-0.255757503,0.218934517,0.0599896713,-0.00175936973,-0.00196863323,2.14641813e-15,8.77980925e-09,-3.39680971e-08,-1.11327395e-05,0.60000931,0.599990712,1,0.000618720892,-0.00223534699,-0.0116628117,0.00209529456
91.96,object_red_01,RED,-0.255826899,0.21885683,0.0599896713,-0.00171172504,-0.00191707485,2.01080364e-15,8.6719803e-09,-3.35509178e-08,-1.09960132e-05,0.600009231,0.599990792,1,0.00061877906,-0.00223539534,-0.0116628117,0.00209534808
92,object_red_01,RED,-0.255894401,0.218781195,0.0599896713,-0.0016646942,-0.00186607724,2.17318415e-15,8.63423877e-09,-3.34049017e-08,-1.09481573e-05,0.600009097,0.599990925,1,0.000618836392,-0.00223544306,-0.0116628117,0.0020954009
92.04,object_red_01,RED,-0.255960035,0.218707587,0.0599896713,-0.00161826104,-0.00181564404,2.06612008e-15,8.51999614e-09,-3.29629086e-08,-1.08032985e-05,0.600008984,0.599991037,1,0.000618892896,-0.00223549018,-0.0116628117,0.00209545304
92.08,object_red_01,RED,-0.256023824,0.218635986,0.0599896713,-0.00157244636,-0.00176578223,2.17139975e-15,8.47127548e-09,-3.2774414e-08,-1.07415207e-05,0.600008873,0.599991148,1,0.000618948577,-0.00223553667,-0.0116628117,0.00209550449
92.12,object_red_01,RED,-0.256085794,0.218566367,0.0599896713,-0.00152723886,-0.00171649488,2.07147328e-15,8.3836935e-09,-3.24355707e-08,-1.06304673e-05,0.600008729,0.599991293,1,0.000619003442,-0.00223558255,-0.0116628117,0.00209555524
92.16,object_red_01,RED,-0.256145967,0.218498707,0.0599896713,-0.00148264698,-0.00166778921,2.25883541e-15,8.30322433e-09,-3.21242436e-08,-1.05284335e-05,0.600008637,0.599991384,1,0.000619057497,-0.0022356278,-0.0116628117,0.0020956053
92.2,object_red_01,RED,-0.256204369,0.218432984,0.0599896713,-0.00143867457,-0.00161966902,2.10716131e-15,8.24389872e-09,-3.18947197e-08,-1.04532084e-05,0.60000849,0.59999153,1,0.000619110745,-0.00223567242,-0.0116628117,0.00209565466
92.24,object_red_01,RED,-0.256261025,0.218369174,0.0599896713,-0.00139531522,-0.00157214025,1.99295963e-15,8.14128925e-09,-3.14977347e-08,-1.03231004e-05,0.60000839,0.59999163,1,0.000619163193,-0.00223571642,-0.0116628117,0.00209570333
92.28,object_red_01,RED,-0.25631596,0.218307252,0.0599896713,-0.00135258298,-0.00152520863,2.3926655e-15,8.08352172e-09,-3.12742375e-08,-1.02498509e-05,0.600008266,0.599991754,1,0.000619214842,-0.00223575978,-0.0116628117,0.00209575129
92.32,object_red_01,RED,-0.256369198,0.218247196,0.0599896713,-0.0013104685,-0.00147887819,2.02151005e-15,7.99310241e-09,-3.09244144e-08,-1.01351999e-05,0.600008134,0.599991886,1,0.000619265699,-0.00223580252,-0.0116628117,0.00209579856
92.36,object_red_01,RED,-0.256420764,0.21818898,0.0599896713,-0.0012689815,-0.00143315642,2.16961535e-15,7.91607349e-09,-3.06264015e-08,-1.00375288e-05,0.60000803,0.599991989,1,0.000619315765,-0.00223584463,-0.0116628117,0.00209584512
92.4,object_red_01,RED,-0.256470683,0.21813258,0.0599896713,-0.00122812256,-0.00138804635,2.06076687e-15,7.86078745e-09,-3.04125052e-08,-9.96742618e-06,0.600007874,0.599992145,1,0.000619365043,-0.00223588609,-0.0116628117,0.00209589098
92.44,object_red_01,RED,-0.256518981,0.218077973,0.0599896713,-0.00118788635,-0.00134355573,2.20530337e-15,7.75150448e-09,-2.9989701e-08,-9.82885577e-06,0.600007783,0.599992236,1,0.000619413536,-0.00223592693,-0.0116628117,0.00209593614
92.48,object_red_01,RED,-0.256565683,0.218025132,0.0599896713,-0.00114828701,-0.00129968804,2.35162427e-15,7.70498159e-09,-2.98097093e-08,-9.76986542e-06,0.60000765,0.599992369,1,0.000619461245,-0.00223596713,-0.0116628117,0.00209598058
92.52,object_red_01,RED,-0.256610813,0.217974033,0.0599896713,-0.00110931283,-0.00125645021,2.2445602e-15,7.59769593e-09,-2.93946338e-08,-9.63382798e-06,0.600007528,0.59999249,1,0.000619508172,-0.00223600669,-0.0116628117,0.00209602433
92.56,object_red_01,RED,-0.256654398,0.21792465,0.0599896713,-0.00107097748,-0.00121384668,2.13035852e-15,7.5390574e-09,-2.91677718e-08,-9.55947603e-06,0.600007413,0.599992605,1,0.00061955432,-0.00223604561,-0.0116628117,0.00209606736
92.6,object_red_01,RED,-0.256696462,0.217876959,0.0599896713,-0.00103327561,-0.0011718838,2.00901924e-15,7.45970607e-09,-2.88607659e-08,-9.4588573e-06,0.600007265,0.599992752,1,0.000619599686,-0.00223608389,-0.0116628117,0.00209610968
92.64,object_red_01,RED,-0.256737031,0.217830933,0.0599896713,-0.00099620899,-0.00113056595,2.15177134e-15,7.37320527e-09,-2.85261035e-08,-9.34917467e-06,0.600007167,0.599992851,1,0.000619644275,-0.00223612153,-0.0116628117,0.0020961513
92.68,object_red_01,RED,-0.256776131,0.217786546,0.0599896713,-0.000959785485,-0.00108990012,2.04470726e-15,7.3147056e-09,-2.82997748e-08,-9.27499789e-06,0.600007024,0.599992993,1,0.000619688084,-0.00223615851,-0.0116628117,0.00209619219
92.72,object_red_01,RED,-0.256813786,0.217743772,0.0599896713,-0.000923996181,-0.00104988959,2.19459696e-15,7.21510062e-09,-2.79144141e-08,-9.14869944e-06,0.600006911,0.599993106,1,0.000619731116,-0.00223619486,-0.0116628117,0.00209623238
92.76,object_red_01,RED,-0.256850024,0.217702585,0.0599896713,-0.000888855223,-0.00101054264,2.1000237e-15,7.15540057e-09,-2.76834396e-08,-9.07299973e-06,0.600006787,0.59999323,1,0.000619773368,-0.00223623056,-0.0116628117,0.00209627184
92.8,object_red_01,RED,-0.256884868,0.217662959,0.0599896713,-0.00085435353,-0.000971861278,2.248129e-15,7.07001326e-09,-2.73530883e-08,-8.9647299e-06,0.600006649,0.599993367,1,0.000619814843,-0.00223626561,-0.0116628117,0.0020963106
92.84,object_red_01,RED,-0.256918346,0.217624866,0.0599896713,-0.000820499875,-0.000933854618,2.11965211e-15,6.99261733e-09,-2.70536513e-08,-8.8665924e-06,0.60000654,0.599993476,1,0.000619855536,-0.00223630001,-0.0116628117,0.00209634863
92.88,object_red_01,RED,-0.256950483,0.217588279,0.0599896713,-0.000787294506,-0.000896524441,2.01615684e-15,6.93337654e-09,-2.68244556e-08,-8.79147536e-06,0.600006389,0.599993627,1,0.00061989545,-0.00223633375,-0.0116628117,0.00209638593
92.92,object_red_01,RED,-0.256981306,0.217553172,0.0599896713,-0.0007547346,-0.00085987932,2.15534014e-15,6.83385348e-09,-2.64394133e-08,-8.66528079e-06,0.600006285,0.599993731,1,0.000619934582,-0.00223636685,-0.0116628117,0.00209642252
92.96,object_red_01,RED,-0.257010839,0.217519516,0.0599896713,-0.000722830214,-0.000823921883,2.03756966e-15,6.77944115e-09,-2.62288976e-08,-8.59628597e-06,0.600006151,0.599993864,1,0.000619972931,-0.00223639929,-0.0116628117,0.00209645838
93,object_red_01,RED,-0.257039109,0.217487284,0.0599896713,-0.000691574673,-0.000788659605,2.20173457e-15,6.68490283e-09,-2.58631376e-08,-8.47641219e-06,0.600006022,0.599993993,1,0.000620010496,-0.00223643107,-0.0116628117,0.00209649352
93.04,object_red_01,RED,-0.257066143,0.217456449,0.0599896713,-0.000660976737,-0.000754096103,2.05719807e-15,6.6188802e-09,-2.56077084e-08,-8.3926967e-06,0.600005903,0.599994111,1,0.000620047275,-0.00223646219,-0.0116628117,0.00209652793
93.08,object_red_01,RED,-0.257091966,0.217426981,0.0599896713,-0.00063103579,-0.00072023816,2.23028499e-15,6.54902232e-09,-2.5337432e-08,-8.3041166e-06,0.600005754,0.59999426,1,0.000620083265,-0.00223649265,-0.0116628117,0.00209656161
93.12,object_red_01,RED,-0.257116605,0.217398854,0.0599896713,-0.000601750479,-0.000687089328,2.11608331e-15,6.45940993e-09,-2.49907325e-08,-8.19048883e-06,0.600005647,0.599994367,1,0.000620118466,-0.00223652246,-0.0116628117,0.00209659456
93.16,object_red_01,RED,-0.257140086,0.217372038,0.0599896713,-0.000573130757,-0.000654656802,2.00366604e-15,6.4027707e-09,-2.47716008e-08,-8.11867033e-06,0.600005506,0.599994507,1,0.000620152875,-0.00223655159,-0.0116628117,0.00209662676
93.2,object_red_01,RED,-0.257162435,0.217346504,0.0599896713,-0.000545168288,-0.0006229434,2.13928053e-15,6.30666299e-09,-2.43997731e-08,-7.99680711e-06,0.600005383,0.59999463,1,0.00062018649,-0.00223658006,-0.0116628117,0.00209665824
93.24,object_red_01,RED,-0.257183681,0.217322224,0.0599896713,-0.000517876105,-0.000591956984,2.03043205e-15,6.24634571e-09,-2.41664142e-08,-7.92032544e-06,0.600005256,0.599994757,1,0.000620219308,-0.00223660786,-0.0116628117,0.00209668898
93.28,object_red_01,RED,-0.257203847,0.217299168,0.0599896713,-0.000491247566,-0.000561699747,2.18924376e-15,6.16405108e-09,-2.38480222e-08,-7.81597554e-06,0.600005114,0.599994899,1,0.000620251327,-0.002236635,-0.0116628117,0.00209671898
93.32,object_red_01,RED,-0.257222963,0.217277308,0.0599896713,-0.000465290046,-0.000532179619,2.06968888e-15,6.08785899e-09,-2.35532434e-08,-7.71936469e-06,0.600004998,0.599995014,1,0.000620282543,-0.00223666146,-0.0116628117,0.00209674823
93.36,object_red_01,RED,-0.257241054,0.217256613,0.0599896713,-0.000440005028,-0.000503399158,2.22314738e-15,6.02327402e-09,-2.33033718e-08,-7.63747122e-06,0.60000485,0.599995162,1,0.000620312955,-0.00223668725,-0.0116628117,0.00209677674
93.4,object_red_01,RED,-0.257258147,0.217237054,0.0599896713,-0.000415391478,-0.000475365333,2.10894571e-15,5.93284334e-09,-2.29535033e-08,-7.52280524e-06,0.600004733,0.599995279,1,0.00062034256,-0.00223671236,-0.0116628117,0.0020968045
93.44,object_red_01,RED,-0.25727427,0.217218601,0.0599896713,-0.000391457442,-0.000448081726,1.97511562e-15,5.86985531e-09,-2.27098124e-08,-7.44293738e-06,0.600004598,0.599995414,1,0.000620371353,-0.0022367368,-0.0116628117,0.0020968315
93.48,object_red_01,RED,-0.257289449,0.217201225,0.0599896713,-0.000368199871,-0.000421554147,2.12678972e-15,5.78490582e-09,-2.23811525e-08,-7.33522228e-06,0.600004462,0.599995549,1,0.000620399334,-0.00223676055,-0.0116628117,0.00209685776
93.52,object_red_01,RED,-0.257303712,0.217184893,0.0599896713,-0.00034562521,-0.000395787075,2.01794125e-15,5.71187538e-09,-2.20986064e-08,-7.2426202e-06,0.600004337,0.599995674,1,0.000620426496,-0.00223678362,-0.0116628117,0.00209688326
93.56,object_red_01,RED,-0.257317086,0.217169577,0.0599896713,-0.000323735497,-0.000370785685,2.18567496e-15,5.64597839e-09,-2.1843655e-08,-7.15906255e-06,0.600004186,0.599995825,1,0.000620452839,-0.00223680601,-0.0116628117,0.002096908
93.6,object_red_01,RED,-0.257329599,0.217155245,0.0599896713,-0.000302529409,-0.000346554417,2.06790448e-15,5.554805e-09,-2.14909181e-08,-7.04345598e-06,0.600004068,0.599995942,1,0.000620478358,-0.00223682771,-0.0116628117,0.00209693199
93.64,object_red_01,RED,-0.257341277,0.217141866,0.0599896713,-0.000282016568,-0.000323098672,2.21600978e-15,5.49506097e-09,-2.12597744e-08,-6.96770072e-06,0.600003927,0.599996082,1,0.00062050305,-0.00223684871,-0.0116628117,0.0020969552
93.68,object_red_01,RED,-0.257352149,0.217129409,0.0599896713,-0.000262191801,-0.000300422455,2.11786771e-15,5.40230725e-09,-2.09009214e-08,-6.85008957e-06,0.600003795,0.599996215,1,0.000620526911,-0.00223686903,-0.0116628117,0.00209697766
93.72,object_red_01,RED,-0.257362242,0.217117844,0.0599896713,-0.000243065432,-0.000278531443,1.98403762e-15,5.33717984e-09,-2.06489481e-08,-6.7675078e-06,0.600003662,0.599996347,1,0.000620549938,-0.00223688865,-0.0116628117,0.00209699934
93.76,object_red_01,RED,-0.257371585,0.217107138,0.0599896713,-0.000224634881,-0.000257429432,2.15177134e-15,5.2561292e-09,-2.03353736e-08,-6.66473699e-06,0.600003516,0.599996493,1,0.000620572127,-0.00223690757,-0.0116628117,0.00209702024
93.8,object_red_01,RED,-0.257380204,0.21709726,0.0599896713,-0.000206905376,-0.000237121844,2.01437244e-15,5.17768249e-09,-2.00318708e-08,-6.56526594e-06,0.60000339,0.599996618,1,0.000620593474,-0.00223692579,-0.0116628117,0.00209704038
93.84,object_red_01,RED,-0.257388129,0.217088177,0.0599896713,-0.000189880653,-0.000217612944,2.44798194e-15,5.10728644e-09,-1.97595178e-08,-6.4760054e-06,0.600003243,0.599996765,1,0.000620613976,-0.00223694331,-0.0116628117,0.00209705973
93.88,object_red_01,RED,-0.257395387,0.217079859,0.0599896713,-0.000173560472,-0.000198907339,2.05006047e-15,5.02057321e-09,-1.94240355e-08,-6.36605349e-06,0.600003113,0.599996895,1,0.000620633629,-0.00223696012,-0.0116628117,0.0020970783
93.92,object_red_01,RED,-0.257402008,0.217072272,0.0599896713,-0.000157952351,-0.000181010054,1.950134e-15,4.9498828e-09,-1.91505388e-08,-6.27641779e-06,0.600002973,0.599997034,1,0.000620652428,-0.00223697622,-0.0116628117,0.00209709608
93.96,object_red_01,RED,-0.257408018,0.217065385,0.0599896713,-0.000143055369,-0.000163924932,2.09110169e-15,4.8675646e-09,-1.88320606e-08,-6.17203871e-06,0.600002831,0.599997177,1,0.00062067037,-0.00223699161,-0.0116628117,0.00209711308
94,object_red_01,RED,-0.257413447,0.217059164,0.0599896713,-0.000128875432,-0.000147657434,1.98225322e-15,4.78942914e-09,-1.85297637e-08,-6.07296425e-06,0.600002697,0.59999731,1,0.000620687451,-0.00223700628,-0.0116628117,0.00209712928
94.04,object_red_01,RED,-0.257418324,0.217053577,0.0599896713,-0.000115415223,-0.000132211181,2.3998031e-15,4.71778162e-09,-1.82525679e-08,-5.9821159e-06,0.600002546,0.599997461,1,0.000620703667,-0.00223702024,-0.0116628117,0.00209714469
94.08,object_red_01,RED,-0.257422677,0.217048591,0.0599896713,-0.000102675945,-0.000117591423,2.00366604e-15,4.6292428e-09,-1.79100221e-08,-5.86984936e-06,0.600002414,0.599997592,1,0.000620719013,-0.00223703347,-0.0116628117,0.00209715929
94.12,object_red_01,RED,-0.257426535,0.217044173,0.0599896713,-9.06644861e-05,-0.000103802074,2.14641813e-15,4.55880036e-09,-1.76374867e-08,-5.78052832e-06,0.60000227,0.599997736,1,0.000620733486,-0.00223704598,-0.0116628117,0.0020971731
94.16,object_red_01,RED,-0.257429928,0.217040289,0.0599896713,-7.93804841e-05,-9.08479835e-05,2.04827607e-15,4.47103069e-09,-1.72979155e-08,-5.66923684e-06,0.600002128,0.599997878,1,0.000620747081,-0.00223705776,-0.0116628117,0.00209718609
94.2,object_red_01,RED,-0.257432884,0.217036907,0.0599896713,-6.88304934e-05,-7.87333239e-05,2.20530337e-15,4.39580248e-09,-1.7006866e-08,-5.57384843e-06,0.600001987,0.599998018,1,0.000620759795,-0.00223706881,-0.0116628117,0.00209719828
94.24,object_red_01,RED,-0.257435434,0.217033991,0.0599896713,-5.90161795e-05,-6.74627595e-05,2.08396409e-15,4.31493679e-09,-1.66940051e-08,-5.47131084e-06,0.600001837,0.599998167,1,0.000620771622,-0.00223707912,-0.0116628117,0.00209720965
94.28,object_red_01,RED,-0.257437606,0.217031509,0.0599896713,-4.99410277e-05,-5.70403785e-05,2.22136298e-15,4.23190759e-09,-1.63727769e-08,-5.36603083e-06,0.600001699,0.599998306,1,0.000620782558,-0.00223708869,-0.0116628117,0.00209722021
94.32,object_red_01,RED,-0.257439431,0.217029426,0.0599896713,-4.1609948e-05,-4.74709956e-05,2.12857412e-15,4.15455109e-09,-1.60734929e-08,-5.26794338e-06,0.60000155,0.599998454,1,0.0006207926,-0.00223709753,-0.0116628117,0.00209722994
94.36,object_red_01,RED,-0.257440937,0.217027709,0.0599896713,-3.40242876e-05,-3.87584387e-05,2.01794125e-15,4.06853025e-09,-1.57406885e-08,-5.15887002e-06,0.600001407,0.599998597,1,0.000620801743,-0.00223710562,-0.0116628117,0.00209723885
94.4,object_red_01,RED,-0.257442155,0.217026323,0.0599896713,-2.71900195e-05,-3.09077025e-05,2.16247774e-15,3.98949858e-09,-1.54349206e-08,-5.05865717e-06,0.60000126,0.599998743,1,0.000620809982,-0.00223711296,-0.0116628117,0.00209724692
94.44,object_red_01,RED,-0.257443116,0.217025232,0.0599896713,-2.11088396e-05,-2.39224819e-05,2.04470726e-15,3.90562787e-09,-1.51104342e-08,-4.95230995e-06,0.600001111,0.599998892,1,0.000620817314,-0.00223711955,-0.0116628117,0.00209725417
94.48,object_red_01,RED,-0.257443848,0.217024404,0.0599896713,-1.5785541e-05,-1.78077345e-05,2.20173457e-15,3.82269701e-09,-1.47895864e-08,-4.84715456e-06,0.600000966,0.599999037,1,0.000620823733,-0.00223712538,-0.0116628117,0.00209726057
94.52,object_red_01,RED,-0.257444384,0.217023802,0.0599896713,-1.12234585e-05,-1.25672822e-05,2.0928861e-15,3.74110802e-09,-1.44739264e-08,-4.74369974e-06,0.600000814,0.599999188,1,0.000620829236,-0.00223713045,-0.0116628117,0.00209726614
94.56,object_red_01,RED,-0.257444752,0.217023391,0.0599896713,-7.42590256e-06,-8.20583401e-06,2.23563819e-15,3.65529544e-09,-1.41419263e-08,-4.63488978e-06,0.600000667,0.599999335,1,0.000620833817,-0.00223713476,-0.0116628117,0.00209727086
94.6,object_red_01,RED,-0.257444985,0.217023137,0.0599896713,-4.39724705e-06,-4.72746126e-06,2.11786771e-15,3.57246469e-09,-1.38214656e-08,-4.52986129e-06,0.600000517,0.599999485,1,0.000620837472,-0.00223713831,-0.0116628117,0.00209727473
94.64,object_red_01,RED,-0.257445112,0.217023004,0.0599896713,-2.14067609e-06,-2.13664623e-06,1.99295963e-15,3.4870202e-09,-1.34908889e-08,-4.42151833e-06,0.600000366,0.599999635,1,0.000620840198,-0.00223714108,-0.0116628117,0.00209727774
94.68,object_red_01,RED,-0.257445164,0.217022957,0.0599896713,-6.60247096e-07,-4.37628038e-07,2.15355574e-15,3.40216276e-09,-1.31625854e-08,-4.31391964e-06,0.600000214,0.599999786,1,0.000620841988,-0.00223714308,-0.0116628117,0.0020972799
94.72,object_red_01,RED,-0.257440877,0.217018666,0.0599896713,0.000463622122,-0.000454807035,2.02151005e-15,-4.80245061e-07,1.85801284e-06,0.000608947099,0.600289519,0.599710646,1,0.000619995257,-0.0022376899,-0.0116628117,0.00209774533
94.76,object_red_01,RED,-0.257365047,0.216948383,0.0599896713,0.0038661328,-0.00349194475,2.16604655e-15,-1.67355628e-06,6.47479447e-06,0.00212205605,0.60102199,0.598979326,1,0.00061259914,-0.00224176866,-0.0116628117,0.00210113216
94.8,object_red_01,RED,-0.257081369,0.216701262,0.0599896713,0.0105856092,-0.00901962756,2.03221646e-15,-1.4311075e-06,5.53680029e-06,0.00181463659,0.601513498,0.598489149,1,0.000597106342,-0.00224934169,-0.0116628117,0.00210735118
94.84,object_red_01,RED,-0.256490354,0.216209063,0.0599896713,0.0188157463,-0.0154285411,2.18389056e-15,3.62708176e-07,-1.40327619e-06,-0.000459911227,0.601601684,0.598401554,1,0.000577857678,-0.00225780431,-0.0116628117,0.00211430451
94.88,object_red_01,RED,-0.25557933,0.215471921,0.0599896713,0.0262328851,-0.0210309221,2.07861089e-15,2.6125332e-06,-1.01076206e-05,-0.00331268168,0.601233061,0.598769859,1,0.000560499977,-0.00226460119,-0.0116628117,0.0021199014
94.92,object_red_01,RED,-0.254423076,0.214550742,0.0599896713,0.0308720983,-0.0244980141,2.22671619e-15,4.20200128e-06,-1.62570966e-05,-0.00532811732,0.600548493,0.599453371,1,0.000549696422,-0.00226803854,-0.0116628117,0.00212266851
94.96,object_red_01,RED,-0.25316064,0.21355001,0.0599896713,0.031514334,-0.0249922566,2.10894571e-15,4.5465418e-06,-1.75900595e-05,-0.0057649845,0.599710228,0.600290153,1,0.000548175826,-0.0022673915,-0.0116628117,0.00212193375
95,object_red_01,RED,-0.251960806,0.212595239,0.0599896713,0.0278909019,-0.0223058971,1.98939083e-15,3.61386149e-06,-1.39816003e-05,-0.0045823448,0.598925223,0.601073618,1,0.000556388871,-0.00226282539,-0.0116628117,0.00211787014
95.04,object_red_01,RED,-0.250981155,0.211804512,0.0599896713,0.0208219234,-0.0170239449,2.16604655e-15,1.70248412e-06,-6.5866966e-06,-0.00215873131,0.598394279,0.601603345,1,0.000572445049,-0.00225535661,-0.0116628117,0.00211147826
95.08,object_red_01,RED,-0.250323088,0.21125449,0.0599896713,0.0122757604,-0.0106253458,2.01258804e-15,-7.48761508e-07,2.89687245e-06,0.000949424043,0.598378486,0.601618611,1,0.000592140631,-0.00224692627,-0.0116628117,0.00210454358
95.12,object_red_01,RED,-0.249985216,0.21094312,0.0599896713,0.00536350181,-0.00551794501,2.17496855e-15,-3.29863821e-06,1.27620278e-05,0.00418264102,0.599016778,0.600980813,1,0.000608909749,-0.00224059028,-0.0116628117,0.00209963198
95.16,object_red_01,RED,-0.249849122,0.210781325,0.0599896409,0.00201310045,-0.0029345878,-3.56651258e-06,-4.16437484e-06,1.61114961e-05,0.00528039863,0.59959514,0.600403576,1,0.000617947988,-0.00223805859,-0.0116628186,0.00209792284
95.2,object_red_01,RED,-0.24979952,0.210695131,0.0599890981,0.000717688354,-0.00153488142,-2.63998922e-05,-3.09540397e-06,1.19757931e-05,0.0039249585,0.59985582,0.600143546,1,0.000622270246,-0.00223724287,-0.0116628793,0.00209751216
95.24,object_red_01,RED,-0.249781357,0.210652072,0.0599872433,0.000283684285,-0.000713643665,-6.87331136e-05,-1.66197428e-06,6.43000597e-06,0.0021073766,0.599954974,0.600044693,1,0.00062443227,-0.00223703193,-0.011663004,0.00209750491
95.28,object_red_01,RED,-0.24977327,0.210633682,0.0599833142,0.000148608517,-0.000268016899,-0.000129776744,-6.39436677e-07,2.47391271e-06,0.000810802657,0.599984947,0.60001488,1,0.000625497253,-0.00223704219,-0.0116631903,0.00209761392
95.32,object_red_01,RED,-0.249768556,0.210627695,0.0599765794,9.38906358e-05,-6.72615186e-05,-0.000208698324,-1.33045183e-07,5.14737401e-07,0.000168700564,0.599991747,0.60000817,1,0.000625974796,-0.00223710083,-0.0116634355,0.00209771434
95.36,object_red_01,RED,-0.249765588,0.210626648,0.05996634,5.69923074e-05,-1.60395131e-06,-0.000304720666,2.78524824e-08,-1.07758118e-07,-3.53167586e-05,0.599993634,0.60000633,1,0.000626155333,-0.00223714208,-0.0116637371,0.00209776824
95.4,object_red_01,RED,-0.249763913,0.210626858,0.0599519275,2.90134915e-05,6.94964945e-06,-0.00041708568,3.5003112e-08,-1.3542311e-07,-4.43837118e-05,0.599995484,0.600004502,1,0.000626206856,-0.0022371568,-0.0116640926,0.00209778261
95.44,object_red_01,RED,-0.249763154,0.210627021,0.0599327041,1.11025341e-05,8.51636674e-07,-0.000545033116,6.58494842e-09,-2.5476424e-08,-8.34966977e-06,0.599997458,0.600002538,1,0.000626215304,-0.00223715575,-0.0116644995,0.00209777647
95.48,object_red_01,RED,-0.249762916,0.210626947,0.0599080612,2.27445437e-06,-3.74244014e-06,-0.000687739233,-1.16789707e-08,4.51846261e-08,1.48088565e-05,0.599998958,0.600001041,1,0.000626215743,-0.00223715012,-0.0116649553,0.00209776438
95.52,object_red_01,RED,-0.249762899,0.210626774,0.0598774215,-6.49139012e-07,-4.3310223e-06,-0.000844527354,-1.45298883e-08,5.62145075e-08,1.84238013e-05,0.599999777,0.600000222,1,0.000626217536,-0.00223714563,-0.0116654575,0.00209775302
95.56,object_red_01,RED,-0.249762934,0.210626629,0.0598402361,-8.47694539e-07,-2.8381205e-06,-0.00101467391,-9.67726952e-09,3.74402711e-08,1.22707136e-05,0.600000073,0.599999927,1,0.000626220612,-0.00223714352,-0.0116660039,0.00209774366
95.6,object_red_01,RED,-0.249762958,0.21062655,0.0597959845,-3.33242932e-07,-1.18733944e-06,-0.00119745284,-4.08967439e-09,1.5822492e-08,5.18567987e-06,0.6000001,0.599999899,1,0.000626223338,-0.00223714302,-0.0116665921,0.00209773544
95.64,object_red_01,RED,-0.249762962,0.210626526,0.0597441747,5.49047321e-08,-1.84542481e-07,-0.00139209464,-6.59840047e-10,2.55284735e-09,8.36672544e-07,0.600000048,0.599999952,1,0.000626224957,-0.0022371431,-0.0116672198,0.00209772735
95.68,object_red_01,RED,-0.249762957,0.210626528,0.0596843437,1.74475431e-07,1.77891837e-07,-0.00159798164,5.91355419e-10,-2.2878863e-09,-7.49834435e-07,0.600000004,0.599999996,1,0.00062622559,-0.00223714316,-0.0116678846,0.00209771885
95.72,object_red_01,RED,-0.24976295,0.210626536,0.0596160551,1.3562698e-07,1.87540014e-07,-0.00181442819,6.33603727e-10,-2.4513429e-09,-8.03405535e-07,0.599999986,0.600000014,1,0.000626225674,-0.00223714302,-0.0116685844,0.00209770988
95.76,object_red_01,RED,-0.249762947,0.210626541,0.0595388985,5.92096448e-08,9.28387465e-08,-0.0020407454,3.14605819e-10,-1.21717579e-09,-3.9891831e-07,0.599999986,0.600000014,1,0.000626225575,-0.00223714272,-0.0116693171,0.00209770055
95.8,object_red_01,RED,-0.249762945,0.210626543,0.059452492,4.91649765e-09,1.58526988e-08,-0.00227624833,5.32327983e-11,-2.0594963e-10,-6.74983419e-08,0.599999993,0.600000007,1,0.000626225479,-0.00223714233,-0.0116700803,0.00209769104
95.84,object_red_01,RED,-0.249762946,0.210626543,0.0593564797,-1.78053845e-08,-1.66848454e-08,-0.00252033057,-5.74974791e-11,2.2245176e-10,7.29066886e-08,0.599999998,0.600000002,1,0.000626225436,-0.00223714191,-0.0116708721,0.00209768147
95.88,object_red_01,RED,-0.249762947,0.210626542,0.0592505306,-2.05757982e-08,-1.90836604e-08,-0.00277237035,-6.55803593e-11,2.53723446e-10,8.31552546e-08,0.6,0.6,1,0.000626225432,-0.0022371415,-0.0116716902,0.0020976719
95.92,object_red_01,RED,-0.249762947,0.210626542,0.0591343376,-1.62928848e-08,-1.07731492e-08,-0.00303171454,-3.70926593e-11,1.4350668e-10,4.70329726e-08,0.600000001,0.599999999,1,0.000626225443,-0.00223714109,-0.0116725328,0.0020976624
95.96,object_red_01,RED,-0.249762948,0.210626541,0.0590076281,-1.21718742e-08,-3.08756217e-09,-0.00329467756,-1.07238049e-11,4.14910933e-11,1.35984248e-08,0.600000001,0.599999999,1,0.000626225453,-0.00223714067,-0.0116733941,0.00209765304
96,object_red_01,RED,-0.249762948,0.210626541,0.0588701252,-1.03257282e-08,7.28157214e-10,-0.00356934848,2.40631006e-12,-9.30891763e-12,-3.05066637e-09,0.6,0.6,1,0.000626225459,-0.00223714024,-0.0116742831,0.00209764376
96.04,object_red_01,RED,-0.249762949,0.210626541,0.0587216223,-1.01079059e-08,1.52384186e-09,-0.00384756595,5.18219343e-12,-2.00508112e-11,-6.57114579e-09,0.6,0.6,1,0.00062622546,-0.0022371398,-0.0116751867,0.00209763471
96.08,object_red_01,RED,-0.249762949,0.210626542,0.058561896,-1.06699138e-08,1.01902841e-09,-0.00413016599,3.48376024e-12,-1.34793516e-11,-4.41758502e-09,0.6,0.6,1,0.000626225459,-0.00223713936,-0.011676107,0.00209762588
96.12,object_red_01,RED,-0.24976295,0.210626542,0.058390765,-1.12654007e-08,3.64339192e-10,-0.00441712229,1.25401937e-12,-4.85168233e-12,-1.59022635e-09,0.6,0.6,1,0.000626225459,-0.0022371389,-0.0116770418,0.00209761733
96.16,object_red_01,RED,-0.24976295,0.210626542,0.0582080665,-1.16600535e-08,-1.61166044e-11,-0.00470787095,-4.64109759e-14,1.80140904e-13,5.90211919e-11,0.6,0.6,1,0.000626225458,-0.00223713844,-0.0116779894,0.00209760909
96.2,object_red_01,RED,-0.249762951,0.210626542,0.058013661,-1.18678162e-08,-1.26668324e-10,-0.00500018591,-4.26033368e-13,1.64891493e-12,5.40645555e-10,0.6,0.6,1,0.000626225458,-0.00223713797,-0.0116789464,0.0020976012
96.24,object_red_01,RED,-0.249762951,0.210626542,0.0578074205,-1.20135418e-08,-9.92978631e-11,-0.00529838929,-3.33764503e-13,1.29125729e-12,4.23342909e-10,0.6,0.6,1,0.000626225458,-0.0022371375,-0.0116799165,0.00209759364
96.28,object_red_01,RED,-0.249762951,0.210626542,0.0575892644,-1.20238946e-08,-4.51284511e-11,-0.00559786499,-1.4936202e-13,5.76515961e-13,1.89157663e-10,0.6,0.6,1,0.000626225458,-0.00223713702,-0.0116808917,0.0020975865
96.32,object_red_01,RED,-0.249762952,0.210626542,0.0573591053,-1.20843518e-08,-7.03286404e-12,-0.00589856879,-1.84333899e-14,7.25217276e-14,2.3707178e-11,0.6,0.6,1,0.000626225458,-0.00223713654,-0.0116818729,0.00209757977
96.36,object_red_01,RED,-0.249762952,0.210626542,0.057116888,-1.21348712e-08,6.9305786e-12,-0.00620068064,2.92772174e-14,-1.11968734e-13,-3.72590545e-11,0.6,0.6,1,0.000626225458,-0.00223713605,-0.0116828586,0.00209757347
96.4,object_red_01,RED,-0.249762953,0.210626542,0.0568625743,-1.22090288e-08,7.11326381e-12,-0.00650428774,2.85841577e-14,-1.12557037e-13,-3.68701135e-11,0.6,0.6,1,0.000626225458,-0.00223713556,-0.0116838503,0.0020975676
96.44,object_red_01,RED,-0.249762953,0.210626542,0.0565961623,-1.21772526e-08,1.89493862e-12,-0.00680635214,1.23039489e-14,-4.79756848e-14,-1.59049324e-11,0.6,0.6,1,0.000626225458,-0.00223713508,-0.0116848355,0.00209756223
96.48,object_red_01,RED,-0.249762954,0.210626542,0.0563176401,-1.21827406e-08,-1.29311629e-12,-0.00710909735,6.38189104e-16,-7.60882367e-15,-1.86864537e-12,0.6,0.6,1,0.000626225458,-0.00223713459,-0.0116858239,0.00209755731
96.52,object_red_01,RED,-0.249762954,0.210626542,0.0560270334,-1.21643273e-08,-2.69401221e-12,-0.00741127126,-3.54618444e-15,1.14845004e-14,4.16613875e-12,0.6,0.6,1,0.000626225458,-0.0022371341,-0.0116868102,0.00209755286
96.56,object_red_01,RED,-0.249762955,0.210626542,0.0557243827,-1.21418029e-08,-2.47182214e-12,-0.00771203952,-2.93160886e-15,8.361357e-15,3.21884005e-12,0.6,0.6,1,0.000626225458,-0.00223713362,-0.011687793,0.00209754889
96.6,object_red_01,RED,-0.249762955,0.210626542,0.0554097502,-1.20590603e-08,-2.76988985e-12,-0.00801150396,-4.03621675e-15,1.31363116e-14,4.56983314e-12,0.6,0.6,1,0.000626225458,-0.00223713313,-0.0116887703,0.0020975454
96.64,object_red_01,RED,-0.249762956,0.210626542,0.0550832063,-1.19862464e-08,-2.24412942e-12,-0.00830860611,-1.89837085e-15,8.29758111e-15,2.37179273e-12,0.6,0.6,1,0.000626225458,-0.00223713265,-0.0116897411,0.00209754238
96.68,object_red_01,RED,-0.249762956,0.210626542,0.0547448394,-1.19541272e-08,-7.70070382e-13,-0.00860261114,2.56470313e-15,-1.10755258e-14,-3.62016803e-12,0.6,0.6,1,0.000626225458,-0.00223713217,-0.011690705,0.00209753983
96.72,object_red_01,RED,-0.249762957,0.210626542,0.0543947759,-1.17703756e-08,-2.51580651e-12,-0.00889457084,-2.96278931e-15,9.66406004e-15,3.64414387e-12,0.6,0.6,1,0.000626225458,-0.0022371317,-0.0116916572,0.00209753774
96.76,object_red_01,RED,-0.249762957,0.210626542,0.0540331335,-1.16452677e-08,-2.06644901e-12,-0.00918049844,-9.34240982e-16,4.39985177e-15,1.61914933e-12,0.6,0.6,1,0.000626225458,-0.00223713123,-0.0116925967,0.0020975361
96.8,object_red_01,RED,-0.249762958,0.210626542,0.0536600303,-1.15265833e-08,-1.51109651e-12,-0.00946691124,5.04542978e-16,-2.43203481e-15,-8.66909263e-13,0.6,0.6,1,0.000626225458,-0.00223713077,-0.0116935308,0.00209753489
96.84,object_red_01,RED,-0.249762958,0.210626542,0.0532756514,-1.13501711e-08,-2.12607879e-12,-0.00974726037,-2.13293329e-15,6.46475081e-15,2.15672949e-12,0.6,0.6,1,0.000626225458,-0.00223713031,-0.0116944485,0.0020975341
96.88,object_red_01,RED,-0.249762959,0.210626542,0.052880176,-1.11370325e-08,-2.66112859e-12,-0.0100256044,-3.37995392e-15,1.31089791e-14,4.53874677e-12,0.6,0.6,1,0.000626225458,-0.00223712986,-0.0116953537,0.00209753372
96.92,object_red_01,RED,-0.249762959,0.210626542,0.0524737364,-1.09931631e-08,-1.85720879e-12,-0.0102938927,-7.32669141e-16,9.65744475e-16,6.47125985e-13,0.6,0.6,1,0.000626225458,-0.00223712942,-0.0116962395,0.00209753373
96.96,object_red_01,RED,-0.24976296,0.210626542,0.0520565868,-1.07862557e-08,-2.05046457e-12,-0.0105582758,-1.82040529e-15,5.07916415e-15,2.13195942e-12,0.6,0.6,1,0.000626225458,-0.00223712898,-0.0116971092,0.00209753409
97,object_red_01,RED,-0.24976296,0.210626542,0.0516289131,-1.05882553e-08,-1.49360158e-12,-0.0108195094,7.32900006e-16,-7.03981639e-16,-3.00686569e-13,0.6,0.6,1,0.000626225458,-0.00223712855,-0.0116979643,0.00209753481
97.04,object_red_01,RED,-0.24976296,0.210626542,0.0511909543,-1.03466802e-08,-1.86900747e-12,-0.0110739585,-1.22779747e-15,5.78671719e-15,1.65463494e-12,0.6,0.6,1,0.000626225458,-0.00223712814,-0.011698799,0.00209753584
97.08,object_red_01,RED,-0.249762961,0.210626542,0.0507429426,-1.01121049e-08,-1.70282039e-12,-0.0113223432,-1.38604679e-15,4.18066879e-15,1.28345846e-12,0.6,0.6,1,0.000626225458,-0.00223712773,-0.0116996146,0.00209753716
97.12,object_red_01,RED,-0.249762961,0.210626542,0.0502851297,-9.85531494e-09,-1.7259663e-12,-0.0115638289,-1.31037797e-15,3.74488242e-15,1.28761765e-12,0.6,0.6,1,0.000626225458,-0.00223712733,-0.0117004082,0.00209753876
97.16,object_red_01,RED,-0.249762962,0.210626542,0.0498177808,-9.5923127e-09,-1.92617835e-12,-0.0118005616,-2.66544871e-15,8.66651373e-15,3.38188138e-12,0.6,0.6,1,0.000626225458,-0.00223712694,-0.0117011842,0.00209754061
97.2,object_red_01,RED,-0.249762962,0.210626542,0.0493411644,-9.30911659e-09,-1.82012112e-12,-0.0120268495,-1.22839451e-15,4.50860262e-15,1.78740465e-12,0.6,0.6,1,0.000626225458,-0.00223712656,-0.0117019304,0.00209754266
97.24,object_red_01,RED,-0.249762962,0.210626542,0.0488555704,-9.02407419e-09,-1.66006569e-12,-0.0122476718,-1.07491843e-15,4.28903184e-15,1.59737946e-12,0.6,0.6,1,0.000626225458,-0.00223712619,-0.0117026568,0.00209754491
97.28,object_red_01,RED,-0.249762963,0.210626542,0.0483612906,-8.73132814e-09,-1.44100524e-12,-0.0124607423,-6.58648464e-16,1.20708114e-15,7.8369522e-13,0.6,0.6,1,0.000626225458,-0.00223712584,-0.0117033587,0.00209754732
97.32,object_red_01,RED,-0.249762963,0.210626542,0.0478586359,-8.41915953e-09,-1.47632612e-12,-0.012666387,-8.88735865e-16,3.48681146e-15,1.16557181e-12,0.6,0.6,1,0.000626225458,-0.0022371255,-0.0117040355,0.00209754987
97.36,object_red_01,RED,-0.249762963,0.210626542,0.0473479145,-8.10670404e-09,-1.3482728e-12,-0.0128636887,-4.69853154e-16,3.06186877e-15,8.01119624e-13,0.6,0.6,1,0.000626225458,-0.00223712517,-0.0117046864,0.00209755252
97.4,object_red_01,RED,-0.249762964,0.210626542,0.0468294585,-7.77294538e-09,-1.61445862e-12,-0.0130544192,-2.51367662e-15,8.41533481e-15,2.72995987e-12,0.6,0.6,1,0.000626225458,-0.00223712485,-0.0117053131,0.00209755527
97.44,object_red_01,RED,-0.249762964,0.210626542,0.0463035897,-7.44167441e-09,-1.38745937e-12,-0.0132338691,-7.50507933e-16,3.29913599e-15,1.16836488e-12,0.6,0.6,1,0.000626225458,-0.00223712454,-0.0117059076,0.00209755805
97.48,object_red_01,RED,-0.249762964,0.210626542,0.0457706624,-7.09605828e-09,-1.54732387e-12,-0.0134075608,-2.49664166e-15,8.43025038e-15,3.03896402e-12,0.6,0.6,1,0.000626225458,-0.00223712425,-0.0117064792,0.00209756088
97.52,object_red_01,RED,-0.249762965,0.210626542,0.0452310144,-6.74612631e-09,-1.25899921e-12,-0.0135696104,-8.93217039e-16,3.64567194e-15,1.04599814e-12,0.6,0.6,1,0.000626225458,-0.00223712398,-0.0117070167,0.00209756368
97.56,object_red_01,RED,-0.249762965,0.210626542,0.0446850058,-6.41684847e-09,-7.58449246e-13,-0.0137242671,2.23899911e-17,4.42840602e-16,5.2308265e-14,0.6,0.6,1,0.000626225458,-0.00223712371,-0.0117075294,0.00209756648
97.6,object_red_01,RED,-0.249762965,0.210626542,0.0441330089,-6.01968757e-09,-1.23554504e-12,-0.013869216,-1.45052097e-15,3.70081805e-15,1.60108021e-12,0.6,0.6,1,0.000626225458,-0.00223712346,-0.0117080087,0.00209756921
97.64,object_red_01,RED,-0.249762965,0.210626542,0.043575382,-5.66252194e-09,-7.13585608e-13,-0.0140053139,-2.6827451e-17,-2.39423905e-15,-3.47957505e-13,0.6,0.6,1,0.000626225458,-0.00223712323,-0.0117084599,0.00209757188
97.68,object_red_01,RED,-0.249762965,0.210626542,0.0430125094,-5.27030704e-09,-9.57272582e-13,-0.0141319178,-4.1872003e-16,1.52622812e-15,9.00262857e-13,0.6,0.6,1,0.000626225458,-0.00223712301,-0.0117088795,0.00209757445
97.72,object_red_01,RED,-0.249762966,0.210626542,0.0424447643,-4.89052376e-09,-7.78898484e-13,-0.014249044,-5.06544417e-16,-7.669942e-16,3.69592448e-13,0.6,0.6,1,0.000626225458,-0.00223712281,-0.0117092686,0.0020975769
97.76,object_red_01,RED,-0.249762966,0.210626542,0.0418725427,-4.49556259e-09,-8.44625564e-13,-0.0143566329,-8.77436286e-16,2.07975836e-15,9.95281494e-13,0.6,0.6,1,0.000626225458,-0.00223712262,-0.011709626,0.00209757922
97.8,object_red_01,RED,-0.249762966,0.210626542,0.0412962298,-4.10475636e-09,-6.9452285e-13,-0.0144537901,-1.15993189e-15,3.63917507e-15,5.04466752e-13,0.6,0.6,1,0.000626225458,-0.00223712245,-0.0117099506,0.00209758138
97.84,object_red_01,RED,-0.249762966,0.210626542,0.0407162246,-3.71374679e-09,-5.59960263e-13,-0.0145415372,-5.23319213e-16,4.07317648e-16,4.85399095e-13,0.6,0.6,1,0.000626225458,-0.00223712229,-0.011710244,0.00209758337
97.88,object_red_01,RED,-0.249762966,0.210626542,0.0401329295,-3.3010914e-09,-6.45775016e-13,-0.0146188277,-3.95228074e-16,8.58495738e-16,7.91031307e-13,0.6,0.6,1,0.000626225458,-0.00223712215,-0.011710503,0.00209758516
97.92,object_red_01,RED,-0.249762966,0.210626542,0.039546744,-2.90970283e-09,-2.0322322e-13,-0.0146860966,4.72706577e-16,-1.54378914e-15,-8.2723655e-13,0.6,0.6,1,0.000626225458,-0.00223712203,-0.01171073,0.00209758676
97.96,object_red_01,RED,-0.249762967,0.210626542,0.0389580861,-2.47622685e-09,-5.91262898e-13,-0.0147430004,1.22878005e-16,3.45952803e-15,8.92414165e-13,0.6,0.6,1,0.000626225458,-0.00223712192,-0.011710922,0.00209758812
98,object_red_01,RED,-0.249762967,0.210626542,0.0383673407,-2.078595e-09,-2.19675176e-13,-0.0147902566,1.77298838e-16,-7.35541264e-17,-4.36939489e-13,0.6,0.6,1,0.000626225458,-0.00223712183,-0.0117110833,0.00209758928
98.04,object_red_01,RED,-0.249762967,0.210626542,0.0377749424,-1.65703413e-09,-3.8614308e-13,-0.014827063,-5.13597219e-16,2.23727872e-15,7.48104594e-13,0.6,0.6,1,0.000626225458,-0.00223712176,-0.0117112099,0.0020975902
98.08,object_red_01,RED,-0.249762967,0.210626542,0.0371812951,-1.24390072e-09,-2.16024291e-13,-0.0148530662,-8.60558964e-17,4.87722296e-16,1.83289688e-13,0.6,0.6,1,0.000626225458,-0.0022371217,-0.0117113022,0.00209759086
98.12,object_red_01,RED,-0.249762967,0.210626542,0.0365868153,-8.29156337e-10,-1.04335274e-13,-0.0148688207,1.03470153e-15,-1.00717237e-15,1.22529737e-14,0.6,0.6,1,0.000626225458,-0.00223712166,-0.0117113609,0.00209759129
98.16,object_red_01,RED,-0.249762967,0.210626542,0.0359919185,-4.08348143e-10,-9.92488383e-14,-0.0148741843,-6.65934998e-17,1.83208624e-16,2.31093234e-13,0.6,0.6,1,0.000626225458,-0.00223712163,-0.0117113855,0.00209759146
98.2,object_red_01,RED,-0.249762967,0.210626542,0.03539702,9.93584865e-12,-1.44799668e-14,-0.0148691125,-6.28214769e-16,1.42988195e-15,1.27115261e-13,0.6,0.6,1,0.000626225458,-0.00223712163,-0.0117113762,0.00209759138
98.24,object_red_01,RED,-0.249762967,0.210626542,0.034802535,4.26500329e-10,8.75346962e-14,-0.0148534938,-3.29248721e-16,1.45587133e-16,-6.57926023e-14,0.6,0.6,1,0.000626225458,-0.00223712164,-0.0117113328,0.00209759104
98.28,object_red_01,RED,-0.249762967,0.210626542,0.0342088813,8.46519038e-10,1.2328852e-13,-0.0148277556,-2.8490148e-16,-5.19303019e-16,6.99714678e-14,0.6,0.6,1,0.000626225458,-0.00223712166,-0.0117112557,0.00209759046
98.32,object_red_01,RED,-0.249762967,0.210626542,0.0336164716,1.26701011e-09,1.40118769e-13,-0.0147915469,-2.16898451e-16,-9.91049226e-16,1.8795106e-13,0.6,0.6,1,0.000626225458,-0.0022371217,-0.0117111446,0.00209758963
98.36,object_red_01,RED,-0.249762967,0.210626542,0.0330257141,1.67565834e-09,3.14115062e-13,-0.0147461195,-1.43754619e-16,-1.95991553e-15,-1.74834113e-13,0.6,0.6,1,0.000626225458,-0.00223712176,-0.0117110017,0.00209758858
98.4,object_red_01,RED,-0.249762967,0.210626542,0.0324370356,2.09977736e-09,1.54489667e-13,-0.0146882546,-4.56189347e-16,2.64391138e-15,7.89364299e-13,0.6,0.6,1,0.000626225458,-0.00223712184,-0.0117108217,0.00209758727
98.44,object_red_01,RED,-0.249762967,0.210626542,0.0318508247,2.49005865e-09,6.87255213e-13,-0.0146204213,1.00527231e-15,-4.43970147e-15,-1.35090761e-12,0.6,0.6,1,0.000626225458,-0.00223712193,-0.0117106097,0.00209758574
98.48,object_red_01,RED,-0.249762966,0.210626542,0.0312675114,2.91484791e-09,4.44050696e-13,-0.0145440827,-8.68407001e-17,8.3511239e-16,6.42248735e-14,0.6,0.6,1,0.000626225458,-0.00223712204,-0.0117103654,0.00209758402
98.52,object_red_01,RED,-0.249762966,0.210626542,0.0306874815,3.32395464e-09,5.80178203e-13,-0.014456616,7.17021076e-16,-1.99109414e-15,-7.65945241e-13,0.6,0.6,1,0.000626225458,-0.00223712216,-0.0117100869,0.00209758209
98.56,object_red_01,RED,-0.249762966,0.210626542,0.0301111399,3.72171483e-09,6.60381238e-13,-0.0143597949,-1.38337693e-16,-2.12845441e-16,-5.0638872e-13,0.6,0.6,1,0.000626225458,-0.00223712231,-0.0117097776,0.00209757999
98.6,object_red_01,RED,-0.249762966,0.210626542,0.029538885,4.12673332e-09,5.8628777e-13,-0.0142529198,8.76802631e-17,1.82075226e-15,-4.70570964e-14,0.6,0.6,1,0.000626225458,-0.00223712246,-0.011709435,0.00209757772
98.64,object_red_01,RED,-0.249762966,0.210626542,0.0289711048,4.51432362e-09,7.78540271e-13,-0.0141365323,1.52685208e-16,-5.11785104e-16,-5.52847407e-13,0.6,0.6,1,0.000626225458,-0.00223712264,-0.0117090614,0.0020975753
98.68,object_red_01,RED,-0.249762966,0.210626542,0.0284081926,4.90759617e-09,7.4622878e-13,-0.0140100262,3.94111457e-16,-8.9854179e-16,-1.69658469e-13,0.6,0.6,1,0.000626225458,-0.00223712282,-0.0117086552,0.00209757276
98.72,object_red_01,RED,-0.249762965,0.210626542,0.0278505196,5.27761328e-09,1.04891163e-12,-0.01387371,8.26183043e-16,-4.64158318e-15,-1.18745411e-12,0.6,0.6,1,0.000626225458,-0.00223712303,-0.0117082182,0.00209757011
98.76,object_red_01,RED,-0.249762965,0.210626542,0.0272984813,5.66984537e-09,8.88760503e-13,-0.0137293166,5.70117964e-16,-7.69149191e-16,-1.75953509e-13,0.6,0.6,1,0.000626225458,-0.00223712325,-0.0117077511,0.00209756738
98.8,object_red_01,RED,-0.249762965,0.210626542,0.0267524285,6.04226518e-09,1.20727612e-12,-0.01357396,1.55811347e-15,-8.72771697e-15,-2.22404944e-12,0.6,0.6,1,0.000626225458,-0.00223712348,-0.0117072511,0.00209756457
98.84,object_red_01,RED,-0.249762965,0.210626542,0.0262127339,6.40267724e-09,1.20808713e-12,-0.0134119813,3.07232639e-16,-4.36396269e-15,-1.06624136e-12,0.6,0.6,1,0.000626225458,-0.00223712373,-0.0117067268,0.00209756176
98.88,object_red_01,RED,-0.249762965,0.210626542,0.0256797561,6.79684557e-09,6.73343129e-13,-0.0132399459,-3.48987241e-16,2.33274374e-15,5.89667961e-13,0.6,0.6,1,0.000626225458,-0.00223712399,-0.0117061693,0.00209755891
98.92,object_red_01,RED,-0.249762964,0.210626542,0.0251538327,7.11182135e-09,1.41807635e-12,-0.0130594726,1.7266714e-15,-5.92903195e-15,-1.69114941e-12,0.6,0.6,1,0.000626225458,-0.00223712427,-0.0117055866,0.0020975561
98.96,object_red_01,RED,-0.249762964,0.210626542,0.0246353192,7.48902364e-09,7.62384972e-13,-0.0128705057,-4.12838604e-16,2.71594151e-15,7.77411016e-13,0.6,0.6,1,0.000626225458,-0.00223712456,-0.0117049736,0.00209755331
99,object_red_01,RED,-0.249762964,0.210626542,0.0241245358,7.79160874e-09,1.48271673e-12,-0.0126733486,1.55218051e-15,-6.13922927e-15,-1.60276797e-12,0.6,0.6,1,0.000626225458,-0.00223712487,-0.011704336,0.0020975506
99.04,object_red_01,RED,-0.249762963,0.210626542,0.0236218177,8.12593297e-09,1.26828167e-12,-0.0124681212,3.48321012e-16,-1.66787282e-15,-5.24686636e-13,0.6,0.6,1,0.000626225458,-0.00223712519,-0.0117036707,0.00209754798
99.08,object_red_01,RED,-0.249762963,0.210626542,0.0231274745,8.43950584e-09,1.41093875e-12,-0.0122551736,6.19237842e-16,-2.07955423e-15,-9.61304856e-13,0.6,0.6,1,0.000626225458,-0.00223712552,-0.0117029801,0.00209754548
99.12,object_red_01,RED,-0.249762963,0.210626542,0.022641813,8.7500035e-09,1.38913069e-12,-0.0120346929,5.53499023e-16,-7.25347446e-16,-7.06971073e-13,0.6,0.6,1,0.000626225458,-0.00223712586,-0.0117022647,0.00209754314
99.16,object_red_01,RED,-0.249762962,0.210626542,0.0221651287,9.04578574e-09,1.50901524e-12,-0.0118068374,6.73437776e-16,-2.13646754e-15,-1.05877024e-12,0.6,0.6,1,0.000626225458,-0.00223712622,-0.0117015252,0.00209754097
99.2,object_red_01,RED,-0.249762962,0.210626542,0.0216977116,9.37201798e-09,9.97972325e-13,-0.0115717664,-4.14649359e-16,6.90310272e-17,4.14069895e-13,0.6,0.6,1,0.000626225458,-0.00223712659,-0.0117007605,0.002097539
99.24,object_red_01,RED,-0.249762962,0.210626542,0.0212398211,9.59998885e-09,1.9716875e-12,-0.0113304659,2.12236957e-15,-7.44663009e-15,-2.61211563e-12,0.6,0.6,1,0.000626225458,-0.00223712697,-0.0116999782,0.00209753728
99.28,object_red_01,RED,-0.249762961,0.210626542,0.0207917344,9.87489824e-09,1.66201961e-12,-0.0110824183,8.2706541e-16,-4.28397775e-15,-1.4214779e-12,0.6,0.6,1,0.000626225458,-0.00223712736,-0.011699172,0.00209753581
99.32,object_red_01,RED,-0.249762961,0.210626542,0.0203536978,1.01244993e-08,1.68685669e-12,-0.0108281971,1.26217128e-15,-2.60677054e-15,-1.13193607e-12,0.6,0.6,1,0.000626225458,-0.00223712776,-0.0116983462,0.00209753463
99.36,object_red_01,RED,-0.24976296,0.210626542,0.0199259397,1.03479573e-08,1.90682831e-12,-0.0105681178,1.08584263e-15,-6.10550296e-15,-1.66693903e-12,0.6,0.6,1,0.000626225458,-0.00223712817,-0.0116975022,0.00209753376
99.4,object_red_01,RED,-0.24976296,0.210626542,0.0195087174,1.05959912e-08,1.63604654e-12,-0.0103025226,7.0042121e-17,-1.30565306e-15,-3.88305357e-13,0.6,0.6,1,0.000626225458,-0.00223712859,-0.0116966373,0.00209753322
99.44,object_red_01,RED,-0.249762959,0.210626542,0.0191022124,1.0803523e-08,1.92968872e-12,-0.0100315272,1.62593242e-15,-4.96475543e-15,-1.80689771e-12,0.6,0.6,1,0.000626225458,-0.00223712901,-0.0116957564,0.00209753303
99.48,object_red_01,RED,-0.249762959,0.210626542,0.01870664,1.10524839e-08,8.76701743e-13,-0.00975592471,-2.28806181e-15,7.98571397e-15,2.73357436e-12,0.6,0.6,1,0.000626225458,-0.00223712945,-0.0116948586,0.00209753323
99.52,object_red_01,RED,-0.249762959,0.210626542,0.0183221725,1.11841477e-08,2.29424144e-12,-0.00947512681,2.49506238e-15,-1.01608778e-14,-3.10159968e-12,0.6,0.6,1,0.000626225458,-0.00223712989,-0.0116939476,0.00209753382
99.56,object_red_01,RED,-0.249762958,0.210626542,0.0179489779,1.13428877e-08,2.12295074e-12,-0.00919132391,1.9721401e-15,-6.22980752e-15,-1.86005111e-12,0.6,0.6,1,0.000626225458,-0.00223713034,-0.0116930249,0.00209753482
99.6,object_red_01,RED,-0.249762958,0.210626542,0.0175872536,1.15291308e-08,1.64784388e-12,-0.00890245372,-3.65499414e-16,5.02964298e-16,2.66120412e-13,0.6,0.6,1,0.000626225458,-0.0022371308,-0.0116920845,0.00209753626
99.64,object_red_01,RED,-0.249762957,0.210626542,0.0172370968,1.1658743e-08,2.13855065e-12,-0.0086109315,1.14023585e-15,-7.14614659e-15,-2.09066461e-12,0.6,0.6,1,0.000626225458,-0.00223713127,-0.0116911356,0.00209753814
99.68,object_red_01,RED,-0.249762957,0.210626542,0.0168986254,1.17337127e-08,2.9807521e-12,-0.00831302758,4.66141648e-15,-1.66840389e-14,-5.77235321e-12,0.6,0.6,1,0.000626225458,-0.00223713173,-0.0116901739,0.00209754048
99.72,object_red_01,RED,-0.249762956,0.210626542,0.0165720117,1.1893884e-08,2.06237277e-12,-0.00801964133,7.64899627e-16,-3.73217788e-15,-8.83337213e-13,0.6,0.6,1,0.000626225458,-0.00223713221,-0.0116892099,0.00209754327
99.76,object_red_01,RED,-0.249762956,0.210626542,0.016257288,1.19839566e-08,2.29838013e-12,-0.00772073898,2.44391269e-15,-8.70863869e-15,-2.60254242e-12,0.6,0.6,1,0.000626225458,-0.00223713269,-0.0116882354,0.00209754655
99.8,object_red_01,RED,-0.249762955,0.210626542,0.0159545377,1.20405086e-08,2.38716145e-12,-0.00741918569,1.58150357e-15,-6.58845609e-15,-2.64774877e-12,0.6,0.6,1,0.000626225458,-0.00223713317,-0.0116872553,0.00209755029
99.84,object_red_01,RED,-0.249762955,0.210626542,0.0156638506,1.21222981e-08,2.0322039e-12,-0.00711850184,6.61865142e-16,-6.65388197e-16,-9.58739747e-13,0.6,0.6,1,0.000626225458,-0.00223713365,-0.0116862713,0.00209755452
99.88,object_red_01,RED,-0.249762954,0.210626542,0.0153852362,1.2158378e-08,2.23502697e-12,-0.00681595288,1.7365873e-15,-6.88004964e-15,-2.10666664e-12,0.6,0.6,1,0.000626225458,-0.00223713414,-0.011685284,0.00209755922
99.92,object_red_01,RED,-0.249762954,0.210626542,0.0151187283,1.21834975e-08,2.13081616e-12,-0.00651324486,1.57985051e-15,-4.4199335e-15,-1.62115757e-12,0.6,0.6,1,0.000626225458,-0.00223713462,-0.0116842955,0.0020975644
99.96,object_red_01,RED,-0.249762953,0.210626542,0.0148643299,1.22076387e-08,2.15978524e-12,-0.00620914218,2.72257999e-15,-9.04288532e-15,-3.18084842e-12,0.6,0.6,1,0.000626225458,-0.00223713511,-0.0116833029,0.00209757006
100,object_red_01,RED,-0.249762953,0.210626542,0.0146220196,1.21589751e-08,2.56568477e-12,-0.00590876708,2.66970177e-15,-9.62097213e-15,-3.22674241e-12,0.6,0.6,1,0.000626225458,-0.0022371356,-0.0116823208,0.00209757614
100.04,object_red_01,RED,-0.249762952,0.210626542,0.0143917686,1.21291017e-08,2.2898498e-12,-0.00560807215,1.88439977e-15,-5.91253328e-15,-2.38505244e-12,0.6,0.6,1,0.000626225458,-0.00223713609,-0.0116813377,0.00209758267
100.08,object_red_01,RED,-0.249762952,0.210626542,0.0141735195,1.20761695e-08,2.12381863e-12,-0.00530909812,1.39497861e-15,-4.1023009e-15,-1.62953304e-12,0.6,0.6,1,0.000626225458,-0.00223713657,-0.0116803597,0.00209758963
100.12,object_red_01,RED,-0.249762951,0.210626542,0.0139671649,1.19405918e-08,2.85454163e-12,-0.00501029328,2.92980193e-15,-1.25386086e-14,-4.07712625e-12,0.6,0.6,1,0.000626225458,-0.00223713705,-0.0116793895,0.00209759699
100.16,object_red_01,RED,-0.249762951,0.210626542,0.013772697,1.19072298e-08,1.88529326e-12,-0.00471822191,-2.49345391e-16,-7.06328076e-16,2.62904335e-14,0.6,0.6,1,0.000626225458,-0.00223713753,-0.0116784257,0.00209760474
100.2,object_red_01,RED,-0.249762951,0.210626542,0.0135899106,1.17767342e-08,2.39332857e-12,-0.00442722881,2.15713718e-15,-9.74881107e-15,-3.05391741e-12,0.6,0.6,1,0.000626225458,-0.002237138,-0.0116774726,0.00209761285
100.24,object_red_01,RED,-0.24976295,0.210626542,0.0134186929,1.16390693e-08,2.13048025e-12,-0.00414016064,1.34272013e-15,-7.20968931e-15,-1.94909727e-12,0.6,0.6,1,0.000626225458,-0.00223713847,-0.0116765318,0.00209762127
100.28,object_red_01,RED,-0.24976295,0.210626542,0.0132588813,1.14751689e-08,2.11134812e-12,-0.00385742526,1.82334155e-15,-6.46591134e-15,-1.95215415e-12,0.6,0.6,1,0.000626225458,-0.00223713893,-0.0116756048,0.00209762998
100.32,object_red_01,RED,-0.249762949,0.210626542,0.0131102904,1.12883741e-08,2.10840207e-12,-0.00357959232,1.5690995e-15,-4.5271896e-15,-2.06103312e-12,0.6,0.6,1,0.000626225458,-0.00223713939,-0.0116746935,0.00209763895
100.36,object_red_01,RED,-0.249762949,0.210626542,0.012972678,1.10154608e-08,2.78976943e-12,-0.00330554826,3.56103511e-15,-1.15004783e-14,-4.15783779e-12,0.6,0.6,1,0.000626225458,-0.00223713984,-0.0116738018,0.00209764811
100.4,object_red_01,RED,-0.249762948,0.210626542,0.0128459175,1.08555387e-08,1.69948535e-12,-0.00304110554,-4.68738844e-16,7.10739095e-16,2.53919578e-13,0.6,0.6,1,0.000626225458,-0.00223714028,-0.0116729254,0.00209765748
100.44,object_red_01,RED,-0.249762948,0.210626542,0.0127296468,1.05804087e-08,2.35769162e-12,-0.0027814048,2.6008986e-15,-1.17142395e-14,-3.68840701e-12,0.6,0.6,1,0.000626225458,-0.0022371407,-0.0116720721,0.00209766695
100.48,object_red_01,RED,-0.249762947,0.210626542,0.0126236201,1.03040485e-08,1.97608493e-12,-0.00252906177,1.20553226e-15,-9.297255e-15,-2.17536072e-12,0.6,0.6,1,0.000626225458,-0.00223714112,-0.0116712424,0.0020976765
100.52,object_red_01,RED,-0.249762947,0.210626542,0.0125275341,9.99772012e-09,1.93462749e-12,-0.00228466508,1.75087514e-15,-5.50330383e-15,-2.1262244e-12,0.6,0.6,1,0.000626225458,-0.00223714153,-0.0116704382,0.00209768607
100.56,object_red_01,RED,-0.249762947,0.210626542,0.0124410564,9.66356505e-09,1.958443e-12,-0.00204882181,1.83455461e-15,-9.43420233e-15,-2.45488966e-12,0.6,0.6,1,0.000626225458,-0.00223714192,-0.0116696616,0.0020976956
100.6,object_red_01,RED,-0.249762946,0.210626542,0.0123638309,9.30439505e-09,1.92225401e-12,-0.00182218401,2.12178174e-15,-1.00753336e-14,-2.52673272e-12,0.6,0.6,1,0.000626225458,-0.0022371423,-0.0116689147,0.00209770504
100.64,object_red_01,RED,-0.249762946,0.210626542,0.0122954762,8.91994237e-09,1.86141039e-12,-0.00160530662,2.27578306e-15,-7.48136271e-15,-2.51107118e-12,0.6,0.6,1,0.000626225458,-0.00223714266,-0.0116681994,0.00209771434
100.68,object_red_01,RED,-0.249762945,0.210626542,0.0122355829,8.50689999e-09,1.83965497e-12,-0.00139898337,1.9556402e-15,-7.55805381e-15,-2.64816218e-12,0.6,0.6,1,0.000626225458,-0.00223714301,-0.0116675181,0.00209772341
100.72,object_red_01,RED,-0.249762945,0.210626542,0.0121837142,8.06671335e-09,1.7946352e-12,-0.00120387735,1.96430863e-15,-8.72602096e-15,-2.73023984e-12,0.6,0.6,1,0.000626225458,-0.00223714334,-0.0116668731,0.00209773221
100.76,object_red_01,RED,-0.249762945,0.210626542,0.0121394065,7.59933854e-09,1.72666802e-12,-0.00102068598,2.08411852e-15,-7.90847267e-15,-2.72397022e-12,0.6,0.6,1,0.000626225458,-0.00223714366,-0.0116662665,0.00209774067
100.8,object_red_01,RED,-0.249762945,0.210626542,0.0121021696,7.10474714e-09,1.65059922e-12,-0.000849960524,2.07218877e-15,-7.41858578e-15,-2.69345063e-12,0.6,0.6,1,0.000626225458,-0.00223714395,-0.0116657005,0.00209774873
100.84,object_red_01,RED,-0.249762944,0.210626542,0.0120714824,6.57960503e-09,1.61427149e-12,-0.000692613094,2.05553301e-15,-9.61887359e-15,-2.83481085e-12,0.6,0.6,1,0.000626225458,-0.00223714422,-0.0116651777,0.0020977563
100.88,object_red_01,RED,-0.249760461,0.210628393,0.0120537654,0.000323852462,0.000262855605,-7.77479353e-05,-3.77302109e-07,1.45973955e-06,0.000478416567,0.599801856,0.60019632,1,0.000626527276,-0.00223875341,-0.0116633461,0.00209941347
100.92,object_red_01,RED,-0.249735303,0.210653607,0.0120420197,0.000758402331,0.000851874265,-0.000434577052,8.44856283e-07,-3.26865815e-06,-0.00107127336,0.59488484,0.605118914,1,0.000627316418,-0.00224956714,-0.0116640856,0.00211024093
100.96,object_red_01,RED,-0.249707616,0.210684749,0.0120317829,0.000605826073,0.000541612681,-5.38849257e-05,1.02712344e-07,-3.97372657e-07,-0.000130235533,0.593135416,0.606867276,1,0.000626917687,-0.00225745326,-0.0116631289,0.00211806595
101,object_red_01,RED,-0.249686362,0.210693627,0.0120301203,0.000454387899,1.11889087e-05,-0.00011095683,-2.36906049e-06,9.16561803e-06,0.00300394947,0.58983546,0.610168916,1,0.000626133192,-0.00226746257,-0.0116630567,0.00212795543
101.04,object_red_01,RED,-0.249671682,0.210692546,0.0120245068,0.000289839435,-3.38353661e-05,-0.000113785692,-1.55585451e-06,6.01943547e-06,0.00197281589,0.588396888,0.611603941,1,0.000626076468,-0.00227741451,-0.0116632228,0.00213785406
101.08,object_red_01,RED,-0.249662406,0.210691702,0.0120212561,0.000186226028,-7.98933108e-06,-5.79309835e-05,-7.77801103e-07,3.00922844e-06,0.000986247609,0.587590251,0.612410317,1,0.000626141605,-0.00228361966,-0.0116630327,0.00214403998
101.12,object_red_01,RED,-0.249656362,0.210691806,0.0120196853,0.000121458916,1.03569934e-05,-2.31908814e-05,-3.45409457e-07,1.33635126e-06,0.000437977144,0.587128199,0.61287205,1,0.000626191683,-0.00228726423,-0.0116629099,0.00214767459
101.16,object_red_01,RED,-0.249652479,0.21069238,0.0120192289,7.67817972e-05,1.66120075e-05,-2.77181818e-06,-1.25114906e-07,4.84055692e-07,0.000158644915,0.586867195,0.613132894,1,0.000626218811,-0.00228936002,-0.0116628326,0.00214976461
101.2,object_red_01,RED,-0.249650036,0.210693053,0.0120192628,4.85454865e-05,1.64522756e-05,1.96101538e-06,-3.22218605e-08,1.24662777e-07,4.08571085e-05,0.586709685,0.613290379,1,0.000626230787,-0.00229055494,-0.0116628066,0.00215095566
101.24,object_red_01,RED,-0.249651501,0.210746102,0.0118474086,-0.000218194169,-0.000446926679,4.67551033e-05,0.0136778001,-0.0261446615,0.0012036342,0,0,0,0.000680200161,-0.00229297085,-0.011857147,
101.28,object_red_01,RED,-0.250312194,0.210733231,0.0120072822,-0.0535195364,0.000688067731,-0.00197513346,-0.36380028,0.113115242,0.0886357519,0,0.0867779627,0,0.000677694203,-0.00160887902,-0.0117178798,
101.32,object_red_01,RED,-0.251202438,0.210761446,0.0119610651,-0.00185611066,0.000162283678,-0.000190285684,-0.00709100028,-0.00723773595,-0.00431358998,0,0.0445556699,0,0.000654742358,-0.00068889604,-0.0117433507,
101.36,object_red_01,RED,-0.251218722,0.21075729,0.0119605087,-2.62331161e-05,-0.000189993247,-3.37950524e-06,-0.000103517457,-0.000103955976,0.00247495477,0,0.0473237694,0,0.000653187641,-0.000676630475,-0.011743228,
101.4,object_red_01,RED,-0.251218952,0.210749625,0.0119604286,-3.64606373e-07,-0.000177843928,2.23369209e-06,-3.33604631e-06,-2.42726478e-06,0.00147540895,0,0.048160286,0,0.00065315832,-0.000681814396,-0.0117432291,
101.44,object_red_01,RED,-0.251218955,0.210743485,0.0119604487,6.03177592e-09,-0.000132333842,-2.21108061e-07,-1.02548503e-06,-5.34839576e-07,0.000773216556,0,0.0480857482,0,0.000653199423,-0.000685233852,-0.0117432331,
101.48,object_red_01,RED,-0.251218954,0.210738887,0.0119604392,1.13069359e-08,-0.000100662981,-3.50892803e-07,-5.56979954e-07,-2.85106356e-07,0.000428112893,0,0.0477982013,0,0.000653241108,-0.000687578309,-0.011743234,
101.52,object_red_01,RED,-0.251218954,0.210735311,0.0119604155,1.03025651e-08,-8.01275382e-05,-7.80902987e-07,-3.25206588e-07,-1.66384487e-07,0.000250088394,0,0.0472046263,0,0.000653273867,-0.000689501873,-0.0117432351,
101.56,object_red_01,RED,-0.251218953,0.210732394,0.0119603785,9.22534468e-09,-6.69707833e-05,-1.11446186e-06,-1.95913987e-07,-1.00233704e-07,0.000150662396,0,0.046478901,0,0.000653298303,-0.000691317212,-0.0117432363,
101.6,object_red_01,RED,-0.251218953,0.210729899,0.0119603335,8.41948995e-09,-5.87677173e-05,-1.07863036e-06,-1.1873009e-07,-6.07447888e-08,9.13062163e-05,0,0.0455742254,0,0.000653315827,-0.000693168125,-0.0117432365,
101.64,object_red_01,RED,-0.251218953,0.210727635,0.011960304,8.08202038e-09,-5.51927386e-05,-6.11832817e-07,-5.71549044e-08,-2.92416398e-08,4.39534585e-05,0,0.0443447525,0,0.000653326961,-0.000695154769,-0.0117432349,
101.68,object_red_01,RED,-0.251218952,0.210725438,0.0119602747,8.14107065e-09,-5.50171029e-05,-8.44807371e-07,-1.7371021e-08,-8.887376e-09,1.33587211e-05,0,0.042991574,0,0.000653333666,-0.000697373046,-0.0117432355,
101.72,object_red_01,RED,-0.251218952,0.210723206,0.0119602396,8.44507828e-09,-5.69165087e-05,-8.91364834e-07,5.72018281e-09,2.92656459e-09,-4.39895464e-06,0,0.0414307558,0,0.000653336887,-0.000699862698,-0.0117432358,
101.76,object_red_01,RED,-0.251218952,0.210720866,0.0119601992,8.90467639e-09,-6.01882565e-05,-1.0986125e-06,3.38838123e-08,1.73356647e-08,-2.60574443e-05,0,0.0395613775,0,0.000653337978,-0.00070265353,-0.0117432363,
101.8,object_red_01,RED,-0.251218951,0.210718366,0.0119601535,9.52194903e-09,-6.48280839e-05,-1.21703663e-06,4.93919337e-08,2.52699436e-08,-3.7983553e-05,0,0.0376048061,0,0.000653337237,-0.000705766437,-0.0117432368,
101.84,object_red_01,RED,-0.251218951,0.210715667,0.0119601041,1.01992774e-08,-7.01605695e-05,-1.22850217e-06,5.34771188e-08,2.73600088e-08,-4.11251559e-05,0,0.0354522438,0,0.000653334677,-0.000709195818,-0.011743237,
101.88,object_red_01,RED,-0.251218951,0.210712746,0.0119600505,1.08822012e-08,-7.57942002e-05,-1.42083084e-06,6.77717252e-08,3.46734279e-08,-5.21180432e-05,0,0.0330360932,0,0.000653331459,-0.000712941692,-0.0117432374,
101.92,object_red_01,RED,-0.25121895,0.210709587,0.0119599929,1.16085731e-08,-8.19958981e-05,-1.49704884e-06,7.04079738e-08,3.60221875e-08,-5.41453792e-05,0,0.0305795946,0,0.000653327524,-0.000717003608,-0.0117432377,
101.96,object_red_01,RED,-0.251218947,0.210706119,0.0119599774,1.65468484e-07,-9.26879542e-05,2.98568796e-06,1.2441039e-07,6.36509491e-08,-9.56745009e-05,0,0.0266126712,0,0.00065332363,-0.000721623849,-0.0117432384,
102,object_red_01,RED,-0.251218941,0.210702172,0.0119599373,1.5147175e-07,-0.000103973904,-3.08009835e-06,7.42641072e-08,3.79950674e-08,-5.7110837e-05,0,0.024514528,0,0.000653312523,-0.000726757798,-0.0117432534,
102.04,object_red_01,RED,-0.251218932,0.210697731,0.0119599067,2.95847958e-07,-0.000117881631,4.48361478e-07,5.672513e-08,2.90217606e-08,-4.36229528e-05,0,0.0207882379,0,0.000653296745,-0.000732283754,-0.0117432603,
102.08,object_red_01,RED,-0.251218919,0.210692744,0.011959885,3.96479197e-07,-0.00013176418,-1.12364372e-07,6.19861149e-11,3.17132001e-11,-4.76685231e-08,0,0.0177967362,0,0.000653278346,-0.000738143316,-0.0117432657,
102.12,object_red_01,RED,-0.251218902,0.210687315,0.0119598268,4.09747574e-07,-0.000136896512,-1.56787285e-06,-6.5629579e-08,-3.35774618e-08,5.04706819e-05,0,0.0150464982,0,0.00065326671,-0.000744152375,-0.0117432666,
102.16,object_red_01,RED,-0.251218886,0.210681884,0.01195977,4.06159388e-07,-0.000134646354,-1.40665535e-06,-6.95429248e-08,-3.55796111e-08,5.34801368e-05,0,0.0123268794,0,0.000653265783,-0.000749941452,-0.0117432566,
102.2,object_red_01,RED,-0.25121887,0.210676533,0.0119597141,4.02294691e-07,-0.000133287013,-1.35717579e-06,-6.25831772e-08,-3.20188581e-08,4.8127928e-05,0,0.00943355637,0,0.000653266935,-0.000755618435,-0.0117432444,
102.24,object_red_01,RED,-0.251218855,0.210671491,0.011958899,3.11751923e-07,-0.000114189618,-5.17617596e-05,0.000271307257,-0.00393258344,-0.0014542021,0,0.00644308554,0,0.00065358611,-0.000761327508,-0.0117440446,
102.28,object_red_01,RED,-0.251218846,0.210667517,0.011955669,1.38259002e-07,-8.14703006e-05,-0.000104877612,0.00186206978,-0.00878540658,-0.00370497672,0,0.00349860939,0,0.000655094422,-0.000767155826,-0.0117473337,
102.32,object_red_01,RED,-0.251218843,0.210664898,0.0119517212,4.49918562e-08,-5.39336906e-05,-8.14179368e-05,0.00219620583,-0.00697936905,-0.00455220404,0,0.000448388797,0,0.000657832339,-0.000773011769,-0.0117514638,
102.36,object_red_01,RED,-0.251218842,0.210664273,0.0119486036,7.87448234e-10,-1.04829215e-06,-5.32626597e-05,4.70796759e-05,-0.000127789577,-9.41052636e-05,0,0,0,0.000661981334,-0.000778144448,-0.0117547251,
102.4,object_red_01,RED,-0.251218842,0.210664264,0.0119474115,1.11279338e-11,-1.48140844e-08,-1.42796837e-05,6.65313092e-07,-1.80587588e-06,-1.32986145e-06,0,0,0,0.000664881457,-0.000780918212,-0.0117559175,
102.44,object_red_01,RED,-0.251218842,0.210664263,0.0119471153,1.57257905e-13,-2.09347265e-10,-3.30732698e-06,9.40196256e-09,-2.5519983e-08,-1.87931197e-08,0,0,0,0.000665569956,-0.000781755589,-0.0117562138,
102.48,object_red_01,RED,-0.251218842,0.210664263,0.011947048,2.22230842e-15,-2.95841961e-12,-7.36790287e-07,1.32865439e-10,-3.60638965e-10,-2.65577551e-10,0,0,0,0.000665150888,-0.000781689899,-0.0117562811,
102.52,object_red_01,RED,-0.251218842,0.210664263,0.0119470331,3.19929734e-17,-4.18037911e-14,-1.62243397e-07,1.87738548e-12,-5.09641679e-12,-3.75304458e-12,0,0,0,0.000664571187,-0.000781429336,-0.011756296,
102.56,object_red_01,RED,-0.251218842,0.210664263,0.0119470298,2.78124531e-18,-5.90071089e-16,-3.55987972e-08,2.67841649e-14,-7.17912828e-14,-5.30364971e-14,0,0,0,0.000664213084,-0.000781256551,-0.0117562993,
102.6,object_red_01,RED,-0.251218842,0.210664263,0.0119470291,-2.24653162e-18,-2.81053712e-18,-7.80224902e-09,1.73439562e-16,-1.61770727e-15,-7.50002034e-16,0,0,0,0.00066408775,-0.00078120046,-0.0117563,
102.64,object_red_01,RED,-0.251218842,0.210664263,0.0119470289,-9.18250545e-19,5.05285198e-18,-1.70943792e-09,-3.15718365e-16,-5.08862418e-16,-1.15910387e-17,0,0,0,0.000664087378,-0.000781208051,-0.0117563001,
102.68,object_red_01,RED,-0.251218842,0.210664263,0.0119470289,1.02080457e-18,6.03435977e-18,-3.74489623e-10,-2.83987504e-16,-6.37062165e-16,3.0689704e-19,0,0,0,0.000664121283,-0.000781231298,-0.0117563002,
102.72,object_red_01,RED,-0.251218842,0.210664263,0.0119470289,-4.88704747e-19,5.20576332e-18,-8.20372575e-11,2.37390148e-17,-9.78321097e-16,1.03183807e-18,0,0,0,0.000664147356,-0.000781247643,-0.0117563002,
102.76,object_red_01,RED,-0.251218842,0.210664263,0.0119470289,-3.99397558e-19,4.62069231e-18,-1.79712248e-11,5.41643218e-16,-3.03202111e-16,2.27026344e-19,0,0,0,0.000664157817,-0.000781254093,-0.0117563002,
102.8,object_red_01,RED,-0.251218842,0.210664263,0.0119470289,3.63946562e-18,3.71848331e-19,-3.93673798e-12,7.37369222e-16,7.1057043e-16,1.16987927e-19,0,0,0,0.000664158593,-0.000781254808,-0.0117563002,
102.84,object_red_01,RED,-0.251218842,0.210664263,0.0119470289,8.59841067e-18,-1.72229635e-18,-8.62334261e-13,2.94865085e-16,9.82205794e-16,6.37368405e-19,0,0,0,0.000664156159,-0.000781253336,-0.0117563002,
102.88,object_red_01,RED,-0.251218842,0.210664263,0.0119470289,1.50785549e-18,-7.30768723e-19,-1.88883402e-13,7.58732575e-16,1.41187572e-15,-4.50297508e-19,0,0,0,0.000664153931,-0.000781252049,-0.0117563002,
102.92,object_red_01,RED,-0.251218842,0.210664263,0.0119470289,1.71260856e-18,-1.85560366e-18,-4.14079954e-14,8.44814316e-16,1.15925421e-15,6.88190586e-19,0,0,0,0.000664152968,-0.000781251648,-0.0117563002,
102.96,object_red_01,RED,-0.251218842,0.210664263,0.0119470289,1.55490513e-18,-4.11921418e-18,-9.02825111e-15,8.93667276e-16,1.24815977e-15,-1.21308809e-18,0,0,0,0.000664152813,-0.000781251464,-0.0117563002,
103,object_red_01,RED,-0.251218842,0.210664263,0.0119470289,1.82500492e-18,-2.89853737e-18,-1.96023793e-15,1.02216155e-15,1.36441749e-15,2.07694583e-19,0,0,0,0.000664152905,-0.00078125152,-0.0117563002,
103.04,object_red_01,RED,-0.251218842,0.210664263,0.0119470289,5.83337296e-18,2.76702358e-18,-4.86322539e-16,5.82799087e-16,1.32989901e-15,-5.36323844e-19,0,0,0,0.000664153121,-0.000781251767,-0.0117563002,
103.08,object_red_01,RED,-0.251218842,0.210664263,0.0119470289,1.53604897e-17,5.51768501e-18,-4.292217e-16,1.34325778e-16,1.61324262e-15,1.57017674e-18,0,0,0,0.000664153225,-0.000781251716,-0.0117563002,
103.12,object_red_01,RED,-0.251218842,0.210664263,0.0119470289,2.0502333e-18,4.35452476e-19,-4.23868497e-16,1.05279283e-15,1.47685796e-15,8.56580398e-19,0,0,0,0.0006641532,-0.000781251712,-0.0117563002,
103.16,object_red_01,RED,-0.251218842,0.210664263,0.0119470289,7.30367425e-18,2.733926e-19,-4.23868497e-16,3.35863871e-16,1.82810826e-15,2.56494845e-18,0,0,0,0.000664153246,-0.000781251839,-0.0117563002,
103.2,object_red_01,RED,-0.251218842,0.210664263,0.0119470289,-4.94883647e-18,-9.81439898e-18,-4.25652898e-16,1.16290834e-15,1.86435466e-15,4.44661273e-19,0,0,0,0.000664153241,-0.000781251726,-0.0117563002,
103.24,object_red_01,RED,-0.251218842,0.210664263,0.0119470289,4.00017954e-18,-2.18451551e-18,-4.27437299e-16,6.8835918e-16,1.6571542e-15,1.24448744e-18,0,0,0,0.000664153193,-0.000781251725,-0.0117563002,
103.28,object_red_01,RED,-0.251218842,0.210664263,0.0119470289,2.28417457e-18,4.32271125e-18,-4.27437299e-16,-2.92155845e-16,9.93645275e-16,-1.25714416e-18,0,0,0,0.000664153244,-0.000781251835,-0.0117563002,
103.32,object_red_01,RED,-0.251218842,0.210664263,0.0119470289,7.6769493e-19,4.59673185e-18,-4.31006102e-16,-3.54814537e-17,1.46937318e-15,-1.82295427e-18,0,0,0,0.000664153243,-0.000781251732,-0.0117563002,
103.36,object_red_01,RED,-0.251218842,0.210664263,0.0119470289,1.49474984e-17,7.19928547e-19,-4.25652898e-16,5.54052812e-16,1.3484729e-15,-8.57943296e-19,0,0,0,0.000664153211,-0.00078125175,-0.0117563002,
103.4,object_red_01,RED,-0.251218842,0.210664263,0.0119470289,5.70921419e-18,-2.39057551e-18,-4.27437299e-16,1.00598196e-15,1.21977123e-15,-2.37190281e-19,0,0,0,0.000664153262,-0.000781251841,-0.0117563002,
103.44,object_red_01,RED,-0.251218842,0.210664263,0.0119470289,-1.22320192e-18,-4.07216453e-18,-4.292217e-16,4.76453578e-16,7.25341798e-16,-2.84102585e-18,0,0,0,0.000664153256,-0.000781251746,-0.0117563002,
103.48,object_red_01,RED,-0.251218842,0.210664263,0.0119470289,9.22094713e-18,-2.56047699e-18,-4.23868497e-16,8.85341852e-16,1.26992994e-15,-3.35280878e-18,0,0,0,0.000664153231,-0.000781251775,-0.0117563002,
103.52,object_red_01,RED,-0.251218842,0.210664263,0.0119470289,6.7734945e-18,1.12290001e-18,-4.31006102e-16,4.56975227e-16,1.04189506e-15,-3.62803201e-18,0,0,0,0.000664153276,-0.000781251843,-0.0117563002,
103.56,object_red_01,RED,-0.251218842,0.210664263,0.0119470289,7.48526557e-19,-6.24471385e-19,-4.31006102e-16,9.819658e-17,7.88037125e-16,-3.46508561e-18,0,0,0,0.000664153265,-0.000781251759,-0.0117563002,
103.6,object_red_01,RED,-0.251218842,0.210664263,0.0119470289,7.95888407e-18,-2.3849007e-19,-4.23868497e-16,1.94977611e-17,6.87557701e-16,-1.44216946e-18,0,0,0,0.000664153248,-0.000781251795,-0.0117563002,
103.64,object_red_01,RED,-0.251218842,0.210664263,0.0119470289,7.27615606e-19,-8.45343312e-19,-4.31006102e-16,1.29613274e-16,3.53042928e-16,3.9714584e-19,0,0,0,0.000664153287,-0.000781251843,-0.0117563002,
103.68,object_red_01,RED,-0.251218842,0.210664263,0.0119470289,-6.89355497e-18,2.99007373e-18,-4.32790503e-16,-3.42265472e-16,4.33489914e-16,-3.51654655e-19,0,0,0,0.000664153273,-0.000781251772,-0.0117563002,
103.72,object_red_01,RED,-0.251218842,0.210664263,0.0119470289,-8.08032404e-19,2.69339961e-18,-4.25652898e-16,-3.83578425e-16,6.72710245e-16,1.68708302e-18,0,0,0,0.000664153263,-0.000781251811,-0.0117563002,
103.76,object_red_01,RED,-0.251218842,0.210664263,0.0119470289,9.08408208e-19,4.00991827e-18,-4.31006102e-16,-1.40099045e-16,7.1024215e-16,7.08997666e-19,0,0,0,0.000664153294,-0.000781251841,-0.0117563002,
103.8,object_red_01,RED,-0.251218842,0.210664263,0.0119470289,5.0640242e-18,2.76266713e-18,-4.23868497e-16,1.80665402e-16,1.10502911e-15,-7.54874487e-19,0,0,0,0.000664153281,-0.000781251786,-0.0117563002,
103.84,object_red_01,RED,-0.251218842,0.210664263,0.0119470289,5.30754966e-18,3.43573839e-18,-4.25652898e-16,-3.03937105e-16,8.56107038e-16,-2.15670979e-19,0,0,0,0.000664153275,-0.000781251823,-0.0117563002,
103.88,object_red_01,RED,-0.251218842,0.210664263,0.0119470289,6.1622848e-18,-5.08329617e-18,-4.25652898e-16,8.82514349e-16,4.6793476e-16,-4.46889013e-19,0,0,0,0.000664153298,-0.000781251839,-0.0117563002,
103.92,object_red_01,RED,-0.251218842,0.210664263,0.0119470289,4.35610136e-18,3.73764025e-18,-4.27437299e-16,-2.08726909e-17,5.49028488e-16,-4.26387172e-19,0,0,0,0.000664153287,-0.0007812518,-0.0117563002,
103.96,object_red_01,RED,-0.251218842,0.210664263,0.0119470289,-9.21735704e-19,1.66614911e-18,-4.27437299e-16,1.18460348e-16,-6.53887812e-17,-1.01102032e-18,0,0,0,0.000664153286,-0.00078125183,-0.0117563002,
104,object_red_01,RED,-0.251218842,0.210664263,0.0119470289,-1.48466138e-19,4.11273045e-18,-4.25652898e-16,3.6068306e-16,-6.169057e-17,-1.12416199e-18,0,0,0,0.000664153301,-0.000781251836,-0.0117563002,
104.04,object_red_01,RED,-0.251218842,0.210664263,0.0119470289,1.03475246e-17,4.75530657e-18,-4.31006102e-16,5.69132825e-16,1.15013608e-16,-2.82556044e-18,0,0,0,0.000664153293,-0.000781251813,-0.0117563002,
104.08,object_red_01,RED,-0.251218842,0.210664263,0.0119470289,1.63027168e-18,4.79495025e-18,-4.31006102e-16,2.64094338e-17,1.38527584e-15,-2.53639799e-18,0,0,0,0.000664153293,-0.000781251832,-0.0117563002,
104.12,object_red_01,RED,-0.251218842,0.210664263,0.0119470289,1.59672703e-18,5.62572493e-18,-4.27437299e-16,-1.65075317e-16,1.07378178e-15,-8.85262127e-19,0,0,0,0.0006641533,-0.000781251833,-0.0117563002,
104.16,object_red_01,RED,-0.251218842,0.210664263,0.0119470289,1.72524226e-18,4.94437642e-18,-4.34574904e-16,3.02090925e-16,1.58236099e-15,1.10061844e-18,0,0,0,0.000664153298,-0.000781251826,-0.0117563002,
104.2,object_red_01,RED,-0.251218842,0.210664263,0.0119470289,4.34041814e-18,3.81649197e-18,-4.27437299e-16,1.24290049e-17,1.86804244e-15,2.60936063e-18,0,0,0,0.000664153298,-0.000781251829,-0.0117563002,
104.24,object_red_01,RED,-0.251218842,0.210664263,0.0119470289,1.52745951e-18,1.19695963e-18,-4.292217e-16,9.25712304e-16,1.34209078e-15,2.43964812e-18,0,0,0,0.000664153298,-0.000781251831,-0.0117563002,
104.28,object_red_01,RED,-0.251218842,0.210664263,0.0119470289,7.5559126e-18,-6.73351877e-18,-4.27437299e-16,-7.86794081e-17,9.29779799e-16,1.72462733e-18,0,0,0,0.000664153302,-0.000781251836,-0.0117563002,
104.32,object_red_01,RED,-0.251218842,0.210664263,0.0119470289,-2.97275154e-18,8.96364701e-19,-4.292217e-16,8.72932258e-16,9.10912602e-16,1.65259109e-18,0,0,0,0.000664153299,-0.000781251823,-0.0117563002,
104.36,object_red_01,RED,-0.251218842,0.210664263,0.0119470289,2.16045144e-18,4.9500398e-18,-4.27437299e-16,-8.96770124e-16,1.24142297e-15,1.26829603e-18,0,0,0,0.000664153295,-0.00078125183,-0.0117563002,
104.4,object_red_01,RED,-0.251218842,0.210664263,0.0119470289,7.17472338e-18,3.42354033e-18,-4.25652898e-16,1.99986669e-16,9.35277107e-16,-6.50940836e-19,0,0,0,0.000664153304,-0.000781251844,-0.0117563002,
104.44,object_red_01,RED,-0.251218842,0.210664263,0.0119470289,8.63936128e-18,6.63206447e-18,-4.31006102e-16,3.308372e-16,8.17587839e-16,-1.948639e-19,0,0,0,0.000664153298,-0.000781251813,-0.0117563002,
104.48,object_red_01,RED,-0.251218842,0.210664263,0.0119470289,9.29805626e-18,-1.3431558e-17,-4.292217e-16,6.91657932e-16,1.4965253e-15,9.51000788e-19,0,0,0,0.000664153289,-0.00078125183,-0.0117563002,
104.52,object_red_01,RED,-0.251218842,0.210664263,0.0119470289,2.5342347e-18,-7.14128233e-18,-4.27437299e-16,-7.77369073e-17,1.86354899e-15,-3.85943094e-19,0,0,0,0.000664153306,-0.000781251849,-0.0117563002,
104.56,object_red_01,RED,-0.251218842,0.210664263,0.0119470289,-3.62796136e-18,4.03910647e-18,-4.31006102e-16,-8.35193403e-16,8.64073502e-16,-5.02595008e-19,0,0,0,0.000664153293,-0.0007812518,-0.0117563002,
104.6,object_red_01,RED,-0.251218842,0.210664263,0.0119470289,6.5500087e-18,2.20809127e-18,-4.27437299e-16,-8.96927207e-16,1.53264714e-15,-9.50634002e-19,0,0,0,0.000664153283,-0.00078125183,-0.0117563002,
104.64,object_red_01,RED,-0.251218842,0.210664263,0.0119470289,-1.41314307e-18,-2.38925714e-19,-4.31006102e-16,6.27253709e-16,1.26902549e-15,-1.93604507e-18,0,0,0,0.000664153305,-0.000781251851,-0.0117563002,
104.68,object_red_01,RED,-0.251218842,0.210664263,0.0119470289,1.21466652e-18,5.55690447e-19,-4.22084096e-16,7.28101298e-16,1.40054608e-15,-1.43423326e-18,0,0,0,0.000664153285,-0.000781251785,-0.0117563002,
104.72,object_red_01,RED,-0.251218842,0.210664263,0.0119470289,1.42744271e-17,-1.03092801e-18,-4.25652898e-16,-8.42890493e-16,1.41957281e-15,-2.29907519e-18,0,0,0,0.000664153276,-0.000781251831,-0.0117563002,
104.76,object_red_01,RED,-0.251218842,0.210664263,0.0119470289,3.23344464e-18,2.79229098e-18,-4.23868497e-16,-2.62152902e-16,1.72485717e-15,-1.02007572e-18,0,0,0,0.000664153303,-0.000781251848,-0.0117563002,
104.8,object_red_01,RED,-0.251218842,0.210664263,0.0119470289,2.44884831e-18,-4.49342165e-19,-4.25652898e-16,-1.262757e-16,9.33352835e-16,1.93015447e-18,0,0,0,0.000664153275,-0.000781251768,-0.0117563002,
104.84,object_red_01,RED,-0.251218842,0.210664263,0.0119470289,1.24377485e-17,2.88246946e-18,-4.23868497e-16,4.81951499e-16,9.70731337e-16,2.26673061e-18,0,0,0,0.000664153268,-0.000781251832,-0.0117563002,
104.88,object_red_01,RED,-0.251218842,0.210664263,0.0119470289,1.37072175e-17,2.30959652e-18,-4.22084096e-16,-2.49114974e-16,6.73546592e-16,2.66165813e-18,0,0,0,0.000664153299,-0.000781251842,-0.0117563002,
104.92,object_red_01,RED,-0.251218842,0.210664263,0.0119470289,1.38004455e-17,6.36632113e-18,-4.27437299e-16,-4.3086055e-16,7.40940923e-16,1.42162742e-18,0,0,0,0.000664153261,-0.000781251751,-0.0117563002,
104.96,object_red_01,RED,-0.251218842,0.210664263,0.0119470289,1.40261096e-17,3.67577869e-18,-4.25652898e-16,-4.97778108e-16,1.16046731e-15,5.0057076e-19,0,0,0,0.000664153259,-0.000781251833,-0.0117563002,
105,object_red_01,RED,-0.251218842,0.210664263,0.0119470289,3.36849454e-18,-6.64638981e-18,-4.292217e-16,1.4785257e-17,1.80101811e-15,9.55833728e-19,0,0,0,0.000664153292,-0.00078125183,-0.0117563002,
105.04,object_red_01,RED,-0.251218842,0.210664263,0.0119470289,-1.26894463e-18,-8.40988006e-18,-4.31006102e-16,-1.86124502e-16,1.25850089e-15,1.23726347e-18,0,0,0,0.000664153245,-0.000781251734,-0.0117563002,
105.08,object_red_01,RED,-0.251218842,0.210664263,0.0119470289,9.8796421e-18,-9.67150748e-18,-4.292217e-16,4.42052297e-16,7.73062039e-16,-1.36219702e-18,0,0,0,0.000664153249,-0.000781251834,-0.0117563002,
105.12,object_red_01,RED,-0.251218842,0.210664263,0.0119470289,8.70688623e-18,-8.53795964e-18,-4.25652898e-16,-1.79369913e-16,8.22183144e-16,7.1049558e-20,0,0,0,0.000664153282,-0.000781251813,-0.0117563002,
105.16,object_red_01,RED,-0.251218842,0.210664263,0.0119470289,4.77649861e-18,-5.00357317e-18,-4.25652898e-16,-4.53480569e-16,1.4120144e-15,1.20088923e-18,0,0,0,0.000664153227,-0.000781251717,-0.0117563002,
105.2,object_red_01,RED,-0.251218842,0.210664263,0.0119470289,5.86125423e-18,-7.75902669e-18,-4.31006102e-16,-6.38367814e-16,1.1640158e-15,-2.88012463e-19,0,0,0,0.000664153238,-0.000781251832,-0.0117563002,
105.24,object_red_01,RED,-0.251218842,0.210664263,0.0119470289,1.52476576e-17,-1.64823673e-18,-4.27437299e-16,-1.12532657e-15,1.47204667e-15,-1.30903467e-18,0,0,0,0.00066415327,-0.000781251792,-0.0117563002,
105.28,object_red_01,RED,-0.251218842,0.210664263,0.0119470289,6.42280041e-18,-1.16353944e-17,-4.292217e-16,-2.30893291e-16,1.80932267e-15,-1.46068725e-18,0,0,0,0.000664153208,-0.000781251702,-0.0117563002,
105.32,object_red_01,RED,-0.251218842,0.210664263,0.0119470289,2.38960062e-18,-2.03508933e-18,-4.292217e-16,-1.86438669e-16,1.47632474e-15,-3.19362699e-18,0,0,0,0.000664153227,-0.000781251829,-0.0117563002,
105.36,object_red_01,RED,-0.251218842,0.210664263,0.0119470289,3.84596127e-18,1.31850454e-18,-4.25652898e-16,-3.13833364e-16,9.34302699e-16,-3.45714941e-18,0,0,0,0.000664153253,-0.000781251766,-0.0117563002,
105.4,object_red_01,RED,-0.251218842,0.210664263,0.0119470289,1.62914626e-17,-1.29161901e-17,-4.27437299e-16,-3.08806693e-16,1.54353805e-15,-1.47935766e-18,0,0,0,0.000664153186,-0.000781251687,-0.0117563002,
105.44,object_red_01,RED,-0.251218842,0.210664263,0.0119470289,7.37642693e-18,-1.19856528e-17,-4.22084096e-16,-1.45439883e-16,9.15912274e-16,1.51327239e-19,0,0,0,0.000664153214,-0.000781251823,-0.0117563002,
105.48,object_red_01,RED,-0.251218842,0.210664263,0.0119470289,1.8180346e-18,-3.93667899e-18,-4.22084096e-16,-5.05318115e-16,6.78217984e-16,1.64808598e-19,0,0,0,0.000664153234,-0.000781251737,-0.0117563002,
105.52,object_red_01,RED,-0.251218842,0.210664263,0.0119470289,6.18668091e-18,-6.54314199e-18,-4.25652898e-16,-3.23258372e-16,1.08158993e-15,9.02824005e-19,0,0,0,0.000664153163,-0.000781251673,-0.0117563002,
105.56,object_red_01,RED,-0.251218842,0.210664263,0.0119470289,1.4904297e-18,-6.69736025e-18,-4.25652898e-16,-5.24796465e-16,6.48056731e-16,-1.74593247e-18,0,0,0,0.000664153199,-0.000781251813,-0.0117563002,
105.6,object_red_01,RED,-0.251218842,0.210664263,0.0119470289,4.08723593e-19,-7.84397743e-18,-4.23868497e-16,-6.46693238e-16,3.4058854e-16,-1.04388431e-18,0,0,0,0.000664153212,-0.000781251704,-0.0117563002,
105.64,object_red_01,RED,-0.251218842,0.210664263,0.0119470289,1.39589477e-18,-9.69677488e-18,-4.20299694e-16,-1.12469824e-15,8.77766149e-16,2.99927432e-19,0,0,0,0.000664153139,-0.000781251661,-0.0117563002,
105.68,object_red_01,RED,-0.251218842,0.210664263,0.0119470289,8.77789634e-18,-6.13842794e-18,-4.27437299e-16,7.04538777e-16,1.13645685e-15,2.95348857e-19,0,0,0,0.000664153183,-0.000781251799,-0.0117563002,
105.72,object_red_01,RED,-0.251218842,0.210664263,0.0119470289,2.28417457e-18,-4.18151139e-18,-4.292217e-16,-5.97211945e-16,1.49646272e-15,-1.18910429e-19,0,0,0,0.000664153185,-0.00078125167,-0.0117563002,
105.76,object_red_01,RED,-0.251218842,0.210664263,0.0119470289,3.74402038e-18,-4.89553325e-18,-4.292217e-16,-2.29165373e-16,1.37780211e-15,7.57807521e-20,0,0,0,0.000664153114,-0.000781251649,-0.0117563002,
105.8,object_red_01,RED,-0.251218842,0.210664263,0.0119470289,5.21693553e-18,-7.65665016e-18,-4.292217e-16,-2.9781085e-16,1.38475121e-15,1.17372302e-18,0,0,0,0.000664153164,-0.000781251782,-0.0117563002,
105.84,object_red_01,RED,-0.251218842,0.210664263,0.0119470289,6.75345483e-18,1.1263966e-19,-4.31006102e-16,-2.51471226e-16,1.39232742e-15,3.92465519e-19,0,0,0,0.000664153156,-0.000781251634,-0.0117563002,
105.88,object_red_01,RED,-0.251218842,0.210664263,0.0119470289,5.62513473e-18,-6.79362633e-19,-4.292217e-16,-7.67944065e-17,6.11935509e-16,-2.16288803e-18,0,0,0,0.000664153089,-0.000781251637,-0.0117563002,
105.92,object_red_01,RED,-0.251218842,0.210664263,0.0119470289,-1.19749888e-18,6.14109276e-18,-4.31006102e-16,-3.43836307e-16,9.10485531e-16,-1.61610443e-18,0,0,0,0.000664153143,-0.000781251759,-0.0117563002,
105.96,object_red_01,RED,-0.251218842,0.210664263,0.0119470289,-8.32428515e-19,2.34620211e-19,-4.292217e-16,-1.18360454e-15,1.18635663e-15,-1.07456076e-18,0,0,0,0.000664153125,-0.000781251598,-0.0117563002,
106,object_red_01,RED,-0.251218842,0.210664263,0.0119470289,1.716965e-18,1.98897335e-19,-4.25652898e-16,-6.32555726e-16,1.70444369e-15,-1.61869896e-18,0,0,0,0.000664153063,-0.000781251624,-0.0117563002,
106.04,object_red_01,RED,-0.251218842,0.210664263,0.0119470289,8.32787523e-18,1.10025791e-19,-4.31006102e-16,6.57099569e-16,1.14634943e-15,-2.37365509e-18,0,0,0,0.000664153119,-0.000781251732,-0.0117563002,
106.08,object_red_01,RED,-0.251218842,0.210664263,0.0119470289,2.95288937e-18,-2.43239741e-18,-4.25652898e-16,6.01963271e-16,8.20890887e-16,-1.55322534e-18,0,0,0,0.00066415309,-0.000781251562,-0.0117563002,
106.12,object_red_01,RED,-0.251218842,0.210664263,0.0119470289,7.08447233e-19,1.38820771e-18,-4.32790503e-16,5.2907654e-16,1.29444417e-15,6.55530085e-19,0,0,0,0.000664153036,-0.00078125161,-0.0117563002,
106.16,object_red_01,RED,-0.251218842,0.210664263,0.0119470289,1.13717256e-17,6.17116368e-19,-4.22084096e-16,-7.17066633e-16,1.41634708e-15,2.17449776e-18,0,0,0,0.000664153092,-0.0007812517,-0.0117563002,
106.2,object_red_01,RED,-0.251218842,0.210664263,0.0119470289,2.10730277e-18,4.82066472e-19,-4.20299694e-16,7.53391736e-16,1.64342167e-15,-3.27439081e-19,0,0,0,0.000664153053,-0.000781251528,-0.0117563002,
106.24,object_red_01,RED,-0.251218842,0.210664263,0.0119470289,-1.87666916e-18,-7.46758031e-18,-4.20299694e-16,4.05923099e-16,1.27936784e-15,1.53085187e-18,0,0,0,0.000664153008,-0.000781251594,-0.0117563002,
106.28,object_red_01,RED,-0.251218842,0.210664263,0.0119470289,2.50286827e-18,1.54721807e-18,-4.23868497e-16,-6.14962377e-16,1.97576488e-15,1.74863941e-18,0,0,0,0.000664153062,-0.000781251663,-0.0117563002,
106.32,object_red_01,RED,-0.251218842,0.210664263,0.0119470289,-6.93319865e-18,3.21225259e-18,-4.25652898e-16,-4.60392242e-16,1.33549388e-15,1.94144829e-18,0,0,0,0.000664153015,-0.000781251496,-0.0117563002,
106.36,object_red_01,RED,-0.251218842,0.210664263,0.0119470289,-4.88958878e-18,-7.63877729e-19,-4.23868497e-16,1.52565074e-17,1.73608741e-15,-9.73402535e-20,0,0,0,0.000664152979,-0.000781251576,-0.0117563002,
106.4,object_red_01,RED,-0.251218842,0.210664263,0.0119470289,2.86880992e-18,6.32885568e-18,-4.25652898e-16,3.14029269e-16,1.54083082e-15,-2.34562404e-18,0,0,0,0.000664153028,-0.000781251621,-0.0117563002,
106.44,object_red_01,RED,-0.251218842,0.210664263,0.0119470289,1.46472665e-18,3.57209522e-18,-4.292217e-16,3.59915255e-17,1.71050858e-15,-2.7572888e-18,0,0,0,0.000664152976,-0.000781251465,-0.0117563002,
106.48,object_red_01,RED,-0.251218842,0.210664263,0.0119470289,-1.57389601e-18,-3.55069768e-18,-4.27437299e-16,3.75763073e-16,1.41215798e-15,-1.25180249e-18,0,0,0,0.000664152949,-0.000781251553,-0.0117563002,
106.52,object_red_01,RED,-0.251218842,0.210664263,0.0119470289,1.32789787e-17,-2.14225796e-18,-4.292217e-16,-8.48859665e-16,1.07695597e-15,1.40280439e-18,0,0,0,0.000664152991,-0.000781251577,-0.0117563002,
106.56,object_red_01,RED,-0.251218842,0.210664263,0.0119470289,-3.49944614e-18,6.42819413e-19,-4.25652898e-16,-1.79369913e-16,1.93878338e-15,-8.0071111e-19,0,0,0,0.000664152936,-0.000781251438,-0.0117563002,
106.6,object_red_01,RED,-0.251218842,0.210664263,0.0119470289,-3.04063908e-20,-3.86131244e-18,-4.25652898e-16,2.20564604e-16,2.00834375e-15,-3.28812653e-19,0,0,0,0.000664152917,-0.000781251526,-0.0117563002,
106.64,object_red_01,RED,-0.251218842,0.210664263,0.0119470289,-5.04642091e-18,6.98146305e-19,-4.23868497e-16,-8.64253845e-16,1.2863556e-15,1.25842666e-18,0,0,0,0.00066415295,-0.00078125153,-0.0117563002,
106.68,object_red_01,RED,-0.251218842,0.210664263,0.0119470289,-3.58613946e-18,2.80884549e-18,-4.22084096e-16,-7.42810709e-17,1.13565241e-15,1.23639863e-18,0,0,0,0.000664152895,-0.000781251412,-0.0117563002,
106.72,object_red_01,RED,-0.251218842,0.210664263,0.0119470289,4.77214217e-18,7.49552395e-19,-4.18515293e-16,-1.07741612e-15,1.53621404e-15,4.56639037e-20,0,0,0,0.000664152883,-0.000781251493,-0.0117563002,
106.76,object_red_01,RED,-0.251218842,0.210664263,0.0119470289,9.16779846e-18,-1.2465722e-18,-4.23868497e-16,-8.16814637e-16,1.85781238e-15,2.47222947e-19,0,0,0,0.000664152905,-0.00078125148,-0.0117563002,
106.8,object_red_01,RED,-0.251218842,0.210664263,0.0119470289,6.97781192e-18,2.72868684e-18,-4.23868497e-16,6.37307052e-16,2.45058097e-15,-8.81904505e-19,0,0,0,0.000664152854,-0.000781251387,-0.0117563002,
106.84,object_red_01,RED,-0.251218842,0.210664263,0.0119470289,1.03549306e-17,7.96166391e-19,-4.20299694e-16,4.45036883e-16,1.86671705e-15,-9.03016823e-19,0,0,0,0.000664152846,-0.000781251455,-0.0117563002,
106.88,object_red_01,RED,-0.251218842,0.210664263,0.0119470289,1.7596582e-18,3.41787695e-18,-4.20299694e-16,-1.16868161e-15,1.93720089e-15,-1.97501383e-18,0,0,0,0.000664152858,-0.000781251431,-0.0117563002,
106.92,object_red_01,RED,-0.251218842,0.210664263,0.0119470289,9.83346375e-18,-7.67059079e-18,-4.23868497e-16,3.38377207e-16,1.51105e-15,-1.61925856e-18,0,0,0,0.000664152814,-0.000781251363,-0.0117563002,
106.96,object_red_01,RED,-0.251218842,0.210664263,0.0119470289,1.01644813e-18,-9.18314963e-18,-4.27437299e-16,2.01714587e-16,1.26576109e-15,-1.28502259e-18,0,0,0,0.000664152806,-0.00078125141,-0.0117563002,
107,object_red_01,RED,-0.251218842,0.210664263,0.0119470289,4.37134893e-18,-7.83439325e-18,-4.27437299e-16,-1.95863677e-16,1.89087845e-15,-1.20487493e-19,0,0,0,0.000664152807,-0.000781251382,-0.0117563002,
107.04,object_red_01,RED,-0.251218842,0.210664263,0.0119470289,1.14584189e-17,-3.46748952e-18,-4.31006102e-16,-3.29681181e-17,1.52952204e-15,1.70913365e-19,0,0,0,0.000664152773,-0.000781251338,-0.0117563002,
107.08,object_red_01,RED,-0.251218842,0.210664263,0.0119470289,2.25934281e-18,-9.13739549e-19,-4.22084096e-16,-8.95984706e-16,1.60289965e-15,4.84291383e-19,0,0,0,0.000664152763,-0.000781251358,-0.0117563002,
107.12,object_red_01,RED,-0.251218842,0.210664263,0.0119470289,1.35102335e-18,-7.66055953e-19,-4.20299694e-16,4.23987698e-16,2.05237437e-15,-1.15748384e-18,0,0,0,0.000664152754,-0.000781251335,-0.0117563002,
107.16,object_red_01,RED,-0.251218842,0.210664263,0.0119470289,3.58624438e-19,-2.79005038e-19,-4.25652898e-16,-4.61491826e-16,1.26610533e-15,-1.46338352e-18,0,0,0,0.000664152732,-0.000781251312,-0.0117563002,
107.2,object_red_01,RED,-0.251218842,0.210664263,0.0119470289,-6.73715848e-18,3.19918325e-18,-4.25652898e-16,-2.99695851e-16,1.44214558e-15,-1.75656494e-18,0,0,0,0.00066415272,-0.000781251308,-0.0117563002,
107.24,object_red_01,RED,-0.251218842,0.210664263,0.0119470289,9.87695567e-19,-4.06650115e-18,-4.25652898e-16,4.93732759e-16,1.93435989e-15,-3.5770572e-18,0,0,0,0.000664152756,-0.000781251355,-0.0117563719,
107.28,object_red_01,RED,-0.251218842,0.210664263,0.0119470289,1.50219211e-18,-3.45442017e-18,-4.23868497e-16,-2.78332499e-16,1.89604318e-15,2.11357443e-19,0,0,0,0.000664152873,-0.00078125146,-0.0117570954,
107.32,object_red_01,RED,-0.251218842,0.210664263,0.0119470289,4.98778635e-18,-6.13580264e-19,-4.23868497e-16,-1.52037389e-16,1.56210888e-15,3.28670708e-19,0,0,0,0.000664152999,-0.000781251561,-0.0117592606,
107.36,object_red_01,RED,-0.251218842,0.210664263,0.0119470289,1.19537471e-17,-2.68507141e-18,-4.23868497e-16,-1.842395e-16,1.34576444e-15,-1.23165676e-18,0,0,0,0.000664153079,-0.000781251622,-0.0117636249,
107.4,object_red_01,RED,-0.251218842,0.210664263,0.0119470289,1.43771667e-18,6.00517157e-18,-4.23868497e-16,-2.94512097e-16,1.53810211e-15,-7.27962641e-19,0,0,0,0.00066415311,-0.000781251647,-0.0117709142,
107.44,object_red_01,RED,-0.251218842,0.210664263,0.0119470289,3.31883103e-18,2.18935854e-18,-4.25652898e-16,2.52923799e-16,1.64855879e-15,5.18427202e-19,0,0,0,0.000664153112,-0.000781251652,-0.0117818223,
107.48,object_red_01,RED,-0.251218842,0.210664263,0.0119470289,-4.17730949e-18,3.21355953e-18,-4.25652898e-16,3.70579318e-16,2.09975467e-15,3.44209585e-20,0,0,0,0.000664153104,-0.000781251649,-0.0117970124,
107.52,object_red_01,RED,-0.251218842,0.210664263,0.0119470289,9.22784488e-19,-6.5103429e-20,-4.23868497e-16,-1.90051589e-16,2.10004123e-15,-7.10309691e-19,0,0,0,0.000664153098,-0.000781251646,-0.0118171175,
107.56,object_red_01,RED,-0.251218842,0.210664263,0.0119470289,4.38354698e-18,-5.41177237e-18,-4.20299694e-16,-9.14031692e-17,2.27420139e-15,-1.45239494e-18,0,0,0,0.000664153095,-0.000781251645,-0.0118427408,
107.6,object_red_01,RED,-0.251218842,0.210664263,0.0119470289,-4.56902675e-19,-2.22982257e-18,-4.22084096e-16,2.57322136e-16,1.70908378e-15,-2.06780629e-18,0,0,0,0.000664153094,-0.000781251645,-0.0118744548,
107.64,object_red_01,RED,-0.251218842,0.210664263,0.0119470289,6.86323733e-18,-1.62384061e-18,-4.25652898e-16,3.16108015e-18,8.72169436e-16,-4.17334028e-18,0,0,0,0.000664153094,-0.000781251645,-0.0119128035,
107.68,object_red_01,RED,-0.251218842,0.210664263,0.0119470289,2.82088899e-18,-8.62813812e-18,-4.23868497e-16,-1.60991147e-16,1.57428162e-15,-3.35153695e-18,0,0,0,0.000664153095,-0.000781251645,-0.011958303,
107.72,object_red_01,RED,-0.251218842,0.210664263,0.0119470289,-5.97615954e-19,-6.41461533e-19,-4.23868497e-16,8.97594363e-16,1.87524067e-15,-1.9157976e-18,0,0,0,0.000664153095,-0.000781251646,-0.0120114401,
107.76,object_red_01,RED,-0.251218842,0.210664263,0.0119470289,6.32521597e-18,-5.3965248e-18,-4.25652898e-16,-2.33406627e-16,1.81920175e-15,-7.06087228e-19,0,0,0,0.000664153095,-0.000781251646,-0.0120726732,
107.8,object_red_01,RED,-0.251218842,0.210664263,0.0119470289,-1.1704889e-18,-1.33065165e-18,-4.23868497e-16,6.17671618e-16,9.93383878e-16,-2.2650694e-19,0,0,0,0.000664153095,-0.000781251646,-0.0121424342,
107.84,object_red_01,RED,-0.251218842,0.210664263,0.0119470289,-1.01852142e-19,5.42053621e-18,-4.23868497e-16,-2.32289429e-17,8.73875265e-16,-1.6830025e-18,0,0,0,0.000664153095,-0.000781251646,-0.0122211294,
107.88,object_red_01,RED,-0.251218842,0.210664263,0.0119470289,3.45431657e-18,6.01475576e-18,-4.20299694e-16,-2.49114974e-16,1.00481047e-15,-2.96813502e-19,0,0,0,0.000664153095,-0.000781251646,-0.0123091355,
107.92,object_red_01,RED,-0.251218842,0.210664263,0.0119470289,-1.86142159e-18,5.16699093e-18,-4.20299694e-16,-3.29070461e-16,8.89706947e-16,1.15280839e-20,0,0,0,0.000664153095,-0.000781251645,-0.0124068045,
107.96,object_red_01,RED,-0.251218842,0.210664263,0.0119470289,7.59947708e-18,-1.24526526e-18,-4.22084096e-16,5.60807401e-16,1.71288079e-15,-5.90961505e-19,0,0,0,0.000664153095,-0.000781251646,-0.0125144633,
108,object_red_01,RED,-0.251218842,0.210664263,0.0119470289,6.60838511e-18,-1.12337298e-17,-4.23868497e-16,5.87197424e-16,1.27304645e-15,-3.07344224e-19,0,0,0,0.000664153095,-0.000781251646,-0.0126324142,
108.04,object_red_01,RED,-0.251218842,0.210664263,0.0119470289,2.14912467e-18,7.73511717e-18,-4.23868497e-16,1.23956508e-15,1.4588222e-15,-7.49278451e-19,0,0,0,0.000664153095,-0.000781251646,-0.0127608979,
108.08,object_red_01,RED,-0.251218842,0.210664263,0.0119470289,7.72624973e-18,1.40258399e-18,-4.22084096e-16,1.20783422e-15,1.46489691e-15,-2.18415296e-18,0,0,0,0.000664153095,-0.000781251646,-0.0129002685,
108.12,object_red_01,RED,-0.251218842,0.210664263,0.0119470289,6.83056397e-18,-1.456553e-18,-4.20299694e-16,7.81980928e-16,1.45095698e-15,4.0498029e-19,0,0,0,0.000664153095,-0.000781251646,-0.0130506537,
108.16,object_red_01,RED,-0.251218842,0.210664263,0.0119470289,-1.82083356e-20,1.75676323e-18,-4.22084096e-16,8.88483521e-16,1.35647741e-15,-3.40716948e-19,0,0,0,0.000664153095,-0.000781251646,-0.0132122913,
108.2,object_red_01,RED,-0.251218842,0.210664263,0.0119470289,2.56865064e-18,5.05155648e-19,-4.22084096e-16,1.18285795e-15,1.81982579e-15,-1.19470032e-19,0,0,0,0.000664153095,-0.000781251646,-0.0133853622,
108.24,object_red_01,RED,-0.251218842,0.210664263,0.0119470289,-2.93535865e-19,-5.90405103e-18,-4.23868497e-16,6.98726689e-16,1.68723691e-15,4.96704408e-19,0,0,0,0.000664153095,-0.000781251646,-0.0135700253,
108.28,object_red_01,RED,-0.251218842,0.210664263,0.0119470289,6.74125678e-18,5.98338933e-18,-4.23868497e-16,6.58199153e-16,1.3386736e-15,-2.78740565e-18,0,0,0,0.000664153095,-0.000781251646,-0.0137663887,
108.32,object_red_01,RED,-0.251218842,0.210664263,0.0119470289,8.19674614e-18,-8.6259599e-18,-4.20299694e-16,1.20013713e-15,2.2422214e-15,-6.93216345e-19,0,0,0,0.000664153095,-0.000781251646,-0.0139746573,
108.36,object_red_01,RED,-0.251218842,0.210664263,0.0119470289,6.44545394e-18,-5.94195213e-18,-4.18515293e-16,6.74221667e-16,2.2907289e-15,-7.29488833e-19,0,0,0,0.000664153095,-0.000781251646,-0.0141948334,
108.4,object_red_01,RED,-0.251218842,0.210664263,0.0119470289,1.50729641e-17,-6.49739928e-18,-4.22084096e-16,1.08420953e-15,2.4506276e-15,1.12829338e-18,0,0,0,0.000664153095,-0.000781251646,-0.0144270203,
108.44,object_red_01,RED,-0.251218842,0.210664263,0.0119470289,-2.66082985e-18,2.89553881e-18,-4.20299694e-16,9.04506035e-16,1.49823543e-15,-1.00338936e-18,0,0,0,0.000664153095,-0.000781251646,-0.0146712719,
108.48,object_red_01,RED,-0.251218842,0.210664263,0.0119470289,-4.02309122e-18,1.78900095e-18,-4.20299694e-16,1.18568545e-15,1.5124705e-15,-1.90460553e-18,0,0,0,0.000664153095,-0.000781251646,-0.0149276212,
108.52,object_red_01,RED,-0.251218842,0.210664263,0.0119470289,9.11247156e-18,4.26739579e-19,-4.20299694e-16,1.50034125e-16,2.80310941e-15,7.50662698e-19,0,0,0,0.000664153095,-0.000781251646,-0.0151960742,
108.56,object_red_01,RED,-0.251218842,0.210664263,0.0119470289,-4.29457051e-19,-2.879369e-18,-4.18515293e-16,-2.32621209e-16,1.98930413e-15,-7.10716676e-19,0,0,0,0.000664153095,-0.000781251646,-0.0154766322,
108.6,object_red_01,RED,-0.251218842,0.210664263,0.0119470289,-9.683497e-19,-6.24895601e-20,-4.18515293e-16,4.30602817e-17,1.68094191e-15,-6.48346311e-19,0,0,0,0.000664153095,-0.000781251646,-0.0157692564,
108.64,object_red_01,RED,-0.251218842,0.210664263,0.0119470289,7.55809083e-18,5.96378531e-18,-4.23868497e-16,5.42742802e-16,2.55963985e-15,-9.78207198e-19,0,0,0,0.000664153095,-0.000781251646,-0.0160739382,
108.68,object_red_01,RED,-0.251218842,0.210664263,0.0119470289,4.79305312e-18,-7.97554217e-18,-4.22084096e-16,6.74535834e-16,1.7324205e-15,-1.44110112e-18,0,0,0,0.000664153095,-0.000781251646,-0.016390581,
108.72,object_red_01,RED,-0.251218842,0.210664263,0.0119470289,-6.57553425e-18,-5.05280104e-18,-4.20299694e-16,5.25149453e-16,1.81457945e-15,-1.9150345e-18,0,0,0,0.000664153095,-0.000781251646,-0.0167190936,
108.76,object_red_01,RED,-0.251218842,0.210664263,0.0119470289,8.57183633e-18,3.37213424e-18,-4.22084096e-16,1.42963608e-15,2.09593374e-15,-1.86426319e-18,0,0,0,0.000664153095,-0.000781251646,-0.0170594582,
108.8,object_red_01,RED,-0.251218842,0.210664263,0.0119470289,8.56835118e-18,-5.36035485e-19,-4.22084096e-16,5.05671103e-16,2.02278193e-15,-1.0305047e-18,0,0,0,0.000664153095,-0.000781251646,-0.0174114834,
108.84,object_red_01,RED,-0.251218842,0.210664263,0.0119470289,-1.71896573e-18,4.34318656e-18,-4.18515293e-16,1.65253752e-15,9.82332811e-16,-7.53907899e-19,0,0,0,0.000664153095,-0.000781251646,-0.0177750576,
108.88,object_red_01,RED,-0.251218842,0.210664263,0.0119470289,-5.9103046e-18,1.72408987e-18,-4.22084096e-16,1.3363285e-15,3.79010789e-16,2.02253994e-18,0,0,0,0.000664153095,-0.000781251646,-0.0181500709,
108.92,object_red_01,RED,-0.251218842,0.210664263,0.0119470289,8.80890018e-20,-6.07743767e-18,-4.18515293e-16,1.7221255e-15,2.52201283e-15,5.02910921e-19,0,0,0,0.000664153095,-0.000781251646,-0.0185363307,
108.96,object_red_01,RED,-0.251218842,0.210664263,0.0119470289,-2.51663141e-18,-6.16630921e-18,-4.20299694e-16,1.66023461e-15,1.44283896e-15,9.7735303e-19,0,0,0,0.000664153095,-0.000781251646,-0.0189336737,
109,object_red_01,RED,-0.251218842,0.210664263,0.0119470289,4.97079621e-18,-2.10348557e-18,-4.23868497e-16,1.85501812e-15,9.39910456e-16,5.19190298e-19,0,0,0,0.000664153095,-0.000781251646,-0.0193419135,
109.04,object_red_01,RED,-0.251218842,0.210664263,0.0119470289,3.34061327e-18,-5.07153376e-18,-4.25652898e-16,2.50864244e-15,1.12812836e-15,1.83654805e-18,0,0,0,0.000664153095,-0.000781251646,-0.0197608398,
109.08,object_red_01,RED,-0.251218842,0.210664263,0.0119470289,1.1366861e-18,8.28707917e-18,-4.27437299e-16,1.31072389e-15,6.32030614e-17,-2.03817557e-19,0,0,0,0.000664153095,-0.000781251646,-0.0201902621,
109.12,object_red_01,RED,-0.251218842,0.210664263,0.0119470289,-2.06835288e-18,5.9986369e-18,-4.18515293e-16,1.5909608e-15,1.57396078e-16,-1.03223438e-18,0,0,0,0.000664153095,-0.000781251646,-0.0206299266,
109.16,object_red_01,RED,-0.251218842,0.210664263,0.0119470289,3.7422778e-18,3.72762042e-18,-4.20299694e-16,1.36994436e-15,1.43857377e-15,6.85567783e-20,0,0,0,0.000664153095,-0.000781251646,-0.0210796023,
109.2,object_red_01,RED,-0.251218842,0.210664263,0.0119470289,-1.13302344e-18,4.72437578e-18,-4.23868497e-16,1.70924466e-15,8.547074e-16,-1.00654349e-18,0,0,0,0.000664153095,-0.000781251646,-0.0215390349,
109.24,object_red_01,RED,-0.251218842,0.210664263,0.0119470289,7.48098169e-18,2.23902205e-18,-4.23868497e-16,7.63916329e-16,1.16175343e-15,-9.66048538e-19,0,0,0,0.000664153095,-0.000781251646,-0.0220079625,
109.28,object_red_01,RED,-0.251218842,0.210664263,0.0119470289,1.16531522e-17,2.61672612e-18,-4.292217e-16,1.59598747e-15,6.02730786e-16,-1.38804053e-18,0,0,0,0.000664153095,-0.000781251646,-0.0224861017,
109.32,object_red_01,RED,-0.251218842,0.210664263,0.0119470289,6.7647816e-18,2.41023047e-18,-4.22084096e-16,8.46385151e-16,1.14312983e-15,-1.44176247e-18,0,0,0,0.000664153095,-0.000781251646,-0.0229731745,
109.36,object_red_01,RED,-0.251218842,0.210664263,0.0119470289,-1.69021318e-18,4.90778225e-18,-4.22084096e-16,1.13070623e-15,1.16808708e-15,-1.74196437e-18,0,0,0,0.000664153095,-0.000781251646,-0.02346888,
109.4,object_red_01,RED,-0.251218842,0.210664263,0.0119470289,8.85246466e-20,4.71348466e-18,-4.22084096e-16,1.27208136e-15,1.30988744e-15,7.7452216e-19,0,0,0,0.000664153095,-0.000781251646,-0.0239729106,
109.44,object_red_01,RED,-0.251218842,0.210664263,0.0119470289,1.14801286e-18,5.68802214e-18,-4.22084096e-16,1.19636712e-15,-1.83141251e-16,2.18685991e-18,0,0,0,0.000664153095,-0.000781251646,-0.0244849507,
109.48,object_red_01,RED,-0.251218842,0.210664263,0.0119470289,1.07038821e-17,-4.54994119e-20,-4.22084096e-16,1.96906072e-15,7.57016287e-17,1.65055616e-18,0,0,0,0.000664153095,-0.000781251646,-0.0250046763,
109.52,object_red_01,RED,-0.251218842,0.210664263,0.0119470289,1.05871293e-17,-6.04431723e-19,-4.20299694e-16,2.60226419e-15,2.13387745e-16,-1.55429367e-18,0,0,0,0.000664153095,-0.000781251646,-0.0255317475,
109.56,object_red_01,RED,-0.251218842,0.210664263,0.0119470289,1.07696645e-17,-9.04809973e-18,-4.20299694e-16,2.87103401e-15,-1.71508483e-16,1.07701334e-18,0,0,0,0.000664153095,-0.000781251646,-0.026065828,
109.6,object_red_01,RED,-0.251218842,0.210664263,0.0119470289,2.64532413e-18,-8.50877144e-18,-4.25652898e-16,2.489007e-15,-4.859178e-16,-1.08402315e-18,0,0,0,0.000664153095,-0.000781251646,-0.0266065608,
109.64,object_red_01,RED,-0.251218842,0.210664263,0.0119470289,1.23785008e-17,3.94587848e-18,-4.23868497e-16,1.10667246e-15,-4.75931954e-16,1.39441033e-18,0,0,0,0.000664153095,-0.000781251646,-0.0271535959,
109.68,object_red_01,RED,-0.251218842,0.210664263,0.0119470289,-3.68677341e-18,6.98842194e-18,-4.25652898e-16,1.07824035e-15,1.65676709e-16,-1.49075323e-18,0,0,0,0.000664153095,-0.000781251646,-0.0277065549,
109.72,object_red_01,RED,-0.251218842,0.210664263,0.0119470289,9.37821491e-18,-3.74412398e-18,-4.23868497e-16,1.30962431e-15,6.00372693e-16,5.97026072e-19,0,0,0,0.000664153095,-0.000781251646,-0.028265091,
109.76,object_red_01,RED,-0.251218842,0.210664263,0.0119470289,1.7801335e-18,-4.58490707e-19,-4.27437299e-16,2.23186136e-15,5.52815059e-16,9.15033538e-19,0,0,0,0.000664153095,-0.000781251646,-0.028828805,
109.8,object_red_01,RED,-0.251218842,0.210664263,0.0119470289,6.47289957e-18,-7.58084796e-18,-4.23868497e-16,3.16415176e-15,2.49421221e-16,1.01367639e-18,0,0,0,0.000664153095,-0.000781251646,-0.0293973234,
109.84,object_red_01,RED,-0.251218842,0.210664263,0.0119470289,1.99011431e-18,4.08223531e-18,-4.22084096e-16,2.43921154e-15,8.03044119e-16,8.87002485e-19,0,0,0,0.000664153095,-0.000781251646,-0.0299702554,
109.88,object_red_01,RED,-0.251218842,0.210664263,0.0119470289,8.75299202e-19,-4.81276074e-18,-4.20299694e-16,1.0873512e-15,1.29964843e-17,2.03129011e-18,0,0,0,0.000664153095,-0.000781251646,-0.030547209,
109.92,object_red_01,RED,-0.251218842,0.210664263,0.0119470289,1.26106995e-17,-1.07475502e-17,-4.22084096e-16,2.01131617e-15,6.92204549e-16,1.66129038e-18,0,0,0,0.000664153095,-0.000781251646,-0.0311277886,
109.96,object_red_01,RED,-0.251218842,0.210664263,0.0119470289,3.56409907e-18,-4.22899667e-18,-4.16730892e-16,3.07241502e-15,8.83133372e-16,2.62767493e-18,0,0,0,0.000664153095,-0.000781251646,-0.0317115838,
110,object_red_01,RED,-0.251218842,0.210664263,0.0119470289,5.16422251e-18,-1.0817689e-17,-4.25652898e-16,1.98696823e-15,7.96751576e-16,3.07169495e-18,0,0,0,0.000664153095,-0.000781251646,-0.0322982146,
110.04,object_red_01,RED,-0.251218842,0.210664263,0.0119470289,7.63345738e-18,-2.8728229e-19,-4.25652898e-16,1.32690349e-15,1.17064398e-15,-5.50771791e-19,0,0,0,0.000664153095,-0.000781251646,-0.0328872475,
110.08,object_red_01,RED,-0.251218842,0.210664263,0.0119470289,5.14244027e-18,2.74785521e-18,-4.23868497e-16,3.98383093e-16,1.61134174e-16,-1.91264347e-18,0,0,0,0.000664153095,-0.000781251646,-0.0334782899,
110.12,object_red_01,RED,-0.251218842,0.210664263,0.0119470289,6.10434404e-18,-5.49540475e-19,-4.22084096e-16,9.94200697e-16,4.37183216e-16,-8.05340558e-19,0,0,0,0.000664153095,-0.000781251646,-0.0340709206,
110.16,object_red_01,RED,-0.251218842,0.210664263,0.0119470289,9.70233466e-18,1.46096039e-18,-4.25652898e-16,1.55797327e-15,8.47106646e-16,-8.32506769e-19,0,0,0,0.000664153095,-0.000781251646,-0.0346647279,
110.2,object_red_01,RED,-0.251218842,0.210664263,0.0119470289,8.09480525e-18,4.96485173e-18,-4.27437299e-16,8.38059727e-16,2.83650691e-16,-3.34052578e-19,0,0,0,0.000664153095,-0.000781251646,-0.0352593002,
110.24,object_red_01,RED,-0.251218842,0.210664263,0.0119470289,9.57033428e-18,5.00493105e-18,-4.25652898e-16,5.25306537e-16,4.95680855e-16,-6.50126867e-19,0,0,0,0.000664153095,-0.000781251646,-0.035854219,
110.28,object_red_01,RED,-0.251218842,0.210664263,0.0119470289,4.50770576e-18,1.12420694e-18,-4.27437299e-16,1.67075921e-15,1.04143424e-15,-1.78647829e-18,0,0,0,0.000664153095,-0.000781251646,-0.0364490694,
110.32,object_red_01,RED,-0.251218842,0.210664263,0.0119470289,-8.48983018e-19,6.52271762e-18,-4.27437299e-16,8.99479364e-16,4.69237448e-16,-2.48364264e-18,0,0,0,0.000664153095,-0.000781251646,-0.0370434355,
110.36,object_red_01,RED,-0.251218842,0.210664263,0.0119470289,3.9736052e-18,-3.15948863e-18,-4.23868497e-16,2.74693806e-15,4.58632473e-16,-1.24518899e-18,0,0,0,0.000664153095,-0.000781251646,-0.0376369028,
110.4,object_red_01,RED,-0.251218842,0.210664263,0.0119470289,3.21122676e-18,3.4814811e-18,-4.25652898e-16,1.92350651e-15,5.64658293e-16,-1.24201226e-19,0,0,0,0.000664153095,-0.000781251646,-0.0382290544,
110.44,object_red_01,RED,-0.251218842,0.210664263,0.0119470289,-3.86625908e-18,9.16969558e-18,-4.25652898e-16,1.20861963e-15,9.09491567e-17,5.49917623e-19,0,0,0,0.000664153095,-0.000781251646,-0.0388194849,
110.48,object_red_01,RED,-0.251218842,0.210664263,0.0119470289,8.35924166e-18,4.45166212e-18,-4.22084096e-16,6.53643733e-16,-3.31860561e-17,3.10305535e-19,0,0,0,0.000664153095,-0.000781251646,-0.0394077672,
110.52,object_red_01,RED,-0.251218842,0.210664263,0.0119470289,9.19263021e-18,7.83531548e-18,-4.27437299e-16,1.37465686e-15,6.30496517e-16,-1.93935182e-18,0,0,0,0.000664153095,-0.000781251646,-0.0399935073,
110.56,object_red_01,RED,-0.251218842,0.210664263,0.0119470289,1.0772714e-17,9.26728002e-18,-4.25652898e-16,1.06017575e-15,6.6403077e-16,-1.568589e-18,0,0,0,0.000664153095,-0.000781251646,-0.0405762935,
110.6,object_red_01,RED,-0.251218842,0.210664263,0.0119470289,1.2028678e-17,1.31419051e-17,-4.292217e-16,6.21755788e-16,5.80332892e-16,-1.40589697e-18,0,0,0,0.000664153095,-0.000781251646,-0.041155723,
110.64,object_red_01,RED,-0.251218842,0.210664263,0.0119470289,8.32606009e-19,5.38263511e-18,-4.27437299e-16,1.28103511e-15,9.31327317e-16,-7.50957262e-19,0,0,0,0.000664153095,-0.000781251646,-0.041731399,
110.68,object_red_01,RED,-0.251218842,0.210664263,0.0119470289,-4.2056264e-18,-4.6180275e-18,-4.25652898e-16,2.29438058e-15,1.11154808e-15,2.2027323e-18,0,0,0,0.000664153095,-0.000781251646,-0.042302919,
110.72,object_red_01,RED,-0.251218842,0.210664263,0.0119470289,8.92732251e-18,1.9846169e-19,-4.23868497e-16,1.5644137e-15,7.39667688e-16,-4.06648427e-19,0,0,0,0.000664153095,-0.000781251646,-0.0428698997,
110.76,object_red_01,RED,-0.251218842,0.210664263,0.0119470289,1.13495077e-17,7.37614584e-18,-4.22084096e-16,1.06583076e-15,1.42541435e-15,-2.15111375e-19,0,0,0,0.000664153095,-0.000781251646,-0.0434319484,
110.8,object_red_01,RED,-0.251218842,0.210664263,0.0119470289,1.21515299e-17,9.34133964e-18,-4.22084096e-16,2.99734673e-16,9.30552945e-16,-2.69749036e-19,0,0,0,0.000664153095,-0.000781251646,-0.0439886885,
110.84,object_red_01,RED,-0.251218842,0.210664263,0.0119470289,1.39202479e-17,1.06077592e-17,-4.31006102e-16,4.91690674e-16,9.9534374e-16,-2.6728904e-18,0,0,0,0.000664153095,-0.000781251646,-0.0445397421,
110.88,object_red_01,RED,-0.251218842,0.210664263,0.0119470289,1.41110603e-17,1.83652866e-17,-4.25652898e-16,1.16872043e-15,1.25360676e-15,-3.46391553e-18,0,0,0,0.000664153095,-0.000781251646,-0.0450847405,
110.92,object_red_01,RED,-0.251218842,0.210664263,0.0119470289,-1.75207474e-18,3.74635315e-18,-4.22084096e-16,7.95961357e-16,5.49411993e-16,-2.35562344e-19,0,0,0,0.000664153095,-0.000781251646,-0.0456233272,
110.96,object_red_01,RED,-0.251218842,0.210664263,0.0119470289,-3.52863434e-18,1.93102116e-18,-4.22084096e-16,6.29609962e-16,4.18971351e-16,2.35957393e-18,0,0,0,0.000664153095,-0.000781251646,-0.0461551352,
111,object_red_01,RED,-0.251218842,0.210664263,0.0119470289,-3.96384352e-18,2.58797356e-18,-4.20299694e-16,-3.40851721e-16,2.22482019e-16,9.55324997e-19,0,0,0,0.000664153095,-0.000781251646,-0.0466798295,
111.04,object_red_01,RED,-0.251218842,0.210664263,0.0119470289,2.01799558e-18,3.42179775e-18,-4.22084096e-16,3.30523033e-16,8.01353631e-16,1.6412464e-18,0,0,0,0.000664153095,-0.000781251646,-0.0471970573,
111.08,object_red_01,RED,-0.251218842,0.210664263,0.0119470289,-2.18118489e-18,7.46937383e-18,-4.16730892e-16,7.9564719e-16,-6.40091545e-16,1.8190986e-18,0,0,0,0.000664153095,-0.000781251646,-0.0477064992,
111.12,object_red_01,RED,-0.251218842,0.210664263,0.0119470289,-1.26807334e-18,-9.9350726e-18,-4.20299694e-16,8.1873846e-16,-1.73283649e-16,2.12148803e-18,0,0,0,0.000664153095,-0.000781251646,-0.0482078214,
111.16,object_red_01,RED,-0.251218842,0.210664263,0.0119470289,3.76921521e-19,-1.68997264e-17,-4.23868497e-16,2.72211888e-15,7.74397248e-16,1.59907263e-18,0,0,0,0.000664153095,-0.000781251646,-0.0487007196,
111.2,object_red_01,RED,-0.251218842,0.210664263,0.0119470289,1.1205745e-17,-1.75409842e-18,-4.25652898e-16,9.83676105e-16,-1.47336571e-17,7.24106963e-19,0,0,0,0.000664153095,-0.000781251646,-0.0491848835,
111.24,object_red_01,RED,-0.251218842,0.210664263,0.0119470289,1.34288405e-17,-6.1758934e-18,-4.23868497e-16,1.90371399e-15,4.12743851e-16,1.38398136e-18,0,0,0,0.000664153095,-0.000781251646,-0.0496600227,
111.28,object_red_01,RED,-0.251218842,0.210664263,0.0119470289,5.61206539e-18,-4.83454298e-18,-4.22084096e-16,1.40167522e-15,2.89122227e-16,2.12499827e-18,0,0,0,0.000664153095,-0.000781251646,-0.0501258511,
111.32,object_red_01,RED,-0.251218842,0.210664263,0.0119470289,1.29264694e-18,-4.85458264e-18,-4.23868497e-16,1.25527343e-15,2.27985463e-16,2.60376459e-18,0,0,0,0.000664153095,-0.000781251646,-0.0505821018,
111.36,object_red_01,RED,-0.251218842,0.210664263,0.0119470289,3.66734689e-18,-5.24187089e-18,-4.20299694e-16,1.73909052e-15,5.41683074e-17,3.77918653e-18,0,0,0,0.000664153095,-0.000781251646,-0.0510285094,
111.4,object_red_01,RED,-0.251218842,0.210664263,0.0119470289,9.69928514e-18,-5.65224832e-18,-4.25652898e-16,1.3647606e-15,3.08549908e-18,2.33988606e-18,0,0,0,0.000664153095,-0.000781251646,-0.0514648256,
111.44,object_red_01,RED,-0.251218842,0.210664263,0.0119470289,-2.55191864e-18,-5.89185297e-18,-4.20299694e-16,1.59928623e-15,1.03227983e-15,1.16044515e-18,0,0,0,0.000664153095,-0.000781251646,-0.0518908178,
111.48,object_red_01,RED,-0.251218842,0.210664263,0.0119470289,4.07990254e-18,-2.21064277e-19,-4.25652898e-16,8.94609777e-16,8.06215321e-17,-3.54096561e-19,0,0,0,0.000664153095,-0.000781251646,-0.052306252,
111.52,object_red_01,RED,-0.251218842,0.210664263,0.0119470289,7.99155743e-18,-2.01853483e-18,-4.23868497e-16,3.38691374e-16,4.51159963e-16,9.26530848e-19,0,0,0,0.000664153095,-0.000781251646,-0.0527109493,
111.56,object_red_01,RED,-0.251218842,0.210664263,0.0119470289,6.05990827e-18,7.09602621e-18,-4.20299694e-16,-1.20777778e-16,9.35046391e-16,5.48951035e-19,0,0,0,0.000664153095,-0.000781251646,-0.0531046422,
111.6,object_red_01,RED,-0.251218842,0.210664263,0.0119470289,1.12597649e-17,1.17748516e-17,-4.22084096e-16,-1.0318443e-16,1.26007909e-15,-9.1995755e-19,0,0,0,0.000664153095,-0.000781251646,-0.0534872153,
111.64,object_red_01,RED,-0.251218842,0.210664263,0.0119470289,1.37438117e-17,5.50679389e-18,-4.22084096e-16,5.22479034e-16,9.39855231e-16,-7.67897989e-19,0,0,0,0.000664153095,-0.000781251646,-0.0538584837,
111.68,object_red_01,RED,-0.251218842,0.210664263,0.0119470289,8.5239154e-18,-3.12114045e-19,-4.23868497e-16,4.30742288e-16,1.47949647e-15,-4.63880614e-19,0,0,0,0.000664153095,-0.000781251646,-0.0542182735,
111.72,object_red_01,RED,-0.251218842,0.210664263,0.0119470289,4.27724964e-18,1.20161989e-17,-4.22084096e-16,3.31151367e-16,7.66379855e-16,-1.98097179e-20,0,0,0,0.000664153095,-0.000781251646,-0.0545664657,
111.76,object_red_01,RED,-0.251218842,0.210664263,0.0119470289,-1.70066865e-18,8.83731001e-19,-4.20299694e-16,5.03471935e-16,1.24601828e-15,1.71371222e-19,0,0,0,0.000664153095,-0.000781251646,-0.0549029315,
111.8,object_red_01,RED,-0.251218842,0.210664263,0.0119470289,7.35290211e-18,2.2181111e-18,-4.25652898e-16,-1.64743537e-17,9.37776943e-16,-2.31123385e-18,0,0,0,0.000664153095,-0.000781251646,-0.0552275662,
111.84,object_red_01,RED,-0.251218842,0.210664263,0.0119470289,-8.11815258e-18,-8.41205829e-18,-4.25652898e-16,1.23328174e-15,1.44848423e-16,-2.49310503e-18,0,0,0,0.000664153095,-0.000781251646,-0.0555402761,
111.88,object_red_01,RED,-0.251218842,0.210664263,0.0119470289,1.1858414e-19,-5.71322716e-19,-4.27437299e-16,1.87826647e-15,-2.98040446e-16,-1.56818202e-18,0,0,0,0.000664153095,-0.000781251646,-0.0558409922,
111.92,object_red_01,RED,-0.251218842,0.210664263,0.0119470289,2.44144235e-18,-2.46114997e-18,-4.25652898e-16,1.25967176e-15,-6.11800487e-17,1.51620043e-18,0,0,0,0.000664153095,-0.000781251646,-0.056129656,
111.96,object_red_01,RED,-0.251218842,0.210664263,0.0119470289,5.25396534e-18,-1.89176218e-18,-4.20299694e-16,1.39146479e-15,-2.37447952e-16,1.17591056e-18,0,0,0,0.000664153095,-0.000781251646,-0.056406233,
112,object_red_01,RED,-0.251218842,0.210664263,0.0119470289,-9.23340333e-18,4.98314881e-18,-4.20299694e-16,9.77253295e-17,4.89643039e-17,-1.61949033e-19,0,0,0,0.000664153095,-0.000781251646,-0.0566707021,
112.04,object_red_01,RED,-0.251218842,0.210664263,0.0119470289,-6.29454334e-18,3.5272238e-18,-4.20299694e-16,2.05327507e-16,3.97396305e-16,2.89956313e-19,0,0,0,0.000664153095,-0.000781251646,-0.0569230623,
112.08,object_red_01,RED,-0.251218842,0.210664263,0.0119470289,-4.34982484e-18,1.83953575e-18,-4.20299694e-16,-3.87802065e-17,2.45289803e-16,9.96402148e-20,0,0,0,0.000664153095,-0.000781251646,-0.0571633411,
112.12,object_red_01,RED,-0.251218842,0.210664263,0.0119470289,-5.44242206e-18,1.14768706e-17,-4.22084096e-16,-3.68184245e-16,1.79067461e-16,-5.99994313e-20,0,0,0,0.000664153095,-0.000781251646,-0.0573915679,
112.16,object_red_01,RED,-0.251218842,0.210664263,0.0119470289,-7.77050801e-18,1.14145734e-17,-4.23868497e-16,-3.8923343e-16,2.80807848e-16,1.43337909e-18,0,0,0,0.000664153095,-0.000781251646,-0.0576078048,
112.2,object_red_01,RED,-0.251218842,0.210664263,0.0119470289,-2.38593796e-18,-2.737773e-19,-4.31006102e-16,2.64862142e-16,1.2001677e-15,1.96683395e-18,0,0,0,0.000664153095,-0.000781251646,-0.0578121375,
112.24,object_red_01,RED,-0.251218842,0.210664263,0.0119470289,1.02795641e-17,-9.37614029e-18,-4.25652898e-16,9.13616877e-16,4.20758176e-16,1.90499491e-19,0,0,0,0.000664153095,-0.000781251646,-0.0580046517,
112.28,object_red_01,RED,-0.251218842,0.210664263,0.0119470289,5.98105656e-18,-1.09766994e-17,-4.25652898e-16,1.05153616e-15,-3.58527935e-17,-6.64269577e-19,0,0,0,0.000664153095,-0.000781251646,-0.0581854823,
112.32,object_red_01,RED,-0.251218842,0.210664263,0.0119470289,4.36829941e-18,-8.34976108e-18,-4.22084096e-16,1.24930425e-15,4.0070058e-16,6.2230998e-19,0,0,0,0.000664153095,-0.000781251646,-0.0583547704,
112.36,object_red_01,RED,-0.251218842,0.210664263,0.0119470289,7.00961399e-18,-6.5501123e-18,-4.23868497e-16,1.61153874e-15,3.60666998e-16,3.33017513e-20,0,0,0,0.000664153095,-0.000781251646,-0.0585126825,
112.4,object_red_01,RED,-0.251218842,0.210664263,0.0119470289,1.16252709e-17,-2.73212105e-18,-4.22084096e-16,9.58228582e-16,7.73426742e-19,-1.34439145e-18,0,0,0,0.000664153095,-0.000781251646,-0.0586594074,
112.44,object_red_01,RED,-0.251218842,0.210664263,0.0119470289,-9.15542291e-18,-4.29302503e-19,-4.27437299e-16,1.19511046e-15,2.32913957e-16,8.2880371e-19,0,0,0,0.000664153095,-0.000781251646,-0.0587951635,
112.48,object_red_01,RED,-0.251218842,0.210664263,0.0119470289,-1.33201874e-17,-6.23209158e-18,-4.20299694e-16,1.76972179e-15,-1.20218889e-16,-1.29133085e-18,0,0,0,0.000664153095,-0.000781251646,-0.0589201659,
112.52,object_red_01,RED,-0.251218842,0.210664263,0.0119470289,-4.63735042e-18,2.14666535e-18,-4.20299694e-16,7.09565448e-16,5.1543042e-16,4.16324981e-19,0,0,0,0.000664153095,-0.000781251646,-0.0590346969,
112.56,object_red_01,RED,-0.251218842,0.210664263,0.0119470289,-2.37373991e-18,2.5932013e-18,-4.292217e-16,1.25024675e-15,7.00940476e-16,-3.29474003e-19,0,0,0,0.000664153095,-0.000781251646,-0.0591390331,
112.6,object_red_01,RED,-0.251218842,0.210664263,0.0119470289,-2.89694934e-18,3.19221293e-18,-4.32790503e-16,-1.5706406e-16,1.75187622e-16,-2.12941356e-18,0,0,0,0.000664153095,-0.000781251646,-0.0592334836,
112.64,object_red_01,RED,-0.251218842,0.210664263,0.0119470289,-4.24309185e-18,4.70172225e-18,-4.23868497e-16,-1.85496168e-16,-2.40236718e-17,-9.5892631e-19,0,0,0,0.000664153095,-0.000781251646,-0.0593183843,
112.68,object_red_01,RED,-0.251218842,0.210664263,0.0119470289,-3.70724872e-18,5.89538907e-18,-4.25652898e-16,-1.45125716e-16,1.09213178e-16,-7.46480433e-19,0,0,0,0.000664153095,-0.000781251646,-0.0593940958,
112.72,object_red_01,RED,-0.251218842,0.210664263,0.0119470289,9.20265004e-18,-7.49459028e-18,-4.25652898e-16,1.37607061e-15,1.04675421e-15,-3.45549888e-19,0,0,0,0.000664153095,-0.000781251646,-0.0594610039,
112.76,object_red_01,RED,-0.251218842,0.210664263,0.0119470289,1.07618229e-17,-1.0862549e-18,-4.22084096e-16,1.38345354e-15,9.6777375e-16,-5.45277501e-19,0,0,0,0.000664153095,-0.000781251646,-0.0595195228,
112.8,object_red_01,RED,-0.251218842,0.210664263,0.0119470289,2.2183922e-18,-1.01697594e-19,-4.22084096e-16,1.19935171e-15,1.07541949e-15,-1.58497012e-18,0,0,0,0.000664153095,-0.000781251646,-0.0595700938,
112.84,object_red_01,RED,-0.251218842,0.210664263,0.0119470289,5.23653955e-18,5.24453571e-18,-4.23868497e-16,7.4271006e-16,8.45194032e-16,-2.70613878e-19,0,0,0,0.000664153095,-0.000781251646,-0.059613185,
112.88,object_red_01,RED,-0.251218842,0.210664263,0.0119470289,6.52343437e-18,8.64735744e-18,-4.23868497e-16,-4.73116003e-16,5.86770246e-16,-1.12192358e-18,0,0,0,0.000664153095,-0.000781251646,-0.0596492916,
112.92,object_red_01,RED,-0.251218842,0.210664263,0.0119470289,1.15725579e-17,1.01834525e-18,-4.292217e-16,1.09174953e-15,1.34304309e-15,-8.26656368e-19,0,0,0,0.000664153095,-0.000781251646,-0.0596789394,
112.96,object_red_01,RED,-0.251218842,0.210664263,0.0119470289,5.46873824e-18,-1.57679097e-18,-4.23868497e-16,1.8408806e-15,9.58900375e-16,1.20142056e-19,0,0,0,0.000664153095,-0.000781251646,-0.0597026819,
113,object_red_01,RED,-0.251218842,0.210664263,0.0119470289,9.14253106e-18,-3.17212233e-18,-4.25652898e-16,1.43387733e-15,5.18651245e-16,7.38147926e-19,0,0,0,0.000664153095,-0.000781251646,-0.0597211018,
113.04,object_red_01,RED,-0.251218842,0.210664263,0.0119470289,6.28216019e-20,-1.6247119e-18,-4.22084096e-16,1.1120133e-15,1.68536295e-15,-1.38473378e-18,0,0,0,0.000664153095,-0.000781251646,-0.0597348113,
113.08,object_red_01,RED,-0.251218842,0.210664263,0.0119470289,1.38087228e-17,-2.87239869e-18,-4.23868497e-16,7.33285052e-16,9.59452622e-16,-1.34530716e-18,0,0,0,0.000664153095,-0.000781251646,-0.0597444538,
113.12,object_red_01,RED,-0.251218842,0.210664263,0.0119470289,1.02024549e-17,-8.39898894e-18,-4.27437299e-16,1.40010439e-15,8.99998369e-16,7.7818502e-19,0,0,0,0.000664153095,-0.000781251646,-0.0597507026,
113.16,object_red_01,RED,-0.251218842,0.210664263,0.0119470289,-1.00537951e-18,-8.02172052e-18,-4.27437299e-16,1.83208393e-15,7.36954317e-16,7.23954344e-19,0,0,0,0.000664153095,-0.000781251646,-0.0597542618,
113.2,object_red_01,RED,-0.251218842,0.210664263,0.0119470289,4.08033818e-18,-8.82461394e-18,-4.22084096e-16,1.47911737e-15,9.25196766e-16,1.71272304e-18,0,0,0,0.000664153095,-0.000781251646,-0.0597558675,
113.24,object_red_01,RED,-0.251218842,0.210664263,0.0119470289,3.69261429e-18,-4.85850344e-18,-4.22084096e-16,2.31433019e-15,1.2265387e-15,3.14586787e-18,0,0,0,0.000664153095,-0.000781251646,-0.0597562876,
113.28,object_red_01,RED,-0.251218842,0.210664263,0.0119470289,1.2726581e-17,-2.47639754e-18,-4.25652898e-16,8.29105969e-16,9.72722493e-16,4.99372403e-20,0,0,0,0.000664153055,-0.000781251688,-0.0597563,
113.32,object_red_01,RED,-0.251218842,0.210664263,0.0119470289,2.22797639e-18,7.93988167e-19,-4.27437299e-16,1.09866121e-15,1.1682638e-15,-6.63760846e-19,0,0,0,0.000664151475,-0.000781253482,-0.0597563002,
113.36,object_red_01,RED,-0.251218842,0.210664263,0.0119470289,6.26683956e-18,3.28108448e-18,-4.20299694e-16,5.36145296e-16,1.13438654e-15,1.54814871e-18,0,0,0,0.000664143156,-0.000781263357,-0.0597563002,
113.4,object_red_01,RED,-0.251218842,0.210664263,0.0119470289,4.56644524e-19,3.32029251e-18,-4.22084096e-16,7.15848787e-16,5.30506752e-16,-3.2260614e-19,0,0,0,0.000664120661,-0.000781290885,-0.0597563002,
113.44,object_red_01,RED,-0.251218842,0.210664263,0.0119470289,6.83230655e-18,-1.50883038e-18,-4.27437299e-16,1.24616258e-15,1.31233818e-15,1.62875422e-19,0,0,0,0.000664075553,-0.000781347026,-0.0597563002,
113.48,object_red_01,RED,-0.251218842,0.210664263,0.0119470289,1.12532302e-17,-2.20368388e-18,-4.22084096e-16,9.3592273e-16,1.29757295e-15,9.74402393e-19,0,0,0,0.000663998837,-0.000781443224,-0.0597563002,
113.52,object_red_01,RED,-0.251218842,0.210664263,0.0119470289,3.01554966e-19,1.50626746e-18,-4.16730892e-16,1.34072683e-15,1.04798143e-15,1.88304603e-18,0,0,0,0.000663881191,-0.000781591041,-0.0597563002,
113.56,object_red_01,RED,-0.251218842,0.210664263,0.0119470289,1.28585814e-17,-3.62562859e-18,-4.25652898e-16,9.16130212e-16,1.20638354e-15,-4.48771316e-19,0,0,0,0.000663713131,-0.000781802027,-0.0597563002,
113.6,object_red_01,RED,-0.251218842,0.210664263,0.0119470289,7.07147556e-18,-1.12136902e-17,-4.18515293e-16,1.04745199e-15,1.28448287e-15,6.2780427e-19,0,0,0,0.000663485127,-0.000782087699,-0.0597563002,
113.64,object_red_01,RED,-0.251218842,0.210664263,0.0119470289,-5.7926805e-18,-9.21146654e-18,-4.22084096e-16,1.23186799e-15,1.41280963e-15,3.47646357e-19,0,0,0,0.000663187662,-0.000782459532,-0.0597563002,
113.68,object_red_01,RED,-0.251218842,0.210664263,0.0119470289,4.0833877e-18,2.15232873e-18,-4.20299694e-16,1.86208687e-15,2.25004305e-15,1.41506479e-18,0,0,0,0.000662811262,-0.000782928958,-0.0597563002,
113.72,object_red_01,RED,-0.251218842,0.210664263,0.0119470289,9.61520569e-18,-4.14535287e-18,-4.23868497e-16,5.91281595e-16,2.19261861e-15,6.3080578e-19,0,0,0,0.000662346498,-0.000783507359,-0.0597563002,
113.76,object_red_01,RED,-0.251218842,0.210664263,0.0119470289,3.44734625e-18,-1.48269169e-18,-4.25652898e-16,4.47078969e-16,2.42798181e-15,-6.53919751e-20,0,0,0,0.000661783994,-0.000784206065,-0.0597563002,
113.8,object_red_01,RED,-0.251218842,0.210664263,0.0119470289,2.8452851e-18,2.47122075e-18,-4.23868497e-16,7.71299252e-16,2.35730284e-15,-3.54277458e-20,0,0,0,0.000661114416,-0.00078503635,-0.0597563002,
113.84,object_red_01,RED,-0.251218842,0.210664263,0.0119470289,1.38962874e-17,-9.75601114e-19,-4.23868497e-16,5.29547791e-16,1.09153528e-15,-1.44957433e-19,0,0,0,0.000660328474,-0.000786009437,-0.0597563002,
113.88,object_red_01,RED,-0.251218842,0.210664263,0.0119470289,1.24904615e-17,-2.92249784e-18,-4.23868497e-16,5.84841172e-16,1.92804342e-15,-7.002877e-19,0,0,0,0.000659416927,-0.000787136489,-0.0597563002,
113.92,object_red_01,RED,-0.251218842,0.210664263,0.0119470289,1.48259535e-17,6.52750972e-18,-4.27437299e-16,1.45995319e-15,1.38495738e-15,5.64212952e-19,0,0,0,0.000658370576,-0.000788428614,-0.0597563002,
113.96,object_red_01,RED,-0.251218842,0.210664263,0.0119470289,-4.17251739e-18,1.76504048e-18,-4.23868497e-16,1.27506594e-15,1.28890943e-15,8.00925276e-19,0,0,0,0.000657180271,-0.000789896863,-0.0597563002,
114,object_red_01,RED,-0.251218842,0.210664263,0.0119470289,7.29452571e-18,-1.05575976e-18,-4.27437299e-16,9.57286082e-16,7.32438167e-16,-1.74260312e-19,0,0,0,0.000655836906,-0.000791552233,-0.0597563002,
114.04,object_red_01,RED,-0.251218842,0.210664263,0.0119470289,7.58640774e-18,9.91856904e-18,-4.25652898e-16,7.36426722e-16,5.43739807e-16,1.21668248e-19,0,0,0,0.000654331418,-0.000793405666,-0.0597563002,
114.08,object_red_01,RED,-0.251218842,0.210664263,0.0119470289,4.98647942e-18,-1.17556209e-18,-4.27437299e-16,1.35643518e-15,1.69909671e-15,-2.06745599e-20,0,0,0,0.000652654794,-0.000795468045,-0.0597563002,
114.12,object_red_01,RED,-0.251218842,0.210664263,0.0119470289,8.59841067e-18,9.83929311e-19,-4.22084096e-16,1.0303299e-15,8.66932298e-16,-1.00206666e-18,0,0,0,0.000650798064,-0.0007977502,-0.0597563002,
114.16,object_red_01,RED,-0.251218842,0.210664263,0.0119470289,1.53181595e-18,4.13670234e-19,-4.23868497e-16,9.93258196e-16,1.43135346e-15,-7.37018045e-19,0,0,0,0.000648752308,-0.000800262898,-0.0597563002,
114.2,object_red_01,RED,-0.251218842,0.210664263,0.0119470289,-2.5301364e-18,1.17125659e-18,-4.32790503e-16,6.539579e-16,1.60755325e-15,-1.07954632e-18,0,0,0,0.000646508645,-0.000803016859,-0.0597563002,
114.24,object_red_01,RED,-0.251218842,0.210664263,0.0119470289,6.50992938e-18,-3.15818169e-18,-4.23868497e-16,9.03406451e-16,1.57472342e-15,-1.25393916e-18,0,0,0,0.000644058243,-0.000806022744,-0.0597563002,
114.28,object_red_01,RED,-0.251218842,0.210664263,0.0119470289,-3.95338805e-18,9.17405203e-18,-4.25652898e-16,4.87449421e-16,9.97885302e-16,-8.30166609e-19,0,0,0,0.000641392314,-0.000809291154,-0.0597563002,
114.32,object_red_01,RED,-0.251218842,0.210664263,0.0119470289,1.50912611e-17,8.26268306e-18,-4.20299694e-16,-5.72864007e-16,1.74317765e-15,5.78457407e-19,0,0,0,0.000638502122,-0.000812832635,-0.0597563002,
114.36,object_red_01,RED,-0.251218842,0.210664263,0.0119470289,7.90355717e-18,5.63574476e-18,-4.292217e-16,5.02058183e-16,1.08823346e-15,3.62399543e-19,0,0,0,0.000635378969,-0.000816657675,-0.0597563002,
114.4,object_red_01,RED,-0.251218842,0.210664263,0.0119470289,-2.95009801e-18,8.08800091e-19,-4.27437299e-16,2.738159e-16,8.16491323e-16,-4.30813128e-19,0,0,0,0.000632014203,-0.000820776712,-0.0597563002,
114.44,object_red_01,RED,-0.251218842,0.210664263,0.0119470289,-4.30400907e-20,-6.17894291e-18,-4.292217e-16,-8.464858e-17,1.48565157e-15,1.98079576e-19,0,0,0,0.000628399221,-0.000825200121,-0.0597563002,
114.48,object_red_01,RED,-0.251218842,0.210664263,0.0119470289,1.81873889e-17,-2.73822008e-18,-4.292217e-16,6.55057484e-16,1.66551398e-15,1.4252394e-18,0,0,0,0.000624525464,-0.000829938222,-0.0597563002,
114.52,object_red_01,RED,-0.251218842,0.210664263,0.0119470289,1.62076056e-20,-3.58554926e-18,-4.292217e-16,7.7255592e-16,8.37010965e-16,-3.00069377e-19,0,0,0,0.000620384423,-0.000835001271,-0.0597563002,
114.56,object_red_01,RED,-0.251218842,0.210664263,0.0119470289,2.51419504e-18,1.09388492e-17,-4.27437299e-16,-3.54517983e-16,1.89413916e-15,-5.85161976e-19,0,0,0,0.000615967628,-0.000840399478,-0.0597563002,
114.6,object_red_01,RED,-0.251218842,0.210664263,0.0119470289,1.01889499e-17,5.02279249e-18,-4.23868497e-16,2.44127124e-16,1.27602429e-15,-8.94419277e-19,0,0,0,0.000611266655,-0.000846142992,-0.0597563002,
114.64,object_red_01,RED,-0.251218842,0.210664263,0.0119470289,1.30524434e-17,-4.68510538e-19,-4.23868497e-16,4.25244366e-16,-5.85200076e-16,2.79323845e-19,0,0,0,0.000606273128,-0.000852241902,-0.0597563002,
114.68,object_red_01,RED,-0.251218842,0.210664263,0.0119470289,9.20744214e-18,-1.05149159e-17,-4.20299694e-16,4.0278143e-16,6.71473292e-17,-1.77548971e-18,0,0,0,0.000600978721,-0.000858706238,-0.0597563002,
114.72,object_red_01,RED,-0.251218842,0.210664263,0.0119470289,5.84165021e-18,-2.07778252e-18,-4.25652898e-16,1.18772753e-15,1.92280267e-16,-6.34610586e-19,0,0,0,0.000595375148,-0.000865545973,-0.0597563002,
114.76,object_red_01,RED,-0.251218842,0.210664263,0.0119470289,1.47301116e-17,-2.74083395e-18,-4.27437299e-16,5.0645652e-16,2.72426052e-17,-2.28033131e-19,0,0,0,0.000589454166,-0.000872771029,-0.0597563002,
114.8,object_red_01,RED,-0.251218842,0.210664263,0.0119470289,1.51487663e-17,-1.4526322e-18,-4.25652898e-16,3.94613089e-16,1.9470655e-17,-6.08410962e-19,0,0,0,0.000583207584,-0.000880391262,-0.0597563002,
114.84,object_red_01,RED,-0.251218842,0.210664263,0.0119470289,1.66800578e-17,4.4494839e-18,-4.27437299e-16,7.84180097e-16,1.4494653e-15,-1.98208519e-18,0,0,0,0.000576627253,-0.000888416471,-0.0597563002,
114.88,object_red_01,RED,-0.251218842,0.210664263,0.0119470289,8.09952478e-19,-2.37183135e-19,-4.22084096e-16,2.09725844e-16,1.15236155e-15,-2.21498785e-20,0,0,0,0.000569705077,-0.000896856394,-0.0597563002,
114.92,object_red_01,RED,-0.251218842,0.210664263,0.0119470289,-4.96800484e-18,-1.11718568e-18,-4.23868497e-16,5.50911143e-16,1.04716963e-15,-1.37873076e-18,0,0,0,0.000562432997,-0.000905720717,-0.0597563002,
114.96,object_red_01,RED,-0.251218842,0.210664263,0.0119470289,-3.27508905e-18,-1.81857385e-18,-4.22084096e-16,2.30303779e-16,7.36795392e-16,1.04598078e-18,0,0,0,0.000554802998,-0.000915019066,-0.0597563002,
115,object_red_01,RED,-0.251218842,0.210664263,0.0119470289,7.78375485e-18,-8.90650373e-19,-4.25652898e-16,-2.73934162e-16,6.29287097e-16,-9.77189737e-19,0,0,0,0.000546807118,-0.000924761006,-0.0597563002,
115.04,object_red_01,RED,-0.251218842,0.210664263,0.0119470289,1.29304628e-17,3.55989716e-18,-4.31006102e-16,-1.95235343e-16,1.06143914e-16,-1.40327985e-19,0,0,0,0.000538437443,-0.000934956036,-0.0597563002,
115.08,object_red_01,RED,-0.251218842,0.210664263,0.0119470289,1.40317729e-17,5.96641061e-19,-4.23868497e-16,-5.13015205e-16,4.17359405e-16,-9.827349e-19,0,0,0,0.0005296861,-0.000945613605,-0.0597563002,
115.12,object_red_01,RED,-0.251218842,0.210664263,0.0119470289,9.7533051e-18,2.26342959e-19,-4.23868497e-16,-2.98910434e-16,4.41636778e-16,-3.1711185e-19,0,0,0,0.000520545259,-0.000956743101,-0.0597563002,
115.16,object_red_01,RED,-0.251218842,0.210664263,0.0119470289,1.02595244e-17,-1.6713259e-18,-4.22084096e-16,-2.45187887e-16,2.96379974e-16,-6.31405583e-19,0,0,0,0.00051100714,-0.000968353851,-0.0597563002,
115.2,object_red_01,RED,-0.251218842,0.210664263,0.0119470289,1.33234144e-17,9.97084642e-18,-4.23868497e-16,1.0749416e-15,4.01598901e-16,1.00431575e-18,0,0,0,0.00050106401,-0.000980455121,-0.0597563002,
115.24,object_red_01,RED,-0.251218842,0.210664263,0.0119470289,-7.38496234e-18,-6.92955895e-18,-4.25652898e-16,6.05733274e-16,1.60688695e-16,3.4091868e-18,0,0,0,0.000490708186,-0.000993056112,-0.0597563002,
115.28,object_red_01,RED,-0.251218842,0.210664263,0.0119470289,-4.62558801e-18,-4.90293922e-18,-4.23868497e-16,-4.26933463e-16,2.81164354e-16,2.27492117e-18,0,0,0,0.000479932023,-0.00100616597,-0.0597563002,
115.32,object_red_01,RED,-0.251218842,0.210664263,0.0119470289,1.27732681e-19,1.94844695e-18,-4.292217e-16,-5.37834393e-16,1.77836565e-16,2.74000263e-18,0,0,0,0.000468727923,-0.00101979379,-0.0597563002,
115.36,object_red_01,RED,-0.251218842,0.210664263,0.0119470289,-2.45128469e-18,2.12488311e-18,-4.292217e-16,-6.65543255e-16,-6.80812366e-16,1.49656343e-18,0,0,0,0.000457088336,-0.0010339486,-0.0597563002,
115.4,object_red_01,RED,-0.251218842,0.210664263,0.0119470289,-7.94527415e-19,1.52064374e-18,-4.27437299e-16,-6.35697395e-16,-4.31833225e-16,-1.4607664e-19,0,0,0,0.000445005767,-0.00104863934,-0.0597563002,
115.44,object_red_01,RED,-0.251218842,0.210664263,0.0119470289,-1.1704889e-18,3.87748224e-18,-4.20299694e-16,-2.54927062e-16,4.04271854e-17,1.76629236e-18,0,0,0,0.000432472759,-0.00106387492,-0.0597563002,
115.48,object_red_01,RED,-0.251218842,0.210664263,0.0119470289,-1.05155061e-17,1.23316057e-17,-4.23868497e-16,-4.43898478e-16,-5.29055007e-16,4.96755281e-19,0,0,0,0.000419481898,-0.0010796642,-0.0597563002,
115.52,object_red_01,RED,-0.251218842,0.210664263,0.0119470289,-1.12622013e-17,1.98068467e-18,-4.25652898e-16,5.04885686e-16,-6.44680714e-16,6.96889879e-19,0,0,0,0.000406025823,-0.00109601594,-0.0597563002,
115.56,object_red_01,RED,-0.251218842,0.210664263,0.0119470289,-9.51090908e-18,1.14642483e-18,-4.25652898e-16,4.21945613e-16,-2.25221747e-17,1.22736582e-19,0,0,0,0.000392097218,-0.00111293886,-0.0597563002,
115.6,object_red_01,RED,-0.251218842,0.210664263,0.0119470289,-9.72698892e-18,1.43787122e-18,-4.23868497e-16,2.41770872e-16,2.71039299e-17,9.62752463e-19,0,0,0,0.000377688819,-0.00113044161,-0.0597563002,
115.64,object_red_01,RED,-0.251218842,0.210664263,0.0119470289,-8.2048459e-18,2.55966807e-19,-4.18515293e-16,3.22040526e-16,4.15433291e-16,1.92033597e-18,0,0,0,0.000362793402,-0.0011485328,-0.0597563002,
115.68,object_red_01,RED,-0.251218842,0.210664263,0.0119470289,-5.41541208e-18,-3.06843886e-18,-4.11377688e-16,3.24553861e-16,3.23793494e-16,2.22277629e-18,0,0,0,0.000347403789,-0.00116722094,-0.0597563002,
115.72,object_red_01,RED,-0.251218842,0.210664263,0.0119470289,9.77240091e-19,2.82888515e-18,-4.23868497e-16,1.15475762e-16,6.87479159e-16,5.87309319e-19,0,0,0,0.000331512852,-0.00118651452,-0.0597563002,
115.76,object_red_01,RED,-0.251218842,0.210664263,0.0119470289,-5.59707597e-18,-2.13223813e-18,-4.292217e-16,4.34983541e-16,-6.50512972e-17,1.27903025e-18,0,0,0,0.000315113517,-0.00120642192,-0.0597563002,
115.8,object_red_01,RED,-0.251218842,0.210664263,0.0119470289,-6.13509733e-18,2.04125073e-19,-4.27437299e-16,1.40766201e-16,-1.84567274e-16,1.89154183e-18,0,0,0,0.000298198753,-0.00122695149,-0.0597563002,
115.84,object_red_01,RED,-0.251218842,0.210664263,0.0119470289,-4.10368551e-18,-8.98927625e-19,-4.25652898e-16,2.46326293e-16,1.56640728e-16,1.09425931e-18,0,0,0,0.000280761568,-0.00124811151,-0.0597563002,
115.88,object_red_01,RED,-0.251218842,0.210664263,0.0119470289,-3.07033598e-18,1.52107938e-18,-4.20299694e-16,2.95179252e-16,2.42793035e-16,1.05132245e-18,0,0,0,0.000262795023,-0.0012699102,-0.0597563002,
115.92,object_red_01,RED,-0.251218842,0.210664263,0.0119470289,-6.00440388e-18,-3.5045079e-19,-4.20299694e-16,-5.74731396e-17,4.85325618e-16,1.02904005e-18,0,0,0,0.000244292233,-0.00129235571,-0.0597563002,
115.96,object_red_01,RED,-0.251218842,0.210664263,0.0119470289,-5.15184696e-18,6.00997509e-19,-4.23868497e-16,8.18775122e-18,4.91599139e-16,1.08797365e-19,0,0,0,0.000225246358,-0.00131545611,-0.0597563002,
116,object_red_01,RED,-0.251218842,0.210664263,0.0119470289,1.78448995e-18,6.33670871e-19,-4.27437299e-16,5.66933657e-16,8.14236316e-16,5.8949686e-19,0,0,0,0.000205650605,-0.00133921943,-0.0597563002,
116.04,object_red_01,RED,-0.251218842,0.210664263,0.0119470289,1.34484445e-17,-1.66958332e-18,-4.27437299e-16,3.94770173e-16,3.69673526e-16,-6.17799882e-20,0,0,0,0.000185498223,-0.00136365364,-0.0597563002,
116.08,object_red_01,RED,-0.251218842,0.210664263,0.0119470289,9.21397681e-18,6.83115416e-18,-4.23868497e-16,5.84369922e-16,2.14284226e-16,-1.88206876e-18,0,0,0,0.000164782515,-0.00138876663,-0.0597563002,
116.12,object_red_01,RED,-0.251218842,0.210664263,0.0119470289,9.8670084e-18,3.51415446e-18,-4.25652898e-16,1.03869198e-17,-4.63337051e-16,-1.49497569e-18,0,0,0,0.000143496837,-0.00141456623,-0.0597563002,
116.16,object_red_01,RED,-0.251218842,0.210664263,0.0119470289,-2.12237284e-18,-7.1160035e-19,-4.27437299e-16,2.2402044e-16,-6.83272932e-16,-1.50158919e-18,0,0,0,0.000121634593,-0.00144106018,-0.0597563002,
116.2,object_red_01,RED,-0.251218842,0.210664263,0.0119470289,-1.32278307e-17,2.49823072e-18,-4.27437299e-16,6.00078269e-16,-2.83920729e-16,-7.95013328e-19,0,0,0,9.91892252e-05,-0.00146825621,-0.0597563002,
116.24,object_red_01,RED,-0.251218842,0.210664263,0.0119470289,-1.675394e-17,-3.76154977e-18,-4.292217e-16,-2.81788336e-16,-2.65872083e-16,-5.22667269e-20,0,0,0,7.61542294e-05,-0.00149616194,-0.0597563002,
116.28,object_red_01,RED,-0.251218842,0.210664263,0.0119470289,-1.7796438e-17,-3.47489548e-18,-4.27437299e-16,2.02971255e-16,-1.15010591e-16,4.79204077e-19,0,0,0,5.25231572e-05,-0.00152478494,-0.0597563002,
116.32,object_red_01,RED,-0.251218842,0.210664263,0.0119470289,-4.88044023e-18,-2.15881246e-18,-4.23868497e-16,2.42870457e-16,-2.74944881e-16,-8.72340371e-19,0,0,0,2.82896094e-05,-0.00155413271,-0.0597563002,
116.36,object_red_01,RED,-0.251218842,0.210664263,0.0119470289,-1.66930222e-18,-1.70574184e-18,-4.20299694e-16,1.4029495e-16,-6.22284661e-16,3.72828519e-19,0,0,0,3.44723209e-06,-0.00158421268,-0.0597563002,
116.4,object_red_01,RED,-0.251218842,0.210664263,0.0119470289,-3.262891e-18,-3.53064659e-19,-4.27437299e-16,9.94200697e-16,-1.28051288e-15,2.13748477e-19,0,0,0,-2.20102843e-05,-0.00161503224,-0.0597563002,
116.44,object_red_01,RED,-0.251218842,0.210664263,0.0119470289,-4.58202353e-18,9.4127854e-18,-4.23868497e-16,5.75573248e-16,-7.37129859e-16,-3.89758573e-19,0,0,0,-4.80891943e-05,-0.00164659869,-0.0597563002,
116.48,object_red_01,RED,-0.251218842,0.210664263,0.0119470289,4.67020128e-18,-1.73580134e-18,-4.22084096e-16,3.82517662e-16,-2.38144396e-16,-2.32405386e-18,0,0,0,-7.47956961e-05,-0.00167891925,-0.0597563002,
116.52,object_red_01,RED,-0.251218842,0.210664263,0.0119470289,5.29970805e-18,-6.10923974e-18,-4.25652898e-16,4.23359364e-16,1.54067872e-16,4.69996054e-19,0,0,0,-0.000102135937,-0.00171200111,-0.0597563002,
116.56,object_red_01,RED,-0.251218842,0.210664263,0.0119470289,3.45867302e-18,-6.46908236e-18,-4.22084096e-16,4.4535105e-16,-3.55220591e-17,1.36421433e-19,0,0,0,-0.000130116029,-0.00174585137,-0.0597563002,
116.6,object_red_01,RED,-0.251218842,0.210664263,0.0119470289,7.39908046e-18,-4.6899089e-18,-4.25652898e-16,2.97378421e-16,5.90918232e-16,5.61313188e-19,0,0,0,-0.000158742025,-0.00178047707,-0.0597563002,
116.64,object_red_01,RED,-0.251218842,0.210664263,0.0119470289,-2.7993649e-18,-1.40950336e-18,-4.25652898e-16,-2.43931219e-16,9.51323552e-16,-5.44514406e-19,0,0,0,-0.000188019919,-0.00181588518,-0.0597563002,
116.68,object_red_01,RED,-0.251218842,0.210664263,0.0119470289,-1.30344044e-17,-2.24986223e-18,-4.22084096e-16,-6.40724066e-16,6.89272734e-16,-4.25573203e-19,0,0,0,-0.000217955656,-0.00185208261,-0.0597563002,
116.72,object_red_01,RED,-0.251218842,0.210664263,0.0119470289,-6.36163264e-18,-6.94174557e-19,-4.25652898e-16,-4.00386356e-16,7.2929527e-16,-2.27371782e-19,0,0,0,-0.000248555134,-0.00188907618,-0.0597563002,
116.76,object_red_01,RED,-0.251218842,0.210664263,0.0119470289,-1.16786777e-17,-2.0629706e-18,-4.27437299e-16,-1.21877363e-16,-1.13623224e-16,-2.2131506e-18,0,0,0,-0.000279824204,-0.00192687268,-0.0597563002,
116.8,object_red_01,RED,-0.251218842,0.210664263,0.0119470289,-1.30749194e-17,-2.70380414e-18,-4.25652898e-16,-3.38652552e-16,-6.36113529e-16,-1.90765791e-18,0,0,0,-0.000311768659,-0.00196547882,-0.0597563002,
116.84,object_red_01,RED,-0.251218842,0.210664263,0.0119470289,-1.51002322e-17,4.85899003e-18,-4.22084096e-16,9.75821931e-16,-5.83975929e-16,-9.33744148e-19,0,0,0,-0.000344394234,-0.00200490122,-0.0597563002,
116.88,object_red_01,RED,-0.251218842,0.210664263,0.0119470289,4.797337e-19,-5.49803005e-18,-4.16730892e-16,-5.87298073e-17,-5.16403038e-16,9.94141138e-19,0,0,0,-0.000377706608,-0.00204514644,-0.0597563002,
116.92,object_red_01,RED,-0.251218842,0.210664263,0.0119470289,1.49260792e-18,-1.96451487e-18,-4.22084096e-16,-4.75768809e-17,-6.72470989e-16,3.35996428e-19,0,0,0,-0.000411711424,-0.002086221,-0.0597563002,
116.96,object_red_01,RED,-0.251218842,0.210664263,0.0119470289,6.02585541e-19,-4.90903824e-18,-4.22084096e-16,8.92410608e-16,-4.10888966e-16,-4.21096375e-19,0,0,0,-0.000446414266,-0.00212813133,-0.0597563002,
117,object_red_01,RED,-0.251218842,0.210664263,0.0119470289,-7.47477774e-19,-4.21549168e-18,-4.22084096e-16,2.58892971e-16,-5.37277345e-16,1.69031062e-19,0,0,0,-0.000481820655,-0.0021708838,-0.0597563002,
117.04,object_red_01,RED,-0.251218842,0.210664263,0.0119470289,-1.87971868e-18,8.75018105e-19,-4.25652898e-16,7.20561291e-16,-9.45547717e-16,-1.1587048e-18,0,0,0,-0.000517936058,-0.00221448469,-0.0597563002,
117.08,object_red_01,RED,-0.251218842,0.210664263,0.0119470289,-3.36831704e-18,-6.6106555e-19,-4.25652898e-16,8.33033056e-16,-3.00975944e-16,-1.96288345e-19,0,0,0,-0.000554765893,-0.00225894024,-0.0597563002,
117.12,object_red_01,RED,-0.251218842,0.210664263,0.0119470289,-3.91940775e-18,-5.56250548e-18,-4.31006102e-16,3.3036595e-16,-3.90566906e-16,1.30645082e-18,0,0,0,-0.00059231553,-0.00230425661,-0.0597563002,
117.16,object_red_01,RED,-0.251218842,0.210664263,0.0119470289,-5.4476498e-18,-2.92031962e-18,-4.292217e-16,2.19465019e-16,-5.03025785e-16,7.53228946e-20,0,0,0,-0.000630590277,-0.00235043991,-0.0597563002,
117.2,object_red_01,RED,-0.251218842,0.210664263,0.0119470289,-2.56542363e-18,-1.95144552e-18,-4.27437299e-16,2.62523504e-17,-2.67365603e-16,4.50359055e-19,0,0,0,-0.00066959538,-0.00239749616,-0.0597563002,
117.24,object_red_01,RED,-0.251218842,0.210664263,0.0119470289,-3.09342516e-18,-2.14530747e-18,-4.25652898e-16,-3.25771708e-16,-7.50290862e-18,-1.60982445e-19,0,0,0,-0.000709336025,-0.0024454313,-0.0597563002,
117.28,object_red_01,RED,-0.251218842,0.210664263,0.0119470289,4.41491341e-18,-3.02313179e-18,-4.292217e-16,-2.2586662e-16,1.83545033e-17,-3.38506811e-20,0,0,0,-0.00074981736,-0.00249425124,-0.0597563002,
117.32,object_red_01,RED,-0.251218842,0.210664263,0.0119470289,5.06925194e-18,-3.82254005e-18,-4.23868497e-16,1.13433677e-16,2.90172109e-16,2.89142344e-19,0,0,0,-0.000791044472,-0.0025439618,-0.0597563002,
117.36,object_red_01,RED,-0.251218842,0.210664263,0.0119470289,2.32076873e-18,-2.99960697e-18,-4.27437299e-16,3.01462591e-16,2.90880212e-16,8.66500644e-19,0,0,0,-0.000833022381,-0.00259456874,-0.0597563002,
117.4,object_red_01,RED,-0.251218842,0.210664263,0.0119470289,5.49792645e-18,-1.18950272e-18,-4.23868497e-16,-2.01832849e-16,5.7342498e-17,4.21819271e-19,0,0,0,-0.000875756047,-0.00264607774,-0.0597563002,
117.44,object_red_01,RED,-0.251218842,0.210664263,0.0119470289,7.20209644e-19,8.22696018e-18,-4.25652898e-16,-4.40913892e-16,-4.47734165e-17,-1.61539221e-18,0,0,0,-0.00091925038,-0.00269849442,-0.0597563002,
117.48,object_red_01,RED,-0.251218842,0.210664263,0.0119470289,3.98667455e-18,-1.80289064e-18,-4.22084096e-16,6.51601647e-16,2.72562193e-16,-7.92927532e-19,0,0,0,-0.000963510234,-0.00275182433,-0.0597563002,
117.52,object_red_01,RED,-0.251218842,0.210664263,0.0119470289,-4.36594369e-18,-1.60641482e-18,-4.23868497e-16,5.51853644e-16,1.01293962e-16,-1.76689217e-18,0,0,0,-0.0010085404,-0.00280607297,-0.0597563002,
117.56,object_red_01,RED,-0.251218842,0.210664263,0.0119470289,-4.74364776e-18,-2.39188244e-18,-4.23868497e-16,1.31969526e-16,3.69670538e-17,-2.18705273e-18,0,0,0,-0.00105434561,-0.00286124575,-0.0597563002,
117.6,object_red_01,RED,-0.251218842,0.210664263,0.0119470289,-2.56019589e-18,-2.06994092e-18,-4.27437299e-16,3.82203495e-16,5.32607743e-16,-2.33580554e-18,0,0,0,-0.00110093051,-0.00291734801,-0.0597563002,
117.64,object_red_01,RED,-0.251218842,0.210664263,0.0119470289,-3.89980373e-18,-2.90420076e-18,-4.25652898e-16,3.62410978e-16,2.3178492e-16,-1.82000364e-18,0,0,0,-0.00114829974,-0.00297438503,-0.0597563002,
117.68,object_red_01,RED,-0.251218842,0.210664263,0.0119470289,-5.88721543e-18,-3.93667899e-18,-4.25652898e-16,4.14719774e-16,-2.88588974e-17,-8.20449855e-19,0,0,0,-0.00119645783,-0.00303236205,-0.0597563002,
117.72,object_red_01,RED,-0.251218842,0.210664263,0.0119470289,-5.10261909e-18,-4.62630475e-18,-4.31006102e-16,2.34545033e-16,2.00848759e-17,-1.31712349e-18,0,0,0,-0.00124540928,-0.00309128421,-0.0597563002,
117.76,object_red_01,RED,-0.251218842,0.210664263,0.0119470289,-3.94728902e-18,-2.5217046e-18,-4.31006102e-16,4.448798e-16,-1.37572931e-16,4.30213325e-19,0,0,0,-0.0012951585,-0.00315115658,-0.0597563002,
117.8,object_red_01,RED,-0.251218842,0.210664263,0.0119470289,-5.64848206e-18,-3.35160799e-18,-4.292217e-16,-8.37060792e-17,-1.52564506e-17,-1.70274125e-18,0,0,0,-0.00134570984,-0.00321198417,-0.0597563002,
117.84,object_red_01,RED,-0.251218842,0.210664263,0.0119470289,-4.42998348e-18,-3.27188499e-18,-4.25652898e-16,-4.82052148e-17,-4.07850997e-16,-1.73326508e-18,0,0,0,-0.00139706762,-0.00327377196,-0.0597563002,
117.88,object_red_01,RED,-0.251218842,0.210664263,0.0119470289,-2.8751671e-18,8.32105946e-18,-4.23868497e-16,-1.2266278e-16,1.15895975e-16,-1.32027762e-18,0,0,0,-0.00144923607,-0.0033365248,-0.0597563002,
117.92,object_red_01,RED,-0.251218842,0.210664263,0.0119470289,-6.10982993e-18,7.13131344e-18,-4.292217e-16,8.09173982e-17,-2.8421526e-16,2.93263062e-19,0,0,0,-0.00150221935,-0.00340024753,-0.0597563002,
117.96,object_red_01,RED,-0.251218842,0.210664263,0.0119470289,-6.09545365e-18,-2.71600219e-18,-4.27437299e-16,-2.55084146e-16,-3.51755016e-16,-4.31881462e-19,0,0,0,-0.00155602155,-0.00346494488,-0.0597563002,
118,object_red_01,RED,-0.251218842,0.210664263,0.0119470289,-4.8373114e-18,-4.27430373e-18,-4.292217e-16,-1.70416155e-16,-5.18762972e-16,4.96958773e-19,0,0,0,-0.00161064671,-0.00353062155,-0.0597563002,
118.04,object_red_01,RED,-0.251218842,0.210664263,0.0119470289,-3.38095074e-18,-3.29540981e-18,-4.25652898e-16,9.80848602e-16,-4.2008694e-16,-5.79311575e-19,0,0,0,-0.00166609882,-0.00359728215,-0.0597563002,
118.08,object_red_01,RED,-0.251218842,0.210664263,0.0119470289,1.44947908e-18,4.24865163e-18,-4.20299694e-16,8.90525606e-16,1.86227031e-16,-2.33708318e-20,0,0,0,-0.00172238177,-0.00366493126,-0.0597563002,
118.12,object_red_01,RED,-0.251218842,0.210664263,0.0119470289,-5.53957085e-18,2.09264539e-18,-4.23868497e-16,4.77238995e-16,-1.37731856e-16,-1.05527988e-18,0,0,0,-0.00177949937,-0.00373357333,-0.0597563002,
118.16,object_red_01,RED,-0.251218842,0.210664263,0.0119470289,-2.7536222e-18,1.21482107e-18,-4.292217e-16,5.08498606e-16,6.08056977e-17,-1.53252e-18,0,0,0,-0.00183745541,-0.0038032128,-0.0597563002,
118.2,object_red_01,RED,-0.251218842,0.210664263,0.0119470289,-3.2454652e-18,1.10098593e-17,-4.20299694e-16,1.08721173e-16,-4.92998828e-16,-1.45565082e-18,0,0,0,-0.00189625357,-0.00387385405,-0.0597563002,
118.24,object_red_01,RED,-0.251218842,0.210664263,0.0119470289,7.48962202e-19,5.59218028e-18,-4.20299694e-16,4.19606974e-17,3.46158254e-16,-1.85866716e-18,0,0,0,-0.00195589747,-0.00394550136,-0.0597563002,
118.28,object_red_01,RED,-0.251218842,0.210664263,0.0119470289,-3.37920816e-18,2.18543774e-18,-4.20299694e-16,2.24962941e-16,-2.02573581e-16,1.09204349e-19,0,0,0,-0.00201639068,-0.00401815897,-0.0597563002,
118.32,object_red_01,RED,-0.251218842,0.210664263,0.0119470289,-4.71053875e-18,1.12995631e-17,-4.23868497e-16,1.72339978e-16,-3.7480088e-16,5.6085533e-19,0,0,0,-0.00207773666,-0.00409183104,-0.0597563002,
118.36,object_red_01,RED,-0.251218842,0.210664263,0.0119470289,-7.91296386e-18,2.72868684e-18,-4.18515293e-16,7.47108398e-16,1.06043283e-16,-4.40580755e-19,0,0,0,-0.00213993882,-0.00416652169,-0.0597563002,
118.4,object_red_01,RED,-0.251218842,0.210664263,0.0119470289,-9.10183859e-18,1.87612991e-18,-4.27437299e-16,4.17390193e-16,3.1319711e-16,-6.50533852e-19,0,0,0,-0.00220300049,-0.00424223497,-0.0597563002,
118.44,object_red_01,RED,-0.251218842,0.210664263,0.0119470289,-3.50467387e-18,1.22223846e-19,-4.23868497e-16,1.23469549e-15,-1.97210039e-16,-9.39034946e-19,0,0,0,-0.00226692495,-0.00431897487,-0.0597563002,
118.48,object_red_01,RED,-0.251218842,0.210664263,0.0119470289,1.60369735e-18,3.16957083e-19,-4.22084096e-16,1.28511929e-15,-7.86462046e-16,-7.3126939e-19,0,0,0,-0.00233171535,-0.00439674529,-0.0597563002,
118.52,object_red_01,RED,-0.251218842,0.210664263,0.0119470289,-5.55786794e-18,4.1715425e-18,-4.23868497e-16,2.24962941e-16,-6.22576738e-16,-2.00558854e-18,0,0,0,-0.0023973748,-0.0044755501,-0.0597563002,
118.56,object_red_01,RED,-0.251218842,0.210664263,0.0119470289,-4.09279439e-18,1.13466128e-17,-4.27437299e-16,5.16509863e-16,-3.81991744e-16,-9.59842025e-19,0,0,0,-0.00246390633,-0.0045553931,-0.0597563002,
118.6,object_red_01,RED,-0.251218842,0.210664263,0.0119470289,-4.718816e-18,-6.35842858e-18,-4.25652898e-16,4.448798e-16,1.22138072e-15,-1.47142146e-18,0,0,0,-0.00253131291,-0.00463627806,-0.0597563002,
118.64,object_red_01,RED,-0.251218842,0.210664263,0.0119470289,-5.16230244e-18,1.66223973e-19,-4.31006102e-16,9.19132411e-17,6.42651464e-16,-1.62505809e-18,0,0,0,-0.00259959739,-0.00471820863,-0.0597563002,
118.68,object_red_01,RED,-0.251218842,0.210664263,0.0119470289,-7.39280394e-18,-8.62769105e-19,-4.31006102e-16,1.92760829e-16,2.52308857e-16,-2.48557581e-18,0,0,0,-0.00266876255,-0.00480118845,-0.0597563002,
118.72,object_red_01,RED,-0.251218842,0.210664263,0.0119470289,7.87298947e-19,-1.32978036e-18,-4.27437299e-16,6.76106669e-16,2.9118088e-16,1.35320316e-18,0,0,0,-0.00273881111,-0.00488522107,-0.0597563002,
118.76,object_red_01,RED,-0.251218842,0.210664263,0.0119470289,-2.97492977e-18,7.18707598e-18,-4.27437299e-16,3.13715102e-16,2.24510605e-16,7.37944434e-19,0,0,0,-0.0028097457,-0.00497031002,-0.0597563002,
118.8,object_red_01,RED,-0.251218842,0.210664263,0.0119470289,-2.46914612e-18,9.73920909e-20,-4.292217e-16,1.28356606e-16,4.02783777e-16,2.26072758e-18,0,0,0,-0.00288156887,-0.00505645875,-0.0597563002,
118.84,object_red_01,RED,-0.251218842,0.210664263,0.0119470289,-4.48008264e-18,-2.58443746e-18,-4.27437299e-16,1.15475762e-16,1.28459585e-16,1.21157257e-18,0,0,0,-0.00295428305,-0.00514367065,-0.0597563002,
118.88,object_red_01,RED,-0.251218842,0.210664263,0.0119470289,-4.51624116e-18,-5.71541682e-18,-4.27437299e-16,6.61026656e-16,-7.77224187e-16,1.80103866e-18,0,0,0,-0.00302789061,-0.00523194904,-0.0597563002,
118.92,object_red_01,RED,-0.251218842,0.210664263,0.0119470289,-1.93337556e-19,1.55505968e-18,-4.20299694e-16,4.75825244e-16,-1.78516492e-16,1.33524497e-18,0,0,0,-0.00310239386,-0.00532129723,-0.0597563002,
118.96,object_red_01,RED,-0.251218842,0.210664263,0.0119470289,-4.72055858e-18,-3.39559669e-19,-4.27437299e-16,9.4817524e-16,6.31353726e-16,2.87903869e-18,0,0,0,-0.00317779499,-0.00541171845,-0.0597563002,
119,object_red_01,RED,-0.251218842,0.210664263,0.0119470289,-6.5001677e-18,1.76896129e-18,-4.20299694e-16,7.31242967e-16,7.88335338e-16,-6.70679582e-19,0,0,0,-0.0032540961,-0.00550321587,-0.0597563002,
119.04,object_red_01,RED,-0.251218842,0.210664263,0.0119470289,-3.56566415e-18,-1.19473046e-18,-4.292217e-16,7.48522149e-16,4.74813298e-16,8.07945757e-19,0,0,0,-0.00333129921,-0.00559579261,-0.0597563002,
119.08,object_red_01,RED,-0.251218842,0.210664263,0.0119470289,-8.14690514e-18,-2.4332687e-18,-4.25652898e-16,4.01838929e-16,3.68458584e-16,1.82728916e-18,0,0,0,-0.00340940623,-0.00568945174,-0.0597563002,
119.12,object_red_01,RED,-0.251218842,0.210664263,0.0119470289,-5.85628464e-18,1.90880328e-18,-4.292217e-16,5.81402949e-17,3.70107347e-16,-8.24214461e-19,0,0,0,-0.00348841902,-0.00578419629,-0.0597563002,
119.16,object_red_01,RED,-0.251218842,0.210664263,0.0119470289,1.65031135e-18,4.2978795e-18,-4.27437299e-16,-1.76385327e-16,-1.89978063e-16,-5.81804355e-19,0,0,0,-0.00356833931,-0.00588002924,-0.0597563002,
119.2,object_red_01,RED,-0.251218842,0.210664263,0.0119470289,-2.64783307e-19,4.992733e-18,-4.292217e-16,6.49873729e-16,-5.50377861e-16,-2.35640913e-18,0,0,0,-0.00364916873,-0.0059769535,-0.0597563002,
119.24,object_red_01,RED,-0.251218842,0.210664263,0.0119470289,3.67170334e-18,2.18238823e-18,-4.23868497e-16,1.08436661e-15,-6.61983213e-16,-2.15586754e-18,0,0,0,-0.00373090884,-0.00607497194,-0.0597563002,
119.28,object_red_01,RED,-0.251218842,0.210664263,0.0119470289,1.9264376e-19,7.05987912e-19,-4.25652898e-16,2.97221337e-16,-6.47576327e-16,-2.85817007e-18,0,0,0,-0.00381356108,-0.00617408738,-0.0597563002,
119.32,object_red_01,RED,-0.251218842,0.210664263,0.0119470289,-6.10242397e-18,7.06814494e-18,-4.27437299e-16,3.1591427e-16,-9.17681968e-16,-1.04047582e-18,0,0,0,-0.00389712681,-0.00627430262,-0.0597563002,
119.36,object_red_01,RED,-0.251218842,0.210664263,0.0119470289,8.61794212e-19,1.24614279e-17,-4.27437299e-16,5.83584505e-16,-7.10803651e-16,-4.3101662e-19,0,0,0,-0.00398160727,-0.00637562038,-0.0597563002,
119.4,object_red_01,RED,-0.251218842,0.210664263,0.0119470289,3.7636244e-18,3.69102626e-18,-4.27437299e-16,9.20842716e-16,-4.3898359e-16,-7.81328476e-19,0,0,0,-0.0040670036,-0.00647804335,-0.0597563002,
119.44,object_red_01,RED,-0.251218842,0.210664263,0.0119470289,4.30513091e-18,-7.7564014e-19,-4.23868497e-16,9.09375623e-16,-6.86353775e-17,-1.38625997e-18,0,0,0,-0.00415331685,-0.00658157416,-0.0597563002,
119.48,object_red_01,RED,-0.251218842,0.210664263,0.0119470289,8.62229857e-19,1.28539553e-18,-4.25652898e-16,8.86912687e-16,-4.99215897e-16,-7.03266614e-20,0,0,0,-0.00424054796,-0.00668621542,-0.0597563002,
119.52,object_red_01,RED,-0.251218842,0.210664263,0.0119470289,-6.32903185e-19,-3.35988524e-18,-4.23868497e-16,7.63759246e-16,-7.81466668e-16,1.82054564e-19,0,0,0,-0.00432869777,-0.0067919697,-0.0597563002,
119.56,object_red_01,RED,-0.251218842,0.210664263,0.0119470289,7.40684951e-19,8.08929642e-18,-4.22084096e-16,1.71711644e-16,-3.01703068e-16,-1.73535087e-18,0,0,0,-0.00441776699,-0.00689883952,-0.0597563002,
119.6,object_red_01,RED,-0.251218842,0.210664263,0.0119470289,-8.60084704e-18,-4.06824373e-18,-4.23868497e-16,9.73936929e-16,-5.62332159e-16,-8.40115131e-20,0,0,0,-0.00450775622,-0.00700682733,-0.0597563002,
119.64,object_red_01,RED,-0.251218842,0.210664263,0.0119470289,-7.49953693e-18,6.7431539e-18,-4.25652898e-16,4.9875943e-16,-9.08542287e-16,-2.03651936e-18,0,0,0,-0.00459866597,-0.00711593559,-0.0597563002,
119.68,object_red_01,RED,-0.251218842,0.210664263,0.0119470289,-2.25393758e-18,-1.97497034e-18,-4.25652898e-16,8.07899701e-16,-7.43628574e-16,-3.47228699e-19,0,0,0,-0.00469049665,-0.00722616671,-0.0597563002,
119.72,object_red_01,RED,-0.251218842,0.210664263,0.0119470289,-4.78372708e-18,-4.28519485e-18,-4.20299694e-16,3.78276408e-16,-6.86233587e-16,-6.52263536e-19,0,0,0,-0.00478324852,-0.00733752306,-0.0597563002,
119.76,object_red_01,RED,-0.251218842,0.210664263,0.0119470289,-3.05770228e-18,-7.09422126e-19,-4.20299694e-16,3.7246432e-16,-9.23212411e-16,7.70197951e-19,0,0,0,-0.00487692173,-0.00745000694,-0.0597563002,
119.8,object_red_01,RED,-0.251218842,0.210664263,0.0119470289,-1.27643046e-17,-4.13619289e-19,-4.292217e-16,9.18957715e-16,-1.1039983e-15,-8.5183853e-19,0,0,0,-0.00497151633,-0.00756362068,-0.0597563002,
119.84,object_red_01,RED,-0.251218842,0.210664263,0.0119470289,1.33969659e-18,1.2034943e-18,-4.22084096e-16,1.08452369e-15,-1.35377207e-15,-6.03934134e-19,0,0,0,-0.00506703214,-0.00767836639,-0.0597563002,
119.88,object_red_01,RED,-0.251218842,0.210664263,0.0119470289,-2.87952355e-18,-2.60707956e-19,-4.23868497e-16,6.96370437e-16,-1.70179357e-15,-2.34087025e-19,0,0,0,-0.00516347059,-0.0077942449,-0.0597563002,
119.92,object_red_01,RED,-0.251218842,0.210664263,0.0119470289,-3.58352559e-18,-5.0349396e-18,-4.25652898e-16,3.21098025e-16,-1.34978792e-15,2.67012565e-19,0,0,0,-0.00526083672,-0.00791125315,-0.0597563002,
119.96,object_red_01,RED,-0.251218842,0.210664263,0.0119470289,1.92215372e-18,2.52481649e-19,-4.292217e-16,1.56160381e-16,-1.75716856e-15,-6.77750936e-19,0,0,0,-0.0053591363,-0.00802938853,-0.0597563002,
120,object_red_01,RED,-0.251218842,0.210664263,0.0119470289,-1.08775269e-17,6.05919153e-18,-4.25652898e-16,7.13492535e-16,-1.77122876e-15,-2.59574425e-19,0,0,0,-0.00545837278,-0.00814865015,-0.0597563002,
120.04,object_red_01,RED,-0.251218842,0.210664263,0.0119470289,4.54030655e-19,-1.56285034e-18,-4.292217e-16,3.01462591e-16,-1.51632769e-15,4.04827671e-19,0,0,0,-0.00555854751,-0.00826903844,-0.0597563002,
120.08,object_red_01,RED,-0.251218842,0.210664263,0.0119470289,1.43466716e-18,-7.23798405e-19,-4.292217e-16,1.26831135e-15,-8.14145553e-16,2.11510062e-19,0,0,0,-0.00565966083,-0.00839055432,-0.0597563002,
120.12,object_red_01,RED,-0.251218842,0.210664263,0.0119470289,-5.66721479e-18,2.48429009e-18,-4.292217e-16,6.94485435e-16,-1.28881805e-15,1.720354e-18,0,0,0,-0.00576171288,-0.00851319874,-0.0597563002,
120.16,object_red_01,RED,-0.251218842,0.210664263,0.0119470289,2.67059153e-18,7.88062254e-18,-4.25652898e-16,7.44752146e-16,-7.61165471e-16,-5.15313272e-19,0,0,0,-0.00586470393,-0.00863697246,-0.0597563002,
120.2,object_red_01,RED,-0.251218842,0.210664263,0.0119470289,-1.51930245e-17,1.49537634e-18,-4.25652898e-16,8.60208497e-16,-1.61816993e-15,-2.06302422e-18,0,0,0,-0.00596863438,-0.00876187608,-0.0597563002,
120.24,object_red_01,RED,-0.251218842,0.210664263,0.0119470289,-4.86170751e-18,3.11553944e-18,-4.27437299e-16,1.26281343e-15,-1.05165883e-15,-1.28324203e-18,0,0,0,-0.00607350465,-0.00888791004,-0.0597563002,
120.28,object_red_01,RED,-0.251218842,0.210664263,0.0119470289,-1.44271609e-17,-3.47576677e-18,-4.27437299e-16,6.33537048e-16,-2.94835496e-17,-1.45086875e-18,0,0,0,-0.00617931513,-0.00901507471,-0.0597563002,
120.32,object_red_01,RED,-0.251218842,0.210664263,0.0119470289,-1.51590442e-17,-2.65021982e-18,-4.25652898e-16,2.26847943e-16,-1.61602941e-17,-2.14040214e-18,0,0,0,-0.00628606611,-0.00914337034,-0.0597563002,
120.36,object_red_01,RED,-0.251218842,0.210664263,0.0119470289,-1.14700039e-17,-3.21307294e-18,-4.23868497e-16,1.38580979e-15,-1.17082566e-15,-2.25252635e-18,0,0,0,-0.00639375784,-0.00927279714,-0.0597563002,
120.4,object_red_01,RED,-0.251218842,0.210664263,0.0119470289,-1.21928112e-18,-8.86293925e-19,-4.32790503e-16,8.58166411e-16,-1.64441269e-15,-4.22164709e-19,0,0,0,-0.00650239048,-0.00940335525,-0.0597563002,
120.44,object_red_01,RED,-0.251218842,0.210664263,0.0119470289,-3.05334584e-18,1.26840538e-18,-4.27437299e-16,3.01305508e-16,-1.70546355e-15,2.14715065e-19,0,0,0,-0.00661196413,-0.0095350447,-0.0597563002,
120.48,object_red_01,RED,-0.251218842,0.210664263,0.0119470289,-1.15183604e-17,1.41870285e-18,-4.292217e-16,9.11103541e-16,-9.87824647e-16,2.45007128e-20,0,0,0,-0.00672247878,-0.00966786545,-0.0597563002,
120.52,object_red_01,RED,-0.251218842,0.210664263,0.0119470289,-1.29716716e-17,-5.11639375e-19,-4.25652898e-16,1.15521125e-15,-1.17311749e-15,-4.55028702e-19,0,0,0,-0.00683393441,-0.00980181737,-0.0597563002,
120.56,object_red_01,RED,-0.251218842,0.210664263,0.0119470289,-1.12269141e-17,6.33146954e-18,-4.27437299e-16,9.85246939e-16,-4.47353194e-16,3.62450416e-19,0,0,0,-0.00694633093,-0.00993690026,-0.0597563002,
120.6,object_red_01,RED,-0.251218842,0.210664263,0.0119470289,-5.32654054e-18,-4.83497862e-18,-4.27437299e-16,1.30648264e-15,-7.60302739e-16,1.55753194e-19,0,0,0,-0.00705966817,-0.0100731138,-0.0597563002,
120.64,object_red_01,RED,-0.251218842,0.210664263,0.0119470289,-3.16704913e-18,-1.00958141e-18,-4.22084096e-16,7.95961357e-16,-4.54177735e-16,-2.32306468e-19,0,0,0,-0.00717394591,-0.0102104577,-0.0597563002,
120.68,object_red_01,RED,-0.251218842,0.210664263,0.0119470289,-1.01103564e-17,-2.86804224e-18,-4.31006102e-16,2.02765285e-15,-1.13570892e-15,-1.87690799e-19,0,0,0,-0.00728916384,-0.0103489314,-0.0597563002,
120.72,object_red_01,RED,-0.251218842,0.210664263,0.0119470289,-1.37222876e-17,-3.92927303e-18,-4.31006102e-16,1.78464472e-15,-8.90613909e-16,8.27074026e-19,0,0,0,-0.00740532161,-0.0104885343,-0.0597563002,
120.76,object_red_01,RED,-0.251218842,0.210664263,0.0119470289,-9.0678583e-18,5.40878523e-19,-4.292217e-16,1.59048955e-15,-1.3584496e-15,1.68062214e-18,0,0,0,-0.00752241881,-0.0106292659,-0.0597563002,
120.8,object_red_01,RED,-0.251218842,0.210664263,0.0119470289,6.0432812e-19,-3.02966647e-18,-4.27437299e-16,1.59174622e-15,-1.17430359e-15,1.28940835e-18,0,0,0,-0.00764045495,-0.0107711255,-0.0597563002,
120.84,object_red_01,RED,-0.251218842,0.210664263,0.0119470289,-4.67220201e-18,-3.243121e-19,-4.27437299e-16,1.36256144e-15,-9.71062736e-16,-1.98824083e-18,0,0,0,-0.00775942948,-0.0109141122,-0.0597563002,
120.88,object_red_01,RED,-0.251218842,0.210664263,0.0119470289,-1.30574936e-17,1.30587084e-18,-4.25652898e-16,9.72366095e-16,-1.12271455e-15,-1.07278021e-18,0,0,0,-0.00787934178,-0.0110582251,-0.0597563002,
120.92,object_red_01,RED,-0.251218842,0.210664263,0.0119470289,-5.20499563e-18,-3.18606296e-18,-4.292217e-16,1.74961511e-15,-9.15452733e-16,-4.85756027e-19,0,0,0,-0.00800019118,-0.0112034633,-0.0597563002,
120.96,object_red_01,RED,-0.251218842,0.210664263,0.0119470289,-4.07144779e-18,-4.63545329e-18,-4.292217e-16,1.70186173e-15,-1.14293292e-15,3.88039563e-19,0,0,0,-0.00812197696,-0.0113498256,-0.0597563002,
121,object_red_01,RED,-0.251218842,0.210664263,0.0119470289,-2.35674976e-18,-4.50868065e-18,-4.25652898e-16,9.57600248e-16,-4.25923573e-16,-7.98676188e-19,0,0,0,-0.00824469831,-0.0114973111,-0.0597563002,
121.04,object_red_01,RED,-0.251218842,0.210664263,0.0119470289,-2.27920498e-18,-5.23402928e-18,-4.292217e-16,1.61452332e-15,-1.22388429e-15,1.39812407e-18,0,0,0,-0.00836835434,-0.0116459184,-0.0597563002,
121.08,object_red_01,RED,-0.251218842,0.210664263,0.0119470289,8.02546516e-19,-4.27953147e-18,-4.32790503e-16,1.97047447e-15,-4.83562775e-16,-2.41170814e-18,0,0,0,-0.00849294413,-0.0117956462,-0.0597563002,
121.12,object_red_01,RED,-0.251218842,0.210664263,0.0119470289,-2.30185851e-18,3.05149965e-18,-4.34574904e-16,1.11719705e-15,-5.77088187e-16,1.46008745e-18,0,0,0,-0.00861846671,-0.0119464931,-0.0597563002,
121.16,object_red_01,RED,-0.251218842,0.210664263,0.0119470289,-8.24586908e-19,-3.03010211e-18,-4.31006102e-16,1.03080115e-15,-7.42195801e-16,-1.7171666e-19,0,0,0,-0.00874492102,-0.0120984576,-0.0597563002,
121.2,object_red_01,RED,-0.251218842,0.210664263,0.0119470289,3.39681145e-18,-8.24128552e-18,-4.292217e-16,1.27538011e-15,-9.19376752e-16,3.15901571e-19,0,0,0,-0.00887230592,-0.0122515381,-0.0597563002,
121.24,object_red_01,RED,-0.251218842,0.210664263,0.0119470289,-2.66649323e-18,-6.5501123e-18,-4.31006102e-16,2.61404545e-15,-9.92203962e-16,1.10170937e-19,0,0,0,-0.00900062023,-0.012405733,-0.0597563002,
121.28,object_red_01,RED,-0.251218842,0.210664263,0.0119470289,-1.1426875e-17,-5.95807098e-18,-4.292217e-16,1.6841113e-15,-2.86107625e-16,1.9136716e-18,0,0,0,-0.00912986272,-0.0125610406,-0.0597563002,
121.32,object_red_01,RED,-0.251218842,0.210664263,0.0119470289,-1.77023387e-17,-1.12058486e-17,-4.32790503e-16,1.89868732e-15,-3.31012635e-16,1.80037731e-18,0,0,0,-0.00926003209,-0.0127174589,-0.0597563002,
121.36,object_red_01,RED,-0.251218842,0.210664263,0.0119470289,-2.63294858e-18,-8.12366141e-18,-4.292217e-16,2.07210747e-15,-7.84637177e-16,1.37365413e-18,0,0,0,-0.00939112696,-0.012874986,-0.0597563002,
121.4,object_red_01,RED,-0.251218842,0.210664263,0.0119470289,-4.76978645e-18,-8.58936573e-18,-4.292217e-16,2.6154592e-15,-8.2423203e-16,-4.95523654e-19,0,0,0,-0.0095231459,-0.01303362,-0.0597563002,
121.44,object_red_01,RED,-0.251218842,0.210664263,0.0119470289,-3.62926829e-18,-6.30920071e-18,-4.25652898e-16,1.88125106e-15,8.06190777e-17,1.23553378e-18,0,0,0,-0.0096560874,-0.0131933588,-0.0597563002,
121.48,object_red_01,RED,-0.251218842,0.210664263,0.0119470289,2.92406425e-19,2.31308167e-18,-4.32790503e-16,8.32875973e-16,-2.31953712e-16,-1.06179163e-18,0,0,0,-0.00978994994,-0.0133542,-0.0597563002,
121.52,object_red_01,RED,-0.251218842,0.210664263,0.0119470289,-1.17092454e-18,-2.53782346e-18,-4.38143706e-16,8.94923944e-16,-1.29891181e-16,-3.83501187e-19,0,0,0,-0.00992473188,-0.0135161416,-0.0597563002,
121.56,object_red_01,RED,-0.251218842,0.210664263,0.0119470289,-1.4120467e-17,-8.31838322e-19,-4.36359305e-16,1.250718e-15,-8.35459816e-16,-9.76884499e-19,0,0,0,-0.0100604315,-0.013679181,-0.0597563002,
121.6,object_red_01,RED,-0.251218842,0.210664263,0.0119470289,-2.19251166e-18,-9.79740883e-18,-4.34574904e-16,2.37983399e-15,-8.99052237e-16,1.33549934e-18,0,0,0,-0.0101970472,-0.0138433159,-0.0597563002,
121.64,object_red_01,RED,-0.251218842,0.210664263,0.0119470289,5.39417041e-19,-7.48152094e-18,-4.32790503e-16,1.75417053e-15,4.73044961e-17,9.52170868e-19,0,0,0,-0.010334577,-0.0140085436,-0.0597563002,
121.68,object_red_01,RED,-0.251218842,0.210664263,0.0119470289,-6.80424778e-18,-8.88429728e-18,-4.292217e-16,1.65002419e-15,-9.46129417e-16,-2.56623788e-19,0,0,0,-0.0104730191,-0.0141748616,-0.0597563002,
121.72,object_red_01,RED,-0.251218842,0.210664263,0.0119470289,-1.18782031e-17,-7.79344263e-18,-4.23868497e-16,2.42366028e-15,-1.48735596e-17,5.67723192e-19,0,0,0,-0.0106123717,-0.0143422672,-0.0597563002,
121.76,object_red_01,RED,-0.251218842,0.210664263,0.0119470289,-8.43573766e-18,1.04143443e-18,-4.23868497e-16,1.58137871e-15,-2.54079699e-17,3.31163487e-19,0,0,0,-0.0107526326,-0.0145107574,-0.0597563002,
121.8,object_red_01,RED,-0.251218842,0.210664263,0.0119470289,-1.04240206e-17,4.01514601e-18,-4.27437299e-16,1.11358413e-15,-1.09280365e-15,2.55973112e-19,0,0,0,-0.0108937998,-0.0146803294,-0.0597563002,
121.84,object_red_01,RED,-0.251218842,0.210664263,0.0119470289,-7.72389401e-18,-6.83458837e-18,-4.27437299e-16,2.58200042e-15,-1.40808981e-15,-1.02913113e-18,0,0,0,-0.0110358704,-0.0148509817,-0.0597563002,
121.88,object_red_01,RED,-0.251218842,0.210664263,0.0119470289,1.716965e-18,4.77142542e-18,-4.292217e-16,2.15331963e-15,-6.14592479e-16,5.18325456e-19,0,0,0,-0.0111788396,-0.0150227128,-0.0597563002,
121.92,object_red_01,RED,-0.251218842,0.210664263,0.0119470289,-3.52122838e-18,3.78817505e-18,-4.32790503e-16,1.94863987e-15,-1.09305216e-15,1.42198353e-18,0,0,0,-0.0113227033,-0.0151955213,-0.0597563002,
121.96,object_red_01,RED,-0.251218842,0.210664263,0.0119470289,-8.88663005e-18,-4.69818615e-18,-4.27437299e-16,1.85957354e-15,-1.51938652e-15,-3.6523776e-19,0,0,0,-0.0114674583,-0.0153694044,-0.0597563002,
122,object_red_01,RED,-0.251218842,0.210664263,0.0119470289,7.52011716e-19,-5.45446557e-18,-4.292217e-16,2.26484889e-15,-1.32108827e-15,1.03987601e-18,0,0,0,-0.0116131019,-0.0155443592,-0.0597563002,
122.04,object_red_01,RED,-0.251218842,0.210664263,0.0119470289,-9.22686866e-18,-3.52673721e-18,-4.25652898e-16,2.57524583e-15,-1.17113922e-15,-1.28156322e-18,0,0,0,-0.0117596317,-0.0157203823,-0.0597563002,
122.08,object_red_01,RED,-0.251218842,0.210664263,0.0119470289,-4.57374628e-18,-5.39216836e-18,-4.27437299e-16,3.14216008e-15,-9.06539473e-16,-9.83040138e-19,0,0,0,-0.0119070452,-0.0158974702,-0.0597563002,
122.12,object_red_01,RED,-0.251218842,0.210664263,0.0119470289,1.16326043e-18,-7.90801722e-18,-4.25652898e-16,2.1944755e-15,-1.08307061e-15,-5.75575246e-20,0,0,0,-0.0120553399,-0.0160756194,-0.0597563002,
122.16,object_red_01,RED,-0.251218842,0.210664263,0.0119470289,4.25372482e-18,-8.77712865e-18,-4.31006102e-16,2.24882638e-15,-9.80164987e-16,-1.552157e-18,0,0,0,-0.012204513,-0.0162548263,-0.0597563002,
122.2,object_red_01,RED,-0.251218842,0.210664263,0.0119470289,-4.95675064e-19,6.87384735e-18,-4.292217e-16,2.23940137e-15,-7.4602287e-16,9.61299741e-20,0,0,0,-0.0123545616,-0.0164350874,-0.0597563002,
122.24,object_red_01,RED,-0.251218842,0.210664263,0.0119470289,5.2496089e-18,-8.57455381e-18,-4.27437299e-16,2.39098692e-15,-1.00620219e-15,-4.49839651e-19,0,0,0,-0.0125054828,-0.0166163989,-0.0597563002,
122.28,object_red_01,RED,-0.251218842,0.210664263,0.0119470289,-2.1219372e-18,4.58106006e-19,-4.27437299e-16,2.34307646e-15,-6.39601886e-16,-7.07206435e-19,0,0,0,-0.0126572736,-0.016798757,-0.0597563002,
122.32,object_red_01,RED,-0.251218842,0.210664263,0.0119470289,-6.58991053e-18,7.00715467e-18,-4.31006102e-16,6.44847058e-16,-1.49995726e-15,3.00967489e-20,0,0,0,-0.012809931,-0.0169821579,-0.0597563002,
122.36,object_red_01,RED,-0.251218842,0.210664263,0.0119470289,-8.85577183e-19,5.41095203e-18,-4.25652898e-16,1.02404656e-15,-6.16765263e-16,4.70148673e-19,0,0,0,-0.0129634519,-0.0171665975,-0.0597563002,
122.4,object_red_01,RED,-0.251218842,0.210664263,0.0119470289,3.94528829e-18,-1.2565806e-19,-4.27437299e-16,8.56595577e-16,-3.9985692e-16,4.86145408e-20,0,0,0,-0.0131178331,-0.0173520718,-0.0597563002,
122.44,object_red_01,RED,-0.251218842,0.210664263,0.0119470289,2.23059025e-18,5.62659622e-18,-4.25652898e-16,1.05075075e-15,-7.83221585e-16,-9.6508195e-19,0,0,0,-0.0132730714,-0.0175385767,-0.0597563002,
122.48,object_red_01,RED,-0.251218842,0.210664263,0.0119470289,1.42116217e-18,-6.85942013e-18,-4.292217e-16,1.77412013e-15,-1.1277038e-15,-8.25435414e-19,0,0,0,-0.0134291636,-0.0177261079,-0.0597563002,
122.52,object_red_01,RED,-0.251218842,0.210664263,0.0119470289,-1.9829665e-18,-8.60243508e-18,-4.31006102e-16,1.55608827e-15,-7.69640001e-16,-1.53109556e-18,0,0,0,-0.0135861063,-0.017914661,-0.0597563002,
122.56,object_red_01,RED,-0.251218842,0.210664263,0.0119470289,-5.7926805e-18,-5.80995174e-18,-4.31006102e-16,1.59598747e-15,-6.14794356e-16,1.08372859e-18,0,0,0,-0.013743896,-0.0181042317,-0.0597563002,
122.6,object_red_01,RED,-0.251218842,0.210664263,0.0119470289,-8.18850466e-21,-6.65684528e-18,-4.32790503e-16,1.58137871e-15,-7.22662226e-16,2.06827482e-18,0,0,0,-0.0139025295,-0.0182948154,-0.0597563002,
122.64,object_red_01,RED,-0.251218842,0.210664263,0.0119470289,1.98575786e-18,-6.45644866e-18,-4.32790503e-16,7.59360908e-16,-8.45737739e-16,2.63858436e-19,0,0,0,-0.0140620031,-0.0184864076,-0.0597563002,
122.68,object_red_01,RED,-0.251218842,0.210664263,0.0119470289,-3.95549321e-20,-8.07051274e-18,-4.32790503e-16,1.77364888e-15,-4.65509834e-16,1.2940378e-18,0,0,0,-0.0142223132,-0.0186790035,-0.0597563002,
122.72,object_red_01,RED,-0.251218842,0.210664263,0.0119470289,-3.36229058e-19,-6.24080448e-18,-4.292217e-16,1.53174033e-15,-4.13375917e-16,3.23786894e-19,0,0,0,-0.0143834563,-0.0188725984,-0.0597563002,
122.76,object_red_01,RED,-0.251218842,0.210664263,0.0119470289,-1.26110302e-18,-4.94998886e-18,-4.31006102e-16,1.61043915e-15,-3.39354626e-16,9.32839107e-19,0,0,0,-0.0145454286,-0.0190671874,-0.0597563002,
122.8,object_red_01,RED,-0.251218842,0.210664263,0.0119470289,-6.33026621e-18,3.07546012e-18,-4.25652898e-16,7.75383422e-16,-6.80499427e-16,2.0896641e-19,0,0,0,-0.0147082263,-0.0192627656,-0.0597563002,
122.84,object_red_01,RED,-0.251218842,0.210664263,0.0119470289,4.07852304e-19,-1.37508742e-18,-4.292217e-16,7.9878886e-16,-4.59730881e-16,3.07507517e-19,0,0,0,-0.0148718458,-0.0194593279,-0.0597563002,
122.88,object_red_01,RED,-0.251218842,0.210664263,0.0119470289,-8.10646273e-19,6.45606396e-18,-4.292217e-16,2.11139595e-16,-5.57347213e-16,-1.73021269e-18,0,0,0,-0.0150362829,-0.0196568692,-0.0597563002,
122.92,object_red_01,RED,-0.251218842,0.210664263,0.0119470289,1.71652936e-18,4.44425616e-18,-4.292217e-16,-1.00828177e-16,-3.30655516e-16,-6.00016908e-19,0,0,0,-0.015201534,-0.0198553842,-0.0597563002,
122.96,object_red_01,RED,-0.251218842,0.210664263,0.0119470289,4.66192403e-18,4.1676217e-18,-4.27437299e-16,7.71613419e-16,-6.18094336e-16,-6.78768397e-19,0,0,0,-0.0153675949,-0.0200548677,-0.0597563002,
123,object_red_01,RED,-0.251218842,0.210664263,0.0119470289,-1.02106272e-18,-3.31501383e-18,-4.292217e-16,2.16101672e-15,-3.5393639e-16,-4.9679548e-19,0,0,0,-0.0155344617,-0.0202553142,-0.0597563002,
123.04,object_red_01,RED,-0.251218842,0.210664263,0.0119470289,1.3593006e-18,-2.14966392e-18,-4.31006102e-16,2.09582708e-15,-5.52278203e-16,2.93845261e-20,0,0,0,-0.0157021302,-0.0204567183,-0.0597563002,
123.08,object_red_01,RED,-0.251218842,0.210664263,0.0119470289,-8.73379128e-19,-1.23045334e-18,-4.32790503e-16,1.78495889e-15,-7.61382688e-16,-7.98399226e-20,0,0,0,-0.0158705962,-0.0206590744,-0.0597563002,
123.12,object_red_01,RED,-0.251218842,0.210664263,0.0119470289,5.06620242e-18,-3.77810428e-18,-4.36359305e-16,2.02513952e-15,-1.58193818e-16,8.63041276e-19,0,0,0,-0.0160398556,-0.0208623767,-0.0597563002,
123.16,object_red_01,RED,-0.251218842,0.210664263,0.0119470289,-1.1744097e-18,7.24370981e-18,-4.34574904e-16,1.14062011e-16,-7.50848891e-16,-7.44954242e-19,0,0,0,-0.0162099041,-0.0210666196,-0.0597563002,
123.2,object_red_01,RED,-0.251218842,0.210664263,0.0119470289,-1.13445382e-17,8.05880128e-18,-4.38143706e-16,-3.9740177e-16,-4.59910054e-16,4.99146315e-19,0,0,0,-0.0163807373,-0.0212717972,-0.0597563002,
123.24,object_red_01,RED,-0.251218842,0.210664263,0.0119470289,-1.37697729e-17,1.11257409e-17,-4.36359305e-16,-1.2143929e-15,-4.30512128e-16,1.53258155e-18,0,0,0,-0.0165523509,-0.0214779035,-0.0597563002,
123.28,object_red_01,RED,-0.251218842,0.210664263,0.0119470289,-1.84847568e-17,1.08011855e-17,-4.34574904e-16,-2.04014405e-17,-1.42792889e-16,8.28752837e-19,0,0,0,-0.0167247402,-0.0216849327,-0.0597563002,
123.32,object_red_01,RED,-0.251218842,0.210664263,0.0119470289,-1.7656596e-17,2.84151885e-18,-4.36359305e-16,9.64197754e-16,-6.14092389e-16,1.89815532e-18,0,0,0,-0.0168978993,-0.0218928806,-0.0597563002,
123.36,object_red_01,RED,-0.251218842,0.210664263,0.0119470289,-7.99312251e-18,3.80560085e-18,-4.36359305e-16,7.35955471e-16,-3.68487474e-16,1.92109907e-18,0,0,0,-0.01707182,-0.0221017437,-0.0597563002,
123.4,object_red_01,RED,-0.251218842,0.210664263,0.0119470289,5.35024285e-18,-3.4870821e-19,-4.292217e-16,1.64782502e-15,-3.19293089e-18,1.49213747e-18,0,0,0,-0.0172464951,-0.0223115177,-0.0597563002,
123.44,object_red_01,RED,-0.251218842,0.210664263,0.0119470289,1.24733988e-18,-2.593586e-18,-4.32790503e-16,1.57540954e-15,-4.07044716e-16,5.27329987e-19,0,0,0,-0.0174219186,-0.0225221972,-0.0597563002,
123.48,object_red_01,RED,-0.251218842,0.210664263,0.0119470289,5.89567017e-18,2.23248738e-18,-4.34574904e-16,7.3862589e-16,-4.71390647e-16,1.16736389e-18,0,0,0,-0.0175980857,-0.022733776,-0.0597563002,
123.52,object_red_01,RED,-0.251218842,0.210664263,0.0119470289,4.53776525e-18,1.95323905e-18,-4.27437299e-16,1.11766831e-15,-8.11102061e-16,-1.18350825e-19,0,0,0,-0.0177749915,-0.0229462475,-0.0597563002,
123.56,object_red_01,RED,-0.251218842,0.210664263,0.0119470289,-1.01409241e-18,5.3124963e-18,-4.34574904e-16,4.07179767e-16,-2.57546046e-16,4.44864765e-19,0,0,0,-0.0179526313,-0.0231596053,-0.0597563002,
123.6,object_red_01,RED,-0.251218842,0.210664263,0.0119470289,-5.29168895e-18,4.08267096e-18,-4.31006102e-16,3.38848457e-16,-1.95976688e-16,-5.68322995e-19,0,0,0,-0.018131,-0.0233738426,-0.0597563002,
123.64,object_red_01,RED,-0.251218842,0.210664263,0.0119470289,5.1359056e-18,6.71919344e-18,-4.27437299e-16,7.52449236e-16,-5.9671319e-16,-5.21672404e-19,0,0,0,-0.0183100925,-0.0235889529,-0.0597563002,
123.68,object_red_01,RED,-0.251218842,0.210664263,0.0119470289,-2.75187962e-18,3.20920308e-18,-4.32790503e-16,7.62502578e-16,-6.71305748e-16,-1.37898512e-18,0,0,0,-0.0184899036,-0.0238049294,-0.0597563002,
123.72,object_red_01,RED,-0.251218842,0.210664263,0.0119470289,-1.17858464e-17,5.53075436e-18,-4.32790503e-16,1.36350394e-15,-4.83643771e-16,-1.57800051e-18,0,0,0,-0.0186704279,-0.0240217654,-0.0597563002,
123.76,object_red_01,RED,-0.251218842,0.210664263,0.0119470289,-1.14921487e-19,-1.19795538e-17,-4.38143706e-16,1.67028796e-15,-6.757814e-16,-7.20054722e-20,0,0,0,-0.0188516601,-0.0242394541,-0.0597563002,
123.8,object_red_01,RED,-0.251218842,0.210664263,0.0119470289,-9.95178165e-18,-5.1360092e-18,-4.34574904e-16,1.54901952e-15,-4.25913141e-16,2.52908295e-18,0,0,0,-0.0190335947,-0.0244579884,-0.0597563002,
123.84,object_red_01,RED,-0.251218842,0.210664263,0.0119470289,-6.5459104e-18,-1.19028803e-17,-4.32790503e-16,2.67373717e-15,-2.46737353e-16,2.80493925e-19,0,0,0,-0.0192162263,-0.0246773613,-0.0597563002,
123.88,object_red_01,RED,-0.251218842,0.210664263,0.0119470289,4.02936774e-18,-7.18963891e-18,-4.32790503e-16,2.99135994e-15,-1.33991305e-16,-1.17121957e-18,0,0,0,-0.0193995493,-0.0248975657,-0.0597563002,
123.92,object_red_01,RED,-0.251218842,0.210664263,0.0119470289,2.37217482e-18,-4.12487756e-18,-4.32790503e-16,1.48382988e-15,-7.6220124e-16,3.39659288e-19,0,0,0,-0.0195835582,-0.0251185944,-0.0597563002,
123.96,object_red_01,RED,-0.251218842,0.210664263,0.0119470289,-4.90011682e-19,-3.62257907e-18,-4.27437299e-16,2.23358928e-15,-4.51104789e-16,6.53495163e-19,0,0,0,-0.0197682474,-0.0253404401,-0.0597563002,
124,object_red_01,RED,-0.251218842,0.210664263,0.0119470289,-5.33438214e-18,-2.03247546e-18,-4.36359305e-16,1.61797916e-15,-6.04906074e-16,-4.95218415e-19,0,0,0,-0.0199536111,-0.0255630953,-0.0597563002,
124.04,object_red_01,RED,-0.251218842,0.210664263,0.0119470289,-2.86340469e-18,-5.72935745e-18,-4.31006102e-16,1.90779816e-15,-8.09080838e-16,1.06958588e-18,0,0,0,-0.0201396437,-0.0257865526,-0.0597563002,
124.08,object_red_01,RED,-0.251218842,0.210664263,0.0119470289,-1.22189499e-18,-7.28460948e-18,-4.34574904e-16,2.05451412e-15,-1.06647376e-15,2.25024774e-18,0,0,0,-0.0203263393,-0.0260108044,-0.0597563002,
124.12,object_red_01,RED,-0.251218842,0.210664263,0.0119470289,-4.1550916e-18,-4.54440353e-18,-4.32790503e-16,1.99325157e-15,-8.15561758e-16,5.46712621e-19,0,0,0,-0.0205136922,-0.0262358431,-0.0597563002,
124.16,object_red_01,RED,-0.251218842,0.210664263,0.0119470289,-1.92981783e-18,-4.99834543e-18,-4.27437299e-16,2.53314746e-15,-4.65841182e-16,-2.35969328e-19,0,0,0,-0.0207016964,-0.0264616609,-0.0597563002,
124.2,object_red_01,RED,-0.251218842,0.210664263,0.0119470289,3.84639691e-18,1.17169223e-18,-4.31006102e-16,1.15254084e-15,-9.4164947e-16,-6.02916673e-19,0,0,0,-0.0208903459,-0.02668825,-0.0597563002,
124.24,object_red_01,RED,-0.251218842,0.210664263,0.0119470289,3.69522816e-18,2.90381606e-18,-4.31006102e-16,1.98572918e-16,-7.79712979e-16,-1.3639267e-18,0,0,0,-0.0210796349,-0.0269156024,-0.0597563002,
124.28,object_red_01,RED,-0.251218842,0.210664263,0.0119470289,1.58017253e-18,-3.4060636e-18,-4.31006102e-16,1.34905226e-15,-9.66698147e-16,1.07533453e-18,0,0,0,-0.0212695572,-0.0271437103,-0.0597563002,
124.32,object_red_01,RED,-0.251218842,0.210664263,0.0119470289,-1.44189563e-18,-4.37668027e-18,-4.36359305e-16,2.89114069e-15,-2.23794576e-16,3.31262974e-18,0,0,0,-0.0214601067,-0.0273725654,-0.0597563002,
124.36,object_red_01,RED,-0.251218842,0.210664263,0.0119470289,-2.11198993e-19,-2.86586401e-18,-4.36359305e-16,1.61876458e-15,-1.20609581e-15,1.51045177e-18,0,0,0,-0.0216512774,-0.0276021597,-0.0597563002,
124.4,object_red_01,RED,-0.251218842,0.210664263,0.0119470289,-2.96055349e-18,-1.0751471e-17,-4.32790503e-16,2.88297235e-15,-8.8969043e-16,1.32451076e-18,0,0,0,-0.021843063,-0.0278324848,-0.0597563002,
124.44,object_red_01,RED,-0.251218842,0.210664263,0.0119470289,-2.76799847e-18,-7.89625481e-18,-4.31006102e-16,2.10195333e-15,-9.6524942e-16,1.30924884e-18,0,0,0,-0.0220354572,-0.0280635325,-0.0597563002,
124.48,object_red_01,RED,-0.251218842,0.210664263,0.0119470289,-1.03587465e-18,-7.25280741e-18,-4.34574904e-16,2.10195333e-15,-1.60909644e-16,1.45993483e-18,0,0,0,-0.0222284539,-0.0282952942,-0.0597563002,
124.52,object_red_01,RED,-0.251218842,0.210664263,0.0119470289,-5.63889788e-18,-9.20057542e-18,-4.34574904e-16,2.11687626e-15,-5.64304293e-16,-8.67354812e-19,0,0,0,-0.0224220464,-0.0285277613,-0.0597563002,
124.56,object_red_01,RED,-0.251218842,0.210664263,0.0119470289,-4.88610362e-18,-7.09074753e-18,-4.34574904e-16,3.09519212e-15,-3.0240074e-16,-1.29326403e-18,0,0,0,-0.0226162283,-0.0287609264,-0.0597563002,
124.6,object_red_01,RED,-0.251218842,0.210664263,0.0119470289,-5.22895609e-18,-5.08721698e-18,-4.32790503e-16,1.91015442e-15,-1.02669667e-15,-1.6123681e-19,0,0,0,-0.0228109896,-0.0289947834,-0.0597563002,
124.64,object_red_01,RED,-0.251218842,0.210664263,0.0119470289,1.98742787e-19,-7.69629384e-18,-4.38143706e-16,2.30569059e-15,-1.60241426e-16,1.44782704e-18,0,0,0,-0.0230063199,-0.029229327,-0.0597563002,
124.68,object_red_01,RED,-0.251218842,0.210664263,0.0119470289,-7.67517436e-19,2.80884549e-18,-4.36359305e-16,4.4159866e-17,-5.58089064e-16,2.92703458e-19,0,0,0,-0.0232022099,-0.02946455,-0.0597563002,
124.72,object_red_01,RED,-0.251218842,0.210664263,0.0119470289,-1.20316226e-18,-1.83512836e-18,-4.36359305e-16,-2.38904548e-16,-3.58084989e-16,2.05100058e-19,0,0,0,-0.023398652,-0.0297004445,-0.0597563002,
124.76,object_red_01,RED,-0.251218842,0.210664263,0.0119470289,-4.21608187e-18,1.93233953e-19,-4.32790503e-16,-2.36077046e-16,-8.45412527e-16,1.03936728e-18,0,0,0,-0.0235956396,-0.0299370016,-0.0597563002,
124.8,object_red_01,RED,-0.251218842,0.210664263,0.0119470289,-4.25746813e-18,1.3298313e-18,-4.292217e-16,1.15835292e-15,-2.89332131e-16,1.41872765e-18,0,0,0,-0.023793166,-0.0301742122,-0.0597563002,
124.84,object_red_01,RED,-0.251218842,0.210664263,0.0119470289,-1.34234353e-17,-5.21834607e-18,-4.31006102e-16,1.91612359e-15,-5.22048146e-17,1.37329802e-18,0,0,0,-0.0239912244,-0.0304120672,-0.0597563002,
124.88,object_red_01,RED,-0.251218842,0.210664263,0.0119470289,-1.54317579e-17,-3.10590431e-18,-4.39928108e-16,1.84512186e-15,2.2361842e-16,2.29745212e-20,0,0,0,-0.0241898081,-0.0306505575,-0.0597563002,
124.92,object_red_01,RED,-0.251218842,0.210664263,0.0119470289,-4.260082e-18,-5.2954552e-18,-4.31006102e-16,2.195418e-15,-6.58962344e-17,1.42681647e-18,0,0,0,-0.0243889098,-0.030889674,-0.0597563002,
124.96,object_red_01,RED,-0.251218842,0.210664263,0.0119470289,-2.49136401e-18,-5.7842487e-18,-4.34574904e-16,2.38721692e-15,1.51906747e-16,-1.29687601e-18,0,0,0,-0.0245885224,-0.0311294075,-0.0597563002,
125,object_red_01,RED,-0.251218842,0.210664263,0.0119470289,1.14155125e-20,-3.15600347e-18,-4.34574904e-16,8.05386365e-16,9.44657402e-17,-9.19245328e-19,0,0,0,-0.0247886386,-0.0313697489,-0.0597563002,
125.04,object_red_01,RED,-0.251218842,0.210664263,0.0119470289,-7.56357671e-18,-8.43035537e-18,-4.34574904e-16,5.12896943e-16,-1.8990251e-17,-2.42735444e-19,0,0,0,-0.0249892512,-0.0316106887,-0.0597563002,
125.08,object_red_01,RED,-0.251218842,0.210664263,0.0119470289,-7.1144269e-18,-9.19055559e-18,-4.292217e-16,4.44722716e-16,2.80420662e-16,-1.15168432e-18,0,0,0,-0.0251903528,-0.0318522176,-0.0597563002,
125.12,object_red_01,RED,-0.251218842,0.210664263,0.0119470289,-2.56716621e-18,-4.302185e-18,-4.31006102e-16,1.47848904e-15,8.69603331e-16,-1.31987063e-18,0,0,0,-0.0253919362,-0.032094326,-0.0597563002,
125.16,object_red_01,RED,-0.251218842,0.210664263,0.0119470289,-3.89283341e-18,-4.21941249e-18,-4.32790503e-16,1.99356574e-15,2.63919534e-16,-9.57123158e-20,0,0,0,-0.0255939939,-0.0323370044,-0.0597563002,
125.2,object_red_01,RED,-0.251218842,0.210664263,0.0119470289,-1.34020887e-17,-2.8628145e-18,-4.27437299e-16,1.87355397e-15,3.55719483e-16,-7.16160093e-19,0,0,0,-0.0257965184,-0.032580243,-0.0597563002,
125.24,object_red_01,RED,-0.251218842,0.210664263,0.0119470289,1.02646796e-18,-5.57775305e-18,-4.292217e-16,2.20798468e-15,1.10080381e-15,6.40166423e-19,0,0,0,-0.0259995023,-0.0328240323,-0.0597563002,
125.28,object_red_01,RED,-0.251218842,0.210664263,0.0119470289,-8.52976388e-20,-4.30784839e-18,-4.36359305e-16,2.40905152e-15,3.07250028e-16,1.74863941e-18,0,0,0,-0.0262029381,-0.0330683622,-0.0597563002,
125.32,object_red_01,RED,-0.251218842,0.210664263,0.0119470289,-2.24740291e-18,-4.7948993e-18,-4.36359305e-16,2.92836947e-15,1.17364391e-15,2.09182904e-18,0,0,0,-0.0264068183,-0.033313223,-0.0597563002,
125.36,object_red_01,RED,-0.251218842,0.210664263,0.0119470289,-2.23832693e-19,-5.34076227e-18,-4.34574904e-16,2.3256402e-15,7.72212806e-16,1.15729103e-18,0,0,0,-0.0266111351,-0.0335586046,-0.0597563002,
125.4,object_red_01,RED,-0.251218842,0.210664263,0.0119470289,-3.00411797e-18,-1.42649351e-18,-4.32790503e-16,2.06755205e-15,5.2607712e-16,-1.0257735e-18,0,0,0,-0.0268158809,-0.033804497,-0.0597563002,
125.44,object_red_01,RED,-0.251218842,0.210664263,0.0119470289,1.64639054e-18,1.13727629e-18,-4.31006102e-16,1.83412602e-15,5.14814972e-16,6.52630321e-19,0,0,0,-0.027021048,-0.03405089,-0.0597563002,
125.48,object_red_01,RED,-0.251218842,0.210664263,0.0119470289,4.71020803e-19,-4.0368773e-18,-4.38143706e-16,1.47628987e-15,1.20018427e-15,9.04706308e-19,0,0,0,-0.0272266288,-0.0342977734,-0.0597563002,
125.52,object_red_01,RED,-0.251218842,0.210664263,0.0119470289,-2.72094883e-18,-1.6713259e-18,-4.32790503e-16,6.99669189e-16,8.53231674e-16,-4.50501e-19,0,0,0,-0.0274326153,-0.0345451369,-0.0597563002,
125.56,object_red_01,RED,-0.251218842,0.210664263,0.0119470289,3.95051603e-18,2.88204525e-19,-4.36359305e-16,1.64955294e-15,1.51645527e-15,1.53522695e-18,0,0,0,-0.0276389998,-0.0347929702,-0.0597563002,
125.6,object_red_01,RED,-0.251218842,0.210664263,0.0119470289,-3.86190263e-18,-3.9192532e-18,-4.31006102e-16,1.19369671e-15,9.22063687e-16,1.29505526e-18,0,0,0,-0.0278457745,-0.0350412627,-0.0597563002,
125.64,object_red_01,RED,-0.251218842,0.210664263,0.0119470289,-3.468951e-18,1.1263966e-19,-4.34574904e-16,1.90151482e-15,7.34510932e-16,4.51020405e-19,0,0,0,-0.0280529314,-0.035290004,-0.0597563002,
125.68,object_red_01,RED,-0.251218842,0.210664263,0.0119470289,1.52223177e-18,-2.32784265e-18,-4.36359305e-16,7.73341337e-16,4.19466532e-16,-8.67456558e-19,0,0,0,-0.028260498,-0.0355392416,-0.0597563002,
125.72,object_red_01,RED,-0.251218842,0.210664263,0.0119470289,-9.99280483e-19,-2.92641864e-18,-4.39928108e-16,7.70042584e-16,1.34433167e-15,-9.05000872e-19,0,0,0,-0.0284704767,-0.035792864,-0.0597563002,
125.76,object_red_01,RED,-0.251218842,0.210664263,0.0119470289,-1.0441519e-18,-4.32658111e-18,-4.39928108e-16,1.74741594e-15,5.89160247e-16,-2.19056297e-18,0,0,0,-0.028685824,-0.0360588663,-0.0597563002,
125.8,object_red_01,RED,-0.251218842,0.210664263,0.0119470289,-4.15952061e-19,-8.55059334e-18,-4.34574904e-16,8.28948886e-16,4.12305735e-16,-4.66017282e-19,0,0,0,-0.0289069165,-0.0363409258,-0.0597563002,
125.84,object_red_01,RED,-0.251218842,0.210664263,0.0119470289,-4.19872865e-19,-1.12790369e-17,-4.31006102e-16,3.16071354e-16,5.59883201e-16,-2.67284534e-20,0,0,0,-0.0291334167,-0.0366394694,-0.0597563002,
125.88,object_red_01,RED,-0.251218842,0.210664263,0.0119470289,-3.83402136e-18,-8.4695634e-18,-4.34574904e-16,3.11673017e-16,1.37744069e-15,-5.54332905e-19,0,0,0,-0.0293649446,-0.0369532661,-0.0597563002,
125.92,object_red_01,RED,-0.251218842,0.210664263,0.0119470289,-4.37298658e-19,-5.70015782e-19,-4.34574904e-16,1.52420033e-15,5.81996995e-16,2.20476722e-18,0,0,0,-0.0296010495,-0.0372803508,-0.0597563002,
125.96,object_red_01,RED,-0.251218842,0.210664263,0.0119470289,-7.68468598e-18,1.54721807e-18,-4.38143706e-16,1.13651832e-15,2.05825115e-17,-1.26558908e-18,0,0,0,-0.0298411063,-0.0376184969,-0.0597563002,
126,object_red_01,RED,-0.251218842,0.210664263,0.0119470289,-1.95682781e-18,-1.3428497e-18,-4.31006102e-16,1.57226787e-15,1.92536755e-16,-5.67051169e-19,0,0,0,-0.0300843035,-0.0379654062,-0.0597563002,
126.04,object_red_01,RED,-0.251218842,0.210664263,0.0119470289,-3.44237666e-18,4.92086303e-19,-4.32790503e-16,4.59645646e-16,4.46454823e-16,3.29026819e-19,0,0,0,-0.0303297044,-0.0383187527,-0.0597563002,
126.08,object_red_01,RED,-0.251218842,0.210664263,0.0119470289,-1.58086632e-18,-2.22110967e-18,-4.36359305e-16,9.17072713e-16,-7.83555308e-17,6.94397099e-19,0,0,0,-0.0305763236,-0.038676173,-0.0597563002,
126.12,object_red_01,RED,-0.251218842,0.210664263,0.0119470289,-3.26506922e-18,-1.38249338e-18,-4.36359305e-16,1.45288443e-15,4.31522154e-17,-6.36289397e-19,0,0,0,-0.0308231833,-0.0390352503,-0.0597563002,
126.16,object_red_01,RED,-0.251218842,0.210664263,0.0119470289,-4.96016324e-18,-2.78744794e-18,-4.36359305e-16,2.2001305e-15,-1.28462037e-15,-1.16389385e-18,0,0,0,-0.0310693405,-0.0393935059,-0.0597563002,
126.2,object_red_01,RED,-0.251218842,0.210664263,0.0119470289,3.97324262e-20,-1.23925451e-17,-4.32790503e-16,7.20404208e-16,-6.82496719e-16,8.06012581e-19,0,0,0,-0.031313894,-0.0397484002,-0.0597563002,
126.24,object_red_01,RED,-0.251218842,0.210664263,0.0119470289,-2.60288909e-18,-1.6083328e-17,-4.31006102e-16,4.52891057e-16,-4.80897878e-16,2.60468031e-18,0,0,0,-0.0315559811,-0.0400973364,-0.0597563002,
126.28,object_red_01,RED,-0.251218842,0.210664263,0.0119470289,1.00207185e-18,-1.24644265e-17,-4.32790503e-16,2.97849671e-16,-8.16076496e-17,1.50811161e-18,0,0,0,-0.0317947726,-0.0404376652,-0.0597563002,
126.32,object_red_01,RED,-0.251218842,0.210664263,0.0119470289,3.0814046e-18,-1.11405018e-17,-4.38143706e-16,1.47834957e-16,5.07615597e-17,3.04658626e-19,0,0,0,-0.0320294677,-0.0407666866,-0.0597563002,
126.36,object_red_01,RED,-0.251218842,0.210664263,0.0119470289,1.48868712e-18,-8.04392698e-19,-4.39928108e-16,9.60150245e-18,9.57309984e-17,6.11881004e-19,0,0,0,-0.0322592895,-0.0410816505,-0.0597563002,
126.4,object_red_01,RED,-0.251218842,0.210664263,0.0119470289,-1.66327576e-19,-1.11239473e-17,-4.39928108e-16,2.07544289e-17,7.03941016e-16,1.37385762e-18,0,0,0,-0.0324834816,-0.041379757,-0.0597563002,
126.44,object_red_01,RED,-0.251218842,0.210664263,0.0119470289,2.10033245e-18,-1.29392793e-17,-4.38143706e-16,8.59423079e-16,-2.57633178e-16,7.79965577e-19,0,0,0,-0.0327013017,-0.0416581555,-0.0597563002,
126.48,object_red_01,RED,-0.251218842,0.210664263,0.0119470289,6.18232447e-18,-1.4534175e-17,-4.36359305e-16,5.54524063e-16,4.41830757e-17,8.92621117e-20,0,0,0,-0.0329120148,-0.0419139441,-0.0597563002,
126.52,object_red_01,RED,-0.251218842,0.210664263,0.0119470289,2.17613465e-18,-1.43359566e-17,-4.36359305e-16,4.64201067e-16,-1.15394095e-16,9.81575494e-19,0,0,0,-0.0331148837,-0.0421441682,-0.0597563002,
126.56,object_red_01,RED,-0.251218842,0.210664263,0.0119470289,-1.44450949e-18,-1.45171849e-17,-4.39928108e-16,9.50688576e-16,-2.71871935e-16,2.23566976e-19,0,0,0,-0.0333091567,-0.0423458197,-0.0597563002,
126.6,object_red_01,RED,-0.251218842,0.210664263,0.0119470289,-8.2248125e-20,-1.35827267e-17,-4.32790503e-16,1.0758841e-15,-4.71026164e-16,1.91580827e-18,0,0,0,-0.0334940553,-0.0425158361,-0.0597563002,
126.64,object_red_01,RED,-0.251218842,0.210664263,0.0119470289,-4.84297478e-18,-6.79276647e-18,-4.36359305e-16,9.58542749e-16,-3.59841134e-16,3.82596146e-19,0,0,0,-0.0336687581,-0.0426510995,-0.0597563002,
126.68,object_red_01,RED,-0.251218842,0.210664263,0.0119470289,-7.66210501e-19,-4.16844204e-18,-4.36359305e-16,1.28449095e-15,-3.19501976e-16,-8.58197662e-19,0,0,0,-0.0338323822,-0.0427484344,-0.0597563002,
126.72,object_red_01,RED,-0.251218842,0.210664263,0.0119470289,-3.13394013e-18,-2.0464161e-18,-4.39928108e-16,1.86444313e-15,-3.17972866e-16,-5.46549328e-19,0,0,0,-0.0339839631,-0.0428046052,-0.0597563002,
126.76,object_red_01,RED,-0.251218842,0.210664263,0.0119470289,-5.09869829e-18,-1.7976629e-18,-4.32790503e-16,4.67656903e-16,-2.686867e-16,-8.73103467e-19,0,0,0,-0.0341224317,-0.0428163158,-0.0597563002,
126.8,object_red_01,RED,-0.251218842,0.210664263,0.0119470289,-1.9464449e-19,-1.08364103e-18,-4.32790503e-16,6.53800816e-16,-1.23179545e-16,9.73384932e-19,0,0,0,-0.0342504547,-0.042777435,-0.0597563002,
126.84,object_red_01,RED,-0.251218842,0.210664263,0.0119470289,-2.52926511e-18,-2.2982188e-18,-4.34574904e-16,1.0113228e-15,-7.11784195e-16,6.7043589e-19,0,0,0,-0.0344231748,-0.0426473343,-0.0597563002,
126.88,object_red_01,RED,-0.251218842,0.210664263,0.0119470289,-3.44194102e-18,-9.28552616e-18,-4.38143706e-16,1.06080409e-15,-2.79667203e-16,1.0081821e-18,0,0,0,-0.0347434821,-0.0423590238,-0.0597563002,
126.92,object_red_01,RED,-0.251218842,0.210664263,0.0119470289,-5.99743357e-18,-4.03339215e-18,-4.36359305e-16,1.33962725e-15,6.29298755e-16,9.5237436e-19,0,0,0,-0.0352796005,-0.041871882,-0.0597563002,
126.96,object_red_01,RED,-0.251218842,0.210664263,0.0119470289,-5.21675804e-18,-3.18344909e-18,-4.32790503e-16,1.03268615e-15,9.38887573e-16,2.58687474e-18,0,0,0,-0.0360423444,-0.0411848177,-0.0597563002,
127,object_red_01,RED,-0.251218842,0.210664263,0.0119470289,-3.11215789e-18,1.03097895e-18,-4.36359305e-16,1.61405207e-15,1.80046779e-16,3.41338098e-19,0,0,0,-0.0370018621,-0.0403247037,-0.0597563002,
127.04,object_red_01,RED,-0.251218842,0.210664263,0.0119470289,-4.60816222e-18,-1.04311463e-19,-4.34574904e-16,1.22809799e-15,-1.13499222e-15,2.17055225e-19,0,0,0,-0.0381116054,-0.0393301999,-0.0597563002,
127.08,object_red_01,RED,-0.251218842,0.210664263,0.0119470289,-2.36633395e-18,4.25008429e-20,-4.32790503e-16,3.88643917e-16,-2.49286278e-16,-1.74695574e-20,0,0,0,-0.0393244345,-0.0382408791,-0.0597563002,
127.12,object_red_01,RED,-0.251218842,0.210664263,0.0119470289,-1.29464767e-18,-1.0736212e-18,-4.36359305e-16,2.06270008e-16,-2.35522452e-16,1.2187174e-19,0,0,0,-0.0405986758,-0.0370931477,-0.0597563002,
127.16,object_red_01,RED,-0.251218842,0.210664263,0.0119470289,-4.96546354e-19,6.37591675e-19,-4.38143706e-16,3.17799272e-16,6.03664696e-16,4.23854193e-19,0,0,0,-0.0418977188,-0.0359205039,-0.0597563002,
127.2,object_red_01,RED,-0.251218842,0.210664263,0.0119470289,4.3007019e-19,4.123633e-19,-4.32790503e-16,3.93042255e-16,1.1554842e-15,3.0872847e-19,0,0,0,-0.0431873469,-0.0347552874,-0.0597563002,
127.24,object_red_01,RED,-0.251218842,0.210664263,0.0119470289,-1.1792018e-18,4.21947486e-19,-4.34574904e-16,1.01242238e-15,3.8352878e-16,-1.43036691e-18,0,0,0,-0.0444333906,-0.0336302023,-0.0597563002,
127.28,object_red_01,RED,-0.251218842,0.210664263,0.0119470289,-4.50796391e-18,1.57030725e-18,-4.34574904e-16,5.56251981e-16,1.69814877e-16,-4.9496405e-19,0,0,0,-0.0456008579,-0.0325784447,-0.0597563002,
127.32,object_red_01,RED,-0.251218842,0.210664263,0.0119470289,-1.21840983e-18,2.97482616e-18,-4.36359305e-16,1.59425956e-15,-4.15268202e-17,-1.62566857e-18,0,0,0,-0.0466712291,-0.0316122757,-0.0597563002,
127.36,object_red_01,RED,-0.251218842,0.210664263,0.0119470289,-3.83271443e-18,-2.8414679e-18,-4.31006102e-16,6.42019556e-16,3.70694569e-16,9.9001461e-21,0,0,0,-0.0476735622,-0.0307041132,-0.0597563002,
127.4,object_red_01,RED,-0.251218842,0.210664263,0.0119470289,-1.25587529e-18,-4.70253117e-19,-4.34574904e-16,2.59521304e-16,3.79600466e-16,-9.09732066e-19,0,0,0,-0.0486521287,-0.0298199706,-0.0597563002,
127.44,object_red_01,RED,-0.251218842,0.210664263,0.0119470289,3.11146409e-18,1.40868302e-18,-4.34574904e-16,8.81257682e-16,2.82722382e-17,-4.5350251e-19,0,0,0,-0.0496367034,-0.0289371114,-0.0597563002,
127.48,object_red_01,RED,-0.251218842,0.210664263,0.0119470289,-6.48492013e-18,-6.56709102e-19,-4.31006102e-16,8.49683904e-16,-4.69221545e-16,1.47987707e-18,0,0,0,-0.050637742,-0.0280457591,-0.0597563002,
127.52,object_red_01,RED,-0.251218842,0.210664263,0.0119470289,-5.36749115e-18,1.54908637e-20,-4.32790503e-16,4.23202281e-16,-1.21828916e-17,-2.27117416e-19,0,0,0,-0.0516531304,-0.027144251,-0.0597563002,
127.56,object_red_01,RED,-0.251218842,0.210664263,0.0119470289,-4.76071047e-19,6.34542161e-19,-4.27437299e-16,9.83361938e-16,-8.7557186e-17,1.35607465e-19,0,0,0,-0.0526762709,-0.026233737,-0.0597563002,
127.6,object_red_01,RED,-0.251218842,0.210664263,0.0119470289,-8.79913801e-19,-1.39991917e-18,-4.32790503e-16,1.30161305e-15,4.21066286e-17,2.22384462e-18,0,0,0,-0.0537010882,-0.0253149902,-0.0597563002,
127.64,object_red_01,RED,-0.251218842,0.210664263,0.0119470289,-2.49179966e-18,-2.31912976e-18,-4.31006102e-16,9.67967758e-16,-2.28565907e-17,-6.67728944e-19,0,0,0,-0.0547236587,-0.0243873941,-0.0597563002,
127.68,object_red_01,RED,-0.251218842,0.210664263,0.0119470289,-2.70613691e-18,-2.9551712e-18,-4.31006102e-16,1.14782833e-15,-1.75863254e-16,-2.09588821e-18,0,0,0,-0.0557418482,-0.0234491826,-0.0597563002,
127.72,object_red_01,RED,-0.251218842,0.210664263,0.0119470289,3.69515559e-19,-2.1235138e-19,-4.292217e-16,4.64986484e-16,4.44946576e-16,-1.13764335e-18,0,0,0,-0.0567543585,-0.0224980363,-0.0597563002,
127.76,object_red_01,RED,-0.251218842,0.210664263,0.0119470289,-3.63275345e-18,1.14817884e-19,-4.292217e-16,4.23359364e-16,7.48474873e-17,-7.27911768e-19,0,0,0,-0.0577599936,-0.0215315408,-0.0597563002,
127.8,object_red_01,RED,-0.251218842,0.210664263,0.0119470289,-3.35793413e-19,-4.45858149e-18,-4.31006102e-16,7.6124591e-16,2.81958975e-16,-9.94486576e-19,0,0,0,-0.0587580577,-0.020547637,-0.0597563002,
127.84,object_red_01,RED,-0.251218842,0.210664263,0.0119470289,-2.09057077e-18,-1.11932149e-17,-4.292217e-16,1.0207478e-15,4.54845902e-16,-1.62190396e-18,0,0,0,-0.0597492331,-0.0195457718,-0.0597563002,
127.88,object_red_01,RED,-0.251218842,0.210664263,0.0119470289,-2.95881091e-18,-9.4889723e-18,-4.31006102e-16,1.25024675e-15,3.6295514e-16,-3.4294236e-18,0,0,0,-0.0607345525,-0.0185269281,-0.0597563002,
127.92,object_red_01,RED,-0.251218842,0.210664263,0.0119470289,-1.6797577e-18,-8.7096037e-18,-4.292217e-16,8.87698104e-16,3.85717517e-16,-2.03524753e-18,0,0,0,-0.0617149034,-0.017493028,-0.0597563002,
127.96,object_red_01,RED,-0.251218842,0.210664263,0.0119470289,-1.26589512e-18,-7.62659067e-18,-4.34574904e-16,1.5121049e-15,4.1914807e-16,-2.18825108e-19,0,0,0,-0.0626911395,-0.0164464379,-0.0597563002,
128,object_red_01,RED,-0.251218842,0.210664263,0.0119470289,-3.84149989e-19,-2.60447712e-18,-4.32790503e-16,1.22338548e-15,-5.74988423e-16,-1.06413179e-18,0,0,0,-0.0636642631,-0.0153896653,-0.0597563002,
128.04,object_red_01,RED,-0.251218842,0.210664263,0.0119470289,-2.06965982e-18,-3.79465878e-18,-4.32790503e-16,1.01839155e-15,-5.34266374e-16,8.38011733e-19,0,0,0,-0.0646355013,-0.014325226,-0.0597563002,
128.08,object_red_01,RED,-0.251218842,0.210664263,0.0119470289,-6.39387036e-18,-2.53216008e-18,-4.38143706e-16,8.1779596e-16,-3.63870079e-16,6.85239949e-19,0,0,0,-0.065606286,-0.0132556179,-0.0597563002,
128.12,object_red_01,RED,-0.251218842,0.210664263,0.0119470289,6.02149896e-19,6.7331455e-19,-4.34574904e-16,5.41957385e-16,4.63252323e-16,5.95754246e-19,0,0,0,-0.066578196,-0.0121833376,-0.0597563002,
128.16,object_red_01,RED,-0.251218842,0.210664263,0.0119470289,-1.937732e-19,-2.91509188e-18,-4.36359305e-16,6.28824544e-16,7.70053522e-16,1.47204262e-18,0,0,0,-0.0675529064,-0.0111109025,-0.0597563002,
128.2,object_red_01,RED,-0.251218842,0.210664263,0.0119470289,-8.12388853e-19,-5.54768213e-19,-4.34574904e-16,4.68128154e-16,4.31388309e-16,-1.66651963e-18,0,0,0,-0.0685321571,-0.0100408554,-0.0597563002,
128.24,object_red_01,RED,-0.251218842,0.210664263,0.0119470289,-2.07358062e-18,8.42344743e-19,-4.36359305e-16,1.0711716e-15,1.24665651e-16,-2.15205207e-18,0,0,0,-0.0695175064,-0.00897519668,-0.0597563002,
128.28,object_red_01,RED,-0.251218842,0.210664263,0.0119470289,-1.55080683e-18,7.02502754e-19,-4.34574904e-16,1.29909971e-15,-3.28572319e-16,-2.02069784e-18,0,0,0,-0.0705095034,-0.00791382931,-0.0597563002,
128.32,object_red_01,RED,-0.251218842,0.210664263,0.0119470289,-1.33603393e-18,2.67423123e-18,-4.39928108e-16,1.25511634e-15,-2.3335818e-17,-2.53571405e-19,0,0,0,-0.0715078789,-0.0068551879,-0.0597563002,
128.36,object_red_01,RED,-0.251218842,0.210664263,0.0119470289,-6.47097949e-18,-2.63757469e-19,-4.38143706e-16,1.19652421e-15,-7.71178315e-16,-1.29133085e-18,0,0,0,-0.0725118419,-0.0057971152,-0.0597563002,
128.4,object_red_01,RED,-0.251218842,0.210664263,0.0119470289,-7.77101622e-19,2.22943787e-18,-4.32790503e-16,1.34135517e-15,8.25494862e-17,-1.73896286e-18,0,0,0,-0.0735201217,-0.00473729007,-0.0597563002,
128.44,object_red_01,RED,-0.251218842,0.210664263,0.0119470289,-5.21457982e-18,-3.98111477e-18,-4.32790503e-16,1.70484632e-15,-3.26891035e-16,-2.75650311e-19,0,0,0,-0.0745310327,-0.00367340082,-0.0597563002,
128.48,object_red_01,RED,-0.251218842,0.210664263,0.0119470289,4.1743649e-19,-4.90076099e-18,-4.38143706e-16,7.29515049e-16,1.73303234e-16,7.06708378e-19,0,0,0,-0.0755425918,-0.00260317602,-0.0597563002,
128.52,object_red_01,RED,-0.251218842,0.210664263,0.0119470289,-1.52031169e-18,-5.68840684e-18,-4.34574904e-16,1.06221784e-15,9.6344966e-16,-1.56253511e-18,0,0,0,-0.0765526362,-0.00152436222,-0.0597563002,
128.56,object_red_01,RED,-0.251218842,0.210664263,0.0119470289,-4.33980501e-18,-6.07525944e-18,-4.39928108e-16,1.54509243e-15,4.58341623e-16,2.28094678e-19,0,0,0,-0.0775589045,-0.000434699195,-0.0597563002,
128.6,object_red_01,RED,-0.251218842,0.210664263,0.0119470289,-4.83905398e-18,-2.26249593e-18,-4.36359305e-16,1.95193862e-15,2.26328723e-16,-7.75121963e-19,0,0,0,-0.078559073,0.00066809093,-0.0597563002,
128.64,object_red_01,RED,-0.251218842,0.210664263,0.0119470289,-3.1923891e-19,-1.1115223e-18,-4.34574904e-16,1.77364888e-15,1.79392673e-16,-7.39866936e-19,0,0,0,-0.0795507636,0.00178630395,-0.0597563002,
128.68,object_red_01,RED,-0.251218842,0.210664263,0.0119470289,9.45002374e-19,-3.71667836e-18,-4.34574904e-16,1.14138791e-15,2.95913633e-16,-4.47883879e-20,0,0,0,-0.080531942,0.00292220988,-0.0597563002,
128.72,object_red_01,RED,-0.251218842,0.210664263,0.0119470289,2.47099363e-19,-2.10608801e-19,-4.31006102e-16,1.23877966e-15,7.9590173e-16,-3.39038137e-19,0,0,0,-0.0815025834,0.00407698437,-0.0597563002,
128.76,object_red_01,RED,-0.251218842,0.210664263,0.0119470289,1.61110331e-18,-6.31529974e-18,-4.34574904e-16,1.87999439e-15,7.54660035e-17,-7.61261896e-20,0,0,0,-0.082463978,0.00524998202,-0.0597563002,
128.8,object_red_01,RED,-0.251218842,0.210664263,0.0119470289,5.05923211e-18,-7.51245172e-18,-4.39928108e-16,1.31308014e-15,-2.5423318e-16,-6.11819457e-19,0,0,0,-0.0834175085,0.00643927701,-0.0597563002,
128.84,object_red_01,RED,-0.251218842,0.210664263,0.0119470289,5.46656002e-18,-1.44505312e-17,-4.38143706e-16,1.25401676e-15,2.55494706e-16,2.7891686e-19,0,0,0,-0.0843644991,0.00764225474,-0.0597563002,
128.88,object_red_01,RED,-0.251218842,0.210664263,0.0119470289,-2.59555569e-19,-1.05671932e-17,-4.39928108e-16,1.72526717e-15,-4.05549355e-16,1.05732547e-18,0,0,0,-0.0853063929,0.00885603093,-0.0597563002,
128.92,object_red_01,RED,-0.251218842,0.210664263,0.0119470289,3.64287821e-19,-5.24796992e-18,-4.36359305e-16,6.36521634e-16,-3.43119107e-16,1.55649189e-18,0,0,0,-0.0862448827,0.0100776717,-0.0597563002,
128.96,object_red_01,RED,-0.251218842,0.210664263,0.0119470289,-2.09318464e-18,-4.60103735e-18,-4.34574904e-16,1.37245769e-15,-3.67214239e-16,3.68555183e-19,0,0,0,-0.0871819238,0.0113042669,-0.0597563002,
129,object_red_01,RED,-0.251218842,0.210664263,0.0119470289,-7.8232936e-19,-5.77597145e-18,-4.39928108e-16,2.04823079e-15,-3.98074391e-16,-5.11983928e-20,0,0,0,-0.0881196777,0.0125329287,-0.0597563002,
129.04,object_red_01,RED,-0.251218842,0.210664263,0.0119470289,-8.42266831e-18,-4.08828339e-18,-4.41712509e-16,1.51179073e-15,-8.22813904e-17,1.23563553e-18,0,0,0,-0.0890604471,0.0137607693,-0.0597563002,
129.08,object_red_01,RED,-0.251218842,0.210664263,0.0119470289,-1.35345973e-18,-7.69629384e-18,-4.39928108e-16,1.82250184e-15,-4.92274158e-16,-6.09682789e-19,0,0,0,-0.0900065875,0.0149849633,-0.0597563002,
129.12,object_red_01,RED,-0.251218842,0.210664263,0.0119470289,4.44519529e-21,-2.61623953e-18,-4.36359305e-16,2.21206885e-15,-1.27084542e-16,-3.88435873e-19,0,0,0,-0.0909596506,0.0162041314,-0.0597563002,
129.16,object_red_01,RED,-0.251218842,0.210664263,0.0119470289,6.22501766e-18,-4.53525498e-18,-4.36359305e-16,1.58216413e-15,4.4729976e-16,-7.23180574e-19,0,0,0,-0.0919196747,0.0174192672,-0.0597563002,
129.2,object_red_01,RED,-0.251218842,0.210664263,0.0119470289,7.90784105e-19,-6.29874524e-18,-4.41712509e-16,2.12017502e-15,-3.5614415e-16,-7.30913279e-19,0,0,0,-0.0928858854,0.0186324909,-0.0597563002,
129.24,object_red_01,RED,-0.251218842,0.210664263,0.0119470289,-3.00506183e-19,-5.7881695e-18,-4.41712509e-16,1.44644401e-15,-1.88552654e-16,-1.00267714e-18,0,0,0,-0.0938569068,0.0198463332,-0.0597563002,
129.28,object_red_01,RED,-0.251218842,0.210664263,0.0119470289,-5.07691605e-18,-4.49256179e-18,-4.39928108e-16,2.14656504e-15,-6.84105597e-16,-3.39060746e-18,0,0,0,-0.094830799,0.0210633897,-0.0597563002,
129.32,object_red_01,RED,-0.251218842,0.210664263,0.0119470289,2.77166113e-18,-5.66793153e-18,-4.39928108e-16,1.88690606e-15,4.43450681e-17,-2.85061826e-19,0,0,0,-0.0958051629,0.0222862014,-0.0597563002,
129.36,object_red_01,RED,-0.251218842,0.210664263,0.0119470289,-3.25243552e-18,-1.25222415e-19,-4.34574904e-16,1.56614161e-15,2.05696178e-16,1.27765667e-18,0,0,0,-0.0967772918,0.0235172517,-0.0597563002,
129.4,object_red_01,RED,-0.251218842,0.210664263,0.0119470289,1.19027041e-18,-1.26399799e-18,-4.39928108e-16,2.72840221e-15,2.66847668e-16,2.48940197e-18,0,0,0,-0.0977443023,0.024758998,-0.0597563002,
129.44,object_red_01,RED,-0.251218842,0.210664263,0.0119470289,1.00234049e-17,-1.07928458e-18,-4.36359305e-16,2.35862772e-15,3.49534321e-16,-8.44360191e-19,0,0,0,-0.0987032139,0.0260138964,-0.0597563002,
129.48,object_red_01,RED,-0.251218842,0.210664263,0.0119470289,-6.04404756e-18,-4.44985717e-19,-4.32790503e-16,1.90324274e-15,-3.12616074e-16,1.90761771e-18,0,0,0,-0.0996509821,0.0272844102,-0.0597563002,
129.52,object_red_01,RED,-0.251218842,0.210664263,0.0119470289,4.18968503e-18,-3.89964918e-18,-4.36359305e-16,1.23186799e-15,5.32865537e-17,2.07005538e-18,0,0,0,-0.100585026,0.0285729806,-0.0597563002,
129.56,object_red_01,RED,-0.251218842,0.210664263,0.0119470289,-3.65976343e-18,-2.41453597e-18,-4.39928108e-16,2.29296683e-15,-5.80537887e-16,-5.10887316e-19,0,0,0,-0.101505325,0.0298808159,-0.0597563002,
129.6,object_red_01,RED,-0.251218842,0.210664263,0.0119470289,-3.02684407e-19,-4.27038293e-18,-4.38143706e-16,2.1555188e-15,1.1511424e-16,1.8332639e-19,0,0,0,-0.102413509,0.0312071159,-0.0597563002,
129.64,object_red_01,RED,-0.251218842,0.210664263,0.0119470289,4.46980466e-18,4.52833561e-18,-4.41712509e-16,1.75841178e-15,6.32848474e-16,1.62064281e-18,0,0,0,-0.103311395,0.0325496717,-0.0597563002,
129.68,object_red_01,RED,-0.251218842,0.210664263,0.0119470289,2.07027296e-18,8.95493411e-19,-4.34574904e-16,2.36318314e-15,-6.40577876e-18,1.9844869e-18,0,0,0,-0.104200794,0.033905528,-0.0597563002,
129.72,object_red_01,RED,-0.251218842,0.210664263,0.0119470289,-5.20804514e-18,2.81799403e-18,-4.36359305e-16,2.3360077e-15,-3.0745625e-16,-2.78760914e-18,0,0,0,-0.105083703,0.0352714527,-0.0597563002,
129.76,object_red_01,RED,-0.251218842,0.210664263,0.0119470289,2.07375812e-18,-7.25150047e-18,-4.39928108e-16,1.83758185e-15,-3.7765354e-16,-1.28980466e-18,0,0,0,-0.105962439,0.0366441807,-0.0597563002,
129.8,object_red_01,RED,-0.251218842,0.210664263,0.0119470289,-7.43992615e-19,-7.45886741e-18,-4.38143706e-16,2.1982455e-15,3.00583798e-16,-2.20623187e-18,0,0,0,-0.10683964,0.0380204925,-0.0597563002,
129.84,object_red_01,RED,-0.251218842,0.210664263,0.0119470289,-1.72114396e-18,2.1091999e-18,-4.34574904e-16,2.32736811e-15,1.90315497e-16,-1.56558749e-18,0,0,0,-0.10771819,0.0393972098,-0.0597563002,
129.88,object_red_01,RED,-0.251218842,0.210664263,0.0119470289,4.85832728e-19,5.14128788e-18,-4.32790503e-16,2.14609379e-15,5.48907607e-16,-1.7804244e-18,0,0,0,-0.108601129,0.0407711793,-0.0597563002,
129.92,object_red_01,RED,-0.251218842,0.210664263,0.0119470289,-6.37426634e-18,4.03954212e-18,-4.38143706e-16,2.78008268e-15,-3.07867367e-16,-3.94845878e-19,0,0,0,-0.109491036,0.0421400385,-0.0597563002,
129.96,object_red_01,RED,-0.251218842,0.210664263,0.0119470289,-1.82221356e-18,-2.12570345e-18,-4.36359305e-16,2.86679275e-15,3.58640253e-16,1.28179999e-19,0,0,0,-0.110388439,0.0435041232,-0.0597563002,
130,object_red_01,RED,-0.251218842,0.210664263,0.0119470289,-2.72399835e-18,-6.29003234e-18,-4.32790503e-16,2.10211042e-15,2.83991243e-16,-8.64862032e-19,0,0,0,-0.11129254,0.0448654257,-0.0597563002,
130.04,object_red_01,RED,-0.251218842,0.210664263,0.0119470289,-1.27417237e-18,-5.31898003e-18,-4.38143706e-16,2.41894778e-15,2.46126763e-16,-2.31535457e-18,0,0,0,-0.112201798,0.0462265695,-0.0597563002,
130.08,object_red_01,RED,-0.251218842,0.210664263,0.0119470289,2.10425325e-18,-7.28025303e-18,-4.32790503e-16,1.98618282e-15,1.09628644e-15,7.26854108e-19,0,0,0,-0.113113987,0.0475903315,-0.0597563002,
130.12,object_red_01,RED,-0.251218842,0.210664263,0.0119470289,3.90128816e-18,-8.43689004e-18,-4.38143706e-16,4.74411492e-16,7.37394887e-16,-4.97355084e-19,0,0,0,-0.114026273,0.0489594331,-0.0597563002,
130.16,object_red_01,RED,-0.251218842,0.210664263,0.0119470289,-4.29667617e-18,-6.84373691e-18,-4.36359305e-16,1.67688546e-15,6.66026834e-16,2.54266605e-18,0,0,0,-0.114935386,0.0503365028,-0.0597563002,
130.2,object_red_01,RED,-0.251218842,0.210664263,0.0119470289,8.30863429e-19,-3.72059916e-18,-4.38143706e-16,1.90889775e-15,7.84307006e-16,4.63840414e-19,0,0,0,-0.115837789,0.0517241061,-0.0597563002,
130.24,object_red_01,RED,-0.251218842,0.210664263,0.0119470289,-4.34249144e-19,-4.15014496e-18,-4.39928108e-16,1.27585136e-15,2.36038445e-16,8.47372375e-19,0,0,0,-0.116729805,0.05312478,-0.0597563002,
130.28,object_red_01,RED,-0.251218842,0.210664263,0.0119470289,2.40092738e-18,-8.91130726e-18,-4.39928108e-16,1.48005987e-15,7.07430601e-16,7.88563124e-19,0,0,0,-0.11760768,0.0545410583,-0.0597563002,
130.32,object_red_01,RED,-0.251218842,0.210664263,0.0119470289,-7.2003215e-19,-5.02796928e-18,-4.39928108e-16,2.04006245e-15,6.12358285e-16,3.39150557e-19,0,0,0,-0.118468474,0.0559754128,-0.0597563002,
130.36,object_red_01,RED,-0.251218842,0.210664263,0.0119470289,-5.78520148e-20,-7.91323353e-19,-4.41712509e-16,1.49246947e-15,2.46797436e-16,1.81614796e-18,0,0,0,-0.119312496,0.0574288448,-0.0597563002,
130.4,object_red_01,RED,-0.251218842,0.210664263,0.0119470289,-1.14391456e-18,-7.46016291e-19,-4.38143706e-16,2.16148797e-15,-4.35335695e-16,2.03230757e-18,0,0,0,-0.120141822,0.0589002531,-0.0597563002,
130.44,object_red_01,RED,-0.251218842,0.210664263,0.0119470289,-3.46633713e-18,6.33669728e-18,-4.39928108e-16,1.02404656e-15,3.86289399e-16,-1.74221874e-18,0,0,0,-0.12095875,0.060387111,-0.0597563002,
130.48,object_red_01,RED,-0.251218842,0.210664263,0.0119470289,-1.00407258e-18,5.80738882e-18,-4.38143706e-16,5.70075326e-16,-1.58628252e-16,-3.8098523e-18,0,0,0,-0.121765647,0.0618861683,-0.0597563002,
130.52,object_red_01,RED,-0.251218842,0.210664263,0.0119470289,4.26585031e-19,1.04186893e-17,-4.41712509e-16,8.01459279e-16,-1.83973302e-16,2.92550839e-19,0,0,0,-0.122565157,0.0633939377,-0.0597563002,
130.56,object_red_01,RED,-0.251218842,0.210664263,0.0119470289,4.5800228e-18,9.53345901e-18,-4.34574904e-16,1.33837058e-15,-1.21215308e-17,1.48496437e-18,0,0,0,-0.123360323,0.0649069364,-0.0597563002,
130.6,object_red_01,RED,-0.251218842,0.210664263,0.0119470289,2.90104764e-18,-1.25964154e-18,-4.34574904e-16,1.03802699e-15,6.19648553e-16,1.71811558e-18,0,0,0,-0.12415456,0.0664217556,-0.0597563002,
130.64,object_red_01,RED,-0.251218842,0.210664263,0.0119470289,7.51757586e-18,-3.77418347e-18,-4.39928108e-16,1.14327291e-15,7.30006441e-16,1.37085611e-18,0,0,0,-0.124951553,0.0679350492,-0.0597563002,
130.68,object_red_01,RED,-0.251218842,0.210664263,0.0119470289,-2.06704595e-18,-2.83797131e-19,-4.39928108e-16,5.33474877e-16,8.41160178e-16,3.31112614e-19,0,0,0,-0.125754946,0.0694437591,-0.0597563002,
130.72,object_red_01,RED,-0.251218842,0.210664263,0.0119470289,-1.03021127e-18,-1.60597918e-18,-4.34574904e-16,7.50564234e-16,7.24595038e-16,1.32222147e-18,0,0,0,-0.126566341,0.070947171,-0.0597563002,
130.76,object_red_01,RED,-0.251218842,0.210664263,0.0119470289,2.75075018e-18,-2.92467606e-18,-4.39928108e-16,1.74443135e-15,1.38296937e-16,3.64332719e-19,0,0,0,-0.127385084,0.0724469481,-0.0597563002,
130.8,object_red_01,RED,-0.251218842,0.210664263,0.0119470289,-4.33849807e-18,3.32203509e-18,-4.4349691e-16,8.71361423e-16,2.70721985e-16,3.53366735e-20,0,0,0,-0.12820955,0.0739456531,-0.0597563002,
130.84,object_red_01,RED,-0.251218842,0.210664263,0.0119470289,-6.01101112e-19,1.04326299e-17,-4.41712509e-16,5.20316527e-18,3.50198244e-16,1.09705733e-18,0,0,0,-0.12903731,0.0754461314,-0.0597563002,
130.88,object_red_01,RED,-0.251218842,0.210664263,0.0119470289,3.93911669e-19,9.04597245e-18,-4.41712509e-16,2.71302565e-16,4.7577482e-16,6.73895258e-19,0,0,0,-0.129865183,0.0769511978,-0.0597563002,
130.92,object_red_01,RED,-0.251218842,0.210664263,0.0119470289,-4.40783816e-19,9.43892409e-18,-4.41712509e-16,-3.68341328e-16,7.13850161e-16,-2.56601192e-20,0,0,0,-0.130689392,0.0784635409,-0.0597563002,
130.96,object_red_01,RED,-0.251218842,0.210664263,0.0119470289,-1.36478649e-18,1.08926709e-17,-4.36359305e-16,-4.07298029e-16,4.30466671e-16,-5.40393688e-19,0,0,0,-0.131505776,0.0799857402,-0.0597563002,
131,object_red_01,RED,-0.251218842,0.210664263,0.0119470289,3.40763001e-19,1.16363166e-17,-4.36359305e-16,1.57102881e-16,5.23192552e-16,-1.87334688e-19,0,0,0,-0.132309963,0.0815203103,-0.0597563002,
131.04,object_red_01,RED,-0.251218842,0.210664263,0.0119470289,8.21939967e-18,5.71633905e-18,-4.39928108e-16,1.2260559e-15,7.12891092e-16,-6.28963677e-19,0,0,0,-0.133097478,0.0830697416,-0.0597563002,
131.08,object_red_01,RED,-0.251218842,0.210664263,0.0119470289,9.3995615e-18,9.69987534e-18,-4.36359305e-16,9.77864016e-16,-2.49985176e-16,-1.26040003e-18,0,0,0,-0.133864814,0.0846364934,-0.0597563002,
131.12,object_red_01,RED,-0.251218842,0.210664263,0.0119470289,1.1417904e-17,9.19452734e-18,-4.38143706e-16,5.2452112e-16,8.32397945e-17,-1.54864676e-18,0,0,0,-0.134612314,0.0862215774,-0.0597563002,
131.16,object_red_01,RED,-0.251218842,0.210664263,0.0119470289,9.92799868e-18,1.014554e-17,-4.41712509e-16,1.58452038e-15,8.91823892e-16,-1.40660919e-18,0,0,0,-0.135342455,0.0878238433,-0.0597563002,
131.2,object_red_01,RED,-0.251218842,0.210664263,0.0119470289,-5.13703504e-18,9.61143944e-18,-4.39928108e-16,9.48332324e-16,1.05163301e-15,-2.09878798e-18,0,0,0,-0.136058047,0.0894406518,-0.0597563002,
131.24,object_red_01,RED,-0.251218842,0.210664263,0.0119470289,2.97684984e-18,-3.55461848e-18,-4.34574904e-16,1.78370222e-15,-8.37906882e-16,4.4761191e-19,0,0,0,-0.136762035,0.0910686145,-0.0597563002,
131.28,object_red_01,RED,-0.251218842,0.210664263,0.0119470289,-1.05825954e-17,-1.36973396e-20,-4.4349691e-16,1.35580685e-15,-7.33013781e-16,-5.7422427e-19,0,0,0,-0.137457717,0.0927041165,-0.0597563002,
131.32,object_red_01,RED,-0.251218842,0.210664263,0.0119470289,4.52861671e-18,-1.47136493e-18,-4.38143706e-16,4.55247309e-16,2.92969545e-16,3.91695076e-18,0,0,0,-0.13814886,0.0943435746,-0.0597563002,
131.36,object_red_01,RED,-0.251218842,0.210664263,0.0119470289,1.35668673e-18,1.44441732e-19,-4.41712509e-16,3.78276408e-16,2.81485884e-16,3.05836621e-18,0,0,0,-0.138839656,0.0959835103,-0.0597563002,
131.4,object_red_01,RED,-0.251218842,0.210664263,0.0119470289,-6.21046389e-18,-6.37976375e-19,-4.4349691e-16,7.45066313e-16,2.10475565e-16,1.27139929e-18,0,0,0,-0.139534594,0.0976205423,-0.0597563002,
131.44,object_red_01,RED,-0.251218842,0.210664263,0.0119470289,-1.81611453e-18,-2.31390202e-18,-4.39928108e-16,1.12332331e-15,2.27296996e-16,2.46137091e-18,0,0,0,-0.140237387,0.0992522673,-0.0597563002,
131.48,object_red_01,RED,-0.251218842,0.210664263,0.0119470289,-3.86538779e-18,3.19570952e-19,-4.39928108e-16,1.35093726e-15,1.31631313e-15,1.00965742e-18,0,0,0,-0.140948457,0.100879296,-0.0597563002,
131.52,object_red_01,RED,-0.251218842,0.210664263,0.0119470289,1.9238963e-18,1.10577803e-17,-4.38143706e-16,7.60146326e-16,9.57511782e-16,9.3405425e-21,0,0,0,-0.141666375,0.102503831,-0.0597563002,
131.56,object_red_01,RED,-0.251218842,0.210664263,0.0119470289,8.87061612e-19,1.04722736e-17,-4.39928108e-16,1.03896949e-15,5.03290813e-16,1.68321667e-18,0,0,0,-0.142388784,0.104128617,-0.0597563002,
131.6,object_red_01,RED,-0.251218842,0.210664263,0.0119470289,-2.50407028e-19,9.57528092e-18,-4.38143706e-16,5.99292852e-16,2.59917587e-16,-4.6281228e-19,0,0,0,-0.143112431,0.105756483,-0.0597563002,
131.64,object_red_01,RED,-0.251218842,0.210664263,0.0119470289,2.74109342e-19,1.08800372e-17,-4.45281311e-16,-1.05697765e-16,6.09427083e-16,-1.7354809e-19,0,0,0,-0.143833266,0.107390128,-0.0597563002,
131.68,object_red_01,RED,-0.251218842,0.210664263,0.0119470289,2.5847695e-18,1.06452246e-17,-4.34574904e-16,-1.91151173e-16,4.05207526e-16,1.30701043e-18,0,0,0,-0.14454665,0.109032084,-0.0597563002,
131.72,object_red_01,RED,-0.251218842,0.210664263,0.0119470289,-3.76301126e-18,9.25856713e-18,-4.31006102e-16,-3.03465855e-16,8.65825964e-16,1.33224346e-18,0,0,0,-0.145247601,0.11068476,-0.0597563002,
131.76,object_red_01,RED,-0.251218842,0.210664263,0.0119470289,4.69285481e-18,1.21024565e-17,-4.39928108e-16,3.62253894e-16,9.07872791e-16,2.28611324e-18,0,0,0,-0.145930962,0.112350489,-0.0597563002,
131.8,object_red_01,RED,-0.251218842,0.210664263,0.0119470289,4.09732833e-18,8.7431993e-18,-4.41712509e-16,1.59504497e-15,7.20281379e-16,1.05702023e-18,0,0,0,-0.146591981,0.114031672,-0.0597563002,
131.84,object_red_01,RED,-0.251218842,0.210664263,0.0119470289,-5.53739263e-18,7.56260182e-18,-4.38143706e-16,1.46026735e-15,-4.16755052e-16,-1.92500562e-18,0,0,0,-0.147229775,0.115729868,-0.0597563002,
131.88,object_red_01,RED,-0.251218842,0.210664263,0.0119470289,-1.06448926e-17,7.85753337e-18,-4.36359305e-16,1.01257946e-15,-7.38600676e-16,-1.26528385e-18,0,0,0,-0.147846859,0.117444489,-0.0597563002,
131.92,object_red_01,RED,-0.251218842,0.210664263,0.0119470289,-6.03969111e-18,6.0191122e-18,-4.4349691e-16,1.21443172e-15,-3.13036395e-16,2.30253942e-20,0,0,0,-0.148446511,0.119173219,-0.0597563002,
131.96,object_red_01,RED,-0.251218842,0.210664263,0.0119470289,-5.50776878e-18,7.43626482e-18,-4.39928108e-16,3.42775544e-16,-1.48966392e-16,1.28279485e-18,0,0,0,-0.149032193,0.120912785,-0.0597563002,
132,object_red_01,RED,-0.251218842,0.210664263,0.0119470289,-9.34369404e-19,1.0810334e-17,-4.36359305e-16,8.81414765e-16,-7.79749795e-16,1.96347633e-18,0,0,0,-0.149607733,0.122659588,-0.0597563002,
132.04,object_red_01,RED,-0.251218842,0.210664263,0.0119470289,-1.17136019e-18,2.36187389e-18,-4.39928108e-16,-1.70850744e-18,-5.65268883e-16,3.76097397e-18,0,0,0,-0.150177488,0.124410039,-0.0597563002,
132.08,object_red_01,RED,-0.251218842,0.210664263,0.0119470289,4.17095231e-18,7.40839498e-19,-4.39928108e-16,6.63854158e-16,-6.07462283e-17,2.59445482e-18,0,0,0,-0.150746319,0.126160684,-0.0597563002,
132.12,object_red_01,RED,-0.251218842,0.210664263,0.0119470289,-1.83746113e-18,-5.12686066e-18,-4.39928108e-16,4.92161925e-16,3.10320519e-16,2.33897034e-18,0,0,0,-0.151319448,0.12790821,-0.0597563002,
132.16,object_red_01,RED,-0.251218842,0.210664263,0.0119470289,3.63293095e-18,1.34421901e-19,-4.38143706e-16,5.88139925e-16,3.20691096e-16,2.42209691e-18,0,0,0,-0.151900988,0.129650472,-0.0597563002,
132.2,object_red_01,RED,-0.251218842,0.210664263,0.0119470289,4.42275502e-18,-2.68549563e-19,-4.39928108e-16,5.09755273e-16,3.22919797e-17,1.69387173e-19,0,0,0,-0.152491075,0.131388373,-0.0597563002,
132.24,object_red_01,RED,-0.251218842,0.210664263,0.0119470289,2.18746142e-18,3.44488693e-18,-4.36359305e-16,1.60715801e-16,-2.83939137e-16,5.48544051e-19,0,0,0,-0.153087887,0.133124171,-0.0597563002,
132.28,object_red_01,RED,-0.251218842,0.210664263,0.0119470289,7.22700076e-18,9.3600838e-19,-4.41712509e-16,2.01351534e-15,-2.64391449e-16,-1.08328833e-19,0,0,0,-0.153688614,0.134860545,-0.0597563002,
132.32,object_red_01,RED,-0.251218842,0.210664263,0.0119470289,-1.63140112e-18,3.2566998e-19,-4.41712509e-16,1.4541411e-15,-2.65395924e-16,8.7575954e-19,0,0,0,-0.154289458,0.136600182,-0.0597563002,
132.36,object_red_01,RED,-0.251218842,0.210664263,0.0119470289,-1.68070156e-19,1.18998931e-18,-4.39928108e-16,-7.55377387e-17,3.12469985e-16,4.7259058e-19,0,0,0,-0.15488574,0.138345584,-0.0597563002,
132.4,object_red_01,RED,-0.251218842,0.210664263,0.0119470289,-1.04901656e-19,8.79810198e-19,-4.41712509e-16,3.04936041e-17,2.1941521e-16,1.15713841e-18,0,0,0,-0.155472138,0.140099045,-0.0597563002,
132.44,object_red_01,RED,-0.251218842,0.210664263,0.0119470289,5.28881693e-18,-5.70015782e-19,-4.38143706e-16,2.64094338e-17,-2.52939082e-16,2.16228822e-18,0,0,0,-0.15604296,0.141862709,-0.0597563002,
132.48,object_red_01,RED,-0.251218842,0.210664263,0.0119470289,3.56714858e-18,8.41037808e-19,-4.32790503e-16,-5.67680253e-16,-2.58095224e-16,-7.30913279e-19,0,0,0,-0.156592346,0.14363864,-0.0597563002,
132.52,object_red_01,RED,-0.251218842,0.210664263,0.0119470289,-5.38665952e-18,1.18127527e-17,-4.32790503e-16,-8.46032163e-16,-5.31127773e-16,-3.98356119e-19,0,0,0,-0.157115846,0.145428985,-0.0597563002,
132.56,object_red_01,RED,-0.251218842,0.210664263,0.0119470289,-1.3007467e-18,1.22479619e-17,-4.4349691e-16,-4.88510183e-16,-3.73812358e-16,5.5278911e-20,0,0,0,-0.157614123,0.147234645,-0.0597563002,
132.6,object_red_01,RED,-0.251218842,0.210664263,0.0119470289,-1.25674657e-18,1.00688665e-17,-4.41712509e-16,4.47881999e-17,-2.81376099e-16,1.02471584e-18,0,0,0,-0.158090517,0.149054469,-0.0597563002,
132.64,object_red_01,RED,-0.251218842,0.210664263,0.0119470289,-2.33583881e-18,8.69745659e-18,-4.4349691e-16,1.8779523e-15,-6.14230372e-17,-2.2101265e-19,0,0,0,-0.158548885,0.15088583,-0.0597563002,
132.68,object_red_01,RED,-0.251218842,0.210664263,0.0119470289,4.06901142e-18,6.0618054e-18,-4.39928108e-16,1.00456821e-15,1.9468929e-16,9.19459494e-19,0,0,0,-0.15899337,0.152725389,-0.0597563002,
132.72,object_red_01,RED,-0.251218842,0.210664263,0.0119470289,-3.41188153e-18,-3.85738021e-19,-4.4349691e-16,6.47988728e-16,2.64875534e-16,2.0968146e-18,0,0,0,-0.159428627,0.154569646,-0.0597563002,
132.76,object_red_01,RED,-0.251218842,0.210664263,0.0119470289,8.67820673e-20,2.19894273e-18,-4.39928108e-16,2.43655874e-16,9.90254561e-17,3.02438301e-18,0,0,0,-0.159859913,0.156415214,-0.0597563002,
132.8,object_red_01,RED,-0.251218842,0.210664263,0.0119470289,-1.66799529e-18,2.49169605e-18,-4.39928108e-16,5.15567362e-16,7.29373812e-16,2.58361886e-18,0,0,0,-0.160293004,0.158258878,-0.0597563002,
132.84,object_red_01,RED,-0.251218842,0.210664263,0.0119470289,4.53950783e-18,9.53434173e-19,-4.4349691e-16,1.91046858e-15,3.46280975e-16,6.82238439e-19,0,0,0,-0.160733549,0.160097909,-0.0597563002,
132.88,object_red_01,RED,-0.251218842,0.210664263,0.0119470289,2.91237441e-18,-1.96538616e-18,-4.38143706e-16,1.9919949e-15,-3.95005741e-16,5.97789168e-19,0,0,0,-0.161183357,0.161932257,-0.0597563002,
132.92,object_red_01,RED,-0.251218842,0.210664263,0.0119470289,1.21458665e-17,6.08750844e-18,-4.38143706e-16,3.38848457e-16,5.93802879e-17,1.24769244e-18,0,0,0,-0.16164082,0.163763857,-0.0597563002,
132.96,object_red_01,RED,-0.251218842,0.210664263,0.0119470289,9.21833326e-18,7.11127378e-18,-4.39928108e-16,7.14923899e-17,7.52819213e-17,1.41475956e-18,0,0,0,-0.162103164,0.165595148,-0.0597563002,
133,object_red_01,RED,-0.251218842,0.210664263,0.0119470289,1.13421018e-17,4.63114779e-18,-4.4349691e-16,3.39005541e-16,3.68609531e-16,1.67833285e-18,0,0,0,-0.162566564,0.167428631,-0.0597563002,
133.04,object_red_01,RED,-0.251218842,0.210664263,0.0119470289,9.06237241e-18,1.32416792e-18,-4.41712509e-16,3.9508434e-16,1.1390666e-16,1.08159192e-18,0,0,0,-0.163026155,0.169266615,-0.0597563002,
133.08,object_red_01,RED,-0.251218842,0.210664263,0.0119470289,1.14579833e-17,2.8776888e-19,-4.39928108e-16,1.20973683e-16,4.57056116e-16,2.29130229e-18,0,0,0,-0.16347625,0.171111147,-0.0597563002,
133.12,object_red_01,RED,-0.251218842,0.210664263,0.0119470289,1.22935501e-17,1.81047327e-20,-4.4349691e-16,1.79879985e-16,4.18182866e-16,1.38133596e-18,0,0,0,-0.163910642,0.172964057,-0.0597563002,
133.16,object_red_01,RED,-0.251218842,0.210664263,0.0119470289,4.94988526e-18,2.78227115e-18,-4.45281311e-16,2.20110966e-17,7.01758415e-16,9.06486865e-19,0,0,0,-0.164322864,0.174827038,-0.0597563002,
133.2,object_red_01,RED,-0.251218842,0.210664263,0.0119470289,-3.8320564e-21,3.58080812e-18,-4.38143706e-16,9.46761489e-16,4.80263972e-16,-8.34287326e-19,0,0,0,-0.164707331,0.176701944,-0.0597563002,
133.24,object_red_01,RED,-0.251218842,0.210664263,0.0119470289,-1.69282705e-18,4.68647468e-18,-4.39928108e-16,1.10321663e-15,-9.09541161e-17,-2.09771964e-18,0,0,0,-0.165063789,0.178589978,-0.0597563002,
133.28,object_red_01,RED,-0.251218842,0.210664263,0.0119470289,-1.30989524e-18,5.35954594e-18,-4.41712509e-16,3.04447177e-16,7.45187086e-16,-1.3801552e-18,0,0,0,-0.165395701,0.18049046,-0.0597563002,
133.32,object_red_01,RED,-0.251218842,0.210664263,0.0119470289,-1.04901656e-19,-1.89655428e-18,-4.39928108e-16,7.23074627e-16,5.10407431e-16,-1.32561929e-18,0,0,0,-0.165707361,0.182401149,-0.0597563002,
133.36,object_red_01,RED,-0.251218842,0.210664263,0.0119470289,2.84005736e-18,-1.84253432e-18,-4.4349691e-16,5.25934871e-16,3.64149834e-16,-1.35822892e-18,0,0,0,-0.166003396,0.184318986,-0.0597563002,
133.4,object_red_01,RED,-0.251218842,0.210664263,0.0119470289,4.48723045e-18,-1.12154213e-18,-4.4349691e-16,6.018238e-17,4.32786106e-16,-2.5754685e-18,0,0,0,-0.166288975,0.186240713,-0.0597563002,
133.44,object_red_01,RED,-0.251218842,0.210664263,0.0119470289,1.41724136e-18,-9.52511939e-19,-4.36359305e-16,-1.05854849e-16,2.47273595e-16,-3.98862022e-18,0,0,0,-0.166569935,0.188163191,-0.0597563002,
133.48,object_red_01,RED,-0.251218842,0.210664263,0.0119470289,3.76275311e-18,-7.79996588e-19,-4.4349691e-16,-1.63347399e-16,4.4273084e-16,-2.10774163e-18,0,0,0,-0.166852698,0.190083495,-0.0597563002,
133.52,object_red_01,RED,-0.251218842,0.210664263,0.0119470289,-9.61887594e-20,-1.92350022e-22,-4.41712509e-16,-2.73934162e-16,-1.9955586e-16,-6.79582366e-19,0,0,0,-0.167143439,0.191999281,-0.0597563002,
133.56,object_red_01,RED,-0.251218842,0.210664263,0.0119470289,-1.96946151e-18,-2.18364422e-18,-4.4349691e-16,5.11640275e-16,-1.58457056e-16,1.72396598e-18,0,0,0,-0.167443726,0.193910893,-0.0597563002,
133.6,object_red_01,RED,-0.251218842,0.210664263,0.0119470289,-1.12736006e-18,-2.29342671e-18,-4.36359305e-16,5.49026141e-16,1.89973718e-16,1.22271377e-18,0,0,0,-0.167751555,0.195820279,-0.0597563002,
133.64,object_red_01,RED,-0.251218842,0.210664263,0.0119470289,-3.48768373e-18,5.94909911e-20,-4.39928108e-16,1.73910813e-16,-9.59224944e-17,1.66678467e-18,0,0,0,-0.168063777,0.197729672,-0.0597563002,
133.68,object_red_01,RED,-0.251218842,0.210664263,0.0119470289,-2.24268338e-19,1.54765372e-18,-4.39928108e-16,6.44218724e-16,-3.72309555e-17,-2.88266828e-19,0,0,0,-0.168376137,0.199641254,-0.0597563002,
133.72,object_red_01,RED,-0.251218842,0.210664263,0.0119470289,-4.84733123e-18,9.46463856e-19,-4.32790503e-16,7.37840473e-16,1.31288928e-16,4.98863672e-20,0,0,0,-0.168683262,0.201556939,-0.0597563002,
133.76,object_red_01,RED,-0.251218842,0.210664263,0.0119470289,-8.35470772e-18,-1.21694835e-18,-4.36359305e-16,8.43400565e-16,-5.19852125e-16,8.94226458e-19,0,0,0,-0.168978903,0.203478326,-0.0597563002,
133.8,object_red_01,RED,-0.251218842,0.210664263,0.0119470289,-5.05339123e-18,-9.24195025e-19,-4.39928108e-16,1.92446662e-16,-7.74882662e-16,-1.74069254e-18,0,0,0,-0.169256267,0.205406766,-0.0597563002,
133.84,object_red_01,RED,-0.251218842,0.210664263,0.0119470289,-5.19149064e-18,-9.56868387e-19,-4.47065713e-16,6.12959114e-16,-4.35843148e-16,1.82461548e-19,0,0,0,-0.169508315,0.207343479,-0.0597563002,
133.88,object_red_01,RED,-0.251218842,0.210664263,0.0119470289,-4.02882717e-19,-1.71924683e-18,-4.45281311e-16,8.99165197e-16,1.29253852e-18,1.90161469e-18,0,0,0,-0.169729941,0.209289987,-0.0597563002,
133.92,object_red_01,RED,-0.251218842,0.210664263,0.0119470289,-3.67544665e-18,-2.02201999e-18,-4.38143706e-16,1.0198053e-15,-2.13533221e-16,-3.02053426e-19,0,0,0,-0.16992226,0.211247107,-0.0597563002,
133.96,object_red_01,RED,-0.251218842,0.210664263,0.0119470289,-4.74495469e-18,4.63769389e-19,-4.41712509e-16,2.79802685e-17,-4.73549931e-16,4.09965849e-19,0,0,0,-0.170089435,0.21321395,-0.0597563002,
134,object_red_01,RED,-0.251218842,0.210664263,0.0119470289,6.34387613e-19,2.23422996e-18,-4.45281311e-16,1.04637002e-16,-3.91449887e-16,5.01435602e-19,0,0,0,-0.170236293,0.215188294,-0.0597563002,
134.04,object_red_01,RED,-0.251218842,0.210664263,0.0119470289,-2.20035327e-18,-1.79242373e-19,-4.39928108e-16,9.04820202e-16,-3.09191532e-16,5.39285155e-19,0,0,0,-0.170368087,0.217167313,-0.0597563002,
134.08,object_red_01,RED,-0.251218842,0.210664263,0.0119470289,-3.17619768e-18,4.8642292e-19,-4.4349691e-16,7.37212139e-16,6.214409e-16,1.85094513e-18,0,0,0,-0.170490724,0.219148122,-0.0597563002,
134.12,object_red_01,RED,-0.251218842,0.210664263,0.0119470289,-2.0500558e-18,4.502644e-19,-4.39928108e-16,8.84556435e-16,5.09807323e-16,9.53747933e-19,0,0,0,-0.170610833,0.221128038,-0.0597563002,
134.16,object_red_01,RED,-0.251218842,0.210664263,0.0119470289,2.67407669e-18,4.96442751e-19,-4.36359305e-16,1.21490297e-15,-1.39544153e-15,-1.38191317e-19,0,0,0,-0.170735584,0.223104652,-0.0597563002,
134.2,object_red_01,RED,-0.251218842,0.210664263,0.0119470289,-4.68222184e-18,-6.48999332e-18,-4.41712509e-16,2.24992596e-15,-2.02966289e-16,1.14284308e-18,0,0,0,-0.170870081,0.22507694,-0.0597563002,
134.24,object_red_01,RED,-0.251218842,0.210664263,0.0119470289,-2.57631475e-18,6.01170624e-18,-4.4349691e-16,5.8562659e-16,3.41232214e-16,-4.98248203e-20,0,0,0,-0.17101358,0.227046364,-0.0597563002,
134.28,object_red_01,RED,-0.251218842,0.210664263,0.0119470289,2.12690679e-18,9.90593534e-18,-4.47065713e-16,1.44693287e-16,3.52969295e-16,7.59819848e-19,0,0,0,-0.171163235,0.229014857,-0.0597563002,
134.32,object_red_01,RED,-0.251218842,0.210664263,0.0119470289,3.03304802e-18,1.25481212e-17,-4.38143706e-16,1.78181722e-15,5.45972724e-16,1.00701202e-18,0,0,0,-0.17131516,0.230984325,-0.0597563002,
134.36,object_red_01,RED,-0.251218842,0.210664263,0.0119470289,7.85737882e-18,1.31758854e-17,-4.4349691e-16,9.68439008e-16,5.32014385e-16,1.96337458e-18,0,0,0,-0.171464263,0.232956418,-0.0597563002,
134.4,object_red_01,RED,-0.251218842,0.210664263,0.0119470289,2.58259127e-18,6.58675741e-18,-4.39928108e-16,3.20626775e-16,-6.94761501e-16,3.90735835e-19,0,0,0,-0.171604345,0.234932416,-0.0597563002,
134.44,object_red_01,RED,-0.251218842,0.210664263,0.0119470289,1.11664643e-18,6.88996621e-18,-4.39928108e-16,5.37244881e-16,-8.5599173e-16,6.43574917e-19,0,0,0,-0.171728422,0.236913259,-0.0597563002,
134.48,object_red_01,RED,-0.251218842,0.210664263,0.0119470289,8.64197515e-18,6.18423302e-19,-4.41712509e-16,6.97627104e-16,-4.02074497e-16,7.63403557e-20,0,0,0,-0.171829078,0.238899637,-0.0597563002,
134.52,object_red_01,RED,-0.251218842,0.210664263,0.0119470289,6.43971799e-19,3.26976914e-19,-4.39928108e-16,8.56124326e-16,-5.19079593e-16,4.65213987e-19,0,0,0,-0.171899283,0.240892406,-0.0597563002,
134.56,object_red_01,RED,-0.251218842,0.210664263,0.0119470289,1.10197246e-17,1.64523816e-18,-4.41712509e-16,1.07368493e-15,3.01001051e-16,-3.20192511e-20,0,0,0,-0.171937433,0.242892749,-0.0597563002,
134.6,object_red_01,RED,-0.251218842,0.210664263,0.0119470289,-9.94481133e-18,-5.24622734e-18,-4.38143706e-16,2.64766131e-15,-1.14559413e-15,3.18173337e-18,0,0,0,-0.171947167,0.244900699,-0.0597563002,
134.64,object_red_01,RED,-0.251218842,0.210664263,0.0119470289,6.32870113e-18,3.58603585e-18,-4.292217e-16,1.22544518e-16,-7.86120266e-16,6.76286291e-19,0,0,0,-0.171933506,0.246914852,-0.0597563002,
134.68,object_red_01,RED,-0.251218842,0.210664263,0.0119470289,1.69214051e-17,7.78521633e-18,-4.41712509e-16,8.46542235e-16,1.3542955e-16,3.44593974e-19,0,0,0,-0.171901932,0.248932956,-0.0597563002,
134.72,object_red_01,RED,-0.251218842,0.210664263,0.0119470289,7.34331793e-18,1.33986256e-19,-4.39928108e-16,2.01571451e-15,-8.17619797e-16,2.05845632e-18,0,0,0,-0.171858543,0.25095255,-0.0597563002,
134.76,object_red_01,RED,-0.251218842,0.210664263,0.0119470289,8.01290402e-18,-2.06819834e-18,-4.41712509e-16,2.78636602e-15,1.25473238e-17,2.52155374e-18,0,0,0,-0.171810217,0.252971352,-0.0597563002,
134.8,object_red_01,RED,-0.251218842,0.210664263,0.0119470289,7.12070342e-18,-4.81973106e-18,-4.36359305e-16,1.57902246e-15,-2.01636602e-16,3.52588959e-18,0,0,0,-0.171764518,0.254987369,-0.0597563002,
134.84,object_red_01,RED,-0.251218842,0.210664263,0.0119470289,-1.43536095e-18,-4.23683828e-18,-4.45281311e-16,8.53925158e-16,2.30050252e-16,3.21144323e-18,0,0,0,-0.171728107,0.256999452,-0.0597563002,
134.88,object_red_01,RED,-0.251218842,0.210664263,0.0119470289,-2.99453378e-18,-9.1265158e-18,-4.39928108e-16,2.30993185e-15,-8.278823e-17,3.06823558e-18,0,0,0,-0.171701387,0.259008813,-0.0597563002,
134.92,object_red_01,RED,-0.251218842,0.210664263,0.0119470289,-1.16736633e-20,2.69470654e-18,-4.39928108e-16,1.76877929e-15,-5.81212163e-17,-6.23774625e-19,0,0,0,-0.171681526,0.261017195,-0.0597563002,
134.96,object_red_01,RED,-0.251218842,0.210664263,0.0119470289,-1.27068721e-18,3.71150156e-18,-4.39928108e-16,1.67138754e-15,6.20604553e-16,1.65518561e-18,0,0,0,-0.171664709,0.263026155,-0.0597563002,
135,object_red_01,RED,-0.251218842,0.210664263,0.0119470289,-2.1093035e-18,2.41023047e-18,-4.41712509e-16,2.21583885e-15,8.8320463e-17,8.3106472e-20,0,0,0,-0.171645919,0.265036943,-0.0597563002,
135.04,object_red_01,RED,-0.251218842,0.210664263,0.0119470289,-3.21671264e-18,2.95347957e-18,-4.39928108e-16,1.71757008e-15,-2.35542701e-16,1.77679481e-19,0,0,0,-0.171618917,0.26705038,-0.0597563002,
135.08,object_red_01,RED,-0.251218842,0.210664263,0.0119470289,5.39859943e-18,-2.43675386e-18,-4.39928108e-16,7.72398836e-16,5.79292828e-16,6.36554436e-19,0,0,0,-0.171576532,0.269066876,-0.0597563002,
135.12,object_red_01,RED,-0.251218842,0.210664263,0.0119470289,8.61148001e-18,-5.94325906e-18,-4.41712509e-16,9.33880644e-16,-6.3770768e-16,2.14122678e-18,0,0,0,-0.171511046,0.271086535,-0.0597563002,
135.16,object_red_01,RED,-0.251218842,0.210664263,0.0119470289,1.84635152e-18,-8.39724636e-18,-4.39928108e-16,1.41879732e-15,3.76137879e-16,2.39543943e-18,0,0,0,-0.171414832,0.273109522,-0.0597563002,
135.2,object_red_01,RED,-0.251218842,0.210664263,0.0119470289,-2.36023492e-18,1.83387237e-18,-4.39928108e-16,1.73233593e-15,8.49867345e-17,-1.96746203e-19,0,0,0,-0.171285135,0.275136812,-0.0597563002,
135.24,object_red_01,RED,-0.251218842,0.210664263,0.0119470289,8.41848936e-18,3.43965919e-18,-4.39928108e-16,1.59520206e-15,9.29771288e-17,2.78533053e-18,0,0,0,-0.171125366,0.277168847,-0.0597563002,
135.28,object_red_01,RED,-0.251218842,0.210664263,0.0119470289,-1.09033025e-18,5.09947741e-19,-4.32790503e-16,1.83067018e-15,3.30416158e-16,1.34374077e-18,0,0,0,-0.17094076,0.279204792,-0.0597563002,
135.32,object_red_01,RED,-0.251218842,0.210664263,0.0119470289,-4.05315071e-18,2.20417047e-18,-4.4349691e-16,1.62724708e-15,-5.76401481e-17,2.02905169e-18,0,0,0,-0.170737084,0.281242946,-0.0597563002,
135.36,object_red_01,RED,-0.251218842,0.210664263,0.0119470289,-6.84309274e-19,2.1762892e-18,-4.4349691e-16,1.99058115e-15,4.3259957e-16,1.47107603e-18,0,0,0,-0.170520736,0.283281383,-0.0597563002,
135.4,object_red_01,RED,-0.251218842,0.210664263,0.0119470289,-4.24788395e-18,-5.32028696e-18,-4.45281311e-16,1.43764734e-15,-5.17491577e-16,6.917517e-19,0,0,0,-0.170298931,0.285318369,-0.0597563002,
135.44,object_red_01,RED,-0.251218842,0.210664263,0.0119470289,7.29104055e-18,-7.75597718e-18,-4.39928108e-16,1.29485846e-15,4.14185828e-16,1.59540977e-18,0,0,0,-0.170079624,0.287352496,-0.0597563002,
135.48,object_red_01,RED,-0.251218842,0.210664263,0.0119470289,-5.72820506e-18,-1.22348302e-18,-4.39928108e-16,8.76073927e-16,3.74216061e-16,2.61607587e-18,0,0,0,-0.169869849,0.289383168,-0.0597563002,
135.52,object_red_01,RED,-0.251218842,0.210664263,0.0119470289,6.38010722e-18,-2.4459024e-18,-4.39928108e-16,1.5491766e-15,-1.43548853e-16,9.7119739e-19,0,0,0,-0.169669855,0.291411805,-0.0597563002,
135.56,object_red_01,RED,-0.251218842,0.210664263,0.0119470289,3.69522816e-18,4.64216463e-20,-4.39928108e-16,2.03629244e-15,6.32070419e-16,1.98555523e-18,0,0,0,-0.169476568,0.293439944,-0.0597563002,
135.6,object_red_01,RED,-0.251218842,0.210664263,0.0119470289,1.68172859e-17,-2.27120883e-18,-4.41712509e-16,8.44657233e-16,5.90096691e-17,5.96924326e-19,0,0,0,-0.169286028,0.295468717,-0.0597563002,
135.64,object_red_01,RED,-0.251218842,0.210664263,0.0119470289,1.20818267e-17,1.48840602e-18,-4.41712509e-16,1.89099023e-15,-3.05175472e-16,1.20251717e-18,0,0,0,-0.169093072,0.297498837,-0.0597563002,
135.68,object_red_01,RED,-0.251218842,0.210664263,0.0119470289,-1.12343926e-18,3.03102435e-18,-4.39928108e-16,2.06315372e-15,-6.28253833e-16,-2.52248706e-19,0,0,0,-0.168891263,0.29953051,-0.0597563002,
135.72,object_red_01,RED,-0.251218842,0.210664263,0.0119470289,7.03923784e-18,-4.7735527e-18,-4.4349691e-16,1.4018323e-15,1.49422865e-16,4.83630033e-19,0,0,0,-0.168673186,0.301563481,-0.0597563002,
135.76,object_red_01,RED,-0.251218842,0.210664263,0.0119470289,7.05448541e-18,-2.78134892e-18,-4.45281311e-16,1.6859963e-15,7.22106247e-16,7.03706868e-19,0,0,0,-0.16843086,0.303597154,-0.0597563002,
135.8,object_red_01,RED,-0.251218842,0.210664263,0.0119470289,7.04010913e-18,-4.41924774e-20,-4.39928108e-16,8.89111855e-16,6.01323784e-16,1.99262659e-18,0,0,0,-0.168156553,0.30563111,-0.0597563002,
135.84,object_red_01,RED,-0.251218842,0.210664263,0.0119470289,8.83322323e-18,-3.3302614e-18,-4.38143706e-16,1.43293483e-15,7.0997523e-16,1.4403487e-18,0,0,0,-0.167848146,0.307666126,-0.0597563002,
135.88,object_red_01,RED,-0.251218842,0.210664263,0.0119470289,5.96842286e-18,3.57645167e-18,-4.34574904e-16,1.95256695e-15,1.86825298e-16,3.34213611e-18,0,0,0,-0.167509528,0.309702791,-0.0597563002,
135.92,object_red_01,RED,-0.251218842,0.210664263,0.0119470289,1.10027345e-17,-3.46444e-18,-4.45281311e-16,1.42288149e-15,2.45794802e-16,1.18089612e-18,0,0,0,-0.167146233,0.311740625,-0.0597563002,
135.96,object_red_01,RED,-0.251218842,0.210664263,0.0119470289,-1.32296459e-18,-3.78289637e-18,-4.38143706e-16,1.71128674e-15,-1.0775223e-16,1.76079807e-18,0,0,0,-0.16676434,0.313778435,-0.0597563002,
136,object_red_01,RED,-0.251218842,0.210664263,0.0119470289,-5.56963035e-18,-4.95695918e-18,-4.39928108e-16,1.55231827e-15,-2.50949154e-16,1.27190802e-18,0,0,0,-0.166370626,0.315814916,-0.0597563002,
136.04,object_red_01,RED,-0.251218842,0.210664263,0.0119470289,-3.25330681e-18,-1.74146472e-18,-4.39928108e-16,1.66573253e-15,2.29969869e-16,7.61956516e-19,0,0,0,-0.165972728,0.317849023,-0.0597563002,
136.08,object_red_01,RED,-0.251218842,0.210664263,0.0119470289,-3.20320766e-18,-1.31627537e-18,-4.47065713e-16,1.97628656e-15,3.50924835e-17,6.14577276e-19,0,0,0,-0.16557901,0.319880088,-0.0597563002,
136.12,object_red_01,RED,-0.251218842,0.210664263,0.0119470289,8.00157726e-18,4.65947613e-19,-4.4349691e-16,1.67500046e-15,-6.06351654e-17,5.94177181e-19,0,0,0,-0.16519568,0.321908476,-0.0597563002,
136.16,object_red_01,RED,-0.251218842,0.210664263,0.0119470289,1.11011176e-18,1.9615163e-18,-4.41712509e-16,1.39366396e-15,5.90604678e-16,9.74961996e-19,0,0,0,-0.164821563,0.323935905,-0.0597563002,
136.2,object_red_01,RED,-0.251218842,0.210664263,0.0119470289,9.23880856e-18,5.84006218e-18,-4.39928108e-16,1.11374122e-15,7.94366564e-17,-7.4525948e-19,0,0,0,-0.164453215,0.325963525,-0.0597563002,
136.24,object_red_01,RED,-0.251218842,0.210664263,0.0119470289,6.5791969e-18,6.12279567e-18,-4.38143706e-16,1.27852178e-15,-1.99560689e-17,-4.70036253e-19,0,0,0,-0.164086398,0.327991902,-0.0597563002,
136.28,object_red_01,RED,-0.251218842,0.210664263,0.0119470289,9.64308696e-18,5.03106974e-18,-4.41712509e-16,1.50079489e-15,1.48980454e-16,6.76286291e-19,0,0,0,-0.163715619,0.33002105,-0.0597563002,
136.32,object_red_01,RED,-0.251218842,0.210664263,0.0119470289,9.79251314e-18,5.87491377e-18,-4.41712509e-16,1.42429524e-15,4.78647196e-17,4.63535176e-19,0,0,0,-0.163334109,0.332050409,-0.0597563002,
136.36,object_red_01,RED,-0.251218842,0.210664263,0.0119470289,-1.69064882e-18,8.48008125e-19,-4.41712509e-16,1.75652678e-15,-2.6694835e-16,1.08840891e-18,0,0,0,-0.162934173,0.334078932,-0.0597563002,
136.4,object_red_01,RED,-0.251218842,0.210664263,0.0119470289,6.57309788e-18,3.31942122e-18,-4.39928108e-16,1.38078312e-15,1.97386094e-16,1.57801119e-18,0,0,0,-0.162507606,0.336105244,-0.0597563002,
136.44,object_red_01,RED,-0.251218842,0.210664263,0.0119470289,4.87495435e-18,-9.84749656e-19,-4.45281311e-16,2.05828413e-15,-2.88048465e-16,9.38943874e-19,0,0,0,-0.162047364,0.338128618,-0.0597563002,
136.48,object_red_01,RED,-0.251218842,0.210664263,0.0119470289,1.04006733e-17,2.71387491e-18,-4.39928108e-16,1.83930977e-15,-3.54818144e-16,1.72422035e-18,0,0,0,-0.161553483,0.340149901,-0.0597563002,
136.52,object_red_01,RED,-0.251218842,0.210664263,0.0119470289,1.12101014e-17,6.51923246e-18,-4.4349691e-16,1.30758222e-15,3.29601288e-16,2.48894411e-18,0,0,0,-0.161030711,0.342169768,-0.0597563002,
136.56,object_red_01,RED,-0.251218842,0.210664263,0.0119470289,5.67733955e-19,-3.44962808e-18,-4.38143706e-16,1.71458549e-15,-7.23890054e-16,-7.04764528e-19,0,0,0,-0.160484907,0.344188025,-0.0597563002,
136.6,object_red_01,RED,-0.251218842,0.210664263,0.0119470289,8.24161756e-18,-3.35465751e-18,-4.36359305e-16,2.21521052e-15,-4.39571426e-16,6.86076514e-20,0,0,0,-0.159922496,0.346204018,-0.0597563002,
136.64,object_red_01,RED,-0.251218842,0.210664263,0.0119470289,1.03235642e-17,5.67146763e-18,-4.38143706e-16,1.79736848e-15,8.01171469e-17,2.36598394e-18,0,0,0,-0.159350692,0.348217173,-0.0597563002,
136.68,object_red_01,RED,-0.251218842,0.210664263,0.0119470289,3.66473302e-18,4.47388001e-18,-4.39928108e-16,1.42225315e-15,3.47948146e-16,1.55867943e-18,0,0,0,-0.158777593,0.350227277,-0.0597563002,
136.72,object_red_01,RED,-0.251218842,0.210664263,0.0119470289,7.32937729e-18,-4.0329565e-18,-4.4349691e-16,1.78433056e-15,4.41157551e-16,1.19859995e-18,0,0,0,-0.158211716,0.352234584,-0.0597563002,
136.76,object_red_01,RED,-0.251218842,0.210664263,0.0119470289,1.37538315e-17,-6.97007391e-18,-4.4349691e-16,1.34732434e-15,-1.8664188e-16,-7.36153203e-19,0,0,0,-0.157656564,0.354240583,-0.0597563002,
136.8,object_red_01,RED,-0.251218842,0.210664263,0.0119470289,1.24351346e-17,-3.78855975e-18,-4.39928108e-16,1.70280423e-15,-4.38026363e-16,6.03385204e-19,0,0,0,-0.157109271,0.356246806,-0.0597563002,
136.84,object_red_01,RED,-0.251218842,0.210664263,0.0119470289,1.13904584e-17,-2.34221893e-18,-4.45281311e-16,1.06237492e-15,-2.21798511e-16,1.08306724e-18,0,0,0,-0.156566099,0.35825376,-0.0597563002,
136.88,object_red_01,RED,-0.251218842,0.210664263,0.0119470289,-7.77972911e-19,-4.83497862e-18,-4.41712509e-16,1.2441205e-15,-5.654861e-16,-2.65730065e-19,0,0,0,-0.156022425,0.360261261,-0.0597563002,
136.92,object_red_01,RED,-0.251218842,0.210664263,0.0119470289,5.92965047e-18,-2.33002088e-18,-4.4349691e-16,1.1852142e-15,-3.89152541e-16,3.79175217e-18,0,0,0,-0.155472301,0.362268466,-0.0597563002,
136.96,object_red_01,RED,-0.251218842,0.210664263,0.0119470289,5.79765009e-18,-4.93604822e-18,-4.45281311e-16,1.22637007e-15,-9.13922317e-17,3.41330752e-18,0,0,0,-0.154908574,0.364273916,-0.0597563002,
137,object_red_01,RED,-0.251218842,0.210664263,0.0119470289,-3.06031615e-18,-3.47445983e-18,-4.47065713e-16,1.32250515e-15,-4.87675171e-16,3.42180332e-18,0,0,0,-0.154323303,0.366275683,-0.0597563002,
137.04,object_red_01,RED,-0.251218842,0.210664263,0.0119470289,8.76787651e-18,-6.87945979e-18,-4.39928108e-16,1.12929248e-15,3.42510358e-16,3.57182795e-18,0,0,0,-0.153708247,0.368271697,-0.0597563002,
137.08,object_red_01,RED,-0.251218842,0.210664263,0.0119470289,-3.89377727e-19,-4.30871967e-18,-4.39928108e-16,1.36963019e-15,-1.07984787e-16,1.70107311e-18,0,0,0,-0.153058742,0.370261537,-0.0597563002,
137.12,object_red_01,RED,-0.251218842,0.210664263,0.0119470289,-1.55080683e-18,-1.28055249e-18,-4.48850114e-16,6.1456661e-18,5.70631761e-16,3.75293603e-18,0,0,0,-0.152377534,0.372246352,-0.0597563002,
137.16,object_red_01,RED,-0.251218842,0.210664263,0.0119470289,-3.41362411e-18,5.62660765e-19,-4.4349691e-16,6.62754574e-16,6.78741391e-16,3.51479926e-18,0,0,0,-0.151670092,0.374226927,-0.0597563002,
137.2,object_red_01,RED,-0.251218842,0.210664263,0.0119470289,5.99848235e-18,-3.94931269e-18,-4.36359305e-16,2.18819216e-15,1.05142929e-15,4.20903556e-19,0,0,0,-0.150942562,0.376203422,-0.0597563002,
137.24,object_red_01,RED,-0.251218842,0.210664263,0.0119470289,6.67765263e-18,1.08151375e-18,-4.41712509e-16,1.32533265e-15,-5.02026832e-16,-1.77821426e-19,0,0,0,-0.150201747,0.378175851,-0.0597563002,
137.28,object_red_01,RED,-0.251218842,0.210664263,0.0119470289,1.16736275e-17,2.46555736e-18,-4.4349691e-16,1.00645321e-15,2.37601303e-16,2.17614829e-19,0,0,0,-0.149455336,0.380144511,-0.0597563002,
137.32,object_red_01,RED,-0.251218842,0.210664263,0.0119470289,8.77876763e-18,7.23804643e-18,-4.45281311e-16,6.47360394e-16,3.47136344e-16,4.1846165e-19,0,0,0,-0.148711856,0.382110134,-0.0597563002,
137.36,object_red_01,RED,-0.251218842,0.210664263,0.0119470289,3.14195923e-18,3.42354033e-18,-4.41712509e-16,1.0892362e-15,8.9715798e-16,4.73150184e-19,0,0,0,-0.147978563,0.384074146,-0.0597563002,
137.4,object_red_01,RED,-0.251218842,0.210664263,0.0119470289,4.00627856e-18,3.5738378e-18,-4.45281311e-16,1.03865532e-15,8.13108506e-16,1.09593812e-18,0,0,0,-0.14725477,0.386038542,-0.0597563002,
137.44,object_red_01,RED,-0.251218842,0.210664263,0.0119470289,7.07016862e-18,1.48361393e-18,-4.4349691e-16,5.03629018e-16,7.1114722e-16,9.44438164e-19,0,0,0,-0.146536857,0.38800403,-0.0597563002,
137.48,object_red_01,RED,-0.251218842,0.210664263,0.0119470289,4.99519232e-18,1.06713747e-18,-4.45281311e-16,1.76738315e-16,2.91797555e-16,5.57039851e-19,0,0,0,-0.145820828,0.38997027,-0.0597563002,
137.52,object_red_01,RED,-0.251218842,0.210664263,0.0119470289,1.28577101e-17,4.36191929e-18,-4.47065713e-16,6.23169539e-16,9.36114681e-16,1.51014653e-18,0,0,0,-0.145101575,0.391936152,-0.0597563002,
137.56,object_red_01,RED,-0.251218842,0.210664263,0.0119470289,1.35952568e-17,3.59257053e-18,-4.41712509e-16,6.38092469e-16,5.25322383e-16,-4.90108514e-20,0,0,0,-0.144372658,0.393899846,-0.0597563002,
137.6,object_red_01,RED,-0.251218842,0.210664263,0.0119470289,1.57189528e-18,2.65070641e-18,-4.39928108e-16,1.10353079e-15,-6.47132689e-16,-1.49259047e-20,0,0,0,-0.143626598,0.395858924,-0.0597563002,
137.64,object_red_01,RED,-0.251218842,0.210664263,0.0119470289,9.35076928e-18,1.49755456e-18,-4.45281311e-16,2.00173408e-15,-5.99251683e-16,-1.26614869e-18,0,0,0,-0.142855332,0.397810556,-0.0597563002,
137.68,object_red_01,RED,-0.251218842,0.210664263,0.0119470289,9.32158108e-18,1.86741702e-18,-4.47065713e-16,1.43717608e-15,4.65315884e-16,1.03789197e-18,0,0,0,-0.142051547,0.399752588,-0.0597563002,
137.72,object_red_01,RED,-0.251218842,0.210664263,0.0119470289,6.53955322e-18,1.57946722e-19,-4.4349691e-16,2.03425036e-15,-5.84899942e-17,6.2881592e-21,0,0,0,-0.141214751,0.401685571,-0.0597563002,
137.76,object_red_01,RED,-0.251218842,0.210664263,0.0119470289,1.15102607e-17,-2.00590113e-18,-4.41712509e-16,8.48741403e-16,8.18921208e-16,6.54252448e-21,0,0,0,-0.140349587,0.403610971,-0.0597563002,
137.8,object_red_01,RED,-0.251218842,0.210664263,0.0119470289,1.1983371e-17,-2.18887195e-18,-4.41712509e-16,5.32375293e-16,4.96250896e-16,-1.28858371e-18,0,0,0,-0.139461909,0.405529785,-0.0597563002,
137.84,object_red_01,RED,-0.251218842,0.210664263,0.0119470289,1.28433338e-17,-3.92708338e-19,-4.39928108e-16,1.22024381e-15,2.56210786e-16,2.17831324e-18,0,0,0,-0.13855813,0.407442703,-0.0597563002,
137.88,object_red_01,RED,-0.251218842,0.210664263,0.0119470289,8.0486269e-18,2.76877759e-19,-4.47065713e-16,5.59864901e-16,2.7978251e-16,2.4244088e-19,0,0,0,-0.137645467,0.409350579,-0.0597563002,
137.92,object_red_01,RED,-0.251218842,0.210664263,0.0119470289,1.6310631e-17,-1.15682936e-18,-4.45281311e-16,1.42932191e-15,5.06187039e-16,2.23719596e-19,0,0,0,-0.136732044,0.411254703,-0.0597563002,
137.96,object_red_01,RED,-0.251218842,0.210664263,0.0119470289,1.48242109e-17,-1.90003943e-18,-4.41712509e-16,1.16102334e-15,8.71342294e-16,5.48137066e-19,0,0,0,-0.135826373,0.413156867,-0.0597563002,
138,object_red_01,RED,-0.251218842,0.210664263,0.0119470289,-9.13966663e-20,-3.84431086e-19,-4.4349691e-16,1.38109729e-15,5.55168243e-16,1.15359989e-19,0,0,0,-0.134931319,0.415059461,-0.0597563002,
138.04,object_red_01,RED,-0.251218842,0.210664263,0.0119470289,-4.00218027e-18,6.12758777e-18,-4.41712509e-16,2.41299622e-16,-9.87155201e-16,7.59616355e-19,0,0,0,-0.134043487,0.416963703,-0.0597563002,
138.08,object_red_01,RED,-0.251218842,0.210664263,0.0119470289,-3.32170305e-18,3.91756157e-18,-4.39928108e-16,9.95928615e-16,-7.66519808e-16,-8.99201344e-19,0,0,0,-0.1331592,0.418869221,-0.0597563002,
138.12,object_red_01,RED,-0.251218842,0.210664263,0.0119470289,-6.52238558e-18,3.82564051e-18,-4.45281311e-16,1.03614198e-15,-3.38514598e-16,2.65181135e-19,0,0,0,-0.132274117,0.420774684,-0.0597563002,
138.16,object_red_01,RED,-0.251218842,0.210664263,0.0119470289,1.07883972e-17,1.44484154e-18,-4.47065713e-16,6.6573916e-16,5.52780697e-16,3.92465519e-19,0,0,0,-0.131382605,0.422677933,-0.0597563002,
138.2,object_red_01,RED,-0.251218842,0.210664263,0.0119470289,1.05561985e-17,3.41744131e-18,-4.47065713e-16,1.20170796e-15,4.87000153e-16,-2.03693215e-20,0,0,0,-0.130477818,0.4245761,-0.0597563002,
138.24,object_red_01,RED,-0.251218842,0.210664263,0.0119470289,-3.25592068e-18,-1.67437541e-18,-4.4349691e-16,1.28354845e-15,2.79468343e-16,2.06557855e-18,0,0,0,-0.129552126,0.426465792,-0.0597563002,
138.28,object_red_01,RED,-0.251218842,0.210664263,0.0119470289,-6.47664287e-18,-5.29936458e-19,-4.45281311e-16,2.28071432e-15,3.73206677e-16,9.87425895e-19,0,0,0,-0.12859764,0.428343558,-0.0597563002,
138.32,object_red_01,RED,-0.251218842,0.210664263,0.0119470289,6.14485901e-18,-1.78241533e-18,-4.4349691e-16,2.43277112e-15,3.12944917e-16,5.14662596e-19,0,0,0,-0.12761046,0.430208411,-0.0597563002,
138.36,object_red_01,RED,-0.251218842,0.210664263,0.0119470289,5.94228417e-18,-9.09818746e-19,-4.47065713e-16,1.90591316e-15,8.65941322e-16,-2.84095238e-19,0,0,0,-0.126593739,0.432061931,-0.0597563002,
138.4,object_red_01,RED,-0.251218842,0.210664263,0.0119470289,5.63776843e-18,-2.79224004e-18,-4.41712509e-16,2.0680233e-15,4.82263718e-16,5.20156886e-19,0,0,0,-0.125552918,0.433905855,-0.0597563002,
138.44,object_red_01,RED,-0.251218842,0.210664263,0.0119470289,3.88299108e-18,-9.98254645e-19,-4.45281311e-16,2.23657387e-15,5.77512139e-16,1.15820674e-18,0,0,0,-0.124494022,0.43574158,-0.0597563002,
138.48,object_red_01,RED,-0.251218842,0.210664263,0.0119470289,1.01479993e-17,7.21235481e-19,-4.47065713e-16,1.16557876e-15,4.31946337e-18,8.34247127e-19,0,0,0,-0.123423749,0.437570546,-0.0597563002,
138.52,object_red_01,RED,-0.251218842,0.210664263,0.0119470289,8.85936192e-18,1.43395042e-18,-4.45281311e-16,1.14657166e-15,8.4932737e-17,2.10922763e-18,0,0,0,-0.122349703,0.439394588,-0.0597563002,
138.56,object_red_01,RED,-0.251218842,0.210664263,0.0119470289,-7.64068585e-18,1.60996235e-19,-4.4349691e-16,1.21003339e-15,-6.22286501e-16,-4.21198121e-19,0,0,0,-0.12128029,0.441216041,-0.0597563002,
138.6,object_red_01,RED,-0.251218842,0.210664263,0.0119470289,-6.22658274e-18,-4.19718317e-19,-4.47065713e-16,2.577445e-15,-5.01231597e-16,4.7309931e-19,0,0,0,-0.120221545,0.443037745,-0.0597563002,
138.64,object_red_01,RED,-0.251218842,0.210664263,0.0119470289,3.40726693e-18,-1.07928458e-18,-4.41712509e-16,1.13824624e-15,4.17029284e-16,3.70946216e-19,0,0,0,-0.119171241,0.444861657,-0.0597563002,
138.68,object_red_01,RED,-0.251218842,0.210664263,0.0119470289,3.01954303e-18,6.51400473e-18,-4.4349691e-16,1.24474883e-15,8.00231957e-16,7.01671946e-19,0,0,0,-0.11812571,0.446687599,-0.0597563002,
138.72,object_red_01,RED,-0.251218842,0.210664263,0.0119470289,7.20565416e-18,1.85391203e-18,-4.4349691e-16,1.8199885e-15,1.51461269e-16,5.89852971e-19,0,0,0,-0.117081239,0.448514103,-0.0597563002,
138.76,object_red_01,RED,-0.251218842,0.210664263,0.0119470289,5.50402547e-18,1.13596936e-18,-4.45281311e-16,1.87748105e-15,1.10739833e-16,-3.54096561e-19,0,0,0,-0.116033053,0.450338757,-0.0597563002,
138.8,object_red_01,RED,-0.251218842,0.210664263,0.0119470289,1.34275336e-17,-3.49232127e-18,-4.48850114e-16,1.36460352e-15,8.28389169e-16,9.08900494e-20,0,0,0,-0.114975086,0.452158326,-0.0597563002,
138.84,object_red_01,RED,-0.251218842,0.210664263,0.0119470289,1.03187721e-17,5.88754747e-18,-4.4349691e-16,1.83663935e-15,-8.30330593e-17,-7.66117432e-19,0,0,0,-0.113900298,0.453968945,-0.0597563002,
138.88,object_red_01,RED,-0.251218842,0.210664263,0.0119470289,1.19703016e-17,5.56996239e-18,-4.47065713e-16,1.9330886e-15,-3.60244887e-16,-7.25876846e-19,0,0,0,-0.112801128,0.455766369,-0.0597563002,
138.92,object_red_01,RED,-0.251218842,0.210664263,0.0119470289,1.44547841e-17,1.58337659e-18,-4.41712509e-16,1.87072646e-15,-1.1870512e-16,-1.12355152e-18,0,0,0,-0.111671357,0.45754771,-0.0597563002,
138.96,object_red_01,RED,-0.251218842,0.210664263,0.0119470289,-3.86328213e-19,3.59562004e-18,-4.41712509e-16,1.43968942e-15,4.74974063e-16,3.41388971e-19,0,0,0,-0.110511786,0.459313845,-0.0597563002,
139,object_red_01,RED,-0.251218842,0.210664263,0.0119470289,1.06393341e-18,-2.7112101e-18,-4.45281311e-16,1.75150011e-15,8.69927315e-16,-7.14232727e-21,0,0,0,-0.109327193,0.461067006,-0.0597563002,
139.04,object_red_01,RED,-0.251218842,0.210664263,0.0119470289,1.77751964e-18,-1.26225541e-18,-4.47065713e-16,2.46560157e-15,3.93470445e-16,7.05589171e-19,0,0,0,-0.108123186,0.462809272,-0.0597563002,
139.08,object_red_01,RED,-0.251218842,0.210664263,0.0119470289,4.24370499e-18,-2.72820025e-18,-4.39928108e-16,2.04791662e-15,8.28054753e-16,6.51409368e-19,0,0,0,-0.106905909,0.464542669,-0.0597563002,
139.12,object_red_01,RED,-0.251218842,0.210664263,0.0119470289,1.33377907e-17,2.35098277e-18,-4.48850114e-16,2.06488163e-15,5.47417769e-16,-3.81466265e-19,0,0,0,-0.105682334,0.46626955,-0.0597563002,
139.16,object_red_01,RED,-0.251218842,0.210664263,0.0119470289,8.28038995e-18,2.18501352e-19,-4.41712509e-16,1.81951725e-15,6.9274391e-16,9.20601297e-20,0,0,0,-0.104460313,0.467992782,-0.0597563002,
139.2,object_red_01,RED,-0.251218842,0.210664263,0.0119470289,-7.64903567e-19,4.98271316e-18,-4.50634515e-16,1.91942234e-15,1.10735538e-16,-1.27457102e-19,0,0,0,-0.103247524,0.46971572,-0.0597563002,
139.24,object_red_01,RED,-0.251218842,0.210664263,0.0119470289,3.42207885e-18,4.86334648e-18,-4.4349691e-16,1.95068195e-15,1.03450109e-15,-1.21415643e-18,0,0,0,-0.102044405,0.471441224,-0.0597563002,
139.28,object_red_01,RED,-0.251218842,0.210664263,0.0119470289,5.9144029e-18,3.25234335e-19,-4.47065713e-16,2.26877598e-15,8.03803844e-17,2.0281077e-19,0,0,0,-0.100847111,0.473169647,-0.0597563002,
139.32,object_red_01,RED,-0.251218842,0.210664263,0.0119470289,-4.87346992e-18,1.89660522e-18,-4.4349691e-16,2.25793722e-15,4.59905708e-16,1.41323336e-18,0,0,0,-0.0996523337,0.474899543,-0.0597563002,
139.36,object_red_01,RED,-0.251218842,0.210664263,0.0119470289,-1.29207011e-17,3.30809446e-18,-4.41712509e-16,1.42146774e-15,-1.47159081e-15,1.98275721e-18,0,0,0,-0.0984561644,0.476628356,-0.0597563002,
139.4,object_red_01,RED,-0.251218842,0.210664263,0.0119470289,-2.15243234e-18,-8.81501832e-19,-4.4349691e-16,2.33208062e-15,9.37456027e-16,8.46835367e-20,0,0,0,-0.0972534468,0.478352601,-0.0597563002,
139.44,object_red_01,RED,-0.251218842,0.210664263,0.0119470289,-1.34089859e-19,-1.54019681e-18,-4.41712509e-16,2.02513952e-15,8.85700705e-16,1.24235077e-18,0,0,0,-0.0960379018,0.480068045,-0.0597563002,
139.48,object_red_01,RED,-0.251218842,0.210664263,0.0119470289,-1.56779698e-18,-3.06874878e-20,-4.47065713e-16,2.55388248e-15,9.06852362e-16,1.74525352e-19,0,0,0,-0.0948025833,0.481769946,-0.0597563002,
139.52,object_red_01,RED,-0.251218842,0.210664263,0.0119470289,9.74241398e-18,-1.05532412e-18,-4.5777212e-16,2.293281e-15,6.1401257e-16,-1.54406819e-18,0,0,0,-0.0935404684,0.483453817,-0.0597563002,
139.56,object_red_01,RED,-0.251218842,0.210664263,0.0119470289,1.09660677e-18,6.14502499e-19,-4.4349691e-16,2.85532566e-15,1.07598708e-15,-1.35761844e-18,0,0,0,-0.0922493253,0.485118813,-0.0597563002,
139.6,object_red_01,RED,-0.251218842,0.210664263,0.0119470289,1.63358984e-17,-1.17120564e-18,-4.48850114e-16,3.02686081e-15,1.61826438e-15,3.15980708e-18,0,0,0,-0.0909327825,0.486767181,-0.0597563002,
139.64,object_red_01,RED,-0.251218842,0.210664263,0.0119470289,1.12056724e-18,-5.23969267e-18,-4.47065713e-16,2.47832533e-15,6.17855593e-16,2.97727456e-18,0,0,0,-0.0895959563,0.48840159,-0.0597563002,
139.68,object_red_01,RED,-0.251218842,0.210664263,0.0119470289,4.0115063e-18,-6.95045847e-19,-4.48850114e-16,2.06393913e-15,8.94964334e-16,2.15002782e-18,0,0,0,-0.0882444075,0.490024625,-0.0597563002,
139.72,object_red_01,RED,-0.251218842,0.210664263,0.0119470289,1.00390881e-17,-3.83691633e-18,-4.45281311e-16,2.4643449e-15,6.83822673e-16,1.24982911e-18,0,0,0,-0.0868843815,0.491639107,-0.0597563002,
139.76,object_red_01,RED,-0.251218842,0.210664263,0.0119470289,1.17524792e-17,-3.00047826e-18,-4.48850114e-16,2.06111163e-15,1.87057111e-15,2.37646378e-18,0,0,0,-0.0855230058,0.493248356,-0.0597563002,
139.8,object_red_01,RED,-0.251218842,0.210664263,0.0119470289,4.36089345e-18,-6.67427108e-18,-4.48850114e-16,2.03864869e-15,1.21678419e-15,1.83308869e-18,0,0,0,-0.0841680805,0.494856214,-0.0597563002,
139.84,object_red_01,RED,-0.251218842,0.210664263,0.0119470289,7.10371327e-18,-6.58627082e-18,-4.45281311e-16,2.26029347e-15,1.04467102e-15,2.4145677e-18,0,0,0,-0.0828236107,0.496466497,-0.0597563002,
139.88,object_red_01,RED,-0.251218842,0.210664263,0.0119470289,6.24113652e-18,-4.1000458e-18,-4.50634515e-16,2.74615265e-15,1.01007768e-15,1.99232135e-18,0,0,0,-0.0814861499,0.498080578,-0.0597563002,
139.92,object_red_01,RED,-0.251218842,0.210664263,0.0119470289,-2.25960096e-18,1.68531748e-18,-4.48850114e-16,1.5909608e-15,-8.97478334e-16,3.01046639e-19,0,0,0,-0.0801524022,0.499697311,-0.0597563002,
139.96,object_red_01,RED,-0.251218842,0.210664263,0.0119470289,7.46399154e-18,-3.38210313e-18,-4.4349691e-16,2.79736186e-15,-5.56286286e-16,-7.69729419e-19,0,0,0,-0.0788192417,0.501314162,-0.0597563002,
140,object_red_01,RED,-0.251218842,0.210664263,0.0119470289,1.11146952e-17,-4.97307803e-18,-4.47065713e-16,2.71442179e-15,-4.49858553e-16,1.57088896e-18,0,0,0,-0.0774825375,0.502927553,-0.0597563002,
140.04,object_red_01,RED,-0.251218842,0.210664263,0.0119470289,8.71080703e-18,-7.44971887e-18,-4.47065713e-16,2.28040016e-15,-4.31219004e-16,1.52673115e-18,0,0,0,-0.0761369525,0.504533036,-0.0597563002,
140.08,object_red_01,RED,-0.251218842,0.210664263,0.0119470289,1.58540027e-18,1.48187135e-18,-4.39928108e-16,1.18003044e-15,-8.71392047e-16,4.82358206e-19,0,0,0,-0.0747762903,0.506125537,-0.0597563002,
140.12,object_red_01,RED,-0.251218842,0.210664263,0.0119470289,7.4422093e-18,-9.80742866e-18,-4.4349691e-16,2.1801809e-15,-9.24394832e-16,1.42386583e-18,0,0,0,-0.0733939165,0.507699673,-0.0597563002,
140.16,object_red_01,RED,-0.251218842,0.210664263,0.0119470289,8.89944124e-18,2.36710163e-18,-4.48850114e-16,1.7744343e-15,1.4499262e-16,3.26679312e-18,0,0,0,-0.0719848314,0.509252098,-0.0597563002,
140.2,object_red_01,RED,-0.251218842,0.210664263,0.0119470289,7.79813112e-18,-8.86293925e-19,-4.47065713e-16,2.83066355e-15,-5.35088608e-16,1.96235712e-18,0,0,0,-0.0705505071,0.510784101,-0.0597563002,
140.24,object_red_01,RED,-0.251218842,0.210664263,0.0119470289,9.31199689e-18,-6.60761742e-18,-4.48850114e-16,2.27992891e-15,-5.89397684e-17,2.02116637e-18,0,0,0,-0.0690953831,0.51229868,-0.0597563002,
140.28,object_red_01,RED,-0.251218842,0.210664263,0.0119470289,1.54280146e-17,-6.3819534e-18,-4.48850114e-16,1.93450235e-15,8.65428426e-17,1.5913908e-18,0,0,0,-0.0676244276,0.513798936,-0.0597563002,
140.32,object_red_01,RED,-0.251218842,0.210664263,0.0119470289,1.03209503e-17,-5.87573411e-18,-4.4349691e-16,2.62598379e-15,1.9732412e-16,-1.36443543e-18,0,0,0,-0.0661430939,0.515288094,-0.0597563002,
140.36,object_red_01,RED,-0.251218842,0.210664263,0.0119470289,8.03555755e-18,-2.49033817e-18,-4.4349691e-16,1.8323981e-15,-2.9372556e-16,-3.72359988e-19,0,0,0,-0.0646576365,0.516769819,-0.0597563002,
140.4,object_red_01,RED,-0.251218842,0.210664263,0.0119470289,7.7998737e-18,-1.67873186e-18,-4.4349691e-16,2.7865231e-15,-8.46531133e-16,8.25496961e-19,0,0,0,-0.0631751286,0.518248323,-0.0597563002,
140.44,object_red_01,RED,-0.251218842,0.210664263,0.0119470289,1.26642838e-17,-2.8501808e-18,-4.4349691e-16,2.74960848e-15,-5.32243311e-16,8.99568129e-19,0,0,0,-0.0617021625,0.519728188,-0.0597563002,
140.48,object_red_01,RED,-0.251218842,0.210664263,0.0119470289,5.39990636e-18,2.1109539e-19,-4.48850114e-16,1.57792287e-15,-5.3365338e-16,1.37919929e-18,0,0,0,-0.06023786,0.521212388,-0.0597563002,
140.52,object_red_01,RED,-0.251218842,0.210664263,0.0119470289,1.08376251e-17,2.23205174e-18,-4.48850114e-16,2.02451118e-15,-4.40079493e-16,1.25941584e-19,0,0,0,-0.0587784247,0.522700593,-0.0597563002,
140.56,object_red_01,RED,-0.251218842,0.210664263,0.0119470289,7.95670584e-18,7.04680978e-19,-4.48850114e-16,2.36051273e-15,3.24114411e-16,4.52800962e-19,0,0,0,-0.0573211977,0.524190552,-0.0597563002,
140.6,object_red_01,RED,-0.251218842,0.210664263,0.0119470289,8.9369067e-18,1.45094056e-18,-4.4349691e-16,3.00753954e-15,5.14420502e-17,2.63484803e-18,0,0,0,-0.055863117,0.525678805,-0.0597563002,
140.64,object_red_01,RED,-0.251218842,0.210664263,0.0119470289,6.4994739e-18,3.66967966e-18,-4.47065713e-16,2.11577668e-15,-2.55810764e-16,-7.02757883e-20,0,0,0,-0.0543999784,0.527160898,-0.0597563002,
140.68,object_red_01,RED,-0.251218842,0.210664263,0.0119470289,2.44187799e-18,9.640192e-18,-4.4349691e-16,8.04758031e-16,-8.41371309e-16,-1.76577296e-18,0,0,0,-0.0529265399,0.528631611,-0.0597563002,
140.72,object_red_01,RED,-0.251218842,0.210664263,0.0119470289,-4.73798438e-18,8.48573321e-18,-4.47065713e-16,1.04808033e-15,1.26974655e-16,-7.83617763e-19,0,0,0,-0.0514369658,0.530085226,-0.0597563002,
140.76,object_red_01,RED,-0.251218842,0.210664263,0.0119470289,6.40363204e-18,-7.78254008e-19,-4.47065713e-16,2.66541174e-15,1.09441984e-15,6.46423808e-19,0,0,0,-0.0499252613,0.531516288,-0.0597563002,
140.8,object_red_01,RED,-0.251218842,0.210664263,0.0119470289,4.50683447e-18,-5.16650434e-18,-4.48850114e-16,2.33050978e-15,5.41870145e-16,1.582895e-18,0,0,0,-0.0483893973,0.532923446,-0.0597563002,
140.84,object_red_01,RED,-0.251218842,0.210664263,0.0119470289,4.55562669e-18,3.06805416e-18,-4.48850114e-16,1.67971296e-15,1.46296712e-15,2.29010393e-19,0,0,0,-0.0468325273,0.534309319,-0.0597563002,
140.88,object_red_01,RED,-0.251218842,0.210664263,0.0119470289,8.34878618e-18,1.80511981e-18,-4.47065713e-16,1.48178779e-15,8.80683851e-16,-1.32063373e-18,0,0,0,-0.0452590121,0.535677379,-0.0597563002,
140.92,object_red_01,RED,-0.251218842,0.210664263,0.0119470289,9.23655777e-19,6.06660892e-19,-4.4349691e-16,1.42209607e-15,1.0669419e-15,1.84051615e-18,0,0,0,-0.0436735169,0.537031202,-0.0597563002,
140.96,object_red_01,RED,-0.251218842,0.210664263,0.0119470289,-6.82036664e-18,8.28402965e-18,-4.52418916e-16,1.24757634e-15,6.86922004e-16,-8.53619087e-19,0,0,0,-0.0420813034,0.538374681,-0.0597563002,
141,object_red_01,RED,-0.251218842,0.210664263,0.0119470289,2.15783757e-18,1.14707716e-17,-4.50634515e-16,1.57776579e-15,4.72559518e-16,1.60446518e-18,0,0,0,-0.0404884497,0.539712239,-0.0597563002,
141.04,object_red_01,RED,-0.251218842,0.210664263,0.0119470289,8.89639173e-18,-9.57697255e-18,-4.45281311e-16,2.70436844e-15,1.0594565e-15,2.88967116e-18,0,0,0,-0.0389017089,0.54104883,-0.0597563002,
141.08,object_red_01,RED,-0.251218842,0.210664263,0.0119470289,6.23068104e-18,-7.68583836e-18,-4.45281311e-16,3.60587048e-15,1.30766618e-15,1.85974617e-18,0,0,0,-0.0373249743,0.542389158,-0.0597563002,
141.12,object_red_01,RED,-0.251218842,0.210664263,0.0119470289,6.69159327e-18,-3.46487565e-18,-4.48850114e-16,2.40685235e-15,7.97546811e-16,-1.64332152e-18,0,0,0,-0.0357547635,0.543734706,-0.0597563002,
141.16,object_red_01,RED,-0.251218842,0.210664263,0.0119470289,5.05966775e-18,-3.07410224e-18,-4.50634515e-16,2.7741135e-15,1.61883258e-15,-4.64745456e-19,0,0,0,-0.0341880797,0.545083972,-0.0597563002,
141.2,object_red_01,RED,-0.251218842,0.210664263,0.0119470289,1.15342211e-17,-5.09636552e-18,-4.47065713e-16,2.42507403e-15,7.70057817e-16,-2.89029924e-19,0,0,0,-0.0326227191,0.546433905,-0.0597563002,
141.24,object_red_01,RED,-0.251218842,0.210664263,0.0119470289,-1.03159077e-19,-2.60796228e-18,-4.47065713e-16,2.67562217e-15,1.16772505e-15,2.02437137e-18,0,0,0,-0.031055756,0.547780321,-0.0597563002,
141.28,object_red_01,RED,-0.251218842,0.210664263,0.0119470289,1.39524856e-17,-9.67412135e-18,-4.41712509e-16,2.18332257e-15,1.61089373e-15,8.82525656e-19,0,0,0,-0.0294831507,0.549118108,-0.0597563002,
141.32,object_red_01,RED,-0.251218842,0.210664263,0.0119470289,1.07609516e-17,-7.83090809e-18,-4.52418916e-16,2.70216927e-15,7.51534853e-16,-2.86282779e-19,0,0,0,-0.0279000179,0.550441492,-0.0597563002,
141.36,object_red_01,RED,-0.251218842,0.210664263,0.0119470289,2.15391676e-18,-6.14017052e-18,-4.47065713e-16,2.9803641e-15,6.27896663e-16,-4.07971126e-19,0,0,0,-0.0263010557,0.55174433,-0.0597563002,
141.4,object_red_01,RED,-0.251218842,0.210664263,0.0119470289,1.06847137e-17,-2.12526781e-18,-4.47065713e-16,2.54288664e-15,5.84394972e-16,-5.98795955e-19,0,0,0,-0.0246813487,0.553021677,-0.0597563002,
141.44,object_red_01,RED,-0.251218842,0.210664263,0.0119470289,4.67804288e-18,-1.68265267e-18,-4.52418916e-16,2.05152954e-15,5.00411154e-16,-5.29455981e-19,0,0,0,-0.0230409866,0.5542738,-0.0597563002,
141.48,object_red_01,RED,-0.251218842,0.210664263,0.0119470289,1.29247994e-17,2.23815076e-18,-4.54203317e-16,2.15410505e-15,3.51672129e-16,2.45078932e-18,0,0,0,-0.0213834418,0.555504011,-0.0597563002,
141.52,object_red_01,RED,-0.251218842,0.210664263,0.0119470289,7.89041526e-19,1.11288018e-18,-4.48850114e-16,1.9720453e-15,-7.75785278e-16,6.73284781e-19,0,0,0,-0.0197126883,0.556716154,-0.0597563002,
141.56,object_red_01,RED,-0.251218842,0.210664263,0.0119470289,5.28663871e-18,-6.66904334e-18,-4.47065713e-16,2.18929174e-15,6.46918489e-16,3.80815589e-19,0,0,0,-0.0180329885,0.557914263,-0.0597563002,
141.6,object_red_01,RED,-0.251218842,0.210664263,0.0119470289,1.83755875e-17,-9.1517832e-18,-4.47065713e-16,2.67782134e-15,7.6257549e-16,-2.0519113e-19,0,0,0,-0.0163492608,0.5591028,-0.0597563002,
141.64,object_red_01,RED,-0.251218842,0.210664263,0.0119470289,1.16618651e-17,-2.21588193e-18,-4.45281311e-16,2.89145486e-15,1.10432776e-15,1.30136352e-18,0,0,0,-0.0146671964,0.560286783,-0.0597563002,
141.68,object_red_01,RED,-0.251218842,0.210664263,0.0119470289,-5.06776751e-18,-4.27081858e-18,-4.47065713e-16,2.37465024e-15,1.52876861e-16,6.06691952e-19,0,0,0,-0.012992895,0.561471693,-0.0597563002,
141.72,object_red_01,RED,-0.251218842,0.210664263,0.0119470289,-5.51873247e-19,8.34501993e-18,-4.48850114e-16,1.1281929e-15,3.1310691e-16,-3.50637194e-19,0,0,0,-0.0113277295,0.562661864,-0.0597563002,
141.76,object_red_01,RED,-0.251218842,0.210664263,0.0119470289,-6.03707725e-18,1.95106082e-18,-4.45281311e-16,1.93858652e-15,-3.86189352e-17,-1.48976404e-19,0,0,0,-0.00966771308,0.563857667,-0.0597563002,
141.8,object_red_01,RED,-0.251218842,0.210664263,0.0119470289,-3.16879171e-18,1.24270234e-18,-4.52418916e-16,4.23830615e-16,-9.03807693e-16,-2.57684207e-18,0,0,0,-0.008010554,0.565056925,-0.0597563002,
141.84,object_red_01,RED,-0.251218842,0.210664263,0.0119470289,-2.65952291e-18,-6.88643011e-18,-4.55987719e-16,1.87009813e-15,3.72891976e-17,1.63112266e-18,0,0,0,-0.00635446651,0.566256078,-0.0597563002,
141.88,object_red_01,RED,-0.251218842,0.210664263,0.0119470289,4.8453305e-18,-4.65461024e-19,-4.52418916e-16,3.21457556e-15,7.41556985e-16,1.06414246e-18,0,0,0,-0.00469685046,0.567450473,-0.0597563002,
141.92,object_red_01,RED,-0.251218842,0.210664263,0.0119470289,-1.98340214e-18,-5.53636679e-18,-4.54203317e-16,2.763746e-15,1.00166021e-15,4.83528287e-19,0,0,0,-0.00303407761,0.568634587,-0.0597563002,
141.96,object_red_01,RED,-0.251218842,0.210664263,0.0119470289,6.75650435e-18,-4.57707689e-18,-4.50634515e-16,2.61624462e-15,1.0215687e-15,9.20934812e-19,0,0,0,-0.00136181529,0.569802319,-0.0597563002,
142,object_red_01,RED,-0.251218842,0.210664263,0.0119470289,-5.9861068e-18,-6.94437087e-18,-4.48850114e-16,2.05671329e-15,1.10955209e-16,7.28532919e-19,0,0,0,0.00032459812,0.570947289,-0.0597563002,
142.04,object_red_01,RED,-0.251218842,0.210664263,0.0119470289,1.21654705e-17,-8.05700775e-18,-4.54203317e-16,2.48476575e-15,1.42704962e-15,-1.03365883e-18,0,0,0,0.0020291131,0.572064966,-0.0597563002,
142.08,object_red_01,RED,-0.251218842,0.210664263,0.0119470289,1.50420333e-17,-5.14994983e-18,-4.41712509e-16,2.08074706e-15,1.52745541e-15,2.64848201e-18,0,0,0,0.00375089802,0.573156327,-0.0597563002,
142.12,object_red_01,RED,-0.251218842,0.210664263,0.0119470289,1.12758838e-17,-3.50974706e-18,-4.47065713e-16,2.2163101e-15,1.6601756e-15,1.23924752e-18,0,0,0,0.0054867221,0.574225018,-0.0597563002,
142.16,object_red_01,RED,-0.251218842,0.210664263,0.0119470289,3.66211915e-18,-2.36443682e-18,-4.47065713e-16,2.62032879e-15,1.3617121e-15,-1.3208655e-19,0,0,0,0.00723311867,0.575275168,-0.0597563002,
142.2,object_red_01,RED,-0.251218842,0.210664263,0.0119470289,8.09262703e-18,-2.51342735e-18,-4.48850114e-16,1.66463295e-15,9.50174265e-16,1.95788029e-18,0,0,0,0.00898634735,0.576311157,-0.0597563002,
142.24,object_red_01,RED,-0.251218842,0.210664263,0.0119470289,3.05308768e-18,-2.64455644e-18,-4.47065713e-16,1.88910523e-15,6.56803089e-16,-1.05324495e-18,0,0,0,0.010742024,0.577337836,-0.0597563002,
142.28,object_red_01,RED,-0.251218842,0.210664263,0.0119470289,3.06964219e-18,3.26148046e-18,-4.52418916e-16,2.60744794e-15,1.19131089e-15,-1.56222987e-18,0,0,0,0.0124950466,0.578360607,-0.0597563002,
142.32,object_red_01,RED,-0.251218842,0.210664263,0.0119470289,6.43891927e-18,1.4619574e-20,-4.50634515e-16,2.80144603e-15,7.95527429e-16,-8.95385865e-19,0,0,0,0.0142400325,0.579385276,-0.0597563002,
142.36,object_red_01,RED,-0.251218842,0.210664263,0.0119470289,2.38785804e-18,1.13510949e-19,-4.47065713e-16,1.77851847e-15,7.50857431e-16,-1.18452571e-19,0,0,0,0.0159765383,0.580416056,-0.0597563002,
142.4,object_red_01,RED,-0.251218842,0.210664263,0.0119470289,1.25597291e-17,-4.55442336e-18,-4.4349691e-16,1.73045092e-15,6.59421352e-16,-2.40662083e-18,0,0,0,0.0177085177,0.581452918,-0.0597563002,
142.44,object_red_01,RED,-0.251218842,0.210664263,0.0119470289,-2.69393885e-18,-1.13025503e-18,-4.48850114e-16,2.32893895e-15,1.40582801e-15,-4.66119028e-19,0,0,0,0.0194378275,0.582493442,-0.0597563002,
142.48,object_red_01,RED,-0.251218842,0.210664263,0.0119470289,9.96633542e-18,-3.02879518e-18,-4.48850114e-16,2.50078827e-15,1.39097994e-15,-1.26874903e-20,0,0,0,0.021165763,0.583533875,-0.0597563002,
142.52,object_red_01,RED,-0.251218842,0.210664263,0.0119470289,1.14758447e-17,1.19870221e-18,-4.48850114e-16,1.92492026e-15,1.19074515e-15,2.44463368e-18,0,0,0,0.0228943735,0.58456939,-0.0597563002,
142.56,object_red_01,RED,-0.251218842,0.210664263,0.0119470289,2.76817597e-18,1.67616894e-18,-4.47065713e-16,1.61530874e-15,1.40747432e-15,-2.41883037e-18,0,0,0,0.0246266644,0.585594318,-0.0597563002,
142.6,object_red_01,RED,-0.251218842,0.210664263,0.0119470289,2.66318557e-18,-2.9638841e-18,-4.48850114e-16,1.98743948e-15,1.07647367e-15,6.80305263e-19,0,0,0,0.026366282,0.586602441,-0.0597563002,
142.64,object_red_01,RED,-0.251218842,0.210664263,0.0119470289,2.61918544e-18,-2.25465432e-18,-4.48850114e-16,2.19337591e-15,1.20976022e-15,2.77815743e-18,0,0,0,0.0281171521,0.587587282,-0.0597563002,
142.68,object_red_01,RED,-0.251218842,0.210664263,0.0119470289,9.21310552e-18,7.69156412e-19,-4.50634515e-16,1.54996202e-15,6.29897636e-16,-6.45271331e-20,0,0,0,0.0298828458,0.588543928,-0.0597563002,
142.72,object_red_01,RED,-0.251218842,0.210664263,0.0119470289,8.57873409e-19,3.99292812e-18,-4.47065713e-16,9.17229796e-16,2.82389728e-16,-5.26228383e-20,0,0,0,0.0316628734,0.589473016,-0.0597563002,
142.76,object_red_01,RED,-0.251218842,0.210664263,0.0119470289,1.52092483e-18,1.20567253e-18,-4.45281311e-16,2.14562254e-15,2.90647041e-16,1.25618824e-18,0,0,0,0.0334544698,0.590378217,-0.0597563002,
142.8,object_red_01,RED,-0.251218842,0.210664263,0.0119470289,1.9949064e-18,-1.69223685e-18,-4.52418916e-16,1.5139899e-15,-2.24319744e-17,-5.40648053e-19,0,0,0,0.0352547243,0.591263808,-0.0597563002,
142.84,object_red_01,RED,-0.251218842,0.210664263,0.0119470289,-5.99358533e-19,-1.36681017e-18,-4.48850114e-16,1.23532382e-15,-1.04572517e-16,6.45508093e-19,0,0,0,0.0370605466,0.592134344,-0.0597563002,
142.88,object_red_01,RED,-0.251218842,0.210664263,0.0119470289,7.27448604e-18,2.04167495e-18,-4.4349691e-16,1.6974634e-15,3.75014365e-16,1.58754705e-19,0,0,0,0.0388682752,0.592994834,-0.0597563002,
142.92,object_red_01,RED,-0.251218842,0.210664263,0.0119470289,2.26239233e-18,7.86973142e-18,-4.55987719e-16,8.19209711e-16,5.09710986e-16,-1.81099911e-18,0,0,0,0.0406735722,0.593850832,-0.0597563002,
142.96,object_red_01,RED,-0.251218842,0.210664263,0.0119470289,-3.31436965e-19,7.38965083e-18,-4.50634515e-16,1.24113591e-15,2.17692814e-16,-8.99608328e-19,0,0,0,0.0424716631,0.594708319,-0.0597563002,
143,object_red_01,RED,-0.251218842,0.210664263,0.0119470289,4.17051666e-18,-2.84408177e-18,-4.48850114e-16,1.49655364e-15,-9.43915442e-17,7.81209126e-20,0,0,0,0.0442611832,0.59557215,-0.0597563002,
143.04,object_red_01,RED,-0.251218842,0.210664263,0.0119470289,2.78030146e-19,5.21710151e-19,-4.47065713e-16,1.48304446e-15,3.14367873e-16,-2.47008781e-19,0,0,0,0.0460460695,0.596442805,-0.0597563002,
143.08,object_red_01,RED,-0.251218842,0.210664263,0.0119470289,7.86863302e-19,-2.08170333e-18,-4.52418916e-16,2.29563725e-15,6.27815132e-17,1.49539335e-18,0,0,0,0.0478282099,0.59731807,-0.0597563002,
143.12,object_red_01,RED,-0.251218842,0.210664263,0.0119470289,1.16679641e-17,1.91491373e-19,-4.48850114e-16,1.55514577e-15,1.31742131e-15,7.34179828e-19,0,0,0,0.0496083854,0.598194365,-0.0597563002,
143.16,object_red_01,RED,-0.251218842,0.210664263,0.0119470289,-8.94725725e-19,-5.87791234e-18,-4.47065713e-16,1.42696566e-15,6.72010733e-16,5.12424182e-19,0,0,0,0.0513878834,0.599067026,-0.0597563002,
143.2,object_red_01,RED,-0.251218842,0.210664263,0.0119470289,2.09989681e-18,-5.26278184e-18,-4.48850114e-16,1.34135517e-15,7.57923733e-16,1.16680429e-18,0,0,0,0.0531688912,0.599930518,-0.0597563002,
143.24,object_red_01,RED,-0.251218842,0.210664263,0.0119470289,-5.20942464e-19,-5.19482125e-18,-4.50634515e-16,1.90779816e-15,5.57719008e-16,4.2306282e-20,0,0,0,0.0549542665,0.600778723,-0.0597563002,
143.28,object_red_01,RED,-0.251218842,0.210664263,0.0119470289,7.73714085e-18,-6.38935936e-18,-4.48850114e-16,1.14170208e-15,1.97687674e-15,1.44019608e-18,0,0,0,0.0567471475,0.60160523,-0.0597563002,
143.32,object_red_01,RED,-0.251218842,0.210664263,0.0119470289,1.55861537e-17,2.73827102e-18,-4.50634515e-16,1.86098729e-15,1.31254129e-15,1.00930131e-18,0,0,0,0.0585508649,0.602404103,-0.0597563002,
143.36,object_red_01,RED,-0.251218842,0.210664263,0.0119470289,1.56571638e-17,-4.63632458e-18,-4.48850114e-16,1.77192096e-15,2.02656789e-15,4.54123661e-19,0,0,0,0.0603662859,0.603174076,-0.0597563002,
143.4,object_red_01,RED,-0.251218842,0.210664263,0.0119470289,3.18683065e-18,-7.55164833e-19,-4.52418916e-16,1.20940505e-15,1.22314607e-15,-6.56587745e-19,0,0,0,0.0621913379,0.603918246,-0.0597563002,
143.44,object_red_01,RED,-0.251218842,0.210664263,0.0119470289,1.35865439e-17,-4.41371008e-18,-4.48850114e-16,1.12520831e-15,1.86626789e-15,1.98270634e-18,0,0,0,0.0640236314,0.604640847,-0.0597563002,
143.48,object_red_01,RED,-0.251218842,0.210664263,0.0119470289,2.82960189e-18,5.34343851e-19,-4.52418916e-16,1.26674052e-15,7.88366632e-16,1.03946903e-18,0,0,0,0.0658607853,0.605346411,-0.0597563002,
143.52,object_red_01,RED,-0.251218842,0.210664263,0.0119470289,2.22579816e-18,1.02095912e-18,-4.45281311e-16,-2.64037904e-16,-5.21808839e-17,1.3631234e-18,0,0,0,0.0677000209,0.606039865,-0.0597563002,
143.56,object_red_01,RED,-0.251218842,0.210664263,0.0119470289,3.73225797e-18,2.47253911e-19,-4.47065713e-16,2.70360064e-16,-9.25096106e-17,9.32686488e-19,0,0,0,0.0695379331,0.606726654,-0.0597563002,
143.6,object_red_01,RED,-0.251218842,0.210664263,0.0119470289,4.20014051e-18,1.12464259e-18,-4.47065713e-16,1.50348292e-16,-1.32448697e-16,7.45321027e-19,0,0,0,0.0713705715,0.607412693,-0.0597563002,
143.64,object_red_01,RED,-0.251218842,0.210664263,0.0119470289,2.95288937e-18,-1.12241342e-18,-4.47065713e-16,7.42552977e-16,-2.11950727e-16,1.21660901e-18,0,0,0,0.0731946405,0.608103861,-0.0597563002,
143.68,object_red_01,RED,-0.251218842,0.210664263,0.0119470289,6.1609053e-19,4.54750398e-18,-4.50634515e-16,1.17704586e-15,8.87315719e-16,1.35254181e-18,0,0,0,0.075012724,0.608802646,-0.0597563002,
143.72,object_red_01,RED,-0.251218842,0.210664263,0.0119470289,5.83075909e-18,-6.46733979e-18,-4.52418916e-16,2.09111457e-15,5.52596001e-16,4.55293741e-19,0,0,0,0.0768277727,0.60950769,-0.0597563002,
143.76,object_red_01,RED,-0.251218842,0.210664263,0.0119470289,5.66869922e-18,6.41162819e-18,-4.48850114e-16,1.6014854e-15,1.31568112e-15,-7.44445511e-19,0,0,0,0.0786404141,0.610216009,-0.0597563002,
143.8,object_red_01,RED,-0.251218842,0.210664263,0.0119470289,5.50663934e-18,4.12275028e-18,-4.48850114e-16,1.2403505e-15,5.43873573e-16,1.93056146e-18,0,0,0,0.0804510746,0.610923495,-0.0597563002,
143.84,object_red_01,RED,-0.251218842,0.210664263,0.0119470289,-2.09456414e-19,2.8458753e-18,-4.54203317e-16,5.57508648e-16,1.5513278e-15,2.91533378e-19,0,0,0,0.0822609186,0.611625093,-0.0597563002,
143.88,object_red_01,RED,-0.251218842,0.210664263,0.0119470289,5.27574758e-18,7.69808736e-18,-4.52418916e-16,1.01038029e-15,9.06119102e-16,1.98026443e-18,0,0,0,0.0840718687,0.612315047,-0.0597563002,
143.92,object_red_01,RED,-0.251218842,0.210664263,0.0119470289,5.15333139e-18,5.8470325e-18,-4.50634515e-16,1.05986159e-15,3.11175887e-16,1.52169472e-18,0,0,0,0.0858862831,0.612987204,-0.0597563002,
143.96,object_red_01,RED,-0.251218842,0.210664263,0.0119470289,3.58283179e-18,-3.12114045e-19,-4.47065713e-16,2.79156738e-16,1.13701462e-15,-2.23454556e-19,0,0,0,0.0877066721,0.613635257,-0.0597563002,
144,object_red_01,RED,-0.251218842,0.210664263,0.0119470289,5.99281897e-18,6.86687704e-18,-4.55987719e-16,8.02558863e-16,3.79148237e-16,7.60351174e-20,0,0,0,0.0895354632,0.614254444,-0.0597563002,
144.04,object_red_01,RED,-0.251218842,0.210664263,0.0119470289,8.52565798e-18,8.41167359e-18,-4.50634515e-16,1.98398365e-15,1.63583441e-15,2.4177953e-19,0,0,0,0.0913722323,0.614845415,-0.0597563002,
144.08,object_red_01,RED,-0.251218842,0.210664263,0.0119470289,-5.5060262e-18,-5.93323923e-18,-4.52418916e-16,1.35769185e-15,1.40113829e-16,1.42752288e-20,0,0,0,0.0932150631,0.615411839,-0.0597563002,
144.12,object_red_01,RED,-0.251218842,0.210664263,0.0119470289,6.96474257e-18,-9.12085242e-18,-4.54203317e-16,1.54697743e-15,7.53354199e-16,2.35369525e-19,0,0,0,0.0950621471,0.615958049,-0.0597563002,
144.16,object_red_01,RED,-0.251218842,0.210664263,0.0119470289,8.82189646e-18,6.00386464e-18,-4.52418916e-16,1.92963277e-15,1.36596194e-15,-1.05873924e-18,0,0,0,0.0969116222,0.616488672,-0.0597563002,
144.2,object_red_01,RED,-0.251218842,0.210664263,0.0119470289,3.64817852e-18,-2.82665598e-18,-4.41712509e-16,1.54163659e-15,1.01490554e-15,6.47412992e-20,0,0,0,0.0987611702,0.617008777,-0.0597563002,
144.24,object_red_01,RED,-0.251218842,0.210664263,0.0119470289,6.61099898e-18,-5.46797056e-18,-4.48850114e-16,1.68678172e-15,9.27953704e-16,2.67427465e-18,0,0,0,0.1006079,0.61752392,-0.0597563002,
144.28,object_red_01,RED,-0.251218842,0.210664263,0.0119470289,2.09466907e-18,-7.35997603e-18,-4.52418916e-16,1.86538563e-15,9.97499343e-16,-1.7978288e-20,0,0,0,0.102448493,0.618040059,-0.0597563002,
144.32,object_red_01,RED,-0.251218842,0.210664263,0.0119470289,5.89044243e-18,-4.03339215e-18,-4.48850114e-16,2.41470652e-15,2.34006906e-15,1.01850933e-18,0,0,0,0.104280914,0.618562715,-0.0597563002,
144.36,object_red_01,RED,-0.251218842,0.210664263,0.0119470289,1.06262648e-18,-4.02292524e-19,-4.45281311e-16,1.7221255e-15,1.53031973e-15,2.47739593e-18,0,0,0,0.106108575,0.619093334,-0.0597563002,
144.4,object_red_01,RED,-0.251218842,0.210664263,0.0119470289,4.04897176e-18,3.63571079e-19,-4.45281311e-16,1.70814507e-15,1.61749737e-15,2.4506367e-18,0,0,0,0.10793365,0.619630144,-0.0597563002,
144.44,object_red_01,RED,-0.251218842,0.210664263,0.0119470289,3.32580135e-18,6.14675614e-18,-4.48850114e-16,1.44989985e-15,1.97599867e-15,1.24937125e-18,0,0,0,0.109756231,0.620170046,-0.0597563002,
144.48,object_red_01,RED,-0.251218842,0.210664263,0.0119470289,-2.51278317e-19,1.11505726e-17,-4.47065713e-16,7.59360908e-16,1.21492373e-15,-1.00476293e-18,0,0,0,0.111576354,0.620708917,-0.0597563002,
144.52,object_red_01,RED,-0.251218842,0.210664263,0.0119470289,8.80359938e-18,6.93354212e-19,-4.48850114e-16,1.54163659e-15,8.27329469e-16,-4.02731202e-19,0,0,0,0.113394759,0.621241765,-0.0597563002,
144.56,object_red_01,RED,-0.251218842,0.210664263,0.0119470289,5.20865828e-18,-2.32174363e-18,-4.45281311e-16,1.48807113e-15,2.07668426e-15,-1.5961622e-18,0,0,0,0.115212841,0.621762984,-0.0597563002,
144.6,object_red_01,RED,-0.251218842,0.210664263,0.0119470289,5.88129389e-18,6.55888757e-19,-4.47065713e-16,1.03142948e-15,1.71797618e-15,-3.02918268e-19,0,0,0,0.117032338,0.622266639,-0.0597563002,
144.64,object_red_01,RED,-0.251218842,0.210664263,0.0119470289,7.50450651e-18,7.48681105e-19,-4.50634515e-16,1.76987888e-15,1.94321424e-15,-4.4866957e-19,0,0,0,0.118855082,0.622746693,-0.0597563002,
144.68,object_red_01,RED,-0.251218842,0.210664263,0.0119470289,6.73123695e-18,2.0020427e-19,-4.45281311e-16,1.00708154e-15,1.48948477e-15,-1.60219349e-19,0,0,0,0.120683016,0.623198398,-0.0597563002,
144.72,object_red_01,RED,-0.251218842,0.210664263,0.0119470289,8.11528056e-18,3.91712592e-18,-4.52418916e-16,5.93009513e-16,2.09319582e-15,3.28111104e-19,0,0,0,0.122515906,0.623622137,-0.0597563002,
144.76,object_red_01,RED,-0.251218842,0.210664263,0.0119470289,1.67296488e-18,1.12682081e-18,-4.52418916e-16,4.01996012e-16,1.82804935e-15,3.556843e-19,0,0,0,0.124352256,0.624021404,-0.0597563002,
144.8,object_red_01,RED,-0.251218842,0.210664263,0.0119470289,2.74465115e-18,8.27313853e-18,-4.54203317e-16,1.27333802e-15,2.02838478e-15,3.39987703e-18,0,0,0,0.126190766,0.6244004,-0.0597563002,
144.84,object_red_01,RED,-0.251218842,0.210664263,0.0119470289,4.81178585e-18,9.22371554e-18,-4.50634515e-16,4.18803944e-16,2.15432031e-15,5.95449007e-19,0,0,0,0.128030162,0.624763619,-0.0597563002,
144.88,object_red_01,RED,-0.251218842,0.210664263,0.0119470289,1.50785549e-18,7.60573066e-18,-4.47065713e-16,2.6156339e-16,9.9424661e-16,-5.08750648e-19,0,0,0,0.129868786,0.625115961,-0.0597563002,
144.92,object_red_01,RED,-0.251218842,0.210664263,0.0119470289,7.34854566e-18,7.01020418e-18,-4.4349691e-16,5.45727388e-16,1.50146177e-15,1.78188212e-19,0,0,0,0.131704458,0.62546279,-0.0597563002,
144.96,object_red_01,RED,-0.251218842,0.210664263,0.0119470289,1.00250749e-18,8.16814813e-18,-4.48850114e-16,2.29989612e-16,1.52569251e-15,-8.17499218e-19,0,0,0,0.133534594,0.625809845,-0.0597563002,
145,object_red_01,RED,-0.251218842,0.210664263,0.0119470289,6.57832561e-18,-1.5410681e-18,-4.50634515e-16,1.11703997e-15,9.52895e-16,6.30624884e-20,0,0,0,0.135356982,0.626162816,-0.0597563002,
145.04,object_red_01,RED,-0.251218842,0.210664263,0.0119470289,6.17361157e-18,9.15706188e-18,-4.48850114e-16,5.63949071e-16,1.23966683e-15,1.99961879e-19,0,0,0,0.137174054,0.62652418,-0.0597563002,
145.08,object_red_01,RED,-0.251218842,0.210664263,0.0119470289,1.25732341e-17,1.64654509e-18,-4.52418916e-16,2.14909599e-16,1.74687647e-15,8.89393518e-19,0,0,0,0.13898858,0.626892633,-0.0597563002,
145.12,object_red_01,RED,-0.251218842,0.210664263,0.0119470289,2.64706671e-18,8.54280268e-18,-4.45281311e-16,3.79218909e-16,1.11844687e-15,2.81590523e-18,0,0,0,0.14080064,0.627265491,-0.0597563002,
145.16,object_red_01,RED,-0.251218842,0.210664263,0.0119470289,-1.27199414e-18,4.31094884e-18,-4.48850114e-16,-2.0277535e-16,6.15479705e-16,5.20919982e-19,0,0,0,0.142609769,0.627639106,-0.0597563002,
145.2,object_red_01,RED,-0.251218842,0.210664263,0.0119470289,-6.96507329e-19,2.50432975e-18,-4.52418916e-16,-5.65324001e-16,9.6838429e-16,-8.36983598e-19,0,0,0,0.144416021,0.628008968,-0.0597563002,
145.24,object_red_01,RED,-0.251218842,0.210664263,0.0119470289,1.18905786e-17,9.15968718e-19,-4.48850114e-16,5.78714917e-16,9.37919914e-16,-8.26808987e-19,0,0,0,0.14622009,0.628369927,-0.0597563002,
145.28,object_red_01,RED,-0.251218842,0.210664263,0.0119470289,1.29644431e-17,4.62853392e-18,-4.47065713e-16,2.49625046e-16,6.4243486e-16,-7.94301105e-19,0,0,0,0.148023066,0.628716464,-0.0597563002,
145.32,object_red_01,RED,-0.251218842,0.210664263,0.0119470289,1.22364806e-17,7.09428363e-18,-4.45281311e-16,1.37467448e-16,7.25663942e-16,3.02471085e-19,0,0,0,0.149826142,0.629042929,-0.0597563002,
145.36,object_red_01,RED,-0.251218842,0.210664263,0.0119470289,8.10482508e-18,5.88580489e-18,-4.48850114e-16,-1.6884532e-16,3.63154562e-16,3.14985856e-19,0,0,0,0.151630675,0.629343843,-0.0597563002,
145.4,object_red_01,RED,-0.251218842,0.210664263,0.0119470289,9.18653118e-18,5.79170561e-18,-4.47065713e-16,-2.16598695e-16,1.33315139e-17,8.92112386e-20,0,0,0,0.153437579,0.629616847,-0.0597563002,
145.44,object_red_01,RED,-0.251218842,0.210664263,0.0119470289,1.0619367e-17,1.40371552e-17,-4.45281311e-16,-9.23945564e-16,1.57543344e-16,-1.5011822e-18,0,0,0,0.155245936,0.629864182,-0.0597563002,
145.48,object_red_01,RED,-0.251218842,0.210664263,0.0119470289,1.29491955e-17,8.58418894e-18,-4.48850114e-16,-1.09310685e-16,7.83777463e-16,-1.19604562e-18,0,0,0,0.157054748,0.630089626,-0.0597563002,
145.52,object_red_01,RED,-0.251218842,0.210664263,0.0119470289,-2.12070283e-19,1.09397205e-17,-4.45281311e-16,-5.27466884e-16,6.32005991e-16,-4.7547967e-19,0,0,0,0.158863283,0.630297311,-0.0597563002,
145.56,object_red_01,RED,-0.251218842,0.210664263,0.0119470289,-2.0169468e-18,1.16193264e-17,-4.45281311e-16,-1.00452938e-15,4.1870075e-16,-4.01408502e-19,0,0,0,0.160670675,0.630491683,-0.0597563002,
145.6,object_red_01,RED,-0.251218842,0.210664263,0.0119470289,1.41811265e-18,1.25733886e-17,-4.45281311e-16,-7.75972935e-16,3.1618415e-16,-3.22250029e-19,0,0,0,0.162475622,0.630677606,-0.0597563002,
145.64,object_red_01,RED,-0.251218842,0.210664263,0.0119470289,8.5351696e-19,1.39665808e-17,-4.47065713e-16,-5.9155694e-16,4.74321798e-16,-5.68475614e-19,0,0,0,0.16427638,0.630860345,-0.0597563002,
145.68,object_red_01,RED,-0.251218842,0.210664263,0.0119470289,-2.44126486e-18,1.23451107e-17,-4.47065713e-16,-5.55898992e-16,1.88497378e-16,5.1588355e-19,0,0,0,0.16607094,0.631045431,-0.0597563002,
145.72,object_red_01,RED,-0.251218842,0.210664263,0.0119470289,-1.24070028e-19,4.15847315e-18,-4.48850114e-16,-2.92627095e-16,9.33487828e-16,4.32553486e-19,0,0,0,0.167858276,0.631237909,-0.0597563002,
145.76,object_red_01,RED,-0.251218842,0.210664263,0.0119470289,6.71293986e-18,3.50500592e-18,-4.52418916e-16,-4.33373885e-16,5.82233234e-16,6.79949151e-19,0,0,0,0.169641672,0.631438907,-0.0597563002,
145.8,object_red_01,RED,-0.251218842,0.210664263,0.0119470289,8.22593434e-18,8.41559439e-18,-4.55987719e-16,1.14847428e-16,4.11117178e-16,1.38965086e-19,0,0,0,0.171422905,0.631646718,-0.0597563002,
145.84,object_red_01,RED,-0.251218842,0.210664263,0.0119470289,7.36422888e-18,5.03150539e-18,-4.54203317e-16,-2.29636624e-16,-6.60458753e-18,7.28990776e-19,0,0,0,0.173201491,0.631858641,-0.0597563002,
145.88,object_red_01,RED,-0.251218842,0.210664263,0.0119470289,1.02272867e-17,1.28322874e-19,-4.45281311e-16,-4.40599725e-16,4.13911625e-17,-1.70343087e-19,0,0,0,0.174976689,0.632071126,-0.0597563002,
145.92,object_red_01,RED,-0.251218842,0.210664263,0.0119470289,6.76826676e-18,5.35518949e-18,-4.45281311e-16,-5.33278972e-16,-4.10552096e-16,2.04370313e-18,0,0,0,0.176748278,0.632279865,-0.0597563002,
145.96,object_red_01,RED,-0.251218842,0.210664263,0.0119470289,6.81183124e-18,1.21495062e-17,-4.47065713e-16,-2.71892077e-16,-7.46315481e-17,9.04757181e-19,0,0,0,0.178516573,0.632480016,-0.0597563002,
146,object_red_01,RED,-0.251218842,0.210664263,0.0119470289,1.20892327e-17,1.39430559e-17,-4.47065713e-16,-3.55460484e-16,2.74937467e-16,1.04709999e-18,0,0,0,0.180282186,0.632666461,-0.0597563002,
146.04,object_red_01,RED,-0.251218842,0.210664263,0.0119470289,8.84977773e-18,1.22383777e-17,-4.54203317e-16,-2.56497897e-16,1.25722283e-16,9.57512539e-19,0,0,0,0.182045778,0.63283401,-0.0597563002,
146.08,object_red_01,RED,-0.251218842,0.210664263,0.0119470289,9.81865183e-18,1.24235268e-17,-4.48850114e-16,-7.32932064e-16,1.34042184e-16,1.20516257e-18,0,0,0,0.183808126,0.632977595,-0.0597563002,
146.12,object_red_01,RED,-0.251218842,0.210664263,0.0119470289,9.31286818e-18,1.24710121e-17,-4.54203317e-16,-7.41257488e-16,-1.91886996e-16,8.82678275e-19,0,0,0,0.185570011,0.633094637,-0.0597563002,
146.16,object_red_01,RED,-0.251218842,0.210664263,0.0119470289,9.15864992e-18,7.1940463e-18,-4.48850114e-16,4.29799787e-16,-5.18174522e-16,1.73052861e-18,0,0,0,0.187330829,0.633186979,-0.0597563002,
146.2,object_red_01,RED,-0.251218842,0.210664263,0.0119470289,7.79421032e-18,8.50533722e-18,-4.4349691e-16,-2.10297743e-17,-2.03742503e-16,1.72238892e-18,0,0,0,0.189089949,0.633258084,-0.0597563002,
146.24,object_red_01,RED,-0.251218842,0.210664263,0.0119470289,1.07121594e-17,6.28572684e-18,-4.4349691e-16,1.33540361e-16,-1.83870216e-16,1.34272331e-18,0,0,0,0.190847065,0.633311777,-0.0597563002,
146.28,object_red_01,RED,-0.251218842,0.210664263,0.0119470289,1.05226539e-17,9.94645031e-18,-4.47065713e-16,-1.62404898e-16,-8.72798355e-17,2.21468747e-18,0,0,0,0.192601819,0.63335216,-0.0597563002,
146.32,object_red_01,RED,-0.251218842,0.210664263,0.0119470289,1.11395269e-17,9.37270607e-18,-4.4349691e-16,-3.1320503e-16,-1.55272434e-16,1.41201241e-18,0,0,0,0.194353487,0.633383708,-0.0597563002,
146.36,object_red_01,RED,-0.251218842,0.210664263,0.0119470289,1.04764755e-17,8.36244572e-18,-4.45281311e-16,-4.64772966e-17,-1.78428747e-16,-4.17077403e-19,0,0,0,0.196100945,0.633411267,-0.0597563002,
146.4,object_red_01,RED,-0.251218842,0.210664263,0.0119470289,7.91619087e-18,9.30387419e-18,-4.48850114e-16,-3.16346699e-16,-6.15874839e-17,4.47459291e-19,0,0,0,0.197842806,0.633439929,-0.0597563002,
146.44,object_red_01,RED,-0.251218842,0.210664263,0.0119470289,8.29825138e-18,1.02875602e-17,-4.52418916e-16,1.38724115e-16,-1.62120905e-16,-6.11921203e-19,0,0,0,0.199587876,0.633471615,-0.0597563002,
146.48,object_red_01,RED,-0.251218842,0.210664263,0.0119470289,5.8852147e-18,6.7645005e-18,-4.52418916e-16,2.35819314e-17,3.42420237e-17,1.00385789e-18,0,0,0,0.201480161,0.633467916,-0.0597563002,
146.52,object_red_01,RED,-0.251218842,0.210664263,0.0119470289,5.35416365e-18,-1.4905333e-18,-4.48850114e-16,-3.03780022e-16,-3.43652332e-16,-1.28881548e-19,0,0,0,0.20363192,0.633405192,-0.0597563002,
146.56,object_red_01,RED,-0.251218842,0.210664263,0.0119470289,7.1058915e-18,-1.91223749e-18,-4.52418916e-16,-5.32022305e-16,2.89909485e-16,1.26524365e-18,0,0,0,0.205981073,0.633306622,-0.0597563002,
146.6,object_red_01,RED,-0.251218842,0.210664263,0.0119470289,1.40910206e-17,-1.89655428e-18,-4.52418916e-16,-8.45403829e-16,1.37343392e-16,9.32686488e-19,0,0,0,0.208402339,0.633202355,-0.0597563002,
146.64,object_red_01,RED,-0.251218842,0.210664263,0.0119470289,1.64282551e-17,-6.00946564e-19,-4.54203317e-16,-6.41666567e-16,5.9295234e-16,1.12997219e-18,0,0,0,0.210757608,0.633118586,-0.0597563002,
146.68,object_red_01,RED,-0.251218842,0.210664263,0.0119470289,1.25793331e-17,4.73353575e-19,-4.52418916e-16,-1.0405015e-15,2.43912868e-16,3.07711009e-19,0,0,0,0.212905255,0.633081156,-0.0597563002,
146.72,object_red_01,RED,-0.251218842,0.210664263,0.0119470289,1.37063462e-17,-1.40905629e-19,-4.52418916e-16,-9.35883908e-16,5.71223278e-16,4.98332346e-19,0,0,0,0.214699436,0.633119815,-0.0597563002,
146.76,object_red_01,RED,-0.251218842,0.210664263,0.0119470289,9.44530421e-18,-4.39322334e-19,-4.50634515e-16,-1.16962411e-15,2.31969002e-16,1.90130945e-18,0,0,0,0.215989947,0.633269179,-0.0597563002,
146.8,object_red_01,RED,-0.251218842,0.210664263,0.0119470289,5.48565582e-19,1.72191165e-18,-4.50634515e-16,-7.6717626e-16,4.04319022e-16,1.03809546e-18,0,0,0,0.216624142,0.6335668,-0.0597563002,
146.84,object_red_01,RED,-0.251218842,0.210664263,0.0119470289,1.10227016e-18,4.45472307e-19,-4.50634515e-16,-3.3582505e-16,3.79470994e-16,5.42105769e-20,0,0,0,0.216586999,0.633984821,-0.0597563002,
146.88,object_red_01,RED,-0.251218842,0.210664263,0.0119470289,1.1982064e-17,3.57732296e-18,-4.47065713e-16,-1.07914403e-15,3.01164271e-16,4.62568588e-19,0,0,0,0.216266226,0.634320396,-0.0597563002,
146.92,object_red_01,RED,-0.251218842,0.210664263,0.0119470289,1.13129136e-17,1.52848534e-18,-4.45281311e-16,-1.03688858e-15,-3.29128247e-16,-7.80260142e-19,0,0,0,0.215956306,0.634439455,-0.0597563002,
146.96,object_red_01,RED,-0.251218842,0.210664263,0.0119470289,8.64197515e-18,1.58424788e-18,-4.41712509e-16,-5.50401071e-16,1.26397864e-16,5.88174161e-19,0,0,0,0.215772415,0.634308092,-0.0597563002,
147,object_red_01,RED,-0.251218842,0.210664263,0.0119470289,1.16588156e-17,9.63018359e-19,-4.45281311e-16,-1.1308245e-15,-3.01048349e-16,1.14711641e-18,0,0,0,0.215734128,0.633947448,-0.0597563002,
147.04,object_red_01,RED,-0.251218842,0.210664263,0.0119470289,6.89983149e-18,7.58700936e-19,-4.4349691e-16,-1.03186191e-15,2.24644985e-16,1.4397891e-18,0,0,0,0.215819077,0.63340282,-0.0597563002,
147.08,object_red_01,RED,-0.251218842,0.210664263,0.0119470289,1.22669757e-17,3.1229454e-18,-4.45281311e-16,-6.70727009e-16,9.9259854e-17,3.78933286e-19,0,0,0,0.215991658,0.632726389,-0.0597563002,
147.12,object_red_01,RED,-0.251218842,0.210664263,0.0119470289,1.25797687e-17,1.15034563e-18,-4.47065713e-16,-7.53806552e-17,-2.4081727e-16,4.4094754e-19,0,0,0,0.216215529,0.631969777,-0.0597563002,
147.16,object_red_01,RED,-0.251218842,0.210664263,0.0119470289,1.3344761e-17,2.42242852e-18,-4.48850114e-16,-4.67618082e-16,1.89752819e-16,1.43034931e-19,0,0,0,0.216457006,0.631182361,-0.0597563002,
147.2,object_red_01,RED,-0.251218842,0.210664263,0.0119470289,1.25179072e-17,-2.45460387e-19,-4.48850114e-16,-1.19835277e-16,1.02280643e-16,2.34809922e-19,0,0,0,0.216684597,0.630411973,-0.0597563002,
147.24,object_red_01,RED,-0.251218842,0.210664263,0.0119470289,1.15708153e-17,3.48845141e-18,-4.41712509e-16,-3.55146317e-16,1.04364077e-15,2.46661084e-18,0,0,0,0.216867738,0.629705938,-0.0597563002,
147.28,object_red_01,RED,-0.251218842,0.210664263,0.0119470289,1.32201666e-17,3.49890689e-18,-4.47065713e-16,3.92902784e-17,1.15233272e-15,3.4620439e-18,0,0,0,0.217004601,0.629089387,-0.0597563002,
147.32,object_red_01,RED,-0.251218842,0.210664263,0.0119470289,9.77203783e-18,7.95947426e-18,-4.48850114e-16,3.02090925e-16,6.82981418e-16,2.87870518e-19,0,0,0,0.217213292,0.628482968,-0.0597563002,
147.36,object_red_01,RED,-0.251218842,0.210664263,0.0119470289,1.00076491e-18,8.97670493e-18,-4.50634515e-16,-3.75410084e-16,1.35185948e-16,9.92411454e-19,0,0,0,0.217566438,0.627821028,-0.0597563002,
147.4,object_red_01,RED,-0.251218842,0.210664263,0.0119470289,7.98981485e-18,3.84917676e-19,-4.45281311e-16,-8.51687168e-16,3.54797845e-16,2.16941045e-18,0,0,0,0.218060592,0.627088349,-0.0597563002,
147.44,object_red_01,RED,-0.251218842,0.210664263,0.0119470289,9.3577396e-18,1.63610104e-19,-4.47065713e-16,-4.60863492e-16,-1.23417624e-16,2.68439839e-18,0,0,0,0.218642904,0.626305204,-0.0597563002,
147.48,object_red_01,RED,-0.251218842,0.210664263,0.0119470289,-5.86289188e-19,7.56478005e-18,-4.45281311e-16,-1.08211101e-16,-2.52198458e-16,-8.5967298e-19,0,0,0,0.219229981,0.625515086,-0.0597563002,
147.52,object_red_01,RED,-0.251218842,0.210664263,0.0119470289,-3.35960415e-18,7.4214529e-18,-4.48850114e-16,-2.04817435e-16,-4.8818876e-16,-1.61997078e-18,0,0,0,0.219723435,0.624773846,-0.0597563002,
147.56,object_red_01,RED,-0.251218842,0.210664263,0.0119470289,1.93696564e-18,5.60481398e-18,-4.45281311e-16,-1.31616538e-16,5.86550041e-17,-7.2694518e-19,0,0,0,0.220020485,0.624141821,-0.0597563002,
147.6,object_red_01,RED,-0.251218842,0.210664263,0.0119470289,6.71991018e-18,5.26849617e-18,-4.50634515e-16,-3.48391727e-16,6.79197915e-16,1.25178488e-19,0,0,0,0.220019353,0.623679411,-0.0597563002,
147.64,object_red_01,RED,-0.251218842,0.210664263,0.0119470289,3.61245564e-18,6.5623613e-18,-4.45281311e-16,-1.6790282e-16,-9.6120076e-17,6.02062504e-19,0,0,0,0.219620816,0.623445188,-0.0597563002,
147.68,object_red_01,RED,-0.251218842,0.210664263,0.0119470289,1.35638904e-17,6.22081576e-18,-4.47065713e-16,-1.08495612e-15,-4.59910668e-16,1.22505393e-18,0,0,0,0.21872773,0.623495252,-0.0597563002,
147.72,object_red_01,RED,-0.251218842,0.210664263,0.0119470289,3.26873187e-18,7.87190965e-18,-4.52418916e-16,9.45836601e-17,-5.90942213e-16,1.36268814e-19,0,0,0,0.21726878,0.623862051,-0.0597563002,
147.76,object_red_01,RED,-0.251218842,0.210664263,0.0119470289,2.78516612e-18,6.27832088e-18,-4.52418916e-16,-1.28946119e-16,4.3751211e-16,5.80644948e-19,0,0,0,0.215290581,0.624476838,-0.0597563002,
147.8,object_red_01,RED,-0.251218842,0.210664263,0.0119470289,1.19110539e-17,7.30165057e-18,-4.47065713e-16,-8.71322602e-16,3.64848119e-16,-3.092774e-19,0,0,0,0.212852789,0.625275191,-0.0597563002,
147.84,object_red_01,RED,-0.251218842,0.210664263,0.0119470289,5.70616467e-18,7.44802723e-18,-4.50634515e-16,-8.71322602e-16,4.07424489e-16,1.06864189e-19,0,0,0,0.210008965,0.626217179,-0.0597563002,
147.88,object_red_01,RED,-0.251218842,0.210664263,0.0119470289,-8.06289825e-19,3.52243171e-18,-4.52418916e-16,-9.24416815e-16,-6.28361827e-16,1.4802049e-19,0,0,0,0.206814167,0.627270724,-0.0597563002,
147.92,object_red_01,RED,-0.251218842,0.210664263,0.0119470289,1.34231045e-18,6.56976726e-18,-4.52418916e-16,-7.47540827e-16,-1.57813996e-16,-1.19673525e-19,0,0,0,0.203323642,0.628407417,-0.0597563002,
147.96,object_red_01,RED,-0.251218842,0.210664263,0.0119470289,-1.65891932e-19,4.60370217e-18,-4.50634515e-16,-3.39752137e-16,-5.3458545e-16,-9.08918097e-19,0,0,0,0.199591088,0.629601981,-0.0597563002,
148,object_red_01,RED,-0.251218842,0.210664263,0.0119470289,-1.02672611e-18,4.22381988e-18,-4.52418916e-16,-5.47851074e-18,-3.82137782e-16,-1.73631746e-18,0,0,0,0.19566788,0.630832234,-0.0597563002,
148.04,object_red_01,RED,-0.251218842,0.210664263,0.0119470289,-2.86166211e-18,6.33800422e-18,-4.50634515e-16,-2.19269114e-16,-4.10936214e-16,1.3253756e-18,0,0,0,0.191603261,0.63207876,-0.0597563002,
148.08,object_red_01,RED,-0.251218842,0.210664263,0.0119470289,1.14147819e-18,6.20643948e-18,-4.48850114e-16,-1.59734479e-16,2.56767327e-16,1.39893804e-18,0,0,0,0.187444986,0.633324393,-0.0597563002,
148.12,object_red_01,RED,-0.251218842,0.210664263,0.0119470289,1.4982713e-18,3.31462913e-18,-4.52418916e-16,8.1859899e-17,7.62158237e-16,2.38160196e-18,0,0,0,0.183239936,0.634553769,-0.0597563002,
148.16,object_red_01,RED,-0.251218842,0.210664263,0.0119470289,6.34002789e-18,6.39769899e-19,-4.52418916e-16,-2.91998761e-16,1.09526662e-15,-4.78888165e-19,0,0,0,0.179034504,0.635753049,-0.0597563002,
148.2,object_red_01,RED,-0.251218842,0.210664263,0.0119470289,1.20762364e-19,4.39589958e-18,-4.48850114e-16,-3.16503783e-16,7.98628601e-16,-1.8087381e-19,0,0,0,0.174874736,0.636909789,-0.0597563002,
148.24,object_red_01,RED,-0.251218842,0.210664263,0.0119470289,1.22765599e-17,3.68971932e-18,-4.52418916e-16,3.40733459e-16,9.39140379e-16,-5.12922239e-19,0,0,0,0.170806317,0.638012894,-0.0597563002,
148.28,object_red_01,RED,-0.251218842,0.210664263,0.0119470289,1.22473717e-17,2.07696218e-18,-4.55987719e-16,-1.05540682e-16,4.9288526e-16,1.68703215e-18,0,0,0,0.166874022,0.639052685,-0.0597563002,
148.32,object_red_01,RED,-0.251218842,0.210664263,0.0119470289,1.14636467e-17,3.28152012e-18,-4.48850114e-16,-5.37363143e-16,-3.50294631e-16,2.07468482e-18,0,0,0,0.163082599,0.640030746,-0.0597563002,
148.36,object_red_01,RED,-0.251218842,0.210664263,0.0119470289,3.98188245e-18,-6.05609107e-18,-4.52418916e-16,1.57572371e-15,-4.79303727e-16,1.34313029e-18,0,0,0,0.159366677,0.640966099,-0.0597563002,
148.4,object_red_01,RED,-0.251218842,0.210664263,0.0119470289,1.01423359e-17,-2.07525693e-17,-4.54203317e-16,2.38486066e-15,3.94993418e-16,-7.08630881e-19,0,0,0,0.155684113,0.641870476,-0.0597563002,
148.44,object_red_01,RED,-0.251218842,0.210664263,0.0119470289,5.2369752e-18,9.07691466e-19,-4.50634515e-16,-5.46159817e-16,6.32226969e-17,3.85712405e-18,0,0,0,0.15201779,0.642748643,-0.0597563002,
148.48,object_red_01,RED,-0.251218842,0.210664263,0.0119470289,5.04311325e-18,2.83585546e-18,-4.48850114e-16,9.70969957e-17,-1.11171863e-16,3.38532733e-18,0,0,0,0.148361156,0.643602501,-0.0597563002,
148.52,object_red_01,RED,-0.251218842,0.210664263,0.0119470289,3.67562414e-18,4.20378022e-18,-4.47065713e-16,-1.59263229e-16,-1.72791536e-16,2.58616252e-18,0,0,0,0.144711792,0.644432854,-0.0597563002,
148.56,object_red_01,RED,-0.251218842,0.210664263,0.0119470289,3.5906734e-18,8.55500073e-18,-4.47065713e-16,-1.01112689e-15,-1.23162977e-16,2.07682149e-18,0,0,0,0.141068884,0.645240092,-0.0597563002,
148.6,object_red_01,RED,-0.251218842,0.210664263,0.0119470289,1.30968791e-17,4.25910711e-18,-4.48850114e-16,2.77114653e-16,8.77204698e-16,1.44589387e-18,0,0,0,0.13743223,0.64602445,-0.0597563002,
148.64,object_red_01,RED,-0.251218842,0.210664263,0.0119470289,1.13691118e-17,3.53245154e-18,-4.50634515e-16,1.95588332e-16,6.12621522e-16,1.38744073e-18,0,0,0,0.133801864,0.646786108,-0.0597563002,
148.68,object_red_01,RED,-0.251218842,0.210664263,0.0119470289,-5.1963553e-19,4.43162246e-18,-4.45281311e-16,-9.50806838e-16,-2.21552455e-16,1.61163828e-18,0,0,0,0.13017791,0.647525228,-0.0597563002,
148.72,object_red_01,RED,-0.251218842,0.210664263,0.0119470289,2.23276848e-18,6.67693589e-18,-4.41712509e-16,-2.83045004e-16,-3.29063818e-16,4.06087063e-18,0,0,0,0.12656052,0.648241964,-0.0597563002,
148.76,object_red_01,RED,-0.251218842,0.210664263,0.0119470289,3.76144617e-18,5.3922193e-18,-4.45281311e-16,4.24319478e-17,8.03776152e-16,1.83573408e-18,0,0,0,0.122949861,0.648936469,-0.0597563002,
148.8,object_red_01,RED,-0.251218842,0.210664263,0.0119470289,-1.47413334e-18,5.98469626e-18,-4.50634515e-16,8.92724775e-16,5.82035652e-16,3.16153677e-18,0,0,0,0.119346101,0.649608896,-0.0597563002,
148.84,object_red_01,RED,-0.251218842,0.210664263,0.0119470289,5.54976818e-18,3.31027268e-18,-4.47065713e-16,-1.7259771e-17,5.33324436e-16,1.19921042e-18,0,0,0,0.11574941,0.650259397,-0.0597563002,
148.88,object_red_01,RED,-0.251218842,0.210664263,0.0119470289,1.27609244e-18,4.30964191e-18,-4.54203317e-16,-2.58993619e-17,3.07412634e-16,7.30567841e-19,0,0,0,0.112159956,0.650888127,-0.0597563002,
148.92,object_red_01,RED,-0.251218842,0.210664263,0.0119470289,5.92572966e-18,4.57146445e-18,-4.52418916e-16,-7.63720424e-16,3.37867192e-16,1.88141809e-18,0,0,0,0.108577906,0.65149524,-0.0597563002,
148.96,object_red_01,RED,-0.251218842,0.210664263,0.0119470289,5.40774797e-18,2.96916278e-18,-4.52418916e-16,2.3171753e-16,-1.26219969e-16,2.22842319e-18,0,0,0,0.105003425,0.652080892,-0.0597563002,
149,object_red_01,RED,-0.251218842,0.210664263,0.0119470289,5.20038103e-18,3.76203636e-18,-4.50634515e-16,-5.63559421e-18,-2.81631973e-16,3.27371185e-18,0,0,0,0.101436675,0.652645241,-0.0597563002,
149.04,object_red_01,RED,-0.251218842,0.210664263,0.0119470289,1.01087913e-17,4.66992018e-18,-4.48850114e-16,-1.1088152e-16,4.94711356e-16,2.12922074e-18,0,0,0,0.0978778163,0.653188443,-0.0597563002,
149.08,object_red_01,RED,-0.251218842,0.210664263,0.0119470289,9.32985833e-18,-9.15134756e-18,-4.52418916e-16,1.05907617e-15,6.40960976e-16,2.21962216e-18,0,0,0,0.0943270083,0.653710658,-0.0597563002,
149.12,object_red_01,RED,-0.251218842,0.210664263,0.0119470289,6.35919627e-18,-1.96364472e-17,-4.54203317e-16,1.9701603e-15,1.42941945e-16,1.55735673e-18,0,0,0,0.0907844072,0.654212046,-0.0597563002,
149.16,object_red_01,RED,-0.251218842,0.210664263,0.0119470289,1.15159241e-17,4.40679071e-18,-4.45281311e-16,1.34088392e-15,4.21652202e-16,2.90058059e-19,0,0,0,0.0872501674,0.654692766,-0.0597563002,
149.2,object_red_01,RED,-0.251218842,0.210664263,0.0119470289,1.21733121e-17,6.95357036e-18,-4.50634515e-16,-3.5483215e-16,2.95396976e-16,2.69553958e-18,0,0,0,0.0837244414,0.65515298,-0.0597563002,
149.24,object_red_01,RED,-0.251218842,0.210664263,0.0119470289,7.53848681e-18,8.97147719e-18,-4.52418916e-16,-4.09968448e-16,2.89756697e-16,2.41899366e-18,0,0,0,0.0802073796,0.65559285,-0.0597563002,
149.28,object_red_01,RED,-0.251218842,0.210664263,0.0119470289,8.70862881e-18,5.27546649e-18,-4.54203317e-16,4.59645646e-16,-1.78032356e-16,1.98474126e-18,0,0,0,0.0766991302,0.65601254,-0.0597563002,
149.32,object_red_01,RED,-0.251218842,0.210664263,0.0119470289,4.80568682e-18,-5.45882201e-18,-4.59556521e-16,-5.02333529e-16,-2.26771798e-16,-4.49788777e-19,0,0,0,0.0731998394,0.656412213,-0.0597563002,
149.36,object_red_01,RED,-0.251218842,0.210664263,0.0119470289,7.84213125e-18,-3.5071332e-18,-4.52418916e-16,-7.21936221e-16,4.54429263e-16,7.18867038e-19,0,0,0,0.0697096515,0.656792032,-0.0597563002,
149.4,object_red_01,RED,-0.251218842,0.210664263,0.0119470289,8.45421223e-18,-5.71628811e-18,-4.50634515e-16,-8.32208817e-16,2.39467897e-16,7.10212808e-21,0,0,0,0.0662287087,0.657152165,-0.0597563002,
149.44,object_red_01,RED,-0.251218842,0.210664263,0.0119470289,7.00961399e-18,-6.73700393e-18,-4.48850114e-16,-5.10187702e-16,1.91012555e-16,1.20017701e-18,0,0,0,0.062757151,0.657492775,-0.0597563002,
149.48,object_red_01,RED,-0.251218842,0.210664263,0.0119470289,3.41075209e-18,-5.61260464e-18,-4.52418916e-16,8.46874015e-17,-3.57719279e-16,2.76780192e-19,0,0,0,0.0592951165,0.65781403,-0.0597563002,
149.52,object_red_01,RED,-0.251218842,0.210664263,0.0119470289,2.93807745e-18,-3.56899476e-18,-4.52418916e-16,-2.18640781e-16,-4.81545848e-16,2.29125142e-18,0,0,0,0.0558427398,0.658116098,-0.0597563002,
149.56,object_red_01,RED,-0.251218842,0.210664263,0.0119470289,8.58490568e-18,-2.82012131e-18,-4.52418916e-16,-2.21154116e-16,5.1678289e-17,3.71798624e-18,0,0,0,0.0524001577,0.658399144,-0.0597563002,
149.6,object_red_01,RED,-0.251218842,0.210664263,0.0119470289,1.11613092e-17,-1.76934599e-18,-4.48850114e-16,-4.24420127e-16,3.19903838e-16,2.3569794e-18,0,0,0,0.0489675012,0.658663338,-0.0597563002,
149.64,object_red_01,RED,-0.251218842,0.210664263,0.0119470289,4.29031899e-18,-3.98285735e-18,-4.55987719e-16,3.11219379e-17,1.98342708e-16,5.56632867e-19,0,0,0,0.0455448993,0.658908849,-0.0597563002,
149.68,object_red_01,RED,-0.251218842,0.210664263,0.0119470289,6.40319639e-18,-4.43287845e-18,-4.52418916e-16,2.29361278e-16,-5.83082871e-18,2.30157865e-18,0,0,0,0.04213248,0.659135846,-0.0597563002,
149.72,object_red_01,RED,-0.251218842,0.210664263,0.0119470289,1.24590951e-17,-5.02012768e-18,-4.54203317e-16,-1.91308257e-16,3.26766422e-16,1.53436211e-18,0,0,0,0.0387303693,0.659344499,-0.0597563002,
149.76,object_red_01,RED,-0.251218842,0.210664263,0.0119470289,1.42661499e-17,-5.13775178e-18,-4.50634515e-16,3.118301e-16,6.06339411e-16,6.05521872e-19,0,0,0,0.0353386911,0.659534977,-0.0597563002,
149.8,object_red_01,RED,-0.251218842,0.210664263,0.0119470289,4.54909202e-18,-6.77839019e-18,-4.45281311e-16,-1.06954433e-16,7.04686549e-16,3.01453623e-19,0,0,0,0.0319575673,0.659707453,-0.0597563002,
149.84,object_red_01,RED,-0.251218842,0.210664263,0.0119470289,8.43983595e-18,-1.17120678e-17,-4.52418916e-16,1.7800893e-15,1.12715273e-15,2.02666066e-18,0,0,0,0.0285871175,0.659862096,-0.0597563002,
149.88,object_red_01,RED,-0.251218842,0.210664263,0.0119470289,4.93245946e-18,-1.18410187e-17,-4.52418916e-16,1.58137871e-15,4.4221541e-16,1.30828225e-18,0,0,0,0.0252274595,0.659999079,-0.0597563002,
149.92,object_red_01,RED,-0.251218842,0.210664263,0.0119470289,1.26782245e-17,5.61265558e-18,-4.48850114e-16,5.03157768e-16,2.10574435e-17,-6.60911955e-19,0,0,0,0.0218787092,0.660118574,-0.0597563002,
149.96,object_red_01,RED,-0.251218842,0.210664263,0.0119470289,1.2063094e-17,6.62727238e-18,-4.54203317e-16,-2.07173687e-16,1.69479234e-16,-3.10956211e-19,0,0,0,0.0185409804,0.660220752,-0.0597563002,
150,object_red_01,RED,-0.251218842,0.210664263,0.0119470289,1.3398781e-17,7.38616567e-18,-4.54203317e-16,-2.56497897e-16,3.94871311e-16,-8.50312338e-19,0,0,0,0.0152143848,0.660305787,-0.0597563002,
150.04,object_red_01,RED,-0.251218842,0.210664263,0.0119470289,4.36829941e-18,4.0073044e-18,-4.54203317e-16,-6.24073219e-16,1.25800878e-15,1.25064308e-18,0,0,0,0.0118990323,0.660373851,-0.0597563002,
150.08,object_red_01,RED,-0.251218842,0.210664263,0.0119470289,5.31234175e-18,-1.13548277e-18,-4.52418916e-16,-5.60297329e-16,1.1288199e-15,2.08221404e-18,0,0,0,0.00859503067,0.660425117,-0.0597563002,
150.12,object_red_01,RED,-0.251218842,0.210664263,0.0119470289,2.64140332e-18,7.50683928e-18,-4.50634515e-16,-8.61426343e-16,5.77753287e-16,1.19351264e-18,0,0,0,0.00530248584,0.660459759,-0.0597563002,
150.16,object_red_01,RED,-0.251218842,0.210664263,0.0119470289,4.41099261e-18,6.56976726e-18,-4.50634515e-16,-7.43927907e-16,5.0297726e-16,1.57882516e-18,0,0,0,0.00202150174,0.660477951,-0.0597563002,
150.2,object_red_01,RED,-0.251218842,0.210664263,0.0119470289,9.57636074e-19,5.55166531e-18,-4.50634515e-16,-5.02804779e-16,3.89088062e-16,2.53523859e-18,0,0,0,-0.00124782093,0.660479865,-0.0597563002,
150.24,object_red_01,RED,-0.251218842,0.210664263,0.0119470289,-2.6146515e-18,1.00571041e-17,-4.55987719e-16,-1.63661566e-16,6.70250293e-16,-4.28320348e-19,0,0,0,-0.00450537928,0.660465678,-0.0597563002,
150.28,object_red_01,RED,-0.251218842,0.210664263,0.0119470289,3.00995885e-18,4.22730504e-18,-4.55987719e-16,-2.04014405e-17,7.29522918e-16,2.35318652e-19,0,0,0,-0.00775107689,0.660435561,-0.0597563002,
150.32,object_red_01,RED,-0.251218842,0.210664263,0.0119470289,1.1497627e-17,8.2086631e-18,-4.47065713e-16,1.85220823e-16,1.32239828e-15,-3.37613692e-19,0,0,0,-0.0109848178,0.660389691,-0.0597563002,
150.36,object_red_01,RED,-0.251218842,0.210664263,0.0119470289,1.64147501e-17,-4.69862179e-18,-4.50634515e-16,2.20110966e-17,7.73873227e-16,-8.18313187e-19,0,0,0,-0.0142065077,0.66032824,-0.0597563002,
150.4,object_red_01,RED,-0.251218842,0.210664263,0.0119470289,9.14558057e-18,-5.43878235e-18,-4.52418916e-16,-8.01577541e-16,7.12240669e-16,-8.43597095e-19,0,0,0,-0.0174160543,0.660251385,-0.0597563002,
150.44,object_red_01,RED,-0.251218842,0.210664263,0.0119470289,9.62478988e-18,-5.08024666e-18,-4.54203317e-16,-1.09830822e-15,6.35294312e-16,-7.42563208e-19,0,0,0,-0.0206133672,0.660159298,-0.0597563002,
150.48,object_red_01,RED,-0.251218842,0.210664263,0.0119470289,9.85001825e-18,-4.38974961e-18,-4.54203317e-16,-3.34568382e-16,4.03105921e-16,-1.52061571e-18,0,0,0,-0.0237983577,0.660052155,-0.0597563002,
150.52,object_red_01,RED,-0.251218842,0.210664263,0.0119470289,9.38387829e-18,-3.30630093e-18,-4.50634515e-16,-5.57312744e-16,4.61612764e-16,-7.58944332e-19,0,0,0,-0.0269709392,0.659930131,-0.0597563002,
150.56,object_red_01,RED,-0.251218842,0.210664263,0.0119470289,6.00632396e-18,-2.66241788e-18,-4.4349691e-16,-4.35573054e-16,5.89224676e-16,-1.63436786e-18,0,0,0,-0.030131027,0.6597934,-0.0597563002,
150.6,object_red_01,RED,-0.251218842,0.210664263,0.0119470289,5.5985604e-18,-9.57479433e-18,-4.4349691e-16,6.7752042e-16,-1.56593531e-16,-2.02659911e-18,0,0,0,-0.0332785384,0.659642137,-0.0597563002,
150.64,object_red_01,RED,-0.251218842,0.210664263,0.0119470289,7.50929861e-18,-6.33882456e-18,-4.48850114e-16,-2.80985305e-17,1.32199522e-16,-2.44813324e-18,0,0,0,-0.0364133921,0.659476516,-0.0597563002,
150.68,object_red_01,RED,-0.251218842,0.210664263,0.0119470289,4.61226052e-18,-3.56549817e-19,-4.50634515e-16,3.03033426e-16,1.00807241e-15,-1.61585007e-18,0,0,0,-0.0395355092,0.659296711,-0.0597563002,
150.72,object_red_01,RED,-0.251218842,0.210664263,0.0119470289,1.25157289e-17,5.74334903e-18,-4.48850114e-16,-5.09088118e-16,1.1864094e-15,-1.18770244e-18,0,0,0,-0.0426448121,0.659102898,-0.0597563002,
150.76,object_red_01,RED,-0.251218842,0.210664263,0.0119470289,1.34536723e-17,2.92560973e-19,-4.48850114e-16,-3.28756294e-16,6.85365896e-16,-5.9421738e-19,0,0,0,-0.0457412254,0.65889525,-0.0597563002,
150.8,object_red_01,RED,-0.251218842,0.210664263,0.0119470289,1.32227805e-17,-2.45069449e-18,-4.48850114e-16,-6.91619111e-16,7.79954689e-16,-1.62149698e-18,0,0,0,-0.0488246756,0.658673941,-0.0597563002,
150.84,object_red_01,RED,-0.251218842,0.210664263,0.0119470289,6.65587039e-18,-1.12633422e-18,-4.52418916e-16,2.3894337e-16,1.51371613e-15,-7.91401341e-19,0,0,0,-0.0518950907,0.658439146,-0.0597563002,
150.88,object_red_01,RED,-0.251218842,0.210664263,0.0119470289,7.5898929e-18,5.57433027e-19,-4.48850114e-16,-6.42277288e-17,8.81534925e-16,-1.80784498e-18,0,0,0,-0.0549524004,0.658191039,-0.0597563002,
150.92,object_red_01,RED,-0.251218842,0.210664263,0.0119470289,6.70901906e-18,9.57048882e-18,-4.50634515e-16,2.34248479e-17,8.93663487e-16,-1.20499928e-18,0,0,0,-0.0579965383,0.657929792,-0.0597563002,
150.96,object_red_01,RED,-0.251218842,0.210664263,0.0119470289,1.35076922e-17,5.1482582e-18,-4.50634515e-16,-9.01465015e-17,7.78324335e-16,-5.69035218e-19,0,0,0,-0.0610274338,0.65765558,-0.0597563002,
151,object_red_01,RED,-0.251218842,0.210664263,0.0119470289,1.27518484e-17,5.9354684e-18,-4.50634515e-16,-3.65670909e-16,7.22262103e-16,3.65576268e-20,0,0,0,-0.0640450248,0.657368576,-0.0597563002,
151.04,object_red_01,RED,-0.251218842,0.210664263,0.0119470289,-6.52507202e-19,-1.46282743e-17,-4.50634515e-16,1.71222924e-15,6.10933489e-16,1.47534936e-18,0,0,0,-0.0670492482,0.657068952,-0.0597563002,
151.08,object_red_01,RED,-0.251218842,0.210664263,0.0119470289,7.96498309e-18,-1.34581323e-17,-4.54203317e-16,1.64468335e-15,4.16812067e-16,1.19732812e-18,0,0,0,-0.0700400427,0.656756882,-0.0597563002,
151.12,object_red_01,RED,-0.251218842,0.210664263,0.0119470289,1.10123186e-17,-6.29395315e-18,-4.50634515e-16,-2.77861249e-16,2.23641123e-16,2.51209135e-18,0,0,0,-0.0730173486,0.656432538,-0.0597563002,
151.16,object_red_01,RED,-0.251218842,0.210664263,0.0119470289,1.13255473e-17,5.46235812e-18,-4.47065713e-16,-9.3824016e-16,3.96658749e-16,1.25379721e-18,0,0,0,-0.0759811081,0.656096091,-0.0597563002,
151.2,object_red_01,RED,-0.251218842,0.210664263,0.0119470289,1.27065414e-17,6.55234147e-18,-4.48850114e-16,-1.44497382e-16,8.38280518e-16,-3.32170275e-19,0,0,0,-0.078931265,0.655747715,-0.0597563002,
151.24,object_red_01,RED,-0.251218842,0.210664263,0.0119470289,3.71265395e-18,4.56580107e-18,-4.47065713e-16,3.0807771e-17,6.48522459e-16,1.21040249e-18,0,0,0,-0.0818677648,0.655387579,-0.0597563002,
151.28,object_red_01,RED,-0.251218842,0.210664263,0.0119470289,4.72030043e-18,7.30949218e-18,-4.48850114e-16,-5.69408171e-16,6.81192752e-16,1.81192549e-18,0,0,0,-0.0847905549,0.655015856,-0.0597563002,
151.32,object_red_01,RED,-0.251218842,0.210664263,0.0119470289,8.9456196e-18,5.68540827e-18,-4.50634515e-16,-5.51814822e-16,3.46736885e-16,2.48736704e-18,0,0,0,-0.0876995841,0.654632716,-0.0597563002,
151.36,object_red_01,RED,-0.251218842,0.210664263,0.0119470289,1.13547355e-17,5.19051575e-18,-4.54203317e-16,-5.07674367e-16,1.62950452e-16,1.81492701e-18,0,0,0,-0.0905948029,0.654238329,-0.0597563002,
151.4,object_red_01,RED,-0.251218842,0.210664263,0.0119470289,1.05679609e-17,5.9267555e-18,-4.48850114e-16,1.4390787e-16,3.82045077e-16,2.41319413e-18,0,0,0,-0.0934761636,0.653832866,-0.0597563002,
151.44,object_red_01,RED,-0.251218842,0.210664263,0.0119470289,4.24849709e-18,4.28960225e-18,-4.50634515e-16,4.21003112e-16,1.40859231e-15,-5.48329885e-19,0,0,0,-0.0963436199,0.653416496,-0.0597563002,
151.48,object_red_01,RED,-0.251218842,0.210664263,0.0119470289,1.1998546e-18,2.77660777e-18,-4.50634515e-16,-4.6981725e-16,1.18283084e-15,9.46422213e-19,0,0,0,-0.0991971273,0.652989387,-0.0597563002,
151.52,object_red_01,RED,-0.251218842,0.210664263,0.0119470289,-8.81220735e-19,7.23978901e-18,-4.50634515e-16,-5.00902164e-17,1.15678075e-15,1.14920221e-18,0,0,0,-0.102036643,0.652551709,-0.0597563002,
151.56,object_red_01,RED,-0.251218842,0.210664263,0.0119470289,4.11736799e-18,8.20430665e-18,-4.48850114e-16,-4.25833878e-16,2.58652943e-16,2.90422086e-18,0,0,0,-0.104862125,0.65210363,-0.0597563002,
151.6,object_red_01,RED,-0.251218842,0.210664263,0.0119470289,-3.09219079e-19,8.41428746e-18,-4.54203317e-16,-9.13578055e-16,2.563016e-16,6.69214937e-19,0,0,0,-0.107673535,0.651645318,-0.0597563002,
151.64,object_red_01,RED,-0.251218842,0.210664263,0.0119470289,-1.59357259e-19,7.68893882e-18,-4.50634515e-16,-5.90771523e-16,1.54104689e-16,5.78915265e-19,0,0,0,-0.110470833,0.651176938,-0.0597563002,
151.68,object_red_01,RED,-0.251218842,0.210664263,0.0119470289,3.67431721e-18,5.55776433e-18,-4.48850114e-16,-4.73744337e-16,1.73732759e-16,9.98363602e-19,0,0,0,-0.113253984,0.650698659,-0.0597563002,
151.72,object_red_01,RED,-0.251218842,0.210664263,0.0119470289,-8.32428515e-19,3.69886786e-18,-4.48850114e-16,-5.18513126e-16,1.39633374e-16,-7.17838903e-19,0,0,0,-0.116022951,0.650210647,-0.0597563002,
151.76,object_red_01,RED,-0.251218842,0.210664263,0.0119470289,1.28959743e-18,3.12512363e-18,-4.52418916e-16,-5.78361929e-16,6.08063647e-16,3.3004428e-19,0,0,0,-0.118777701,0.649713066,-0.0597563002,
151.8,object_red_01,RED,-0.251218842,0.210664263,0.0119470289,1.19636944e-18,4.22556246e-18,-4.54203317e-16,-7.1282538e-16,1.85882798e-16,6.34417767e-19,0,0,0,-0.121518202,0.649206082,-0.0597563002,
151.84,object_red_01,RED,-0.251218842,0.210664263,0.0119470289,1.06698292e-18,8.58375329e-18,-4.50634515e-16,-1.70259072e-16,7.12542563e-16,9.74198901e-19,0,0,0,-0.124244423,0.648689859,-0.0597563002,
151.88,object_red_01,RED,-0.251218842,0.210664263,0.0119470289,6.19103736e-18,7.92418703e-18,-4.47065713e-16,-2.97339599e-16,1.53471315e-15,1.06149706e-18,0,0,0,-0.126956337,0.648164561,-0.0597563002,
151.92,object_red_01,RED,-0.251218842,0.210664263,0.0119470289,1.34797384e-18,-1.17381951e-18,-4.54203317e-16,-9.11850137e-16,2.05638368e-15,5.1573093e-19,0,0,0,-0.129653913,0.647630352,-0.0597563002,
151.96,object_red_01,RED,-0.251218842,0.210664263,0.0119470289,7.5306452e-18,2.06084332e-18,-4.52418916e-16,1.42808286e-16,2.8375255e-16,6.77049387e-19,0,0,0,-0.132337127,0.647087393,-0.0597563002,
152,object_red_01,RED,-0.251218842,0.210664263,0.0119470289,6.27511681e-18,1.34943532e-18,-4.50634515e-16,2.69103396e-16,1.27475359e-16,-1.4220746e-18,0,0,0,-0.135005954,0.646535848,-0.0597563002,
152.04,object_red_01,RED,-0.251218842,0.210664263,0.0119470289,-2.6399189e-18,6.66344233e-19,-4.50634515e-16,1.61815386e-16,2.89813763e-16,3.51105725e-19,0,0,0,-0.13766037,0.645975876,-0.0597563002,
152.08,object_red_01,RED,-0.251218842,0.210664263,0.0119470289,-1.92894654e-18,2.37929969e-18,-4.50634515e-16,-7.23192889e-16,2.13118372e-16,9.90071294e-19,0,0,0,-0.140300353,0.645407639,-0.0597563002,
152.12,object_red_01,RED,-0.251218842,0.210664263,0.0119470289,-6.15913036e-19,1.21743494e-18,-4.55987719e-16,-7.07641625e-16,5.70904202e-16,-7.30760659e-19,0,0,0,-0.142925883,0.644831297,-0.0597563002,
152.16,object_red_01,RED,-0.251218842,0.210664263,0.0119470289,7.44874397e-18,4.04694808e-18,-4.54203317e-16,-7.85555027e-16,1.24320804e-16,1.64460402e-18,0,0,0,-0.14553694,0.64424701,-0.0597563002,
152.2,object_red_01,RED,-0.251218842,0.210664263,0.0119470289,1.11539032e-17,4.51134546e-18,-4.50634515e-16,-7.86794081e-17,8.94326183e-16,3.15914573e-18,0,0,0,-0.148133506,0.643654934,-0.0597563002,
152.24,object_red_01,RED,-0.251218842,0.210664263,0.0119470289,8.1749639e-18,5.40615994e-18,-4.50634515e-16,-4.06669695e-16,5.64592637e-16,1.56442808e-18,0,0,0,-0.150715566,0.64305523,-0.0597563002,
152.28,object_red_01,RED,-0.251218842,0.210664263,0.0119470289,4.60093375e-18,2.54310214e-18,-4.50634515e-16,-5.83702767e-16,2.69097766e-16,-1.26268932e-18,0,0,0,-0.153283104,0.642448053,-0.0597563002,
152.32,object_red_01,RED,-0.251218842,0.210664263,0.0119470289,4.32473493e-18,7.27943269e-18,-4.50634515e-16,-2.50999976e-16,2.95803184e-16,-1.93858873e-18,0,0,0,-0.155836105,0.64183356,-0.0597563002,
152.36,object_red_01,RED,-0.251218842,0.210664263,0.0119470289,8.16051505e-19,1.12072179e-18,-4.5777212e-16,3.8016141e-16,-3.41662403e-16,-4.70951968e-19,0,0,0,-0.158374559,0.641211907,-0.0597563002,
152.4,object_red_01,RED,-0.251218842,0.210664263,0.0119470289,5.41558957e-18,2.89945961e-18,-4.50634515e-16,3.77962241e-16,-2.64363223e-16,4.18665142e-19,0,0,0,-0.160898452,0.640583248,-0.0597563002,
152.44,object_red_01,RED,-0.251218842,0.210664263,0.0119470289,1.06803573e-17,3.22793581e-18,-4.47065713e-16,-1.50606025e-17,-3.45614648e-16,3.75242149e-20,0,0,0,-0.163407777,0.639947739,-0.0597563002,
152.48,object_red_01,RED,-0.251218842,0.210664263,0.0119470289,8.39670712e-18,8.90701318e-19,-4.50634515e-16,4.48021469e-16,-5.83493634e-16,-7.38289871e-19,0,0,0,-0.165902522,0.639305532,-0.0597563002,
152.52,object_red_01,RED,-0.251218842,0.210664263,0.0119470289,4.59439908e-18,7.05246173e-18,-4.59556521e-16,2.06898342e-16,-3.25424513e-16,5.29896236e-20,0,0,0,-0.168382683,0.63865678,-0.0597563002,
152.56,object_red_01,RED,-0.251218842,0.210664263,0.0119470289,-6.40744791e-19,8.51928929e-19,-4.52418916e-16,4.46136468e-16,-5.01950745e-16,9.64075163e-19,0,0,0,-0.170848252,0.638001634,-0.0597563002,
152.6,object_red_01,RED,-0.251218842,0.210664263,0.0119470289,2.50461085e-18,5.62441799e-18,-4.50634515e-16,-7.31675396e-16,-2.36369844e-16,-4.80414356e-19,0,0,0,-0.173299223,0.637340246,-0.0597563002,
152.64,object_red_01,RED,-0.251218842,0.210664263,0.0119470289,7.10284198e-18,2.97134101e-18,-4.47065713e-16,-6.1464821e-16,-4.60444506e-16,-1.28364902e-18,0,0,0,-0.175735593,0.636672766,-0.0597563002,
152.68,object_red_01,RED,-0.251218842,0.210664263,0.0119470289,8.94518395e-18,1.12856339e-18,-4.54203317e-16,3.13400935e-16,-7.18630212e-16,-1.30852594e-18,0,0,0,-0.178157361,0.635999344,-0.0597563002,
152.72,object_red_01,RED,-0.251218842,0.210664263,0.0119470289,7.95844842e-18,9.82622376e-19,-4.55987719e-16,1.49877042e-16,-5.00683646e-16,3.28925073e-19,0,0,0,-0.180564524,0.635320126,-0.0597563002,
152.76,object_red_01,RED,-0.251218842,0.210664263,0.0119470289,7.57028888e-18,7.19622452e-18,-4.52418916e-16,2.79470905e-16,-2.53742215e-17,8.72147553e-19,0,0,0,-0.182957082,0.634635263,-0.0597563002,
152.8,object_red_01,RED,-0.251218842,0.210664263,0.0119470289,4.51728994e-18,-1.38380032e-18,-4.52418916e-16,8.48444849e-17,-2.46107792e-16,8.28396725e-19,0,0,0,-0.185335036,0.633944899,-0.0597563002,
152.84,object_red_01,RED,-0.251218842,0.210664263,0.0119470289,8.04819125e-18,-1.79417774e-18,-4.54203317e-16,-4.04941777e-16,9.38570417e-17,9.98261856e-19,0,0,0,-0.187698388,0.633249181,-0.0597563002,
152.88,object_red_01,RED,-0.251218842,0.210664263,0.0119470289,8.23987498e-18,5.4872013e-19,-4.54203317e-16,-6.2957114e-16,-2.66518212e-16,-3.60760931e-19,0,0,0,-0.190047142,0.632548254,-0.0597563002,
152.92,object_red_01,RED,-0.251218842,0.210664263,0.0119470289,8.24510272e-18,1.27724783e-17,-4.54203317e-16,-8.52158418e-16,8.52963528e-16,2.00114498e-19,0,0,0,-0.192381301,0.631842263,-0.0597563002,
152.96,object_red_01,RED,-0.251218842,0.210664263,0.0119470289,5.86125423e-18,9.04030907e-18,-4.54203317e-16,-3.98797908e-17,4.9815492e-16,1.00736813e-18,0,0,0,-0.194700871,0.63113135,-0.0597563002,
153,object_red_01,RED,-0.251218842,0.210664263,0.0119470289,7.6103682e-18,4.61591165e-19,-4.50634515e-16,-3.79337171e-16,1.22357007e-15,-1.63574143e-18,0,0,0,-0.197005858,0.630415658,-0.0597563002,
153.04,object_red_01,RED,-0.251218842,0.210664263,0.0119470289,8.08347849e-18,2.84282578e-18,-4.54203317e-16,-2.80688752e-16,1.02332792e-15,-3.55940425e-18,0,0,0,-0.19929627,0.629695329,-0.0597563002,
153.08,object_red_01,RED,-0.251218842,0.210664263,0.0119470289,9.84391923e-18,5.10383386e-19,-4.54203317e-16,1.60558718e-16,8.8772745e-16,-2.65874769e-18,0,0,0,-0.201572116,0.628970502,-0.0597563002,
153.12,object_red_01,RED,-0.251218842,0.210664263,0.0119470289,9.25536307e-18,3.7507096e-18,-4.52418916e-16,-2.37647881e-16,8.78336804e-16,-2.88360659e-18,0,0,0,-0.203833404,0.628241318,-0.0597563002,
153.16,object_red_01,RED,-0.251218842,0.210664263,0.0119470289,3.73574313e-18,-1.41555997e-17,-4.52418916e-16,1.78605847e-15,4.83030727e-16,-1.58744031e-19,0,0,0,-0.206080146,0.627507915,-0.0597563002,
153.2,object_red_01,RED,-0.251218842,0.210664263,0.0119470289,6.583989e-18,-1.06665203e-17,-4.47065713e-16,1.78825764e-15,1.12270039e-15,1.96810577e-18,0,0,0,-0.208312353,0.626770432,-0.0597563002,
153.24,object_red_01,RED,-0.251218842,0.210664263,0.0119470289,8.55310361e-18,2.811895e-18,-4.52418916e-16,-1.63818649e-16,1.08206977e-15,6.11801854e-20,0,0,0,-0.210530038,0.626029004,-0.0597563002,
153.28,object_red_01,RED,-0.251218842,0.210664263,0.0119470289,8.94605524e-18,3.87138321e-18,-4.52418916e-16,-7.52235718e-17,7.13467883e-16,4.92125833e-19,0,0,0,-0.212733214,0.625283768,-0.0597563002,
153.32,object_red_01,RED,-0.251218842,0.210664263,0.0119470289,1.93827258e-18,4.02168068e-18,-4.52418916e-16,-4.55347958e-17,6.70041053e-16,-3.27998684e-19,0,0,0,-0.214921896,0.624534858,-0.0597563002,
153.36,object_red_01,RED,-0.251218842,0.210664263,0.0119470289,3.35760342e-18,1.08822154e-17,-4.50634515e-16,4.11752801e-17,9.12866328e-16,9.88545102e-19,0,0,0,-0.217096099,0.623782409,-0.0597563002,
153.4,object_red_01,RED,-0.251218842,0.210664263,0.0119470289,3.13411762e-18,1.36337595e-18,-4.48850114e-16,-2.31521625e-16,1.13664462e-15,2.47993958e-18,0,0,0,-0.21925584,0.623026554,-0.0597563002,
153.44,object_red_01,RED,-0.251218842,0.210664263,0.0119470289,1.13542998e-17,6.86383895e-19,-4.47065713e-16,-3.42247859e-17,7.16529784e-16,3.97451078e-19,0,0,0,-0.221401135,0.622267424,-0.0597563002,
153.48,object_red_01,RED,-0.251218842,0.210664263,0.0119470289,1.38457526e-17,-5.98332696e-19,-4.47065713e-16,1.25686187e-16,6.87832597e-16,1.66474975e-18,0,0,0,-0.223532005,0.621505151,-0.0597563002,
153.52,object_red_01,RED,-0.251218842,0.210664263,0.0119470289,1.20609157e-17,-9.90413039e-19,-4.47065713e-16,-4.54108903e-16,1.00606898e-15,1.63763441e-18,0,0,0,-0.225648466,0.620739865,-0.0597563002,
153.56,object_red_01,RED,-0.251218842,0.210664263,0.0119470289,6.93903953e-18,-1.9958813e-18,-4.47065713e-16,1.94645831e-16,1.17880864e-15,1.3757908e-18,0,0,0,-0.227750539,0.619971695,-0.0597563002,
153.6,object_red_01,RED,-0.251218842,0.210664263,0.0119470289,4.47938884e-18,6.31230117e-18,-4.50634515e-16,-7.34956536e-17,7.09718743e-16,3.24193879e-19,0,0,0,-0.229838246,0.619200768,-0.0597563002,
153.64,object_red_01,RED,-0.251218842,0.210664263,0.0119470289,-1.38656873e-18,6.01039931e-18,-4.47065713e-16,-4.94479355e-16,1.06821084e-15,-1.19446855e-18,0,0,0,-0.231911608,0.618427212,-0.0597563002,
153.68,object_red_01,RED,-0.251218842,0.210664263,0.0119470289,8.24764402e-19,3.3464312e-18,-4.52418916e-16,-6.61616168e-16,7.60410683e-16,6.394542e-19,0,0,0,-0.233970647,0.617651153,-0.0597563002,
153.72,object_red_01,RED,-0.251218842,0.210664263,0.0119470289,2.48544248e-18,5.75336886e-18,-4.52418916e-16,2.36587118e-16,8.607545e-16,-2.02547991e-18,0,0,0,-0.236015387,0.616872716,-0.0597563002,
153.76,object_red_01,RED,-0.251218842,0.210664263,0.0119470289,2.1046889e-18,2.38670565e-18,-4.50634515e-16,4.72212324e-16,5.63151887e-16,-2.37787756e-18,0,0,0,-0.238045852,0.616092025,-0.0597563002,
153.8,object_red_01,RED,-0.251218842,0.210664263,0.0119470289,9.7406714e-18,-4.46598746e-18,-4.47065713e-16,1.33004516e-15,7.32908804e-16,-6.92249757e-19,0,0,0,-0.240062066,0.615309202,-0.0597563002,
153.84,object_red_01,RED,-0.251218842,0.210664263,0.0119470289,9.35207622e-18,3.94718541e-18,-4.48850114e-16,1.57211079e-15,1.25915193e-15,1.03662014e-18,0,0,0,-0.242064057,0.614524371,-0.0597563002,
153.88,object_red_01,RED,-0.251218842,0.210664263,0.0119470289,1.17738258e-17,-2.97738909e-18,-4.52418916e-16,8.55181826e-16,8.91829415e-16,1.33560108e-18,0,0,0,-0.24405185,0.613737652,-0.0597563002,
153.92,object_red_01,RED,-0.251218842,0.210664263,0.0119470289,3.40203919e-18,-3.25750871e-18,-4.50634515e-16,1.8570602e-15,7.30697363e-16,4.54378026e-19,0,0,0,-0.246025472,0.612949164,-0.0597563002,
153.96,object_red_01,RED,-0.251218842,0.210664263,0.0119470289,3.45693044e-18,-3.05406258e-18,-4.50634515e-16,1.08420953e-15,7.88804748e-16,6.51968971e-19,0,0,0,-0.247984951,0.612159027,-0.0597563002,
154,object_red_01,RED,-0.251218842,0.210664263,0.0119470289,8.37928132e-18,-4.14622415e-18,-4.48850114e-16,1.59347414e-15,1.07542686e-15,1.24163855e-18,0,0,0,-0.249930317,0.611367358,-0.0597563002,
154.04,object_red_01,RED,-0.251218842,0.210664263,0.0119470289,2.41000336e-19,8.88826903e-18,-4.48850114e-16,2.91252166e-16,-1.84639066e-16,2.15292758e-18,0,0,0,-0.251861599,0.610574275,-0.0597563002,
154.08,object_red_01,RED,-0.251218842,0.210664263,0.0119470289,-3.96035836e-18,1.26069333e-17,-4.54203317e-16,3.13086768e-16,-8.69067088e-16,2.13364669e-18,0,0,0,-0.253778826,0.609779893,-0.0597563002,
154.12,object_red_01,RED,-0.251218842,0.210664263,0.0119470289,-7.03688212e-18,1.36585799e-17,-4.52418916e-16,2.87325079e-16,-7.48561363e-16,4.24261178e-19,0,0,0,-0.25568203,0.608984326,-0.0597563002,
154.16,object_red_01,RED,-0.251218842,0.210664263,0.0119470289,3.05838848e-20,7.95730746e-19,-4.50634515e-16,4.05137682e-16,1.85426887e-16,4.93448532e-19,0,0,0,-0.257571243,0.608187689,-0.0597563002,
154.2,object_red_01,RED,-0.251218842,0.210664263,0.0119470289,-1.07202591e-17,8.85951647e-18,-4.52418916e-16,9.97813617e-16,-2.1792849e-16,1.40748471e-18,0,0,0,-0.259446496,0.607390094,-0.0597563002,
154.24,object_red_01,RED,-0.251218842,0.210664263,0.0119470289,-6.63260372e-18,1.26400423e-17,-4.54203317e-16,2.6926048e-16,2.94072197e-16,2.58651863e-18,0,0,0,-0.261307822,0.606591652,-0.0597563002,
154.28,object_red_01,RED,-0.251218842,0.210664263,0.0119470289,-7.6528839e-18,1.37653128e-17,-4.50634515e-16,-3.33154631e-16,4.33308286e-16,1.06660696e-19,0,0,0,-0.263155255,0.605792474,-0.0597563002,
154.32,object_red_01,RED,-0.251218842,0.210664263,0.0119470289,-1.68436828e-17,-2.26249593e-18,-4.52418916e-16,7.97689275e-16,-9.03903416e-16,-1.02979248e-18,0,0,0,-0.264988829,0.60499267,-0.0597563002,
154.36,object_red_01,RED,-0.251218842,0.210664263,0.0119470289,-5.25901559e-18,-6.94480651e-18,-4.48850114e-16,2.62268504e-15,-6.03988732e-16,7.80118196e-19,0,0,0,-0.266808578,0.604192348,-0.0597563002,
154.4,object_red_01,RED,-0.251218842,0.210664263,0.0119470289,-2.72007754e-18,2.97353066e-19,-4.54203317e-16,5.14781944e-16,6.39338677e-17,-2.78735477e-18,0,0,0,-0.268614538,0.603391614,-0.0597563002,
154.44,object_red_01,RED,-0.251218842,0.210664263,0.0119470289,-2.28443272e-18,2.71387491e-18,-4.52418916e-16,-1.72615324e-16,1.86785414e-16,-2.10280695e-18,0,0,0,-0.270406746,0.602590576,-0.0597563002,
154.48,object_red_01,RED,-0.251218842,0.210664263,0.0119470289,-3.36003979e-18,1.4648812e-18,-4.50634515e-16,-2.30718595e-17,-2.49329844e-16,-1.02638398e-18,0,0,0,-0.272185237,0.601789338,-0.0597563002,
154.52,object_red_01,RED,-0.251218842,0.210664263,0.0119470289,-3.23457408e-18,1.19316838e-17,-4.48850114e-16,-2.07802021e-16,-1.02280693e-16,-1.46180646e-18,0,0,0,-0.273950048,0.600988004,-0.0597563002,
154.56,object_red_01,RED,-0.251218842,0.210664263,0.0119470289,-4.12198259e-18,1.28138645e-17,-4.55987719e-16,-5.09245201e-16,-6.80592002e-17,-2.32095061e-18,0,0,0,-0.275701218,0.600186678,-0.0597563002,
154.6,object_red_01,RED,-0.251218842,0.210664263,0.0119470289,-6.22571146e-18,1.27881615e-17,-4.52418916e-16,1.92132495e-16,-1.41231258e-16,-2.33407586e-18,0,0,0,-0.277438783,0.599385462,-0.0597563002,
154.64,object_red_01,RED,-0.251218842,0.210664263,0.0119470289,-4.69311296e-18,1.17887923e-17,-4.54203317e-16,-2.85697809e-17,-7.30717583e-17,-1.0979115e-18,0,0,0,-0.279162783,0.598584456,-0.0597563002,
154.68,object_red_01,RED,-0.251218842,0.210664263,0.0119470289,-2.37809636e-18,9.48728066e-18,-4.48850114e-16,1.56003297e-16,-2.21610134e-16,-3.44081916e-18,0,0,0,-0.280873258,0.59778376,-0.0597563002,
154.72,object_red_01,RED,-0.251218842,0.210664263,0.0119470289,-5.23461948e-18,2.29826861e-17,-4.47065713e-16,-4.55522654e-16,-4.59728426e-16,-3.17826333e-18,0,0,0,-0.282570246,0.596983472,-0.0597563002,
154.76,object_red_01,RED,-0.251218842,0.210664263,0.0119470289,-4.05315071e-18,9.87239069e-18,-4.48850114e-16,-1.66314372e-17,-8.51652913e-16,-1.92871935e-18,0,0,0,-0.284253789,0.596183691,-0.0597563002,
154.8,object_red_01,RED,-0.251218842,0.210664263,0.0119470289,-5.83319547e-18,8.31496044e-18,-4.54203317e-16,-6.53273131e-17,-3.17708401e-16,-3.40744644e-18,0,0,0,-0.285923927,0.595384513,-0.0597563002,
154.84,object_red_01,RED,-0.251218842,0.210664263,0.0119470289,-4.42214188e-18,8.75278349e-18,-4.50634515e-16,3.20469691e-16,-9.32213951e-17,-3.81727977e-18,0,0,0,-0.2875807,0.594586033,-0.0597563002,
154.88,object_red_01,RED,-0.251218842,0.210664263,0.0119470289,-2.80285006e-18,9.71294468e-18,-4.50634515e-16,1.00709915e-16,-4.72395043e-17,-2.95655855e-18,0,0,0,-0.289224152,0.593788346,-0.0597563002,
154.92,object_red_01,RED,-0.251218842,0.210664263,0.0119470289,-3.06205873e-18,9.84276684e-18,-4.48850114e-16,8.87715717e-17,-1.40605379e-16,-2.23797666e-18,0,0,0,-0.290854323,0.592991546,-0.0597563002,
154.96,object_red_01,RED,-0.251218842,0.210664263,0.0119470289,-6.38210795e-18,1.63478268e-18,-4.52418916e-16,4.68913571e-16,-3.18482774e-16,-1.46053463e-18,0,0,0,-0.292471256,0.592195723,-0.0597563002,
155,object_red_01,RED,-0.251218842,0.210664263,0.0119470289,-5.71557136e-18,-7.81727738e-20,-4.54203317e-16,6.73750417e-16,-5.26668609e-17,-1.02394207e-18,0,0,0,-0.294074995,0.59140097,-0.0597563002,
155.04,object_red_01,RED,-0.251218842,0.210664263,0.0119470289,-1.09663984e-17,1.02792944e-18,-4.55987719e-16,5.55152396e-16,-4.78396122e-17,-3.42395759e-19,0,0,0,-0.295665583,0.590607376,-0.0597563002,
155.08,object_red_01,RED,-0.251218842,0.210664263,0.0119470289,-1.30492164e-17,2.61977563e-18,-4.52418916e-16,5.53895729e-16,1.1428587e-16,-5.930473e-19,0,0,0,-0.297243063,0.589815031,-0.0597563002,
155.12,object_red_01,RED,-0.251218842,0.210664263,0.0119470289,-1.01177623e-17,2.5252407e-18,-4.52418916e-16,7.19304623e-16,-1.80790521e-16,1.39486819e-18,0,0,0,-0.29880748,0.589024023,-0.0597563002,
155.16,object_red_01,RED,-0.251218842,0.210664263,0.0119470289,-1.0223624e-17,-9.52469517e-18,-4.55987719e-16,1.8751248e-15,-8.34889775e-16,-4.56504021e-19,0,0,0,-0.300358879,0.588234438,-0.0597563002,
155.2,object_red_01,RED,-0.251218842,0.210664263,0.0119470289,-8.03450877e-18,-5.57862434e-18,-4.54203317e-16,1.21506006e-15,-4.81461784e-16,4.07930927e-19,0,0,0,-0.301897304,0.587446362,-0.0597563002,
155.24,object_red_01,RED,-0.251218842,0.210664263,0.0119470289,-8.40567816e-18,6.87994638e-18,-4.52418916e-16,-1.87067003e-16,-1.82530098e-16,4.72641453e-19,0,0,0,-0.303422801,0.586659879,-0.0597563002,
155.28,object_red_01,RED,-0.251218842,0.210664263,0.0119470289,-1.00214848e-17,1.39766006e-17,-4.5777212e-16,-3.25614624e-16,4.5445933e-16,-6.03578022e-19,0,0,0,-0.304935415,0.585875074,-0.0597563002,
155.32,object_red_01,RED,-0.251218842,0.210664263,0.0119470289,-4.57113241e-18,5.50374438e-18,-4.54203317e-16,1.59221747e-15,1.01013597e-15,1.18226969e-18,0,0,0,-0.306435193,0.585092029,-0.0597563002,
155.36,object_red_01,RED,-0.251218842,0.210664263,0.0119470289,-4.53933034e-18,4.37281041e-18,-4.54203317e-16,3.1905594e-16,4.3150428e-16,1.66640028e-19,0,0,0,-0.307922182,0.584310825,-0.0597563002,
155.4,object_red_01,RED,-0.251218842,0.210664263,0.0119470289,-6.06887932e-18,3.30897717e-19,-4.54203317e-16,3.6162556e-16,4.63484959e-17,9.18035048e-19,0,0,0,-0.309396426,0.583531543,-0.0597563002,
155.44,object_red_01,RED,-0.251218842,0.210664263,0.0119470289,-4.9510147e-18,5.69412117e-18,-4.52418916e-16,4.64515234e-16,-2.39166666e-16,-1.09373991e-18,0,0,0,-0.310857975,0.582754261,-0.0597563002,
155.48,object_red_01,RED,-0.251218842,0.210664263,0.0119470289,-4.46701329e-18,4.52746432e-18,-4.52418916e-16,6.04476606e-16,-7.54486969e-16,-2.64102127e-19,0,0,0,-0.312306875,0.581979059,-0.0597563002,
155.52,object_red_01,RED,-0.251218842,0.210664263,0.0119470289,-2.57544346e-18,3.62872905e-18,-4.54203317e-16,-1.46539467e-16,-1.01953587e-15,8.60192385e-19,0,0,0,-0.313743174,0.581206014,-0.0597563002,
155.56,object_red_01,RED,-0.251218842,0.210664263,0.0119470289,-2.48003724e-18,1.65307976e-18,-4.48850114e-16,-2.75819164e-16,-9.86403532e-16,5.1639228e-19,0,0,0,-0.315166921,0.580435201,-0.0597563002,
155.6,object_red_01,RED,-0.251218842,0.210664263,0.0119470289,-6.46843819e-19,-2.90507205e-18,-4.47065713e-16,2.75386735e-16,-1.21411128e-16,2.90778197e-18,0,0,0,-0.316578162,0.579666695,-0.0597563002,
155.64,object_red_01,RED,-0.251218842,0.210664263,0.0119470289,-8.37656253e-19,5.56865546e-18,-4.48850114e-16,-6.77638682e-16,3.84953576e-16,1.54270529e-18,0,0,0,-0.317976948,0.578900571,-0.0597563002,
155.68,object_red_01,RED,-0.251218842,0.210664263,0.0119470289,-2.21603648e-18,6.00561864e-19,-4.48850114e-16,1.71868728e-16,-1.87630402e-16,3.79391143e-19,0,0,0,-0.319363326,0.578136901,-0.0597563002,
155.72,object_red_01,RED,-0.251218842,0.210664263,0.0119470289,-3.28685146e-18,-1.92835635e-18,-4.48850114e-16,-1.32087788e-16,-6.07562381e-16,-3.3748935e-20,0,0,0,-0.320737346,0.577375757,-0.0597563002,
155.76,object_red_01,RED,-0.251218842,0.210664263,0.0119470289,-8.57993609e-18,7.94859457e-19,-4.52418916e-16,1.88519576e-16,-7.39552994e-16,8.68230327e-19,0,0,0,-0.322099057,0.57661721,-0.0597563002,
155.8,object_red_01,RED,-0.251218842,0.210664263,0.0119470289,-7.17541717e-18,-3.71362884e-18,-4.50634515e-16,8.3366139e-16,6.49478066e-19,2.1283559e-18,0,0,0,-0.323448509,0.57586133,-0.0597563002,
155.84,object_red_01,RED,-0.251218842,0.210664263,0.0119470289,-9.41158206e-18,5.34343851e-19,-4.52418916e-16,6.94799602e-16,-3.91892298e-16,1.77804404e-18,0,0,0,-0.324785752,0.575108186,-0.0597563002,
155.88,object_red_01,RED,-0.251218842,0.210664263,0.0119470289,-1.164644e-17,2.07826911e-18,-4.54203317e-16,6.00078269e-16,-5.27399495e-16,1.1520511e-18,0,0,0,-0.326110836,0.574357843,-0.0597563002,
155.92,object_red_01,RED,-0.251218842,0.210664263,0.0119470289,-5.11176764e-18,2.0020427e-19,-4.50634515e-16,8.40415979e-16,-6.67884195e-17,1.17875945e-18,0,0,0,-0.327423811,0.573610371,-0.0597563002,
155.96,object_red_01,RED,-0.251218842,0.210664263,0.0119470289,-6.02923564e-18,-3.92708338e-19,-4.47065713e-16,2.21192938e-16,-2.41127141e-16,-1.28675228e-18,0,0,0,-0.328724726,0.572865834,-0.0597563002,
156,object_red_01,RED,-0.251218842,0.210664263,0.0119470289,-3.06031615e-18,-1.73578991e-19,-4.50634515e-16,-1.66960319e-16,-7.10149466e-17,1.61400103e-19,0,0,0,-0.330013635,0.572124296,-0.0597563002,
156.04,object_red_01,RED,-0.251218842,0.210664263,0.0119470289,-8.6295996e-18,1.17975052e-17,-4.48850114e-16,3.54085554e-16,-4.9587726e-16,-8.05012724e-20,0,0,0,-0.331290587,0.571385821,-0.0597563002,
156.08,object_red_01,RED,-0.251218842,0.210664263,0.0119470289,-7.06302081e-18,1.18929114e-17,-4.54203317e-16,8.47170569e-16,-2.09384542e-17,1.24642062e-18,0,0,0,-0.332555633,0.570650472,-0.0597563002,
156.12,object_red_01,RED,-0.251218842,0.210664263,0.0119470289,-6.53022719e-18,1.40480463e-17,-4.55987719e-16,7.3848642e-17,5.62459818e-17,1.63458203e-18,0,0,0,-0.333808825,0.569918308,-0.0597563002,
156.16,object_red_01,RED,-0.251218842,0.210664263,0.0119470289,-8.92235293e-18,1.2937152e-17,-4.5777212e-16,-1.9146534e-16,7.24341698e-17,2.83676318e-18,0,0,0,-0.335050214,0.569189392,-0.0597563002,
156.2,object_red_01,RED,-0.251218842,0.210664263,0.0119470289,1.98053012e-18,1.42719678e-17,-4.5777212e-16,-2.98439184e-16,5.44362005e-16,8.32059585e-19,0,0,0,-0.336279852,0.568463781,-0.0597563002,
156.24,object_red_01,RED,-0.251218842,0.210664263,0.0119470289,-9.84904204e-19,1.2604755e-17,-4.52418916e-16,1.14865041e-17,3.78238257e-16,6.90123762e-19,0,0,0,-0.337497791,0.567741535,-0.0597563002,
156.28,object_red_01,RED,-0.251218842,0.210664263,0.0119470289,-4.18820061e-18,1.01999956e-17,-4.48850114e-16,4.44094383e-16,3.07007653e-16,2.03515646e-18,0,0,0,-0.338704083,0.56702271,-0.0597563002,
156.32,object_red_01,RED,-0.251218842,0.210664263,0.0119470289,-2.15940265e-18,1.19112085e-17,-4.52418916e-16,2.93608418e-16,2.59731664e-16,1.56346149e-18,0,0,0,-0.339898779,0.566307363,-0.0597563002,
156.36,object_red_01,RED,-0.251218842,0.210664263,0.0119470289,-2.71746367e-18,1.27045177e-17,-4.50634515e-16,7.59517992e-16,1.18638186e-16,-6.09682789e-19,0,0,0,-0.341081933,0.565595549,-0.0597563002,
156.4,object_red_01,RED,-0.251218842,0.210664263,0.0119470289,-9.1894032e-18,4.55186043e-18,-4.52418916e-16,1.86742771e-15,-2.93440846e-16,-1.60811736e-18,0,0,0,-0.342253596,0.564887321,-0.0597563002,
156.44,object_red_01,RED,-0.251218842,0.210664263,0.0119470289,-3.47897083e-18,7.51294974e-19,-4.47065713e-16,-1.47324885e-16,4.10632428e-16,-1.30662104e-19,0,0,0,-0.343413822,0.564182733,-0.0597563002,
156.48,object_red_01,RED,-0.251218842,0.210664263,0.0119470289,-6.73977235e-18,-6.95481492e-19,-4.52418916e-16,-1.86752836e-16,6.28919546e-16,5.61618426e-19,0,0,0,-0.344562662,0.563481838,-0.0597563002,
156.52,object_red_01,RED,-0.251218842,0.210664263,0.0119470289,-9.25344299e-18,8.04137549e-18,-4.54203317e-16,5.93166596e-16,6.4406959e-17,3.89972739e-19,0,0,0,-0.34570017,0.562784685,-0.0597563002,
156.56,object_red_01,RED,-0.251218842,0.210664263,0.0119470289,-6.60297987e-18,-5.34728551e-19,-4.52418916e-16,2.78231851e-17,-2.03143008e-16,1.64027981e-18,0,0,0,-0.346826399,0.562091326,-0.0597563002,
156.6,object_red_01,RED,-0.251218842,0.210664263,0.0119470289,-6.66135628e-18,2.07347702e-18,-4.50634515e-16,1.92446662e-16,-2.71032521e-16,-9.89681913e-20,0,0,0,-0.347941401,0.561401809,-0.0597563002,
156.64,object_red_01,RED,-0.251218842,0.210664263,0.0119470289,-6.7014356e-18,3.20092583e-18,-4.48850114e-16,5.67404907e-16,-1.96164452e-16,5.88021541e-19,0,0,0,-0.349045231,0.560716182,-0.0597563002,
156.68,object_red_01,RED,-0.251218842,0.210664263,0.0119470289,-6.59339569e-18,-7.29897433e-19,-4.47065713e-16,-1.58006561e-16,-2.34997818e-16,6.98772182e-19,0,0,0,-0.35013794,0.560034492,-0.0597563002,
156.72,object_red_01,RED,-0.251218842,0.210664263,0.0119470289,-7.57185397e-18,-2.04728739e-18,-4.50634515e-16,1.8600624e-16,-2.07932827e-16,1.82614167e-19,0,0,0,-0.351219583,0.559356786,-0.0597563002,
156.76,object_red_01,RED,-0.251218842,0.210664263,0.0119470289,-7.86939938e-18,-1.80550451e-18,-4.54203317e-16,-2.3356371e-16,-1.00012801e-16,4.44254288e-19,0,0,0,-0.352290213,0.558683108,-0.0597563002,
156.8,object_red_01,RED,-0.251218842,0.210664263,0.0119470289,-1.15327367e-17,6.96839371e-19,-4.50634515e-16,1.0636492e-16,-1.42377476e-16,2.38269289e-19,0,0,0,-0.353349884,0.558013503,-0.0597563002,
156.84,object_red_01,RED,-0.251218842,0.210664263,0.0119470289,-1.09067151e-17,9.08648742e-18,-4.50634515e-16,-2.42046218e-16,-2.42702271e-16,-8.12513659e-19,0,0,0,-0.354398648,0.557348013,-0.0597563002,
156.88,object_red_01,RED,-0.251218842,0.210664263,0.0119470289,-1.05616844e-17,5.2658823e-18,-4.52418916e-16,-1.78113245e-16,-9.55745791e-17,-1.20535539e-18,0,0,0,-0.355436561,0.556686681,-0.0597563002,
156.92,object_red_01,RED,-0.251218842,0.210664263,0.0119470289,-8.86049136e-18,2.46425043e-18,-4.50634515e-16,9.80063185e-16,-2.27615508e-16,-5.39020116e-19,0,0,0,-0.356463675,0.556029548,-0.0597563002,
156.96,object_red_01,RED,-0.251218842,0.210664263,0.0119470289,-8.24187571e-18,2.97831132e-18,-4.47065713e-16,4.42837715e-16,-3.44482463e-17,-1.26614869e-18,0,0,0,-0.357480045,0.555376653,-0.0597563002,
157,object_red_01,RED,-0.251218842,0.210664263,0.0119470289,-8.32856903e-18,1.31819844e-17,-4.52418916e-16,2.78999655e-16,9.36392905e-18,-1.15402448e-18,0,0,0,-0.358485724,0.554728037,-0.0597563002,
157.04,object_red_01,RED,-0.251218842,0.210664263,0.0119470289,-7.55965591e-18,1.21346943e-17,-4.52418916e-16,-2.31207458e-16,5.07965887e-16,-8.45886382e-19,0,0,0,-0.359480766,0.554083738,-0.0597563002,
157.08,object_red_01,RED,-0.251218842,0.210664263,0.0119470289,-4.41212205e-18,9.89809373e-18,-4.52418916e-16,6.38563719e-16,1.40721721e-15,-1.35014591e-20,0,0,0,-0.360465226,0.553443792,-0.0597563002,
157.12,object_red_01,RED,-0.251218842,0.210664263,0.0119470289,-8.67664924e-18,5.43229862e-18,-4.50634515e-16,9.79434851e-16,4.94308829e-16,1.25781618e-18,0,0,0,-0.361439157,0.552808235,-0.0597563002,
157.16,object_red_01,RED,-0.251218842,0.210664263,0.0119470289,-3.90764534e-18,1.51454471e-18,-4.54203317e-16,-1.56889363e-17,7.13183783e-16,6.98772182e-19,0,0,0,-0.362402614,0.552177105,-0.0597563002,
157.2,object_red_01,RED,-0.251218842,0.210664263,0.0119470289,-7.05343662e-18,2.14448713e-18,-4.50634515e-16,1.19577545e-17,2.34136956e-17,-7.78937442e-19,0,0,0,-0.36335565,0.551550434,-0.0597563002,
157.24,object_red_01,RED,-0.251218842,0.210664263,0.0119470289,-6.27188981e-18,3.60389729e-18,-4.48850114e-16,-3.78708837e-16,-7.77389248e-16,1.21108644e-19,0,0,0,-0.364298321,0.550928256,-0.0597563002,
157.28,object_red_01,RED,-0.251218842,0.210664263,0.0119470289,-9.21772012e-18,-2.03465369e-18,-4.52418916e-16,2.20721687e-16,-8.80364213e-16,1.47957183e-18,0,0,0,-0.36523068,0.550310603,-0.0597563002,
157.32,object_red_01,RED,-0.251218842,0.210664263,0.0119470289,-9.26433411e-18,-1.03615575e-18,-4.48850114e-16,6.85845844e-16,-4.00642338e-16,3.39707901e-18,0,0,0,-0.366152781,0.549697508,-0.0597563002,
157.36,object_red_01,RED,-0.251218842,0.210664263,0.0119470289,-1.14778455e-17,2.78183551e-18,-4.52418916e-16,5.17452363e-16,-7.25279874e-16,3.36301666e-19,0,0,0,-0.367064679,0.549089001,-0.0597563002,
157.4,object_red_01,RED,-0.251218842,0.210664263,0.0119470289,-7.19850635e-18,1.02749379e-18,-4.50634515e-16,-3.64885492e-16,-7.60201494e-16,3.63264385e-19,0,0,0,-0.367966428,0.548485111,-0.0597563002,
157.44,object_red_01,RED,-0.251218842,0.210664263,0.0119470289,-8.82092025e-19,5.22145796e-19,-4.45281311e-16,5.36145296e-16,-2.16766238e-17,1.17346866e-18,0,0,0,-0.368858083,0.547885867,-0.0597563002,
157.48,object_red_01,RED,-0.251218842,0.210664263,0.0119470289,-1.33254877e-18,-7.29450359e-20,-4.47065713e-16,-6.5955647e-17,-3.93637397e-16,9.97753125e-19,0,0,0,-0.369739698,0.547291298,-0.0597563002,
157.52,object_red_01,RED,-0.251218842,0.210664263,0.0119470289,-3.91287308e-18,2.6350232e-18,-4.48850114e-16,5.38501548e-16,-6.99443325e-16,1.4698042e-18,0,0,0,-0.370611327,0.54670143,-0.0597563002,
157.56,object_red_01,RED,-0.251218842,0.210664263,0.0119470289,-5.79616566e-18,3.09551121e-19,-4.54203317e-16,1.36856727e-17,-4.10283336e-16,1.68514984e-18,0,0,0,-0.371473025,0.546116289,-0.0597563002,
157.6,object_red_01,RED,-0.251218842,0.210664263,0.0119470289,-2.98756347e-18,2.9295191e-18,-4.52418916e-16,-5.22126046e-16,9.0004815e-17,2.35163773e-18,0,0,0,-0.372324846,0.5455359,-0.0597563002,
157.64,object_red_01,RED,-0.251218842,0.210664263,0.0119470289,-3.98301189e-18,2.84151885e-18,-4.55987719e-16,4.22888114e-16,2.10536926e-16,2.68490712e-18,0,0,0,-0.373166845,0.544960287,-0.0597563002,
157.68,object_red_01,RED,-0.251218842,0.210664263,0.0119470289,-8.24884603e-18,1.91141714e-18,-4.50634515e-16,1.02909084e-16,-6.33568899e-16,2.19443999e-18,0,0,0,-0.373999077,0.544389474,-0.0597563002,
157.72,object_red_01,RED,-0.251218842,0.210664263,0.0119470289,-1.14804593e-17,7.06727366e-18,-4.5777212e-16,3.14814686e-16,-8.58721056e-16,1.60222676e-18,0,0,0,-0.374821595,0.543823483,-0.0597563002,
157.76,object_red_01,RED,-0.251218842,0.210664263,0.0119470289,-6.22919661e-18,9.28602418e-19,-4.47065713e-16,6.80976256e-16,-1.90797843e-16,2.06527331e-18,0,0,0,-0.375634454,0.543262336,-0.0597563002,
157.8,object_red_01,RED,-0.251218842,0.210664263,0.0119470289,-6.98329781e-18,2.23293445e-19,-4.50634515e-16,-8.27635784e-17,-3.86374127e-16,8.85883277e-19,0,0,0,-0.376437709,0.542706053,-0.0597563002,
157.84,object_red_01,RED,-0.251218842,0.210664263,0.0119470289,-1.78997584e-18,8.14723718e-18,-4.47065713e-16,-1.82668666e-16,-4.1370481e-16,4.55090249e-19,0,0,0,-0.377231414,0.542154654,-0.0597563002,
157.88,object_red_01,RED,-0.251218842,0.210664263,0.0119470289,-6.88157018e-21,7.11301636e-18,-4.54203317e-16,-2.20997033e-16,-3.58066581e-16,2.45857289e-18,0,0,0,-0.378015624,0.541608158,-0.0597563002,
157.92,object_red_01,RED,-0.251218842,0.210664263,0.0119470289,-7.00682263e-18,-2.84800257e-18,-4.48850114e-16,2.14782171e-15,6.03369017e-17,9.61808471e-20,0,0,0,-0.378790393,0.541066583,-0.0597563002,
157.96,object_red_01,RED,-0.251218842,0.210664263,0.0119470289,-5.2328769e-18,4.68908855e-18,-4.52418916e-16,-3.91903849e-16,-6.53651653e-16,-1.3758084e-19,0,0,0,-0.379555776,0.540529945,-0.0597563002,
158,object_red_01,RED,-0.251218842,0.210664263,0.0119470289,-5.56396697e-18,8.41515875e-18,-4.48850114e-16,-2.95297514e-16,-3.9013554e-16,1.10066931e-18,0,0,0,-0.380311827,0.539998262,-0.0597563002,
158.04,object_red_01,RED,-0.251218842,0.210664263,0.0119470289,-5.91248283e-18,5.81348785e-18,-4.47065713e-16,5.05199853e-16,3.88103301e-17,3.01250131e-19,0,0,0,-0.381058601,0.539471548,-0.0597563002,
158.08,object_red_01,RED,-0.251218842,0.210664263,0.0119470289,-9.37237403e-18,3.15256925e-18,-4.50634515e-16,1.09174953e-15,-1.09072713e-16,1.18822184e-18,0,0,0,-0.381796152,0.538949819,-0.0597563002,
158.12,object_red_01,RED,-0.251218842,0.210664263,0.0119470289,-8.80167931e-18,2.74132054e-18,-4.55987719e-16,8.03658447e-16,2.0876176e-16,2.1430808e-19,0,0,0,-0.382524535,0.538433087,-0.0597563002,
158.16,object_red_01,RED,-0.251218842,0.210664263,0.0119470289,-6.83692115e-18,1.10416728e-18,-4.55987719e-16,5.84841172e-16,2.9139879e-17,-9.72865527e-19,0,0,0,-0.383243804,0.537921365,-0.0597563002,
158.2,object_red_01,RED,-0.251218842,0.210664263,0.0119470289,-4.06404183e-18,5.0511094e-18,-4.50634515e-16,6.41705389e-16,1.83052841e-16,-9.83243631e-19,0,0,0,-0.383954014,0.537414666,-0.0597563002,
158.24,object_red_01,RED,-0.251218842,0.210664263,0.0119470289,7.82942499e-19,4.48041468e-18,-4.52418916e-16,-1.18706038e-15,-4.57172138e-16,-1.19156879e-18,0,0,0,-0.38465522,0.536913001,-0.0597563002,
158.28,object_red_01,RED,-0.251218842,0.210664263,0.0119470289,-3.12958368e-18,6.7226786e-18,-4.50634515e-16,-1.02667815e-15,-8.41352901e-16,-8.35610025e-19,0,0,0,-0.385347474,0.53641638,-0.0597563002,
158.32,object_red_01,RED,-0.251218842,0.210664263,0.0119470289,-1.92901911e-19,3.4261542e-18,-4.5777212e-16,-5.23539797e-16,-4.62231944e-16,-4.80414356e-19,0,0,0,-0.386030833,0.535924812,-0.0597563002,
158.36,object_red_01,RED,-0.251218842,0.210664263,0.0119470289,2.0036193e-18,6.01868799e-19,-4.54203317e-16,-1.9146534e-16,-2.97664305e-16,-3.0744597e-19,0,0,0,-0.386705351,0.535438307,-0.0597563002,
158.4,object_red_01,RED,-0.251218842,0.210664263,0.0119470289,-1.49243043e-18,1.36555418e-18,-4.54203317e-16,-8.33151318e-16,-3.98362787e-16,-7.04058116e-21,0,0,0,-0.387371082,0.534956871,-0.0597563002,
158.44,object_red_01,RED,-0.251218842,0.210664263,0.0119470289,-2.73140431e-18,6.24869703e-18,-4.52418916e-16,-8.20741724e-16,1.5466614e-16,-1.03523589e-18,0,0,0,-0.38802808,0.534480512,-0.0597563002,
158.48,object_red_01,RED,-0.251218842,0.210664263,0.0119470289,-5.36226341e-18,6.06093411e-18,-4.48850114e-16,-1.08307112e-15,-2.34033227e-16,-4.05020489e-19,0,0,0,-0.3886764,0.534009237,-0.0597563002,
158.52,object_red_01,RED,-0.251218842,0.210664263,0.0119470289,2.01276784e-18,5.42663524e-18,-4.5777212e-16,-8.44914965e-17,2.82834593e-16,-6.25758674e-19,0,0,0,-0.389316096,0.53354305,-0.0597563002,
158.56,object_red_01,RED,-0.251218842,0.210664263,0.0119470289,-5.20717385e-18,-1.41341274e-19,-4.52418916e-16,8.99008114e-16,4.79443579e-16,1.02201957e-18,0,0,0,-0.389947223,0.533081956,-0.0597563002,
158.6,object_red_01,RED,-0.251218842,0.210664263,0.0119470289,-7.152328e-18,8.78079047e-20,-4.54203317e-16,-8.24494114e-17,-4.67019843e-17,6.47085158e-19,0,0,0,-0.390569835,0.532625959,-0.0597563002,
158.64,object_red_01,RED,-0.251218842,0.210664263,0.0119470289,-1.03381986e-17,2.15581389e-18,-4.55987719e-16,6.97312937e-16,-5.19857568e-17,-3.43057108e-19,0,0,0,-0.391183987,0.532175062,-0.0597563002,
158.68,object_red_01,RED,-0.251218842,0.210664263,0.0119470289,-3.73905079e-18,-4.20198669e-18,-4.52418916e-16,1.79406973e-15,-9.28591293e-16,1.24774332e-18,0,0,0,-0.391789733,0.531729267,-0.0597563002,
158.72,object_red_01,RED,-0.251218842,0.210664263,0.0119470289,-5.88852236e-18,4.07221548e-18,-4.55987719e-16,2.72087982e-16,-8.12833047e-16,-9.34252879e-19,0,0,0,-0.392387127,0.531288576,-0.0597563002,
158.76,object_red_01,RED,-0.251218842,0.210664263,0.0119470289,-7.42721988e-18,4.69126678e-18,-4.52418916e-16,-1.35386541e-16,-6.72983271e-17,1.73164781e-18,0,0,0,-0.392976223,0.530852989,-0.0597563002,
158.8,object_red_01,RED,-0.251218842,0.210664263,0.0119470289,-8.3438166e-18,2.31133909e-18,-4.55987719e-16,-2.04660352e-16,1.32721701e-16,-6.9919677e-20,0,0,0,-0.393557077,0.530422507,-0.0597563002,
158.84,object_red_01,RED,-0.251218842,0.210664263,0.0119470289,-9.07613555e-18,2.43333107e-19,-4.52418916e-16,1.1800671e-17,9.72179451e-16,2.08796269e-18,0,0,0,-0.394129742,0.529997127,-0.0597563002,
158.88,object_red_01,RED,-0.251218842,0.210664263,0.0119470289,-1.29726154e-18,7.160066e-18,-4.54203317e-16,-2.40143603e-17,7.60312506e-16,5.18579821e-19,0,0,0,-0.394694273,0.529576849,-0.0597563002,
158.92,object_red_01,RED,-0.251218842,0.210664263,0.0119470289,9.47928451e-18,1.5636843e-17,-4.50634515e-16,-3.31897963e-16,8.39601001e-16,2.28941999e-18,0,0,0,-0.395250724,0.529161671,-0.0597563002,
158.96,object_red_01,RED,-0.251218842,0.210664263,0.0119470289,4.64667646e-18,9.27468599e-18,-4.50634515e-16,-8.96752511e-17,-4.86733284e-16,2.31699318e-18,0,0,0,-0.395799149,0.528751588,-0.0597563002,
159,object_red_01,RED,-0.251218842,0.210664263,0.0119470289,3.61942596e-18,1.36424724e-18,-4.52418916e-16,2.97221337e-16,8.01730386e-16,3.72777646e-19,0,0,0,-0.396339603,0.528346597,-0.0597563002,
159.04,object_red_01,RED,-0.251218842,0.210664263,0.0119470289,8.01638918e-18,6.82069868e-18,-4.48850114e-16,5.14939028e-16,4.38599422e-16,1.0299049e-18,0,0,0,-0.396872141,0.527946694,-0.0597563002,
159.08,object_red_01,RED,-0.251218842,0.210664263,0.0119470289,8.61670775e-18,9.25290375e-18,-4.54203317e-16,-6.92543999e-17,9.16210567e-17,6.14882514e-19,0,0,0,-0.397396816,0.527551873,-0.0597563002,
159.12,object_red_01,RED,-0.251218842,0.210664263,0.0119470289,7.6482693e-18,6.48002443e-18,-4.59556521e-16,-2.87286257e-16,1.31897013e-16,-1.24941145e-18,0,0,0,-0.397913683,0.527162128,-0.0597563002,
159.16,object_red_01,RED,-0.251218842,0.210664263,0.0119470289,6.53563242e-18,3.65965983e-18,-4.54203317e-16,-1.3083112e-16,4.37510962e-17,-1.21664921e-18,0,0,0,-0.398422796,0.526777452,-0.0597563002,
159.2,object_red_01,RED,-0.251218842,0.210664263,0.0119470289,7.07975281e-18,8.78067618e-19,-4.52418916e-16,8.38845145e-16,6.95919407e-17,2.98197748e-19,0,0,0,-0.39892421,0.526397837,-0.0597563002,
159.24,object_red_01,RED,-0.251218842,0.210664263,0.0119470289,8.80359938e-18,4.97487156e-18,-4.54203317e-16,4.39224795e-16,-5.57556453e-16,1.96197273e-19,0,0,0,-0.399417979,0.526023276,-0.0597563002,
159.28,object_red_01,RED,-0.251218842,0.210664263,0.0119470289,8.9534612e-18,3.43791661e-18,-4.52418916e-16,7.68314666e-16,2.8669541e-16,-1.84284564e-18,0,0,0,-0.399904157,0.525653758,-0.0597563002,
159.32,object_red_01,RED,-0.251218842,0.210664263,0.0119470289,1.20657078e-17,-9.68630797e-19,-4.54203317e-16,4.51320222e-16,7.88280113e-16,6.67993984e-19,0,0,0,-0.400382799,0.525289275,-0.0597563002,
159.36,object_red_01,RED,-0.251218842,0.210664263,0.0119470289,7.63999205e-18,2.76877759e-19,-4.54203317e-16,6.22855372e-16,7.2287387e-16,1.96983546e-18,0,0,0,-0.400853959,0.524929815,-0.0597563002,
159.4,object_red_01,RED,-0.251218842,0.210664263,0.0119470289,-3.13524706e-18,2.01379368e-18,-4.5777212e-16,1.23987925e-15,4.16971605e-16,3.52733663e-19,0,0,0,-0.401317692,0.524575369,-0.0597563002,
159.44,object_red_01,RED,-0.251218842,0.210664263,0.0119470289,-4.89220264e-18,3.67534304e-18,-4.59556521e-16,3.83617246e-16,-9.05601268e-16,-5.62269102e-19,0,0,0,-0.401774053,0.524225923,-0.0597563002,
159.48,object_red_01,RED,-0.251218842,0.210664263,0.0119470289,-2.58284942e-18,8.15638572e-18,-4.54203317e-16,1.05579503e-16,-8.94842891e-16,-6.636591e-19,0,0,0,-0.402223094,0.523881466,-0.0597563002,
159.52,object_red_01,RED,-0.251218842,0.210664263,0.0119470289,-2.40031424e-18,6.41293513e-18,-4.55987719e-16,2.77114653e-16,-2.13562674e-16,3.27805866e-19,0,0,0,-0.402664872,0.523541983,-0.0597563002,
159.56,object_red_01,RED,-0.251218842,0.210664263,0.0119470289,7.62953658e-18,6.9958279e-18,-4.5777212e-16,-2.94355013e-16,9.11365444e-16,-1.31900579e-18,0,0,0,-0.403099441,0.523207462,-0.0597563002,
159.6,object_red_01,RED,-0.251218842,0.210664263,0.0119470289,2.82350286e-18,4.3649688e-18,-4.48850114e-16,5.18569561e-17,6.37119794e-16,1.03356776e-18,0,0,0,-0.403526855,0.522877887,-0.0597563002,
159.64,object_red_01,RED,-0.251218842,0.210664263,0.0119470289,5.03091519e-18,8.170762e-18,-4.55987719e-16,7.33773916e-17,-2.60099266e-16,8.60751988e-19,0,0,0,-0.403947168,0.522553244,-0.0597563002,
159.68,object_red_01,RED,-0.251218842,0.210664263,0.0119470289,7.47749653e-18,1.04269666e-17,-4.55987719e-16,3.77194437e-17,-3.75105843e-16,9.34845752e-20,0,0,0,-0.404360436,0.522233516,-0.0597563002,
159.72,object_red_01,RED,-0.251218842,0.210664263,0.0119470289,5.79503622e-18,9.11872514e-18,-4.61340922e-16,-3.24200873e-16,-1.75375437e-16,1.3920193e-18,0,0,0,-0.404766713,0.521918687,-0.0597563002,
159.76,object_red_01,RED,-0.251218842,0.210664263,0.0119470289,1.00817813e-17,9.29341871e-18,-4.55987719e-16,-1.72929491e-16,6.9071287e-16,-4.63654526e-20,0,0,0,-0.405166053,0.521608739,-0.0597563002,
159.8,object_red_01,RED,-0.251218842,0.210664263,0.0119470289,6.94426727e-18,7.82224614e-18,-4.54203317e-16,-3.52318814e-16,3.55231665e-16,1.07258739e-18,0,0,0,-0.405558512,0.521303655,-0.0597563002,
159.84,object_red_01,RED,-0.251218842,0.210664263,0.0119470289,1.10563188e-17,7.41448258e-18,-4.47065713e-16,-1.31930705e-16,3.00848263e-16,4.5676906e-19,0,0,0,-0.405944144,0.521003416,-0.0597563002,
159.88,object_red_01,RED,-0.251218842,0.210664263,0.0119470289,4.688934e-18,9.50252823e-18,-4.47065713e-16,6.84432093e-16,8.21567696e-16,1.21820867e-19,0,0,0,-0.406323004,0.520708002,-0.0597563002,
159.92,object_red_01,RED,-0.251218842,0.210664263,0.0119470289,-9.89122702e-18,1.14598804e-17,-4.52418916e-16,4.76924828e-16,2.476436e-16,1.77234626e-18,0,0,0,-0.406695147,0.520417395,-0.0597563002,
159.96,object_red_01,RED,-0.251218842,0.210664263,0.0119470289,-1.04593079e-17,5.18877317e-18,-4.54203317e-16,1.81293736e-16,-6.25075347e-16,-1.11332603e-18,0,0,0,-0.407060628,0.520131573,-0.0597563002,
160,object_red_01,RED,-0.251218842,0.210664263,0.0119470289,-9.951346e-18,7.53079975e-18,-4.50634515e-16,-2.89642509e-16,-6.07137071e-17,-9.22297711e-19,0,0,0,-0.407419501,0.519850515,-0.0597563002,
160.04,object_red_01,RED,-0.251218842,0.210664263,0.0119470289,-4.64257816e-18,-1.02395769e-18,-4.52418916e-16,7.3862589e-16,5.01839632e-16,7.66535091e-19,0,0,0,-0.407771822,0.5195742,-0.0597563002,
160.08,object_red_01,RED,-0.251218842,0.210664263,0.0119470289,-4.13156678e-18,-6.13973488e-18,-4.55987719e-16,1.33570016e-15,2.29917712e-16,-1.23394604e-18,0,0,0,-0.408117645,0.519302604,-0.0597563002,
160.12,object_red_01,RED,-0.251218842,0.210664263,0.0119470289,-4.69267731e-18,1.85565461e-18,-4.52418916e-16,1.00189779e-15,8.51432043e-17,-8.73052594e-19,0,0,0,-0.408457026,0.519035707,-0.0597563002,
160.16,object_red_01,RED,-0.251218842,0.210664263,0.0119470289,-8.63744121e-18,5.4593086e-18,-4.54203317e-16,3.7293557e-16,-8.28068303e-16,-2.4081979e-18,0,0,0,-0.408790021,0.518773482,-0.0597563002,
160.2,object_red_01,RED,-0.251218842,0.210664263,0.0119470289,-7.45902196e-18,5.29463486e-18,-4.55987719e-16,2.25748358e-16,-3.67584858e-16,-5.34797652e-19,0,0,0,-0.409116684,0.518515908,-0.0597563002,
160.24,object_red_01,RED,-0.251218842,0.210664263,0.0119470289,-4.06752699e-18,7.10212524e-18,-4.54203317e-16,1.7830915e-16,3.47018531e-16,1.34284765e-19,0,0,0,-0.40943707,0.518262957,-0.0597563002,
160.28,object_red_01,RED,-0.251218842,0.210664263,0.0119470289,-1.84835225e-18,5.10774323e-18,-4.61340922e-16,-3.3582505e-16,7.39963447e-16,-1.08829649e-18,0,0,0,-0.409751235,0.518014606,-0.0597563002,
160.32,object_red_01,RED,-0.251218842,0.210664263,0.0119470289,-1.66015368e-18,7.74731523e-18,-4.55987719e-16,5.02529434e-16,1.25361482e-16,-1.16012924e-18,0,0,0,-0.410059235,0.517770828,-0.0597563002,
160.36,object_red_01,RED,-0.251218842,0.210664263,0.0119470289,-4.46265685e-18,7.69329527e-18,-4.55987719e-16,2.75543818e-16,-3.86380877e-16,-1.19253538e-18,0,0,0,-0.410361125,0.517531597,-0.0597563002,
160.4,object_red_01,RED,-0.251218842,0.210664263,0.0119470289,-4.72273681e-18,5.87404248e-18,-4.55987719e-16,5.14624861e-16,2.67259478e-17,2.74643524e-19,0,0,0,-0.410656961,0.517296885,-0.0597563002,
160.44,object_red_01,RED,-0.251218842,0.210664263,0.0119470289,-8.19831123e-18,5.45364522e-18,-4.52418916e-16,2.14438348e-16,2.50338564e-16,5.68537161e-19,0,0,0,-0.410946799,0.517066665,-0.0597563002,
160.48,object_red_01,RED,-0.251218842,0.210664263,0.0119470289,-5.02986641e-18,5.56168514e-18,-4.54203317e-16,1.66842057e-16,6.09298225e-16,-1.4196327e-18,0,0,0,-0.411230693,0.516840908,-0.0597563002,
160.52,object_red_01,RED,-0.251218842,0.210664263,0.0119470289,-2.1598383e-18,6.72006473e-18,-4.52418916e-16,-5.93581412e-17,2.52773003e-18,-5.29048997e-19,0,0,0,-0.411508701,0.516619585,-0.0597563002,
160.56,object_red_01,RED,-0.251218842,0.210664263,0.0119470289,-3.20059379e-18,7.44933417e-18,-4.45281311e-16,5.3677363e-16,1.73560336e-16,-1.76846923e-18,0,0,0,-0.411780879,0.516402667,-0.0597563002,
160.6,object_red_01,RED,-0.251218842,0.210664263,0.0119470289,-3.56087206e-18,6.95966938e-18,-4.47065713e-16,3.90843086e-16,3.57536374e-16,-2.89540914e-18,0,0,0,-0.412047281,0.516190125,-0.0597563002,
160.64,object_red_01,RED,-0.251218842,0.210664263,0.0119470289,-3.49116889e-18,4.68995984e-18,-4.50634515e-16,7.44123812e-16,1.16133441e-16,-2.38835741e-18,0,0,0,-0.412307966,0.515981926,-0.0597563002,
160.68,object_red_01,RED,-0.251218842,0.210664263,0.0119470289,-1.08561803e-17,3.40001551e-18,-4.55987719e-16,6.71551248e-16,6.38872336e-17,-1.69608269e-20,0,0,0,-0.412562988,0.515778041,-0.0597563002,
160.72,object_red_01,RED,-0.251218842,0.210664263,0.0119470289,-4.61338996e-18,2.20068531e-18,-4.55987719e-16,1.56205744e-15,7.00601765e-16,1.79205673e-19,0,0,0,-0.412812405,0.515578437,-0.0597563002,
160.76,object_red_01,RED,-0.251218842,0.210664263,0.0119470289,-7.94999367e-18,-2.2398424e-18,-4.55987719e-16,1.60446998e-15,-2.26154509e-16,-1.92421993e-19,0,0,0,-0.413056273,0.515383083,-0.0597563002,
160.8,object_red_01,RED,-0.251218842,0.210664263,0.0119470289,-1.1704889e-18,6.84596608e-18,-4.52418916e-16,5.49968642e-16,3.40436979e-16,2.29715269e-18,0,0,0,-0.413294648,0.515191945,-0.0597563002,
160.84,object_red_01,RED,-0.251218842,0.210664263,0.0119470289,4.61872262e-19,4.01688859e-18,-4.48850114e-16,7.42552977e-16,8.19236602e-16,2.57247766e-18,0,0,0,-0.413527588,0.51500499,-0.0597563002,
160.88,object_red_01,RED,-0.251218842,0.210664263,0.0119470289,-1.09873094e-17,-5.87965492e-18,-4.52418916e-16,2.1583463e-15,7.36288632e-17,-9.22348584e-19,0,0,0,-0.41375515,0.514822185,-0.0597563002,
160.92,object_red_01,RED,-0.251218842,0.210664263,0.0119470289,-2.4708887e-18,5.68366569e-18,-4.54203317e-16,1.2640701e-15,9.70349674e-16,-3.50637194e-19,0,0,0,-0.41397739,0.514643495,-0.0597563002,
160.96,object_red_01,RED,-0.251218842,0.210664263,0.0119470289,-6.59426698e-18,3.65661032e-18,-4.48850114e-16,1.7639097e-15,9.29566264e-16,-3.33798212e-19,0,0,0,-0.414194366,0.514468885,-0.0597563002,
161,object_red_01,RED,-0.251218842,0.210664263,0.0119470289,-5.57834324e-18,6.33277648e-18,-4.47065713e-16,8.78273096e-16,1.01670771e-15,-1.97399637e-18,0,0,0,-0.414406135,0.514298319,-0.0597563002,
161.04,object_red_01,RED,-0.251218842,0.210664263,0.0119470289,-6.77985167e-18,6.53491568e-18,-4.48850114e-16,7.6171716e-16,1.11262987e-15,-2.54987935e-18,0,0,0,-0.414612755,0.514131763,-0.0597563002,
161.08,object_red_01,RED,-0.251218842,0.210664263,0.0119470289,-8.81344172e-18,8.33195058e-18,-4.48850114e-16,9.9388653e-16,6.95403284e-16,3.9765457e-19,0,0,0,-0.414814283,0.513969179,-0.0597563002,
161.12,object_red_01,RED,-0.251218842,0.210664263,0.0119470289,-2.19599682e-18,6.17899386e-18,-4.48850114e-16,9.25241054e-16,2.89038777e-16,-3.03566616e-18,0,0,0,-0.415010777,0.51381053,-0.0597563002,
161.16,object_red_01,RED,-0.251218842,0.210664263,0.0119470289,-7.50824982e-18,7.87931561e-18,-4.52418916e-16,7.87007599e-16,-6.69446518e-16,-1.42304119e-18,0,0,0,-0.415202295,0.51365578,-0.0597563002,
161.2,object_red_01,RED,-0.251218842,0.210664263,0.0119470289,-5.16840146e-18,-4.0242436e-18,-4.54203317e-16,1.17830252e-15,-5.08354965e-16,-9.44681855e-19,0,0,0,-0.415388896,0.51350489,-0.0597563002,
161.24,object_red_01,RED,-0.251218842,0.210664263,0.0119470289,-6.81601019e-18,-1.44653317e-18,-4.47065713e-16,1.3438685e-15,6.07910245e-16,6.59622525e-20,0,0,0,-0.415570636,0.513357821,-0.0597563002,
161.28,object_red_01,RED,-0.251218842,0.210664263,0.0119470289,-2.01520422e-18,9.13571529e-18,-4.54203317e-16,7.07069726e-17,7.50929837e-16,-4.05630966e-19,0,0,0,-0.415747576,0.513214535,-0.0597563002,
161.32,object_red_01,RED,-0.251218842,0.210664263,0.0119470289,-8.70714438e-18,6.67824283e-18,-4.54203317e-16,3.52514719e-16,6.63941797e-16,-7.98676188e-19,0,0,0,-0.415919772,0.513074993,-0.0597563002,
161.36,object_red_01,RED,-0.251218842,0.210664263,0.0119470289,-9.27522523e-18,4.98532703e-18,-4.52418916e-16,4.52594503e-17,5.03967622e-16,-1.5149688e-18,0,0,0,-0.416087285,0.512939155,-0.0597563002,
161.4,object_red_01,RED,-0.251218842,0.210664263,0.0119470289,-1.73159943e-18,7.0210953e-18,-4.54203317e-16,1.3182639e-15,4.21025708e-16,-1.30989952e-18,0,0,0,-0.416250174,0.51280698,-0.0597563002,
161.44,object_red_01,RED,-0.251218842,0.210664263,0.0119470289,-3.32649514e-18,1.15099796e-17,-4.52418916e-16,5.08341522e-16,8.41675608e-16,9.91444866e-19,0,0,0,-0.416408496,0.512678428,-0.0597563002,
161.48,object_red_01,RED,-0.251218842,0.210664263,0.0119470289,-2.96970203e-18,4.3192261e-18,-4.52418916e-16,1.03912657e-15,4.05281772e-16,-4.88073592e-20,0,0,0,-0.416562312,0.512553456,-0.0597563002,
161.52,object_red_01,RED,-0.251218842,0.210664263,0.0119470289,-5.92388216e-19,9.66763762e-18,-4.54203317e-16,-6.90973164e-17,7.86584103e-16,-1.45030915e-18,0,0,0,-0.416711682,0.512432025,-0.0597563002,
161.56,object_red_01,RED,-0.251218842,0.210664263,0.0119470289,1.005557e-18,5.22536733e-18,-4.55987719e-16,9.60150245e-18,2.96239458e-16,-1.1709652e-18,0,0,0,-0.416856664,0.512314091,-0.0597563002,
161.6,object_red_01,RED,-0.251218842,0.210664263,0.0119470289,-3.87061553e-18,5.57519013e-18,-4.54203317e-16,3.75605989e-16,2.53433599e-16,-1.65339438e-18,0,0,0,-0.416997319,0.512199611,-0.0597563002,
161.64,object_red_01,RED,-0.251218842,0.210664263,0.0119470289,-5.23766899e-18,6.35935081e-18,-4.5777212e-16,5.38501548e-16,-3.31467932e-16,-1.44873208e-18,0,0,0,-0.417133706,0.512088544,-0.0597563002,
161.68,object_red_01,RED,-0.251218842,0.210664263,0.0119470289,-8.65878781e-18,5.66928941e-18,-4.55987719e-16,-6.2909989e-16,-9.51475777e-16,5.65586524e-19,0,0,0,-0.417265887,0.511980844,-0.0597563002,
161.72,object_red_01,RED,-0.251218842,0.210664263,0.0119470289,-1.39920243e-18,3.97637362e-18,-4.55987719e-16,-3.72111331e-16,-1.02702188e-15,-6.92046265e-19,0,0,0,-0.417393922,0.511876469,-0.0597563002,
161.76,object_red_01,RED,-0.251218842,0.210664263,0.0119470289,-2.56063154e-18,-2.9638841e-18,-4.50634515e-16,9.27440222e-16,-1.00225117e-15,7.44252693e-19,0,0,0,-0.41751787,0.511775374,-0.0597563002,
161.8,object_red_01,RED,-0.251218842,0.210664263,0.0119470289,-4.31323067e-18,8.64953566e-18,-4.59556521e-16,9.14088127e-16,-1.17776188e-15,-5.31847015e-19,0,0,0,-0.417637795,0.511677514,-0.0597563002,
161.84,object_red_01,RED,-0.251218842,0.210664263,0.0119470289,-4.90745021e-18,1.42053141e-17,-4.5777212e-16,9.72837345e-16,-1.52154581e-15,-5.48889488e-19,0,0,0,-0.417753755,0.511582843,-0.0597563002,
161.88,object_red_01,RED,-0.251218842,0.210664263,0.0119470289,-4.66915249e-18,5.49154632e-18,-4.55987719e-16,9.30110641e-16,-1.02131288e-15,1.93758194e-18,0,0,0,-0.417865814,0.511491316,-0.0597563002,
161.92,object_red_01,RED,-0.251218842,0.210664263,0.0119470289,-3.5700206e-18,7.21757112e-18,-4.59556521e-16,5.00487349e-16,-1.10675892e-15,1.46731142e-18,0,0,0,-0.417974032,0.511402888,-0.0597563002,
161.96,object_red_01,RED,-0.251218842,0.210664263,0.0119470289,1.55839029e-18,6.31317246e-18,-4.54203317e-16,7.73498421e-16,-1.52604293e-15,1.05356087e-18,0,0,0,-0.418078472,0.51131751,-0.0597563002,
162,object_red_01,RED,-0.251218842,0.210664263,0.0119470289,-1.15132053e-18,7.03329336e-18,-4.55987719e-16,-4.93536854e-16,-9.62656316e-16,4.54174534e-19,0,0,0,-0.418179195,0.511235137,-0.0597563002,
162.04,object_red_01,RED,-0.251218842,0.210664263,0.0119470289,-1.37611326e-18,8.59900086e-18,-4.52418916e-16,-2.43302885e-16,-1.45263096e-15,1.5109605e-18,0,0,0,-0.418276264,0.511155722,-0.0597563002,
162.08,object_red_01,RED,-0.251218842,0.210664263,0.0119470289,-7.43898229e-18,5.17004044e-18,-4.50634515e-16,-5.2603552e-17,-6.90257624e-16,-7.24633297e-20,0,0,0,-0.418369742,0.511079215,-0.0597563002,
162.12,object_red_01,RED,-0.251218842,0.210664263,0.0119470289,-4.5720037e-18,7.07990736e-18,-4.55987719e-16,2.72559233e-16,-1.05856314e-15,-6.8797642e-19,0,0,0,-0.41845969,0.51100557,-0.0597563002,
162.16,object_red_01,RED,-0.251218842,0.210664263,0.0119470289,2.03890653e-18,4.37585992e-18,-4.5777212e-16,5.49968642e-16,-1.94213128e-15,-1.80408037e-18,0,0,0,-0.418546173,0.510934738,-0.0597563002,
162.2,object_red_01,RED,-0.251218842,0.210664263,0.0119470289,7.58640774e-18,8.51884221e-18,-4.55987719e-16,2.57793386e-16,-6.48164776e-16,-6.72256646e-19,0,0,0,-0.418629253,0.510866669,-0.0597563002,
162.24,object_red_01,RED,-0.251218842,0.210664263,0.0119470289,-6.95636039e-19,6.90172862e-18,-4.54203317e-16,-1.05226515e-16,-1.16547562e-15,-6.00780004e-19,0,0,0,-0.418708995,0.510801314,-0.0597563002,
162.28,object_red_01,RED,-0.251218842,0.210664263,0.0119470289,7.34375357e-18,5.704141e-18,-4.59556521e-16,-9.07748354e-17,-6.21331115e-16,3.32689679e-19,0,0,0,-0.418785462,0.510738624,-0.0597563002,
162.32,object_red_01,RED,-0.251218842,0.210664263,0.0119470289,9.27714531e-18,6.94267924e-18,-4.52418916e-16,-5.87629853e-16,-6.94549807e-16,-8.89789829e-19,0,0,0,-0.418858718,0.510678548,-0.0597563002,
162.36,object_red_01,RED,-0.251218842,0.210664263,0.0119470289,-4.37770611e-18,8.20997003e-18,-4.55987719e-16,-1.79701549e-15,-1.22257117e-15,-1.37618711e-18,0,0,0,-0.418928827,0.510621036,-0.0597563002,
162.4,object_red_01,RED,-0.251218842,0.210664263,0.0119470289,-4.15080772e-19,7.7499291e-18,-4.55987719e-16,-1.6696208e-15,-5.38124737e-16,-1.73904201e-19,0,0,0,-0.418995855,0.510566037,-0.0597563002,
162.44,object_red_01,RED,-0.251218842,0.210664263,0.0119470289,2.84789897e-18,9.87500456e-18,-4.61340922e-16,-6.28471556e-16,-2.96854957e-16,-7.02678733e-19,0,0,0,-0.419059866,0.5105135,-0.0597563002,
162.48,object_red_01,RED,-0.251218842,0.210664263,0.0119470289,1.28916179e-18,8.330208e-18,-4.63125323e-16,-2.37962047e-16,-4.07187687e-16,-2.07734783e-19,0,0,0,-0.419120925,0.510463372,-0.0597563002,
162.52,object_red_01,RED,-0.251218842,0.210664263,0.0119470289,-4.93750971e-18,4.78057397e-18,-4.5777212e-16,-2.99224601e-16,-2.68564592e-16,-5.24928279e-19,0,0,0,-0.419179098,0.510415603,-0.0597563002,
162.56,object_red_01,RED,-0.251218842,0.210664263,0.0119470289,-6.42305856e-18,2.50999313e-18,-4.54203317e-16,-4.94950606e-16,-2.29329314e-16,4.0248751e-19,0,0,0,-0.419234451,0.51037014,-0.0597563002,
162.6,object_red_01,RED,-0.251218842,0.210664263,0.0119470289,-6.80991117e-18,5.55079402e-18,-4.50634515e-16,-6.58788666e-16,-6.30722988e-16,9.71502629e-19,0,0,0,-0.419287049,0.510326929,-0.0597563002,
162.64,object_red_01,RED,-0.251218842,0.210664263,0.0119470289,-6.11287945e-18,5.08770357e-18,-4.52418916e-16,-2.85244172e-16,-4.6379787e-16,1.05391698e-18,0,0,0,-0.41933696,0.510285918,-0.0597563002,
162.68,object_red_01,RED,-0.251218842,0.210664263,0.0119470289,-6.78210246e-19,5.32556564e-18,-4.52418916e-16,-3.04565439e-16,-4.46920601e-16,8.36994272e-19,0,0,0,-0.419384249,0.510247054,-0.0597563002,
162.72,object_red_01,RED,-0.251218842,0.210664263,0.0119470289,5.92877918e-18,7.64101789e-18,-4.54203317e-16,-8.30166732e-16,-3.576751e-16,-3.57329841e-20,0,0,0,-0.419428984,0.510210282,-0.0597563002,
162.76,object_red_01,RED,-0.251218842,0.210664263,0.0119470289,7.30193167e-18,6.76275792e-18,-4.55987719e-16,-1.79526996e-16,-5.71037406e-16,9.43064591e-19,0,0,0,-0.419471232,0.510175548,-0.0597563002,
162.8,object_red_01,RED,-0.251218842,0.210664263,0.0119470289,9.34815541e-18,5.84877508e-18,-4.50634515e-16,-6.03181117e-16,-5.30555277e-16,1.44935323e-18,0,0,0,-0.419511061,0.510142798,-0.0597563002,
162.84,object_red_01,RED,-0.251218842,0.210664263,0.0119470289,8.32831088e-18,9.62407314e-18,-4.52418916e-16,-8.85460114e-16,-7.08972033e-16,-2.37749885e-19,0,0,0,-0.419548537,0.510111977,-0.0597563002,
162.88,object_red_01,RED,-0.251218842,0.210664263,0.0119470289,5.14069769e-18,6.45475703e-18,-4.52418916e-16,-2.94355013e-16,-7.9358664e-16,-4.24962727e-19,0,0,0,-0.419583731,0.510083029,-0.0597563002,
162.92,object_red_01,RED,-0.251218842,0.210664263,0.0119470289,-1.77516392e-18,7.17226406e-18,-4.61340922e-16,-3.61743822e-16,-5.99227752e-16,1.00838559e-18,0,0,0,-0.41961671,0.5100559,-0.0597563002,
162.96,object_red_01,RED,-0.251218842,0.210664263,0.0119470289,3.69951204e-19,6.91566926e-18,-4.59556521e-16,-4.29289715e-16,-4.09017464e-16,1.22388385e-18,0,0,0,-0.419647542,0.510030532,-0.0597563002,
163,object_red_01,RED,-0.251218842,0.210664263,0.0119470289,-3.72336758e-18,4.8703168e-18,-4.55987719e-16,-6.83293687e-16,-4.37560022e-16,1.5606126e-18,0,0,0,-0.419676298,0.510006871,-0.0597563002,
163.04,object_red_01,RED,-0.251218842,0.210664263,0.0119470289,-2.98146444e-18,8.10628656e-18,-4.55987719e-16,-9.01953878e-16,-3.81867181e-16,3.89565754e-19,0,0,0,-0.419703047,0.509984859,-0.0597563002,
163.08,object_red_01,RED,-0.251218842,0.210664263,0.0119470289,-1.0283743e-17,6.98711501e-18,-4.54203317e-16,-8.09902964e-16,-6.15839943e-16,-2.13475523e-18,0,0,0,-0.419727857,0.509964439,-0.0597563002,
163.12,object_red_01,RED,-0.251218842,0.210664263,0.0119470289,-1.09193488e-17,9.22545812e-18,-4.55987719e-16,-8.57185089e-16,-1.5226944e-16,-4.23321787e-18,0,0,0,-0.419750801,0.509945555,-0.0597563002,
163.16,object_red_01,RED,-0.251218842,0.210664263,0.0119470289,-1.0922834e-17,6.85772849e-18,-4.50634515e-16,-1.07301778e-15,-4.55657755e-16,-3.16152609e-18,0,0,0,-0.419771947,0.509928148,-0.0597563002,
163.2,object_red_01,RED,-0.251218842,0.210664263,0.0119470289,4.41665599e-18,8.0104447e-18,-4.52418916e-16,-6.72612011e-16,-6.98629068e-16,-2.88116469e-18,0,0,0,-0.419791367,0.509912161,-0.0597563002,
163.24,object_red_01,RED,-0.251218842,0.210664263,0.0119470289,4.2349921e-18,8.96494252e-18,-4.54203317e-16,-3.39280886e-16,-6.74641318e-16,-2.43826387e-18,0,0,0,-0.419809132,0.509897535,-0.0597563002,
163.28,object_red_01,RED,-0.251218842,0.210664263,0.0119470289,4.91198416e-18,8.40470327e-18,-4.54203317e-16,-5.20083961e-16,-5.15604735e-16,-1.56294209e-18,0,0,0,-0.419825313,0.509884212,-0.0597563002,
163.32,object_red_01,RED,-0.251218842,0.210664263,0.0119470289,3.66778253e-18,9.60098396e-18,-4.5777212e-16,-6.91462028e-16,-4.41355183e-16,-1.60236871e-18,0,0,0,-0.419839983,0.509872133,-0.0597563002,
163.36,object_red_01,RED,-0.251218842,0.210664263,0.0119470289,-8.86354087e-18,7.66584965e-18,-4.55987719e-16,-6.71983677e-16,-5.93856848e-16,-3.07621198e-18,0,0,0,-0.419853213,0.509861239,-0.0597563002,
163.4,object_red_01,RED,-0.251218842,0.210664263,0.0119470289,-9.00817496e-18,7.99301891e-18,-4.5777212e-16,-1.31429799e-15,4.49181773e-17,-2.93463227e-18,0,0,0,-0.419865076,0.50985147,-0.0597563002,
163.44,object_red_01,RED,-0.251218842,0.210664263,0.0119470289,-1.24323433e-17,8.77935782e-18,-4.55987719e-16,-1.00138772e-15,-2.0577477e-16,-3.75241662e-18,0,0,0,-0.419875644,0.509842766,-0.0597563002,
163.48,object_red_01,RED,-0.251218842,0.210664263,0.0119470289,-1.4259002e-17,8.05967257e-18,-4.5777212e-16,-4.98720609e-16,-4.59974483e-16,-3.80969968e-18,0,0,0,-0.419884992,0.509835068,-0.0597563002,
163.52,object_red_01,RED,-0.251218842,0.210664263,0.0119470289,-8.66096603e-18,9.06122002e-18,-4.5777212e-16,-1.11621573e-15,-4.94373309e-16,-4.04183343e-18,0,0,0,-0.419893192,0.509828314,-0.0597563002,
163.56,object_red_01,RED,-0.251218842,0.210664263,0.0119470289,-8.28892535e-18,7.93507815e-18,-4.5777212e-16,-1.2923063e-15,-4.38169334e-16,-3.38699547e-18,0,0,0,-0.419900319,0.509822445,-0.0597563002,
163.6,object_red_01,RED,-0.251218842,0.210664263,0.0119470289,-5.80625805e-19,1.71903525e-17,-4.55987719e-16,-1.00468647e-15,-5.601244e-16,-9.50176145e-19,0,0,0,-0.419906446,0.509817398,-0.0597563002,
163.64,object_red_01,RED,-0.251218842,0.210664263,0.0119470289,-3.70071405e-18,1.55954568e-17,-4.54203317e-16,-5.97369029e-16,-8.85574352e-16,-1.83226404e-18,0,0,0,-0.419911648,0.509813113,-0.0597563002,
163.68,object_red_01,RED,-0.251218842,0.210664263,0.0119470289,-4.65521186e-18,8.90569482e-18,-4.55987719e-16,-6.60987834e-16,7.52249352e-18,-1.38107092e-18,0,0,0,-0.419916001,0.509809528,-0.0597563002,
163.72,object_red_01,RED,-0.251218842,0.210664263,0.0119470289,-3.31037628e-18,1.13257018e-17,-4.61340922e-16,-8.68338016e-16,4.09920643e-16,-1.42594095e-18,0,0,0,-0.41991958,0.50980658,-0.0597563002,
163.76,object_red_01,RED,-0.251218842,0.210664263,0.0119470289,-3.70681307e-18,1.84367323e-17,-4.59556521e-16,-9.9479021e-16,5.40258812e-16,-1.67654162e-18,0,0,0,-0.41992246,0.509804208,-0.0597563002,
163.8,object_red_01,RED,-0.251218842,0.210664263,0.0119470289,-3.36918833e-18,1.97249341e-17,-4.66694126e-16,-8.48545498e-16,1.98178875e-16,-3.39365984e-18,0,0,0,-0.419924717,0.509802348,-0.0597563002,
163.84,object_red_01,RED,-0.251218842,0.210664263,0.0119470289,-3.28510888e-18,1.8622317e-17,-4.61340922e-16,-1.14527617e-15,-1.65032212e-18,-1.89020845e-18,0,0,0,-0.419926429,0.509800938,-0.0597563002,
163.88,object_red_01,RED,-0.251218842,0.210664263,0.0119470289,-4.15726982e-18,1.86305943e-17,-4.59556521e-16,-1.35561094e-15,1.33039016e-17,-1.74674644e-18,0,0,0,-0.419927671,0.509799915,-0.0597563002,
163.92,object_red_01,RED,-0.251218842,0.210664263,0.0119470289,-4.37073579e-18,1.86336438e-17,-4.59556521e-16,-1.36957376e-16,-7.97263296e-17,-2.60731503e-18,0,0,0,-0.419928521,0.509799215,-0.0597563002,
163.96,object_red_01,RED,-0.251218842,0.210664263,0.0119470289,-2.42166084e-18,1.92487743e-17,-4.59556521e-16,-8.12573383e-16,2.70698668e-16,-2.01220204e-18,0,0,0,-0.419929057,0.509798774,-0.0597563002,
164,object_red_01,RED,-0.251218842,0.210664263,0.0119470289,-4.85517283e-18,1.83273855e-17,-4.5777212e-16,-9.36512242e-16,2.60483947e-16,-1.55353058e-18,0,0,0,-0.419929356,0.509798527,-0.0597563002,
164.04,object_red_01,RED,-0.251218842,0.210664263,0.0119470289,-3.52994127e-18,1.96421615e-17,-4.61340922e-16,-9.32899322e-16,-1.36280061e-16,-1.09012792e-18,0,0,0,-0.419929497,0.509798411,-0.0597572513,
164.08,object_red_01,RED,-0.251218842,0.210664263,0.0119470289,-2.92526626e-18,1.92274277e-17,-4.5777212e-16,-7.5853667e-16,2.5242851e-16,-1.6155957e-18,0,0,0,-0.419929554,0.509798364,-0.059839762,
164.12,object_red_01,RED,-0.251218842,0.210664263,0.0119470289,-4.71228133e-18,1.93694479e-17,-4.55987719e-16,-1.14134909e-15,-2.39773524e-16,-1.47131972e-18,0,0,0,-0.419929576,0.509798346,-0.0602235992,
164.16,object_red_01,RED,-0.251218842,0.210664263,0.0119470289,-1.55211377e-18,1.93237052e-17,-4.59556521e-16,-8.30637983e-16,5.37363279e-17,-1.99231067e-18,0,0,0,-0.419929584,0.509798339,-0.0610629908,
164.2,object_red_01,RED,-0.251218842,0.210664263,0.0119470289,-4.306696e-18,2.10549577e-17,-4.59556521e-16,-1.03060524e-15,2.00328341e-16,-1.79980703e-18,0,0,0,-0.419929588,0.509798336,-0.062427959,
164.24,object_red_01,RED,-0.251218842,0.210664263,0.0119470289,-3.17750461e-18,1.89642982e-17,-4.61340922e-16,-9.03681797e-16,-7.17646954e-18,-1.95954843e-18,0,0,0,-0.419929589,0.509798335,-0.0643161357,
164.28,object_red_01,RED,-0.251218842,0.210664263,0.0119470289,-3.74035773e-18,2.00773707e-17,-4.5777212e-16,-8.9661304e-16,8.55230273e-17,-2.01220204e-18,0,0,0,-0.419929589,0.509798334,-0.0666669149,
164.32,object_red_01,RED,-0.251218842,0.210664263,0.0119470289,-4.98455935e-18,1.9699231e-17,-4.59556521e-16,-8.7305052e-16,1.00955865e-16,-9.24485252e-19,0,0,0,-0.41992959,0.509798334,-0.0693811944,
164.36,object_red_01,RED,-0.251218842,0.210664263,0.0119470289,-3.98475447e-18,1.98342809e-17,-4.64909725e-16,-9.75940193e-16,-6.49089403e-17,-1.05090479e-18,0,0,0,-0.41992959,0.509798334,-0.0723168915,
164.4,object_red_01,RED,-0.251218842,0.210664263,0.0119470289,-5.05259251e-19,1.95903198e-17,-4.61340922e-16,-9.37140576e-16,2.82456611e-16,-9.75205688e-19,0,0,0,-0.41992959,0.509798334,-0.0753218955,
164.44,object_red_01,RED,-0.251218842,0.210664263,0.0119470289,-2.13674912e-18,1.72687685e-17,-4.59556521e-16,-5.19455627e-16,7.91525562e-17,-1.27723901e-18,0,0,0,-0.41992959,0.509798334,-0.0782336214,
164.48,object_red_01,RED,-0.251218842,0.210664263,0.0119470289,-5.28428299e-18,1.93995074e-17,-4.61340922e-16,-9.31956821e-16,-2.14908928e-16,-1.21705619e-18,0,0,0,-0.41992959,0.509798334,-0.0809019132,
164.52,object_red_01,RED,-0.251218842,0.210664263,0.0119470289,-4.09627955e-18,1.86837429e-17,-4.63125323e-16,-9.70128105e-16,8.8303282e-17,-8.98336502e-19,0,0,0,-0.41992959,0.509798334,-0.0831891371,
164.56,object_red_01,RED,-0.251218842,0.210664263,0.0119470289,-3.57437705e-18,1.87281787e-17,-4.59556521e-16,-5.59668996e-16,1.72683491e-16,-1.54335596e-18,0,0,0,-0.41992959,0.509798334,-0.0850018356,
164.6,object_red_01,RED,-0.251218842,0.210664263,0.0119470289,-3.6458228e-18,1.74661156e-17,-4.59556521e-16,-7.74559184e-16,5.49218172e-17,-1.09244548e-19,0,0,0,-0.41992959,0.509798334,-0.0862863565,
164.64,object_red_01,RED,-0.251218842,0.210664263,0.0119470289,-3.62404056e-18,1.89115852e-17,-4.54203317e-16,-7.92780866e-16,5.31669003e-17,-3.16600292e-18,0,0,0,-0.41992959,0.509798334,-0.0870514945,
164.68,object_red_01,RED,-0.251218842,0.210664263,0.0119470289,-2.27397724e-18,1.8736456e-17,-4.61340922e-16,-9.88506871e-16,-2.13004825e-17,-2.49015439e-18,0,0,0,-0.41992959,0.509798334,-0.0873782368,
164.72,object_red_01,RED,-0.251218842,0.210664263,0.0119470289,-2.07009546e-18,1.97549936e-17,-4.59556521e-16,-1.13192408e-15,5.50495269e-18,-1.06255472e-18,0,0,0,-0.41992959,0.509798334,-0.0874344828,
164.76,object_red_01,RED,-0.251218842,0.210664263,0.0119470289,-3.81485299e-18,2.12514335e-17,-4.59556521e-16,-6.5988825e-16,-4.96644803e-17,-1.47254067e-18,0,0,0,-0.41992959,0.509798334,-0.0874340505,
164.8,object_red_01,RED,-0.251218842,0.210664263,0.0119470289,-4.10107164e-18,2.10793538e-17,-4.5777212e-16,-1.14276284e-15,2.31636427e-16,5.68028431e-19,0,0,0,-0.41992959,0.509798334,-0.0874340501,
